ticker,date,close,atr,c1,grav,grav_slope,grav_shift5atr,c2,volidx,volidx_slope,volidx_prev,c3,atr_pct,sd60_pct,vcp,vcp_slope,vcp_grade,c4,clock,theta,cycle,cyc_prog,cyc_days,c5,c5_days,hist,hist_prev,hist_trough,still_light,c6,dist_grav_pct,dist_grav_atr,lr_line,dist_lr_pct,dist_lr_atr,turnover20_m,bar_src,lr_dir,struct,mk,inBox,bars,score,symbol_used,lists
AWR,2026-09-16,87.17,1.61,True,88.13,0.145,0.21,True,93.0,0.26,92.8,True,1.85,1.19,62.2,8.3,C 基底修復,True,8:49,264.6,跌,120.0,14,True,0.0,-0.4238,-0.4757,-0.5383,True,True,-1.1,-0.6,88.06,-1.02,-0.55,16.9,OHLC,—,LH/LL,自然回檔,False,262,6,AWR,SubSector_R12+Combined_R22
THC,2026-09-16,265.78,8.61,True,266.11,0.704,0.32,True,76.8,0.67,76.1,True,3.24,3.1,75.7,5.3,A 待突破,True,8:49,264.6,跌,164.0,22,True,0.0,-2.0599,-2.4304,-3.6651,True,True,-0.12,-0.04,258.53,2.73,0.84,195.8,OHLC,—,HH/HL,次級回檔,True,262,6,THC,SubSector_R12
DIS,2026-09-16,106.99,2.27,True,105.99,0.56,1.03,True,89.5,0.15,89.4,True,2.12,1.72,53.0,-2.9,C 基底修復,True,7:55,237.4,跌,82.0,11,True,0.0,-0.3108,-0.352,-0.7072,True,True,0.94,0.44,109.2,-2.07,-0.97,835.1,OHLC,—,LH/LL,UT,False,262,6,DIS,SubSector_R12
MRK,2026-09-16,144.91,3.46,True,144.73,0.637,0.67,True,85.7,0.65,85.0,True,2.39,2.25,71.9,0.3,B 上升結構,True,7:34,227.1,跌,76.0,8,True,0.0,-1.4854,-1.5538,-1.5538,True,True,0.12,0.05,152.8,-5.44,-2.28,1586.4,OHLC,↓,LH/LL,DT,False,262,6,MRK,SubSector_R12+Combined_R22
HTO,2026-09-16,63.14,1.33,True,63.17,0.055,0.09,True,91.9,0.25,91.6,True,2.1,1.21,57.5,3.5,C 基底修復,True,7:27,223.3,跌,74.0,5,True,0.0,-0.2045,-0.2396,-0.4954,True,True,-0.04,-0.02,63.1,0.06,0.03,22.9,OHLC,—,HH/HL,DT,False,262,6,HTO,SubSector_R12+Combined_R22
WELL,2026-09-16,234.5,5.02,True,236.24,0.339,0.05,True,91.1,0.12,91.0,True,2.14,1.35,61.4,1.2,C 基底修復,True,6:53,206.4,跌,65.0,8,True,0.0,-0.6932,-0.762,-2.4457,True,True,-0.74,-0.35,240.31,-2.48,-1.16,571.7,OHLC,↓,LH/LL,DT,False,262,6,WELL,SubSector_R12
SENEA,2026-09-16,186.31,7.38,True,189.57,0.343,0.37,True,77.3,0.09,77.2,True,3.96,2.29,75.5,28.9,B 上升結構,True,6:42,201.2,跌,62.0,7,True,0.0,-2.5853,-2.7711,-2.7711,True,True,-1.75,-0.44,190.62,-2.31,-0.58,16.0,OHLC,↓,LH/LL,自然反彈,False,262,6,SENEA,Combined_R22
GBTG,2026-09-16,9.47,0.03,True,9.47,0.003,0.3,True,99.8,0.01,99.8,True,0.28,0.14,76.0,-0.3,A 待突破,True,8:49,264.6,跌,639.0,81,True,1.0,-0.004,-0.0041,-0.0242,True,True,0.05,0.18,9.46,0.11,0.38,16.6,OHLC,↑,HH/HL,UT,False,262,6,GBTG,10MA_R20_跌出
LYB,2026-09-16,64.9,2.23,True,63.92,0.165,0.33,True,80.7,0.13,80.6,True,3.43,2.17,59.3,2.5,C 基底修復,True,8:49,264.6,跌,102.0,15,True,1.0,-0.162,-0.2146,-0.3448,True,True,1.51,0.44,66.1,-1.85,-0.54,216.7,OHLC,—,LH/LL,自然反彈,True,262,6,LYB,SubSector_R12
NDSN,2026-09-16,309.02,6.6,True,317.71,0.073,0.21,True,89.9,0.04,89.9,True,2.14,1.62,71.6,-0.5,A 待突破,True,8:41,260.3,跌,95.0,11,True,1.0,-2.3642,-2.4995,-2.6695,True,True,-2.81,-1.32,311.56,-0.82,-0.38,132.0,OHLC,—,HH/HL,自然反彈,True,262,6,NDSN,SubSector_R12
JNJ,2026-09-16,267.28,5.39,True,266.91,0.536,0.34,True,90.8,0.42,90.4,True,2.02,1.55,78.2,1.3,A 待突破,True,6:28,193.9,跌,58.0,7,True,1.0,-1.0873,-1.1555,-1.7484,True,True,0.14,0.07,267.37,-0.03,-0.02,1625.8,OHLC,↑,HH/HL,自然回檔,False,262,6,JNJ,SubSector_R12+Combined_R22
CAG,2026-09-16,15.18,0.43,True,15.51,0.011,-0.01,True,83.8,0.71,83.1,True,2.82,2.19,33.2,12.0,C 基底修復,True,8:49,264.6,跌,123.0,12,True,2.0,-0.1466,-0.185,-0.2251,True,True,-2.16,-0.76,16.37,-7.84,-2.78,157.3,OHLC,—,LH/LL,UT,False,262,6,CAG,SubSector_R12
DHR,2026-09-16,208.36,5.78,True,207.83,0.876,0.4,True,82.5,0.01,82.5,True,2.77,2.48,56.2,-0.2,C 基底修復,True,8:49,264.6,跌,114.0,11,True,2.0,-0.9532,-1.3112,-2.1805,True,True,0.26,0.09,218.57,-4.9,-1.77,696.5,OHLC,—,LH/LL,自然反彈,True,262,6,DHR,SubSector_R12+RateHike_R2_受惠
LH,2026-09-16,324.51,8.4,True,324.86,0.596,0.23,True,88.0,0.44,87.6,True,2.59,1.57,67.8,1.4,A 待突破,True,8:49,264.6,跌,200.0,14,True,2.0,-2.3481,-3.0574,-4.2,True,True,-0.11,-0.04,307.42,5.27,2.04,224.8,OHLC,↑,HH/HL,UT,False,262,6,LH,Combined_R22
NWSA,2026-09-16,30.19,0.7,True,29.87,0.08,0.43,True,88.7,0.11,88.6,True,2.3,1.71,62.8,-1.9,A 待突破,True,8:49,264.6,跌,122.0,9,True,2.0,-0.1322,-0.1441,-0.2507,True,True,1.06,0.46,30.7,-1.69,-0.73,109.2,OHLC,—,LH/LL,自然反彈,False,262,6,NWSA,SubSector_R12+10MA_R20
WBD,2026-09-16,28.07,0.36,True,27.99,0.134,1.31,True,95.3,0.31,95.0,True,1.29,1.15,65.4,-0.8,C 基底修復,True,7:24,222.1,跌,73.0,10,True,2.0,-0.1199,-0.1272,-0.1402,True,True,0.29,0.23,28.6,-1.89,-1.47,480.8,OHLC,↓,LH/LL,DT,False,262,6,WBD,SubSector_R12
RNR,2026-09-16,328.43,6.31,True,325.62,0.313,0.14,True,91.0,0.16,90.9,True,1.92,1.59,65.2,-1.5,C 基底修復,True,6:30,195.0,跌,58.0,7,True,2.0,-0.4718,-0.513,-2.0223,True,True,0.86,0.45,331.25,-0.86,-0.45,85.8,OHLC,—,LH/LL,自然反彈,False,75,6,RNR,SubSector_R12+RateHike_R2_受惠
BFH,2026-09-16,107.85,3.73,False,107.9,-0.188,-0.13,True,80.9,0.01,80.9,True,3.46,2.12,75.9,-3.1,A 待突破,True,8:49,264.6,跌,205.0,21,True,0.0,-0.0131,-0.0173,-1.0195,True,True,-0.05,-0.01,108.01,-0.15,-0.04,51.9,OHLC,—,HH/HL,自然反彈,True,262,5,BFH,Combined_R22
CHEF,2026-09-16,109.68,4.33,False,111.31,-0.014,0.04,True,77.1,0.2,76.9,True,3.95,2.33,72.6,3.6,A 待突破,True,8:49,264.6,跌,179.0,23,True,0.0,-0.8619,-0.9269,-1.005,True,True,-1.48,-0.38,108.86,0.75,0.19,73.9,OHLC,—,HH/HL,自然反彈,False,262,5,CHEF,SubSector_R12
CORT,2026-09-16,111.81,4.6,True,114.68,0.122,0.2,True,67.8,0.72,67.1,False,4.12,3.93,75.8,-0.0,A 待突破,True,8:49,264.6,跌,122.0,15,True,0.0,-1.1862,-1.2721,-1.9139,True,True,-2.57,-0.62,117.84,-5.39,-1.31,98.9,OHLC,—,LH/LL,自然回檔,True,262,5,CORT,Combined_R22
CTAS,2026-09-16,199.46,3.78,False,201.73,-0.154,-0.43,True,90.6,0.02,90.6,True,1.9,1.7,50.1,-0.4,C 基底修復,True,8:49,264.6,跌,315.0,32,True,0.0,-0.5289,-0.5716,-1.8832,True,True,-1.14,-0.6,201.38,-0.96,-0.51,349.9,OHLC,—,LH/LL,DT,True,262,5,CTAS,SubSector_R12
JAZZ,2026-09-16,243.59,6.67,False,250.09,-0.601,-0.25,True,86.3,0.64,85.6,True,2.74,1.78,70.3,1.2,C 基底修復,True,8:49,264.6,跌,197.0,15,True,0.0,-0.5063,-0.6784,-2.0631,True,True,-2.67,-0.97,245.87,-0.94,-0.34,245.9,OHLC,—,LH/LL,自然回檔,True,262,5,JAZZ,Combined_R22
KNSA,2026-09-16,77.62,2.64,True,78.18,0.078,0.01,True,72.5,0.58,71.9,False,3.39,3.77,90.6,6.9,A 待突破,True,8:49,264.6,跌,198.0,24,True,0.0,-0.7223,-0.8782,-0.8782,True,True,-0.73,-0.21,78.47,-1.1,-0.32,39.5,OHLC,—,HH/HL,自然反彈,False,262,5,KNSA,Combined_R22
SNOW,2026-09-16,331.02,16.47,True,332.2,0.611,0.43,True,67.5,0.22,67.3,False,4.98,3.14,70.1,2.9,B 上升結構,True,8:49,264.6,跌,230.0,21,True,0.0,-2.016,-2.2222,-4.0714,True,True,-0.36,-0.07,356.47,-7.69,-1.54,1808.3,OHLC,↓,LH/LL,次級反彈,False,262,5,SNOW,AI_R13+SubSector_R12+Combined_R22
VRTX,2026-09-16,513.26,12.13,True,528.75,2.853,0.74,True,87.7,0.57,87.1,True,2.36,1.86,70.0,1.3,A 待突破,True,8:16,247.8,跌,88.0,8,True,0.0,-5.786,-5.9113,-5.9548,True,False,-3.02,-1.28,,,,488.2,OHLC,—,HH/HL,DT,False,262,5,VRTX,SubSector_R12+Combined_R22
URBN,2026-09-16,77.08,2.99,False,78.07,-0.032,0.01,True,76.4,1.04,75.3,True,3.87,2.55,64.5,2.3,C 基底修復,True,7:07,213.4,跌,69.0,6,True,0.0,-0.4615,-0.488,-0.6237,True,True,-1.28,-0.33,78.58,-1.95,-0.5,103.1,OHLC,↓,LH/LL,自然回檔,False,262,5,URBN,Combined_R22
KDP,2026-09-16,31.8,0.73,True,31.25,0.029,0.08,True,88.1,0.17,88.0,True,2.29,1.84,61.9,-3.8,C 基底修復,False,5:47,173.7,跌,47.0,5,True,0.0,-0.1118,-0.1251,-0.2574,True,True,1.72,0.75,31.6,0.63,0.27,282.6,OHLC,—,HH/HL,DT,False,262,5,KDP,SubSector_R12
ANET,2026-09-16,197.54,8.22,True,195.51,0.413,0.44,True,69.1,0.71,68.4,False,4.16,3.64,77.5,3.2,A 待突破,True,8:49,264.6,跌,262.0,20,True,1.0,-0.4128,-0.7974,-1.8891,True,True,1.03,0.25,200.68,-1.59,-0.38,949.9,OHLC,—,LH/LL,UT,True,262,5,ANET,AI_R13+SubSector_R12+Combined_R22
KHC,2026-09-16,24.73,0.69,False,25.02,-0.045,-0.68,True,84.8,0.82,83.9,True,2.8,2.02,40.2,2.8,C 基底修復,True,8:49,264.5,跌,97.0,8,True,1.0,-0.0846,-0.109,-0.2905,True,True,-1.17,-0.42,24.79,-0.24,-0.09,568.7,OHLC,—,HH/HL,DT,False,262,5,KHC,SubSector_R12
AMGN,2026-09-16,376.35,10.45,True,414.35,0.172,-0.02,True,84.5,0.71,83.8,True,2.78,2.09,35.1,-0.2,D 趨勢弱,True,8:49,264.6,跌,118.0,13,True,2.0,-8.4277,-8.9931,-9.2005,True,False,-10.1,-3.64,445.82,-18.46,-6.65,970.4,OHLC,↓,LH/LL,DT,False,262,5,AMGN,SubSector_R12
AVTR,2026-09-16,15.61,0.46,True,14.39,0.107,0.59,True,78.8,0.48,78.3,True,2.97,3.01,67.6,-1.3,E 延伸,True,8:49,264.6,跌,325.0,24,True,2.0,-0.0146,-0.0353,-0.117,True,False,7.8,2.63,14.81,5.12,1.73,114.3,OHLC,↑,HH/HL,UT,False,262,5,AVTR,10MA_R20
BMY,2026-09-16,63.6,1.41,False,65.41,-0.055,-0.05,True,89.1,0.14,88.9,True,2.22,1.72,59.5,-11.7,C 基底修復,True,8:49,264.6,跌,168.0,13,True,2.0,-0.5688,-0.5946,-0.6275,True,True,-2.85,-1.28,,,,499.7,OHLC,—,HH/HL,DT,False,262,5,BMY,SubSector_R12
CLDX,2026-09-16,38.71,1.48,True,40.72,0.006,0.16,True,76.4,0.8,75.6,True,3.83,2.59,56.0,1.5,C 基底修復,True,8:49,264.6,跌,139.0,20,True,2.0,-0.2324,-0.2935,-0.5898,True,False,-5.18,-1.35,40.04,-3.44,-0.9,27.6,OHLC,↓,LH/LL,自然反彈,False,262,5,CLDX,Combined_R22
MAN,2026-09-16,57.93,2.34,True,58.72,0.122,0.39,True,64.5,0.84,63.7,False,4.05,4.66,78.4,-2.3,A 待突破,True,8:49,264.6,跌,452.0,31,True,2.0,-0.8414,-0.9236,-1.164,True,True,-1.37,-0.34,60.27,-4.04,-1.0,46.0,OHLC,↑,HH/HL,UT,False,262,5,MAN,SubSector_R12
TGT,2026-09-16,154.68,4.26,True,158.11,0.176,0.31,True,84.9,0.42,84.5,True,2.75,2.04,76.2,-1.9,A 待突破,True,8:49,264.6,跌,145.0,12,False,2.0,-1.7752,-1.7534,-1.7752,False,True,-2.22,-0.81,164.44,-6.31,-2.29,664.6,OHLC,↓,LH/LL,DT,False,262,5,TGT,Combined_R22
TWLO,2026-09-16,238.88,10.87,True,231.98,1.997,0.51,True,66.1,0.03,66.0,False,4.55,3.84,81.5,-3.6,A 待突破,True,8:49,264.6,跌,190.0,19,True,2.0,-0.1521,-0.4447,-3.6314,True,True,2.89,0.63,240.48,-0.67,-0.15,397.7,OHLC,—,LH/LL,UT,True,262,5,TWLO,10MA_R20
WDAY,2026-09-16,187.76,8.5,True,193.67,0.581,0.63,True,64.7,0.61,64.1,False,4.53,4.14,61.5,0.8,C 基底修復,True,8:49,264.6,跌,129.0,16,True,2.0,-2.6263,-2.6636,-3.4876,True,True,-3.15,-0.7,194.21,-3.44,-0.76,667.8,OHLC,↓,LH/LL,自然回檔,False,262,5,WDAY,SubSector_R12
GIS,2026-09-16,36.81,1.16,True,38.49,0.038,-0.02,True,81.5,0.57,80.9,True,3.16,2.3,11.9,3.6,D 趨勢弱,True,8:44,261.8,跌,95.0,9,True,2.0,-0.4788,-0.5566,-0.6443,True,False,-4.57,-1.45,35.61,3.26,1.03,320.9,OHLC,—,HH/HL,自然反彈,False,262,5,GIS,SubSector_R12
PLTR,2026-09-16,174.34,7.33,True,173.23,2.46,1.17,True,63.7,1.07,62.6,False,4.2,4.67,62.1,0.3,B 上升結構,True,7:59,239.4,跌,83.0,11,True,2.0,-2.0073,-2.3919,-3.1552,True,True,0.64,0.15,172.73,0.92,0.22,5023.1,OHLC,—,HH/HL,自然反彈,False,262,5,PLTR,AI_R13+SubSector_R12+Combined_R22
MCK,2026-09-16,887.29,22.86,True,883.44,2.414,0.29,True,86.0,0.24,85.7,True,2.58,2.0,57.9,-5.4,C 基底修復,True,7:34,227.1,跌,76.0,6,False,2.0,-2.8207,-2.0958,-5.4753,False,True,0.43,0.17,910.95,-2.67,-1.03,807.0,OHLC,—,LH/LL,次級回檔,True,262,5,MCK,SubSector_R12
GILD,2026-09-16,147.68,3.45,True,142.39,0.666,0.77,True,88.2,0.17,88.0,True,2.34,1.79,64.1,0.6,A 待突破,True,6:39,199.6,跌,61.0,7,True,2.0,-0.726,-0.8516,-0.9237,True,False,3.58,1.53,145.68,1.35,0.58,789.2,OHLC,—,HH/HL,自然反彈,False,262,5,GILD,SubSector_R12+Combined_R22
SR,2026-09-16,79.9,1.74,True,82.09,0.039,0.01,True,91.0,0.16,90.8,True,2.18,1.34,17.9,0.0,D 趨勢弱,True,6:28,194.1,跌,58.0,6,False,2.0,-0.3598,-0.3225,-0.3598,False,True,-2.74,-1.26,80.86,-1.2,-0.55,40.6,OHLC,↓,LH/LL,DT,False,262,5,SR,SubSector_R12
HG,2026-09-16,35.17,0.88,False,35.21,-0.023,-0.25,True,88.8,0.1,88.7,True,2.49,1.5,55.0,-19.0,C 基底修復,True,6:22,190.8,跌,56.0,7,True,2.0,-0.0301,-0.0442,-0.2004,True,True,-0.11,-0.05,34.56,1.73,0.7,12.1,OHLC,↑,HH/HL,次級反彈,False,262,5,HG,Combined_R22
MEDP,2026-09-16,616.44,16.22,True,598.5,1.673,0.35,True,82.7,0.17,82.5,True,2.63,2.59,80.9,8.1,A 待突破,True,9:20,279.8,升,5.0,1,False,3.0,0.1296,-1.0592,,False,True,2.91,1.11,,,,126.3,OHLC,—,LH/LL,UT,False,262,5,MEDP,Combined_R22
BIIB,2026-09-16,216.01,5.81,True,214.32,0.492,0.37,True,83.2,0.45,82.7,True,2.69,2.45,77.8,-0.4,A 待突破,True,8:49,264.6,跌,122.0,7,False,3.0,-0.7933,-0.8098,-1.0556,True,True,0.78,0.29,222.25,-2.89,-1.07,156.0,OHLC,—,LH/LL,UT,False,262,5,BIIB,SubSector_R12
BLFS,2026-09-16,36.11,1.0,True,35.83,0.107,0.55,True,83.4,0.33,83.1,True,2.77,2.31,85.3,1.2,A 待突破,True,8:49,264.6,跌,187.0,14,False,3.0,-0.2262,-0.2828,-0.4556,True,True,0.78,0.28,34.92,3.3,1.19,31.9,OHLC,↑,HH/HL,自然反彈,False,262,5,BLFS,Combined_R22
MA,2026-09-16,567.75,9.31,True,576.92,0.053,0.04,True,93.3,0.02,93.3,True,1.64,1.33,63.2,-6.0,C 基底修復,True,8:49,264.6,跌,157.0,11,False,3.0,-3.2358,-3.2631,-4.315,True,True,-1.62,-0.99,578.9,-1.96,-1.2,1441.9,OHLC,—,LH/LL,自然回檔,False,262,5,MA,SubSector_R12+Combined_R22
MSFT,2026-09-16,490.3,10.83,True,496.16,0.287,1.35,True,85.0,0.09,84.9,True,2.21,2.56,66.7,-2.8,A 待突破,True,8:49,264.6,跌,150.0,21,False,3.0,-3.4756,-3.082,-3.9416,False,True,-1.2,-0.54,505.41,-3.08,-1.4,9890.5,OHLC,↓,LH/LL,DT,False,262,5,MSFT,AI_R13+SubSector_R12+Combined_R22
ROKU,2026-09-16,155.12,2.15,True,154.91,0.478,0.98,True,95.7,0.05,95.6,True,1.39,0.94,77.8,-2.0,A 待突破,True,8:49,264.6,跌,119.0,14,False,3.0,-0.6367,-0.6237,-1.0296,False,True,0.14,0.1,157.83,-1.75,-1.26,349.7,OHLC,—,LH/LL,自然反彈,False,262,5,ROKU,SubSector_R12
NFLX,2026-09-16,76.41,2.26,True,78.29,0.215,0.54,True,82.4,0.64,81.8,True,2.96,2.32,34.5,-0.2,D 趨勢弱,True,7:41,230.5,跌,78.0,8,False,3.0,-0.5425,-0.4696,-0.7485,False,True,-2.46,-0.83,79.84,-4.49,-1.52,2037.8,OHLC,—,HH/HL,DT,False,262,5,NFLX,SubSector_R12+Combined_R22
A,2026-09-16,153.69,4.35,True,151.16,0.402,0.3,True,85.8,0.03,85.8,True,2.83,1.78,79.0,4.4,A 待突破,True,6:58,209.1,跌,66.0,12,False,3.0,-0.5797,-1.0842,-1.8271,True,True,1.65,0.58,153.43,0.17,0.06,381.1,OHLC,—,HH/HL,自然反彈,False,262,5,A,SubSector_R12
CTSH,2026-09-16,61.85,2.23,True,60.27,0.476,0.78,True,75.0,0.19,74.8,True,3.61,3.07,30.9,-12.2,C 基底修復,True,6:16,187.8,跌,54.0,11,False,3.0,-0.481,-0.4973,-1.0182,True,True,2.55,0.71,58.2,5.9,1.64,353.0,OHLC,↑,HH/HL,自然回檔,False,262,5,CTSH,SubSector_R12+10MA_R20
ABBV,2026-09-16,262.51,5.74,True,255.78,0.828,0.24,True,89.7,1.11,88.5,True,2.19,1.63,75.3,0.6,A 待突破,True,9:30,285.0,升,8.0,1,False,4.0,0.1449,-0.0737,,False,True,2.56,1.17,261.72,0.3,0.14,1124.5,OHLC,—,LH/LL,自然反彈,False,262,5,ABBV,SubSector_R12+Combined_R22
DV,2026-09-16,13.49,0.13,True,13.28,0.031,1.83,True,90.5,0.23,90.3,True,0.96,2.66,70.8,0.5,A 待突破,True,8:49,264.6,跌,158.0,16,False,4.0,-0.056,-0.0587,-0.1649,True,True,1.56,1.62,13.34,1.11,1.16,47.4,OHLC,↑,HH/HL,UT,False,262,5,DV,10MA_R20
KO,2026-09-16,87.87,1.38,True,88.63,0.078,0.11,True,93.4,0.05,93.3,True,1.57,1.38,77.2,-0.5,A 待突破,True,8:49,264.6,跌,173.0,13,False,4.0,-0.2535,-0.2298,-0.4411,False,True,-0.87,-0.55,90.36,-2.83,-1.81,1317.7,OHLC,—,LH/LL,自然反彈,True,262,5,KO,SubSector_R12+Combined_R22
LILA,2026-09-16,8.74,0.24,True,8.54,0.013,0.31,True,79.6,0.84,78.7,True,2.73,3.09,88.2,-1.2,A 待突破,True,8:49,264.6,跌,359.0,26,False,4.0,-0.0143,-0.007,-0.0912,False,True,2.27,0.83,8.52,2.52,0.92,3.2,OHLC,—,HH/HL,UT,True,262,5,LILA,10MA_R20_跌出
SMTI,2026-09-16,35.1,0.38,True,34.48,0.018,1.0,True,89.5,0.33,89.1,True,1.09,2.77,81.8,-0.8,A 待突破,True,8:49,264.6,跌,267.0,22,False,7.0,-0.2301,-0.2413,-0.3321,True,True,1.78,1.64,34.62,1.37,1.26,10.2,OHLC,—,HH/HL,UT,True,262,5,SMTI,10MA_R20
ITGR,2026-09-16,126.11,0.76,True,125.49,0.105,1.89,True,92.0,0.14,91.9,True,0.6,2.68,85.5,-1.1,A 待突破,True,8:49,264.6,跌,246.0,20,False,8.0,-0.7787,-0.8078,-1.1148,True,True,0.49,0.81,124.84,1.01,1.67,96.3,OHLC,—,HH/HL,UT,True,262,5,ITGR,10MA_R20
MKTX,2026-09-16,163.35,0.86,True,162.68,0.031,0.69,True,88.4,0.23,88.1,True,0.53,3.56,55.1,0.0,C 基底修復,True,8:13,246.5,跌,87.0,20,False,9.0,-1.1279,-1.1863,-1.5588,True,True,0.41,0.78,162.97,0.23,0.44,154.9,OHLC,—,HH/HL,UT,True,262,5,MKTX,10MA_R20
RPRX,2026-09-16,58.47,1.53,True,59.98,0.077,0.06,True,87.2,0.44,86.8,True,2.62,1.7,55.2,-0.9,C 基底修復,True,7:53,236.4,跌,81.0,6,False,,-0.5731,-0.5722,-0.5731,False,True,-2.59,-0.99,64.38,-10.11,-3.85,177.3,OHLC,—,LH/LL,自然回檔,False,262,5,RPRX,Combined_R22
EL,2026-09-16,95.6,3.12,True,96.92,0.32,0.44,True,78.8,0.25,78.6,True,3.27,2.7,42.0,7.4,C 基底修復,True,7:03,211.4,跌,67.0,7,False,,-1.2852,-1.2041,-1.2852,False,True,-1.38,-0.42,103.86,-8.64,-2.64,369.9,OHLC,↓,LH/LL,DT,False,262,5,EL,SubSector_R12
TRGP,2026-09-16,284.77,7.52,True,286.5,1.372,0.52,True,85.7,0.05,85.6,True,2.64,2.0,75.2,1.0,A 待突破,True,6:34,197.2,跌,60.0,8,False,,-1.6514,-1.4523,-2.2924,False,True,-0.61,-0.23,296.06,-3.96,-1.5,323.5,OHLC,—,LH/LL,自然回檔,True,262,5,TRGP,Combined_R22
CNR,2026-09-16,94.01,3.27,True,95.07,0.438,0.74,True,79.8,0.37,79.5,True,3.48,2.3,55.1,3.6,C 基底修復,True,6:26,192.9,跌,57.0,8,False,,-1.1473,-1.0095,-1.1473,False,True,-1.13,-0.32,,,,45.7,OHLC,—,HH/HL,DT,False,262,5,CNR,SubSector_R12
PFE,2026-09-16,27.46,0.54,True,27.53,0.13,0.94,True,91.8,0.22,91.6,True,1.95,1.38,61.0,-0.3,C 基底修復,True,6:25,192.6,跌,57.0,7,False,,-0.2063,-0.1991,-0.2063,False,True,-0.24,-0.12,28.19,-2.66,-1.36,911.5,OHLC,↓,LH/LL,DT,False,262,5,PFE,SubSector_R12
AMRX,2026-09-16,18.08,0.61,False,17.7,-0.044,-0.42,False,80.3,-2.51,82.8,True,3.38,2.31,72.5,23.9,A 待突破,True,8:49,264.6,跌,311.0,33,True,0.0,-0.029,-0.1168,-0.2273,True,True,2.09,0.62,17.22,4.76,1.41,31.2,OHLC,↓,LH/LL,自然反彈,False,262,4,AMRX,Combined_R22
AXTI,2026-09-16,64.3,7.25,True,71.93,0.221,0.38,True,25.0,1.64,23.3,False,11.27,10.1,59.0,15.1,D 趨勢弱,True,8:49,264.6,跌,142.0,17,True,0.0,-0.2763,-0.6269,-2.4073,True,False,-11.87,-1.05,60.61,5.74,0.51,542.1,OHLC,↓,LH/LL,自然反彈,False,262,4,AXTI,AI_R13+Combined_R22
CWT,2026-09-16,48.05,0.98,False,49.81,-0.038,-0.36,True,91.7,0.29,91.4,True,2.04,1.31,39.0,2.9,C 基底修復,True,8:49,264.6,跌,567.0,39,True,0.0,-0.2656,-0.2757,-0.3644,True,False,-3.67,-1.8,50.85,-5.83,-2.85,24.5,OHLC,↓,LH/LL,DT,False,262,4,CWT,SubSector_R12
DECK,2026-09-16,77.96,2.66,False,87.2,-0.684,-1.35,True,79.7,0.35,79.3,True,3.41,2.39,1.5,1.5,D 趨勢弱,True,8:49,264.6,跌,308.0,40,True,0.0,-0.3196,-0.3385,-0.9693,True,False,-11.85,-3.47,85.81,-10.07,-2.95,233.8,OHLC,↓,LH/LL,DT,False,262,4,DECK,SubSector_R12
DOC,2026-09-16,20.35,0.39,False,20.97,-0.056,-0.77,True,92.2,0.33,91.9,True,1.94,1.29,51.6,2.2,C 基底修復,True,8:49,264.6,跌,128.0,11,True,0.0,-0.0539,-0.0692,-0.2453,True,False,-3.06,-1.58,21.28,-4.57,-2.36,85.2,OHLC,↓,LH/LL,DT,False,262,4,DOC,SubSector_R12
HALO,2026-09-16,108.44,2.74,True,103.27,0.656,1.12,False,82.0,-0.28,82.3,True,2.53,2.83,82.7,9.0,A 待突破,True,8:49,264.6,跌,116.0,13,True,0.0,-1.0608,-1.1605,-1.1605,True,False,4.76,1.89,106.25,2.02,0.8,162.3,OHLC,—,HH/HL,自然反彈,True,262,4,HALO,10MA_R20
HSY,2026-09-16,170.79,3.87,False,179.48,-0.127,-0.27,True,89.0,0.38,88.6,True,2.27,1.7,19.3,1.8,D 趨勢弱,True,8:49,264.6,跌,105.0,14,True,0.0,-0.8926,-0.9627,-1.5522,True,False,-5.09,-2.24,174.72,-2.3,-1.01,207.2,OHLC,↓,LH/LL,DT,False,262,4,HSY,SubSector_R12
NSIT,2026-09-16,165.19,5.61,True,152.23,1.876,1.21,False,79.6,-0.13,79.7,True,3.4,2.42,72.8,-4.3,E 延伸,True,8:49,264.6,跌,222.0,20,True,0.0,-0.1471,-0.3373,-1.3199,True,False,7.84,2.31,160.72,2.71,0.8,40.5,OHLC,↑,HH/HL,自然反彈,False,262,4,NSIT,10MA_R20
POOL,2026-09-16,167.76,5.76,False,186.75,-1.157,-0.77,True,79.9,0.06,79.8,True,3.43,2.33,3.1,2.4,D 趨勢弱,True,8:49,264.6,跌,161.0,22,True,0.0,-1.4569,-1.4671,-3.4563,True,False,-11.32,-3.3,195.99,-16.83,-4.9,108.6,OHLC,↓,LH/LL,DT,False,262,4,POOL,SubSector_R12
RCL,2026-09-16,253.92,7.74,False,282.63,-2.672,-1.68,True,83.9,0.2,83.7,True,3.05,1.95,5.0,0.0,D 趨勢弱,True,8:49,264.6,跌,253.0,26,True,0.0,-1.491,-1.9295,-4.1654,True,False,-11.31,-3.71,282.26,-11.16,-3.66,472.2,OHLC,↓,LH/LL,DT,False,262,4,RCL,SubSector_R12
SBGSY,2026-09-16,63.82,1.65,False,68.21,-0.05,-0.0,True,83.6,0.31,83.3,True,2.58,2.46,13.0,0.2,D 趨勢弱,True,8:49,264.6,跌,950.0,19,True,0.0,-0.6801,-0.6825,-0.6825,True,False,-6.88,-2.66,69.07,-8.23,-3.18,15.9,OHLC,↓,LH/LL,DT,False,75,4,SBGSY,AI_R13
SBUX,2026-09-16,97.34,2.44,False,104.52,-0.361,-0.51,True,89.3,0.15,89.1,True,2.51,1.39,30.8,0.9,C 基底修復,True,8:49,264.6,跌,123.0,12,True,0.0,-1.0162,-1.0737,-1.0737,True,False,-7.37,-2.94,105.85,-8.74,-3.48,595.2,OHLC,↓,LH/LL,DT,False,262,4,SBUX,SubSector_R12+Combined_R22
TTWO,2026-09-16,211.81,7.96,False,230.56,-0.807,-0.5,True,78.9,0.7,78.2,True,3.76,2.18,11.6,1.9,D 趨勢弱,True,8:49,264.6,跌,183.0,22,True,0.0,-0.4856,-0.5146,-2.869,True,False,-8.85,-2.36,222.91,-5.24,-1.39,566.8,OHLC,—,LH/LL,DT,True,262,4,TTWO,SubSector_R12
USFD,2026-09-16,92.51,2.99,False,103.72,-0.391,-0.56,True,83.2,0.38,82.8,True,3.24,1.89,27.0,0.6,D 趨勢弱,True,8:49,264.6,跌,137.0,19,True,0.0,-1.7495,-1.8196,-1.8196,True,False,-12.12,-3.74,109.62,-18.5,-5.71,191.7,OHLC,↓,LH/LL,DT,False,262,4,USFD,SubSector_R12
DLR,2026-09-16,181.07,5.2,False,189.64,-0.478,-0.28,True,83.5,0.61,82.9,True,2.87,2.2,40.2,12.5,C 基底修復,True,8:46,263.1,跌,96.0,20,True,0.0,-1.028,-1.0593,-1.5739,True,False,-4.73,-1.65,189.5,-4.66,-1.62,366.9,OHLC,↓,LH/LL,DT,False,262,4,DLR,AI_R13+SubSector_R12
LUNR,2026-09-16,13.87,1.0,True,16.59,0.096,0.41,True,49.9,1.13,48.8,False,7.21,4.75,20.3,-0.5,D 趨勢弱,True,8:34,257.1,跌,93.0,13,True,0.0,-0.1744,-0.1887,-0.2753,True,False,-19.6,-2.72,15.68,-13.05,-1.81,86.8,OHLC,↓,LH/LL,DT,False,262,4,LUNR,SubSector_R12
CDNS,2026-09-16,279.9,10.86,False,312.68,-2.134,-0.9,True,76.7,0.75,76.0,True,3.88,2.48,6.5,1.5,D 趨勢弱,True,7:22,220.9,跌,73.0,9,True,0.0,-2.8096,-3.4228,-5.1886,True,False,-11.71,-3.02,347.55,-24.17,-6.23,685.1,OHLC,↓,LH/LL,自然反彈,False,262,4,CDNS,AI_R13+SubSector_R12+Combined_R22+RateHike_R2_受惠
EQIX,2026-09-16,1016.16,28.91,False,1050.5,-0.355,-0.06,True,85.8,0.5,85.3,True,2.85,1.78,50.9,2.1,C 基底修復,True,6:59,209.4,跌,66.0,13,True,0.0,-4.5613,-5.2955,-6.6056,True,False,-3.38,-1.19,1043.06,-2.65,-0.93,528.7,OHLC,—,LH/LL,DT,True,262,4,EQIX,AI_R13+SubSector_R12
EE,2026-09-16,37.71,1.58,False,38.15,-0.089,-0.1,True,76.4,0.23,76.2,True,4.18,2.23,45.8,1.2,C 基底修復,False,5:34,166.8,跌,43.0,5,True,0.0,-0.3196,-0.3457,-0.5128,True,True,-1.17,-0.28,36.04,4.43,1.06,15.7,OHLC,↓,LH/LL,自然反彈,False,262,4,EE,SubSector_R12
PVLA,2026-09-16,151.43,6.83,True,151.45,0.218,0.16,True,60.6,0.8,59.8,False,4.51,5.01,76.3,-7.1,A 待突破,False,5:29,164.5,跌,41.0,6,True,0.0,-0.4147,-0.4296,-1.9346,True,True,-0.01,-0.0,152.22,-0.52,-0.12,30.3,OHLC,—,HH/HL,DT,True,262,4,PVLA,Combined_R22
LITE,2026-09-16,919.4,68.6,True,893.26,2.863,0.48,True,43.4,1.2,42.2,False,7.46,6.27,75.6,10.3,B 上升結構,False,5:15,157.5,跌,38.0,3,True,0.0,-6.4185,-9.1652,-11.5408,True,True,2.84,0.38,895.0,2.65,0.36,3760.8,OHLC,—,HH/HL,自然反彈,False,262,4,LITE,AI_R13+SubSector_R12+Combined_R22
PBF,2026-09-16,75.93,4.45,True,71.77,0.405,0.38,True,57.5,0.47,57.0,False,5.86,4.32,77.0,3.8,B 上升結構,False,5:09,154.5,跌,36.0,3,True,0.0,-0.3877,-0.4343,-1.0895,True,True,5.48,0.94,71.85,5.37,0.92,247.2,OHLC,↑,HH/HL,UT,False,262,4,PBF,Combined_R22+10MA_R20_跌出
DFIN,2026-09-16,48.91,1.62,False,48.47,-0.023,0.0,True,79.4,0.6,78.8,True,3.31,2.54,61.6,12.2,B 上升結構,False,4:45,142.5,跌,29.0,4,True,0.0,-0.0918,-0.1341,-0.5101,True,True,0.89,0.27,47.86,2.15,0.65,10.7,OHLC,—,HH/HL,次級反彈,True,262,4,DFIN,10MA_R20
WKC,2026-09-16,35.47,0.94,False,36.11,-0.183,-0.92,True,87.4,0.15,87.2,True,2.66,1.64,66.4,1.1,C 基底修復,True,9:27,283.3,升,7.0,1,False,1.0,0.0063,-0.0164,,False,True,-1.81,-0.68,34.89,1.64,0.61,32.3,OHLC,—,HH/HL,DT,True,262,4,WKC,Combined_R22
DD,2026-09-16,127.57,3.44,False,136.87,-0.402,-0.53,True,88.0,0.0,88.0,True,2.7,1.47,26.9,-3.6,D 趨勢弱,True,8:49,264.6,跌,233.0,21,True,1.0,-0.6156,-0.8199,-1.0861,True,False,-7.29,-2.7,138.8,-8.8,-3.26,150.3,OHLC,↓,LH/LL,自然反彈,False,262,4,DD,Combined_R22
FET,2026-09-16,81.62,3.64,True,80.11,0.565,1.14,False,66.1,-0.27,66.4,False,4.46,3.92,69.4,-3.2,A 待突破,True,8:49,264.6,跌,215.0,18,True,1.0,-0.6742,-0.6947,-1.3724,True,True,1.85,0.42,79.86,2.16,0.48,15.3,OHLC,—,HH/HL,自然回檔,True,262,4,FET,10MA_R20
KFY,2026-09-16,77.43,2.24,False,82.54,-0.179,-0.54,True,84.3,0.93,83.4,True,2.9,2.01,43.0,-0.1,C 基底修復,True,8:49,264.6,跌,360.0,27,True,1.0,-1.0371,-1.0735,-1.0873,True,False,-6.61,-2.28,76.63,1.03,0.36,35.2,OHLC,—,HH/HL,DT,False,262,4,KFY,Combined_R22
INGR,2026-09-16,98.48,1.94,False,103.3,-0.106,-0.06,True,92.4,0.12,92.2,True,1.97,1.23,12.1,0.6,D 趨勢弱,True,8:48,264.2,跌,97.0,15,True,1.0,-0.6228,-0.6339,-0.6673,True,False,-4.89,-2.48,102.24,-3.82,-1.94,55.9,OHLC,—,LH/LL,自然回檔,False,262,4,INGR,SubSector_R12
GEO,2026-09-16,31.43,1.14,False,31.36,-0.0,0.04,False,81.2,-0.02,81.3,True,3.64,1.86,76.0,-0.3,A 待突破,True,8:41,260.3,跌,95.0,11,True,1.0,-0.1027,-0.1236,-0.2097,True,True,0.22,0.06,30.53,2.86,0.79,70.3,OHLC,—,HH/HL,自然回檔,True,262,4,GEO,Combined_R22
DOW,2026-09-16,30.08,1.06,False,30.51,-0.004,-0.08,False,79.7,-0.07,79.7,True,3.51,2.29,18.4,-9.6,C 基底修復,True,8:31,255.3,跌,92.0,15,True,1.0,-0.0804,-0.1471,-0.2147,True,True,-1.42,-0.4,31.28,-3.99,-1.14,264.6,OHLC,↓,LH/LL,自然反彈,False,262,4,DOW,SubSector_R12
CNQ,2026-09-16,50.07,1.35,True,49.56,0.15,0.63,False,85.7,-0.92,86.6,True,2.69,1.96,67.4,7.5,A 待突破,True,7:09,214.4,跌,69.0,8,False,1.0,-0.2332,-0.1737,-0.2332,False,True,1.02,0.38,50.07,0.0,0.0,354.8,OHLC,—,HH/HL,自然回檔,True,262,4,CNQ,Combined_R22
RS,2026-09-16,394.3,11.41,False,401.23,-0.65,-0.18,True,85.4,0.13,85.3,True,2.89,1.79,57.3,0.7,C 基底修復,False,4:28,134.0,跌,24.0,3,True,1.0,-0.0514,-0.3546,-5.8201,True,True,-1.76,-0.61,380.1,3.6,1.25,135.1,OHLC,—,HH/HL,自然反彈,True,262,4,RS,SubSector_R12+RateHike_R2_受惠
AMN,2026-09-16,34.92,1.44,True,33.92,0.078,0.02,True,69.9,0.51,69.4,False,4.11,3.53,90.3,6.6,A 待突破,True,9:38,289.2,升,11.0,1,False,2.0,0.0238,-0.0522,,False,True,2.85,0.69,33.91,2.89,0.7,19.9,OHLC,↑,HH/HL,UT,False,262,4,AMN,Combined_R22
DT,2026-09-16,55.19,1.88,True,50.94,0.287,0.56,True,77.6,0.51,77.1,True,3.41,2.78,54.1,-12.9,E 延伸,True,9:25,282.6,升,7.0,1,False,2.0,0.1015,-0.0137,,False,False,7.7,2.26,50.86,7.85,2.3,333.5,OHLC,↑,HH/HL,UT,False,262,4,DT,10MA_R20
ABT,2026-09-16,102.36,2.57,False,109.48,-0.021,-0.17,True,86.2,0.35,85.9,True,2.51,2.01,22.7,6.0,C 基底修復,True,8:49,264.6,跌,115.0,14,True,2.0,-1.3502,-1.4884,-1.6482,True,False,-6.96,-2.77,113.91,-11.28,-4.49,781.3,OHLC,↓,LH/LL,DT,False,262,4,ABT,SubSector_R12
AON,2026-09-16,300.57,9.2,False,327.66,-3.267,-1.91,True,82.4,0.18,82.2,True,3.06,2.23,8.9,0.3,D 趨勢弱,True,8:49,264.6,跌,394.0,33,True,2.0,-2.8419,-3.0557,-4.3365,True,False,-9.01,-2.94,311.54,-3.65,-1.19,481.3,OHLC,↓,LH/LL,DT,False,262,4,AON,SubSector_R12
BSX,2026-09-16,43.91,1.73,False,48.05,-0.22,-0.24,True,77.1,0.77,76.4,True,3.94,2.34,0.4,0.4,D 趨勢弱,True,8:49,264.6,跌,186.0,17,True,2.0,-0.4817,-0.5505,-0.7453,True,False,-9.44,-2.39,45.05,-2.6,-0.66,938.4,OHLC,↓,LH/LL,自然回檔,False,262,4,BSX,SubSector_R12
CELH,2026-09-16,28.25,1.48,False,28.99,-0.013,-0.09,True,58.8,1.04,57.8,False,5.24,4.66,19.3,-0.7,D 趨勢弱,True,8:49,264.6,跌,97.0,10,True,2.0,-0.5042,-0.6022,-0.7418,True,True,-2.63,-0.5,27.63,2.19,0.42,224.4,OHLC,—,HH/HL,次級反彈,False,262,4,CELH,SubSector_R12
CHD,2026-09-16,95.51,1.93,False,99.22,-0.244,-0.44,True,91.3,0.34,90.9,True,2.03,1.43,37.4,15.0,C 基底修復,True,8:49,264.6,跌,274.0,12,True,2.0,-0.5429,-0.6988,-0.8335,True,False,-3.89,-1.92,99.12,-3.78,-1.87,175.5,OHLC,↓,LH/LL,DT,False,262,4,CHD,SubSector_R12
CL,2026-09-16,87.02,1.75,False,90.41,-0.205,-0.43,True,91.7,0.28,91.4,True,2.01,1.35,24.7,2.0,D 趨勢弱,True,8:49,264.6,跌,153.0,23,True,2.0,-0.2823,-0.3109,-0.4014,True,False,-3.9,-1.94,90.54,-4.05,-2.01,382.9,OHLC,↓,LH/LL,DT,False,262,4,CL,SubSector_R12
FATE,2026-09-16,2.44,0.14,False,2.55,-0.004,-0.03,True,54.3,1.26,53.0,False,5.91,4.99,60.2,3.4,C 基底修復,True,8:49,264.6,跌,218.0,23,True,2.0,-0.0043,-0.0122,-0.0946,True,True,-4.71,-0.8,2.5,-2.46,-0.42,2.7,OHLC,—,LH/LL,自然反彈,True,262,4,FATE,SubSector_R12
IMO,2026-09-16,130.3,3.55,True,131.87,0.242,0.26,False,86.9,-1.58,88.5,True,2.73,1.66,58.0,-11.0,A 待突破,True,8:49,264.6,跌,98.0,15,False,2.0,-0.3671,-0.2529,-0.8156,False,True,-1.2,-0.44,128.62,1.29,0.47,78.6,OHLC,—,HH/HL,次級回檔,True,262,4,IMO,Combined_R22
KMB,2026-09-16,98.1,2.44,False,105.21,-0.535,-1.32,True,87.7,0.24,87.4,True,2.49,1.74,12.8,1.2,D 趨勢弱,True,8:49,264.6,跌,128.0,13,True,2.0,-1.0056,-1.1115,-1.3186,True,False,-7.25,-2.91,109.29,-11.41,-4.58,430.2,OHLC,↓,LH/LL,DT,False,262,4,KMB,SubSector_R12
LHX,2026-09-16,250.74,6.13,False,267.75,-1.005,-0.97,True,87.0,0.57,86.4,True,2.45,1.94,5.1,4.5,D 趨勢弱,True,8:49,264.6,跌,162.0,21,True,2.0,-0.3113,-0.6994,-2.3914,True,False,-6.78,-2.77,269.5,-7.48,-3.06,403.3,OHLC,↓,LH/LL,自然反彈,False,262,4,LHX,SubSector_R12
MBX,2026-09-16,61.57,3.08,False,64.61,-0.547,-0.38,True,64.7,0.23,64.5,False,5.01,3.66,62.5,1.6,C 基底修復,True,8:49,264.6,跌,205.0,45,True,2.0,-0.4518,-0.6155,-1.2497,True,True,-4.94,-0.99,62.99,-2.31,-0.46,25.8,OHLC,—,LH/LL,自然反彈,True,262,4,MBX,Combined_R22
MDT,2026-09-16,92.6,2.3,True,91.62,0.239,0.49,False,88.0,-0.13,88.1,True,2.48,1.68,41.5,-0.5,C 基底修復,True,8:49,264.6,跌,156.0,15,False,2.0,-0.2001,-0.1742,-0.3946,False,True,1.06,0.43,90.96,1.77,0.71,754.6,OHLC,—,HH/HL,自然反彈,True,262,4,MDT,SubSector_R12+10MA_R20
REGN,2026-09-16,774.61,19.46,True,807.12,1.442,0.75,True,86.8,0.56,86.2,True,2.51,1.9,64.6,-0.5,A 待突破,True,8:49,264.6,跌,130.0,15,False,2.0,-10.1122,-9.9478,-10.1122,False,False,-4.2,-1.67,,,,472.4,OHLC,—,HH/HL,DT,False,262,4,REGN,SubSector_R12+Combined_R22
TEM,2026-09-16,69.97,4.38,True,62.64,0.595,0.64,True,50.9,1.25,49.7,False,6.26,5.45,47.5,5.5,E 延伸,True,8:49,264.6,跌,140.0,10,True,2.0,-0.0342,-0.4388,-1.8676,True,False,10.48,1.67,66.17,5.43,0.87,595.7,OHLC,↑,HH/HL,UT,False,262,4,TEM,Combined_R22
SPOT,2026-09-16,547.43,19.72,True,525.16,4.869,0.45,False,78.6,-0.31,78.9,True,3.6,2.41,44.7,-3.1,C 基底修復,True,8:48,263.8,跌,97.0,7,True,2.0,-0.8138,-0.8833,-4.0197,True,False,4.07,1.13,527.25,3.69,1.02,832.6,OHLC,↑,HH/HL,UT,False,262,4,SPOT,Combined_R22
ITIC,2026-09-16,299.43,7.78,True,293.82,0.212,0.15,False,88.3,-0.26,88.6,True,2.6,1.5,68.1,0.1,A 待突破,True,8:41,260.3,跌,95.0,11,False,2.0,-0.2153,-0.1026,-1.9785,False,True,1.87,0.72,299.59,-0.05,-0.02,22.6,OHLC,—,LH/LL,自然反彈,True,262,4,ITIC,10MA_R20
AXGN,2026-09-16,45.44,2.47,False,46.6,-0.035,-0.22,True,63.8,0.4,63.4,False,5.45,3.4,62.9,11.1,B 上升結構,True,8:05,242.3,跌,85.0,11,True,2.0,-0.7157,-0.8929,-1.1182,True,True,-2.55,-0.47,48.28,-6.25,-1.15,55.4,OHLC,↓,LH/LL,自然反彈,False,262,4,AXGN,Combined_R22
COR,2026-09-16,318.5,7.17,True,322.23,0.951,0.29,False,88.9,-0.02,88.9,True,2.25,1.73,40.0,-9.4,C 基底修復,True,7:58,239.0,跌,83.0,6,False,2.0,-1.5476,-1.2223,-1.5476,False,True,-1.17,-0.52,321.23,-0.86,-0.38,360.0,OHLC,↑,HH/HL,自然回檔,False,262,4,COR,SubSector_R12
CME,2026-09-16,272.46,5.81,True,274.36,0.447,0.37,False,89.6,-0.12,89.7,True,2.13,1.69,38.9,-0.2,C 基底修復,True,7:16,218.0,跌,71.0,8,False,2.0,-1.631,-1.3999,-1.631,False,True,-0.7,-0.33,280.46,-2.94,-1.38,517.3,OHLC,—,LH/LL,自然回檔,False,262,4,CME,SubSector_R12+Combined_R22
TEAM,2026-09-16,190.28,9.1,True,164.46,2.229,1.12,True,56.1,0.74,55.4,False,4.78,5.7,53.6,0.1,E 延伸,True,7:00,210.0,跌,67.0,8,True,2.0,-2.1817,-2.3358,-3.2459,True,False,13.57,2.84,186.44,2.02,0.42,712.1,OHLC,—,HH/HL,自然反彈,False,75,4,TEAM,SubSector_R12
CWST,2026-09-16,90.06,2.77,False,91.54,-0.012,0.05,True,84.0,0.07,83.9,True,3.08,1.9,34.9,-0.6,C 基底修復,True,6:28,194.1,跌,58.0,6,False,2.0,-0.3822,-0.3783,-1.2631,False,True,-1.64,-0.53,92.52,-2.73,-0.89,38.5,OHLC,↓,LH/LL,DT,False,262,4,CWST,SubSector_R12
NOW,2026-09-16,139.82,6.57,True,131.58,0.747,0.77,True,65.5,0.51,65.0,False,4.7,3.81,44.0,-1.3,E 延伸,True,6:22,190.8,跌,56.0,7,True,2.0,-0.639,-0.6761,-1.4944,True,False,5.89,1.25,136.72,2.22,0.47,2262.3,OHLC,—,HH/HL,自然反彈,False,262,4,NOW,AI_R13+SubSector_R12+Combined_R22+10MA_R20
MRNA,2026-09-16,145.62,11.61,True,140.54,0.503,0.27,True,23.5,0.62,22.9,False,7.97,14.33,65.1,0.6,E 延伸,True,6:09,184.5,跌,52.0,7,False,2.0,-2.7603,-2.7479,-2.7603,False,True,3.49,0.44,145.13,0.34,0.04,5091.9,OHLC,—,LH/LL,次級反彈,True,262,4,MRNA,Combined_R22
PG,2026-09-16,147.02,2.45,True,144.95,0.012,0.05,True,93.8,0.25,93.5,True,1.67,1.18,40.0,8.9,D 趨勢弱,False,10:26,312.8,升,24.0,3,False,3.0,0.2571,0.1817,,False,True,1.41,0.85,142.97,2.75,1.65,1337.0,OHLC,↑,HH/HL,次級反彈,False,262,4,PG,SubSector_R12
FR,2026-09-16,61.41,0.99,False,62.43,-0.205,-0.95,True,94.4,0.1,94.3,True,1.61,1.07,48.2,0.2,C 基底修復,True,9:35,287.3,升,10.0,1,False,3.0,0.0208,-0.0056,,False,True,-1.66,-1.03,61.13,0.46,0.28,48.0,OHLC,—,LH/LL,自然回檔,True,262,4,FR,SubSector_R12
KARO,2026-09-16,67.54,1.98,True,64.33,0.039,0.08,True,82.5,0.16,82.3,True,2.92,2.34,71.8,-0.7,E 延伸,True,9:31,285.4,升,9.0,1,False,3.0,0.0547,-0.0322,,False,False,4.76,1.63,63.82,5.51,1.88,3.7,OHLC,↑,HH/HL,UT,False,262,4,KARO,Combined_R22
CYRX,2026-09-16,16.51,0.65,True,15.74,0.046,0.17,True,76.6,0.38,76.3,True,3.91,2.46,78.9,-0.2,B 上升結構,True,9:26,283.1,升,7.0,1,False,3.0,0.0305,-0.0153,,False,False,4.67,1.19,16.72,-1.27,-0.33,8.9,OHLC,↓,LH/LL,自然反彈,False,262,4,CYRX,Combined_R22
CRVL,2026-09-16,71.23,2.14,True,67.43,0.408,0.87,True,84.2,0.44,83.7,True,3.01,1.93,51.4,1.9,B 上升結構,True,9:24,282.2,升,7.0,1,False,3.0,0.0042,-0.0367,,False,False,5.34,1.78,71.33,-0.14,-0.05,13.2,OHLC,—,LH/LL,UT,False,262,4,CRVL,10MA_R20
TMO,2026-09-16,648.43,15.87,True,610.58,3.534,0.65,True,87.2,0.16,87.1,True,2.45,1.88,60.4,-1.3,E 延伸,True,9:23,281.5,升,6.0,1,False,3.0,0.3401,-1.5113,,False,False,5.84,2.38,,,,1200.6,OHLC,—,LH/LL,UT,False,262,4,TMO,SubSector_R12+10MA_R20+RateHike_R2_受惠
ACN,2026-09-16,189.64,6.93,True,182.05,0.743,0.66,True,75.8,0.03,75.8,True,3.65,2.87,28.4,-2.2,D 趨勢弱,True,8:49,264.6,跌,126.0,11,False,3.0,-0.4579,-0.5002,-2.2022,True,False,4.0,1.09,181.38,4.36,1.19,879.6,OHLC,↑,HH/HL,自然回檔,False,262,4,ACN,AI_R13+SubSector_R12
ADP,2026-09-16,273.19,5.96,True,275.6,0.252,0.2,False,88.4,-0.04,88.4,True,2.18,1.91,69.2,-2.5,A 待突破,True,8:49,264.6,跌,147.0,11,False,3.0,-1.6653,-1.8359,-3.0643,True,True,-0.88,-0.41,266.06,2.61,1.2,550.5,OHLC,↑,HH/HL,自然反彈,False,262,4,ADP,SubSector_R12
CRCT,2026-09-16,5.59,0.21,True,5.73,0.023,0.38,True,71.5,0.43,71.1,False,3.81,3.53,64.7,-0.7,B 上升結構,True,8:49,264.6,跌,162.0,21,False,3.0,-0.0441,-0.047,-0.0776,True,True,-2.5,-0.66,5.73,-2.5,-0.66,4.1,OHLC,↓,LH/LL,自然反彈,False,262,4,CRCT,10MA_R20
DOCS,2026-09-16,25.94,1.25,True,27.07,0.066,0.3,True,60.5,0.75,59.7,False,4.83,4.7,35.0,-1.9,D 趨勢弱,True,8:49,264.6,跌,116.0,8,False,3.0,-0.1295,-0.1526,-0.3038,True,True,-4.35,-0.9,24.74,4.63,0.96,67.5,OHLC,↑,HH/HL,自然回檔,False,262,4,DOCS,SubSector_R12
DRI,2026-09-16,208.08,5.58,True,216.82,0.19,0.19,True,86.0,0.36,85.7,True,2.68,1.89,42.5,-0.7,C 基底修復,True,8:49,264.6,跌,143.0,15,False,3.0,-1.2426,-1.1409,-1.7262,False,False,-4.2,-1.57,218.57,-5.04,-1.88,207.8,OHLC,↓,LH/LL,DT,False,262,4,DRI,SubSector_R12
EHC,2026-09-16,123.91,2.7,True,121.87,0.509,0.56,False,88.1,-0.06,88.1,True,2.18,1.97,76.3,1.0,A 待突破,True,8:49,264.6,跌,135.0,20,False,3.0,-0.1438,-0.2822,-0.7783,True,True,1.65,0.76,119.57,3.5,1.61,97.9,OHLC,—,HH/HL,UT,True,262,4,EHC,SubSector_R12
ICE,2026-09-16,154.1,3.44,True,156.88,0.211,0.24,False,89.4,-0.43,89.9,True,2.23,1.63,42.7,-9.7,C 基底修復,True,8:49,264.6,跌,105.0,11,False,3.0,-1.1674,-1.0266,-1.1674,False,True,-1.8,-0.81,160.53,-4.17,-1.87,505.6,OHLC,↓,LH/LL,DT,False,262,4,ICE,SubSector_R12+Combined_R22
J,2026-09-16,143.49,3.25,True,146.55,0.201,0.42,False,89.8,-0.06,89.9,True,2.27,1.52,64.3,-0.9,B 上升結構,True,8:49,264.6,跌,114.0,12,False,3.0,-0.9857,-1.0915,-1.5828,True,True,-2.13,-0.94,142.86,0.44,0.19,110.4,OHLC,↑,HH/HL,UT,False,262,4,J,SubSector_R12
PAYX,2026-09-16,116.72,2.84,True,121.28,0.016,0.01,True,86.9,0.2,86.7,True,2.44,1.96,46.6,-19.4,C 基底修復,True,8:49,264.6,跌,140.0,11,False,3.0,-1.1441,-1.2322,-1.707,True,False,-3.91,-1.61,127.98,-9.65,-3.96,267.9,OHLC,↓,LH/LL,自然反彈,False,262,4,PAYX,SubSector_R12
PESI,2026-09-16,18.2,0.94,True,18.26,0.047,0.24,True,59.5,0.12,59.4,False,5.17,4.56,81.3,2.2,B 上升結構,True,8:49,264.6,跌,157.0,24,False,3.0,-0.0978,-0.0783,-0.3003,False,True,-0.35,-0.07,18.25,-0.27,-0.05,5.2,OHLC,—,HH/HL,自然回檔,True,262,4,PESI,10MA_R20_跌出
V,2026-09-16,370.93,6.01,True,370.53,0.198,0.2,False,93.7,-0.32,94.0,True,1.62,1.25,69.6,-1.3,C 基底修復,True,8:49,264.6,跌,140.0,10,False,3.0,-1.1021,-1.0344,-1.8904,False,True,0.11,0.07,377.17,-1.68,-1.04,2098.2,OHLC,—,LH/LL,UT,False,262,4,V,SubSector_R12+Combined_R22
KMX,2026-09-16,58.8,1.79,True,60.38,0.061,0.23,False,83.7,-0.12,83.8,True,3.04,1.98,62.3,-12.3,C 基底修復,True,8:08,244.0,跌,86.0,11,False,3.0,-0.5062,-0.4011,-0.5062,False,True,-2.69,-0.89,61.69,-4.91,-1.62,96.0,OHLC,↓,LH/LL,DT,False,262,4,KMX,Combined_R22
SMCI,2026-09-16,36.85,2.33,True,36.75,0.221,0.51,True,50.6,2.46,48.2,False,6.32,5.46,54.7,7.8,D 趨勢弱,True,7:34,227.1,跌,76.0,6,False,3.0,-0.4679,-0.4392,-0.4679,False,True,0.26,0.04,37.39,-1.47,-0.23,1347.7,OHLC,—,HH/HL,自然反彈,False,262,4,SMCI,AI_R13+SubSector_R12+Combined_R22+10MA_R20
MNDY,2026-09-16,94.06,5.53,True,90.41,0.035,0.03,True,57.2,0.71,56.5,False,5.88,4.36,42.1,-5.7,D 趨勢弱,True,7:25,222.6,跌,74.0,8,False,3.0,-0.2982,-0.5544,-1.8335,True,True,3.88,0.66,94.44,-0.4,-0.07,110.5,OHLC,—,HH/HL,自然回檔,False,262,4,MNDY,Combined_R22
T,2026-09-16,25.86,0.61,True,25.14,0.131,0.95,False,87.9,-1.42,89.4,True,2.35,1.83,47.7,-4.0,C 基底修復,True,7:03,211.4,跌,67.0,8,False,3.0,-0.0434,-0.0088,-0.1236,False,True,2.78,1.18,25.52,1.31,0.56,854.7,OHLC,↑,HH/HL,自然回檔,False,262,4,T,SubSector_R12+RateHike_R2_迴避
RGA,2026-09-16,248.09,4.53,True,246.13,0.568,0.41,False,92.4,-0.06,92.5,True,1.82,1.36,79.9,-0.3,A 待突破,True,6:47,203.3,跌,63.0,7,False,3.0,-0.5961,-0.5637,-1.267,False,True,0.79,0.43,244.48,1.46,0.8,72.2,OHLC,↑,HH/HL,自然回檔,False,262,4,RGA,10MA_R20_跌出
VZ,2026-09-16,49.76,1.0,True,49.17,0.153,0.79,False,90.2,-1.38,91.6,True,2.0,1.69,65.8,-4.9,C 基底修復,True,6:39,199.6,跌,61.0,8,False,3.0,-0.1138,-0.023,-0.1395,False,True,1.19,0.6,49.48,0.56,0.28,909.5,OHLC,↑,HH/HL,自然回檔,False,262,4,VZ,SubSector_R12+10MA_R20_跌出+RateHike_R2_迴避
TMUS,2026-09-16,176.26,4.96,True,180.74,0.041,0.18,False,81.9,-1.04,82.9,True,2.81,2.57,22.9,-1.1,D 趨勢弱,True,6:26,192.9,跌,57.0,6,False,3.0,-0.4154,-0.118,-1.458,False,True,-2.54,-0.9,177.21,-0.54,-0.19,705.4,OHLC,—,LH/LL,自然回檔,False,262,4,TMUS,SubSector_R12
AMT,2026-09-16,176.39,4.22,True,174.31,0.165,0.05,True,87.8,0.06,87.8,True,2.39,1.81,41.2,-11.6,D 趨勢弱,False,3:40,110.0,跌,11.0,1,False,3.0,-0.0056,0.038,-0.3027,False,True,1.18,0.49,172.92,1.97,0.82,361.8,OHLC,—,HH/HL,自然反彈,True,262,4,AMT,SubSector_R12
ISRG,2026-09-16,382.29,11.75,True,378.29,0.57,0.17,True,77.7,0.38,77.3,True,3.07,3.1,32.9,2.3,D 趨勢弱,False,10:54,326.8,升,32.0,3,False,4.0,1.7356,0.9353,,False,True,1.05,0.34,376.86,1.42,0.46,863.7,OHLC,—,LH/LL,UT,False,262,4,ISRG,AI_R13+SubSector_R12+Combined_R22
SAIC,2026-09-16,132.62,4.33,True,127.8,0.375,0.47,True,83.0,0.28,82.8,True,3.27,1.89,78.6,7.9,A 待突破,True,9:51,295.5,升,14.0,2,False,4.0,0.2495,0.2017,,False,False,3.64,1.11,125.96,5.02,1.54,68.5,OHLC,↑,HH/HL,UT,False,262,4,SAIC,10MA_R20
GM,2026-09-16,84.29,2.29,False,86.35,-0.119,-0.25,True,86.2,0.0,86.2,True,2.72,1.81,53.0,-10.1,C 基底修復,True,8:49,264.6,跌,179.0,25,False,4.0,-0.2592,-0.1726,-0.6992,False,True,-2.44,-0.9,87.16,-3.4,-1.25,509.2,OHLC,—,LH/LL,DT,True,262,4,GM,SubSector_R12
GSAT,2026-09-16,81.9,0.73,False,82.45,-0.072,0.12,True,97.7,0.07,97.7,True,0.9,0.74,88.8,-1.5,A 待突破,True,8:49,264.6,跌,118.0,20,False,4.0,-0.04,-0.0388,-0.2266,False,True,-0.67,-0.75,81.21,0.84,0.94,49.0,OHLC,—,HH/HL,自然回檔,True,262,4,GSAT,Combined_R22
HRTG,2026-09-16,34.96,1.12,True,33.83,0.164,0.84,True,77.3,0.64,76.7,True,3.21,3.04,81.7,1.2,A 待突破,True,8:49,264.6,跌,120.0,18,False,4.0,-0.1351,-0.1477,-0.2511,True,False,3.24,1.01,35.33,-1.06,-0.33,8.3,OHLC,—,LH/LL,UT,True,262,4,HRTG,10MA_R20
MNST,2026-09-16,44.57,0.99,False,45.83,-0.074,-0.64,True,89.9,0.45,89.5,True,2.22,1.54,58.3,2.4,C 基底修復,True,8:49,264.6,跌,101.0,12,False,4.0,-0.035,-0.1213,-0.4621,True,True,-2.83,-1.28,46.82,-5.05,-2.28,414.7,OHLC,↓,LH/LL,自然反彈,False,262,4,MNST,SubSector_R12
LLY,2026-09-16,1137.82,31.1,True,1188.22,2.631,0.04,True,84.8,0.45,84.3,True,2.73,2.08,59.2,1.6,C 基底修復,True,8:35,257.3,跌,93.0,15,False,4.0,-4.2116,-5.866,-10.8334,True,False,-4.43,-1.62,1179.11,-3.63,-1.33,2742.5,OHLC,—,LH/LL,自然反彈,True,262,4,LLY,SubSector_R12+Combined_R22
GLNG,2026-09-16,50.36,1.39,True,51.83,0.025,0.43,False,88.2,-0.02,88.2,True,2.76,1.37,32.9,-0.1,D 趨勢弱,True,8:09,244.3,跌,86.0,3,False,4.0,-0.2254,-0.1549,-0.2575,False,True,-2.91,-1.06,,,,61.0,OHLC,—,HH/HL,DT,False,75,4,GLNG,SubSector_R12
PM,2026-09-16,191.71,4.66,True,189.14,0.206,0.0,True,88.1,0.17,87.9,True,2.43,1.72,72.6,-2.5,A 待突破,False,10:33,316.5,升,26.0,3,False,5.0,0.5552,0.6044,,False,True,1.34,0.55,190.39,0.69,0.28,765.5,OHLC,—,LH/LL,UT,False,262,4,PM,SubSector_R12
TRV,2026-09-16,378.92,6.74,True,371.3,0.068,-0.24,True,91.0,0.13,90.9,True,1.78,1.73,76.7,-1.7,A 待突破,False,10:07,303.4,升,19.0,3,False,5.0,0.8505,0.6496,,False,True,2.01,1.13,373.82,1.35,0.76,557.0,OHLC,↑,HH/HL,UT,False,262,4,TRV,SubSector_R12+RateHike_R2_受惠
ANGO,2026-09-16,15.46,0.49,True,15.58,0.025,0.27,False,81.5,-0.22,81.7,True,3.16,2.3,84.8,-1.6,A 待突破,True,8:49,264.6,跌,353.0,19,False,5.0,-0.0803,-0.0889,-0.1622,True,True,-0.77,-0.24,16.29,-5.37,-1.7,5.1,OHLC,—,LH/LL,UT,False,262,4,ANGO,Combined_R22
NEM,2026-09-16,121.76,4.43,True,123.11,0.57,0.9,False,76.4,-0.9,77.3,True,3.64,2.78,70.1,2.3,B 上升結構,True,8:49,264.6,跌,107.0,11,False,5.0,-1.7257,-1.5648,-1.7257,False,True,-1.11,-0.3,122.63,-0.71,-0.2,976.9,OHLC,—,HH/HL,自然回檔,True,262,4,NEM,SubSector_R12+Combined_R22
PK,2026-09-16,14.88,0.43,True,15.25,0.002,0.04,False,86.2,-1.11,87.3,True,2.86,1.67,65.1,-12.7,C 基底修復,True,8:49,264.6,跌,110.0,12,False,5.0,-0.0825,-0.0642,-0.1174,False,True,-2.51,-0.88,15.56,-4.57,-1.6,52.6,OHLC,↓,LH/LL,DT,False,262,4,PK,Combined_R22
ET,2026-09-16,21.11,0.33,True,21.12,0.042,0.61,False,94.5,-0.22,94.7,True,1.57,1.08,77.0,-0.6,A 待突破,True,7:58,239.0,跌,83.0,9,False,5.0,-0.0734,-0.047,-0.0734,False,True,-0.05,-0.03,21.84,-3.46,-2.2,161.9,OHLC,—,LH/LL,自然回檔,False,262,4,ET,SubSector_R12
PANW,2026-09-16,375.65,18.7,True,359.72,0.376,0.24,True,63.7,0.46,63.2,False,4.98,3.9,75.6,2.0,B 上升結構,True,9:48,294.0,升,13.0,2,False,6.0,2.222,0.9463,,False,True,4.24,0.85,338.49,9.89,1.99,2452.0,OHLC,—,LH/LL,UT,False,262,4,PANW,AI_R13+SubSector_R12+Combined_R22
LILAK,2026-09-16,8.72,0.25,True,8.45,0.014,0.3,True,79.9,1.2,78.7,True,2.85,2.91,87.4,-0.4,A 待突破,True,8:49,264.6,跌,345.0,25,False,6.0,-0.0096,-0.0035,-0.0781,False,False,3.06,1.07,8.45,3.1,1.09,11.4,OHLC,—,HH/HL,UT,True,262,4,LILAK,10MA_R20_跌出
UHS,2026-09-16,181.21,5.76,True,172.99,0.555,0.38,True,83.2,0.08,83.1,True,3.18,1.95,28.7,-2.2,C 基底修復,True,9:29,284.7,升,8.0,1,False,7.0,0.2876,-0.1303,,False,False,4.54,1.43,168.72,6.89,2.17,117.4,OHLC,↑,HH/HL,UT,False,262,4,UHS,SubSector_R12
MRVL,2026-09-16,229.71,14.72,True,225.81,0.548,0.46,True,50.0,1.17,48.8,False,6.41,5.53,73.0,-1.8,C 基底修復,True,9:27,283.3,升,7.0,1,False,7.0,0.0675,-0.2707,,False,True,1.7,0.26,241.88,-5.3,-0.83,5434.7,OHLC,—,LH/LL,自然反彈,False,262,4,MRVL,AI_R13+SubSector_R12+Combined_R22
NHC,2026-09-16,225.36,6.91,True,223.35,0.616,0.04,True,83.4,0.08,83.3,True,3.06,2.02,88.0,-0.3,A 待突破,False,11:26,343.2,升,41.0,3,False,8.0,0.1831,0.2144,,False,True,0.89,0.29,219.88,2.43,0.79,20.6,OHLC,—,HH/HL,UT,True,262,4,NHC,Combined_R22
NTAP,2026-09-16,191.49,8.55,True,191.31,0.036,0.21,True,72.4,0.26,72.1,False,4.46,2.71,64.7,2.6,B 上升結構,True,8:49,264.6,跌,179.0,19,False,8.0,-0.198,-0.3763,-2.895,True,True,0.1,0.02,199.28,-4.07,-0.91,468.7,OHLC,↓,LH/LL,次級回檔,False,262,4,NTAP,AI_R13
CCJ,2026-09-16,90.9,3.69,True,98.93,0.093,0.49,True,75.0,0.17,74.9,True,4.06,2.62,17.7,-2.3,D 趨勢弱,True,6:46,203.1,跌,63.0,11,False,8.0,-1.3342,-1.1935,-1.3342,False,False,-8.84,-2.18,97.98,-7.79,-1.92,240.7,OHLC,↓,LH/LL,DT,False,262,4,CCJ,AI_R13+SubSector_R12+Combined_R22+RateHike_R2_迴避
TSM,2026-09-16,417.72,11.07,True,421.59,0.083,0.52,True,82.3,0.62,81.7,True,2.65,2.65,69.5,10.2,B 上升結構,False,4:13,126.5,跌,20.0,2,False,8.0,-0.6979,-0.3244,-4.6789,False,True,-0.93,-0.35,434.16,-3.94,-1.48,3957.3,OHLC,—,HH/HL,DT,False,262,4,TSM,AI_R13+SubSector_R12+Combined_R22+RateHike_R2_受惠
NVDA,2026-09-16,213.9,6.6,True,220.3,0.173,0.43,True,80.8,0.52,80.2,True,3.09,2.51,60.1,11.7,C 基底修復,False,5:30,165.0,跌,42.0,5,False,9.0,-1.6003,-1.566,-1.6003,False,True,-2.99,-0.97,208.93,2.32,0.75,27786.1,OHLC,—,HH/HL,DT,False,262,4,NVDA,AI_R13+SubSector_R12+Combined_R22
FBLA,2026-09-16,16.17,0.24,True,15.78,0.023,0.3,True,95.5,0.0,95.5,True,1.5,0.87,68.7,-1.6,A 待突破,False,12:40,20.2,升,61.0,7,False,9.0,0.0152,0.0058,,False,True,2.41,1.61,15.72,2.78,1.85,1.5,OHLC,↑,HH/HL,UT,False,262,4,FBLA,10MA_R20
OPHC,2026-09-16,9.09,0.45,True,9.23,0.029,0.82,True,65.4,0.0,65.4,False,4.91,3.62,74.1,-4.3,B 上升結構,True,8:49,264.6,跌,142.0,18,False,11.0,-0.0749,-0.0798,-0.1843,True,True,-1.52,-0.31,8.96,1.43,0.29,1.1,OHLC,—,HH/HL,次級反彈,True,262,4,OPHC,10MA_R20_跌出
AWK,2026-09-16,137.76,2.69,True,137.45,0.288,0.24,True,91.6,0.22,91.4,True,1.95,1.42,59.3,-1.3,C 基底修復,False,5:47,173.5,跌,46.0,4,False,12.0,-0.3278,-0.2532,-0.3389,False,True,0.22,0.11,137.27,0.36,0.18,270.2,OHLC,—,HH/HL,自然回檔,True,262,4,AWK,SubSector_R12
KMI,2026-09-16,30.73,0.75,False,31.57,-0.019,-0.18,True,89.8,0.11,89.7,True,2.44,1.35,25.0,1.3,D 趨勢弱,True,6:12,186.0,跌,53.0,6,False,14.0,-0.0995,-0.0958,-0.1423,False,True,-2.74,-1.13,32.33,-5.21,-2.14,360.9,OHLC,↓,LH/LL,DT,False,262,4,KMI,SubSector_R12
RGLD,2026-09-16,245.51,8.04,True,246.56,1.706,1.13,False,80.7,-1.4,82.1,True,3.28,2.33,52.2,3.2,C 基底修復,True,8:43,261.4,跌,95.0,10,False,,-3.6054,-3.2481,-3.6054,False,True,-0.43,-0.13,,,,159.8,OHLC,—,HH/HL,DT,False,262,4,RGLD,SubSector_R12
CAH,2026-09-16,232.54,5.17,True,237.05,0.088,0.17,True,90.4,0.37,90.1,True,2.22,1.42,61.8,0.0,C 基底修復,False,5:47,173.7,跌,47.0,5,False,,-1.168,-1.0203,-2.5571,False,True,-1.94,-0.87,228.46,1.75,0.79,335.0,OHLC,↑,HH/HL,自然回檔,False,262,4,CAH,SubSector_R12+Combined_R22
WTRG,2026-09-16,41.37,0.79,True,40.92,0.094,0.41,True,92.3,0.14,92.1,True,1.91,1.31,56.4,-1.2,C 基底修復,False,5:42,171.1,跌,45.0,4,False,,-0.0653,-0.0443,-0.0744,False,True,1.08,0.57,40.91,1.11,0.58,98.0,OHLC,—,HH/HL,自然回檔,True,262,4,WTRG,SubSector_R12
FCFS,2026-09-16,219.7,7.91,True,220.05,0.333,0.4,True,78.1,0.8,77.3,True,3.6,2.49,72.2,0.2,B 上升結構,False,4:09,124.7,跌,19.0,2,False,,-0.7374,-0.5451,-2.114,False,True,-0.16,-0.04,214.47,2.38,0.66,99.8,OHLC,↑,HH/HL,自然回檔,False,262,4,FCFS,Combined_R22+10MA_R20_跌出
MDGL,2026-09-16,529.09,19.03,True,526.52,1.304,0.74,True,77.1,0.74,76.3,True,3.6,2.69,53.2,3.3,C 基底修復,False,3:46,112.9,跌,13.0,2,False,,-1.3317,-1.0096,-9.1609,False,True,0.49,0.14,534.16,-0.96,-0.27,112.9,OHLC,—,HH/HL,DT,True,262,4,MDGL,SubSector_R12
TIGO,2026-09-16,95.55,2.91,True,95.11,0.07,0.06,True,79.8,0.19,79.6,True,3.04,2.74,79.4,0.1,A 待突破,False,2:49,84.6,升,157.0,10,False,,0.167,0.2155,,False,True,0.46,0.15,93.57,2.07,0.68,79.5,OHLC,—,HH/HL,自然反彈,True,262,4,TIGO,Combined_R22
AAOI,2026-09-16,96.74,9.59,False,124.39,-1.037,0.19,True,31.6,1.14,30.5,False,9.92,8.05,32.4,2.2,D 趨勢弱,True,8:49,264.6,跌,186.0,17,True,0.0,-1.1173,-1.208,-2.7348,True,False,-28.58,-2.88,105.36,-8.91,-0.9,703.5,OHLC,—,LH/LL,DT,True,262,3,AAOI,SubSector_R12+Combined_R22
ATI,2026-09-16,189.65,8.23,False,211.2,-0.065,0.14,True,73.5,0.58,72.9,False,4.34,2.62,49.6,0.9,D 趨勢弱,True,8:49,264.6,跌,139.0,19,True,0.0,-2.8464,-2.9757,-3.0525,True,False,-11.36,-2.62,210.65,-11.07,-2.55,359.3,OHLC,↓,LH/LL,DT,False,262,3,ATI,Combined_R22
AXON,2026-09-16,468.42,30.54,False,549.1,-9.66,-0.82,True,52.0,1.02,50.9,False,6.52,4.94,10.0,5.0,D 趨勢弱,True,8:49,264.6,跌,102.0,17,True,0.0,-11.532,-13.3891,-15.117,True,False,-17.22,-2.64,490.18,-4.65,-0.71,445.4,OHLC,↓,LH/LL,自然反彈,False,262,3,AXON,Combined_R22
BIRK,2026-09-16,30.44,1.4,False,36.21,-0.197,-0.75,True,70.5,1.18,69.4,False,4.6,2.93,10.0,0.0,D 趨勢弱,True,8:49,264.6,跌,125.0,20,True,0.0,-0.2044,-0.2562,-0.5497,True,False,-18.95,-4.12,36.18,-18.86,-4.1,75.9,OHLC,↓,LH/LL,DT,False,262,3,BIRK,Combined_R22
LWLG,2026-09-16,4.83,0.41,False,6.31,-0.154,-0.65,True,39.5,1.75,37.7,False,8.41,6.56,20.4,0.9,D 趨勢弱,True,8:49,264.6,跌,136.0,19,True,0.0,-0.0202,-0.0295,-0.1332,True,False,-30.67,-3.65,5.6,-15.94,-1.9,11.4,OHLC,↓,LH/LL,自然反彈,False,262,3,LWLG,AI_R13
MPWR,2026-09-16,1147.61,52.41,False,1286.36,-9.695,-0.78,True,67.6,0.49,67.1,False,4.57,3.52,25.0,0.1,D 趨勢弱,True,8:49,264.6,跌,138.0,20,True,0.0,-8.1419,-8.5726,-11.59,True,False,-12.09,-2.65,1234.46,-7.57,-1.66,680.8,OHLC,—,LH/LL,DT,True,262,3,MPWR,SubSector_R12+Combined_R22
OUST,2026-09-16,33.99,2.55,False,40.37,-0.472,-0.16,True,39.0,1.36,37.6,False,7.51,7.63,41.7,0.4,D 趨勢弱,True,8:49,264.6,跌,162.0,19,True,0.0,-0.125,-0.1754,-1.4584,True,False,-18.77,-2.5,36.54,-7.5,-1.0,69.1,OHLC,—,LH/LL,自然反彈,True,262,3,OUST,Combined_R22
PFGC,2026-09-16,91.06,2.6,False,103.23,-0.732,-1.37,False,85.9,-0.22,86.2,True,2.85,1.74,19.8,3.5,D 趨勢弱,True,8:49,264.6,跌,671.0,47,True,0.0,-0.7257,-0.8084,-1.4002,True,False,-13.36,-4.69,105.78,-16.17,-5.67,130.7,OHLC,↓,LH/LL,自然反彈,False,262,3,PFGC,SubSector_R12
QUBT,2026-09-16,8.0,0.41,False,8.5,-0.053,-0.06,True,61.2,1.15,60.0,False,5.11,4.28,14.6,1.3,D 趨勢弱,True,8:49,264.6,跌,203.0,17,True,0.0,-0.0084,-0.0206,-0.0753,True,False,-6.2,-1.21,8.22,-2.75,-0.54,52.3,OHLC,—,LH/LL,自然反彈,True,262,3,QUBT,SubSector_R12
SCCO,2026-09-16,189.88,8.69,False,201.12,-0.045,0.14,True,69.4,0.33,69.1,False,4.58,3.17,50.6,1.0,C 基底修復,True,8:49,264.6,跌,116.0,11,True,0.0,-2.9425,-2.9928,-2.9928,True,False,-5.92,-1.29,192.04,-1.14,-0.25,224.2,OHLC,↓,LH/LL,DT,False,262,3,SCCO,SubSector_R12
RCUS,2026-09-16,24.65,1.34,False,28.13,-0.199,-0.78,True,66.0,2.43,63.5,False,5.43,2.99,23.7,0.8,D 趨勢弱,True,8:20,250.0,跌,89.0,12,True,0.0,-0.6928,-0.7392,-0.7392,True,False,-14.1,-2.6,28.8,-16.84,-3.1,37.0,OHLC,↓,LH/LL,自然反彈,False,262,3,RCUS,Combined_R22
BEAM,2026-09-16,23.1,1.55,False,27.25,-0.157,-0.31,True,55.3,0.87,54.4,False,6.73,3.95,1.1,-2.0,D 趨勢弱,True,6:57,208.6,跌,66.0,7,True,0.0,-0.6555,-0.6601,-1.0454,True,False,-17.95,-2.67,,,,45.5,OHLC,—,HH/HL,DT,False,262,3,BEAM,SubSector_R12
ALAB,2026-09-16,269.18,22.74,False,300.61,-5.759,-0.35,True,39.5,1.87,37.6,False,8.45,6.53,31.6,-9.4,D 趨勢弱,True,6:08,183.9,跌,52.0,3,True,0.0,-1.6359,-1.9185,-15.926,True,False,-11.68,-1.38,304.09,-12.97,-1.54,916.2,OHLC,↓,LH/LL,自然反彈,False,262,3,ALAB,AI_R13+Combined_R22
JCI,2026-09-16,140.47,3.89,False,145.79,-0.458,-0.23,True,85.1,0.33,84.8,True,2.77,1.99,39.9,2.5,C 基底修復,False,4:32,136.0,跌,26.0,3,True,0.0,-0.2795,-0.31,-1.4224,True,False,-3.78,-1.37,145.41,-3.52,-1.27,448.7,OHLC,↓,LH/LL,自然回檔,False,262,3,JCI,SubSector_R12
OESX,2026-09-16,27.96,2.45,True,22.14,0.221,0.47,True,33.9,0.67,33.2,False,8.78,8.22,60.0,2.1,E 延伸,False,4:24,132.0,跌,23.0,3,True,0.0,-0.1233,-0.1338,-0.2065,True,False,20.8,2.37,27.6,1.29,0.15,3.0,OHLC,—,HH/HL,自然反彈,False,262,3,OESX,10MA_R20
CLF,2026-09-16,12.15,0.57,False,11.9,-0.001,0.13,True,64.8,0.29,64.5,False,4.73,3.91,58.1,1.5,C 基底修復,False,4:21,130.4,跌,22.0,3,True,0.0,-0.023,-0.0395,-0.1652,True,True,2.09,0.44,12.23,-0.66,-0.14,170.3,OHLC,—,HH/HL,自然反彈,True,262,3,CLF,SubSector_R12
GEV,2026-09-16,925.09,42.93,False,958.43,-4.735,-0.3,True,66.8,0.35,66.4,False,4.64,3.61,39.6,14.1,D 趨勢弱,False,4:10,125.0,跌,19.0,3,True,0.0,-0.7138,-2.534,-18.7858,True,True,-3.6,-0.78,953.83,-3.11,-0.67,1958.9,OHLC,↓,LH/LL,自然反彈,False,262,3,GEV,AI_R13+SubSector_R12+Combined_R22+RateHike_R2_受惠
JPM,2026-09-16,348.92,6.82,False,356.35,-0.392,-0.05,False,92.9,-0.38,93.2,True,1.95,1.12,59.6,-11.6,C 基底修復,True,8:49,264.6,跌,229.0,22,False,1.0,-1.234,-1.066,-1.8809,False,True,-2.13,-1.09,360.05,-3.19,-1.63,2221.2,OHLC,—,LH/LL,自然回檔,False,262,3,JPM,SubSector_R12+Combined_R22
TDW,2026-09-16,88.17,3.88,True,91.56,0.91,0.79,False,68.1,-1.48,69.6,False,4.4,3.6,54.6,-7.7,B 上升結構,True,8:49,264.6,跌,140.0,15,False,1.0,-1.2382,-1.0828,-1.2382,False,True,-3.85,-0.87,91.79,-4.11,-0.93,53.9,OHLC,—,LH/LL,自然回檔,False,262,3,TDW,SubSector_R12
NE,2026-09-16,44.34,1.75,True,45.05,0.186,0.61,False,74.4,-2.32,76.7,False,3.95,2.84,61.6,-2.1,B 上升結構,True,6:37,198.4,跌,60.0,8,False,1.0,-0.3126,-0.2475,-0.3591,False,True,-1.61,-0.41,44.37,-0.07,-0.02,51.1,OHLC,↑,HH/HL,次級回檔,False,262,3,NE,SubSector_R12
RIG,2026-09-16,5.54,0.27,True,5.75,0.012,0.39,False,68.5,-3.83,72.3,False,4.95,2.97,42.6,-6.3,C 基底修復,True,6:30,195.0,跌,58.0,7,False,1.0,-0.0447,-0.0338,-0.0554,False,True,-3.83,-0.77,5.6,-1.08,-0.22,227.3,OHLC,—,HH/HL,自然回檔,False,75,3,RIG,SubSector_R12
VAL,2026-09-16,82.52,3.97,True,85.74,0.132,0.34,False,70.0,-3.64,73.7,False,4.81,2.81,45.7,-4.9,C 基底修復,True,6:10,185.1,跌,53.0,7,False,1.0,-0.6644,-0.5197,-0.844,False,True,-3.9,-0.81,83.6,-1.31,-0.27,94.2,OHLC,—,HH/HL,自然回檔,False,262,3,VAL,SubSector_R12
PSX,2026-09-16,264.63,7.39,True,240.7,2.213,1.17,False,85.8,-0.1,85.9,True,2.79,1.83,69.9,3.3,E 延伸,False,5:34,166.8,跌,43.0,4,True,1.0,-0.2596,-0.2651,-1.4932,True,False,9.04,3.24,253.41,4.24,1.52,719.0,OHLC,↑,HH/HL,UT,False,262,3,PSX,SubSector_R12+RateHike_R2_受惠
CVE,2026-09-16,32.52,0.98,True,31.64,0.17,0.82,False,82.3,-1.62,84.0,True,3.0,2.29,87.9,8.2,A 待突破,False,4:53,146.5,跌,31.0,4,False,1.0,-0.0914,-0.0106,-0.1175,False,True,2.71,0.9,32.52,0.0,0.0,214.0,OHLC,—,HH/HL,自然回檔,True,262,3,CVE,Combined_R22
REFI,2026-09-16,11.01,0.2,True,10.6,0.037,0.88,True,92.7,0.88,91.8,True,1.82,1.29,21.0,0.8,D 趨勢弱,False,10:08,303.9,升,19.0,2,False,2.0,0.0086,0.0007,,False,False,3.75,2.06,10.7,2.82,1.55,1.9,OHLC,—,HH/HL,UT,True,262,3,REFI,10MA_R20
CTKB,2026-09-16,4.93,0.22,True,4.63,0.027,0.36,True,72.1,0.12,72.0,False,4.45,2.79,51.9,5.2,B 上升結構,True,9:58,298.8,升,16.0,2,False,2.0,0.0185,0.0093,,False,False,6.04,1.36,4.49,9.03,2.03,4.4,OHLC,—,HH/HL,UT,True,262,3,CTKB,10MA_R20
NEO,2026-09-16,18.94,0.81,True,17.25,0.118,0.87,True,69.0,0.48,68.5,False,4.29,3.53,75.0,0.0,E 延伸,True,9:52,296.2,升,15.0,2,False,2.0,0.0446,0.0093,,False,False,8.92,2.08,17.32,8.55,1.99,32.5,OHLC,↑,HH/HL,UT,False,262,3,NEO,Combined_R22
AMH,2026-09-16,31.38,0.56,False,33.26,-0.184,-0.94,False,93.4,-0.3,93.7,True,1.78,1.17,24.3,-0.2,D 趨勢弱,True,8:49,264.6,跌,127.0,14,True,2.0,-0.1963,-0.213,-0.2609,True,False,-6.0,-3.37,,,,67.3,OHLC,—,HH/HL,DT,False,262,3,AMH,SubSector_R12
CHWY,2026-09-16,20.91,1.09,False,22.64,-0.105,-0.46,True,66.2,0.52,65.6,False,5.23,3.15,9.5,-0.0,D 趨勢弱,True,8:49,264.6,跌,129.0,14,True,2.0,-0.3537,-0.3739,-0.4337,True,False,-8.29,-1.58,19.75,5.55,1.06,187.9,OHLC,—,HH/HL,自然回檔,False,262,3,CHWY,SubSector_R12
DUOL,2026-09-16,148.17,7.85,True,142.28,0.618,0.24,False,60.9,-0.8,61.7,False,5.3,4.14,39.6,-0.4,D 趨勢弱,True,8:49,264.6,跌,192.0,6,False,2.0,-0.6677,-0.5464,-1.4664,False,True,3.97,0.75,140.88,4.92,0.93,173.1,OHLC,↑,HH/HL,自然回檔,False,262,3,DUOL,AI_R13+Combined_R22
FBP,2026-09-16,27.65,0.53,False,28.42,-0.07,-0.48,False,92.5,-0.62,93.1,True,1.93,1.23,59.2,-2.5,C 基底修復,True,8:49,264.6,跌,211.0,30,False,2.0,-0.0577,-0.0446,-0.2538,False,True,-2.79,-1.45,28.77,-4.05,-2.1,32.9,OHLC,↓,LH/LL,DT,False,262,3,FBP,Combined_R22
GLPI,2026-09-16,40.35,0.8,False,42.3,-0.104,-0.76,True,91.8,0.01,91.8,True,1.98,1.36,14.1,1.9,D 趨勢弱,True,8:49,264.6,跌,129.0,14,False,2.0,-0.122,-0.1192,-0.1937,False,False,-4.84,-2.45,42.66,-5.72,-2.89,174.5,OHLC,↓,LH/LL,自然反彈,False,262,3,GLPI,SubSector_R12
INVH,2026-09-16,27.21,0.48,False,29.12,-0.107,-1.22,False,93.5,-0.46,94.0,True,1.76,1.15,21.4,-1.0,D 趨勢弱,True,8:49,264.6,跌,114.0,15,True,2.0,-0.1668,-0.1693,-0.2123,True,False,-7.01,-3.98,,,,115.8,OHLC,—,HH/HL,DT,False,262,3,INVH,SubSector_R12
IONQ,2026-09-16,36.84,2.52,False,41.16,-0.114,0.1,True,50.9,0.72,50.1,False,6.85,4.88,7.1,-10.1,D 趨勢弱,True,8:49,264.6,跌,130.0,15,True,2.0,-0.2699,-0.3001,-1.0711,True,False,-11.71,-1.71,40.47,-9.85,-1.44,678.9,OHLC,↓,LH/LL,自然反彈,False,262,3,IONQ,SubSector_R12+RateHike_R2_迴避
NKE,2026-09-16,35.78,0.98,False,39.2,-0.194,-0.86,True,85.5,0.44,85.0,True,2.74,1.94,6.5,2.6,D 趨勢弱,True,8:49,264.6,跌,353.0,34,False,2.0,-0.1704,-0.1488,-0.2221,False,False,-9.56,-3.49,39.6,-10.68,-3.9,980.1,OHLC,↓,LH/LL,DT,False,262,3,NKE,SubSector_R12+Combined_R22
PEP,2026-09-16,134.34,2.18,False,139.33,-0.108,-0.38,True,93.1,0.03,93.1,True,1.62,1.4,14.5,0.5,D 趨勢弱,True,8:49,264.6,跌,100.0,12,False,2.0,-0.6163,-0.5719,-0.6163,False,False,-3.71,-2.29,138.8,-3.32,-2.04,1010.1,OHLC,↓,LH/LL,DT,False,262,3,PEP,SubSector_R12
CRSP,2026-09-16,52.21,2.3,False,55.74,-0.017,0.26,True,70.4,0.52,69.9,False,4.4,3.15,26.8,-0.2,D 趨勢弱,True,8:30,255.0,跌,92.0,11,True,2.0,-0.7752,-0.8404,-1.6701,True,False,-6.76,-1.53,51.33,1.69,0.38,82.6,OHLC,—,HH/HL,自然回檔,False,75,3,CRSP,SubSector_R12
RVMD,2026-09-16,195.92,7.86,True,207.67,0.012,0.36,False,76.5,-2.07,78.6,True,4.01,2.39,65.6,-19.4,C 基底修復,True,8:02,241.0,跌,84.0,13,False,2.0,-2.179,-1.7328,-2.179,False,False,-6.0,-1.5,213.0,-8.72,-2.17,349.4,OHLC,↓,LH/LL,DT,False,262,3,RVMD,SubSector_R12+Combined_R22
NSC,2026-09-16,317.0,5.99,False,336.4,-0.433,-0.44,False,92.4,-0.2,92.6,True,1.89,1.31,35.0,-3.9,C 基底修復,True,7:56,238.2,跌,82.0,12,True,2.0,-2.5234,-2.6407,-3.056,True,False,-6.12,-3.24,355.99,-12.3,-6.51,371.4,OHLC,↓,LH/LL,DT,False,262,3,NSC,SubSector_R12+Combined_R22
AJG,2026-09-16,243.78,7.64,True,256.55,0.003,-0.14,False,81.7,-0.06,81.8,True,3.13,2.28,33.7,-1.4,C 基底修復,True,7:28,223.8,跌,74.0,11,False,2.0,-2.3282,-2.3091,-3.2277,False,False,-5.24,-1.67,253.3,-3.91,-1.25,337.6,OHLC,↓,LH/LL,DT,False,262,3,AJG,SubSector_R12
COIN,2026-09-16,164.51,11.99,True,172.09,0.307,0.38,False,49.4,-1.55,51.0,False,7.29,4.8,5.7,-4.3,D 趨勢弱,True,6:23,191.6,跌,56.0,6,False,2.0,-1.9316,-0.9979,-1.9316,False,True,-4.61,-0.63,191.45,-16.38,-2.25,1836.7,OHLC,↓,LH/LL,DT,False,262,3,COIN,SubSector_R12+Combined_R22+RateHike_R2_迴避
GWW,2026-09-16,1258.26,26.07,False,1297.83,-0.7,-0.59,True,91.2,0.09,91.1,True,2.07,1.4,45.4,-1.5,C 基底修復,True,6:12,186.0,跌,53.0,6,False,2.0,-3.4863,-2.8493,-14.6304,False,False,-3.14,-1.52,1330.62,-5.75,-2.78,288.4,OHLC,↓,LH/LL,DT,False,262,3,GWW,Combined_R22
RNG,2026-09-16,73.54,3.15,True,67.37,0.68,0.95,False,65.1,-0.4,65.5,False,4.29,4.29,73.0,-1.6,E 延伸,True,6:06,182.8,跌,52.0,7,True,2.0,-0.494,-0.6138,-0.8268,True,False,8.39,1.96,68.92,6.28,1.46,104.2,OHLC,↑,HH/HL,UT,False,262,3,RNG,10MA_R20
LRN,2026-09-16,82.04,2.56,True,82.98,0.218,-0.07,False,77.8,-0.32,78.1,True,3.12,3.03,33.3,-11.6,D 趨勢弱,False,5:36,168.1,跌,43.0,6,False,2.0,-0.2062,-0.1877,-0.8072,False,True,-1.14,-0.37,80.44,1.95,0.62,48.9,OHLC,—,HH/HL,自然反彈,False,262,3,LRN,SubSector_R12
TD,2026-09-16,120.6,2.09,True,120.58,0.034,0.09,False,93.3,-0.26,93.5,True,1.73,1.24,70.6,-11.8,C 基底修復,False,11:22,340.8,升,39.0,3,False,3.0,0.0259,0.0575,,False,True,0.02,0.01,118.56,1.69,0.98,243.1,OHLC,—,HH/HL,自然回檔,True,262,3,TD,Combined_R22
CNC,2026-09-16,66.01,2.49,True,65.83,0.133,0.41,False,78.0,-0.84,78.9,True,3.77,2.34,89.6,-3.6,A 待突破,False,10:48,324.0,升,30.0,3,False,3.0,0.124,0.2324,,False,True,0.27,0.07,63.89,3.21,0.85,266.2,OHLC,↑,HH/HL,自然回檔,False,262,3,CNC,SubSector_R12+Combined_R22
COKE,2026-09-16,198.67,6.27,True,190.96,0.724,0.28,True,82.0,0.11,81.9,True,3.16,2.19,54.6,-11.6,A 待突破,False,10:39,319.7,升,28.0,2,False,3.0,0.3903,0.2502,,False,False,3.88,1.23,199.15,-0.24,-0.08,91.4,OHLC,—,LH/LL,UT,False,262,3,COKE,10MA_R20
AIG,2026-09-16,76.07,1.33,False,76.49,-0.082,-0.46,True,93.1,0.21,92.9,True,1.75,1.27,27.4,0.6,D 趨勢弱,False,10:38,318.8,升,27.0,2,False,3.0,0.0707,0.038,,False,True,-0.56,-0.32,76.6,-0.7,-0.4,292.3,OHLC,↓,LH/LL,自然反彈,False,262,3,AIG,SubSector_R12
GOOGL,2026-09-16,342.87,8.23,False,344.91,-1.497,-0.35,True,85.9,0.45,85.4,True,2.4,2.2,56.4,-1.6,C 基底修復,False,10:31,315.5,升,25.0,3,False,3.0,0.9725,0.9149,,False,True,-0.6,-0.25,349.91,-2.05,-0.86,8222.6,OHLC,—,LH/LL,UT,False,262,3,GOOGL,AI_R13+SubSector_R12+Combined_R22
RUSHB,2026-09-16,53.9,1.89,True,52.1,0.033,-0.05,False,81.6,-0.54,82.2,True,3.51,1.92,74.7,-0.3,A 待突破,False,10:11,305.6,升,20.0,2,False,3.0,0.2992,0.1669,,False,True,3.34,0.95,51.82,3.86,1.1,6.2,OHLC,—,LH/LL,UT,False,262,3,RUSHB,Combined_R22
ZD,2026-09-16,58.75,1.64,True,55.51,0.202,0.42,False,85.2,-0.29,85.5,True,2.79,1.94,65.1,-7.3,E 延伸,True,9:59,299.7,升,16.0,2,False,3.0,0.2083,0.1408,,False,False,5.52,1.98,55.29,5.89,2.11,32.1,OHLC,↑,HH/HL,UT,False,262,3,ZD,Combined_R22
IOVA,2026-09-16,9.87,0.52,True,7.59,0.15,1.24,True,49.1,0.92,48.2,False,5.23,6.94,75.0,0.0,E 延伸,True,9:36,288.0,升,10.0,1,False,3.0,0.0122,-0.033,,False,False,23.06,4.41,8.14,17.53,3.35,147.5,OHLC,↑,HH/HL,UT,False,262,3,IOVA,SubSector_R12+Combined_R22+10MA_R20
W,2026-09-16,103.24,4.8,False,102.74,-1.859,0.14,True,60.7,0.23,60.5,False,4.65,4.84,69.5,1.2,B 上升結構,True,9:21,280.4,升,6.0,1,False,3.0,0.0871,-0.0305,,False,True,0.49,0.1,,,,231.7,OHLC,↓,LH/LL,自然反彈,False,262,3,W,SubSector_R12
ALRS,2026-09-16,33.04,0.69,False,33.27,-0.01,0.05,False,92.3,-0.35,92.6,True,2.1,1.12,84.6,-1.1,A 待突破,True,8:49,264.6,跌,367.0,28,False,3.0,-0.0353,-0.0227,-0.2241,False,True,-0.71,-0.34,33.6,-1.69,-0.81,4.4,OHLC,—,LH/LL,自然回檔,True,262,3,ALRS,Combined_R22
AMZN,2026-09-16,245.96,6.13,False,261.55,-1.619,-0.2,True,83.6,0.44,83.2,True,2.49,2.56,44.6,-1.8,C 基底修復,True,8:49,264.6,跌,147.0,22,False,3.0,-1.5387,-1.302,-1.9863,False,False,-6.34,-2.54,261.12,-6.16,-2.47,7847.5,OHLC,↓,LH/LL,DT,False,262,3,AMZN,AI_R13+SubSector_R12+Combined_R22
BXP,2026-09-16,64.04,1.6,False,67.57,-0.275,-0.98,True,87.9,0.04,87.8,True,2.49,1.7,43.7,2.4,C 基底修復,True,8:49,264.6,跌,126.0,11,False,3.0,-0.4409,-0.4934,-0.5728,True,False,-5.51,-2.21,63.19,1.33,0.53,76.0,OHLC,—,HH/HL,DT,False,262,3,BXP,SubSector_R12
CBL,2026-09-16,53.06,1.51,False,55.42,-0.189,-0.62,True,85.5,0.39,85.2,True,2.84,1.82,51.2,1.6,C 基底修復,True,8:49,264.6,跌,564.0,31,False,3.0,-0.221,-0.1764,-0.498,False,False,-4.45,-1.57,55.98,-5.49,-1.93,11.5,OHLC,—,LH/LL,DT,True,262,3,CBL,Combined_R22
CDNA,2026-09-16,53.55,2.25,True,48.88,0.211,0.8,True,61.9,0.86,61.0,False,4.2,5.04,75.0,0.0,E 延伸,True,8:49,264.6,跌,242.0,23,False,3.0,-0.1404,-0.2499,-0.4834,True,False,8.72,2.08,48.97,8.55,2.04,61.4,OHLC,↑,HH/HL,UT,False,262,3,CDNA,10MA_R20
COST,2026-09-16,893.74,15.31,False,935.62,-1.909,-0.59,True,93.2,0.13,93.1,True,1.71,1.28,12.7,-0.5,D 趨勢弱,True,8:49,264.6,跌,255.0,14,False,3.0,-3.504,-3.3076,-5.2789,False,False,-4.69,-2.74,921.99,-3.16,-1.85,1767.2,OHLC,↓,LH/LL,DT,False,262,3,COST,SubSector_R12+Combined_R22
DEO,2026-09-16,86.95,1.83,False,91.97,-0.014,-0.08,True,88.7,0.36,88.3,True,2.1,1.92,28.4,3.8,D 趨勢弱,True,8:49,264.6,跌,175.0,21,False,3.0,-0.6831,-0.7814,-1.1354,True,False,-5.77,-2.74,89.46,-2.89,-1.37,83.5,OHLC,↓,LH/LL,自然反彈,False,75,3,DEO,SubSector_R12
GPN,2026-09-16,86.49,2.79,True,90.29,0.08,0.18,False,80.0,-1.07,81.1,True,3.22,2.51,54.6,-13.9,C 基底修復,True,8:49,264.6,跌,121.0,15,False,3.0,-0.8786,-0.7807,-0.9946,False,False,-4.39,-1.36,90.19,-4.28,-1.33,214.7,OHLC,↓,LH/LL,DT,False,262,3,GPN,SubSector_R12
HD,2026-09-16,302.47,6.84,False,329.88,-1.457,-0.8,True,89.2,0.06,89.1,True,2.26,1.66,4.5,-0.6,D 趨勢弱,True,8:49,264.6,跌,137.0,23,False,3.0,-1.8099,-1.8397,-2.7987,True,False,-9.06,-4.01,344.3,-13.83,-6.12,1137.2,OHLC,↓,LH/LL,DT,False,262,3,HD,SubSector_R12
IP,2026-09-16,34.06,1.26,False,38.41,-0.316,-1.44,True,76.9,0.17,76.8,True,3.7,2.62,5.0,0.0,D 趨勢弱,True,8:49,264.6,跌,246.0,28,False,3.0,-0.4274,-0.5005,-0.6563,True,False,-12.76,-3.45,37.24,-9.34,-2.53,149.2,OHLC,↓,LH/LL,DT,False,262,3,IP,SubSector_R12
LOW,2026-09-16,194.1,4.58,False,209.38,-0.693,-0.59,True,88.7,0.27,88.4,True,2.36,1.67,4.9,0.9,D 趨勢弱,True,8:49,264.6,跌,100.0,18,False,3.0,-0.9499,-1.014,-1.9819,True,False,-7.87,-3.34,204.45,-5.33,-2.26,630.5,OHLC,↓,LH/LL,DT,False,262,3,LOW,SubSector_R12
LVS,2026-09-16,41.06,1.11,False,44.7,-0.221,-1.05,True,87.4,0.39,87.0,True,2.7,1.59,5.4,1.1,D 趨勢弱,True,8:49,264.6,跌,112.0,14,False,3.0,-0.3196,-0.2916,-0.3196,False,False,-8.86,-3.29,46.48,-13.2,-4.89,211.4,OHLC,↓,LH/LL,DT,False,262,3,LVS,SubSector_R12
MGA,2026-09-16,63.74,1.86,False,67.63,-0.28,-0.44,True,82.8,0.39,82.4,True,2.92,2.28,21.8,-0.6,D 趨勢弱,True,8:49,264.6,跌,142.0,17,False,3.0,-0.3229,-0.3063,-0.8026,False,False,-6.1,-2.09,65.68,-3.04,-1.04,78.1,OHLC,↓,LH/LL,DT,False,75,3,MGA,SubSector_R12
MHK,2026-09-16,127.7,4.05,False,132.16,-0.352,0.31,True,79.8,0.07,79.7,True,3.17,2.61,53.5,1.3,A 待突破,True,8:49,264.6,跌,156.0,20,False,3.0,-0.7467,-0.8101,-1.9008,True,False,-3.49,-1.1,133.63,-4.64,-1.46,118.4,OHLC,↓,LH/LL,自然反彈,False,262,3,MHK,SubSector_R12
SCI,2026-09-16,80.69,1.81,False,82.89,-0.217,-0.68,False,90.1,-0.08,90.2,True,2.24,1.48,48.4,0.9,C 基底修復,True,8:49,264.6,跌,266.0,27,False,3.0,-0.2339,-0.249,-0.5366,True,True,-2.73,-1.22,82.78,-2.59,-1.16,60.0,OHLC,—,LH/LL,自然反彈,True,262,3,SCI,SubSector_R12
SHOP,2026-09-16,129.96,6.18,True,144.2,1.368,0.41,True,64.9,0.65,64.3,False,4.75,3.87,6.6,2.5,D 趨勢弱,True,8:49,264.6,跌,475.0,19,False,3.0,-2.4283,-2.7193,-3.5855,True,False,-10.96,-2.31,133.89,-3.02,-0.64,992.9,OHLC,↓,LH/LL,自然回檔,False,75,3,SHOP,SubSector_R12
SYK,2026-09-16,284.76,10.37,False,311.78,-2.111,-1.18,True,77.0,0.17,76.9,True,3.64,2.66,0.9,0.9,D 趨勢弱,True,8:49,264.6,跌,275.0,23,False,3.0,-2.9313,-4.0772,-6.5941,True,False,-9.49,-2.61,330.69,-16.13,-4.43,823.8,OHLC,↓,LH/LL,自然反彈,False,262,3,SYK,SubSector_R12
TAP,2026-09-16,39.11,1.09,False,40.98,-0.104,-0.53,True,85.1,0.54,84.5,True,2.8,1.97,11.0,4.2,D 趨勢弱,True,8:49,264.6,跌,186.0,16,False,3.0,-0.1659,-0.2147,-0.3896,True,False,-4.78,-1.71,39.73,-1.59,-0.57,112.6,OHLC,↓,LH/LL,自然反彈,False,262,3,TAP,SubSector_R12
UNF,2026-09-16,266.12,6.27,False,279.72,-1.266,-0.88,True,91.4,0.24,91.1,True,2.35,1.07,41.4,-0.6,C 基底修復,True,8:49,264.6,跌,253.0,32,False,3.0,-1.3808,-1.3434,-1.9871,False,False,-5.11,-2.17,279.0,-4.84,-2.06,84.8,OHLC,—,LH/LL,自然回檔,False,262,3,UNF,Combined_R22
BDSX,2026-09-16,28.56,1.95,True,25.78,0.126,0.24,True,48.8,1.55,47.3,False,6.81,5.43,71.0,1.7,E 延伸,True,8:37,258.5,跌,94.0,11,False,3.0,-0.0361,-0.1142,-0.3588,True,False,9.74,1.43,25.39,11.1,1.63,3.5,OHLC,↑,HH/HL,UT,False,262,3,BDSX,10MA_R20
AEM,2026-09-16,195.57,7.66,True,196.05,1.134,0.8,False,73.4,-0.54,73.9,False,3.92,3.07,58.8,1.6,B 上升結構,True,8:30,255.0,跌,92.0,11,False,3.0,-2.9443,-2.9165,-2.9443,False,True,-0.24,-0.06,193.46,1.08,0.28,587.2,OHLC,—,HH/HL,次級回檔,True,75,3,AEM,SubSector_R12
ECL,2026-09-16,274.08,5.41,False,280.98,-0.198,-0.13,False,92.0,-0.08,92.0,True,1.97,1.32,47.9,-0.1,C 基底修復,True,8:11,245.7,跌,87.0,11,False,3.0,-1.0842,-1.1924,-1.9754,True,True,-2.52,-1.27,275.84,-0.64,-0.33,374.8,OHLC,—,HH/HL,DT,False,262,3,ECL,SubSector_R12
DASH,2026-09-16,196.76,7.51,False,216.28,-0.047,0.1,True,77.1,0.5,76.6,True,3.82,2.47,40.7,0.7,D 趨勢弱,True,7:46,233.1,跌,80.0,11,False,3.0,-4.0292,-4.2142,-4.9417,True,False,-9.92,-2.6,191.74,2.55,0.67,732.2,OHLC,—,HH/HL,DT,False,262,3,DASH,Combined_R22
APPF,2026-09-16,221.17,8.9,True,212.63,1.156,0.6,False,73.1,-0.33,73.5,False,4.03,3.01,49.9,-3.5,C 基底修復,True,7:21,220.3,跌,72.0,9,False,3.0,-1.4989,-1.8507,-3.9525,True,True,3.86,0.96,205.65,7.02,1.74,72.5,OHLC,↑,HH/HL,自然回檔,False,262,3,APPF,10MA_R20
LIN,2026-09-16,462.09,7.77,False,480.96,-0.517,-0.5,True,93.2,0.1,93.1,True,1.68,1.32,33.1,1.4,D 趨勢弱,True,7:18,219.2,跌,72.0,7,False,3.0,-1.3751,-1.5017,-3.829,True,False,-4.08,-2.43,460.2,0.41,0.24,867.4,OHLC,—,HH/HL,DT,False,262,3,LIN,AI_R13+SubSector_R12
F,2026-09-16,13.35,0.43,False,13.98,-0.035,-0.62,True,83.0,0.13,82.9,True,3.22,1.94,19.7,-0.3,D 趨勢弱,True,6:47,203.7,跌,63.0,6,False,3.0,-0.0616,-0.0401,-0.0857,False,False,-4.75,-1.47,14.26,-6.82,-2.12,597.6,OHLC,↓,LH/LL,DT,False,262,3,F,SubSector_R12
NVR,2026-09-16,6186.43,149.84,False,6300.67,-0.889,-0.1,False,87.7,-0.2,87.9,True,2.42,1.8,13.4,-1.1,D 趨勢弱,True,6:32,196.1,跌,59.0,8,False,3.0,-6.8128,-6.2595,-52.8921,False,True,-1.85,-0.76,6433.74,-4.0,-1.65,218.5,OHLC,↓,LH/LL,自然反彈,False,262,3,NVR,SubSector_R12
SPT,2026-09-16,11.27,0.55,True,10.43,0.058,0.55,True,60.5,0.95,59.5,False,4.85,4.69,41.1,-1.0,E 延伸,True,6:14,186.9,跌,54.0,7,False,3.0,-0.0545,-0.06,-0.1462,True,False,7.43,1.53,10.13,10.12,2.09,14.9,OHLC,↑,HH/HL,自然回檔,False,262,3,SPT,10MA_R20
DAN,2026-09-16,29.96,1.01,True,30.25,0.102,0.5,False,79.1,-0.26,79.4,True,3.36,2.55,41.1,6.0,C 基底修復,False,5:48,174.2,跌,47.0,6,False,3.0,-0.164,-0.1279,-0.164,False,True,-0.96,-0.29,29.9,0.2,0.06,38.1,OHLC,—,HH/HL,DT,False,262,3,DAN,10MA_R20_跌出
PGR,2026-09-16,216.99,4.31,True,215.74,0.309,0.17,False,87.8,-0.37,88.2,True,1.99,2.22,52.6,-2.2,C 基底修復,False,5:48,174.0,跌,47.0,7,False,3.0,-0.2089,-0.0316,-3.4453,False,True,0.58,0.29,222.08,-2.35,-1.18,428.8,OHLC,—,LH/LL,次級反彈,False,262,3,PGR,SubSector_R12
OKE,2026-09-16,92.7,2.56,True,93.96,0.487,0.55,False,86.7,-0.49,87.2,True,2.76,1.67,63.5,-4.7,C 基底修復,False,4:19,129.5,跌,22.0,2,False,3.0,-0.3607,-0.1351,-0.6016,False,True,-1.36,-0.49,99.3,-7.12,-2.58,305.2,OHLC,—,LH/LL,自然回檔,False,262,3,OKE,SubSector_R12
HGTY,2026-09-16,13.9,0.51,True,13.17,0.036,0.22,True,77.3,0.32,77.0,True,3.69,2.57,58.9,-1.3,E 延伸,False,10:44,322.0,升,29.0,3,False,4.0,0.023,0.0219,,False,False,5.25,1.42,,,,7.8,OHLC,—,LH/LL,UT,False,262,3,HGTY,10MA_R20
CB,2026-09-16,341.53,5.52,False,343.43,-0.149,-0.34,True,92.7,0.06,92.7,True,1.62,1.49,54.3,0.4,C 基底修復,False,10:43,321.4,升,29.0,3,False,4.0,0.3371,0.2381,,False,True,-0.56,-0.34,347.04,-1.61,-1.0,544.8,OHLC,↓,LH/LL,DT,False,262,3,CB,SubSector_R12
CLH,2026-09-16,318.96,6.69,True,317.14,0.5,-0.03,False,90.8,-0.15,91.0,True,2.1,1.46,77.0,-0.8,A 待突破,False,10:41,320.5,升,28.0,4,False,4.0,0.0482,0.1785,,False,True,0.57,0.27,314.0,1.56,0.74,122.7,OHLC,—,HH/HL,UT,True,262,3,CLH,SubSector_R12+10MA_R20
WST,2026-09-16,362.01,8.49,True,349.07,0.672,0.38,True,89.1,0.11,89.0,True,2.34,1.59,84.0,-0.8,A 待突破,False,10:25,312.4,升,24.0,3,False,4.0,2.3594,1.909,,False,False,3.57,1.52,,,,185.9,OHLC,—,LH/LL,UT,False,262,3,WST,Combined_R22
OSPN,2026-09-16,17.86,0.58,True,16.5,0.091,0.59,True,82.0,0.6,81.4,True,3.22,2.14,59.4,-3.1,E 延伸,False,10:16,308.2,升,21.0,4,False,4.0,0.1551,0.1315,,False,False,7.62,2.37,16.1,9.85,3.06,7.1,OHLC,↑,HH/HL,UT,False,262,3,OSPN,10MA_R20
MET,2026-09-16,97.23,1.86,True,96.64,0.081,0.06,False,91.7,-0.36,92.1,True,1.91,1.44,82.9,-1.0,A 待突破,False,10:15,307.4,升,21.0,2,False,4.0,0.0326,0.0626,,False,True,0.6,0.32,95.5,1.78,0.93,286.4,OHLC,—,HH/HL,UT,True,262,3,MET,SubSector_R12+Combined_R22
GL,2026-09-16,172.98,3.66,False,176.47,-0.339,-0.47,False,90.7,-0.28,91.0,True,2.11,1.47,59.1,0.5,C 基底修復,True,9:59,299.4,升,16.0,2,False,4.0,0.1471,0.0609,,False,True,-2.01,-0.95,176.99,-2.32,-1.1,72.1,OHLC,—,LH/LL,自然反彈,False,262,3,GL,Combined_R22
DKNG,2026-09-16,24.33,1.08,True,24.17,0.027,0.08,False,69.7,-0.19,69.9,False,4.45,3.25,21.2,-8.1,D 趨勢弱,True,9:45,292.3,升,12.0,2,False,4.0,0.0201,0.0239,,False,True,0.64,0.15,23.95,1.56,0.35,222.5,OHLC,—,HH/HL,自然回檔,True,262,3,DKNG,SubSector_R12
HIW,2026-09-16,30.7,0.69,False,31.1,-0.095,-1.27,False,90.2,-0.27,90.4,True,2.23,1.47,51.6,1.7,C 基底修復,True,9:41,290.6,升,11.0,1,False,4.0,0.0012,-0.009,,False,True,-1.31,-0.59,31.19,-1.6,-0.71,32.0,OHLC,—,LH/LL,自然反彈,True,262,3,HIW,SubSector_R12
UBSI,2026-09-16,47.32,0.78,False,47.82,-0.087,-0.37,False,94.5,-0.54,95.0,True,1.65,1.02,55.9,-11.5,C 基底修復,True,9:38,289.1,升,11.0,2,False,4.0,0.0047,0.0138,,False,True,-1.05,-0.64,48.03,-1.5,-0.91,41.7,OHLC,—,LH/LL,UT,True,262,3,UBSI,Combined_R22
TPR,2026-09-16,117.94,4.07,False,130.65,-0.722,-0.92,True,76.1,0.38,75.8,True,3.45,3.02,7.1,0.3,D 趨勢弱,True,9:27,283.4,升,7.0,1,False,4.0,0.1531,-0.082,,False,False,-10.78,-3.12,132.26,-12.14,-3.52,393.4,OHLC,↓,LH/LL,自然反彈,False,262,3,TPR,Combined_R22
CCBG,2026-09-16,50.14,1.09,False,51.36,-0.118,-0.32,False,91.4,-0.23,91.6,True,2.17,1.26,53.7,-10.5,C 基底修復,True,8:49,264.6,跌,233.0,30,False,4.0,-0.1087,-0.0904,-0.2574,False,True,-2.44,-1.13,51.56,-2.83,-1.31,3.3,OHLC,↓,LH/LL,DT,False,262,3,CCBG,Combined_R22
GD,2026-09-16,360.0,6.62,False,374.42,-1.071,-0.83,True,93.2,0.19,93.0,True,1.84,1.16,32.8,1.6,C 基底修復,True,8:49,264.6,跌,476.0,22,False,4.0,-1.1967,-1.8274,-3.7351,True,False,-4.0,-2.18,396.92,-10.26,-5.58,367.6,OHLC,↓,LH/LL,自然反彈,False,262,3,GD,SubSector_R12+Combined_R22
H,2026-09-16,158.65,4.72,False,171.38,-0.453,-0.56,True,85.1,0.02,85.1,True,2.97,1.78,12.3,-2.6,D 趨勢弱,True,8:49,264.6,跌,107.0,13,False,4.0,-0.4178,-0.4185,-1.9833,True,False,-8.02,-2.7,163.71,-3.19,-1.07,110.9,OHLC,—,LH/LL,DT,True,262,3,H,Combined_R22
HII,2026-09-16,278.09,7.7,False,302.68,-1.992,-0.88,True,82.7,0.36,82.3,True,2.77,2.45,12.5,2.1,D 趨勢弱,True,8:49,264.6,跌,154.0,21,False,4.0,-1.4128,-1.623,-4.6194,True,False,-8.84,-3.19,297.29,-6.9,-2.49,106.7,OHLC,↓,LH/LL,DT,False,262,3,HII,Combined_R22
KFRC,2026-09-16,52.19,1.96,False,55.99,-0.16,-0.46,True,76.3,0.9,75.4,True,3.75,2.69,50.4,2.6,C 基底修復,True,8:49,264.6,跌,563.0,38,False,4.0,-0.4188,-0.5406,-0.8565,True,False,-7.29,-1.94,52.76,-1.09,-0.29,13.5,OHLC,↓,LH/LL,自然反彈,False,262,3,KFRC,Combined_R22
KOPN,2026-09-16,4.34,0.31,True,4.71,0.014,0.45,True,43.2,0.59,42.6,False,7.16,6.63,59.3,2.1,D 趨勢弱,True,8:49,264.6,跌,176.0,15,False,4.0,-0.036,-0.0394,-0.1023,True,False,-8.45,-1.18,4.89,-12.67,-1.77,14.2,OHLC,—,HH/HL,次級回檔,True,262,3,KOPN,10MA_R20
MDB,2026-09-16,376.34,20.95,True,404.39,0.49,0.26,True,59.2,0.72,58.4,False,5.57,4.25,32.5,-10.2,D 趨勢弱,True,8:49,264.6,跌,112.0,17,False,4.0,-5.4892,-6.6363,-11.9742,True,False,-7.45,-1.34,373.87,0.66,0.12,737.0,OHLC,—,LH/LL,自然反彈,True,262,3,MDB,AI_R13+SubSector_R12+Combined_R22
OFG,2026-09-16,52.49,0.91,False,52.58,-0.036,-0.03,False,93.3,-0.29,93.6,True,1.73,1.25,80.4,-0.5,A 待突破,True,8:49,264.6,跌,286.0,29,False,4.0,-0.0316,-0.0127,-0.2786,False,True,-0.16,-0.09,51.61,1.68,0.97,12.6,OHLC,—,HH/HL,UT,True,262,3,OFG,Combined_R22
RL,2026-09-16,338.36,10.43,False,363.98,-1.531,-0.68,True,84.0,0.13,83.9,True,3.08,1.88,13.9,3.5,D 趨勢弱,True,8:49,264.6,跌,162.0,21,False,4.0,-0.3077,-0.7128,-4.3032,True,False,-7.57,-2.46,351.2,-3.79,-1.23,223.1,OHLC,↓,LH/LL,DT,False,262,3,RL,SubSector_R12
STZ,2026-09-16,123.03,3.33,False,129.87,-0.19,-0.42,True,85.8,0.35,85.4,True,2.71,1.91,9.2,5.4,D 趨勢弱,True,8:49,264.6,跌,121.0,13,False,4.0,-0.569,-0.6733,-1.2279,True,False,-5.56,-2.06,137.6,-11.84,-4.38,255.1,OHLC,↓,LH/LL,自然反彈,False,262,3,STZ,SubSector_R12
TXRH,2026-09-16,170.07,5.27,False,195.75,-1.504,-1.34,True,83.7,0.2,83.5,True,3.1,1.94,7.9,0.2,D 趨勢弱,True,8:49,264.6,跌,221.0,24,False,4.0,-2.5597,-2.4986,-2.7495,False,False,-15.1,-4.87,205.29,-20.71,-6.68,138.5,OHLC,↓,LH/LL,DT,False,262,3,TXRH,Combined_R22
UHAL,2026-09-16,63.32,1.59,False,69.74,-0.357,-0.85,True,88.5,0.02,88.5,True,2.51,1.55,35.4,1.2,D 趨勢弱,True,8:49,264.6,跌,340.0,38,False,4.0,-0.4624,-0.5591,-0.8864,True,False,-10.14,-4.04,76.45,-20.74,-8.27,9.2,OHLC,↓,LH/LL,DT,False,262,3,UHAL,Combined_R22
AUGO,2026-09-16,85.96,4.4,True,81.36,0.725,0.96,True,58.4,0.01,58.4,False,5.12,4.86,49.6,2.9,C 基底修復,True,8:30,255.0,跌,92.0,11,False,4.0,-0.844,-0.829,-0.844,False,False,5.35,1.04,84.91,1.22,0.24,91.3,OHLC,—,HH/HL,自然反彈,True,262,3,AUGO,10MA_R20
VTR,2026-09-16,88.21,1.97,False,91.12,-0.047,-0.39,True,89.2,0.04,89.2,True,2.23,1.68,42.1,-0.4,C 基底修復,True,8:27,253.6,跌,91.0,12,False,4.0,-0.3525,-0.3295,-1.0942,False,False,-3.29,-1.47,92.09,-4.4,-1.97,266.4,OHLC,—,LH/LL,次級回檔,False,262,3,VTR,SubSector_R12
NMAX,2026-09-16,10.44,0.62,True,10.61,0.054,0.69,False,57.2,-0.03,57.2,False,5.97,4.28,55.9,-2.4,C 基底修復,True,7:46,233.1,跌,80.0,11,False,4.0,-0.0953,-0.0522,-0.1179,False,True,-1.66,-0.28,10.44,0.0,0.0,11.4,OHLC,↑,HH/HL,自然回檔,False,262,3,NMAX,10MA_R20_跌出
HCA,2026-09-16,430.43,13.39,True,415.63,0.989,0.26,True,81.9,0.2,81.7,True,3.11,2.28,21.8,-0.6,D 趨勢弱,False,11:16,337.8,升,38.0,4,False,5.0,0.9937,0.5773,,False,False,3.44,1.1,433.8,-0.78,-0.25,580.5,OHLC,—,LH/LL,UT,False,262,3,HCA,SubSector_R12+RateHike_R2_受惠
XOM,2026-09-16,163.32,3.96,True,161.4,0.399,0.46,False,88.7,-1.37,90.1,True,2.42,1.59,76.1,1.0,A 待突破,False,10:19,309.6,升,22.0,3,False,5.0,0.0247,0.2776,,False,True,1.18,0.49,159.47,2.36,0.97,2245.8,OHLC,↑,HH/HL,自然回檔,False,262,3,XOM,SubSector_R12+Combined_R22+RateHike_R2_迴避
DRH,2026-09-16,12.27,0.31,False,12.43,-0.054,-0.8,False,88.6,-0.64,89.3,True,2.53,1.5,55.1,-1.4,C 基底修復,True,9:35,287.3,升,10.0,1,False,5.0,0.0027,-0.0025,,False,True,-1.32,-0.52,12.29,-0.16,-0.06,32.9,OHLC,—,LH/LL,自然反彈,True,262,3,DRH,Combined_R22
CLDT,2026-09-16,12.84,0.35,False,13.07,-0.031,-0.24,False,86.9,-0.78,87.7,True,2.72,1.67,73.1,-1.6,C 基底修復,True,8:49,264.6,跌,100.0,11,False,5.0,-0.0368,-0.0337,-0.1676,False,True,-1.82,-0.67,12.53,2.41,0.89,3.0,OHLC,—,HH/HL,自然反彈,True,262,3,CLDT,Combined_R22
FWONK,2026-09-16,95.36,2.44,False,100.08,-0.023,-0.24,True,88.2,0.15,88.0,True,2.55,1.57,33.0,2.2,C 基底修復,True,8:49,264.6,跌,105.0,15,False,5.0,-0.558,-0.6772,-1.1927,True,False,-4.95,-1.94,96.05,-0.72,-0.28,171.4,OHLC,—,HH/HL,DT,True,262,3,FWONK,SubSector_R12
NPK,2026-09-16,152.84,4.91,True,147.46,0.676,0.96,False,82.9,-0.12,83.0,True,3.21,1.97,63.5,9.0,A 待突破,True,8:44,262.2,跌,96.0,11,False,5.0,-0.2076,-0.1732,-1.2828,False,False,3.52,1.1,156.66,-2.5,-0.78,15.2,OHLC,—,LH/LL,UT,False,262,3,NPK,10MA_R20
COP,2026-09-16,132.54,3.66,True,130.33,0.661,0.83,False,85.4,-3.17,88.5,True,2.76,1.94,68.3,1.2,A 待突破,False,3:48,114.0,跌,13.0,1,False,5.0,-0.4432,0.0133,-0.4432,False,True,1.67,0.6,135.88,-2.52,-0.91,868.3,OHLC,—,LH/LL,自然回檔,False,262,3,COP,SubSector_R12
EXPD,2026-09-16,189.04,3.68,True,186.71,1.095,1.41,False,91.2,-0.7,91.9,True,1.95,1.52,84.7,1.0,A 待突破,False,3:41,110.6,跌,11.0,1,False,5.0,-0.229,0.0227,-1.6209,False,True,1.23,0.63,185.96,1.63,0.84,149.4,OHLC,↑,HH/HL,自然回檔,False,262,3,EXPD,Combined_R22+10MA_R20
OXY,2026-09-16,59.36,1.7,True,59.54,0.225,0.65,False,83.7,-3.47,87.1,True,2.87,2.17,56.8,-7.9,B 上升結構,False,3:37,108.5,跌,10.0,1,False,5.0,-0.0983,0.1125,-0.1475,False,True,-0.3,-0.1,59.35,0.02,0.01,448.9,OHLC,↑,HH/HL,自然回檔,False,262,3,OXY,SubSector_R12+Combined_R22
CHRD,2026-09-16,147.03,5.18,True,143.41,0.415,0.45,False,78.1,-3.47,81.6,True,3.52,2.57,70.8,5.2,B 上升結構,False,3:35,107.3,跌,10.0,1,False,5.0,-0.1566,0.341,-0.2846,False,True,2.46,0.7,146.39,0.44,0.12,95.7,OHLC,—,HH/HL,自然回檔,True,262,3,CHRD,Combined_R22
EOG,2026-09-16,144.93,4.12,True,145.19,0.151,0.17,False,83.9,-2.81,86.7,True,2.84,2.15,59.4,1.3,A 待突破,False,3:32,105.9,跌,9.0,1,False,5.0,-0.0793,0.2616,-1.1968,False,True,-0.18,-0.06,145.19,-0.18,-0.06,442.3,OHLC,↑,HH/HL,自然回檔,False,262,3,EOG,SubSector_R12+Combined_R22
DVN,2026-09-16,48.44,1.44,True,47.48,0.185,0.72,False,83.2,-2.76,86.0,True,2.97,2.15,58.8,4.8,A 待突破,False,3:30,105.0,跌,8.0,1,False,5.0,-0.0167,0.1371,-0.1144,False,True,1.97,0.66,48.06,0.78,0.26,510.5,OHLC,↑,HH/HL,自然回檔,False,262,3,DVN,SubSector_R12
HPE,2026-09-16,56.68,3.61,True,54.69,0.169,0.41,True,55.7,0.72,54.9,False,6.37,4.22,73.2,4.0,B 上升結構,False,10:52,325.9,升,31.0,6,False,6.0,0.1065,0.1521,,False,True,3.51,0.55,55.78,1.58,0.25,1432.8,OHLC,—,LH/LL,自然反彈,False,262,3,HPE,AI_R13+Combined_R22
BKR,2026-09-16,56.32,1.96,False,62.11,-0.242,-0.22,True,81.1,0.02,81.1,True,3.48,2.05,12.5,-11.7,D 趨勢弱,True,8:49,264.6,跌,127.0,18,False,6.0,-0.9547,-0.903,-0.9547,False,False,-10.29,-2.96,,,,397.1,OHLC,—,HH/HL,DT,False,262,3,BKR,SubSector_R12
FCX,2026-09-16,69.24,3.1,True,72.82,0.132,0.43,True,70.3,0.31,70.0,False,4.48,3.09,69.7,2.5,B 上升結構,True,8:49,264.6,跌,103.0,10,False,6.0,-1.0898,-1.0631,-1.0898,False,False,-5.17,-1.15,78.64,-13.58,-3.03,1033.0,OHLC,↓,LH/LL,DT,False,262,3,FCX,SubSector_R12+Combined_R22
LMT,2026-09-16,537.25,12.79,False,563.19,-1.701,-0.64,True,86.5,0.6,85.9,True,2.38,2.09,9.5,3.2,C 基底修復,True,8:49,264.6,跌,118.0,20,False,6.0,-1.6407,-2.8213,-7.4496,True,False,-4.83,-2.03,536.15,0.2,0.09,575.7,OHLC,—,LH/LL,自然反彈,True,262,3,LMT,SubSector_R12+Combined_R22
NOC,2026-09-16,530.78,11.9,False,547.82,-0.485,-0.24,True,89.4,0.5,88.9,True,2.24,1.63,8.1,2.4,D 趨勢弱,True,8:49,264.6,跌,150.0,18,False,6.0,-0.3925,-1.2582,-5.7269,True,False,-3.21,-1.43,549.22,-3.47,-1.55,398.9,OHLC,—,LH/LL,自然反彈,True,262,3,NOC,SubSector_R12
TSN,2026-09-16,52.12,1.39,False,55.21,-0.249,-0.9,True,86.6,0.26,86.4,True,2.67,1.78,4.4,-1.8,D 趨勢弱,True,8:49,264.6,跌,125.0,15,False,6.0,-0.118,-0.1456,-0.5639,True,False,-5.93,-2.22,54.24,-4.07,-1.52,176.5,OHLC,↓,LH/LL,自然反彈,False,262,3,TSN,SubSector_R12
HBM,2026-09-16,25.26,1.4,True,27.75,0.061,0.56,True,60.3,0.18,60.1,False,5.54,4.04,19.6,-2.5,C 基底修復,True,8:30,255.0,跌,92.0,11,False,6.0,-0.543,-0.5297,-0.543,False,False,-9.86,-1.78,27.44,-8.63,-1.56,97.6,OHLC,↓,LH/LL,DT,False,75,3,HBM,SubSector_R12
MP,2026-09-16,48.99,2.86,True,54.62,0.3,0.69,True,59.3,0.66,58.6,False,5.84,3.96,10.0,0.0,D 趨勢弱,True,6:43,201.3,跌,62.0,12,False,6.0,-1.0128,-1.0007,-1.0128,False,False,-11.49,-1.97,55.37,-13.02,-2.23,251.9,OHLC,↓,LH/LL,DT,False,262,3,MP,SubSector_R12+RateHike_R2_迴避
ADI,2026-09-16,362.04,11.27,False,371.76,-0.528,0.01,True,80.8,0.44,80.3,True,3.11,2.48,49.4,-0.1,C 基底修復,False,10:39,319.4,升,27.0,4,False,8.0,0.5103,0.5806,,False,True,-2.68,-0.86,356.12,1.64,0.53,1298.4,OHLC,—,HH/HL,自然回檔,False,262,3,ADI,SubSector_R12
CXW,2026-09-16,34.93,1.35,True,33.5,0.124,0.43,True,78.0,0.2,77.8,True,3.87,2.24,76.9,7.9,A 待突破,False,10:38,318.8,升,27.0,2,False,8.0,0.027,0.0381,,False,False,4.1,1.06,34.23,2.0,0.52,61.9,OHLC,↑,HH/HL,UT,False,262,3,CXW,Combined_R22
NDAQ,2026-09-16,88.76,2.1,False,95.76,-0.179,-0.3,True,88.1,0.08,88.0,True,2.36,1.78,30.1,-0.7,D 趨勢弱,True,8:49,264.6,跌,123.0,12,False,8.0,-1.2119,-1.1724,-1.2119,False,False,-7.89,-3.34,98.71,-11.21,-4.75,257.7,OHLC,↓,LH/LL,DT,False,262,3,NDAQ,SubSector_R12
RDW,2026-09-16,10.79,0.72,True,11.92,0.042,0.61,True,50.3,1.09,49.2,False,6.68,5.18,38.2,-1.7,D 趨勢弱,True,8:49,264.6,跌,106.0,17,False,8.0,-0.0342,-0.0567,-0.2722,True,False,-10.47,-1.57,11.23,-4.08,-0.61,119.3,OHLC,—,LH/LL,自然反彈,True,262,3,RDW,SubSector_R12+Combined_R22
RTX,2026-09-16,196.83,3.99,False,211.96,-0.7,-0.74,True,90.6,0.36,90.2,True,2.03,1.58,38.6,1.4,D 趨勢弱,True,8:49,264.6,跌,173.0,24,False,8.0,-1.2438,-1.5538,-2.6008,True,False,-7.69,-3.79,213.5,-8.47,-4.18,767.1,OHLC,—,LH/LL,自然回檔,False,262,3,RTX,SubSector_R12+Combined_R22
XEL,2026-09-16,72.71,1.41,False,76.6,-0.21,-0.63,True,92.8,0.26,92.5,True,1.94,1.16,13.8,0.4,D 趨勢弱,True,8:49,264.6,跌,203.0,18,False,8.0,-0.3327,-0.281,-0.3348,False,False,-5.36,-2.77,77.06,-5.98,-3.09,415.3,OHLC,↓,LH/LL,DT,False,262,3,XEL,SubSector_R12
TECK,2026-09-16,64.25,2.47,True,67.57,0.08,0.39,True,74.5,0.01,74.5,False,3.85,2.93,57.7,10.5,C 基底修復,True,8:30,255.0,跌,92.0,11,False,8.0,-0.8038,-0.7121,-0.8038,False,False,-5.17,-1.34,,,,198.9,OHLC,—,HH/HL,DT,False,75,3,TECK,SubSector_R12
TEL,2026-09-16,202.2,6.05,False,207.72,-0.408,-0.1,True,83.7,0.3,83.4,True,2.99,2.04,21.7,0.1,D 趨勢弱,False,4:07,123.5,跌,19.0,2,False,8.0,-0.298,-0.1726,-1.7631,False,True,-2.73,-0.91,202.21,-0.0,-0.0,404.5,OHLC,—,HH/HL,自然回檔,True,262,3,TEL,AI_R13+SubSector_R12
MSGS,2026-09-16,393.82,9.5,False,397.87,-0.054,-0.06,True,89.0,0.1,88.9,True,2.41,1.54,61.1,4.2,C 基底修復,False,10:22,311.1,升,23.0,2,False,9.0,0.1511,0.0567,,False,True,-1.03,-0.43,401.88,-2.05,-0.85,97.0,OHLC,—,LH/LL,自然反彈,True,262,3,MSGS,Combined_R22
CCL,2026-09-16,22.35,0.76,False,25.24,-0.312,-1.39,True,81.0,0.29,80.7,True,3.39,2.17,0.0,0.0,D 趨勢弱,True,8:49,264.6,跌,167.0,22,False,9.0,-0.1048,-0.1458,-0.3938,True,False,-12.94,-3.82,23.74,-6.22,-1.84,451.2,OHLC,↓,LH/LL,DT,False,262,3,CCL,SubSector_R12
CM,2026-09-16,112.96,2.37,False,117.13,-0.256,-0.28,True,91.3,0.02,91.3,True,2.1,1.35,43.6,-10.6,C 基底修復,True,8:49,264.6,跌,149.0,20,False,9.0,-0.2914,-0.2557,-0.8661,False,False,-3.69,-1.76,118.16,-4.6,-2.19,134.3,OHLC,↓,LH/LL,DT,False,262,3,CM,Combined_R22
HUBB,2026-09-16,439.07,13.26,False,475.32,-1.77,-0.32,True,82.4,0.59,81.9,True,3.02,2.25,14.3,1.4,D 趨勢弱,True,8:49,264.6,跌,233.0,21,False,9.0,-1.4004,-1.2538,-4.7813,False,False,-8.26,-2.73,464.75,-5.85,-1.94,200.2,OHLC,↓,LH/LL,DT,False,262,3,HUBB,SubSector_R12+Combined_R22
NVO,2026-09-16,41.71,1.25,False,45.79,-0.111,-0.57,True,82.5,0.33,82.1,True,2.99,2.28,21.4,-0.7,D 趨勢弱,True,8:49,264.6,跌,175.0,7,False,9.0,-0.4154,-0.3561,-0.8801,False,False,-9.79,-3.28,43.75,-4.89,-1.64,427.7,OHLC,↓,LH/LL,DT,False,75,3,NVO,SubSector_R12
RLAY,2026-09-16,18.84,0.82,False,19.35,-0.012,-0.04,True,72.1,1.31,70.8,False,4.38,2.86,55.6,-4.7,C 基底修復,True,8:49,264.6,跌,148.0,19,False,9.0,-0.0391,-0.0442,-0.3147,True,True,-2.69,-0.62,18.66,0.96,0.22,55.7,OHLC,—,HH/HL,次級反彈,True,262,3,RLAY,Combined_R22
GNK,2026-09-16,27.42,0.93,True,26.54,0.044,0.17,False,79.9,-0.47,80.4,True,3.37,2.38,68.9,-1.4,A 待突破,False,2:49,84.6,升,160.0,9,False,9.0,0.0539,0.065,,False,True,3.22,0.95,26.75,2.44,0.72,21.2,OHLC,—,HH/HL,自然回檔,True,262,3,GNK,Combined_R22
IREN,2026-09-16,42.62,3.09,True,41.72,0.057,0.43,True,41.6,1.05,40.5,False,7.25,7.05,36.4,-0.2,D 趨勢弱,False,2:29,74.6,升,91.0,8,False,9.0,0.1704,0.2491,,False,True,2.11,0.29,45.93,-7.77,-1.07,1752.0,OHLC,↓,LH/LL,自然反彈,False,262,3,IREN,AI_R13+SubSector_R12+Combined_R22
BRK-A,2026-09-16,780297.0,8495.29,True,764432.06,722.677,0.13,False,96.8,-0.02,96.8,True,1.09,0.87,56.3,-1.2,C 基底修復,False,1:48,54.0,升,80.0,8,False,9.0,2190.1606,1615.9361,,False,True,2.03,1.87,752464.0,3.57,3.28,145.1,OHLC,↑,HH/HL,UT,False,262,3,BRK/A,10MA_R20
TRST,2026-09-16,57.37,1.27,True,57.18,0.01,0.21,False,91.5,-1.51,93.0,True,2.21,1.18,73.8,-0.2,A 待突破,False,12:12,6.0,升,53.0,5,False,9.0,0.0389,0.1391,,False,True,0.33,0.15,56.58,1.38,0.62,8.7,OHLC,—,HH/HL,自然回檔,True,262,3,TRST,Combined_R22
BBY,2026-09-16,92.45,3.26,True,85.94,0.234,0.24,True,79.9,0.39,79.6,True,3.53,2.22,62.2,-0.8,E 延伸,False,2:49,84.6,升,105.0,8,False,10.0,0.6968,0.7715,,False,False,7.04,2.0,88.03,4.78,1.36,399.0,OHLC,↑,HH/HL,自然回檔,False,262,3,BBY,SubSector_R12
REX,2026-09-16,42.34,1.49,False,42.79,-0.064,-0.12,True,82.1,0.3,81.8,True,3.51,1.83,37.9,-1.9,C 基底修復,False,12:08,4.2,升,52.0,7,False,10.0,0.1112,0.0914,,False,True,-1.06,-0.3,42.74,-0.94,-0.27,7.6,OHLC,—,LH/LL,自然回檔,True,262,3,REX,Combined_R22
INSW,2026-09-16,109.38,3.68,True,99.64,0.638,0.63,True,78.7,0.29,78.5,True,3.36,2.61,68.8,-0.2,E 延伸,False,12:03,1.7,升,51.0,9,False,10.0,0.4748,0.3278,,False,False,8.91,2.65,102.14,6.62,1.97,70.3,OHLC,↑,HH/HL,UT,False,262,3,INSW,Combined_R22+10MA_R20
VST,2026-09-16,140.39,5.06,False,142.8,-0.452,-0.2,True,77.3,0.22,77.1,True,3.61,2.63,11.1,0.5,D 趨勢弱,False,2:49,84.6,升,154.0,11,False,11.0,0.2003,0.5405,,False,True,-1.72,-0.48,137.09,2.35,0.65,612.5,OHLC,↑,HH/HL,自然回檔,False,262,3,VST,AI_R13+SubSector_R12+Combined_R22
WMT,2026-09-16,107.5,2.13,False,108.0,-0.103,-0.29,True,89.6,0.25,89.3,True,1.99,1.84,22.5,-0.1,D 趨勢弱,False,12:51,25.7,升,64.0,9,False,12.0,0.4964,0.5197,,False,True,-0.46,-0.23,105.16,2.18,1.1,3014.6,OHLC,—,HH/HL,自然反彈,True,262,3,WMT,SubSector_R12
AGM,2026-09-16,220.65,5.67,False,226.42,-0.971,-0.15,False,88.2,-0.72,88.9,True,2.57,1.56,71.4,-2.1,A 待突破,True,8:49,264.6,跌,298.0,23,False,13.0,-0.5681,-0.3136,-3.0935,False,True,-2.62,-1.02,229.88,-4.18,-1.63,21.3,OHLC,—,LH/LL,自然回檔,False,262,3,AGM,10MA_R20
AI,2026-09-16,10.56,0.5,True,10.37,0.018,0.46,True,69.3,0.15,69.2,False,4.77,2.99,35.1,-0.8,D 趨勢弱,False,3:35,107.6,跌,10.0,1,False,13.0,-0.0053,0.0148,-0.0709,False,True,1.77,0.37,10.38,1.7,0.36,57.7,OHLC,↑,HH/HL,自然回檔,False,262,3,AI,AI_R13+Combined_R22
INTC,2026-09-16,101.05,5.64,True,96.93,0.106,0.31,True,57.9,0.53,57.4,False,5.58,4.5,72.6,12.9,C 基底修復,False,1:23,41.4,升,73.0,9,False,13.0,1.1062,1.1313,,False,True,4.08,0.73,100.32,0.72,0.13,9233.6,OHLC,—,HH/HL,自然反彈,False,262,3,INTC,AI_R13+SubSector_R12+Combined_R22
FMAO,2026-09-16,35.78,0.92,True,34.58,0.055,0.23,True,85.8,0.26,85.6,True,2.57,2.04,85.6,-0.0,A 待突破,False,11:04,332.1,升,34.0,5,False,14.0,0.0533,0.0564,,False,False,3.35,1.3,33.69,5.84,2.28,1.6,OHLC,↑,HH/HL,UT,False,262,3,FMAO,10MA_R20
FLR,2026-09-16,52.99,2.07,True,53.75,0.063,0.25,False,71.8,-0.5,72.3,False,3.9,3.39,68.6,-2.4,B 上升結構,True,6:49,204.3,跌,63.0,5,False,14.0,-0.3207,-0.2386,-0.3207,False,True,-1.43,-0.37,51.24,3.3,0.85,117.0,OHLC,↑,HH/HL,自然回檔,False,262,3,FLR,SubSector_R12+Combined_R22
ATRC,2026-09-16,57.14,1.97,True,49.56,0.705,1.81,True,77.2,0.66,76.6,True,3.44,2.82,61.5,0.5,E 延伸,False,11:21,340.3,升,39.0,10,False,,0.1935,0.155,,False,False,13.26,3.85,51.52,9.84,2.86,55.5,OHLC,↑,HH/HL,UT,False,262,3,ATRC,10MA_R20
NUE,2026-09-16,260.68,8.05,False,258.56,-0.478,-0.07,False,82.2,-0.1,82.3,True,3.09,2.24,80.9,-0.1,A 待突破,True,9:53,296.4,升,15.0,2,False,,0.2088,0.0247,,False,True,0.81,0.26,256.02,1.79,0.58,357.3,OHLC,—,HH/HL,自然反彈,True,262,3,NUE,SubSector_R12+10MA_R20+RateHike_R2_受惠
MPC,2026-09-16,413.92,12.73,True,363.53,3.612,1.17,False,83.3,-0.25,83.6,True,3.08,2.03,65.0,0.0,E 延伸,True,9:47,293.6,升,13.0,2,False,,0.7377,0.421,,False,False,12.17,3.96,388.16,6.22,2.02,1022.4,OHLC,↑,HH/HL,UT,False,262,3,MPC,SubSector_R12+RateHike_R2_受惠
CBOE,2026-09-16,270.43,10.6,False,293.47,-0.826,-0.34,True,76.8,0.21,76.6,True,3.92,2.43,23.2,0.4,D 趨勢弱,True,8:49,264.6,跌,107.0,10,False,,-4.0639,-3.7677,-4.0639,False,False,-8.52,-2.17,,,,294.2,OHLC,—,HH/HL,DT,False,262,3,CBOE,SubSector_R12
CDE,2026-09-16,18.98,1.06,True,19.7,0.087,0.62,False,58.9,-2.94,61.8,False,5.61,4.27,39.5,-7.5,D 趨勢弱,True,8:49,264.6,跌,122.0,11,False,,-0.3799,-0.3122,-0.3799,False,True,-3.8,-0.68,22.16,-16.75,-2.99,649.1,OHLC,↓,LH/LL,DT,False,262,3,CDE,SubSector_R12
AU,2026-09-16,99.74,4.23,True,107.35,0.652,1.25,True,69.8,0.28,69.6,False,4.24,3.42,58.4,4.0,B 上升結構,True,8:30,255.0,跌,92.0,11,False,,-2.4307,-2.4123,-2.4307,False,False,-7.63,-1.8,,,,289.3,OHLC,—,HH/HL,DT,False,75,3,AU,SubSector_R12
LNG,2026-09-16,267.75,7.68,True,277.12,0.442,0.28,False,84.6,-0.01,84.6,True,2.87,1.99,46.6,-11.0,C 基底修復,True,8:01,240.4,跌,84.0,7,False,,-2.9031,-2.5559,-2.9031,False,False,-3.5,-1.22,256.14,4.34,1.51,542.6,OHLC,↑,HH/HL,自然回檔,False,262,3,LNG,SubSector_R12
HCC,2026-09-16,92.72,4.51,True,99.32,0.227,0.7,True,71.1,1.15,70.0,False,4.86,2.55,60.9,10.3,B 上升結構,True,7:12,215.8,跌,70.0,9,False,,-2.3463,-2.2477,-2.3463,False,False,-7.11,-1.46,,,,53.5,OHLC,—,HH/HL,DT,False,262,3,HCC,SubSector_R12
XHLD,2026-09-16,9.65,1.58,True,5.13,0.106,0.38,True,10.6,0.51,10.0,False,16.39,20.57,60.5,2.2,E 延伸,True,6:42,200.8,跌,62.0,3,False,,-0.1962,-0.1414,-0.1962,False,False,46.86,2.86,9.23,4.35,0.27,31.4,OHLC,↑,HH/HL,UT,False,262,3,XHLD,10MA_R20
SOBO,2026-09-16,35.55,0.85,False,36.9,-0.001,-0.15,True,89.5,0.25,89.3,True,2.4,1.45,45.7,-0.1,C 基底修復,True,6:02,180.9,跌,51.0,6,False,,-0.2459,-0.2361,-0.3059,False,False,-3.79,-1.58,37.85,-6.47,-2.7,22.3,OHLC,↓,LH/LL,DT,False,262,3,SOBO,Combined_R22
BTU,2026-09-16,27.35,1.26,True,26.94,0.138,1.12,True,70.1,0.59,69.5,False,4.6,3.01,28.1,-1.8,D 趨勢弱,False,5:26,163.0,跌,41.0,5,False,,-0.3662,-0.3434,-0.3662,False,True,1.51,0.33,30.07,-9.95,-2.16,61.8,OHLC,↓,LH/LL,自然反彈,False,262,3,BTU,SubSector_R12
CCI,2026-09-16,73.22,2.1,False,74.88,-0.153,-0.38,True,84.5,0.13,84.4,True,2.86,2.01,23.4,2.0,D 趨勢弱,False,5:24,162.0,跌,40.0,3,False,,-0.1871,-0.1328,-0.1871,False,True,-2.27,-0.79,75.62,-3.28,-1.14,206.8,OHLC,↓,LH/LL,DT,False,262,3,CCI,SubSector_R12
EPD,2026-09-16,38.09,0.58,True,38.56,0.024,0.23,False,94.4,-0.44,94.9,True,1.52,1.15,58.4,-12.9,C 基底修復,False,4:59,149.4,跌,33.0,4,False,,-0.1042,-0.0496,-0.1042,False,True,-1.24,-0.82,38.31,-0.58,-0.38,91.3,OHLC,—,LH/LL,自然回檔,False,262,3,EPD,SubSector_R12
CF,2026-09-16,131.99,5.45,True,127.28,0.374,0.31,False,76.0,-0.4,76.4,True,4.13,2.37,51.7,-0.1,B 上升結構,False,4:48,144.0,跌,30.0,3,False,,-0.364,-0.1084,-1.3845,False,True,3.57,0.86,133.35,-1.03,-0.25,353.7,OHLC,—,HH/HL,自然回檔,True,262,3,CF,SubSector_R12+Combined_R22
CTVA,2026-09-16,81.01,2.49,True,82.15,0.224,0.13,False,82.1,-0.7,82.8,True,3.07,2.27,38.9,-9.9,C 基底修復,False,4:46,143.2,跌,30.0,3,False,,-0.4593,-0.2514,-1.5408,False,True,-1.41,-0.46,83.86,-3.52,-1.15,404.3,OHLC,—,HH/HL,DT,False,262,3,CTVA,SubSector_R12
AMR,2026-09-16,189.49,11.25,True,195.66,1.546,0.87,True,60.9,0.77,60.1,False,5.94,3.52,20.6,0.5,C 基底修復,False,4:40,140.0,跌,28.0,5,False,,-6.2531,-5.5027,-6.2531,False,True,-3.26,-0.55,,,,70.0,OHLC,—,HH/HL,DT,False,262,3,AMR,SubSector_R12
BNS,2026-09-16,92.96,1.71,True,91.14,0.287,0.51,False,91.8,-0.26,92.0,True,1.84,1.49,83.0,-0.4,A 待突破,False,4:34,137.0,跌,26.0,3,False,,-0.0865,-0.0365,-0.4198,False,True,1.96,1.06,91.6,1.46,0.79,197.8,OHLC,—,HH/HL,自然回檔,True,262,3,BNS,Combined_R22
TARS,2026-09-16,77.64,3.39,True,74.85,0.406,0.79,True,68.1,0.18,67.9,False,4.37,3.63,44.3,2.1,C 基底修復,False,4:33,136.5,跌,26.0,3,False,,-0.6551,-0.386,-0.7655,False,True,3.6,0.82,70.65,9.0,2.06,61.2,OHLC,↑,HH/HL,自然回檔,False,262,3,TARS,10MA_R20_跌出
NTR,2026-09-16,77.68,2.15,True,73.22,0.331,0.67,True,85.8,0.1,85.7,True,2.77,1.85,39.0,-4.5,E 延伸,False,4:30,135.0,跌,25.0,3,False,,-0.2558,-0.1217,-0.43,False,False,5.74,2.07,77.0,0.88,0.32,209.9,OHLC,↑,HH/HL,自然反彈,False,75,3,NTR,SubSector_R12
MU,2026-09-16,926.55,49.31,True,940.2,2.198,0.63,True,54.3,1.19,53.1,False,5.32,5.59,67.4,-3.9,C 基底修復,False,4:28,134.1,跌,24.0,3,False,,-5.9143,-4.0779,-20.1997,False,True,-1.47,-0.28,918.88,0.83,0.16,22732.5,OHLC,↑,HH/HL,自然回檔,False,262,3,MU,AI_R13+SubSector_R12+Combined_R22
HAL,2026-09-16,34.51,1.14,True,35.09,0.117,0.55,False,81.8,-1.24,83.0,True,3.3,2.1,48.4,-9.7,C 基底修復,False,4:28,133.8,跌,24.0,4,False,,-0.2513,-0.1599,-0.2513,False,True,-1.69,-0.51,33.8,2.06,0.62,387.9,OHLC,↑,HH/HL,自然回檔,False,262,3,HAL,SubSector_R12+RateHike_R2_迴避
RSG,2026-09-16,219.8,3.89,True,219.45,0.504,0.48,False,92.9,-0.38,93.2,True,1.77,1.3,49.7,-4.1,C 基底修復,False,4:21,130.6,跌,23.0,2,False,,-0.296,-0.0182,-1.6299,False,True,0.16,0.09,219.58,0.1,0.06,338.3,OHLC,—,HH/HL,自然回檔,True,262,3,RSG,SubSector_R12
SNDK,2026-09-16,1519.97,111.96,True,1527.12,4.686,0.69,True,37.6,0.7,36.9,False,7.37,8.23,60.1,-8.2,D 趨勢弱,False,4:21,130.6,跌,23.0,2,False,,-9.9724,-3.4346,-66.2588,False,True,-0.47,-0.06,1568.87,-3.22,-0.44,16438.2,OHLC,—,HH/HL,DT,False,262,3,SNDK,AI_R13+SubSector_R12
OOMA,2026-09-16,22.58,1.06,True,22.11,0.035,0.19,True,69.3,0.69,68.6,False,4.71,3.06,63.2,-4.3,E 延伸,False,4:08,123.9,跌,19.0,2,False,,-0.0381,-0.0102,-0.2308,False,True,2.1,0.45,21.52,4.69,1.0,11.5,OHLC,—,HH/HL,自然回檔,True,262,3,OOMA,10MA_R20_跌出
ALT,2026-09-16,3.24,0.14,True,3.13,0.009,0.36,True,72.7,1.66,71.0,False,4.34,2.78,27.0,1.9,D 趨勢弱,False,4:03,121.6,跌,18.0,2,False,,-0.0062,-0.0012,-0.0287,False,True,3.44,0.79,3.09,4.63,1.07,12.5,OHLC,↑,HH/HL,自然回檔,False,262,3,ALT,SubSector_R12
ABTC,2026-09-16,8.14,0.79,True,7.98,0.047,0.5,True,32.9,1.36,31.5,False,9.68,7.74,15.7,-4.3,D 趨勢弱,False,3:50,115.0,跌,14.0,2,False,,-0.0369,-0.0246,-0.0369,False,True,1.91,0.2,8.18,-0.49,-0.05,15.8,OHLC,—,HH/HL,次級回檔,True,262,3,ABTC,10MA_R20
TSLA,2026-09-16,358.08,13.24,True,351.25,1.01,0.59,True,71.5,0.45,71.1,False,3.7,3.64,19.5,-1.4,C 基底修復,False,3:44,111.8,跌,12.0,1,False,,-0.037,0.3722,-9.7347,False,True,1.91,0.52,356.09,0.56,0.15,14075.2,OHLC,↑,HH/HL,次級回檔,False,262,3,TSLA,AI_R13+SubSector_R12+Combined_R22+10MA_R20
VOYA,2026-09-16,100.28,2.36,True,101.11,0.008,0.21,False,90.8,-0.81,91.7,True,2.35,1.2,74.5,-1.5,A 待突破,False,3:40,110.0,跌,11.0,2,False,,-0.2497,-0.0574,-0.6207,False,True,-0.83,-0.35,104.19,-3.9,-1.66,92.8,OHLC,—,LH/LL,自然回檔,False,262,3,VOYA,Combined_R22
HYPD,2026-09-16,3.27,0.28,True,3.28,0.005,0.37,True,43.3,1.2,42.1,False,8.43,5.35,15.0,0.0,E 延伸,False,3:32,106.2,跌,9.0,1,False,,-0.0157,0.0025,-0.0414,False,True,-0.36,-0.04,3.49,-6.73,-0.8,2.4,OHLC,—,HH/HL,DT,False,262,3,HYPD,10MA_R20
BG,2026-09-16,117.13,4.36,True,116.4,0.57,0.7,False,79.0,-1.43,80.5,True,3.72,2.2,56.1,2.7,B 上升結構,False,3:32,105.9,跌,9.0,1,False,,-0.0047,0.4494,-1.4504,False,True,0.62,0.17,109.82,6.24,1.68,195.4,OHLC,—,HH/HL,DT,True,262,3,BG,SubSector_R12
HUM,2026-09-16,384.72,13.81,True,387.73,1.146,0.51,False,80.0,-0.76,80.7,True,3.59,2.16,70.2,-15.3,C 基底修復,False,3:30,105.2,跌,8.0,1,False,,-0.8479,0.5266,-6.6213,False,True,-0.78,-0.22,419.97,-9.16,-2.55,370.6,OHLC,—,LH/LL,自然回檔,False,262,3,HUM,SubSector_R12
AEP,2026-09-16,120.69,2.14,False,124.03,-0.276,-0.58,True,93.3,0.26,93.1,True,1.77,1.19,33.7,-0.6,D 趨勢弱,False,3:23,101.5,跌,6.0,1,False,,-0.0514,0.0471,-0.9056,False,True,-2.77,-1.56,125.42,-3.92,-2.21,401.3,OHLC,↓,LH/LL,DT,False,262,3,AEP,SubSector_R12
AD,2026-09-16,37.9,0.85,True,36.76,0.109,0.62,True,90.5,0.12,90.4,True,2.24,1.38,17.8,-1.5,D 趨勢弱,False,2:49,84.6,升,817.0,49,False,,0.0805,0.1369,,False,False,3.01,1.34,37.69,0.55,0.25,9.2,OHLC,—,HH/HL,自然回檔,True,262,3,AD,10MA_R20_跌出
AMPH,2026-09-16,23.95,0.73,True,21.93,0.143,0.77,True,81.0,0.07,81.0,True,3.06,2.48,33.6,-0.9,C 基底修復,False,2:49,84.6,升,237.0,36,False,,0.0321,0.0391,,False,False,8.44,2.76,22.93,4.26,1.39,9.5,OHLC,↑,HH/HL,UT,False,262,3,AMPH,10MA_R20
CI,2026-09-16,280.45,6.98,True,278.53,0.354,-0.04,False,87.4,-0.89,88.3,True,2.49,1.8,48.5,-11.5,C 基底修復,False,2:49,84.6,升,216.0,17,False,,0.7285,1.1716,,False,True,0.69,0.28,275.83,1.65,0.66,403.8,OHLC,↑,HH/HL,自然回檔,False,262,3,CI,SubSector_R12
FPI,2026-09-16,10.79,0.21,True,10.31,0.036,0.87,True,92.7,0.18,92.5,True,1.95,1.17,29.3,-1.9,C 基底修復,False,2:49,84.6,升,171.0,32,False,,0.012,0.0157,,False,False,4.48,2.3,10.13,6.12,3.13,6.5,OHLC,—,HH/HL,UT,True,262,3,FPI,10MA_R20
HSHP,2026-09-16,18.39,0.57,True,16.94,0.114,0.9,True,79.4,0.28,79.2,True,3.13,2.72,66.0,1.3,E 延伸,False,2:49,84.6,升,176.0,22,False,,0.0589,0.0715,,False,False,7.9,2.53,17.95,2.39,0.77,7.1,OHLC,↑,HH/HL,UT,False,262,3,HSHP,Combined_R22
LEA,2026-09-16,123.19,3.81,True,125.41,0.035,-0.74,False,81.1,-1.91,83.0,True,3.09,2.44,25.8,-17.8,C 基底修復,False,2:49,84.6,升,134.0,19,False,,0.083,0.4745,,False,True,-1.8,-0.58,130.82,-6.19,-2.0,72.8,OHLC,↓,LH/LL,DT,False,262,3,LEA,SubSector_R12
META,2026-09-16,673.31,20.96,True,600.3,3.075,0.94,True,79.0,0.54,78.4,True,3.11,2.82,28.4,-0.9,E 延伸,False,2:49,84.6,升,214.0,15,False,,10.0185,10.4394,,False,False,10.84,3.48,578.85,14.03,4.51,12146.7,OHLC,↑,HH/HL,UT,False,262,3,META,AI_R13+SubSector_R12+Combined_R22+10MA_R20
MO,2026-09-16,70.1,1.53,True,67.54,0.058,-0.07,True,88.0,0.16,87.8,True,2.18,1.99,53.3,-2.5,C 基底修復,False,2:49,84.6,升,159.0,18,False,,0.2866,0.2894,,False,False,3.65,1.67,67.89,3.15,1.45,575.4,OHLC,—,HH/HL,UT,True,262,3,MO,SubSector_R12
NI,2026-09-16,40.66,0.73,False,41.75,-0.126,-0.69,True,93.2,0.12,93.1,True,1.78,1.21,25.7,0.6,D 趨勢弱,False,2:49,84.6,升,101.0,12,False,,0.1015,0.1326,,False,True,-2.68,-1.5,41.9,-3.05,-1.71,202.3,OHLC,—,LH/LL,自然回檔,True,262,3,NI,SubSector_R12
RDDT,2026-09-16,157.6,8.4,True,160.64,0.038,0.16,True,55.7,0.27,55.4,False,5.33,5.26,22.6,0.2,D 趨勢弱,False,2:49,84.6,升,99.0,10,False,,1.5037,1.6144,,False,True,-1.93,-0.36,144.8,8.12,1.52,705.5,OHLC,↑,HH/HL,自然回檔,False,262,3,RDDT,SubSector_R12+Combined_R22
UNM,2026-09-16,94.82,2.25,True,92.44,0.271,0.95,False,88.3,-0.56,88.9,True,2.37,1.72,68.2,-2.7,A 待突破,False,2:49,84.6,升,113.0,14,False,,0.1202,0.1897,,False,True,2.51,1.06,93.07,1.85,0.78,151.0,OHLC,—,HH/HL,自然反彈,True,262,3,UNM,Combined_R22+10MA_R20
OHI,2026-09-16,46.91,0.95,False,46.9,-0.055,-0.65,True,91.8,0.05,91.7,True,2.02,1.32,39.7,0.2,C 基底修復,False,2:42,81.1,升,95.0,11,False,,0.1308,0.1548,,False,True,0.02,0.01,45.76,2.45,1.21,86.4,OHLC,—,HH/HL,UT,True,262,3,OHI,SubSector_R12+10MA_R20
AAPL,2026-09-16,332.41,7.35,True,316.12,0.949,0.29,True,87.7,0.33,87.3,True,2.21,2.03,70.1,9.5,E 延伸,False,2:14,67.0,升,87.0,15,False,,1.5385,1.5966,,False,False,4.9,2.22,315.34,5.14,2.32,13923.5,OHLC,↑,HH/HL,UT,False,262,3,AAPL,AI_R13+SubSector_R12
ELV,2026-09-16,412.56,10.98,True,403.24,1.604,0.77,False,84.1,-0.12,84.2,True,2.66,2.29,68.6,-2.8,A 待突破,False,1:17,38.3,升,71.0,11,False,,1.2394,1.8094,,False,True,2.26,0.85,396.9,3.8,1.43,436.3,OHLC,↑,HH/HL,自然回檔,False,262,3,ELV,SubSector_R12
NJR,2026-09-16,53.5,0.99,False,54.3,-0.2,-0.94,True,92.7,0.17,92.6,True,1.85,1.26,27.1,-8.2,C 基底修復,False,1:17,38.3,升,71.0,9,False,,0.0808,0.0544,,False,True,-1.5,-0.81,54.31,-1.51,-0.82,29.5,OHLC,—,LH/LL,DT,True,262,3,NJR,SubSector_R12
BRK-B,2026-09-16,519.8,6.15,True,509.0,0.234,0.05,False,96.4,-0.09,96.5,True,1.18,0.91,66.3,-1.2,C 基底修復,False,1:09,34.4,升,69.0,7,False,,1.4719,1.1411,,False,True,2.08,1.76,501.12,3.59,3.04,2089.6,OHLC,↑,HH/HL,UT,False,262,3,BRK/B,10MA_R20
OWL,2026-09-16,10.12,0.42,False,11.61,-0.033,0.27,False,73.6,-0.38,74.0,False,4.17,2.78,3.9,0.5,D 趨勢弱,True,8:49,264.6,跌,137.0,20,True,0.0,-0.2403,-0.2417,-0.2417,True,False,-14.73,-3.53,11.84,-17.0,-4.08,186.9,OHLC,↓,LH/LL,DT,False,262,2,OWL,SubSector_R12
SNPS,2026-09-16,378.47,15.54,False,408.16,-0.897,-0.03,True,73.3,0.89,72.4,False,4.1,2.91,6.6,4.4,D 趨勢弱,False,5:53,176.4,跌,48.0,8,True,0.0,-4.5356,-4.764,-5.4041,True,False,-7.84,-1.91,388.99,-2.78,-0.68,743.5,OHLC,↓,LH/LL,自然反彈,False,262,2,SNPS,AI_R13+SubSector_R12+Combined_R22+RateHike_R2_受惠
TGTX,2026-09-16,55.85,2.44,True,52.89,0.377,0.35,False,71.8,-0.74,72.5,False,4.36,2.93,71.0,9.4,B 上升結構,False,5:32,165.8,跌,42.0,4,True,0.0,-0.1693,-0.2793,-1.1746,True,False,5.3,1.21,53.93,3.44,0.79,105.5,OHLC,—,HH/HL,自然反彈,True,262,2,TGTX,Combined_R22
AEHR,2026-09-16,84.25,9.55,False,99.7,-0.68,0.08,True,26.7,1.51,25.2,False,11.33,9.05,40.0,0.0,D 趨勢弱,False,4:38,139.1,跌,27.0,3,True,0.0,-0.5537,-0.5887,-5.1006,True,False,-18.34,-1.62,123.3,-46.35,-4.09,232.2,OHLC,—,HH/HL,自然反彈,False,262,2,AEHR,AI_R13
FN,2026-09-16,392.68,25.37,False,462.41,-5.307,-0.35,True,50.9,1.4,49.5,False,6.46,5.26,10.9,0.5,D 趨勢弱,False,4:28,134.1,跌,24.0,3,True,0.0,-0.439,-1.3599,-11.7417,True,False,-17.76,-2.75,418.27,-6.52,-1.01,349.6,OHLC,—,LH/LL,自然反彈,True,262,2,FN,AI_R13+Combined_R22
TSEM,2026-09-16,202.2,13.59,False,225.36,-1.525,-0.16,True,48.1,1.63,46.4,False,6.72,5.72,10.0,0.0,D 趨勢弱,False,4:23,131.5,跌,23.0,3,True,0.0,-0.9222,-1.2811,-3.6452,True,False,-11.45,-1.7,221.23,-9.41,-1.4,263.3,OHLC,↓,LH/LL,自然反彈,False,75,2,TSEM,AI_R13
MTSI,2026-09-16,251.75,15.62,False,278.83,-0.66,0.13,True,53.6,1.25,52.3,False,6.2,4.87,21.9,-7.6,D 趨勢弱,False,4:09,124.4,跌,19.0,3,True,0.0,-1.5609,-1.644,-5.4826,True,False,-10.75,-1.73,273.31,-8.56,-1.38,311.3,OHLC,↓,LH/LL,自然反彈,False,262,2,MTSI,AI_R13
CAMT,2026-09-16,138.59,8.32,False,149.45,-0.483,0.12,True,54.1,1.39,52.7,False,6.0,4.95,0.0,-10.0,D 趨勢弱,False,4:00,120.0,跌,17.0,2,True,0.0,-0.0729,-0.1142,-2.7099,True,False,-7.84,-1.3,146.66,-5.82,-0.97,52.6,OHLC,—,LH/LL,次級反彈,False,75,2,CAMT,AI_R13
BRKR,2026-09-16,60.67,2.9,True,56.37,0.725,-0.17,False,61.4,-0.62,62.0,False,4.78,4.56,70.3,3.6,B 上升結構,True,9:36,288.0,升,10.0,1,False,1.0,0.0333,-0.4135,,False,False,7.09,1.48,56.03,7.65,1.6,128.7,OHLC,↑,HH/HL,UT,False,262,2,BRKR,Combined_R22
LQDA,2026-09-16,68.45,3.44,False,74.37,-0.558,-0.74,True,64.3,0.63,63.7,False,5.03,3.72,53.2,-0.1,D 趨勢弱,True,9:32,286.2,升,9.0,1,False,1.0,0.1672,-0.0485,,False,False,-8.65,-1.72,69.68,-1.8,-0.36,76.5,OHLC,—,LH/LL,自然反彈,True,262,2,LQDA,Combined_R22
CIEN,2026-09-16,340.5,26.14,False,374.88,-2.731,-0.27,False,47.7,-1.0,48.7,False,7.68,4.85,20.0,0.0,D 趨勢弱,True,8:49,264.6,跌,168.0,13,True,1.0,-1.1182,-2.4272,-7.7504,True,False,-10.1,-1.31,349.54,-2.65,-0.35,808.6,OHLC,—,LH/LL,次級反彈,True,262,2,CIEN,AI_R13+SubSector_R12+Combined_R22
COF,2026-09-16,203.19,5.08,False,216.01,-0.755,-0.21,False,87.6,-0.77,88.4,True,2.5,1.75,26.2,-0.8,D 趨勢弱,True,8:49,264.6,跌,136.0,20,False,1.0,-1.6769,-1.5425,-1.6769,False,False,-6.31,-2.53,220.5,-8.52,-3.41,646.4,OHLC,↓,LH/LL,DT,False,262,2,COF,SubSector_R12
MLM,2026-09-16,496.76,13.39,False,523.11,-1.771,-0.73,False,85.4,-0.53,85.9,True,2.7,2.01,7.2,-0.3,D 趨勢弱,True,8:49,264.6,跌,109.0,12,False,1.0,-0.4366,-0.2028,-4.3102,False,False,-5.3,-1.97,517.07,-4.09,-1.52,355.9,OHLC,—,LH/LL,DT,True,262,2,MLM,SubSector_R12
SYF,2026-09-16,74.88,2.07,False,78.62,-0.114,-0.06,False,84.3,-0.64,85.0,True,2.76,2.14,31.5,-12.8,D 趨勢弱,True,8:49,264.6,跌,146.0,19,False,1.0,-0.5259,-0.4924,-0.5259,False,False,-4.99,-1.81,80.8,-7.9,-2.86,241.4,OHLC,↓,LH/LL,DT,False,262,2,SYF,SubSector_R12
APD,2026-09-16,287.08,6.13,False,301.53,-0.41,-0.12,False,89.7,-0.32,90.0,True,2.13,1.68,45.3,0.7,C 基底修復,True,8:32,256.2,跌,92.0,9,False,1.0,-2.2249,-2.2036,-2.3348,False,False,-5.03,-2.36,300.2,-4.57,-2.14,295.5,OHLC,↓,LH/LL,DT,False,262,2,APD,AI_R13+SubSector_R12
IOT,2026-09-16,40.66,2.43,True,40.02,0.083,0.18,False,58.5,-0.61,59.2,False,5.97,3.98,54.1,-2.9,B 上升結構,False,10:06,303.1,升,18.0,2,False,2.0,0.065,0.0754,,False,True,1.56,0.26,39.14,3.74,0.63,314.0,OHLC,—,HH/HL,次級回檔,False,262,2,IOT,Combined_R22
ILMN,2026-09-16,228.93,9.5,True,208.84,1.644,0.35,False,73.5,-0.19,73.7,False,4.15,2.8,65.0,1.4,E 延伸,True,9:33,286.6,升,9.0,1,False,2.0,0.0256,-1.0846,,False,False,8.78,2.11,,,,474.7,OHLC,—,LH/LL,UT,False,262,2,ILMN,SubSector_R12
ALOY,2026-09-16,8.15,0.85,False,11.36,-0.063,0.38,False,31.6,-0.16,31.7,False,10.49,7.5,18.1,0.4,D 趨勢弱,True,8:49,264.6,跌,107.0,16,True,2.0,-0.2728,-0.2847,-0.6155,True,False,-39.43,-3.76,10.21,-25.28,-2.41,16.1,OHLC,↓,LH/LL,DT,False,262,2,ALOY,SubSector_R12
ARES,2026-09-16,124.21,4.65,False,139.51,-0.552,0.21,False,77.1,-1.88,79.0,True,3.74,2.55,21.4,-8.9,D 趨勢弱,True,8:49,264.6,跌,148.0,19,False,2.0,-2.1017,-1.8357,-2.1017,False,False,-12.32,-3.29,141.52,-13.94,-3.73,231.6,OHLC,↓,LH/LL,DT,False,262,2,ARES,SubSector_R12
BRO,2026-09-16,65.88,1.92,False,70.5,-0.174,-0.49,False,82.8,-0.23,83.1,True,2.91,2.29,25.7,0.4,D 趨勢弱,True,8:49,264.6,跌,153.0,14,False,2.0,-0.7037,-0.6951,-0.9092,False,False,-7.01,-2.41,68.33,-3.72,-1.28,110.2,OHLC,↓,LH/LL,DT,False,262,2,BRO,SubSector_R12
DNLI,2026-09-16,20.06,0.82,False,23.47,-0.171,-0.63,True,72.9,0.16,72.7,False,4.09,2.99,15.2,0.9,D 趨勢弱,True,8:49,264.6,跌,189.0,17,False,2.0,-0.3437,-0.3365,-0.4892,False,False,-16.98,-4.15,25.7,-28.12,-6.87,25.0,OHLC,↓,LH/LL,DT,False,262,2,DNLI,SubSector_R12
KKR,2026-09-16,96.84,3.5,False,107.3,-0.292,0.0,False,78.7,-1.49,80.2,True,3.62,2.36,15.8,-0.2,D 趨勢弱,True,8:49,264.6,跌,164.0,19,False,2.0,-1.3745,-1.1993,-1.3745,False,False,-10.81,-2.99,110.46,-14.06,-3.89,336.5,OHLC,↓,LH/LL,DT,False,262,2,KKR,SubSector_R12+Combined_R22
MAA,2026-09-16,121.9,2.27,False,129.78,-0.373,-0.95,False,92.8,-0.66,93.4,True,1.86,1.24,14.4,-1.4,D 趨勢弱,True,8:49,264.6,跌,190.0,15,False,2.0,-0.5287,-0.3992,-0.8631,False,False,-6.46,-3.48,130.02,-6.66,-3.58,108.3,OHLC,↓,LH/LL,DT,False,262,2,MAA,SubSector_R12
RAPP,2026-09-16,41.39,2.12,True,47.03,0.015,0.15,False,67.1,-0.96,68.1,False,5.12,3.06,39.4,-17.4,D 趨勢弱,True,8:49,264.6,跌,175.0,12,False,2.0,-0.9584,-0.9181,-0.9747,False,False,-13.62,-2.66,42.78,-3.36,-0.66,12.1,OHLC,↓,LH/LL,DT,False,262,2,RAPP,Combined_R22
RHI,2026-09-16,37.09,1.7,False,42.31,-0.088,-0.05,False,65.0,-0.31,65.3,False,4.57,4.05,47.0,-3.1,D 趨勢弱,True,8:49,264.6,跌,190.0,15,True,2.0,-0.8695,-0.8903,-1.0764,True,False,-14.07,-3.08,38.73,-4.42,-0.97,76.5,OHLC,↓,LH/LL,DT,False,262,2,RHI,SubSector_R12
SOFI,2026-09-16,16.84,0.75,False,18.1,-0.068,0.57,True,69.3,0.21,69.1,False,4.43,3.34,17.0,-1.4,D 趨勢弱,True,8:49,264.6,跌,109.0,12,False,2.0,-0.1543,-0.1375,-0.2562,False,False,-7.48,-1.69,17.65,-4.81,-1.09,669.4,OHLC,↓,LH/LL,DT,False,262,2,SOFI,SubSector_R12
TRVI,2026-09-16,15.01,0.76,False,17.39,-0.177,-0.69,True,63.9,0.69,63.2,False,5.08,3.75,46.6,0.2,D 趨勢弱,True,8:49,264.6,跌,124.0,19,False,2.0,-0.2316,-0.2193,-0.2396,False,False,-15.85,-3.12,17.26,-14.99,-2.95,22.7,OHLC,↓,LH/LL,DT,False,262,2,TRVI,Combined_R22
VICI,2026-09-16,24.53,0.43,False,25.82,-0.091,-0.79,False,92.9,-0.15,93.1,True,1.77,1.29,9.5,0.6,D 趨勢弱,True,8:49,264.6,跌,170.0,14,False,2.0,-0.0874,-0.081,-0.1023,False,False,-5.25,-2.97,25.93,-5.71,-3.22,231.3,OHLC,↓,LH/LL,DT,False,262,2,VICI,SubSector_R12
WCN,2026-09-16,156.5,3.09,False,165.09,-0.273,-0.46,False,91.7,-0.53,92.2,True,1.98,1.39,28.7,-2.1,D 趨勢弱,True,8:49,264.6,跌,133.0,16,False,2.0,-0.8139,-0.6708,-1.2968,False,False,-5.49,-2.78,167.24,-6.86,-3.47,148.4,OHLC,↓,LH/LL,DT,False,75,2,WCN,SubSector_R12
WM,2026-09-16,214.0,3.93,False,221.54,-0.314,-0.61,False,92.3,-0.33,92.6,True,1.84,1.39,22.6,-2.0,D 趨勢弱,True,8:49,264.6,跌,462.0,37,False,2.0,-0.1642,-0.0829,-2.0666,False,False,-3.52,-1.92,222.22,-3.84,-2.09,459.3,OHLC,—,LH/LL,自然反彈,True,262,2,WM,SubSector_R12
WTW,2026-09-16,312.91,8.12,False,334.64,-0.885,-0.18,False,86.0,-0.98,87.0,True,2.6,1.97,46.1,-18.2,C 基底修復,True,8:49,264.6,跌,290.0,24,False,2.0,-3.5744,-3.4722,-4.663,False,False,-6.94,-2.68,323.71,-3.45,-1.33,135.8,OHLC,↓,LH/LL,DT,False,262,2,WTW,SubSector_R12
CRH,2026-09-16,86.7,2.63,False,94.41,-0.398,-0.64,False,84.3,-0.46,84.8,True,3.04,1.87,5.3,0.0,D 趨勢弱,True,8:08,243.8,跌,85.0,11,False,2.0,-0.3869,-0.3648,-0.7173,False,False,-8.89,-2.93,94.26,-8.72,-2.87,385.1,OHLC,↓,LH/LL,DT,False,262,2,CRH,SubSector_R12
YUM,2026-09-16,137.96,4.2,False,149.1,-0.311,-0.44,False,84.0,-0.2,84.2,True,3.04,1.93,24.3,-1.0,D 趨勢弱,True,7:22,220.9,跌,73.0,7,False,2.0,-1.3188,-1.0964,-2.0092,False,False,-8.07,-2.65,,,,313.9,OHLC,—,HH/HL,DT,False,262,2,YUM,SubSector_R12
SGP,2026-09-16,28.6,1.48,True,26.94,0.229,0.81,False,62.4,-1.24,63.6,False,5.17,3.98,47.9,-1.5,E 延伸,True,7:00,210.0,跌,67.0,6,False,2.0,-0.0721,-0.0647,-0.1396,False,False,5.79,1.12,27.31,4.51,0.87,2.7,OHLC,—,HH/HL,UT,True,153,2,SGP,10MA_R20
CRM,2026-09-16,250.54,9.9,True,229.48,1.337,0.88,True,70.1,0.02,70.1,False,3.95,3.66,57.5,-1.5,E 延伸,False,5:39,169.4,跌,44.0,5,False,2.0,-1.3685,-0.7888,-1.3685,False,False,8.4,2.13,243.0,3.01,0.76,4089.1,OHLC,↑,HH/HL,次級回檔,False,262,2,CRM,AI_R13+SubSector_R12+Combined_R22
SPGI,2026-09-16,406.76,11.49,True,425.05,0.21,0.06,False,84.1,-0.15,84.3,True,2.83,2.12,16.3,-0.5,D 趨勢弱,False,5:24,162.0,跌,40.0,6,False,2.0,-3.5416,-3.2366,-4.2916,False,False,-4.5,-1.59,422.67,-3.91,-1.38,751.5,OHLC,↓,LH/LL,DT,False,262,2,SPGI,SubSector_R12
CRCL,2026-09-16,80.45,6.96,True,84.58,0.462,0.56,False,40.5,-2.43,43.0,False,8.65,5.97,22.1,-2.9,D 趨勢弱,False,4:39,139.3,跌,27.0,5,False,2.0,-1.8202,-1.0343,-1.8202,False,True,-5.13,-0.59,,,,1363.7,OHLC,—,HH/HL,DT,False,262,2,CRCL,SubSector_R12
INBK,2026-09-16,27.54,1.05,False,28.56,-0.042,-0.12,False,77.4,-1.42,78.8,True,3.81,2.43,50.4,-20.7,C 基底修復,False,4:25,132.7,跌,24.0,4,False,2.0,-0.0903,-0.0236,-0.2749,False,True,-3.71,-0.97,28.59,-3.81,-1.0,1.5,OHLC,—,HH/HL,DT,False,262,2,INBK,10MA_R20_跌出
MTCH,2026-09-16,43.58,1.27,True,40.29,0.1,0.41,False,82.9,-0.2,83.1,True,2.93,2.26,53.6,-2.5,E 延伸,False,10:48,324.0,升,30.0,3,False,3.0,0.1445,0.1493,,False,False,7.55,2.58,41.15,5.58,1.91,141.5,OHLC,↑,HH/HL,UT,False,262,2,MTCH,SubSector_R12
ACI,2026-09-16,12.56,0.41,True,12.26,0.032,0.31,False,73.0,-0.22,73.2,False,3.3,3.77,12.0,-9.6,D 趨勢弱,False,10:32,316.0,升,26.0,3,False,3.0,0.0723,0.0703,,False,True,2.39,0.72,12.69,-1.04,-0.31,88.9,OHLC,—,LH/LL,自然回檔,False,262,2,ACI,SubSector_R12
AFL,2026-09-16,116.81,1.93,False,118.59,-0.33,-0.89,False,93.8,-0.03,93.8,True,1.66,1.19,37.8,-0.8,C 基底修復,False,10:18,309.0,升,22.0,3,False,3.0,0.2757,0.2294,,False,True,-1.53,-0.92,118.36,-1.33,-0.8,254.0,OHLC,↓,LH/LL,自然反彈,False,262,2,AFL,SubSector_R12
NUTX,2026-09-16,217.32,11.04,True,187.51,1.658,0.76,True,58.2,0.39,57.8,False,5.08,4.96,65.0,0.4,E 延伸,False,10:08,303.8,升,19.0,3,False,3.0,1.7833,1.4872,,False,False,13.72,2.7,190.66,12.27,2.42,32.9,OHLC,↑,HH/HL,UT,False,262,2,NUTX,10MA_R20
PD,2026-09-16,14.48,0.57,True,13.02,0.092,1.03,True,71.1,0.68,70.4,False,3.96,3.46,47.2,-0.1,E 延伸,False,10:07,303.5,升,19.0,3,False,3.0,0.0221,0.0332,,False,False,10.08,2.55,13.77,4.9,1.24,23.9,OHLC,↑,HH/HL,自然回檔,False,262,2,PD,10MA_R20
ZS,2026-09-16,191.58,9.92,True,177.26,1.01,0.51,False,63.1,-0.08,63.2,False,5.18,3.82,40.7,1.1,D 趨勢弱,True,9:49,294.6,升,14.0,2,False,3.0,0.9554,0.2812,,False,False,7.47,1.44,,,,650.0,OHLC,—,LH/LL,UT,False,262,2,ZS,SubSector_R12+Combined_R22
HON,2026-09-16,207.66,5.06,False,220.34,-1.865,-1.5,False,86.8,-0.25,87.0,True,2.44,1.99,18.4,4.5,D 趨勢弱,True,9:27,283.5,升,7.0,1,False,3.0,0.0215,-0.533,,False,False,-6.11,-2.51,220.67,-6.27,-2.57,595.7,OHLC,↓,LH/LL,自然反彈,False,262,2,HON,SubSector_R12
AFRM,2026-09-16,71.58,3.67,False,75.64,-0.163,-0.11,True,66.7,0.21,66.5,False,5.13,3.15,42.6,3.7,C 基底修復,True,8:49,264.6,跌,102.0,12,False,3.0,-0.1732,-0.2411,-1.8687,True,False,-5.68,-1.11,73.38,-2.51,-0.49,415.4,OHLC,↓,LH/LL,自然回檔,False,262,2,AFRM,SubSector_R12
ASML,2026-09-16,1602.22,57.27,False,1726.74,-3.618,0.08,True,74.8,0.51,74.2,False,3.57,3.15,44.9,-2.0,D 趨勢弱,True,8:49,264.6,跌,125.0,17,False,3.0,-13.33,-12.9045,-28.859,False,False,-7.77,-2.17,1764.85,-10.15,-2.84,1882.6,OHLC,↓,LH/LL,DT,False,262,2,ASML,AI_R13+SubSector_R12+Combined_R22
AXP,2026-09-16,312.43,6.39,False,332.86,-1.755,-0.54,False,90.7,-1.52,92.2,True,2.05,1.53,27.4,-4.6,D 趨勢弱,True,8:49,264.6,跌,269.0,42,False,3.0,-0.9566,-0.3227,-3.5046,False,False,-6.54,-3.2,327.78,-4.91,-2.4,772.0,OHLC,↓,LH/LL,DT,False,262,2,AXP,SubSector_R12+Combined_R22
BC,2026-09-16,67.72,2.59,False,76.94,-0.532,-0.84,False,79.7,-0.53,80.2,True,3.82,1.97,0.9,-0.9,D 趨勢弱,True,8:49,264.6,跌,171.0,18,False,3.0,-0.6723,-0.6711,-0.8949,False,False,-13.62,-3.56,74.43,-9.91,-2.59,48.1,OHLC,↓,LH/LL,DT,False,262,2,BC,SubSector_R12
BLK,2026-09-16,1037.24,24.37,False,1133.14,-3.775,-0.17,False,88.1,-0.99,89.1,True,2.35,1.8,28.5,-1.9,D 趨勢弱,True,8:49,264.6,跌,181.0,19,False,3.0,-12.7353,-12.3077,-14.0844,False,False,-9.25,-3.94,1187.17,-14.45,-6.15,588.7,OHLC,↓,LH/LL,DT,False,262,2,BLK,SubSector_R12
BX,2026-09-16,123.45,4.23,False,138.59,-0.358,-0.0,False,80.1,-1.3,81.4,True,3.43,2.29,19.9,-1.8,D 趨勢弱,True,8:49,264.6,跌,149.0,19,False,3.0,-2.0312,-1.9954,-2.334,False,False,-12.27,-3.58,128.51,-4.1,-1.2,396.6,OHLC,↓,LH/LL,DT,False,262,2,BX,SubSector_R12+Combined_R22
CBRE,2026-09-16,138.56,4.41,False,146.64,-0.427,-0.35,False,82.1,-0.49,82.6,True,3.18,2.15,12.4,1.0,D 趨勢弱,True,8:49,264.6,跌,183.0,16,False,3.0,-1.0616,-1.1023,-1.4979,True,False,-5.83,-1.83,148.74,-7.35,-2.31,215.4,OHLC,↓,LH/LL,自然反彈,False,262,2,CBRE,SubSector_R12
COMP,2026-09-16,10.33,0.54,False,11.51,-0.071,-0.54,True,64.1,0.15,64.0,False,5.22,3.56,26.0,-1.1,D 趨勢弱,True,8:49,264.6,跌,173.0,21,False,3.0,-0.0612,-0.0704,-0.2689,True,False,-11.45,-2.19,10.65,-3.1,-0.59,119.0,OHLC,—,LH/LL,DT,True,262,2,COMP,SubSector_R12
EMR,2026-09-16,145.83,3.93,False,155.87,-0.392,-0.02,False,85.8,-0.28,86.0,True,2.69,1.93,41.0,-0.7,D 趨勢弱,True,8:49,264.6,跌,122.0,20,False,3.0,-1.0025,-0.9482,-1.793,False,False,-6.88,-2.56,152.82,-4.79,-1.78,307.5,OHLC,↓,LH/LL,DT,False,262,2,EMR,SubSector_R12
FDX,2026-09-16,301.72,7.39,False,323.27,-0.409,0.03,False,88.3,-0.5,88.8,True,2.45,1.65,42.1,-2.9,C 基底修復,True,8:49,264.6,跌,117.0,12,False,3.0,-2.5785,-2.2854,-2.6156,False,False,-7.14,-2.92,321.02,-6.4,-2.61,432.5,OHLC,↓,LH/LL,DT,False,262,2,FDX,SubSector_R12+RateHike_R2_迴避
HMY,2026-09-16,19.22,0.89,True,20.45,0.037,0.48,False,66.4,-0.17,66.6,False,4.61,3.72,43.0,-5.1,C 基底修復,True,8:49,264.6,跌,196.0,13,False,3.0,-0.3123,-0.2879,-0.3958,False,False,-6.39,-1.39,19.28,-0.31,-0.07,80.6,OHLC,—,HH/HL,自然回檔,True,262,2,HMY,Combined_R22
HRB,2026-09-16,45.11,1.65,False,49.91,-0.023,0.07,True,74.3,0.17,74.1,False,3.65,3.16,48.9,3.2,D 趨勢弱,True,8:49,264.6,跌,150.0,14,False,3.0,-0.9426,-1.0255,-1.2778,True,False,-10.63,-2.91,46.85,-3.86,-1.06,70.0,OHLC,↓,LH/LL,自然反彈,False,262,2,HRB,SubSector_R12
INFY,2026-09-16,11.08,0.37,False,11.87,-0.042,-0.55,False,78.9,-0.18,79.0,True,3.36,2.6,24.9,0.6,D 趨勢弱,True,8:49,264.6,跌,183.0,22,False,3.0,-0.069,-0.0681,-0.1344,False,False,-7.1,-2.12,11.6,-4.69,-1.4,171.3,OHLC,↓,LH/LL,DT,False,75,2,INFY,SubSector_R12
JLL,2026-09-16,340.18,11.16,False,365.74,-1.09,-0.09,False,82.1,-0.31,82.4,True,3.28,2.05,42.1,0.5,C 基底修復,True,8:49,264.6,跌,120.0,14,False,3.0,-4.2104,-4.5464,-5.4642,True,False,-7.51,-2.29,367.78,-8.11,-2.47,105.2,OHLC,↓,LH/LL,DT,False,262,2,JLL,SubSector_R12
NCLH,2026-09-16,14.53,0.6,False,16.74,-0.229,-1.79,True,73.1,0.62,72.5,False,4.11,2.93,0.0,0.0,D 趨勢弱,True,8:49,264.6,跌,218.0,29,False,3.0,-0.0625,-0.0933,-0.2728,True,False,-15.2,-3.69,17.26,-18.79,-4.57,222.5,OHLC,↓,LH/LL,DT,False,262,2,NCLH,SubSector_R12
PHM,2026-09-16,117.55,3.34,False,125.83,-0.486,-0.77,False,84.1,-0.42,84.5,True,2.84,2.12,26.0,-1.1,D 趨勢弱,True,8:49,264.6,跌,188.0,25,False,3.0,-0.7054,-0.7687,-1.2094,True,False,-7.05,-2.48,130.68,-11.17,-3.94,155.6,OHLC,↓,LH/LL,自然反彈,False,262,2,PHM,SubSector_R12
PINS,2026-09-16,18.65,0.86,False,21.76,-0.314,-1.2,True,69.4,0.85,68.5,False,4.62,3.13,5.1,-0.4,D 趨勢弱,True,8:49,264.6,跌,237.0,29,False,3.0,-0.2831,-0.3166,-0.4851,True,False,-16.69,-3.62,19.69,-5.58,-1.21,222.9,OHLC,↓,LH/LL,DT,False,262,2,PINS,SubSector_R12
PL,2026-09-16,16.02,1.16,False,19.58,-0.196,-0.68,True,52.4,1.32,51.1,False,7.23,4.12,11.2,-0.1,D 趨勢弱,True,8:49,264.6,跌,171.0,15,False,3.0,-0.2352,-0.2829,-0.3313,True,False,-22.23,-3.08,19.99,-24.78,-3.43,168.5,OHLC,↓,LH/LL,DT,False,262,2,PL,SubSector_R12
PRU,2026-09-16,117.04,2.54,False,120.85,-0.218,-0.27,False,91.1,-0.73,91.8,True,2.17,1.34,51.0,-8.4,C 基底修復,True,8:49,264.6,跌,348.0,30,False,3.0,-0.3657,-0.2679,-0.9553,False,False,-3.25,-1.5,123.57,-5.58,-2.57,186.9,OHLC,↓,LH/LL,DT,False,262,2,PRU,SubSector_R12
SHW,2026-09-16,321.46,7.71,False,344.44,-1.625,-0.64,False,87.0,-0.15,87.1,True,2.4,1.98,28.7,1.6,D 趨勢弱,True,8:49,264.6,跌,167.0,22,False,3.0,-1.6862,-1.9892,-3.5529,True,False,-7.15,-2.98,353.59,-10.0,-4.17,501.3,OHLC,↓,LH/LL,自然反彈,False,262,2,SHW,SubSector_R12
SLG,2026-09-16,51.75,1.73,False,55.65,-0.151,-0.15,False,81.4,-0.28,81.7,True,3.34,2.12,46.6,-1.2,C 基底修復,True,8:49,264.6,跌,165.0,13,False,3.0,-0.62,-0.678,-0.8307,True,False,-7.54,-2.25,53.08,-2.57,-0.77,38.0,OHLC,↓,LH/LL,DT,False,262,2,SLG,SubSector_R12
SPG,2026-09-16,202.94,3.62,False,215.48,-0.981,-1.23,False,93.2,-0.24,93.5,True,1.78,1.2,40.3,-2.1,C 基底修復,True,8:49,264.6,跌,305.0,32,False,3.0,-0.7193,-0.7833,-1.7103,True,False,-6.18,-3.47,206.94,-1.97,-1.11,240.4,OHLC,↓,LH/LL,DT,False,262,2,SPG,SubSector_R12
STT,2026-09-16,182.9,4.49,False,189.39,-0.093,0.29,False,89.1,-0.36,89.4,True,2.45,1.49,67.6,-7.6,C 基底修復,True,8:49,264.6,跌,137.0,12,False,3.0,-1.2895,-0.9504,-1.2895,False,False,-3.55,-1.44,195.4,-6.83,-2.78,263.3,OHLC,↓,LH/LL,DT,False,262,2,STT,Combined_R22
TCEHY,2026-09-16,54.51,1.25,False,57.15,-0.181,-0.76,False,86.0,-0.54,86.5,True,2.29,2.29,28.1,-3.9,D 趨勢弱,True,8:49,264.6,跌,208.0,25,False,3.0,-0.0783,-0.0715,-0.6107,False,False,-4.85,-2.12,55.79,-2.35,-1.03,161.6,OHLC,—,LH/LL,自然回檔,True,75,2,TCEHY,AI_R13
TOL,2026-09-16,132.64,3.99,False,144.01,-0.6,-0.73,False,83.0,-0.19,83.2,True,3.01,2.16,14.1,0.1,D 趨勢弱,True,8:49,264.6,跌,169.0,25,False,3.0,-0.7941,-0.8596,-1.2694,True,False,-8.57,-2.85,148.58,-12.02,-3.99,118.2,OHLC,↓,LH/LL,DT,False,262,2,TOL,SubSector_R12
TOST,2026-09-16,31.12,1.22,False,34.53,-0.021,0.02,False,76.4,-0.36,76.8,True,3.92,2.49,37.6,-2.7,C 基底修復,True,8:49,264.6,跌,187.0,14,False,3.0,-0.4866,-0.4601,-0.5718,False,False,-10.96,-2.8,33.29,-6.97,-1.78,253.2,OHLC,↓,LH/LL,DT,False,262,2,TOST,SubSector_R12
TPB,2026-09-16,70.12,2.99,False,81.98,-0.342,-0.12,True,72.2,1.72,70.5,False,4.26,2.95,10.0,0.0,D 趨勢弱,True,8:49,264.6,跌,118.0,14,False,3.0,-1.0366,-1.1483,-1.3862,True,False,-16.92,-3.97,88.26,-25.87,-6.08,17.2,OHLC,↓,LH/LL,DT,False,262,2,TPB,SubSector_R12
TT,2026-09-16,421.68,11.16,False,454.67,-1.709,-0.38,False,86.7,-0.12,86.8,True,2.65,1.79,24.4,0.4,D 趨勢弱,True,8:49,264.6,跌,101.0,21,False,3.0,-2.118,-1.8484,-3.797,False,False,-7.82,-2.96,447.9,-6.22,-2.35,422.9,OHLC,↓,LH/LL,DT,False,262,2,TT,AI_R13+SubSector_R12
UPST,2026-09-16,24.85,1.39,False,28.98,-0.184,-0.27,True,65.0,0.11,64.9,False,5.58,3.03,10.0,10.0,D 趨勢弱,True,8:49,264.6,跌,106.0,12,False,3.0,-0.3403,-0.3459,-0.6567,True,False,-16.63,-2.98,26.1,-5.03,-0.9,103.7,OHLC,↓,LH/LL,DT,False,262,2,UPST,AI_R13
VMC,2026-09-16,244.3,6.68,False,268.4,-1.753,-0.91,False,85.8,-0.56,86.3,True,2.73,1.89,2.8,-0.8,D 趨勢弱,True,8:49,264.6,跌,162.0,21,False,3.0,-1.5161,-1.4224,-2.8544,False,False,-9.87,-3.61,281.19,-15.1,-5.52,239.6,OHLC,↓,LH/LL,DT,False,262,2,VMC,SubSector_R12
VNO,2026-09-16,34.82,1.13,False,37.55,-0.535,-1.15,False,83.7,-0.18,83.9,True,3.25,1.78,48.1,3.3,C 基底修復,True,8:49,264.6,跌,458.0,51,False,3.0,-0.215,-0.2672,-0.4075,True,False,-7.85,-2.41,35.44,-1.78,-0.55,40.6,OHLC,↓,LH/LL,自然回檔,False,262,2,VNO,SubSector_R12
LEN,2026-09-16,78.36,2.48,False,83.71,-0.405,-0.63,False,82.0,-0.88,82.8,True,3.17,2.19,5.5,-1.7,D 趨勢弱,True,8:45,262.4,跌,96.0,13,False,3.0,-0.5377,-0.5357,-0.781,False,False,-6.83,-2.16,80.07,-2.18,-0.69,246.7,OHLC,↓,LH/LL,自然回檔,False,262,2,LEN,SubSector_R12+RateHike_R2_迴避
LNC,2026-09-16,42.45,1.3,False,44.14,-0.136,-0.21,False,81.4,-1.07,82.5,True,3.07,2.41,44.1,-13.2,C 基底修復,True,8:42,260.8,跌,95.0,7,False,3.0,-0.1614,-0.083,-0.6391,False,False,-3.99,-1.3,45.9,-8.13,-2.65,79.6,OHLC,—,LH/LL,自然回檔,False,262,2,LNC,SubSector_R12
DHI,2026-09-16,138.32,3.91,False,144.59,-0.485,-0.53,False,83.7,-0.62,84.3,True,2.83,2.2,10.7,-1.6,D 趨勢弱,True,8:41,260.6,跌,95.0,13,False,3.0,-0.403,-0.4829,-1.6335,True,False,-4.54,-1.6,144.41,-4.4,-1.56,293.3,OHLC,↓,LH/LL,自然反彈,False,262,2,DHI,SubSector_R12+RateHike_R2_迴避
PLD,2026-09-16,133.74,2.36,False,139.22,-0.203,-0.58,False,92.5,-0.2,92.7,True,1.77,1.39,35.4,-2.3,C 基底修復,True,8:23,251.6,跌,90.0,11,False,3.0,-0.4119,-0.3721,-0.9361,False,False,-4.1,-2.32,138.98,-3.92,-2.22,414.4,OHLC,↓,LH/LL,DT,False,262,2,PLD,SubSector_R12
IBKR,2026-09-16,86.74,3.08,False,91.34,-0.023,0.11,False,77.5,-0.97,78.5,True,3.55,2.66,54.2,-6.5,C 基底修復,True,8:20,250.0,跌,89.0,10,False,3.0,-0.6773,-0.5233,-0.8603,False,False,-5.31,-1.5,93.29,-7.55,-2.13,330.6,OHLC,↓,LH/LL,DT,False,262,2,IBKR,Combined_R22
HIMS,2026-09-16,28.0,1.7,False,29.86,-0.103,0.14,True,52.0,1.02,51.0,False,6.09,5.36,35.3,-1.0,D 趨勢弱,True,7:21,220.5,跌,73.0,11,False,3.0,-0.0484,-0.0812,-1.1398,True,False,-6.64,-1.09,28.81,-2.89,-0.48,301.2,OHLC,—,LH/LL,自然回檔,True,262,2,HIMS,SubSector_R12
LULU,2026-09-16,95.98,4.95,False,110.53,-0.458,-0.56,True,65.3,0.38,64.9,False,5.16,3.39,0.0,0.0,D 趨勢弱,True,7:00,210.0,跌,67.0,8,False,3.0,-1.8667,-1.9705,-2.5032,True,False,-15.16,-2.94,100.3,-4.5,-0.87,713.7,OHLC,↓,LH/LL,DT,False,262,2,LULU,SubSector_R12+Combined_R22
HSBC,2026-09-16,100.84,1.71,False,103.71,-0.296,-0.41,False,93.1,-0.39,93.5,True,1.69,1.31,52.7,-3.0,C 基底修復,False,5:30,165.0,跌,42.0,5,False,3.0,-0.4839,-0.3005,-0.5414,False,True,-2.85,-1.68,,,,125.0,OHLC,—,HH/HL,DT,False,262,2,HSBC,Combined_R22
APA,2026-09-16,44.79,1.66,True,42.31,0.411,1.03,False,76.7,-2.94,79.6,True,3.71,2.66,63.5,-9.0,B 上升結構,False,3:27,103.7,跌,8.0,1,False,3.0,-0.0103,0.0851,-0.1191,False,False,5.54,1.49,42.77,4.51,1.22,242.8,OHLC,↑,HH/HL,自然回檔,False,262,2,APA,RateHike_R2_索引
EGP,2026-09-16,197.87,3.27,False,200.71,-0.385,-0.76,False,94.1,-0.17,94.3,True,1.65,1.11,30.4,-0.8,D 趨勢弱,False,2:49,84.6,升,300.0,3,False,3.0,0.1319,0.1034,,False,True,-1.43,-0.87,201.13,-1.65,-1.0,71.7,OHLC,—,LH/LL,DT,True,75,2,EGP,SubSector_R12
CRSR,2026-09-16,13.16,0.69,True,12.49,0.05,0.42,False,55.0,-0.52,55.5,False,5.27,5.48,72.2,-5.7,B 上升結構,False,11:05,332.6,升,35.0,4,False,4.0,0.0659,0.0769,,False,True,5.08,0.96,12.83,2.51,0.48,16.4,OHLC,—,HH/HL,次級反彈,False,262,2,CRSR,10MA_R20
FTNT,2026-09-16,171.77,7.03,True,161.25,0.039,0.22,True,73.6,0.17,73.4,False,4.09,2.86,79.4,-2.7,E 延伸,False,10:49,324.7,升,30.0,3,False,4.0,1.302,0.9849,,False,False,6.13,1.5,166.0,3.36,0.82,728.4,OHLC,—,HH/HL,自然反彈,False,262,2,FTNT,AI_R13+SubSector_R12+Combined_R22
BJ,2026-09-16,92.98,2.58,False,93.33,-0.07,-0.29,False,85.5,-0.31,85.8,True,2.78,1.9,32.7,-21.0,D 趨勢弱,False,10:44,322.0,升,29.0,3,False,4.0,0.2508,0.2611,,False,True,-0.38,-0.14,90.49,2.68,0.96,184.7,OHLC,↑,HH/HL,自然回檔,False,262,2,BJ,SubSector_R12
AMAL,2026-09-16,46.62,1.13,False,48.79,-0.132,-0.4,False,89.8,-0.39,90.2,True,2.42,1.37,48.0,-0.5,C 基底修復,True,8:49,264.6,跌,255.0,28,False,4.0,-0.2263,-0.185,-0.3844,False,False,-4.65,-1.92,49.51,-6.2,-2.56,10.7,OHLC,↓,LH/LL,DT,False,262,2,AMAL,Combined_R22
BABA,2026-09-16,107.27,3.1,False,120.01,-0.511,-0.47,False,80.6,-0.13,80.7,True,2.89,2.74,14.7,-3.2,D 趨勢弱,True,8:49,264.6,跌,150.0,18,False,4.0,-0.7947,-0.8435,-1.8129,True,False,-11.88,-4.11,118.9,-10.84,-3.75,1291.0,OHLC,↓,LH/LL,DT,False,75,2,BABA,AI_R13
BF.B,2026-09-16,25.74,0.8,False,27.39,-0.075,-0.56,False,82.4,-0.42,82.8,True,3.13,2.15,20.6,4.9,D 趨勢弱,True,8:49,264.6,跌,123.0,25,False,4.0,-0.152,-0.1435,-0.2612,False,False,-6.4,-2.05,25.96,-0.85,-0.27,60.2,OHLC,↓,LH/LL,DT,False,262,2,BF/B,SubSector_R12
CURI,2026-09-16,2.79,0.17,False,3.31,-0.002,-0.08,True,49.1,0.61,48.5,False,5.97,6.21,29.6,9.6,D 趨勢弱,True,8:49,264.6,跌,150.0,18,False,4.0,-0.0007,-0.0049,-0.0534,True,False,-18.7,-3.13,2.84,-1.79,-0.3,2.7,OHLC,—,LH/LL,自然反彈,True,262,2,CURI,10MA_R20
DTIL,2026-09-16,6.63,0.4,False,7.77,-0.014,-0.02,True,60.4,0.83,59.6,False,5.96,3.59,39.3,0.0,D 趨勢弱,True,8:49,264.6,跌,120.0,12,False,4.0,-0.1423,-0.1414,-0.1982,False,False,-17.19,-2.88,,,,1.8,OHLC,—,HH/HL,DT,False,262,2,DTIL,SubSector_R12
EXR,2026-09-16,136.43,2.71,False,142.53,-0.459,-1.4,False,92.2,-0.06,92.2,True,1.98,1.26,21.4,-0.3,D 趨勢弱,True,8:49,264.6,跌,270.0,27,False,4.0,-0.2985,-0.3211,-0.8188,True,False,-4.47,-2.25,139.4,-2.18,-1.1,156.4,OHLC,—,LH/LL,自然回檔,True,262,2,EXR,SubSector_R12
LCID,2026-09-16,4.04,0.37,False,5.28,-0.127,-1.78,True,35.5,0.26,35.2,False,9.23,7.16,10.0,0.0,D 趨勢弱,True,8:49,264.6,跌,405.0,29,False,4.0,-0.0276,-0.0361,-0.2158,True,False,-30.57,-3.31,4.71,-16.58,-1.8,49.0,OHLC,↓,LH/LL,DT,False,262,2,LCID,SubSector_R12
LYV,2026-09-16,171.13,4.28,False,179.25,-0.479,-0.39,False,88.5,-0.1,88.6,True,2.5,1.56,39.2,3.0,C 基底修復,True,8:49,264.6,跌,227.0,21,False,4.0,-0.847,-1.0719,-1.5696,True,False,-4.74,-1.9,174.37,-1.89,-0.76,306.7,OHLC,↓,LH/LL,DT,False,262,2,LYV,SubSector_R12
MCD,2026-09-16,248.56,4.52,False,264.38,-0.999,-0.67,False,92.3,-0.07,92.3,True,1.82,1.4,8.6,1.0,D 趨勢弱,True,8:49,264.6,跌,158.0,16,False,4.0,-0.8671,-0.7024,-1.2782,False,False,-6.37,-3.5,258.45,-3.98,-2.19,1118.6,OHLC,↓,LH/LL,DT,False,262,2,MCD,SubSector_R12
ODFL,2026-09-16,174.36,6.19,False,197.32,-1.964,-1.12,False,81.6,-1.32,82.9,True,3.55,1.89,12.0,-1.3,D 趨勢弱,True,8:49,264.6,跌,315.0,36,False,4.0,-0.7212,-0.5672,-2.4627,False,False,-13.17,-3.71,203.44,-16.68,-4.69,295.7,OHLC,↓,LH/LL,DT,False,262,2,ODFL,SubSector_R12
PKG,2026-09-16,231.45,5.82,False,243.06,-0.647,-0.61,False,87.6,-0.03,87.6,True,2.52,1.74,32.8,1.2,C 基底修復,True,8:49,264.6,跌,248.0,22,False,4.0,-0.6894,-0.8773,-3.1818,True,False,-5.02,-1.99,234.04,-1.12,-0.44,133.8,OHLC,—,LH/LL,自然反彈,True,262,2,PKG,SubSector_R12
PSA,2026-09-16,294.68,6.3,False,312.9,-1.053,-0.9,False,91.3,-0.01,91.3,True,2.14,1.32,30.2,-0.3,D 趨勢弱,True,8:49,264.6,跌,302.0,23,False,4.0,-1.0771,-1.3145,-2.6991,True,False,-6.18,-2.89,324.5,-10.12,-4.73,233.1,OHLC,↓,LH/LL,DT,False,262,2,PSA,SubSector_R12
PYPL,2026-09-16,52.71,1.78,False,57.08,-0.129,-0.35,False,75.3,-0.22,75.6,True,3.37,3.25,35.0,-0.9,D 趨勢弱,True,8:49,264.6,跌,243.0,30,False,4.0,-0.4877,-0.5257,-1.4183,True,False,-8.29,-2.46,54.6,-3.59,-1.06,654.7,OHLC,—,LH/LL,自然回檔,False,262,2,PYPL,SubSector_R12
ROST,2026-09-16,224.8,5.39,False,236.59,-0.795,-0.62,False,88.0,-0.01,88.0,True,2.4,1.77,55.2,2.7,C 基底修復,True,8:49,264.6,跌,263.0,25,False,4.0,-0.4427,-0.3821,-3.3096,False,False,-5.25,-2.19,230.74,-2.64,-1.1,576.7,OHLC,—,LH/LL,DT,True,262,2,ROST,SubSector_R12+Combined_R22
TJX,2026-09-16,122.84,2.8,False,138.76,-1.291,-1.79,False,89.7,-0.21,89.9,True,2.28,1.52,0.0,0.0,D 趨勢弱,True,8:49,264.6,跌,149.0,25,False,4.0,-0.3859,-0.4156,-1.9342,True,False,-12.96,-5.68,154.26,-25.58,-11.21,1072.0,OHLC,↓,LH/LL,DT,False,262,2,TJX,SubSector_R12+Combined_R22
UFPT,2026-09-16,279.41,9.0,False,305.0,-3.504,0.13,True,73.3,0.39,72.9,False,3.22,3.78,47.9,2.0,D 趨勢弱,True,8:49,264.6,跌,217.0,19,False,4.0,-3.2698,-3.9268,-5.097,True,False,-9.16,-2.84,325.0,-16.32,-5.07,33.2,OHLC,↓,LH/LL,DT,False,262,2,UFPT,Combined_R22
USB,2026-09-16,59.73,1.28,False,62.88,-0.294,-0.29,False,91.2,-2.29,93.5,True,2.14,1.32,42.1,-22.0,C 基底修復,True,8:49,264.6,跌,499.0,43,False,4.0,-0.196,-0.0285,-0.43,False,False,-5.27,-2.46,63.36,-6.08,-2.84,417.4,OHLC,↓,LH/LL,DT,False,262,2,USB,SubSector_R12+RateHike_R2_迴避
CSX,2026-09-16,47.9,0.96,False,50.04,-0.104,-0.31,False,91.7,-0.21,91.9,True,2.0,1.35,57.2,-4.1,C 基底修復,True,8:48,263.8,跌,97.0,12,False,4.0,-0.2052,-0.1801,-0.3262,False,False,-4.48,-2.24,49.65,-3.65,-1.83,442.3,OHLC,↓,LH/LL,DT,False,262,2,CSX,SubSector_R12+Combined_R22
UNP,2026-09-16,280.92,5.7,False,296.83,-0.42,-0.09,False,91.7,-0.39,92.0,True,2.03,1.33,54.1,-4.1,C 基底修復,True,7:36,227.9,跌,77.0,12,False,4.0,-2.0086,-2.06,-2.7173,True,False,-5.66,-2.79,314.15,-11.83,-5.83,649.1,OHLC,—,LH/LL,DT,True,262,2,UNP,SubSector_R12+Combined_R22
CRGY,2026-09-16,14.4,0.53,True,13.37,0.165,1.22,False,76.4,-3.38,79.8,True,3.66,2.75,53.5,-5.2,B 上升結構,False,3:33,106.4,跌,9.0,1,False,4.0,-0.0039,0.0396,-0.0189,False,False,7.16,1.96,13.77,4.38,1.19,82.0,OHLC,↑,HH/HL,自然回檔,False,262,2,CRGY,10MA_R20_跌出
MATX,2026-09-16,235.62,5.9,True,221.12,1.013,0.94,False,86.7,-0.42,87.2,True,2.5,1.92,72.1,1.9,B 上升結構,False,11:17,338.6,升,38.0,5,False,5.0,1.0708,1.1441,,False,False,6.15,2.46,220.03,6.62,2.64,62.4,OHLC,↑,HH/HL,UT,False,262,2,MATX,Combined_R22
DDOG,2026-09-16,230.79,12.1,False,235.88,-1.728,-0.58,True,60.0,0.41,59.6,False,5.24,4.39,58.0,3.1,C 基底修復,False,10:30,315.0,升,25.0,3,False,5.0,1.7688,1.3415,,False,True,-2.21,-0.42,214.76,6.95,1.32,842.7,OHLC,—,LH/LL,UT,False,262,2,DDOG,SubSector_R12+Combined_R22
MAR,2026-09-16,334.97,7.57,False,347.27,-0.053,-0.62,True,89.2,0.21,89.0,True,2.26,1.66,22.0,-6.4,C 基底修復,False,10:11,305.6,升,20.0,2,False,5.0,0.2986,0.126,,False,False,-3.67,-1.62,360.2,-7.53,-3.33,499.5,OHLC,↓,LH/LL,自然反彈,False,262,2,MAR,SubSector_R12+Combined_R22
PEB,2026-09-16,17.84,0.56,False,18.14,-0.05,-0.39,False,85.0,-0.87,85.8,True,3.13,1.65,57.5,-3.0,C 基底修復,False,10:06,303.1,升,18.0,2,False,5.0,0.0048,0.0113,,False,True,-1.68,-0.54,18.19,-1.96,-0.63,35.4,OHLC,—,LH/LL,自然反彈,True,262,2,PEB,Combined_R22
S,2026-09-16,23.17,1.16,True,21.43,0.084,0.3,False,63.6,-0.06,63.6,False,5.02,3.88,64.8,-5.5,B 上升結構,True,9:54,297.2,升,15.0,2,False,5.0,0.23,0.1351,,False,False,7.49,1.49,,,,208.3,OHLC,—,LH/LL,UT,False,262,2,S,SubSector_R12
AMS,2026-09-16,1.42,0.06,False,1.5,-0.0,-0.16,True,71.3,0.46,70.9,False,4.18,3.19,23.9,-3.1,D 趨勢弱,True,8:49,264.6,跌,317.0,19,False,5.0,-0.0037,-0.0027,-0.0133,False,False,-5.74,-1.37,1.54,-8.45,-2.02,0.0,OHLC,—,LH/LL,次級回檔,True,75,2,AMS,AI_R13
EBC,2026-09-16,21.59,0.48,False,22.46,-0.078,-0.7,False,90.7,-0.63,91.3,True,2.22,1.37,46.5,-7.1,C 基底修復,True,8:49,264.6,跌,442.0,41,False,5.0,-0.0411,-0.0429,-0.1998,True,False,-4.01,-1.81,22.39,-3.71,-1.67,41.7,OHLC,↓,LH/LL,DT,False,262,2,EBC,Combined_R22
APLE,2026-09-16,15.43,0.33,False,15.99,-0.046,-0.63,False,91.2,-0.45,91.7,True,2.17,1.29,59.6,0.8,C 基底修復,True,8:42,261.1,跌,95.0,11,False,5.0,-0.0413,-0.05,-0.1609,True,False,-3.64,-1.68,15.84,-2.69,-1.24,35.9,OHLC,—,LH/LL,DT,True,262,2,APLE,Combined_R22
PAAS,2026-09-16,47.56,2.12,True,50.96,0.074,0.32,False,69.8,-0.8,70.6,False,4.46,3.2,30.3,-25.0,D 趨勢弱,True,8:30,255.0,跌,92.0,11,False,5.0,-0.7132,-0.6279,-0.7132,False,False,-7.14,-1.6,,,,228.5,OHLC,—,HH/HL,DT,False,75,2,PAAS,SubSector_R12
HLT,2026-09-16,305.63,6.58,False,319.4,-0.217,-0.22,False,90.8,-0.0,90.8,True,2.15,1.42,32.6,-1.2,D 趨勢弱,True,8:05,242.7,跌,85.0,12,False,5.0,-0.8734,-0.9733,-2.0575,True,False,-4.51,-2.09,324.56,-6.19,-2.87,497.6,OHLC,—,LH/LL,自然反彈,True,262,2,HLT,SubSector_R12+Combined_R22
FANG,2026-09-16,194.54,6.83,False,200.4,-0.878,0.02,False,79.6,-5.3,84.9,True,3.51,2.32,44.2,-24.4,C 基底修復,False,3:37,108.5,跌,10.0,1,False,5.0,-0.4088,0.4295,-1.3795,False,True,-3.01,-0.86,205.0,-5.38,-1.53,512.0,OHLC,—,LH/LL,自然回檔,False,262,2,FANG,SubSector_R12+Combined_R22
NET,2026-09-16,324.65,16.77,True,302.0,0.872,0.34,True,64.5,0.28,64.2,False,5.16,3.55,77.5,-3.0,B 上升結構,False,11:35,347.4,升,43.0,5,False,6.0,3.4446,3.399,,False,False,6.98,1.35,334.6,-3.06,-0.59,991.1,OHLC,—,LH/LL,UT,False,262,2,NET,AI_R13+Combined_R22
EQNR,2026-09-16,44.2,1.18,True,42.4,0.222,0.81,False,82.9,-1.09,84.0,True,2.68,2.51,69.3,-3.0,A 待突破,False,11:30,345.1,升,42.0,6,False,6.0,0.0367,0.1276,,False,False,4.08,1.52,42.09,4.77,1.78,129.8,OHLC,↑,HH/HL,自然回檔,False,262,2,EQNR,Combined_R22
NTSK,2026-09-16,17.29,1.07,True,15.1,0.135,0.63,True,54.7,0.06,54.6,False,6.21,4.6,41.6,-2.9,D 趨勢弱,False,10:13,306.3,升,20.0,3,False,6.0,0.266,0.2171,,False,False,12.66,2.04,14.99,13.3,2.14,105.7,OHLC,↑,HH/HL,UT,False,250,2,NTSK,10MA_R20
ADPT,2026-09-16,27.67,1.26,True,25.3,0.283,0.59,False,67.9,-0.37,68.2,False,4.54,3.5,78.3,-3.9,E 延伸,True,9:41,290.6,升,11.0,1,False,6.0,0.1131,-0.0525,,False,False,8.58,1.89,,,,53.1,OHLC,—,LH/LL,UT,False,262,2,ADPT,Combined_R22
CDP,2026-09-16,34.32,0.78,False,36.22,-0.105,-0.73,False,91.7,-0.11,91.8,True,2.28,1.08,34.7,-1.0,C 基底修復,True,8:49,264.6,跌,427.0,48,False,6.0,-0.1608,-0.1481,-0.3,False,False,-5.55,-2.43,36.01,-4.92,-2.16,27.1,OHLC,—,LH/LL,DT,True,262,2,CDP,Combined_R22
CRDO,2026-09-16,161.49,15.31,False,198.62,-3.049,-0.64,True,36.3,2.22,34.1,False,9.48,6.59,20.0,4.3,D 趨勢弱,True,8:49,264.6,跌,206.0,18,False,6.0,-4.1562,-5.6968,-8.6924,True,False,-22.99,-2.43,170.57,-5.62,-0.59,1230.8,OHLC,↓,LH/LL,自然反彈,False,262,2,CRDO,AI_R13+SubSector_R12+Combined_R22
D,2026-09-16,63.51,1.13,False,66.48,-0.135,-0.73,False,94.3,-0.02,94.3,True,1.77,0.94,21.1,-1.0,D 趨勢弱,True,8:49,264.6,跌,512.0,41,False,6.0,-0.1971,-0.1736,-0.5079,False,False,-4.68,-2.64,66.92,-5.37,-3.03,280.2,OHLC,↓,LH/LL,DT,False,262,2,D,SubSector_R12
UUUU,2026-09-16,11.73,0.82,False,14.16,-0.023,0.14,True,53.4,0.23,53.2,False,6.99,4.13,10.0,0.0,D 趨勢弱,True,8:49,264.6,跌,1100.0,11,False,6.0,-0.3959,-0.367,-0.3959,False,False,-20.71,-2.96,14.62,-24.64,-3.53,77.9,OHLC,↓,LH/LL,DT,False,75,2,UUUU,SubSector_R12
UEC,2026-09-16,10.08,0.65,False,11.64,-0.011,0.25,True,57.0,0.24,56.8,False,6.42,3.87,5.2,-0.6,D 趨勢弱,True,8:00,240.0,跌,83.0,10,False,6.0,-0.2865,-0.2839,-0.2865,False,False,-15.44,-2.4,11.89,-17.96,-2.79,89.2,OHLC,↓,LH/LL,DT,False,75,2,UEC,SubSector_R12+RateHike_R2_迴避
USAR,2026-09-16,15.1,1.1,False,18.01,-0.074,0.08,True,49.1,0.01,49.1,False,7.26,4.92,1.0,0.0,D 趨勢弱,True,6:50,204.9,跌,64.0,12,False,6.0,-0.3301,-0.3228,-0.3301,False,False,-19.24,-2.65,17.85,-18.21,-2.51,198.2,OHLC,↓,LH/LL,DT,False,262,2,USAR,SubSector_R12
VG,2026-09-16,14.65,0.71,True,14.38,0.052,0.59,False,64.0,-1.31,65.3,False,4.82,4.0,46.9,-2.3,B 上升結構,False,3:38,109.2,跌,11.0,1,False,6.0,-0.0129,0.0472,-0.1561,False,True,1.87,0.39,14.42,1.57,0.33,200.3,OHLC,↑,HH/HL,自然回檔,False,262,2,VG,SubSector_R12
GOLD,2026-09-16,46.82,2.43,True,44.92,0.111,0.34,False,65.2,-0.2,65.4,False,5.18,3.38,44.1,4.6,C 基底修復,False,11:01,330.5,升,34.0,6,False,7.0,0.0905,0.1718,,False,True,4.05,0.78,45.88,2.01,0.39,34.1,OHLC,↑,HH/HL,次級回檔,False,262,2,GOLD,SubSector_R12
BEN,2026-09-16,32.72,0.81,False,34.07,-0.115,-0.05,False,88.6,-0.64,89.3,True,2.47,1.56,60.6,-4.4,C 基底修復,True,8:49,264.6,跌,98.0,12,False,7.0,-0.1697,-0.1279,-0.2462,False,False,-4.13,-1.67,33.33,-1.86,-0.75,101.0,OHLC,↓,LH/LL,DT,False,262,2,BEN,SubSector_R12
LPTH,2026-09-16,9.39,0.96,False,11.65,-0.078,-0.29,True,32.6,1.28,31.3,False,10.28,7.27,8.6,-3.3,D 趨勢弱,True,8:49,264.6,跌,144.0,13,False,7.0,-0.1729,-0.2239,-0.5135,True,False,-24.11,-2.35,10.75,-14.48,-1.41,33.0,OHLC,—,LH/LL,自然反彈,True,262,2,LPTH,AI_R13
ONTO,2026-09-16,243.64,18.02,False,290.38,-0.697,0.19,True,44.3,0.4,43.9,False,7.39,6.1,34.8,-0.3,D 趨勢弱,True,8:49,264.6,跌,127.0,17,False,7.0,-2.9572,-2.4901,-8.7356,False,False,-19.19,-2.59,281.11,-15.38,-2.08,212.7,OHLC,↓,LH/LL,DT,False,262,2,ONTO,AI_R13
WHR,2026-09-16,32.42,1.78,False,39.12,-0.601,-0.83,True,63.9,0.17,63.7,False,5.49,3.34,0.0,0.0,D 趨勢弱,True,8:49,264.6,跌,203.0,21,False,7.0,-0.749,-0.7067,-0.749,False,False,-20.68,-3.77,39.3,-21.22,-3.87,82.6,OHLC,↓,LH/LL,DT,False,262,2,WHR,SubSector_R12
LIFE,2026-09-16,38.55,2.58,True,35.47,1.121,1.2,False,51.3,-1.27,52.6,False,6.7,4.92,55.4,2.9,B 上升結構,True,7:14,217.1,跌,71.0,12,False,7.0,-0.4541,-0.3303,-0.4541,False,False,7.99,1.19,38.85,-0.78,-0.12,55.2,OHLC,↑,HH/HL,自然回檔,False,159,2,LIFE,10MA_R20_跌出
NNE,2026-09-16,15.64,1.12,False,18.33,-0.097,0.05,True,49.1,0.24,48.9,False,7.19,4.98,10.0,0.0,D 趨勢弱,True,7:08,214.1,跌,69.0,5,False,7.0,-0.2845,-0.2647,-0.2845,False,False,-17.18,-2.39,19.24,-23.02,-3.2,25.0,OHLC,↓,LH/LL,DT,False,262,2,NNE,AI_R13+SubSector_R12
AVGO,2026-09-16,339.51,11.96,False,372.04,-2.8,-0.61,True,78.4,0.8,77.6,True,3.52,2.52,7.6,0.4,D 趨勢弱,False,4:38,139.1,跌,27.0,3,False,7.0,-1.9517,-1.6211,-6.2448,False,False,-9.58,-2.72,371.54,-9.43,-2.68,8875.7,OHLC,↓,LH/LL,DT,False,262,2,AVGO,AI_R13+SubSector_R12+Combined_R22
COHR,2026-09-16,289.93,23.09,False,310.06,-1.45,0.09,True,40.9,1.8,39.1,False,7.96,6.54,33.6,11.7,D 趨勢弱,False,2:20,70.0,升,89.0,7,False,7.0,0.7961,0.117,,False,True,-6.94,-0.87,266.5,8.08,1.01,1712.5,OHLC,↑,HH/HL,次級反彈,False,262,2,COHR,AI_R13+SubSector_R12+Combined_R22
AMG,2026-09-16,342.82,10.92,False,362.89,-1.654,-0.34,False,83.3,-0.46,83.8,True,3.18,1.93,45.1,-2.5,C 基底修復,True,8:49,264.6,跌,131.0,11,False,8.0,-2.3561,-1.9846,-3.3083,False,False,-5.85,-1.84,,,,91.4,OHLC,—,HH/HL,DT,False,262,2,AMG,SubSector_R12
APO,2026-09-16,124.53,4.02,False,133.1,-0.141,0.28,False,81.1,-1.08,82.2,True,3.23,2.29,29.4,-0.3,C 基底修復,True,8:49,264.6,跌,114.0,19,False,8.0,-1.1994,-1.055,-1.1994,False,False,-6.88,-2.13,134.49,-8.0,-2.48,305.1,OHLC,↓,LH/LL,DT,False,262,2,APO,SubSector_R12
CNI,2026-09-16,119.49,2.04,False,124.81,-0.253,-0.5,False,93.6,-0.42,94.0,True,1.71,1.18,45.3,-2.7,C 基底修復,True,8:49,264.6,跌,373.0,34,False,8.0,-0.4075,-0.3261,-0.8509,False,False,-4.45,-2.6,123.06,-2.98,-1.74,164.7,OHLC,—,LH/LL,自然回檔,False,262,2,CNI,Combined_R22
KTOS,2026-09-16,47.59,2.62,False,54.73,-0.084,-0.04,True,61.8,0.96,60.8,False,5.5,3.77,0.0,0.0,D 趨勢弱,True,8:49,264.6,跌,187.0,18,False,8.0,-0.3566,-0.5032,-1.4353,True,False,-15.01,-2.73,49.45,-3.91,-0.71,155.4,OHLC,—,LH/LL,DT,True,262,2,KTOS,SubSector_R12
PCAR,2026-09-16,118.22,2.91,False,127.64,-0.776,-0.84,False,88.1,-1.75,89.9,True,2.46,1.68,28.7,-21.2,C 基底修復,True,8:49,264.6,跌,229.0,29,False,8.0,-0.4901,-0.3012,-1.1366,False,False,-7.97,-3.24,124.7,-5.48,-2.23,273.3,OHLC,↓,LH/LL,DT,False,262,2,PCAR,SubSector_R12+Combined_R22
QBTS,2026-09-16,16.27,1.04,False,18.57,-0.211,-0.27,True,50.0,0.33,49.7,False,6.42,5.51,10.0,0.0,D 趨勢弱,True,8:49,264.6,跌,109.0,17,False,8.0,-0.0365,-0.0363,-0.4249,False,False,-14.13,-2.2,17.67,-8.6,-1.34,254.1,OHLC,↓,LH/LL,DT,False,262,2,QBTS,SubSector_R12
SYRE,2026-09-16,91.17,4.59,False,95.79,-0.349,-0.29,True,63.9,2.55,61.4,False,5.03,3.8,47.4,-0.5,D 趨勢弱,True,8:49,264.6,跌,125.0,18,False,8.0,-0.0524,-0.2686,-2.5241,True,False,-5.07,-1.01,90.79,0.42,0.08,108.6,OHLC,—,LH/LL,自然反彈,True,262,2,SYRE,Combined_R22
TROW,2026-09-16,102.4,2.29,False,110.54,-0.529,-0.99,False,89.1,-0.54,89.6,True,2.24,1.71,31.4,-13.2,D 趨勢弱,True,8:49,264.6,跌,112.0,13,False,8.0,-0.6855,-0.5482,-0.864,False,False,-7.95,-3.55,111.7,-9.08,-4.06,135.9,OHLC,↓,LH/LL,DT,False,262,2,TROW,SubSector_R12
XPO,2026-09-16,174.41,6.74,False,193.16,-1.349,-0.62,False,79.1,-0.48,79.6,True,3.86,2.05,13.8,-1.7,D 趨勢弱,True,8:49,264.6,跌,154.0,19,False,8.0,-1.0054,-0.7842,-1.5419,False,False,-10.75,-2.78,193.1,-10.72,-2.77,168.0,OHLC,↓,LH/LL,DT,False,262,2,XPO,SubSector_R12+Combined_R22
KGC,2026-09-16,27.82,1.2,True,29.46,0.138,0.67,False,70.7,-0.25,71.0,False,4.3,3.2,54.5,1.9,C 基底修復,True,8:30,255.0,跌,92.0,11,False,8.0,-0.5921,-0.5758,-0.5921,False,False,-5.91,-1.37,31.82,-14.38,-3.34,234.1,OHLC,↓,LH/LL,DT,False,75,2,KGC,SubSector_R12
WT,2026-09-16,22.26,1.02,False,23.39,-0.009,0.63,True,71.6,0.38,71.2,False,4.58,2.75,65.3,0.3,B 上升結構,True,7:20,220.1,跌,72.0,10,False,8.0,-0.4036,-0.3655,-0.4036,False,False,-5.07,-1.11,,,,63.7,OHLC,—,HH/HL,DT,False,262,2,WT,Combined_R22
OKLO,2026-09-16,35.62,2.71,False,42.0,-0.193,-0.27,True,47.2,0.37,46.8,False,7.6,5.07,0.0,0.0,D 趨勢弱,True,6:00,180.0,跌,50.0,4,False,8.0,-0.4418,-0.3895,-0.4418,False,False,-17.91,-2.36,43.31,-21.59,-2.84,355.6,OHLC,↓,LH/LL,DT,False,262,2,OKLO,AI_R13+SubSector_R12+Combined_R22+RateHike_R2_迴避
CLS,2026-09-16,323.83,19.77,False,318.23,-1.688,-0.23,True,52.3,1.21,51.1,False,6.11,5.26,21.1,-10.0,D 趨勢弱,False,2:49,84.6,升,112.0,8,False,8.0,3.031,3.3471,,False,True,1.73,0.28,316.08,2.39,0.39,678.9,OHLC,↑,HH/HL,自然反彈,False,262,2,CLS,Combined_R22
ARM,2026-09-16,243.98,16.25,False,256.96,-1.434,0.12,True,51.6,1.02,50.6,False,6.66,4.88,50.7,3.1,D 趨勢弱,False,12:24,11.9,升,57.0,8,False,8.0,1.0073,1.3762,,False,True,-5.32,-0.8,239.01,2.04,0.31,920.2,OHLC,↑,HH/HL,次級反彈,False,262,2,ARM,AI_R13+SubSector_R12+Combined_R22
NWBI,2026-09-16,15.45,0.25,False,15.5,-0.027,-0.3,False,94.7,-0.44,95.1,True,1.61,1.0,59.3,-11.2,C 基底修復,False,11:49,354.7,升,47.0,5,False,9.0,0.0105,0.0173,,False,True,-0.31,-0.19,15.23,1.42,0.88,13.9,OHLC,—,HH/HL,UT,True,262,2,NWBI,Combined_R22
WSFS,2026-09-16,79.6,1.4,False,79.92,-0.073,-0.1,False,93.8,-0.49,94.3,True,1.76,1.08,70.2,-12.6,C 基底修復,False,11:24,342.0,升,40.0,5,False,9.0,0.1583,0.2075,,False,True,-0.4,-0.23,79.69,-0.11,-0.06,26.6,OHLC,—,LH/LL,UT,False,262,2,WSFS,Combined_R22
RKLB,2026-09-16,63.7,3.77,False,71.17,-0.36,-0.13,True,54.5,0.79,53.7,False,5.91,4.95,6.8,-0.1,D 趨勢弱,True,9:45,292.7,升,13.0,2,False,9.0,0.2294,0.0996,,False,False,-11.73,-1.98,65.87,-3.41,-0.58,1064.8,OHLC,—,LH/LL,自然反彈,True,262,2,RKLB,SubSector_R12+RateHike_R2_受惠
IESC,2026-09-16,325.02,20.78,False,346.95,-1.709,0.05,True,48.7,1.64,47.1,False,6.39,5.88,50.6,4.5,D 趨勢弱,True,9:33,286.6,升,9.0,1,False,9.0,0.3845,-0.022,,False,False,-6.75,-1.06,333.67,-2.66,-0.42,87.4,OHLC,↓,LH/LL,自然反彈,False,262,2,IESC,10MA_R20
CBRS,2026-09-16,190.47,15.2,False,209.13,-0.863,-0.06,True,37.3,1.42,35.9,False,7.98,7.74,10.0,0.0,D 趨勢弱,True,9:28,283.8,升,8.0,1,False,9.0,0.1138,-0.2418,,False,False,-9.8,-1.23,184.24,3.27,0.41,1200.5,OHLC,↓,LH/LL,自然反彈,False,86,2,CBRS,Combined_R22
AG,2026-09-16,18.33,1.04,True,19.92,0.09,0.84,False,60.6,-0.87,61.5,False,5.68,3.83,24.3,-29.0,C 基底修復,True,8:49,264.6,跌,275.0,11,False,9.0,-0.4298,-0.3879,-0.4298,False,False,-8.65,-1.52,21.18,-15.55,-2.74,179.8,OHLC,↓,LH/LL,DT,False,75,2,AG,SubSector_R12
ARVN,2026-09-16,8.16,0.36,False,8.85,-0.034,-0.17,True,72.5,0.11,72.4,False,4.37,2.79,4.2,-3.5,D 趨勢弱,True,8:49,264.6,跌,176.0,13,False,9.0,-0.1595,-0.1531,-0.1595,False,False,-8.48,-1.94,9.59,-17.52,-4.01,6.2,OHLC,↓,LH/LL,DT,False,262,2,ARVN,SubSector_R12
BNY,2026-09-16,153.47,3.24,False,160.75,-0.143,0.08,False,91.0,-0.11,91.1,True,2.11,1.42,50.1,-2.2,C 基底修復,True,8:49,264.6,跌,184.0,20,False,9.0,-1.2531,-0.9766,-1.2531,False,False,-4.74,-2.25,160.39,-4.51,-2.14,436.5,OHLC,↓,LH/LL,DT,False,262,2,BNY,Combined_R22
ENVA,2026-09-16,172.14,10.65,False,225.54,-4.313,-1.94,True,56.1,0.6,55.5,False,6.18,4.3,19.8,-1.1,D 趨勢弱,True,8:49,264.6,跌,153.0,27,False,9.0,-6.0644,-4.4033,-6.0644,False,False,-31.02,-5.02,233.17,-35.45,-5.73,62.2,OHLC,↓,LH/LL,DT,False,262,2,ENVA,Combined_R22
HL,2026-09-16,17.99,1.04,True,19.08,0.089,0.6,False,59.3,-2.17,61.5,False,5.76,4.03,40.9,-4.1,D 趨勢弱,True,8:49,264.6,跌,110.0,11,False,9.0,-0.4361,-0.3655,-0.4361,False,False,-6.06,-1.05,21.62,-20.18,-3.5,562.1,OHLC,↓,LH/LL,DT,False,262,2,HL,SubSector_R12
LOB,2026-09-16,38.16,1.0,False,40.84,-0.236,-0.72,False,87.7,-1.01,88.7,True,2.63,1.59,29.3,-19.4,D 趨勢弱,True,8:49,264.6,跌,314.0,29,False,9.0,-0.0581,-0.0147,-0.4245,False,False,-7.03,-2.67,39.61,-3.8,-1.45,7.5,OHLC,↓,LH/LL,DT,False,262,2,LOB,Combined_R22
MGM,2026-09-16,38.39,0.88,False,42.45,-0.365,-1.31,False,90.6,-0.5,91.1,True,2.28,1.32,9.7,-13.8,D 趨勢弱,True,8:49,264.6,跌,138.0,14,False,9.0,-0.2119,-0.1632,-0.3837,False,False,-10.57,-4.63,44.31,-15.42,-6.75,76.9,OHLC,↓,LH/LL,DT,False,262,2,MGM,SubSector_R12
O,2026-09-16,57.15,0.98,False,61.44,-0.299,-1.07,False,93.9,-0.96,94.9,True,1.72,1.09,17.3,-3.4,D 趨勢弱,True,8:49,264.6,跌,130.0,15,False,9.0,-0.3659,-0.2718,-0.4354,False,False,-7.5,-4.37,61.97,-8.43,-4.91,336.5,OHLC,↓,LH/LL,DT,False,262,2,O,SubSector_R12
ONDS,2026-09-16,7.2,0.47,False,8.39,-0.054,-0.19,True,51.1,0.66,50.5,False,6.48,5.18,16.3,0.2,D 趨勢弱,True,8:49,264.6,跌,175.0,19,False,9.0,-0.0639,-0.0779,-0.1998,True,False,-16.49,-2.54,7.63,-5.97,-0.92,437.3,OHLC,—,LH/LL,DT,True,262,2,ONDS,SubSector_R12
RRBI,2026-09-16,101.75,2.14,False,101.83,-0.014,0.21,False,91.6,-0.36,91.9,True,2.1,1.28,81.9,-1.7,A 待突破,False,4:04,122.0,跌,18.0,2,False,9.0,-0.1003,-0.0093,-0.3989,False,True,-0.08,-0.04,100.95,0.79,0.37,6.0,OHLC,—,HH/HL,UT,True,262,2,RRBI,Combined_R22
SNX,2026-09-16,260.5,8.09,False,257.49,-0.132,0.16,False,82.4,-0.26,82.6,True,3.11,2.18,79.7,-0.4,C 基底修復,False,1:55,57.3,升,82.0,9,False,9.0,0.6019,0.8285,,False,True,1.16,0.37,255.54,1.9,0.61,133.3,OHLC,↑,HH/HL,自然回檔,False,262,2,SNX,Combined_R22
DELL,2026-09-16,563.29,33.91,True,490.33,4.73,0.67,True,53.4,0.91,52.5,False,6.02,5.1,64.6,-2.2,E 延伸,False,1:51,55.6,升,81.0,9,False,9.0,6.2349,5.9391,,False,False,12.95,2.15,,,,5460.3,OHLC,—,LH/LL,自然反彈,False,262,2,DELL,AI_R13+SubSector_R12+Combined_R22
SYM,2026-09-16,43.11,1.78,False,41.53,-0.156,-0.14,True,68.7,0.39,68.3,False,4.13,3.75,23.2,-1.6,D 趨勢弱,False,1:03,31.3,升,67.0,8,False,9.0,0.2807,0.2474,,False,True,3.67,0.89,41.1,4.66,1.13,68.5,OHLC,↑,HH/HL,自然反彈,False,262,2,SYM,AI_R13+SubSector_R12
EQH,2026-09-16,53.88,1.29,True,51.47,0.246,0.77,False,86.9,-0.45,87.4,True,2.4,1.98,67.1,-4.3,A 待突破,False,12:51,25.7,升,64.0,9,False,9.0,0.2192,0.2336,,False,False,4.47,1.86,52.04,3.41,1.42,135.6,OHLC,↑,HH/HL,UT,False,262,2,EQH,SubSector_R12
CAT,2026-09-16,782.72,25.59,False,824.45,-6.945,-0.25,True,79.1,0.36,78.7,True,3.27,2.65,44.0,-3.0,D 趨勢弱,False,12:46,22.9,升,63.0,8,False,9.0,0.2069,0.8528,,False,False,-5.33,-1.63,822.48,-5.08,-1.55,1860.9,OHLC,—,LH/LL,DT,True,262,2,CAT,SubSector_R12+Combined_R22
OSCR,2026-09-16,32.34,1.84,True,30.53,0.063,0.19,False,60.9,-1.26,62.2,False,5.7,3.75,72.2,-1.2,B 上升結構,False,12:44,22.0,升,62.0,8,False,9.0,0.0883,0.1465,,False,True,5.59,0.98,31.76,1.79,0.31,156.1,OHLC,↑,HH/HL,自然回檔,False,262,2,OSCR,SubSector_R12
PRIM,2026-09-16,76.94,3.5,False,78.03,-0.538,-0.48,True,61.2,1.04,60.2,False,4.55,4.84,7.6,0.5,D 趨勢弱,False,12:28,13.8,升,58.0,8,False,9.0,0.7605,0.6378,,False,True,-1.41,-0.31,75.45,1.94,0.43,87.7,OHLC,—,LH/LL,UT,True,262,2,PRIM,SubSector_R12
TXN,2026-09-16,260.67,8.75,False,267.72,-0.859,-0.33,False,78.6,-0.19,78.8,True,3.36,2.65,50.6,-2.7,C 基底修復,False,12:24,11.8,升,57.0,7,False,9.0,1.3902,1.5697,,False,True,-2.71,-0.81,266.54,-2.25,-0.67,1365.3,OHLC,↓,LH/LL,自然回檔,False,262,2,TXN,SubSector_R12
PGC,2026-09-16,45.03,1.02,False,45.69,-0.084,-0.18,False,90.3,-0.67,91.0,True,2.26,1.41,64.5,-2.7,C 基底修復,False,12:14,7.2,升,54.0,9,False,9.0,0.0118,0.0683,,False,True,-1.46,-0.65,46.71,-3.73,-1.65,5.6,OHLC,—,LH/LL,自然回檔,True,262,2,PGC,Combined_R22
EFSI,2026-09-16,45.76,1.62,True,43.17,0.176,0.5,False,81.6,-1.39,83.0,True,3.55,1.9,65.0,0.5,B 上升結構,False,12:04,2.2,升,51.0,7,False,9.0,0.3869,0.4592,,False,False,5.65,1.59,41.06,10.27,2.9,2.4,OHLC,↑,HH/HL,UT,False,262,2,EFSI,10MA_R20
KIM,2026-09-16,22.59,0.4,False,23.85,-0.124,-1.36,False,94.0,-0.59,94.5,True,1.75,1.05,19.2,-2.5,D 趨勢弱,True,6:26,192.9,跌,57.0,6,False,10.0,-0.0767,-0.0498,-0.2436,False,False,-5.6,-3.2,24.26,-7.39,-4.23,120.3,OHLC,↓,LH/LL,DT,False,262,2,KIM,SubSector_R12
ATO,2026-09-16,161.96,2.52,False,168.23,-0.41,-0.75,True,94.8,0.02,94.8,True,1.56,1.02,25.9,-0.1,D 趨勢弱,False,4:52,146.2,跌,31.0,5,False,10.0,-0.3965,-0.3517,-1.0166,False,False,-3.87,-2.49,169.58,-4.7,-3.03,143.7,OHLC,↓,LH/LL,DT,False,262,2,ATO,SubSector_R12
CEG,2026-09-16,259.53,10.01,False,277.51,-0.235,0.1,True,77.4,0.21,77.1,True,3.86,2.38,8.3,1.3,D 趨勢弱,False,4:47,143.3,跌,30.0,3,False,10.0,-3.6253,-2.8528,-3.6253,False,False,-6.93,-1.8,,,,658.5,OHLC,—,HH/HL,DT,False,262,2,CEG,AI_R13+SubSector_R12+Combined_R22
SO,2026-09-16,86.23,1.39,False,89.84,-0.313,-0.96,True,94.6,0.16,94.4,True,1.61,1.03,15.3,1.0,D 趨勢弱,False,4:44,142.0,跌,29.0,4,False,10.0,-0.0957,-0.0923,-0.4703,False,False,-4.18,-2.6,87.22,-1.15,-0.71,501.2,OHLC,↓,LH/LL,DT,False,262,2,SO,SubSector_R12
DUK,2026-09-16,117.76,1.8,False,121.76,-0.199,-0.62,True,94.5,0.12,94.3,True,1.53,1.14,28.2,0.2,D 趨勢弱,False,4:40,140.2,跌,28.0,4,False,10.0,-0.1629,-0.1279,-0.6368,False,False,-3.4,-2.23,121.98,-3.58,-2.35,413.1,OHLC,↓,LH/LL,DT,False,262,2,DUK,SubSector_R12
C,2026-09-16,132.95,3.61,False,135.26,-0.114,0.21,False,86.7,-0.93,87.6,True,2.72,1.72,58.8,-14.1,C 基底修復,False,3:25,102.7,跌,7.0,1,False,10.0,-0.0135,0.3036,-1.5794,False,True,-1.74,-0.64,133.1,-0.11,-0.04,1178.9,OHLC,—,LH/LL,自然回檔,False,262,2,C,SubSector_R12
MOD,2026-09-16,181.18,10.78,False,191.68,-0.614,-0.1,True,56.8,1.14,55.7,False,5.95,4.38,16.9,-0.4,D 趨勢弱,False,2:01,60.7,升,84.0,9,False,10.0,0.9105,0.9806,,False,True,-5.8,-0.97,173.5,4.24,0.71,225.3,OHLC,—,HH/HL,DT,True,262,2,MOD,AI_R13+SubSector_R12+Combined_R22
FTI,2026-09-16,72.78,2.56,True,75.92,0.133,0.43,False,79.8,-0.96,80.8,True,3.52,2.25,56.7,-17.2,C 基底修復,False,5:41,170.4,跌,45.0,6,False,11.0,-0.7726,-0.6487,-0.7726,False,False,-4.31,-1.22,74.57,-2.46,-0.7,187.3,OHLC,↓,LH/LL,DT,False,262,2,FTI,Combined_R22
APH,2026-09-16,77.26,2.86,False,81.35,-0.274,0.04,True,76.2,0.4,75.8,True,3.7,2.76,48.8,-2.7,C 基底修復,False,4:09,124.7,跌,19.0,3,False,11.0,-0.3938,-0.2462,-0.9099,False,False,-5.3,-1.43,,,,858.1,OHLC,—,HH/HL,DT,False,262,2,APH,AI_R13+SubSector_R12
CVX,2026-09-16,211.54,4.64,True,204.08,0.86,0.85,False,90.0,-0.97,91.0,True,2.19,1.54,63.7,6.6,A 待突破,False,3:39,109.5,跌,11.0,1,False,11.0,-0.0205,0.3183,-0.6621,False,False,3.53,1.61,207.12,2.09,0.95,1672.8,OHLC,—,HH/HL,自然回檔,True,262,2,CVX,SubSector_R12+Combined_R22+RateHike_R2_迴避
QRVO,2026-09-16,113.97,4.57,True,102.22,1.142,1.43,False,75.1,-0.8,75.9,True,4.01,2.65,55.3,-3.3,E 延伸,False,1:37,48.5,升,77.0,10,False,11.0,1.556,1.7394,,False,False,10.31,2.57,120.52,-5.75,-1.43,136.9,OHLC,—,LH/LL,自然回檔,False,262,2,QRVO,10MA_R20
SU,2026-09-16,68.95,1.91,True,66.22,0.177,0.29,False,85.2,-1.75,87.0,True,2.77,1.95,68.0,6.2,A 待突破,False,12:10,4.9,升,53.0,6,False,11.0,0.0812,0.1787,,False,False,3.96,1.43,67.33,2.35,0.85,306.7,OHLC,↑,HH/HL,自然回檔,False,262,2,SU,Combined_R22
BAC,2026-09-16,57.9,1.36,False,62.24,-0.242,-0.35,False,90.3,-0.96,91.2,True,2.36,1.32,35.2,-4.3,C 基底修復,True,8:49,264.6,跌,188.0,22,False,12.0,-0.5164,-0.3654,-0.5164,False,False,-7.49,-3.18,,,,1999.0,OHLC,—,HH/HL,DT,False,262,2,BAC,SubSector_R12+Combined_R22
VLO,2026-09-16,403.28,12.89,True,353.87,4.108,1.34,False,82.4,-0.29,82.7,True,3.2,2.08,65.0,0.0,E 延伸,False,2:49,84.6,升,117.0,12,False,12.0,1.7376,1.4317,,False,False,12.25,3.83,375.1,6.99,2.19,1105.5,OHLC,↑,HH/HL,UT,False,262,2,VLO,SubSector_R12+RateHike_R2_受惠
AVAV,2026-09-16,156.45,9.47,False,156.9,-0.36,-0.33,True,54.5,1.42,53.1,False,6.05,4.8,1.4,1.4,D 趨勢弱,False,11:03,331.7,升,34.0,3,False,13.0,1.2207,0.7817,,False,True,-0.29,-0.05,159.24,-1.78,-0.29,348.7,OHLC,—,LH/LL,UT,True,262,2,AVAV,SubSector_R12
RDVT,2026-09-16,77.52,2.93,True,71.05,0.216,0.33,True,74.6,0.34,74.2,False,3.78,2.98,71.8,-4.5,E 延伸,False,10:31,315.5,升,25.0,3,False,13.0,0.1214,0.0506,,False,False,8.35,2.21,73.05,5.77,1.52,17.4,OHLC,↑,HH/HL,UT,False,262,2,RDVT,10MA_R20
DOCU,2026-09-16,70.4,2.89,True,63.81,0.376,0.77,True,70.8,0.21,70.6,False,4.1,3.37,44.3,-1.4,E 延伸,False,10:05,302.5,升,18.0,3,False,13.0,0.2738,0.2507,,False,False,9.36,2.28,64.64,8.18,1.99,242.2,OHLC,↑,HH/HL,自然回檔,False,262,2,DOCU,10MA_R20
PKE,2026-09-16,31.31,1.36,False,33.98,-0.182,-0.43,True,71.3,1.17,70.1,False,4.33,3.06,32.9,0.4,D 趨勢弱,True,8:49,264.6,跌,161.0,20,False,13.0,-0.0363,-0.096,-0.5983,True,False,-8.51,-1.97,30.46,2.71,0.63,7.1,OHLC,—,HH/HL,自然回檔,True,262,2,PKE,Combined_R22
PBR,2026-09-16,20.91,0.65,True,19.44,0.081,0.65,False,82.5,-1.57,84.1,True,3.09,2.16,50.1,-4.2,B 上升結構,False,2:28,74.1,升,91.0,12,False,13.0,0.1272,0.1961,,False,False,7.05,2.28,20.12,3.78,1.22,497.3,OHLC,↑,HH/HL,自然回檔,False,262,2,PBR,Combined_R22
WTTR,2026-09-16,20.31,0.83,True,20.47,0.125,0.41,False,69.8,-0.65,70.4,False,4.11,3.57,77.8,-6.2,A 待突破,False,1:22,40.9,升,73.0,7,False,13.0,0.0395,0.0571,,False,True,-0.8,-0.19,20.37,-0.3,-0.07,27.4,OHLC,—,HH/HL,自然反彈,True,262,2,WTTR,Combined_R22
FEIM,2026-09-16,84.6,5.64,True,73.09,0.704,1.52,True,42.6,0.42,42.1,False,6.67,7.33,70.1,0.4,B 上升結構,False,11:54,357.1,升,48.0,5,False,14.0,2.9991,2.9594,,False,False,13.6,2.04,89.76,-6.1,-0.91,28.1,OHLC,—,LH/LL,自然回檔,False,262,2,FEIM,10MA_R20
CRWD,2026-09-16,241.36,12.54,True,215.46,1.137,0.55,True,60.1,0.36,59.8,False,5.2,4.42,66.9,-1.3,E 延伸,False,10:37,318.5,升,27.0,3,False,14.0,2.9271,2.2482,,False,False,10.73,2.06,218.4,9.51,1.83,2919.5,OHLC,↑,HH/HL,UT,False,262,2,CRWD,AI_R13+SubSector_R12+Combined_R22+10MA_R20
BWXT,2026-09-16,145.66,5.6,False,158.62,-1.295,-0.59,True,76.5,0.56,76.0,True,3.84,2.55,10.0,10.0,D 趨勢弱,False,4:01,120.3,跌,17.0,2,False,14.0,-0.4181,-0.2397,-1.6394,False,False,-8.9,-2.31,158.9,-9.09,-2.36,161.3,OHLC,↓,LH/LL,DT,False,262,2,BWXT,AI_R13
ADM,2026-09-16,85.0,2.52,True,82.03,0.251,0.47,False,85.7,-0.19,85.9,True,2.97,1.67,66.5,6.1,A 待突破,False,2:49,84.6,升,128.0,13,False,14.0,0.2613,0.4456,,False,False,3.49,1.18,78.16,8.05,2.71,313.3,OHLC,—,HH/HL,自然回檔,True,262,2,ADM,SubSector_R12+10MA_R20
PARR,2026-09-16,84.9,4.52,True,77.78,0.086,-0.03,True,61.1,0.18,60.9,False,5.32,4.1,85.8,1.5,B 上升結構,False,12:40,19.8,升,61.0,10,False,14.0,0.2422,0.205,,False,False,8.38,1.58,81.7,3.77,0.71,70.7,OHLC,—,HH/HL,UT,True,262,2,PARR,Combined_R22
RXT,2026-09-16,3.48,0.33,False,3.71,-0.061,-0.66,True,31.6,1.26,30.4,False,9.54,8.41,53.1,3.1,D 趨勢弱,False,11:42,350.9,升,45.0,8,False,,0.0834,0.0727,,False,True,-6.57,-0.69,3.67,-5.46,-0.57,24.8,OHLC,—,LH/LL,自然反彈,True,262,2,RXT,AI_R13
KR,2026-09-16,61.14,1.63,True,57.81,0.171,0.24,False,86.7,-0.11,86.9,True,2.66,1.76,19.5,-0.1,D 趨勢弱,False,11:08,334.0,升,36.0,4,False,,0.4654,0.4353,,False,False,5.45,2.05,,,,418.9,OHLC,—,LH/LL,UT,False,262,2,KR,SubSector_R12
CMCSA,2026-09-16,23.73,0.72,False,25.81,-0.016,0.21,False,82.2,-0.86,83.1,True,3.03,2.29,7.8,-10.6,D 趨勢弱,True,8:49,264.6,跌,132.0,12,False,,-0.3749,-0.3304,-0.3749,False,False,-8.76,-2.89,25.2,-6.19,-2.04,546.7,OHLC,↓,LH/LL,DT,False,262,2,CMCSA,SubSector_R12
METC,2026-09-16,9.9,0.99,True,11.84,0.079,0.36,False,38.8,-0.02,38.8,False,9.99,5.21,0.0,0.0,D 趨勢弱,True,6:27,193.6,跌,58.0,6,False,,-0.4218,-0.392,-0.4218,False,False,-19.61,-1.96,,,,21.5,OHLC,—,HH/HL,DT,False,262,2,METC,SubSector_R12
UNH,2026-09-16,375.26,10.17,False,395.16,-1.18,-0.59,True,87.8,0.39,87.4,True,2.71,1.5,43.3,1.1,C 基底修復,False,5:55,177.3,跌,48.0,4,False,,-1.5888,-1.3108,-3.1185,False,False,-5.3,-1.96,,,,1788.7,OHLC,—,HH/HL,DT,False,262,2,UNH,SubSector_R12+Combined_R22
SBAC,2026-09-16,180.02,5.31,False,184.29,-0.002,0.11,False,84.3,-0.46,84.8,True,2.95,1.96,17.1,-0.9,D 趨勢弱,False,5:46,172.8,跌,46.0,5,False,,-0.8748,-0.6456,-0.8748,False,True,-2.37,-0.8,184.08,-2.26,-0.77,149.1,OHLC,—,HH/HL,次級回檔,False,262,2,SBAC,SubSector_R12
NTLA,2026-09-16,11.49,0.61,True,12.25,0.015,0.2,True,61.6,1.0,60.6,False,5.35,3.95,15.0,-10.3,D 趨勢弱,False,5:27,163.4,跌,41.0,6,False,,-0.1513,-0.1462,-0.6435,False,False,-6.66,-1.24,,,,40.8,OHLC,—,HH/HL,DT,False,262,2,NTLA,SubSector_R12
SIMO,2026-09-16,241.14,19.46,False,248.69,-0.678,0.03,True,40.9,1.34,39.5,False,8.07,6.44,13.4,-0.5,D 趨勢弱,False,5:24,162.0,跌,40.0,1,False,,-0.4824,0.4089,-9.8821,False,True,-3.13,-0.39,242.51,-0.57,-0.07,190.1,OHLC,—,LH/LL,自然回檔,False,75,2,SIMO,AI_R13
AA,2026-09-16,46.26,2.06,True,50.35,0.024,0.26,True,70.5,0.25,70.2,False,4.45,3.08,23.2,-3.8,D 趨勢弱,False,5:23,161.3,跌,40.0,5,False,,-0.5395,-0.4883,-0.5395,False,False,-8.84,-1.99,51.28,-10.85,-2.44,178.2,OHLC,↓,LH/LL,DT,False,262,2,AA,SubSector_R12
ORCL,2026-09-16,143.16,7.65,False,149.89,-0.038,0.55,True,63.9,0.76,63.1,False,5.35,3.49,22.6,14.4,D 趨勢弱,False,5:07,153.5,跌,35.0,3,False,,-1.3515,-1.0792,-1.3515,False,True,-4.7,-0.88,145.48,-1.62,-0.3,4156.8,OHLC,—,HH/HL,自然反彈,False,262,2,ORCL,AI_R13+Combined_R22
NAKA,2026-09-16,8.2,0.57,True,6.93,0.08,0.83,True,45.8,1.25,44.5,False,6.94,6.12,15.0,0.0,E 延伸,False,5:03,151.7,跌,34.0,2,False,,-0.0376,-0.0333,-0.0376,False,False,15.48,2.23,7.78,5.12,0.74,1.9,OHLC,↑,HH/HL,自然反彈,False,181,2,NAKA,10MA_R20
WMB,2026-09-16,70.9,2.04,True,73.27,0.053,0.13,False,85.9,-0.06,86.0,True,2.88,1.71,37.2,0.7,C 基底修復,False,4:40,140.2,跌,28.0,4,False,,-0.3796,-0.2854,-0.5386,False,False,-3.34,-1.16,73.36,-3.47,-1.21,555.3,OHLC,—,HH/HL,DT,False,262,2,WMB,SubSector_R12
SLB,2026-09-16,52.3,1.97,True,55.14,0.012,0.43,False,77.4,-1.52,79.0,True,3.77,2.46,57.0,-5.6,B 上升結構,False,4:36,137.9,跌,27.0,5,False,,-0.6762,-0.5153,-0.6762,False,False,-5.43,-1.44,52.06,0.46,0.12,713.5,OHLC,↑,HH/HL,自然回檔,False,262,2,SLB,SubSector_R12+RateHike_R2_迴避
ASX,2026-09-16,37.95,1.69,False,37.9,-0.015,0.48,True,64.0,1.06,63.0,False,4.47,4.34,25.6,2.3,C 基底修復,False,4:12,126.0,跌,20.0,1,False,,-0.0208,0.01,-1.1043,False,True,0.12,0.03,37.08,2.29,0.51,225.4,OHLC,↑,HH/HL,次級反彈,False,75,2,ASX,AI_R13
MOS,2026-09-16,24.79,1.05,True,24.01,0.07,0.44,False,75.0,-0.52,75.5,False,4.23,2.46,20.0,0.0,E 延伸,False,4:03,121.3,跌,17.0,1,False,,-0.0656,0.0015,-0.2206,False,True,3.16,0.75,23.6,4.8,1.13,211.1,OHLC,—,HH/HL,自然回檔,True,262,2,MOS,SubSector_R12
HOOD,2026-09-16,104.42,6.65,True,106.42,0.459,0.6,False,54.4,-2.58,57.0,False,6.37,4.51,43.5,4.2,D 趨勢弱,False,3:59,119.3,跌,16.0,2,False,,-0.7787,-0.0763,-2.9917,False,True,-1.92,-0.3,103.62,0.77,0.12,2520.1,OHLC,↑,HH/HL,自然回檔,False,262,2,HOOD,SubSector_R12+Combined_R22+RateHike_R2_迴避
DMLP,2026-09-16,29.46,0.51,True,28.28,0.163,1.43,False,92.5,-0.79,93.3,True,1.75,1.42,71.7,7.1,A 待突破,False,3:45,112.5,跌,12.0,1,False,,-0.0008,0.0469,-0.2038,False,False,4.0,2.29,28.36,3.73,2.14,3.2,OHLC,↑,HH/HL,自然回檔,False,262,2,DMLP,10MA_R20
DE,2026-09-16,669.47,17.99,True,645.58,1.496,0.64,False,84.6,-0.43,85.0,True,2.69,2.16,53.5,-1.3,B 上升結構,False,3:36,107.8,跌,10.0,1,False,,-0.5437,0.9265,-3.9742,False,False,3.57,1.33,622.66,6.99,2.6,957.7,OHLC,—,HH/HL,自然回檔,True,262,2,DE,SubSector_R12
FUBO,2026-09-16,10.6,0.76,True,10.37,0.037,0.45,False,47.8,-0.41,48.2,False,7.16,5.35,36.8,4.3,D 趨勢弱,False,3:27,103.7,跌,8.0,1,False,,-0.0388,0.0209,-0.1221,False,True,2.17,0.3,10.71,-1.04,-0.14,12.7,OHLC,—,HH/HL,DT,False,262,2,FUBO,10MA_R20_跌出
CBIO,2026-09-16,17.18,1.39,True,18.37,0.047,0.57,False,47.1,-4.55,51.6,False,8.09,4.61,57.3,7.0,D 趨勢弱,False,3:26,103.1,跌,7.0,1,False,,-0.1396,0.0341,-0.1396,False,True,-6.94,-0.86,16.69,2.85,0.35,5.2,OHLC,↑,HH/HL,自然回檔,False,262,2,CBIO,Combined_R22
AESI,2026-09-16,13.57,0.79,True,12.72,0.237,0.9,True,59.8,0.1,59.7,False,5.82,3.87,36.7,2.9,D 趨勢弱,False,2:49,84.6,升,284.0,28,False,,0.0661,0.0967,,False,False,6.25,1.08,13.87,-2.21,-0.38,41.7,OHLC,↑,HH/HL,次級反彈,False,262,2,AESI,10MA_R20
BE,2026-09-16,270.02,18.94,True,233.91,1.471,0.79,True,41.4,1.23,40.2,False,7.01,7.32,51.8,-0.4,E 延伸,False,2:49,84.6,升,140.0,16,False,,4.4687,4.7945,,False,False,13.37,1.91,270.89,-0.32,-0.05,3513.3,OHLC,—,HH/HL,自然反彈,False,262,2,BE,AI_R13+Combined_R22
CYPH,2026-09-16,2.44,0.33,True,1.97,0.044,0.44,True,23.5,1.06,22.4,False,13.63,8.68,54.3,4.3,E 延伸,False,2:49,84.6,升,201.0,31,False,,0.0118,0.02,,False,False,19.07,1.4,2.22,9.02,0.66,36.3,OHLC,↑,HH/HL,自然反彈,False,262,2,CYPH,10MA_R20
DINO,2026-09-16,113.97,4.21,True,97.49,0.857,0.86,False,78.6,-0.2,78.8,True,3.69,2.32,75.0,0.0,E 延伸,False,2:49,84.6,升,132.0,22,False,,0.498,0.3655,,False,False,14.46,3.92,105.23,7.67,2.08,268.5,OHLC,↑,HH/HL,UT,False,262,2,DINO,SubSector_R12+Combined_R22+RateHike_R2_受惠
FLUT,2026-09-16,97.56,4.13,False,97.41,-0.255,-0.19,True,70.9,0.2,70.7,False,4.23,3.22,30.6,-1.0,D 趨勢弱,False,2:49,84.6,升,158.0,19,False,,0.0001,0.1827,,False,True,0.15,0.04,97.0,0.57,0.14,233.6,OHLC,—,HH/HL,次級回檔,True,75,2,FLUT,SubSector_R12
IBM,2026-09-16,237.49,7.59,True,235.98,0.345,0.5,False,70.3,-1.79,72.1,False,3.2,4.37,31.2,2.0,D 趨勢弱,False,2:49,84.6,升,271.0,33,False,,1.3044,1.9444,,False,True,0.63,0.2,229.1,3.53,1.11,1152.3,OHLC,↑,HH/HL,自然回檔,False,262,2,IBM,SubSector_R12+10MA_R20
INTG,2026-09-16,37.3,2.4,True,34.82,0.394,0.96,True,56.2,1.85,54.4,False,6.44,4.03,58.6,-3.1,C 基底修復,False,2:49,84.6,升,231.0,27,False,,0.2053,0.2504,,False,False,6.65,1.03,35.94,3.65,0.57,3.7,OHLC,—,HH/HL,自然反彈,True,262,2,INTG,10MA_R20
IPGP,2026-09-16,76.96,3.85,False,79.4,-0.683,-0.34,True,62.9,0.67,62.2,False,5.0,4.03,12.4,-0.2,D 趨勢弱,False,2:49,84.6,升,117.0,13,False,,0.7427,0.7665,,False,True,-3.17,-0.63,74.9,2.68,0.54,41.6,OHLC,—,HH/HL,次級反彈,True,262,2,IPGP,AI_R13
MEOH,2026-09-16,61.51,2.31,True,59.11,0.325,1.12,False,75.6,-1.76,77.4,True,3.75,2.81,58.3,2.3,B 上升結構,False,2:49,84.6,升,155.0,23,False,,0.1957,0.3765,,False,False,3.91,1.04,58.72,4.54,1.21,50.5,OHLC,↑,HH/HL,自然回檔,False,262,2,MEOH,Combined_R22
NATH,2026-09-16,98.67,0.94,False,97.84,-0.021,-0.08,False,97.5,-0.06,97.6,True,0.96,0.77,41.4,10.1,D 趨勢弱,False,2:49,84.6,升,224.0,21,False,,0.0867,0.0495,,False,True,0.84,0.88,97.44,1.25,1.3,2.2,OHLC,—,HH/HL,自然回檔,True,262,2,NATH,10MA_R20
REPX,2026-09-16,43.08,1.41,True,39.87,0.35,1.4,False,82.3,-1.9,84.2,True,3.28,2.02,53.9,-4.1,E 延伸,False,2:49,84.6,升,199.0,27,False,,0.2179,0.3522,,False,False,7.45,2.27,37.36,13.28,4.05,12.7,OHLC,↑,HH/HL,自然回檔,False,262,2,REPX,10MA_R20
SLDE,2026-09-16,25.67,0.8,True,23.64,0.205,1.35,False,79.5,-1.37,80.9,True,3.1,2.74,59.8,-2.9,E 延伸,False,2:49,84.6,升,144.0,23,False,,0.1285,0.1686,,False,False,7.91,2.55,23.06,10.17,3.28,31.4,OHLC,↑,HH/HL,自然回檔,False,262,2,SLDE,Combined_R22+10MA_R20
SMTC,2026-09-16,167.55,11.82,True,140.86,1.583,0.51,True,44.8,1.26,43.5,False,7.05,6.28,68.9,4.6,B 上升結構,False,2:49,84.6,升,121.0,15,False,,2.1582,1.7002,,False,False,15.93,2.26,159.13,5.03,0.71,587.1,OHLC,↑,HH/HL,UT,False,262,2,SMTC,AI_R13
STAG,2026-09-16,37.08,0.56,False,37.09,-0.038,-0.63,False,93.9,-0.02,93.9,True,1.52,1.28,37.5,0.3,D 趨勢弱,False,2:49,84.6,升,116.0,16,False,,0.0433,0.0501,,False,True,-0.02,-0.01,36.69,1.05,0.69,55.2,OHLC,—,HH/HL,自然回檔,True,262,2,STAG,SubSector_R12
TDOC,2026-09-16,6.43,0.29,False,6.54,-0.009,-0.86,True,59.7,0.17,59.5,False,4.45,5.26,36.2,0.2,D 趨勢弱,False,2:49,84.6,升,99.0,14,False,,0.0857,0.0845,,False,True,-1.7,-0.38,6.47,-0.62,-0.14,21.2,OHLC,—,LH/LL,自然回檔,False,262,2,TDOC,SubSector_R12
UMC,2026-09-16,22.53,0.96,True,19.98,0.063,0.68,True,64.9,1.9,63.0,False,4.24,4.38,43.3,4.8,E 延伸,False,2:49,84.6,升,217.0,26,False,,0.2833,0.2953,,False,False,11.33,2.67,22.12,1.82,0.43,246.7,OHLC,—,HH/HL,自然反彈,False,75,2,UMC,SubSector_R12
WFC,2026-09-16,87.05,2.17,False,87.61,-0.034,0.26,False,88.9,-1.08,90.0,True,2.5,1.47,42.2,-12.4,C 基底修復,False,2:49,84.6,升,118.0,10,False,,0.0426,0.2471,,False,True,-0.65,-0.26,90.34,-3.78,-1.51,1145.8,OHLC,—,LH/LL,自然回檔,False,262,2,WFC,SubSector_R12
XRX,2026-09-16,3.48,0.2,True,3.17,0.011,-0.22,True,53.9,0.3,53.6,False,5.63,5.37,55.6,-3.1,E 延伸,False,2:49,84.6,升,101.0,12,False,,0.032,0.0286,,False,False,8.78,1.56,3.28,5.75,1.02,8.2,OHLC,↓,LH/LL,次級反彈,False,262,2,XRX,10MA_R20
EBAY,2026-09-16,109.17,3.38,False,105.65,-0.004,-0.17,True,83.3,0.28,83.0,True,3.1,2.02,52.3,7.0,B 上升結構,False,2:29,74.6,升,91.0,16,False,,0.7565,0.6913,,False,False,3.22,1.04,103.41,5.28,1.7,471.3,OHLC,↑,HH/HL,UT,False,262,2,EBAY,SubSector_R12
RIOT,2026-09-16,20.35,1.57,False,20.47,-0.035,-0.02,True,43.7,1.24,42.5,False,7.7,5.95,53.4,2.2,C 基底修復,False,1:51,55.6,升,81.0,9,False,,0.0645,0.1084,,False,True,-0.57,-0.07,21.47,-5.5,-0.71,322.8,OHLC,↓,LH/LL,自然反彈,False,262,2,RIOT,SubSector_R12
STLD,2026-09-16,238.23,8.43,False,242.46,-1.045,-0.34,False,78.9,-0.08,78.9,True,3.54,2.41,58.5,-1.5,C 基底修復,False,1:17,38.3,升,71.0,9,False,,0.2903,0.279,,False,True,-1.78,-0.5,233.8,1.86,0.53,287.5,OHLC,—,HH/HL,DT,True,262,2,STLD,SubSector_R12+RateHike_R2_受惠
RCAT,2026-09-16,7.1,0.61,False,9.22,-0.128,-0.02,False,42.8,-5.07,47.9,False,8.55,5.37,10.0,0.0,D 趨勢弱,True,7:18,218.8,跌,72.0,17,False,1.0,-0.1394,-0.1022,-0.1785,False,False,-30.01,-3.51,7.96,-12.26,-1.43,46.8,OHLC,↓,LH/LL,DT,False,262,1,RCAT,SubSector_R12
TFC,2026-09-16,48.44,1.09,False,51.14,-0.191,-0.41,False,90.5,-1.97,92.4,True,2.25,1.38,21.8,-26.3,D 趨勢弱,False,5:06,152.9,跌,35.0,6,False,1.0,-0.1224,-0.0085,-0.321,False,False,-5.57,-2.47,48.68,-0.5,-0.22,294.9,OHLC,↓,LH/LL,DT,False,262,1,TFC,SubSector_R12
ADBE,2026-09-16,250.5,10.7,False,266.57,-0.085,-0.04,False,71.7,-0.43,72.1,False,4.27,3.04,13.6,-14.5,D 趨勢弱,True,8:49,264.6,跌,185.0,9,False,2.0,-4.0412,-3.9279,-5.1951,False,False,-6.42,-1.5,265.6,-6.03,-1.41,1284.8,OHLC,↓,LH/LL,DT,False,262,1,ADBE,AI_R13+SubSector_R12
SANA,2026-09-16,2.92,0.23,False,3.56,-0.06,-0.37,False,48.2,-3.61,51.8,False,7.94,4.46,0.0,-4.0,D 趨勢弱,True,8:49,264.6,跌,102.0,11,False,2.0,-0.1089,-0.1032,-0.1153,False,False,-21.76,-2.74,3.2,-9.59,-1.21,10.0,OHLC,↓,LH/LL,DT,False,262,1,SANA,SubSector_R12
SOUN,2026-09-16,5.93,0.34,False,7.03,-0.02,0.21,False,60.3,-0.88,61.2,False,5.69,3.87,10.0,0.0,D 趨勢弱,True,8:49,264.6,跌,167.0,16,False,2.0,-0.1053,-0.0934,-0.1053,False,False,-18.57,-3.26,6.47,-9.11,-1.6,146.1,OHLC,↓,LH/LL,DT,False,262,1,SOUN,AI_R13+Combined_R22
CRVS,2026-09-16,12.23,0.69,False,14.03,-0.051,-0.24,False,64.6,-2.48,67.1,False,5.64,3.05,20.0,-2.0,D 趨勢弱,True,8:43,261.4,跌,95.0,17,False,2.0,-0.2163,-0.1845,-0.3058,False,False,-14.73,-2.61,14.65,-19.79,-3.51,10.1,OHLC,↓,LH/LL,DT,False,262,1,CRVS,SubSector_R12
OPEN,2026-09-16,2.59,0.18,False,3.33,-0.064,-1.1,False,52.2,-0.5,52.7,False,7.0,4.39,10.0,0.0,D 趨勢弱,True,7:48,234.0,跌,80.0,11,False,2.0,-0.0319,-0.0283,-0.0989,False,False,-28.51,-4.07,3.15,-21.62,-3.09,77.7,OHLC,↓,LH/LL,DT,False,262,1,OPEN,SubSector_R12
ACM,2026-09-16,62.81,2.26,False,66.23,-0.249,-0.43,False,77.2,-0.04,77.2,True,3.59,2.68,24.1,0.7,D 趨勢弱,False,5:44,171.8,跌,45.0,5,False,2.0,-0.1157,-0.0488,-1.3742,False,False,-5.44,-1.51,62.89,-0.13,-0.04,135.8,OHLC,↑,HH/HL,自然回檔,False,262,1,ACM,SubSector_R12
ALLO,2026-09-16,1.69,0.11,False,1.98,-0.007,-0.06,False,57.9,-0.32,58.3,False,6.31,3.77,10.5,-0.8,D 趨勢弱,True,8:49,264.6,跌,108.0,13,False,3.0,-0.0353,-0.0356,-0.0479,True,False,-17.07,-2.7,1.78,-5.33,-0.84,8.8,OHLC,↓,LH/LL,DT,False,75,1,ALLO,SubSector_R12
ARWR,2026-09-16,65.79,4.31,False,82.61,-2.191,-0.85,False,56.7,-4.15,60.9,False,6.55,3.8,22.9,-4.1,D 趨勢弱,True,8:49,264.6,跌,136.0,24,False,3.0,-2.0466,-1.3948,-2.0466,False,False,-25.57,-3.9,86.49,-31.46,-4.8,109.9,OHLC,↓,LH/LL,DT,False,262,1,ARWR,Combined_R22
BOOT,2026-09-16,122.75,6.82,False,153.03,-2.681,-0.8,False,64.8,-1.67,66.4,False,5.55,3.1,0.0,0.0,D 趨勢弱,True,8:49,264.6,跌,120.0,16,False,3.0,-2.821,-2.1294,-2.821,False,False,-24.66,-4.44,144.39,-17.63,-3.17,81.7,OHLC,↓,LH/LL,DT,False,262,1,BOOT,Combined_R22
CHTR,2026-09-16,135.0,7.4,False,149.34,-0.345,-0.04,False,62.8,-1.23,64.0,False,5.48,3.58,8.7,2.2,D 趨勢弱,True,8:49,264.6,跌,175.0,21,False,3.0,-1.7958,-1.4894,-1.9972,False,False,-10.62,-1.94,148.34,-9.88,-1.8,406.6,OHLC,—,LH/LL,次級回檔,False,262,1,CHTR,SubSector_R12
DNTH,2026-09-16,102.49,5.02,False,109.38,-0.313,-0.05,False,67.6,-0.39,68.0,False,4.9,3.21,58.2,-3.2,D 趨勢弱,True,8:49,264.6,跌,144.0,20,False,3.0,-0.7945,-0.661,-1.302,False,False,-6.73,-1.37,107.69,-5.07,-1.04,63.3,OHLC,—,LH/LL,DT,True,262,1,DNTH,Combined_R22
Z,2026-09-16,31.31,1.54,False,34.1,-0.134,-0.19,False,67.2,-0.63,67.8,False,4.93,3.25,17.9,-0.6,D 趨勢弱,True,8:49,264.6,跌,107.0,12,False,3.0,-0.3565,-0.3216,-0.5012,False,False,-8.91,-1.81,33.18,-5.97,-1.21,97.8,OHLC,↓,LH/LL,自然回檔,False,262,1,Z,SubSector_R12
BBAI,2026-09-16,2.73,0.15,False,3.07,-0.01,0.17,False,63.5,-0.94,64.4,False,5.35,3.57,10.0,-1.2,D 趨勢弱,True,7:33,226.6,跌,76.0,11,False,3.0,-0.0209,-0.017,-0.0316,False,False,-12.61,-2.36,2.88,-5.49,-1.03,44.7,OHLC,↓,LH/LL,DT,False,262,1,BBAI,Combined_R22
LAMR,2026-09-16,147.53,2.64,False,153.09,-0.429,-0.96,False,93.2,-0.17,93.4,True,1.79,1.2,49.2,1.5,C 基底修復,False,3:54,117.2,跌,15.0,2,False,3.0,-0.0755,-0.0452,-1.0164,False,False,-3.77,-2.11,152.61,-3.44,-1.92,65.1,OHLC,↓,LH/LL,DT,False,262,1,LAMR,SubSector_R12
UPS,2026-09-16,98.77,2.17,False,103.36,-0.3,-0.38,False,88.8,-1.21,90.0,True,2.2,1.8,33.2,-4.1,D 趨勢弱,False,3:30,104.8,跌,8.0,1,False,3.0,-0.0817,0.0614,-1.4973,False,False,-4.65,-2.12,102.46,-3.74,-1.7,391.9,OHLC,↓,LH/LL,DT,False,262,1,UPS,SubSector_R12+RateHike_R2_迴避
EPAM,2026-09-16,117.17,5.21,True,108.53,0.215,0.47,False,68.0,-2.23,70.3,False,4.45,3.57,25.0,0.0,E 延伸,False,3:25,102.3,跌,7.0,1,False,3.0,-0.0963,0.2616,-0.5353,False,False,7.37,1.66,114.52,2.26,0.51,142.9,OHLC,↑,HH/HL,自然回檔,False,262,1,EPAM,SubSector_R12+10MA_R20
BA,2026-09-16,201.96,5.6,False,216.54,-2.155,-0.62,False,84.7,-2.52,87.2,True,2.77,2.06,7.4,-13.0,D 趨勢弱,False,3:21,100.3,跌,6.0,1,False,3.0,-0.1815,0.1878,-2.5802,False,False,-7.22,-2.61,210.45,-4.2,-1.52,1111.7,OHLC,↓,LH/LL,DT,False,262,1,BA,SubSector_R12+Combined_R22
ONON,2026-09-16,27.15,1.02,False,30.22,-0.195,-1.04,True,71.2,0.75,70.5,False,3.75,3.65,1.7,1.7,D 趨勢弱,False,11:24,342.0,升,40.0,4,False,4.0,0.1613,0.1231,,False,False,-11.29,-3.01,27.47,-1.18,-0.31,200.0,OHLC,—,LH/LL,DT,True,75,1,ONON,SubSector_R12
SNAP,2026-09-16,5.72,0.29,False,5.46,-0.004,0.41,False,64.5,-0.01,64.5,False,5.02,3.69,34.2,-13.0,D 趨勢弱,False,10:21,310.4,升,22.0,3,False,4.0,0.0139,0.0174,,False,True,4.59,0.91,5.33,6.82,1.36,202.3,OHLC,↑,HH/HL,自然回檔,False,262,1,SNAP,SubSector_R12
MAX,2026-09-16,11.04,0.55,False,12.46,-0.046,-0.66,False,68.6,-0.93,69.6,False,4.95,2.95,36.3,-2.6,D 趨勢弱,True,8:49,264.6,跌,213.0,41,False,4.0,-0.1259,-0.1109,-0.3086,False,False,-12.88,-2.6,12.2,-10.51,-2.12,6.8,OHLC,↓,LH/LL,DT,False,262,1,MAX,Combined_R22
HRZN,2026-09-16,4.53,0.16,False,4.81,-0.002,0.26,False,80.7,-1.42,82.1,True,3.45,2.17,6.7,-5.1,D 趨勢弱,False,3:54,116.8,跌,15.0,2,False,4.0,-0.028,-0.0106,-0.0522,False,False,-6.11,-1.77,4.51,0.44,0.13,3.4,OHLC,↑,HH/HL,自然回檔,False,262,1,HRZN,10MA_R20_跌出
PNC,2026-09-16,231.49,4.96,False,245.52,-1.049,-0.43,False,91.8,-1.83,93.6,True,2.14,1.19,44.1,-11.7,C 基底修復,False,3:34,106.8,跌,9.0,2,False,4.0,-0.6356,-0.0019,-1.7313,False,False,-6.06,-2.83,246.96,-6.68,-3.12,368.6,OHLC,—,LH/LL,自然回檔,False,262,1,PNC,SubSector_R12+Combined_R22+RateHike_R2_迴避
INSP,2026-09-16,72.75,3.18,True,63.98,0.465,1.43,False,67.3,-0.51,67.8,False,4.37,3.79,31.4,1.0,E 延伸,False,10:53,326.7,升,31.0,5,False,5.0,0.9331,1.0555,,False,False,12.05,2.76,61.52,15.44,3.53,47.3,OHLC,↑,HH/HL,自然回檔,False,262,1,INSP,10MA_R20
SYY,2026-09-16,78.71,1.86,False,82.33,-0.237,-0.51,False,90.3,-0.09,90.4,True,2.36,1.3,23.0,-10.3,D 趨勢弱,False,3:42,111.2,跌,12.0,2,False,5.0,-0.2095,-0.0446,-0.5163,False,False,-4.6,-1.95,83.54,-6.14,-2.6,263.7,OHLC,↓,LH/LL,DT,False,262,1,SYY,SubSector_R12
TALO,2026-09-16,17.42,0.7,True,16.62,0.148,0.98,False,73.5,-2.34,75.8,False,4.03,2.94,64.1,3.2,B 上升結構,False,3:32,106.0,跌,9.0,1,False,5.0,-0.0172,0.0235,-0.0442,False,False,4.6,1.14,16.84,3.33,0.83,33.5,OHLC,↑,HH/HL,自然回檔,False,262,1,TALO,10MA_R20_跌出
OBIO,2026-09-16,6.01,0.34,True,5.27,0.04,0.86,False,58.8,-0.17,59.0,False,5.69,4.21,50.0,-0.8,E 延伸,False,11:25,342.6,升,40.0,5,False,7.0,0.0592,0.0631,,False,False,12.33,2.17,5.9,1.83,0.32,1.9,OHLC,↑,HH/HL,自然反彈,False,181,1,OBIO,10MA_R20
CSCO,2026-09-16,107.74,2.76,False,113.57,-0.49,-0.33,False,85.1,-0.52,85.6,True,2.57,2.2,58.4,-5.4,C 基底修復,False,10:56,327.9,升,32.0,4,False,7.0,0.0854,0.2039,,False,False,-5.41,-2.11,112.13,-4.07,-1.59,1499.1,OHLC,—,LH/LL,自然回檔,True,262,1,CSCO,AI_R13
BJRI,2026-09-16,59.6,2.43,False,64.62,-0.239,-0.73,False,73.5,-0.14,73.7,False,4.08,2.88,57.3,10.2,D 趨勢弱,True,8:49,264.6,跌,400.0,33,False,7.0,-0.2513,-0.2502,-1.0323,False,False,-8.42,-2.06,62.14,-4.26,-1.04,26.7,OHLC,—,LH/LL,DT,True,262,1,BJRI,Combined_R22
LEU,2026-09-16,139.01,11.42,False,175.34,-2.16,-0.54,False,46.2,-0.14,46.4,False,8.22,4.72,0.0,0.0,D 趨勢弱,True,8:49,264.6,跌,173.0,13,False,7.0,-4.643,-4.2483,-4.643,False,False,-26.14,-3.18,191.21,-37.55,-4.57,98.5,OHLC,↓,LH/LL,DT,False,262,1,LEU,AI_R13+SubSector_R12
STX,2026-09-16,783.18,52.07,False,851.72,-2.07,-0.01,True,50.4,1.39,49.0,False,6.65,5.19,50.0,0.0,D 趨勢弱,False,4:39,139.7,跌,28.0,3,False,7.0,-6.3159,-4.7892,-10.1283,False,False,-8.75,-1.32,856.13,-9.31,-1.4,2704.9,OHLC,↓,LH/LL,DT,False,262,1,STX,AI_R13+SubSector_R12
VIAV,2026-09-16,34.47,2.46,False,38.55,-0.216,0.06,True,48.2,2.13,46.1,False,7.14,5.27,22.4,1.0,D 趨勢弱,False,4:09,124.7,跌,19.0,2,False,7.0,-0.1367,-0.1017,-0.5281,False,False,-11.84,-1.66,39.18,-13.66,-1.91,143.8,OHLC,↓,LH/LL,自然反彈,False,262,1,VIAV,AI_R13
FORM,2026-09-16,104.82,7.41,False,112.53,-0.523,0.26,True,42.6,1.49,41.1,False,7.07,6.9,42.1,9.6,D 趨勢弱,False,11:54,356.9,升,48.0,6,False,8.0,0.2108,0.2578,,False,False,-7.35,-1.04,112.47,-7.3,-1.03,109.6,OHLC,—,HH/HL,自然反彈,False,262,1,FORM,AI_R13
RGTI,2026-09-16,14.79,0.94,False,16.6,-0.074,0.08,False,52.3,-0.47,52.8,False,6.38,5.0,10.0,0.0,D 趨勢弱,True,8:49,264.6,跌,186.0,17,False,8.0,-0.0576,-0.052,-0.276,False,False,-12.26,-1.92,15.81,-6.9,-1.08,245.3,OHLC,↓,LH/LL,DT,False,262,1,RGTI,SubSector_R12
DNN,2026-09-16,2.82,0.17,False,3.3,-0.002,0.15,False,59.2,-0.01,59.2,False,6.13,3.68,13.9,-0.8,D 趨勢弱,True,8:30,255.0,跌,92.0,11,False,8.0,-0.0786,-0.0733,-0.0786,False,False,-16.9,-2.76,3.22,-14.18,-2.31,75.4,OHLC,↓,LH/LL,DT,False,75,1,DNN,SubSector_R12
GS,2026-09-16,937.98,28.98,False,1024.75,-6.214,-0.26,False,81.8,-1.84,83.7,True,3.09,2.3,18.2,-33.7,D 趨勢弱,False,5:43,171.5,跌,45.0,3,False,8.0,-7.748,-4.2295,-10.7254,False,False,-9.25,-2.99,1038.61,-10.73,-3.47,1809.3,OHLC,↓,LH/LL,DT,False,262,1,GS,SubSector_R12+Combined_R22+RateHike_R2_迴避
LRCX,2026-09-16,269.23,15.66,False,307.11,-1.51,-0.04,True,54.7,0.54,54.2,False,5.82,4.99,43.8,-0.9,D 趨勢弱,False,5:28,163.8,跌,41.0,4,False,8.0,-3.5891,-2.9638,-8.7021,False,False,-14.07,-2.42,318.58,-18.33,-3.15,2094.4,OHLC,↓,LH/LL,DT,False,262,1,LRCX,AI_R13+SubSector_R12+Combined_R22
CRWV,2026-09-16,83.35,6.11,False,94.24,-0.105,0.48,True,43.1,1.34,41.7,False,7.33,6.51,15.3,0.3,D 趨勢弱,False,4:57,148.4,跌,32.0,3,False,8.0,-0.7332,-0.6492,-1.4841,False,False,-13.06,-1.78,90.67,-8.78,-1.2,1729.2,OHLC,↓,LH/LL,自然反彈,False,262,1,CRWV,AI_R13+SubSector_R12+Combined_R22
ETN,2026-09-16,397.8,15.14,False,421.53,-1.957,0.12,True,73.9,0.85,73.0,False,3.8,3.09,36.7,1.1,D 趨勢弱,False,4:43,141.4,跌,29.0,3,False,8.0,-1.2851,-1.2169,-5.5385,False,False,-5.96,-1.57,387.0,2.71,0.71,743.1,OHLC,—,HH/HL,DT,False,262,1,ETN,AI_R13+SubSector_R12+Combined_R22+RateHike_R2_受惠
AMAT,2026-09-16,415.38,21.66,False,488.18,-4.033,-0.43,True,57.9,0.02,57.9,False,5.21,4.88,43.6,-0.8,D 趨勢弱,False,4:34,137.0,跌,26.0,3,False,8.0,-2.366,-1.6222,-16.5376,False,False,-17.53,-3.36,472.79,-13.82,-2.65,2524.7,OHLC,↓,LH/LL,DT,False,262,1,AMAT,AI_R13+SubSector_R12+Combined_R22
GNRC,2026-09-16,175.11,8.27,False,198.65,-2.178,-0.41,True,68.1,1.0,67.1,False,4.72,3.28,10.0,0.0,D 趨勢弱,False,4:24,132.0,跌,23.0,3,False,8.0,-0.5097,-0.4832,-4.1106,False,False,-13.44,-2.85,190.21,-8.62,-1.83,170.7,OHLC,—,LH/LL,DT,True,262,1,GNRC,AI_R13
MS,2026-09-16,202.42,5.5,False,213.52,-0.687,-0.12,False,86.3,-0.6,86.9,True,2.72,1.8,44.5,-14.3,C 基底修復,False,4:20,130.0,跌,22.0,3,False,8.0,-1.2025,-0.8082,-1.932,False,False,-5.48,-2.02,,,,906.6,OHLC,—,HH/HL,DT,False,262,1,MS,SubSector_R12+Combined_R22+RateHike_R2_迴避
RIVN,2026-09-16,15.23,0.7,False,15.89,-0.026,-0.06,False,63.5,-0.23,63.7,False,4.58,4.34,23.8,-1.9,D 趨勢弱,False,4:01,120.3,跌,17.0,2,False,8.0,-0.0546,-0.0202,-0.2459,False,True,-4.31,-0.94,16.17,-6.17,-1.35,314.2,OHLC,↓,LH/LL,DT,False,262,1,RIVN,SubSector_R12
POET,2026-09-16,7.4,0.52,False,8.32,-0.028,0.14,True,45.7,1.47,44.3,False,7.09,5.98,10.0,0.0,D 趨勢弱,False,4:00,120.0,跌,17.0,2,False,8.0,-0.0132,-0.0105,-0.0998,False,False,-12.42,-1.75,7.28,1.62,0.23,58.1,OHLC,↓,LH/LL,自然反彈,False,75,1,POET,AI_R13+SubSector_R12
GLW,2026-09-16,144.16,8.94,False,155.61,-0.465,0.45,True,49.7,1.16,48.6,False,6.2,5.81,30.7,-1.2,D 趨勢弱,False,3:33,106.4,跌,9.0,1,False,8.0,-0.4086,0.1555,-5.7692,False,False,-7.95,-1.28,166.4,-15.43,-2.49,1280.4,OHLC,↓,LH/LL,DT,False,262,1,GLW,AI_R13+Combined_R22
FLEX,2026-09-16,107.9,5.98,False,114.94,-0.761,0.06,True,58.5,0.26,58.3,False,5.55,4.41,10.0,-0.6,D 趨勢弱,False,12:30,15.0,升,58.0,7,False,8.0,0.4416,0.5542,,False,False,-6.52,-1.18,115.28,-6.84,-1.23,310.7,OHLC,↓,LH/LL,自然回檔,False,75,1,FLEX,SubSector_R12
HST,2026-09-16,21.76,0.45,False,22.74,-0.108,-1.13,False,90.1,-0.8,90.8,True,2.09,1.64,52.0,-2.9,C 基底修復,False,11:33,346.6,升,43.0,5,False,9.0,0.0359,0.0578,,False,False,-4.52,-2.16,22.54,-3.58,-1.71,173.0,OHLC,—,LH/LL,自然回檔,False,262,1,HST,Combined_R22
DAL,2026-09-16,77.87,2.32,False,82.93,-0.576,-0.86,False,84.4,-0.69,85.1,True,2.98,1.91,36.1,-11.8,D 趨勢弱,False,10:27,313.6,升,24.0,3,False,9.0,0.0978,0.1284,,False,False,-6.5,-2.18,80.17,-2.95,-0.99,416.4,OHLC,—,LH/LL,自然回檔,True,262,1,DAL,SubSector_R12
UAL,2026-09-16,106.3,3.9,False,114.72,-1.02,-0.93,False,77.9,-0.61,78.5,True,3.66,2.47,11.8,0.6,D 趨勢弱,False,10:26,313.2,升,24.0,3,False,9.0,0.0441,0.0503,,False,False,-7.92,-2.16,109.82,-3.31,-0.9,372.2,OHLC,—,LH/LL,DT,True,262,1,UAL,SubSector_R12
AAL,2026-09-16,12.7,0.47,False,13.82,-0.169,-1.11,False,75.8,-0.93,76.7,True,3.7,2.84,21.5,1.1,D 趨勢弱,False,10:19,309.4,升,22.0,3,False,9.0,0.0185,0.0196,,False,False,-8.79,-2.38,13.95,-9.84,-2.66,887.3,OHLC,—,LH/LL,DT,True,262,1,AAL,SubSector_R12
ELVN,2026-09-16,49.12,2.39,False,57.99,-0.921,-0.34,False,71.0,-5.79,76.8,False,4.87,2.57,43.2,-9.9,D 趨勢弱,True,8:49,264.6,跌,192.0,24,False,9.0,-1.1904,-0.9172,-1.1904,False,False,-18.06,-3.71,59.65,-21.44,-4.4,49.7,OHLC,↓,LH/LL,DT,False,262,1,ELVN,Combined_R22
NB,2026-09-16,3.5,0.24,False,4.57,-0.09,-0.53,False,51.5,-0.34,51.8,False,6.85,4.73,10.0,0.0,D 趨勢弱,True,8:49,264.6,跌,188.0,20,False,9.0,-0.0614,-0.059,-0.0777,False,False,-30.69,-4.48,4.14,-18.29,-2.67,9.5,OHLC,↓,LH/LL,DT,False,262,1,NB,SubSector_R12
LAZ,2026-09-16,36.61,2.01,False,42.92,-0.382,-0.25,False,67.6,-3.23,70.8,False,5.48,2.62,10.0,-4.0,D 趨勢弱,True,6:00,180.0,跌,50.0,6,False,9.0,-0.7076,-0.5216,-0.7076,False,False,-17.25,-3.15,45.21,-23.49,-4.29,45.3,OHLC,↓,LH/LL,DT,False,75,1,LAZ,SubSector_R12
TER,2026-09-16,341.15,22.13,False,373.09,-2.398,-0.0,True,49.0,1.4,47.6,False,6.49,5.71,42.8,0.5,D 趨勢弱,False,4:52,146.1,跌,31.0,3,False,9.0,-2.2871,-2.12,-6.1247,False,False,-9.36,-1.44,372.06,-9.06,-1.4,822.4,OHLC,↓,LH/LL,自然反彈,False,262,1,TER,AI_R13+SubSector_R12+Combined_R22
VRT,2026-09-16,239.41,15.48,False,264.23,-1.174,0.27,True,52.6,1.64,51.0,False,6.47,4.83,17.3,-0.1,D 趨勢弱,False,4:33,136.5,跌,26.0,3,False,9.0,-2.421,-2.2598,-7.8139,False,False,-10.37,-1.6,257.06,-7.37,-1.14,1261.1,OHLC,↓,LH/LL,自然反彈,False,262,1,VRT,AI_R13+SubSector_R12+Combined_R22
NBIS,2026-09-16,209.37,17.05,False,226.47,-0.188,0.48,True,34.9,0.58,34.3,False,8.14,8.48,50.0,0.0,D 趨勢弱,False,4:30,135.0,跌,25.0,2,False,9.0,-1.517,-1.0238,-4.4089,False,False,-8.17,-1.0,203.87,2.63,0.32,3420.5,OHLC,—,HH/HL,DT,False,262,1,NBIS,AI_R13+SubSector_R12+Combined_R22
VECO,2026-09-16,41.04,2.62,False,48.09,-0.371,-0.35,True,51.8,0.68,51.1,False,6.4,5.09,32.4,0.2,D 趨勢弱,False,4:14,126.9,跌,21.0,2,False,9.0,-0.0761,-0.0485,-1.0959,False,False,-17.18,-2.69,45.59,-11.09,-1.73,21.5,OHLC,↓,LH/LL,DT,False,262,1,VECO,AI_R13
ASTS,2026-09-16,59.27,4.15,False,65.26,-0.421,0.05,True,46.1,1.23,44.9,False,7.0,5.96,19.5,-0.7,D 趨勢弱,False,4:05,122.4,跌,18.0,2,False,9.0,-0.0542,-0.0504,-1.2243,False,False,-10.1,-1.44,61.44,-3.66,-0.52,542.4,OHLC,—,LH/LL,DT,True,262,1,ASTS,SubSector_R12+RateHike_R2_受惠
KLAC,2026-09-16,167.36,8.7,False,186.74,-0.742,-0.12,True,58.8,0.67,58.2,False,5.2,4.69,29.5,-1.3,D 趨勢弱,False,4:05,122.4,跌,18.0,2,False,9.0,-0.2936,-0.0226,-5.6316,False,False,-11.58,-2.23,186.78,-11.6,-2.23,1486.3,OHLC,↓,LH/LL,DT,False,262,1,KLAC,AI_R13+SubSector_R12+Combined_R22
APLD,2026-09-16,24.39,1.82,False,27.69,-0.287,-0.19,True,46.3,1.42,44.8,False,7.45,5.48,12.6,0.1,D 趨勢弱,False,4:01,120.3,跌,17.0,2,False,9.0,-0.0986,-0.0916,-0.3077,False,False,-13.53,-1.82,26.42,-8.32,-1.12,364.1,OHLC,↓,LH/LL,自然反彈,False,262,1,APLD,AI_R13+Combined_R22
MTB,2026-09-16,226.01,4.85,False,241.66,-1.267,-0.63,False,91.3,-1.85,93.2,True,2.15,1.29,31.8,-12.0,D 趨勢弱,False,3:58,118.8,跌,16.0,2,False,9.0,-0.7143,-0.0561,-2.0155,False,False,-6.93,-3.23,240.06,-6.22,-2.9,241.5,OHLC,↓,LH/LL,DT,False,262,1,MTB,SubSector_R12
JEF,2026-09-16,47.35,1.91,False,53.31,-0.409,-0.57,False,75.2,-1.69,76.9,True,4.04,2.61,16.7,-3.5,D 趨勢弱,False,3:57,118.7,跌,16.0,3,False,9.0,-0.576,-0.367,-0.576,False,False,-12.59,-3.12,,,,83.9,OHLC,—,HH/HL,DT,False,262,1,JEF,SubSector_R12
VSAT,2026-09-16,70.95,4.27,False,76.23,-0.807,-0.28,True,52.8,0.97,51.8,False,6.01,5.24,52.8,0.7,D 趨勢弱,False,3:51,115.3,跌,14.0,1,False,9.0,-0.0103,0.0539,-1.6121,False,False,-7.45,-1.24,71.48,-0.75,-0.12,112.5,OHLC,↓,LH/LL,DT,False,262,1,VSAT,Combined_R22
CARR,2026-09-16,54.26,1.87,False,59.71,-0.46,-0.72,False,80.7,-1.21,81.9,True,3.45,2.16,6.7,-1.7,D 趨勢弱,False,3:35,107.6,跌,10.0,2,False,9.0,-0.1381,-0.0126,-0.9256,False,False,-10.05,-2.91,59.71,-10.04,-2.91,321.6,OHLC,↓,LH/LL,DT,False,262,1,CARR,SubSector_R12
CGNX,2026-09-16,60.1,2.47,False,63.02,-0.44,-0.23,True,71.1,0.82,70.2,False,4.11,3.32,47.6,1.3,C 基底修復,False,3:32,106.2,跌,9.0,1,False,9.0,-0.0195,0.0209,-0.7098,False,False,-4.86,-1.18,58.58,2.53,0.62,90.4,OHLC,—,HH/HL,DT,False,262,1,CGNX,Combined_R22
NRG,2026-09-16,107.38,4.77,False,115.63,-1.3,-0.82,True,67.8,1.11,66.7,False,4.44,3.62,2.8,2.8,D 趨勢弱,False,3:30,104.8,跌,8.0,1,False,9.0,-0.091,0.0234,-1.8245,False,False,-7.68,-1.73,116.14,-8.16,-1.84,290.3,OHLC,↓,LH/LL,DT,False,262,1,NRG,AI_R13+SubSector_R12
ROK,2026-09-16,414.92,10.87,False,433.66,-1.537,-0.9,False,86.1,-0.32,86.4,True,2.62,1.93,33.8,0.5,C 基底修復,False,3:29,104.4,跌,8.0,1,False,9.0,-0.2201,0.0461,-3.6995,False,False,-4.52,-1.73,433.81,-4.55,-1.74,285.7,OHLC,↓,LH/LL,DT,False,262,1,ROK,SubSector_R12
ZION,2026-09-16,65.47,1.6,False,69.01,-0.328,-0.33,False,89.2,-1.89,91.1,True,2.44,1.47,50.8,-6.1,C 基底修復,False,3:28,103.8,跌,8.0,1,False,9.0,-0.1061,0.0852,-0.5233,False,False,-5.41,-2.22,69.68,-6.43,-2.64,91.0,OHLC,—,LH/LL,自然回檔,False,262,1,ZION,SubSector_R12+RateHike_R2_迴避
CMI,2026-09-16,527.5,17.56,False,582.28,-5.513,-1.05,False,81.3,-0.84,82.1,True,3.33,2.17,7.7,-5.6,D 趨勢弱,False,3:24,102.0,跌,7.0,1,False,9.0,-0.3544,0.2594,-5.9109,False,False,-10.38,-3.12,561.55,-6.45,-1.94,563.1,OHLC,↓,LH/LL,DT,False,262,1,CMI,AI_R13+SubSector_R12
AMKR,2026-09-16,46.28,3.13,False,50.98,-0.316,0.07,True,45.7,0.43,45.3,False,6.76,6.33,23.0,-1.0,D 趨勢弱,False,2:49,84.6,升,112.0,8,False,9.0,0.2727,0.3961,,False,False,-10.17,-1.5,51.35,-10.96,-1.62,207.2,OHLC,—,LH/LL,DT,True,262,1,AMKR,AI_R13
LUV,2026-09-16,39.15,1.25,False,41.37,-0.433,-1.18,False,82.2,-0.61,82.8,True,3.19,2.14,17.8,1.6,C 基底修復,False,12:04,1.9,升,51.0,6,False,9.0,0.2704,0.2541,,False,False,-5.66,-1.78,39.62,-1.2,-0.38,188.4,OHLC,—,LH/LL,次級反彈,True,262,1,LUV,SubSector_R12
HPQ,2026-09-16,32.7,1.6,True,30.83,0.145,0.74,False,68.5,-0.84,69.3,False,4.88,3.05,55.9,-1.1,B 上升結構,False,11:24,342.0,升,40.0,10,False,10.0,0.0814,0.202,,False,False,5.73,1.17,31.17,4.68,0.96,540.5,OHLC,↑,HH/HL,自然回檔,False,262,1,HPQ,10MA_R20
NEE,2026-09-16,80.37,1.36,False,83.96,-0.192,-0.73,False,94.7,-0.28,95.0,True,1.69,0.9,13.7,-1.3,D 趨勢弱,False,4:43,141.4,跌,29.0,4,False,10.0,-0.1603,-0.0972,-0.4923,False,False,-4.46,-2.64,84.06,-4.59,-2.72,877.0,OHLC,↓,LH/LL,DT,False,262,1,NEE,SubSector_R12+Combined_R22+RateHike_R2_迴避
EME,2026-09-16,739.46,26.68,False,780.13,-2.906,-0.11,True,73.5,0.6,72.9,False,3.61,3.35,19.8,-1.8,D 趨勢弱,False,3:57,118.5,跌,16.0,2,False,10.0,-0.5189,-0.1545,-8.836,False,False,-5.5,-1.52,777.21,-5.11,-1.41,254.6,OHLC,—,LH/LL,DT,True,262,1,EME,SubSector_R12
MTZ,2026-09-16,225.62,13.14,False,258.19,-1.343,-0.68,True,56.0,1.07,54.9,False,5.82,4.69,11.7,-0.1,D 趨勢弱,False,1:38,48.8,升,77.0,8,False,10.0,1.0394,1.0545,,False,False,-14.44,-2.48,240.41,-6.56,-1.13,312.6,OHLC,—,LH/LL,DT,True,262,1,MTZ,SubSector_R12
JBL,2026-09-16,297.24,12.76,False,325.13,-1.403,-0.03,True,70.4,0.05,70.3,False,4.29,3.26,37.7,9.8,D 趨勢弱,False,4:20,130.0,跌,22.0,2,False,11.0,-0.492,-0.3456,-4.6123,False,False,-9.38,-2.19,315.72,-6.22,-1.45,263.4,OHLC,—,LH/LL,DT,True,262,1,JBL,SubSector_R12+Combined_R22
TLN,2026-09-16,287.6,14.24,False,320.12,-1.817,-0.43,True,66.4,0.92,65.5,False,4.95,3.39,0.0,0.0,D 趨勢弱,False,4:09,124.3,跌,19.0,2,False,11.0,-0.6792,-0.3066,-6.7709,False,False,-11.31,-2.28,325.77,-13.27,-2.68,231.4,OHLC,↓,LH/LL,DT,False,262,1,TLN,AI_R13+SubSector_R12+Combined_R22
PARA,2026-09-16,0.97,0.12,False,1.37,-0.013,-0.61,True,29.7,0.41,29.2,False,12.21,6.65,10.0,0.0,D 趨勢弱,False,2:30,75.0,升,92.0,11,False,11.0,0.0303,0.0303,,False,False,-41.95,-3.44,1.01,-4.45,-0.36,0.2,OHLC,↓,LH/LL,DT,False,75,1,PARA,SubSector_R12
SWKS,2026-09-16,85.59,4.8,True,73.34,0.84,1.33,False,61.2,-1.38,62.6,False,5.61,3.77,53.8,-3.3,E 延伸,False,1:19,39.7,升,72.0,10,False,11.0,1.691,1.8824,,False,False,14.32,2.55,92.3,-7.84,-1.4,620.8,OHLC,—,LH/LL,自然回檔,False,262,1,SWKS,10MA_R20
AMD,2026-09-16,512.5,23.32,False,485.84,-1.368,0.15,True,64.0,0.43,63.6,False,4.55,4.26,81.6,1.6,B 上升結構,False,12:44,22.0,升,62.0,8,False,11.0,4.8563,4.8158,,False,False,5.2,1.14,493.41,3.72,0.82,9099.3,OHLC,↑,HH/HL,次級反彈,False,262,1,AMD,AI_R13+SubSector_R12+Combined_R22
PWR,2026-09-16,619.28,24.3,False,646.32,-2.87,-0.13,True,72.4,1.12,71.2,False,3.92,3.26,40.8,-2.9,D 趨勢弱,False,12:02,1.1,升,51.0,6,False,11.0,0.9434,1.1045,,False,False,-4.37,-1.11,621.83,-0.41,-0.1,608.4,OHLC,—,LH/LL,自然回檔,True,262,1,PWR,AI_R13+SubSector_R12+Combined_R22
OLN,2026-09-16,17.02,0.7,False,17.97,-0.078,-0.74,True,71.0,0.39,70.6,False,4.13,3.31,14.5,-0.2,D 趨勢弱,False,2:35,77.4,升,93.0,10,False,12.0,0.0881,0.0911,,False,False,-5.56,-1.35,17.73,-4.17,-1.01,46.2,OHLC,—,HH/HL,DT,True,262,1,OLN,Combined_R22
NFE,2026-09-16,12.51,1.06,True,0.54,0.116,0.22,False,5.2,-0.06,5.2,False,8.44,47.23,53.8,-1.2,E 延伸,False,12:26,12.9,升,57.0,4,False,13.0,1.2397,0.8008,,False,False,95.72,11.35,0.33,97.36,11.54,25.4,OHLC,↑,HH/HL,自然回檔,False,73,1,NFE,RateHike_R2_索引
WDC,2026-09-16,416.97,29.8,False,462.71,-4.662,-0.55,True,46.1,1.2,44.9,False,7.15,5.81,46.6,-2.2,D 趨勢弱,False,4:05,122.4,跌,18.0,2,False,14.0,-2.5116,-1.6334,-11.4998,False,False,-10.97,-1.53,,,,2407.5,OHLC,—,HH/HL,DT,False,262,1,WDC,AI_R13+SubSector_R12+Combined_R22
ALB,2026-09-16,109.47,5.51,False,129.28,-0.455,-0.02,False,69.6,-1.45,71.0,False,5.03,2.68,8.5,-1.4,D 趨勢弱,True,8:09,244.3,跌,86.0,9,False,,-2.7856,-2.5546,-2.7856,False,False,-18.09,-3.6,128.75,-17.61,-3.5,252.8,OHLC,↓,LH/LL,DT,False,262,1,ALB,SubSector_R12
IONS,2026-09-16,44.84,2.5,False,55.92,-0.877,-0.6,False,58.1,-1.73,59.8,False,5.57,4.48,0.0,0.0,D 趨勢弱,True,7:59,239.6,跌,83.0,8,False,,-1.4979,-1.189,-2.3112,False,False,-24.71,-4.44,61.33,-36.78,-6.6,154.4,OHLC,↓,LH/LL,DT,False,262,1,IONS,SubSector_R12
TMC,2026-09-16,3.63,0.28,False,4.4,-0.009,0.03,False,48.2,-1.42,49.6,False,7.71,4.71,21.3,2.8,D 趨勢弱,True,7:00,210.0,跌,67.0,8,False,,-0.1174,-0.1096,-0.1174,False,False,-21.08,-2.74,4.59,-26.45,-3.43,24.4,OHLC,↓,LH/LL,DT,False,75,1,TMC,SubSector_R12
GAP,2026-09-16,20.17,0.86,False,21.42,-0.017,0.04,False,72.8,-0.27,73.0,False,4.24,2.86,25.0,0.8,D 趨勢弱,True,6:02,181.1,跌,51.0,5,False,,-0.2131,-0.1621,-0.2131,False,False,-6.21,-1.46,21.51,-6.64,-1.57,180.9,OHLC,↓,LH/LL,DT,False,262,1,GAP,Combined_R22
FRT,2026-09-16,112.42,1.76,False,117.3,-0.284,-0.95,False,95.0,-0.38,95.4,True,1.57,0.95,45.5,-2.2,C 基底修復,False,5:40,170.0,跌,44.0,5,False,,-0.2373,-0.1385,-1.0732,False,False,-4.34,-2.77,118.33,-5.26,-3.36,74.1,OHLC,↓,LH/LL,DT,False,262,1,FRT,SubSector_R12
ALEC,2026-09-16,1.92,0.2,True,2.15,0.003,0.12,False,33.8,-1.03,34.8,False,10.65,6.4,13.9,-22.3,D 趨勢弱,False,5:06,152.8,跌,35.0,6,False,,-0.076,-0.0643,-0.076,False,False,-11.56,-1.09,2.21,-14.81,-1.39,2.7,OHLC,↓,LH/LL,DT,False,262,1,ALEC,SubSector_R12
ASPI,2026-09-16,3.15,0.26,False,3.91,-0.045,-0.53,True,45.2,0.2,45.0,False,8.22,5.0,0.0,0.0,D 趨勢弱,False,4:40,140.0,跌,28.0,4,False,,-0.0703,-0.0656,-0.1385,False,False,-24.14,-2.94,4.02,-27.62,-3.36,11.3,OHLC,↓,LH/LL,DT,False,262,1,ASPI,SubSector_R12
CENX,2026-09-16,39.8,2.5,False,46.38,-0.193,-0.15,True,59.8,0.93,58.8,False,6.27,3.42,20.3,0.1,D 趨勢弱,False,4:38,139.2,跌,27.0,4,False,,-0.7043,-0.5789,-0.7043,False,False,-16.54,-2.64,46.36,-16.48,-2.63,71.2,OHLC,↓,LH/LL,DT,False,262,1,CENX,SubSector_R12
AEO,2026-09-16,14.81,0.81,False,16.28,-0.077,-0.91,True,63.5,0.6,62.9,False,5.48,3.43,5.6,-1.0,D 趨勢弱,False,4:38,138.9,跌,27.0,5,False,,-0.2087,-0.2015,-0.2087,False,False,-9.91,-1.81,15.43,-4.19,-0.76,112.1,OHLC,↓,LH/LL,自然回檔,False,262,1,AEO,Combined_R22
ETR,2026-09-16,102.32,2.07,False,106.52,-0.235,-0.46,False,92.4,-0.06,92.5,True,2.03,1.15,22.7,-1.5,D 趨勢弱,False,4:31,135.5,跌,25.0,3,False,,-0.3282,-0.2188,-0.882,False,False,-4.1,-2.02,,,,251.8,OHLC,—,HH/HL,DT,False,262,1,ETR,Combined_R22
KALU,2026-09-16,152.38,7.24,False,166.69,-0.552,-0.03,True,64.7,0.81,63.9,False,4.75,3.91,46.9,1.0,D 趨勢弱,False,4:29,134.5,跌,25.0,3,False,,-0.815,-0.808,-3.291,False,False,-9.39,-1.98,,,,31.4,OHLC,—,HH/HL,自然反彈,False,262,1,KALU,SubSector_R12
SMR,2026-09-16,8.3,0.71,False,9.4,-0.046,0.0,True,42.4,0.09,42.3,False,8.6,5.45,5.3,0.5,D 趨勢弱,False,4:25,132.5,跌,24.0,3,False,,-0.1829,-0.1449,-0.1829,False,False,-13.26,-1.54,,,,314.1,OHLC,—,HH/HL,DT,False,262,1,SMR,AI_R13+SubSector_R12+Combined_R22+RateHike_R2_迴避
REG,2026-09-16,73.26,1.14,False,76.04,-0.263,-1.07,False,94.8,-0.38,95.2,True,1.56,1.02,24.4,-1.2,D 趨勢弱,False,4:07,123.5,跌,19.0,2,False,,-0.0942,-0.0273,-0.6799,False,False,-3.8,-2.44,76.54,-4.48,-2.87,87.3,OHLC,↓,LH/LL,DT,False,262,1,REG,SubSector_R12
PEGA,2026-09-16,36.84,1.46,True,35.1,0.177,0.96,False,69.9,-0.05,69.9,False,3.95,3.7,25.0,10.0,E 延伸,False,3:55,117.7,跌,15.0,1,False,,-0.0098,0.0519,-0.4591,False,False,4.73,1.2,35.03,4.91,1.24,83.1,OHLC,↑,HH/HL,自然回檔,False,262,1,PEGA,10MA_R20
EVR,2026-09-16,261.83,9.73,False,294.39,-2.526,-0.79,False,78.2,-1.87,80.0,True,3.71,2.37,11.4,-1.7,D 趨勢弱,False,3:49,114.6,跌,14.0,2,False,,-1.4421,-0.5894,-2.8618,False,False,-12.44,-3.35,297.92,-13.78,-3.71,117.8,OHLC,↓,LH/LL,DT,False,262,1,EVR,SubSector_R12
BIDU,2026-09-16,88.55,3.0,False,95.96,-0.549,-0.77,False,76.9,-0.03,76.9,True,3.39,2.94,0.0,-2.1,D 趨勢弱,False,3:30,105.0,跌,8.0,1,False,,-0.0196,0.1045,-1.5963,False,False,-8.37,-2.47,99.47,-12.33,-3.64,246.5,OHLC,↓,LH/LL,DT,False,75,1,BIDU,AI_R13
AAON,2026-09-16,75.56,4.01,False,82.02,-0.518,-0.56,True,64.1,1.1,63.0,False,5.3,3.49,0.8,0.8,D 趨勢弱,False,2:49,84.6,升,136.0,15,False,,0.7727,0.8124,,False,False,-8.55,-1.61,79.4,-5.08,-0.96,81.7,OHLC,—,LH/LL,DT,True,262,1,AAON,SubSector_R12
APP,2026-09-16,326.56,15.87,False,326.42,-3.68,-1.02,False,61.5,-0.18,61.7,False,4.86,4.47,20.3,0.4,D 趨勢弱,False,2:49,84.6,升,144.0,16,False,,6.59,6.9811,,False,True,0.04,0.01,331.81,-1.61,-0.33,1466.6,OHLC,—,LH/LL,自然回檔,True,262,1,APP,Combined_R22
APTV,2026-09-16,43.34,1.63,False,46.62,-0.257,-0.81,True,73.6,0.22,73.4,False,3.77,3.18,11.6,-1.7,D 趨勢弱,False,2:49,84.6,升,191.0,11,False,,0.129,0.2005,,False,False,-7.57,-2.01,45.69,-5.42,-1.44,203.2,OHLC,↓,LH/LL,DT,False,262,1,APTV,SubSector_R12
CVS,2026-09-16,91.72,2.37,False,95.25,-0.396,-0.7,False,87.8,-0.77,88.5,True,2.59,1.62,54.3,-1.7,C 基底修復,False,2:49,84.6,升,112.0,12,False,,0.0358,0.2701,,False,False,-3.85,-1.49,97.6,-6.41,-2.48,529.3,OHLC,↓,LH/LL,DT,False,262,1,CVS,SubSector_R12
GFS,2026-09-16,43.03,2.16,False,47.97,-0.339,-0.42,True,64.0,0.95,63.1,False,5.01,3.79,18.4,-0.1,D 趨勢弱,False,2:49,84.6,升,533.0,30,False,,0.287,0.3551,,False,False,-11.47,-2.29,46.69,-8.51,-1.7,159.0,OHLC,—,LH/LL,DT,True,262,1,GFS,AI_R13+SubSector_R12
LASR,2026-09-16,38.56,2.94,False,48.3,-0.954,-1.03,True,41.2,1.42,39.8,False,7.61,6.81,18.0,9.7,D 趨勢弱,False,2:49,84.6,升,122.0,7,False,,0.4463,0.389,,False,False,-25.25,-3.32,40.37,-4.69,-0.62,48.5,OHLC,—,LH/LL,DT,True,262,1,LASR,AI_R13
LII,2026-09-16,361.04,12.66,False,400.24,-2.908,-1.25,True,73.0,0.37,72.6,False,3.51,3.55,1.8,0.9,D 趨勢弱,False,2:49,84.6,升,112.0,15,False,,1.3081,1.3856,,False,False,-10.86,-3.1,390.53,-8.17,-2.33,174.3,OHLC,↓,LH/LL,DT,False,262,1,LII,SubSector_R12
LUMN,2026-09-16,6.67,0.38,False,6.42,-0.003,0.19,False,61.9,-1.03,62.9,False,5.64,3.6,25.0,-0.0,D 趨勢弱,False,2:49,84.6,升,114.0,14,False,,0.0571,0.0836,,False,True,3.71,0.66,6.64,0.45,0.08,80.2,OHLC,—,HH/HL,自然回檔,True,262,1,LUMN,Combined_R22
MARA,2026-09-16,11.04,0.87,False,10.82,-0.008,0.05,False,44.0,-0.11,44.1,False,7.88,5.69,25.3,-19.0,D 趨勢弱,False,2:49,84.6,升,245.0,19,False,,0.0439,0.0904,,False,True,1.98,0.25,9.99,9.51,1.21,563.1,OHLC,—,HH/HL,DT,False,262,1,MARA,SubSector_R12
MYGN,2026-09-16,3.86,0.24,True,3.27,0.031,0.33,False,38.7,-0.65,39.3,False,6.23,9.01,5.0,0.0,E 延伸,False,2:49,84.6,升,158.0,19,False,,0.1434,0.1393,,False,False,15.16,2.43,3.06,20.73,3.33,7.4,OHLC,↑,HH/HL,UT,False,262,1,MYGN,10MA_R20
NKTX,2026-09-16,2.87,0.2,True,2.66,0.028,0.67,False,51.7,-0.53,52.2,False,6.84,4.69,41.2,-0.7,E 延伸,False,2:49,84.6,升,173.0,28,False,,0.004,0.0113,,False,False,7.41,1.08,2.81,2.09,0.31,1.7,OHLC,↑,HH/HL,UT,False,262,1,NKTX,SubSector_R12+10MA_R20
NXPI,2026-09-16,218.98,8.05,False,228.31,-0.691,-0.4,False,76.1,-1.16,77.3,True,3.68,2.79,21.7,-3.7,D 趨勢弱,False,2:49,84.6,升,160.0,23,False,,1.1965,1.8194,,False,False,-4.26,-1.16,231.15,-5.56,-1.51,661.7,OHLC,—,HH/HL,DT,False,262,1,NXPI,SubSector_R12
PLTK,2026-09-16,2.33,0.13,False,2.51,-0.041,-1.31,True,55.9,0.13,55.8,False,5.57,4.97,21.9,2.5,D 趨勢弱,False,2:49,84.6,升,108.0,13,False,,0.0608,0.0612,,False,False,-7.87,-1.41,2.38,-2.15,-0.39,3.2,OHLC,—,LH/LL,自然回檔,True,75,1,PLTK,SubSector_R12
QCOM,2026-09-16,184.84,7.71,True,168.86,0.95,0.82,False,72.8,-0.38,73.2,False,4.17,2.92,40.6,-1.8,C 基底修復,False,2:49,84.6,升,181.0,29,False,,2.394,2.5316,,False,False,8.65,2.07,170.51,7.75,1.86,2128.1,OHLC,↑,HH/HL,UT,False,262,1,QCOM,AI_R13+Combined_R22
RBLX,2026-09-16,47.43,2.38,True,40.22,0.428,0.48,False,56.1,-1.48,57.6,False,5.01,5.48,25.0,0.0,E 延伸,False,2:49,84.6,升,185.0,21,False,,1.184,1.4072,,False,False,15.2,3.03,37.56,20.81,4.15,488.4,OHLC,↑,HH/HL,自然回檔,False,262,1,RBLX,SubSector_R12
CNXN,2026-09-16,87.12,2.38,False,81.78,-0.085,-0.11,False,87.8,-0.11,87.9,True,2.73,1.49,72.6,-8.0,E 延伸,False,12:47,23.4,升,63.0,9,False,,0.5521,0.4841,,False,False,6.13,2.25,82.59,5.2,1.9,10.4,OHLC,↑,HH/HL,UT,False,262,1,CNXN,10MA_R20
CMG,2026-09-16,33.68,1.26,False,35.24,-0.014,-0.18,False,73.8,-0.46,74.3,False,3.75,3.16,32.5,1.7,D 趨勢弱,False,5:27,163.6,跌,41.0,6,False,2.0,-0.4405,-0.3031,-0.4405,False,False,-4.64,-1.24,37.22,-10.51,-2.81,440.7,OHLC,—,HH/HL,DT,False,262,0,CMG,SubSector_R12
ENPH,2026-09-16,35.56,2.09,False,38.13,-0.258,-0.1,False,59.9,-1.09,61.0,False,5.89,3.78,12.0,1.3,D 趨勢弱,False,11:28,344.1,升,41.0,7,False,8.0,0.0707,0.1331,,False,False,-7.24,-1.23,34.65,2.56,0.43,144.3,OHLC,—,HH/HL,DT,True,262,0,ENPH,SubSector_R12
RMBS,2026-09-16,81.41,4.45,False,90.75,-0.642,-0.27,False,58.9,-0.35,59.3,False,5.47,4.4,10.0,0.0,D 趨勢弱,False,1:48,54.0,升,80.0,7,False,8.0,0.0725,0.154,,False,False,-11.48,-2.1,83.11,-2.09,-0.38,157.0,OHLC,—,LH/LL,自然回檔,True,262,0,RMBS,AI_R13
FSLR,2026-09-16,191.07,9.98,False,219.87,-2.513,-0.3,False,67.5,-3.07,70.6,False,5.22,2.9,2.7,-12.3,D 趨勢弱,False,3:32,106.0,跌,9.0,1,False,9.0,-0.4202,0.427,-2.2569,False,False,-15.07,-2.89,210.1,-9.96,-1.91,366.8,OHLC,↓,LH/LL,DT,False,262,0,FSLR,SubSector_R12+RateHike_R2_迴避
JBHT,2026-09-16,236.73,9.88,False,264.86,-5.216,-0.55,False,73.8,-10.71,84.5,False,4.17,2.74,23.6,-45.6,D 趨勢弱,False,3:27,103.5,跌,7.0,1,False,9.0,-1.0053,1.3474,-2.8565,False,False,-11.88,-2.85,265.47,-12.14,-2.91,233.2,OHLC,—,LH/LL,自然回檔,False,262,0,JBHT,SubSector_R12
MCHP,2026-09-16,69.59,2.93,False,76.1,-0.36,-0.16,False,69.4,-1.17,70.5,False,4.21,3.54,19.3,-4.5,D 趨勢弱,False,3:22,100.8,跌,6.0,1,False,9.0,-0.0327,0.0989,-0.9896,False,False,-9.36,-2.22,74.17,-6.58,-1.56,535.2,OHLC,↓,LH/LL,DT,False,262,0,MCHP,Combined_R22
VKTX,2026-09-16,29.52,1.5,False,33.17,-0.19,-0.24,False,66.1,-0.48,66.6,False,5.08,3.32,10.0,-12.3,D 趨勢弱,False,5:16,157.9,跌,38.0,5,False,10.0,-0.3844,-0.2992,-0.8298,False,False,-12.37,-2.43,34.95,-18.39,-3.62,57.1,OHLC,↓,LH/LL,DT,False,262,0,VKTX,SubSector_R12
NXT,2026-09-16,78.03,4.54,False,89.75,-0.809,-0.61,False,59.8,-0.7,60.5,False,5.81,3.87,11.5,-0.4,D 趨勢弱,False,12:57,28.6,升,66.0,7,False,10.0,0.1028,0.2497,,False,False,-15.01,-2.58,85.45,-9.51,-1.64,156.7,OHLC,↓,LH/LL,DT,False,262,0,NXT,SubSector_R12
WFRD,2026-09-16,82.3,3.86,False,91.74,-0.168,-0.01,False,71.4,-1.6,73.0,False,4.69,2.67,21.8,-3.0,D 趨勢弱,False,5:33,166.6,跌,43.0,5,False,13.0,-1.4641,-1.2168,-1.4641,False,False,-11.47,-2.45,,,,79.3,OHLC,—,HH/HL,DT,False,262,0,WFRD,SubSector_R12
ON,2026-09-16,66.6,3.85,False,75.38,-1.019,-0.67,False,54.6,-4.55,59.2,False,5.78,5.04,15.7,-7.5,D 趨勢弱,False,2:49,84.6,升,158.0,14,False,14.0,0.2252,0.6093,,False,False,-13.19,-2.28,76.14,-14.32,-2.48,582.0,OHLC,↓,LH/LL,自然回檔,False,262,0,ON,SubSector_R12
LEGN,2026-09-16,17.0,1.02,False,20.34,-0.12,-0.22,False,59.7,-1.14,60.8,False,5.99,3.72,0.0,-11.7,D 趨勢弱,False,4:55,147.7,跌,32.0,5,False,,-0.3243,-0.2525,-0.5375,False,False,-19.64,-3.28,21.89,-28.76,-4.8,34.0,OHLC,↓,LH/LL,DT,False,262,0,LEGN,SubSector_R12
VCYT,2026-09-16,38.5,2.2,False,43.05,-0.286,-0.87,False,57.8,-2.09,59.9,False,5.71,4.41,26.6,-13.1,D 趨勢弱,False,3:25,102.7,跌,7.0,1,False,,-0.1154,0.0366,-1.7498,False,False,-11.83,-2.07,43.86,-13.92,-2.44,48.7,OHLC,↓,LH/LL,DT,False,262,0,VCYT,Combined_R22
RUN,2026-09-16,8.27,0.47,False,9.31,-0.11,-0.55,False,59.7,-0.19,59.9,False,5.73,3.97,10.0,0.0,D 趨勢弱,False,1:57,58.5,升,82.0,10,False,,0.018,0.0268,,False,False,-12.6,-2.2,9.14,-10.51,-1.83,58.3,OHLC,↓,LH/LL,DT,False,262,0,RUN,SubSector_R12
