ticker,date,close,atr,c1,grav,grav_slope,grav_shift5atr,c2,volidx,volidx_slope,volidx_prev,c3,atr_pct,sd60_pct,vcp,vcp_slope,vcp_grade,c4,clock,theta,cycle,cyc_prog,cyc_days,c5,c5_days,hist,hist_prev,hist_trough,still_light,c6,dist_grav_pct,dist_grav_atr,lr_line,dist_lr_pct,dist_lr_atr,turnover20_m,bar_src,lr_dir,struct,mk,inBox,bars,score,lists
SLP,2026-09-16,18.43,0.04,True,18.39,0.002,0.49,True,99.8,0.02,99.8,True,0.23,0.23,75.2,0.3,B 上升結構,True,8:49,264.6,跌,430.0,53,True,0.0,-0.0119,-0.0131,-0.1169,True,True,0.24,1.02,18.38,0.27,1.16,3.3,OHLC,—,HH/HL,UT,True,262,6,universe
GDOT,2026-09-16,13.26,0.2,True,13.33,0.001,0.03,True,95.0,0.22,94.8,True,1.53,0.98,49.2,0.0,C 基底修復,True,8:49,264.6,跌,172.0,17,True,0.0,-0.0078,-0.0117,-0.0486,True,True,-0.51,-0.34,13.45,-1.43,-0.94,3.6,OHLC,—,LH/LL,次級反彈,True,262,6,universe
YORW,2026-09-16,32.99,0.58,True,33.23,0.06,0.59,True,93.3,0.2,93.1,True,1.76,1.21,69.1,1.9,C 基底修復,True,8:49,264.6,跌,152.0,11,True,0.0,-0.2465,-0.2495,-0.2495,True,True,-0.73,-0.41,34.43,-4.36,-2.48,3.9,OHLC,—,LH/LL,自然回檔,False,262,6,universe
AWR,2026-09-16,87.17,1.61,True,88.13,0.145,0.21,True,93.0,0.26,92.8,True,1.85,1.19,62.2,8.3,C 基底修復,True,8:49,264.6,跌,120.0,14,True,0.0,-0.4238,-0.4757,-0.5383,True,True,-1.1,-0.6,88.06,-1.02,-0.55,16.9,OHLC,—,LH/LL,自然回檔,False,262,6,universe
HTO,2026-09-16,63.14,1.33,True,63.17,0.055,0.09,True,91.9,0.25,91.6,True,2.1,1.21,57.5,3.5,C 基底修復,True,7:27,223.3,跌,74.0,5,True,0.0,-0.2045,-0.2396,-0.4954,True,True,-0.04,-0.02,63.1,0.06,0.03,22.9,OHLC,—,HH/HL,DT,False,262,6,universe
WELL,2026-09-16,234.5,5.02,True,236.24,0.339,0.05,True,91.1,0.12,91.0,True,2.14,1.35,61.4,1.2,C 基底修復,True,6:53,206.4,跌,65.0,8,True,0.0,-0.6932,-0.762,-2.4457,True,True,-0.74,-0.35,240.31,-2.48,-1.16,571.7,OHLC,↓,LH/LL,DT,False,262,6,universe
UGI,2026-09-16,38.18,0.82,True,37.41,0.052,0.26,True,89.9,0.0,89.9,True,2.13,1.62,44.8,-0.8,C 基底修復,True,7:18,219.0,跌,72.0,8,True,0.0,-0.0974,-0.1122,-0.3729,True,True,2.03,0.95,37.61,1.49,0.7,80.7,OHLC,—,HH/HL,自然回檔,True,262,6,universe
DIS,2026-09-16,106.99,2.27,True,105.99,0.56,1.03,True,89.5,0.15,89.4,True,2.12,1.72,53.0,-2.9,C 基底修復,True,7:55,237.4,跌,82.0,11,True,0.0,-0.3108,-0.352,-0.7072,True,True,0.94,0.44,109.2,-2.07,-0.97,835.1,OHLC,—,LH/LL,UT,False,262,6,universe
HCI,2026-09-16,188.06,4.39,True,185.93,0.294,0.35,True,89.3,0.26,89.0,True,2.34,1.56,50.6,-0.4,C 基底修復,True,6:54,207.2,跌,65.0,7,True,0.0,-0.2855,-0.3995,-1.3134,True,True,1.13,0.49,187.99,0.04,0.02,27.3,OHLC,—,LH/LL,自然回檔,True,262,6,universe
MMI,2026-09-16,31.14,0.77,True,31.56,0.007,-0.02,True,88.3,0.59,87.8,True,2.48,1.62,51.0,-2.0,C 基底修復,True,8:49,264.6,跌,185.0,12,True,0.0,-0.1261,-0.1493,-0.1854,True,True,-1.33,-0.54,32.11,-3.11,-1.26,3.6,OHLC,↓,LH/LL,DT,False,262,6,universe
ADUS,2026-09-16,118.51,3.16,True,118.02,0.357,0.1,True,87.9,0.02,87.9,True,2.67,1.52,74.0,4.0,A 待突破,True,8:49,264.6,跌,246.0,32,True,0.0,-0.3738,-0.4961,-1.0119,True,True,0.42,0.16,115.88,2.22,0.83,23.1,OHLC,—,HH/HL,自然反彈,True,262,6,universe
MRK,2026-09-16,144.91,3.46,True,144.73,0.637,0.67,True,85.7,0.65,85.0,True,2.39,2.25,71.9,0.3,B 上升結構,True,7:34,227.1,跌,76.0,8,True,0.0,-1.4854,-1.5538,-1.5538,True,True,0.12,0.05,152.8,-5.44,-2.28,1586.4,OHLC,↓,LH/LL,DT,False,262,6,universe
INCY,2026-09-16,124.75,3.32,True,123.87,0.219,0.02,True,85.3,0.7,84.5,True,2.66,2.07,83.1,17.3,A 待突破,True,8:49,264.6,跌,107.0,13,True,0.0,-0.7408,-0.952,-0.952,True,True,0.71,0.27,128.83,-3.27,-1.23,159.8,OHLC,—,LH/LL,次級反彈,False,262,6,universe
TW,2026-09-16,102.37,2.66,True,104.84,0.062,0.54,True,83.9,0.39,83.5,True,2.6,2.4,25.9,2.2,D 趨勢弱,True,8:35,257.4,跌,93.0,10,True,0.0,-0.6147,-0.6744,-0.7951,True,True,-2.41,-0.93,104.2,-1.79,-0.69,124.9,OHLC,—,LH/LL,自然回檔,True,262,6,universe
PRDO,2026-09-16,33.27,1.02,True,32.76,0.019,0.05,True,79.6,0.65,78.9,True,3.08,2.74,48.8,-0.4,C 基底修復,True,6:09,184.7,跌,53.0,5,True,0.0,-0.019,-0.0355,-0.5798,True,True,1.53,0.5,33.64,-1.11,-0.36,18.0,OHLC,—,HH/HL,DT,True,262,6,universe
SENEA,2026-09-16,186.31,7.38,True,189.57,0.343,0.37,True,77.3,0.09,77.2,True,3.96,2.29,75.5,28.9,B 上升結構,True,6:42,201.2,跌,62.0,7,True,0.0,-2.5853,-2.7711,-2.7711,True,True,-1.75,-0.44,190.62,-2.31,-0.58,16.0,OHLC,↓,LH/LL,自然反彈,False,262,6,universe
FLYW,2026-09-16,17.8,0.63,True,18.33,0.042,0.53,True,76.8,0.37,76.5,True,3.56,2.77,63.7,2.9,C 基底修復,True,8:12,245.9,跌,87.0,12,True,0.0,-0.15,-0.1597,-0.3507,True,True,-2.97,-0.83,18.42,-3.48,-0.98,24.2,OHLC,↓,LH/LL,DT,False,262,6,universe
THC,2026-09-16,265.78,8.61,True,266.11,0.704,0.32,True,76.8,0.67,76.1,True,3.24,3.1,75.7,5.3,A 待突破,True,8:49,264.6,跌,164.0,22,True,0.0,-2.0599,-2.4304,-3.6651,True,True,-0.12,-0.04,258.53,2.73,0.84,195.8,OHLC,—,HH/HL,次級回檔,True,262,6,universe
GBTG,2026-09-16,9.47,0.03,True,9.47,0.003,0.3,True,99.8,0.01,99.8,True,0.28,0.14,76.0,-0.3,A 待突破,True,8:49,264.6,跌,639.0,81,True,1.0,-0.004,-0.0041,-0.0242,True,True,0.05,0.18,9.46,0.11,0.38,16.6,OHLC,↑,HH/HL,UT,False,262,6,universe
OGN,2026-09-16,13.67,0.04,True,13.71,0.002,0.31,True,99.8,0.01,99.8,True,0.28,0.19,77.4,0.6,A 待突破,True,6:47,203.6,跌,63.0,13,True,1.0,-0.0202,-0.0226,-0.0313,True,True,-0.28,-0.98,13.63,0.29,1.03,44.5,OHLC,↑,HH/HL,UT,False,262,6,universe
JNJ,2026-09-16,267.28,5.39,True,266.91,0.536,0.34,True,90.8,0.42,90.4,True,2.02,1.55,78.2,1.3,A 待突破,True,6:28,193.9,跌,58.0,7,True,1.0,-1.0873,-1.1555,-1.7484,True,True,0.14,0.07,267.37,-0.03,-0.02,1625.8,OHLC,↑,HH/HL,自然回檔,False,262,6,universe
NDSN,2026-09-16,309.02,6.6,True,317.71,0.073,0.21,True,89.9,0.04,89.9,True,2.14,1.62,71.6,-0.5,A 待突破,True,8:41,260.3,跌,95.0,11,True,1.0,-2.3642,-2.4995,-2.6695,True,True,-2.81,-1.32,311.56,-0.82,-0.38,132.0,OHLC,—,HH/HL,自然反彈,True,262,6,universe
IFF,2026-09-16,84.4,1.84,True,85.19,0.152,0.42,True,87.6,0.21,87.4,True,2.18,2.06,76.2,-3.0,A 待突破,True,8:49,264.6,跌,110.0,10,True,1.0,-0.4858,-0.5417,-0.5841,True,True,-0.93,-0.43,88.64,-5.02,-2.3,125.0,OHLC,—,LH/LL,自然回檔,False,262,6,universe
SJM,2026-09-16,123.56,3.14,True,124.85,0.143,0.05,True,86.9,0.67,86.3,True,2.54,1.85,67.3,7.9,A 待突破,True,8:07,243.6,跌,85.0,8,True,1.0,-1.096,-1.2945,-1.3388,True,True,-1.04,-0.41,121.07,2.02,0.79,177.4,OHLC,↑,HH/HL,自然反彈,False,262,6,universe
BIO,2026-09-16,379.03,10.38,True,369.94,1.62,0.76,True,85.5,0.09,85.4,True,2.74,1.93,78.2,-1.2,A 待突破,True,8:09,244.3,跌,86.0,11,True,1.0,-3.365,-3.8807,-4.4374,True,True,2.4,0.87,368.55,2.76,1.01,102.0,OHLC,↑,HH/HL,UT,False,262,6,universe
LYB,2026-09-16,64.9,2.23,True,63.92,0.165,0.33,True,80.7,0.13,80.6,True,3.43,2.17,59.3,2.5,C 基底修復,True,8:49,264.6,跌,102.0,15,True,1.0,-0.162,-0.2146,-0.3448,True,True,1.51,0.44,66.1,-1.85,-0.54,216.7,OHLC,—,LH/LL,自然反彈,True,262,6,universe
SATA,2026-09-16,100.01,0.44,True,99.83,0.031,0.55,True,96.1,0.06,96.0,True,0.44,1.77,59.4,0.0,C 基底修復,True,8:40,260.2,跌,95.0,13,True,2.0,-0.1024,-0.1075,-0.1666,True,True,0.18,0.4,100.07,-0.06,-0.14,46.9,OHLC,—,LH/LL,UT,True,215,6,universe
WBD,2026-09-16,28.07,0.36,True,27.99,0.134,1.31,True,95.3,0.31,95.0,True,1.29,1.15,65.4,-0.8,C 基底修復,True,7:24,222.1,跌,73.0,10,True,2.0,-0.1199,-0.1272,-0.1402,True,True,0.29,0.23,28.6,-1.89,-1.47,480.8,OHLC,↓,LH/LL,DT,False,262,6,universe
OBDC,2026-09-16,11.11,0.2,True,11.4,0.009,0.36,True,92.8,0.1,92.7,True,1.79,1.29,24.2,2.3,D 趨勢弱,True,8:49,264.6,跌,323.0,19,True,2.0,-0.0411,-0.0476,-0.0512,True,True,-2.59,-1.45,11.53,-3.78,-2.11,32.0,OHLC,↓,LH/LL,DT,False,262,6,universe
BATRA,2026-09-16,55.96,1.23,True,55.51,0.043,0.09,True,90.7,0.32,90.4,True,2.2,1.38,68.5,2.1,A 待突破,True,8:16,248.0,跌,88.0,12,True,2.0,-0.0513,-0.1114,-0.3493,True,True,0.8,0.37,56.75,-1.41,-0.64,4.2,OHLC,↓,LH/LL,自然反彈,False,262,6,universe
GIC,2026-09-16,39.85,0.85,True,39.27,0.105,0.57,True,90.7,0.11,90.6,True,2.14,1.44,68.7,-10.6,A 待突破,True,8:49,264.6,跌,267.0,21,True,2.0,-0.1147,-0.1521,-0.2368,True,True,1.46,0.68,40.08,-0.58,-0.27,4.6,OHLC,—,LH/LL,UT,True,262,6,universe
AVBC,2026-09-16,22.29,0.48,True,21.95,0.029,0.08,True,89.3,0.34,89.0,True,2.14,1.76,71.7,2.4,A 待突破,True,8:49,264.6,跌,174.0,20,True,2.0,-0.0198,-0.0459,-0.0762,True,True,1.51,0.71,22.41,-0.54,-0.25,3.7,OHLC,—,LH/LL,UT,True,262,6,universe
NWSA,2026-09-16,30.19,0.7,True,29.87,0.08,0.43,True,88.7,0.11,88.6,True,2.3,1.71,62.8,-1.9,A 待突破,True,8:49,264.6,跌,122.0,9,True,2.0,-0.1322,-0.1441,-0.2507,True,True,1.06,0.46,30.7,-1.69,-0.73,109.2,OHLC,—,LH/LL,自然反彈,False,262,6,universe
GSBD,2026-09-16,9.79,0.22,True,9.76,0.036,0.73,True,88.4,0.04,88.4,True,2.2,1.88,57.9,2.6,C 基底修復,True,8:49,264.6,跌,99.0,10,True,2.0,-0.0646,-0.0805,-0.0878,True,True,0.33,0.15,9.58,2.15,0.98,7.9,OHLC,↑,HH/HL,自然反彈,False,262,6,universe
LH,2026-09-16,324.51,8.4,True,324.86,0.596,0.23,True,88.0,0.44,87.6,True,2.59,1.57,67.8,1.4,A 待突破,True,8:49,264.6,跌,200.0,14,True,2.0,-2.3481,-3.0574,-4.2,True,True,-0.11,-0.04,307.42,5.27,2.04,224.8,OHLC,↑,HH/HL,UT,False,262,6,universe
NWS,2026-09-16,33.44,0.79,True,33.75,0.059,0.28,True,87.9,0.29,87.6,True,2.36,1.82,69.1,3.4,A 待突破,True,8:49,264.6,跌,138.0,11,True,2.0,-0.1984,-0.2154,-0.3361,True,True,-0.93,-0.39,34.06,-1.85,-0.78,36.3,OHLC,—,LH/LL,自然反彈,False,262,6,universe
CAG,2026-09-16,15.18,0.43,True,15.51,0.011,-0.01,True,83.8,0.71,83.1,True,2.82,2.19,33.2,12.0,C 基底修復,True,8:49,264.6,跌,123.0,12,True,2.0,-0.1466,-0.185,-0.2251,True,True,-2.16,-0.76,16.37,-7.84,-2.78,157.3,OHLC,—,LH/LL,UT,False,262,6,universe
RMD,2026-09-16,228.25,6.7,True,226.02,0.304,0.25,True,82.6,0.18,82.4,True,2.94,2.31,44.8,-1.6,C 基底修復,True,8:49,264.6,跌,100.0,10,True,2.0,-1.2923,-1.7308,-2.7789,True,True,0.98,0.33,242.4,-6.2,-2.11,301.9,OHLC,—,LH/LL,UT,False,262,6,universe
DHR,2026-09-16,208.36,5.78,True,207.83,0.876,0.4,True,82.5,0.01,82.5,True,2.77,2.48,56.2,-0.2,C 基底修復,True,8:49,264.6,跌,114.0,11,True,2.0,-0.9532,-1.3112,-2.1805,True,True,0.26,0.09,218.57,-4.9,-1.77,696.5,OHLC,—,LH/LL,自然反彈,True,262,6,universe
NHP,2026-09-16,16.12,0.55,True,16.49,0.016,0.06,True,82.4,0.89,81.5,True,3.43,1.86,63.9,25.3,A 待突破,True,8:49,264.6,跌,457.0,16,True,2.0,-0.06,-0.0748,-0.1258,True,True,-2.3,-0.67,16.49,-2.3,-0.67,7.7,OHLC,—,LH/LL,次級反彈,True,102,6,universe
NTNX,2026-09-16,68.7,2.25,True,66.67,0.294,0.53,True,81.9,0.09,81.8,True,3.28,2.1,68.1,-2.0,B 上升結構,True,8:49,264.6,跌,189.0,17,True,2.0,-0.334,-0.4437,-0.6365,True,True,2.95,0.9,65.78,4.25,1.3,189.9,OHLC,—,HH/HL,自然反彈,True,262,6,universe
VSNT,2026-09-16,37.69,1.21,True,38.77,0.05,0.14,True,81.2,0.21,81.0,True,3.22,2.3,53.7,26.8,C 基底修復,True,7:00,210.0,跌,67.0,8,True,2.0,-0.3564,-0.4028,-0.4417,True,True,-2.88,-0.89,36.82,2.31,0.72,52.4,OHLC,—,HH/HL,DT,False,189,6,universe
BOX,2026-09-16,34.66,1.12,True,33.87,0.217,0.46,True,81.1,0.1,81.0,True,3.22,2.3,69.5,-6.3,B 上升結構,True,7:36,228.1,跌,77.0,7,True,2.0,-0.1645,-0.1671,-0.217,True,True,2.29,0.71,34.59,0.2,0.06,104.9,OHLC,—,HH/HL,自然反彈,True,262,6,universe
DXCM,2026-09-16,87.34,2.66,True,87.9,0.029,0.5,True,80.6,0.56,80.0,True,3.04,2.59,72.7,2.8,A 待突破,True,8:49,264.6,跌,186.0,16,True,2.0,-0.7459,-0.9926,-1.346,True,True,-0.64,-0.21,92.34,-5.72,-1.88,335.9,OHLC,—,LH/LL,UT,False,262,6,universe
IDYA,2026-09-16,37.73,1.29,True,38.73,0.134,0.31,True,80.4,1.58,78.8,True,3.42,2.25,67.4,11.0,B 上升結構,True,6:40,200.1,跌,61.0,9,True,2.0,-0.4201,-0.4444,-0.517,True,True,-2.65,-0.78,35.4,6.18,1.81,27.6,OHLC,↑,HH/HL,自然回檔,False,262,6,universe
KELYA,2026-09-16,16.3,0.51,True,16.33,0.029,0.33,True,80.2,0.46,79.7,True,3.1,2.6,77.1,-4.6,A 待突破,True,7:17,218.6,跌,71.0,11,True,2.0,-0.1344,-0.153,-0.2148,True,True,-0.15,-0.05,15.68,3.8,1.23,4.6,OHLC,—,HH/HL,自然反彈,True,262,6,universe
PCTY,2026-09-16,147.32,5.07,True,149.59,0.346,0.22,True,77.7,0.09,77.6,True,3.44,2.73,67.9,-0.7,B 上升結構,True,8:49,264.6,跌,138.0,22,True,2.0,-1.5996,-1.8699,-2.6087,True,True,-1.54,-0.45,145.47,1.26,0.36,83.7,OHLC,—,HH/HL,自然反彈,False,262,6,universe
VREX,2026-09-16,18.47,0.17,True,18.35,0.066,1.89,True,77.7,0.32,77.4,True,0.91,5.26,90.7,-0.2,A 待突破,True,8:49,264.6,跌,145.0,14,True,2.0,-0.265,-0.2719,-0.279,True,True,0.68,0.74,18.46,0.05,0.06,13.9,OHLC,—,HH/HL,UT,True,262,6,universe
HZO,2026-09-16,52.34,0.52,True,51.6,0.177,1.66,True,77.6,0.21,77.4,True,0.99,5.21,84.6,0.6,A 待突破,True,8:49,264.6,跌,162.0,14,True,2.0,-0.5801,-0.5935,-0.6256,True,True,1.41,1.42,,,,38.5,OHLC,—,LH/LL,UT,True,262,6,universe
MORN,2026-09-16,202.67,7.32,True,206.6,0.14,0.24,True,76.4,0.62,75.8,True,3.61,2.81,58.9,1.0,B 上升結構,True,8:49,264.6,跌,110.0,13,True,2.0,-2.3048,-2.8205,-3.9737,True,True,-1.94,-0.54,215.76,-6.46,-1.79,57.8,OHLC,↓,LH/LL,自然反彈,False,262,6,universe
CPRT,2026-09-16,30.82,1.18,True,31.64,0.053,0.16,True,75.5,0.75,74.8,True,3.84,2.74,32.2,-1.0,D 趨勢弱,True,8:19,249.5,跌,89.0,10,True,2.0,-0.3621,-0.3632,-0.4147,True,True,-2.67,-0.69,31.73,-2.95,-0.77,291.0,OHLC,↓,LH/LL,DT,False,262,6,universe
DBRG,2026-09-16,15.88,0.04,False,15.92,-0.001,0.05,True,99.8,0.0,99.8,True,0.25,0.18,68.3,10.4,A 待突破,True,8:49,264.6,跌,111.0,14,True,0.0,-0.0115,-0.0115,-0.0115,True,True,-0.27,-1.09,15.98,-0.63,-2.55,75.0,OHLC,—,LH/LL,UT,False,262,5,universe
POR,2026-09-16,47.91,0.85,False,49.34,-0.116,-0.38,True,93.5,0.07,93.4,True,1.78,1.15,28.5,1.4,D 趨勢弱,True,6:21,190.5,跌,56.0,12,True,0.0,-0.1169,-0.1291,-0.4164,True,True,-2.99,-1.68,49.28,-2.86,-1.61,45.7,OHLC,↓,LH/LL,DT,False,262,5,universe
NWN,2026-09-16,48.67,0.91,False,49.72,-0.005,-0.24,True,92.5,0.19,92.3,True,1.88,1.29,25.5,2.4,D 趨勢弱,True,8:49,264.6,跌,153.0,18,True,0.0,-0.1038,-0.129,-0.3166,True,True,-2.17,-1.15,50.02,-2.77,-1.48,10.7,OHLC,—,LH/LL,自然回檔,True,262,5,universe
CPK,2026-09-16,129.75,2.75,False,133.24,-0.103,-0.27,True,91.4,0.05,91.4,True,2.12,1.3,48.0,1.9,C 基底修復,True,8:49,264.6,跌,123.0,18,True,0.0,-0.5117,-0.6101,-0.6678,True,True,-2.69,-1.27,133.86,-3.17,-1.49,19.8,OHLC,—,LH/LL,DT,True,262,5,universe
IOSP,2026-09-16,92.93,2.06,True,93.32,0.217,0.51,False,91.2,-0.24,91.4,True,2.22,1.26,70.8,-7.6,A 待突破,True,8:49,264.6,跌,191.0,18,True,0.0,-0.505,-0.5748,-0.5748,True,True,-0.42,-0.19,96.14,-3.45,-1.56,14.6,OHLC,—,LH/LL,自然回檔,True,262,5,universe
OTIS,2026-09-16,69.25,1.43,False,71.2,-0.192,-0.48,True,91.1,0.19,90.9,True,2.07,1.43,13.1,3.8,D 趨勢弱,True,8:49,264.6,跌,207.0,22,True,0.0,-0.166,-0.2133,-0.3079,True,True,-2.82,-1.36,70.18,-1.34,-0.65,252.6,OHLC,↓,LH/LL,自然回檔,False,262,5,universe
CTAS,2026-09-16,199.46,3.78,False,201.73,-0.154,-0.43,True,90.6,0.02,90.6,True,1.9,1.7,50.1,-0.4,C 基底修復,True,8:49,264.6,跌,315.0,32,True,0.0,-0.5289,-0.5716,-1.8832,True,True,-1.14,-0.6,201.38,-0.96,-0.51,349.9,OHLC,—,LH/LL,DT,True,262,5,universe
AHR,2026-09-16,53.14,1.23,False,54.67,-0.043,-0.27,True,88.7,0.18,88.5,True,2.31,1.71,44.9,-0.6,C 基底修復,True,6:47,203.4,跌,63.0,9,True,0.0,-0.3333,-0.3472,-0.6238,True,True,-2.88,-1.25,,,,139.3,OHLC,—,HH/HL,DT,False,262,5,universe
KDP,2026-09-16,31.8,0.73,True,31.25,0.029,0.08,True,88.1,0.17,88.0,True,2.29,1.84,61.9,-3.8,C 基底修復,False,5:47,173.7,跌,47.0,5,True,0.0,-0.1118,-0.1251,-0.2574,True,True,1.72,0.75,31.6,0.63,0.27,282.6,OHLC,—,HH/HL,DT,False,262,5,universe
VRTX,2026-09-16,513.26,12.13,True,528.75,2.853,0.74,True,87.7,0.57,87.1,True,2.36,1.86,70.0,1.3,A 待突破,True,8:16,247.8,跌,88.0,8,True,0.0,-5.786,-5.9113,-5.9548,True,False,-3.02,-1.28,,,,488.2,OHLC,—,HH/HL,DT,False,262,5,universe
FULC,2026-09-16,3.79,0.09,True,3.82,0.002,0.33,True,87.1,0.53,86.5,True,2.33,2.03,33.7,-0.2,D 趨勢弱,False,5:36,168.1,跌,43.0,6,True,0.0,-0.0088,-0.009,-0.009,True,True,-0.84,-0.36,3.78,0.26,0.11,4.9,OHLC,—,HH/HL,自然回檔,True,262,5,universe
JAZZ,2026-09-16,243.59,6.67,False,250.09,-0.601,-0.25,True,86.3,0.64,85.6,True,2.74,1.78,70.3,1.2,C 基底修復,True,8:49,264.6,跌,197.0,15,True,0.0,-0.5063,-0.6784,-2.0631,True,True,-2.67,-0.97,245.87,-0.94,-0.34,245.9,OHLC,—,LH/LL,自然回檔,True,262,5,universe
SXT,2026-09-16,128.31,3.34,True,132.66,0.031,0.23,True,86.2,0.84,85.4,True,2.61,1.92,73.4,2.7,A 待突破,True,8:49,264.6,跌,120.0,13,True,0.0,-1.4153,-1.5231,-1.5231,True,False,-3.39,-1.3,138.26,-7.75,-2.98,40.7,OHLC,↓,LH/LL,DT,False,262,5,universe
EXPO,2026-09-16,68.01,1.89,False,68.48,-0.015,0.24,True,86.0,0.23,85.8,True,2.78,1.8,39.2,-1.3,C 基底修復,True,8:49,264.6,跌,128.0,11,True,0.0,-0.4571,-0.5101,-0.6342,True,True,-0.69,-0.25,69.19,-1.74,-0.63,28.4,OHLC,—,LH/LL,次級回檔,False,262,5,universe
BTX,2026-09-16,8.67,0.22,True,8.87,0.007,0.72,False,85.8,-0.14,86.0,True,2.48,2.13,68.2,12.8,A 待突破,True,8:22,251.2,跌,90.0,11,True,0.0,-0.056,-0.0591,-0.0591,True,True,-2.25,-0.91,9.06,-4.5,-1.81,3.5,OHLC,↓,LH/LL,自然反彈,False,262,5,universe
OTF,2026-09-16,10.62,0.28,True,11.21,0.025,0.44,True,85.4,0.19,85.2,True,2.68,2.02,20.4,3.0,D 趨勢弱,True,8:49,264.6,跌,105.0,8,True,0.0,-0.1127,-0.1182,-0.1182,True,False,-5.53,-2.07,,,,25.2,OHLC,—,HH/HL,DT,False,262,5,universe
OPCH,2026-09-16,24.47,0.68,True,23.81,0.04,0.17,False,84.8,-1.09,85.9,True,2.79,2.03,30.3,-2.9,D 趨勢弱,True,8:49,264.6,跌,149.0,22,True,0.0,-0.0286,-0.0832,-0.094,True,True,2.7,0.97,23.41,4.33,1.55,42.7,OHLC,—,HH/HL,自然反彈,True,262,5,universe
ACAD,2026-09-16,27.54,0.84,True,28.83,0.064,0.32,True,82.3,0.25,82.1,True,3.04,2.25,56.5,2.9,C 基底修復,True,8:49,264.6,跌,130.0,15,True,0.0,-0.2922,-0.3416,-0.3795,True,False,-4.69,-1.54,28.24,-2.54,-0.84,37.9,OHLC,↓,LH/LL,自然反彈,False,262,5,universe
JJSF,2026-09-16,80.98,2.53,True,87.52,0.125,0.35,True,82.2,0.96,81.3,True,3.13,2.19,20.4,3.3,D 趨勢弱,True,8:49,264.6,跌,145.0,18,True,0.0,-0.9359,-0.9639,-1.1324,True,False,-8.07,-2.58,85.48,-5.56,-1.78,13.9,OHLC,↓,LH/LL,DT,False,262,5,universe
PCRX,2026-09-16,24.91,0.82,False,24.98,-0.148,-0.47,True,81.0,0.38,80.7,True,3.29,2.25,39.6,5.8,C 基底修復,True,6:26,192.9,跌,57.0,4,True,0.0,-0.1628,-0.1731,-0.4418,True,True,-0.29,-0.09,24.36,2.21,0.67,12.8,OHLC,—,LH/LL,自然反彈,False,262,5,universe
BFH,2026-09-16,107.85,3.73,False,107.9,-0.188,-0.13,True,80.9,0.01,80.9,True,3.46,2.12,75.9,-3.1,A 待突破,True,8:49,264.6,跌,205.0,21,True,0.0,-0.0131,-0.0173,-1.0195,True,True,-0.05,-0.01,108.01,-0.15,-0.04,51.9,OHLC,—,HH/HL,自然反彈,True,262,5,universe
SBH,2026-09-16,16.01,0.58,False,16.35,-0.015,0.09,True,79.0,0.76,78.2,True,3.64,2.3,67.9,14.6,A 待突破,True,8:49,264.6,跌,232.0,22,True,0.0,-0.1157,-0.1359,-0.1359,True,True,-2.1,-0.58,16.73,-4.5,-1.24,17.7,OHLC,—,LH/LL,自然反彈,True,262,5,universe
CHEF,2026-09-16,109.68,4.33,False,111.31,-0.014,0.04,True,77.1,0.2,76.9,True,3.95,2.33,72.6,3.6,A 待突破,True,8:49,264.6,跌,179.0,23,True,0.0,-0.8619,-0.9269,-1.005,True,True,-1.48,-0.38,108.86,0.75,0.19,73.9,OHLC,—,HH/HL,自然反彈,False,262,5,universe
URBN,2026-09-16,77.08,2.99,False,78.07,-0.032,0.01,True,76.4,1.04,75.3,True,3.87,2.55,64.5,2.3,C 基底修復,True,7:07,213.4,跌,69.0,6,True,0.0,-0.4615,-0.488,-0.6237,True,True,-1.28,-0.33,78.58,-1.95,-0.5,103.1,OHLC,↓,LH/LL,自然回檔,False,262,5,universe
DXPE,2026-09-16,183.54,6.84,True,189.65,0.69,0.64,True,73.1,0.63,72.5,False,3.73,3.31,69.8,4.0,B 上升結構,True,8:49,264.6,跌,158.0,18,True,0.0,-1.2419,-1.4706,-2.2581,True,True,-3.33,-0.89,189.04,-3.0,-0.8,19.4,OHLC,—,LH/LL,次級反彈,True,262,5,universe
NRIX,2026-09-16,25.15,1.05,True,26.16,0.026,0.27,True,73.1,1.45,71.6,False,4.17,2.87,66.9,11.5,B 上升結構,True,8:49,264.6,跌,107.0,17,True,0.0,-0.2547,-0.2689,-0.3228,True,True,-4.01,-0.96,26.26,-4.41,-1.06,31.6,OHLC,↓,LH/LL,DT,False,262,5,universe
KNSA,2026-09-16,77.62,2.64,True,78.18,0.078,0.01,True,72.5,0.58,71.9,False,3.39,3.77,90.6,6.9,A 待突破,True,8:49,264.6,跌,198.0,24,True,0.0,-0.7223,-0.8782,-0.8782,True,True,-0.73,-0.21,78.47,-1.1,-0.32,39.5,OHLC,—,HH/HL,自然反彈,False,262,5,universe
CRMD,2026-09-16,7.82,0.3,True,8.05,0.004,0.2,True,71.8,1.01,70.7,False,3.8,3.49,27.3,1.4,D 趨勢弱,True,6:05,182.6,跌,51.0,6,True,0.0,-0.077,-0.0774,-0.1245,True,True,-3.0,-0.79,,,,7.4,OHLC,—,HH/HL,DT,False,262,5,universe
MATV,2026-09-16,12.04,0.47,True,12.16,0.093,0.86,True,70.2,0.66,69.5,False,3.91,3.69,64.3,2.1,C 基底修復,True,8:49,264.6,跌,156.0,17,True,0.0,-0.1789,-0.1891,-0.1891,True,True,-0.96,-0.25,12.47,-3.57,-0.91,6.6,OHLC,—,LH/LL,自然回檔,True,262,5,universe
KYMR,2026-09-16,116.33,5.04,True,116.29,0.359,0.3,True,69.8,1.83,68.0,False,4.34,3.33,69.3,11.1,B 上升結構,True,6:28,193.8,跌,58.0,12,True,0.0,-0.9563,-1.1676,-2.2632,True,True,0.03,0.01,120.66,-3.73,-0.86,74.7,OHLC,↓,LH/LL,自然反彈,False,262,5,universe
CORT,2026-09-16,111.81,4.6,True,114.68,0.122,0.2,True,67.8,0.72,67.1,False,4.12,3.93,75.8,-0.0,A 待突破,True,8:49,264.6,跌,122.0,15,True,0.0,-1.1862,-1.2721,-1.9139,True,True,-2.57,-0.62,117.84,-5.39,-1.31,98.9,OHLC,—,LH/LL,自然回檔,True,262,5,universe
SNOW,2026-09-16,331.02,16.47,True,332.2,0.611,0.43,True,67.5,0.22,67.3,False,4.98,3.14,70.1,2.9,B 上升結構,True,8:49,264.6,跌,230.0,21,True,0.0,-2.016,-2.2222,-4.0714,True,True,-0.36,-0.07,356.47,-7.69,-1.54,1808.3,OHLC,↓,LH/LL,次級反彈,False,262,5,universe
VIA,2026-09-16,26.62,1.28,True,25.65,0.243,0.9,True,66.8,0.41,66.4,False,4.79,3.46,60.3,-4.4,D 趨勢弱,True,8:49,264.6,跌,160.0,11,True,0.0,-0.4246,-0.4686,-0.511,True,True,3.65,0.76,27.47,-3.19,-0.67,15.3,OHLC,—,HH/HL,自然回檔,False,254,5,universe
CGEM,2026-09-16,20.63,1.09,True,20.78,0.093,0.4,True,66.5,3.3,63.2,False,5.26,3.05,73.7,1.7,B 上升結構,True,8:13,246.5,跌,87.0,10,True,0.0,-0.3448,-0.3598,-0.3598,True,True,-0.71,-0.13,18.51,10.28,1.95,16.3,OHLC,—,HH/HL,DT,False,262,5,universe
EOLS,2026-09-16,7.99,0.4,True,8.22,0.038,0.46,True,63.9,0.86,63.0,False,4.98,3.85,70.8,1.7,B 上升結構,True,6:00,180.0,跌,50.0,7,True,0.0,-0.2032,-0.2127,-0.2127,True,True,-2.92,-0.59,7.75,3.0,0.6,7.7,OHLC,—,HH/HL,DT,False,262,5,universe
EMBC,2026-09-16,5.13,0.29,True,4.96,0.028,0.53,True,55.8,0.87,54.9,False,5.62,4.94,40.0,0.2,D 趨勢弱,True,6:49,204.5,跌,64.0,6,True,0.0,-0.0884,-0.091,-0.095,True,True,3.36,0.6,4.96,3.31,0.59,6.6,OHLC,—,HH/HL,次級回檔,False,262,5,universe
ETON,2026-09-16,56.35,3.01,True,57.03,0.197,0.45,True,53.6,1.11,52.5,False,5.35,5.72,73.8,-0.7,B 上升結構,True,8:49,264.6,跌,171.0,12,True,0.0,-1.2708,-1.3132,-1.3132,True,True,-1.21,-0.23,61.96,-9.96,-1.86,28.7,OHLC,↓,LH/LL,自然反彈,False,262,5,universe
CLYM,2026-09-16,14.11,1.18,True,15.1,0.007,0.18,True,46.8,1.65,45.2,False,8.35,4.41,42.5,0.5,D 趨勢弱,True,8:49,264.6,跌,120.0,14,True,0.0,-0.2554,-0.2603,-0.3352,True,True,-7.04,-0.84,16.4,-16.23,-1.94,23.0,OHLC,—,HH/HL,DT,True,262,5,universe
ACA,2026-09-16,145.14,0.41,False,145.27,-0.006,-0.01,True,99.8,0.92,98.8,True,0.28,0.21,67.6,-9.7,C 基底修復,True,8:49,264.6,跌,302.0,49,True,1.0,-0.1221,-0.1271,-0.7991,True,True,-0.09,-0.31,145.0,0.1,0.34,84.4,OHLC,—,HH/HL,UT,True,262,5,universe
OTTR,2026-09-16,89.03,1.79,False,91.04,-0.032,-0.13,True,91.9,0.24,91.6,True,2.01,1.31,48.8,1.8,C 基底修復,True,8:49,264.6,跌,326.0,22,True,1.0,-0.1979,-0.3035,-0.4109,True,True,-2.26,-1.12,88.3,0.82,0.41,17.6,OHLC,↓,LH/LL,DT,False,262,5,universe
CEPO,2026-09-16,10.75,0.03,True,10.76,0.0,0.1,True,90.9,0.06,90.8,True,0.28,3.26,69.8,-0.0,C 基底修復,True,8:07,243.7,跌,85.0,10,False,1.0,-0.0059,-0.0055,-0.0059,False,True,-0.08,-0.28,10.75,0.0,0.0,3.3,OHLC,—,HH/HL,UT,True,262,5,universe
CLBK,2026-09-16,11.46,0.24,True,11.45,0.038,0.55,False,90.5,-0.27,90.8,True,2.12,1.5,86.7,-0.3,A 待突破,True,8:49,264.6,跌,145.0,16,True,1.0,-0.0687,-0.0702,-0.0765,True,True,0.09,0.04,11.8,-2.97,-1.4,37.3,OHLC,—,LH/LL,自然回檔,True,262,5,universe
SPB,2026-09-16,86.56,2.28,False,88.24,-0.089,-0.15,True,87.5,0.32,87.2,True,2.63,1.64,70.2,9.3,C 基底修復,True,8:49,264.6,跌,294.0,29,True,1.0,-0.2315,-0.3173,-0.4712,True,True,-1.94,-0.74,85.41,1.33,0.5,25.3,OHLC,—,HH/HL,DT,False,262,5,universe
SCL,2026-09-16,61.76,1.64,False,62.94,-0.087,-0.46,True,85.0,0.15,84.9,True,2.66,2.11,59.6,1.1,A 待突破,True,8:49,264.6,跌,275.0,22,True,1.0,-0.2379,-0.286,-0.6002,True,True,-1.91,-0.72,63.42,-2.69,-1.01,7.5,OHLC,—,LH/LL,DT,True,262,5,universe
MLR,2026-09-16,54.49,1.71,True,55.49,0.161,0.27,False,84.9,-0.06,85.0,True,3.13,1.65,61.5,-0.4,A 待突破,True,8:49,264.6,跌,158.0,13,True,1.0,-0.3724,-0.3983,-0.4401,True,True,-1.83,-0.58,56.06,-2.88,-0.92,5.5,OHLC,—,LH/LL,自然回檔,True,262,5,universe
KHC,2026-09-16,24.73,0.69,False,25.02,-0.045,-0.68,True,84.8,0.82,83.9,True,2.8,2.02,40.2,2.8,C 基底修復,True,8:49,264.5,跌,97.0,8,True,1.0,-0.0846,-0.109,-0.2905,True,True,-1.17,-0.42,24.79,-0.24,-0.09,568.7,OHLC,—,HH/HL,DT,False,262,5,universe
CRL,2026-09-16,273.41,9.16,True,281.68,1.754,0.67,False,78.6,-0.29,78.9,True,3.35,2.65,78.3,-1.8,A 待突破,True,8:49,264.6,跌,158.0,14,True,1.0,-4.1344,-4.3608,-4.4173,True,True,-3.02,-0.9,295.77,-8.18,-2.44,240.8,OHLC,↓,LH/LL,DT,False,262,5,universe
IRDM,2026-09-16,47.28,1.15,False,48.16,-0.087,0.01,True,78.6,0.5,78.1,True,2.43,3.57,65.4,0.9,C 基底修復,True,8:49,264.6,跌,217.0,19,True,1.0,-0.0105,-0.0497,-0.6313,True,True,-1.87,-0.77,47.64,-0.76,-0.31,38.0,OHLC,—,LH/LL,自然反彈,True,262,5,universe
BWMN,2026-09-16,42.46,0.45,True,42.07,0.127,2.23,True,73.6,0.38,73.3,False,1.07,5.87,82.3,-0.1,A 待突破,True,8:31,255.5,跌,92.0,13,True,1.0,-0.5324,-0.5421,-0.5468,True,True,0.93,0.87,42.43,0.07,0.07,12.2,OHLC,—,HH/HL,UT,True,262,5,universe
ANET,2026-09-16,197.54,8.22,True,195.51,0.413,0.44,True,69.1,0.71,68.4,False,4.16,3.64,77.5,3.2,A 待突破,True,8:49,264.6,跌,262.0,20,True,1.0,-0.4128,-0.7974,-1.8891,True,True,1.03,0.25,200.68,-1.59,-0.38,949.9,OHLC,—,LH/LL,UT,True,262,5,universe
PI,2026-09-16,177.59,9.17,True,171.98,0.441,0.72,True,65.3,0.61,64.7,False,5.16,3.39,51.6,-2.4,C 基底修復,True,8:49,264.6,跌,149.0,20,True,1.0,-0.1477,-0.374,-2.2481,True,True,3.16,0.61,174.14,1.94,0.38,64.1,OHLC,—,HH/HL,UT,True,262,5,universe
ACHV,2026-09-16,7.42,0.39,True,7.64,0.024,0.26,True,63.8,0.75,63.1,False,5.27,3.58,71.1,3.2,B 上升結構,True,6:02,181.1,跌,51.0,7,True,1.0,-0.1627,-0.1812,-0.1893,True,True,-3.02,-0.57,7.01,5.53,1.05,12.1,OHLC,↑,HH/HL,UT,False,262,5,universe
ESTC,2026-09-16,85.03,4.52,True,87.26,0.308,0.46,True,61.6,0.8,60.8,False,5.31,4.0,59.2,-0.2,B 上升結構,True,8:30,255.2,跌,92.0,7,True,1.0,-1.5381,-1.5842,-1.6023,True,True,-2.62,-0.49,82.15,3.39,0.64,257.4,OHLC,—,HH/HL,自然反彈,False,262,5,universe
P,2026-09-16,97.61,5.56,True,102.59,0.533,0.49,True,57.9,0.65,57.3,False,5.69,4.39,55.8,-0.2,B 上升結構,True,8:49,264.6,跌,184.0,17,True,1.0,-1.0434,-1.2779,-3.0675,True,True,-5.1,-0.9,98.18,-0.58,-0.1,310.1,OHLC,—,LH/LL,自然反彈,True,262,5,universe
KRO,2026-09-16,8.13,0.43,True,8.27,0.035,0.5,True,57.5,0.06,57.4,False,5.28,4.9,67.2,1.9,B 上升結構,True,8:49,264.6,跌,104.0,11,True,1.0,-0.1243,-0.1288,-0.1344,True,True,-1.77,-0.33,7.91,2.71,0.51,3.0,OHLC,—,HH/HL,DT,True,262,5,universe
PAYO,2026-09-16,7.15,0.04,True,7.11,0.0,-0.21,False,99.3,-0.02,99.3,True,0.53,0.36,85.5,-0.0,A 待突破,True,8:49,264.6,跌,484.0,54,True,2.0,-0.0037,-0.0052,-0.0664,True,True,0.5,0.94,7.09,0.84,1.58,16.6,OHLC,—,HH/HL,UT,True,262,5,universe
PEN,2026-09-16,318.4,2.14,False,322.65,-0.472,-0.29,True,98.9,0.01,98.9,True,0.67,0.41,27.6,-9.6,C 基底修復,True,8:49,264.6,跌,120.0,19,True,2.0,-0.5091,-0.5719,-0.7832,True,True,-1.33,-1.99,325.0,-2.07,-3.09,97.6,OHLC,↓,LH/LL,DT,False,262,5,universe
UMH,2026-09-16,15.58,0.28,True,16.13,0.005,0.09,True,92.7,0.19,92.5,True,1.82,1.29,39.0,1.9,C 基底修復,True,8:49,264.6,跌,119.0,12,True,2.0,-0.102,-0.1145,-0.1367,True,False,-3.5,-1.92,15.88,-1.93,-1.06,10.9,OHLC,↓,LH/LL,DT,False,262,5,universe
WTM,2026-09-16,2062.37,41.01,False,2107.32,-2.334,-0.27,True,92.3,0.16,92.1,True,1.99,1.23,28.0,2.7,C 基底修復,True,6:58,208.9,跌,66.0,12,True,2.0,-4.6923,-6.2061,-14.0885,True,True,-2.18,-1.1,2065.14,-0.13,-0.07,45.0,OHLC,↓,LH/LL,DT,False,262,5,universe
BALL,2026-09-16,61.26,1.19,False,62.32,-0.065,-0.67,True,91.8,0.05,91.7,True,1.94,1.4,46.4,1.8,C 基底修復,True,8:49,264.6,跌,104.0,12,True,2.0,-0.2156,-0.3003,-0.4986,True,True,-1.73,-0.89,64.92,-5.97,-3.08,107.6,OHLC,—,LH/LL,UT,False,262,5,universe
EG,2026-09-16,377.77,7.25,True,373.38,0.379,-0.11,True,91.5,0.07,91.4,True,1.92,1.49,52.9,-6.2,C 基底修復,True,9:33,286.6,升,9.0,1,False,2.0,0.0324,-0.0413,,False,True,1.16,0.61,381.08,-0.88,-0.46,119.3,OHLC,—,LH/LL,UT,False,262,5,universe
SR,2026-09-16,79.9,1.74,True,82.09,0.039,0.01,True,91.0,0.16,90.8,True,2.18,1.34,17.9,0.0,D 趨勢弱,True,6:28,194.1,跌,58.0,6,False,2.0,-0.3598,-0.3225,-0.3598,False,True,-2.74,-1.26,80.86,-1.2,-0.55,40.6,OHLC,↓,LH/LL,DT,False,262,5,universe
INVA,2026-09-16,21.2,0.47,True,20.99,0.01,-0.09,True,90.1,0.22,89.9,True,2.21,1.51,22.2,1.5,C 基底修復,True,9:17,278.7,升,5.0,1,False,2.0,0.0067,-0.0169,,False,True,1.01,0.46,20.77,2.03,0.92,14.6,OHLC,—,HH/HL,次級反彈,True,262,5,universe
BMY,2026-09-16,63.6,1.41,False,65.41,-0.055,-0.05,True,89.1,0.14,88.9,True,2.22,1.72,59.5,-11.7,C 基底修復,True,8:49,264.6,跌,168.0,13,True,2.0,-0.5688,-0.5946,-0.6275,True,True,-2.85,-1.28,,,,499.7,OHLC,—,HH/HL,DT,False,262,5,universe
HG,2026-09-16,35.17,0.88,False,35.21,-0.023,-0.25,True,88.8,0.1,88.7,True,2.49,1.5,55.0,-19.0,C 基底修復,True,6:22,190.8,跌,56.0,7,True,2.0,-0.0301,-0.0442,-0.2004,True,True,-0.11,-0.05,34.56,1.73,0.7,12.1,OHLC,↑,HH/HL,次級反彈,False,262,5,universe
BATRK,2026-09-16,50.68,1.3,False,51.21,-0.009,-0.08,True,88.4,0.41,88.0,True,2.56,1.51,58.2,1.4,C 基底修復,True,8:49,264.6,跌,122.0,14,True,2.0,-0.0439,-0.1167,-0.3169,True,True,-1.04,-0.41,51.27,-1.16,-0.45,23.9,OHLC,↓,LH/LL,自然反彈,False,262,5,universe
GILD,2026-09-16,147.68,3.45,True,142.39,0.666,0.77,True,88.2,0.17,88.0,True,2.34,1.79,64.1,0.6,A 待突破,True,6:39,199.6,跌,61.0,7,True,2.0,-0.726,-0.8516,-0.9237,True,False,3.58,1.53,145.68,1.35,0.58,789.2,OHLC,—,HH/HL,自然反彈,False,262,5,universe
BDX,2026-09-16,181.85,4.47,True,183.07,0.554,0.58,False,87.5,-0.34,87.8,True,2.46,1.82,71.7,-5.9,A 待突破,True,8:49,264.6,跌,158.0,14,True,2.0,-1.3663,-1.4758,-2.3894,True,True,-0.67,-0.27,191.76,-5.45,-2.22,306.8,OHLC,—,LH/LL,自然回檔,False,262,5,universe
MCK,2026-09-16,887.29,22.86,True,883.44,2.414,0.29,True,86.0,0.24,85.7,True,2.58,2.0,57.9,-5.4,C 基底修復,True,7:34,227.1,跌,76.0,6,False,2.0,-2.8207,-2.0958,-5.4753,False,True,0.43,0.17,910.95,-2.67,-1.03,807.0,OHLC,—,LH/LL,次級回檔,True,262,5,universe
TGT,2026-09-16,154.68,4.26,True,158.11,0.176,0.31,True,84.9,0.42,84.5,True,2.75,2.04,76.2,-1.9,A 待突破,True,8:49,264.6,跌,145.0,12,False,2.0,-1.7752,-1.7534,-1.7752,False,True,-2.22,-0.81,164.44,-6.31,-2.29,664.6,OHLC,↓,LH/LL,DT,False,262,5,universe
AMGN,2026-09-16,376.35,10.45,True,414.35,0.172,-0.02,True,84.5,0.71,83.8,True,2.78,2.09,35.1,-0.2,D 趨勢弱,True,8:49,264.6,跌,118.0,13,True,2.0,-8.4277,-8.9931,-9.2005,True,False,-10.1,-3.64,445.82,-18.46,-6.65,970.4,OHLC,↓,LH/LL,DT,False,262,5,universe
GIS,2026-09-16,36.81,1.16,True,38.49,0.038,-0.02,True,81.5,0.57,80.9,True,3.16,2.3,11.9,3.6,D 趨勢弱,True,8:44,261.8,跌,95.0,9,True,2.0,-0.4788,-0.5566,-0.6443,True,False,-4.57,-1.45,35.61,3.26,1.03,320.9,OHLC,—,HH/HL,自然反彈,False,262,5,universe
ICFI,2026-09-16,87.46,2.57,True,88.8,0.077,0.28,False,80.3,-0.05,80.4,True,2.93,2.74,66.9,-1.6,B 上升結構,True,8:49,264.6,跌,248.0,22,True,2.0,-0.4433,-0.4761,-0.8189,True,True,-1.53,-0.52,85.75,1.96,0.67,14.4,OHLC,↑,HH/HL,UT,False,262,5,universe
AVTR,2026-09-16,15.61,0.46,True,14.39,0.107,0.59,True,78.8,0.48,78.3,True,2.97,3.01,67.6,-1.3,E 延伸,True,8:49,264.6,跌,325.0,24,True,2.0,-0.0146,-0.0353,-0.117,True,False,7.8,2.63,14.81,5.12,1.73,114.3,OHLC,↑,HH/HL,UT,False,262,5,universe
PCVX,2026-09-16,58.77,2.07,True,59.99,0.115,0.33,True,78.6,0.1,78.5,True,3.53,2.47,63.4,-0.4,A 待突破,True,8:49,264.6,跌,113.0,13,False,2.0,-0.4178,-0.4045,-0.6171,False,True,-2.07,-0.59,61.34,-4.37,-1.24,67.6,OHLC,—,HH/HL,DT,True,262,5,universe
AVPT,2026-09-16,13.43,0.47,False,13.28,-0.0,0.04,True,77.9,0.6,77.3,True,3.49,2.65,64.7,-1.4,B 上升結構,True,8:49,264.6,跌,145.0,10,True,2.0,-0.0367,-0.0509,-0.1419,True,True,1.09,0.31,13.2,1.75,0.5,21.3,OHLC,—,HH/HL,自然反彈,False,262,5,universe
VRSK,2026-09-16,181.75,6.65,False,184.91,-0.379,-0.79,True,77.5,0.75,76.8,True,3.66,2.55,21.5,-2.6,D 趨勢弱,True,6:20,190.2,跌,56.0,7,True,2.0,-0.4848,-0.6801,-2.9032,True,True,-1.74,-0.47,185.94,-2.31,-0.63,199.9,OHLC,↓,LH/LL,自然回檔,False,262,5,universe
CLDX,2026-09-16,38.71,1.48,True,40.72,0.006,0.16,True,76.4,0.8,75.6,True,3.83,2.59,56.0,1.5,C 基底修復,True,8:49,264.6,跌,139.0,20,True,2.0,-0.2324,-0.2935,-0.5898,True,False,-5.18,-1.35,40.04,-3.44,-0.9,27.6,OHLC,↓,LH/LL,自然反彈,False,262,5,universe
WLY,2026-09-16,49.54,2.04,False,50.87,-0.133,-0.46,True,75.6,0.78,74.8,True,4.13,2.45,50.0,2.0,C 基底修復,True,8:49,264.6,跌,138.0,11,True,2.0,-0.2718,-0.4164,-0.7044,True,True,-2.68,-0.65,46.8,5.53,1.34,28.4,OHLC,—,HH/HL,自然反彈,False,262,5,universe
SN,2026-09-16,170.68,6.97,True,178.89,0.276,-0.01,True,75.1,0.3,74.8,True,4.09,2.58,61.0,14.0,B 上升結構,True,8:49,264.6,跌,158.0,20,True,2.0,-2.2603,-2.8442,-3.7614,True,False,-4.81,-1.18,182.22,-6.76,-1.66,291.0,OHLC,—,LH/LL,UT,False,262,5,universe
GO,2026-09-16,11.46,0.5,True,11.22,0.036,0.54,True,73.6,0.5,73.1,False,4.33,2.62,54.7,3.0,D 趨勢弱,True,7:22,221.2,跌,73.0,7,True,2.0,-0.1401,-0.1444,-0.166,True,True,2.13,0.49,11.96,-4.36,-1.01,28.2,OHLC,↓,LH/LL,自然反彈,False,262,5,universe
VRDN,2026-09-16,22.44,0.91,True,22.89,0.095,0.5,True,73.5,1.18,72.4,False,4.03,2.92,39.6,-0.8,D 趨勢弱,True,8:49,264.6,跌,115.0,14,True,2.0,-0.2789,-0.3373,-0.3759,True,True,-2.0,-0.5,21.99,2.01,0.5,26.4,OHLC,↑,HH/HL,UT,False,262,5,universe
FRSH,2026-09-16,12.73,0.5,True,12.5,0.033,0.49,True,73.2,0.5,72.7,False,3.93,3.09,71.8,-3.0,B 上升結構,True,8:49,264.6,跌,140.0,10,True,2.0,-0.133,-0.1705,-0.2657,True,True,1.8,0.46,11.7,8.06,2.05,50.7,OHLC,↑,HH/HL,UT,False,262,5,universe
MANH,2026-09-16,212.03,7.78,True,205.62,1.111,0.45,True,71.8,0.33,71.5,False,3.67,3.61,69.0,-0.7,B 上升結構,True,8:49,264.6,跌,140.0,10,True,2.0,-2.3786,-2.7684,-3.4951,True,True,3.02,0.82,222.35,-4.87,-1.33,148.4,OHLC,↓,LH/LL,自然反彈,False,262,5,universe
TMDX,2026-09-16,87.56,4.41,True,85.54,0.357,0.33,True,66.4,1.16,65.3,False,5.04,3.28,39.1,-0.3,D 趨勢弱,True,8:49,264.6,跌,115.0,13,True,2.0,-0.5678,-0.7372,-1.4641,True,True,2.31,0.46,90.11,-2.91,-0.58,60.5,OHLC,—,LH/LL,UT,False,262,5,universe
TWLO,2026-09-16,238.88,10.87,True,231.98,1.997,0.51,True,66.1,0.03,66.0,False,4.55,3.84,81.5,-3.6,A 待突破,True,8:49,264.6,跌,190.0,19,True,2.0,-0.1521,-0.4447,-3.6314,True,True,2.89,0.63,240.48,-0.67,-0.15,397.7,OHLC,—,LH/LL,UT,True,262,5,universe
WDAY,2026-09-16,187.76,8.5,True,193.67,0.581,0.63,True,64.7,0.61,64.1,False,4.53,4.14,61.5,0.8,C 基底修復,True,8:49,264.6,跌,129.0,16,True,2.0,-2.6263,-2.6636,-3.4876,True,True,-3.15,-0.7,194.21,-3.44,-0.76,667.8,OHLC,↓,LH/LL,自然回檔,False,262,5,universe
MAN,2026-09-16,57.93,2.34,True,58.72,0.122,0.39,True,64.5,0.84,63.7,False,4.05,4.66,78.4,-2.3,A 待突破,True,8:49,264.6,跌,452.0,31,True,2.0,-0.8414,-0.9236,-1.164,True,True,-1.37,-0.34,60.27,-4.04,-1.0,46.0,OHLC,↑,HH/HL,UT,False,262,5,universe
ZBIO,2026-09-16,32.32,1.65,True,31.77,0.034,0.01,True,64.0,0.51,63.5,False,5.11,3.7,61.3,1.2,C 基底修復,True,8:49,264.6,跌,418.0,35,True,2.0,-0.1769,-0.2217,-0.5864,True,True,1.69,0.33,31.27,3.25,0.64,23.0,OHLC,—,HH/HL,次級反彈,True,262,5,universe
PLTR,2026-09-16,174.34,7.33,True,173.23,2.46,1.17,True,63.7,1.07,62.6,False,4.2,4.67,62.1,0.3,B 上升結構,True,7:59,239.4,跌,83.0,11,True,2.0,-2.0073,-2.3919,-3.1552,True,True,0.64,0.15,172.73,0.92,0.22,5023.1,OHLC,—,HH/HL,自然反彈,False,262,5,universe
VERX,2026-09-16,12.58,0.63,True,12.78,0.075,0.03,True,63.2,0.12,63.1,False,5.02,3.95,24.1,-9.5,D 趨勢弱,True,7:29,224.4,跌,75.0,7,True,2.0,-0.143,-0.1449,-0.2164,True,True,-1.59,-0.32,13.48,-7.15,-1.43,16.4,OHLC,—,HH/HL,自然回檔,False,262,5,universe
QLYS,2026-09-16,183.06,10.28,True,179.2,1.081,0.43,True,58.6,0.25,58.4,False,5.62,4.32,69.8,-0.5,B 上升結構,True,8:49,264.6,跌,224.0,19,True,2.0,-0.6306,-1.5756,-4.3337,True,True,2.11,0.38,174.35,4.76,0.85,125.8,OHLC,—,LH/LL,UT,False,262,5,universe
APPN,2026-09-16,37.5,2.1,True,36.47,0.262,0.66,True,58.4,0.65,57.8,False,5.59,4.39,53.5,-1.2,B 上升結構,True,7:37,228.5,跌,77.0,10,True,2.0,-0.6433,-0.7458,-1.1783,True,True,2.75,0.49,39.89,-6.37,-1.14,34.4,OHLC,—,HH/HL,自然回檔,False,262,5,universe
FDMT,2026-09-16,13.76,0.92,True,14.18,0.056,0.37,True,52.7,1.25,51.5,False,6.68,4.59,73.9,6.9,B 上升結構,True,8:32,256.2,跌,92.0,12,True,2.0,-0.2786,-0.3029,-0.3226,True,True,-3.03,-0.45,14.97,-8.79,-1.32,12.5,OHLC,↓,LH/LL,自然反彈,False,262,5,universe
RUM,2026-09-16,8.3,0.68,True,8.23,0.029,0.19,True,46.3,1.2,45.1,False,8.23,4.69,58.8,9.4,B 上升結構,True,6:52,206.1,跌,65.0,10,True,2.0,-0.1597,-0.2038,-0.2918,True,True,0.87,0.11,8.65,-4.24,-0.52,45.7,OHLC,—,LH/LL,UT,False,262,5,universe
ROKU,2026-09-16,155.12,2.15,True,154.91,0.478,0.98,True,95.7,0.05,95.6,True,1.39,0.94,77.8,-2.0,A 待突破,True,8:49,264.6,跌,119.0,14,False,3.0,-0.6367,-0.6237,-1.0296,False,True,0.14,0.1,157.83,-1.75,-1.26,349.7,OHLC,—,LH/LL,自然反彈,False,262,5,universe
TECH,2026-09-16,72.33,0.26,True,72.28,0.008,0.16,True,94.1,0.31,93.8,True,0.35,2.41,87.1,-1.4,A 待突破,True,8:49,264.6,跌,202.0,46,False,3.0,-0.1215,-0.1362,-0.668,True,True,0.07,0.2,72.08,0.35,0.98,179.7,OHLC,—,HH/HL,UT,True,262,5,universe
MA,2026-09-16,567.75,9.31,True,576.92,0.053,0.04,True,93.3,0.02,93.3,True,1.64,1.33,63.2,-6.0,C 基底修復,True,8:49,264.6,跌,157.0,11,False,3.0,-3.2358,-3.2631,-4.315,True,True,-1.62,-0.99,578.9,-1.96,-1.2,1441.9,OHLC,—,LH/LL,自然回檔,False,262,5,universe
THG,2026-09-16,231.76,4.53,True,226.38,0.193,-0.1,True,91.6,0.03,91.5,True,1.95,1.43,80.2,-1.2,A 待突破,True,9:48,294.2,升,13.0,2,False,3.0,0.2737,0.1464,,False,True,2.32,1.19,223.9,3.39,1.73,62.7,OHLC,↑,HH/HL,UT,False,262,5,universe
VLTO,2026-09-16,95.75,1.91,True,97.46,0.024,-0.04,True,90.9,0.25,90.6,True,2.0,1.54,48.6,1.8,C 基底修復,True,8:49,264.6,跌,256.0,25,False,3.0,-0.3815,-0.4755,-0.7458,True,True,-1.79,-0.89,97.11,-1.42,-0.71,142.4,OHLC,↓,LH/LL,自然反彈,False,262,5,universe
SSNC,2026-09-16,80.55,1.8,True,81.52,0.073,0.3,True,87.2,0.01,87.2,True,2.23,2.09,60.2,-6.7,C 基底修復,True,8:49,264.6,跌,155.0,22,False,3.0,-0.5887,-0.622,-0.8584,True,True,-1.21,-0.54,82.06,-1.87,-0.84,122.1,OHLC,—,LH/LL,UT,False,262,5,universe
WAT,2026-09-16,418.64,11.45,True,409.22,1.86,0.55,True,86.8,0.3,86.5,True,2.73,1.68,84.1,-1.9,A 待突破,True,8:49,264.6,跌,195.0,19,False,3.0,-0.5085,-1.0995,-2.6213,True,True,2.25,0.82,404.24,3.44,1.26,273.9,OHLC,↑,HH/HL,自然反彈,False,262,5,universe
A,2026-09-16,153.69,4.35,True,151.16,0.402,0.3,True,85.8,0.03,85.8,True,2.83,1.78,79.0,4.4,A 待突破,True,6:58,209.1,跌,66.0,12,False,3.0,-0.5797,-1.0842,-1.8271,True,True,1.65,0.58,153.43,0.17,0.06,381.1,OHLC,—,HH/HL,自然反彈,False,262,5,universe
MSFT,2026-09-16,490.3,10.83,True,496.16,0.287,1.35,True,85.0,0.09,84.9,True,2.21,2.56,66.7,-2.8,A 待突破,True,8:49,264.6,跌,150.0,21,False,3.0,-3.4756,-3.082,-3.9416,False,True,-1.2,-0.54,505.41,-3.08,-1.4,9890.5,OHLC,↓,LH/LL,DT,False,262,5,universe
BLFS,2026-09-16,36.11,1.0,True,35.83,0.107,0.55,True,83.4,0.33,83.1,True,2.77,2.31,85.3,1.2,A 待突破,True,8:49,264.6,跌,187.0,14,False,3.0,-0.2262,-0.2828,-0.4556,True,True,0.78,0.28,34.92,3.3,1.19,31.9,OHLC,↑,HH/HL,自然反彈,False,262,5,universe
ZBH,2026-09-16,96.78,2.9,True,97.93,0.107,0.08,True,83.4,0.06,83.4,True,2.99,2.09,60.3,-0.3,C 基底修復,True,8:49,264.6,跌,138.0,16,False,3.0,-0.4361,-0.5572,-1.1287,True,True,-1.19,-0.4,98.2,-1.47,-0.49,161.3,OHLC,↑,HH/HL,UT,False,262,5,universe
BIIB,2026-09-16,216.01,5.81,True,214.32,0.492,0.37,True,83.2,0.45,82.7,True,2.69,2.45,77.8,-0.4,A 待突破,True,8:49,264.6,跌,122.0,7,False,3.0,-0.7933,-0.8098,-1.0556,True,True,0.78,0.29,222.25,-2.89,-1.07,156.0,OHLC,—,LH/LL,UT,False,262,5,universe
MEDP,2026-09-16,616.44,16.22,True,598.5,1.673,0.35,True,82.7,0.17,82.5,True,2.63,2.59,80.9,8.1,A 待突破,True,9:20,279.8,升,5.0,1,False,3.0,0.1296,-1.0592,,False,True,2.91,1.11,,,,126.3,OHLC,—,LH/LL,UT,False,262,5,universe
NFLX,2026-09-16,76.41,2.26,True,78.29,0.215,0.54,True,82.4,0.64,81.8,True,2.96,2.32,34.5,-0.2,D 趨勢弱,True,7:41,230.5,跌,78.0,8,False,3.0,-0.5425,-0.4696,-0.7485,False,True,-2.46,-0.83,79.84,-4.49,-1.52,2037.8,OHLC,—,HH/HL,DT,False,262,5,universe
FIZZ,2026-09-16,32.18,1.07,True,31.74,0.011,-0.16,True,80.6,1.16,79.4,True,3.33,2.29,26.4,7.8,D 趨勢弱,True,6:33,196.5,跌,59.0,7,False,3.0,-0.0123,-0.075,-0.1616,True,True,1.38,0.41,32.46,-0.87,-0.26,12.4,OHLC,↓,LH/LL,自然反彈,False,262,5,universe
SIBN,2026-09-16,18.54,0.66,True,18.98,0.026,0.1,True,80.3,0.46,79.8,True,3.55,2.13,62.3,1.7,B 上升結構,True,8:49,264.6,跌,148.0,15,False,3.0,-0.116,-0.132,-0.1929,True,True,-2.4,-0.68,19.48,-5.07,-1.43,10.6,OHLC,—,HH/HL,自然反彈,False,262,5,universe
KRT,2026-09-16,49.6,1.76,True,47.86,0.158,0.6,True,80.2,0.58,79.6,True,3.54,2.16,80.7,-0.4,A 待突破,True,8:49,264.6,跌,204.0,19,False,3.0,-0.2207,-0.3145,-0.6284,True,True,3.5,0.99,49.73,-0.26,-0.07,6.6,OHLC,—,LH/LL,UT,False,262,5,universe
EXLS,2026-09-16,35.85,1.05,True,36.18,0.084,0.46,True,78.6,0.18,78.4,True,2.93,3.08,58.4,3.9,B 上升結構,True,8:30,255.0,跌,92.0,11,False,3.0,-0.3705,-0.3997,-0.5923,True,True,-0.92,-0.31,34.62,3.43,1.17,70.0,OHLC,↑,HH/HL,自然反彈,False,262,5,universe
CLMB,2026-09-16,28.24,1.08,True,27.92,0.103,0.25,True,77.1,1.22,75.9,True,3.82,2.47,64.1,-1.3,C 基底修復,True,8:49,264.6,跌,178.0,22,False,3.0,-0.0674,-0.0912,-0.2186,True,True,1.13,0.3,29.23,-3.51,-0.92,3.6,OHLC,—,LH/LL,UT,True,262,5,universe
KODK,2026-09-16,9.42,0.33,True,9.51,0.034,0.37,True,76.7,1.19,75.5,True,3.49,2.88,54.8,12.2,D 趨勢弱,True,8:49,264.6,跌,111.0,17,False,3.0,-0.0138,-0.0371,-0.135,True,True,-0.94,-0.27,9.92,-5.31,-1.52,7.7,OHLC,—,LH/LL,UT,True,262,5,universe
CTSH,2026-09-16,61.85,2.23,True,60.27,0.476,0.78,True,75.0,0.19,74.8,True,3.61,3.07,30.9,-12.2,C 基底修復,True,6:16,187.8,跌,54.0,11,False,3.0,-0.481,-0.4973,-1.0182,True,True,2.55,0.71,58.2,5.9,1.64,353.0,OHLC,↑,HH/HL,自然回檔,False,262,5,universe
GDYN,2026-09-16,8.02,0.3,True,7.8,0.048,1.11,True,75.0,0.4,74.6,True,3.76,2.92,57.3,1.8,C 基底修復,True,8:49,264.6,跌,144.0,16,False,3.0,-0.0392,-0.0354,-0.0675,False,True,2.75,0.73,7.83,2.37,0.63,8.4,OHLC,↑,HH/HL,自然回檔,False,262,5,universe
KO,2026-09-16,87.87,1.38,True,88.63,0.078,0.11,True,93.4,0.05,93.3,True,1.57,1.38,77.2,-0.5,A 待突破,True,8:49,264.6,跌,173.0,13,False,4.0,-0.2535,-0.2298,-0.4411,False,True,-0.87,-0.55,90.36,-2.83,-1.81,1317.7,OHLC,—,LH/LL,自然反彈,True,262,5,universe
DV,2026-09-16,13.49,0.13,True,13.28,0.031,1.83,True,90.5,0.23,90.3,True,0.96,2.66,70.8,0.5,A 待突破,True,8:49,264.6,跌,158.0,16,False,4.0,-0.056,-0.0587,-0.1649,True,True,1.56,1.62,13.34,1.11,1.16,47.4,OHLC,↑,HH/HL,UT,False,262,5,universe
ABBV,2026-09-16,262.51,5.74,True,255.78,0.828,0.24,True,89.7,1.11,88.5,True,2.19,1.63,75.3,0.6,A 待突破,True,9:30,285.0,升,8.0,1,False,4.0,0.1449,-0.0737,,False,True,2.56,1.17,261.72,0.3,0.14,1124.5,OHLC,—,LH/LL,自然反彈,False,262,5,universe
NEU,2026-09-16,891.69,24.03,True,909.21,0.876,0.32,True,86.4,0.44,85.9,True,2.69,1.81,68.8,12.0,A 待突破,True,8:49,264.6,跌,163.0,17,False,4.0,-5.6178,-7.1512,-12.1353,True,True,-1.97,-0.73,862.47,3.28,1.22,101.0,OHLC,↑,HH/HL,UT,False,262,5,universe
BMRN,2026-09-16,64.73,1.73,True,66.02,0.072,0.36,True,86.1,0.39,85.7,True,2.68,1.88,57.7,7.6,A 待突破,True,8:49,264.6,跌,262.0,17,False,4.0,-0.3262,-0.3146,-0.5636,False,True,-1.99,-0.74,66.41,-2.6,-0.97,115.7,OHLC,—,LH/LL,自然回檔,True,262,5,universe
FOX,2026-09-16,59.15,1.69,True,58.88,0.287,0.65,True,83.9,0.04,83.8,True,2.86,2.13,57.2,5.9,C 基底修復,True,7:41,230.3,跌,78.0,12,False,4.0,-0.3274,-0.3228,-0.7226,False,True,0.46,0.16,61.27,-3.58,-1.25,62.3,OHLC,—,LH/LL,自然回檔,False,262,5,universe
FOXA,2026-09-16,66.16,1.91,True,66.17,0.283,0.54,True,83.7,0.11,83.6,True,2.88,2.14,56.7,-4.5,C 基底修復,True,8:49,264.6,跌,98.0,13,False,4.0,-0.3725,-0.3554,-0.833,False,True,-0.02,-0.01,68.72,-3.87,-1.34,324.3,OHLC,—,LH/LL,自然回檔,False,262,5,universe
LILA,2026-09-16,8.74,0.24,True,8.54,0.013,0.31,True,79.6,0.84,78.7,True,2.73,3.09,88.2,-1.2,A 待突破,True,8:49,264.6,跌,359.0,26,False,4.0,-0.0143,-0.007,-0.0912,False,True,2.27,0.83,8.52,2.52,0.92,3.2,OHLC,—,HH/HL,UT,True,262,5,universe
TVTX,2026-09-16,63.48,2.54,True,64.36,0.416,0.64,True,76.9,0.89,76.0,True,4.0,2.33,76.3,-8.6,A 待突破,True,8:49,264.6,跌,149.0,11,False,4.0,-0.6764,-0.6007,-0.6764,False,True,-1.38,-0.35,67.51,-6.35,-1.59,84.0,OHLC,—,LH/LL,自然回檔,False,262,5,universe
KIDS,2026-09-16,23.15,0.9,True,23.61,0.086,0.23,True,75.9,0.83,75.1,True,3.89,2.62,64.9,-0.4,B 上升結構,True,8:49,264.6,跌,148.0,15,False,4.0,-0.1461,-0.2257,-0.4762,True,True,-1.97,-0.51,21.56,6.87,1.77,5.4,OHLC,↑,HH/HL,UT,False,262,5,universe
CACI,2026-09-16,631.18,20.3,True,631.56,3.145,0.87,True,75.3,0.29,75.0,True,3.22,3.42,56.2,-8.7,A 待突破,True,8:49,264.6,跌,146.0,17,False,4.0,-3.7568,-4.1532,-8.7839,True,True,-0.06,-0.02,633.82,-0.42,-0.13,158.9,OHLC,—,LH/LL,自然反彈,True,262,5,universe
MDLZ,2026-09-16,62.36,1.25,True,62.53,0.048,-0.17,True,90.4,0.14,90.3,True,2.0,1.65,68.9,2.2,C 基底修復,True,8:49,264.6,跌,140.0,15,False,6.0,-0.0493,-0.0709,-0.3062,True,True,-0.27,-0.13,63.03,-1.07,-0.54,448.1,OHLC,↓,LH/LL,DT,False,262,5,universe
SMTI,2026-09-16,35.1,0.38,True,34.48,0.018,1.0,True,89.5,0.33,89.1,True,1.09,2.77,81.8,-0.8,A 待突破,True,8:49,264.6,跌,267.0,22,False,7.0,-0.2301,-0.2413,-0.3321,True,True,1.78,1.64,34.62,1.37,1.26,10.2,OHLC,—,HH/HL,UT,True,262,5,universe
ATKR,2026-09-16,94.52,0.7,True,93.82,0.061,1.61,True,86.3,0.25,86.1,True,0.74,3.77,89.4,-0.2,A 待突破,True,8:49,264.6,跌,124.0,18,False,7.0,-0.4736,-0.5058,-0.6839,True,True,0.74,1.01,93.5,1.08,1.46,66.6,OHLC,—,HH/HL,UT,True,262,5,universe
ITGR,2026-09-16,126.11,0.76,True,125.49,0.105,1.89,True,92.0,0.14,91.9,True,0.6,2.68,85.5,-1.1,A 待突破,True,8:49,264.6,跌,246.0,20,False,8.0,-0.7787,-0.8078,-1.1148,True,True,0.49,0.81,124.84,1.01,1.67,96.3,OHLC,—,HH/HL,UT,True,262,5,universe
MKTX,2026-09-16,163.35,0.86,True,162.68,0.031,0.69,True,88.4,0.23,88.1,True,0.53,3.56,55.1,0.0,C 基底修復,True,8:13,246.5,跌,87.0,20,False,9.0,-1.1279,-1.1863,-1.5588,True,True,0.41,0.78,162.97,0.23,0.44,154.9,OHLC,—,HH/HL,UT,True,262,5,universe
SAFT,2026-09-16,103.55,0.47,True,103.47,0.013,0.16,True,83.9,0.12,83.8,True,0.45,4.53,87.3,0.5,A 待突破,True,8:49,264.6,跌,169.0,24,False,9.0,-0.6126,-0.6625,-1.0391,True,True,0.08,0.17,103.05,0.48,1.07,12.3,OHLC,↑,HH/HL,UT,False,262,5,universe
ECPG,2026-09-16,99.76,3.6,True,98.97,0.093,0.13,True,78.2,0.42,77.8,True,3.61,2.47,78.3,1.2,A 待突破,True,8:38,258.8,跌,94.0,15,False,9.0,-0.1326,-0.23,-1.0668,True,True,0.79,0.22,98.14,1.62,0.45,36.7,OHLC,—,HH/HL,UT,True,262,5,universe
IDCC,2026-09-16,328.72,11.46,True,339.05,0.48,1.1,True,76.7,0.21,76.5,True,3.49,2.88,49.1,-0.2,C 基底修復,True,8:49,264.6,跌,132.0,18,False,9.0,-2.7211,-2.2686,-4.3999,False,True,-3.14,-0.9,350.0,-6.47,-1.86,63.2,OHLC,↓,LH/LL,DT,False,262,5,universe
LXP,2026-09-16,60.85,0.24,True,60.75,0.017,0.18,True,98.3,0.06,98.3,True,0.4,0.99,72.7,-0.2,A 待突破,True,8:49,264.6,跌,291.0,32,False,10.0,-0.0995,-0.1093,-0.2607,True,True,0.16,0.4,60.99,-0.23,-0.58,45.0,OHLC,—,LH/LL,UT,True,262,5,universe
BZH,2026-09-16,33.35,0.23,True,33.2,0.004,0.21,True,93.8,0.23,93.6,True,0.69,2.16,75.9,0.2,A 待突破,True,8:49,264.6,跌,341.0,37,False,,-0.0564,-0.0643,-0.2579,True,True,0.44,0.64,33.07,0.84,1.22,21.7,OHLC,—,HH/HL,自然回檔,True,262,5,universe
PFE,2026-09-16,27.46,0.54,True,27.53,0.13,0.94,True,91.8,0.22,91.6,True,1.95,1.38,61.0,-0.3,C 基底修復,True,6:25,192.6,跌,57.0,7,False,,-0.2063,-0.1991,-0.2063,False,True,-0.24,-0.12,28.19,-2.66,-1.36,911.5,OHLC,↓,LH/LL,DT,False,262,5,universe
DSGR,2026-09-16,34.85,0.15,True,34.79,0.004,0.25,True,91.5,0.11,91.4,True,0.42,2.97,83.5,1.3,A 待突破,True,8:49,264.6,跌,328.0,30,False,,-0.0994,-0.1117,-0.2637,True,True,0.16,0.37,34.87,-0.06,-0.14,7.3,OHLC,—,LH/LL,UT,True,262,5,universe
RPRX,2026-09-16,58.47,1.53,True,59.98,0.077,0.06,True,87.2,0.44,86.8,True,2.62,1.7,55.2,-0.9,C 基底修復,True,7:53,236.4,跌,81.0,6,False,,-0.5731,-0.5722,-0.5731,False,True,-2.59,-0.99,64.38,-10.11,-3.85,177.3,OHLC,—,LH/LL,自然回檔,False,262,5,universe
TRGP,2026-09-16,284.77,7.52,True,286.5,1.372,0.52,True,85.7,0.05,85.6,True,2.64,2.0,75.2,1.0,A 待突破,True,6:34,197.2,跌,60.0,8,False,,-1.6514,-1.4523,-2.2924,False,True,-0.61,-0.23,296.06,-3.96,-1.5,323.5,OHLC,—,LH/LL,自然回檔,True,262,5,universe
CNR,2026-09-16,94.01,3.27,True,95.07,0.438,0.74,True,79.8,0.37,79.5,True,3.48,2.3,55.1,3.6,C 基底修復,True,6:26,192.9,跌,57.0,8,False,,-1.1473,-1.0095,-1.1473,False,True,-1.13,-0.32,,,,45.7,OHLC,—,HH/HL,DT,False,262,5,universe
EL,2026-09-16,95.6,3.12,True,96.92,0.32,0.44,True,78.8,0.25,78.6,True,3.27,2.7,42.0,7.4,C 基底修復,True,7:03,211.4,跌,67.0,7,False,,-1.2852,-1.2041,-1.2852,False,True,-1.38,-0.42,103.86,-8.64,-2.64,369.9,OHLC,↓,LH/LL,DT,False,262,5,universe
SXC,2026-09-16,9.61,0.37,True,9.7,0.077,1.02,True,75.7,0.71,75.0,True,3.89,2.67,75.7,0.8,B 上升結構,True,6:00,180.0,跌,50.0,5,False,,-0.1203,-0.1137,-0.1203,False,True,-0.96,-0.25,9.14,4.89,1.26,9.8,OHLC,↑,HH/HL,自然回檔,False,262,5,universe
RAMP,2026-09-16,37.87,0.15,True,37.73,0.0,-0.1,False,99.5,-0.06,99.6,True,0.4,0.33,75.8,10.6,A 待突破,False,5:45,172.3,跌,46.0,8,True,0.0,-0.0037,-0.0189,-0.118,True,True,0.37,0.93,37.7,0.45,1.13,42.3,OHLC,↑,HH/HL,UT,False,262,4,universe
BTZ,2026-09-16,9.62,0.09,False,10.03,-0.013,-0.96,True,98.0,0.02,97.9,True,0.95,0.59,16.0,0.5,D 趨勢弱,True,8:49,264.6,跌,115.0,17,True,0.0,-0.0467,-0.0489,-0.0489,True,False,-4.27,-4.47,10.01,-4.05,-4.25,3.1,OHLC,↓,LH/LL,DT,False,262,4,universe
JPC,2026-09-16,7.04,0.09,False,7.4,-0.024,-1.59,True,97.2,0.01,97.2,True,1.22,0.59,12.9,1.1,D 趨勢弱,True,8:49,264.6,跌,194.0,23,True,0.0,-0.0283,-0.0312,-0.0312,True,False,-5.06,-4.14,7.55,-7.24,-5.92,11.2,OHLC,↓,LH/LL,DT,False,262,4,universe
PHK,2026-09-16,4.32,0.05,False,4.5,-0.017,-1.81,True,97.2,0.04,97.2,True,1.15,0.68,16.9,2.0,D 趨勢弱,True,8:49,264.6,跌,176.0,24,True,0.0,-0.0206,-0.0211,-0.0211,True,False,-4.16,-3.63,4.54,-5.09,-4.44,4.0,OHLC,↓,LH/LL,DT,False,262,4,universe
PTA,2026-09-16,17.81,0.23,False,18.34,-0.056,-1.14,False,97.2,-0.18,97.4,True,1.27,0.56,16.4,2.5,D 趨勢弱,True,6:54,207.2,跌,65.0,7,True,0.0,-0.0592,-0.0757,-0.0757,True,True,-2.99,-2.35,18.63,-4.6,-3.62,3.9,OHLC,↓,LH/LL,DT,False,262,4,universe
USA,2026-09-16,5.9,0.06,False,5.97,-0.006,0.04,False,96.9,-0.01,96.9,True,1.09,0.86,22.4,-8.3,D 趨勢弱,True,8:49,264.6,跌,175.0,19,True,0.0,-0.0151,-0.0188,-0.0247,True,True,-1.25,-1.15,5.87,0.51,0.47,6.8,OHLC,↓,LH/LL,DT,False,262,4,universe
FTS,2026-09-16,53.85,0.8,False,55.41,-0.115,-0.66,True,95.4,0.11,95.3,True,1.49,0.91,36.2,1.4,D 趨勢弱,False,5:17,158.6,跌,38.0,4,True,0.0,-0.0997,-0.1,-0.3153,True,True,-2.9,-1.94,55.67,-3.38,-2.26,38.9,OHLC,↓,LH/LL,DT,False,262,4,universe
RVT,2026-09-16,17.47,0.3,False,18.49,-0.044,-0.3,True,94.5,0.05,94.4,True,1.73,0.92,33.5,1.4,D 趨勢弱,True,8:49,264.6,跌,145.0,19,True,0.0,-0.1386,-0.1445,-0.1445,True,False,-5.85,-3.37,18.66,-6.81,-3.93,3.1,OHLC,↓,LH/LL,DT,False,262,4,universe
ACP,2026-09-16,4.65,0.09,False,4.87,-0.015,-2.25,True,92.5,0.0,92.5,True,1.92,1.23,7.6,1.5,D 趨勢弱,True,8:12,246.1,跌,87.0,9,True,0.0,-0.0439,-0.0458,-0.0458,True,False,-4.67,-2.43,5.12,-10.11,-5.25,3.7,OHLC,↓,LH/LL,DT,False,262,4,universe
DOC,2026-09-16,20.35,0.39,False,20.97,-0.056,-0.77,True,92.2,0.33,91.9,True,1.94,1.29,51.6,2.2,C 基底修復,True,8:49,264.6,跌,128.0,11,True,0.0,-0.0539,-0.0692,-0.2453,True,False,-3.06,-1.58,21.28,-4.57,-2.36,85.2,OHLC,↓,LH/LL,DT,False,262,4,universe
CWT,2026-09-16,48.05,0.98,False,49.81,-0.038,-0.36,True,91.7,0.29,91.4,True,2.04,1.31,39.0,2.9,C 基底修復,True,8:49,264.6,跌,567.0,39,True,0.0,-0.2656,-0.2757,-0.3644,True,False,-3.67,-1.8,50.85,-5.83,-2.85,24.5,OHLC,↓,LH/LL,DT,False,262,4,universe
MSEX,2026-09-16,56.31,1.23,False,58.03,-0.011,-0.03,True,91.3,0.33,91.0,True,2.18,1.27,49.2,2.8,C 基底修復,True,8:49,264.6,跌,346.0,16,True,0.0,-0.3273,-0.3396,-0.3396,True,False,-3.05,-1.4,58.93,-4.65,-2.14,6.3,OHLC,—,LH/LL,自然回檔,False,262,4,universe
AQN,2026-09-16,5.32,0.11,False,5.62,-0.014,-1.2,True,90.5,0.38,90.2,True,2.06,1.56,7.0,2.0,D 趨勢弱,True,8:49,264.6,跌,225.0,18,True,0.0,-0.036,-0.0386,-0.0386,True,False,-5.68,-2.76,5.73,-7.71,-3.75,22.3,OHLC,↓,LH/LL,DT,False,262,4,universe
MSA,2026-09-16,179.82,3.81,False,189.11,-0.418,-0.15,True,90.2,0.15,90.1,True,2.12,1.57,44.2,1.0,C 基底修復,True,8:49,264.6,跌,317.0,23,True,0.0,-1.4826,-1.5528,-1.5528,True,False,-5.17,-2.44,190.83,-6.12,-2.89,38.5,OHLC,↓,LH/LL,DT,False,262,4,universe
ADAM,2026-09-16,8.97,0.21,False,9.71,-0.025,0.06,True,89.5,0.19,89.3,True,2.31,1.54,35.9,-10.6,D 趨勢弱,True,8:49,264.6,跌,131.0,17,True,0.0,-0.1143,-0.1185,-0.1185,True,False,-8.28,-3.58,9.1,-1.45,-0.63,7.1,OHLC,—,LH/LL,自然回檔,False,262,4,universe
SBUX,2026-09-16,97.34,2.44,False,104.52,-0.361,-0.51,True,89.3,0.15,89.1,True,2.51,1.39,30.8,0.9,C 基底修復,True,8:49,264.6,跌,123.0,12,True,0.0,-1.0162,-1.0737,-1.0737,True,False,-7.37,-2.94,105.85,-8.74,-3.48,595.2,OHLC,↓,LH/LL,DT,False,262,4,universe
HSY,2026-09-16,170.79,3.87,False,179.48,-0.127,-0.27,True,89.0,0.38,88.6,True,2.27,1.7,19.3,1.8,D 趨勢弱,True,8:49,264.6,跌,105.0,14,True,0.0,-0.8926,-0.9627,-1.5522,True,False,-5.09,-2.24,174.72,-2.3,-1.01,207.2,OHLC,↓,LH/LL,DT,False,262,4,universe
ALX,2026-09-16,246.29,6.11,False,265.16,-0.836,-0.52,True,88.6,0.18,88.4,True,2.48,1.57,19.3,1.4,C 基底修復,True,8:49,264.6,跌,131.0,11,True,0.0,-2.1874,-2.2461,-3.0829,True,False,-7.66,-3.09,,,,9.7,OHLC,—,HH/HL,DT,False,262,4,universe
CHE,2026-09-16,509.91,13.93,False,529.93,-1.166,-0.28,True,88.0,0.21,87.8,True,2.73,1.43,59.6,2.8,C 基底修復,True,8:49,264.6,跌,276.0,26,True,0.0,-2.7304,-2.9588,-4.793,True,False,-3.93,-1.44,530.18,-3.98,-1.46,69.7,OHLC,—,LH/LL,DT,True,262,4,universe
MTX,2026-09-16,68.92,1.84,False,71.89,-0.286,-0.84,True,87.7,0.37,87.3,True,2.67,1.57,31.1,3.2,C 基底修復,True,7:09,214.4,跌,69.0,7,True,0.0,-0.1965,-0.2739,-0.382,True,False,-4.31,-1.62,72.29,-4.89,-1.83,12.0,OHLC,↓,LH/LL,DT,False,262,4,universe
TR,2026-09-16,37.96,0.97,False,39.93,-0.043,-0.16,True,87.7,0.6,87.1,True,2.55,1.69,20.3,2.4,D 趨勢弱,True,8:41,260.5,跌,95.0,12,True,0.0,-0.2766,-0.292,-0.3899,True,False,-5.19,-2.04,39.45,-3.93,-1.54,5.3,OHLC,—,LH/LL,自然回檔,False,262,4,universe
GEF,2026-09-16,82.9,2.2,False,85.33,-0.287,-0.46,False,87.4,-0.27,87.6,True,2.66,1.64,58.7,13.4,A 待突破,True,8:49,264.6,跌,163.0,25,True,0.0,-0.5299,-0.6433,-1.0361,True,True,-2.93,-1.1,85.57,-3.22,-1.21,26.6,OHLC,↓,LH/LL,DT,False,262,4,universe
HASI,2026-09-16,36.4,1.06,False,39.62,-0.064,-0.14,True,86.5,0.11,86.4,True,2.91,1.57,19.7,-0.4,D 趨勢弱,True,8:49,264.6,跌,107.0,18,True,0.0,-0.4087,-0.4138,-0.4138,True,False,-8.85,-3.04,40.27,-10.63,-3.65,38.9,OHLC,↓,LH/LL,DT,False,262,4,universe
HEI/A,2026-09-16,222.37,6.68,False,249.84,-1.904,-1.0,True,86.4,0.34,86.0,True,3.01,1.49,8.3,-0.0,D 趨勢弱,True,8:49,264.6,跌,208.0,20,True,0.0,-2.3227,-2.3796,-3.2172,True,False,-12.36,-4.11,,,,67.3,OHLC,—,HH/HL,DT,False,262,4,universe
SFD,2026-09-16,19.95,0.55,False,22.21,-0.155,-1.62,True,86.4,0.25,86.1,True,2.76,1.74,3.2,0.0,D 趨勢弱,True,6:10,184.9,跌,53.0,6,True,0.0,-0.0961,-0.0962,-0.417,True,False,-11.31,-4.1,22.4,-12.28,-4.45,34.1,OHLC,↓,LH/LL,DT,False,262,4,universe
AXTA,2026-09-16,33.29,0.86,False,35.93,-0.164,-0.59,True,86.3,0.19,86.1,True,2.57,1.95,39.0,2.9,C 基底修復,True,8:49,264.6,跌,157.0,22,True,0.0,-0.3687,-0.3779,-0.3779,True,False,-7.92,-3.08,36.27,-8.95,-3.48,55.4,OHLC,↓,LH/LL,DT,False,262,4,universe
EQIX,2026-09-16,1016.16,28.91,False,1050.5,-0.355,-0.06,True,85.8,0.5,85.3,True,2.85,1.78,50.9,2.1,C 基底修復,True,6:59,209.4,跌,66.0,13,True,0.0,-4.5613,-5.2955,-6.6056,True,False,-3.38,-1.19,1043.06,-2.65,-0.93,528.7,OHLC,—,LH/LL,DT,True,262,4,universe
HEI,2026-09-16,299.43,9.21,False,342.39,-1.892,-0.89,True,85.8,0.19,85.6,True,3.07,1.55,8.4,0.5,D 趨勢弱,True,8:49,264.6,跌,193.0,20,True,0.0,-3.2454,-3.5132,-4.9152,True,False,-14.35,-4.67,351.59,-17.42,-5.67,158.3,OHLC,↓,LH/LL,DT,False,262,4,universe
EPAC,2026-09-16,35.84,0.9,False,36.63,-0.078,-0.33,False,85.3,-0.79,86.1,True,2.51,2.21,26.6,4.8,D 趨勢弱,True,8:49,264.6,跌,241.0,21,True,0.0,-0.2692,-0.3554,-0.3554,True,True,-2.19,-0.87,37.34,-4.19,-1.67,13.1,OHLC,↓,LH/LL,自然反彈,False,262,4,universe
MKC,2026-09-16,50.06,1.41,False,53.29,-0.056,-0.07,True,85.0,0.07,85.0,True,2.82,1.95,7.8,1.6,D 趨勢弱,True,8:49,264.6,跌,124.0,14,True,0.0,-0.5289,-0.5621,-0.5621,True,False,-6.44,-2.29,50.9,-1.68,-0.6,133.3,OHLC,—,HH/HL,DT,False,262,4,universe
BKE,2026-09-16,40.06,1.2,False,43.1,-0.207,-0.71,True,84.5,0.46,84.0,True,2.99,1.89,7.8,2.9,D 趨勢弱,True,8:49,264.6,跌,249.0,23,True,0.0,-0.3117,-0.3477,-0.3477,True,False,-7.6,-2.55,42.69,-6.57,-2.2,19.5,OHLC,↓,LH/LL,DT,False,262,4,universe
ASGI,2026-09-16,20.53,0.6,False,22.68,-0.208,-1.72,True,84.2,0.66,83.5,True,2.93,2.0,8.0,0.1,D 趨勢弱,True,8:49,264.6,跌,133.0,15,True,0.0,-0.2995,-0.3155,-0.324,True,False,-10.49,-3.58,22.54,-9.79,-3.34,5.7,OHLC,↓,LH/LL,自然反彈,False,262,4,universe
RCL,2026-09-16,253.92,7.74,False,282.63,-2.672,-1.68,True,83.9,0.2,83.7,True,3.05,1.95,5.0,0.0,D 趨勢弱,True,8:49,264.6,跌,253.0,26,True,0.0,-1.491,-1.9295,-4.1654,True,False,-11.31,-3.71,282.26,-11.16,-3.66,472.2,OHLC,↓,LH/LL,DT,False,262,4,universe
CR,2026-09-16,197.25,6.11,False,209.18,-0.955,-0.43,True,83.8,0.22,83.6,True,3.1,1.91,40.7,11.2,C 基底修復,True,8:49,264.6,跌,589.0,52,True,0.0,-0.4655,-0.5444,-1.9197,True,False,-6.05,-1.95,201.82,-2.32,-0.75,77.9,OHLC,↓,LH/LL,DT,False,262,4,universe
DLR,2026-09-16,181.07,5.2,False,189.64,-0.478,-0.28,True,83.5,0.61,82.9,True,2.87,2.2,40.2,12.5,C 基底修復,True,8:46,263.1,跌,96.0,20,True,0.0,-1.028,-1.0593,-1.5739,True,False,-4.73,-1.65,189.5,-4.66,-1.62,366.9,OHLC,↓,LH/LL,DT,False,262,4,universe
HNI,2026-09-16,46.21,1.33,False,48.31,-0.064,0.36,True,83.2,0.63,82.6,True,2.88,2.24,53.4,-6.4,B 上升結構,True,8:49,264.6,跌,149.0,22,True,0.0,-0.539,-0.5654,-0.5654,True,False,-4.54,-1.57,49.66,-7.47,-2.59,25.0,OHLC,↓,LH/LL,DT,False,262,4,universe
USFD,2026-09-16,92.51,2.99,False,103.72,-0.391,-0.56,True,83.2,0.38,82.8,True,3.24,1.89,27.0,0.6,D 趨勢弱,True,8:49,264.6,跌,137.0,19,True,0.0,-1.7495,-1.8196,-1.8196,True,False,-12.12,-3.74,109.62,-18.5,-5.71,191.7,OHLC,↓,LH/LL,DT,False,262,4,universe
IPAR,2026-09-16,112.64,3.5,False,116.16,-0.694,-0.69,True,82.9,0.45,82.5,True,3.11,2.07,57.4,5.7,C 基底修復,True,8:49,264.6,跌,345.0,40,True,0.0,-0.385,-0.5615,-2.0202,True,False,-3.13,-1.01,113.36,-0.64,-0.21,22.1,OHLC,↓,LH/LL,自然反彈,False,262,4,universe
WDFC,2026-09-16,189.65,5.35,False,214.89,-2.202,-1.37,True,82.7,0.57,82.1,True,2.82,2.4,15.0,0.0,D 趨勢弱,True,8:49,264.6,跌,450.0,45,True,0.0,-1.773,-1.8854,-3.7354,True,False,-13.31,-4.71,218.92,-15.43,-5.47,19.5,OHLC,↓,LH/LL,DT,False,262,4,universe
HALO,2026-09-16,108.44,2.74,True,103.27,0.656,1.12,False,82.0,-0.28,82.3,True,2.53,2.83,82.7,9.0,A 待突破,True,8:49,264.6,跌,116.0,13,True,0.0,-1.0608,-1.1605,-1.1605,True,False,4.76,1.89,106.25,2.02,0.8,162.3,OHLC,—,HH/HL,自然反彈,True,262,4,universe
GRC,2026-09-16,72.17,2.51,False,77.34,-0.542,-0.85,True,80.8,0.25,80.5,True,3.48,2.12,36.8,-7.9,D 趨勢弱,True,8:49,264.6,跌,211.0,24,True,0.0,-0.2595,-0.3109,-0.6794,True,False,-7.16,-2.06,75.49,-4.6,-1.32,10.9,OHLC,↓,LH/LL,DT,False,262,4,universe
JBSS,2026-09-16,68.55,2.34,False,77.28,-0.378,-0.72,True,80.8,0.76,80.0,True,3.42,2.17,16.2,0.2,D 趨勢弱,True,8:49,264.6,跌,159.0,20,True,0.0,-0.2949,-0.3459,-1.1894,True,False,-12.73,-3.73,72.43,-5.66,-1.66,10.1,OHLC,↓,LH/LL,DT,False,262,4,universe
OSK,2026-09-16,145.04,4.84,False,152.74,-0.395,0.19,True,80.5,0.46,80.1,True,3.34,2.3,28.8,1.4,C 基底修復,True,8:49,264.6,跌,128.0,13,True,0.0,-1.4373,-1.5487,-1.5487,True,False,-5.31,-1.59,149.11,-2.81,-0.84,68.5,OHLC,↓,LH/LL,DT,False,262,4,universe
AMRX,2026-09-16,18.08,0.61,False,17.7,-0.044,-0.42,False,80.3,-2.51,82.8,True,3.38,2.31,72.5,23.9,A 待突破,True,8:49,264.6,跌,311.0,33,True,0.0,-0.029,-0.1168,-0.2273,True,True,2.09,0.62,17.22,4.76,1.41,31.2,OHLC,↓,LH/LL,自然反彈,False,262,4,universe
JKHY,2026-09-16,158.98,5.53,False,161.45,-0.098,0.1,False,80.3,-0.33,80.6,True,3.48,2.21,23.5,-4.0,C 基底修復,True,8:16,248.0,跌,88.0,9,True,0.0,-1.6202,-1.7085,-1.7085,True,True,-1.55,-0.45,164.55,-3.5,-1.01,161.9,OHLC,—,LH/LL,次級反彈,False,262,4,universe
PBH,2026-09-16,46.86,1.64,False,51.24,-0.183,-0.46,True,80.2,0.67,79.5,True,3.5,2.2,8.6,2.8,D 趨勢弱,True,6:20,190.2,跌,56.0,7,True,0.0,-0.6138,-0.6483,-0.6483,True,False,-9.34,-2.66,,,,21.3,OHLC,—,HH/HL,DT,False,262,4,universe
HLIO,2026-09-16,67.06,2.51,False,75.43,-0.575,-0.72,True,80.0,0.54,79.4,True,3.74,2.01,13.0,0.4,D 趨勢弱,True,8:49,264.6,跌,171.0,20,True,0.0,-0.3691,-0.4075,-0.698,True,False,-12.48,-3.34,70.66,-5.37,-1.44,20.3,OHLC,↓,LH/LL,DT,False,262,4,universe
POOL,2026-09-16,167.76,5.76,False,186.75,-1.157,-0.77,True,79.9,0.06,79.8,True,3.43,2.33,3.1,2.4,D 趨勢弱,True,8:49,264.6,跌,161.0,22,True,0.0,-1.4569,-1.4671,-3.4563,True,False,-11.32,-3.3,195.99,-16.83,-4.9,108.6,OHLC,↓,LH/LL,DT,False,262,4,universe
DECK,2026-09-16,77.96,2.66,False,87.2,-0.684,-1.35,True,79.7,0.35,79.3,True,3.41,2.39,1.5,1.5,D 趨勢弱,True,8:49,264.6,跌,308.0,40,True,0.0,-0.3196,-0.3385,-0.9693,True,False,-11.85,-3.47,85.81,-10.07,-2.95,233.8,OHLC,↓,LH/LL,DT,False,262,4,universe
NSIT,2026-09-16,165.19,5.61,True,152.23,1.876,1.21,False,79.6,-0.13,79.7,True,3.4,2.42,72.8,-4.3,E 延伸,True,8:49,264.6,跌,222.0,20,True,0.0,-0.1471,-0.3373,-1.3199,True,False,7.84,2.31,160.72,2.71,0.8,40.5,OHLC,↑,HH/HL,自然反彈,False,262,4,universe
DFIN,2026-09-16,48.91,1.62,False,48.47,-0.023,0.0,True,79.4,0.6,78.8,True,3.31,2.54,61.6,12.2,B 上升結構,False,4:45,142.5,跌,29.0,4,True,0.0,-0.0918,-0.1341,-0.5101,True,True,0.89,0.27,47.86,2.15,0.65,10.7,OHLC,—,HH/HL,次級反彈,True,262,4,universe
GVA,2026-09-16,115.8,3.7,False,122.45,-0.285,0.23,True,79.0,0.64,78.3,True,3.19,2.74,16.0,0.7,D 趨勢弱,True,8:49,264.6,跌,113.0,11,True,0.0,-0.3329,-0.4487,-2.0587,True,False,-5.74,-1.8,118.92,-2.69,-0.84,47.8,OHLC,—,LH/LL,DT,True,262,4,universe
TTWO,2026-09-16,211.81,7.96,False,230.56,-0.807,-0.5,True,78.9,0.7,78.2,True,3.76,2.18,11.6,1.9,D 趨勢弱,True,8:49,264.6,跌,183.0,22,True,0.0,-0.4856,-0.5146,-2.869,True,False,-8.85,-2.36,222.91,-5.24,-1.39,566.8,OHLC,—,LH/LL,DT,True,262,4,universe
IMVT,2026-09-16,36.38,1.46,False,40.78,-0.097,-0.23,True,78.7,1.44,77.3,True,4.02,1.96,42.5,-3.3,D 趨勢弱,True,8:41,260.6,跌,95.0,13,True,0.0,-0.6016,-0.6166,-0.6787,True,False,-12.1,-3.01,,,,42.3,OHLC,—,HH/HL,DT,False,262,4,universe
ALGN,2026-09-16,150.45,5.37,False,161.97,-0.932,-0.91,True,78.4,0.64,77.8,True,3.57,2.46,5.1,-6.1,D 趨勢弱,True,8:49,264.6,跌,179.0,21,True,0.0,-0.4149,-0.5861,-1.6623,True,False,-7.66,-2.14,159.86,-6.25,-1.75,128.8,OHLC,↓,LH/LL,自然反彈,False,262,4,universe
RPC,2026-09-16,7.91,0.29,False,8.59,-0.046,-0.42,True,78.0,0.44,77.5,True,3.65,2.48,18.2,0.3,D 趨勢弱,True,8:49,264.6,跌,160.0,26,True,0.0,-0.0733,-0.0774,-0.0881,True,False,-8.61,-2.36,8.11,-2.53,-0.69,3.9,OHLC,↓,LH/LL,自然回檔,False,262,4,universe
SHOO,2026-09-16,41.51,1.54,False,44.82,-0.337,-0.68,True,77.9,0.23,77.7,True,3.71,2.43,38.2,19.8,D 趨勢弱,True,8:49,264.6,跌,181.0,23,True,0.0,-0.2616,-0.3002,-0.7046,True,False,-7.96,-2.15,43.22,-4.12,-1.11,40.1,OHLC,—,LH/LL,次級反彈,False,262,4,universe
ATMU,2026-09-16,44.27,1.62,False,49.03,-0.308,-0.66,True,77.8,0.03,77.8,True,3.66,2.5,1.6,-0.3,D 趨勢弱,True,8:49,264.6,跌,307.0,28,True,0.0,-0.2828,-0.2961,-0.4773,True,False,-10.76,-2.94,48.34,-9.19,-2.51,24.8,OHLC,↓,LH/LL,DT,False,262,4,universe
LPX,2026-09-16,65.36,2.43,False,71.42,-0.486,-0.6,True,76.9,0.32,76.6,True,3.72,2.6,15.4,2.8,D 趨勢弱,True,8:49,264.6,跌,263.0,23,True,0.0,-0.3203,-0.3605,-0.6587,True,False,-9.27,-2.49,67.29,-2.95,-0.79,69.4,OHLC,—,LH/LL,DT,True,262,4,universe
KAI,2026-09-16,270.0,10.9,False,301.63,-1.857,-1.08,True,76.8,0.49,76.3,True,4.04,2.31,1.6,0.8,D 趨勢弱,True,8:49,264.6,跌,233.0,21,True,0.0,-3.5061,-3.9632,-3.9632,True,False,-11.71,-2.9,299.54,-10.94,-2.71,45.9,OHLC,↓,LH/LL,DT,False,262,4,universe
CDNS,2026-09-16,279.9,10.86,False,312.68,-2.134,-0.9,True,76.7,0.75,76.0,True,3.88,2.48,6.5,1.5,D 趨勢弱,True,7:22,220.9,跌,73.0,9,True,0.0,-2.8096,-3.4228,-5.1886,True,False,-11.71,-3.02,347.55,-24.17,-6.23,685.1,OHLC,↓,LH/LL,自然反彈,False,262,4,universe
EE,2026-09-16,37.71,1.58,False,38.15,-0.089,-0.1,True,76.4,0.23,76.2,True,4.18,2.23,45.8,1.2,C 基底修復,False,5:34,166.8,跌,43.0,5,True,0.0,-0.3196,-0.3457,-0.5128,True,True,-1.17,-0.28,36.04,4.43,1.06,15.7,OHLC,↓,LH/LL,自然反彈,False,262,4,universe
SSYS,2026-09-16,7.57,0.28,False,8.15,-0.04,-0.28,True,76.2,0.9,75.3,True,3.76,2.7,0.6,0.6,D 趨勢弱,True,8:49,264.6,跌,144.0,19,True,0.0,-0.0108,-0.0162,-0.1184,True,False,-7.65,-2.03,7.51,0.79,0.21,6.2,OHLC,—,HH/HL,DT,False,262,4,universe
ENS,2026-09-16,171.87,6.3,False,188.04,-0.51,-0.29,True,76.0,0.83,75.2,True,3.67,2.82,16.9,-0.2,D 趨勢弱,True,6:34,196.9,跌,59.0,12,True,0.0,-1.0309,-1.1219,-1.6011,True,False,-9.41,-2.57,194.29,-13.04,-3.56,87.9,OHLC,—,LH/LL,DT,True,262,4,universe
KEYS,2026-09-16,322.04,11.44,False,330.06,-0.784,0.04,True,75.5,0.55,75.0,True,3.55,3.03,52.1,3.9,D 趨勢弱,False,3:54,116.9,跌,15.0,2,True,0.0,-0.5208,-0.6158,-3.5127,True,True,-2.49,-0.7,312.76,2.88,0.81,418.4,OHLC,—,HH/HL,次級反彈,True,262,4,universe
LOAR,2026-09-16,64.67,2.68,False,71.41,-0.353,-0.27,True,75.2,0.09,75.1,True,4.14,2.5,7.4,0.8,D 趨勢弱,True,8:49,264.6,跌,99.0,17,True,0.0,-0.6597,-0.7787,-1.1748,True,False,-10.42,-2.52,66.51,-2.85,-0.69,42.3,OHLC,↓,LH/LL,DT,False,262,4,universe
FOXF,2026-09-16,19.33,0.8,True,20.6,0.004,0.26,True,71.5,0.7,70.8,False,4.14,3.21,42.7,2.2,C 基底修復,True,8:49,264.6,跌,218.0,15,True,0.0,-0.249,-0.2615,-0.2615,True,False,-6.59,-1.59,21.72,-12.39,-2.99,7.4,OHLC,↓,LH/LL,DT,False,262,4,universe
WWW,2026-09-16,19.29,0.8,False,19.8,-0.006,-0.09,True,71.2,0.1,71.1,False,4.17,3.23,35.5,-4.5,D 趨勢弱,True,8:49,264.6,跌,196.0,14,True,0.0,-0.1355,-0.1361,-0.2447,True,True,-2.65,-0.64,19.93,-3.32,-0.8,13.6,OHLC,—,LH/LL,DT,True,262,4,universe
FRPT,2026-09-16,62.03,2.62,True,70.26,0.233,0.27,True,70.8,0.93,69.9,False,4.23,3.25,22.2,-0.4,D 趨勢弱,True,8:49,264.6,跌,114.0,14,True,0.0,-1.457,-1.483,-1.483,True,False,-13.26,-3.14,66.73,-7.58,-1.79,68.9,OHLC,—,HH/HL,DT,False,262,4,universe
BVS,2026-09-16,13.2,0.52,True,14.0,0.009,0.08,True,70.5,0.84,69.6,False,3.95,3.6,64.8,5.2,C 基底修復,True,8:49,264.6,跌,377.0,25,True,0.0,-0.1755,-0.197,-0.1998,True,False,-6.09,-1.54,14.26,-8.03,-2.03,7.1,OHLC,↓,LH/LL,DT,False,262,4,universe
ZYME,2026-09-16,26.24,1.23,True,27.12,0.06,0.29,True,69.6,1.07,68.5,False,4.67,3.04,55.3,0.1,B 上升結構,False,5:43,171.5,跌,45.0,6,True,0.0,-0.4896,-0.4911,-0.4911,True,True,-3.35,-0.72,28.27,-7.74,-1.66,19.9,OHLC,—,HH/HL,DT,False,262,4,universe
AVR,2026-09-16,8.37,0.4,True,8.86,0.012,0.28,True,68.2,1.04,67.2,False,4.82,3.16,48.8,1.1,D 趨勢弱,True,8:40,259.9,跌,94.0,14,True,0.0,-0.0455,-0.0467,-0.2322,True,False,-5.87,-1.22,8.72,-4.18,-0.87,5.6,OHLC,—,LH/LL,自然回檔,True,262,4,universe
IRWD,2026-09-16,4.17,0.19,False,4.23,-0.018,-0.07,True,66.0,1.23,64.8,False,4.54,3.87,67.7,14.2,C 基底修復,True,7:20,220.2,跌,72.0,17,True,0.0,-0.0214,-0.0295,-0.0749,True,True,-1.33,-0.29,4.17,0.0,0.0,6.1,OHLC,↓,LH/LL,自然反彈,False,262,4,universe
MTW,2026-09-16,20.88,0.83,True,19.59,0.11,0.84,True,65.6,0.64,64.9,False,3.98,4.52,75.1,-1.9,B 上升結構,True,8:49,264.6,跌,113.0,16,True,0.0,-0.1454,-0.1558,-0.2406,True,False,6.16,1.55,20.18,3.35,0.84,7.9,OHLC,↑,HH/HL,自然反彈,False,262,4,universe
CLPT,2026-09-16,13.4,0.72,True,14.67,0.252,0.13,True,60.7,1.51,59.1,False,5.38,4.12,28.3,11.2,D 趨勢弱,True,8:44,262.2,跌,96.0,11,True,0.0,-0.171,-0.1975,-0.4934,True,False,-9.44,-1.75,14.6,-8.96,-1.66,7.8,OHLC,↓,LH/LL,DT,False,262,4,universe
PVLA,2026-09-16,151.43,6.83,True,151.45,0.218,0.16,True,60.6,0.8,59.8,False,4.51,5.01,76.3,-7.1,A 待突破,False,5:29,164.5,跌,41.0,6,True,0.0,-0.4147,-0.4296,-1.9346,True,True,-0.01,-0.0,152.22,-0.52,-0.12,30.3,OHLC,—,HH/HL,DT,True,262,4,universe
SLDB,2026-09-16,8.72,0.51,False,9.21,-0.03,0.09,True,59.9,1.09,58.8,False,5.91,3.75,41.1,-2.8,C 基底修復,True,6:19,189.3,跌,55.0,6,True,0.0,-0.1931,-0.2009,-0.3603,True,True,-5.61,-0.95,,,,8.5,OHLC,—,HH/HL,自然反彈,False,262,4,universe
XNCR,2026-09-16,23.71,1.32,True,25.39,0.058,0.4,True,58.8,1.96,56.9,False,5.58,4.3,66.0,-0.9,B 上升結構,True,8:49,264.6,跌,122.0,12,True,0.0,-0.7098,-0.7225,-0.7225,True,False,-7.07,-1.27,28.98,-22.23,-3.98,33.5,OHLC,↓,LH/LL,DT,False,262,4,universe
RCKT,2026-09-16,3.48,0.22,True,3.57,0.001,0.14,True,58.7,1.18,57.5,False,6.33,3.6,18.5,-10.6,D 趨勢弱,False,5:32,165.9,跌,42.0,5,True,0.0,-0.0433,-0.0479,-0.0831,True,True,-2.51,-0.4,3.34,4.02,0.64,5.3,OHLC,↑,HH/HL,次級反彈,False,262,4,universe
TNXP,2026-09-16,11.76,0.68,True,12.77,0.022,0.41,True,58.7,1.41,57.3,False,5.82,4.09,17.9,1.5,D 趨勢弱,True,6:44,202.0,跌,62.0,8,True,0.0,-0.2631,-0.2702,-0.2702,True,False,-8.55,-1.47,,,,5.1,OHLC,—,HH/HL,DT,False,262,4,universe
PBF,2026-09-16,75.93,4.45,True,71.77,0.405,0.38,True,57.5,0.47,57.0,False,5.86,4.32,77.0,3.8,B 上升結構,False,5:09,154.5,跌,36.0,3,True,0.0,-0.3877,-0.4343,-1.0895,True,True,5.48,0.94,71.85,5.37,0.92,247.2,OHLC,↑,HH/HL,UT,False,262,4,universe
LUNR,2026-09-16,13.87,1.0,True,16.59,0.096,0.41,True,49.9,1.13,48.8,False,7.21,4.75,20.3,-0.5,D 趨勢弱,True,8:34,257.1,跌,93.0,13,True,0.0,-0.1744,-0.1887,-0.2753,True,False,-19.6,-2.72,15.68,-13.05,-1.81,86.8,OHLC,↓,LH/LL,DT,False,262,4,universe
LITE,2026-09-16,919.4,68.6,True,893.26,2.863,0.48,True,43.4,1.2,42.2,False,7.46,6.27,75.6,10.3,B 上升結構,False,5:15,157.5,跌,38.0,3,True,0.0,-6.4185,-9.1652,-11.5408,True,True,2.84,0.38,895.0,2.65,0.36,3760.8,OHLC,—,HH/HL,自然反彈,False,262,4,universe
QMCO,2026-09-16,23.83,1.82,True,21.09,0.236,0.67,True,36.9,1.31,35.6,False,7.66,8.21,80.4,7.9,B 上升結構,True,8:49,264.6,跌,130.0,13,True,0.0,-0.4464,-0.4772,-0.4772,True,False,11.5,1.5,23.03,3.36,0.44,24.6,OHLC,—,HH/HL,自然反彈,True,262,4,universe
AXTI,2026-09-16,64.3,7.25,True,71.93,0.221,0.38,True,25.0,1.64,23.3,False,11.27,10.1,59.0,15.1,D 趨勢弱,True,8:49,264.6,跌,142.0,17,True,0.0,-0.2763,-0.6269,-2.4073,True,False,-11.87,-1.05,60.61,5.74,0.51,542.1,OHLC,↓,LH/LL,自然反彈,False,262,4,universe
XOS,2026-09-16,2.51,0.31,True,3.85,0.004,0.01,True,19.8,0.65,19.1,False,12.17,12.87,36.4,0.2,E 延伸,True,6:45,202.5,跌,62.0,11,True,0.0,-0.1019,-0.1034,-0.1034,True,False,-53.39,-4.39,3.04,-21.12,-1.74,4.3,OHLC,—,LH/LL,DT,True,262,4,universe
FSCO,2026-09-16,5.24,0.07,True,5.14,0.01,0.6,True,96.0,0.02,96.0,True,1.4,0.83,33.3,-0.6,D 趨勢弱,False,5:40,170.0,跌,44.0,4,False,1.0,-0.0063,-0.0063,-0.0066,False,True,1.83,1.3,5.13,2.1,1.5,4.4,OHLC,↑,HH/HL,UT,False,262,4,universe
GOOD,2026-09-16,12.67,0.23,True,12.91,0.016,0.19,False,92.4,-0.43,92.8,True,1.82,1.37,55.8,-2.0,C 基底修復,True,8:49,264.6,跌,114.0,13,False,1.0,-0.0472,-0.0431,-0.0785,False,True,-1.93,-1.06,,,,4.3,OHLC,—,HH/HL,DT,False,262,4,universe
INGR,2026-09-16,98.48,1.94,False,103.3,-0.106,-0.06,True,92.4,0.12,92.2,True,1.97,1.23,12.1,0.6,D 趨勢弱,True,8:48,264.2,跌,97.0,15,True,1.0,-0.6228,-0.6339,-0.6673,True,False,-4.89,-2.48,102.24,-3.82,-1.94,55.9,OHLC,—,LH/LL,自然回檔,False,262,4,universe
ACEL,2026-09-16,11.51,0.24,False,11.96,-0.019,-0.35,True,91.3,0.21,91.1,True,2.1,1.34,22.1,1.3,D 趨勢弱,True,8:49,264.6,跌,135.0,20,True,1.0,-0.0096,-0.0103,-0.0874,True,False,-3.88,-1.85,11.88,-3.21,-1.53,3.3,OHLC,—,LH/LL,DT,True,262,4,universe
CGBD,2026-09-16,11.39,0.24,True,11.34,0.03,0.65,False,90.0,-0.03,90.0,True,2.1,1.64,39.9,-1.4,D 趨勢弱,True,6:34,197.2,跌,60.0,8,False,1.0,-0.0573,-0.0568,-0.0612,False,True,0.46,0.22,12.1,-6.23,-2.96,5.3,OHLC,—,LH/LL,自然回檔,False,262,4,universe
FELE,2026-09-16,96.1,2.13,False,101.8,-0.808,-1.13,True,89.9,0.04,89.9,True,2.21,1.55,20.8,1.7,D 趨勢弱,True,8:49,264.6,跌,274.0,24,True,1.0,-0.3044,-0.3496,-0.7481,True,False,-5.93,-2.68,99.76,-3.81,-1.72,21.1,OHLC,—,LH/LL,DT,True,262,4,universe
TRS,2026-09-16,39.07,0.97,False,39.35,-0.078,-0.07,True,89.0,0.17,88.8,True,2.48,1.48,49.1,1.4,C 基底修復,True,9:35,287.3,升,10.0,1,False,1.0,0.0225,-0.0275,,False,True,-0.71,-0.29,38.31,1.95,0.79,13.5,OHLC,—,HH/HL,自然反彈,True,262,4,universe
DD,2026-09-16,127.57,3.44,False,136.87,-0.402,-0.53,True,88.0,0.0,88.0,True,2.7,1.47,26.9,-3.6,D 趨勢弱,True,8:49,264.6,跌,233.0,21,True,1.0,-0.6156,-0.8199,-1.0861,True,False,-7.29,-2.7,138.8,-8.8,-3.26,150.3,OHLC,↓,LH/LL,自然反彈,False,262,4,universe
WKC,2026-09-16,35.47,0.94,False,36.11,-0.183,-0.92,True,87.4,0.15,87.2,True,2.66,1.64,66.4,1.1,C 基底修復,True,9:27,283.3,升,7.0,1,False,1.0,0.0063,-0.0164,,False,True,-1.81,-0.68,34.89,1.64,0.61,32.3,OHLC,—,HH/HL,DT,True,262,4,universe
SSD,2026-09-16,172.17,4.41,False,184.51,-1.243,-0.93,True,87.1,0.1,87.0,True,2.56,1.78,12.1,-1.6,D 趨勢弱,True,8:49,264.6,跌,221.0,21,True,1.0,-0.6589,-0.7885,-1.4814,True,False,-7.17,-2.8,180.97,-5.11,-2.0,44.0,OHLC,↓,LH/LL,DT,False,262,4,universe
PPG,2026-09-16,104.98,2.78,False,111.93,-0.438,-0.51,True,86.1,0.07,86.1,True,2.65,1.9,15.6,0.6,D 趨勢弱,True,8:49,264.6,跌,97.0,12,True,1.0,-0.6238,-0.6991,-0.7384,True,False,-6.62,-2.5,112.53,-7.19,-2.72,148.9,OHLC,↓,LH/LL,DT,False,262,4,universe
CNQ,2026-09-16,50.07,1.35,True,49.56,0.15,0.63,False,85.7,-0.92,86.6,True,2.69,1.96,67.4,7.5,A 待突破,True,7:09,214.4,跌,69.0,8,False,1.0,-0.2332,-0.1737,-0.2332,False,True,1.02,0.38,50.07,0.0,0.0,354.8,OHLC,—,HH/HL,自然回檔,True,262,4,universe
KNTK,2026-09-16,53.84,1.55,True,53.4,0.194,0.54,False,85.4,-0.58,86.0,True,2.89,1.81,68.4,-0.8,A 待突破,True,8:49,264.6,跌,108.0,10,False,1.0,-0.2179,-0.1657,-0.2961,False,True,0.82,0.29,53.81,0.06,0.02,58.2,OHLC,—,HH/HL,次級回檔,True,262,4,universe
RS,2026-09-16,394.3,11.41,False,401.23,-0.65,-0.18,True,85.4,0.13,85.3,True,2.89,1.79,57.3,0.7,C 基底修復,False,4:28,134.0,跌,24.0,3,True,1.0,-0.0514,-0.3546,-5.8201,True,True,-1.76,-0.61,380.1,3.6,1.25,135.1,OHLC,—,HH/HL,自然反彈,True,262,4,universe
ASH,2026-09-16,70.48,2.05,False,73.31,-0.053,-0.14,True,85.0,0.12,84.8,True,2.9,1.88,61.4,9.8,C 基底修復,True,8:49,264.6,跌,204.0,23,True,1.0,-0.5864,-0.6442,-0.6667,True,False,-4.02,-1.38,76.02,-7.86,-2.71,40.6,OHLC,↓,LH/LL,DT,False,262,4,universe
KFY,2026-09-16,77.43,2.24,False,82.54,-0.179,-0.54,True,84.3,0.93,83.4,True,2.9,2.01,43.0,-0.1,C 基底修復,True,8:49,264.6,跌,360.0,27,True,1.0,-1.0371,-1.0735,-1.0873,True,False,-6.61,-2.28,76.63,1.03,0.36,35.2,OHLC,—,HH/HL,DT,False,262,4,universe
CZFS,2026-09-16,81.33,2.37,True,81.71,0.022,0.26,False,83.9,-0.58,84.5,True,2.91,2.09,73.0,-1.8,A 待突破,True,8:49,264.6,跌,211.0,20,False,1.0,-0.2367,-0.1383,-0.5478,False,True,-0.47,-0.16,81.0,0.41,0.14,3.1,OHLC,—,HH/HL,自然回檔,True,262,4,universe
KWR,2026-09-16,153.99,5.0,False,164.57,-0.381,-0.16,True,82.6,0.12,82.4,True,3.25,2.0,38.3,-1.0,C 基底修復,True,8:49,264.6,跌,216.0,21,True,1.0,-1.278,-1.3873,-1.5224,True,False,-6.87,-2.12,165.91,-7.74,-2.38,22.4,OHLC,↓,LH/LL,DT,False,262,4,universe
MLI,2026-09-16,60.54,1.8,False,63.59,-0.277,-0.78,True,82.5,0.53,82.0,True,2.97,2.29,21.5,-1.0,C 基底修復,True,8:49,264.6,跌,162.0,23,True,1.0,-0.2646,-0.2994,-0.7775,True,False,-5.04,-1.7,64.13,-5.93,-2.0,83.4,OHLC,↓,LH/LL,DT,False,262,4,universe
IRM,2026-09-16,112.15,3.83,False,119.34,-0.506,-0.51,True,82.2,0.46,81.7,True,3.42,1.9,38.9,-0.6,D 趨勢弱,True,8:49,264.6,跌,175.0,19,True,1.0,-0.3652,-0.4227,-1.2626,True,False,-6.41,-1.88,116.86,-4.2,-1.23,175.2,OHLC,↓,LH/LL,自然回檔,False,262,4,universe
APG,2026-09-16,36.76,1.34,False,40.23,-0.145,-0.27,True,81.8,0.17,81.7,True,3.64,1.75,0.4,-0.2,D 趨勢弱,True,8:49,264.6,跌,157.0,18,True,1.0,-0.3462,-0.3584,-0.3991,True,False,-9.45,-2.6,39.93,-8.62,-2.37,119.2,OHLC,↓,LH/LL,DT,False,262,4,universe
DNOW,2026-09-16,15.6,0.5,True,15.98,0.037,0.51,False,81.6,-1.34,83.0,True,3.19,2.24,60.3,-9.2,A 待突破,True,8:49,264.6,跌,137.0,19,False,1.0,-0.0941,-0.0828,-0.1131,False,True,-2.42,-0.76,15.6,-0.03,-0.01,33.7,OHLC,↑,HH/HL,次級回檔,False,262,4,universe
LECO,2026-09-16,255.3,8.49,False,276.0,-0.641,-0.05,True,81.3,0.43,80.9,True,3.33,2.16,16.3,1.3,D 趨勢弱,True,8:49,264.6,跌,120.0,13,True,1.0,-3.432,-3.8705,-4.0677,True,False,-8.11,-2.44,279.98,-9.67,-2.91,111.5,OHLC,—,LH/LL,自然回檔,False,262,4,universe
GEO,2026-09-16,31.43,1.14,False,31.36,-0.0,0.04,False,81.2,-0.02,81.3,True,3.64,1.86,76.0,-0.3,A 待突破,True,8:41,260.3,跌,95.0,11,True,1.0,-0.1027,-0.1236,-0.2097,True,True,0.22,0.06,30.53,2.86,0.79,70.3,OHLC,—,HH/HL,自然回檔,True,262,4,universe
PR,2026-09-16,22.95,0.75,True,22.76,0.105,0.64,False,81.0,-3.74,84.8,True,3.27,2.27,63.6,-5.8,A 待突破,True,6:32,195.9,跌,59.0,8,False,1.0,-0.106,-0.0272,-0.106,False,True,0.84,0.26,24.04,-4.75,-1.45,232.2,OHLC,—,LH/LL,自然回檔,False,262,4,universe
WMS,2026-09-16,126.84,4.19,False,139.22,-0.873,-0.68,True,80.7,0.31,80.4,True,3.31,2.31,0.7,0.7,D 趨勢弱,True,8:49,264.6,跌,155.0,19,True,1.0,-0.8266,-0.9767,-1.5624,True,False,-9.76,-2.95,135.69,-6.98,-2.11,81.9,OHLC,↓,LH/LL,DT,False,262,4,universe
FSS,2026-09-16,115.33,3.59,False,120.65,-0.985,-0.55,True,80.6,0.39,80.2,True,3.11,2.52,29.6,3.0,D 趨勢弱,True,8:49,264.6,跌,233.0,23,True,1.0,-0.3699,-0.5689,-1.2375,True,False,-4.61,-1.48,120.88,-4.81,-1.55,40.9,OHLC,↓,LH/LL,DT,False,262,4,universe
BGS,2026-09-16,3.14,0.11,False,3.42,-0.012,-0.66,True,80.5,0.3,80.2,True,3.42,2.22,6.0,3.7,D 趨勢弱,True,8:49,264.6,跌,102.0,8,True,1.0,-0.0201,-0.0217,-0.0259,True,False,-8.84,-2.58,3.52,-12.1,-3.54,6.1,OHLC,↓,LH/LL,DT,False,262,4,universe
AVNT,2026-09-16,40.93,1.23,True,43.59,0.066,0.47,False,79.7,-0.1,79.8,True,3.01,2.8,58.6,2.0,B 上升結構,True,8:49,264.6,跌,223.0,17,True,1.0,-0.53,-0.5589,-0.5694,True,False,-6.5,-2.16,43.59,-6.5,-2.16,28.5,OHLC,↓,LH/LL,DT,False,262,4,universe
DOW,2026-09-16,30.08,1.06,False,30.51,-0.004,-0.08,False,79.7,-0.07,79.7,True,3.51,2.29,18.4,-9.6,C 基底修復,True,8:31,255.3,跌,92.0,15,True,1.0,-0.0804,-0.1471,-0.2147,True,True,-1.42,-0.4,31.28,-3.99,-1.14,264.6,OHLC,↓,LH/LL,自然反彈,False,262,4,universe
WLK,2026-09-16,70.66,2.54,False,76.13,-0.329,0.1,True,78.5,0.46,78.0,True,3.59,2.44,15.3,2.3,D 趨勢弱,True,8:49,264.6,跌,175.0,16,True,1.0,-0.517,-0.619,-0.6483,True,False,-7.74,-2.16,76.27,-7.94,-2.21,48.7,OHLC,↓,LH/LL,自然反彈,False,262,4,universe
APOG,2026-09-16,37.69,1.16,False,40.07,-0.219,-0.58,True,77.9,0.71,77.2,True,3.08,3.06,13.4,1.9,D 趨勢弱,True,8:49,264.6,跌,173.0,21,True,1.0,-0.1824,-0.2401,-0.5086,True,False,-6.32,-2.05,39.45,-4.67,-1.52,8.3,OHLC,↓,LH/LL,DT,False,262,4,universe
DAR,2026-09-16,65.56,2.5,True,64.59,0.16,0.41,True,77.9,0.24,77.6,True,3.81,2.33,82.5,-4.3,A 待突破,False,4:53,146.5,跌,31.0,4,False,1.0,-0.1935,-0.1568,-0.5265,False,True,1.48,0.39,65.19,0.56,0.15,175.6,OHLC,—,HH/HL,自然反彈,True,262,4,universe
SXI,2026-09-16,259.28,9.71,False,299.18,-2.692,-0.57,True,77.0,0.73,76.2,True,3.74,2.57,7.7,0.3,D 趨勢弱,True,8:49,264.6,跌,151.0,20,True,1.0,-2.8611,-3.4323,-4.5949,True,False,-15.39,-4.11,259.19,0.03,0.01,31.5,OHLC,↓,LH/LL,DT,False,262,4,universe
MTUS,2026-09-16,19.28,0.76,False,20.25,-0.08,-0.23,True,76.1,0.45,75.7,True,3.97,2.5,47.5,0.1,D 趨勢弱,True,8:49,264.6,跌,152.0,21,True,1.0,-0.0267,-0.0512,-0.357,True,False,-5.01,-1.26,19.69,-2.13,-0.54,6.3,OHLC,—,LH/LL,次級反彈,True,262,4,universe
VEEV,2026-09-16,264.9,9.66,True,257.16,1.473,0.95,True,74.8,0.49,74.3,False,3.65,3.07,59.1,-2.5,B 上升結構,True,8:49,264.6,跌,104.0,7,False,1.0,-3.2543,-3.2348,-3.3088,False,True,2.92,0.8,260.8,1.55,0.42,466.1,OHLC,↑,HH/HL,自然反彈,False,262,4,universe
FLOC,2026-09-16,20.45,0.94,True,21.73,0.048,-0.06,True,70.9,0.59,70.3,False,4.62,2.84,9.8,0.3,D 趨勢弱,True,8:49,264.6,跌,145.0,16,True,1.0,-0.1528,-0.1784,-0.2185,True,False,-6.27,-1.36,20.71,-1.27,-0.28,11.2,OHLC,↓,LH/LL,自然反彈,False,262,4,universe
FET,2026-09-16,81.62,3.64,True,80.11,0.565,1.14,False,66.1,-0.27,66.4,False,4.46,3.92,69.4,-3.2,A 待突破,True,8:49,264.6,跌,215.0,18,True,1.0,-0.6742,-0.6947,-1.3724,True,True,1.85,0.42,79.86,2.16,0.48,15.3,OHLC,—,HH/HL,自然回檔,True,262,4,universe
IMRX,2026-09-16,4.45,0.23,True,4.84,0.002,0.07,True,65.5,1.11,64.4,False,5.12,3.4,0.2,-2.5,D 趨勢弱,True,8:49,264.6,跌,109.0,12,True,1.0,-0.0812,-0.0927,-0.102,True,False,-8.73,-1.71,5.11,-14.72,-2.88,3.0,OHLC,—,LH/LL,UT,False,262,4,universe
ANAB,2026-09-16,54.31,2.49,False,56.65,-0.01,0.14,True,65.3,0.97,64.3,False,4.58,3.96,51.9,6.0,C 基底修復,True,8:49,264.6,跌,123.0,12,True,1.0,-0.2901,-0.308,-1.6746,True,True,-4.32,-0.94,57.46,-5.8,-1.27,24.8,OHLC,↓,LH/LL,DT,False,262,4,universe
LRMR,2026-09-16,3.93,0.21,False,4.08,-0.008,0.03,True,59.2,0.75,58.4,False,5.43,4.38,26.0,1.3,D 趨勢弱,True,8:49,264.6,跌,178.0,20,True,1.0,-0.0142,-0.0218,-0.0561,True,True,-3.72,-0.68,3.94,-0.25,-0.05,3.8,OHLC,—,LH/LL,自然反彈,True,262,4,universe
CADL,2026-09-16,11.02,0.76,True,11.93,0.018,0.09,True,54.7,0.95,53.7,False,6.88,3.93,48.7,-4.7,C 基底修復,True,8:49,264.6,跌,99.0,10,True,1.0,-0.3486,-0.3722,-0.3942,True,False,-8.24,-1.2,9.86,10.57,1.54,13.8,OHLC,—,HH/HL,自然反彈,False,262,4,universe
SENS,2026-09-16,9.06,0.51,True,8.41,0.077,0.78,True,54.1,0.7,53.4,False,5.62,5.32,53.2,1.6,B 上升結構,True,7:10,215.2,跌,70.0,8,True,1.0,-0.1932,-0.2119,-0.2155,True,False,7.15,1.27,8.45,6.73,1.2,5.7,OHLC,—,HH/HL,自然反彈,False,262,4,universe
RCEL,2026-09-16,10.45,0.6,True,8.47,0.057,0.39,True,42.9,0.5,42.4,False,5.75,8.13,66.4,-3.3,E 延伸,True,8:49,264.6,跌,110.0,11,True,1.0,-0.2147,-0.235,-0.2379,True,False,18.96,3.3,10.07,3.64,0.63,3.2,OHLC,↑,HH/HL,UT,False,262,4,universe
REPL,2026-09-16,12.96,0.94,True,14.05,0.076,1.79,True,28.7,0.6,28.1,False,7.24,12.1,67.2,1.3,B 上升結構,True,8:48,263.8,跌,97.0,12,True,1.0,-0.4581,-0.473,-0.7159,True,False,-8.4,-1.16,12.4,4.32,0.6,30.3,OHLC,—,HH/HL,DT,False,262,4,universe
MSDL,2026-09-16,14.72,0.25,False,15.22,-0.013,-0.01,True,93.4,0.14,93.3,True,1.71,1.22,15.6,0.0,D 趨勢弱,True,8:49,264.6,跌,193.0,14,True,2.0,-0.0581,-0.0659,-0.087,True,False,-3.37,-1.96,15.46,-4.99,-2.91,6.0,OHLC,↓,LH/LL,DT,False,262,4,universe
CNO,2026-09-16,55.55,1.08,True,55.02,0.022,0.1,False,92.9,-0.27,93.1,True,1.94,1.13,73.7,-1.2,A 待突破,False,4:57,148.3,跌,32.0,5,True,2.0,-0.0303,-0.0303,-0.3262,True,True,0.95,0.49,54.45,1.98,1.02,54.7,OHLC,—,HH/HL,自然回檔,True,262,4,universe
MFIC,2026-09-16,9.05,0.18,False,9.59,-0.018,-0.4,True,92.0,0.19,91.9,True,2.01,1.26,18.3,0.5,D 趨勢弱,True,7:48,234.0,跌,80.0,9,True,2.0,-0.0558,-0.063,-0.0717,True,False,-6.01,-2.98,9.01,0.44,0.22,4.4,OHLC,—,HH/HL,DT,False,262,4,universe
CL,2026-09-16,87.02,1.75,False,90.41,-0.205,-0.43,True,91.7,0.28,91.4,True,2.01,1.35,24.7,2.0,D 趨勢弱,True,8:49,264.6,跌,153.0,23,True,2.0,-0.2823,-0.3109,-0.4014,True,False,-3.9,-1.94,90.54,-4.05,-2.01,382.9,OHLC,↓,LH/LL,DT,False,262,4,universe
OCSL,2026-09-16,12.43,0.24,True,12.84,0.013,0.31,True,91.5,0.1,91.4,True,1.94,1.47,46.5,0.9,C 基底修復,True,8:49,264.6,跌,165.0,14,False,2.0,-0.1055,-0.104,-0.1055,False,False,-3.33,-1.72,12.8,-2.98,-1.54,5.9,OHLC,—,LH/LL,自然回檔,False,262,4,universe
CHD,2026-09-16,95.51,1.93,False,99.22,-0.244,-0.44,True,91.3,0.34,90.9,True,2.03,1.43,37.4,15.0,C 基底修復,True,8:49,264.6,跌,274.0,12,True,2.0,-0.5429,-0.6988,-0.8335,True,False,-3.89,-1.92,99.12,-3.78,-1.87,175.5,OHLC,↓,LH/LL,DT,False,262,4,universe
KVUE,2026-09-16,17.83,0.36,False,18.65,-0.044,-1.15,True,91.3,0.13,91.2,True,2.04,1.41,23.9,1.1,C 基底修復,True,8:49,264.6,跌,106.0,12,True,2.0,-0.1118,-0.1257,-0.1566,True,False,-4.6,-2.26,19.13,-7.29,-3.58,481.2,OHLC,↓,LH/LL,DT,False,262,4,universe
HMN,2026-09-16,49.37,1.16,False,51.1,-0.126,-0.51,True,89.9,0.1,89.8,True,2.35,1.4,39.9,1.9,C 基底修復,True,6:14,186.9,跌,54.0,7,True,2.0,-0.1593,-0.1762,-0.3727,True,False,-3.5,-1.49,51.9,-5.12,-2.18,12.2,OHLC,↓,LH/LL,自然反彈,False,262,4,universe
PSTL,2026-09-16,24.01,0.59,True,23.32,0.062,0.21,False,89.8,-0.28,90.0,True,2.46,1.33,66.7,-1.1,A 待突破,True,9:49,294.6,升,14.0,2,False,2.0,0.0391,0.0148,,False,True,2.89,1.17,23.15,3.58,1.45,8.3,OHLC,↑,HH/HL,UT,False,262,4,universe
CME,2026-09-16,272.46,5.81,True,274.36,0.447,0.37,False,89.6,-0.12,89.7,True,2.13,1.69,38.9,-0.2,C 基底修復,True,7:16,218.0,跌,71.0,8,False,2.0,-1.631,-1.3999,-1.631,False,True,-0.7,-0.33,280.46,-2.94,-1.38,517.3,OHLC,—,LH/LL,自然回檔,False,262,4,universe
COR,2026-09-16,318.5,7.17,True,322.23,0.951,0.29,False,88.9,-0.02,88.9,True,2.25,1.73,40.0,-9.4,C 基底修復,True,7:58,239.0,跌,83.0,6,False,2.0,-1.5476,-1.2223,-1.5476,False,True,-1.17,-0.52,321.23,-0.86,-0.38,360.0,OHLC,↑,HH/HL,自然回檔,False,262,4,universe
CPAY,2026-09-16,402.27,9.07,True,407.75,0.786,0.48,False,88.7,-0.11,88.8,True,2.25,1.76,75.6,-4.1,A 待突破,True,8:49,264.6,跌,130.0,20,False,2.0,-2.0977,-1.7319,-2.6222,False,True,-1.36,-0.6,416.13,-3.45,-1.53,165.4,OHLC,—,LH/LL,自然回檔,False,262,4,universe
MMSI,2026-09-16,86.14,2.11,True,89.17,0.164,0.64,False,88.6,-0.06,88.7,True,2.45,1.58,66.4,0.9,A 待突破,True,8:49,264.6,跌,167.0,21,True,2.0,-0.889,-0.9411,-1.045,True,False,-3.52,-1.44,92.0,-6.8,-2.78,53.1,OHLC,↓,LH/LL,DT,False,262,4,universe
TCBX,2026-09-16,44.3,1.07,True,45.01,0.024,0.21,False,88.6,-0.99,89.5,True,2.41,1.64,59.5,-2.7,C 基底修復,True,8:49,264.6,跌,187.0,20,False,2.0,-0.1561,-0.1021,-0.3056,False,True,-1.61,-0.67,46.14,-4.15,-1.72,4.5,OHLC,—,LH/LL,自然回檔,False,262,4,universe
EW,2026-09-16,89.28,2.28,False,89.68,-0.063,0.01,False,88.4,-0.67,89.0,True,2.56,1.54,62.5,18.3,C 基底修復,True,8:49,264.6,跌,97.0,18,True,2.0,-0.3389,-0.6453,-1.1408,True,True,-0.45,-0.18,85.88,3.81,1.49,266.6,OHLC,—,HH/HL,自然反彈,False,262,4,universe
ITIC,2026-09-16,299.43,7.78,True,293.82,0.212,0.15,False,88.3,-0.26,88.6,True,2.6,1.5,68.1,0.1,A 待突破,True,8:41,260.3,跌,95.0,11,False,2.0,-0.2153,-0.1026,-1.9785,False,True,1.87,0.72,299.59,-0.05,-0.02,22.6,OHLC,—,LH/LL,自然反彈,True,262,4,universe
MDT,2026-09-16,92.6,2.3,True,91.62,0.239,0.49,False,88.0,-0.13,88.1,True,2.48,1.68,41.5,-0.5,C 基底修復,True,8:49,264.6,跌,156.0,15,False,2.0,-0.2001,-0.1742,-0.3946,False,True,1.06,0.43,90.96,1.77,0.71,754.6,OHLC,—,HH/HL,自然反彈,True,262,4,universe
KMB,2026-09-16,98.1,2.44,False,105.21,-0.535,-1.32,True,87.7,0.24,87.4,True,2.49,1.74,12.8,1.2,D 趨勢弱,True,8:49,264.6,跌,128.0,13,True,2.0,-1.0056,-1.1115,-1.3186,True,False,-7.25,-2.91,109.29,-11.41,-4.58,430.2,OHLC,↓,LH/LL,DT,False,262,4,universe
STE,2026-09-16,209.9,5.39,False,228.59,-0.725,-0.64,True,87.4,0.05,87.3,True,2.57,1.73,18.2,1.1,D 趨勢弱,True,8:49,264.6,跌,298.0,22,True,2.0,-2.5449,-2.7542,-3.1416,True,False,-8.9,-3.47,221.13,-5.35,-2.08,125.9,OHLC,↓,LH/LL,DT,False,262,4,universe
LHX,2026-09-16,250.74,6.13,False,267.75,-1.005,-0.97,True,87.0,0.57,86.4,True,2.45,1.94,5.1,4.5,D 趨勢弱,True,8:49,264.6,跌,162.0,21,True,2.0,-0.3113,-0.6994,-2.3914,True,False,-6.78,-2.77,269.5,-7.48,-3.06,403.3,OHLC,↓,LH/LL,自然反彈,False,262,4,universe
IMO,2026-09-16,130.3,3.55,True,131.87,0.242,0.26,False,86.9,-1.58,88.5,True,2.73,1.66,58.0,-11.0,A 待突破,True,8:49,264.6,跌,98.0,15,False,2.0,-0.3671,-0.2529,-0.8156,False,True,-1.2,-0.44,128.62,1.29,0.47,78.6,OHLC,—,HH/HL,次級回檔,True,262,4,universe
REGN,2026-09-16,774.61,19.46,True,807.12,1.442,0.75,True,86.8,0.56,86.2,True,2.51,1.9,64.6,-0.5,A 待突破,True,8:49,264.6,跌,130.0,15,False,2.0,-10.1122,-9.9478,-10.1122,False,False,-4.2,-1.67,,,,472.4,OHLC,—,HH/HL,DT,False,262,4,universe
ABT,2026-09-16,102.36,2.57,False,109.48,-0.021,-0.17,True,86.2,0.35,85.9,True,2.51,2.01,22.7,6.0,C 基底修復,True,8:49,264.6,跌,115.0,14,True,2.0,-1.3502,-1.4884,-1.6482,True,False,-6.96,-2.77,113.91,-11.28,-4.49,781.3,OHLC,↓,LH/LL,DT,False,262,4,universe
SOLV,2026-09-16,88.83,2.38,True,88.41,0.082,0.15,False,85.8,-0.42,86.2,True,2.68,1.94,78.3,-2.5,A 待突破,True,8:49,264.6,跌,100.0,10,False,2.0,-0.559,-0.5469,-0.7118,False,True,0.47,0.18,87.45,1.55,0.58,78.6,OHLC,↑,HH/HL,UT,False,262,4,universe
IDXX,2026-09-16,513.62,14.79,False,551.17,-5.243,-0.79,True,85.5,0.54,84.9,True,2.88,1.8,19.1,1.4,D 趨勢弱,True,8:49,264.6,跌,202.0,23,True,2.0,-2.6945,-3.6061,-4.8224,True,False,-7.31,-2.54,561.24,-9.27,-3.22,246.3,OHLC,↓,LH/LL,DT,False,262,4,universe
CNNE,2026-09-16,15.18,0.45,True,15.28,0.01,0.19,True,85.1,0.1,85.0,True,2.94,1.81,50.7,2.4,C 基底修復,False,5:25,162.4,跌,40.0,5,False,2.0,-0.0617,-0.0407,-0.0617,False,True,-0.66,-0.22,15.18,0.0,0.0,7.2,OHLC,↑,HH/HL,自然回檔,False,262,4,universe
ZTS,2026-09-16,73.0,2.07,False,75.07,-0.078,-0.25,True,84.8,0.76,84.1,True,2.83,1.98,25.0,0.4,D 趨勢弱,False,5:40,170.0,跌,44.0,7,True,2.0,-0.3079,-0.3234,-0.4071,True,True,-2.84,-1.0,74.82,-2.49,-0.88,332.7,OHLC,—,LH/LL,次級回檔,False,262,4,universe
GEN,2026-09-16,30.65,0.89,True,29.54,0.094,0.51,True,84.1,0.43,83.6,True,2.89,2.07,56.5,-4.2,E 延伸,True,6:26,192.9,跌,57.0,6,False,2.0,-0.0396,-0.0131,-0.1902,False,False,3.63,1.26,30.02,2.06,0.71,177.8,OHLC,—,HH/HL,自然回檔,True,262,4,universe
CWST,2026-09-16,90.06,2.77,False,91.54,-0.012,0.05,True,84.0,0.07,83.9,True,3.08,1.9,34.9,-0.6,C 基底修復,True,6:28,194.1,跌,58.0,6,False,2.0,-0.3822,-0.3783,-1.2631,False,True,-1.64,-0.53,92.52,-2.73,-0.89,38.5,OHLC,↓,LH/LL,DT,False,262,4,universe
GEHC,2026-09-16,63.49,1.67,False,70.13,-0.23,-0.53,True,83.7,0.21,83.5,True,2.63,2.4,12.7,0.8,D 趨勢弱,True,8:49,264.6,跌,162.0,16,True,2.0,-0.987,-1.07,-1.2343,True,False,-10.46,-3.98,68.02,-7.13,-2.72,180.1,OHLC,—,HH/HL,DT,False,262,4,universe
CVCO,2026-09-16,537.15,17.11,False,571.12,-0.413,-0.09,True,83.3,0.29,83.0,True,3.19,1.93,22.0,1.3,D 趨勢弱,True,8:49,264.6,跌,145.0,18,True,2.0,-2.998,-3.8409,-5.3524,True,False,-6.32,-1.99,566.19,-5.41,-1.7,49.7,OHLC,↓,LH/LL,自然反彈,False,262,4,universe
KNSL,2026-09-16,360.75,10.18,True,374.76,0.48,0.17,False,82.8,-0.08,82.9,True,2.82,2.39,38.7,-10.5,C 基底修復,True,8:49,264.6,跌,196.0,14,True,2.0,-2.7165,-2.7418,-3.7906,True,False,-3.88,-1.38,369.2,-2.34,-0.83,65.2,OHLC,↓,LH/LL,自然回檔,False,262,4,universe
CHH,2026-09-16,98.19,3.2,False,104.04,-0.538,-0.8,True,82.6,0.89,81.7,True,3.26,1.98,16.8,0.6,D 趨勢弱,True,8:49,264.6,跌,110.0,12,True,2.0,-0.458,-0.6461,-0.9602,True,False,-5.95,-1.83,100.62,-2.47,-0.76,50.7,OHLC,—,LH/LL,DT,True,262,4,universe
SWK,2026-09-16,89.05,2.73,False,97.53,-0.505,-0.31,True,82.5,0.3,82.2,True,3.07,2.19,37.2,3.0,D 趨勢弱,True,8:49,264.6,跌,298.0,22,True,2.0,-1.1134,-1.2499,-1.3075,True,False,-9.53,-3.1,89.25,-0.22,-0.07,141.5,OHLC,↓,LH/LL,DT,False,262,4,universe
AON,2026-09-16,300.57,9.2,False,327.66,-3.267,-1.91,True,82.4,0.18,82.2,True,3.06,2.23,8.9,0.3,D 趨勢弱,True,8:49,264.6,跌,394.0,33,True,2.0,-2.8419,-3.0557,-4.3365,True,False,-9.01,-2.94,311.54,-3.65,-1.19,481.3,OHLC,↓,LH/LL,DT,False,262,4,universe
CRAI,2026-09-16,164.37,5.76,False,170.94,-0.587,-0.57,True,80.5,0.19,80.3,True,3.51,2.14,31.0,1.8,D 趨勢弱,True,8:49,264.6,跌,333.0,30,True,2.0,-1.0156,-1.1233,-2.2685,True,False,-4.0,-1.14,170.2,-3.55,-1.01,18.9,OHLC,—,LH/LL,自然反彈,True,262,4,universe
PNR,2026-09-16,56.46,1.74,False,62.21,-0.268,-0.77,True,79.6,0.0,79.6,True,3.09,2.72,13.1,2.6,D 趨勢弱,True,8:49,264.6,跌,192.0,19,True,2.0,-0.2251,-0.2982,-1.5714,True,False,-10.18,-3.29,55.99,0.83,0.27,218.5,OHLC,—,HH/HL,DT,False,262,4,universe
CPB,2026-09-16,21.39,0.74,False,22.5,-0.041,-0.28,True,79.5,0.84,78.7,True,3.46,2.37,9.3,2.1,D 趨勢弱,True,8:16,248.0,跌,88.0,9,True,2.0,-0.2112,-0.2528,-0.3182,True,False,-5.17,-1.5,21.88,-2.29,-0.66,189.9,OHLC,↓,LH/LL,自然反彈,False,262,4,universe
UBER,2026-09-16,70.97,2.38,False,74.43,-0.01,-0.04,True,79.0,0.45,78.6,True,3.35,2.57,9.6,0.6,D 趨勢弱,True,8:49,264.6,跌,120.0,12,True,2.0,-0.7312,-0.751,-0.8536,True,False,-4.88,-1.46,72.63,-2.34,-0.7,1234.2,OHLC,↓,LH/LL,DT,False,262,4,universe
SPOT,2026-09-16,547.43,19.72,True,525.16,4.869,0.45,False,78.6,-0.31,78.9,True,3.6,2.41,44.7,-3.1,C 基底修復,True,8:48,263.8,跌,97.0,7,True,2.0,-0.8138,-0.8833,-4.0197,True,False,4.07,1.13,527.25,3.69,1.02,832.6,OHLC,↑,HH/HL,UT,False,262,4,universe
AII,2026-09-16,26.16,0.92,True,25.08,0.127,0.89,True,78.3,0.5,77.8,True,3.53,2.53,69.5,8.9,A 待突破,True,8:22,251.2,跌,90.0,11,False,2.0,-0.2206,-0.2196,-0.2627,False,False,4.13,1.17,26.2,-0.15,-0.04,5.2,OHLC,—,LH/LL,自然反彈,True,262,4,universe
BAX,2026-09-16,23.53,0.82,False,26.0,-0.259,-0.84,True,78.3,0.12,78.1,True,3.5,2.57,47.3,0.7,C 基底修復,True,8:49,264.6,跌,230.0,23,True,2.0,-0.3335,-0.3495,-0.371,True,False,-10.51,-3.0,26.56,-12.88,-3.68,117.8,OHLC,↓,LH/LL,DT,False,262,4,universe
PSKY,2026-09-16,11.14,0.41,True,10.26,0.136,1.4,True,78.2,0.35,77.8,True,3.69,2.4,35.8,1.2,D 趨勢弱,False,5:51,175.5,跌,48.0,6,True,2.0,-0.0219,-0.0412,-0.1075,True,False,7.81,2.12,10.55,5.25,1.42,119.8,OHLC,↑,HH/HL,UT,False,262,4,universe
DT,2026-09-16,55.19,1.88,True,50.94,0.287,0.56,True,77.6,0.51,77.1,True,3.41,2.78,54.1,-12.9,E 延伸,True,9:25,282.6,升,7.0,1,False,2.0,0.1015,-0.0137,,False,False,7.7,2.26,50.86,7.85,2.3,333.5,OHLC,↑,HH/HL,UT,False,262,4,universe
BSX,2026-09-16,43.91,1.73,False,48.05,-0.22,-0.24,True,77.1,0.77,76.4,True,3.94,2.34,0.4,0.4,D 趨勢弱,True,8:49,264.6,跌,186.0,17,True,2.0,-0.4817,-0.5505,-0.7453,True,False,-9.44,-2.39,45.05,-2.6,-0.66,938.4,OHLC,↓,LH/LL,自然回檔,False,262,4,universe
BMI,2026-09-16,127.5,4.18,False,131.9,-0.502,-0.35,True,77.0,0.72,76.3,True,3.27,3.03,24.1,2.7,D 趨勢弱,True,6:52,205.9,跌,64.0,7,True,2.0,-0.5894,-0.7613,-2.9685,True,False,-3.45,-1.05,130.77,-2.56,-0.78,38.9,OHLC,↓,LH/LL,DT,False,262,4,universe
CBLL,2026-09-16,24.5,0.94,True,23.02,0.205,1.04,False,75.2,-1.12,76.4,True,3.84,2.79,88.4,9.6,A 待突破,True,7:20,220.0,跌,72.0,13,True,2.0,-0.1607,-0.164,-0.368,True,False,6.05,1.57,23.43,4.37,1.14,7.9,OHLC,↑,HH/HL,自然回檔,False,262,4,universe
RYAN,2026-09-16,40.29,1.61,False,41.89,-0.21,-0.91,True,75.0,0.57,74.4,False,4.0,2.69,24.1,3.6,D 趨勢弱,True,8:49,264.6,跌,294.0,29,True,2.0,-0.3392,-0.4705,-0.612,True,True,-3.97,-0.99,42.34,-5.09,-1.27,63.4,OHLC,↓,LH/LL,自然反彈,False,262,4,universe
FIVE,2026-09-16,237.68,10.31,True,244.85,0.312,0.36,True,74.4,0.61,73.8,False,4.34,2.46,62.3,2.7,A 待突破,True,8:49,264.6,跌,109.0,13,False,2.0,-2.5687,-2.338,-2.5687,False,True,-3.02,-0.7,246.84,-3.85,-0.89,303.1,OHLC,—,LH/LL,自然回檔,False,262,4,universe
TYL,2026-09-16,346.44,13.97,True,350.47,1.337,0.41,True,74.0,0.12,73.8,False,4.03,2.85,26.9,-0.9,D 趨勢弱,True,7:36,228.1,跌,77.0,7,False,2.0,-3.4517,-3.3648,-4.8763,False,True,-1.16,-0.29,359.54,-3.78,-0.94,335.9,OHLC,—,LH/LL,次級回檔,False,262,4,universe
BILL,2026-09-16,49.0,1.94,True,48.69,0.04,0.19,False,73.9,-0.2,74.0,False,3.95,2.95,65.0,-3.1,B 上升結構,True,8:49,264.6,跌,211.0,22,True,2.0,-0.1403,-0.1517,-0.4754,True,True,0.63,0.16,47.62,2.82,0.71,104.7,OHLC,—,HH/HL,UT,True,262,4,universe
PAYC,2026-09-16,227.59,8.17,True,221.03,2.155,1.3,False,71.6,-0.0,71.6,False,3.59,3.74,70.9,-1.8,A 待突破,True,8:49,264.6,跌,132.0,13,True,2.0,-3.44,-3.9815,-4.9629,True,True,2.88,0.8,215.58,5.28,1.47,155.4,OHLC,↑,HH/HL,UT,False,262,4,universe
AMN,2026-09-16,34.92,1.44,True,33.92,0.078,0.02,True,69.9,0.51,69.4,False,4.11,3.53,90.3,6.6,A 待突破,True,9:38,289.2,升,11.0,1,False,2.0,0.0238,-0.0522,,False,True,2.85,0.69,33.91,2.89,0.7,19.9,OHLC,↑,HH/HL,UT,False,262,4,universe
FDS,2026-09-16,276.41,12.33,True,289.29,0.165,-0.07,True,69.3,0.87,68.4,False,4.46,3.3,44.4,-8.2,C 基底修復,True,7:52,236.1,跌,81.0,8,True,2.0,-4.5344,-5.1384,-6.4308,True,False,-4.66,-1.04,255.87,7.43,1.67,259.3,OHLC,—,HH/HL,自然反彈,False,262,4,universe
IART,2026-09-16,16.06,0.7,False,16.71,-0.102,-0.65,True,69.1,0.8,68.3,False,4.35,3.45,40.1,6.7,C 基底修復,True,8:49,264.6,跌,408.0,42,True,2.0,-0.0486,-0.0882,-0.3559,True,True,-4.07,-0.94,17.33,-7.91,-1.82,12.1,OHLC,↓,LH/LL,自然反彈,False,262,4,universe
PODD,2026-09-16,140.6,5.74,False,141.62,-0.804,-0.7,True,69.0,0.57,68.5,False,4.09,3.73,14.4,2.2,D 趨勢弱,True,6:42,201.2,跌,62.0,6,True,2.0,-0.2806,-0.5962,-3.3056,True,True,-0.73,-0.18,146.44,-4.15,-1.02,246.6,OHLC,↓,LH/LL,自然反彈,False,262,4,universe
HNGE,2026-09-16,93.73,4.47,True,89.13,0.573,0.48,True,68.9,0.57,68.4,False,4.76,3.07,73.8,-1.3,A 待突破,True,8:21,250.5,跌,89.0,11,True,2.0,-0.1109,-0.2087,-2.5599,True,False,4.91,1.03,87.35,6.81,1.43,177.4,OHLC,—,HH/HL,次級回檔,True,262,4,universe
NSP,2026-09-16,51.49,2.41,False,51.41,-0.07,-0.25,True,68.9,0.54,68.4,False,4.68,3.16,80.1,-0.8,A 待突破,True,8:49,264.6,跌,324.0,33,True,2.0,-0.1942,-0.2764,-0.6189,True,True,0.15,0.03,50.61,1.71,0.36,16.6,OHLC,—,HH/HL,次級反彈,True,262,4,universe
MGTX,2026-09-16,12.76,0.6,True,13.71,0.001,0.14,True,68.5,0.89,67.6,False,4.72,3.2,28.8,-1.7,C 基底修復,True,8:49,264.6,跌,116.0,12,True,2.0,-0.2154,-0.2281,-0.2611,True,False,-7.48,-1.59,14.19,-11.21,-2.38,9.6,OHLC,↓,LH/LL,DT,False,181,4,universe
PRGS,2026-09-16,41.85,1.91,True,43.42,0.058,0.13,False,67.5,-0.44,67.9,False,4.56,3.56,56.2,-5.5,B 上升結構,True,8:49,264.6,跌,293.0,22,True,2.0,-0.3707,-0.3811,-0.7326,True,True,-3.76,-0.82,43.56,-4.09,-0.9,20.3,OHLC,↓,LH/LL,自然回檔,False,262,4,universe
MITK,2026-09-16,17.7,0.84,True,18.31,0.006,0.08,False,67.2,-0.32,67.5,False,4.77,3.41,60.6,1.3,C 基底修復,True,8:49,264.6,跌,99.0,11,True,2.0,-0.0718,-0.0835,-0.4502,True,True,-3.44,-0.72,18.88,-6.67,-1.4,11.2,OHLC,↓,LH/LL,自然反彈,False,262,4,universe
TRI,2026-09-16,101.31,4.47,False,103.34,-0.319,-0.07,True,67.2,0.71,66.4,False,4.41,3.78,48.9,-1.4,D 趨勢弱,True,6:16,188.2,跌,55.0,8,True,2.0,-0.7095,-0.7865,-1.5766,True,True,-2.01,-0.46,105.82,-4.45,-1.01,147.2,OHLC,↓,LH/LL,自然回檔,False,262,4,universe
RWT,2026-09-16,3.89,0.2,False,3.89,-0.006,-3.76,True,66.9,0.83,66.0,False,5.1,3.14,0.0,0.0,D 趨勢弱,True,8:49,264.6,跌,105.0,13,True,2.0,-0.0654,-0.0797,-0.1022,True,True,0.03,0.0,4.51,-15.94,-3.12,23.4,OHLC,↓,LH/LL,自然反彈,False,262,4,universe
INTA,2026-09-16,37.0,1.78,True,39.59,0.329,0.73,True,65.8,0.52,65.3,False,4.82,3.63,62.0,2.1,C 基底修復,True,8:49,264.6,跌,152.0,17,True,2.0,-0.9588,-0.9699,-0.9869,True,False,-6.99,-1.45,37.98,-2.65,-0.55,22.5,OHLC,↓,LH/LL,DT,False,262,4,universe
MASS,2026-09-16,9.92,0.51,True,10.09,0.049,0.57,False,65.6,-0.31,65.9,False,5.11,3.38,77.5,-3.8,B 上升結構,True,8:49,264.6,跌,114.0,11,True,2.0,-0.1411,-0.1666,-0.2234,True,True,-1.7,-0.33,9.32,6.05,1.18,4.0,OHLC,↑,HH/HL,UT,False,262,4,universe
NOW,2026-09-16,139.82,6.57,True,131.58,0.747,0.77,True,65.5,0.51,65.0,False,4.7,3.81,44.0,-1.3,E 延伸,True,6:22,190.8,跌,56.0,7,True,2.0,-0.639,-0.6761,-1.4944,True,False,5.89,1.25,136.72,2.22,0.47,2262.3,OHLC,—,HH/HL,自然反彈,False,262,4,universe
MBX,2026-09-16,61.57,3.08,False,64.61,-0.547,-0.38,True,64.7,0.23,64.5,False,5.01,3.66,62.5,1.6,C 基底修復,True,8:49,264.6,跌,205.0,45,True,2.0,-0.4518,-0.6155,-1.2497,True,True,-4.94,-0.99,62.99,-2.31,-0.46,25.8,OHLC,—,LH/LL,自然反彈,True,262,4,universe
AXGN,2026-09-16,45.44,2.47,False,46.6,-0.035,-0.22,True,63.8,0.4,63.4,False,5.45,3.4,62.9,11.1,B 上升結構,True,8:05,242.3,跌,85.0,11,True,2.0,-0.7157,-0.8929,-1.1182,True,True,-2.55,-0.47,48.28,-6.25,-1.15,55.4,OHLC,↓,LH/LL,自然反彈,False,262,4,universe
SWIM,2026-09-16,6.29,0.32,True,7.02,0.031,0.19,True,61.5,0.46,61.0,False,5.14,4.19,26.2,2.9,D 趨勢弱,True,8:49,264.6,跌,138.0,18,True,2.0,-0.1122,-0.1198,-0.1253,True,False,-11.57,-2.25,7.1,-12.88,-2.51,4.9,OHLC,↓,LH/LL,DT,False,262,4,universe
FIVN,2026-09-16,34.08,1.71,True,32.3,0.227,0.94,True,61.2,0.67,60.5,False,5.02,4.38,75.4,-4.7,B 上升結構,True,8:49,264.6,跌,220.0,19,True,2.0,-0.2399,-0.4204,-0.6676,True,False,5.21,1.04,34.57,-1.44,-0.29,56.3,OHLC,↓,LH/LL,自然反彈,False,262,4,universe
MNTN,2026-09-16,11.53,0.62,True,12.11,0.124,0.6,True,59.9,0.05,59.9,False,5.36,4.3,51.1,-1.8,D 趨勢弱,True,8:30,255.0,跌,92.0,11,False,2.0,-0.2596,-0.2534,-0.2697,False,True,-5.03,-0.94,11.96,-3.73,-0.7,8.6,OHLC,↓,LH/LL,DT,False,262,4,universe
CELH,2026-09-16,28.25,1.48,False,28.99,-0.013,-0.09,True,58.8,1.04,57.8,False,5.24,4.66,19.3,-0.7,D 趨勢弱,True,8:49,264.6,跌,97.0,10,True,2.0,-0.5042,-0.6022,-0.7418,True,True,-2.63,-0.5,27.63,2.19,0.42,224.4,OHLC,—,HH/HL,次級反彈,False,262,4,universe
PGY,2026-09-16,21.64,1.24,False,21.4,-0.071,0.52,True,58.6,0.88,57.7,False,5.72,4.22,61.6,-1.0,D 趨勢弱,True,8:49,264.6,跌,139.0,12,True,2.0,-0.2248,-0.281,-0.3458,True,True,1.1,0.19,21.49,0.69,0.12,46.1,OHLC,↓,LH/LL,自然反彈,False,262,4,universe
HNST,2026-09-16,5.34,0.27,True,5.36,0.024,0.41,True,58.3,0.28,58.0,False,4.98,5.02,63.2,-2.8,B 上升結構,True,7:22,220.9,跌,73.0,6,False,2.0,-0.0871,-0.0792,-0.0871,False,True,-0.33,-0.07,5.63,-5.33,-1.07,12.0,OHLC,—,HH/HL,DT,False,262,4,universe
ORIC,2026-09-16,12.54,0.68,True,13.23,0.05,0.42,True,58.2,0.54,57.6,False,5.41,4.62,57.6,16.1,B 上升結構,True,8:49,264.6,跌,206.0,17,True,2.0,-0.1562,-0.1906,-0.2619,True,False,-5.48,-1.01,12.65,-0.88,-0.16,15.1,OHLC,—,LH/LL,自然回檔,True,262,4,universe
GTM,2026-09-16,4.09,0.23,True,4.02,0.012,0.42,False,57.8,-0.2,58.0,False,5.73,4.38,31.2,-5.1,D 趨勢弱,True,8:49,264.6,跌,105.0,11,True,2.0,-0.0141,-0.0177,-0.06,True,True,1.71,0.3,4.28,-4.77,-0.83,20.1,OHLC,—,LH/LL,自然回檔,False,262,4,universe
FROG,2026-09-16,92.62,5.61,True,91.49,0.212,0.38,False,57.6,-0.16,57.7,False,6.06,4.11,80.0,-2.2,B 上升結構,True,8:03,241.6,跌,84.0,10,True,2.0,-0.1887,-0.3095,-2.3224,True,True,1.22,0.2,89.72,3.13,0.52,178.6,OHLC,—,HH/HL,自然回檔,True,262,4,universe
CNXC,2026-09-16,29.16,1.88,True,27.6,0.181,0.3,True,52.6,0.41,52.2,False,6.45,4.86,25.0,10.0,E 延伸,False,5:07,153.6,跌,35.0,5,True,2.0,-0.2083,-0.2166,-0.2637,True,True,5.35,0.83,27.0,7.41,1.15,38.0,OHLC,↑,HH/HL,UT,False,262,4,universe
TEM,2026-09-16,69.97,4.38,True,62.64,0.595,0.64,True,50.9,1.25,49.7,False,6.26,5.45,47.5,5.5,E 延伸,True,8:49,264.6,跌,140.0,10,True,2.0,-0.0342,-0.4388,-1.8676,True,False,10.48,1.67,66.17,5.43,0.87,595.7,OHLC,↑,HH/HL,UT,False,262,4,universe
ALMR,2026-09-16,29.38,2.05,True,31.91,0.009,-0.0,True,49.1,1.11,48.0,False,6.99,5.18,39.6,20.8,B 上升結構,True,8:49,264.6,跌,117.0,14,True,2.0,-0.4628,-0.5969,-0.7337,True,False,-8.61,-1.23,30.8,-4.83,-0.69,9.2,OHLC,—,LH/LL,自然反彈,True,105,4,universe
OABI,2026-09-16,4.35,0.31,True,4.1,0.016,0.19,True,45.8,0.8,45.0,False,7.02,6.03,57.9,1.1,B 上升結構,False,5:52,176.2,跌,48.0,8,True,2.0,-0.096,-0.1041,-0.1392,True,True,5.73,0.82,4.54,-4.25,-0.61,7.4,OHLC,—,LH/LL,自然回檔,False,262,4,universe
AMLX,2026-09-16,32.63,1.91,True,33.22,0.418,0.84,False,45.6,-0.12,45.7,False,5.86,7.24,64.4,-0.8,E 延伸,True,8:01,240.7,跌,84.0,11,True,2.0,-0.8056,-0.8254,-0.9837,True,True,-1.81,-0.31,32.98,-1.07,-0.18,87.2,OHLC,—,HH/HL,自然回檔,True,262,4,universe
AGEN,2026-09-16,7.21,0.53,False,7.55,-0.042,-0.1,True,33.7,0.8,32.9,False,7.38,9.68,77.1,1.9,B 上升結構,True,8:49,264.6,跌,208.0,27,True,2.0,-0.1649,-0.1868,-0.218,True,True,-4.68,-0.63,8.36,-15.95,-2.16,7.2,OHLC,↓,LH/LL,自然反彈,False,262,4,universe
MRNA,2026-09-16,145.62,11.61,True,140.54,0.503,0.27,True,23.5,0.62,22.9,False,7.97,14.33,65.1,0.6,E 延伸,True,6:09,184.5,跌,52.0,7,False,2.0,-2.7603,-2.7479,-2.7603,False,True,3.49,0.44,145.13,0.34,0.04,5091.9,OHLC,—,LH/LL,次級反彈,True,262,4,universe
FR,2026-09-16,61.41,0.99,False,62.43,-0.205,-0.95,True,94.4,0.1,94.3,True,1.61,1.07,48.2,0.2,C 基底修復,True,9:35,287.3,升,10.0,1,False,3.0,0.0208,-0.0056,,False,True,-1.66,-1.03,61.13,0.46,0.28,48.0,OHLC,—,LH/LL,自然回檔,True,262,4,universe
PG,2026-09-16,147.02,2.45,True,144.95,0.012,0.05,True,93.8,0.25,93.5,True,1.67,1.18,40.0,8.9,D 趨勢弱,False,10:26,312.8,升,24.0,3,False,3.0,0.2571,0.1817,,False,True,1.41,0.85,142.97,2.75,1.65,1337.0,OHLC,↑,HH/HL,次級反彈,False,262,4,universe
V,2026-09-16,370.93,6.01,True,370.53,0.198,0.2,False,93.7,-0.32,94.0,True,1.62,1.25,69.6,-1.3,C 基底修復,True,8:49,264.6,跌,140.0,10,False,3.0,-1.1021,-1.0344,-1.8904,False,True,0.11,0.07,377.17,-1.68,-1.04,2098.2,OHLC,—,LH/LL,UT,False,262,4,universe
AAT,2026-09-16,21.79,0.38,False,22.39,-0.062,-1.0,True,93.5,0.05,93.4,True,1.74,1.19,35.2,2.0,C 基底修復,True,6:39,199.7,跌,61.0,8,False,3.0,-0.0084,-0.0352,-0.2579,True,True,-2.75,-1.58,23.15,-6.24,-3.58,10.0,OHLC,↓,LH/LL,DT,False,262,4,universe
FDUS,2026-09-16,19.25,0.28,False,19.77,-0.026,-0.35,True,93.2,0.08,93.1,True,1.45,1.54,39.6,1.3,C 基底修復,True,8:49,264.6,跌,263.0,27,False,3.0,-0.0474,-0.0439,-0.1076,False,True,-2.72,-1.88,19.9,-3.38,-2.33,6.5,OHLC,↓,LH/LL,DT,False,262,4,universe
ORI,2026-09-16,40.9,0.75,False,42.0,-0.088,-0.64,True,92.7,0.02,92.7,True,1.84,1.26,24.5,0.3,D 趨勢弱,True,8:49,264.6,跌,254.0,29,False,3.0,-0.0908,-0.0984,-0.2591,True,True,-2.7,-1.46,41.85,-2.32,-1.26,45.3,OHLC,↓,LH/LL,DT,False,262,4,universe
AIZ,2026-09-16,283.56,5.23,True,285.73,0.145,0.12,False,92.4,-0.07,92.4,True,1.85,1.35,75.2,0.4,A 待突破,True,8:49,264.6,跌,228.0,26,False,3.0,-0.2441,-0.2654,-1.5337,True,True,-0.77,-0.42,287.71,-1.46,-0.79,88.9,OHLC,—,LH/LL,次級反彈,True,262,4,universe
RGA,2026-09-16,248.09,4.53,True,246.13,0.568,0.41,False,92.4,-0.06,92.5,True,1.82,1.36,79.9,-0.3,A 待突破,True,6:47,203.3,跌,63.0,7,False,3.0,-0.5961,-0.5637,-1.267,False,True,0.79,0.43,244.48,1.46,0.8,72.2,OHLC,↑,HH/HL,自然回檔,False,262,4,universe
ACGL,2026-09-16,96.97,1.89,False,98.14,-0.124,-0.46,True,91.5,0.15,91.3,True,1.95,1.45,40.1,0.9,C 基底修復,True,8:42,261.1,跌,95.0,12,False,3.0,-0.1227,-0.1611,-0.74,True,True,-1.21,-0.62,96.84,0.13,0.07,304.6,OHLC,↓,LH/LL,自然反彈,False,262,4,universe
STRC,2026-09-16,97.07,1.05,True,96.56,0.165,1.29,True,91.4,0.03,91.4,True,1.08,2.33,55.3,-0.4,C 基底修復,False,5:47,173.4,跌,46.0,11,False,3.0,-0.2753,-0.1998,-0.2753,False,True,0.53,0.49,96.5,0.59,0.54,153.1,OHLC,—,HH/HL,UT,True,262,4,universe
BBDC,2026-09-16,8.74,0.17,True,9.19,0.013,0.26,True,90.7,0.24,90.5,True,1.95,1.63,34.6,-1.2,D 趨勢弱,True,8:49,264.6,跌,124.0,14,False,3.0,-0.0779,-0.0871,-0.1067,True,False,-5.14,-2.64,8.69,0.57,0.29,6.1,OHLC,↑,HH/HL,自然回檔,False,262,4,universe
VZ,2026-09-16,49.76,1.0,True,49.17,0.153,0.79,False,90.2,-1.38,91.6,True,2.0,1.69,65.8,-4.9,C 基底修復,True,6:39,199.6,跌,61.0,8,False,3.0,-0.1138,-0.023,-0.1395,False,True,1.19,0.6,49.48,0.56,0.28,909.5,OHLC,↑,HH/HL,自然回檔,False,262,4,universe
J,2026-09-16,143.49,3.25,True,146.55,0.201,0.42,False,89.8,-0.06,89.9,True,2.27,1.52,64.3,-0.9,B 上升結構,True,8:49,264.6,跌,114.0,12,False,3.0,-0.9857,-1.0915,-1.5828,True,True,-2.13,-0.94,142.86,0.44,0.19,110.4,OHLC,↑,HH/HL,UT,False,262,4,universe
ICE,2026-09-16,154.1,3.44,True,156.88,0.211,0.24,False,89.4,-0.43,89.9,True,2.23,1.63,42.7,-9.7,C 基底修復,True,8:49,264.6,跌,105.0,11,False,3.0,-1.1674,-1.0266,-1.1674,False,True,-1.8,-0.81,160.53,-4.17,-1.87,505.6,OHLC,↓,LH/LL,DT,False,262,4,universe
DGX,2026-09-16,247.08,5.56,True,239.37,0.508,0.18,True,89.3,0.29,89.0,True,2.25,1.63,68.7,0.7,A 待突破,True,8:49,264.6,跌,178.0,24,False,3.0,-0.0665,-0.6154,-1.9818,True,False,3.12,1.39,231.14,6.45,2.87,237.5,OHLC,↑,HH/HL,UT,False,262,4,universe
MSI,2026-09-16,460.53,10.28,True,472.65,0.782,0.49,False,89.2,-0.23,89.4,True,2.23,1.68,50.5,-6.2,C 基底修復,True,8:24,252.0,跌,90.0,12,False,3.0,-3.3802,-3.132,-4.5772,False,True,-2.63,-1.18,459.89,0.14,0.06,462.2,OHLC,↑,HH/HL,次級回檔,False,262,4,universe
ALL,2026-09-16,254.85,5.35,False,259.86,-0.144,-0.32,True,89.0,0.0,89.0,True,2.1,1.85,51.9,-10.2,C 基底修復,True,8:49,264.6,跌,339.0,28,False,3.0,-0.4967,-0.4978,-2.2414,True,True,-1.97,-0.94,258.76,-1.53,-0.73,386.5,OHLC,↓,LH/LL,自然反彈,False,262,4,universe
ADP,2026-09-16,273.19,5.96,True,275.6,0.252,0.2,False,88.4,-0.04,88.4,True,2.18,1.91,69.2,-2.5,A 待突破,True,8:49,264.6,跌,147.0,11,False,3.0,-1.6653,-1.8359,-3.0643,True,True,-0.88,-0.41,266.06,2.61,1.2,550.5,OHLC,↑,HH/HL,自然反彈,False,262,4,universe
ALRM,2026-09-16,55.48,1.35,False,56.26,-0.017,0.01,True,88.2,0.35,87.8,True,2.44,1.7,66.0,-0.0,A 待突破,True,8:49,264.6,跌,188.0,25,False,3.0,-0.3154,-0.3571,-0.4144,True,True,-1.4,-0.57,56.73,-2.25,-0.92,21.5,OHLC,—,LH/LL,自然回檔,False,262,4,universe
SHC,2026-09-16,19.33,0.46,True,18.9,0.041,0.32,False,88.2,-0.2,88.4,True,2.37,1.76,81.3,-1.2,A 待突破,True,8:49,264.6,跌,98.0,13,False,3.0,-0.0374,-0.093,-0.1622,True,True,2.2,0.93,18.51,4.24,1.79,37.8,OHLC,↑,HH/HL,UT,False,262,4,universe
EHC,2026-09-16,123.91,2.7,True,121.87,0.509,0.56,False,88.1,-0.06,88.1,True,2.18,1.97,76.3,1.0,A 待突破,True,8:49,264.6,跌,135.0,20,False,3.0,-0.1438,-0.2822,-0.7783,True,True,1.65,0.76,119.57,3.5,1.61,97.9,OHLC,—,HH/HL,UT,True,262,4,universe
T,2026-09-16,25.86,0.61,True,25.14,0.131,0.95,False,87.9,-1.42,89.4,True,2.35,1.83,47.7,-4.0,C 基底修復,True,7:03,211.4,跌,67.0,8,False,3.0,-0.0434,-0.0088,-0.1236,False,True,2.78,1.18,25.52,1.31,0.56,854.7,OHLC,↑,HH/HL,自然回檔,False,262,4,universe
AMT,2026-09-16,176.39,4.22,True,174.31,0.165,0.05,True,87.8,0.06,87.8,True,2.39,1.81,41.2,-11.6,D 趨勢弱,False,3:40,110.0,跌,11.0,1,False,3.0,-0.0056,0.038,-0.3027,False,True,1.18,0.49,172.92,1.97,0.82,361.8,OHLC,—,HH/HL,自然反彈,True,262,4,universe
AVY,2026-09-16,172.28,4.33,False,175.68,-0.004,-0.04,True,87.8,0.28,87.5,True,2.51,1.7,40.5,2.1,D 趨勢弱,True,8:49,264.6,跌,156.0,16,False,3.0,-0.8681,-1.1311,-1.7015,True,True,-1.97,-0.79,166.85,3.15,1.26,186.9,OHLC,—,HH/HL,自然反彈,True,262,4,universe
TMO,2026-09-16,648.43,15.87,True,610.58,3.534,0.65,True,87.2,0.16,87.1,True,2.45,1.88,60.4,-1.3,E 延伸,True,9:23,281.5,升,6.0,1,False,3.0,0.3401,-1.5113,,False,False,5.84,2.38,,,,1200.6,OHLC,—,LH/LL,UT,False,262,4,universe
PAYX,2026-09-16,116.72,2.84,True,121.28,0.016,0.01,True,86.9,0.2,86.7,True,2.44,1.96,46.6,-19.4,C 基底修復,True,8:49,264.6,跌,140.0,11,False,3.0,-1.1441,-1.2322,-1.707,True,False,-3.91,-1.61,127.98,-9.65,-3.96,267.9,OHLC,↓,LH/LL,自然反彈,False,262,4,universe
LAUR,2026-09-16,36.2,0.99,False,37.19,-0.057,-0.33,True,86.6,0.65,86.0,True,2.73,1.72,38.1,1.2,C 基底修復,True,8:49,264.6,跌,98.0,11,False,3.0,-0.1351,-0.1837,-0.5387,True,True,-2.74,-1.0,36.76,-1.55,-0.57,33.2,OHLC,—,LH/LL,DT,True,262,4,universe
DRI,2026-09-16,208.08,5.58,True,216.82,0.19,0.19,True,86.0,0.36,85.7,True,2.68,1.89,42.5,-0.7,C 基底修復,True,8:49,264.6,跌,143.0,15,False,3.0,-1.2426,-1.1409,-1.7262,False,False,-4.2,-1.57,218.57,-5.04,-1.88,207.8,OHLC,↓,LH/LL,DT,False,262,4,universe
UFCS,2026-09-16,54.82,1.55,True,54.26,0.053,0.28,True,85.9,0.26,85.7,True,2.84,1.75,77.4,-2.0,A 待突破,False,3:49,114.6,跌,14.0,2,False,3.0,-0.0541,-0.0252,-0.4852,False,True,1.02,0.36,53.67,2.1,0.74,8.6,OHLC,↑,HH/HL,UT,False,262,4,universe
HSTM,2026-09-16,29.42,0.79,False,28.89,-0.035,0.05,True,84.9,0.35,84.6,True,2.7,2.09,67.5,-3.3,A 待突破,True,7:48,234.0,跌,80.0,7,False,3.0,-0.0048,-0.004,-0.3175,False,True,1.8,0.67,28.67,2.55,0.94,5.9,OHLC,↑,HH/HL,UT,False,262,4,universe
HVT,2026-09-16,27.29,0.76,False,27.98,-0.018,0.18,True,84.8,0.33,84.5,True,2.77,2.04,68.9,0.4,A 待突破,True,8:49,264.6,跌,119.0,20,False,3.0,-0.1041,-0.0939,-0.2533,False,True,-2.54,-0.92,26.99,1.1,0.4,3.3,OHLC,—,HH/HL,DT,True,262,4,universe
CRVL,2026-09-16,71.23,2.14,True,67.43,0.408,0.87,True,84.2,0.44,83.7,True,3.01,1.93,51.4,1.9,B 上升結構,True,9:24,282.2,升,7.0,1,False,3.0,0.0042,-0.0367,,False,False,5.34,1.78,71.33,-0.14,-0.05,13.2,OHLC,—,LH/LL,UT,False,262,4,universe
ODC,2026-09-16,87.74,2.75,False,90.47,-0.375,-0.6,True,83.8,0.25,83.6,True,3.13,1.88,55.9,1.6,C 基底修復,True,7:13,216.6,跌,70.0,8,False,3.0,-0.0587,-0.2249,-1.7553,True,True,-3.11,-0.99,92.19,-5.07,-1.62,9.1,OHLC,↓,LH/LL,自然反彈,False,262,4,universe
KMX,2026-09-16,58.8,1.79,True,60.38,0.061,0.23,False,83.7,-0.12,83.8,True,3.04,1.98,62.3,-12.3,C 基底修復,True,8:08,244.0,跌,86.0,11,False,3.0,-0.5062,-0.4011,-0.5062,False,True,-2.69,-0.89,61.69,-4.91,-1.62,96.0,OHLC,↓,LH/LL,DT,False,262,4,universe
OMC,2026-09-16,79.33,2.37,True,84.13,0.032,0.18,True,82.7,0.44,82.2,True,2.99,2.24,31.9,1.2,C 基底修復,True,8:49,264.6,跌,128.0,13,False,3.0,-0.8044,-0.8844,-1.2123,True,False,-6.05,-2.02,81.07,-2.19,-0.73,188.6,OHLC,↓,LH/LL,自然回檔,False,262,4,universe
KARO,2026-09-16,67.54,1.98,True,64.33,0.039,0.08,True,82.5,0.16,82.3,True,2.92,2.34,71.8,-0.7,E 延伸,True,9:31,285.4,升,9.0,1,False,3.0,0.0547,-0.0322,,False,False,4.76,1.63,63.82,5.51,1.88,3.7,OHLC,↑,HH/HL,UT,False,262,4,universe
IQV,2026-09-16,268.82,7.24,True,254.55,1.655,0.73,True,82.3,0.28,82.0,True,2.69,2.6,62.4,2.4,E 延伸,True,8:49,264.6,跌,116.0,11,False,3.0,-0.9217,-1.1138,-1.8687,True,False,5.31,1.97,256.98,4.4,1.63,365.0,OHLC,↑,HH/HL,UT,False,262,4,universe
HAE,2026-09-16,106.24,2.95,True,99.47,0.891,1.1,True,82.1,0.52,81.6,True,2.78,2.56,73.6,0.0,E 延伸,True,7:14,217.1,跌,71.0,12,False,3.0,-0.6294,-0.7382,-1.2149,True,False,6.37,2.29,107.47,-1.16,-0.42,69.2,OHLC,—,LH/LL,自然反彈,True,262,4,universe
TMUS,2026-09-16,176.26,4.96,True,180.74,0.041,0.18,False,81.9,-1.04,82.9,True,2.81,2.57,22.9,-1.1,D 趨勢弱,True,6:26,192.9,跌,57.0,6,False,3.0,-0.4154,-0.118,-1.458,False,True,-2.54,-0.9,177.21,-0.54,-0.19,705.4,OHLC,—,LH/LL,自然回檔,False,262,4,universe
GLIBK,2026-09-16,24.88,0.86,True,25.51,0.043,0.46,False,81.6,-1.05,82.7,True,3.45,1.98,32.3,1.6,D 趨勢弱,True,8:32,256.2,跌,92.0,14,False,3.0,-0.2095,-0.1649,-0.2095,False,True,-2.53,-0.73,26.37,-5.99,-1.74,7.0,OHLC,↓,LH/LL,DT,False,262,4,universe
TILE,2026-09-16,34.66,1.09,True,37.23,0.051,-0.02,True,81.4,0.73,80.7,True,3.15,2.33,41.4,1.1,C 基底修復,True,8:49,264.6,跌,159.0,15,False,3.0,-0.4556,-0.539,-0.6487,True,False,-7.43,-2.36,37.49,-8.17,-2.6,16.8,OHLC,—,HH/HL,自然反彈,False,262,4,universe
SUPN,2026-09-16,41.38,1.38,True,45.26,0.044,-0.57,True,81.1,0.36,80.7,True,3.35,2.19,10.7,0.2,D 趨勢弱,True,8:49,264.6,跌,170.0,17,False,3.0,-0.2347,-0.2834,-0.4219,True,False,-9.38,-2.8,45.05,-8.87,-2.65,24.4,OHLC,↓,LH/LL,DT,False,262,4,universe
NSSC,2026-09-16,36.33,1.41,False,37.73,-0.103,-0.15,True,80.0,1.12,78.8,True,3.87,1.87,11.6,2.1,D 趨勢弱,True,9:22,281.1,升,6.0,1,False,3.0,0.0116,-0.0252,,False,True,-3.86,-0.99,36.24,0.25,0.06,20.1,OHLC,—,LH/LL,自然反彈,True,262,4,universe
PLNT,2026-09-16,50.02,1.7,False,51.34,-0.144,-0.44,True,80.0,0.08,79.9,True,3.4,2.34,23.8,-0.3,D 趨勢弱,True,6:38,198.8,跌,60.0,11,False,3.0,-0.0768,-0.0571,-0.9057,False,True,-2.63,-0.77,52.2,-4.36,-1.28,81.0,OHLC,—,LH/LL,次級回檔,True,262,4,universe
FTDR,2026-09-16,80.54,2.27,True,83.03,0.152,0.49,True,79.9,0.29,79.6,True,2.82,2.94,66.7,4.1,B 上升結構,True,8:49,264.6,跌,102.0,20,False,3.0,-0.4373,-0.5039,-0.9847,True,False,-3.1,-1.1,82.71,-2.69,-0.96,35.7,OHLC,—,LH/LL,DT,True,262,4,universe
NRDS,2026-09-16,9.41,0.3,True,9.7,0.007,0.07,False,79.6,-0.02,79.6,True,3.2,2.62,13.0,1.3,D 趨勢弱,True,8:49,264.6,跌,106.0,14,False,3.0,-0.0674,-0.0703,-0.0909,True,True,-3.08,-0.96,9.73,-3.41,-1.07,5.8,OHLC,↓,LH/LL,自然反彈,False,262,4,universe
SLVM,2026-09-16,35.98,1.25,False,37.12,-0.129,-0.39,True,79.5,0.05,79.5,True,3.47,2.36,23.8,7.9,D 趨勢弱,True,9:36,287.8,升,10.0,1,False,3.0,0.0443,-0.0335,,False,True,-3.16,-0.91,35.97,0.03,0.01,8.4,OHLC,—,LH/LL,自然反彈,True,262,4,universe
ABNB,2026-09-16,167.51,5.05,True,179.19,0.448,0.38,True,79.3,0.29,79.0,True,3.01,2.86,65.5,1.1,B 上升結構,True,8:44,261.8,跌,95.0,14,False,3.0,-3.0069,-3.149,-3.4493,True,False,-6.97,-2.31,165.83,1.0,0.33,742.5,OHLC,—,HH/HL,DT,False,262,4,universe
HOG,2026-09-16,26.84,0.94,True,27.36,0.037,0.48,False,79.2,-0.61,79.8,True,3.48,2.41,72.9,-1.4,B 上升結構,True,8:49,264.6,跌,121.0,11,False,3.0,-0.1253,-0.0878,-0.2824,False,True,-1.94,-0.56,27.87,-3.84,-1.1,43.6,OHLC,↓,LH/LL,自然回檔,False,262,4,universe
BFAM,2026-09-16,68.68,2.51,False,70.82,-0.28,-1.05,True,79.0,0.2,78.8,True,3.65,2.28,12.7,3.2,D 趨勢弱,True,6:45,202.5,跌,62.0,10,False,3.0,-0.3656,-0.6151,-0.9888,True,True,-3.12,-0.86,73.25,-6.65,-1.82,53.6,OHLC,↓,LH/LL,自然反彈,False,262,4,universe
PPC,2026-09-16,29.66,1.01,True,29.79,0.093,0.28,True,78.8,0.3,78.5,True,3.41,2.56,31.9,3.9,D 趨勢弱,False,5:38,168.9,跌,44.0,8,False,3.0,-0.2257,-0.2104,-0.2257,False,True,-0.43,-0.13,31.24,-5.33,-1.56,43.2,OHLC,—,LH/LL,自然回檔,True,262,4,universe
SKY,2026-09-16,84.89,2.97,True,89.73,0.191,0.23,True,78.5,0.06,78.5,True,3.5,2.52,46.3,2.0,C 基底修復,True,8:49,264.6,跌,127.0,19,False,3.0,-0.5631,-0.7508,-1.1946,True,False,-5.7,-1.63,87.76,-3.38,-0.97,49.0,OHLC,↓,LH/LL,自然反彈,False,262,4,universe
ARE,2026-09-16,53.52,1.78,True,50.8,0.141,-0.06,True,78.4,0.41,78.0,True,3.33,2.72,42.7,-4.3,D 趨勢弱,True,9:19,279.6,升,5.0,1,False,3.0,0.0959,-0.0116,,False,False,5.07,1.53,53.03,0.92,0.28,102.6,OHLC,↓,LH/LL,自然反彈,False,262,4,universe
ENR,2026-09-16,20.75,0.8,True,21.58,0.035,-0.06,True,78.4,0.77,77.6,True,3.83,2.22,36.5,2.5,D 趨勢弱,True,8:49,264.6,跌,131.0,20,False,3.0,-0.0965,-0.1425,-0.2141,True,False,-3.99,-1.04,20.69,0.29,0.08,19.3,OHLC,—,LH/LL,自然反彈,True,262,4,universe
DDS,2026-09-16,647.49,23.04,True,625.67,1.682,0.28,True,77.4,0.41,77.0,True,3.56,2.68,34.8,3.5,C 基底修復,False,5:56,178.2,跌,49.0,6,False,3.0,-0.455,-0.4347,-5.0393,False,True,3.37,0.95,623.66,3.68,1.03,108.7,OHLC,—,HH/HL,UT,True,262,4,universe
CYRX,2026-09-16,16.51,0.65,True,15.74,0.046,0.17,True,76.6,0.38,76.3,True,3.91,2.46,78.9,-0.2,B 上升結構,True,9:26,283.1,升,7.0,1,False,3.0,0.0305,-0.0153,,False,False,4.67,1.19,16.72,-1.27,-0.33,8.9,OHLC,↓,LH/LL,自然反彈,False,262,4,universe
ACN,2026-09-16,189.64,6.93,True,182.05,0.743,0.66,True,75.8,0.03,75.8,True,3.65,2.87,28.4,-2.2,D 趨勢弱,True,8:49,264.6,跌,126.0,11,False,3.0,-0.4579,-0.5002,-2.2022,True,False,4.0,1.09,181.38,4.36,1.19,879.6,OHLC,↑,HH/HL,自然回檔,False,262,4,universe
ERIE,2026-09-16,245.58,8.34,True,255.39,0.317,0.27,True,75.8,0.04,75.7,True,3.4,3.14,24.1,-9.6,D 趨勢弱,True,8:49,264.6,跌,194.0,15,False,3.0,-1.6043,-1.6037,-4.3065,False,False,-3.99,-1.18,242.04,1.44,0.42,72.3,OHLC,↓,LH/LL,自然回檔,False,262,4,universe
TNET,2026-09-16,69.21,2.55,False,68.26,-0.03,-0.12,True,75.3,0.78,74.5,True,3.68,2.95,80.0,7.7,A 待突破,True,8:49,264.6,跌,264.0,29,False,3.0,-0.2672,-0.3912,-0.7786,True,True,1.37,0.37,70.48,-1.83,-0.5,22.5,OHLC,—,LH/LL,次級反彈,True,262,4,universe
CGON,2026-09-16,74.12,2.9,True,75.53,0.111,0.13,True,74.9,1.83,73.1,False,3.91,2.79,72.8,10.2,B 上升結構,True,7:41,230.4,跌,78.0,13,False,3.0,-0.4312,-0.5942,-0.8538,True,True,-1.9,-0.49,75.0,-1.19,-0.3,51.6,OHLC,↓,LH/LL,自然反彈,False,262,4,universe
DCTH,2026-09-16,16.22,0.51,True,16.19,0.074,0.8,True,74.0,0.33,73.7,False,3.17,3.7,76.4,-1.1,A 待突破,True,8:49,264.6,跌,154.0,15,False,3.0,-0.1619,-0.1799,-0.2429,True,True,0.18,0.06,16.51,-1.79,-0.56,6.4,OHLC,—,LH/LL,自然反彈,True,262,4,universe
RGEN,2026-09-16,172.91,6.91,True,170.97,1.063,0.67,True,73.0,0.07,72.9,False,4.0,3.07,78.9,-4.3,A 待突破,True,8:49,264.6,跌,107.0,12,False,3.0,-1.2663,-1.6469,-2.7349,True,True,1.12,0.28,161.14,6.81,1.7,177.0,OHLC,—,HH/HL,自然反彈,False,262,4,universe
PRAA,2026-09-16,20.07,0.79,True,19.33,0.077,0.3,True,72.9,0.65,72.3,False,3.96,3.11,58.3,-1.5,A 待突破,True,9:18,279.0,升,5.0,1,False,3.0,0.0211,-0.0416,,False,True,3.66,0.93,18.63,7.17,1.81,6.9,OHLC,↑,HH/HL,UT,False,262,4,universe
MGNI,2026-09-16,23.78,0.88,True,24.01,0.147,0.55,True,72.6,0.67,72.0,False,3.7,3.43,73.4,2.6,A 待突破,True,8:49,264.6,跌,138.0,19,False,3.0,-0.1628,-0.1723,-0.4517,True,True,-0.97,-0.26,24.21,-1.81,-0.49,47.3,OHLC,—,HH/HL,DT,False,262,4,universe
SPSC,2026-09-16,80.68,3.47,True,79.53,0.205,0.68,True,71.7,0.59,71.1,False,4.31,3.0,45.9,-3.4,C 基底修復,True,8:49,264.6,跌,102.0,10,False,3.0,-0.7116,-0.6798,-1.1829,False,True,1.43,0.33,78.0,3.32,0.77,40.8,OHLC,↑,HH/HL,自然回檔,False,262,4,universe
UI,2026-09-16,570.37,27.62,True,571.38,0.135,-0.05,True,71.7,1.09,70.6,False,4.84,2.46,22.7,-0.5,D 趨勢弱,True,7:12,216.0,跌,70.0,7,False,3.0,-2.8633,-4.2015,-6.5489,True,True,-0.18,-0.04,539.61,5.39,1.11,116.2,OHLC,—,LH/LL,UT,False,262,4,universe
CRCT,2026-09-16,5.59,0.21,True,5.73,0.023,0.38,True,71.5,0.43,71.1,False,3.81,3.53,64.7,-0.7,B 上升結構,True,8:49,264.6,跌,162.0,21,False,3.0,-0.0441,-0.047,-0.0776,True,True,-2.5,-0.66,5.73,-2.5,-0.66,4.1,OHLC,↓,LH/LL,自然反彈,False,262,4,universe
BLKB,2026-09-16,44.82,1.87,True,46.12,0.034,0.66,True,69.4,0.39,69.0,False,4.18,3.58,47.1,-3.2,D 趨勢弱,True,8:49,264.6,跌,126.0,22,False,3.0,-0.6891,-0.716,-0.8803,True,True,-2.91,-0.7,47.43,-5.82,-1.39,16.4,OHLC,↓,LH/LL,自然反彈,False,262,4,universe
PUBM,2026-09-16,16.85,0.63,True,16.85,0.075,0.49,True,67.4,1.0,66.4,False,3.75,4.39,84.4,2.4,A 待突破,True,8:49,264.6,跌,112.0,18,False,3.0,-0.1037,-0.129,-0.2102,True,True,0.02,0.01,16.94,-0.52,-0.14,9.6,OHLC,↓,LH/LL,自然反彈,False,262,4,universe
YEXT,2026-09-16,6.39,0.33,True,6.38,0.017,0.3,True,67.3,0.69,66.6,False,5.19,2.97,38.7,-2.0,C 基底修復,True,8:49,264.6,跌,190.0,10,False,3.0,-0.0615,-0.0644,-0.0845,True,True,0.13,0.03,6.63,-3.76,-0.72,7.2,OHLC,—,LH/LL,UT,False,262,4,universe
HURN,2026-09-16,154.03,5.61,True,155.04,0.212,-0.25,True,63.4,0.13,63.3,False,3.64,5.29,61.2,-2.5,B 上升結構,True,8:49,264.6,跌,214.0,23,False,3.0,-1.4815,-1.693,-2.6096,True,True,-0.65,-0.18,157.48,-2.24,-0.62,30.7,OHLC,↓,LH/LL,自然反彈,False,262,4,universe
IT,2026-09-16,191.57,9.08,True,187.46,0.977,0.63,True,62.1,0.14,61.9,False,4.74,4.47,46.7,0.4,C 基底修復,True,8:49,264.6,跌,134.0,14,False,3.0,-0.9277,-1.3247,-4.509,True,True,2.15,0.45,192.96,-0.73,-0.15,213.7,OHLC,—,HH/HL,自然回檔,False,262,4,universe
CERS,2026-09-16,2.53,0.11,True,2.63,0.046,0.82,True,62.0,0.89,61.1,False,4.39,4.83,49.6,1.1,D 趨勢弱,True,8:48,263.8,跌,97.0,12,False,3.0,-0.0076,-0.0117,-0.121,True,True,-3.94,-0.9,2.7,-6.72,-1.53,3.4,OHLC,—,LH/LL,自然反彈,True,262,4,universe
DOCS,2026-09-16,25.94,1.25,True,27.07,0.066,0.3,True,60.5,0.75,59.7,False,4.83,4.7,35.0,-1.9,D 趨勢弱,True,8:49,264.6,跌,116.0,8,False,3.0,-0.1295,-0.1526,-0.3038,True,True,-4.35,-0.9,24.74,4.63,0.96,67.5,OHLC,↑,HH/HL,自然回檔,False,262,4,universe
PESI,2026-09-16,18.2,0.94,True,18.26,0.047,0.24,True,59.5,0.12,59.4,False,5.17,4.56,81.3,2.2,B 上升結構,True,8:49,264.6,跌,157.0,24,False,3.0,-0.0978,-0.0783,-0.3003,False,True,-0.35,-0.07,18.25,-0.27,-0.05,5.2,OHLC,—,HH/HL,自然回檔,True,262,4,universe
MNDY,2026-09-16,94.06,5.53,True,90.41,0.035,0.03,True,57.2,0.71,56.5,False,5.88,4.36,42.1,-5.7,D 趨勢弱,True,7:25,222.6,跌,74.0,8,False,3.0,-0.2982,-0.5544,-1.8335,True,True,3.88,0.66,94.44,-0.4,-0.07,110.5,OHLC,—,HH/HL,自然回檔,False,262,4,universe
ASAN,2026-09-16,9.65,0.59,True,9.32,0.044,0.29,True,55.4,0.59,54.8,False,6.09,4.57,38.9,-5.2,D 趨勢弱,True,7:34,227.0,跌,76.0,10,False,3.0,-0.0593,-0.0989,-0.232,True,True,3.41,0.56,9.8,-1.5,-0.25,61.5,OHLC,↓,LH/LL,自然反彈,False,262,4,universe
SMCI,2026-09-16,36.85,2.33,True,36.75,0.221,0.51,True,50.6,2.46,48.2,False,6.32,5.46,54.7,7.8,D 趨勢弱,True,7:34,227.1,跌,76.0,6,False,3.0,-0.4679,-0.4392,-0.4679,False,True,0.26,0.04,37.39,-1.47,-0.23,1347.7,OHLC,—,HH/HL,自然反彈,False,262,4,universe
RPD,2026-09-16,12.46,0.94,True,12.09,0.07,0.37,True,43.1,0.71,42.4,False,7.55,6.28,64.3,3.4,D 趨勢弱,True,9:16,277.8,升,4.0,1,False,3.0,0.0097,-0.0525,,False,True,2.97,0.39,11.47,7.95,1.05,23.1,OHLC,↓,LH/LL,次級回檔,False,262,4,universe
NVCT,2026-09-16,21.87,1.54,True,22.52,0.26,0.29,True,38.2,1.22,37.0,False,7.02,8.39,61.4,0.3,C 基底修復,True,6:26,192.9,跌,57.0,7,False,3.0,-0.377,-0.3209,-0.5036,False,True,-2.98,-0.42,23.99,-9.69,-1.38,4.4,OHLC,↓,LH/LL,DT,False,262,4,universe
ELMT,2026-09-16,19.84,1.83,True,20.47,0.032,1.96,True,37.9,0.9,36.9,False,9.22,6.3,50.0,0.8,B 上升結構,True,10:00,300.0,升,17.0,3,False,3.0,0.3283,0.2722,,False,True,-3.16,-0.34,17.66,10.99,1.19,22.5,OHLC,—,HH/HL,次級回檔,False,101,4,universe
GSAT,2026-09-16,81.9,0.73,False,82.45,-0.072,0.12,True,97.7,0.07,97.7,True,0.9,0.74,88.8,-1.5,A 待突破,True,8:49,264.6,跌,118.0,20,False,4.0,-0.04,-0.0388,-0.2266,False,True,-0.67,-0.75,81.21,0.84,0.94,49.0,OHLC,—,HH/HL,自然回檔,True,262,4,universe
AFG,2026-09-16,142.98,2.29,True,143.99,0.102,0.07,False,94.2,-0.03,94.2,True,1.6,1.13,57.7,-11.3,C 基底修復,True,8:49,264.6,跌,340.0,20,False,4.0,-0.0248,-0.0567,-0.4886,True,True,-0.71,-0.44,145.57,-1.81,-1.13,48.1,OHLC,—,LH/LL,UT,False,262,4,universe
TRNO,2026-09-16,65.61,1.15,False,67.31,-0.223,-0.9,True,93.5,0.01,93.5,True,1.75,1.17,45.6,0.8,C 基底修復,True,8:49,264.6,跌,293.0,36,False,4.0,-0.0041,-0.0641,-0.7515,True,True,-2.59,-1.48,69.16,-5.41,-3.1,40.5,OHLC,—,LH/LL,自然回檔,True,262,4,universe
PFBC,2026-09-16,106.18,2.19,True,104.55,0.004,-0.1,True,91.9,0.12,91.8,True,2.06,1.24,62.2,1.1,C 基底修復,False,10:22,310.8,升,23.0,3,False,4.0,0.3383,0.2335,,False,True,1.54,0.75,101.91,4.02,1.95,10.9,OHLC,↑,HH/HL,UT,False,262,4,universe
MNST,2026-09-16,44.57,0.99,False,45.83,-0.074,-0.64,True,89.9,0.45,89.5,True,2.22,1.54,58.3,2.4,C 基底修復,True,8:49,264.6,跌,101.0,12,False,4.0,-0.035,-0.1213,-0.4621,True,True,-2.83,-1.28,46.82,-5.05,-2.28,414.7,OHLC,↓,LH/LL,自然反彈,False,262,4,universe
IDT,2026-09-16,69.55,1.77,True,68.0,0.138,0.46,True,89.4,0.56,88.8,True,2.55,1.33,68.6,-0.1,A 待突破,False,3:31,105.6,跌,9.0,1,False,4.0,-0.016,0.0644,-0.4098,False,True,2.22,0.87,67.97,2.27,0.89,11.7,OHLC,↑,HH/HL,自然回檔,False,262,4,universe
MCY,2026-09-16,101.93,2.57,False,104.79,-0.164,-0.37,True,88.5,0.22,88.3,True,2.52,1.55,46.6,-1.6,C 基底修復,True,6:10,185.1,跌,53.0,7,False,4.0,-0.0279,-0.0052,-0.922,False,True,-2.8,-1.11,104.5,-2.52,-1.0,28.3,OHLC,↓,LH/LL,自然反彈,False,262,4,universe
TTEK,2026-09-16,36.47,0.85,True,36.08,0.058,0.84,False,88.5,-0.36,88.9,True,2.33,1.72,62.6,-2.1,B 上升結構,True,8:49,264.6,跌,125.0,16,False,4.0,-0.113,-0.123,-0.2999,True,True,1.07,0.46,36.74,-0.74,-0.32,84.9,OHLC,—,LH/LL,UT,True,262,4,universe
GEL,2026-09-16,15.32,0.4,True,15.8,0.009,0.13,True,88.2,0.01,88.2,True,2.63,1.51,15.5,-1.2,D 趨勢弱,True,8:37,258.3,跌,94.0,9,False,4.0,-0.1393,-0.1379,-0.1393,False,False,-3.11,-1.18,,,,3.6,OHLC,—,HH/HL,DT,False,262,4,universe
GM,2026-09-16,84.29,2.29,False,86.35,-0.119,-0.25,True,86.2,0.0,86.2,True,2.72,1.81,53.0,-10.1,C 基底修復,True,8:49,264.6,跌,179.0,25,False,4.0,-0.2592,-0.1726,-0.6992,False,True,-2.44,-0.9,87.16,-3.4,-1.25,509.2,OHLC,—,LH/LL,DT,True,262,4,universe
LLY,2026-09-16,1137.82,31.1,True,1188.22,2.631,0.04,True,84.8,0.45,84.3,True,2.73,2.08,59.2,1.6,C 基底修復,True,8:35,257.3,跌,93.0,15,False,4.0,-4.2116,-5.866,-10.8334,True,False,-4.43,-1.62,1179.11,-3.63,-1.33,2742.5,OHLC,—,LH/LL,自然反彈,True,262,4,universe
SAIC,2026-09-16,132.62,4.33,True,127.8,0.375,0.47,True,83.0,0.28,82.8,True,3.27,1.89,78.6,7.9,A 待突破,True,9:51,295.5,升,14.0,2,False,4.0,0.2495,0.2017,,False,False,3.64,1.11,125.96,5.02,1.54,68.5,OHLC,↑,HH/HL,UT,False,262,4,universe
WEX,2026-09-16,197.17,5.74,True,193.73,0.625,0.38,False,82.4,-0.28,82.7,True,2.91,2.37,76.1,-0.9,A 待突破,True,8:49,264.6,跌,283.0,23,False,4.0,-0.425,-0.5486,-2.3598,True,True,1.75,0.6,203.99,-3.46,-1.19,100.0,OHLC,—,LH/LL,UT,False,262,4,universe
LDOS,2026-09-16,129.35,4.16,True,136.32,0.2,0.55,True,80.4,0.48,79.9,True,3.21,2.45,25.9,1.1,D 趨勢弱,True,8:49,264.6,跌,172.0,17,False,4.0,-1.4806,-1.6194,-2.311,True,False,-5.39,-1.68,132.83,-2.69,-0.84,149.9,OHLC,↓,LH/LL,自然回檔,False,262,4,universe
BAH,2026-09-16,78.41,2.62,True,75.94,0.172,0.54,False,79.5,-0.09,79.5,True,3.34,2.51,36.0,-13.0,C 基底修復,True,9:54,297.0,升,15.0,3,False,4.0,0.3641,0.3314,,False,True,3.15,0.94,,,,126.9,OHLC,—,LH/LL,自然回檔,False,262,4,universe
COLD,2026-09-16,14.52,0.51,True,14.72,0.02,0.04,False,79.3,-1.12,80.4,True,3.51,2.37,48.4,-13.5,C 基底修復,True,9:41,290.4,升,11.0,2,False,4.0,0.0239,0.029,,False,True,-1.39,-0.4,14.5,0.14,0.04,51.1,OHLC,—,HH/HL,次級回檔,False,262,4,universe
CARG,2026-09-16,34.7,1.21,False,35.89,-0.108,-0.35,True,78.8,0.2,78.6,True,3.5,2.47,36.1,-8.7,C 基底修復,True,8:49,264.6,跌,203.0,25,False,4.0,-0.034,-0.0888,-0.5308,True,True,-3.42,-0.98,35.43,-2.09,-0.6,29.5,OHLC,↓,LH/LL,自然反彈,False,262,4,universe
SBGI,2026-09-16,14.03,0.48,True,14.23,0.001,0.02,True,78.0,0.39,77.6,True,3.43,2.69,28.0,-7.0,D 趨勢弱,False,10:16,307.9,升,21.0,2,False,4.0,0.0087,0.0064,,False,True,-1.41,-0.41,14.52,-3.49,-1.02,5.4,OHLC,—,LH/LL,次級回檔,True,262,4,universe
ISRG,2026-09-16,382.29,11.75,True,378.29,0.57,0.17,True,77.7,0.38,77.3,True,3.07,3.1,32.9,2.3,D 趨勢弱,False,10:54,326.8,升,32.0,3,False,4.0,1.7356,0.9353,,False,True,1.05,0.34,376.86,1.42,0.46,863.7,OHLC,—,LH/LL,UT,False,262,4,universe
RDNT,2026-09-16,75.78,2.77,True,74.83,0.606,0.81,False,77.5,-0.55,78.0,True,3.65,2.56,57.5,-0.7,B 上升結構,True,8:49,264.6,跌,132.0,17,False,4.0,-0.245,-0.2911,-1.0105,True,True,1.25,0.34,76.86,-1.43,-0.39,53.2,OHLC,—,LH/LL,UT,False,262,4,universe
HRTG,2026-09-16,34.96,1.12,True,33.83,0.164,0.84,True,77.3,0.64,76.7,True,3.21,3.04,81.7,1.2,A 待突破,True,8:49,264.6,跌,120.0,18,False,4.0,-0.1351,-0.1477,-0.2511,True,False,3.24,1.01,35.33,-1.06,-0.33,8.3,OHLC,—,LH/LL,UT,True,262,4,universe
NXDR,2026-09-16,2.48,0.1,True,2.41,0.007,0.14,True,75.6,0.59,75.0,True,3.95,2.62,63.7,3.3,B 上升結構,False,11:00,330.0,升,33.0,3,False,4.0,0.0231,0.0139,,False,True,2.92,0.74,,,,5.0,OHLC,—,LH/LL,UT,False,262,4,universe
BWIN,2026-09-16,32.04,1.26,True,31.51,0.244,1.26,True,72.9,3.19,69.7,False,3.92,3.17,65.6,-1.7,B 上升結構,True,9:24,282.1,升,7.0,1,False,4.0,0.0407,-0.0214,,False,True,1.67,0.43,,,,111.9,OHLC,—,LH/LL,UT,False,262,4,universe
AMCX,2026-09-16,12.14,0.49,True,12.16,0.054,1.0,True,72.0,0.78,71.2,False,4.0,3.25,80.8,0.4,A 待突破,True,8:49,264.6,跌,121.0,13,False,4.0,-0.1042,-0.11,-0.1489,True,True,-0.19,-0.05,12.47,-2.72,-0.68,6.5,OHLC,↓,LH/LL,自然反彈,False,262,4,universe
AZTA,2026-09-16,33.21,1.39,True,32.52,0.124,0.3,True,71.3,1.02,70.3,False,4.18,3.19,58.6,0.2,B 上升結構,True,8:49,264.6,跌,147.0,16,False,4.0,-0.1104,-0.2418,-0.6646,True,True,2.09,0.5,37.49,-12.89,-3.08,27.8,OHLC,—,LH/LL,UT,False,262,4,universe
GTN,2026-09-16,4.76,0.21,True,4.9,0.019,0.54,True,65.1,0.01,65.1,False,4.36,4.23,47.0,3.5,C 基底修復,True,8:49,264.6,跌,101.0,17,False,4.0,-0.0386,-0.0357,-0.0495,False,True,-2.95,-0.68,5.01,-5.25,-1.2,4.3,OHLC,—,LH/LL,自然回檔,True,262,4,universe
SGMT,2026-09-16,10.46,0.53,True,10.15,0.12,1.02,True,63.5,0.9,62.6,False,5.08,3.84,82.9,1.5,A 待突破,True,8:49,264.6,跌,101.0,12,False,4.0,-0.1319,-0.111,-0.1319,False,True,2.97,0.59,10.71,-2.39,-0.47,10.3,OHLC,—,HH/HL,自然回檔,True,262,4,universe
PRPO,2026-09-16,26.66,1.9,True,26.57,0.029,0.26,True,54.5,0.02,54.5,False,7.13,3.72,42.1,2.8,B 上升結構,True,8:39,259.4,跌,94.0,10,False,4.0,-0.283,-0.2751,-0.4077,False,True,0.35,0.05,26.12,2.03,0.28,4.3,OHLC,—,HH/HL,次級回檔,True,262,4,universe
ET,2026-09-16,21.11,0.33,True,21.12,0.042,0.61,False,94.5,-0.22,94.7,True,1.57,1.08,77.0,-0.6,A 待突破,True,7:58,239.0,跌,83.0,9,False,5.0,-0.0734,-0.047,-0.0734,False,True,-0.05,-0.03,21.84,-3.46,-2.2,161.9,OHLC,—,LH/LL,自然回檔,False,262,4,universe
TRV,2026-09-16,378.92,6.74,True,371.3,0.068,-0.24,True,91.0,0.13,90.9,True,1.78,1.73,76.7,-1.7,A 待突破,False,10:07,303.4,升,19.0,3,False,5.0,0.8505,0.6496,,False,True,2.01,1.13,373.82,1.35,0.76,557.0,OHLC,↑,HH/HL,UT,False,262,4,universe
MCRI,2026-09-16,123.43,2.71,False,122.31,-0.046,-0.08,True,90.5,0.07,90.4,True,2.2,1.44,62.7,13.3,A 待突破,True,9:49,294.3,升,13.0,3,False,5.0,0.2732,0.1409,,False,True,0.9,0.41,121.21,1.8,0.82,19.4,OHLC,—,HH/HL,自然反彈,True,262,4,universe
FWONA,2026-09-16,87.18,2.12,True,91.42,0.004,-0.21,True,88.9,0.3,88.6,True,2.43,1.55,32.8,2.1,C 基底修復,True,8:49,264.6,跌,113.0,14,False,5.0,-0.5981,-0.7087,-1.0569,True,False,-4.87,-2.0,93.22,-6.93,-2.85,11.6,OHLC,—,HH/HL,DT,True,262,4,universe
PM,2026-09-16,191.71,4.66,True,189.14,0.206,0.0,True,88.1,0.17,87.9,True,2.43,1.72,72.6,-2.5,A 待突破,False,10:33,316.5,升,26.0,3,False,5.0,0.5552,0.6044,,False,True,1.34,0.55,190.39,0.69,0.28,765.5,OHLC,—,LH/LL,UT,False,262,4,universe
PK,2026-09-16,14.88,0.43,True,15.25,0.002,0.04,False,86.2,-1.11,87.3,True,2.86,1.67,65.1,-12.7,C 基底修復,True,8:49,264.6,跌,110.0,12,False,5.0,-0.0825,-0.0642,-0.1174,False,True,-2.51,-0.88,15.56,-4.57,-1.6,52.6,OHLC,↓,LH/LL,DT,False,262,4,universe
CQP,2026-09-16,65.73,2.07,True,67.88,0.008,0.19,True,82.1,0.04,82.0,True,3.15,2.19,46.0,2.2,C 基底修復,True,8:49,264.6,跌,126.0,9,False,5.0,-0.5975,-0.5627,-0.5975,False,False,-3.27,-1.04,,,,7.1,OHLC,—,HH/HL,DT,False,262,4,universe
ANGO,2026-09-16,15.46,0.49,True,15.58,0.025,0.27,False,81.5,-0.22,81.7,True,3.16,2.3,84.8,-1.6,A 待突破,True,8:49,264.6,跌,353.0,19,False,5.0,-0.0803,-0.0889,-0.1622,True,True,-0.77,-0.24,16.29,-5.37,-1.7,5.1,OHLC,—,LH/LL,UT,False,262,4,universe
ARDT,2026-09-16,10.72,0.42,False,11.01,-0.002,0.01,True,77.0,0.82,76.2,True,3.94,2.36,36.5,0.4,C 基底修復,True,8:49,264.6,跌,273.0,25,False,5.0,-0.0408,-0.034,-0.1041,False,True,-2.69,-0.68,11.15,-4.01,-1.02,4.3,OHLC,—,LH/LL,自然回檔,True,262,4,universe
NEM,2026-09-16,121.76,4.43,True,123.11,0.57,0.9,False,76.4,-0.9,77.3,True,3.64,2.78,70.1,2.3,B 上升結構,True,8:49,264.6,跌,107.0,11,False,5.0,-1.7257,-1.5648,-1.7257,False,True,-1.11,-0.3,122.63,-0.71,-0.2,976.9,OHLC,—,HH/HL,自然回檔,True,262,4,universe
INSM,2026-09-16,122.58,5.22,True,125.72,1.422,0.98,True,65.1,0.61,64.5,False,4.25,4.33,35.5,-1.4,D 趨勢弱,True,8:49,264.6,跌,143.0,17,False,5.0,-0.8557,-0.7451,-1.2975,False,True,-2.56,-0.6,130.83,-6.73,-1.58,231.4,OHLC,—,LH/LL,自然反彈,True,262,4,universe
LILAK,2026-09-16,8.72,0.25,True,8.45,0.014,0.3,True,79.9,1.2,78.7,True,2.85,2.91,87.4,-0.4,A 待突破,True,8:49,264.6,跌,345.0,25,False,6.0,-0.0096,-0.0035,-0.0781,False,False,3.06,1.07,8.45,3.1,1.09,11.4,OHLC,—,HH/HL,UT,True,262,4,universe
PBT,2026-09-16,34.85,1.18,True,33.87,0.258,1.05,False,78.7,-1.28,80.0,True,3.4,2.58,86.1,6.6,A 待突破,True,8:49,264.6,跌,132.0,15,False,6.0,-0.0733,-0.0024,-0.1834,False,True,2.8,0.82,33.68,3.36,0.99,3.6,OHLC,↑,HH/HL,自然回檔,False,262,4,universe
PTGX,2026-09-16,142.84,5.56,True,148.82,0.372,0.35,True,76.3,0.02,76.3,True,3.89,2.55,53.5,-12.9,C 基底修復,True,8:49,264.6,跌,140.0,17,False,6.0,-1.1037,-1.0288,-1.7184,False,False,-4.18,-1.08,142.0,0.59,0.15,75.7,OHLC,—,HH/HL,DT,True,262,4,universe
PANW,2026-09-16,375.65,18.7,True,359.72,0.376,0.24,True,63.7,0.46,63.2,False,4.98,3.9,75.6,2.0,B 上升結構,True,9:48,294.0,升,13.0,2,False,6.0,2.222,0.9463,,False,True,4.24,0.85,338.49,9.89,1.99,2452.0,OHLC,—,LH/LL,UT,False,262,4,universe
XRN,2026-09-16,35.63,0.89,True,36.51,0.02,0.06,False,89.2,-0.39,89.5,True,2.49,1.43,38.6,-0.9,C 基底修復,True,6:02,181.1,跌,51.0,5,False,7.0,-0.1395,-0.1037,-0.3093,False,True,-2.46,-0.99,36.07,-1.23,-0.5,3.2,OHLC,↓,LH/LL,DT,False,262,4,universe
UHS,2026-09-16,181.21,5.76,True,172.99,0.555,0.38,True,83.2,0.08,83.1,True,3.18,1.95,28.7,-2.2,C 基底修復,True,9:29,284.7,升,8.0,1,False,7.0,0.2876,-0.1303,,False,False,4.54,1.43,168.72,6.89,2.17,117.4,OHLC,↑,HH/HL,UT,False,262,4,universe
FLXS,2026-09-16,81.55,3.6,True,79.95,0.133,0.35,True,75.3,0.12,75.2,True,4.41,2.21,59.9,-4.1,E 延伸,False,5:17,158.6,跌,38.0,4,False,7.0,-0.2517,-0.183,-0.864,False,True,1.96,0.44,79.22,2.86,0.65,8.1,OHLC,—,HH/HL,自然回檔,True,262,4,universe
PRGO,2026-09-16,13.54,0.57,True,13.71,0.106,1.05,True,67.5,0.74,66.7,False,4.23,3.89,55.7,-3.2,D 趨勢弱,True,8:49,264.6,跌,121.0,10,False,7.0,-0.2349,-0.2316,-0.2349,False,True,-1.29,-0.31,,,,33.6,OHLC,—,HH/HL,DT,False,262,4,universe
EWTX,2026-09-16,45.44,2.07,True,43.91,0.058,0.23,True,65.2,0.9,64.3,False,4.55,4.03,73.0,0.8,A 待突破,True,9:45,292.5,升,12.0,1,False,7.0,0.1014,-0.0014,,False,True,3.37,0.74,43.82,3.57,0.78,55.2,OHLC,—,LH/LL,UT,True,262,4,universe
MRVL,2026-09-16,229.71,14.72,True,225.81,0.548,0.46,True,50.0,1.17,48.8,False,6.41,5.53,73.0,-1.8,C 基底修復,True,9:27,283.3,升,7.0,1,False,7.0,0.0675,-0.2707,,False,True,1.7,0.26,241.88,-5.3,-0.83,5434.7,OHLC,—,LH/LL,自然反彈,False,262,4,universe
FAST,2026-09-16,49.03,1.06,True,50.41,0.037,0.36,False,90.7,-0.08,90.7,True,2.16,1.43,58.5,-2.0,C 基底修復,True,8:49,264.6,跌,136.0,19,False,8.0,-0.1404,-0.1486,-0.5111,True,True,-2.82,-1.31,49.91,-1.79,-0.83,287.9,OHLC,—,LH/LL,UT,False,262,4,universe
ARMK,2026-09-16,57.61,1.33,True,58.54,0.05,0.1,False,89.5,-0.18,89.7,True,2.31,1.54,62.1,-11.4,C 基底修復,True,8:49,264.6,跌,170.0,17,False,8.0,-0.0248,-0.0146,-0.5171,False,True,-1.62,-0.7,56.53,1.87,0.81,130.3,OHLC,↑,HH/HL,自然反彈,False,262,4,universe
NHC,2026-09-16,225.36,6.91,True,223.35,0.616,0.04,True,83.4,0.08,83.3,True,3.06,2.02,88.0,-0.3,A 待突破,False,11:26,343.2,升,41.0,3,False,8.0,0.1831,0.2144,,False,True,0.89,0.29,219.88,2.43,0.79,20.6,OHLC,—,HH/HL,UT,True,262,4,universe
TSM,2026-09-16,417.72,11.07,True,421.59,0.083,0.52,True,82.3,0.62,81.7,True,2.65,2.65,69.5,10.2,B 上升結構,False,4:13,126.5,跌,20.0,2,False,8.0,-0.6979,-0.3244,-4.6789,False,True,-0.93,-0.35,434.16,-3.94,-1.48,3957.3,OHLC,—,HH/HL,DT,False,262,4,universe
BRSL,2026-09-16,10.53,0.35,True,11.25,0.003,0.14,True,80.1,0.38,79.7,True,3.36,2.36,6.0,1.3,D 趨勢弱,True,8:49,264.6,跌,200.0,12,False,8.0,-0.1094,-0.1088,-0.1094,False,False,-6.84,-2.04,11.57,-9.88,-2.94,18.4,OHLC,↓,LH/LL,DT,False,262,4,universe
SNDA,2026-09-16,39.43,1.58,True,39.33,0.021,-0.04,True,76.5,0.13,76.4,True,4.01,2.39,50.3,-0.5,C 基底修復,False,11:48,354.2,升,47.0,6,False,8.0,0.1689,0.1879,,False,True,0.25,0.06,41.01,-4.01,-1.0,18.7,OHLC,—,LH/LL,UT,False,262,4,universe
CCJ,2026-09-16,90.9,3.69,True,98.93,0.093,0.49,True,75.0,0.17,74.9,True,4.06,2.62,17.7,-2.3,D 趨勢弱,True,6:46,203.1,跌,63.0,11,False,8.0,-1.3342,-1.1935,-1.3342,False,False,-8.84,-2.18,97.98,-7.79,-1.92,240.7,OHLC,↓,LH/LL,DT,False,262,4,universe
NTAP,2026-09-16,191.49,8.55,True,191.31,0.036,0.21,True,72.4,0.26,72.1,False,4.46,2.71,64.7,2.6,B 上升結構,True,8:49,264.6,跌,179.0,19,False,8.0,-0.198,-0.3763,-2.895,True,True,0.1,0.02,199.28,-4.07,-0.91,468.7,OHLC,↓,LH/LL,次級回檔,False,262,4,universe
ACT,2026-09-16,48.93,0.98,True,49.2,0.048,0.3,False,92.9,-0.26,93.2,True,2.0,1.06,68.7,-1.7,A 待突破,True,8:49,264.6,跌,133.0,19,False,9.0,-0.0915,-0.0478,-0.2839,False,True,-0.54,-0.27,48.54,0.8,0.4,19.5,OHLC,—,HH/HL,自然回檔,True,262,4,universe
GPC,2026-09-16,130.52,3.26,True,134.56,0.046,0.3,True,84.7,0.19,84.5,True,2.5,2.34,56.3,-8.5,C 基底修復,True,8:49,264.6,跌,125.0,22,False,9.0,-1.1124,-1.0247,-1.235,False,False,-3.09,-1.24,136.38,-4.49,-1.8,135.7,OHLC,↓,LH/LL,DT,False,262,4,universe
TKO,2026-09-16,192.43,5.67,True,191.46,0.484,0.26,True,83.7,0.26,83.4,True,2.95,2.09,29.9,4.8,D 趨勢弱,False,11:29,344.5,升,41.0,6,False,9.0,0.3632,0.2944,,False,True,0.51,0.17,196.06,-1.89,-0.64,199.5,OHLC,↓,LH/LL,自然反彈,False,262,4,universe
NVDA,2026-09-16,213.9,6.6,True,220.3,0.173,0.43,True,80.8,0.52,80.2,True,3.09,2.51,60.1,11.7,C 基底修復,False,5:30,165.0,跌,42.0,5,False,9.0,-1.6003,-1.566,-1.6003,False,True,-2.99,-0.97,208.93,2.32,0.75,27786.1,OHLC,—,HH/HL,DT,False,262,4,universe
XPEL,2026-09-16,45.74,1.58,True,49.32,0.19,0.32,True,77.3,0.48,76.8,True,3.46,2.79,34.2,-5.7,C 基底修復,True,6:59,209.4,跌,66.0,13,False,9.0,-0.6447,-0.6068,-0.6447,False,False,-7.82,-2.26,50.07,-9.47,-2.74,8.0,OHLC,↓,LH/LL,DT,False,262,4,universe
BOW,2026-09-16,33.69,0.28,False,33.61,-0.012,0.06,True,93.3,0.18,93.1,True,0.84,2.13,75.6,-0.4,A 待突破,True,8:49,264.6,跌,244.0,22,False,10.0,-0.0906,-0.0941,-0.3451,True,True,0.24,0.29,33.52,0.5,0.6,11.7,OHLC,—,HH/HL,UT,True,262,4,universe
ENSG,2026-09-16,177.85,4.03,True,176.81,0.045,-0.23,False,90.0,-0.36,90.3,True,2.26,1.48,28.1,4.7,C 基底修復,True,9:32,285.8,升,9.0,1,False,10.0,0.1442,-0.2349,,False,True,0.59,0.26,181.74,-2.19,-0.97,57.8,OHLC,—,LH/LL,UT,False,262,4,universe
VSTM,2026-09-16,7.32,0.42,True,7.29,0.042,0.53,True,57.7,0.92,56.8,False,5.71,4.43,48.9,10.2,D 趨勢弱,True,6:45,202.5,跌,62.0,5,False,10.0,-0.1081,-0.0939,-0.1081,False,True,0.37,0.06,7.32,0.0,0.0,15.7,OHLC,↑,HH/HL,次級回檔,False,262,4,universe
AES,2026-09-16,14.81,0.05,True,14.76,0.004,0.29,True,99.7,0.01,99.7,True,0.32,0.25,48.3,0.1,C 基底修復,False,2:11,65.3,升,86.0,11,False,11.0,0.0027,0.003,,False,True,0.34,1.07,14.78,0.2,0.64,116.5,OHLC,—,HH/HL,UT,True,262,4,universe
CBZ,2026-09-16,54.6,0.43,False,54.63,-0.026,-0.35,True,90.1,1.26,88.8,True,0.79,2.94,72.6,-9.7,A 待突破,True,8:49,264.6,跌,217.0,25,False,11.0,-0.4116,-0.4346,-0.6889,True,True,-0.06,-0.08,54.92,-0.59,-0.75,62.3,OHLC,—,LH/LL,UT,True,262,4,universe
LNN,2026-09-16,118.23,3.55,True,117.32,0.06,0.22,True,85.2,0.23,85.0,True,3.0,1.73,26.6,-10.5,D 趨勢弱,False,3:35,107.3,跌,10.0,1,False,11.0,-0.0695,0.0074,-0.7154,False,True,0.77,0.26,116.35,1.59,0.53,20.0,OHLC,↑,HH/HL,自然反彈,False,262,4,universe
RAL,2026-09-16,67.58,2.56,True,66.03,0.03,-0.1,True,78.2,0.37,77.9,True,3.78,2.29,65.3,15.3,B 上升結構,False,12:54,26.8,升,65.0,6,False,11.0,0.5658,0.4608,,False,True,2.3,0.61,67.95,-0.55,-0.14,92.3,OHLC,—,LH/LL,UT,False,262,4,universe
AWK,2026-09-16,137.76,2.69,True,137.45,0.288,0.24,True,91.6,0.22,91.4,True,1.95,1.42,59.3,-1.3,C 基底修復,False,5:47,173.5,跌,46.0,4,False,12.0,-0.3278,-0.2532,-0.3389,False,True,0.22,0.11,137.27,0.36,0.18,270.2,OHLC,—,HH/HL,自然回檔,True,262,4,universe
MMED,2026-09-16,22.4,1.09,True,21.44,0.136,0.52,True,68.4,0.24,68.2,False,4.86,3.08,48.3,-5.4,B 上升結構,True,6:26,192.9,跌,57.0,3,False,12.0,-0.1249,-0.1065,-0.2055,False,True,4.29,0.88,23.74,-5.98,-1.23,50.8,OHLC,—,LH/LL,自然回檔,False,134,4,universe
KMI,2026-09-16,30.73,0.75,False,31.57,-0.019,-0.18,True,89.8,0.11,89.7,True,2.44,1.35,25.0,1.3,D 趨勢弱,True,6:12,186.0,跌,53.0,6,False,14.0,-0.0995,-0.0958,-0.1423,False,True,-2.74,-1.13,32.33,-5.21,-2.14,360.9,OHLC,↓,LH/LL,DT,False,262,4,universe
NOV,2026-09-16,20.55,0.67,True,20.73,0.027,0.44,False,82.8,-0.48,83.3,True,3.28,1.93,70.1,-11.3,A 待突破,True,7:34,227.1,跌,76.0,4,False,14.0,-0.1043,-0.0727,-0.109,False,True,-0.85,-0.26,20.54,0.05,0.01,63.2,OHLC,↑,HH/HL,次級回檔,False,262,4,universe
SLAB,2026-09-16,219.71,1.21,True,219.08,0.029,0.25,True,99.4,0.01,99.4,True,0.55,0.24,72.2,0.1,A 待突破,False,3:16,98.2,跌,5.0,1,False,,-0.0177,0.0024,-0.2072,False,True,0.28,0.52,218.19,0.69,1.25,68.0,OHLC,↑,HH/HL,UT,False,262,4,universe
GGN,2026-09-16,5.39,0.09,True,5.5,0.01,0.88,False,94.1,-0.56,94.7,True,1.58,1.18,56.2,1.5,C 基底修復,True,8:49,264.6,跌,116.0,11,False,,-0.0466,-0.0389,-0.0466,False,True,-2.09,-1.33,4.84,10.2,6.46,3.0,OHLC,↑,HH/HL,自然回檔,False,262,4,universe
STRF,2026-09-16,102.8,1.44,True,99.93,0.27,0.96,True,93.0,0.05,93.0,True,1.4,1.63,46.5,-0.2,C 基底修復,False,3:46,113.2,跌,13.0,2,False,,-0.1803,-0.0751,-0.1803,False,True,2.79,1.99,94.76,7.82,5.57,7.8,OHLC,↑,HH/HL,UT,False,262,4,universe
PAGP,2026-09-16,27.68,0.51,True,27.05,0.102,0.65,True,92.9,0.07,92.8,True,1.84,1.23,59.5,-0.4,B 上升結構,False,5:53,176.7,跌,48.0,5,False,,-0.0981,-0.0727,-0.2091,False,True,2.27,1.23,27.38,1.08,0.59,49.8,OHLC,—,HH/HL,自然回檔,True,262,4,universe
WTRG,2026-09-16,41.37,0.79,True,40.92,0.094,0.41,True,92.3,0.14,92.1,True,1.91,1.31,56.4,-1.2,C 基底修復,False,5:42,171.1,跌,45.0,4,False,,-0.0653,-0.0443,-0.0744,False,True,1.08,0.57,40.91,1.11,0.58,98.0,OHLC,—,HH/HL,自然回檔,True,262,4,universe
GNL,2026-09-16,8.87,0.15,True,9.05,0.011,0.26,False,92.2,-0.27,92.4,True,1.72,1.53,33.6,1.2,D 趨勢弱,True,6:26,192.9,跌,57.0,6,False,,-0.0274,-0.0173,-0.0379,False,True,-2.04,-1.18,,,,15.5,OHLC,—,HH/HL,DT,True,262,4,universe
NRP,2026-09-16,109.71,2.31,True,107.15,0.55,1.0,True,90.6,0.03,90.6,True,2.1,1.49,37.7,-10.3,D 趨勢弱,False,5:38,169.1,跌,44.0,5,False,,-0.5518,-0.4521,-0.5518,False,True,2.33,1.11,108.07,1.49,0.71,3.3,OHLC,↑,HH/HL,自然回檔,False,262,4,universe
CAH,2026-09-16,232.54,5.17,True,237.05,0.088,0.17,True,90.4,0.37,90.1,True,2.22,1.42,61.8,0.0,C 基底修復,False,5:47,173.7,跌,47.0,5,False,,-1.168,-1.0203,-2.5571,False,True,-1.94,-0.87,228.46,1.75,0.79,335.0,OHLC,↑,HH/HL,自然回檔,False,262,4,universe
RGR,2026-09-16,37.08,0.83,False,37.82,-0.067,-0.25,True,89.1,0.18,89.0,True,2.25,1.68,21.2,-0.0,C 基底修復,True,7:28,224.0,跌,74.0,4,False,,-0.0757,-0.0499,-0.0951,False,True,-2.0,-0.89,37.71,-1.7,-0.76,4.7,OHLC,—,HH/HL,DT,False,262,4,universe
CACC,2026-09-16,601.54,15.14,True,592.92,0.879,0.38,True,87.9,0.04,87.9,True,2.52,1.67,68.1,-4.1,A 待突破,False,2:49,84.6,升,325.0,24,False,,0.1992,0.4146,,False,True,1.43,0.57,589.8,1.95,0.78,63.3,OHLC,—,HH/HL,自然回檔,True,262,4,universe
RGLD,2026-09-16,245.51,8.04,True,246.56,1.706,1.13,False,80.7,-1.4,82.1,True,3.28,2.33,52.2,3.2,C 基底修復,True,8:43,261.4,跌,95.0,10,False,,-3.6054,-3.2481,-3.6054,False,True,-0.43,-0.13,,,,159.8,OHLC,—,HH/HL,DT,False,262,4,universe
TIGO,2026-09-16,95.55,2.91,True,95.11,0.07,0.06,True,79.8,0.19,79.6,True,3.04,2.74,79.4,0.1,A 待突破,False,2:49,84.6,升,157.0,10,False,,0.167,0.2155,,False,True,0.46,0.15,93.57,2.07,0.68,79.5,OHLC,—,HH/HL,自然反彈,True,262,4,universe
ELAN,2026-09-16,22.86,0.8,False,23.63,-0.104,-0.55,True,78.7,0.07,78.7,True,3.52,2.46,35.2,-0.8,C 基底修復,True,7:26,222.9,跌,74.0,6,False,,-0.1282,-0.1226,-0.4809,False,True,-3.36,-0.96,24.68,-7.96,-2.26,112.4,OHLC,↓,LH/LL,DT,False,262,4,universe
FCFS,2026-09-16,219.7,7.91,True,220.05,0.333,0.4,True,78.1,0.8,77.3,True,3.6,2.49,72.2,0.2,B 上升結構,False,4:09,124.7,跌,19.0,2,False,,-0.7374,-0.5451,-2.114,False,True,-0.16,-0.04,214.47,2.38,0.66,99.8,OHLC,↑,HH/HL,自然回檔,False,262,4,universe
KRYS,2026-09-16,336.67,11.67,True,344.7,1.532,0.31,True,77.9,0.05,77.8,True,3.47,2.67,69.4,0.4,C 基底修復,False,5:25,162.7,跌,40.0,5,False,,-2.8181,-2.5531,-6.0071,False,True,-2.38,-0.69,354.86,-5.4,-1.56,79.4,OHLC,↓,LH/LL,DT,False,262,4,universe
MDGL,2026-09-16,529.09,19.03,True,526.52,1.304,0.74,True,77.1,0.74,76.3,True,3.6,2.69,53.2,3.3,C 基底修復,False,3:46,112.9,跌,13.0,2,False,,-1.3317,-1.0096,-9.1609,False,True,0.49,0.14,534.16,-0.96,-0.27,112.9,OHLC,—,HH/HL,DT,True,262,4,universe
RIGL,2026-09-16,44.48,1.74,True,44.32,0.218,0.56,True,75.9,1.37,74.6,True,3.91,2.6,69.5,-0.2,B 上升結構,False,5:15,157.5,跌,38.0,6,False,,-0.6347,-0.5515,-0.9055,False,True,0.36,0.09,,,,11.9,OHLC,—,HH/HL,DT,False,262,4,universe
VNDA,2026-09-16,5.0,0.2,False,5.2,-0.006,-0.05,True,75.9,1.2,74.7,True,4.05,2.47,21.5,-0.2,D 趨勢弱,True,7:13,216.3,跌,70.0,5,False,,-0.0351,-0.0321,-0.0804,False,True,-3.92,-0.97,5.15,-3.0,-0.74,3.6,OHLC,↓,LH/LL,DT,False,262,4,universe
IPI,2026-09-16,38.17,1.71,True,38.27,0.171,0.4,True,75.2,0.4,74.8,True,4.47,2.18,45.6,0.4,C 基底修復,False,4:36,137.8,跌,27.0,3,False,,-0.3164,-0.2253,-0.3164,False,True,-0.26,-0.06,37.38,2.07,0.46,8.4,OHLC,↑,HH/HL,自然回檔,False,262,4,universe
RCMT,2026-09-16,39.28,1.53,True,38.92,0.179,0.59,True,71.9,0.69,71.2,False,3.9,3.38,68.1,9.5,A 待突破,True,8:49,264.6,跌,106.0,9,False,,-0.6783,-0.6644,-0.6783,False,True,0.92,0.24,38.93,0.89,0.23,3.0,OHLC,—,HH/HL,自然回檔,True,262,4,universe
PSNL,2026-09-16,16.11,0.69,True,16.18,0.048,0.72,True,63.8,0.81,63.0,False,4.31,4.54,67.6,-0.3,E 延伸,True,7:24,221.9,跌,73.0,9,False,,-0.2263,-0.2224,-0.5247,False,True,-0.43,-0.1,17.2,-6.77,-1.57,62.3,OHLC,—,LH/LL,DT,True,262,4,universe
UTZ,2026-09-16,14.26,0.08,True,14.18,0.003,0.29,True,63.7,0.24,63.5,False,0.58,8.29,85.5,0.3,A 待突破,True,8:49,264.6,跌,261.0,27,False,,-0.1113,-0.1184,-0.2441,True,True,0.54,0.92,14.18,0.56,0.97,29.2,OHLC,—,HH/HL,UT,True,262,4,universe
OMER,2026-09-16,17.34,0.87,True,17.27,0.126,0.79,True,54.8,0.29,54.5,False,4.99,5.81,83.5,0.5,B 上升結構,True,7:21,220.3,跌,72.0,11,False,,-0.476,-0.4571,-0.476,False,True,0.39,0.08,,,,27.3,OHLC,—,HH/HL,DT,False,262,4,universe
IMMX,2026-09-16,11.92,0.82,True,12.49,0.13,0.79,True,49.9,0.08,49.8,False,6.91,5.06,65.8,3.5,B 上升結構,True,6:47,203.3,跌,63.0,8,False,,-0.3508,-0.3433,-0.3508,False,True,-4.77,-0.69,12.31,-3.27,-0.47,17.6,OHLC,—,HH/HL,DT,False,262,4,universe
PCN,2026-09-16,11.27,0.1,False,11.63,-0.019,-1.07,False,98.1,-0.02,98.1,True,0.93,0.54,16.2,1.1,D 趨勢弱,True,7:52,235.9,跌,81.0,11,True,0.0,-0.0552,-0.0572,-0.0572,True,False,-3.22,-3.46,11.8,-4.7,-5.06,4.6,OHLC,↓,LH/LL,DT,False,262,3,universe
MUC,2026-09-16,10.15,0.11,False,10.52,-0.024,-0.86,False,97.9,-0.05,97.9,True,1.06,0.53,20.1,2.1,D 趨勢弱,True,8:49,264.6,跌,149.0,19,True,0.0,-0.0356,-0.037,-0.0431,True,False,-3.67,-3.47,10.63,-4.74,-4.48,4.8,OHLC,↓,LH/LL,DT,False,262,3,universe
PTY,2026-09-16,11.29,0.11,False,11.65,-0.02,-1.0,False,97.9,-0.11,98.0,True,0.99,0.59,13.1,1.0,D 趨勢弱,True,6:15,187.3,跌,54.0,5,True,0.0,-0.0563,-0.0564,-0.0564,True,False,-3.17,-3.19,11.85,-4.96,-4.99,15.4,OHLC,↓,LH/LL,DT,False,262,3,universe
WDI,2026-09-16,12.24,0.13,False,12.76,-0.04,-1.44,False,97.6,-0.04,97.6,True,1.06,0.64,10.8,0.9,D 趨勢弱,True,8:49,264.6,跌,135.0,18,True,0.0,-0.0442,-0.0499,-0.0771,True,False,-4.22,-3.99,12.93,-5.64,-5.33,3.6,OHLC,↓,LH/LL,DT,False,262,3,universe
NVG,2026-09-16,11.37,0.14,False,12.01,-0.05,-1.65,False,97.1,-0.02,97.1,True,1.23,0.65,12.3,1.6,D 趨勢弱,True,8:49,264.6,跌,203.0,19,True,0.0,-0.0641,-0.0661,-0.0661,True,False,-5.65,-4.59,12.29,-8.09,-6.58,8.1,OHLC,↓,LH/LL,DT,False,262,3,universe
NMZ,2026-09-16,9.44,0.12,False,9.88,-0.041,-1.52,False,96.9,-0.49,97.4,True,1.26,0.66,15.4,3.3,D 趨勢弱,True,8:49,264.6,跌,110.0,20,True,0.0,-0.0475,-0.0556,-0.0556,True,False,-4.61,-3.65,10.16,-7.63,-6.04,9.1,OHLC,↓,LH/LL,DT,False,262,3,universe
NZF,2026-09-16,11.32,0.15,False,11.92,-0.088,-1.74,False,96.7,-0.1,96.8,True,1.34,0.66,14.3,1.4,D 趨勢弱,True,8:49,264.6,跌,158.0,18,True,0.0,-0.0683,-0.0707,-0.0707,True,False,-5.28,-3.95,12.46,-10.07,-7.53,8.8,OHLC,↓,LH/LL,DT,False,262,3,universe
NAC,2026-09-16,10.78,0.16,False,11.37,-0.045,-1.58,False,95.9,-0.01,95.9,True,1.48,0.76,14.9,1.9,D 趨勢弱,True,8:49,264.6,跌,175.0,19,True,0.0,-0.074,-0.0784,-0.0784,True,False,-5.5,-3.71,11.78,-9.28,-6.26,7.8,OHLC,↓,LH/LL,DT,False,262,3,universe
CTO,2026-09-16,20.7,0.34,False,21.56,-0.047,-0.64,False,94.2,-0.17,94.3,True,1.63,1.12,53.8,-0.2,C 基底修復,True,8:49,264.6,跌,468.0,38,True,0.0,-0.0917,-0.0946,-0.1016,True,False,-4.17,-2.56,21.68,-4.73,-2.91,7.4,OHLC,↓,LH/LL,DT,False,262,3,universe
AVA,2026-09-16,36.74,0.64,False,37.85,-0.102,-1.06,True,93.7,0.14,93.6,True,1.75,1.11,15.5,2.2,D 趨勢弱,False,3:53,116.7,跌,15.0,2,True,0.0,-0.0046,-0.0209,-0.3901,True,False,-3.02,-1.73,37.91,-3.18,-1.82,24.9,OHLC,↓,LH/LL,DT,False,262,3,universe
ES,2026-09-16,67.86,1.29,False,70.88,-0.188,-0.7,True,92.8,0.24,92.5,True,1.9,1.2,33.2,2.1,D 趨勢弱,False,5:44,171.8,跌,45.0,5,True,0.0,-0.3074,-0.3158,-0.4512,True,False,-4.45,-2.34,71.67,-5.61,-2.95,129.1,OHLC,↓,LH/LL,DT,False,262,3,universe
SPH,2026-09-16,17.01,0.28,False,17.53,-0.03,-0.84,True,92.7,0.19,92.5,True,1.67,1.45,16.6,2.4,D 趨勢弱,False,4:51,145.3,跌,31.0,7,True,0.0,-0.0495,-0.0547,-0.1107,True,False,-3.06,-1.83,,,,3.2,OHLC,—,HH/HL,DT,False,262,3,universe
OUT,2026-09-16,28.18,0.67,False,30.07,-0.109,-0.73,False,89.7,-0.28,90.0,True,2.4,1.4,40.0,1.7,C 基底修復,True,6:47,203.7,跌,63.0,9,True,0.0,-0.0607,-0.0635,-0.2722,True,False,-6.7,-2.8,30.66,-8.8,-3.67,39.4,OHLC,↓,LH/LL,DT,False,262,3,universe
AIT,2026-09-16,315.11,7.96,False,338.34,-1.532,-0.49,False,88.3,-0.2,88.5,True,2.53,1.57,46.2,-0.0,D 趨勢弱,True,8:49,264.6,跌,196.0,21,True,0.0,-1.1196,-1.1603,-4.1269,True,False,-7.37,-2.92,326.66,-3.67,-1.45,84.7,OHLC,—,LH/LL,DT,True,262,3,universe
AX,2026-09-16,92.54,2.37,False,97.26,-0.718,-0.78,False,88.0,-0.27,88.3,True,2.56,1.6,33.5,-7.2,C 基底修復,True,8:49,264.6,跌,274.0,27,True,0.0,-0.4379,-0.4489,-0.8177,True,False,-5.1,-1.99,97.95,-5.85,-2.28,26.6,OHLC,↓,LH/LL,DT,False,262,3,universe
HE,2026-09-16,10.23,0.28,False,11.29,-0.066,-1.39,True,87.4,0.28,87.1,True,2.76,1.53,1.6,-0.4,D 趨勢弱,False,5:22,161.2,跌,40.0,6,True,0.0,-0.0338,-0.0406,-0.1429,True,False,-10.39,-3.76,11.6,-13.39,-4.85,25.2,OHLC,↓,LH/LL,DT,False,262,3,universe
IIIN,2026-09-16,30.25,0.77,False,31.18,-0.116,-0.16,False,86.5,-0.03,86.6,True,2.54,1.92,18.3,0.6,C 基底修復,True,8:49,264.6,跌,329.0,23,True,0.0,-0.0601,-0.0778,-0.3457,True,False,-3.06,-1.2,31.09,-2.78,-1.09,4.6,OHLC,—,LH/LL,DT,True,262,3,universe
PFGC,2026-09-16,91.06,2.6,False,103.23,-0.732,-1.37,False,85.9,-0.22,86.2,True,2.85,1.74,19.8,3.5,D 趨勢弱,True,8:49,264.6,跌,671.0,47,True,0.0,-0.7257,-0.8084,-1.4002,True,False,-13.36,-4.69,105.78,-16.17,-5.67,130.7,OHLC,↓,LH/LL,自然反彈,False,262,3,universe
SAFE,2026-09-16,13.82,0.37,False,14.97,-0.125,-1.48,True,85.6,0.41,85.2,True,2.68,1.97,15.5,2.0,D 趨勢弱,False,5:38,168.8,跌,44.0,7,True,0.0,-0.1221,-0.1278,-0.1629,True,False,-8.3,-3.1,15.52,-12.3,-4.59,4.6,OHLC,↓,LH/LL,DT,False,262,3,universe
DEI,2026-09-16,10.36,0.31,False,11.39,-0.075,-0.91,False,85.3,-0.2,85.5,True,3.0,1.71,10.5,0.3,D 趨勢弱,True,8:49,264.6,跌,104.0,11,True,0.0,-0.1137,-0.1167,-0.1167,True,False,-9.93,-3.3,11.89,-14.77,-4.91,15.0,OHLC,↓,LH/LL,DT,False,262,3,universe
JCI,2026-09-16,140.47,3.89,False,145.79,-0.458,-0.23,True,85.1,0.33,84.8,True,2.77,1.99,39.9,2.5,C 基底修復,False,4:32,136.0,跌,26.0,3,True,0.0,-0.2795,-0.31,-1.4224,True,False,-3.78,-1.37,145.41,-3.52,-1.27,448.7,OHLC,↓,LH/LL,自然回檔,False,262,3,universe
WH,2026-09-16,68.17,2.03,False,72.8,-0.297,-0.6,False,85.0,-0.09,85.1,True,2.98,1.79,9.0,-7.7,D 趨勢弱,True,8:49,264.6,跌,107.0,11,True,0.0,-0.3882,-0.4398,-0.6485,True,False,-6.79,-2.28,76.84,-12.72,-4.27,78.4,OHLC,↓,LH/LL,DT,False,262,3,universe
GE,2026-09-16,312.9,9.29,False,345.43,-2.441,-0.98,False,84.7,-0.08,84.8,True,2.97,1.87,10.9,1.4,D 趨勢弱,True,8:49,264.6,跌,152.0,24,True,0.0,-2.5217,-2.7431,-4.8238,True,False,-10.4,-3.5,337.12,-7.74,-2.61,1210.4,OHLC,↓,LH/LL,DT,False,262,3,universe
BDN,2026-09-16,2.92,0.09,False,3.09,-0.013,-0.17,False,82.5,-0.23,82.8,True,3.12,2.14,27.0,3.2,D 趨勢弱,True,8:49,264.6,跌,122.0,12,True,0.0,-0.016,-0.0161,-0.0205,True,False,-5.77,-1.85,3.12,-6.85,-2.2,5.0,OHLC,↓,LH/LL,DT,False,262,3,universe
GFF,2026-09-16,93.21,2.75,False,100.13,-0.09,0.34,False,81.8,-0.03,81.8,True,2.95,2.45,40.7,2.3,C 基底修復,True,8:49,264.6,跌,179.0,19,True,0.0,-0.8233,-0.8452,-1.1917,True,False,-7.43,-2.52,99.73,-6.99,-2.37,29.1,OHLC,↓,LH/LL,DT,False,262,3,universe
PTCT,2026-09-16,67.59,2.17,False,70.41,-0.09,-0.26,True,80.7,0.4,80.3,True,3.21,2.39,24.5,2.2,D 趨勢弱,False,5:23,161.3,跌,40.0,7,True,0.0,-0.2245,-0.3642,-1.4221,True,False,-4.18,-1.3,70.26,-3.95,-1.23,59.8,OHLC,↓,LH/LL,自然反彈,False,262,3,universe
WOR,2026-09-16,58.84,2.04,False,58.3,-0.017,-0.03,False,79.9,-2.59,82.5,True,3.46,2.29,53.6,32.3,C 基底修復,False,4:31,135.6,跌,25.0,4,True,0.0,-0.354,-0.5393,-0.5393,True,True,0.92,0.27,56.39,4.16,1.2,19.3,OHLC,—,HH/HL,自然反彈,False,262,3,universe
CHDN,2026-09-16,82.65,2.96,False,87.39,-0.219,-0.01,False,79.8,-1.09,80.9,True,3.58,2.2,7.1,3.4,D 趨勢弱,True,8:49,264.6,跌,127.0,15,True,0.0,-0.7755,-0.8732,-0.8732,True,False,-5.74,-1.6,90.28,-9.23,-2.58,79.5,OHLC,↓,LH/LL,自然反彈,False,262,3,universe
CMC,2026-09-16,65.82,2.26,False,69.34,-0.19,-0.25,True,78.6,0.07,78.5,True,3.43,2.57,20.5,0.0,D 趨勢弱,False,5:12,156.2,跌,37.0,4,True,0.0,-0.3308,-0.34,-0.9621,True,False,-5.35,-1.56,65.71,0.17,0.05,71.9,OHLC,—,HH/HL,DT,False,262,3,universe
NWPX,2026-09-16,102.35,3.99,False,111.19,-0.951,-1.29,True,77.8,0.57,77.2,True,3.9,2.26,49.9,0.1,D 趨勢弱,False,5:32,165.8,跌,42.0,5,True,0.0,-0.2332,-0.3322,-2.0914,True,False,-8.64,-2.21,111.75,-9.18,-2.36,14.8,OHLC,↓,LH/LL,DT,False,262,3,universe
FLS,2026-09-16,72.31,2.64,False,77.98,-0.285,-0.09,False,77.5,-0.1,77.6,True,3.66,2.55,24.2,12.5,D 趨勢弱,True,6:56,208.2,跌,66.0,13,True,0.0,-0.9553,-1.0637,-1.0637,True,False,-7.84,-2.14,74.46,-2.97,-0.81,117.3,OHLC,↓,LH/LL,DT,False,262,3,universe
ERII,2026-09-16,7.1,0.3,False,7.79,-0.056,-0.87,True,75.7,0.74,75.0,True,4.18,2.37,2.2,2.2,D 趨勢弱,False,5:51,175.3,跌,47.0,6,True,0.0,-0.0398,-0.0402,-0.0938,True,False,-9.74,-2.33,7.55,-6.34,-1.52,7.3,OHLC,↓,LH/LL,DT,False,262,3,universe
NPO,2026-09-16,287.16,11.2,False,313.85,-2.042,-0.4,True,75.3,0.47,74.8,True,3.9,2.72,35.5,-0.2,D 趨勢弱,False,4:39,139.7,跌,28.0,3,True,0.0,-0.5948,-0.7376,-3.5024,True,False,-9.29,-2.38,301.08,-4.85,-1.24,41.4,OHLC,—,LH/LL,DT,True,262,3,universe
ORA,2026-09-16,91.89,3.58,False,103.77,-0.535,-0.4,True,75.0,0.91,74.1,True,3.9,2.77,0.0,0.0,D 趨勢弱,False,5:41,170.7,跌,45.0,6,True,0.0,-1.4507,-1.4916,-1.4916,True,False,-12.93,-3.31,,,,82.3,OHLC,—,HH/HL,DT,False,262,3,universe
PRKS,2026-09-16,36.13,1.65,False,41.79,-0.709,-1.22,True,74.6,0.17,74.4,False,4.57,2.19,6.9,-0.5,D 趨勢弱,True,8:16,248.2,跌,88.0,16,True,0.0,-0.4808,-0.523,-0.5907,True,False,-15.67,-3.43,40.91,-13.23,-2.9,21.9,OHLC,↓,LH/LL,DT,False,262,3,universe
TEX,2026-09-16,58.82,2.4,False,64.05,-0.24,-0.27,True,74.3,0.59,73.7,False,4.09,2.74,25.7,1.7,D 趨勢弱,True,8:49,264.6,跌,243.0,21,True,0.0,-0.43,-0.4644,-0.6636,True,False,-8.9,-2.18,63.23,-7.5,-1.83,55.4,OHLC,↓,LH/LL,DT,False,262,3,universe
TRNS,2026-09-16,83.64,3.62,False,90.01,-0.311,-0.01,True,74.3,0.22,74.1,False,4.33,2.48,44.8,6.0,D 趨勢弱,True,8:49,264.6,跌,141.0,19,True,0.0,-0.4027,-0.5996,-0.9213,True,False,-7.62,-1.76,84.31,-0.8,-0.18,8.0,OHLC,—,LH/LL,自然反彈,True,262,3,universe
IRON,2026-09-16,68.57,3.13,False,77.43,-0.298,-0.5,True,74.2,0.71,73.5,False,4.56,2.27,10.0,1.3,D 趨勢弱,True,8:49,264.6,跌,112.0,13,True,0.0,-1.5027,-1.5619,-1.5619,True,False,-12.91,-2.83,79.21,-15.52,-3.4,34.3,OHLC,↓,LH/LL,DT,False,262,3,universe
ATI,2026-09-16,189.65,8.23,False,211.2,-0.065,0.14,True,73.5,0.58,72.9,False,4.34,2.62,49.6,0.9,D 趨勢弱,True,8:49,264.6,跌,139.0,19,True,0.0,-2.8464,-2.9757,-3.0525,True,False,-11.36,-2.62,210.65,-11.07,-2.55,359.3,OHLC,↓,LH/LL,DT,False,262,3,universe
AGYS,2026-09-16,105.46,4.27,False,111.5,-0.167,-0.07,True,72.1,0.7,71.4,False,4.05,3.17,49.7,2.9,C 基底修復,True,8:26,253.1,跌,91.0,11,True,0.0,-1.2717,-1.3706,-2.2983,True,False,-5.73,-1.41,104.33,1.07,0.26,23.4,OHLC,—,HH/HL,自然回檔,False,262,3,universe
TPC,2026-09-16,85.85,3.39,False,91.45,-0.011,0.26,True,72.0,1.02,71.0,False,3.94,3.3,47.7,1.0,D 趨勢弱,True,8:49,264.6,跌,215.0,20,True,0.0,-0.5917,-0.6501,-1.2071,True,False,-6.52,-1.65,89.13,-3.82,-0.97,36.3,OHLC,—,LH/LL,DT,True,262,3,universe
WSC,2026-09-16,18.07,0.83,False,21.81,-0.206,-0.89,True,71.9,0.22,71.7,False,4.6,2.67,5.5,0.1,D 趨勢弱,True,8:49,264.6,跌,195.0,28,True,0.0,-0.0712,-0.0854,-0.3572,True,False,-20.67,-4.49,19.98,-10.57,-2.3,48.5,OHLC,↓,LH/LL,DT,False,262,3,universe
SE,2026-09-16,103.5,4.26,False,117.11,-0.312,-0.06,True,71.6,0.81,70.8,False,4.12,3.2,25.3,1.8,D 趨勢弱,True,8:49,264.6,跌,239.0,20,True,0.0,-1.6605,-1.6846,-1.6846,True,False,-13.15,-3.19,108.68,-5.0,-1.22,375.9,OHLC,↓,LH/LL,DT,False,262,3,universe
MGPI,2026-09-16,14.36,0.66,False,16.68,-0.114,-0.96,True,71.5,0.64,70.9,False,4.58,2.76,0.0,0.0,D 趨勢弱,True,8:49,264.6,跌,149.0,23,True,0.0,-0.2381,-0.2493,-0.2503,True,False,-16.14,-3.52,17.06,-18.8,-4.11,3.0,OHLC,↓,LH/LL,DT,False,262,3,universe
PTON,2026-09-16,4.84,0.19,False,5.39,-0.065,-1.23,True,71.1,0.87,70.2,False,4.0,3.43,19.9,3.7,D 趨勢弱,True,6:28,193.9,跌,58.0,7,True,0.0,-0.0239,-0.0247,-0.1303,True,False,-11.28,-2.82,5.4,-11.57,-2.9,37.2,OHLC,↓,LH/LL,DT,False,262,3,universe
DIN,2026-09-16,27.48,1.35,False,32.63,-0.38,-1.29,True,70.6,1.14,69.4,False,4.9,2.62,6.2,-0.2,D 趨勢弱,True,8:49,264.6,跌,462.0,50,True,0.0,-0.5466,-0.5919,-0.6337,True,False,-18.73,-3.82,29.01,-5.57,-1.14,7.5,OHLC,↓,LH/LL,DT,False,262,3,universe
BIRK,2026-09-16,30.44,1.4,False,36.21,-0.197,-0.75,True,70.5,1.18,69.4,False,4.6,2.93,10.0,0.0,D 趨勢弱,True,8:49,264.6,跌,125.0,20,True,0.0,-0.2044,-0.2562,-0.5497,True,False,-18.95,-4.12,36.18,-18.86,-4.1,75.9,OHLC,↓,LH/LL,DT,False,262,3,universe
AIR,2026-09-16,117.23,5.24,False,136.33,-1.016,-0.65,True,70.4,0.61,69.8,False,4.47,3.08,38.1,0.2,D 趨勢弱,True,8:49,264.6,跌,211.0,20,True,0.0,-1.3028,-1.3194,-2.2135,True,False,-16.29,-3.64,130.73,-11.52,-2.58,39.1,OHLC,↓,LH/LL,DT,False,262,3,universe
ENTA,2026-09-16,12.7,0.62,False,13.42,-0.023,-0.11,True,70.2,1.13,69.1,False,4.9,2.68,26.2,8.0,C 基底修復,True,6:04,181.9,跌,51.0,6,True,0.0,-0.1431,-0.1489,-0.1563,True,False,-5.69,-1.16,13.12,-3.31,-0.67,3.2,OHLC,↓,LH/LL,自然反彈,False,262,3,universe
HROW,2026-09-16,34.21,1.65,False,38.74,-0.154,-0.47,True,69.7,1.11,68.6,False,4.84,2.86,11.7,1.7,D 趨勢弱,True,8:49,264.6,跌,105.0,14,True,0.0,-0.4484,-0.4762,-0.9065,True,False,-13.24,-2.74,39.05,-14.15,-2.92,16.3,OHLC,↓,LH/LL,DT,False,262,3,universe
IRTC,2026-09-16,111.82,5.25,False,122.16,-0.381,-0.21,True,69.5,0.91,68.6,False,4.69,3.04,20.6,7.2,D 趨勢弱,True,8:49,264.6,跌,136.0,16,True,0.0,-1.2834,-1.2938,-1.5567,True,False,-9.25,-1.97,114.72,-2.59,-0.55,57.6,OHLC,↓,LH/LL,DT,False,262,3,universe
SCCO,2026-09-16,189.88,8.69,False,201.12,-0.045,0.14,True,69.4,0.33,69.1,False,4.58,3.17,50.6,1.0,C 基底修復,True,8:49,264.6,跌,116.0,11,True,0.0,-2.9425,-2.9928,-2.9928,True,False,-5.92,-1.29,192.04,-1.14,-0.25,224.2,OHLC,↓,LH/LL,DT,False,262,3,universe
MPWR,2026-09-16,1147.61,52.41,False,1286.36,-9.695,-0.78,True,67.6,0.49,67.1,False,4.57,3.52,25.0,0.1,D 趨勢弱,True,8:49,264.6,跌,138.0,20,True,0.0,-8.1419,-8.5726,-11.59,True,False,-12.09,-2.65,1234.46,-7.57,-1.66,680.8,OHLC,—,LH/LL,DT,True,262,3,universe
CASY,2026-09-16,589.0,31.01,False,720.66,-10.016,-1.63,True,67.2,1.12,66.1,False,5.27,2.91,5.6,0.0,D 趨勢弱,True,8:49,264.6,跌,376.0,31,True,0.0,-17.3462,-18.4776,-18.6555,True,False,-22.35,-4.25,767.98,-30.39,-5.77,352.2,OHLC,↓,LH/LL,DT,False,262,3,universe
GEV,2026-09-16,925.09,42.93,False,958.43,-4.735,-0.3,True,66.8,0.35,66.4,False,4.64,3.61,39.6,14.1,D 趨勢弱,False,4:10,125.0,跌,19.0,3,True,0.0,-0.7138,-2.534,-18.7858,True,True,-3.6,-0.78,953.83,-3.11,-0.67,1958.9,OHLC,↓,LH/LL,自然反彈,False,262,3,universe
RELY,2026-09-16,22.15,1.11,False,24.92,-0.094,-0.35,True,66.7,0.9,65.8,False,5.01,3.27,35.9,1.6,D 趨勢弱,True,7:44,232.2,跌,79.0,8,True,0.0,-0.565,-0.6104,-0.6104,True,False,-12.49,-2.49,,,,81.7,OHLC,—,HH/HL,DT,False,262,3,universe
SMPL,2026-09-16,10.19,0.5,False,10.83,-0.043,-0.25,True,66.4,1.06,65.4,False,4.88,3.45,19.0,17.1,D 趨勢弱,True,6:49,204.5,跌,64.0,6,True,0.0,-0.1019,-0.1257,-0.3026,True,False,-6.29,-1.29,10.66,-4.61,-0.95,21.4,OHLC,↓,LH/LL,自然反彈,False,262,3,universe
RCUS,2026-09-16,24.65,1.34,False,28.13,-0.199,-0.78,True,66.0,2.43,63.5,False,5.43,2.99,23.7,0.8,D 趨勢弱,True,8:20,250.0,跌,89.0,12,True,0.0,-0.6928,-0.7392,-0.7392,True,False,-14.1,-2.6,28.8,-16.84,-3.1,37.0,OHLC,↓,LH/LL,自然反彈,False,262,3,universe
CLF,2026-09-16,12.15,0.57,False,11.9,-0.001,0.13,True,64.8,0.29,64.5,False,4.73,3.91,58.1,1.5,C 基底修復,False,4:21,130.4,跌,22.0,3,True,0.0,-0.023,-0.0395,-0.1652,True,True,2.09,0.44,12.23,-0.66,-0.14,170.3,OHLC,—,HH/HL,自然反彈,True,262,3,universe
PLAB,2026-09-16,27.85,1.46,False,30.32,-0.119,-0.17,True,64.7,0.95,63.7,False,5.23,3.44,17.2,0.1,D 趨勢弱,True,8:49,264.6,跌,137.0,19,True,0.0,-0.0811,-0.1112,-0.4662,True,False,-8.87,-1.7,29.36,-5.42,-1.04,46.7,OHLC,—,LH/LL,次級反彈,True,262,3,universe
VSEC,2026-09-16,184.81,9.87,False,215.41,-1.481,-0.23,True,64.0,1.02,63.0,False,5.34,3.47,16.7,0.9,D 趨勢弱,True,8:49,264.6,跌,127.0,18,True,0.0,-3.1829,-3.5027,-4.0858,True,False,-16.56,-3.1,206.72,-11.86,-2.22,58.6,OHLC,↓,LH/LL,自然反彈,False,262,3,universe
WOOF,2026-09-16,2.35,0.14,False,2.67,-0.014,-0.42,True,63.3,0.93,62.4,False,6.05,2.9,2.0,2.0,D 趨勢弱,True,8:49,264.6,跌,141.0,16,True,0.0,-0.0326,-0.0326,-0.0336,True,False,-13.73,-2.27,2.59,-10.21,-1.69,6.6,OHLC,↓,LH/LL,DT,False,262,3,universe
JOBY,2026-09-16,6.08,0.33,False,7.4,-0.056,-0.52,True,62.5,0.34,62.1,False,5.35,3.77,10.0,0.0,D 趨勢弱,True,8:49,264.6,跌,154.0,18,True,0.0,-0.0558,-0.057,-0.0918,True,False,-21.68,-4.05,6.87,-12.99,-2.43,158.7,OHLC,↓,LH/LL,DT,False,262,3,universe
CTRN,2026-09-16,58.2,3.44,False,68.82,-0.554,-0.5,True,62.3,0.93,61.4,False,5.9,3.26,30.2,-2.5,D 趨勢弱,True,8:49,264.6,跌,275.0,22,True,0.0,-1.5323,-1.541,-1.541,True,False,-18.25,-3.09,63.44,-9.0,-1.53,10.7,OHLC,↓,LH/LL,DT,False,262,3,universe
QUBT,2026-09-16,8.0,0.41,False,8.5,-0.053,-0.06,True,61.2,1.15,60.0,False,5.11,4.28,14.6,1.3,D 趨勢弱,True,8:49,264.6,跌,203.0,17,True,0.0,-0.0084,-0.0206,-0.0753,True,False,-6.2,-1.21,8.22,-2.75,-0.54,52.3,OHLC,—,LH/LL,自然反彈,True,262,3,universe
FTAI,2026-09-16,189.83,10.65,False,201.15,-1.668,-0.47,True,60.2,0.65,59.6,False,5.61,3.98,1.0,-9.3,D 趨勢弱,True,8:49,264.6,跌,167.0,19,True,0.0,-0.347,-1.2764,-3.3409,True,False,-5.97,-1.06,186.06,1.99,0.35,257.3,OHLC,↓,LH/LL,自然反彈,False,262,3,universe
MAMA,2026-09-16,14.25,0.87,False,15.83,-0.274,-1.16,True,59.7,0.96,58.7,False,6.09,3.61,14.6,0.7,D 趨勢弱,True,8:49,264.6,跌,267.0,28,True,0.0,-0.1607,-0.1885,-0.3702,True,False,-11.12,-1.82,16.48,-15.65,-2.57,10.8,OHLC,↓,LH/LL,自然反彈,False,262,3,universe
ALNT,2026-09-16,94.76,5.17,True,101.42,0.06,0.25,True,58.8,1.35,57.4,False,5.46,4.44,64.8,13.6,B 上升結構,False,4:28,134.1,跌,24.0,3,True,0.0,-0.134,-0.321,-2.3408,True,False,-7.02,-1.29,90.55,4.44,0.81,20.9,OHLC,↑,HH/HL,次級反彈,False,262,3,universe
OMDA,2026-09-16,19.76,1.18,False,22.69,-0.01,0.01,True,58.6,1.25,57.4,False,5.96,3.98,37.0,10.5,D 趨勢弱,True,8:49,264.6,跌,132.0,13,True,0.0,-0.4842,-0.502,-0.6194,True,False,-14.82,-2.49,20.5,-3.74,-0.63,22.2,OHLC,↓,LH/LL,自然回檔,False,262,3,universe
AVTX,2026-09-16,16.58,1.08,False,18.71,-0.115,-0.61,True,57.1,3.39,53.7,False,6.5,3.78,17.9,2.8,D 趨勢弱,True,8:49,264.6,跌,97.0,13,True,0.0,-0.4038,-0.4529,-0.4529,True,False,-12.84,-1.98,19.71,-18.88,-2.91,15.5,OHLC,↓,LH/LL,自然反彈,False,262,3,universe
RH,2026-09-16,126.52,8.35,False,152.46,-2.552,-1.43,True,56.4,0.78,55.6,False,6.6,3.81,5.0,0.0,D 趨勢弱,True,8:49,264.6,跌,236.0,25,True,0.0,-1.5093,-1.5348,-5.2971,True,False,-20.5,-3.11,,,,110.6,OHLC,—,HH/HL,DT,False,262,3,universe
DFTX,2026-09-16,37.85,2.39,False,42.18,-0.138,-0.37,True,56.1,10.71,45.4,False,6.31,4.17,41.9,-0.1,D 趨勢弱,True,8:49,264.6,跌,412.0,47,True,0.0,-0.2573,-0.3123,-1.1113,True,False,-11.44,-1.81,40.25,-6.34,-1.0,77.1,OHLC,↓,LH/LL,自然反彈,False,262,3,universe
TNDM,2026-09-16,17.53,1.17,False,20.57,-0.21,-0.38,True,55.5,0.71,54.8,False,6.68,3.95,9.5,-8.8,D 趨勢弱,True,8:49,264.6,跌,106.0,18,True,0.0,-0.594,-0.697,-0.697,True,False,-17.35,-2.6,22.01,-25.56,-3.83,28.2,OHLC,↓,LH/LL,自然反彈,False,262,3,universe
BEAM,2026-09-16,23.1,1.55,False,27.25,-0.157,-0.31,True,55.3,0.87,54.4,False,6.73,3.95,1.1,-2.0,D 趨勢弱,True,6:57,208.6,跌,66.0,7,True,0.0,-0.6555,-0.6601,-1.0454,True,False,-17.95,-2.67,,,,45.5,OHLC,—,HH/HL,DT,False,262,3,universe
AXON,2026-09-16,468.42,30.54,False,549.1,-9.66,-0.82,True,52.0,1.02,50.9,False,6.52,4.94,10.0,5.0,D 趨勢弱,True,8:49,264.6,跌,102.0,17,True,0.0,-11.532,-13.3891,-15.117,True,False,-17.22,-2.64,490.18,-4.65,-0.71,445.4,OHLC,↓,LH/LL,自然反彈,False,262,3,universe
BBW,2026-09-16,26.37,1.76,False,31.84,-0.22,-0.46,True,51.2,1.31,49.9,False,6.66,4.98,0.0,0.0,D 趨勢弱,True,7:56,238.2,跌,82.0,14,True,0.0,-0.5602,-0.6484,-1.1172,True,False,-20.73,-3.11,31.5,-19.45,-2.92,26.1,OHLC,↓,LH/LL,自然反彈,False,262,3,universe
EDIT,2026-09-16,2.71,0.19,False,3.0,-0.005,-0.1,True,50.8,1.97,48.8,False,7.11,4.63,32.6,-6.4,D 趨勢弱,True,6:16,188.2,跌,55.0,7,True,0.0,-0.0543,-0.0598,-0.0823,True,False,-10.82,-1.52,2.62,3.32,0.47,7.5,OHLC,—,HH/HL,自然反彈,False,262,3,universe
BLMN,2026-09-16,8.04,0.55,False,10.51,-0.032,-0.23,True,50.0,1.38,48.6,False,6.82,5.12,29.9,-0.4,D 趨勢弱,True,8:49,264.6,跌,200.0,16,True,0.0,-0.2871,-0.2883,-0.2888,True,False,-30.72,-4.5,8.91,-10.82,-1.59,15.2,OHLC,↓,LH/LL,DT,False,262,3,universe
IPX,2026-09-16,19.23,1.38,False,21.55,-0.415,-0.63,True,49.5,0.87,48.6,False,7.18,4.89,0.0,-10.0,D 趨勢弱,True,6:12,186.0,跌,53.0,5,True,0.0,-0.2152,-0.2835,-0.2835,True,False,-12.08,-1.68,17.4,9.52,1.33,6.1,OHLC,—,HH/HL,自然反彈,False,262,3,universe
ABSI,2026-09-16,8.04,0.55,False,8.95,-0.016,0.18,True,45.1,1.71,43.4,False,6.85,6.4,52.0,0.5,D 趨勢弱,True,8:49,264.6,跌,138.0,13,True,0.0,-0.1293,-0.1375,-0.5065,True,False,-11.28,-1.65,9.63,-19.78,-2.89,22.7,OHLC,↓,LH/LL,DT,False,262,3,universe
WW,2026-09-16,15.44,1.37,False,16.01,-0.024,0.03,True,42.5,1.31,41.2,False,8.9,5.11,16.3,3.9,D 趨勢弱,False,4:39,139.3,跌,27.0,5,True,0.0,-0.2194,-0.2443,-0.2443,True,True,-3.68,-0.41,16.69,-8.1,-0.91,3.2,OHLC,↓,LH/LL,自然反彈,False,262,3,universe
QDEL,2026-09-16,10.77,0.9,False,13.65,-0.19,-1.08,True,40.1,1.33,38.7,False,8.31,6.46,0.0,0.0,D 趨勢弱,True,6:51,205.6,跌,64.0,10,True,0.0,-0.3198,-0.3236,-0.4885,True,False,-26.77,-3.22,13.67,-26.93,-3.24,14.8,OHLC,↓,LH/LL,DT,False,262,3,universe
CRBP,2026-09-16,7.26,0.77,False,9.07,-0.08,-1.69,True,39.7,1.79,37.9,False,10.56,4.35,5.0,0.0,D 趨勢弱,True,6:43,201.6,跌,62.0,7,True,0.0,-0.4862,-0.4871,-0.4871,True,False,-24.9,-2.36,,,,9.5,OHLC,—,HH/HL,自然反彈,False,262,3,universe
ALAB,2026-09-16,269.18,22.74,False,300.61,-5.759,-0.35,True,39.5,1.87,37.6,False,8.45,6.53,31.6,-9.4,D 趨勢弱,True,6:08,183.9,跌,52.0,3,True,0.0,-1.6359,-1.9185,-15.926,True,False,-11.68,-1.38,304.09,-12.97,-1.54,916.2,OHLC,↓,LH/LL,自然反彈,False,262,3,universe
LWLG,2026-09-16,4.83,0.41,False,6.31,-0.154,-0.65,True,39.5,1.75,37.7,False,8.41,6.56,20.4,0.9,D 趨勢弱,True,8:49,264.6,跌,136.0,19,True,0.0,-0.0202,-0.0295,-0.1332,True,False,-30.67,-3.65,5.6,-15.94,-1.9,11.4,OHLC,↓,LH/LL,自然反彈,False,262,3,universe
OUST,2026-09-16,33.99,2.55,False,40.37,-0.472,-0.16,True,39.0,1.36,37.6,False,7.51,7.63,41.7,0.4,D 趨勢弱,True,8:49,264.6,跌,162.0,19,True,0.0,-0.125,-0.1754,-1.4584,True,False,-18.77,-2.5,36.54,-7.5,-1.0,69.1,OHLC,—,LH/LL,自然反彈,True,262,3,universe
VELO,2026-09-16,9.99,0.92,False,13.34,-0.072,0.31,True,35.3,2.33,33.0,False,9.18,7.28,25.0,0.0,D 趨勢弱,True,8:49,264.6,跌,111.0,16,True,0.0,-0.1998,-0.2232,-0.3902,True,False,-33.55,-3.66,11.96,-19.72,-2.15,9.0,OHLC,↓,LH/LL,DT,False,262,3,universe
MEI,2026-09-16,13.28,1.23,False,16.07,-0.045,-0.06,True,34.5,0.96,33.5,False,9.29,7.49,36.5,0.3,D 趨勢弱,True,6:42,200.8,跌,62.0,8,True,0.0,-0.3991,-0.416,-0.443,True,False,-21.0,-2.26,14.65,-10.32,-1.11,10.6,OHLC,↓,LH/LL,DT,False,262,3,universe
SLS,2026-09-16,11.66,1.11,False,13.17,-0.001,0.1,True,34.5,1.87,32.6,False,9.55,7.22,44.9,1.6,D 趨勢弱,True,7:40,229.8,跌,78.0,11,True,0.0,-0.3675,-0.3703,-0.526,True,False,-12.97,-1.36,14.54,-24.7,-2.59,91.9,OHLC,↓,LH/LL,自然反彈,False,262,3,universe
AEVA,2026-09-16,14.4,1.32,False,19.82,-0.142,-0.14,True,33.6,1.29,32.3,False,9.16,7.95,20.0,0.0,D 趨勢弱,True,8:49,264.6,跌,183.0,19,True,0.0,-0.0634,-0.0838,-0.7789,True,False,-37.63,-4.11,15.52,-7.78,-0.85,20.9,OHLC,—,LH/LL,DT,True,262,3,universe
AAOI,2026-09-16,96.74,9.59,False,124.39,-1.037,0.19,True,31.6,1.14,30.5,False,9.92,8.05,32.4,2.2,D 趨勢弱,True,8:49,264.6,跌,186.0,17,True,0.0,-1.1173,-1.208,-2.7348,True,False,-28.58,-2.88,105.36,-8.91,-0.9,703.5,OHLC,—,LH/LL,DT,True,262,3,universe
XPON,2026-09-16,4.84,0.93,False,7.27,-0.0,-0.01,True,13.8,0.36,13.4,False,19.12,12.34,30.7,5.7,D 趨勢弱,True,6:54,207.2,跌,65.0,7,True,0.0,-0.2298,-0.2303,-0.2303,True,False,-50.22,-2.63,4.57,5.58,0.29,34.8,OHLC,—,HH/HL,次級回檔,True,262,3,universe
SDOT,2026-09-16,12.44,2.68,True,20.06,0.007,0.03,True,6.6,0.75,5.8,False,21.54,27.08,15.0,-14.6,E 延伸,False,4:21,130.6,跌,23.0,3,True,0.0,-0.0338,-0.069,-1.5267,True,False,-61.28,-2.85,14.3,-14.95,-0.69,35.1,OHLC,—,LH/LL,自然反彈,True,262,3,universe
SWX,2026-09-16,86.74,1.64,False,89.39,-0.116,-0.5,False,93.3,-0.11,93.4,True,1.89,1.07,26.3,1.1,D 趨勢弱,True,8:49,264.6,跌,181.0,21,True,1.0,-0.2189,-0.2662,-0.4832,True,False,-3.05,-1.62,93.48,-7.77,-4.11,43.3,OHLC,—,LH/LL,DT,True,262,3,universe
JPM,2026-09-16,348.92,6.82,False,356.35,-0.392,-0.05,False,92.9,-0.38,93.2,True,1.95,1.12,59.6,-11.6,C 基底修復,True,8:49,264.6,跌,229.0,22,False,1.0,-1.234,-1.066,-1.8809,False,True,-2.13,-1.09,360.05,-3.19,-1.63,2221.2,OHLC,—,LH/LL,自然回檔,False,262,3,universe
KRP,2026-09-16,14.61,0.27,False,15.04,-0.0,0.04,False,92.9,-0.54,93.5,True,1.84,1.22,39.9,-22.9,C 基底修復,True,8:12,246.0,跌,87.0,13,False,1.0,-0.0422,-0.023,-0.0422,False,True,-2.92,-1.59,15.3,-4.72,-2.56,14.2,OHLC,↓,LH/LL,DT,False,262,3,universe
TRIN,2026-09-16,17.6,0.31,False,18.1,-0.013,0.07,False,92.9,-0.26,93.1,True,1.75,1.32,54.7,8.5,C 基底修復,True,7:53,236.7,跌,81.0,11,False,1.0,-0.1144,-0.1089,-0.1144,False,True,-2.84,-1.62,17.92,-1.82,-1.04,15.4,OHLC,—,HH/HL,DT,False,262,3,universe
NFG,2026-09-16,80.35,1.68,False,82.11,-0.076,-0.03,False,91.6,-1.27,92.9,True,2.09,1.27,18.3,-12.4,D 趨勢弱,True,7:32,226.2,跌,76.0,8,False,1.0,-0.3814,-0.3248,-0.3814,False,True,-2.19,-1.05,,,,40.6,OHLC,—,HH/HL,DT,False,262,3,universe
BKU,2026-09-16,44.48,1.03,False,45.9,-0.221,-0.61,False,90.4,-0.42,90.8,True,2.31,1.33,22.6,0.7,C 基底修復,True,8:49,264.6,跌,187.0,18,True,1.0,-0.1112,-0.1164,-0.3094,True,False,-3.2,-1.38,46.38,-4.27,-1.85,37.3,OHLC,↓,LH/LL,DT,False,262,3,universe
ACNB,2026-09-16,64.55,1.54,False,64.6,-0.016,0.05,False,89.9,-0.56,90.5,True,2.39,1.37,85.8,9.9,A 待突破,True,8:49,264.6,跌,332.0,27,False,1.0,-0.1238,-0.0828,-0.3447,False,True,-0.07,-0.03,63.68,1.35,0.56,5.2,OHLC,↑,HH/HL,自然回檔,False,262,3,universe
HHH,2026-09-16,62.09,1.57,False,64.93,-0.198,-0.53,False,88.0,-0.47,88.5,True,2.53,1.63,8.2,-0.8,D 趨勢弱,True,8:49,264.6,跌,207.0,14,True,1.0,-0.1578,-0.2195,-1.0308,True,False,-4.58,-1.81,64.54,-3.95,-1.56,33.1,OHLC,↓,LH/LL,自然反彈,False,262,3,universe
MAC,2026-09-16,22.42,0.57,False,23.88,-0.091,-0.71,False,87.7,-0.07,87.8,True,2.56,1.67,37.6,0.4,C 基底修復,True,8:49,264.6,跌,278.0,34,True,1.0,-0.0939,-0.1082,-0.2565,True,False,-6.5,-2.54,23.58,-5.17,-2.02,66.7,OHLC,↓,LH/LL,DT,False,262,3,universe
AMCR,2026-09-16,41.97,1.04,False,45.96,-0.125,-0.42,False,87.2,-0.26,87.5,True,2.48,1.85,27.7,-1.1,D 趨勢弱,True,8:49,264.6,跌,145.0,16,True,1.0,-0.5272,-0.5563,-0.6016,True,False,-9.51,-3.84,,,,143.1,OHLC,—,HH/HL,DT,False,262,3,universe
PSX,2026-09-16,264.63,7.39,True,240.7,2.213,1.17,False,85.8,-0.1,85.9,True,2.79,1.83,69.9,3.3,E 延伸,False,5:34,166.8,跌,43.0,4,True,1.0,-0.2596,-0.2651,-1.4932,True,False,9.04,3.24,253.41,4.24,1.52,719.0,OHLC,↑,HH/HL,UT,False,262,3,universe
GCMG,2026-09-16,12.68,0.36,False,13.53,-0.032,0.04,False,84.9,-0.05,85.0,True,2.83,1.95,51.3,-0.1,C 基底修復,True,8:49,264.6,跌,142.0,19,True,1.0,-0.1093,-0.1174,-0.2528,True,False,-6.66,-2.35,13.35,-5.28,-1.86,5.3,OHLC,↓,LH/LL,DT,False,262,3,universe
PDM,2026-09-16,9.34,0.29,False,9.51,-0.009,-0.39,False,84.6,-0.54,85.2,True,3.12,1.73,53.9,-7.4,C 基底修復,True,8:49,264.6,跌,110.0,12,False,1.0,-0.0361,-0.0323,-0.0815,False,True,-1.86,-0.6,9.21,1.39,0.45,17.1,OHLC,↓,LH/LL,自然回檔,False,262,3,universe
CNM,2026-09-16,42.82,1.39,False,43.55,-0.154,-0.62,False,82.6,-0.08,82.7,True,3.25,2.0,9.4,5.1,D 趨勢弱,False,5:19,159.4,跌,39.0,6,True,1.0,-0.1181,-0.271,-0.3036,True,True,-1.71,-0.53,44.32,-3.5,-1.08,113.8,OHLC,↓,LH/LL,自然反彈,False,262,3,universe
CVE,2026-09-16,32.52,0.98,True,31.64,0.17,0.82,False,82.3,-1.62,84.0,True,3.0,2.29,87.9,8.2,A 待突破,False,4:53,146.5,跌,31.0,4,False,1.0,-0.0914,-0.0106,-0.1175,False,True,2.71,0.9,32.52,0.0,0.0,214.0,OHLC,—,HH/HL,自然回檔,True,262,3,universe
GPOR,2026-09-16,162.25,5.47,True,170.89,0.931,0.5,False,81.5,-4.67,86.2,True,3.37,2.08,20.7,-13.4,D 趨勢弱,True,6:44,202.2,跌,62.0,6,False,1.0,-1.8372,-1.0164,-1.8372,False,False,-5.32,-1.58,183.24,-12.94,-3.84,40.2,OHLC,—,LH/LL,自然回檔,False,262,3,universe
HRMY,2026-09-16,42.21,1.23,True,40.4,0.28,0.84,True,81.0,0.24,80.7,True,2.92,2.64,61.2,-0.3,E 延伸,False,4:46,143.1,跌,30.0,3,False,1.0,-0.0135,-0.0102,-0.332,False,False,4.29,1.47,41.1,2.63,0.9,37.0,OHLC,—,HH/HL,UT,True,262,3,universe
AR,2026-09-16,35.68,1.23,True,37.69,0.027,0.46,False,80.4,-5.06,85.4,True,3.45,2.22,31.4,-23.0,D 趨勢弱,True,7:32,225.8,跌,75.0,5,False,1.0,-0.3657,-0.1679,-0.3657,False,False,-5.63,-1.63,40.21,-12.7,-3.68,119.8,OHLC,↓,LH/LL,DT,False,262,3,universe
NMRK,2026-09-16,14.19,0.51,False,15.11,-0.061,-0.33,False,77.7,-0.01,77.7,True,3.61,2.56,8.8,0.3,D 趨勢弱,True,8:49,264.6,跌,143.0,12,True,1.0,-0.1215,-0.1321,-0.1426,True,False,-6.5,-1.8,14.08,0.74,0.21,21.2,OHLC,—,HH/HL,DT,False,262,3,universe
SVC,2026-09-16,6.62,0.27,False,7.72,-0.039,-0.84,False,77.7,-0.15,77.8,True,4.08,2.1,10.0,0.0,D 趨勢弱,True,8:49,264.6,跌,181.0,21,True,1.0,-0.0981,-0.1041,-0.1043,True,False,-16.67,-4.08,7.87,-18.88,-4.63,9.8,OHLC,↓,LH/LL,DT,False,262,3,universe
ITRI,2026-09-16,92.14,2.57,False,98.72,-0.652,-0.7,False,77.3,-0.12,77.5,True,2.79,3.46,21.6,-9.5,D 趨勢弱,True,8:49,264.6,跌,170.0,23,True,1.0,-0.809,-0.8667,-1.0808,True,False,-7.14,-2.56,99.04,-7.49,-2.69,42.4,OHLC,↓,LH/LL,DT,False,262,3,universe
OIS,2026-09-16,8.44,0.35,True,8.67,0.008,0.46,False,75.0,-0.57,75.6,False,4.11,2.57,27.2,-14.4,D 趨勢弱,True,6:42,200.8,跌,62.0,6,False,1.0,-0.0426,-0.0351,-0.0678,False,True,-2.69,-0.66,8.39,0.59,0.14,4.1,OHLC,—,HH/HL,自然反彈,True,262,3,universe
MYE,2026-09-16,30.77,1.1,False,32.52,-0.299,-0.82,True,74.9,0.5,74.4,False,3.56,3.14,61.7,5.2,C 基底修復,True,8:49,264.6,跌,216.0,27,True,1.0,-0.221,-0.315,-0.402,True,False,-5.68,-1.6,31.88,-3.61,-1.01,10.4,OHLC,↓,LH/LL,自然反彈,False,262,3,universe
NE,2026-09-16,44.34,1.75,True,45.05,0.186,0.61,False,74.4,-2.32,76.7,False,3.95,2.84,61.6,-2.1,B 上升結構,True,6:37,198.4,跌,60.0,8,False,1.0,-0.3126,-0.2475,-0.3591,False,True,-1.61,-0.41,44.37,-0.07,-0.02,51.1,OHLC,↑,HH/HL,次級回檔,False,262,3,universe
DGII,2026-09-16,70.13,2.71,False,75.55,-0.08,-0.07,True,74.1,0.76,73.4,False,3.86,2.98,41.9,2.2,D 趨勢弱,True,8:49,264.6,跌,131.0,19,True,1.0,-0.5377,-0.7966,-1.337,True,False,-7.73,-2.0,67.69,3.48,0.9,25.3,OHLC,—,LH/LL,UT,True,262,3,universe
EPC,2026-09-16,26.78,1.05,False,28.15,-0.039,-0.19,True,73.8,0.67,73.1,False,3.92,3.0,58.3,2.1,C 基底修復,True,8:49,264.6,跌,492.0,41,True,1.0,-0.2496,-0.2739,-0.3007,True,False,-5.11,-1.3,27.51,-2.73,-0.7,13.6,OHLC,↓,LH/LL,DT,False,262,3,universe
MLAB,2026-09-16,125.29,4.95,True,117.94,0.773,0.64,False,73.0,-0.17,73.2,False,3.95,3.1,71.4,-2.0,E 延伸,True,7:56,238.2,跌,82.0,7,True,1.0,-1.0704,-1.1695,-1.4914,True,False,5.87,1.48,125.47,-0.14,-0.04,18.3,OHLC,—,HH/HL,自然反彈,False,262,3,universe
COO,2026-09-16,54.61,2.44,False,63.84,-0.8,-3.35,True,72.0,0.92,71.1,False,4.47,2.79,0.0,0.0,D 趨勢弱,True,8:34,256.8,跌,93.0,19,True,1.0,-1.9,-2.1358,-2.1587,True,False,-16.9,-3.78,76.73,-40.51,-9.07,198.1,OHLC,↓,LH/LL,自然反彈,False,262,3,universe
XERS,2026-09-16,7.78,0.35,False,8.21,-0.018,-0.31,True,70.3,0.34,69.9,False,4.56,3.02,36.8,7.0,C 基底修復,True,6:10,184.9,跌,53.0,13,True,1.0,-0.1165,-0.1437,-0.1496,True,False,-5.47,-1.2,8.42,-8.23,-1.8,12.4,OHLC,↓,LH/LL,自然反彈,False,262,3,universe
VAL,2026-09-16,82.52,3.97,True,85.74,0.132,0.34,False,70.0,-3.64,73.7,False,4.81,2.81,45.7,-4.9,C 基底修復,True,6:10,185.1,跌,53.0,7,False,1.0,-0.6644,-0.5197,-0.844,False,True,-3.9,-0.81,83.6,-1.31,-0.27,94.2,OHLC,—,HH/HL,自然回檔,False,262,3,universe
IBP,2026-09-16,199.52,10.35,False,229.29,-1.638,-0.86,True,69.0,0.75,68.2,False,5.19,2.64,0.0,0.0,D 趨勢弱,True,8:49,264.6,跌,154.0,15,True,1.0,-4.7973,-5.1739,-5.2998,True,False,-14.92,-2.88,206.03,-3.26,-0.63,74.6,OHLC,↓,LH/LL,DT,False,262,3,universe
TDW,2026-09-16,88.17,3.88,True,91.56,0.91,0.79,False,68.1,-1.48,69.6,False,4.4,3.6,54.6,-7.7,B 上升結構,True,8:49,264.6,跌,140.0,15,False,1.0,-1.2382,-1.0828,-1.2382,False,True,-3.85,-0.87,91.79,-4.11,-0.93,53.9,OHLC,—,LH/LL,自然回檔,False,262,3,universe
BCRX,2026-09-16,8.43,0.4,False,9.3,-0.035,-0.7,True,67.6,1.06,66.6,False,4.8,3.29,11.5,1.2,D 趨勢弱,True,6:30,195.0,跌,58.0,7,True,1.0,-0.1785,-0.2095,-0.2119,True,False,-10.35,-2.16,10.17,-20.64,-4.3,31.9,OHLC,↓,LH/LL,自然反彈,False,262,3,universe
LXRX,2026-09-16,2.02,0.1,False,2.26,-0.015,-0.57,True,65.8,1.51,64.3,False,4.92,3.52,45.2,0.4,D 趨勢弱,True,8:49,264.6,跌,139.0,25,True,1.0,-0.0282,-0.0323,-0.0345,True,False,-12.06,-2.45,2.48,-22.77,-4.62,5.0,OHLC,↓,LH/LL,自然反彈,False,262,3,universe
XMTR,2026-09-16,93.15,4.54,False,89.44,-0.072,0.0,True,65.6,0.33,65.3,False,4.87,3.62,77.4,19.1,B 上升結構,False,5:56,178.2,跌,49.0,6,True,1.0,-0.0673,-0.5292,-2.3459,True,True,3.99,0.82,93.14,0.01,0.0,53.7,OHLC,↓,LH/LL,自然反彈,False,262,3,universe
TBBK,2026-09-16,50.73,2.48,False,59.36,-1.175,-1.93,True,64.5,1.34,63.2,False,4.89,3.82,5.0,0.0,D 趨勢弱,True,8:49,264.6,跌,313.0,27,True,1.0,-1.6894,-1.9092,-1.9946,True,False,-17.01,-3.48,54.78,-7.98,-1.63,26.7,OHLC,↓,LH/LL,DT,False,262,3,universe
GHM,2026-09-16,85.28,4.61,False,97.32,-0.558,-0.23,True,62.3,0.88,61.4,False,5.41,3.75,27.4,-0.6,D 趨勢弱,True,8:49,264.6,跌,158.0,19,True,1.0,-0.0063,-0.1908,-2.3678,True,False,-14.12,-2.61,88.74,-4.06,-0.75,15.0,OHLC,—,LH/LL,DT,True,262,3,universe
TSHA,2026-09-16,5.07,0.28,False,5.82,-0.053,-0.73,True,59.6,0.97,58.6,False,5.6,4.13,19.0,0.1,D 趨勢弱,True,8:49,264.6,跌,150.0,18,True,1.0,-0.0715,-0.0838,-0.1005,True,False,-14.74,-2.63,5.96,-17.55,-3.13,13.8,OHLC,↓,LH/LL,DT,False,262,3,universe
ANNX,2026-09-16,3.93,0.26,False,4.86,-0.069,-0.98,True,54.6,1.28,53.3,False,6.59,4.25,10.8,-10.4,D 趨勢弱,True,8:49,264.6,跌,140.0,18,True,1.0,-0.0991,-0.1084,-0.1162,True,False,-23.55,-3.57,5.25,-33.59,-5.1,10.9,OHLC,↓,LH/LL,DT,False,262,3,universe
RMIX,2026-09-16,13.43,1.0,False,16.55,-0.144,-0.78,True,53.4,1.43,52.0,False,7.43,3.67,0.0,0.0,D 趨勢弱,True,6:56,207.9,跌,66.0,19,True,1.0,-0.3157,-0.3634,-0.4046,True,False,-23.25,-3.13,16.7,-24.35,-3.28,5.7,OHLC,↓,LH/LL,DT,False,115,3,universe
NAVN,2026-09-16,22.53,1.56,False,25.38,-0.209,-1.78,True,50.6,1.04,49.5,False,6.91,4.89,30.0,0.0,D 趨勢弱,True,8:49,264.6,跌,194.0,20,True,1.0,-0.7729,-0.9031,-1.0167,True,False,-12.65,-1.83,26.13,-15.98,-2.31,89.0,OHLC,↓,LH/LL,自然反彈,False,220,3,universe
BBNX,2026-09-16,22.18,1.53,True,18.68,0.943,1.17,False,49.9,-0.3,50.2,False,6.88,5.07,40.0,-15.6,E 延伸,True,7:50,234.8,跌,80.0,10,True,1.0,-0.0066,-0.3113,-0.5533,True,False,15.79,2.29,19.07,14.02,2.04,29.5,OHLC,↑,HH/HL,UT,False,262,3,universe
CCXI,2026-09-16,12.09,0.86,False,14.81,-0.121,-0.54,True,47.0,0.16,46.8,False,7.13,5.61,14.0,0.3,D 趨勢弱,True,8:49,264.6,跌,222.0,20,True,1.0,-0.1854,-0.2062,-0.3934,True,False,-22.52,-3.16,13.82,-14.31,-2.01,25.3,OHLC,↓,LH/LL,DT,False,152,3,universe
BDJ,2026-09-16,9.59,0.11,False,9.8,-0.006,-0.11,False,97.4,-0.36,97.7,True,1.11,0.65,47.5,-2.1,C 基底修復,True,7:44,232.2,跌,79.0,8,False,2.0,-0.0304,-0.0244,-0.0304,False,True,-2.24,-2.02,9.93,-3.55,-3.2,4.0,OHLC,—,LH/LL,自然回檔,False,262,3,universe
HTGC,2026-09-16,17.57,0.29,True,17.25,0.019,0.65,False,93.7,-0.0,93.7,True,1.67,1.2,57.0,-1.7,C 基底修復,False,5:43,171.3,跌,45.0,6,False,2.0,-0.0497,-0.048,-0.0535,False,True,1.81,1.09,17.43,0.8,0.48,26.0,OHLC,—,HH/HL,UT,True,262,3,universe
INVH,2026-09-16,27.21,0.48,False,29.12,-0.107,-1.22,False,93.5,-0.46,94.0,True,1.76,1.15,21.4,-1.0,D 趨勢弱,True,8:49,264.6,跌,114.0,15,True,2.0,-0.1668,-0.1693,-0.2123,True,False,-7.01,-3.98,,,,115.8,OHLC,—,HH/HL,DT,False,262,3,universe
AMH,2026-09-16,31.38,0.56,False,33.26,-0.184,-0.94,False,93.4,-0.3,93.7,True,1.78,1.17,24.3,-0.2,D 趨勢弱,True,8:49,264.6,跌,127.0,14,True,2.0,-0.1963,-0.213,-0.2609,True,False,-6.0,-3.37,,,,67.3,OHLC,—,HH/HL,DT,False,262,3,universe
ELS,2026-09-16,60.88,1.07,False,63.55,-0.165,-1.0,False,93.2,-0.1,93.3,True,1.75,1.25,32.3,0.1,D 趨勢弱,True,8:49,264.6,跌,174.0,15,True,2.0,-0.2134,-0.2552,-0.4422,True,False,-4.38,-2.5,61.99,-1.82,-1.04,81.7,OHLC,↓,LH/LL,自然反彈,False,262,3,universe
PEP,2026-09-16,134.34,2.18,False,139.33,-0.108,-0.38,True,93.1,0.03,93.1,True,1.62,1.4,14.5,0.5,D 趨勢弱,True,8:49,264.6,跌,100.0,12,False,2.0,-0.6163,-0.5719,-0.6163,False,False,-3.71,-2.29,138.8,-3.32,-2.04,1010.1,OHLC,↓,LH/LL,DT,False,262,3,universe
COSO,2026-09-16,27.23,0.55,False,27.59,-0.006,0.03,False,92.9,-0.38,93.3,True,2.02,1.04,50.6,-17.6,C 基底修復,True,6:26,192.9,跌,57.0,6,False,2.0,-0.0303,-0.0082,-0.0808,False,True,-1.32,-0.65,28.07,-3.08,-1.53,3.1,OHLC,—,LH/LL,自然回檔,True,262,3,universe
HIG,2026-09-16,134.94,2.4,False,138.37,-0.336,-0.55,True,92.9,0.1,92.8,True,1.78,1.28,39.5,-0.5,D 趨勢弱,False,5:27,163.4,跌,41.0,7,False,2.0,-0.2094,-0.1284,-0.9988,False,True,-2.54,-1.43,138.65,-2.75,-1.55,187.4,OHLC,—,LH/LL,自然回檔,False,262,3,universe
FBP,2026-09-16,27.65,0.53,False,28.42,-0.07,-0.48,False,92.5,-0.62,93.1,True,1.93,1.23,59.2,-2.5,C 基底修復,True,8:49,264.6,跌,211.0,30,False,2.0,-0.0577,-0.0446,-0.2538,False,True,-2.79,-1.45,28.77,-4.05,-2.1,32.9,OHLC,↓,LH/LL,DT,False,262,3,universe
FMNB,2026-09-16,15.68,0.29,False,15.84,-0.012,-0.11,False,92.4,-0.75,93.1,True,1.88,1.31,70.5,-2.0,C 基底修復,True,8:49,264.6,跌,275.0,21,False,2.0,-0.02,-0.0087,-0.1011,False,True,-1.02,-0.55,15.59,0.57,0.31,5.5,OHLC,—,HH/HL,自然回檔,True,262,3,universe
NSC,2026-09-16,317.0,5.99,False,336.4,-0.433,-0.44,False,92.4,-0.2,92.6,True,1.89,1.31,35.0,-3.9,C 基底修復,True,7:56,238.2,跌,82.0,12,True,2.0,-2.5234,-2.6407,-3.056,True,False,-6.12,-3.24,355.99,-12.3,-6.51,371.4,OHLC,↓,LH/LL,DT,False,262,3,universe
PAG,2026-09-16,214.15,3.09,False,217.4,-0.17,-0.3,False,92.2,-0.08,92.3,True,1.44,1.79,82.3,-1.1,A 待突破,True,8:49,264.6,跌,339.0,30,False,2.0,-0.9145,-0.8082,-1.4478,False,True,-1.52,-1.05,221.04,-3.22,-2.23,64.9,OHLC,—,LH/LL,自然回檔,False,262,3,universe
GLPI,2026-09-16,40.35,0.8,False,42.3,-0.104,-0.76,True,91.8,0.01,91.8,True,1.98,1.36,14.1,1.9,D 趨勢弱,True,8:49,264.6,跌,129.0,14,False,2.0,-0.122,-0.1192,-0.1937,False,False,-4.84,-2.45,42.66,-5.72,-2.89,174.5,OHLC,↓,LH/LL,自然反彈,False,262,3,universe
FISI,2026-09-16,40.23,0.81,False,41.18,-0.075,-0.23,False,91.7,-0.56,92.2,True,2.01,1.35,64.8,-17.1,C 基底修復,True,8:49,264.6,跌,273.0,27,False,2.0,-0.0869,-0.0463,-0.2565,False,True,-2.36,-1.17,41.94,-4.25,-2.11,5.6,OHLC,↓,LH/LL,DT,False,262,3,universe
GWW,2026-09-16,1258.26,26.07,False,1297.83,-0.7,-0.59,True,91.2,0.09,91.1,True,2.07,1.4,45.4,-1.5,C 基底修復,True,6:12,186.0,跌,53.0,6,False,2.0,-3.4863,-2.8493,-14.6304,False,False,-3.14,-1.52,1330.62,-5.75,-2.78,288.4,OHLC,↓,LH/LL,DT,False,262,3,universe
PFLT,2026-09-16,7.02,0.14,False,7.34,-0.004,0.15,True,91.1,0.23,90.8,True,2.06,1.44,21.7,1.3,D 趨勢弱,True,6:26,192.9,跌,57.0,8,False,2.0,-0.0445,-0.0443,-0.0445,False,False,-4.55,-2.21,,,,5.1,OHLC,—,HH/HL,DT,False,262,3,universe
BCPC,2026-09-16,167.6,3.84,False,174.65,-0.302,-0.09,False,90.9,-0.17,91.0,True,2.29,1.26,34.7,12.5,C 基底修復,True,8:49,264.6,跌,172.0,17,True,2.0,-1.2598,-1.5492,-1.7965,True,False,-4.2,-1.83,173.78,-3.69,-1.61,30.4,OHLC,—,HH/HL,DT,False,262,3,universe
HQH,2026-09-16,21.32,0.47,False,23.17,-0.016,-0.02,True,90.6,0.01,90.5,True,2.21,1.41,43.1,-7.0,C 基底修復,True,8:49,264.6,跌,180.0,16,False,2.0,-0.2251,-0.2243,-0.2328,False,False,-8.66,-3.92,24.39,-14.4,-6.51,3.7,OHLC,↓,LH/LL,DT,False,262,3,universe
IRT,2026-09-16,14.94,0.36,False,16.1,-0.108,-1.1,True,89.8,0.0,89.8,True,2.38,1.4,15.1,-0.2,D 趨勢弱,True,8:49,264.6,跌,303.0,22,False,2.0,-0.1204,-0.1187,-0.1401,False,False,-7.78,-3.26,16.49,-10.37,-4.35,47.7,OHLC,↓,LH/LL,DT,False,262,3,universe
MRSH,2026-09-16,176.76,3.84,False,187.28,-0.652,-0.76,False,89.1,-0.22,89.3,True,2.17,1.76,22.7,-20.8,D 趨勢弱,True,8:49,264.6,跌,460.0,27,True,2.0,-1.3821,-1.4279,-1.9931,True,False,-5.95,-2.74,180.43,-2.08,-0.96,389.9,OHLC,↓,LH/LL,DT,False,262,3,universe
FTV,2026-09-16,55.3,1.27,False,58.81,-0.186,-0.51,False,88.7,-0.54,89.3,True,2.3,1.71,29.4,7.3,D 趨勢弱,True,8:49,264.6,跌,255.0,21,True,2.0,-0.1795,-0.2217,-0.433,True,False,-6.35,-2.76,56.45,-2.08,-0.9,123.4,OHLC,↓,LH/LL,自然回檔,False,262,3,universe
ADT,2026-09-16,7.03,0.16,False,7.38,-0.039,-0.63,False,88.6,-0.12,88.7,True,2.33,1.71,26.6,1.9,D 趨勢弱,True,8:49,264.6,跌,230.0,25,True,2.0,-0.0503,-0.0527,-0.0634,True,False,-5.01,-2.15,6.97,0.85,0.37,44.1,OHLC,—,HH/HL,DT,False,262,3,universe
RLI,2026-09-16,60.54,1.43,False,63.42,-0.0,-0.11,False,87.1,-0.1,87.2,True,2.37,1.99,46.5,-0.0,C 基底修復,True,8:49,264.6,跌,99.0,15,True,2.0,-0.4191,-0.4396,-0.6032,True,False,-4.76,-2.01,61.71,-1.93,-0.82,32.6,OHLC,↓,LH/LL,DT,False,262,3,universe
TTC,2026-09-16,92.32,2.5,False,96.37,-0.22,-0.14,False,86.5,-0.0,86.5,True,2.71,1.76,40.7,-0.5,C 基底修復,True,8:49,264.6,跌,116.0,12,True,2.0,-0.5872,-0.6129,-0.7707,True,False,-4.38,-1.61,91.46,0.93,0.34,83.7,OHLC,—,HH/HL,DT,False,262,3,universe
AZO,2026-09-16,2849.04,72.65,False,2979.72,-4.691,-0.31,True,86.4,0.44,86.0,True,2.55,1.94,9.4,-0.2,D 趨勢弱,True,8:49,264.6,跌,195.0,19,False,2.0,-8.3987,-6.4949,-9.0652,False,False,-4.59,-1.8,2965.52,-4.09,-1.6,878.5,OHLC,—,LH/LL,DT,True,262,3,universe
FSK,2026-09-16,11.53,0.29,True,12.04,0.017,0.73,False,86.2,-1.83,88.1,True,2.48,2.05,23.5,-12.3,D 趨勢弱,True,8:49,264.6,跌,245.0,19,False,2.0,-0.1028,-0.0774,-0.1028,False,False,-4.42,-1.79,12.56,-8.98,-3.62,18.2,OHLC,↓,LH/LL,DT,False,262,3,universe
FSUN,2026-09-16,39.11,0.88,False,40.24,-0.013,0.19,False,86.0,-0.97,86.9,True,2.26,2.33,49.8,-14.1,C 基底修復,True,8:49,264.6,跌,112.0,19,False,2.0,-0.19,-0.1285,-0.4111,False,True,-2.89,-1.28,41.11,-5.11,-2.26,10.7,OHLC,—,LH/LL,自然回檔,False,262,3,universe
IRMD,2026-09-16,82.58,2.33,False,86.73,-0.545,-1.09,True,85.9,0.27,85.6,True,2.82,1.78,12.5,-0.9,C 基底修復,False,5:29,164.5,跌,41.0,8,True,2.0,-0.1186,-0.1855,-0.709,True,False,-5.02,-1.78,89.13,-7.93,-2.81,8.7,OHLC,↓,LH/LL,DT,False,262,3,universe
NKE,2026-09-16,35.78,0.98,False,39.2,-0.194,-0.86,True,85.5,0.44,85.0,True,2.74,1.94,6.5,2.6,D 趨勢弱,True,8:49,264.6,跌,353.0,34,False,2.0,-0.1704,-0.1488,-0.2221,False,False,-9.56,-3.49,39.6,-10.68,-3.9,980.1,OHLC,↓,LH/LL,DT,False,262,3,universe
RUSHA,2026-09-16,49.01,1.42,False,51.6,-0.22,-0.82,False,85.1,-0.35,85.5,True,2.9,1.85,49.5,-0.9,D 趨勢弱,True,8:49,264.6,跌,208.0,27,True,2.0,-0.1689,-0.2273,-0.5486,True,False,-5.28,-1.82,50.95,-3.96,-1.36,27.2,OHLC,—,LH/LL,自然反彈,True,262,3,universe
MHO,2026-09-16,140.48,4.17,False,148.36,-0.233,-0.47,False,84.2,-0.4,84.6,True,2.97,1.97,31.4,-1.6,C 基底修復,True,8:49,264.6,跌,113.0,14,True,2.0,-0.8404,-0.9421,-1.2952,True,False,-5.61,-1.89,154.21,-9.77,-3.29,27.9,OHLC,↓,LH/LL,自然反彈,False,262,3,universe
BR,2026-09-16,167.09,5.03,True,173.4,0.026,0.33,False,82.9,-0.24,83.2,True,3.01,2.17,34.6,-0.0,D 趨勢弱,True,6:18,189.0,跌,55.0,11,False,2.0,-2.0001,-1.9559,-2.5957,False,False,-3.78,-1.25,167.84,-0.45,-0.15,178.7,OHLC,↑,HH/HL,自然回檔,False,262,3,universe
TSCO,2026-09-16,32.78,1.09,True,34.76,0.025,0.34,False,82.6,-0.12,82.8,True,3.33,1.91,19.5,2.3,D 趨勢弱,True,8:49,264.6,跌,144.0,16,False,2.0,-0.3519,-0.3375,-0.3519,False,False,-6.04,-1.82,33.83,-3.2,-0.96,271.2,OHLC,↓,LH/LL,DT,False,262,3,universe
NVST,2026-09-16,24.97,0.84,False,27.27,-0.114,-0.59,True,82.3,0.3,82.0,True,3.38,1.92,21.7,-7.2,C 基底修復,True,8:49,264.6,跌,207.0,22,False,2.0,-0.2749,-0.2723,-0.2749,False,False,-9.21,-2.73,28.11,-12.58,-3.72,58.0,OHLC,↓,LH/LL,DT,False,262,3,universe
MAS,2026-09-16,68.28,1.93,False,72.64,-0.365,-0.5,False,82.2,-0.26,82.4,True,2.82,2.5,29.0,-0.8,D 趨勢弱,True,8:49,264.6,跌,261.0,35,True,2.0,-0.2225,-0.2376,-1.0001,True,False,-6.38,-2.26,72.7,-6.47,-2.29,130.9,OHLC,↓,LH/LL,自然反彈,False,262,3,universe
AJG,2026-09-16,243.78,7.64,True,256.55,0.003,-0.14,False,81.7,-0.06,81.8,True,3.13,2.28,33.7,-1.4,C 基底修復,True,7:28,223.8,跌,74.0,11,False,2.0,-2.3282,-2.3091,-3.2277,False,False,-5.24,-1.67,253.3,-3.91,-1.25,337.6,OHLC,↓,LH/LL,DT,False,262,3,universe
SLGN,2026-09-16,38.56,1.15,False,41.03,-0.102,-0.46,False,81.6,-0.43,82.0,True,2.99,2.44,24.9,2.3,D 趨勢弱,True,6:23,191.6,跌,56.0,8,True,2.0,-0.2292,-0.2659,-0.8343,True,False,-6.41,-2.14,37.6,2.49,0.83,37.1,OHLC,—,HH/HL,DT,False,262,3,universe
MD,2026-09-16,26.13,0.89,True,26.51,0.121,0.17,False,80.6,-0.89,81.5,True,3.39,2.23,73.8,-12.7,C 基底修復,False,4:51,145.3,跌,31.0,5,False,2.0,-0.077,-0.0319,-0.1804,False,True,-1.47,-0.43,26.23,-0.38,-0.11,18.7,OHLC,—,HH/HL,自然回檔,True,262,3,universe
DG,2026-09-16,123.01,4.24,False,125.33,-0.089,-0.05,False,80.4,-0.04,80.5,True,3.45,2.21,16.6,-12.1,C 基底修復,True,6:00,180.0,跌,50.0,5,False,2.0,-0.5508,-0.3468,-1.0101,False,True,-1.88,-0.55,122.99,0.02,0.0,334.1,OHLC,↑,HH/HL,次級回檔,False,262,3,universe
LRN,2026-09-16,82.04,2.56,True,82.98,0.218,-0.07,False,77.8,-0.32,78.1,True,3.12,3.03,33.3,-11.6,D 趨勢弱,False,5:36,168.1,跌,43.0,6,False,2.0,-0.2062,-0.1877,-0.8072,False,True,-1.14,-0.37,80.44,1.95,0.62,48.9,OHLC,—,HH/HL,自然反彈,False,262,3,universe
RVMD,2026-09-16,195.92,7.86,True,207.67,0.012,0.36,False,76.5,-2.07,78.6,True,4.01,2.39,65.6,-19.4,C 基底修復,True,8:02,241.0,跌,84.0,13,False,2.0,-2.179,-1.7328,-2.179,False,False,-6.0,-1.5,213.0,-8.72,-2.17,349.4,OHLC,↓,LH/LL,DT,False,262,3,universe
QUAD,2026-09-16,9.63,0.36,False,10.11,-0.032,-0.02,True,76.4,0.44,76.0,True,3.77,2.65,62.4,9.0,B 上升結構,True,8:49,264.6,跌,270.0,25,False,2.0,-0.1132,-0.0965,-0.1132,False,False,-4.96,-1.32,,,,3.3,OHLC,—,HH/HL,DT,False,262,3,universe
DLTR,2026-09-16,112.4,4.75,False,126.18,-0.778,-0.61,True,76.0,0.34,75.7,True,4.22,2.27,16.2,-0.5,D 趨勢弱,True,8:49,264.6,跌,220.0,14,False,2.0,-2.0684,-1.9843,-2.0684,False,False,-12.26,-2.9,112.5,-0.09,-0.02,318.8,OHLC,↓,LH/LL,DT,False,262,3,universe
BBIO,2026-09-16,68.3,2.67,False,78.35,-0.846,-0.95,True,75.6,0.46,75.2,True,3.91,2.66,24.2,-0.3,D 趨勢弱,True,8:49,264.6,跌,238.0,41,False,2.0,-0.8932,-0.8302,-0.8932,False,False,-14.72,-3.77,76.81,-12.46,-3.19,143.2,OHLC,↓,LH/LL,DT,False,262,3,universe
TPG,2026-09-16,46.55,1.9,False,51.04,-0.031,0.24,False,75.6,-0.83,76.4,True,4.07,2.51,7.8,-0.6,D 趨勢弱,True,8:49,264.6,跌,152.0,15,True,2.0,-0.9638,-0.9642,-1.0018,True,False,-9.66,-2.37,47.98,-3.07,-0.75,118.9,OHLC,↓,LH/LL,DT,False,262,3,universe
KMPR,2026-09-16,27.4,1.07,False,27.56,-0.043,-0.27,False,75.2,-0.34,75.5,True,3.89,2.76,20.5,-3.1,D 趨勢弱,True,9:48,294.0,升,13.0,2,False,2.0,0.004,0.0164,,False,True,-0.6,-0.15,27.65,-0.91,-0.23,23.9,OHLC,↑,HH/HL,UT,False,262,3,universe
HLMN,2026-09-16,7.32,0.29,False,7.95,-0.154,-1.62,True,74.6,0.56,74.0,False,3.9,2.86,0.0,0.0,D 趨勢弱,True,8:49,264.6,跌,197.0,22,True,2.0,-0.0407,-0.0649,-0.154,True,False,-8.62,-2.21,7.52,-2.73,-0.7,12.5,OHLC,↓,LH/LL,自然反彈,False,262,3,universe
CODI,2026-09-16,11.01,0.42,True,11.72,0.021,0.27,True,73.6,0.44,73.2,False,3.78,3.16,68.7,3.1,B 上升結構,True,8:49,264.6,跌,101.0,17,False,2.0,-0.0904,-0.0893,-0.1081,False,False,-6.44,-1.7,11.31,-2.72,-0.72,6.2,OHLC,—,LH/LL,自然回檔,True,262,3,universe
CTKB,2026-09-16,4.93,0.22,True,4.63,0.027,0.36,True,72.1,0.12,72.0,False,4.45,2.79,51.9,5.2,B 上升結構,True,9:58,298.8,升,16.0,2,False,2.0,0.0185,0.0093,,False,False,6.04,1.36,4.49,9.03,2.03,4.4,OHLC,—,HH/HL,UT,True,262,3,universe
WK,2026-09-16,72.73,3.04,True,72.75,0.517,0.71,False,71.6,-0.86,72.4,False,4.18,3.15,46.2,-0.2,C 基底修復,True,8:49,264.6,跌,100.0,10,False,2.0,-1.0169,-0.9701,-1.3067,False,True,-0.02,-0.01,75.75,-4.15,-0.99,63.3,OHLC,—,HH/HL,自然回檔,False,262,3,universe
CSTL,2026-09-16,35.48,1.56,True,32.5,0.264,0.97,False,70.4,-0.02,70.4,False,4.39,3.17,58.3,-0.3,E 延伸,True,7:58,239.0,跌,83.0,12,True,2.0,-0.0475,-0.1601,-0.4239,True,False,8.39,1.91,,,,11.9,OHLC,—,LH/LL,UT,False,262,3,universe
NEO,2026-09-16,18.94,0.81,True,17.25,0.118,0.87,True,69.0,0.48,68.5,False,4.29,3.53,75.0,0.0,E 延伸,True,9:52,296.2,升,15.0,2,False,2.0,0.0446,0.0093,,False,False,8.92,2.08,17.32,8.55,1.99,32.5,OHLC,↑,HH/HL,UT,False,262,3,universe
STEP,2026-09-16,48.29,2.26,True,49.47,0.019,0.32,False,68.3,-1.76,70.1,False,4.67,3.28,35.7,0.7,D 趨勢弱,True,8:49,264.6,跌,121.0,11,False,2.0,-0.3645,-0.2655,-0.3645,False,True,-2.45,-0.52,51.41,-6.46,-1.38,48.6,OHLC,↓,LH/LL,DT,False,262,3,universe
GTLB,2026-09-16,48.77,2.3,True,45.18,0.226,0.65,True,67.1,0.82,66.3,False,4.72,3.47,52.3,-0.4,E 延伸,True,7:27,223.3,跌,74.0,5,False,2.0,-0.1314,-0.0929,-0.355,False,False,7.36,1.56,46.33,5.0,1.06,275.7,OHLC,↑,HH/HL,UT,False,262,3,universe
WAY,2026-09-16,26.59,1.17,True,24.95,0.159,0.71,True,67.1,0.76,66.3,False,4.41,3.78,43.7,-0.3,D 趨勢弱,True,9:44,291.8,升,12.0,1,False,2.0,0.0247,-0.0839,,False,False,6.16,1.4,24.17,9.1,2.06,63.2,OHLC,↑,HH/HL,UT,False,262,3,universe
PCOR,2026-09-16,51.97,2.54,True,58.88,0.347,0.35,True,66.6,0.71,65.9,False,4.89,3.4,19.0,1.1,D 趨勢弱,True,8:49,264.6,跌,132.0,16,False,2.0,-1.317,-1.312,-1.5357,False,False,-13.3,-2.72,56.74,-9.18,-1.88,145.6,OHLC,↓,LH/LL,DT,False,262,3,universe
ZETA,2026-09-16,30.85,1.42,True,28.94,0.412,0.8,True,66.4,0.38,66.1,False,4.6,3.73,74.8,-0.6,B 上升結構,True,6:42,200.8,跌,62.0,7,False,2.0,-0.2544,-0.2436,-0.3201,False,False,6.19,1.35,30.44,1.33,0.29,199.6,OHLC,—,HH/HL,UT,True,262,3,universe
TWFG,2026-09-16,27.05,1.43,True,28.35,0.002,-0.05,False,66.3,-0.68,67.0,False,5.3,3.05,46.9,-11.8,C 基底修復,True,8:49,264.6,跌,116.0,11,False,2.0,-0.3138,-0.3025,-0.4384,False,True,-4.82,-0.91,28.13,-3.99,-0.75,4.7,OHLC,↓,LH/LL,自然回檔,False,262,3,universe
CHWY,2026-09-16,20.91,1.09,False,22.64,-0.105,-0.46,True,66.2,0.52,65.6,False,5.23,3.15,9.5,-0.0,D 趨勢弱,True,8:49,264.6,跌,129.0,14,True,2.0,-0.3537,-0.3739,-0.4337,True,False,-8.29,-1.58,19.75,5.55,1.06,187.9,OHLC,—,HH/HL,自然回檔,False,262,3,universe
RNG,2026-09-16,73.54,3.15,True,67.37,0.68,0.95,False,65.1,-0.4,65.5,False,4.29,4.29,73.0,-1.6,E 延伸,True,6:06,182.8,跌,52.0,7,True,2.0,-0.494,-0.6138,-0.8268,True,False,8.39,1.96,68.92,6.28,1.46,104.2,OHLC,↑,HH/HL,UT,False,262,3,universe
SDGR,2026-09-16,23.93,1.2,True,19.72,0.426,1.08,True,64.3,0.59,63.7,False,5.02,3.73,58.0,0.4,E 延伸,True,9:40,289.8,升,11.0,2,False,2.0,0.232,0.0621,,False,False,17.6,3.51,19.5,18.51,3.69,29.7,OHLC,↑,HH/HL,UT,False,262,3,universe
COUR,2026-09-16,5.24,0.25,False,5.81,-0.038,0.01,True,64.2,0.47,63.7,False,4.78,4.0,19.6,3.2,D 趨勢弱,True,8:49,264.6,跌,168.0,8,True,2.0,-0.101,-0.1074,-0.1254,True,False,-10.83,-2.27,5.19,0.95,0.2,23.0,OHLC,—,HH/HL,DT,False,262,3,universe
WGS,2026-09-16,97.42,4.95,True,82.7,2.196,1.25,True,63.1,0.93,62.1,False,5.08,3.93,40.8,0.9,E 延伸,True,9:25,282.4,升,7.0,1,False,2.0,0.3262,-0.1188,,False,False,15.11,2.98,85.19,12.55,2.47,50.3,OHLC,↑,HH/HL,UT,False,262,3,universe
CHYM,2026-09-16,31.25,1.57,True,31.96,0.164,0.73,False,62.7,-3.57,66.3,False,5.04,4.03,67.1,-5.5,A 待突破,True,8:33,256.7,跌,93.0,15,False,2.0,-0.4736,-0.33,-0.4736,False,True,-2.27,-0.45,33.97,-8.7,-1.73,240.2,OHLC,—,LH/LL,自然回檔,False,262,3,universe
CAI,2026-09-16,28.21,1.39,True,24.03,0.348,1.07,True,61.2,0.48,60.7,False,4.94,4.44,45.3,4.6,E 延伸,True,9:16,277.8,升,4.0,1,False,2.0,0.0265,-0.092,,False,False,14.82,3.0,,,,149.3,OHLC,—,LH/LL,UT,False,262,3,universe
DUOL,2026-09-16,148.17,7.85,True,142.28,0.618,0.24,False,60.9,-0.8,61.7,False,5.3,4.14,39.6,-0.4,D 趨勢弱,True,8:49,264.6,跌,192.0,6,False,2.0,-0.6677,-0.5464,-1.4664,False,True,3.97,0.75,140.88,4.92,0.93,173.1,OHLC,↑,HH/HL,自然回檔,False,262,3,universe
VRRM,2026-09-16,3.54,0.2,False,4.29,-0.088,-2.72,True,59.4,0.94,58.4,False,5.73,4.05,0.0,0.0,D 趨勢弱,True,8:49,264.6,跌,97.0,22,True,2.0,-0.0592,-0.0675,-0.0787,True,False,-21.31,-3.72,3.63,-2.54,-0.44,15.4,OHLC,↓,LH/LL,DT,False,262,3,universe
BRBR,2026-09-16,9.09,0.55,False,10.66,-0.174,-1.26,True,59.2,1.24,57.9,False,6.07,3.75,14.3,4.2,D 趨勢弱,True,6:24,191.8,跌,57.0,7,True,2.0,-0.0831,-0.0932,-0.3066,True,False,-17.32,-2.85,,,,25.5,OHLC,—,HH/HL,DT,False,262,3,universe
SPRB,2026-09-16,54.16,3.39,True,56.14,0.22,0.34,False,58.8,-0.08,58.9,False,6.26,3.63,37.7,2.5,D 趨勢弱,True,7:43,231.6,跌,79.0,8,False,2.0,-0.8255,-0.7632,-0.8289,False,True,-3.65,-0.58,56.85,-4.97,-0.79,5.6,OHLC,—,LH/LL,DT,True,262,3,universe
SPCE,2026-09-16,2.93,0.16,True,3.09,0.003,0.48,False,58.0,-0.25,58.2,False,5.59,4.48,35.7,-10.4,D 趨勢弱,True,8:49,264.6,跌,156.0,16,False,2.0,-0.007,-0.0033,-0.0299,False,True,-5.33,-0.95,3.0,-2.39,-0.43,14.9,OHLC,—,LH/LL,自然回檔,True,262,3,universe
RXRX,2026-09-16,3.19,0.19,False,3.34,-0.002,0.15,True,57.8,0.02,57.8,False,5.98,4.13,22.4,-0.0,D 趨勢弱,True,6:16,188.2,跌,55.0,6,False,2.0,-0.0264,-0.022,-0.0851,False,True,-4.65,-0.78,3.46,-8.31,-1.39,50.9,OHLC,—,LH/LL,次級回檔,False,262,3,universe
PRCT,2026-09-16,19.44,1.21,True,20.68,0.186,0.4,True,57.4,0.56,56.8,False,6.25,3.95,17.2,3.0,D 趨勢弱,True,7:26,222.9,跌,74.0,6,False,2.0,-0.2485,-0.2119,-0.2485,False,False,-6.36,-1.02,21.5,-10.6,-1.7,21.8,OHLC,—,LH/LL,自然回檔,False,262,3,universe
RBRK,2026-09-16,104.98,5.95,True,95.84,0.672,0.4,True,56.9,0.81,56.1,False,5.67,4.64,68.8,-1.8,B 上升結構,True,9:41,290.6,升,11.0,2,False,2.0,0.6428,0.0738,,False,False,8.7,1.53,,,,394.5,OHLC,—,LH/LL,UT,False,262,3,universe
SAIL,2026-09-16,20.36,1.25,True,18.95,0.081,0.33,True,56.7,1.67,55.1,False,6.15,4.2,49.9,-5.1,B 上升結構,True,9:27,283.4,升,7.0,1,False,2.0,0.0292,-0.0673,,False,False,6.92,1.13,18.31,10.07,1.64,85.5,OHLC,↑,HH/HL,UT,False,262,3,universe
MRVI,2026-09-16,6.84,0.41,False,7.45,-0.0,-0.06,True,55.6,0.33,55.2,False,5.96,4.65,50.6,-10.3,E 延伸,True,8:10,244.8,跌,86.0,10,True,2.0,-0.1427,-0.1608,-0.1849,True,False,-8.85,-1.48,8.43,-23.25,-3.9,34.1,OHLC,—,HH/HL,自然反彈,False,262,3,universe
GWRE,2026-09-16,146.73,9.77,False,171.94,-0.366,-0.29,True,51.8,0.93,50.9,False,6.66,4.84,10.3,0.3,D 趨勢弱,True,6:44,202.2,跌,62.0,8,True,2.0,-5.819,-6.4727,-8.2291,True,False,-17.18,-2.58,153.0,-4.27,-0.64,241.5,OHLC,↓,LH/LL,DT,False,262,3,universe
IONQ,2026-09-16,36.84,2.52,False,41.16,-0.114,0.1,True,50.9,0.72,50.1,False,6.85,4.88,7.1,-10.1,D 趨勢弱,True,8:49,264.6,跌,130.0,15,True,2.0,-0.2699,-0.3001,-1.0711,True,False,-11.71,-1.71,40.47,-9.85,-1.44,678.9,OHLC,↓,LH/LL,自然反彈,False,262,3,universe
BRZE,2026-09-16,24.87,1.74,False,28.85,-0.043,-0.15,True,49.4,0.64,48.7,False,6.99,5.11,29.8,0.1,D 趨勢弱,True,7:09,214.4,跌,69.0,8,True,2.0,-1.0377,-1.1101,-1.2612,True,False,-16.01,-2.29,23.38,5.99,0.86,82.0,OHLC,↑,HH/HL,自然回檔,False,262,3,universe
COIN,2026-09-16,164.51,11.99,True,172.09,0.307,0.38,False,49.4,-1.55,51.0,False,7.29,4.8,5.7,-4.3,D 趨勢弱,True,6:23,191.6,跌,56.0,6,False,2.0,-1.9316,-0.9979,-1.9316,False,True,-4.61,-0.63,191.45,-16.38,-2.25,1836.7,OHLC,↓,LH/LL,DT,False,262,3,universe
PLSE,2026-09-16,49.61,4.09,True,49.45,0.316,0.68,False,48.1,-5.95,54.0,False,8.25,4.19,67.9,2.9,B 上升結構,True,8:10,245.1,跌,86.0,7,False,2.0,-0.5542,-0.2021,-0.5542,False,True,0.33,0.04,53.11,-7.06,-0.86,31.1,OHLC,↑,HH/HL,自然回檔,False,262,3,universe
BMNR,2026-09-16,22.81,1.69,True,22.76,0.118,0.61,False,47.7,-0.7,48.4,False,7.4,5.13,25.0,-0.2,E 延伸,True,6:42,201.2,跌,62.0,6,False,2.0,-0.3594,-0.2247,-0.3594,False,True,0.2,0.03,26.45,-15.96,-2.16,1120.2,OHLC,↓,LH/LL,DT,False,262,3,universe
BYND,2026-09-16,10.95,0.97,False,13.09,-0.186,-0.68,True,41.0,1.26,39.7,False,8.89,5.59,19.2,9.2,D 趨勢弱,True,6:54,206.8,跌,65.0,9,True,2.0,-0.0274,-0.1127,-0.4159,True,False,-19.57,-2.2,9.81,10.41,1.17,12.9,OHLC,—,HH/HL,自然反彈,False,262,3,universe
TTAN,2026-09-16,58.67,5.23,False,70.76,-1.027,-1.46,True,39.9,1.23,38.6,False,8.92,5.92,5.0,0.0,D 趨勢弱,True,8:22,251.2,跌,90.0,11,True,2.0,-4.2366,-4.7612,-5.3784,True,False,-20.61,-2.31,53.8,8.3,0.93,202.3,OHLC,—,HH/HL,自然反彈,False,262,3,universe
TRAX,2026-09-16,39.0,3.14,False,43.42,-0.282,-0.35,True,37.0,0.74,36.3,False,8.06,7.76,23.3,2.8,D 趨勢弱,True,8:49,264.6,跌,233.0,28,True,2.0,-0.7585,-0.9244,-1.132,True,False,-11.33,-1.41,41.8,-7.18,-0.89,22.8,OHLC,↓,LH/LL,自然反彈,False,114,3,universe
NUV,2026-09-16,8.54,0.08,False,8.9,-0.025,-1.37,True,98.4,0.02,98.4,True,0.88,0.48,20.2,1.0,D 趨勢弱,True,7:57,238.5,跌,82.0,10,False,3.0,-0.0358,-0.0351,-0.0358,False,False,-4.16,-4.7,9.0,-5.39,-6.09,4.4,OHLC,↓,LH/LL,DT,False,262,3,universe
MYI,2026-09-16,10.1,0.1,False,10.57,-0.035,-1.58,True,98.0,0.02,98.0,True,0.97,0.56,17.4,1.1,D 趨勢弱,True,8:49,264.6,跌,116.0,11,False,3.0,-0.0499,-0.0492,-0.0499,False,False,-4.63,-4.75,10.8,-6.93,-7.11,3.7,OHLC,↓,LH/LL,DT,False,262,3,universe
NRK,2026-09-16,9.71,0.16,False,10.18,-0.033,-0.71,True,95.4,0.16,95.3,True,1.65,0.75,17.0,1.6,D 趨勢弱,True,8:49,264.6,跌,107.0,19,False,3.0,-0.03,-0.0267,-0.0451,False,False,-4.79,-2.91,10.66,-9.78,-5.95,3.2,OHLC,↓,LH/LL,DT,False,262,3,universe
ARCC,2026-09-16,19.37,0.28,False,19.83,-0.0,0.43,False,95.3,-0.07,95.4,True,1.43,1.0,38.5,0.6,C 基底修復,True,8:49,264.6,跌,224.0,19,False,3.0,-0.0933,-0.0833,-0.0933,False,True,-2.37,-1.66,19.9,-2.74,-1.92,77.8,OHLC,↓,LH/LL,DT,False,262,3,universe
CHCO,2026-09-16,143.82,2.21,False,144.72,-0.084,-0.06,False,94.9,-0.29,95.1,True,1.53,1.03,72.9,-0.5,C 基底修復,True,8:49,264.6,跌,309.0,27,False,3.0,-0.1929,-0.1517,-0.7869,False,True,-0.62,-0.41,146.45,-1.83,-1.19,14.3,OHLC,—,LH/LL,自然反彈,True,262,3,universe
NTWO,2026-09-16,10.9,0.14,False,11.45,-0.01,-0.28,True,94.8,0.05,94.8,True,1.33,1.24,60.7,-0.0,C 基底修復,True,8:49,264.6,跌,104.0,12,False,3.0,-0.0293,-0.0326,-0.0491,True,False,-5.0,-3.77,11.25,-3.21,-2.42,3.2,OHLC,—,HH/HL,DT,True,262,3,universe
GBDC,2026-09-16,12.45,0.22,False,12.97,-0.032,-0.39,True,93.9,0.09,93.8,True,1.75,1.07,16.9,0.7,D 趨勢弱,True,8:49,264.6,跌,173.0,16,False,3.0,-0.0687,-0.0686,-0.0687,False,False,-4.17,-2.38,13.19,-5.94,-3.39,14.9,OHLC,↓,LH/LL,DT,False,262,3,universe
MAIN,2026-09-16,56.24,0.93,False,57.9,-0.006,0.25,False,93.4,-0.18,93.6,True,1.66,1.28,27.9,-20.1,D 趨勢弱,True,8:49,264.6,跌,225.0,20,False,3.0,-0.3372,-0.3676,-0.4689,True,True,-2.95,-1.78,55.76,0.85,0.52,24.1,OHLC,↑,HH/HL,自然回檔,False,262,3,universe
MGEE,2026-09-16,75.31,1.42,False,78.96,-0.151,-0.45,True,93.3,0.02,93.3,True,1.88,1.08,30.1,0.9,D 趨勢弱,True,8:49,264.6,跌,618.0,45,False,3.0,-0.2182,-0.2173,-0.4463,False,False,-4.85,-2.57,78.43,-4.14,-2.2,10.4,OHLC,↓,LH/LL,DT,False,262,3,universe
TD,2026-09-16,120.6,2.09,True,120.58,0.034,0.09,False,93.3,-0.26,93.5,True,1.73,1.24,70.6,-11.8,C 基底修復,False,11:22,340.8,升,39.0,3,False,3.0,0.0259,0.0575,,False,True,0.02,0.01,118.56,1.69,0.98,243.1,OHLC,—,HH/HL,自然回檔,True,262,3,universe
COST,2026-09-16,893.74,15.31,False,935.62,-1.909,-0.59,True,93.2,0.13,93.1,True,1.71,1.28,12.7,-0.5,D 趨勢弱,True,8:49,264.6,跌,255.0,14,False,3.0,-3.504,-3.3076,-5.2789,False,False,-4.69,-2.74,921.99,-3.16,-1.85,1767.2,OHLC,↓,LH/LL,DT,False,262,3,universe
LIN,2026-09-16,462.09,7.77,False,480.96,-0.517,-0.5,True,93.2,0.1,93.1,True,1.68,1.32,33.1,1.4,D 趨勢弱,True,7:18,219.2,跌,72.0,7,False,3.0,-1.3751,-1.5017,-3.829,True,False,-4.08,-2.43,460.2,0.41,0.24,867.4,OHLC,—,HH/HL,DT,False,262,3,universe
AIG,2026-09-16,76.07,1.33,False,76.49,-0.082,-0.46,True,93.1,0.21,92.9,True,1.75,1.27,27.4,0.6,D 趨勢弱,False,10:38,318.8,升,27.0,2,False,3.0,0.0707,0.038,,False,True,-0.56,-0.32,76.6,-0.7,-0.4,292.3,OHLC,↓,LH/LL,自然反彈,False,262,3,universe
ALRS,2026-09-16,33.04,0.69,False,33.27,-0.01,0.05,False,92.3,-0.35,92.6,True,2.1,1.12,84.6,-1.1,A 待突破,True,8:49,264.6,跌,367.0,28,False,3.0,-0.0353,-0.0227,-0.2241,False,True,-0.71,-0.34,33.6,-1.69,-0.81,4.4,OHLC,—,LH/LL,自然回檔,True,262,3,universe
HSIC,2026-09-16,86.77,1.72,False,89.08,-0.111,0.19,False,92.2,-0.08,92.2,True,1.98,1.27,65.0,-1.4,C 基底修復,True,8:49,264.6,跌,182.0,20,False,3.0,-0.4233,-0.3661,-0.4986,False,True,-2.66,-1.34,89.12,-2.71,-1.37,78.0,OHLC,↓,LH/LL,DT,False,262,3,universe
ECL,2026-09-16,274.08,5.41,False,280.98,-0.198,-0.13,False,92.0,-0.08,92.0,True,1.97,1.32,47.9,-0.1,C 基底修復,True,8:11,245.7,跌,87.0,11,False,3.0,-1.0842,-1.1924,-1.9754,True,True,-2.52,-1.27,275.84,-0.64,-0.33,374.8,OHLC,—,HH/HL,DT,False,262,3,universe
UNF,2026-09-16,266.12,6.27,False,279.72,-1.266,-0.88,True,91.4,0.24,91.1,True,2.35,1.07,41.4,-0.6,C 基底修復,True,8:49,264.6,跌,253.0,32,False,3.0,-1.3808,-1.3434,-1.9871,False,False,-5.11,-2.17,279.0,-4.84,-2.06,84.8,OHLC,—,LH/LL,自然回檔,False,262,3,universe
SBCF,2026-09-16,33.82,0.72,False,34.65,-0.064,-0.05,False,91.2,-0.52,91.7,True,2.14,1.34,49.4,-11.3,C 基底修復,True,8:49,264.6,跌,193.0,20,False,3.0,-0.0531,-0.0382,-0.2783,False,True,-2.44,-1.14,34.62,-2.37,-1.1,26.6,OHLC,↓,LH/LL,DT,False,262,3,universe
CUZ,2026-09-16,28.27,0.63,False,29.21,-0.151,-1.37,True,90.9,0.22,90.6,True,2.24,1.31,53.7,2.9,C 基底修復,True,8:49,264.6,跌,525.0,40,False,3.0,-0.0575,-0.0949,-0.402,True,False,-3.34,-1.5,29.25,-3.47,-1.55,35.5,OHLC,↓,LH/LL,DT,False,262,3,universe
WES,2026-09-16,46.9,1.08,True,48.3,0.028,0.25,False,90.6,-0.25,90.9,True,2.3,1.3,43.0,-0.8,C 基底修復,False,5:17,158.6,跌,38.0,5,False,3.0,-0.2994,-0.2339,-0.2994,False,True,-2.98,-1.3,49.89,-6.38,-2.77,33.5,OHLC,↓,LH/LL,DT,False,262,3,universe
SCI,2026-09-16,80.69,1.81,False,82.89,-0.217,-0.68,False,90.1,-0.08,90.2,True,2.24,1.48,48.4,0.9,C 基底修復,True,8:49,264.6,跌,266.0,27,False,3.0,-0.2339,-0.249,-0.5366,True,True,-2.73,-1.22,82.78,-2.59,-1.16,60.0,OHLC,—,LH/LL,自然反彈,True,262,3,universe
BCSF,2026-09-16,11.08,0.27,False,12.01,-0.077,-0.98,True,90.0,0.4,89.6,True,2.41,1.32,6.9,3.7,D 趨勢弱,True,8:49,264.6,跌,209.0,23,False,3.0,-0.0589,-0.0538,-0.085,False,False,-8.4,-3.48,12.94,-16.79,-6.95,5.4,OHLC,↓,LH/LL,DT,False,262,3,universe
HD,2026-09-16,302.47,6.84,False,329.88,-1.457,-0.8,True,89.2,0.06,89.1,True,2.26,1.66,4.5,-0.6,D 趨勢弱,True,8:49,264.6,跌,137.0,23,False,3.0,-1.8099,-1.8397,-2.7987,True,False,-9.06,-4.01,344.3,-13.83,-6.12,1137.2,OHLC,↓,LH/LL,DT,False,262,3,universe
BST,2026-09-16,47.35,1.04,False,49.69,-0.036,0.63,True,89.1,0.06,89.0,True,2.2,1.74,46.4,-0.7,C 基底修復,True,8:28,254.1,跌,91.0,9,False,3.0,-0.4023,-0.2929,-0.4382,False,False,-4.94,-2.25,51.21,-8.15,-3.71,4.2,OHLC,↓,LH/LL,DT,False,262,3,universe
DOV,2026-09-16,188.36,4.14,False,198.42,-0.633,-0.66,True,89.1,0.09,89.0,True,2.2,1.73,10.6,-0.2,D 趨勢弱,True,8:49,264.6,跌,176.0,20,False,3.0,-0.2446,-0.3507,-1.4576,True,False,-5.34,-2.43,194.74,-3.39,-1.54,231.7,OHLC,↓,LH/LL,DT,False,262,3,universe
LOW,2026-09-16,194.1,4.58,False,209.38,-0.693,-0.59,True,88.7,0.27,88.4,True,2.36,1.67,4.9,0.9,D 趨勢弱,True,8:49,264.6,跌,100.0,18,False,3.0,-0.9499,-1.014,-1.9819,True,False,-7.87,-3.34,204.45,-5.33,-2.26,630.5,OHLC,↓,LH/LL,DT,False,262,3,universe
BXP,2026-09-16,64.04,1.6,False,67.57,-0.275,-0.98,True,87.9,0.04,87.8,True,2.49,1.7,43.7,2.4,C 基底修復,True,8:49,264.6,跌,126.0,11,False,3.0,-0.4409,-0.4934,-0.5728,True,False,-5.51,-2.21,63.19,1.33,0.53,76.0,OHLC,—,HH/HL,DT,False,262,3,universe
MCO,2026-09-16,465.3,11.35,False,488.63,-0.639,-0.13,True,87.9,0.14,87.8,True,2.44,1.74,35.4,0.5,D 趨勢弱,True,8:47,263.5,跌,96.0,10,False,3.0,-4.2231,-4.1957,-4.5125,False,False,-5.01,-2.06,477.93,-2.71,-1.11,318.4,OHLC,↓,LH/LL,DT,False,262,3,universe
PGR,2026-09-16,216.99,4.31,True,215.74,0.309,0.17,False,87.8,-0.37,88.2,True,1.99,2.22,52.6,-2.2,C 基底修復,False,5:48,174.0,跌,47.0,7,False,3.0,-0.2089,-0.0316,-3.4453,False,True,0.58,0.29,222.08,-2.35,-1.18,428.8,OHLC,—,LH/LL,次級反彈,False,262,3,universe
CENT,2026-09-16,40.62,1.04,False,43.43,-0.061,-0.34,True,87.7,0.43,87.3,True,2.57,1.65,50.0,3.7,C 基底修復,True,8:49,264.6,跌,251.0,24,False,3.0,-0.2266,-0.3186,-0.4701,True,False,-6.91,-2.69,39.4,3.0,1.17,4.3,OHLC,—,HH/HL,自然反彈,False,262,3,universe
NVR,2026-09-16,6186.43,149.84,False,6300.67,-0.889,-0.1,False,87.7,-0.2,87.9,True,2.42,1.8,13.4,-1.1,D 趨勢弱,True,6:32,196.1,跌,59.0,8,False,3.0,-6.8128,-6.2595,-52.8921,False,True,-1.85,-0.76,6433.74,-4.0,-1.65,218.5,OHLC,↓,LH/LL,自然反彈,False,262,3,universe
LVS,2026-09-16,41.06,1.11,False,44.7,-0.221,-1.05,True,87.4,0.39,87.0,True,2.7,1.59,5.4,1.1,D 趨勢弱,True,8:49,264.6,跌,112.0,14,False,3.0,-0.3196,-0.2916,-0.3196,False,False,-8.86,-3.29,46.48,-13.2,-4.89,211.4,OHLC,↓,LH/LL,DT,False,262,3,universe
MTD,2026-09-16,1378.69,37.32,False,1382.52,-2.854,-0.49,False,86.9,-0.65,87.6,True,2.71,1.68,56.0,21.5,A 待突破,True,8:49,264.6,跌,202.0,24,False,3.0,-4.3774,-10.7875,-16.7462,True,True,-0.28,-0.1,1440.22,-4.46,-1.65,268.8,OHLC,—,LH/LL,UT,False,262,3,universe
AOS,2026-09-16,56.89,1.44,False,60.85,-0.2,-0.45,True,86.7,0.08,86.6,True,2.54,1.89,17.7,0.6,D 趨勢弱,True,8:49,264.6,跌,226.0,22,False,3.0,-0.3602,-0.3948,-0.5102,True,False,-6.96,-2.74,60.53,-6.4,-2.52,75.6,OHLC,↓,LH/LL,DT,False,262,3,universe
OKE,2026-09-16,92.7,2.56,True,93.96,0.487,0.55,False,86.7,-0.49,87.2,True,2.76,1.67,63.5,-4.7,C 基底修復,False,4:19,129.5,跌,22.0,2,False,3.0,-0.3607,-0.1351,-0.6016,False,True,-1.36,-0.49,99.3,-7.12,-2.58,305.2,OHLC,—,LH/LL,自然回檔,False,262,3,universe
GOOG,2026-09-16,339.36,7.87,False,342.2,-1.316,-0.42,True,86.4,0.49,85.9,True,2.32,2.17,55.8,-1.5,C 基底修復,False,10:33,316.7,升,26.0,3,False,3.0,0.9916,0.9493,,False,True,-0.84,-0.36,346.45,-2.09,-0.9,5392.0,OHLC,—,LH/LL,UT,False,262,3,universe
GOOGL,2026-09-16,342.87,8.23,False,344.91,-1.497,-0.35,True,85.9,0.45,85.4,True,2.4,2.2,56.4,-1.6,C 基底修復,False,10:31,315.5,升,25.0,3,False,3.0,0.9725,0.9149,,False,True,-0.6,-0.25,349.91,-2.05,-0.86,8222.6,OHLC,—,LH/LL,UT,False,262,3,universe
CBL,2026-09-16,53.06,1.51,False,55.42,-0.189,-0.62,True,85.5,0.39,85.2,True,2.84,1.82,51.2,1.6,C 基底修復,True,8:49,264.6,跌,564.0,31,False,3.0,-0.221,-0.1764,-0.498,False,False,-4.45,-1.57,55.98,-5.49,-1.93,11.5,OHLC,—,LH/LL,DT,True,262,3,universe
MSCI,2026-09-16,540.61,13.41,False,562.3,-1.386,-0.36,True,85.4,0.05,85.4,True,2.48,2.21,33.6,2.1,D 趨勢弱,True,6:31,195.4,跌,59.0,6,False,3.0,-1.7942,-1.3698,-7.0077,False,False,-4.01,-1.62,564.77,-4.47,-1.8,256.7,OHLC,↓,LH/LL,DT,False,262,3,universe
ZD,2026-09-16,58.75,1.64,True,55.51,0.202,0.42,False,85.2,-0.29,85.5,True,2.79,1.94,65.1,-7.3,E 延伸,True,9:59,299.7,升,16.0,2,False,3.0,0.2083,0.1408,,False,False,5.52,1.98,55.29,5.89,2.11,32.1,OHLC,↑,HH/HL,UT,False,262,3,universe
TAP,2026-09-16,39.11,1.09,False,40.98,-0.104,-0.53,True,85.1,0.54,84.5,True,2.8,1.97,11.0,4.2,D 趨勢弱,True,8:49,264.6,跌,186.0,16,False,3.0,-0.1659,-0.2147,-0.3896,True,False,-4.78,-1.71,39.73,-1.59,-0.57,112.6,OHLC,↓,LH/LL,自然反彈,False,262,3,universe
CENTA,2026-09-16,35.02,1.13,False,37.34,-0.098,-0.47,True,84.7,0.47,84.3,True,3.22,1.61,37.7,3.1,C 基底修復,True,8:49,264.6,跌,322.0,27,False,3.0,-0.1868,-0.263,-0.3898,True,False,-6.62,-2.06,37.18,-6.17,-1.91,10.5,OHLC,↓,LH/LL,自然反彈,False,262,3,universe
MOV,2026-09-16,32.94,1.05,False,34.93,-0.22,-0.8,True,84.3,0.5,83.8,True,3.2,1.72,57.3,2.5,C 基底修復,True,9:26,283.1,升,7.0,1,False,3.0,0.0034,-0.028,,False,False,-6.03,-1.89,36.95,-12.17,-3.81,6.5,OHLC,—,LH/LL,自然反彈,True,262,3,universe
NGVT,2026-09-16,68.23,2.11,False,71.59,-0.218,-0.41,True,83.9,0.34,83.5,True,3.09,1.9,24.3,1.4,C 基底修復,True,8:49,264.6,跌,168.0,21,False,3.0,-0.0063,-0.0454,-0.9267,True,False,-4.92,-1.59,69.41,-1.73,-0.56,15.7,OHLC,—,LH/LL,自然回檔,True,262,3,universe
LW,2026-09-16,47.53,1.45,False,52.01,-0.191,-0.71,True,83.8,0.29,83.5,True,3.06,1.95,33.8,1.4,C 基底修復,True,8:49,264.6,跌,344.0,28,False,3.0,-0.7054,-0.7966,-0.9551,True,False,-9.43,-3.08,46.82,1.49,0.49,63.8,OHLC,—,HH/HL,DT,False,262,3,universe
UFPI,2026-09-16,82.01,2.36,False,86.79,-0.504,-0.64,True,83.8,0.35,83.5,True,2.87,2.13,17.9,1.2,D 趨勢弱,True,8:49,264.6,跌,212.0,23,False,3.0,-0.2255,-0.3486,-0.8668,True,False,-5.83,-2.03,84.38,-2.89,-1.01,31.2,OHLC,↓,LH/LL,自然反彈,False,262,3,universe
AMZN,2026-09-16,245.96,6.13,False,261.55,-1.619,-0.2,True,83.6,0.44,83.2,True,2.49,2.56,44.6,-1.8,C 基底修復,True,8:49,264.6,跌,147.0,22,False,3.0,-1.5387,-1.302,-1.9863,False,False,-6.34,-2.54,261.12,-6.16,-2.47,7847.5,OHLC,↓,LH/LL,DT,False,262,3,universe
ACIW,2026-09-16,51.58,1.51,False,52.91,-0.321,-0.7,True,83.3,0.22,83.1,True,2.93,2.17,56.7,3.4,C 基底修復,False,4:30,135.0,跌,25.0,2,False,3.0,-0.0509,-0.0424,-1.0184,False,True,-2.58,-0.88,53.6,-3.92,-1.34,38.0,OHLC,—,LH/LL,次級回檔,True,262,3,universe
HAYW,2026-09-16,12.93,0.37,False,14.2,-0.204,-2.0,True,83.3,0.53,82.7,True,2.85,2.26,2.6,2.6,D 趨勢弱,True,8:49,264.6,跌,124.0,23,False,3.0,-0.082,-0.1047,-0.3203,True,False,-9.84,-3.45,13.92,-7.66,-2.69,28.6,OHLC,↓,LH/LL,DT,False,262,3,universe
TRMB,2026-09-16,57.32,1.75,False,59.05,-0.023,0.03,False,83.2,-0.57,83.8,True,3.05,2.07,32.1,-0.8,D 趨勢弱,True,8:49,264.6,跌,106.0,11,False,3.0,-0.3575,-0.3212,-0.4897,False,True,-3.01,-0.99,62.0,-8.16,-2.68,209.7,OHLC,—,LH/LL,自然回檔,False,262,3,universe
F,2026-09-16,13.35,0.43,False,13.98,-0.035,-0.62,True,83.0,0.13,82.9,True,3.22,1.94,19.7,-0.3,D 趨勢弱,True,6:47,203.7,跌,63.0,6,False,3.0,-0.0616,-0.0401,-0.0857,False,False,-4.75,-1.47,14.26,-6.82,-2.12,597.6,OHLC,↓,LH/LL,DT,False,262,3,universe
USPH,2026-09-16,83.39,2.76,True,78.95,0.194,0.08,False,82.9,-0.76,83.7,True,3.31,1.87,59.5,-3.7,B 上升結構,True,9:37,288.5,升,10.0,2,False,3.0,0.3154,0.1118,,False,False,5.33,1.61,,,,13.2,OHLC,—,LH/LL,UT,False,262,3,universe
CBT,2026-09-16,78.46,2.39,True,83.57,0.057,-0.54,False,82.4,-0.15,82.5,True,3.04,2.24,44.0,-0.1,C 基底修復,True,8:49,264.6,跌,389.0,34,False,3.0,-0.1957,-0.1832,-0.7428,False,False,-6.52,-2.14,80.76,-2.93,-0.96,27.4,OHLC,↓,LH/LL,DT,False,262,3,universe
COKE,2026-09-16,198.67,6.27,True,190.96,0.724,0.28,True,82.0,0.11,81.9,True,3.16,2.19,54.6,-11.6,A 待突破,False,10:39,319.7,升,28.0,2,False,3.0,0.3903,0.2502,,False,False,3.88,1.23,199.15,-0.24,-0.08,91.4,OHLC,—,LH/LL,UT,False,262,3,universe
MMS,2026-09-16,57.61,1.75,False,57.49,-0.15,-0.37,True,81.9,0.28,81.6,True,3.05,2.34,9.2,-0.6,D 趨勢弱,False,10:14,307.2,升,21.0,3,False,3.0,0.0607,0.0745,,False,True,0.22,0.07,59.19,-2.74,-0.9,29.5,OHLC,—,LH/LL,次級回檔,False,262,3,universe
SON,2026-09-16,48.41,1.6,False,53.99,-0.384,-1.22,True,81.8,0.25,81.6,True,3.3,2.09,8.4,0.5,D 趨勢弱,True,8:49,264.6,跌,306.0,33,False,3.0,-0.6604,-0.8002,-1.0284,True,False,-11.53,-3.49,59.48,-22.87,-6.92,55.3,OHLC,↓,LH/LL,DT,False,262,3,universe
GMED,2026-09-16,75.26,2.28,False,81.14,-0.181,-0.53,True,81.7,0.52,81.1,True,3.03,2.39,13.0,2.0,D 趨勢弱,True,8:49,264.6,跌,191.0,16,False,3.0,-0.6651,-0.8387,-1.2671,True,False,-7.81,-2.57,76.89,-2.17,-0.71,93.8,OHLC,↓,LH/LL,自然反彈,False,262,3,universe
STRA,2026-09-16,81.51,2.45,False,82.49,-0.062,-0.26,False,81.7,-0.77,82.5,True,3.01,2.41,50.1,-11.9,C 基底修復,True,8:49,264.6,跌,122.0,11,False,3.0,-0.1928,-0.1636,-0.9011,False,True,-1.2,-0.4,82.0,-0.6,-0.2,20.2,OHLC,—,HH/HL,UT,True,262,3,universe
RUSHB,2026-09-16,53.9,1.89,True,52.1,0.033,-0.05,False,81.6,-0.54,82.2,True,3.51,1.92,74.7,-0.3,A 待突破,False,10:11,305.6,升,20.0,2,False,3.0,0.2992,0.1669,,False,True,3.34,0.95,51.82,3.86,1.1,6.2,OHLC,—,LH/LL,UT,False,262,3,universe
ICUI,2026-09-16,155.62,4.88,False,175.01,-0.292,-0.16,True,81.1,0.55,80.6,True,3.14,2.39,40.7,-0.9,D 趨勢弱,True,8:49,264.6,跌,238.0,18,False,3.0,-2.3599,-2.6217,-3.1136,True,False,-12.46,-3.97,189.3,-21.64,-6.9,34.8,OHLC,↓,LH/LL,DT,False,262,3,universe
ALH,2026-09-16,21.55,0.79,False,23.65,-0.109,-0.57,True,80.9,0.35,80.5,True,3.68,1.89,19.2,3.0,D 趨勢弱,True,8:49,264.6,跌,143.0,25,False,3.0,-0.0629,-0.112,-0.4115,True,False,-9.75,-2.65,21.61,-0.28,-0.08,43.0,OHLC,↓,LH/LL,自然反彈,False,235,3,universe
MZTI,2026-09-16,102.96,3.48,False,110.45,-0.266,-0.44,True,80.9,0.91,79.9,True,3.38,2.2,4.7,2.4,D 趨勢弱,True,8:49,264.6,跌,158.0,14,False,3.0,-0.8784,-1.0989,-1.553,True,False,-7.27,-2.15,104.05,-1.06,-0.31,44.2,OHLC,↓,LH/LL,自然回檔,False,262,3,universe
VCEL,2026-09-16,40.21,1.39,False,41.96,-0.184,-1.07,True,80.7,0.45,80.2,True,3.45,2.16,49.7,3.6,C 基底修復,True,9:37,288.5,升,10.0,1,False,3.0,0.0393,-0.0742,,False,False,-4.36,-1.26,40.89,-1.69,-0.49,20.4,OHLC,↓,LH/LL,自然反彈,False,262,3,universe
SARO,2026-09-16,23.13,0.8,False,26.1,-0.218,-1.07,True,80.6,0.04,80.6,True,3.47,2.15,0.0,0.0,D 趨勢弱,True,8:49,264.6,跌,201.0,27,False,3.0,-0.0399,-0.0335,-0.4956,False,False,-12.82,-3.69,24.81,-7.26,-2.09,71.6,OHLC,↓,LH/LL,DT,False,262,3,universe
DORM,2026-09-16,124.96,3.59,False,132.63,-3.923,-1.08,True,80.2,0.27,79.9,True,2.87,2.84,40.3,2.9,C 基底修復,True,8:49,264.6,跌,622.0,42,False,3.0,-0.2635,-0.2481,-1.374,False,False,-6.14,-2.14,131.3,-5.07,-1.77,21.1,OHLC,↓,LH/LL,DT,False,262,3,universe
GPN,2026-09-16,86.49,2.79,True,90.29,0.08,0.18,False,80.0,-1.07,81.1,True,3.22,2.51,54.6,-13.9,C 基底修復,True,8:49,264.6,跌,121.0,15,False,3.0,-0.8786,-0.7807,-0.9946,False,False,-4.39,-1.36,90.19,-4.28,-1.33,214.7,OHLC,↓,LH/LL,DT,False,262,3,universe
BCC,2026-09-16,75.31,2.37,False,79.99,-0.61,-0.43,True,79.8,0.19,79.6,True,3.14,2.63,27.2,-0.2,D 趨勢弱,True,8:49,264.6,跌,241.0,22,False,3.0,-0.3649,-0.4267,-0.9878,True,False,-6.22,-1.98,79.21,-5.18,-1.65,21.5,OHLC,↓,LH/LL,DT,False,262,3,universe
MHK,2026-09-16,127.7,4.05,False,132.16,-0.352,0.31,True,79.8,0.07,79.7,True,3.17,2.61,53.5,1.3,A 待突破,True,8:49,264.6,跌,156.0,20,False,3.0,-0.7467,-0.8101,-1.9008,True,False,-3.49,-1.1,133.63,-4.64,-1.46,118.4,OHLC,↓,LH/LL,自然反彈,False,262,3,universe
DAN,2026-09-16,29.96,1.01,True,30.25,0.102,0.5,False,79.1,-0.26,79.4,True,3.36,2.55,41.1,6.0,C 基底修復,False,5:48,174.2,跌,47.0,6,False,3.0,-0.164,-0.1279,-0.164,False,True,-0.96,-0.29,29.9,0.2,0.06,38.1,OHLC,—,HH/HL,DT,False,262,3,universe
ETD,2026-09-16,21.62,0.74,False,23.08,-0.046,-0.19,True,79.1,0.49,78.6,True,3.43,2.48,14.9,-0.1,D 趨勢弱,True,8:41,260.5,跌,95.0,9,False,3.0,-0.1733,-0.1795,-0.2336,True,False,-6.76,-1.97,22.43,-3.75,-1.09,14.7,OHLC,—,LH/LL,自然回檔,False,262,3,universe
UPBD,2026-09-16,17.78,0.61,False,19.0,-0.103,-0.65,True,79.0,0.35,78.6,True,3.42,2.51,21.6,1.1,D 趨勢弱,True,6:27,193.6,跌,58.0,7,False,3.0,-0.0553,-0.0493,-0.2858,False,False,-6.88,-2.01,18.98,-6.75,-1.97,13.7,OHLC,↓,LH/LL,DT,False,262,3,universe
PRMB,2026-09-16,21.15,0.78,False,23.01,-0.051,-0.35,True,78.1,1.03,77.1,True,3.7,2.39,27.1,12.2,D 趨勢弱,True,8:49,264.6,跌,203.0,19,False,3.0,-0.1176,-0.1659,-0.2511,True,False,-8.78,-2.37,23.0,-8.75,-2.36,92.6,OHLC,↓,LH/LL,自然反彈,False,262,3,universe
CCS,2026-09-16,60.85,2.15,False,66.49,-0.351,-0.79,True,78.0,0.02,78.0,True,3.53,2.58,11.2,-0.7,D 趨勢弱,True,8:49,264.6,跌,263.0,27,False,3.0,-0.5747,-0.6925,-1.0149,True,False,-9.27,-2.63,59.13,2.83,0.8,17.1,OHLC,—,HH/HL,自然反彈,False,262,3,universe
CNC,2026-09-16,66.01,2.49,True,65.83,0.133,0.41,False,78.0,-0.84,78.9,True,3.77,2.34,89.6,-3.6,A 待突破,False,10:48,324.0,升,30.0,3,False,3.0,0.124,0.2324,,False,True,0.27,0.07,63.89,3.21,0.85,266.2,OHLC,↑,HH/HL,自然回檔,False,262,3,universe
QTWO,2026-09-16,59.55,2.14,False,63.17,-0.109,0.17,True,78.0,0.48,77.5,True,3.59,2.54,41.4,-0.9,C 基底修復,True,8:49,264.6,跌,314.0,22,False,3.0,-0.7129,-0.7106,-0.9239,False,False,-6.08,-1.7,61.95,-4.03,-1.12,33.9,OHLC,↓,LH/LL,DT,False,262,3,universe
FISV,2026-09-16,49.45,1.85,False,52.19,-0.198,-0.38,True,77.7,0.09,77.6,True,3.75,2.42,9.7,2.7,D 趨勢弱,True,8:49,264.6,跌,203.0,22,False,3.0,-0.2539,-0.2291,-0.4251,False,False,-5.54,-1.48,51.58,-4.31,-1.15,317.7,OHLC,↓,LH/LL,DT,False,261,3,universe
DASH,2026-09-16,196.76,7.51,False,216.28,-0.047,0.1,True,77.1,0.5,76.6,True,3.82,2.47,40.7,0.7,D 趨勢弱,True,7:46,233.1,跌,80.0,11,False,3.0,-4.0292,-4.2142,-4.9417,True,False,-9.92,-2.6,191.74,2.55,0.67,732.2,OHLC,—,HH/HL,DT,False,262,3,universe
SYK,2026-09-16,284.76,10.37,False,311.78,-2.111,-1.18,True,77.0,0.17,76.9,True,3.64,2.66,0.9,0.9,D 趨勢弱,True,8:49,264.6,跌,275.0,23,False,3.0,-2.9313,-4.0772,-6.5941,True,False,-9.49,-2.61,330.69,-16.13,-4.43,823.8,OHLC,↓,LH/LL,自然反彈,False,262,3,universe
IP,2026-09-16,34.06,1.26,False,38.41,-0.316,-1.44,True,76.9,0.17,76.8,True,3.7,2.62,5.0,0.0,D 趨勢弱,True,8:49,264.6,跌,246.0,28,False,3.0,-0.4274,-0.5005,-0.6563,True,False,-12.76,-3.45,37.24,-9.34,-2.53,149.2,OHLC,↓,LH/LL,DT,False,262,3,universe
NIO,2026-09-16,3.58,0.14,False,4.16,-0.026,-1.14,True,76.9,0.58,76.4,True,4.02,2.29,0.0,0.0,D 趨勢弱,True,8:49,264.6,跌,212.0,17,False,3.0,-0.0301,-0.0367,-0.0632,True,False,-16.24,-4.04,3.69,-3.07,-0.76,146.6,OHLC,↓,LH/LL,DT,False,262,3,universe
JBGS,2026-09-16,11.26,0.38,False,11.78,-0.075,-0.83,True,76.8,0.67,76.1,True,3.35,3.0,13.9,1.9,D 趨勢弱,True,9:26,283.2,升,7.0,1,False,3.0,0.0006,-0.0101,,False,False,-4.62,-1.38,11.48,-1.95,-0.58,8.9,OHLC,↓,LH/LL,DT,False,262,3,universe
HWM,2026-09-16,227.73,9.19,False,255.4,-1.763,-0.93,True,76.2,1.11,75.1,True,4.04,2.42,8.7,0.6,D 趨勢弱,True,8:49,264.6,跌,144.0,20,False,3.0,-2.775,-3.3968,-4.0146,True,False,-12.15,-3.01,260.49,-14.39,-3.56,886.7,OHLC,↓,LH/LL,DT,False,262,3,universe
INGM,2026-09-16,26.11,1.03,False,27.49,-0.126,-0.6,True,76.2,0.23,76.0,True,3.93,2.52,38.5,0.1,C 基底修復,True,6:14,187.1,跌,54.0,6,False,3.0,-0.199,-0.1767,-0.2246,False,False,-5.27,-1.34,27.35,-4.75,-1.21,50.3,OHLC,—,HH/HL,DT,False,262,3,universe
CART,2026-09-16,46.85,1.78,False,49.02,-0.036,0.08,True,75.9,0.26,75.7,True,3.79,2.71,54.8,0.6,C 基底修復,True,8:16,248.0,跌,88.0,12,False,3.0,-0.5295,-0.5006,-0.7833,False,False,-4.63,-1.22,49.48,-5.61,-1.48,165.8,OHLC,↓,LH/LL,自然回檔,False,262,3,universe
BKNG,2026-09-16,171.4,6.66,False,196.82,-0.622,-0.62,True,75.8,0.82,75.0,True,3.89,2.64,6.1,0.0,D 趨勢弱,True,8:49,264.6,跌,147.0,21,False,3.0,-3.5098,-3.8918,-4.619,True,False,-14.83,-3.82,181.25,-5.75,-1.48,1064.5,OHLC,↓,LH/LL,DT,False,262,3,universe
MLKN,2026-09-16,20.97,0.79,False,22.79,-0.153,-0.56,True,75.8,0.71,75.1,True,3.75,2.78,44.7,3.3,D 趨勢弱,True,8:49,264.6,跌,306.0,26,False,3.0,-0.246,-0.2677,-0.2961,True,False,-8.68,-2.31,22.92,-9.3,-2.48,11.5,OHLC,↓,LH/LL,自然反彈,False,262,3,universe
SCHL,2026-09-16,35.01,1.45,False,39.26,-0.233,-0.74,True,75.8,0.94,74.8,True,4.14,2.39,13.7,0.3,D 趨勢弱,True,8:49,264.6,跌,435.0,44,False,3.0,-0.1872,-0.2409,-0.8316,True,False,-12.15,-2.93,37.0,-5.68,-1.37,10.7,OHLC,↓,LH/LL,DT,False,262,3,universe
M,2026-09-16,21.81,0.94,False,22.7,-0.134,-0.83,True,73.7,0.24,73.5,False,4.33,2.59,42.1,-1.6,C 基底修復,True,9:38,289.1,升,11.0,2,False,3.0,0.0169,0.0176,,False,True,-4.06,-0.94,22.58,-3.53,-0.82,147.7,OHLC,↓,LH/LL,DT,False,262,3,universe
APPF,2026-09-16,221.17,8.9,True,212.63,1.156,0.6,False,73.1,-0.33,73.5,False,4.03,3.01,49.9,-3.5,C 基底修復,True,7:21,220.3,跌,72.0,9,False,3.0,-1.4989,-1.8507,-3.9525,True,True,3.86,0.96,205.65,7.02,1.74,72.5,OHLC,↑,HH/HL,自然回檔,False,262,3,universe
PKOH,2026-09-16,45.07,1.75,True,47.08,0.091,0.46,True,73.0,0.27,72.7,False,3.88,3.18,73.7,1.2,B 上升結構,True,8:49,264.6,跌,205.0,19,False,3.0,-0.334,-0.3287,-0.6375,False,False,-4.46,-1.15,47.34,-5.04,-1.3,3.3,OHLC,—,LH/LL,DT,True,262,3,universe
ZBRA,2026-09-16,341.18,11.76,True,362.66,0.341,1.05,True,72.9,0.39,72.5,False,3.45,3.63,66.0,0.2,B 上升結構,True,8:49,264.6,跌,179.0,20,False,3.0,-4.1487,-4.1203,-6.2001,False,False,-6.29,-1.83,351.81,-3.12,-0.9,185.5,OHLC,—,LH/LL,DT,True,262,3,universe
CVSA,2026-09-16,127.2,4.72,False,130.9,-0.065,-0.04,True,72.1,0.91,71.2,False,3.71,3.52,49.4,0.6,C 基底修復,True,7:39,229.4,跌,77.0,11,False,3.0,-0.8472,-1.0872,-2.0113,True,True,-2.91,-0.78,129.04,-1.45,-0.39,42.7,OHLC,↓,LH/LL,自然反彈,False,262,3,universe
CSGP,2026-09-16,30.36,1.31,True,31.48,0.032,0.33,False,70.9,-0.92,71.9,False,4.32,3.13,21.8,-10.6,D 趨勢弱,True,8:49,264.6,跌,204.0,13,False,3.0,-0.1396,-0.1226,-0.3802,False,True,-3.7,-0.85,31.56,-3.95,-0.91,206.6,OHLC,↓,LH/LL,自然回檔,False,262,3,universe
CERT,2026-09-16,8.13,0.35,True,8.09,0.106,0.25,False,70.8,-0.76,71.6,False,4.25,3.23,57.9,2.0,D 趨勢弱,True,8:49,264.6,跌,281.0,27,False,3.0,-0.0278,-0.0451,-0.1356,True,True,0.49,0.12,8.28,-1.85,-0.43,16.6,OHLC,—,LH/LL,自然回檔,False,262,3,universe
AVAH,2026-09-16,14.26,0.56,True,12.67,0.135,0.95,True,70.1,0.03,70.1,False,3.91,3.7,64.1,2.5,E 延伸,True,6:51,205.4,跌,64.0,10,False,3.0,-0.0632,-0.0541,-0.123,False,False,11.17,2.85,13.2,7.43,1.9,49.0,OHLC,↑,HH/HL,UT,False,262,3,universe
OLLI,2026-09-16,73.23,3.52,False,75.33,-0.05,0.05,True,69.1,0.01,69.1,False,4.81,2.99,22.7,1.8,D 趨勢弱,True,8:49,264.6,跌,181.0,19,False,3.0,-0.1531,-0.1057,-0.7538,False,True,-2.87,-0.6,75.42,-2.99,-0.62,136.0,OHLC,—,LH/LL,自然回檔,True,262,3,universe
UPWK,2026-09-16,8.55,0.36,False,8.8,-0.03,-0.34,True,69.1,0.75,68.3,False,4.25,3.56,20.6,-2.9,D 趨勢弱,True,7:12,216.0,跌,70.0,7,False,3.0,-0.0146,-0.0142,-0.1554,False,True,-2.9,-0.68,8.94,-4.56,-1.07,21.7,OHLC,↓,LH/LL,自然反彈,False,262,3,universe
COCO,2026-09-16,56.37,2.59,False,58.74,-0.383,-1.13,True,68.8,0.32,68.5,False,4.6,3.26,15.2,0.6,D 趨勢弱,True,9:42,291.2,升,12.0,1,False,3.0,0.1337,-0.1367,,False,True,-4.2,-0.91,64.84,-15.03,-3.27,72.5,OHLC,↓,LH/LL,自然反彈,False,262,3,universe
FA,2026-09-16,21.56,0.88,True,21.49,0.017,0.15,True,67.9,0.5,67.4,False,4.06,3.97,71.2,-6.0,B 上升結構,False,10:14,307.2,升,21.0,3,False,3.0,0.0866,0.086,,False,True,0.32,0.08,20.3,5.84,1.44,28.3,OHLC,—,HH/HL,次級回檔,False,262,3,universe
PGEN,2026-09-16,7.44,0.34,True,6.96,0.039,0.41,True,67.4,1.18,66.2,False,4.51,3.63,76.4,6.3,E 延伸,True,8:49,264.6,跌,260.0,14,False,3.0,-0.0311,-0.071,-0.0995,True,False,6.34,1.4,7.17,3.56,0.79,30.9,OHLC,↑,HH/HL,UT,False,262,3,universe
OVID,2026-09-16,2.68,0.13,True,2.76,0.009,0.45,False,67.2,-0.09,67.3,False,4.78,3.4,73.7,-4.8,B 上升結構,True,8:42,261.1,跌,95.0,12,False,3.0,-0.0215,-0.0216,-0.0294,True,True,-2.92,-0.61,2.8,-4.29,-0.9,3.7,OHLC,—,LH/LL,自然回檔,True,262,3,universe
SONO,2026-09-16,15.6,0.67,False,15.51,-0.022,-0.19,True,66.1,0.44,65.6,False,4.27,4.13,41.0,2.2,C 基底修復,True,9:28,284.0,升,8.0,1,False,3.0,0.0127,-0.0115,,False,True,0.58,0.14,15.6,0.0,0.0,23.2,OHLC,↓,LH/LL,自然反彈,False,262,3,universe
LMRI,2026-09-16,11.65,0.58,True,11.78,0.025,0.24,False,65.9,-0.43,66.3,False,5.0,3.43,38.6,0.7,D 趨勢弱,True,8:49,264.6,跌,122.0,15,False,3.0,-0.0462,-0.06,-0.2105,True,True,-1.09,-0.22,12.32,-5.75,-1.15,4.2,OHLC,—,LH/LL,UT,True,191,3,universe
FTRE,2026-09-16,19.97,1.01,True,18.25,0.124,-0.25,True,65.4,0.37,65.0,False,5.08,3.45,67.1,-6.3,E 延伸,True,9:52,296.2,升,15.0,2,False,3.0,0.1692,0.0437,,False,False,8.63,1.7,17.41,12.82,2.52,24.8,OHLC,↑,HH/HL,UT,False,262,3,universe
AMPL,2026-09-16,13.47,0.63,True,12.63,0.101,0.97,True,64.2,0.69,63.5,False,4.7,4.08,72.1,-3.5,B 上升結構,True,8:47,263.5,跌,96.0,10,False,3.0,-0.1451,-0.1774,-0.2954,True,False,6.26,1.33,12.96,3.79,0.8,21.9,OHLC,—,HH/HL,次級回檔,False,262,3,universe
GLOB,2026-09-16,38.37,2.0,True,38.46,0.025,0.16,False,62.5,-1.03,63.5,False,5.22,3.9,34.2,1.5,D 趨勢弱,True,8:49,264.6,跌,101.0,11,False,3.0,-0.1786,-0.1519,-0.5746,False,True,-0.25,-0.05,38.88,-1.33,-0.25,41.2,OHLC,—,HH/HL,自然回檔,False,262,3,universe
CDNA,2026-09-16,53.55,2.25,True,48.88,0.211,0.8,True,61.9,0.86,61.0,False,4.2,5.04,75.0,0.0,E 延伸,True,8:49,264.6,跌,242.0,23,False,3.0,-0.1404,-0.2499,-0.4834,True,False,8.72,2.08,48.97,8.55,2.04,61.4,OHLC,↑,HH/HL,UT,False,262,3,universe
TASK,2026-09-16,8.16,0.37,True,7.66,0.053,1.02,True,61.7,0.45,61.2,False,4.54,4.74,26.4,-3.3,D 趨勢弱,True,8:49,264.6,跌,105.0,11,False,3.0,-0.0407,-0.0444,-0.1169,True,False,6.2,1.36,7.76,4.96,1.09,3.4,OHLC,↑,HH/HL,UT,False,262,3,universe
W,2026-09-16,103.24,4.8,False,102.74,-1.859,0.14,True,60.7,0.23,60.5,False,4.65,4.84,69.5,1.2,B 上升結構,True,9:21,280.4,升,6.0,1,False,3.0,0.0871,-0.0305,,False,True,0.49,0.1,,,,231.7,OHLC,↓,LH/LL,自然反彈,False,262,3,universe
SPT,2026-09-16,11.27,0.55,True,10.43,0.058,0.55,True,60.5,0.95,59.5,False,4.85,4.69,41.1,-1.0,E 延伸,True,6:14,186.9,跌,54.0,7,False,3.0,-0.0545,-0.06,-0.1462,True,False,7.43,1.53,10.13,10.12,2.09,14.9,OHLC,↑,HH/HL,自然回檔,False,262,3,universe
FICO,2026-09-16,991.35,52.35,False,1035.46,-1.294,-0.7,True,60.0,1.14,58.9,False,5.28,4.36,8.1,2.3,D 趨勢弱,True,6:33,196.7,跌,59.0,8,False,3.0,-6.9231,-9.4566,-27.2758,True,True,-4.45,-0.84,983.19,0.82,0.16,354.3,OHLC,—,LH/LL,UT,False,262,3,universe
EFOR,2026-09-16,32.43,1.68,True,31.97,0.124,0.91,False,59.3,-0.37,59.7,False,5.18,4.6,34.9,1.6,D 趨勢弱,True,8:49,264.6,跌,267.0,21,False,3.0,-0.1416,-0.1265,-0.5825,False,True,1.43,0.27,32.55,-0.37,-0.07,21.3,OHLC,—,LH/LL,自然回檔,False,262,3,universe
DOMO,2026-09-16,3.84,0.16,False,3.84,-0.002,0.09,True,58.8,0.2,58.6,False,4.2,5.7,39.2,-0.5,D 趨勢弱,True,9:53,296.7,升,15.0,2,False,3.0,0.0004,0.003,,False,True,0.08,0.02,3.91,-1.82,-0.43,4.9,OHLC,—,LH/LL,次級回檔,True,262,3,universe
SABR,2026-09-16,2.32,0.14,True,2.15,0.01,0.3,True,58.0,0.13,57.9,False,5.9,4.17,63.7,6.4,B 上升結構,True,9:35,287.6,升,10.0,1,False,3.0,0.0005,-0.0116,,False,False,7.26,1.23,2.01,13.36,2.26,10.4,OHLC,↑,HH/HL,自然反彈,False,262,3,universe
FOSL,2026-09-16,5.32,0.33,False,5.33,-0.035,-0.24,True,57.4,1.51,55.9,False,6.13,4.07,65.3,6.5,B 上升結構,True,8:49,264.6,跌,169.0,19,False,3.0,-0.024,-0.0602,-0.1191,True,True,-0.23,-0.04,4.33,18.61,3.03,3.6,OHLC,↑,HH/HL,UT,False,262,3,universe
HTFL,2026-09-16,48.3,2.48,True,44.57,0.26,0.78,True,54.7,0.45,54.2,False,5.14,5.68,57.2,0.0,E 延伸,True,6:24,191.8,跌,57.0,8,False,3.0,-0.7945,-0.7673,-0.9079,False,False,7.71,1.5,49.88,-3.27,-0.64,93.4,OHLC,↓,LH/LL,次級回檔,False,262,3,universe
NN,2026-09-16,14.62,0.99,True,16.38,0.061,0.26,True,53.5,1.24,52.3,False,6.78,4.3,10.0,-5.0,D 趨勢弱,True,8:49,264.6,跌,102.0,16,False,3.0,-0.1192,-0.1074,-0.3006,False,False,-12.04,-1.78,15.54,-6.29,-0.93,33.2,OHLC,—,LH/LL,DT,True,262,3,universe
IOVA,2026-09-16,9.87,0.52,True,7.59,0.15,1.24,True,49.1,0.92,48.2,False,5.23,6.94,75.0,0.0,E 延伸,True,9:36,288.0,升,10.0,1,False,3.0,0.0122,-0.033,,False,False,23.06,4.41,8.14,17.53,3.35,147.5,OHLC,↑,HH/HL,UT,False,262,3,universe
GENB,2026-09-16,15.68,1.15,False,16.53,-0.008,0.04,True,49.0,0.25,48.8,False,7.36,4.83,51.5,0.3,C 基底修復,True,6:47,203.7,跌,63.0,12,False,3.0,-0.1036,-0.0949,-0.3026,False,True,-5.4,-0.73,15.99,-1.98,-0.27,25.5,OHLC,—,HH/HL,自然回檔,True,139,3,universe
BDSX,2026-09-16,28.56,1.95,True,25.78,0.126,0.24,True,48.8,1.55,47.3,False,6.81,5.43,71.0,1.7,E 延伸,True,8:37,258.5,跌,94.0,11,False,3.0,-0.0361,-0.1142,-0.3588,True,False,9.74,1.43,25.39,11.1,1.63,3.5,OHLC,↑,HH/HL,UT,False,262,3,universe
AMC,2026-09-16,2.66,0.17,False,2.58,-0.007,-0.42,True,46.5,0.86,45.7,False,6.21,6.65,61.7,-4.9,B 上升結構,True,8:49,264.6,跌,253.0,27,False,3.0,-0.0091,-0.0214,-0.0443,True,True,3.07,0.49,2.61,1.88,0.3,56.7,OHLC,—,HH/HL,自然反彈,False,262,3,universe
EVH,2026-09-16,3.74,0.28,True,4.24,0.029,0.62,True,46.4,1.34,45.1,False,7.38,5.51,26.4,1.7,D 趨勢弱,True,7:20,220.1,跌,72.0,10,False,3.0,-0.0715,-0.0616,-0.3426,False,False,-13.3,-1.8,,,,8.9,OHLC,—,HH/HL,DT,False,262,3,universe
TOWN,2026-09-16,37.16,0.59,False,37.46,-0.098,-0.44,False,94.7,-0.46,95.2,True,1.57,1.03,59.4,-11.3,C 基底修復,True,8:49,264.6,跌,273.0,28,False,4.0,-0.0169,-0.0129,-0.1683,False,True,-0.81,-0.52,37.79,-1.7,-1.08,19.4,OHLC,—,LH/LL,UT,True,262,3,universe
UBSI,2026-09-16,47.32,0.78,False,47.82,-0.087,-0.37,False,94.5,-0.54,95.0,True,1.65,1.02,55.9,-11.5,C 基底修復,True,9:38,289.1,升,11.0,2,False,4.0,0.0047,0.0138,,False,True,-1.05,-0.64,48.03,-1.5,-0.91,41.7,OHLC,—,LH/LL,UT,True,262,3,universe
PEBO,2026-09-16,39.61,0.64,False,40.19,-0.117,-0.64,False,94.2,-0.61,94.8,True,1.62,1.13,60.9,-16.7,C 基底修復,True,9:42,291.2,升,12.0,2,False,4.0,0.0124,0.0278,,False,True,-1.47,-0.91,39.18,1.09,0.67,9.6,OHLC,—,HH/HL,UT,True,262,3,universe
BY,2026-09-16,37.62,0.69,False,38.5,-0.063,-0.28,False,93.4,-0.49,93.9,True,1.83,1.11,50.7,-7.2,C 基底修復,True,8:49,264.6,跌,184.0,29,False,4.0,-0.0612,-0.0181,-0.2196,False,True,-2.34,-1.28,37.59,0.08,0.04,10.5,OHLC,—,HH/HL,DT,False,262,3,universe
OSBC,2026-09-16,24.98,0.46,False,25.47,-0.036,-0.05,False,93.4,-0.96,94.3,True,1.85,1.11,69.0,-3.7,A 待突破,True,8:49,264.6,跌,341.0,26,False,4.0,-0.0695,-0.0358,-0.1514,False,True,-1.95,-1.06,25.84,-3.44,-1.86,10.3,OHLC,—,LH/LL,自然回檔,False,262,3,universe
OFG,2026-09-16,52.49,0.91,False,52.58,-0.036,-0.03,False,93.3,-0.29,93.6,True,1.73,1.25,80.4,-0.5,A 待突破,True,8:49,264.6,跌,286.0,29,False,4.0,-0.0316,-0.0127,-0.2786,False,True,-0.16,-0.09,51.61,1.68,0.97,12.6,OHLC,—,HH/HL,UT,True,262,3,universe
GD,2026-09-16,360.0,6.62,False,374.42,-1.071,-0.83,True,93.2,0.19,93.0,True,1.84,1.16,32.8,1.6,C 基底修復,True,8:49,264.6,跌,476.0,22,False,4.0,-1.1967,-1.8274,-3.7351,True,False,-4.0,-2.18,396.92,-10.26,-5.58,367.6,OHLC,↓,LH/LL,自然反彈,False,262,3,universe
CUBE,2026-09-16,39.69,0.74,False,40.36,-0.075,-0.7,False,93.0,-0.17,93.1,True,1.85,1.19,37.8,-0.4,C 基底修復,True,9:53,296.4,升,15.0,2,False,4.0,0.0307,0.0114,,False,True,-1.69,-0.91,40.21,-1.31,-0.71,86.7,OHLC,—,LH/LL,自然反彈,True,262,3,universe
GABC,2026-09-16,49.18,0.92,False,50.06,-0.092,-0.37,False,93.0,-0.52,93.5,True,1.87,1.17,65.7,-11.3,C 基底修復,True,8:49,264.6,跌,182.0,27,False,4.0,-0.062,-0.0312,-0.2829,False,True,-1.78,-0.95,48.94,0.49,0.26,5.7,OHLC,—,HH/HL,自然反彈,True,262,3,universe
CB,2026-09-16,341.53,5.52,False,343.43,-0.149,-0.34,True,92.7,0.06,92.7,True,1.62,1.49,54.3,0.4,C 基底修復,False,10:43,321.4,升,29.0,3,False,4.0,0.3371,0.2381,,False,True,-0.56,-0.34,347.04,-1.61,-1.0,544.8,OHLC,↓,LH/LL,DT,False,262,3,universe
FFIN,2026-09-16,33.32,0.62,False,33.88,-0.11,-0.71,False,92.6,-0.51,93.1,True,1.85,1.28,38.1,-10.3,C 基底修復,True,9:52,295.9,升,14.0,2,False,4.0,0.0545,0.0449,,False,True,-1.69,-0.91,33.67,-1.05,-0.57,22.4,OHLC,—,LH/LL,UT,True,262,3,universe
BHRB,2026-09-16,70.58,1.39,False,72.28,-0.168,-0.31,False,92.3,-0.36,92.6,True,1.97,1.25,53.4,-6.3,C 基底修復,True,8:49,264.6,跌,213.0,28,False,4.0,-0.1082,-0.0597,-0.4782,False,True,-2.41,-1.22,72.7,-3.0,-1.53,6.9,OHLC,—,LH/LL,自然回檔,True,262,3,universe
HBT,2026-09-16,36.04,0.7,False,36.17,-0.0,0.06,False,91.8,-0.53,92.4,True,1.94,1.38,82.0,-2.3,A 待突破,True,8:49,264.6,跌,215.0,22,False,4.0,-0.057,-0.0221,-0.2769,False,True,-0.35,-0.18,35.75,0.8,0.41,4.0,OHLC,—,HH/HL,UT,True,262,3,universe
BBT,2026-09-16,31.12,0.66,False,31.61,-0.043,0.1,False,91.7,-0.3,92.0,True,2.11,1.24,51.7,-12.6,C 基底修復,True,8:49,264.6,跌,156.0,19,False,4.0,-0.0513,-0.0435,-0.202,False,True,-1.57,-0.75,30.6,1.67,0.79,24.1,OHLC,—,HH/HL,自然回檔,True,262,3,universe
MET,2026-09-16,97.23,1.86,True,96.64,0.081,0.06,False,91.7,-0.36,92.1,True,1.91,1.44,82.9,-1.0,A 待突破,False,10:15,307.4,升,21.0,2,False,4.0,0.0326,0.0626,,False,True,0.6,0.32,95.5,1.78,0.93,286.4,OHLC,—,HH/HL,UT,True,262,3,universe
MPB,2026-09-16,36.85,0.78,False,37.38,-0.077,-0.45,False,91.5,-0.44,91.9,True,2.12,1.28,64.7,-11.2,C 基底修復,True,8:49,264.6,跌,261.0,28,False,4.0,-0.0146,-0.0022,-0.2758,False,True,-1.45,-0.68,37.56,-1.93,-0.91,3.2,OHLC,—,LH/LL,UT,True,262,3,universe
CCBG,2026-09-16,50.14,1.09,False,51.36,-0.118,-0.32,False,91.4,-0.23,91.6,True,2.17,1.26,53.7,-10.5,C 基底修復,True,8:49,264.6,跌,233.0,30,False,4.0,-0.1087,-0.0904,-0.2574,False,True,-2.44,-1.13,51.56,-2.83,-1.31,3.3,OHLC,↓,LH/LL,DT,False,262,3,universe
CCK,2026-09-16,112.17,2.22,False,117.2,-0.324,-0.49,True,91.3,0.07,91.2,True,1.98,1.47,49.7,2.3,C 基底修復,True,8:49,264.6,跌,341.0,29,False,4.0,-0.5864,-0.666,-0.9358,True,False,-4.48,-2.26,118.39,-5.55,-2.8,83.0,OHLC,↓,LH/LL,DT,False,262,3,universe
CLH,2026-09-16,318.96,6.69,True,317.14,0.5,-0.03,False,90.8,-0.15,91.0,True,2.1,1.46,77.0,-0.8,A 待突破,False,10:41,320.5,升,28.0,4,False,4.0,0.0482,0.1785,,False,True,0.57,0.27,314.0,1.56,0.74,122.7,OHLC,—,HH/HL,UT,True,262,3,universe
GL,2026-09-16,172.98,3.66,False,176.47,-0.339,-0.47,False,90.7,-0.28,91.0,True,2.11,1.47,59.1,0.5,C 基底修復,True,9:59,299.4,升,16.0,2,False,4.0,0.1471,0.0609,,False,True,-2.01,-0.95,176.99,-2.32,-1.1,72.1,OHLC,—,LH/LL,自然反彈,False,262,3,universe
HIW,2026-09-16,30.7,0.69,False,31.1,-0.095,-1.27,False,90.2,-0.27,90.4,True,2.23,1.47,51.6,1.7,C 基底修復,True,9:41,290.6,升,11.0,1,False,4.0,0.0012,-0.009,,False,True,-1.31,-0.59,31.19,-1.6,-0.71,32.0,OHLC,—,LH/LL,自然反彈,True,262,3,universe
WASH,2026-09-16,39.23,0.82,False,39.58,-0.022,0.08,False,89.8,-1.0,90.9,True,2.1,1.67,78.8,-4.1,A 待突破,True,8:49,264.6,跌,307.0,28,False,4.0,-0.0748,-0.0281,-0.2227,False,True,-0.9,-0.43,39.04,0.48,0.23,5.6,OHLC,↑,HH/HL,自然回檔,False,262,3,universe
VTR,2026-09-16,88.21,1.97,False,91.12,-0.047,-0.39,True,89.2,0.04,89.2,True,2.23,1.68,42.1,-0.4,C 基底修復,True,8:27,253.6,跌,91.0,12,False,4.0,-0.3525,-0.3295,-1.0942,False,False,-3.29,-1.47,92.09,-4.4,-1.97,266.4,OHLC,—,LH/LL,次級回檔,False,262,3,universe
YUMC,2026-09-16,41.36,0.96,False,45.92,-0.194,-0.84,True,89.2,0.41,88.8,True,2.32,1.59,12.7,0.1,D 趨勢弱,True,8:49,264.6,跌,133.0,16,False,4.0,-0.4214,-0.4382,-0.5946,True,False,-11.02,-4.74,43.39,-4.91,-2.11,61.8,OHLC,↓,LH/LL,DT,False,262,3,universe
CUBI,2026-09-16,78.14,1.93,False,80.06,-0.317,-0.16,False,89.1,-0.44,89.5,True,2.46,1.48,41.5,-4.7,C 基底修復,True,8:49,264.6,跌,150.0,21,False,4.0,-0.0678,-0.0363,-0.5837,False,True,-2.46,-1.0,79.75,-2.06,-0.84,18.2,OHLC,—,LH/LL,次級回檔,False,262,3,universe
WST,2026-09-16,362.01,8.49,True,349.07,0.672,0.38,True,89.1,0.11,89.0,True,2.34,1.59,84.0,-0.8,A 待突破,False,10:25,312.4,升,24.0,3,False,4.0,2.3594,1.909,,False,False,3.57,1.52,,,,185.9,OHLC,—,LH/LL,UT,False,262,3,universe
IMKTA,2026-09-16,82.68,2.03,False,84.9,-0.287,-0.57,True,88.9,0.35,88.6,True,2.45,1.51,34.6,0.4,C 基底修復,False,10:33,316.5,升,26.0,4,False,4.0,0.2747,0.2575,,False,True,-2.68,-1.09,80.96,2.08,0.85,8.5,OHLC,—,HH/HL,自然反彈,True,262,3,universe
UHAL,2026-09-16,63.32,1.59,False,69.74,-0.357,-0.85,True,88.5,0.02,88.5,True,2.51,1.55,35.4,1.2,D 趨勢弱,True,8:49,264.6,跌,340.0,38,False,4.0,-0.4624,-0.5591,-0.8864,True,False,-10.14,-4.04,76.45,-20.74,-8.27,9.2,OHLC,↓,LH/LL,DT,False,262,3,universe
VRSN,2026-09-16,298.46,7.65,False,288.95,-0.058,0.04,True,87.0,1.13,85.8,True,2.56,1.81,63.4,-9.6,E 延伸,True,9:57,298.6,升,16.0,3,False,4.0,0.6709,0.5033,,False,False,3.19,1.24,300.36,-0.64,-0.25,194.2,OHLC,—,LH/LL,UT,False,262,3,universe
HAS,2026-09-16,89.3,2.19,True,93.44,0.026,-0.2,False,86.8,-0.11,86.9,True,2.46,1.97,31.3,-9.6,C 基底修復,True,8:49,264.6,跌,159.0,21,False,4.0,-0.6246,-0.6239,-0.9058,False,False,-4.64,-1.89,91.54,-2.51,-1.02,121.7,OHLC,↓,LH/LL,自然回檔,False,262,3,universe
STZ,2026-09-16,123.03,3.33,False,129.87,-0.19,-0.42,True,85.8,0.35,85.4,True,2.71,1.91,9.2,5.4,D 趨勢弱,True,8:49,264.6,跌,121.0,13,False,4.0,-0.569,-0.6733,-1.2279,True,False,-5.56,-2.06,137.6,-11.84,-4.38,255.1,OHLC,↓,LH/LL,自然反彈,False,262,3,universe
PSEC,2026-09-16,2.2,0.06,False,2.26,-0.0,0.15,False,85.5,-0.1,85.6,True,2.64,2.05,24.5,3.0,D 趨勢弱,True,8:49,264.6,跌,125.0,13,False,4.0,-0.0048,-0.0056,-0.0131,True,True,-2.76,-1.05,2.23,-1.36,-0.52,8.4,OHLC,—,LH/LL,DT,True,262,3,universe
H,2026-09-16,158.65,4.72,False,171.38,-0.453,-0.56,True,85.1,0.02,85.1,True,2.97,1.78,12.3,-2.6,D 趨勢弱,True,8:49,264.6,跌,107.0,13,False,4.0,-0.4178,-0.4185,-1.9833,True,False,-8.02,-2.7,163.71,-3.19,-1.07,110.9,OHLC,—,LH/LL,DT,True,262,3,universe
UVE,2026-09-16,44.15,1.07,False,43.45,-0.016,-0.04,True,84.4,0.4,84.0,True,2.41,2.49,84.0,-0.7,A 待突破,False,3:40,110.0,跌,11.0,1,False,4.0,-0.0133,0.0054,-0.541,False,True,1.58,0.66,43.71,1.0,0.41,7.5,OHLC,—,HH/HL,自然反彈,True,262,3,universe
KBR,2026-09-16,36.6,1.03,False,37.46,-0.03,0.47,False,84.2,-0.31,84.6,True,2.83,2.1,22.5,-10.4,C 基底修復,True,8:49,264.6,跌,242.0,20,False,4.0,-0.1123,-0.1133,-0.2433,True,True,-2.36,-0.83,36.18,1.15,0.41,41.6,OHLC,—,LH/LL,自然反彈,True,262,3,universe
RL,2026-09-16,338.36,10.43,False,363.98,-1.531,-0.68,True,84.0,0.13,83.9,True,3.08,1.88,13.9,3.5,D 趨勢弱,True,8:49,264.6,跌,162.0,21,False,4.0,-0.3077,-0.7128,-4.3032,True,False,-7.57,-2.46,351.2,-3.79,-1.23,223.1,OHLC,↓,LH/LL,DT,False,262,3,universe
USLM,2026-09-16,114.13,3.37,True,118.12,0.026,0.42,False,84.0,-1.0,85.0,True,2.95,2.01,36.1,-14.2,D 趨勢弱,True,8:49,264.6,跌,197.0,18,False,4.0,-0.4931,-0.3474,-0.8507,False,False,-3.5,-1.19,118.04,-3.43,-1.16,15.8,OHLC,—,LH/LL,自然回檔,True,262,3,universe
TXRH,2026-09-16,170.07,5.27,False,195.75,-1.504,-1.34,True,83.7,0.2,83.5,True,3.1,1.94,7.9,0.2,D 趨勢弱,True,8:49,264.6,跌,221.0,24,False,4.0,-2.5597,-2.4986,-2.7495,False,False,-15.1,-4.87,205.29,-20.71,-6.68,138.5,OHLC,↓,LH/LL,DT,False,262,3,universe
CLX,2026-09-16,84.86,2.71,False,99.07,-0.716,-0.81,True,82.9,0.13,82.8,True,3.2,1.98,0.0,0.0,D 趨勢弱,True,8:49,264.6,跌,167.0,18,False,4.0,-1.3758,-1.394,-1.8261,True,False,-16.75,-5.24,107.9,-27.15,-8.49,260.9,OHLC,↓,LH/LL,DT,False,262,3,universe
HII,2026-09-16,278.09,7.7,False,302.68,-1.992,-0.88,True,82.7,0.36,82.3,True,2.77,2.45,12.5,2.1,D 趨勢弱,True,8:49,264.6,跌,154.0,21,False,4.0,-1.4128,-1.623,-4.6194,True,False,-8.84,-3.19,297.29,-6.9,-2.49,106.7,OHLC,↓,LH/LL,DT,False,262,3,universe
FUL,2026-09-16,50.83,1.57,False,57.08,-0.254,-0.67,True,82.6,0.21,82.4,True,3.09,2.15,0.2,-10.1,D 趨勢弱,True,8:49,264.6,跌,127.0,18,False,4.0,-0.4146,-0.4862,-0.7271,True,False,-12.3,-3.98,57.11,-12.35,-4.0,29.4,OHLC,↓,LH/LL,DT,False,262,3,universe
CALM,2026-09-16,74.29,2.35,False,79.82,-0.377,-1.21,True,82.0,0.41,81.6,True,3.16,2.2,22.4,0.6,D 趨勢弱,True,8:49,264.6,跌,97.0,14,False,4.0,-0.242,-0.3482,-1.0742,True,False,-7.44,-2.35,76.27,-2.67,-0.84,70.3,OHLC,↓,LH/LL,自然反彈,False,262,3,universe
OSPN,2026-09-16,17.86,0.58,True,16.5,0.091,0.59,True,82.0,0.6,81.4,True,3.22,2.14,59.4,-3.1,E 延伸,False,10:16,308.2,升,21.0,4,False,4.0,0.1551,0.1315,,False,False,7.62,2.37,16.1,9.85,3.06,7.1,OHLC,↑,HH/HL,UT,False,262,3,universe
VC,2026-09-16,97.47,2.88,False,102.69,-0.367,-0.49,True,81.9,0.23,81.6,True,2.95,2.43,23.6,0.6,D 趨勢弱,True,8:49,264.6,跌,151.0,17,False,4.0,-0.3566,-0.2904,-0.4429,False,False,-5.35,-1.81,103.41,-6.09,-2.06,39.0,OHLC,↓,LH/LL,DT,False,262,3,universe
SKWD,2026-09-16,57.28,1.75,False,58.88,-0.11,-0.28,True,81.8,0.06,81.8,True,3.05,2.34,59.9,1.9,C 基底修復,False,10:27,313.4,升,24.0,3,False,4.0,0.0908,0.0896,,False,True,-2.79,-0.92,58.09,-1.41,-0.46,22.3,OHLC,—,LH/LL,UT,True,262,3,universe
OSIS,2026-09-16,201.75,7.15,False,209.63,-0.657,-0.37,True,81.7,0.21,81.5,True,3.54,1.88,2.8,-1.0,D 趨勢弱,True,8:49,264.6,跌,267.0,21,False,4.0,-0.1436,-0.3209,-3.367,True,False,-3.91,-1.1,204.29,-1.26,-0.36,72.4,OHLC,—,LH/LL,自然回檔,True,262,3,universe
CALX,2026-09-16,35.44,1.14,False,37.68,-0.108,-0.11,True,81.6,0.09,81.5,True,3.21,2.23,14.7,-0.1,D 趨勢弱,True,8:49,264.6,跌,211.0,15,False,4.0,-0.2382,-0.3161,-0.5138,True,False,-6.31,-1.96,37.1,-4.68,-1.46,31.8,OHLC,↓,LH/LL,自然反彈,False,262,3,universe
HQY,2026-09-16,96.0,3.02,False,99.17,-0.236,-0.37,True,81.3,0.2,81.1,True,3.15,2.35,52.3,10.9,C 基底修復,True,8:49,264.6,跌,418.0,23,False,4.0,-0.272,-0.3933,-1.4475,True,False,-3.3,-1.05,98.02,-2.1,-0.67,89.4,OHLC,—,LH/LL,次級反彈,False,262,3,universe
TME,2026-09-16,7.82,0.24,False,8.69,-0.033,-0.64,True,80.8,0.72,80.0,True,3.12,2.48,13.2,-1.1,D 趨勢弱,True,8:49,264.6,跌,245.0,26,False,4.0,-0.0347,-0.036,-0.1086,True,False,-11.13,-3.56,8.11,-3.71,-1.19,71.5,OHLC,↓,LH/LL,DT,False,262,3,universe
MTN,2026-09-16,140.12,4.65,False,142.02,-0.326,-0.75,True,80.7,0.49,80.2,True,3.32,2.3,32.6,2.4,C 基底修復,False,10:34,317.2,升,26.0,2,False,4.0,0.2966,0.0057,,False,True,-1.36,-0.41,136.3,2.73,0.82,92.8,OHLC,—,LH/LL,UT,False,262,3,universe
SAM,2026-09-16,170.25,6.38,False,177.75,-0.56,-0.47,True,77.6,0.72,76.9,True,3.75,2.45,18.4,1.2,D 趨勢弱,True,8:49,264.6,跌,162.0,14,False,4.0,-0.4873,-0.7024,-2.6368,True,False,-4.4,-1.18,176.8,-3.85,-1.03,32.3,OHLC,↓,LH/LL,自然反彈,False,262,3,universe
HGTY,2026-09-16,13.9,0.51,True,13.17,0.036,0.22,True,77.3,0.32,77.0,True,3.69,2.57,58.9,-1.3,E 延伸,False,10:44,322.0,升,29.0,3,False,4.0,0.023,0.0219,,False,False,5.25,1.42,,,,7.8,OHLC,—,LH/LL,UT,False,262,3,universe
KFRC,2026-09-16,52.19,1.96,False,55.99,-0.16,-0.46,True,76.3,0.9,75.4,True,3.75,2.69,50.4,2.6,C 基底修復,True,8:49,264.6,跌,563.0,38,False,4.0,-0.4188,-0.5406,-0.8565,True,False,-7.29,-1.94,52.76,-1.09,-0.29,13.5,OHLC,↓,LH/LL,自然反彈,False,262,3,universe
TPR,2026-09-16,117.94,4.07,False,130.65,-0.722,-0.92,True,76.1,0.38,75.8,True,3.45,3.02,7.1,0.3,D 趨勢弱,True,9:27,283.4,升,7.0,1,False,4.0,0.1531,-0.082,,False,False,-10.78,-3.12,132.26,-12.14,-3.52,393.4,OHLC,↓,LH/LL,自然反彈,False,262,3,universe
PVH,2026-09-16,71.7,2.91,False,76.76,-0.645,-0.91,True,76.0,0.06,75.9,True,4.05,2.45,14.3,4.5,D 趨勢弱,True,9:31,285.3,升,9.0,1,False,4.0,0.0274,-0.0879,,False,False,-7.06,-1.74,74.33,-3.67,-0.91,78.1,OHLC,↓,LH/LL,自然反彈,False,262,3,universe
CARS,2026-09-16,11.53,0.44,False,11.9,-0.011,-0.24,False,75.8,-0.13,75.9,True,3.79,2.74,56.9,-0.5,C 基底修復,True,8:49,264.6,跌,201.0,33,False,4.0,-0.0297,-0.0306,-0.1171,True,True,-3.21,-0.85,11.8,-2.34,-0.62,5.5,OHLC,↓,LH/LL,自然回檔,False,262,3,universe
NOG,2026-09-16,25.32,0.94,True,25.1,0.158,0.93,False,73.8,-3.46,77.3,False,3.7,3.2,53.6,5.9,C 基底修復,True,8:49,264.6,跌,109.0,12,False,4.0,-0.2073,-0.1231,-0.2416,False,True,0.87,0.23,27.1,-7.03,-1.9,51.9,OHLC,—,LH/LL,自然回檔,False,262,3,universe
VVX,2026-09-16,75.31,2.98,False,77.89,-0.197,-1.09,True,73.4,0.56,72.9,False,3.95,3.03,36.8,0.3,C 基底修復,True,8:49,264.6,跌,186.0,30,False,4.0,-0.025,-0.2201,-0.8602,True,True,-3.43,-0.87,78.45,-4.17,-1.06,40.2,OHLC,—,LH/LL,自然反彈,True,262,3,universe
DKNG,2026-09-16,24.33,1.08,True,24.17,0.027,0.08,False,69.7,-0.19,69.9,False,4.45,3.25,21.2,-8.1,D 趨勢弱,True,9:45,292.3,升,12.0,2,False,4.0,0.0201,0.0239,,False,True,0.64,0.15,23.95,1.56,0.35,222.5,OHLC,—,HH/HL,自然回檔,True,262,3,universe
AVNW,2026-09-16,20.18,1.03,False,20.6,-0.034,-0.1,True,68.7,1.23,67.5,False,5.11,2.77,11.8,2.2,C 基底修復,True,9:49,294.7,升,14.0,2,False,4.0,0.0356,0.0049,,False,True,-2.09,-0.41,19.78,1.98,0.39,4.2,OHLC,—,LH/LL,自然反彈,True,262,3,universe
QNST,2026-09-16,18.4,0.78,True,19.75,0.057,0.26,True,62.5,0.47,62.0,False,4.27,4.85,62.7,1.7,B 上升結構,True,8:49,264.6,跌,191.0,16,False,4.0,-0.2078,-0.244,-0.3962,True,False,-7.36,-1.72,19.08,-3.7,-0.87,15.5,OHLC,↓,LH/LL,自然反彈,False,262,3,universe
MDB,2026-09-16,376.34,20.95,True,404.39,0.49,0.26,True,59.2,0.72,58.4,False,5.57,4.25,32.5,-10.2,D 趨勢弱,True,8:49,264.6,跌,112.0,17,False,4.0,-5.4892,-6.6363,-11.9742,True,False,-7.45,-1.34,373.87,0.66,0.12,737.0,OHLC,—,LH/LL,自然反彈,True,262,3,universe
AUGO,2026-09-16,85.96,4.4,True,81.36,0.725,0.96,True,58.4,0.01,58.4,False,5.12,4.86,49.6,2.9,C 基底修復,True,8:30,255.0,跌,92.0,11,False,4.0,-0.844,-0.829,-0.844,False,False,5.35,1.04,84.91,1.22,0.24,91.3,OHLC,—,HH/HL,自然反彈,True,262,3,universe
NMAX,2026-09-16,10.44,0.62,True,10.61,0.054,0.69,False,57.2,-0.03,57.2,False,5.97,4.28,55.9,-2.4,C 基底修復,True,7:46,233.1,跌,80.0,11,False,4.0,-0.0953,-0.0522,-0.1179,False,True,-1.66,-0.28,10.44,0.0,0.0,11.4,OHLC,↑,HH/HL,自然回檔,False,262,3,universe
TWST,2026-09-16,143.07,9.21,True,130.92,1.327,0.77,True,50.7,0.48,50.2,False,6.44,5.33,61.1,-8.1,B 上升結構,True,8:19,249.3,跌,89.0,11,False,4.0,-0.9283,-1.7375,-3.4321,True,False,8.49,1.32,140.8,1.59,0.25,243.5,OHLC,↑,HH/HL,UT,False,262,3,universe
KOPN,2026-09-16,4.34,0.31,True,4.71,0.014,0.45,True,43.2,0.59,42.6,False,7.16,6.63,59.3,2.1,D 趨勢弱,True,8:49,264.6,跌,176.0,15,False,4.0,-0.036,-0.0394,-0.1023,True,False,-8.45,-1.18,4.89,-12.67,-1.77,14.2,OHLC,—,HH/HL,次級回檔,True,262,3,universe
EAF,2026-09-16,8.11,0.69,True,6.98,0.083,0.03,True,41.2,0.99,40.3,False,8.49,5.91,26.9,-1.7,D 趨勢弱,True,9:49,294.5,升,14.0,2,False,4.0,0.1153,0.0182,,False,False,13.93,1.64,6.46,20.35,2.4,3.6,OHLC,↑,HH/HL,UT,False,262,3,universe
L,2026-09-16,108.79,1.67,False,110.79,-0.246,-0.99,True,95.1,0.07,95.1,True,1.54,0.94,27.7,-10.1,D 趨勢弱,False,10:31,315.5,升,25.0,3,False,5.0,0.1132,0.1044,,False,True,-1.84,-1.2,110.28,-1.37,-0.89,82.7,OHLC,—,LH/LL,DT,True,262,3,universe
LADR,2026-09-16,9.52,0.18,False,9.79,-0.006,-0.06,False,92.2,-0.12,92.3,True,1.93,1.3,16.4,0.4,D 趨勢弱,True,8:49,264.6,跌,231.0,13,False,5.0,-0.0331,-0.0299,-0.0331,False,True,-2.79,-1.44,9.86,-3.57,-1.85,9.1,OHLC,↓,LH/LL,DT,False,262,3,universe
SHO,2026-09-16,11.0,0.22,False,11.06,-0.029,-0.53,False,92.1,-0.17,92.3,True,2.03,1.23,45.0,-0.2,C 基底修復,True,9:52,295.9,升,14.0,2,False,5.0,0.0032,0.0002,,False,True,-0.58,-0.29,11.19,-1.73,-0.85,22.8,OHLC,—,LH/LL,DT,True,262,3,universe
EXPD,2026-09-16,189.04,3.68,True,186.71,1.095,1.41,False,91.2,-0.7,91.9,True,1.95,1.52,84.7,1.0,A 待突破,False,3:41,110.6,跌,11.0,1,False,5.0,-0.229,0.0227,-1.6209,False,True,1.23,0.63,185.96,1.63,0.84,149.4,OHLC,↑,HH/HL,自然回檔,False,262,3,universe
CASS,2026-09-16,55.32,1.37,False,56.68,-0.041,-0.05,False,90.4,-0.02,90.5,True,2.48,1.17,61.3,-8.6,C 基底修復,True,8:49,264.6,跌,133.0,22,False,5.0,-0.1885,-0.2111,-0.4201,True,True,-2.47,-1.0,56.59,-2.3,-0.93,4.5,OHLC,—,LH/LL,自然回檔,True,262,3,universe
XOM,2026-09-16,163.32,3.96,True,161.4,0.399,0.46,False,88.7,-1.37,90.1,True,2.42,1.59,76.1,1.0,A 待突破,False,10:19,309.6,升,22.0,3,False,5.0,0.0247,0.2776,,False,True,1.18,0.49,159.47,2.36,0.97,2245.8,OHLC,↑,HH/HL,自然回檔,False,262,3,universe
DRH,2026-09-16,12.27,0.31,False,12.43,-0.054,-0.8,False,88.6,-0.64,89.3,True,2.53,1.5,55.1,-1.4,C 基底修復,True,9:35,287.3,升,10.0,1,False,5.0,0.0027,-0.0025,,False,True,-1.32,-0.52,12.29,-0.16,-0.06,32.9,OHLC,—,LH/LL,自然反彈,True,262,3,universe
FWONK,2026-09-16,95.36,2.44,False,100.08,-0.023,-0.24,True,88.2,0.15,88.0,True,2.55,1.57,33.0,2.2,C 基底修復,True,8:49,264.6,跌,105.0,15,False,5.0,-0.558,-0.6772,-1.1927,True,False,-4.95,-1.94,96.05,-0.72,-0.28,171.4,OHLC,—,HH/HL,DT,True,262,3,universe
CLDT,2026-09-16,12.84,0.35,False,13.07,-0.031,-0.24,False,86.9,-0.78,87.7,True,2.72,1.67,73.1,-1.6,C 基底修復,True,8:49,264.6,跌,100.0,11,False,5.0,-0.0368,-0.0337,-0.1676,False,True,-1.82,-0.67,12.53,2.41,0.89,3.0,OHLC,—,HH/HL,自然反彈,True,262,3,universe
NTCT,2026-09-16,38.51,1.01,False,38.48,-0.082,-0.35,True,86.2,0.25,86.0,True,2.62,1.91,50.1,1.4,C 基底修復,False,12:03,1.4,升,51.0,4,False,5.0,0.1418,0.0876,,False,True,0.07,0.03,39.46,-2.47,-0.94,23.3,OHLC,↓,LH/LL,自然反彈,False,262,3,universe
ANIP,2026-09-16,73.59,2.04,False,74.78,-0.179,-0.58,True,86.0,0.38,85.6,True,2.78,1.8,22.1,12.9,D 趨勢弱,False,10:27,313.6,升,24.0,2,False,5.0,0.2444,0.0355,,False,True,-1.61,-0.58,74.99,-1.9,-0.69,27.0,OHLC,—,LH/LL,自然反彈,True,262,3,universe
CON,2026-09-16,36.37,0.92,True,34.22,0.162,0.59,False,85.9,-0.48,86.4,True,2.54,2.06,89.8,-0.5,A 待突破,True,9:48,294.0,升,13.0,2,False,5.0,0.0752,0.0046,,False,False,5.91,2.33,,,,26.1,OHLC,—,LH/LL,UT,False,262,3,universe
HCSG,2026-09-16,21.89,0.6,False,22.09,-0.053,-0.35,True,85.8,0.11,85.7,True,2.76,1.86,56.2,0.3,C 基底修復,False,10:05,302.7,升,18.0,3,False,5.0,0.0132,0.0115,,False,True,-0.91,-0.33,22.28,-1.78,-0.65,12.4,OHLC,—,LH/LL,DT,True,262,3,universe
COP,2026-09-16,132.54,3.66,True,130.33,0.661,0.83,False,85.4,-3.17,88.5,True,2.76,1.94,68.3,1.2,A 待突破,False,3:48,114.0,跌,13.0,1,False,5.0,-0.4432,0.0133,-0.4432,False,True,1.67,0.6,135.88,-2.52,-0.91,868.3,OHLC,—,LH/LL,自然回檔,False,262,3,universe
EOG,2026-09-16,144.93,4.12,True,145.19,0.151,0.17,False,83.9,-2.81,86.7,True,2.84,2.15,59.4,1.3,A 待突破,False,3:32,105.9,跌,9.0,1,False,5.0,-0.0793,0.2616,-1.1968,False,True,-0.18,-0.06,145.19,-0.18,-0.06,442.3,OHLC,↑,HH/HL,自然回檔,False,262,3,universe
OXY,2026-09-16,59.36,1.7,True,59.54,0.225,0.65,False,83.7,-3.47,87.1,True,2.87,2.17,56.8,-7.9,B 上升結構,False,3:37,108.5,跌,10.0,1,False,5.0,-0.0983,0.1125,-0.1475,False,True,-0.3,-0.1,59.35,0.02,0.01,448.9,OHLC,↑,HH/HL,自然回檔,False,262,3,universe
DVN,2026-09-16,48.44,1.44,True,47.48,0.185,0.72,False,83.2,-2.76,86.0,True,2.97,2.15,58.8,4.8,A 待突破,False,3:30,105.0,跌,8.0,1,False,5.0,-0.0167,0.1371,-0.1144,False,True,1.97,0.66,48.06,0.78,0.26,510.5,OHLC,↑,HH/HL,自然回檔,False,262,3,universe
NPK,2026-09-16,152.84,4.91,True,147.46,0.676,0.96,False,82.9,-0.12,83.0,True,3.21,1.97,63.5,9.0,A 待突破,True,8:44,262.2,跌,96.0,11,False,5.0,-0.2076,-0.1732,-1.2828,False,False,3.52,1.1,156.66,-2.5,-0.78,15.2,OHLC,—,LH/LL,UT,False,262,3,universe
BCO,2026-09-16,108.42,3.51,False,111.1,-0.298,-0.49,True,82.3,0.46,81.8,True,3.24,2.07,31.0,7.0,D 趨勢弱,False,11:00,330.0,升,33.0,4,False,5.0,0.0699,0.0947,,False,True,-2.47,-0.76,108.87,-0.42,-0.13,42.4,OHLC,↓,LH/LL,DT,False,262,3,universe
HCA,2026-09-16,430.43,13.39,True,415.63,0.989,0.26,True,81.9,0.2,81.7,True,3.11,2.28,21.8,-0.6,D 趨勢弱,False,11:16,337.8,升,38.0,4,False,5.0,0.9937,0.5773,,False,False,3.44,1.1,433.8,-0.78,-0.25,580.5,OHLC,—,LH/LL,UT,False,262,3,universe
DBX,2026-09-16,37.74,1.2,True,34.92,0.138,0.51,True,80.6,0.1,80.5,True,3.17,2.47,58.3,-4.0,E 延伸,False,10:29,314.5,升,25.0,3,False,5.0,0.1728,0.1119,,False,False,7.48,2.36,34.26,9.22,2.91,133.2,OHLC,↑,HH/HL,UT,False,262,3,universe
CHRD,2026-09-16,147.03,5.18,True,143.41,0.415,0.45,False,78.1,-3.47,81.6,True,3.52,2.57,70.8,5.2,B 上升結構,False,3:35,107.3,跌,10.0,1,False,5.0,-0.1566,0.341,-0.2846,False,True,2.46,0.7,146.39,0.44,0.12,95.7,OHLC,—,HH/HL,自然回檔,True,262,3,universe
ZM,2026-09-16,91.94,3.39,False,100.53,-0.225,-0.01,True,76.7,0.57,76.1,True,3.68,2.68,36.5,-2.2,D 趨勢弱,True,8:49,264.6,跌,121.0,17,False,5.0,-0.8994,-0.8358,-1.6268,False,False,-9.34,-2.54,100.27,-9.06,-2.46,310.1,OHLC,↓,LH/LL,DT,False,262,3,universe
ACHC,2026-09-16,28.16,1.45,False,29.29,-0.121,-0.09,True,62.7,0.85,61.9,False,5.13,3.94,48.2,6.6,C 基底修復,True,9:20,280.1,升,6.0,1,False,5.0,0.0219,-0.0114,,False,True,-4.02,-0.78,28.38,-0.78,-0.15,38.6,OHLC,—,LH/LL,自然反彈,True,262,3,universe
EXC,2026-09-16,42.44,0.81,False,44.29,-0.111,-0.72,True,92.7,0.23,92.5,True,1.9,1.22,13.8,1.4,D 趨勢弱,True,8:49,264.6,跌,227.0,34,False,6.0,-0.1152,-0.1133,-0.211,False,False,-4.37,-2.3,44.59,-5.07,-2.67,299.1,OHLC,↓,LH/LL,DT,False,262,3,universe
BSM,2026-09-16,14.77,0.27,True,14.64,0.002,0.2,False,92.4,-0.75,93.2,True,1.85,1.33,57.7,2.3,C 基底修復,False,3:37,108.7,跌,10.0,1,False,6.0,-0.0065,0.0113,-0.0874,False,True,0.86,0.46,15.06,-2.0,-1.08,5.5,OHLC,—,LH/LL,自然回檔,False,262,3,universe
OGS,2026-09-16,76.45,1.6,False,79.47,-0.031,-0.16,True,91.5,0.14,91.4,True,2.09,1.31,16.3,1.4,D 趨勢弱,True,8:49,264.6,跌,118.0,14,False,6.0,-0.4573,-0.4413,-0.4573,False,False,-3.95,-1.89,77.78,-1.74,-0.83,37.9,OHLC,↓,LH/LL,DT,False,262,3,universe
MDU,2026-09-16,18.65,0.42,False,19.94,-0.042,-0.48,True,91.2,0.01,91.2,True,2.27,1.2,11.2,0.8,D 趨勢弱,True,8:49,264.6,跌,141.0,18,False,6.0,-0.114,-0.1129,-0.114,False,False,-6.9,-3.04,20.11,-7.83,-3.45,29.7,OHLC,↓,LH/LL,DT,False,262,3,universe
NOC,2026-09-16,530.78,11.9,False,547.82,-0.485,-0.24,True,89.4,0.5,88.9,True,2.24,1.63,8.1,2.4,D 趨勢弱,True,8:49,264.6,跌,150.0,18,False,6.0,-0.3925,-1.2582,-5.7269,True,False,-3.21,-1.43,549.22,-3.47,-1.55,398.9,OHLC,—,LH/LL,自然反彈,True,262,3,universe
UTHR,2026-09-16,498.48,13.62,False,510.56,-0.461,-0.26,True,88.0,0.4,87.6,True,2.73,1.43,20.5,-2.0,C 基底修復,False,10:48,324.0,升,30.0,3,False,6.0,0.2303,0.1869,,False,True,-2.42,-0.89,509.79,-2.27,-0.83,290.7,OHLC,—,LH/LL,自然反彈,True,262,3,universe
TSN,2026-09-16,52.12,1.39,False,55.21,-0.249,-0.9,True,86.6,0.26,86.4,True,2.67,1.78,4.4,-1.8,D 趨勢弱,True,8:49,264.6,跌,125.0,15,False,6.0,-0.118,-0.1456,-0.5639,True,False,-5.93,-2.22,54.24,-4.07,-1.52,176.5,OHLC,↓,LH/LL,自然反彈,False,262,3,universe
LMT,2026-09-16,537.25,12.79,False,563.19,-1.701,-0.64,True,86.5,0.6,85.9,True,2.38,2.09,9.5,3.2,C 基底修復,True,8:49,264.6,跌,118.0,20,False,6.0,-1.6407,-2.8213,-7.4496,True,False,-4.83,-2.03,536.15,0.2,0.09,575.7,OHLC,—,LH/LL,自然反彈,True,262,3,universe
BKR,2026-09-16,56.32,1.96,False,62.11,-0.242,-0.22,True,81.1,0.02,81.1,True,3.48,2.05,12.5,-11.7,D 趨勢弱,True,8:49,264.6,跌,127.0,18,False,6.0,-0.9547,-0.903,-0.9547,False,False,-10.29,-2.96,,,,397.1,OHLC,—,HH/HL,DT,False,262,3,universe
GRNT,2026-09-16,4.95,0.17,True,5.08,0.004,0.3,False,80.4,-4.07,84.5,True,3.47,2.19,22.7,-15.6,D 趨勢弱,False,3:27,103.5,跌,7.0,1,False,6.0,-0.0126,0.0033,-0.0206,False,True,-2.63,-0.76,5.19,-4.85,-1.4,7.9,OHLC,—,LH/LL,自然回檔,False,262,3,universe
MCS,2026-09-16,27.54,0.87,False,29.22,-0.172,-0.3,True,77.6,0.63,76.9,True,3.16,3.04,72.0,1.3,B 上升結構,True,8:49,264.6,跌,199.0,23,False,6.0,-0.2336,-0.2917,-0.5335,True,False,-6.11,-1.93,31.15,-13.11,-4.15,6.4,OHLC,—,LH/LL,自然反彈,True,262,3,universe
MG,2026-09-16,19.36,0.72,True,18.68,0.088,0.69,True,74.1,0.06,74.0,False,3.74,3.11,72.8,5.5,A 待突破,False,5:02,150.8,跌,34.0,3,False,6.0,-0.05,-0.021,-0.129,False,True,3.5,0.93,19.35,0.05,0.01,4.7,OHLC,—,HH/HL,次級回檔,True,262,3,universe
FCX,2026-09-16,69.24,3.1,True,72.82,0.132,0.43,True,70.3,0.31,70.0,False,4.48,3.09,69.7,2.5,B 上升結構,True,8:49,264.6,跌,103.0,10,False,6.0,-1.0898,-1.0631,-1.0898,False,False,-5.17,-1.15,78.64,-13.58,-3.03,1033.0,OHLC,↓,LH/LL,DT,False,262,3,universe
MP,2026-09-16,48.99,2.86,True,54.62,0.3,0.69,True,59.3,0.66,58.6,False,5.84,3.96,10.0,0.0,D 趨勢弱,True,6:43,201.3,跌,62.0,12,False,6.0,-1.0128,-1.0007,-1.0128,False,False,-11.49,-1.97,55.37,-13.02,-2.23,251.9,OHLC,↓,LH/LL,DT,False,262,3,universe
HPE,2026-09-16,56.68,3.61,True,54.69,0.169,0.41,True,55.7,0.72,54.9,False,6.37,4.22,73.2,4.0,B 上升結構,False,10:52,325.9,升,31.0,6,False,6.0,0.1065,0.1521,,False,True,3.51,0.55,55.78,1.58,0.25,1432.8,OHLC,—,LH/LL,自然反彈,False,262,3,universe
BRBS,2026-09-16,3.94,0.09,True,3.96,0.003,0.49,False,88.8,-0.85,89.6,True,2.33,1.67,38.9,6.0,C 基底修復,False,4:19,129.5,跌,22.0,2,False,7.0,-0.0113,-0.0023,-0.0153,False,True,-0.62,-0.26,3.9,1.02,0.44,5.2,OHLC,↑,HH/HL,自然回檔,False,262,3,universe
REYN,2026-09-16,22.43,0.55,False,23.89,-0.118,-1.13,True,88.1,0.19,88.0,True,2.47,1.67,12.2,3.2,D 趨勢弱,True,8:49,264.6,跌,186.0,26,False,7.0,-0.0288,-0.1145,-0.3997,True,False,-6.53,-2.65,25.81,-15.07,-6.11,35.5,OHLC,↓,LH/LL,自然反彈,False,262,3,universe
GBX,2026-09-16,42.63,1.08,False,44.69,-0.304,-1.12,True,86.1,0.22,85.9,True,2.54,2.02,8.1,-0.9,D 趨勢弱,True,9:41,290.6,升,11.0,1,False,7.0,0.018,-0.004,,False,False,-4.84,-1.91,42.28,0.82,0.32,14.8,OHLC,—,HH/HL,自然反彈,True,262,3,universe
SWBI,2026-09-16,13.06,0.44,False,13.43,-0.041,-0.46,True,82.7,0.79,81.9,True,3.4,1.82,23.1,0.6,C 基底修復,False,1:48,54.0,升,80.0,6,False,7.0,0.0702,0.0733,,False,True,-2.84,-0.84,13.4,-2.6,-0.77,9.0,OHLC,↓,LH/LL,DT,False,262,3,universe
BSTZ,2026-09-16,28.04,0.84,False,30.42,-0.116,0.41,True,82.1,0.19,82.0,True,3.0,2.33,39.8,0.8,D 趨勢弱,True,8:24,251.8,跌,90.0,10,False,7.0,-0.3829,-0.2881,-0.3829,False,False,-8.5,-2.83,,,,4.6,OHLC,—,HH/HL,DT,False,262,3,universe
AVO,2026-09-16,12.47,0.45,False,12.86,-0.013,0.01,True,79.1,0.14,78.9,True,3.61,2.31,20.6,1.3,C 基底修復,False,3:41,110.6,跌,11.0,2,False,7.0,-0.0508,-0.0335,-0.1409,False,True,-3.14,-0.87,,,,8.4,OHLC,—,HH/HL,DT,False,262,3,universe
UNFI,2026-09-16,46.3,1.79,False,45.98,-0.11,-0.44,True,78.5,0.04,78.5,True,3.86,2.15,45.9,7.9,C 基底修復,False,10:17,308.6,升,21.0,2,False,7.0,0.1648,0.0346,,False,True,0.68,0.18,47.73,-3.09,-0.8,29.5,OHLC,↓,LH/LL,自然反彈,False,262,3,universe
PATK,2026-09-16,70.41,2.8,False,81.54,-0.53,-1.05,True,77.2,0.08,77.2,True,3.98,2.28,0.0,0.0,D 趨勢弱,True,8:49,264.6,跌,195.0,18,False,7.0,-1.2002,-1.1802,-1.2002,False,False,-15.81,-3.97,84.03,-19.34,-4.86,34.5,OHLC,↓,LH/LL,DT,False,262,3,universe
LBRX,2026-09-16,42.57,2.31,True,46.86,0.044,0.63,True,63.4,0.16,63.2,False,5.43,3.51,73.7,1.4,B 上升結構,True,8:49,264.6,跌,203.0,18,False,7.0,-1.057,-0.9781,-1.057,False,False,-10.07,-1.85,47.78,-12.23,-2.25,10.7,OHLC,↓,LH/LL,DT,False,255,3,universe
ACVA,2026-09-16,10.42,0.51,True,9.04,0.068,3.06,True,56.1,1.6,54.5,False,4.91,5.58,55.3,-0.1,E 延伸,True,9:59,299.3,升,16.0,4,False,7.0,0.4138,0.3977,,False,False,13.22,2.69,7.49,28.12,5.72,115.8,OHLC,↑,HH/HL,UT,False,262,3,universe
EVRG,2026-09-16,80.39,1.29,False,82.03,-0.091,-0.33,True,94.6,0.14,94.5,True,1.6,1.02,26.6,0.5,D 趨勢弱,False,3:30,104.8,跌,8.0,1,False,8.0,-0.0191,0.0013,-0.4614,False,True,-2.04,-1.27,82.63,-2.79,-1.74,170.5,OHLC,—,LH/LL,DT,True,262,3,universe
EBF,2026-09-16,21.34,0.38,False,21.74,-0.025,-0.25,False,93.2,-0.0,93.2,True,1.79,1.22,44.7,4.7,C 基底修復,True,8:49,264.6,跌,208.0,19,False,8.0,-0.007,-0.0186,-0.1286,True,True,-1.89,-1.06,21.49,-0.7,-0.39,3.3,OHLC,—,LH/LL,自然回檔,True,262,3,universe
XEL,2026-09-16,72.71,1.41,False,76.6,-0.21,-0.63,True,92.8,0.26,92.5,True,1.94,1.16,13.8,0.4,D 趨勢弱,True,8:49,264.6,跌,203.0,18,False,8.0,-0.3327,-0.281,-0.3348,False,False,-5.36,-2.77,77.06,-5.98,-3.09,415.3,OHLC,↓,LH/LL,DT,False,262,3,universe
MGRC,2026-09-16,111.22,2.41,False,115.34,-0.48,-0.57,True,91.4,0.24,91.2,True,2.17,1.26,31.9,1.5,D 趨勢弱,True,9:25,282.4,升,7.0,1,False,8.0,0.0306,-0.0879,,False,False,-3.71,-1.71,111.97,-0.67,-0.31,13.7,OHLC,—,LH/LL,DT,True,262,3,universe
RTX,2026-09-16,196.83,3.99,False,211.96,-0.7,-0.74,True,90.6,0.36,90.2,True,2.03,1.58,38.6,1.4,D 趨勢弱,True,8:49,264.6,跌,173.0,24,False,8.0,-1.2438,-1.5538,-2.6008,True,False,-7.69,-3.79,213.5,-8.47,-4.18,767.1,OHLC,—,LH/LL,自然回檔,False,262,3,universe
MSM,2026-09-16,120.48,2.9,False,120.72,-0.181,-0.21,True,89.4,0.38,89.0,True,2.41,1.46,53.4,-9.9,C 基底修復,False,12:44,22.2,升,62.0,6,False,8.0,0.1817,0.1313,,False,True,-0.2,-0.08,122.36,-1.56,-0.65,69.7,OHLC,↓,LH/LL,自然反彈,False,262,3,universe
NDAQ,2026-09-16,88.76,2.1,False,95.76,-0.179,-0.3,True,88.1,0.08,88.0,True,2.36,1.78,30.1,-0.7,D 趨勢弱,True,8:49,264.6,跌,123.0,12,False,8.0,-1.2119,-1.1724,-1.2119,False,False,-7.89,-3.34,98.71,-11.21,-4.75,257.7,OHLC,↓,LH/LL,DT,False,262,3,universe
VMI,2026-09-16,475.35,12.57,False,483.19,-1.03,-0.0,True,86.3,0.06,86.2,True,2.64,1.87,48.5,3.3,C 基底修復,False,12:39,19.7,升,61.0,8,False,8.0,1.1618,1.2241,,False,True,-1.65,-0.62,468.22,1.5,0.57,74.3,OHLC,—,HH/HL,自然回檔,True,262,3,universe
BEPC,2026-09-16,29.25,0.88,False,32.76,-0.13,-0.65,True,84.8,0.7,84.1,True,3.02,1.79,0.0,0.0,D 趨勢弱,True,8:49,264.6,跌,97.0,17,False,8.0,-0.2699,-0.2623,-0.2699,False,False,-12.0,-3.97,32.56,-11.32,-3.74,47.4,OHLC,↓,LH/LL,DT,False,262,3,universe
TEL,2026-09-16,202.2,6.05,False,207.72,-0.408,-0.1,True,83.7,0.3,83.4,True,2.99,2.04,21.7,0.1,D 趨勢弱,False,4:07,123.5,跌,19.0,2,False,8.0,-0.298,-0.1726,-1.7631,False,True,-2.73,-0.91,202.21,-0.0,-0.0,404.5,OHLC,—,HH/HL,自然回檔,True,262,3,universe
CNK,2026-09-16,34.03,1.1,False,36.44,-0.147,-0.23,True,82.3,0.59,81.7,True,3.23,2.07,51.2,-0.3,C 基底修復,True,8:49,264.6,跌,116.0,22,False,8.0,-0.3094,-0.3074,-0.4794,False,False,-7.09,-2.19,36.17,-6.29,-1.94,70.2,OHLC,—,LH/LL,DT,True,262,3,universe
LQDT,2026-09-16,43.17,1.28,True,41.85,0.174,0.44,True,82.2,0.38,81.8,True,2.97,2.36,89.0,8.5,A 待突破,False,10:22,310.8,升,23.0,3,False,8.0,0.116,0.0879,,False,False,3.05,1.03,40.91,5.24,1.76,8.4,OHLC,↑,HH/HL,UT,False,262,3,universe
ADI,2026-09-16,362.04,11.27,False,371.76,-0.528,0.01,True,80.8,0.44,80.3,True,3.11,2.48,49.4,-0.1,C 基底修復,False,10:39,319.4,升,27.0,4,False,8.0,0.5103,0.5806,,False,True,-2.68,-0.86,356.12,1.64,0.53,1298.4,OHLC,—,HH/HL,自然回檔,False,262,3,universe
CXW,2026-09-16,34.93,1.35,True,33.5,0.124,0.43,True,78.0,0.2,77.8,True,3.87,2.24,76.9,7.9,A 待突破,False,10:38,318.8,升,27.0,2,False,8.0,0.027,0.0381,,False,False,4.1,1.06,34.23,2.0,0.52,61.9,OHLC,↑,HH/HL,UT,False,262,3,universe
U,2026-09-16,42.13,1.79,True,42.91,0.351,0.86,False,71.1,-0.48,71.5,False,4.25,3.18,63.8,-1.4,B 上升結構,True,7:41,230.5,跌,78.0,16,False,8.0,-0.449,-0.4277,-1.0969,False,True,-1.86,-0.44,40.76,3.25,0.77,374.8,OHLC,—,HH/HL,自然回檔,True,262,3,universe
CVLT,2026-09-16,145.21,5.69,True,136.57,0.602,0.66,True,68.2,0.77,67.4,False,3.92,4.07,64.4,2.0,C 基底修復,True,9:49,294.4,升,14.0,3,False,8.0,1.1242,0.6653,,False,False,5.95,1.52,140.24,3.42,0.87,72.6,OHLC,↑,HH/HL,UT,False,262,3,universe
PSIX,2026-09-16,40.09,2.26,True,39.24,0.448,1.09,True,53.1,1.37,51.7,False,5.64,5.54,38.5,1.7,D 趨勢弱,False,12:04,2.2,升,51.0,8,False,8.0,0.1087,0.1667,,False,True,2.11,0.37,42.11,-5.04,-0.89,12.3,OHLC,↓,LH/LL,自然反彈,False,262,3,universe
RDW,2026-09-16,10.79,0.72,True,11.92,0.042,0.61,True,50.3,1.09,49.2,False,6.68,5.18,38.2,-1.7,D 趨勢弱,True,8:49,264.6,跌,106.0,17,False,8.0,-0.0342,-0.0567,-0.2722,True,False,-10.47,-1.57,11.23,-4.08,-0.61,119.3,OHLC,—,LH/LL,自然反彈,True,262,3,universe
BRK/A,2026-09-16,780297.0,8495.29,True,764432.06,722.677,0.13,False,96.8,-0.02,96.8,True,1.09,0.87,56.3,-1.2,C 基底修復,False,1:48,54.0,升,80.0,8,False,9.0,2190.1606,1615.9361,,False,True,2.03,1.87,752464.0,3.57,3.28,145.1,OHLC,↑,HH/HL,UT,False,262,3,universe
ADX,2026-09-16,25.34,0.29,False,25.98,-0.025,0.18,False,96.6,-0.16,96.7,True,1.16,0.89,57.7,-1.1,C 基底修復,True,6:04,181.9,跌,51.0,6,False,9.0,-0.0753,-0.0611,-0.18,False,True,-2.52,-2.17,26.29,-3.75,-3.23,6.5,OHLC,↓,LH/LL,DT,False,262,3,universe
PPLC,2026-09-16,45.34,0.61,False,46.75,-0.015,-0.33,True,95.6,0.2,95.4,True,1.35,0.99,27.4,-0.1,D 趨勢弱,True,6:00,180.0,跌,50.0,3,False,9.0,-0.063,-0.0418,-0.2183,False,False,-3.11,-2.3,47.14,-3.97,-2.94,4.7,OHLC,↓,LH/LL,DT,False,142,3,universe
CFR,2026-09-16,159.44,3.25,False,164.16,-0.374,-0.28,False,92.8,-0.33,93.1,True,2.04,1.05,58.1,-6.8,C 基底修復,True,8:49,264.6,跌,375.0,30,False,9.0,-0.2735,-0.0973,-1.206,False,True,-2.96,-1.45,166.75,-4.58,-2.25,76.7,OHLC,—,LH/LL,自然回檔,False,262,3,universe
CBU,2026-09-16,62.77,1.13,False,63.62,-0.23,-0.55,True,92.7,0.06,92.7,True,1.8,1.31,37.6,1.8,C 基底修復,False,1:52,55.8,升,81.0,8,False,9.0,0.0832,0.0821,,False,True,-1.35,-0.75,61.72,1.67,0.93,13.5,OHLC,—,HH/HL,自然回檔,True,262,3,universe
NWE,2026-09-16,68.52,1.36,False,70.36,-0.039,-0.12,True,92.2,0.14,92.1,True,1.99,1.24,30.1,3.0,C 基底修復,False,5:34,166.8,跌,43.0,4,False,9.0,-0.2344,-0.227,-0.4563,False,True,-2.68,-1.35,71.05,-3.69,-1.86,26.2,OHLC,↓,LH/LL,DT,False,262,3,universe
PLBC,2026-09-16,62.36,1.3,True,61.98,0.055,0.14,False,92.2,-0.46,92.6,True,2.09,1.16,83.6,-0.3,A 待突破,False,3:36,108.2,跌,10.0,1,False,9.0,-0.0007,0.0316,-0.2764,False,True,0.6,0.29,61.42,1.5,0.72,3.3,OHLC,—,HH/HL,自然回檔,True,262,3,universe
BCAL,2026-09-16,21.63,0.47,True,21.56,0.008,0.26,False,91.7,-1.23,93.0,True,2.16,1.19,70.1,-1.1,A 待突破,False,1:16,38.0,升,71.0,8,False,9.0,0.0221,0.0492,,False,True,0.35,0.16,21.06,2.64,1.22,4.0,OHLC,↑,HH/HL,自然回檔,False,262,3,universe
TRST,2026-09-16,57.37,1.27,True,57.18,0.01,0.21,False,91.5,-1.51,93.0,True,2.21,1.18,73.8,-0.2,A 待突破,False,12:12,6.0,升,53.0,5,False,9.0,0.0389,0.1391,,False,True,0.33,0.15,56.58,1.38,0.62,8.7,OHLC,—,HH/HL,自然回檔,True,262,3,universe
CM,2026-09-16,112.96,2.37,False,117.13,-0.256,-0.28,True,91.3,0.02,91.3,True,2.1,1.35,43.6,-10.6,C 基底修復,True,8:49,264.6,跌,149.0,20,False,9.0,-0.2914,-0.2557,-0.8661,False,False,-3.69,-1.76,118.16,-4.6,-2.19,134.3,OHLC,↓,LH/LL,DT,False,262,3,universe
NIC,2026-09-16,167.84,3.88,False,172.65,-0.298,-0.1,False,90.7,-0.82,91.5,True,2.31,1.28,56.2,-17.4,C 基底修復,True,8:49,264.6,跌,145.0,21,False,9.0,-0.3666,-0.2062,-1.3246,False,True,-2.86,-1.24,173.21,-3.2,-1.38,24.3,OHLC,—,LH/LL,自然回檔,True,262,3,universe
NBBK,2026-09-16,22.73,0.5,False,22.6,-0.03,-0.1,True,90.5,0.01,90.5,True,2.18,1.44,76.9,-0.4,A 待突破,False,3:32,106.2,跌,9.0,1,False,9.0,-0.0064,0.0069,-0.1793,False,True,0.56,0.26,22.57,0.7,0.32,6.4,OHLC,—,HH/HL,UT,True,262,3,universe
PFG,2026-09-16,116.64,2.51,True,114.24,0.119,0.18,False,90.2,-0.61,90.8,True,2.16,1.53,71.5,-1.3,A 待突破,False,2:49,84.6,升,97.0,9,False,9.0,0.4447,0.5268,,False,True,2.05,0.95,114.02,2.25,1.04,146.7,OHLC,↑,HH/HL,UT,False,262,3,universe
MSGS,2026-09-16,393.82,9.5,False,397.87,-0.054,-0.06,True,89.0,0.1,88.9,True,2.41,1.54,61.1,4.2,C 基底修復,False,10:22,311.1,升,23.0,2,False,9.0,0.1511,0.0567,,False,True,-1.03,-0.43,401.88,-2.05,-0.85,97.0,OHLC,—,LH/LL,自然反彈,True,262,3,universe
CHMG,2026-09-16,83.55,2.01,True,83.03,0.023,0.24,False,88.1,-0.88,89.0,True,2.4,1.75,78.8,-0.9,A 待突破,False,3:28,104.1,跌,8.0,1,False,9.0,-0.0245,0.0991,-0.5653,False,True,0.62,0.26,83.02,0.63,0.26,5.1,OHLC,↑,HH/HL,UT,False,262,3,universe
MWA,2026-09-16,22.74,0.57,False,24.77,-0.142,-0.83,True,88.1,0.11,88.0,True,2.51,1.62,5.3,0.9,D 趨勢弱,True,8:49,264.6,跌,164.0,23,False,9.0,-0.1227,-0.111,-0.1875,False,False,-8.92,-3.55,25.4,-11.7,-4.65,25.0,OHLC,↓,LH/LL,DT,False,262,3,universe
ABM,2026-09-16,50.34,1.38,True,48.29,0.064,0.2,True,87.6,0.32,87.2,True,2.74,1.52,66.7,-0.8,A 待突破,False,11:48,354.0,升,47.0,7,False,9.0,0.2782,0.2649,,False,False,4.07,1.49,50.6,-0.52,-0.19,25.1,OHLC,↓,LH/LL,次級反彈,False,262,3,universe
JXN,2026-09-16,137.1,3.55,True,134.77,0.248,0.7,False,85.7,-0.75,86.4,True,2.59,2.05,71.1,-1.6,A 待突破,False,4:53,146.5,跌,31.0,4,False,9.0,-0.3022,-0.1621,-0.721,False,True,1.7,0.66,135.55,1.13,0.44,81.8,OHLC,—,HH/HL,自然回檔,True,262,3,universe
MBIN,2026-09-16,52.63,1.52,False,53.59,-0.109,-0.28,False,85.2,-0.0,85.2,True,2.89,1.84,64.6,-0.1,A 待突破,True,8:49,264.6,跌,235.0,22,False,9.0,-0.1115,-0.1098,-0.4611,False,True,-1.82,-0.63,54.48,-3.52,-1.22,9.2,OHLC,—,LH/LL,自然反彈,True,262,3,universe
DLX,2026-09-16,23.65,0.65,False,24.14,-0.083,-0.59,True,84.8,0.55,84.3,True,2.75,2.06,19.5,-0.5,C 基底修復,False,12:07,3.7,升,52.0,9,False,9.0,0.0576,0.0565,,False,True,-2.06,-0.75,23.32,1.4,0.51,10.3,OHLC,—,HH/HL,自然回檔,True,262,3,universe
MSGE,2026-09-16,79.31,2.31,True,80.16,0.012,0.08,False,83.3,-0.55,83.9,True,2.91,2.19,62.9,-2.9,B 上升結構,False,10:22,311.1,升,23.0,2,False,9.0,0.158,0.1438,,False,True,-1.07,-0.37,90.41,-14.0,-4.81,27.9,OHLC,—,LH/LL,UT,False,262,3,universe
HUBB,2026-09-16,439.07,13.26,False,475.32,-1.77,-0.32,True,82.4,0.59,81.9,True,3.02,2.25,14.3,1.4,D 趨勢弱,True,8:49,264.6,跌,233.0,21,False,9.0,-1.4004,-1.2538,-4.7813,False,False,-8.26,-2.73,464.75,-5.85,-1.94,200.2,OHLC,↓,LH/LL,DT,False,262,3,universe
SKYW,2026-09-16,97.13,2.85,False,101.98,-0.947,-1.11,True,82.4,0.39,82.0,True,2.94,2.34,38.3,13.3,C 基底修復,True,9:31,285.7,升,9.0,1,False,9.0,0.0538,-0.0865,,False,False,-4.99,-1.7,98.57,-1.48,-0.5,27.9,OHLC,—,LH/LL,次級反彈,True,262,3,universe
HIFS,2026-09-16,301.05,10.23,True,302.88,0.045,0.32,False,81.9,-0.9,82.8,True,3.4,1.98,61.6,-1.0,C 基底修復,False,12:39,19.6,升,61.0,7,False,9.0,0.3858,0.998,,False,True,-0.61,-0.18,301.87,-0.27,-0.08,12.8,OHLC,↑,HH/HL,自然回檔,False,262,3,universe
CCL,2026-09-16,22.35,0.76,False,25.24,-0.312,-1.39,True,81.0,0.29,80.7,True,3.39,2.17,0.0,0.0,D 趨勢弱,True,8:49,264.6,跌,167.0,22,False,9.0,-0.1048,-0.1458,-0.3938,True,False,-12.94,-3.82,23.74,-6.22,-1.84,451.2,OHLC,↓,LH/LL,DT,False,262,3,universe
PENN,2026-09-16,17.69,0.6,False,18.13,-0.068,-0.83,True,80.2,0.44,79.8,True,3.41,2.29,38.3,0.3,C 基底修復,False,11:44,352.2,升,46.0,6,False,9.0,0.1756,0.1722,,False,True,-2.47,-0.73,18.05,-2.04,-0.6,45.6,OHLC,↓,LH/LL,自然反彈,False,262,3,universe
ALSN,2026-09-16,118.64,4.12,True,126.12,0.397,0.48,False,79.9,-1.45,81.3,True,3.47,2.29,50.0,-16.7,C 基底修復,True,8:49,264.6,跌,141.0,12,False,9.0,-1.2876,-0.9386,-1.2876,False,False,-6.3,-1.81,132.41,-11.61,-3.34,86.4,OHLC,↓,LH/LL,DT,False,262,3,universe
GNK,2026-09-16,27.42,0.93,True,26.54,0.044,0.17,False,79.9,-0.47,80.4,True,3.37,2.38,68.9,-1.4,A 待突破,False,2:49,84.6,升,160.0,9,False,9.0,0.0539,0.065,,False,True,3.22,0.95,26.75,2.44,0.72,21.2,OHLC,—,HH/HL,自然回檔,True,262,3,universe
ABR,2026-09-16,4.52,0.16,False,5.06,-0.025,-0.34,True,79.5,0.71,78.8,True,3.55,2.29,5.4,1.6,D 趨勢弱,True,7:14,217.1,跌,71.0,6,False,9.0,-0.0622,-0.0583,-0.0622,False,False,-11.85,-3.34,5.09,-12.61,-3.56,16.7,OHLC,↓,LH/LL,DT,False,262,3,universe
JCAP,2026-09-16,20.49,0.72,True,21.92,0.003,0.16,False,79.3,-0.67,80.0,True,3.49,2.38,39.6,-12.4,D 趨勢弱,True,8:49,264.6,跌,106.0,17,False,9.0,-0.1545,-0.118,-0.317,False,False,-6.99,-2.0,21.67,-5.76,-1.65,5.3,OHLC,↓,LH/LL,DT,False,262,3,universe
ADMA,2026-09-16,8.9,0.32,False,9.52,-0.002,0.1,True,78.8,0.03,78.8,True,3.56,2.4,10.3,4.4,D 趨勢弱,True,8:49,264.6,跌,135.0,16,False,9.0,-0.1067,-0.1065,-0.1067,False,False,-6.99,-1.96,9.63,-8.2,-2.3,18.5,OHLC,↓,LH/LL,自然反彈,False,262,3,universe
WRLD,2026-09-16,185.59,6.13,False,189.2,-0.308,0.12,True,77.4,0.69,76.7,True,3.3,2.93,55.2,2.0,C 基底修復,False,4:07,123.5,跌,19.0,2,False,9.0,-0.2665,-0.0549,-3.5558,False,True,-1.95,-0.59,192.0,-3.45,-1.05,12.3,OHLC,—,LH/LL,自然回檔,True,262,3,universe
LCII,2026-09-16,87.11,3.48,False,101.23,-0.666,-0.79,True,77.1,0.18,77.0,True,3.99,2.29,10.0,0.0,D 趨勢弱,True,8:49,264.6,跌,199.0,23,False,9.0,-1.5792,-1.5422,-1.5792,False,False,-16.21,-4.06,102.69,-17.89,-4.48,24.9,OHLC,↓,LH/LL,DT,False,262,3,universe
RLAY,2026-09-16,18.84,0.82,False,19.35,-0.012,-0.04,True,72.1,1.31,70.8,False,4.38,2.86,55.6,-4.7,C 基底修復,True,8:49,264.6,跌,148.0,19,False,9.0,-0.0391,-0.0442,-0.3147,True,True,-2.69,-0.62,18.66,0.96,0.22,55.7,OHLC,—,HH/HL,次級反彈,True,262,3,universe
GCT,2026-09-16,51.64,2.49,True,51.15,0.193,0.52,False,67.6,-1.03,68.6,False,4.81,3.29,81.0,-4.3,A 待突破,True,8:49,264.6,跌,178.0,20,False,9.0,-0.27,-0.2213,-0.8252,False,True,0.95,0.2,52.07,-0.83,-0.17,26.7,OHLC,—,LH/LL,自然回檔,False,262,3,universe
PAY,2026-09-16,36.64,1.72,False,38.11,-0.61,-0.1,True,59.9,0.75,59.1,False,4.7,4.96,60.0,5.2,B 上升結構,True,8:49,264.6,跌,158.0,21,False,9.0,-0.2467,-0.317,-1.0298,True,True,-4.02,-0.85,34.77,5.1,1.09,40.5,OHLC,—,HH/HL,自然回檔,True,262,3,universe
ANRO,2026-09-16,30.0,1.98,True,33.11,0.097,0.25,True,57.4,0.47,56.9,False,6.6,3.6,55.2,-3.3,D 趨勢弱,True,6:20,189.8,跌,55.0,11,False,9.0,-0.947,-0.8973,-0.947,False,False,-10.36,-1.57,37.39,-24.63,-3.73,13.6,OHLC,↓,LH/LL,DT,False,262,3,universe
LTRX,2026-09-16,5.42,0.33,False,5.72,-0.023,-0.2,True,56.8,1.28,55.5,False,6.04,4.29,1.2,-0.8,D 趨勢弱,True,8:49,264.6,跌,192.0,17,False,9.0,-0.0026,-0.0267,-0.1065,True,True,-5.49,-0.91,5.03,7.2,1.19,6.5,OHLC,↑,HH/HL,UT,False,262,3,universe
ASPN,2026-09-16,4.93,0.27,True,6.07,0.01,0.41,True,53.0,0.57,52.4,False,5.43,5.78,40.0,1.3,D 趨勢弱,True,8:49,264.6,跌,175.0,19,False,9.0,-0.0004,-0.0113,-0.1102,True,False,-23.07,-4.24,4.92,0.2,0.04,3.4,OHLC,—,LH/LL,自然反彈,True,262,3,universe
VOYG,2026-09-16,35.18,2.32,True,37.82,0.304,0.62,True,49.4,1.02,48.3,False,6.6,5.51,45.8,-1.0,D 趨勢弱,True,8:49,264.6,跌,129.0,17,False,9.0,-0.1121,-0.2529,-1.0368,True,False,-7.5,-1.14,33.78,3.98,0.6,40.0,OHLC,—,LH/LL,UT,True,262,3,universe
IREN,2026-09-16,42.62,3.09,True,41.72,0.057,0.43,True,41.6,1.05,40.5,False,7.25,7.05,36.4,-0.2,D 趨勢弱,False,2:29,74.6,升,91.0,8,False,9.0,0.1704,0.2491,,False,True,2.11,0.29,45.93,-7.77,-1.07,1752.0,OHLC,↓,LH/LL,自然反彈,False,262,3,universe
FE,2026-09-16,45.38,0.77,False,46.67,-0.091,-0.8,True,94.3,0.16,94.1,True,1.69,1.01,18.6,-4.8,D 趨勢弱,False,3:47,113.5,跌,13.0,2,False,10.0,-0.0558,-0.0374,-0.315,False,True,-2.85,-1.68,46.78,-3.09,-1.82,184.6,OHLC,↓,LH/LL,DT,False,262,3,universe
OGE,2026-09-16,46.01,0.79,False,46.55,-0.043,-0.33,True,93.9,0.17,93.7,True,1.73,1.1,27.8,1.4,D 趨勢弱,False,2:39,79.4,升,94.0,10,False,10.0,0.007,0.0246,,False,True,-1.18,-0.68,47.39,-3.0,-1.74,67.7,OHLC,↓,LH/LL,DT,False,262,3,universe
TDY,2026-09-16,601.1,12.57,False,640.06,-4.203,-0.88,True,91.0,0.26,90.8,True,2.09,1.42,26.7,1.0,D 趨勢弱,True,8:49,264.6,跌,200.0,22,False,10.0,-0.8599,-1.606,-7.6478,True,False,-6.48,-3.1,611.46,-1.72,-0.82,148.9,OHLC,—,LH/LL,DT,True,262,3,universe
GOF,2026-09-16,8.51,0.21,False,9.51,-0.071,-1.11,True,89.5,0.16,89.3,True,2.5,1.35,0.0,0.0,D 趨勢弱,True,8:05,242.7,跌,85.0,21,False,10.0,-0.0575,-0.0404,-0.1037,False,False,-11.77,-4.71,9.7,-13.98,-5.6,35.7,OHLC,↓,LH/LL,DT,False,262,3,universe
CSR,2026-09-16,56.83,1.49,True,56.33,0.116,0.47,False,87.3,-0.15,87.4,True,2.62,1.69,25.5,-1.3,D 趨勢弱,False,11:22,341.2,升,40.0,6,False,10.0,0.6056,0.7296,,False,True,0.88,0.33,59.31,-4.36,-1.66,17.0,OHLC,—,LH/LL,自然回檔,False,262,3,universe
SEB,2026-09-16,4324.94,137.76,False,4253.07,-0.895,-0.06,True,84.7,0.51,84.2,True,3.19,1.66,18.3,-0.9,C 基底修復,False,1:37,48.5,升,77.0,10,False,10.0,29.1608,29.3924,,False,True,1.66,0.52,4378.56,-1.24,-0.39,77.5,OHLC,—,LH/LL,自然反彈,True,262,3,universe
REX,2026-09-16,42.34,1.49,False,42.79,-0.064,-0.12,True,82.1,0.3,81.8,True,3.51,1.83,37.9,-1.9,C 基底修復,False,12:08,4.2,升,52.0,7,False,10.0,0.1112,0.0914,,False,True,-1.06,-0.3,42.74,-0.94,-0.27,7.6,OHLC,—,LH/LL,自然回檔,True,262,3,universe
DHC,2026-09-16,7.94,0.26,False,8.09,-0.062,-0.89,True,81.8,0.28,81.5,True,3.33,2.07,45.0,4.0,C 基底修復,False,11:16,337.8,升,38.0,4,False,10.0,0.0624,0.0411,,False,True,-1.87,-0.56,7.42,6.55,1.97,11.1,OHLC,—,HH/HL,自然反彈,False,262,3,universe
BBY,2026-09-16,92.45,3.26,True,85.94,0.234,0.24,True,79.9,0.39,79.6,True,3.53,2.22,62.2,-0.8,E 延伸,False,2:49,84.6,升,105.0,8,False,10.0,0.6968,0.7715,,False,False,7.04,2.0,88.03,4.78,1.36,399.0,OHLC,↑,HH/HL,自然回檔,False,262,3,universe
INSW,2026-09-16,109.38,3.68,True,99.64,0.638,0.63,True,78.7,0.29,78.5,True,3.36,2.61,68.8,-0.2,E 延伸,False,12:03,1.7,升,51.0,9,False,10.0,0.4748,0.3278,,False,False,8.91,2.65,102.14,6.62,1.97,70.3,OHLC,↑,HH/HL,UT,False,262,3,universe
NUAI,2026-09-16,5.41,0.5,True,5.4,0.008,0.32,True,33.8,0.17,33.6,False,9.31,7.74,54.1,6.8,D 趨勢弱,False,1:28,44.0,升,74.0,8,False,10.0,0.0077,0.0394,,False,True,0.22,0.02,6.94,-28.19,-3.03,32.5,OHLC,—,LH/LL,自然回檔,False,262,3,universe
UTL,2026-09-16,52.37,1.1,False,53.54,-0.055,-0.2,True,92.5,0.03,92.5,True,2.1,1.08,39.3,1.6,C 基底修復,False,5:33,166.6,跌,43.0,5,False,11.0,-0.1556,-0.1471,-0.2839,False,True,-2.24,-1.07,54.37,-3.82,-1.82,6.6,OHLC,—,LH/LL,DT,True,262,3,universe
HRL,2026-09-16,20.78,0.49,False,22.69,-0.086,-1.26,True,86.8,0.54,86.2,True,2.36,2.06,8.5,1.5,D 趨勢弱,True,8:49,264.6,跌,279.0,34,False,11.0,-0.0594,-0.0914,-0.3134,True,False,-9.19,-3.89,21.47,-3.32,-1.41,117.2,OHLC,↓,LH/LL,DT,False,262,3,universe
SD,2026-09-16,14.36,0.41,True,14.22,0.043,0.46,False,85.8,-1.62,87.4,True,2.83,1.78,29.8,-1.3,C 基底修復,False,2:23,71.6,升,90.0,11,False,11.0,0.0158,0.047,,False,True,0.96,0.34,15.1,-5.15,-1.82,4.6,OHLC,—,LH/LL,自然回檔,False,262,3,universe
VST,2026-09-16,140.39,5.06,False,142.8,-0.452,-0.2,True,77.3,0.22,77.1,True,3.61,2.63,11.1,0.5,D 趨勢弱,False,2:49,84.6,升,154.0,11,False,11.0,0.2003,0.5405,,False,True,-1.72,-0.48,137.09,2.35,0.65,612.5,OHLC,↑,HH/HL,自然回檔,False,262,3,universe
HP,2026-09-16,41.66,1.75,True,42.55,0.199,0.64,False,70.8,-1.81,72.6,False,4.19,3.28,58.9,-9.2,B 上升結構,True,6:26,192.9,跌,57.0,8,False,11.0,-0.5528,-0.4347,-0.5528,False,True,-2.14,-0.51,41.4,0.62,0.15,52.2,OHLC,↑,HH/HL,自然回檔,False,262,3,universe
BLTE,2026-09-16,169.21,8.04,True,171.35,0.219,0.32,True,67.6,0.32,67.3,False,4.75,3.34,59.7,0.8,B 上升結構,False,3:27,103.3,跌,7.0,1,False,11.0,-0.2493,0.2514,-1.8683,False,True,-1.27,-0.27,198.58,-17.36,-3.65,35.4,OHLC,—,LH/LL,自然回檔,False,262,3,universe
CECO,2026-09-16,69.42,4.41,True,73.39,0.017,0.4,True,56.8,1.33,55.4,False,6.36,3.99,27.7,0.0,D 趨勢弱,False,4:01,120.6,跌,17.0,2,False,11.0,-0.3126,-0.1165,-1.9685,False,True,-5.72,-0.9,78.34,-12.85,-2.02,48.0,OHLC,↓,LH/LL,自然反彈,False,262,3,universe
ED,2026-09-16,105.42,1.61,False,107.6,-0.067,-0.33,True,94.7,0.18,94.5,True,1.53,1.07,37.4,0.2,D 趨勢弱,False,4:38,138.9,跌,27.0,4,False,12.0,-0.1728,-0.1518,-0.5733,False,True,-2.07,-1.35,108.54,-2.96,-1.94,210.5,OHLC,—,LH/LL,DT,True,262,3,universe
SLRC,2026-09-16,12.03,0.21,False,12.6,-0.043,-0.68,True,92.7,0.18,92.5,True,1.74,1.37,9.9,-8.7,D 趨勢弱,True,8:30,255.2,跌,92.0,7,False,12.0,-0.0526,-0.0516,-0.0526,False,False,-4.76,-2.74,12.74,-5.9,-3.39,4.2,OHLC,↓,LH/LL,DT,False,262,3,universe
WMT,2026-09-16,107.5,2.13,False,108.0,-0.103,-0.29,True,89.6,0.25,89.3,True,1.99,1.84,22.5,-0.1,D 趨勢弱,False,12:51,25.7,升,64.0,9,False,12.0,0.4964,0.5197,,False,True,-0.46,-0.23,105.16,2.18,1.1,3014.6,OHLC,—,HH/HL,自然反彈,True,262,3,universe
SMP,2026-09-16,37.5,1.17,False,38.66,-0.131,-0.22,True,82.6,0.19,82.5,True,3.12,2.11,17.7,0.7,D 趨勢弱,False,4:05,122.4,跌,18.0,2,False,12.0,-0.0953,-0.0492,-0.2693,False,True,-3.08,-0.99,40.76,-8.69,-2.79,7.4,OHLC,↓,LH/LL,DT,False,262,3,universe
EEFT,2026-09-16,69.01,2.47,False,71.16,-0.206,-0.53,True,77.0,0.13,76.9,True,3.58,2.72,27.3,1.2,D 趨勢弱,False,2:27,73.6,升,91.0,10,False,12.0,0.0238,0.1671,,False,True,-3.12,-0.87,72.18,-4.59,-1.28,41.5,OHLC,↓,LH/LL,DT,False,181,3,universe
AGM,2026-09-16,220.65,5.67,False,226.42,-0.971,-0.15,False,88.2,-0.72,88.9,True,2.57,1.56,71.4,-2.1,A 待突破,True,8:49,264.6,跌,298.0,23,False,13.0,-0.5681,-0.3136,-3.0935,False,True,-2.62,-1.02,229.88,-4.18,-1.63,21.3,OHLC,—,LH/LL,自然回檔,False,262,3,universe
CRC,2026-09-16,54.47,1.77,True,53.95,0.107,0.47,False,83.1,-2.86,86.0,True,3.26,1.88,24.8,-12.2,C 基底修復,False,2:29,74.3,升,91.0,12,False,13.0,0.2178,0.4161,,False,True,0.96,0.29,52.18,4.2,1.29,47.4,OHLC,↑,HH/HL,自然回檔,False,262,3,universe
AI,2026-09-16,10.56,0.5,True,10.37,0.018,0.46,True,69.3,0.15,69.2,False,4.77,2.99,35.1,-0.8,D 趨勢弱,False,3:35,107.6,跌,10.0,1,False,13.0,-0.0053,0.0148,-0.0709,False,True,1.77,0.37,10.38,1.7,0.36,57.7,OHLC,↑,HH/HL,自然回檔,False,262,3,universe
INTC,2026-09-16,101.05,5.64,True,96.93,0.106,0.31,True,57.9,0.53,57.4,False,5.58,4.5,72.6,12.9,C 基底修復,False,1:23,41.4,升,73.0,9,False,13.0,1.1062,1.1313,,False,True,4.08,0.73,100.32,0.72,0.13,9233.6,OHLC,—,HH/HL,自然反彈,False,262,3,universe
LBRT,2026-09-16,19.26,1.04,True,20.13,0.011,0.45,True,57.6,0.09,57.5,False,5.4,4.76,24.3,-2.4,D 趨勢弱,False,2:40,79.9,升,94.0,12,False,13.0,0.0157,0.0878,,False,True,-4.52,-0.84,17.7,8.1,1.5,66.8,OHLC,↓,LH/LL,DT,False,262,3,universe
KYN,2026-09-16,14.46,0.25,True,14.73,0.018,0.25,False,93.8,-0.21,94.0,True,1.76,1.09,48.1,-1.3,C 基底修復,False,5:00,150.0,跌,33.0,5,False,14.0,-0.0572,-0.0388,-0.0741,False,True,-1.86,-1.06,,,,4.2,OHLC,↑,HH/HL,自然回檔,False,262,3,universe
WABC,2026-09-16,59.67,1.16,True,59.0,0.003,-0.09,False,93.0,-0.17,93.1,True,1.94,1.12,68.1,-0.3,A 待突破,False,1:05,32.3,升,68.0,9,False,14.0,0.1886,0.1989,,False,True,1.11,0.57,58.54,1.89,0.98,9.0,OHLC,—,HH/HL,自然反彈,True,262,3,universe
GNW,2026-09-16,10.09,0.26,True,10.09,0.005,0.27,False,89.1,-0.05,89.2,True,2.53,1.39,63.7,7.1,C 基底修復,False,3:33,106.7,跌,9.0,1,False,14.0,-0.0148,0.0069,-0.0651,False,True,-0.05,-0.02,9.86,2.28,0.9,38.2,OHLC,↑,HH/HL,自然回檔,False,262,3,universe
VCTR,2026-09-16,103.72,3.97,True,112.69,0.197,0.16,False,78.3,-1.14,79.4,True,3.83,2.23,43.9,-3.1,D 趨勢弱,True,8:49,264.6,跌,162.0,17,False,14.0,-1.8859,-1.7161,-1.8859,False,False,-8.65,-2.26,113.73,-9.65,-2.52,72.7,OHLC,↓,LH/LL,DT,False,262,3,universe
FIS,2026-09-16,36.85,1.37,False,40.9,-0.266,-1.08,True,78.1,0.26,77.9,True,3.73,2.37,4.5,2.5,D 趨勢弱,True,6:39,199.6,跌,61.0,7,False,14.0,-0.3882,-0.361,-0.4272,False,False,-10.99,-2.95,40.18,-9.04,-2.42,215.0,OHLC,↓,LH/LL,DT,False,262,3,universe
PRLB,2026-09-16,83.24,2.85,False,83.31,-0.289,0.16,False,77.2,-1.03,78.2,True,3.42,2.85,71.8,19.7,B 上升結構,True,9:42,290.9,升,12.0,1,False,14.0,0.1221,-0.1415,,False,True,-0.09,-0.03,87.91,-5.61,-1.64,14.5,OHLC,—,HH/HL,自然反彈,False,262,3,universe
NGS,2026-09-16,36.15,1.37,False,36.32,-0.019,0.05,True,77.0,0.48,76.5,True,3.8,2.51,22.0,-1.0,C 基底修復,False,2:49,84.6,升,107.0,11,False,14.0,0.1574,0.204,,False,True,-0.46,-0.12,36.84,-1.91,-0.5,4.4,OHLC,↑,HH/HL,自然回檔,False,262,3,universe
FLR,2026-09-16,52.99,2.07,True,53.75,0.063,0.25,False,71.8,-0.5,72.3,False,3.9,3.39,68.6,-2.4,B 上升結構,True,6:49,204.3,跌,63.0,5,False,14.0,-0.3207,-0.2386,-0.3207,False,True,-1.43,-0.37,51.24,3.3,0.85,117.0,OHLC,↑,HH/HL,自然回檔,False,262,3,universe
MTRN,2026-09-16,248.31,12.45,True,259.51,1.255,0.83,True,56.3,0.96,55.4,False,5.02,5.43,66.4,13.1,B 上升結構,False,11:49,354.7,升,47.0,7,False,14.0,0.4847,0.3119,,False,True,-4.51,-0.9,225.89,9.03,1.8,67.4,OHLC,—,HH/HL,自然反彈,True,262,3,universe
TXNM,2026-09-16,58.54,0.35,True,57.77,0.044,0.21,False,99.2,-0.02,99.2,True,0.6,0.35,52.7,10.2,C 基底修復,False,2:49,84.6,升,124.0,14,False,,0.0571,0.0241,,False,True,1.32,2.21,58.07,0.8,1.34,80.3,OHLC,—,HH/HL,自然反彈,False,262,3,universe
CZR,2026-09-16,29.67,0.12,False,29.74,-0.015,-0.18,True,99.0,0.03,99.0,True,0.4,0.63,66.7,-0.1,C 基底修復,False,2:26,73.0,升,91.0,6,False,,0.0031,0.0022,,False,True,-0.22,-0.56,29.75,-0.27,-0.67,80.6,OHLC,—,LH/LL,自然回檔,True,262,3,universe
JFR,2026-09-16,7.46,0.07,False,7.64,-0.009,-0.41,True,98.3,0.05,98.3,True,0.89,0.5,27.2,1.0,D 趨勢弱,False,5:56,178.2,跌,49.0,3,False,,-0.0165,-0.0127,-0.0267,False,True,-2.46,-2.77,7.69,-3.08,-3.46,4.5,OHLC,—,LH/LL,自然回檔,False,262,3,universe
EVV,2026-09-16,8.66,0.08,False,9.05,-0.032,-1.08,True,98.2,0.03,98.2,True,0.93,0.49,15.6,-10.0,D 趨勢弱,True,8:49,264.6,跌,122.0,11,False,,-0.0417,-0.0393,-0.0417,False,False,-4.45,-4.79,9.18,-6.0,-6.46,3.7,OHLC,↓,LH/LL,DT,False,262,3,universe
CCO,2026-09-16,2.39,0.02,False,2.36,-0.001,-0.45,True,97.5,0.11,97.4,True,0.93,0.79,68.8,-1.0,C 基底修復,False,2:49,84.6,升,288.0,9,False,,0.0027,0.0023,,False,True,1.16,1.24,2.39,0.0,0.0,13.4,OHLC,—,LH/LL,自然反彈,True,262,3,universe
BRK/B,2026-09-16,519.8,6.15,True,509.0,0.234,0.05,False,96.4,-0.09,96.5,True,1.18,0.91,66.3,-1.2,C 基底修復,False,1:09,34.4,升,69.0,7,False,,1.4719,1.1411,,False,True,2.08,1.76,501.12,3.59,3.04,2089.6,OHLC,↑,HH/HL,UT,False,262,3,universe
LNTH,2026-09-16,100.54,0.81,False,100.77,-0.036,-0.22,True,95.0,0.2,94.8,True,0.81,1.72,68.4,-0.5,C 基底修復,False,2:49,84.6,升,128.0,17,False,,0.0757,0.0756,,False,True,-0.22,-0.28,101.02,-0.48,-0.59,110.3,OHLC,—,LH/LL,DT,True,262,3,universe
EPD,2026-09-16,38.09,0.58,True,38.56,0.024,0.23,False,94.4,-0.44,94.9,True,1.52,1.15,58.4,-12.9,C 基底修復,False,4:59,149.4,跌,33.0,4,False,,-0.1042,-0.0496,-0.1042,False,True,-1.24,-0.82,38.31,-0.58,-0.38,91.3,OHLC,—,LH/LL,自然回檔,False,262,3,universe
AEP,2026-09-16,120.69,2.14,False,124.03,-0.276,-0.58,True,93.3,0.26,93.1,True,1.77,1.19,33.7,-0.6,D 趨勢弱,False,3:23,101.5,跌,6.0,1,False,,-0.0514,0.0471,-0.9056,False,True,-2.77,-1.56,125.42,-3.92,-2.21,401.3,OHLC,↓,LH/LL,DT,False,262,3,universe
ARLP,2026-09-16,25.85,0.48,False,25.75,-0.004,0.05,True,93.2,0.04,93.2,True,1.86,1.14,59.3,1.5,C 基底修復,False,5:24,162.0,跌,40.0,3,False,,-0.1023,-0.0675,-0.11,False,True,0.37,0.2,26.94,-4.22,-2.27,5.7,OHLC,—,LH/LL,自然回檔,False,262,3,universe
MKL,2026-09-16,1787.65,28.86,False,1818.0,-4.016,-0.93,True,93.2,0.12,93.1,True,1.61,1.37,28.3,2.2,D 趨勢弱,False,2:49,84.6,升,100.0,13,False,,1.9812,2.0283,,False,True,-1.7,-1.05,1807.0,-1.08,-0.67,109.2,OHLC,↓,LH/LL,DT,False,262,3,universe
NI,2026-09-16,40.66,0.73,False,41.75,-0.126,-0.69,True,93.2,0.12,93.1,True,1.78,1.21,25.7,0.6,D 趨勢弱,False,2:49,84.6,升,101.0,12,False,,0.1015,0.1326,,False,True,-2.68,-1.5,41.9,-3.05,-1.71,202.3,OHLC,—,LH/LL,自然回檔,True,262,3,universe
NNI,2026-09-16,127.43,2.47,False,127.51,-0.337,-0.56,True,92.9,0.1,92.8,True,1.94,1.14,22.0,-1.1,D 趨勢弱,False,2:49,84.6,升,101.0,10,False,,0.3414,0.3107,,False,True,-0.07,-0.03,128.63,-0.94,-0.49,18.5,OHLC,—,LH/LL,DT,True,262,3,universe
RSG,2026-09-16,219.8,3.89,True,219.45,0.504,0.48,False,92.9,-0.38,93.2,True,1.77,1.3,49.7,-4.1,C 基底修復,False,4:21,130.6,跌,23.0,2,False,,-0.296,-0.0182,-1.6299,False,True,0.16,0.09,219.58,0.1,0.06,338.3,OHLC,—,HH/HL,自然回檔,True,262,3,universe
FPI,2026-09-16,10.79,0.21,True,10.31,0.036,0.87,True,92.7,0.18,92.5,True,1.95,1.17,29.3,-1.9,C 基底修復,False,2:49,84.6,升,171.0,32,False,,0.012,0.0157,,False,False,4.48,2.3,10.13,6.12,3.13,6.5,OHLC,—,HH/HL,UT,True,262,3,universe
NJR,2026-09-16,53.5,0.99,False,54.3,-0.2,-0.94,True,92.7,0.17,92.6,True,1.85,1.26,27.1,-8.2,C 基底修復,False,1:17,38.3,升,71.0,9,False,,0.0808,0.0544,,False,True,-1.5,-0.81,54.31,-1.51,-0.82,29.5,OHLC,—,LH/LL,DT,True,262,3,universe
PAA,2026-09-16,25.42,0.49,True,24.75,0.078,0.56,False,92.0,-0.33,92.3,True,1.93,1.36,59.7,-0.8,B 上升結構,False,4:06,123.1,跌,18.0,2,False,,-0.0573,-0.0159,-0.2281,False,True,2.65,1.37,26.39,-3.82,-1.98,67.0,OHLC,—,LH/LL,自然回檔,False,262,3,universe
BNS,2026-09-16,92.96,1.71,True,91.14,0.287,0.51,False,91.8,-0.26,92.0,True,1.84,1.49,83.0,-0.4,A 待突破,False,4:34,137.0,跌,26.0,3,False,,-0.0865,-0.0365,-0.4198,False,True,1.96,1.06,91.6,1.46,0.79,197.8,OHLC,—,HH/HL,自然回檔,True,262,3,universe
OHI,2026-09-16,46.91,0.95,False,46.9,-0.055,-0.65,True,91.8,0.05,91.7,True,2.02,1.32,39.7,0.2,C 基底修復,False,2:42,81.1,升,95.0,11,False,,0.1308,0.1548,,False,True,0.02,0.01,45.76,2.45,1.21,86.4,OHLC,—,HH/HL,UT,True,262,3,universe
TIPT,2026-09-16,17.53,0.35,False,18.12,-0.004,-0.02,True,91.6,0.23,91.3,True,1.99,1.4,30.2,1.7,D 趨勢弱,True,6:30,195.0,跌,58.0,7,False,,-0.1074,-0.1038,-0.1074,False,False,-3.35,-1.69,18.0,-2.68,-1.35,3.4,OHLC,↓,LH/LL,DT,False,262,3,universe
VOYA,2026-09-16,100.28,2.36,True,101.11,0.008,0.21,False,90.8,-0.81,91.7,True,2.35,1.2,74.5,-1.5,A 待突破,False,3:40,110.0,跌,11.0,2,False,,-0.2497,-0.0574,-0.6207,False,True,-0.83,-0.35,104.19,-3.9,-1.66,92.8,OHLC,—,LH/LL,自然回檔,False,262,3,universe
CWBC,2026-09-16,25.95,0.54,True,25.93,0.008,0.25,False,90.6,-0.27,90.8,True,2.08,1.54,60.8,-10.5,C 基底修復,False,3:16,98.1,跌,4.0,1,False,,-0.0095,0.0118,-0.3141,False,True,0.08,0.04,25.67,1.08,0.52,4.9,OHLC,—,HH/HL,DT,True,262,3,universe
AD,2026-09-16,37.9,0.85,True,36.76,0.109,0.62,True,90.5,0.12,90.4,True,2.24,1.38,17.8,-1.5,D 趨勢弱,False,2:49,84.6,升,817.0,49,False,,0.0805,0.1369,,False,False,3.01,1.34,37.69,0.55,0.25,9.2,OHLC,—,HH/HL,自然回檔,True,262,3,universe
IEP,2026-09-16,6.96,0.15,False,7.06,-0.015,-0.5,True,90.1,0.16,89.9,True,2.22,1.5,23.5,3.7,D 趨勢弱,False,12:41,20.5,升,61.0,9,False,,0.0465,0.0495,,False,True,-1.43,-0.65,6.51,6.47,2.92,6.6,OHLC,↑,HH/HL,UT,False,262,3,universe
KRNY,2026-09-16,9.65,0.23,False,9.77,-0.003,0.05,False,89.5,-0.77,90.3,True,2.42,1.42,72.7,-10.6,C 基底修復,True,6:26,192.9,跌,57.0,6,False,,-0.0434,-0.0337,-0.0509,False,True,-1.25,-0.52,9.77,-1.24,-0.51,6.2,OHLC,—,HH/HL,DT,False,262,3,universe
SOBO,2026-09-16,35.55,0.85,False,36.9,-0.001,-0.15,True,89.5,0.25,89.3,True,2.4,1.45,45.7,-0.1,C 基底修復,True,6:02,180.9,跌,51.0,6,False,,-0.2459,-0.2361,-0.3059,False,False,-3.79,-1.58,37.85,-6.47,-2.7,22.3,OHLC,↓,LH/LL,DT,False,262,3,universe
MRP,2026-09-16,28.95,0.65,True,30.17,0.007,0.35,False,89.4,-0.62,90.1,True,2.26,1.6,16.1,-1.2,D 趨勢弱,True,6:00,180.0,跌,50.0,6,False,,-0.2725,-0.2384,-0.2725,False,False,-4.22,-1.87,28.8,0.52,0.23,30.6,OHLC,↑,HH/HL,自然回檔,False,262,3,universe
WMK,2026-09-16,72.99,1.76,False,71.72,-0.298,-0.64,True,88.8,0.24,88.6,True,2.41,1.58,36.0,-1.5,C 基底修復,False,2:49,84.6,升,122.0,14,False,,0.4488,0.4031,,False,True,1.74,0.72,69.46,4.84,2.0,11.1,OHLC,↑,HH/HL,UT,False,262,3,universe
SBRA,2026-09-16,20.09,0.44,True,20.59,0.001,-0.24,False,88.7,-0.14,88.8,True,2.17,1.85,48.2,-1.5,C 基底修復,False,4:45,142.5,跌,29.0,4,False,,-0.0696,-0.0456,-0.2226,False,True,-2.47,-1.14,19.85,1.19,0.55,44.2,OHLC,↑,HH/HL,次級回檔,False,262,3,universe
UNM,2026-09-16,94.82,2.25,True,92.44,0.271,0.95,False,88.3,-0.56,88.9,True,2.37,1.72,68.2,-2.7,A 待突破,False,2:49,84.6,升,113.0,14,False,,0.1202,0.1897,,False,True,2.51,1.06,93.07,1.85,0.78,151.0,OHLC,—,HH/HL,自然反彈,True,262,3,universe
MO,2026-09-16,70.1,1.53,True,67.54,0.058,-0.07,True,88.0,0.16,87.8,True,2.18,1.99,53.3,-2.5,C 基底修復,False,2:49,84.6,升,159.0,18,False,,0.2866,0.2894,,False,False,3.65,1.67,67.89,3.15,1.45,575.4,OHLC,—,HH/HL,UT,True,262,3,universe
AAPL,2026-09-16,332.41,7.35,True,316.12,0.949,0.29,True,87.7,0.33,87.3,True,2.21,2.03,70.1,9.5,E 延伸,False,2:14,67.0,升,87.0,15,False,,1.5385,1.5966,,False,False,4.9,2.22,315.34,5.14,2.32,13923.5,OHLC,↑,HH/HL,UT,False,262,3,universe
CI,2026-09-16,280.45,6.98,True,278.53,0.354,-0.04,False,87.4,-0.89,88.3,True,2.49,1.8,48.5,-11.5,C 基底修復,False,2:49,84.6,升,216.0,17,False,,0.7285,1.1716,,False,True,0.69,0.28,275.83,1.65,0.66,403.8,OHLC,↑,HH/HL,自然回檔,False,262,3,universe
VTRS,2026-09-16,17.02,0.42,False,16.56,-0.023,-0.44,True,87.3,0.23,87.1,True,2.48,1.82,79.7,15.0,A 待突破,False,10:19,309.3,升,22.0,3,False,,0.0294,0.0036,,False,True,2.68,1.08,16.38,3.76,1.51,124.5,OHLC,↑,HH/HL,自然反彈,False,262,3,universe
KEX,2026-09-16,136.94,3.29,True,137.43,0.202,0.41,False,87.0,-0.38,87.4,True,2.4,1.98,58.5,-4.4,C 基底修復,False,4:29,134.4,跌,25.0,5,False,,-0.3063,-0.1797,-1.8335,False,True,-0.36,-0.15,137.64,-0.51,-0.21,50.1,OHLC,↑,HH/HL,自然回檔,False,262,3,universe
HXL,2026-09-16,91.08,2.5,False,95.92,-0.479,-1.26,True,86.8,0.1,86.7,True,2.74,1.68,45.1,0.5,D 趨勢弱,True,9:50,295.0,升,14.0,2,False,,0.1274,0.0725,,False,False,-5.31,-1.94,92.76,-1.84,-0.67,68.6,OHLC,—,LH/LL,自然反彈,True,262,3,universe
COLM,2026-09-16,57.09,1.54,False,57.75,-0.024,-0.44,True,86.4,0.18,86.2,True,2.69,1.8,36.8,12.5,D 趨勢弱,False,11:42,351.1,升,45.0,4,False,,0.0747,0.049,,False,True,-1.15,-0.43,57.67,-1.02,-0.38,38.4,OHLC,—,LH/LL,自然回檔,True,262,3,universe
PBI,2026-09-16,17.31,0.49,False,17.06,-0.049,-0.43,True,85.8,0.42,85.3,True,2.84,1.78,53.3,-2.6,C 基底修復,False,2:49,84.6,升,190.0,15,False,,0.0458,0.047,,False,True,1.45,0.51,17.5,-1.1,-0.39,26.4,OHLC,—,LH/LL,自然反彈,True,262,3,universe
VTS,2026-09-16,17.52,0.5,True,17.17,0.124,1.08,False,85.8,-2.99,88.8,True,2.84,1.78,19.6,-1.2,D 趨勢弱,False,2:49,84.6,升,379.0,50,False,,0.0024,0.0888,,False,True,2.01,0.71,17.19,1.88,0.66,8.9,OHLC,↑,HH/HL,自然回檔,False,262,3,universe
VNOM,2026-09-16,43.19,1.18,True,43.72,0.086,0.24,False,85.5,-3.56,89.1,True,2.74,1.94,37.1,-15.8,C 基底修復,False,3:27,103.3,跌,7.0,1,False,,-0.103,0.0401,-0.2979,False,True,-1.24,-0.45,46.0,-6.51,-2.38,59.5,OHLC,—,LH/LL,自然回檔,False,262,3,universe
DKL,2026-09-16,56.26,1.31,True,54.5,0.008,-0.03,True,85.4,0.08,85.3,True,2.32,2.38,55.1,-0.4,A 待突破,False,1:22,40.8,升,73.0,11,False,,0.154,0.2043,,False,False,3.13,1.35,53.16,5.51,2.37,7.9,OHLC,—,HH/HL,次級反彈,True,262,3,universe
LOPE,2026-09-16,153.87,4.02,True,149.06,0.163,0.04,True,85.3,0.56,84.7,True,2.61,2.1,16.5,-2.1,D 趨勢弱,False,2:49,84.6,升,109.0,18,False,,0.326,0.3121,,False,False,3.13,1.2,148.13,3.73,1.43,48.9,OHLC,↑,HH/HL,UT,False,262,3,universe
LNG,2026-09-16,267.75,7.68,True,277.12,0.442,0.28,False,84.6,-0.01,84.6,True,2.87,1.99,46.6,-11.0,C 基底修復,True,8:01,240.4,跌,84.0,7,False,,-2.9031,-2.5559,-2.9031,False,False,-3.5,-1.22,256.14,4.34,1.51,542.6,OHLC,↑,HH/HL,自然回檔,False,262,3,universe
CCI,2026-09-16,73.22,2.1,False,74.88,-0.153,-0.38,True,84.5,0.13,84.4,True,2.86,2.01,23.4,2.0,D 趨勢弱,False,5:24,162.0,跌,40.0,3,False,,-0.1871,-0.1328,-0.1871,False,True,-2.27,-0.79,75.62,-3.28,-1.14,206.8,OHLC,↓,LH/LL,DT,False,262,3,universe
ESQ,2026-09-16,121.12,3.36,False,120.56,-0.428,-0.52,True,84.5,0.02,84.4,True,2.78,2.11,47.2,-7.4,C 基底修復,False,1:13,36.6,升,70.0,8,False,,0.905,0.9029,,False,True,0.46,0.17,121.98,-0.71,-0.26,20.2,OHLC,—,LH/LL,UT,False,262,3,universe
ELV,2026-09-16,412.56,10.98,True,403.24,1.604,0.77,False,84.1,-0.12,84.2,True,2.66,2.29,68.6,-2.8,A 待突破,False,1:17,38.3,升,71.0,11,False,,1.2394,1.8094,,False,True,2.26,0.85,396.9,3.8,1.43,436.3,OHLC,↑,HH/HL,自然回檔,False,262,3,universe
OPLN,2026-09-16,35.06,0.97,False,35.21,-0.214,-0.72,True,83.9,0.45,83.5,True,2.77,2.21,56.8,2.1,C 基底修復,False,2:49,84.6,升,121.0,14,False,,0.1803,0.1937,,False,True,-0.44,-0.16,34.63,1.23,0.44,40.9,OHLC,—,HH/HL,UT,True,262,3,universe
EXEL,2026-09-16,56.78,1.64,True,54.84,0.028,0.15,True,83.5,0.12,83.4,True,2.88,2.18,70.8,1.9,E 延伸,False,3:58,118.8,跌,16.0,2,False,,-0.0758,-0.0363,-0.6624,False,False,3.42,1.19,54.55,3.93,1.36,117.8,OHLC,↑,HH/HL,自然回檔,False,262,3,universe
MPC,2026-09-16,413.92,12.73,True,363.53,3.612,1.17,False,83.3,-0.25,83.6,True,3.08,2.03,65.0,0.0,E 延伸,True,9:47,293.6,升,13.0,2,False,,0.7377,0.421,,False,False,12.17,3.96,388.16,6.22,2.02,1022.4,OHLC,↑,HH/HL,UT,False,262,3,universe
STRD,2026-09-16,70.61,1.57,True,71.08,0.98,2.15,False,83.3,-0.22,83.6,True,2.22,2.88,42.6,2.4,C 基底修復,False,4:46,142.9,跌,29.0,5,False,,-0.6475,-0.3834,-0.6475,False,True,-0.66,-0.3,76.25,-7.99,-3.6,7.5,OHLC,↓,LH/LL,DT,False,262,3,universe
TFX,2026-09-16,128.0,4.33,False,135.88,-0.441,-0.32,True,83.2,0.88,82.3,True,3.38,1.75,38.9,1.7,C 基底修復,True,6:16,188.0,跌,54.0,7,False,,-1.4054,-1.3284,-1.4054,False,False,-6.16,-1.82,,,,75.5,OHLC,—,HH/HL,DT,False,262,3,universe
CFFI,2026-09-16,94.84,2.81,True,90.69,0.126,0.29,True,82.3,0.21,82.1,True,2.96,2.35,59.0,-2.3,E 延伸,False,2:49,84.6,升,128.0,15,False,,0.041,0.1441,,False,False,4.38,1.48,92.21,2.77,0.94,7.1,OHLC,—,HH/HL,UT,True,262,3,universe
NUE,2026-09-16,260.68,8.05,False,258.56,-0.478,-0.07,False,82.2,-0.1,82.3,True,3.09,2.24,80.9,-0.1,A 待突破,True,9:53,296.4,升,15.0,2,False,,0.2088,0.0247,,False,True,0.81,0.26,256.02,1.79,0.58,357.3,OHLC,—,HH/HL,自然反彈,True,262,3,universe
CTVA,2026-09-16,81.01,2.49,True,82.15,0.224,0.13,False,82.1,-0.7,82.8,True,3.07,2.27,38.9,-9.9,C 基底修復,False,4:46,143.2,跌,30.0,3,False,,-0.4593,-0.2514,-1.5408,False,True,-1.41,-0.46,83.86,-3.52,-1.15,404.3,OHLC,—,HH/HL,DT,False,262,3,universe
GME,2026-09-16,21.98,0.66,True,19.16,0.076,0.31,True,81.9,0.33,81.6,True,2.99,2.38,12.6,1.1,E 延伸,False,2:49,84.6,升,123.0,15,False,,0.462,0.4505,,False,False,12.85,4.3,21.68,1.36,0.46,164.8,OHLC,—,HH/HL,自然反彈,False,262,3,universe
HAL,2026-09-16,34.51,1.14,True,35.09,0.117,0.55,False,81.8,-1.24,83.0,True,3.3,2.1,48.4,-9.7,C 基底修復,False,4:28,133.8,跌,24.0,4,False,,-0.2513,-0.1599,-0.2513,False,True,-1.69,-0.51,33.8,2.06,0.62,387.9,OHLC,↑,HH/HL,自然回檔,False,262,3,universe
LEA,2026-09-16,123.19,3.81,True,125.41,0.035,-0.74,False,81.1,-1.91,83.0,True,3.09,2.44,25.8,-17.8,C 基底修復,False,2:49,84.6,升,134.0,19,False,,0.083,0.4745,,False,True,-1.8,-0.58,130.82,-6.19,-2.0,72.8,OHLC,↓,LH/LL,DT,False,262,3,universe
AMPH,2026-09-16,23.95,0.73,True,21.93,0.143,0.77,True,81.0,0.07,81.0,True,3.06,2.48,33.6,-0.9,C 基底修復,False,2:49,84.6,升,237.0,36,False,,0.0321,0.0391,,False,False,8.44,2.76,22.93,4.26,1.39,9.5,OHLC,↑,HH/HL,UT,False,262,3,universe
BGC,2026-09-16,12.18,0.37,True,11.56,0.041,0.43,True,80.9,0.47,80.5,True,3.0,2.56,55.8,-0.6,E 延伸,False,2:49,84.6,升,171.0,21,False,,0.0003,0.0073,,False,False,5.13,1.71,11.85,2.71,0.9,36.6,OHLC,↑,HH/HL,UT,False,262,3,universe
KOP,2026-09-16,46.72,1.63,False,47.08,-0.15,-0.29,True,80.6,0.06,80.6,True,3.5,2.13,53.1,-6.3,C 基底修復,False,12:42,21.2,升,62.0,9,False,,0.0465,0.0043,,False,True,-0.77,-0.22,45.27,3.1,0.89,7.9,OHLC,—,HH/HL,自然反彈,True,262,3,universe
HUM,2026-09-16,384.72,13.81,True,387.73,1.146,0.51,False,80.0,-0.76,80.7,True,3.59,2.16,70.2,-15.3,C 基底修復,False,3:30,105.2,跌,8.0,1,False,,-0.8479,0.5266,-6.6213,False,True,-0.78,-0.22,419.97,-9.16,-2.55,370.6,OHLC,—,LH/LL,自然回檔,False,262,3,universe
HLI,2026-09-16,130.34,4.49,True,131.07,0.114,0.47,False,79.6,-0.87,80.5,True,3.44,2.36,20.9,-10.2,D 趨勢弱,False,2:49,84.6,升,125.0,20,False,,0.0496,0.4972,,False,True,-0.56,-0.16,132.21,-1.43,-0.42,96.3,OHLC,↓,LH/LL,DT,False,262,3,universe
MDXG,2026-09-16,4.73,0.18,True,4.42,0.018,0.68,True,79.6,0.81,78.8,True,3.79,2.02,38.8,-2.1,D 趨勢弱,False,2:49,84.6,升,106.0,15,False,,0.0114,0.0101,,False,False,6.45,1.7,4.57,3.38,0.89,4.7,OHLC,↑,HH/HL,UT,False,262,3,universe
HSHP,2026-09-16,18.39,0.57,True,16.94,0.114,0.9,True,79.4,0.28,79.2,True,3.13,2.72,66.0,1.3,E 延伸,False,2:49,84.6,升,176.0,22,False,,0.0589,0.0715,,False,False,7.9,2.53,17.95,2.39,0.77,7.1,OHLC,↑,HH/HL,UT,False,262,3,universe
BG,2026-09-16,117.13,4.36,True,116.4,0.57,0.7,False,79.0,-1.43,80.5,True,3.72,2.2,56.1,2.7,B 上升結構,False,3:32,105.9,跌,9.0,1,False,,-0.0047,0.4494,-1.4504,False,True,0.62,0.17,109.82,6.24,1.68,195.4,OHLC,—,HH/HL,DT,True,262,3,universe
META,2026-09-16,673.31,20.96,True,600.3,3.075,0.94,True,79.0,0.54,78.4,True,3.11,2.82,28.4,-0.9,E 延伸,False,2:49,84.6,升,214.0,15,False,,10.0185,10.4394,,False,False,10.84,3.48,578.85,14.03,4.51,12146.7,OHLC,↑,HH/HL,UT,False,262,3,universe
VMD,2026-09-16,8.94,0.28,False,9.12,-0.068,-1.18,True,78.5,0.69,77.8,True,3.13,2.89,37.0,4.0,C 基底修復,False,2:49,84.6,升,167.0,15,False,,0.0766,0.0664,,False,True,-1.98,-0.63,8.98,-0.45,-0.14,3.1,OHLC,—,LH/LL,自然反彈,True,262,3,universe
PNRG,2026-09-16,207.92,8.45,True,209.04,0.623,0.46,False,78.4,-0.61,79.0,True,4.06,1.98,56.6,12.7,C 基底修復,False,5:58,178.8,跌,49.0,6,False,,-1.4079,-1.0611,-1.4079,False,True,-0.54,-0.13,223.55,-7.52,-1.85,20.9,OHLC,—,LH/LL,自然回檔,False,262,3,universe
PAHC,2026-09-16,35.3,1.44,False,36.38,-0.052,-0.1,True,78.3,0.48,77.8,True,4.09,1.98,13.1,0.0,D 趨勢弱,False,5:28,163.8,跌,41.0,5,False,,-0.3659,-0.3407,-0.3659,False,True,-3.06,-0.75,35.31,-0.03,-0.01,9.1,OHLC,↑,HH/HL,自然回檔,False,262,3,universe
TWN,2026-09-16,98.21,3.59,True,99.1,0.595,1.31,False,77.9,-0.18,78.1,True,3.66,2.48,84.6,1.5,A 待突破,False,5:04,151.8,跌,34.0,5,False,,-0.9339,-0.8546,-1.1017,False,True,-0.9,-0.25,,,,3.0,OHLC,—,HH/HL,DT,False,262,3,universe
CHRW,2026-09-16,153.47,4.5,True,149.13,0.039,-0.26,False,77.7,-0.72,78.4,True,2.93,3.25,20.5,-0.5,C 基底修復,False,2:49,84.6,升,149.0,19,False,,2.0205,2.3111,,False,True,2.83,0.96,144.02,6.16,2.1,198.4,OHLC,↑,HH/HL,自然回檔,False,262,3,universe
PPIH,2026-09-16,30.28,1.17,True,27.97,0.139,0.93,True,77.5,1.22,76.3,True,3.88,2.34,35.2,-0.4,C 基底修復,False,2:49,84.6,升,457.0,45,False,,0.2353,0.2529,,False,False,7.64,1.97,26.64,12.02,3.1,3.2,OHLC,↑,HH/HL,自然回檔,False,262,3,universe
HWKN,2026-09-16,122.95,4.45,False,124.76,-0.417,-0.44,True,77.3,0.6,76.7,True,3.62,2.63,8.4,0.7,D 趨勢弱,False,2:49,84.6,升,117.0,11,False,,0.439,0.4475,,False,True,-1.47,-0.41,129.33,-5.19,-1.43,21.7,OHLC,↓,LH/LL,DT,False,262,3,universe
ATRC,2026-09-16,57.14,1.97,True,49.56,0.705,1.81,True,77.2,0.66,76.6,True,3.44,2.82,61.5,0.5,E 延伸,False,11:21,340.3,升,39.0,10,False,,0.1935,0.155,,False,False,13.26,3.85,51.52,9.84,2.86,55.5,OHLC,↑,HH/HL,UT,False,262,3,universe
MQ,2026-09-16,15.89,0.55,False,16.27,-0.137,-0.63,True,77.1,0.23,76.9,True,3.45,2.84,22.6,-1.1,D 趨勢弱,False,3:52,116.2,跌,15.0,1,False,,-0.0194,0.0065,-0.2853,False,True,-2.41,-0.7,16.58,-4.34,-1.26,10.5,OHLC,↓,LH/LL,DT,False,262,3,universe
MOH,2026-09-16,202.22,7.35,True,201.3,0.385,0.24,False,76.9,-0.32,77.2,True,3.64,2.69,59.1,0.8,C 基底修復,False,10:42,321.1,升,28.0,5,False,,0.9663,1.3135,,False,True,0.46,0.13,207.0,-2.36,-0.65,118.8,OHLC,—,LH/LL,自然回檔,False,262,3,universe
NTGR,2026-09-16,22.72,0.81,False,22.21,-0.057,-0.42,True,76.9,0.34,76.6,True,3.58,2.75,35.5,20.0,D 趨勢弱,False,10:18,309.1,升,22.0,5,False,,0.2194,0.1478,,False,True,2.26,0.63,21.45,5.59,1.56,7.2,OHLC,—,HH/HL,自然反彈,False,262,3,universe
CBOE,2026-09-16,270.43,10.6,False,293.47,-0.826,-0.34,True,76.8,0.21,76.6,True,3.92,2.43,23.2,0.4,D 趨勢弱,True,8:49,264.6,跌,107.0,10,False,,-4.0639,-3.7677,-4.0639,False,False,-8.52,-2.17,,,,294.2,OHLC,—,HH/HL,DT,False,262,3,universe
MGY,2026-09-16,26.1,0.98,True,26.79,0.071,0.56,False,76.6,-5.14,81.8,True,3.74,2.64,26.8,-24.3,C 基底修復,False,3:42,111.2,跌,12.0,1,False,,-0.0527,0.0826,-0.1976,False,True,-2.63,-0.7,27.81,-6.55,-1.75,95.6,OHLC,—,LH/LL,自然回檔,False,262,3,universe
CE,2026-09-16,46.87,1.8,True,45.02,0.102,0.21,True,76.3,0.34,75.9,True,3.85,2.6,26.3,-0.7,D 趨勢弱,False,2:49,84.6,升,440.0,33,False,,0.2434,0.1983,,False,False,3.94,1.02,44.52,5.01,1.3,72.2,OHLC,—,HH/HL,自然反彈,True,262,3,universe
FLGT,2026-09-16,21.63,0.67,True,19.68,0.167,1.25,True,76.3,0.37,76.0,True,3.08,3.35,33.0,-0.8,E 延伸,False,2:49,84.6,升,126.0,20,False,,0.1796,0.1376,,False,False,9.01,2.93,19.58,9.48,3.08,6.5,OHLC,↑,HH/HL,UT,False,262,3,universe
MTDR,2026-09-16,57.73,2.16,True,56.23,0.37,1.08,False,76.2,-5.41,81.6,True,3.74,2.72,62.2,3.6,B 上升結構,False,3:23,101.5,跌,6.0,1,False,,-0.0867,0.2483,-0.5106,False,True,2.6,0.69,55.25,4.3,1.15,105.5,OHLC,↑,HH/HL,自然回檔,False,262,3,universe
CF,2026-09-16,131.99,5.45,True,127.28,0.374,0.31,False,76.0,-0.4,76.4,True,4.13,2.37,51.7,-0.1,B 上升結構,False,4:48,144.0,跌,30.0,3,False,,-0.364,-0.1084,-1.3845,False,True,3.57,0.86,133.35,-1.03,-0.25,353.7,OHLC,—,HH/HL,自然回檔,True,262,3,universe
BBSI,2026-09-16,34.3,1.15,False,33.4,-0.302,-1.25,True,75.3,0.52,74.8,True,3.35,3.27,34.6,-5.0,C 基底修復,False,1:00,30.0,升,67.0,16,False,,0.1908,0.1318,,False,True,2.62,0.78,31.67,7.67,2.29,5.9,OHLC,—,HH/HL,UT,True,262,3,universe
AVT,2026-09-16,92.73,3.75,True,93.11,0.031,0.25,True,74.4,0.06,74.3,False,4.04,2.75,67.2,-2.7,B 上升結構,False,12:00,0.0,升,50.0,7,False,,0.2325,0.3351,,False,True,-0.41,-0.1,89.81,3.15,0.78,107.4,OHLC,↑,HH/HL,自然回檔,False,262,3,universe
CYH,2026-09-16,2.98,0.1,True,2.93,0.002,0.3,True,73.4,0.29,73.1,False,3.42,3.57,24.2,0.1,D 趨勢弱,False,11:30,345.1,升,42.0,6,False,,0.0116,0.0093,,False,True,1.51,0.44,2.95,1.01,0.29,3.3,OHLC,—,LH/LL,UT,True,262,3,universe
WLDN,2026-09-16,78.38,3.11,True,83.85,0.136,0.62,True,72.9,1.19,71.7,False,3.97,3.12,18.9,3.8,D 趨勢弱,True,6:29,194.3,跌,58.0,8,False,,-1.2692,-1.1965,-1.2692,False,False,-6.98,-1.76,85.58,-9.19,-2.32,16.2,OHLC,↓,LH/LL,DT,False,262,3,universe
ALT,2026-09-16,3.24,0.14,True,3.13,0.009,0.36,True,72.7,1.66,71.0,False,4.34,2.78,27.0,1.9,D 趨勢弱,False,4:03,121.6,跌,18.0,2,False,,-0.0062,-0.0012,-0.0287,False,True,3.44,0.79,3.09,4.63,1.07,12.5,OHLC,↑,HH/HL,自然回檔,False,262,3,universe
DNUT,2026-09-16,3.11,0.13,True,3.33,0.006,0.08,True,72.0,0.91,71.1,False,4.26,2.99,22.2,3.5,D 趨勢弱,True,6:56,207.8,跌,65.0,9,False,,-0.0359,-0.0349,-0.0359,False,False,-7.03,-1.65,3.48,-11.9,-2.79,7.2,OHLC,↓,LH/LL,DT,False,262,3,universe
TSLA,2026-09-16,358.08,13.24,True,351.25,1.01,0.59,True,71.5,0.45,71.1,False,3.7,3.64,19.5,-1.4,C 基底修復,False,3:44,111.8,跌,12.0,1,False,,-0.037,0.3722,-9.7347,False,True,1.91,0.52,356.09,0.56,0.15,14075.2,OHLC,↑,HH/HL,次級回檔,False,262,3,universe
HCC,2026-09-16,92.72,4.51,True,99.32,0.227,0.7,True,71.1,1.15,70.0,False,4.86,2.55,60.9,10.3,B 上升結構,True,7:12,215.8,跌,70.0,9,False,,-2.3463,-2.2477,-2.3463,False,False,-7.11,-1.46,,,,53.5,OHLC,—,HH/HL,DT,False,262,3,universe
BTU,2026-09-16,27.35,1.26,True,26.94,0.138,1.12,True,70.1,0.59,69.5,False,4.6,3.01,28.1,-1.8,D 趨勢弱,False,5:26,163.0,跌,41.0,5,False,,-0.3662,-0.3434,-0.3662,False,True,1.51,0.33,30.07,-9.95,-2.16,61.8,OHLC,↓,LH/LL,自然反彈,False,262,3,universe
AGIO,2026-09-16,32.95,1.41,True,33.47,0.077,0.3,True,70.0,0.67,69.3,False,4.27,3.36,45.8,0.3,C 基底修復,False,4:03,121.6,跌,18.0,2,False,,-0.0313,-0.0108,-1.233,False,True,-1.57,-0.37,33.47,-1.58,-0.37,27.7,OHLC,—,HH/HL,自然回檔,True,262,3,universe
OOMA,2026-09-16,22.58,1.06,True,22.11,0.035,0.19,True,69.3,0.69,68.6,False,4.71,3.06,63.2,-4.3,E 延伸,False,4:08,123.9,跌,19.0,2,False,,-0.0381,-0.0102,-0.2308,False,True,2.1,0.45,21.52,4.69,1.0,11.5,OHLC,—,HH/HL,自然回檔,True,262,3,universe
VIR,2026-09-16,10.52,0.52,True,10.33,0.044,0.46,True,68.5,1.37,67.1,False,4.92,3.0,54.4,2.0,B 上升結構,False,5:00,150.0,跌,33.0,5,False,,-0.1167,-0.1038,-0.1357,False,True,1.81,0.37,10.83,-2.95,-0.6,21.9,OHLC,—,HH/HL,DT,False,262,3,universe
TARS,2026-09-16,77.64,3.39,True,74.85,0.406,0.79,True,68.1,0.18,67.9,False,4.37,3.63,44.3,2.1,C 基底修復,False,4:33,136.5,跌,26.0,3,False,,-0.6551,-0.386,-0.7655,False,True,3.6,0.82,70.65,9.0,2.06,61.2,OHLC,↑,HH/HL,自然回檔,False,262,3,universe
SLDP,2026-09-16,2.39,0.12,True,2.37,0.007,0.55,True,67.4,0.07,67.3,False,4.84,3.29,33.3,-1.7,D 趨勢弱,False,3:22,101.0,跌,6.0,1,False,,-0.0008,0.0061,-0.0118,False,True,0.99,0.2,2.44,-2.09,-0.43,6.1,OHLC,—,HH/HL,DT,False,262,3,universe
TH,2026-09-16,18.76,0.94,True,18.16,0.064,0.54,True,65.8,0.31,65.5,False,5.03,3.42,71.0,3.7,B 上升結構,False,3:52,116.0,跌,14.0,2,False,,-0.0383,-0.0079,-0.3016,False,True,3.19,0.63,18.43,1.76,0.35,36.7,OHLC,↑,HH/HL,自然回檔,False,262,3,universe
AQST,2026-09-16,4.82,0.25,True,4.65,0.026,0.55,True,65.4,0.37,65.0,False,5.17,3.36,41.1,1.3,D 趨勢弱,False,5:30,165.0,跌,42.0,5,False,,-0.0796,-0.0744,-0.0796,False,True,3.53,0.68,4.66,3.34,0.65,13.4,OHLC,—,HH/HL,自然反彈,False,262,3,universe
ZVRA,2026-09-16,11.8,0.47,True,11.82,0.065,0.99,True,65.0,1.1,63.9,False,4.01,4.6,65.8,12.7,C 基底修復,False,4:34,137.2,跌,26.0,2,False,,-0.0457,-0.0323,-0.4804,False,True,-0.14,-0.03,,,,10.0,OHLC,—,HH/HL,DT,False,262,3,universe
NVAX,2026-09-16,9.35,0.53,True,9.06,0.036,0.41,True,64.1,1.5,62.6,False,5.68,3.12,31.7,0.3,E 延伸,False,4:39,139.3,跌,27.0,4,False,,-0.0886,-0.0728,-0.139,False,True,3.15,0.55,9.3,0.53,0.09,54.3,OHLC,↑,HH/HL,自然回檔,False,262,3,universe
AMR,2026-09-16,189.49,11.25,True,195.66,1.546,0.87,True,60.9,0.77,60.1,False,5.94,3.52,20.6,0.5,C 基底修復,False,4:40,140.0,跌,28.0,5,False,,-6.2531,-5.5027,-6.2531,False,True,-3.26,-0.55,,,,70.0,OHLC,—,HH/HL,DT,False,262,3,universe
ALNY,2026-09-16,239.36,11.11,True,238.3,1.147,0.73,True,59.4,0.94,58.5,False,4.64,5.11,18.4,-2.4,D 趨勢弱,False,3:33,106.4,跌,9.0,1,False,,-0.4342,0.2849,-7.1851,False,True,0.44,0.1,223.61,6.58,1.42,403.1,OHLC,↑,HH/HL,自然回檔,False,262,3,universe
ANF,2026-09-16,139.89,6.87,True,135.26,0.57,0.51,True,58.9,0.56,58.3,False,4.91,4.96,56.2,2.4,E 延伸,False,5:40,170.0,跌,44.0,3,False,,-1.5318,-1.2281,-1.5318,False,True,3.31,0.67,136.6,2.35,0.48,352.8,OHLC,—,HH/HL,自然反彈,False,262,3,universe
CDE,2026-09-16,18.98,1.06,True,19.7,0.087,0.62,False,58.9,-2.94,61.8,False,5.61,4.27,39.5,-7.5,D 趨勢弱,True,8:49,264.6,跌,122.0,11,False,,-0.3799,-0.3122,-0.3799,False,True,-3.8,-0.68,22.16,-16.75,-2.99,649.1,OHLC,↓,LH/LL,DT,False,262,3,universe
RDDT,2026-09-16,157.6,8.4,True,160.64,0.038,0.16,True,55.7,0.27,55.4,False,5.33,5.26,22.6,0.2,D 趨勢弱,False,2:49,84.6,升,99.0,10,False,,1.5037,1.6144,,False,True,-1.93,-0.36,144.8,8.12,1.52,705.5,OHLC,↑,HH/HL,自然回檔,False,262,3,universe
MU,2026-09-16,926.55,49.31,True,940.2,2.198,0.63,True,54.3,1.19,53.1,False,5.32,5.59,67.4,-3.9,C 基底修復,False,4:28,134.1,跌,24.0,3,False,,-5.9143,-4.0779,-20.1997,False,True,-1.47,-0.28,918.88,0.83,0.16,22732.5,OHLC,↑,HH/HL,自然回檔,False,262,3,universe
CDZI,2026-09-16,3.56,0.23,True,3.77,0.014,0.64,True,53.6,1.63,52.0,False,6.59,4.47,13.7,-10.1,D 趨勢弱,False,5:49,174.7,跌,47.0,4,False,,-0.0689,-0.0618,-0.0695,False,True,-5.88,-0.89,3.95,-10.96,-1.66,3.4,OHLC,—,HH/HL,DT,False,262,3,universe
FTK,2026-09-16,28.13,1.89,True,29.26,0.018,0.11,True,46.1,1.28,44.9,False,6.71,6.26,73.2,23.2,C 基底修復,False,12:44,22.2,升,62.0,6,False,,0.4424,0.3634,,False,True,-4.0,-0.6,26.34,6.36,0.95,14.6,OHLC,↑,HH/HL,UT,False,262,3,universe
ACDC,2026-09-16,4.84,0.37,True,4.88,0.028,0.42,True,46.0,0.09,45.9,False,7.63,5.38,34.7,1.5,D 趨勢弱,False,4:07,123.5,跌,19.0,2,False,,-0.0307,-0.0161,-0.0794,False,True,-0.86,-0.11,5.14,-6.2,-0.81,6.5,OHLC,—,HH/HL,DT,False,262,3,universe
GLXY,2026-09-16,22.27,1.77,True,22.65,0.01,0.22,True,43.5,0.58,42.9,False,7.94,5.77,28.2,1.1,D 趨勢弱,False,4:14,126.9,跌,21.0,2,False,,-0.2838,-0.1733,-0.3236,False,True,-1.71,-0.22,,,,123.7,OHLC,—,HH/HL,DT,False,262,3,universe
SNDK,2026-09-16,1519.97,111.96,True,1527.12,4.686,0.69,True,37.6,0.7,36.9,False,7.37,8.23,60.1,-8.2,D 趨勢弱,False,4:21,130.6,跌,23.0,2,False,,-9.9724,-3.4346,-66.2588,False,True,-0.47,-0.06,1568.87,-3.22,-0.44,16438.2,OHLC,—,HH/HL,DT,False,262,3,universe
CHPT,2026-09-16,8.91,0.63,True,8.5,0.025,0.18,True,36.7,0.52,36.2,False,7.06,8.86,35.0,0.0,E 延伸,False,1:48,54.0,升,80.0,9,False,,0.1887,0.2379,,False,True,4.66,0.66,8.56,3.93,0.56,34.3,OHLC,↑,HH/HL,自然回檔,False,262,3,universe
PURR,2026-09-16,11.44,1.11,True,10.85,0.06,0.36,True,36.3,0.67,35.6,False,9.67,6.4,48.5,1.1,E 延伸,False,5:02,150.8,跌,34.0,5,False,,-0.1863,-0.165,-0.1863,False,True,5.13,0.53,11.61,-1.49,-0.15,336.6,OHLC,—,HH/HL,次級反彈,True,197,3,universe
BAND,2026-09-16,48.93,4.42,True,49.73,0.171,0.9,True,35.7,0.26,35.4,False,9.04,7.27,57.7,-0.1,D 趨勢弱,False,11:51,355.5,升,48.0,6,False,,0.5436,0.6902,,False,True,-1.64,-0.18,50.79,-3.8,-0.42,40.7,OHLC,—,LH/LL,自然回檔,False,262,3,universe
DFDV,2026-09-16,4.54,0.47,True,4.67,0.017,0.37,True,35.7,0.24,35.4,False,10.33,5.98,25.0,0.0,E 延伸,False,5:35,167.5,跌,43.0,4,False,,-0.14,-0.0956,-0.14,False,True,-2.92,-0.28,5.87,-29.3,-2.84,10.1,OHLC,—,HH/HL,DT,False,262,3,universe
ABTC,2026-09-16,8.14,0.79,True,7.98,0.047,0.5,True,32.9,1.36,31.5,False,9.68,7.74,15.7,-4.3,D 趨勢弱,False,3:50,115.0,跌,14.0,2,False,,-0.0369,-0.0246,-0.0369,False,True,1.91,0.2,8.18,-0.49,-0.05,15.8,OHLC,—,HH/HL,次級回檔,True,262,3,universe
NEOV,2026-09-16,3.31,0.31,True,3.52,0.016,0.35,True,32.9,1.34,31.5,False,9.32,8.09,40.9,0.0,D 趨勢弱,False,5:12,156.1,跌,37.0,5,False,,-0.0902,-0.0749,-0.0902,False,True,-6.29,-0.68,3.65,-10.27,-1.1,5.6,OHLC,—,HH/HL,DT,False,262,3,universe
PYXS,2026-09-16,3.34,0.34,True,3.26,0.004,0.11,True,29.9,1.24,28.7,False,10.17,8.55,52.0,-0.7,D 趨勢弱,False,5:10,155.1,跌,36.0,5,False,,-0.0405,-0.0376,-0.0718,False,True,2.46,0.24,3.56,-6.74,-0.66,3.2,OHLC,—,HH/HL,自然回檔,False,262,3,universe
EMAT,2026-09-16,3.8,0.51,True,3.37,0.021,-0.03,True,24.2,1.69,22.5,False,13.42,8.4,5.0,-5.8,E 延伸,False,2:49,84.6,升,140.0,22,False,,0.0823,0.0481,,False,True,11.26,0.84,3.17,16.58,1.24,4.7,OHLC,—,HH/HL,UT,True,174,3,universe
XHLD,2026-09-16,9.65,1.58,True,5.13,0.106,0.38,True,10.6,0.51,10.0,False,16.39,20.57,60.5,2.2,E 延伸,True,6:42,200.8,跌,62.0,3,False,,-0.1962,-0.1414,-0.1962,False,False,46.86,2.86,9.23,4.35,0.27,31.4,OHLC,↑,HH/HL,UT,False,262,3,universe
MFA,2026-09-16,8.45,0.16,False,8.88,-0.026,-0.77,False,93.1,-0.08,93.2,True,1.92,1.09,11.6,0.8,D 趨勢弱,False,5:28,164.2,跌,41.0,5,True,0.0,-0.0306,-0.0313,-0.0376,True,False,-5.07,-2.64,8.95,-5.92,-3.08,12.5,OHLC,↓,LH/LL,DT,False,262,2,universe
TKR,2026-09-16,116.7,3.63,False,124.71,-0.75,-0.91,False,82.5,-0.15,82.6,True,3.11,2.16,34.1,0.0,D 趨勢弱,False,4:21,130.4,跌,22.0,3,True,0.0,-0.1382,-0.1619,-1.4683,True,False,-6.87,-2.21,123.86,-6.14,-1.97,100.9,OHLC,↓,LH/LL,DT,False,262,2,universe
OWL,2026-09-16,10.12,0.42,False,11.61,-0.033,0.27,False,73.6,-0.38,74.0,False,4.17,2.78,3.9,0.5,D 趨勢弱,True,8:49,264.6,跌,137.0,20,True,0.0,-0.2403,-0.2417,-0.2417,True,False,-14.73,-3.53,11.84,-17.0,-4.08,186.9,OHLC,↓,LH/LL,DT,False,262,2,universe
SNPS,2026-09-16,378.47,15.54,False,408.16,-0.897,-0.03,True,73.3,0.89,72.4,False,4.1,2.91,6.6,4.4,D 趨勢弱,False,5:53,176.4,跌,48.0,8,True,0.0,-4.5356,-4.764,-5.4041,True,False,-7.84,-1.91,388.99,-2.78,-0.68,743.5,OHLC,↓,LH/LL,自然反彈,False,262,2,universe
CWK,2026-09-16,12.54,0.53,False,13.83,-0.038,-0.22,False,73.2,-0.5,73.7,False,4.25,2.78,14.1,11.9,D 趨勢弱,True,8:49,264.6,跌,127.0,14,True,0.0,-0.1562,-0.1675,-0.1876,True,False,-10.28,-2.42,13.5,-7.66,-1.8,21.6,OHLC,↓,LH/LL,DT,False,262,2,universe
EAT,2026-09-16,210.61,9.38,False,228.9,-0.539,-0.1,False,71.9,-0.0,71.9,False,4.45,2.82,40.2,4.8,D 趨勢弱,True,8:49,264.6,跌,167.0,15,True,0.0,-4.2088,-4.6715,-4.6715,True,False,-8.69,-1.95,233.98,-11.1,-2.49,203.4,OHLC,↓,LH/LL,自然反彈,False,262,2,universe
TGTX,2026-09-16,55.85,2.44,True,52.89,0.377,0.35,False,71.8,-0.74,72.5,False,4.36,2.93,71.0,9.4,B 上升結構,False,5:32,165.8,跌,42.0,4,True,0.0,-0.1693,-0.2793,-1.1746,True,False,5.3,1.21,53.93,3.44,0.79,105.5,OHLC,—,HH/HL,自然反彈,True,262,2,universe
WS,2026-09-16,33.33,1.5,False,35.29,-0.16,-0.37,True,71.2,0.8,70.4,False,4.49,2.91,3.5,2.8,D 趨勢弱,False,5:00,150.0,跌,33.0,5,True,0.0,-0.1916,-0.2306,-0.4688,True,False,-5.87,-1.31,34.93,-4.8,-1.07,9.1,OHLC,↓,LH/LL,自然反彈,False,262,2,universe
MDLN,2026-09-16,32.99,1.42,False,34.77,-0.317,-0.66,True,69.8,0.15,69.7,False,4.3,3.37,9.6,4.7,D 趨勢弱,False,4:45,142.3,跌,29.0,5,True,0.0,-0.171,-0.2187,-0.6754,True,False,-5.41,-1.26,35.23,-6.79,-1.58,230.0,OHLC,↓,LH/LL,自然反彈,False,187,2,universe
XRAY,2026-09-16,10.14,0.47,False,11.35,-0.16,-1.46,True,69.7,0.57,69.1,False,4.62,3.08,20.6,5.6,D 趨勢弱,False,5:08,153.8,跌,35.0,4,True,0.0,-0.0629,-0.0657,-0.3597,True,False,-11.93,-2.58,,,,36.5,OHLC,—,HH/HL,自然反彈,False,262,2,universe
BH,2026-09-16,355.72,19.02,False,381.46,-2.088,-0.28,True,67.5,1.43,66.1,False,5.35,2.77,30.6,11.0,C 基底修復,False,4:56,148.2,跌,32.0,8,True,0.0,-3.2207,-3.3511,-5.9754,True,False,-7.24,-1.35,372.67,-4.76,-0.89,58.3,OHLC,↓,LH/LL,自然反彈,False,262,2,universe
EYE,2026-09-16,16.45,0.9,False,18.74,-0.217,-0.88,True,65.8,0.09,65.7,False,5.44,3.01,4.1,4.1,D 趨勢弱,False,3:58,119.1,跌,16.0,2,True,0.0,-0.001,-0.0035,-0.5302,True,False,-13.94,-2.56,17.51,-6.44,-1.18,36.0,OHLC,—,LH/LL,自然反彈,True,262,2,universe
MLTX,2026-09-16,12.46,0.74,False,15.33,-0.232,-1.43,True,62.7,3.53,59.2,False,5.96,3.12,10.0,0.0,D 趨勢弱,False,5:53,176.4,跌,48.0,6,True,0.0,-0.1899,-0.213,-0.2272,True,False,-23.06,-3.87,16.86,-35.28,-5.92,17.2,OHLC,—,LH/LL,次級反彈,False,262,2,universe
BELFB,2026-09-16,234.6,11.65,False,263.59,-3.507,-0.37,True,61.6,1.05,60.6,False,4.97,4.33,28.5,-0.5,D 趨勢弱,False,4:36,138.0,跌,27.0,3,True,0.0,-0.7564,-0.8986,-4.4092,True,False,-12.36,-2.49,250.36,-6.72,-1.35,35.0,OHLC,—,LH/LL,DT,True,262,2,universe
BELFA,2026-09-16,192.44,9.69,False,220.81,-1.607,-0.09,True,60.7,0.71,60.0,False,5.04,4.46,25.8,-0.5,D 趨勢弱,False,4:45,142.7,跌,29.0,3,True,0.0,-0.8056,-0.8165,-2.61,True,False,-14.74,-2.93,208.72,-8.46,-1.68,19.7,OHLC,—,LH/LL,DT,True,262,2,universe
ECG,2026-09-16,111.28,6.11,False,126.7,-0.868,-0.27,True,60.1,1.55,58.5,False,5.49,4.14,24.0,0.2,D 趨勢弱,False,3:55,117.4,跌,15.0,2,True,0.0,-0.174,-0.1901,-2.2062,True,False,-13.86,-2.52,119.42,-7.31,-1.33,51.2,OHLC,—,LH/LL,DT,True,262,2,universe
OXM,2026-09-16,29.25,1.83,False,33.75,-0.251,-0.73,False,59.7,-0.35,60.1,False,6.25,3.45,0.0,0.0,D 趨勢弱,True,6:28,193.8,跌,58.0,8,True,0.0,-0.6258,-0.6372,-0.7105,True,False,-15.39,-2.46,31.53,-7.79,-1.25,14.7,OHLC,↓,LH/LL,DT,False,262,2,universe
HPP,2026-09-16,11.42,0.73,False,13.47,-0.083,-0.52,False,58.2,-0.05,58.3,False,6.39,3.64,40.0,10.0,D 趨勢弱,True,8:49,264.6,跌,100.0,13,True,0.0,-0.143,-0.1518,-0.2652,True,False,-17.94,-2.81,12.23,-7.09,-1.11,6.9,OHLC,↓,LH/LL,DT,False,262,2,universe
MTSI,2026-09-16,251.75,15.62,False,278.83,-0.66,0.13,True,53.6,1.25,52.3,False,6.2,4.87,21.9,-7.6,D 趨勢弱,False,4:09,124.4,跌,19.0,3,True,0.0,-1.5609,-1.644,-5.4826,True,False,-10.75,-1.73,273.31,-8.56,-1.38,311.3,OHLC,↓,LH/LL,自然反彈,False,262,2,universe
FN,2026-09-16,392.68,25.37,False,462.41,-5.307,-0.35,True,50.9,1.4,49.5,False,6.46,5.26,10.9,0.5,D 趨勢弱,False,4:28,134.1,跌,24.0,3,True,0.0,-0.439,-1.3599,-11.7417,True,False,-17.76,-2.75,418.27,-6.52,-1.01,349.6,OHLC,—,LH/LL,自然反彈,True,262,2,universe
ALIT,2026-09-16,11.9,0.96,False,13.96,-0.429,-1.33,True,39.7,0.89,38.8,False,8.08,6.82,13.5,2.5,D 趨勢弱,False,5:20,160.1,跌,39.0,5,True,0.0,-0.1342,-0.1413,-0.7783,True,False,-17.31,-2.14,12.37,-3.95,-0.49,5.0,OHLC,↓,LH/LL,DT,False,262,2,universe
AEHR,2026-09-16,84.25,9.55,False,99.7,-0.68,0.08,True,26.7,1.51,25.2,False,11.33,9.05,40.0,0.0,D 趨勢弱,False,4:38,139.1,跌,27.0,3,True,0.0,-0.5537,-0.5887,-5.1006,True,False,-18.34,-1.62,123.3,-46.35,-4.09,232.2,OHLC,—,HH/HL,自然反彈,False,262,2,universe
ASB,2026-09-16,29.76,0.6,False,30.86,-0.101,-0.39,False,92.1,-0.95,93.0,True,2.01,1.26,38.6,-2.6,C 基底修復,True,8:49,264.6,跌,168.0,20,False,1.0,-0.091,-0.0765,-0.1762,False,False,-3.68,-1.83,31.2,-4.84,-2.4,54.3,OHLC,↓,LH/LL,DT,False,262,2,universe
CURB,2026-09-16,28.69,0.64,False,29.71,-0.032,-0.3,False,91.6,-0.5,92.1,True,2.22,1.16,39.1,-7.8,C 基底修復,True,7:23,221.7,跌,73.0,10,False,1.0,-0.0575,-0.0294,-0.2252,False,False,-3.55,-1.6,29.86,-4.08,-1.84,43.8,OHLC,—,LH/LL,DT,True,262,2,universe
AHRT,2026-09-16,6.26,0.14,False,6.62,-0.055,-1.06,False,91.1,-0.6,91.7,True,2.29,1.2,30.7,-1.1,C 基底修復,True,8:49,264.6,跌,443.0,48,False,1.0,-0.0162,-0.0159,-0.0443,False,False,-5.69,-2.48,6.61,-5.59,-2.44,3.5,OHLC,↓,LH/LL,DT,False,262,2,universe
AME,2026-09-16,232.19,5.31,False,242.9,-0.907,-0.29,False,89.8,-0.13,89.9,True,2.29,1.5,34.0,-6.6,C 基底修復,True,8:49,264.6,跌,207.0,21,False,1.0,-0.4467,-0.3422,-2.2471,False,False,-4.61,-2.02,240.78,-3.7,-1.62,320.2,OHLC,—,LH/LL,DT,True,262,2,universe
APD,2026-09-16,287.08,6.13,False,301.53,-0.41,-0.12,False,89.7,-0.32,90.0,True,2.13,1.68,45.3,0.7,C 基底修復,True,8:32,256.2,跌,92.0,9,False,1.0,-2.2249,-2.2036,-2.3348,False,False,-5.03,-2.36,300.2,-4.57,-2.14,295.5,OHLC,↓,LH/LL,DT,False,262,2,universe
CTRE,2026-09-16,37.98,0.94,False,39.46,-0.084,-0.45,False,88.9,-0.23,89.2,True,2.47,1.5,35.3,-3.1,D 趨勢弱,True,6:02,181.1,跌,51.0,5,False,1.0,-0.0893,-0.0692,-0.451,False,False,-3.89,-1.57,39.93,-5.13,-2.07,86.8,OHLC,↓,LH/LL,DT,False,262,2,universe
BRSP,2026-09-16,4.29,0.11,False,4.74,-0.03,-1.49,False,88.4,-1.31,89.7,True,2.61,1.48,3.3,-0.3,D 趨勢弱,True,8:49,264.6,跌,137.0,13,False,1.0,-0.0231,-0.0171,-0.0318,False,False,-10.53,-4.04,5.0,-16.55,-6.35,5.0,OHLC,↓,LH/LL,DT,False,262,2,universe
COF,2026-09-16,203.19,5.08,False,216.01,-0.755,-0.21,False,87.6,-0.77,88.4,True,2.5,1.75,26.2,-0.8,D 趨勢弱,True,8:49,264.6,跌,136.0,20,False,1.0,-1.6769,-1.5425,-1.6769,False,False,-6.31,-2.53,220.5,-8.52,-3.41,646.4,OHLC,↓,LH/LL,DT,False,262,2,universe
AWI,2026-09-16,157.92,4.15,False,175.35,-1.0,-0.6,False,86.3,-0.06,86.4,True,2.63,1.88,14.7,-0.4,D 趨勢弱,True,8:49,264.6,跌,252.0,22,False,1.0,-1.9327,-1.9161,-2.019,False,False,-11.04,-4.2,173.33,-9.76,-3.71,53.4,OHLC,↓,LH/LL,DT,False,262,2,universe
MLM,2026-09-16,496.76,13.39,False,523.11,-1.771,-0.73,False,85.4,-0.53,85.9,True,2.7,2.01,7.2,-0.3,D 趨勢弱,True,8:49,264.6,跌,109.0,12,False,1.0,-0.4366,-0.2028,-4.3102,False,False,-5.3,-1.97,517.07,-4.09,-1.52,355.9,OHLC,—,LH/LL,DT,True,262,2,universe
FBRT,2026-09-16,7.73,0.24,False,8.15,-0.002,0.08,False,85.0,-0.09,85.1,True,3.05,1.72,11.3,-0.5,D 趨勢弱,False,5:54,176.9,跌,48.0,6,True,1.0,-0.0894,-0.0906,-0.0935,True,False,-5.45,-1.79,7.64,1.1,0.36,14.9,OHLC,↑,HH/HL,自然回檔,False,262,2,universe
SYF,2026-09-16,74.88,2.07,False,78.62,-0.114,-0.06,False,84.3,-0.64,85.0,True,2.76,2.14,31.5,-12.8,D 趨勢弱,True,8:49,264.6,跌,146.0,19,False,1.0,-0.5259,-0.4924,-0.5259,False,False,-4.99,-1.81,80.8,-7.9,-2.86,241.4,OHLC,↓,LH/LL,DT,False,262,2,universe
LSTR,2026-09-16,169.14,5.17,False,180.35,-0.444,0.07,False,83.6,-1.23,84.9,True,3.06,1.98,28.4,-5.1,D 趨勢弱,True,6:26,192.9,跌,57.0,6,False,1.0,-0.2305,-0.0846,-4.5014,False,False,-6.63,-2.17,177.92,-5.19,-1.7,57.3,OHLC,↓,LH/LL,DT,False,262,2,universe
RRC,2026-09-16,38.85,1.21,False,40.81,-0.011,0.22,False,83.1,-4.16,87.3,True,3.11,2.03,33.7,-22.0,D 趨勢弱,True,6:11,185.7,跌,53.0,6,False,1.0,-0.3206,-0.1463,-0.3206,False,False,-5.04,-1.62,41.9,-7.85,-2.52,90.3,OHLC,—,LH/LL,自然回檔,False,262,2,universe
EXP,2026-09-16,179.44,5.52,False,199.0,-1.241,-1.07,False,82.8,-0.46,83.3,True,3.08,2.12,12.3,9.7,D 趨勢弱,True,8:49,264.6,跌,252.0,23,False,1.0,-1.1249,-1.0941,-1.447,False,False,-10.9,-3.54,207.03,-15.38,-5.0,67.6,OHLC,↓,LH/LL,DT,False,262,2,universe
VTOL,2026-09-16,41.33,1.48,False,44.73,-0.207,-0.37,False,81.3,-0.73,82.0,True,3.58,1.92,15.1,-2.8,D 趨勢弱,True,8:49,264.6,跌,255.0,22,False,1.0,-0.3606,-0.3391,-0.3689,False,False,-8.22,-2.3,,,,11.0,OHLC,—,HH/HL,DT,False,262,2,universe
SMG,2026-09-16,54.79,1.95,False,60.37,-0.427,-1.2,False,77.9,-0.53,78.5,True,3.56,2.57,22.6,-0.3,D 趨勢弱,True,8:36,258.0,跌,93.0,7,False,1.0,-0.2545,-0.2211,-1.0121,False,False,-10.18,-2.86,,,,44.6,OHLC,—,HH/HL,DT,False,262,2,universe
WINA,2026-09-16,294.87,11.0,False,332.45,-2.175,-0.79,False,77.7,-0.48,78.2,True,3.73,2.44,0.0,-0.9,D 趨勢弱,True,8:44,261.8,跌,95.0,14,False,1.0,-2.1211,-2.0355,-7.5624,False,False,-12.75,-3.42,317.54,-7.69,-2.06,16.9,OHLC,↓,LH/LL,DT,False,262,2,universe
MAGN,2026-09-16,11.64,0.49,False,12.36,-0.036,-0.48,True,74.0,0.67,73.4,False,4.18,2.68,34.8,4.4,C 基底修復,False,5:51,175.6,跌,48.0,7,True,1.0,-0.061,-0.0748,-0.2056,True,False,-6.18,-1.48,11.4,2.06,0.49,4.1,OHLC,—,HH/HL,DT,False,262,2,universe
WHD,2026-09-16,67.2,2.45,True,69.96,0.136,0.74,False,73.2,-1.4,74.6,False,3.65,3.37,72.0,-7.7,B 上升結構,True,8:32,256.2,跌,92.0,18,False,1.0,-0.688,-0.6111,-0.9948,False,False,-4.11,-1.13,67.04,0.24,0.07,45.7,OHLC,—,HH/HL,次級回檔,True,262,2,universe
INVX,2026-09-16,29.33,1.25,False,29.67,-0.093,0.06,False,72.8,-0.63,73.5,False,4.28,2.82,61.9,-3.3,A 待突破,True,6:31,195.7,跌,59.0,8,False,1.0,-0.1721,-0.1509,-0.3193,False,True,-1.16,-0.27,29.08,0.85,0.2,21.8,OHLC,—,HH/HL,次級回檔,True,262,2,universe
KNF,2026-09-16,55.62,2.36,False,63.43,-0.948,-1.28,False,72.3,-0.22,72.5,False,4.25,2.95,0.0,-0.2,D 趨勢弱,True,6:28,194.1,跌,58.0,6,True,1.0,-0.2684,-0.2705,-1.188,True,False,-14.03,-3.3,62.75,-12.82,-3.02,50.4,OHLC,↓,LH/LL,DT,False,262,2,universe
THRM,2026-09-16,37.97,1.41,False,40.7,-0.157,-0.46,False,71.0,-0.19,71.2,False,3.72,3.72,45.3,0.6,D 趨勢弱,True,8:49,264.6,跌,223.0,29,True,1.0,-0.2505,-0.2626,-0.5166,True,False,-7.19,-1.94,40.63,-7.01,-1.89,9.5,OHLC,↓,LH/LL,DT,False,262,2,universe
ABEO,2026-09-16,5.37,0.27,False,6.17,-0.048,-0.67,False,64.7,-0.94,65.6,False,5.04,3.63,13.0,-15.5,C 基底修復,True,8:49,264.6,跌,230.0,23,True,1.0,-0.0476,-0.0489,-0.1345,True,False,-14.84,-2.95,6.0,-11.73,-2.33,6.4,OHLC,↓,LH/LL,DT,False,262,2,universe
LQDA,2026-09-16,68.45,3.44,False,74.37,-0.558,-0.74,True,64.3,0.63,63.7,False,5.03,3.72,53.2,-0.1,D 趨勢弱,True,9:32,286.2,升,9.0,1,False,1.0,0.1672,-0.0485,,False,False,-8.65,-1.72,69.68,-1.8,-0.36,76.5,OHLC,—,LH/LL,自然反彈,True,262,2,universe
CTGO,2026-09-16,18.11,0.98,True,19.52,0.059,0.5,False,62.5,-2.08,64.6,False,5.4,3.71,16.6,-12.7,D 趨勢弱,True,8:49,264.6,跌,125.0,13,False,1.0,-0.273,-0.2435,-0.2747,False,False,-7.8,-1.44,19.03,-5.08,-0.94,6.6,OHLC,↓,LH/LL,DT,False,262,2,universe
BRKR,2026-09-16,60.67,2.9,True,56.37,0.725,-0.17,False,61.4,-0.62,62.0,False,4.78,4.56,70.3,3.6,B 上升結構,True,9:36,288.0,升,10.0,1,False,1.0,0.0333,-0.4135,,False,False,7.09,1.48,56.03,7.65,1.6,128.7,OHLC,↑,HH/HL,UT,False,262,2,universe
TROX,2026-09-16,4.29,0.28,False,5.54,-0.037,-0.83,False,57.0,-0.0,57.0,False,6.48,3.82,15.0,10.0,D 趨勢弱,True,8:49,264.6,跌,227.0,21,True,1.0,-0.0533,-0.0595,-0.0682,True,False,-29.03,-4.48,5.51,-28.44,-4.39,9.5,OHLC,↓,LH/LL,DT,False,262,2,universe
PLPC,2026-09-16,396.81,21.85,True,435.33,0.421,0.77,False,54.2,-0.63,54.8,False,5.51,5.43,64.3,-2.7,B 上升結構,True,8:49,264.6,跌,195.0,19,False,1.0,-2.2777,-2.0397,-8.7255,False,False,-9.71,-1.76,420.97,-6.09,-1.11,29.1,OHLC,—,LH/LL,DT,True,262,2,universe
CIEN,2026-09-16,340.5,26.14,False,374.88,-2.731,-0.27,False,47.7,-1.0,48.7,False,7.68,4.85,20.0,0.0,D 趨勢弱,True,8:49,264.6,跌,168.0,13,True,1.0,-1.1182,-2.4272,-7.7504,True,False,-10.1,-1.31,349.54,-2.65,-0.35,808.6,OHLC,—,LH/LL,次級反彈,True,262,2,universe
OSS,2026-09-16,8.52,0.67,False,11.45,-0.249,-0.82,False,46.0,-0.21,46.2,False,7.9,5.09,23.5,-2.0,D 趨勢弱,True,8:49,264.6,跌,114.0,19,True,1.0,-0.0882,-0.0991,-0.2219,True,False,-34.36,-4.35,9.19,-7.86,-1.0,6.3,OHLC,↓,LH/LL,DT,False,262,2,universe
HYMC,2026-09-16,20.05,1.67,False,24.55,-0.109,-0.04,False,43.6,-0.84,44.4,False,8.35,5.34,15.0,0.0,D 趨勢弱,True,7:56,237.9,跌,82.0,15,True,1.0,-0.4685,-0.4695,-0.5368,True,False,-22.43,-2.69,23.3,-16.21,-1.94,40.8,OHLC,↓,LH/LL,DT,False,262,2,universe
AGPU,2026-09-16,10.99,0.96,True,10.06,0.094,0.47,False,34.4,-0.93,35.4,False,8.75,8.04,61.5,11.5,D 趨勢弱,False,4:54,146.8,跌,32.0,3,False,1.0,-0.0101,-0.0024,-0.1166,False,True,8.45,0.97,10.56,3.91,0.45,3.1,OHLC,↑,HH/HL,次級反彈,False,262,2,universe
UE,2026-09-16,20.03,0.35,False,21.35,-0.081,-1.0,False,93.7,-0.19,93.9,True,1.77,1.09,16.9,-1.0,D 趨勢弱,True,7:14,217.1,跌,71.0,9,False,2.0,-0.0748,-0.0592,-0.1935,False,False,-6.6,-3.73,21.54,-7.54,-4.26,15.6,OHLC,↓,LH/LL,DT,False,262,2,universe
CPT,2026-09-16,101.3,1.82,False,106.85,-0.351,-1.1,False,93.0,-0.45,93.5,True,1.8,1.25,20.3,-0.8,D 趨勢弱,True,8:49,264.6,跌,353.0,34,False,2.0,-0.2322,-0.1645,-0.5615,False,False,-5.48,-3.05,106.54,-5.17,-2.88,91.4,OHLC,↓,LH/LL,DT,False,262,2,universe
SKT,2026-09-16,35.77,0.71,False,38.08,-0.259,-1.3,False,92.9,-0.35,93.2,True,1.97,1.11,29.8,-1.9,D 趨勢弱,True,8:49,264.6,跌,302.0,34,False,2.0,-0.1066,-0.092,-0.4173,False,False,-6.45,-3.27,38.59,-7.88,-4.0,27.1,OHLC,↓,LH/LL,DT,False,262,2,universe
VICI,2026-09-16,24.53,0.43,False,25.82,-0.091,-0.79,False,92.9,-0.15,93.1,True,1.77,1.29,9.5,0.6,D 趨勢弱,True,8:49,264.6,跌,170.0,14,False,2.0,-0.0874,-0.081,-0.1023,False,False,-5.25,-2.97,25.93,-5.71,-3.22,231.3,OHLC,↓,LH/LL,DT,False,262,2,universe
MAA,2026-09-16,121.9,2.27,False,129.78,-0.373,-0.95,False,92.8,-0.66,93.4,True,1.86,1.24,14.4,-1.4,D 趨勢弱,True,8:49,264.6,跌,190.0,15,False,2.0,-0.5287,-0.3992,-0.8631,False,False,-6.46,-3.48,130.02,-6.66,-3.58,108.3,OHLC,↓,LH/LL,DT,False,262,2,universe
UDR,2026-09-16,34.4,0.64,False,36.76,-0.162,-1.31,False,92.7,-0.32,93.0,True,1.85,1.26,17.4,-0.4,D 趨勢弱,True,8:44,261.8,跌,95.0,12,False,2.0,-0.171,-0.1533,-0.2407,False,False,-6.86,-3.71,38.39,-11.6,-6.26,118.5,OHLC,↓,LH/LL,DT,False,262,2,universe
WM,2026-09-16,214.0,3.93,False,221.54,-0.314,-0.61,False,92.3,-0.33,92.6,True,1.84,1.39,22.6,-2.0,D 趨勢弱,True,8:49,264.6,跌,462.0,37,False,2.0,-0.1642,-0.0829,-2.0666,False,False,-3.52,-1.92,222.22,-3.84,-2.09,459.3,OHLC,—,LH/LL,自然反彈,True,262,2,universe
BPOP,2026-09-16,160.96,3.41,False,170.29,-0.584,-0.63,False,92.2,-0.91,93.1,True,2.12,1.11,42.8,-4.1,C 基底修復,True,8:49,264.6,跌,510.0,43,False,2.0,-0.7459,-0.5824,-1.3154,False,False,-5.8,-2.74,171.33,-6.44,-3.05,78.8,OHLC,↓,LH/LL,DT,False,262,2,universe
MTG,2026-09-16,29.5,0.62,False,30.69,-0.072,-0.18,False,92.2,-0.41,92.6,True,2.11,1.13,39.2,-7.3,C 基底修復,True,8:49,264.6,跌,256.0,29,False,2.0,-0.2087,-0.155,-0.2087,False,False,-4.04,-1.92,31.21,-5.8,-2.75,52.1,OHLC,↓,LH/LL,DT,False,262,2,universe
TFSL,2026-09-16,16.78,0.36,False,17.52,-0.084,-0.95,False,91.8,-0.77,92.5,True,2.15,1.19,57.4,-2.5,C 基底修復,True,8:49,264.6,跌,123.0,12,False,2.0,-0.0619,-0.0502,-0.1824,False,False,-4.41,-2.05,17.69,-5.42,-2.52,12.7,OHLC,↓,LH/LL,DT,False,262,2,universe
AKR,2026-09-16,19.41,0.42,False,20.63,-0.069,-1.05,False,91.4,-0.32,91.7,True,2.18,1.25,19.5,-1.6,D 趨勢弱,True,8:49,264.6,跌,107.0,12,False,2.0,-0.0805,-0.0705,-0.2426,False,False,-6.27,-2.88,21.34,-9.94,-4.57,30.0,OHLC,↓,LH/LL,DT,False,262,2,universe
NMIH,2026-09-16,43.0,0.97,False,44.65,-0.064,-0.16,False,91.2,-0.12,91.4,True,2.25,1.21,39.6,-7.0,C 基底修復,True,8:49,264.6,跌,159.0,21,False,2.0,-0.2783,-0.2422,-0.2798,False,False,-3.84,-1.71,45.39,-5.56,-2.47,21.2,OHLC,↓,LH/LL,DT,False,262,2,universe
RITM,2026-09-16,9.48,0.19,False,10.04,-0.023,-0.2,False,90.9,-0.44,91.4,True,2.04,1.49,8.3,-0.5,D 趨勢弱,True,8:49,264.6,跌,185.0,19,False,2.0,-0.0775,-0.0711,-0.0775,False,False,-5.93,-2.9,10.14,-6.96,-3.41,43.5,OHLC,↓,LH/LL,DT,False,262,2,universe
SUI,2026-09-16,114.89,2.5,False,121.43,-0.134,-0.4,False,90.8,-0.59,91.4,True,2.17,1.38,24.9,-1.3,D 趨勢弱,True,8:49,264.6,跌,138.0,11,False,2.0,-0.5745,-0.5509,-0.9177,False,False,-5.7,-2.62,118.04,-2.74,-1.26,225.3,OHLC,↓,LH/LL,自然回檔,False,262,2,universe
FCBC,2026-09-16,46.92,1.11,False,48.44,-0.064,-0.14,False,90.2,-0.72,90.9,True,2.37,1.32,48.1,-17.3,C 基底修復,True,8:49,264.6,跌,202.0,21,False,2.0,-0.27,-0.2556,-0.2974,False,False,-3.24,-1.37,49.09,-4.62,-1.95,4.3,OHLC,↓,LH/LL,DT,False,262,2,universe
UMBF,2026-09-16,134.2,3.1,False,144.1,-0.669,-0.57,False,90.2,-0.83,91.0,True,2.31,1.39,31.7,-9.2,D 趨勢弱,True,8:49,264.6,跌,211.0,20,False,2.0,-0.8215,-0.6005,-1.1188,False,False,-7.38,-3.2,144.36,-7.57,-3.28,66.9,OHLC,↓,LH/LL,DT,False,262,2,universe
CASH,2026-09-16,78.45,1.77,False,82.55,-0.417,-1.04,False,89.2,-0.41,89.6,True,2.26,1.66,14.4,-0.4,D 趨勢弱,False,5:00,150.0,跌,33.0,7,True,2.0,-0.1615,-0.1697,-0.7748,True,False,-5.23,-2.32,83.19,-6.04,-2.68,18.2,OHLC,↓,LH/LL,DT,False,262,2,universe
FCN,2026-09-16,145.13,3.87,False,151.68,-0.478,-0.75,True,86.2,0.5,85.7,True,2.66,1.88,23.4,-0.5,D 趨勢弱,False,5:56,177.8,跌,49.0,5,False,2.0,-0.4475,-0.2502,-1.5388,False,False,-4.52,-1.69,152.94,-5.38,-2.02,47.9,OHLC,—,LH/LL,DT,True,262,2,universe
WYNN,2026-09-16,84.22,2.5,False,95.75,-0.612,-0.89,False,86.1,-0.93,87.1,True,2.97,1.58,0.0,0.0,D 趨勢弱,True,8:49,264.6,跌,149.0,19,False,2.0,-0.7591,-0.6743,-1.2132,False,False,-13.69,-4.61,98.11,-16.49,-5.56,146.4,OHLC,↓,LH/LL,DT,False,262,2,universe
WTW,2026-09-16,312.91,8.12,False,334.64,-0.885,-0.18,False,86.0,-0.98,87.0,True,2.6,1.97,46.1,-18.2,C 基底修復,True,8:49,264.6,跌,290.0,24,False,2.0,-3.5744,-3.4722,-4.663,False,False,-6.94,-2.68,323.71,-3.45,-1.33,135.8,OHLC,↓,LH/LL,DT,False,262,2,universe
CRH,2026-09-16,86.7,2.63,False,94.41,-0.398,-0.64,False,84.3,-0.46,84.8,True,3.04,1.87,5.3,0.0,D 趨勢弱,True,8:08,243.8,跌,85.0,11,False,2.0,-0.3869,-0.3648,-0.7173,False,False,-8.89,-2.93,94.26,-8.72,-2.87,385.1,OHLC,↓,LH/LL,DT,False,262,2,universe
SPGI,2026-09-16,406.76,11.49,True,425.05,0.21,0.06,False,84.1,-0.15,84.3,True,2.83,2.12,16.3,-0.5,D 趨勢弱,False,5:24,162.0,跌,40.0,6,False,2.0,-3.5416,-3.2366,-4.2916,False,False,-4.5,-1.59,422.67,-3.91,-1.38,751.5,OHLC,↓,LH/LL,DT,False,262,2,universe
YUM,2026-09-16,137.96,4.2,False,149.1,-0.311,-0.44,False,84.0,-0.2,84.2,True,3.04,1.93,24.3,-1.0,D 趨勢弱,True,7:22,220.9,跌,73.0,7,False,2.0,-1.3188,-1.0964,-2.0092,False,False,-8.07,-2.65,,,,313.9,OHLC,—,HH/HL,DT,False,262,2,universe
GRBK,2026-09-16,66.27,2.02,False,70.79,-0.221,-0.38,False,83.8,-0.52,84.4,True,3.04,1.96,18.1,-2.7,D 趨勢弱,True,7:12,215.8,跌,70.0,9,False,2.0,-0.4913,-0.4297,-0.8425,False,False,-6.83,-2.24,68.85,-3.89,-1.28,26.4,OHLC,↓,LH/LL,DT,False,262,2,universe
ROP,2026-09-16,375.82,10.76,False,402.97,-0.392,-0.05,False,83.7,-0.35,84.1,True,2.86,2.17,37.7,-0.2,C 基底修復,True,7:21,220.4,跌,72.0,10,False,2.0,-5.4221,-4.9882,-5.4221,False,False,-7.22,-2.52,403.36,-7.33,-2.56,244.8,OHLC,↓,LH/LL,DT,False,262,2,universe
BRO,2026-09-16,65.88,1.92,False,70.5,-0.174,-0.49,False,82.8,-0.23,83.1,True,2.91,2.29,25.7,0.4,D 趨勢弱,True,8:49,264.6,跌,153.0,14,False,2.0,-0.7037,-0.6951,-0.9092,False,False,-7.01,-2.41,68.33,-3.72,-1.28,110.2,OHLC,↓,LH/LL,DT,False,262,2,universe
HIPO,2026-09-16,31.88,1.01,False,32.92,-0.02,0.12,False,81.5,-0.46,82.0,True,3.15,2.3,62.4,-3.0,B 上升結構,True,8:49,264.6,跌,200.0,22,False,2.0,-0.2654,-0.2524,-0.2987,False,False,-3.25,-1.03,32.43,-1.73,-0.55,5.5,OHLC,—,HH/HL,DT,False,262,2,universe
ULTA,2026-09-16,530.52,17.4,False,535.28,-0.136,0.16,False,81.2,-0.38,81.6,True,3.28,2.23,27.9,-3.4,D 趨勢弱,False,5:46,172.8,跌,46.0,5,False,2.0,-2.3155,-1.2272,-4.2873,False,True,-0.9,-0.27,568.44,-7.15,-2.18,369.7,OHLC,—,LH/LL,自然回檔,False,262,2,universe
RVTY,2026-09-16,145.73,4.67,True,125.35,2.012,1.02,False,80.2,-0.24,80.5,True,3.2,2.49,62.3,0.4,E 延伸,False,10:12,306.0,升,20.0,2,False,2.0,1.0579,0.1826,,False,False,13.98,4.36,126.59,13.13,4.1,278.4,OHLC,↑,HH/HL,UT,False,262,2,universe
XYZ,2026-09-16,76.63,2.67,False,81.0,-0.224,-0.19,False,79.3,-0.4,79.7,True,3.48,2.39,55.6,-1.1,C 基底修復,True,7:17,218.3,跌,71.0,11,False,2.0,-0.6065,-0.4975,-0.6224,False,False,-5.71,-1.64,80.57,-5.14,-1.48,304.8,OHLC,↓,LH/LL,DT,False,262,2,universe
KKR,2026-09-16,96.84,3.5,False,107.3,-0.292,0.0,False,78.7,-1.49,80.2,True,3.62,2.36,15.8,-0.2,D 趨勢弱,True,8:49,264.6,跌,164.0,19,False,2.0,-1.3745,-1.1993,-1.3745,False,False,-10.81,-2.99,110.46,-14.06,-3.89,336.5,OHLC,↓,LH/LL,DT,False,262,2,universe
ARES,2026-09-16,124.21,4.65,False,139.51,-0.552,0.21,False,77.1,-1.88,79.0,True,3.74,2.55,21.4,-8.9,D 趨勢弱,True,8:49,264.6,跌,148.0,19,False,2.0,-2.1017,-1.8357,-2.1017,False,False,-12.32,-3.29,141.52,-13.94,-3.73,231.6,OHLC,↓,LH/LL,DT,False,262,2,universe
DPZ,2026-09-16,301.3,11.58,False,340.51,-2.381,-0.58,False,77.0,-0.34,77.4,True,3.84,2.46,14.8,0.1,D 趨勢弱,True,8:49,264.6,跌,220.0,26,False,2.0,-4.3523,-3.7782,-4.3523,False,False,-13.01,-3.38,323.77,-7.46,-1.94,248.9,OHLC,↓,LH/LL,DT,False,262,2,universe
PRG,2026-09-16,35.7,1.34,False,39.69,-0.439,-1.27,False,77.0,-0.2,77.2,True,3.75,2.56,24.7,-2.3,D 趨勢弱,True,8:49,264.6,跌,634.0,42,False,2.0,-0.1449,-0.1039,-0.5895,False,False,-11.17,-2.98,39.29,-10.06,-2.68,19.4,OHLC,↓,LH/LL,DT,False,262,2,universe
GKOS,2026-09-16,163.47,7.02,False,179.17,-0.089,0.44,False,75.1,-2.68,77.8,True,4.29,2.36,49.8,-17.6,D 趨勢弱,True,8:49,264.6,跌,218.0,18,False,2.0,-2.5858,-2.2623,-2.5858,False,False,-9.6,-2.24,182.28,-11.51,-2.68,105.8,OHLC,—,LH/LL,自然回檔,False,262,2,universe
BSY,2026-09-16,31.1,1.3,False,34.9,-0.194,-0.66,False,74.2,-0.5,74.7,False,4.19,2.65,4.5,-8.4,D 趨勢弱,True,8:49,264.6,跌,152.0,12,True,2.0,-0.5665,-0.61,-0.7724,True,False,-12.22,-2.91,30.61,1.58,0.38,69.8,OHLC,—,HH/HL,自然回檔,False,262,2,universe
WGO,2026-09-16,27.12,1.09,False,30.58,-0.187,-0.59,True,74.1,0.15,73.9,False,4.0,2.86,0.9,-0.7,D 趨勢弱,True,8:49,264.6,跌,275.0,22,False,2.0,-0.3558,-0.344,-0.3558,False,False,-12.77,-3.19,31.03,-14.42,-3.6,13.7,OHLC,↓,LH/LL,DT,False,262,2,universe
NEOG,2026-09-16,12.55,0.44,True,11.79,0.035,0.4,False,74.0,-0.02,74.1,False,3.49,3.37,76.3,-0.4,A 待突破,True,9:25,282.6,升,7.0,1,False,2.0,0.0134,-0.0205,,False,False,6.09,1.74,11.37,9.4,2.69,25.5,OHLC,↑,HH/HL,UT,False,262,2,universe
ILMN,2026-09-16,228.93,9.5,True,208.84,1.644,0.35,False,73.5,-0.19,73.7,False,4.15,2.8,65.0,1.4,E 延伸,True,9:33,286.6,升,9.0,1,False,2.0,0.0256,-1.0846,,False,False,8.78,2.11,,,,474.7,OHLC,—,LH/LL,UT,False,262,2,universe
DNLI,2026-09-16,20.06,0.82,False,23.47,-0.171,-0.63,True,72.9,0.16,72.7,False,4.09,2.99,15.2,0.9,D 趨勢弱,True,8:49,264.6,跌,189.0,17,False,2.0,-0.3437,-0.3365,-0.4892,False,False,-16.98,-4.15,25.7,-28.12,-6.87,25.0,OHLC,↓,LH/LL,DT,False,262,2,universe
NCNO,2026-09-16,21.7,0.91,True,21.29,0.064,0.52,False,72.7,-0.05,72.7,False,4.18,2.95,46.2,-2.3,C 基底修復,False,5:56,177.9,跌,49.0,6,False,2.0,-0.2307,-0.2197,-0.2385,False,True,1.89,0.45,22.3,-2.76,-0.66,61.4,OHLC,—,HH/HL,自然回檔,False,262,2,universe
COGT,2026-09-16,32.54,1.42,False,36.67,-0.61,-1.0,True,72.6,0.54,72.1,False,4.36,2.78,31.5,-0.7,D 趨勢弱,True,8:49,264.6,跌,310.0,26,False,2.0,-0.1806,-0.1734,-0.6621,False,False,-12.68,-2.91,35.28,-8.42,-1.93,52.4,OHLC,↓,LH/LL,DT,False,262,2,universe
CRI,2026-09-16,29.03,1.41,False,34.07,-0.398,-1.47,True,72.5,0.43,72.0,False,4.85,2.31,5.0,0.0,D 趨勢弱,True,8:49,264.6,跌,215.0,23,False,2.0,-0.2586,-0.2531,-0.5558,False,False,-17.36,-3.58,33.55,-15.57,-3.21,44.9,OHLC,↓,LH/LL,DT,False,262,2,universe
STOK,2026-09-16,27.91,1.36,False,31.45,-0.066,0.1,True,71.1,0.38,70.7,False,4.88,2.55,13.8,-3.2,D 趨勢弱,True,8:49,264.6,跌,122.0,13,False,2.0,-0.3643,-0.3431,-0.4125,False,False,-12.67,-2.6,30.04,-7.63,-1.56,23.2,OHLC,↓,LH/LL,DT,False,262,2,universe
SM,2026-09-16,38.16,1.61,True,35.33,0.274,0.73,False,70.2,-4.33,74.6,False,4.21,3.38,61.0,0.6,B 上升結構,True,9:53,296.4,升,15.0,2,False,2.0,0.0047,0.1283,,False,False,7.42,1.76,36.44,4.51,1.07,143.4,OHLC,↑,HH/HL,自然回檔,False,262,2,universe
CRM,2026-09-16,250.54,9.9,True,229.48,1.337,0.88,True,70.1,0.02,70.1,False,3.95,3.66,57.5,-1.5,E 延伸,False,5:39,169.4,跌,44.0,5,False,2.0,-1.3685,-0.7888,-1.3685,False,False,8.4,2.13,243.0,3.01,0.76,4089.1,OHLC,↑,HH/HL,次級回檔,False,262,2,universe
SOFI,2026-09-16,16.84,0.75,False,18.1,-0.068,0.57,True,69.3,0.21,69.1,False,4.43,3.34,17.0,-1.4,D 趨勢弱,True,8:49,264.6,跌,109.0,12,False,2.0,-0.1543,-0.1375,-0.2562,False,False,-7.48,-1.69,17.65,-4.81,-1.09,669.4,OHLC,↓,LH/LL,DT,False,262,2,universe
RKT,2026-09-16,12.95,0.63,False,13.81,-0.079,-0.15,True,67.9,0.22,67.7,False,4.86,3.17,4.3,-10.1,D 趨勢弱,True,8:49,264.6,跌,102.0,15,False,2.0,-0.0802,-0.0675,-0.2244,False,False,-6.65,-1.37,13.82,-6.76,-1.39,323.0,OHLC,↓,LH/LL,DT,False,262,2,universe
GH,2026-09-16,174.9,8.21,True,164.04,0.467,0.26,True,67.8,0.57,67.2,False,4.7,3.36,81.6,3.3,E 延伸,False,10:07,303.5,升,19.0,2,False,2.0,0.8272,0.3395,,False,False,6.21,1.32,163.18,6.7,1.43,314.9,OHLC,↑,HH/HL,UT,False,262,2,universe
RAPP,2026-09-16,41.39,2.12,True,47.03,0.015,0.15,False,67.1,-0.96,68.1,False,5.12,3.06,39.4,-17.4,D 趨勢弱,True,8:49,264.6,跌,175.0,12,False,2.0,-0.9584,-0.9181,-0.9747,False,False,-13.62,-2.66,42.78,-3.36,-0.66,12.1,OHLC,↓,LH/LL,DT,False,262,2,universe
LGIH,2026-09-16,49.03,2.4,False,55.9,-0.538,-0.62,False,66.9,-1.01,67.9,False,4.9,3.34,14.0,-11.7,D 趨勢弱,True,8:49,264.6,跌,373.0,51,True,2.0,-0.5683,-0.5706,-0.8087,True,False,-14.01,-2.86,50.94,-3.9,-0.8,13.1,OHLC,↓,LH/LL,自然回檔,False,262,2,universe
TLRY,2026-09-16,3.93,0.21,False,4.5,-0.024,0.03,True,66.1,0.27,65.9,False,5.37,3.01,12.7,2.3,D 趨勢弱,True,8:49,264.6,跌,151.0,13,False,2.0,-0.0694,-0.0679,-0.0704,False,False,-14.49,-2.7,,,,14.6,OHLC,—,HH/HL,DT,False,262,2,universe
COTY,2026-09-16,2.63,0.13,False,2.78,-0.01,-0.1,True,66.0,0.58,65.5,False,4.87,3.54,47.7,5.8,D 趨勢弱,True,6:19,189.5,跌,55.0,7,False,2.0,-0.0319,-0.0305,-0.0319,False,False,-5.68,-1.17,2.72,-3.42,-0.7,18.0,OHLC,↓,LH/LL,DT,False,262,2,universe
RHI,2026-09-16,37.09,1.7,False,42.31,-0.088,-0.05,False,65.0,-0.31,65.3,False,4.57,4.05,47.0,-3.1,D 趨勢弱,True,8:49,264.6,跌,190.0,15,True,2.0,-0.8695,-0.8903,-1.0764,True,False,-14.07,-3.08,38.73,-4.42,-0.97,76.5,OHLC,↓,LH/LL,DT,False,262,2,universe
DC,2026-09-16,5.68,0.29,True,6.05,0.033,0.69,False,64.8,-0.0,64.8,False,5.14,3.51,48.9,-1.8,C 基底修復,True,8:49,264.6,跌,111.0,15,False,2.0,-0.0853,-0.0812,-0.0853,False,False,-6.46,-1.26,6.29,-10.74,-2.09,7.0,OHLC,↓,LH/LL,DT,False,262,2,universe
TRVI,2026-09-16,15.01,0.76,False,17.39,-0.177,-0.69,True,63.9,0.69,63.2,False,5.08,3.75,46.6,0.2,D 趨勢弱,True,8:49,264.6,跌,124.0,19,False,2.0,-0.2316,-0.2193,-0.2396,False,False,-15.85,-3.12,17.26,-14.99,-2.95,22.7,OHLC,↓,LH/LL,DT,False,262,2,universe
NIQ,2026-09-16,17.83,0.71,True,16.87,0.233,1.24,False,61.8,-1.32,63.2,False,4.0,5.25,72.2,-4.5,A 待突破,True,8:49,264.6,跌,128.0,11,False,2.0,-0.3428,-0.321,-0.398,False,False,5.36,1.34,17.5,1.85,0.46,21.3,OHLC,—,HH/HL,自然回檔,True,262,2,universe
IBRX,2026-09-16,7.91,0.44,True,7.9,0.074,0.46,False,60.9,-1.25,62.1,False,5.6,3.86,54.9,-2.6,D 趨勢弱,False,4:54,146.8,跌,32.0,5,False,2.0,-0.016,-0.0005,-0.155,False,True,0.14,0.02,8.37,-5.82,-1.04,67.9,OHLC,—,LH/LL,自然回檔,True,262,2,universe
LOVE,2026-09-16,14.63,0.86,False,15.81,-0.171,-1.02,True,60.4,0.22,60.2,False,5.85,3.7,19.0,-2.6,D 趨勢弱,False,5:28,164.2,跌,41.0,5,True,2.0,-0.1259,-0.1392,-0.2107,True,False,-8.1,-1.38,14.94,-2.12,-0.36,4.3,OHLC,↓,LH/LL,自然回檔,False,262,2,universe
DJT,2026-09-16,8.55,0.47,False,9.06,-0.054,-0.51,True,60.2,1.22,59.0,False,5.55,4.04,19.4,-1.8,D 趨勢弱,True,6:11,185.7,跌,53.0,6,False,2.0,-0.0779,-0.0732,-0.2565,False,False,-5.97,-1.08,8.85,-3.51,-0.63,30.0,OHLC,↓,LH/LL,DT,False,262,2,universe
KRUS,2026-09-16,35.38,2.18,False,45.19,-0.821,-1.12,True,58.7,0.94,57.7,False,6.18,3.75,0.0,0.0,D 趨勢弱,True,8:49,264.6,跌,129.0,16,False,2.0,-0.9645,-0.8372,-1.0373,False,False,-27.72,-4.49,45.88,-29.68,-4.81,7.1,OHLC,↓,LH/LL,DT,False,262,2,universe
IOT,2026-09-16,40.66,2.43,True,40.02,0.083,0.18,False,58.5,-0.61,59.2,False,5.97,3.98,54.1,-2.9,B 上升結構,False,10:06,303.1,升,18.0,2,False,2.0,0.065,0.0754,,False,True,1.56,0.26,39.14,3.74,0.63,314.0,OHLC,—,HH/HL,次級回檔,False,262,2,universe
GSHD,2026-09-16,56.46,3.29,False,65.18,-0.476,-0.37,False,57.6,-1.46,59.1,False,5.83,4.33,37.8,-3.2,D 趨勢弱,True,8:49,264.6,跌,210.0,14,True,2.0,-1.5549,-1.5926,-2.0855,True,False,-15.44,-2.65,59.91,-6.1,-1.05,17.2,OHLC,↓,LH/LL,自然回檔,False,262,2,universe
KMTS,2026-09-16,24.08,1.52,False,25.76,-0.08,-0.15,False,57.1,-1.28,58.4,False,6.3,3.97,30.9,-9.9,D 趨勢弱,True,8:49,264.6,跌,227.0,17,True,2.0,-0.2372,-0.2654,-0.6931,True,False,-6.97,-1.11,25.12,-4.32,-0.69,8.2,OHLC,—,HH/HL,自然回檔,False,262,2,universe
CATX,2026-09-16,2.7,0.18,False,3.07,-0.014,-0.32,True,55.9,0.48,55.4,False,6.51,4.03,5.0,-0.3,D 趨勢弱,True,8:49,264.6,跌,117.0,13,False,2.0,-0.0491,-0.0457,-0.0491,False,False,-13.7,-2.11,2.92,-8.15,-1.25,3.2,OHLC,↓,LH/LL,DT,False,262,2,universe
KYTX,2026-09-16,6.9,0.45,False,8.08,-0.026,-0.09,True,55.0,0.54,54.5,False,6.48,4.26,22.6,-0.3,D 趨勢弱,True,7:42,230.9,跌,78.0,9,False,2.0,-0.177,-0.1706,-0.1781,False,False,-17.12,-2.64,8.78,-27.25,-4.2,5.0,OHLC,↓,LH/LL,DT,False,262,2,universe
DYN,2026-09-16,17.3,1.3,False,22.41,-0.25,-1.07,False,54.3,-0.63,54.9,False,7.52,3.38,13.5,-0.2,D 趨勢弱,True,8:49,264.6,跌,430.0,29,True,2.0,-0.8393,-0.8824,-0.9681,True,False,-29.5,-3.92,25.73,-48.69,-6.48,51.9,OHLC,↓,LH/LL,DT,False,262,2,universe
HUBS,2026-09-16,236.46,13.99,False,229.2,-0.042,-0.04,False,52.5,-0.11,52.6,False,5.92,5.42,30.1,-1.9,D 趨勢弱,True,6:10,184.8,跌,53.0,7,False,2.0,-1.9123,-1.874,-3.7057,False,True,3.07,0.52,245.51,-3.83,-0.65,293.5,OHLC,—,HH/HL,DT,False,262,2,universe
PATH,2026-09-16,13.63,0.95,True,15.75,0.01,0.17,False,51.7,-0.86,52.6,False,6.98,4.54,34.8,-6.2,D 趨勢弱,False,5:47,173.7,跌,47.0,8,True,2.0,-0.5051,-0.517,-0.6325,True,False,-15.57,-2.23,15.58,-14.31,-2.05,865.4,OHLC,—,HH/HL,DT,False,262,2,universe
JBIO,2026-09-16,16.65,1.31,False,20.9,-0.271,-0.45,True,51.5,0.11,51.4,False,7.88,3.69,23.8,-0.6,D 趨勢弱,True,8:49,264.6,跌,160.0,18,False,2.0,-0.4442,-0.4094,-0.4442,False,False,-25.51,-3.24,21.4,-28.53,-3.62,13.8,OHLC,↓,LH/LL,DT,False,262,2,universe
TENB,2026-09-16,36.37,2.48,True,35.3,0.06,-0.11,False,50.2,-1.14,51.3,False,6.82,5.08,60.4,-5.3,B 上升結構,False,10:09,304.7,升,19.0,2,False,2.0,0.1635,0.0448,,False,True,2.94,0.43,36.34,0.08,0.01,208.7,OHLC,—,LH/LL,自然回檔,False,262,2,universe
CRCL,2026-09-16,80.45,6.96,True,84.58,0.462,0.56,False,40.5,-2.43,43.0,False,8.65,5.97,22.1,-2.9,D 趨勢弱,False,4:39,139.3,跌,27.0,5,False,2.0,-1.8202,-1.0343,-1.8202,False,True,-5.13,-0.59,,,,1363.7,OHLC,—,HH/HL,DT,False,262,2,universe
ALOY,2026-09-16,8.15,0.85,False,11.36,-0.063,0.38,False,31.6,-0.16,31.7,False,10.49,7.5,18.1,0.4,D 趨勢弱,True,8:49,264.6,跌,107.0,16,True,2.0,-0.2728,-0.2847,-0.6155,True,False,-39.43,-3.76,10.21,-25.28,-2.41,16.1,OHLC,↓,LH/LL,DT,False,262,2,universe
MQY,2026-09-16,10.36,0.11,False,10.89,-0.041,-2.03,False,97.7,-0.03,97.7,True,1.08,0.58,14.5,1.1,D 趨勢弱,True,8:49,264.6,跌,221.0,21,False,3.0,-0.0538,-0.0534,-0.0538,False,False,-5.11,-4.71,11.18,-7.92,-7.3,6.8,OHLC,↓,LH/LL,DT,False,262,2,universe
MHD,2026-09-16,10.81,0.13,False,11.3,-0.024,-1.19,False,97.3,-0.04,97.3,True,1.21,0.59,17.7,0.6,D 趨勢弱,True,8:49,264.6,跌,166.0,19,False,3.0,-0.0465,-0.0429,-0.0529,False,False,-4.49,-3.72,11.51,-6.48,-5.36,4.7,OHLC,↓,LH/LL,DT,False,262,2,universe
SPXX,2026-09-16,18.33,0.27,False,19.03,-0.023,0.08,False,95.7,-0.37,96.1,True,1.47,0.84,44.5,-11.8,C 基底修復,True,8:49,264.6,跌,155.0,19,False,3.0,-0.0956,-0.0724,-0.0956,False,False,-3.82,-2.6,19.28,-5.18,-3.53,3.8,OHLC,—,LH/LL,自然回檔,False,262,2,universe
RQI,2026-09-16,11.42,0.18,False,12.15,-0.047,-1.23,False,95.4,-0.23,95.6,True,1.55,0.86,13.1,-0.3,D 趨勢弱,True,8:49,264.6,跌,153.0,26,False,3.0,-0.07,-0.0621,-0.07,False,False,-6.4,-4.12,12.09,-5.83,-3.75,6.9,OHLC,↓,LH/LL,DT,False,262,2,universe
CSWC,2026-09-16,23.6,0.4,False,24.77,-0.031,0.05,False,94.3,-0.18,94.5,True,1.68,1.03,38.2,-1.5,C 基底修復,True,8:30,255.0,跌,92.0,11,False,3.0,-0.1691,-0.1562,-0.1691,False,False,-4.96,-2.95,24.35,-3.18,-1.89,14.1,OHLC,↓,LH/LL,DT,False,262,2,universe
AFL,2026-09-16,116.81,1.93,False,118.59,-0.33,-0.89,False,93.8,-0.03,93.8,True,1.66,1.19,37.8,-0.8,C 基底修復,False,10:18,309.0,升,22.0,3,False,3.0,0.2757,0.2294,,False,True,-1.53,-0.92,118.36,-1.33,-0.8,254.0,OHLC,↓,LH/LL,自然反彈,False,262,2,universe
SPG,2026-09-16,202.94,3.62,False,215.48,-0.981,-1.23,False,93.2,-0.24,93.5,True,1.78,1.2,40.3,-2.1,C 基底修復,True,8:49,264.6,跌,305.0,32,False,3.0,-0.7193,-0.7833,-1.7103,True,False,-6.18,-3.47,206.94,-1.97,-1.11,240.4,OHLC,↓,LH/LL,DT,False,262,2,universe
HSBC,2026-09-16,100.84,1.71,False,103.71,-0.296,-0.41,False,93.1,-0.39,93.5,True,1.69,1.31,52.7,-3.0,C 基底修復,False,5:30,165.0,跌,42.0,5,False,3.0,-0.4839,-0.3005,-0.5414,False,True,-2.85,-1.68,,,,125.0,OHLC,—,HH/HL,DT,False,262,2,universe
SNA,2026-09-16,372.98,7.02,False,394.24,-2.153,-0.99,False,93.1,-0.11,93.2,True,1.88,1.14,32.6,-0.4,D 趨勢弱,True,8:49,264.6,跌,343.0,27,False,3.0,-0.8141,-0.8952,-3.0221,True,False,-5.7,-3.03,374.46,-0.4,-0.21,95.6,OHLC,—,LH/LL,DT,True,262,2,universe
FIBK,2026-09-16,36.92,0.71,False,37.57,-0.083,-0.34,False,92.9,-0.51,93.4,True,1.91,1.17,38.7,-11.8,C 基底修復,False,11:00,330.0,升,33.0,3,False,3.0,0.0238,0.0391,,False,True,-1.75,-0.91,36.43,1.33,0.69,35.1,OHLC,—,HH/HL,自然回檔,True,262,2,universe
ESS,2026-09-16,271.34,4.91,False,281.95,-0.556,-0.46,False,92.7,-0.44,93.1,True,1.81,1.32,37.3,-1.7,C 基底修復,True,8:49,264.6,跌,130.0,13,False,3.0,-0.6647,-0.598,-1.742,False,False,-3.91,-2.16,294.72,-8.62,-4.76,135.4,OHLC,—,LH/LL,DT,True,262,2,universe
NNN,2026-09-16,41.65,0.82,False,45.25,-0.303,-1.16,False,92.7,-1.58,94.2,True,1.97,1.15,15.6,-5.6,D 趨勢弱,True,8:49,264.6,跌,469.0,34,False,3.0,-0.2445,-0.1468,-0.4301,False,False,-8.65,-4.39,,,,55.5,OHLC,—,HH/HL,DT,False,262,2,universe
PLD,2026-09-16,133.74,2.36,False,139.22,-0.203,-0.58,False,92.5,-0.2,92.7,True,1.77,1.39,35.4,-2.3,C 基底修復,True,8:23,251.6,跌,90.0,11,False,3.0,-0.4119,-0.3721,-0.9361,False,False,-4.1,-2.32,138.98,-3.92,-2.22,414.4,OHLC,↓,LH/LL,DT,False,262,2,universe
AUB,2026-09-16,39.14,0.81,False,40.91,-0.167,-0.71,False,91.8,-0.78,92.6,True,2.08,1.26,35.0,-2.8,C 基底修復,True,8:49,264.6,跌,565.0,50,False,3.0,-0.0772,-0.051,-0.2697,False,False,-4.51,-2.18,41.13,-5.08,-2.45,42.8,OHLC,↓,LH/LL,DT,False,262,2,universe
CNOB,2026-09-16,31.54,0.61,False,32.24,-0.093,-0.56,False,91.8,-0.55,92.4,True,1.93,1.4,58.6,-1.3,C 基底修復,False,10:26,313.0,升,24.0,3,False,3.0,0.0144,0.0276,,False,True,-2.22,-1.15,32.39,-2.69,-1.4,10.4,OHLC,—,LH/LL,DT,True,262,2,universe
IEX,2026-09-16,221.5,4.79,False,231.08,-0.503,-0.38,False,91.7,-0.09,91.8,True,2.16,1.19,54.4,-1.8,C 基底修復,True,8:49,264.6,跌,106.0,20,False,3.0,-0.7572,-0.8273,-1.8265,True,False,-4.32,-2.0,227.37,-2.65,-1.23,120.6,OHLC,—,LH/LL,DT,True,262,2,universe
ATR,2026-09-16,124.71,2.59,False,130.88,-0.466,-0.9,False,91.3,-0.12,91.4,True,2.08,1.37,31.0,0.3,D 趨勢弱,True,8:49,264.6,跌,345.0,28,False,3.0,-0.652,-0.814,-1.3597,True,False,-4.95,-2.38,135.24,-8.44,-4.06,47.7,OHLC,↓,LH/LL,自然反彈,False,262,2,universe
EQBK,2026-09-16,49.21,1.09,False,50.43,-0.071,-0.16,False,91.3,-0.62,91.9,True,2.22,1.24,47.2,-12.8,C 基底修復,False,4:04,122.0,跌,18.0,1,False,3.0,-0.0443,0.011,-0.2849,False,True,-2.48,-1.12,50.8,-3.23,-1.46,5.0,OHLC,↓,LH/LL,自然回檔,False,262,2,universe
PRU,2026-09-16,117.04,2.54,False,120.85,-0.218,-0.27,False,91.1,-0.73,91.8,True,2.17,1.34,51.0,-8.4,C 基底修復,True,8:49,264.6,跌,348.0,30,False,3.0,-0.3657,-0.2679,-0.9553,False,False,-3.25,-1.5,123.57,-5.58,-2.57,186.9,OHLC,↓,LH/LL,DT,False,262,2,universe
AXP,2026-09-16,312.43,6.39,False,332.86,-1.755,-0.54,False,90.7,-1.52,92.2,True,2.05,1.53,27.4,-4.6,D 趨勢弱,True,8:49,264.6,跌,269.0,42,False,3.0,-0.9566,-0.3227,-3.5046,False,False,-6.54,-3.2,327.78,-4.91,-2.4,772.0,OHLC,↓,LH/LL,DT,False,262,2,universe
NHI,2026-09-16,68.16,1.46,False,72.08,-0.237,-0.81,False,90.2,-0.43,90.6,True,2.14,1.55,7.8,-12.8,D 趨勢弱,True,8:02,241.0,跌,84.0,13,False,3.0,-0.2004,-0.1199,-0.9077,False,False,-5.74,-2.68,72.73,-6.7,-3.13,20.2,OHLC,↓,LH/LL,DT,False,262,2,universe
DCI,2026-09-16,86.33,2.08,False,92.82,-0.369,-0.54,False,89.7,-0.37,90.1,True,2.41,1.39,24.0,-0.2,D 趨勢弱,True,8:49,264.6,跌,295.0,24,False,3.0,-0.5403,-0.5046,-0.7473,False,False,-7.52,-3.12,91.79,-6.32,-2.62,58.4,OHLC,↓,LH/LL,DT,False,262,2,universe
MMM,2026-09-16,162.65,3.69,False,174.57,-0.587,-0.79,False,89.5,-0.37,89.9,True,2.27,1.57,40.6,-0.7,C 基底修復,True,8:49,264.6,跌,166.0,23,False,3.0,-1.2063,-1.3554,-2.0229,True,False,-7.33,-3.23,184.69,-13.55,-5.97,450.9,OHLC,↓,LH/LL,DT,False,262,2,universe
ZWS,2026-09-16,45.89,1.05,False,48.76,-0.244,-1.12,False,89.2,-0.07,89.3,True,2.29,1.62,28.3,0.1,D 趨勢弱,True,8:49,264.6,跌,216.0,23,False,3.0,-0.1575,-0.1826,-0.3915,True,False,-6.25,-2.73,47.62,-3.77,-1.65,35.8,OHLC,↓,LH/LL,DT,False,262,2,universe
CBC,2026-09-16,31.4,0.82,False,32.42,-0.139,-0.25,False,89.1,-0.65,89.8,True,2.61,1.33,48.9,-7.8,C 基底修復,True,8:49,264.6,跌,332.0,27,False,3.0,-0.0977,-0.0493,-0.2689,False,False,-3.25,-1.25,33.07,-5.32,-2.04,31.8,OHLC,—,LH/LL,自然回檔,False,204,2,universe
STT,2026-09-16,182.9,4.49,False,189.39,-0.093,0.29,False,89.1,-0.36,89.4,True,2.45,1.49,67.6,-7.6,C 基底修復,True,8:49,264.6,跌,137.0,12,False,3.0,-1.2895,-0.9504,-1.2895,False,False,-3.55,-1.44,195.4,-6.83,-2.78,263.3,OHLC,↓,LH/LL,DT,False,262,2,universe
FDX,2026-09-16,301.72,7.39,False,323.27,-0.409,0.03,False,88.3,-0.5,88.8,True,2.45,1.65,42.1,-2.9,C 基底修復,True,8:49,264.6,跌,117.0,12,False,3.0,-2.5785,-2.2854,-2.6156,False,False,-7.14,-2.92,321.02,-6.4,-2.61,432.5,OHLC,↓,LH/LL,DT,False,262,2,universe
BLK,2026-09-16,1037.24,24.37,False,1133.14,-3.775,-0.17,False,88.1,-0.99,89.1,True,2.35,1.8,28.5,-1.9,D 趨勢弱,True,8:49,264.6,跌,181.0,19,False,3.0,-12.7353,-12.3077,-14.0844,False,False,-9.25,-3.94,1187.17,-14.45,-6.15,588.7,OHLC,↓,LH/LL,DT,False,262,2,universe
OMF,2026-09-16,60.57,1.52,False,63.56,-0.132,-0.13,False,88.0,-0.56,88.6,True,2.5,1.66,42.9,-2.6,C 基底修復,True,8:49,264.6,跌,127.0,21,False,3.0,-0.3161,-0.2194,-0.4452,False,False,-4.94,-1.97,,,,52.2,OHLC,—,HH/HL,DT,False,262,2,universe
ORLY,2026-09-16,83.68,1.9,False,88.93,-0.309,-0.35,False,87.7,-0.24,87.9,True,2.28,1.95,19.3,-1.6,D 趨勢弱,True,8:49,264.6,跌,181.0,22,False,3.0,-0.3755,-0.2908,-0.4792,False,False,-6.27,-2.76,87.46,-4.52,-1.99,447.5,OHLC,↓,LH/LL,DT,False,262,2,universe
PH,2026-09-16,918.75,23.81,False,1006.13,-0.981,-0.22,False,87.4,-0.18,87.6,True,2.59,1.69,26.2,-1.0,D 趨勢弱,True,8:49,264.6,跌,190.0,20,False,3.0,-7.0813,-7.3583,-12.2061,True,False,-9.51,-3.67,1039.49,-13.14,-5.07,568.4,OHLC,↓,LH/LL,DT,False,262,2,universe
WY,2026-09-16,21.81,0.53,False,23.77,-0.216,-1.06,False,87.4,-0.68,88.1,True,2.41,1.88,8.9,-1.2,D 趨勢弱,True,8:49,264.6,跌,153.0,23,False,3.0,-0.1345,-0.1353,-0.1933,True,False,-9.0,-3.73,24.61,-12.84,-5.32,117.1,OHLC,↓,LH/LL,DT,False,262,2,universe
ALLE,2026-09-16,152.81,3.63,False,159.45,-0.282,-0.22,False,87.2,-0.08,87.2,True,2.37,1.97,41.2,-10.4,C 基底修復,True,8:49,264.6,跌,179.0,23,False,3.0,-0.6939,-0.7396,-2.0732,True,False,-4.34,-1.83,156.49,-2.41,-1.01,204.8,OHLC,—,LH/LL,自然反彈,True,262,2,universe
BRC,2026-09-16,84.6,2.58,False,91.28,-0.369,-0.64,False,87.1,-0.09,87.2,True,3.05,1.3,16.9,-1.7,D 趨勢弱,True,8:49,264.6,跌,296.0,27,False,3.0,-0.6455,-0.6424,-0.8484,False,False,-7.89,-2.59,94.38,-11.56,-3.79,19.9,OHLC,↓,LH/LL,DT,False,262,2,universe
SHW,2026-09-16,321.46,7.71,False,344.44,-1.625,-0.64,False,87.0,-0.15,87.1,True,2.4,1.98,28.7,1.6,D 趨勢弱,True,8:49,264.6,跌,167.0,22,False,3.0,-1.6862,-1.9892,-3.5529,True,False,-7.15,-2.98,353.59,-10.0,-4.17,501.3,OHLC,↓,LH/LL,自然反彈,False,262,2,universe
HON,2026-09-16,207.66,5.06,False,220.34,-1.865,-1.5,False,86.8,-0.25,87.0,True,2.44,1.99,18.4,4.5,D 趨勢弱,True,9:27,283.5,升,7.0,1,False,3.0,0.0215,-0.533,,False,False,-6.11,-2.51,220.67,-6.27,-2.57,595.7,OHLC,↓,LH/LL,自然反彈,False,262,2,universe
TT,2026-09-16,421.68,11.16,False,454.67,-1.709,-0.38,False,86.7,-0.12,86.8,True,2.65,1.79,24.4,0.4,D 趨勢弱,True,8:49,264.6,跌,101.0,21,False,3.0,-2.118,-1.8484,-3.797,False,False,-7.82,-2.96,447.9,-6.22,-2.35,422.9,OHLC,↓,LH/LL,DT,False,262,2,universe
VNT,2026-09-16,31.53,0.86,False,33.25,-0.063,-0.11,False,86.5,-0.64,87.1,True,2.74,1.74,22.5,-10.3,D 趨勢弱,True,8:49,264.6,跌,151.0,23,False,3.0,-0.1623,-0.1428,-0.2536,False,False,-5.47,-2.0,32.79,-4.0,-1.46,39.9,OHLC,—,LH/LL,自然回檔,False,262,2,universe
FNF,2026-09-16,43.02,1.15,False,46.8,-0.312,-1.3,False,85.9,-0.58,86.5,True,2.66,1.93,2.6,-0.6,D 趨勢弱,True,8:49,264.6,跌,235.0,31,False,3.0,-0.2347,-0.2217,-0.6249,False,False,-8.78,-3.3,47.28,-9.9,-3.72,90.1,OHLC,↓,LH/LL,DT,False,262,2,universe
EMR,2026-09-16,145.83,3.93,False,155.87,-0.392,-0.02,False,85.8,-0.28,86.0,True,2.69,1.93,41.0,-0.7,D 趨勢弱,True,8:49,264.6,跌,122.0,20,False,3.0,-1.0025,-0.9482,-1.793,False,False,-6.88,-2.56,152.82,-4.79,-1.78,307.5,OHLC,↓,LH/LL,DT,False,262,2,universe
VMC,2026-09-16,244.3,6.68,False,268.4,-1.753,-0.91,False,85.8,-0.56,86.3,True,2.73,1.89,2.8,-0.8,D 趨勢弱,True,8:49,264.6,跌,162.0,21,False,3.0,-1.5161,-1.4224,-2.8544,False,False,-9.87,-3.61,281.19,-15.1,-5.52,239.6,OHLC,↓,LH/LL,DT,False,262,2,universe
LLYVA,2026-09-16,95.43,2.63,False,99.42,-0.119,-0.42,False,85.7,-0.21,86.0,True,2.76,1.87,33.5,3.1,C 基底修復,True,8:49,264.6,跌,190.0,14,False,3.0,-0.3668,-0.5088,-0.9588,True,False,-4.19,-1.52,95.39,0.04,0.02,13.8,OHLC,↓,LH/LL,自然反彈,False,262,2,universe
LLYVK,2026-09-16,98.62,2.83,False,102.94,-0.229,-0.26,False,85.6,-0.19,85.8,True,2.87,1.79,33.2,-7.0,C 基底修復,True,8:49,264.6,跌,204.0,14,False,3.0,-0.4221,-0.5683,-1.0133,True,False,-4.38,-1.53,101.44,-2.85,-0.99,26.8,OHLC,↓,LH/LL,自然反彈,False,262,2,universe
HUYA,2026-09-16,2.06,0.06,False,2.19,-0.007,-0.59,True,85.2,0.4,84.8,True,2.91,1.82,5.4,0.4,D 趨勢弱,False,10:13,306.3,升,20.0,3,False,3.0,0.0038,0.0025,,False,False,-6.08,-2.09,2.42,-17.48,-6.01,3.2,OHLC,—,LH/LL,自然反彈,True,262,2,universe
RPM,2026-09-16,99.78,2.78,False,106.55,-0.305,-0.44,False,85.1,-0.19,85.3,True,2.79,1.97,21.7,0.1,D 趨勢弱,True,8:49,264.6,跌,183.0,22,False,3.0,-0.4024,-0.4762,-1.1829,True,False,-6.78,-2.43,105.52,-5.75,-2.06,165.4,OHLC,↓,LH/LL,DT,False,262,2,universe
WTS,2026-09-16,348.78,8.97,False,368.74,-0.292,0.13,False,84.9,-0.15,85.0,True,2.57,2.22,39.4,-11.1,C 基底修復,True,8:49,264.6,跌,214.0,19,False,3.0,-2.1259,-2.2101,-3.897,True,False,-5.72,-2.22,363.13,-4.11,-1.6,63.6,OHLC,↓,LH/LL,DT,False,262,2,universe
SLM,2026-09-16,25.28,0.73,False,26.73,-0.093,-0.02,False,84.3,-1.41,85.7,True,2.9,2.01,47.3,-13.0,C 基底修復,True,8:49,264.6,跌,181.0,21,False,3.0,-0.1228,-0.0779,-0.2331,False,False,-5.73,-1.97,26.4,-4.43,-1.53,42.6,OHLC,↓,LH/LL,DT,False,262,2,universe
AZZ,2026-09-16,132.66,3.9,False,141.99,-0.896,-0.63,False,84.2,-0.16,84.3,True,2.94,2.0,29.2,-1.4,D 趨勢弱,True,8:49,264.6,跌,158.0,21,False,3.0,-0.3326,-0.2981,-1.4052,False,False,-7.03,-2.39,140.02,-5.55,-1.89,28.5,OHLC,↓,LH/LL,DT,False,262,2,universe
FOR,2026-09-16,26.37,0.8,False,28.09,-0.179,-0.65,False,84.2,-1.15,85.3,True,3.04,1.89,15.6,-2.4,D 趨勢弱,True,8:49,264.6,跌,129.0,17,False,3.0,-0.1218,-0.118,-0.4941,False,False,-6.53,-2.15,27.89,-5.76,-1.89,3.5,OHLC,↓,LH/LL,DT,False,262,2,universe
LTH,2026-09-16,40.73,1.27,False,43.56,-0.113,-0.52,False,84.2,-0.72,84.9,True,3.12,1.82,57.7,-2.9,D 趨勢弱,True,8:49,264.6,跌,291.0,32,False,3.0,-0.3267,-0.3189,-0.4972,False,False,-6.95,-2.23,43.49,-6.78,-2.17,98.9,OHLC,↓,LH/LL,DT,False,262,2,universe
PHM,2026-09-16,117.55,3.34,False,125.83,-0.486,-0.77,False,84.1,-0.42,84.5,True,2.84,2.12,26.0,-1.1,D 趨勢弱,True,8:49,264.6,跌,188.0,25,False,3.0,-0.7054,-0.7687,-1.2094,True,False,-7.05,-2.48,130.68,-11.17,-3.94,155.6,OHLC,↓,LH/LL,自然反彈,False,262,2,universe
DHI,2026-09-16,138.32,3.91,False,144.59,-0.485,-0.53,False,83.7,-0.62,84.3,True,2.83,2.2,10.7,-1.6,D 趨勢弱,True,8:41,260.6,跌,95.0,13,False,3.0,-0.403,-0.4829,-1.6335,True,False,-4.54,-1.6,144.41,-4.4,-1.56,293.3,OHLC,↓,LH/LL,自然反彈,False,262,2,universe
RRR,2026-09-16,53.28,1.66,False,58.77,-0.574,-1.08,False,83.7,-0.06,83.7,True,3.11,1.93,7.5,-0.5,D 趨勢弱,True,8:49,264.6,跌,615.0,50,False,3.0,-0.24,-0.221,-0.6185,False,False,-10.31,-3.31,55.9,-4.92,-1.58,44.7,OHLC,↓,LH/LL,DT,False,262,2,universe
VNO,2026-09-16,34.82,1.13,False,37.55,-0.535,-1.15,False,83.7,-0.18,83.9,True,3.25,1.78,48.1,3.3,C 基底修復,True,8:49,264.6,跌,458.0,51,False,3.0,-0.215,-0.2672,-0.4075,True,False,-7.85,-2.41,35.44,-1.78,-0.55,40.6,OHLC,↓,LH/LL,自然回檔,False,262,2,universe
LPLA,2026-09-16,333.04,10.43,False,360.25,-0.681,0.06,False,83.5,-0.98,84.4,True,3.13,1.94,38.9,5.5,C 基底修復,True,8:49,264.6,跌,173.0,21,False,3.0,-3.8108,-3.2873,-3.8108,False,False,-8.17,-2.61,354.82,-6.54,-2.09,191.2,OHLC,↓,LH/LL,DT,False,262,2,universe
MIDD,2026-09-16,112.31,3.4,False,115.79,-0.816,-1.11,True,83.4,0.58,82.8,True,3.03,2.07,19.9,4.2,C 基底修復,False,10:57,328.4,升,32.0,3,False,3.0,0.7383,0.4777,,False,False,-3.1,-1.03,115.48,-2.82,-0.93,62.5,OHLC,↓,LH/LL,自然反彈,False,262,2,universe
ITT,2026-09-16,194.5,6.12,False,208.17,-0.028,0.18,False,83.0,-0.79,83.8,True,3.15,2.02,27.6,-13.4,D 趨勢弱,True,8:49,264.6,跌,155.0,19,False,3.0,-1.0387,-0.8727,-2.4646,False,False,-7.03,-2.23,204.14,-4.96,-1.57,123.0,OHLC,—,LH/LL,DT,True,262,2,universe
TOL,2026-09-16,132.64,3.99,False,144.01,-0.6,-0.73,False,83.0,-0.19,83.2,True,3.01,2.16,14.1,0.1,D 趨勢弱,True,8:49,264.6,跌,169.0,25,False,3.0,-0.7941,-0.8596,-1.2694,True,False,-8.57,-2.85,148.58,-12.02,-3.99,118.2,OHLC,↓,LH/LL,DT,False,262,2,universe
MTCH,2026-09-16,43.58,1.27,True,40.29,0.1,0.41,False,82.9,-0.2,83.1,True,2.93,2.26,53.6,-2.5,E 延伸,False,10:48,324.0,升,30.0,3,False,3.0,0.1445,0.1493,,False,False,7.55,2.58,41.15,5.58,1.91,141.5,OHLC,↑,HH/HL,UT,False,262,2,universe
MAT,2026-09-16,13.16,0.42,False,14.49,-0.081,-0.63,False,82.7,-0.06,82.8,True,3.22,2.01,15.3,1.0,D 趨勢弱,True,8:44,262.2,跌,96.0,11,False,3.0,-0.1558,-0.1335,-0.1558,False,False,-10.08,-3.13,14.24,-8.17,-2.54,46.3,OHLC,↓,LH/LL,DT,False,262,2,universe
CBRE,2026-09-16,138.56,4.41,False,146.64,-0.427,-0.35,False,82.1,-0.49,82.6,True,3.18,2.15,12.4,1.0,D 趨勢弱,True,8:49,264.6,跌,183.0,16,False,3.0,-1.0616,-1.1023,-1.4979,True,False,-5.83,-1.83,148.74,-7.35,-2.31,215.4,OHLC,↓,LH/LL,自然反彈,False,262,2,universe
JLL,2026-09-16,340.18,11.16,False,365.74,-1.09,-0.09,False,82.1,-0.31,82.4,True,3.28,2.05,42.1,0.5,C 基底修復,True,8:49,264.6,跌,120.0,14,False,3.0,-4.2104,-4.5464,-5.4642,True,False,-7.51,-2.29,367.78,-8.11,-2.47,105.2,OHLC,↓,LH/LL,DT,False,262,2,universe
LEN,2026-09-16,78.36,2.48,False,83.71,-0.405,-0.63,False,82.0,-0.88,82.8,True,3.17,2.19,5.5,-1.7,D 趨勢弱,True,8:45,262.4,跌,96.0,13,False,3.0,-0.5377,-0.5357,-0.781,False,False,-6.83,-2.16,80.07,-2.18,-0.69,246.7,OHLC,↓,LH/LL,自然回檔,False,262,2,universe
IVZ,2026-09-16,30.08,0.96,False,32.08,-0.059,0.37,False,81.5,-1.09,82.6,True,3.2,2.26,55.4,-5.1,C 基底修復,True,8:49,264.6,跌,141.0,13,False,3.0,-0.3481,-0.2737,-0.3481,False,False,-6.64,-2.08,33.34,-10.84,-3.39,103.5,OHLC,↓,LH/LL,DT,False,262,2,universe
URI,2026-09-16,1006.25,30.97,False,1070.97,-5.735,-0.51,False,81.5,-0.02,81.5,True,3.08,2.39,45.8,2.0,D 趨勢弱,True,8:49,264.6,跌,177.0,21,False,3.0,-1.3322,-3.35,-15.6089,True,False,-6.43,-2.09,1028.77,-2.24,-0.73,423.9,OHLC,↓,LH/LL,自然回檔,False,262,2,universe
LNC,2026-09-16,42.45,1.3,False,44.14,-0.136,-0.21,False,81.4,-1.07,82.5,True,3.07,2.41,44.1,-13.2,C 基底修復,True,8:42,260.8,跌,95.0,7,False,3.0,-0.1614,-0.083,-0.6391,False,False,-3.99,-1.3,45.9,-8.13,-2.65,79.6,OHLC,—,LH/LL,自然回檔,False,262,2,universe
SLG,2026-09-16,51.75,1.73,False,55.65,-0.151,-0.15,False,81.4,-0.28,81.7,True,3.34,2.12,46.6,-1.2,C 基底修復,True,8:49,264.6,跌,165.0,13,False,3.0,-0.62,-0.678,-0.8307,True,False,-7.54,-2.25,53.08,-2.57,-0.77,38.0,OHLC,↓,LH/LL,DT,False,262,2,universe
CSV,2026-09-16,31.97,0.97,False,34.61,-0.205,-1.04,True,81.1,0.06,81.0,True,3.04,2.5,17.0,3.4,D 趨勢弱,False,10:10,305.2,升,20.0,3,False,3.0,0.0027,0.0122,,False,False,-8.24,-2.72,32.84,-2.72,-0.9,4.0,OHLC,↓,LH/LL,DT,False,262,2,universe
PFSI,2026-09-16,65.95,2.13,False,73.7,-0.603,-0.86,False,81.1,-1.14,82.3,True,3.22,2.3,1.4,-0.8,D 趨勢弱,True,6:04,181.9,跌,51.0,6,False,3.0,-0.3794,-0.2322,-0.9411,False,False,-11.74,-3.64,73.29,-11.13,-3.45,34.2,OHLC,↓,LH/LL,DT,False,262,2,universe
THO,2026-09-16,69.74,2.47,False,76.39,-0.501,-0.51,False,80.4,-0.68,81.0,True,3.55,2.13,4.8,-0.5,D 趨勢弱,True,8:49,264.6,跌,291.0,22,False,3.0,-0.6284,-0.5429,-0.6755,False,False,-9.53,-2.69,73.48,-5.36,-1.51,41.3,OHLC,↓,LH/LL,DT,False,262,2,universe
BX,2026-09-16,123.45,4.23,False,138.59,-0.358,-0.0,False,80.1,-1.3,81.4,True,3.43,2.29,19.9,-1.8,D 趨勢弱,True,8:49,264.6,跌,149.0,19,False,3.0,-2.0312,-1.9954,-2.334,False,False,-12.27,-3.58,128.51,-4.1,-1.2,396.6,OHLC,↓,LH/LL,DT,False,262,2,universe
BC,2026-09-16,67.72,2.59,False,76.94,-0.532,-0.84,False,79.7,-0.53,80.2,True,3.82,1.97,0.9,-0.9,D 趨勢弱,True,8:49,264.6,跌,171.0,18,False,3.0,-0.6723,-0.6711,-0.8949,False,False,-13.62,-3.56,74.43,-9.91,-2.59,48.1,OHLC,↓,LH/LL,DT,False,262,2,universe
VVV,2026-09-16,27.13,1.01,False,32.64,-0.534,-1.74,False,79.6,-1.51,81.1,True,3.72,2.09,5.0,0.0,D 趨勢弱,True,6:12,185.9,跌,53.0,7,False,3.0,-0.2539,-0.1356,-0.7498,False,False,-20.29,-5.46,30.96,-14.12,-3.8,56.8,OHLC,↓,LH/LL,DT,False,262,2,universe
CPNG,2026-09-16,14.4,0.51,False,15.82,-0.075,-0.36,False,78.6,-0.33,78.9,True,3.56,2.45,6.6,0.5,D 趨勢弱,True,8:49,264.6,跌,107.0,10,False,3.0,-0.1101,-0.0994,-0.34,False,False,-9.86,-2.77,15.12,-5.0,-1.4,226.7,OHLC,↓,LH/LL,DT,False,262,2,universe
MTH,2026-09-16,63.96,2.27,False,69.41,-0.471,-0.89,False,78.3,-0.89,79.2,True,3.55,2.51,8.6,-3.3,D 趨勢弱,True,8:49,264.6,跌,110.0,14,False,3.0,-0.2809,-0.3331,-1.1684,True,False,-8.51,-2.4,65.78,-2.85,-0.8,43.9,OHLC,↓,LH/LL,自然回檔,False,262,2,universe
CSL,2026-09-16,317.54,10.61,False,353.33,-1.807,-0.45,False,78.1,-0.35,78.4,True,3.34,2.76,3.5,-0.6,D 趨勢弱,True,8:49,264.6,跌,255.0,22,False,3.0,-3.2562,-2.9775,-4.0122,False,False,-11.27,-3.37,352.14,-10.9,-3.26,200.9,OHLC,↓,LH/LL,DT,False,262,2,universe
AYI,2026-09-16,296.96,9.37,False,337.4,-2.585,-0.64,False,77.9,-0.07,77.9,True,3.15,2.99,19.5,-1.0,D 趨勢弱,True,8:49,264.6,跌,237.0,21,False,3.0,-3.8711,-3.5282,-3.8711,False,False,-13.62,-4.32,334.05,-12.49,-3.96,61.1,OHLC,↓,LH/LL,DT,False,262,2,universe
CROX,2026-09-16,115.4,4.03,False,122.74,-0.944,-0.81,False,77.8,-0.06,77.8,True,3.5,2.67,41.8,6.8,D 趨勢弱,True,8:49,264.6,跌,238.0,38,False,3.0,-0.1705,-0.6099,-1.71,True,False,-6.36,-1.82,125.84,-9.05,-2.59,114.0,OHLC,—,LH/LL,自然反彈,True,262,2,universe
SW,2026-09-16,44.58,1.52,False,47.1,-0.133,-0.39,False,77.8,-0.02,77.9,True,3.4,2.75,47.1,5.6,C 基底修復,True,8:49,264.6,跌,244.0,22,False,3.0,-0.2975,-0.4513,-0.7619,True,False,-5.65,-1.66,41.7,6.46,1.9,195.9,OHLC,—,HH/HL,自然反彈,False,262,2,universe
IBKR,2026-09-16,86.74,3.08,False,91.34,-0.023,0.11,False,77.5,-0.97,78.5,True,3.55,2.66,54.2,-6.5,C 基底修復,True,8:20,250.0,跌,89.0,10,False,3.0,-0.6773,-0.5233,-0.8603,False,False,-5.31,-1.5,93.29,-7.55,-2.13,330.6,OHLC,↓,LH/LL,DT,False,262,2,universe
PHIN,2026-09-16,61.15,2.2,False,70.18,-0.866,-1.34,False,77.2,-0.09,77.3,True,3.6,2.67,5.6,0.1,D 趨勢弱,True,8:49,264.6,跌,373.0,34,False,3.0,-0.52,-0.443,-0.52,False,False,-14.77,-4.1,69.04,-12.9,-3.58,19.1,OHLC,↓,LH/LL,DT,False,262,2,universe
TREX,2026-09-16,43.11,1.62,False,46.76,-0.157,0.07,False,77.1,-0.1,77.2,True,3.76,2.54,36.1,0.2,D 趨勢弱,True,7:07,213.6,跌,69.0,19,False,3.0,-0.249,-0.23,-0.7276,False,False,-8.46,-2.25,44.02,-2.11,-0.56,62.0,OHLC,↓,LH/LL,DT,False,262,2,universe
NAVI,2026-09-16,9.74,0.36,True,9.3,0.042,0.39,False,76.8,-0.92,77.7,True,3.72,2.62,37.4,2.2,C 基底修復,False,10:55,327.6,升,32.0,2,False,3.0,0.0164,0.0168,,False,False,4.51,1.21,9.28,4.72,1.27,11.9,OHLC,↑,HH/HL,自然回檔,False,262,2,universe
APA,2026-09-16,44.79,1.66,True,42.31,0.411,1.03,False,76.7,-2.94,79.6,True,3.71,2.66,63.5,-9.0,B 上升結構,False,3:27,103.7,跌,8.0,1,False,3.0,-0.0103,0.0851,-0.1191,False,False,5.54,1.49,42.77,4.51,1.22,242.8,OHLC,↑,HH/HL,自然回檔,False,262,2,universe
TRU,2026-09-16,74.66,2.87,False,80.63,-0.208,-0.26,False,76.7,-0.95,77.7,True,3.84,2.51,18.6,-13.9,D 趨勢弱,True,7:21,220.5,跌,73.0,11,False,3.0,-1.0021,-0.9103,-1.1128,False,False,-8.0,-2.08,78.83,-5.59,-1.45,151.8,OHLC,↓,LH/LL,DT,False,262,2,universe
ESRT,2026-09-16,4.09,0.15,False,4.49,-0.043,-1.45,False,76.6,-1.77,78.4,True,3.7,2.68,2.8,-1.3,D 趨勢弱,True,8:49,264.6,跌,104.0,11,False,3.0,-0.0125,-0.0065,-0.0868,False,False,-9.87,-2.67,4.54,-11.0,-2.97,12.9,OHLC,↓,LH/LL,DT,False,262,2,universe
TOST,2026-09-16,31.12,1.22,False,34.53,-0.021,0.02,False,76.4,-0.36,76.8,True,3.92,2.49,37.6,-2.7,C 基底修復,True,8:49,264.6,跌,187.0,14,False,3.0,-0.4866,-0.4601,-0.5718,False,False,-10.96,-2.8,33.29,-6.97,-1.78,253.2,OHLC,↓,LH/LL,DT,False,262,2,universe
KBH,2026-09-16,48.67,1.73,False,53.05,-0.466,-1.31,False,75.9,-0.44,76.4,True,3.56,2.95,2.8,-0.5,D 趨勢弱,True,8:49,264.6,跌,183.0,25,False,3.0,-0.3535,-0.3964,-0.6584,True,False,-9.01,-2.53,56.4,-15.88,-4.46,52.9,OHLC,↓,LH/LL,自然反彈,False,262,2,universe
HGV,2026-09-16,37.11,1.47,False,43.1,-0.357,-1.2,False,75.1,-1.11,76.2,True,3.97,2.69,10.0,0.0,D 趨勢弱,True,8:49,264.6,跌,101.0,12,False,3.0,-0.3598,-0.3218,-0.5748,False,False,-16.14,-4.07,42.17,-13.64,-3.44,34.7,OHLC,↓,LH/LL,DT,False,262,2,universe
KTB,2026-09-16,68.37,2.76,False,76.36,-0.584,-1.02,True,74.9,0.68,74.3,False,4.03,2.66,6.5,0.9,D 趨勢弱,True,8:49,264.6,跌,129.0,16,False,3.0,-0.5842,-0.8337,-1.3902,True,False,-11.68,-2.9,83.23,-21.73,-5.39,47.7,OHLC,↓,LH/LL,自然反彈,False,262,2,universe
NTRA,2026-09-16,345.34,11.41,True,321.25,3.329,1.03,False,74.9,-0.58,75.5,False,3.3,3.4,79.2,2.3,E 延伸,True,8:49,264.6,跌,118.0,12,False,3.0,-0.0306,-0.2943,-4.287,True,False,6.98,2.11,320.76,7.12,2.15,405.0,OHLC,↑,HH/HL,UT,False,262,2,universe
ASML,2026-09-16,1602.22,57.27,False,1726.74,-3.618,0.08,True,74.8,0.51,74.2,False,3.57,3.15,44.9,-2.0,D 趨勢弱,True,8:49,264.6,跌,125.0,17,False,3.0,-13.33,-12.9045,-28.859,False,False,-7.77,-2.17,1764.85,-10.15,-2.84,1882.6,OHLC,↓,LH/LL,DT,False,262,2,universe
PTC,2026-09-16,131.16,5.19,False,144.6,-0.262,-0.02,True,74.7,0.57,74.2,False,3.96,2.78,4.8,1.2,D 趨勢弱,True,8:49,264.6,跌,141.0,16,False,3.0,-2.5812,-2.8124,-3.8468,True,False,-10.25,-2.59,136.65,-4.19,-1.06,178.2,OHLC,↓,LH/LL,DT,False,262,2,universe
CSW,2026-09-16,287.8,10.35,False,321.95,-2.863,-0.31,True,74.6,0.13,74.5,False,3.6,3.16,22.8,-1.1,D 趨勢弱,True,8:49,264.6,跌,233.0,21,False,3.0,-3.0739,-3.2239,-5.6237,True,False,-11.86,-3.3,300.71,-4.49,-1.25,35.6,OHLC,↓,LH/LL,DT,False,262,2,universe
GPK,2026-09-16,9.66,0.41,False,10.78,-0.094,-1.01,True,74.6,0.91,73.7,False,4.21,2.55,2.8,2.8,D 趨勢弱,True,8:49,264.6,跌,233.0,23,False,3.0,-0.1426,-0.1766,-0.2395,True,False,-11.56,-2.74,11.56,-19.67,-4.67,52.8,OHLC,↓,LH/LL,自然反彈,False,262,2,universe
HRB,2026-09-16,45.11,1.65,False,49.91,-0.023,0.07,True,74.3,0.17,74.1,False,3.65,3.16,48.9,3.2,D 趨勢弱,True,8:49,264.6,跌,150.0,14,False,3.0,-0.9426,-1.0255,-1.2778,True,False,-10.63,-2.91,46.85,-3.86,-1.06,70.0,OHLC,↓,LH/LL,自然反彈,False,262,2,universe
FLO,2026-09-16,6.15,0.26,False,6.82,-0.037,-0.78,True,74.1,1.07,73.0,False,4.29,2.57,0.0,0.0,D 趨勢弱,True,8:49,264.6,跌,150.0,12,False,3.0,-0.034,-0.0508,-0.1587,True,False,-10.84,-2.53,7.28,-18.37,-4.29,50.2,OHLC,↓,LH/LL,自然反彈,False,262,2,universe
CNMD,2026-09-16,47.04,1.67,False,49.28,-0.154,0.06,True,73.8,0.13,73.6,False,3.54,3.37,64.2,2.6,B 上升結構,True,8:49,264.6,跌,267.0,24,False,3.0,-0.5645,-0.6615,-0.8104,True,False,-4.76,-1.34,50.41,-7.16,-2.02,13.5,OHLC,↓,LH/LL,DT,False,262,2,universe
EFX,2026-09-16,163.8,6.84,False,180.53,-0.359,-0.28,True,73.8,0.15,73.7,False,4.17,2.73,7.6,0.3,D 趨勢弱,True,8:49,264.6,跌,121.0,11,False,3.0,-2.6949,-2.6668,-3.1699,False,False,-10.21,-2.45,172.29,-5.18,-1.24,200.3,OHLC,↓,LH/LL,DT,False,262,2,universe
AORT,2026-09-16,25.02,1.05,False,26.98,-0.063,-0.37,True,73.6,0.95,72.6,False,4.2,2.75,13.3,1.3,D 趨勢弱,True,8:49,264.6,跌,148.0,19,False,3.0,-0.2016,-0.2345,-0.376,True,False,-7.83,-1.86,27.2,-8.71,-2.07,15.8,OHLC,↓,LH/LL,自然反彈,False,262,2,universe
CAKE,2026-09-16,97.02,3.92,False,108.66,-0.199,0.19,True,73.4,0.97,72.5,False,4.04,2.94,55.8,3.9,D 趨勢弱,True,8:49,264.6,跌,194.0,21,False,3.0,-2.0559,-1.9651,-2.0559,False,False,-11.99,-2.97,105.17,-8.4,-2.08,146.7,OHLC,↓,LH/LL,DT,False,262,2,universe
NCLH,2026-09-16,14.53,0.6,False,16.74,-0.229,-1.79,True,73.1,0.62,72.5,False,4.11,2.93,0.0,0.0,D 趨勢弱,True,8:49,264.6,跌,218.0,29,False,3.0,-0.0625,-0.0933,-0.2728,True,False,-15.2,-3.69,17.26,-18.79,-4.57,222.5,OHLC,↓,LH/LL,DT,False,262,2,universe
ACI,2026-09-16,12.56,0.41,True,12.26,0.032,0.31,False,73.0,-0.22,73.2,False,3.3,3.77,12.0,-9.6,D 趨勢弱,False,10:32,316.0,升,26.0,3,False,3.0,0.0723,0.0703,,False,True,2.39,0.72,12.69,-1.04,-0.31,88.9,OHLC,—,LH/LL,自然回檔,False,262,2,universe
RYAM,2026-09-16,8.26,0.33,False,8.68,-0.018,-0.18,True,72.6,1.51,71.1,False,3.97,3.17,31.9,0.8,C 基底修復,True,8:49,264.6,跌,161.0,25,False,3.0,-0.033,-0.0303,-0.0867,False,False,-5.08,-1.28,8.68,-5.08,-1.28,5.8,OHLC,—,LH/LL,DT,True,262,2,universe
ETSY,2026-09-16,73.46,3.16,False,79.87,-0.351,-0.48,True,72.5,0.69,71.8,False,4.3,2.85,43.8,-0.2,C 基底修復,True,8:41,260.5,跌,95.0,12,False,3.0,-0.7379,-0.8763,-1.3761,True,False,-8.72,-2.03,86.0,-17.07,-3.97,215.0,OHLC,↓,LH/LL,自然反彈,False,262,2,universe
LYFT,2026-09-16,15.69,0.66,False,16.78,-0.02,-0.06,True,72.4,0.55,71.9,False,4.22,2.95,13.5,0.5,D 趨勢弱,True,8:49,264.6,跌,110.0,15,False,3.0,-0.2043,-0.2398,-0.3383,True,False,-6.94,-1.64,17.35,-10.58,-2.51,161.7,OHLC,↓,LH/LL,自然反彈,False,262,2,universe
TPB,2026-09-16,70.12,2.99,False,81.98,-0.342,-0.12,True,72.2,1.72,70.5,False,4.26,2.95,10.0,0.0,D 趨勢弱,True,8:49,264.6,跌,118.0,14,False,3.0,-1.0366,-1.1483,-1.3862,True,False,-16.92,-3.97,88.26,-25.87,-6.08,17.2,OHLC,↓,LH/LL,DT,False,262,2,universe
GDRX,2026-09-16,3.39,0.14,True,3.56,0.013,0.31,False,72.0,-0.28,72.3,False,4.12,3.13,56.1,-2.4,D 趨勢弱,True,8:49,264.6,跌,218.0,19,False,3.0,-0.0213,-0.0186,-0.0402,False,False,-4.94,-1.2,3.53,-4.13,-1.0,4.9,OHLC,—,LH/LL,自然回檔,True,262,2,universe
SRTA,2026-09-16,5.22,0.23,True,5.72,0.003,0.2,False,71.9,-0.16,72.1,False,4.38,2.88,36.1,-8.2,D 趨勢弱,True,8:09,244.3,跌,86.0,12,False,3.0,-0.054,-0.0617,-0.1059,True,False,-9.52,-2.17,5.36,-2.68,-0.61,4.4,OHLC,—,LH/LL,自然回檔,True,262,2,universe
ALKT,2026-09-16,18.94,0.85,False,19.79,-0.003,0.28,True,71.7,0.2,71.5,False,4.5,2.81,25.1,-14.9,C 基底修復,True,8:49,264.6,跌,209.0,18,False,3.0,-0.1576,-0.1306,-0.2414,False,False,-4.5,-1.0,20.5,-8.24,-1.83,27.1,OHLC,↓,LH/LL,DT,False,262,2,universe
PD,2026-09-16,14.48,0.57,True,13.02,0.092,1.03,True,71.1,0.68,70.4,False,3.96,3.46,47.2,-0.1,E 延伸,False,10:07,303.5,升,19.0,3,False,3.0,0.0221,0.0332,,False,False,10.08,2.55,13.77,4.9,1.24,23.9,OHLC,↑,HH/HL,自然回檔,False,262,2,universe
INTU,2026-09-16,318.13,14.43,True,342.24,0.237,0.14,False,71.0,-0.56,71.6,False,4.54,2.9,19.8,-10.5,D 趨勢弱,True,8:49,264.6,跌,97.0,14,False,3.0,-3.8688,-3.7668,-6.8665,False,False,-7.58,-1.67,342.31,-7.6,-1.68,1246.8,OHLC,↓,LH/LL,DT,False,262,2,universe
PHR,2026-09-16,10.24,0.45,False,11.51,-0.025,-0.12,True,70.1,1.09,69.0,False,4.36,3.25,3.4,3.4,D 趨勢弱,True,8:49,264.6,跌,285.0,21,False,3.0,-0.1653,-0.1844,-0.2499,True,False,-12.4,-2.84,10.62,-3.71,-0.85,7.6,OHLC,↓,LH/LL,自然反彈,False,262,2,universe
ROCK,2026-09-16,44.84,1.83,False,47.74,-0.12,0.23,True,70.1,0.82,69.2,False,4.08,3.54,20.8,-8.9,D 趨勢弱,True,8:49,264.6,跌,196.0,23,False,3.0,-0.1507,-0.1498,-0.6355,False,False,-6.46,-1.58,46.16,-2.94,-0.72,11.1,OHLC,↓,LH/LL,DT,False,262,2,universe
BDC,2026-09-16,112.52,5.02,False,122.6,-0.643,-0.07,True,69.5,0.67,68.8,False,4.46,3.27,0.0,0.0,D 趨勢弱,True,8:49,264.6,跌,148.0,19,False,3.0,-0.9138,-0.8684,-2.4921,False,False,-8.96,-2.01,119.95,-6.6,-1.48,46.9,OHLC,↓,LH/LL,DT,False,262,2,universe
PINS,2026-09-16,18.65,0.86,False,21.76,-0.314,-1.2,True,69.4,0.85,68.5,False,4.62,3.13,5.1,-0.4,D 趨勢弱,True,8:49,264.6,跌,237.0,29,False,3.0,-0.2831,-0.3166,-0.4851,True,False,-16.69,-3.62,19.69,-5.58,-1.21,222.9,OHLC,↓,LH/LL,DT,False,262,2,universe
STRT,2026-09-16,68.53,3.59,False,77.39,-0.58,-0.69,True,68.5,0.85,67.7,False,5.24,2.67,15.2,9.7,D 趨勢弱,True,8:49,264.6,跌,290.0,29,False,3.0,-0.2695,-0.2326,-1.428,False,False,-12.93,-2.47,75.04,-9.5,-1.81,6.4,OHLC,—,LH/LL,DT,True,262,2,universe
TBCH,2026-09-16,12.58,0.55,False,12.78,-0.031,-0.09,True,67.4,0.79,66.6,False,4.36,3.78,28.3,-10.3,C 基底修復,False,10:18,308.9,升,22.0,2,False,3.0,0.0183,0.0058,,False,True,-1.57,-0.36,12.52,0.48,0.11,5.0,OHLC,—,LH/LL,自然回檔,True,262,2,universe
BLDR,2026-09-16,59.65,2.83,False,66.91,-0.548,-0.72,True,66.8,0.16,66.6,False,4.74,3.51,0.0,0.0,D 趨勢弱,True,8:49,264.6,跌,136.0,19,False,3.0,-0.3519,-0.4263,-1.1081,True,False,-12.16,-2.56,65.79,-10.29,-2.17,136.8,OHLC,↓,LH/LL,自然反彈,False,262,2,universe
AFRM,2026-09-16,71.58,3.67,False,75.64,-0.163,-0.11,True,66.7,0.21,66.5,False,5.13,3.15,42.6,3.7,C 基底修復,True,8:49,264.6,跌,102.0,12,False,3.0,-0.1732,-0.2411,-1.8687,True,False,-5.68,-1.11,73.38,-2.51,-0.49,415.4,OHLC,↓,LH/LL,自然回檔,False,262,2,universe
EVER,2026-09-16,23.34,1.19,True,24.77,0.109,-0.08,False,66.6,-1.54,68.1,False,5.09,3.21,58.2,-4.2,C 基底修復,True,7:13,216.4,跌,70.0,11,False,3.0,-0.1906,-0.1612,-0.487,False,False,-6.12,-1.2,24.47,-4.84,-0.95,12.8,OHLC,↓,LH/LL,DT,False,262,2,universe
SVV,2026-09-16,9.12,0.45,False,10.72,-0.033,-0.21,True,66.5,0.61,65.9,False,4.95,3.36,18.7,-7.0,D 趨勢弱,True,8:49,264.6,跌,155.0,22,False,3.0,-0.1471,-0.1316,-0.1471,False,False,-17.6,-3.56,9.86,-8.11,-1.64,11.0,OHLC,↓,LH/LL,DT,False,262,2,universe
HMY,2026-09-16,19.22,0.89,True,20.45,0.037,0.48,False,66.4,-0.17,66.6,False,4.61,3.72,43.0,-5.1,C 基底修復,True,8:49,264.6,跌,196.0,13,False,3.0,-0.3123,-0.2879,-0.3958,False,False,-6.39,-1.39,19.28,-0.31,-0.07,80.6,OHLC,—,HH/HL,自然回檔,True,262,2,universe
ROAD,2026-09-16,95.07,4.41,False,110.1,-0.292,-0.1,True,66.4,0.98,65.4,False,4.63,3.7,10.0,0.0,D 趨勢弱,True,8:49,264.6,跌,104.0,18,False,3.0,-1.2241,-1.3238,-1.7528,True,False,-15.81,-3.41,99.67,-4.84,-1.04,46.3,OHLC,—,LH/LL,DT,True,262,2,universe
GDDY,2026-09-16,99.09,4.28,True,96.66,0.424,0.67,False,65.6,-0.61,66.2,False,4.32,4.17,36.0,-1.1,D 趨勢弱,False,4:10,125.1,跌,20.0,1,False,3.0,-0.0182,0.1103,-0.9446,False,True,2.45,0.57,104.9,-5.86,-1.36,173.5,OHLC,—,LH/LL,自然回檔,False,262,2,universe
LULU,2026-09-16,95.98,4.95,False,110.53,-0.458,-0.56,True,65.3,0.38,64.9,False,5.16,3.39,0.0,0.0,D 趨勢弱,True,7:00,210.0,跌,67.0,8,False,3.0,-1.8667,-1.9705,-2.5032,True,False,-15.16,-2.94,100.3,-4.5,-0.87,713.7,OHLC,↓,LH/LL,DT,False,262,2,universe
MAZE,2026-09-16,23.92,1.36,False,26.88,-0.105,-0.56,True,65.1,0.22,64.9,False,5.7,2.88,0.8,-3.7,D 趨勢弱,True,8:38,258.9,跌,94.0,13,False,3.0,-0.3298,-0.3438,-0.4162,True,False,-12.39,-2.17,30.42,-27.2,-4.77,10.8,OHLC,↓,LH/LL,DT,False,262,2,universe
UPST,2026-09-16,24.85,1.39,False,28.98,-0.184,-0.27,True,65.0,0.11,64.9,False,5.58,3.03,10.0,10.0,D 趨勢弱,True,8:49,264.6,跌,106.0,12,False,3.0,-0.3403,-0.3459,-0.6567,True,False,-16.63,-2.98,26.1,-5.03,-0.9,103.7,OHLC,↓,LH/LL,DT,False,262,2,universe
TRUP,2026-09-16,25.63,1.28,True,28.6,0.063,0.08,False,64.9,-0.6,65.5,False,4.99,3.64,10.5,-1.3,D 趨勢弱,True,8:41,260.3,跌,95.0,14,False,3.0,-0.4494,-0.5095,-0.7611,True,False,-11.57,-2.32,26.32,-2.69,-0.54,10.8,OHLC,↓,LH/LL,自然回檔,False,262,2,universe
TIC,2026-09-16,8.85,0.46,True,9.59,0.04,0.67,False,64.5,-4.3,68.8,False,5.18,3.53,34.7,-18.2,D 趨勢弱,True,8:49,264.6,跌,153.0,19,False,3.0,-0.092,-0.0547,-0.1007,False,False,-8.38,-1.62,9.56,-8.02,-1.55,12.9,OHLC,—,LH/LL,自然回檔,False,262,2,universe
COMP,2026-09-16,10.33,0.54,False,11.51,-0.071,-0.54,True,64.1,0.15,64.0,False,5.22,3.56,26.0,-1.1,D 趨勢弱,True,8:49,264.6,跌,173.0,21,False,3.0,-0.0612,-0.0704,-0.2689,True,False,-11.45,-2.19,10.65,-3.1,-0.59,119.0,OHLC,—,LH/LL,DT,True,262,2,universe
FWRG,2026-09-16,10.43,0.6,False,12.09,-0.124,-0.71,True,63.9,0.76,63.1,False,5.77,3.07,0.0,0.0,D 趨勢弱,True,8:49,264.6,跌,111.0,13,False,3.0,-0.1945,-0.1766,-0.1945,False,False,-15.95,-2.77,12.29,-17.83,-3.09,10.8,OHLC,↓,LH/LL,DT,False,262,2,universe
ZS,2026-09-16,191.58,9.92,True,177.26,1.01,0.51,False,63.1,-0.08,63.2,False,5.18,3.82,40.7,1.1,D 趨勢弱,True,9:49,294.6,升,14.0,2,False,3.0,0.9554,0.2812,,False,False,7.47,1.44,,,,650.0,OHLC,—,LH/LL,UT,False,262,2,universe
CXM,2026-09-16,5.59,0.32,False,6.86,-0.036,-0.38,True,62.4,0.97,61.4,False,5.69,3.45,5.0,0.0,D 趨勢弱,True,8:32,255.8,跌,92.0,10,False,3.0,-0.1915,-0.2203,-0.312,True,False,-22.74,-4.0,5.29,5.37,0.94,24.1,OHLC,—,HH/HL,DT,False,262,2,universe
QS,2026-09-16,5.0,0.27,False,5.76,-0.015,0.22,True,61.5,0.06,61.4,False,5.34,3.99,10.0,0.0,D 趨勢弱,True,8:49,264.6,跌,100.0,12,False,3.0,-0.0428,-0.0394,-0.1334,False,False,-15.25,-2.85,5.59,-11.8,-2.21,69.0,OHLC,↓,LH/LL,DT,False,262,2,universe
CCCC,2026-09-16,3.45,0.2,False,3.88,-0.003,0.04,True,61.3,1.22,60.0,False,5.8,3.58,35.0,-3.0,D 趨勢弱,True,8:49,264.6,跌,104.0,13,False,3.0,-0.0498,-0.0584,-0.0826,True,False,-12.42,-2.14,3.51,-1.74,-0.3,6.9,OHLC,↓,LH/LL,自然回檔,False,262,2,universe
BBWI,2026-09-16,16.73,0.99,False,18.8,-0.104,-0.39,True,61.1,0.98,60.1,False,5.92,3.5,3.9,2.8,D 趨勢弱,True,6:54,206.8,跌,65.0,6,False,3.0,-0.1734,-0.1368,-0.2302,False,False,-12.4,-2.1,18.57,-11.0,-1.86,117.5,OHLC,↓,LH/LL,DT,False,262,2,universe
KOD,2026-09-16,32.77,2.01,False,38.27,-0.361,-0.76,True,60.6,0.1,60.5,False,6.14,3.37,27.5,-0.8,D 趨勢弱,True,8:49,264.6,跌,143.0,26,False,3.0,-0.3819,-0.4491,-0.7037,True,False,-16.78,-2.74,39.46,-20.42,-3.33,19.7,OHLC,↓,LH/LL,DT,False,262,2,universe
CAVA,2026-09-16,49.76,2.96,False,63.22,-0.799,-1.04,True,59.7,1.37,58.3,False,5.94,3.76,0.0,0.0,D 趨勢弱,True,8:49,264.6,跌,117.0,13,False,3.0,-1.408,-1.3715,-1.408,False,False,-27.06,-4.55,55.88,-12.3,-2.07,147.7,OHLC,↓,LH/LL,DT,False,262,2,universe
FIGS,2026-09-16,12.9,0.71,True,14.11,0.121,0.9,True,58.9,0.56,58.3,False,5.52,4.36,37.9,-2.8,C 基底修復,False,5:49,174.3,跌,47.0,11,False,3.0,-0.328,-0.3171,-0.3739,False,False,-9.41,-1.71,14.29,-10.78,-1.95,33.0,OHLC,↓,LH/LL,DT,False,262,2,universe
NUTX,2026-09-16,217.32,11.04,True,187.51,1.658,0.76,True,58.2,0.39,57.8,False,5.08,4.96,65.0,0.4,E 延伸,False,10:08,303.8,升,19.0,3,False,3.0,1.7833,1.4872,,False,False,13.72,2.7,190.66,12.27,2.42,32.9,OHLC,↑,HH/HL,UT,False,262,2,universe
FNKO,2026-09-16,5.26,0.34,False,6.03,-0.005,-0.24,True,58.0,0.21,57.7,False,6.46,3.62,34.6,-1.3,D 趨勢弱,True,8:49,264.6,跌,104.0,10,False,3.0,-0.1189,-0.1254,-0.1509,True,False,-14.65,-2.27,5.48,-4.18,-0.65,6.0,OHLC,↓,LH/LL,DT,False,262,2,universe
STRZ,2026-09-16,26.28,1.63,True,26.61,0.006,0.05,False,56.8,-1.29,58.0,False,6.2,4.15,66.4,-12.5,C 基底修復,False,3:24,101.9,跌,7.0,1,False,3.0,-0.0251,0.0057,-0.5806,False,True,-1.24,-0.2,27.15,-3.31,-0.53,4.6,OHLC,—,LH/LL,DT,True,262,2,universe
PDEX,2026-09-16,71.85,4.43,True,65.93,0.173,0.19,True,56.2,0.96,55.3,False,6.16,4.3,70.5,-1.0,B 上升結構,False,10:21,310.6,升,23.0,2,False,3.0,0.4471,0.0023,,False,False,8.24,1.34,67.98,5.39,0.87,5.2,OHLC,—,LH/LL,UT,False,262,2,universe
SPIR,2026-09-16,11.49,0.75,False,13.06,-0.058,-0.05,True,53.5,1.3,52.2,False,6.55,4.54,17.9,-0.6,D 趨勢弱,True,7:36,228.1,跌,77.0,11,False,3.0,-0.0927,-0.122,-0.4952,True,False,-13.7,-2.09,11.66,-1.48,-0.23,6.2,OHLC,—,LH/LL,自然反彈,True,262,2,universe
ACHR,2026-09-16,5.22,0.33,True,6.09,0.004,0.33,False,52.6,-1.69,54.3,False,6.24,5.05,10.0,0.0,D 趨勢弱,True,8:49,264.6,跌,172.0,16,False,3.0,-0.0808,-0.071,-0.1098,False,False,-16.59,-2.66,5.58,-6.9,-1.1,127.0,OHLC,↓,LH/LL,DT,False,262,2,universe
PL,2026-09-16,16.02,1.16,False,19.58,-0.196,-0.68,True,52.4,1.32,51.1,False,7.23,4.12,11.2,-0.1,D 趨勢弱,True,8:49,264.6,跌,171.0,15,False,3.0,-0.2352,-0.2829,-0.3313,True,False,-22.23,-3.08,19.99,-24.78,-3.43,168.5,OHLC,↓,LH/LL,DT,False,262,2,universe
HIMS,2026-09-16,28.0,1.7,False,29.86,-0.103,0.14,True,52.0,1.02,51.0,False,6.09,5.36,35.3,-1.0,D 趨勢弱,True,7:21,220.5,跌,73.0,11,False,3.0,-0.0484,-0.0812,-1.1398,True,False,-6.64,-1.09,28.81,-2.89,-0.48,301.2,OHLC,—,LH/LL,自然回檔,True,262,2,universe
DUOT,2026-09-16,8.3,0.59,False,9.97,-0.023,0.08,True,50.4,1.6,48.8,False,7.17,4.67,17.2,2.3,D 趨勢弱,True,8:11,245.7,跌,86.0,12,False,3.0,-0.1268,-0.1529,-0.1884,True,False,-20.09,-2.8,9.05,-9.04,-1.26,7.1,OHLC,—,LH/LL,自然反彈,True,262,2,universe
SBET,2026-09-16,7.98,0.58,True,7.79,0.046,0.7,False,50.0,-1.49,51.5,False,7.21,4.74,25.0,-0.3,E 延伸,False,4:07,123.6,跌,19.0,2,False,3.0,-0.1023,-0.0461,-0.1023,False,True,2.35,0.33,8.98,-12.53,-1.74,79.0,OHLC,↓,LH/LL,DT,False,262,2,universe
FLY,2026-09-16,20.28,1.49,False,23.71,-0.117,0.2,True,48.9,0.48,48.4,False,7.34,4.89,10.0,0.0,D 趨勢弱,True,8:39,259.4,跌,94.0,16,False,3.0,-0.0906,-0.071,-0.4242,False,False,-16.9,-2.3,21.36,-5.33,-0.73,47.9,OHLC,↓,LH/LL,DT,False,262,2,universe
JACK,2026-09-16,13.21,0.98,False,17.01,-0.112,-0.3,True,47.0,0.6,46.4,False,7.45,5.27,21.1,-0.1,D 趨勢弱,True,8:49,264.6,跌,183.0,22,False,3.0,-0.3113,-0.2782,-0.3113,False,False,-28.76,-3.86,16.14,-22.18,-2.98,7.5,OHLC,↓,LH/LL,DT,False,262,2,universe
ZIP,2026-09-16,3.83,0.3,False,4.43,-0.009,-0.14,True,46.2,1.02,45.2,False,7.73,5.2,29.9,2.1,D 趨勢弱,True,8:49,264.6,跌,178.0,18,False,3.0,-0.0564,-0.0669,-0.106,True,False,-15.72,-2.03,3.95,-3.13,-0.41,4.3,OHLC,↓,LH/LL,DT,False,262,2,universe
MRAM,2026-09-16,14.37,1.18,False,16.9,-0.093,0.05,True,41.7,0.47,41.2,False,8.21,6.05,38.9,-1.1,D 趨勢弱,True,6:23,191.5,跌,56.0,11,False,3.0,-0.2064,-0.1715,-0.2518,False,False,-17.61,-2.15,16.72,-16.35,-1.99,13.0,OHLC,↓,LH/LL,DT,False,262,2,universe
PLAY,2026-09-16,6.86,0.64,False,8.63,-0.238,-1.85,True,41.5,0.18,41.3,False,9.32,5.01,0.0,0.0,D 趨勢弱,True,8:49,264.6,跌,127.0,14,False,3.0,-0.1861,-0.1528,-0.1861,False,False,-25.84,-2.77,8.47,-23.47,-2.52,20.1,OHLC,↓,LH/LL,DT,False,262,2,universe
RGNX,2026-09-16,7.98,0.64,False,9.54,-0.071,-0.36,True,41.3,1.9,39.4,False,8.05,6.33,20.0,0.0,D 趨勢弱,True,8:49,264.6,跌,194.0,17,False,3.0,-0.1083,-0.1043,-0.5817,False,False,-19.53,-2.43,9.66,-21.05,-2.62,10.9,OHLC,↓,LH/LL,DT,False,262,2,universe
BLZE,2026-09-16,13.11,1.01,False,16.44,-0.678,-0.69,True,38.3,0.55,37.7,False,7.68,7.69,43.4,-0.3,D 趨勢弱,True,8:49,264.6,跌,206.0,20,False,3.0,-0.1574,-0.2286,-0.7144,True,False,-25.41,-3.31,13.89,-5.95,-0.77,33.0,OHLC,—,LH/LL,自然反彈,True,262,2,universe
QTTB,2026-09-16,10.98,0.88,False,13.69,-0.179,-1.48,True,31.7,0.29,31.5,False,8.02,9.88,50.0,0.0,D 趨勢弱,True,8:49,264.6,跌,371.0,42,False,3.0,-0.3344,-0.3998,-0.5753,True,False,-24.7,-3.08,10.45,4.83,0.6,6.3,OHLC,—,HH/HL,自然反彈,False,262,2,universe
BUSE,2026-09-16,30.24,0.49,False,30.6,-0.055,-0.27,False,94.3,-0.46,94.8,True,1.64,1.06,66.5,-11.0,C 基底修復,False,3:21,100.4,跌,6.0,1,False,4.0,-0.0121,0.0023,-0.1974,False,True,-1.21,-0.74,29.9,1.12,0.69,18.4,OHLC,—,HH/HL,自然反彈,True,262,2,universe
STBA,2026-09-16,49.86,0.85,False,50.44,-0.121,-0.59,False,94.1,-0.5,94.6,True,1.71,1.06,61.7,-12.1,C 基底修復,False,10:47,323.3,升,30.0,3,False,4.0,0.0347,0.0632,,False,True,-1.16,-0.68,50.68,-1.64,-0.96,11.1,OHLC,—,LH/LL,自然反彈,True,262,2,universe
CATY,2026-09-16,62.0,1.08,False,62.65,-0.104,-0.24,False,94.0,-0.36,94.3,True,1.75,1.05,67.4,-0.5,C 基底修復,False,10:54,326.8,升,32.0,3,False,4.0,0.0296,0.0378,,False,True,-1.04,-0.6,61.36,1.03,0.59,25.1,OHLC,—,HH/HL,自然回檔,True,262,2,universe
ABCB,2026-09-16,83.72,1.47,False,86.13,-0.31,-0.55,False,93.9,-0.52,94.4,True,1.75,1.07,36.6,-11.5,C 基底修復,False,3:32,105.8,跌,9.0,1,False,4.0,-0.0,0.0463,-0.6366,False,True,-2.88,-1.64,86.62,-3.46,-1.98,29.7,OHLC,↓,LH/LL,DT,False,262,2,universe
PB,2026-09-16,70.34,1.26,False,72.83,-0.242,-0.54,False,93.8,-0.33,94.2,True,1.79,1.05,37.4,-10.5,D 趨勢弱,True,8:49,264.6,跌,284.0,28,False,4.0,-0.1514,-0.1143,-0.3472,False,False,-3.54,-1.98,72.72,-3.38,-1.89,56.6,OHLC,↓,LH/LL,DT,False,262,2,universe
BFST,2026-09-16,30.97,0.53,False,31.49,-0.047,-0.25,False,93.5,-0.52,94.0,True,1.71,1.21,65.3,-13.0,C 基底修復,False,3:18,98.9,跌,5.0,1,False,4.0,-0.0254,0.0043,-0.1725,False,True,-1.66,-0.97,30.95,0.06,0.04,6.1,OHLC,—,HH/HL,自然回檔,True,262,2,universe
CVBF,2026-09-16,22.72,0.41,False,22.61,-0.012,-0.1,False,93.4,-0.47,93.8,True,1.82,1.14,62.0,-11.0,C 基底修復,False,10:26,313.2,升,24.0,3,False,4.0,0.0545,0.0513,,False,True,0.48,0.27,22.08,2.82,1.55,25.1,OHLC,↑,HH/HL,UT,False,262,2,universe
NBTB,2026-09-16,51.6,0.92,False,52.08,-0.134,-0.46,False,93.4,-0.51,93.9,True,1.79,1.15,65.9,-11.3,C 基底修復,False,10:42,320.8,升,28.0,3,False,4.0,0.0294,0.0461,,False,True,-0.93,-0.52,52.27,-1.3,-0.73,14.4,OHLC,—,LH/LL,自然回檔,True,262,2,universe
SRCE,2026-09-16,85.94,1.55,False,87.11,-0.204,-0.47,False,93.3,-0.46,93.8,True,1.8,1.17,63.7,-16.7,C 基底修復,False,3:25,102.7,跌,7.0,1,False,4.0,-0.0297,0.0412,-0.6968,False,True,-1.36,-0.75,85.35,0.69,0.38,8.4,OHLC,↑,HH/HL,UT,False,262,2,universe
FULT,2026-09-16,23.46,0.44,False,23.91,-0.066,-0.45,False,93.2,-0.59,93.8,True,1.86,1.13,58.0,-1.4,C 基底修復,False,10:14,307.0,升,21.0,3,False,4.0,0.0061,0.0185,,False,True,-1.92,-1.03,23.9,-1.88,-1.01,33.3,OHLC,↓,LH/LL,自然回檔,False,262,2,universe
CTBI,2026-09-16,76.17,1.44,False,77.27,-0.123,-0.21,False,93.0,-0.75,93.8,True,1.88,1.15,69.1,-12.2,C 基底修復,False,3:52,116.2,跌,15.0,1,False,4.0,-0.0694,0.0156,-0.5158,False,True,-1.44,-0.77,77.47,-1.71,-0.91,7.0,OHLC,—,HH/HL,自然回檔,False,262,2,universe
PFS,2026-09-16,23.16,0.43,False,23.87,-0.132,-0.86,False,92.8,-0.44,93.2,True,1.87,1.22,53.8,-0.9,C 基底修復,True,8:49,264.6,跌,251.0,27,False,4.0,-0.0121,-0.0095,-0.1921,False,False,-3.07,-1.64,23.69,-2.29,-1.22,18.1,OHLC,—,LH/LL,自然回檔,False,262,2,universe
FMBH,2026-09-16,50.18,0.94,False,50.88,-0.091,-0.33,False,92.7,-0.66,93.4,True,1.87,1.24,67.1,-12.9,C 基底修復,False,3:22,101.1,跌,6.0,1,False,4.0,-0.028,0.0248,-0.3748,False,True,-1.39,-0.74,50.0,0.36,0.19,5.6,OHLC,—,HH/HL,自然回檔,True,262,2,universe
HOPE,2026-09-16,13.95,0.26,False,14.05,-0.022,-0.13,False,92.7,-0.61,93.3,True,1.89,1.22,78.5,-1.6,A 待突破,False,3:30,105.0,跌,8.0,1,False,4.0,-0.0004,0.0039,-0.0773,False,True,-0.73,-0.39,13.96,-0.07,-0.04,11.1,OHLC,—,HH/HL,自然反彈,True,262,2,universe
ONB,2026-09-16,25.31,0.5,False,26.07,-0.095,-0.5,False,92.6,-0.9,93.5,True,1.97,1.17,49.2,-7.9,C 基底修復,False,3:27,103.3,跌,7.0,1,False,4.0,-0.0061,0.0169,-0.1861,False,True,-2.99,-1.51,26.13,-3.24,-1.64,87.2,OHLC,↓,LH/LL,DT,False,262,2,universe
FFBC,2026-09-16,32.18,0.6,False,33.06,-0.114,-0.55,False,92.4,-0.68,93.1,True,1.85,1.34,54.1,-1.9,C 基底修復,False,10:06,302.9,升,18.0,3,False,4.0,0.0056,0.0269,,False,True,-2.75,-1.48,32.98,-2.49,-1.34,22.7,OHLC,↓,LH/LL,DT,False,262,2,universe
MCD,2026-09-16,248.56,4.52,False,264.38,-0.999,-0.67,False,92.3,-0.07,92.3,True,1.82,1.4,8.6,1.0,D 趨勢弱,True,8:49,264.6,跌,158.0,16,False,4.0,-0.8671,-0.7024,-1.2782,False,False,-6.37,-3.5,258.45,-3.98,-2.19,1118.6,OHLC,↓,LH/LL,DT,False,262,2,universe
SSB,2026-09-16,103.86,2.02,False,107.63,-0.177,-0.03,False,92.3,-1.03,93.3,True,1.95,1.26,47.6,-12.8,C 基底修復,True,8:49,264.6,跌,242.0,20,False,4.0,-0.3,-0.1945,-0.7788,False,False,-3.63,-1.86,107.25,-3.26,-1.67,65.5,OHLC,—,LH/LL,自然回檔,False,262,2,universe
CIVB,2026-09-16,27.16,0.55,False,27.73,-0.07,-0.5,False,92.2,-0.43,92.6,True,2.02,1.21,58.8,-2.1,C 基底修復,False,10:42,320.9,升,28.0,4,False,4.0,0.02,0.0373,,False,True,-2.1,-1.04,27.72,-2.06,-1.02,4.4,OHLC,—,LH/LL,自然回檔,True,262,2,universe
EXR,2026-09-16,136.43,2.71,False,142.53,-0.459,-1.4,False,92.2,-0.06,92.2,True,1.98,1.26,21.4,-0.3,D 趨勢弱,True,8:49,264.6,跌,270.0,27,False,4.0,-0.2985,-0.3211,-0.8188,True,False,-4.47,-2.25,139.4,-2.18,-1.1,156.4,OHLC,—,LH/LL,自然回檔,True,262,2,universe
UCB,2026-09-16,34.84,0.72,False,35.57,-0.052,-0.11,False,92.1,-0.75,92.8,True,2.06,1.21,40.7,-17.2,C 基底修復,False,3:26,103.0,跌,7.0,1,False,4.0,-0.0087,0.0174,-0.21,False,True,-2.09,-1.02,34.69,0.43,0.21,25.3,OHLC,—,HH/HL,自然回檔,True,262,2,universe
FRME,2026-09-16,41.06,0.81,False,42.05,-0.128,-0.51,False,92.0,-0.64,92.6,True,1.96,1.32,36.6,-2.4,C 基底修復,False,10:04,301.8,升,18.0,2,False,4.0,0.0104,0.0237,,False,True,-2.41,-1.23,42.1,-2.53,-1.29,15.4,OHLC,—,LH/LL,自然反彈,True,262,2,universe
ITW,2026-09-16,267.33,5.14,False,279.21,-0.948,-0.93,False,92.0,-0.03,92.1,True,1.92,1.35,21.7,-9.6,D 趨勢弱,True,8:49,264.6,跌,208.0,25,False,4.0,-0.6747,-0.8817,-2.5487,True,False,-4.44,-2.31,270.79,-1.29,-0.67,287.9,OHLC,—,LH/LL,DT,True,262,2,universe
WSBC,2026-09-16,39.54,0.8,False,41.07,-0.092,-0.39,False,91.8,-0.87,92.6,True,2.02,1.32,45.2,-3.2,C 基底修復,True,8:49,264.6,跌,275.0,33,False,4.0,-0.0984,-0.0596,-0.3421,False,False,-3.86,-1.91,41.62,-5.26,-2.61,35.1,OHLC,↓,LH/LL,DT,False,262,2,universe
CSX,2026-09-16,47.9,0.96,False,50.04,-0.104,-0.31,False,91.7,-0.21,91.9,True,2.0,1.35,57.2,-4.1,C 基底修復,True,8:48,263.8,跌,97.0,12,False,4.0,-0.2052,-0.1801,-0.3262,False,False,-4.48,-2.24,49.65,-3.65,-1.83,442.3,OHLC,↓,LH/LL,DT,False,262,2,universe
QCRH,2026-09-16,101.01,2.17,False,102.31,-0.105,-0.12,False,91.7,-0.72,92.4,True,2.15,1.21,60.7,-16.8,C 基底修復,False,3:26,103.1,跌,7.0,1,False,4.0,-0.0036,0.0947,-0.8396,False,True,-1.29,-0.6,100.55,0.46,0.21,12.8,OHLC,↑,HH/HL,UT,False,262,2,universe
UNP,2026-09-16,280.92,5.7,False,296.83,-0.42,-0.09,False,91.7,-0.39,92.0,True,2.03,1.33,54.1,-4.1,C 基底修復,True,7:36,227.9,跌,77.0,12,False,4.0,-2.0086,-2.06,-2.7173,True,False,-5.66,-2.79,314.15,-11.83,-5.83,649.1,OHLC,—,LH/LL,DT,True,262,2,universe
HBCP,2026-09-16,68.65,1.46,False,70.29,-0.16,-0.29,False,91.5,-0.72,92.3,True,2.12,1.27,58.2,-7.3,C 基底修復,False,3:47,113.6,跌,13.0,1,False,4.0,-0.0328,0.009,-0.4346,False,True,-2.39,-1.13,70.36,-2.49,-1.17,4.7,OHLC,—,LH/LL,DT,True,262,2,universe
ORRF,2026-09-16,42.0,0.91,False,42.45,-0.054,-0.18,False,91.5,-0.49,92.0,True,2.17,1.23,66.7,-11.7,C 基底修復,False,3:24,101.8,跌,7.0,1,False,4.0,-0.0146,0.0154,-0.2561,False,True,-1.07,-0.49,42.52,-1.24,-0.57,3.5,OHLC,—,HH/HL,DT,True,262,2,universe
CNA,2026-09-16,48.08,0.98,False,49.54,-0.269,-1.3,False,91.3,-0.05,91.4,True,2.03,1.41,34.2,0.9,C 基底修復,True,9:28,284.0,升,8.0,1,False,4.0,0.018,-0.0108,,False,False,-3.04,-1.49,49.45,-2.85,-1.4,19.0,OHLC,—,LH/LL,自然反彈,True,262,2,universe
FBK,2026-09-16,54.15,1.19,False,57.61,-0.468,-1.24,False,91.3,-0.49,91.8,True,2.19,1.25,16.9,-0.9,D 趨勢弱,True,8:49,264.6,跌,245.0,27,False,4.0,-0.2506,-0.2592,-0.621,True,False,-6.39,-2.92,56.99,-5.24,-2.39,20.3,OHLC,↓,LH/LL,DT,False,262,2,universe
PSA,2026-09-16,294.68,6.3,False,312.9,-1.053,-0.9,False,91.3,-0.01,91.3,True,2.14,1.32,30.2,-0.3,D 趨勢弱,True,8:49,264.6,跌,302.0,23,False,4.0,-1.0771,-1.3145,-2.6991,True,False,-6.18,-2.89,324.5,-10.12,-4.73,233.1,OHLC,↓,LH/LL,DT,False,262,2,universe
USB,2026-09-16,59.73,1.28,False,62.88,-0.294,-0.29,False,91.2,-2.29,93.5,True,2.14,1.32,42.1,-22.0,C 基底修復,True,8:49,264.6,跌,499.0,43,False,4.0,-0.196,-0.0285,-0.43,False,False,-5.27,-2.46,63.36,-6.08,-2.84,417.4,OHLC,↓,LH/LL,DT,False,262,2,universe
BYD,2026-09-16,75.6,1.61,False,79.75,-0.368,-1.24,True,91.1,0.13,91.0,True,2.12,1.37,11.0,0.6,D 趨勢弱,False,11:09,334.5,升,36.0,3,False,4.0,0.0283,0.0344,,False,False,-5.49,-2.59,77.15,-2.05,-0.97,66.8,OHLC,—,LH/LL,自然回檔,True,262,2,universe
SCHW,2026-09-16,105.16,2.24,False,108.99,-0.062,0.13,False,90.9,-0.93,91.8,True,2.13,1.41,49.4,-14.1,C 基底修復,True,8:49,264.6,跌,235.0,15,False,4.0,-0.6543,-0.5685,-0.7936,False,False,-3.64,-1.71,110.38,-4.96,-2.33,815.5,OHLC,↓,LH/LL,DT,False,262,2,universe
SMBK,2026-09-16,51.66,1.18,False,51.6,-0.066,-0.2,False,90.7,-0.63,91.3,True,2.29,1.3,83.5,-1.0,A 待突破,False,10:52,325.9,升,31.0,4,False,4.0,0.0336,0.0619,,False,True,0.11,0.05,51.27,0.75,0.33,5.3,OHLC,—,HH/HL,UT,True,262,2,universe
MCHB,2026-09-16,15.33,0.33,False,16.17,-0.081,-0.77,False,90.6,-0.44,91.0,True,2.16,1.45,43.1,0.3,C 基底修復,True,8:49,264.6,跌,290.0,21,False,4.0,-0.0454,-0.0491,-0.1506,True,False,-5.46,-2.53,15.84,-3.33,-1.54,7.0,OHLC,↓,LH/LL,DT,False,262,2,universe
THFF,2026-09-16,76.87,1.84,False,79.46,-0.221,-0.39,False,90.5,-0.62,91.2,True,2.39,1.23,48.1,-2.4,C 基底修復,True,8:49,264.6,跌,263.0,25,False,4.0,-0.1965,-0.1558,-0.5524,False,False,-3.36,-1.41,78.16,-1.68,-0.7,8.3,OHLC,—,LH/LL,自然回檔,False,262,2,universe
SMA,2026-09-16,32.26,0.73,False,33.29,-0.062,-0.53,False,90.1,-0.02,90.2,True,2.25,1.46,19.6,0.9,D 趨勢弱,True,8:49,264.6,跌,361.0,34,False,4.0,-0.0737,-0.1059,-0.2323,True,False,-3.19,-1.42,33.27,-3.13,-1.39,24.5,OHLC,—,LH/LL,DT,True,262,2,universe
SYBT,2026-09-16,79.1,1.86,False,81.3,-0.28,-1.01,False,90.0,-1.02,91.0,True,2.35,1.39,38.2,-8.5,C 基底修復,False,10:33,316.5,升,26.0,2,False,4.0,0.0455,0.0827,,False,True,-2.78,-1.18,80.28,-1.49,-0.64,12.0,OHLC,↓,LH/LL,自然回檔,False,262,2,universe
NTRS,2026-09-16,176.64,4.23,False,185.99,-0.233,0.03,False,89.9,-0.16,90.0,True,2.39,1.37,57.0,-2.4,C 基底修復,True,8:49,264.6,跌,179.0,19,False,4.0,-1.0825,-0.7425,-1.1203,False,False,-5.29,-2.21,182.52,-3.33,-1.39,168.5,OHLC,↓,LH/LL,DT,False,262,2,universe
AMAL,2026-09-16,46.62,1.13,False,48.79,-0.132,-0.4,False,89.8,-0.39,90.2,True,2.42,1.37,48.0,-0.5,C 基底修復,True,8:49,264.6,跌,255.0,28,False,4.0,-0.2263,-0.185,-0.3844,False,False,-4.65,-1.92,49.51,-6.2,-2.56,10.7,OHLC,↓,LH/LL,DT,False,262,2,universe
AMP,2026-09-16,540.86,12.28,False,557.24,-0.511,0.09,False,89.8,-1.61,91.5,True,2.27,1.5,44.0,-19.8,C 基底修復,True,8:49,264.6,跌,267.0,28,False,4.0,-2.1787,-1.1963,-3.7965,False,False,-3.03,-1.33,565.08,-4.48,-1.97,247.4,OHLC,—,LH/LL,自然回檔,False,262,2,universe
EGBN,2026-09-16,28.26,0.65,False,27.94,-0.006,0.0,False,89.8,-0.06,89.9,True,2.28,1.5,69.1,0.6,A 待突破,False,10:21,310.5,升,22.0,3,False,4.0,0.0647,0.0451,,False,True,1.12,0.49,27.33,3.29,1.44,6.9,OHLC,—,HH/HL,自然反彈,True,262,2,universe
MSBI,2026-09-16,33.33,0.78,False,33.21,-0.048,-0.16,False,89.8,-0.61,90.4,True,2.35,1.43,91.6,0.1,A 待突破,False,10:31,315.5,升,25.0,3,False,4.0,0.0012,0.0174,,False,True,0.35,0.15,33.28,0.15,0.06,4.5,OHLC,—,HH/HL,UT,True,262,2,universe
TJX,2026-09-16,122.84,2.8,False,138.76,-1.291,-1.79,False,89.7,-0.21,89.9,True,2.28,1.52,0.0,0.0,D 趨勢弱,True,8:49,264.6,跌,149.0,25,False,4.0,-0.3859,-0.4156,-1.9342,True,False,-12.96,-5.68,154.26,-25.58,-11.21,1072.0,OHLC,↓,LH/LL,DT,False,262,2,universe
SFBS,2026-09-16,41.28,0.99,False,43.34,-0.178,-0.58,False,89.6,-1.13,90.7,True,2.4,1.43,32.8,-3.5,C 基底修復,True,8:49,264.6,跌,234.0,29,False,4.0,-0.1124,-0.0701,-0.3357,False,False,-4.98,-2.08,43.38,-5.09,-2.12,21.8,OHLC,↓,LH/LL,DT,False,262,2,universe
TMP,2026-09-16,97.6,2.18,False,98.52,-0.113,-0.12,False,89.4,-0.74,90.1,True,2.24,1.63,70.7,-1.6,A 待突破,False,3:28,104.1,跌,8.0,1,False,4.0,-0.0306,0.0435,-0.5994,False,True,-0.94,-0.42,100.21,-2.67,-1.2,10.4,OHLC,—,LH/LL,自然反彈,True,262,2,universe
MBWM,2026-09-16,60.55,1.52,False,60.82,-0.028,0.06,False,89.3,-1.62,91.0,True,2.51,1.37,69.6,-2.3,A 待突破,False,3:35,107.3,跌,10.0,1,False,4.0,-0.0181,0.0545,-0.3483,False,True,-0.45,-0.18,60.33,0.36,0.14,6.4,OHLC,—,HH/HL,UT,True,262,2,universe
LYV,2026-09-16,171.13,4.28,False,179.25,-0.479,-0.39,False,88.5,-0.1,88.6,True,2.5,1.56,39.2,3.0,C 基底修復,True,8:49,264.6,跌,227.0,21,False,4.0,-0.847,-1.0719,-1.5696,True,False,-4.74,-1.9,174.37,-1.89,-0.76,306.7,OHLC,↓,LH/LL,DT,False,262,2,universe
JOE,2026-09-16,64.25,1.61,False,66.68,-0.026,0.11,False,88.3,-0.21,88.5,True,2.51,1.59,25.1,0.6,C 基底修復,True,8:49,264.6,跌,129.0,14,False,4.0,-0.3807,-0.415,-0.6583,True,False,-3.78,-1.5,65.86,-2.51,-1.0,14.1,OHLC,—,LH/LL,次級回檔,True,262,2,universe
FCNCA,2026-09-16,2099.57,51.69,False,2191.07,-5.279,-0.15,False,88.2,-1.45,89.7,True,2.46,1.66,47.8,-8.4,C 基底修復,True,8:49,264.6,跌,135.0,21,False,4.0,-6.5995,-2.9438,-14.4289,False,False,-4.36,-1.77,2197.69,-4.67,-1.9,125.0,OHLC,—,LH/LL,自然回檔,False,262,2,universe
PNFP,2026-09-16,96.07,2.51,False,102.41,-0.478,-0.51,False,88.0,-1.73,89.8,True,2.61,1.55,30.5,-15.1,D 趨勢弱,True,8:49,264.6,跌,195.0,21,False,4.0,-0.3058,-0.1279,-0.8874,False,False,-6.6,-2.52,101.08,-5.21,-2.0,84.6,OHLC,↓,LH/LL,DT,False,262,2,universe
ROST,2026-09-16,224.8,5.39,False,236.59,-0.795,-0.62,False,88.0,-0.01,88.0,True,2.4,1.77,55.2,2.7,C 基底修復,True,8:49,264.6,跌,263.0,25,False,4.0,-0.4427,-0.3821,-3.3096,False,False,-5.25,-2.19,230.74,-2.64,-1.1,576.7,OHLC,—,LH/LL,DT,True,262,2,universe
XHR,2026-09-16,17.54,0.43,False,18.73,-0.113,-1.63,False,88.0,-0.34,88.3,True,2.44,1.74,36.3,0.7,C 基底修復,True,8:49,264.6,跌,114.0,12,False,4.0,-0.066,-0.0865,-0.3431,True,False,-6.76,-2.78,19.68,-12.2,-5.01,13.1,OHLC,↓,LH/LL,DT,False,262,2,universe
PRK,2026-09-16,183.71,4.63,False,196.73,-1.562,-1.06,False,87.7,-0.96,88.7,True,2.52,1.7,30.8,-1.2,D 趨勢弱,True,8:49,264.6,跌,292.0,27,False,4.0,-1.366,-1.355,-1.9862,False,False,-7.09,-2.81,195.64,-6.49,-2.58,19.0,OHLC,↓,LH/LL,DT,False,262,2,universe
PKG,2026-09-16,231.45,5.82,False,243.06,-0.647,-0.61,False,87.6,-0.03,87.6,True,2.52,1.74,32.8,1.2,C 基底修復,True,8:49,264.6,跌,248.0,22,False,4.0,-0.6894,-0.8773,-3.1818,True,False,-5.02,-1.99,234.04,-1.12,-0.44,133.8,OHLC,—,LH/LL,自然反彈,True,262,2,universe
TDG,2026-09-16,1080.11,29.0,False,1191.99,-12.484,-1.13,False,87.5,-0.22,87.7,True,2.68,1.59,12.3,0.9,D 趨勢弱,True,8:49,264.6,跌,251.0,22,False,4.0,-6.6258,-5.8612,-14.4983,False,False,-10.36,-3.86,1207.06,-11.75,-4.38,400.1,OHLC,↓,LH/LL,DT,False,262,2,universe
AMTB,2026-09-16,29.42,0.74,False,29.05,-0.014,-0.12,False,86.7,-0.52,87.2,True,2.52,1.92,83.6,-0.4,A 待突破,False,3:27,103.3,跌,7.0,1,False,4.0,-0.0018,0.0109,-0.2497,False,True,1.27,0.5,28.88,1.84,0.73,8.9,OHLC,—,HH/HL,UT,True,262,2,universe
FHI,2026-09-16,56.69,1.6,False,62.45,-0.399,-0.35,False,85.9,-1.22,87.2,True,2.82,1.77,26.1,-4.6,D 趨勢弱,True,8:49,264.6,跌,175.0,19,False,4.0,-0.7719,-0.6789,-0.7719,False,False,-10.16,-3.6,57.53,-1.48,-0.53,32.2,OHLC,↓,LH/LL,DT,False,262,2,universe
CAC,2026-09-16,57.12,1.84,False,57.47,-0.096,-0.11,False,85.8,-0.7,86.5,True,3.23,1.4,69.4,-13.3,A 待突破,False,10:11,305.6,升,20.0,4,False,4.0,0.0118,0.0831,,False,True,-0.61,-0.19,57.38,-0.46,-0.14,5.1,OHLC,—,HH/HL,自然回檔,True,262,2,universe
BJ,2026-09-16,92.98,2.58,False,93.33,-0.07,-0.29,False,85.5,-0.31,85.8,True,2.78,1.9,32.7,-21.0,D 趨勢弱,False,10:44,322.0,升,29.0,3,False,4.0,0.2508,0.2611,,False,True,-0.38,-0.14,90.49,2.68,0.96,184.7,OHLC,↑,HH/HL,自然回檔,False,262,2,universe
IR,2026-09-16,71.44,2.04,False,79.62,-0.643,-1.37,False,85.0,-0.13,85.1,True,2.86,1.92,1.8,-9.5,D 趨勢弱,True,8:49,264.6,跌,209.0,26,False,4.0,-0.4235,-0.4641,-1.06,True,False,-11.45,-4.01,76.36,-6.89,-2.41,253.9,OHLC,↓,LH/LL,DT,False,262,2,universe
BF/A,2026-09-16,26.27,0.79,False,27.74,-0.094,-0.61,False,83.3,-0.01,83.3,True,3.0,2.11,22.0,0.6,D 趨勢弱,True,8:49,264.6,跌,108.0,16,False,4.0,-0.1581,-0.1577,-0.2552,False,False,-5.6,-1.87,27.43,-4.42,-1.47,4.0,OHLC,↓,LH/LL,DT,False,262,2,universe
LOCO,2026-09-16,14.53,0.45,False,15.49,-0.088,-0.54,True,82.5,0.5,82.0,True,3.1,2.16,50.0,-0.1,C 基底修復,False,3:48,113.8,跌,13.0,2,False,4.0,-0.0489,-0.0287,-0.1973,False,False,-6.63,-2.14,15.35,-5.64,-1.82,3.3,OHLC,—,LH/LL,DT,True,262,2,universe
BF/B,2026-09-16,25.74,0.8,False,27.39,-0.075,-0.56,False,82.4,-0.42,82.8,True,3.13,2.15,20.6,4.9,D 趨勢弱,True,8:49,264.6,跌,123.0,25,False,4.0,-0.152,-0.1435,-0.2612,False,False,-6.4,-2.05,25.96,-0.85,-0.27,60.2,OHLC,↓,LH/LL,DT,False,262,2,universe
TFIN,2026-09-16,63.66,2.1,False,71.64,-0.951,-1.09,False,82.4,-0.78,83.2,True,3.3,1.98,25.5,-0.8,D 趨勢弱,True,8:49,264.6,跌,210.0,21,False,4.0,-0.5401,-0.5159,-0.7912,False,False,-12.54,-3.8,77.08,-21.08,-6.4,12.1,OHLC,↓,LH/LL,DT,False,262,2,universe
ODFL,2026-09-16,174.36,6.19,False,197.32,-1.964,-1.12,False,81.6,-1.32,82.9,True,3.55,1.89,12.0,-1.3,D 趨勢弱,True,8:49,264.6,跌,315.0,36,False,4.0,-0.7212,-0.5672,-2.4627,False,False,-13.17,-3.71,203.44,-16.68,-4.69,295.7,OHLC,↓,LH/LL,DT,False,262,2,universe
NXST,2026-09-16,163.67,6.46,False,181.1,-0.845,-0.57,False,76.9,-1.03,77.9,True,3.95,2.38,3.6,-0.5,D 趨勢弱,True,8:49,264.6,跌,270.0,26,False,4.0,-1.3171,-1.2025,-2.0735,False,False,-10.65,-2.7,170.52,-4.19,-1.06,54.7,OHLC,↓,LH/LL,DT,False,262,2,universe
CRGY,2026-09-16,14.4,0.53,True,13.37,0.165,1.22,False,76.4,-3.38,79.8,True,3.66,2.75,53.5,-5.2,B 上升結構,False,3:33,106.4,跌,9.0,1,False,4.0,-0.0039,0.0396,-0.0189,False,False,7.16,1.96,13.77,4.38,1.19,82.0,OHLC,↑,HH/HL,自然回檔,False,262,2,universe
AMTM,2026-09-16,19.88,0.72,False,21.21,-0.083,-0.43,False,76.2,-0.23,76.4,True,3.6,2.86,22.3,3.5,D 趨勢弱,True,9:53,296.5,升,15.0,2,False,4.0,0.0417,0.0224,,False,False,-6.69,-1.86,20.36,-2.41,-0.67,37.3,OHLC,—,LH/LL,自然反彈,True,262,2,universe
LFST,2026-09-16,12.79,0.49,True,12.27,0.073,0.73,False,76.2,-0.82,77.0,True,3.86,2.61,80.4,2.0,A 待突破,False,3:53,116.4,跌,15.0,2,False,4.0,-0.0281,-0.0015,-0.1874,False,False,4.06,1.05,12.62,1.33,0.34,56.2,OHLC,—,HH/HL,自然回檔,True,262,2,universe
PYPL,2026-09-16,52.71,1.78,False,57.08,-0.129,-0.35,False,75.3,-0.22,75.6,True,3.37,3.25,35.0,-0.9,D 趨勢弱,True,8:49,264.6,跌,243.0,30,False,4.0,-0.4877,-0.5257,-1.4183,True,False,-8.29,-2.46,54.6,-3.59,-1.06,654.7,OHLC,—,LH/LL,自然回檔,False,262,2,universe
FTNT,2026-09-16,171.77,7.03,True,161.25,0.039,0.22,True,73.6,0.17,73.4,False,4.09,2.86,79.4,-2.7,E 延伸,False,10:49,324.7,升,30.0,3,False,4.0,1.302,0.9849,,False,False,6.13,1.5,166.0,3.36,0.82,728.4,OHLC,—,HH/HL,自然反彈,False,262,2,universe
UFPT,2026-09-16,279.41,9.0,False,305.0,-3.504,0.13,True,73.3,0.39,72.9,False,3.22,3.78,47.9,2.0,D 趨勢弱,True,8:49,264.6,跌,217.0,19,False,4.0,-3.2698,-3.9268,-5.097,True,False,-9.16,-2.84,325.0,-16.32,-5.07,33.2,OHLC,↓,LH/LL,DT,False,262,2,universe
RVLV,2026-09-16,20.61,0.92,False,22.85,-0.283,-1.03,True,72.4,0.18,72.2,False,4.45,2.73,4.1,1.6,D 趨勢弱,True,8:49,264.6,跌,243.0,34,False,4.0,-0.0907,-0.1328,-0.3715,True,False,-10.85,-2.44,20.43,0.87,0.2,17.6,OHLC,—,LH/LL,自然回檔,False,262,2,universe
EXPE,2026-09-16,286.97,12.16,False,307.96,-0.751,-0.22,True,72.3,0.23,72.0,False,4.24,2.96,37.2,-1.2,C 基底修復,True,8:49,264.6,跌,179.0,19,False,4.0,-3.6192,-4.3654,-7.9078,True,False,-7.31,-1.73,293.08,-2.13,-0.5,482.1,OHLC,↓,LH/LL,自然回檔,False,262,2,universe
YELP,2026-09-16,20.76,0.97,False,23.1,-0.15,-0.85,True,70.6,0.53,70.0,False,4.65,2.87,5.0,4.4,D 趨勢弱,True,8:49,264.6,跌,197.0,31,False,4.0,-0.0358,-0.0327,-0.3891,False,False,-11.27,-2.42,21.83,-5.15,-1.11,22.3,OHLC,↓,LH/LL,DT,False,262,2,universe
REAL,2026-09-16,9.48,0.52,False,11.25,-0.091,-0.54,True,66.3,0.78,65.6,False,5.52,2.83,10.6,0.6,D 趨勢弱,True,8:49,264.6,跌,221.0,26,False,4.0,-0.0599,-0.0726,-0.1667,True,False,-18.69,-3.39,9.83,-3.69,-0.67,23.9,OHLC,—,LH/LL,DT,True,262,2,universe
HUBG,2026-09-16,33.12,1.93,False,38.93,-0.3,-0.96,True,60.5,0.58,59.9,False,5.84,3.7,5.0,0.0,D 趨勢弱,True,8:49,264.6,跌,405.0,37,False,4.0,-0.2071,-0.1664,-1.0125,False,False,-17.53,-3.0,36.68,-10.75,-1.84,40.7,OHLC,↓,LH/LL,DT,False,262,2,universe
CRSR,2026-09-16,13.16,0.69,True,12.49,0.05,0.42,False,55.0,-0.52,55.5,False,5.27,5.48,72.2,-5.7,B 上升結構,False,11:05,332.6,升,35.0,4,False,4.0,0.0659,0.0769,,False,True,5.08,0.96,12.83,2.51,0.48,16.4,OHLC,—,HH/HL,次級反彈,False,262,2,universe
FWRD,2026-09-16,15.49,0.89,True,17.61,0.038,0.42,False,54.9,-2.54,57.5,False,5.77,4.98,15.0,-11.9,D 趨勢弱,True,8:49,264.6,跌,171.0,19,False,4.0,-0.232,-0.1877,-0.4241,False,False,-13.69,-2.37,18.36,-18.53,-3.21,7.8,OHLC,↓,LH/LL,DT,False,262,2,universe
KRMN,2026-09-16,36.94,2.82,False,47.13,-0.778,-1.14,True,49.6,0.49,49.1,False,7.65,4.39,0.0,0.0,D 趨勢弱,True,8:49,264.6,跌,148.0,19,False,4.0,-0.5692,-0.8583,-2.0422,True,False,-27.58,-3.61,41.83,-13.24,-1.73,109.3,OHLC,↓,LH/LL,自然反彈,False,262,2,universe
FOUR,2026-09-16,42.09,2.97,False,44.71,-0.269,-0.4,True,49.2,0.42,48.8,False,7.06,5.09,9.9,1.6,D 趨勢弱,False,3:39,109.7,跌,11.0,1,False,4.0,-0.0145,0.0531,-1.5872,False,True,-6.21,-0.88,40.8,3.06,0.43,85.3,OHLC,—,HH/HL,DT,True,262,2,universe
LCID,2026-09-16,4.04,0.37,False,5.28,-0.127,-1.78,True,35.5,0.26,35.2,False,9.23,7.16,10.0,0.0,D 趨勢弱,True,8:49,264.6,跌,405.0,29,False,4.0,-0.0276,-0.0361,-0.2158,True,False,-30.57,-3.31,4.71,-16.58,-1.8,49.0,OHLC,↓,LH/LL,DT,False,262,2,universe
RARE,2026-09-16,12.88,1.49,False,19.19,-0.376,-1.2,True,28.4,0.91,27.5,False,11.56,7.92,0.0,-5.0,D 趨勢弱,True,7:03,211.5,跌,68.0,9,False,4.0,-0.8363,-0.9622,-1.28,True,False,-49.03,-4.24,15.3,-18.79,-1.63,66.0,OHLC,↓,LH/LL,DT,False,262,2,universe
DSL,2026-09-16,10.17,0.1,False,10.6,-0.018,-0.67,False,97.9,-0.11,98.0,True,0.95,0.64,12.9,-0.6,D 趨勢弱,True,8:49,264.6,跌,114.0,11,False,5.0,-0.0349,-0.0272,-0.0349,False,False,-4.26,-4.5,10.74,-5.6,-5.92,5.8,OHLC,↓,LH/LL,DT,False,262,2,universe
NATL,2026-09-16,46.08,0.61,False,46.34,-0.018,-0.22,False,96.3,-0.04,96.3,True,1.33,0.81,54.5,0.6,C 基底修復,False,11:30,345.2,升,42.0,4,False,5.0,0.0151,0.0224,,False,True,-0.56,-0.42,46.5,-0.91,-0.69,31.9,OHLC,—,LH/LL,自然反彈,False,262,2,universe
BANR,2026-09-16,71.08,1.35,False,71.39,-0.027,0.1,False,92.7,-0.55,93.2,True,1.9,1.23,69.1,-2.1,C 基底修復,False,10:48,324.0,升,30.0,3,False,5.0,0.0835,0.1182,,False,True,-0.43,-0.23,69.22,2.62,1.38,20.3,OHLC,↑,HH/HL,UT,False,262,2,universe
APLE,2026-09-16,15.43,0.33,False,15.99,-0.046,-0.63,False,91.2,-0.45,91.7,True,2.17,1.29,59.6,0.8,C 基底修復,True,8:42,261.1,跌,95.0,11,False,5.0,-0.0413,-0.05,-0.1609,True,False,-3.64,-1.68,15.84,-2.69,-1.24,35.9,OHLC,—,LH/LL,DT,True,262,2,universe
HLT,2026-09-16,305.63,6.58,False,319.4,-0.217,-0.22,False,90.8,-0.0,90.8,True,2.15,1.42,32.6,-1.2,D 趨勢弱,True,8:05,242.7,跌,85.0,12,False,5.0,-0.8734,-0.9733,-2.0575,True,False,-4.51,-2.09,324.56,-6.19,-2.87,497.6,OHLC,—,LH/LL,自然反彈,True,262,2,universe
EBC,2026-09-16,21.59,0.48,False,22.46,-0.078,-0.7,False,90.7,-0.63,91.3,True,2.22,1.37,46.5,-7.1,C 基底修復,True,8:49,264.6,跌,442.0,41,False,5.0,-0.0411,-0.0429,-0.1998,True,False,-4.01,-1.81,22.39,-3.71,-1.67,41.7,OHLC,↓,LH/LL,DT,False,262,2,universe
MAR,2026-09-16,334.97,7.57,False,347.27,-0.053,-0.62,True,89.2,0.21,89.0,True,2.26,1.66,22.0,-6.4,C 基底修復,False,10:11,305.6,升,20.0,2,False,5.0,0.2986,0.126,,False,False,-3.67,-1.62,360.2,-7.53,-3.33,499.5,OHLC,↓,LH/LL,自然反彈,False,262,2,universe
RHP,2026-09-16,119.93,3.16,False,124.2,-0.276,-0.39,False,87.8,-0.36,88.1,True,2.63,1.58,57.7,-0.2,C 基底修復,True,8:13,246.3,跌,87.0,11,False,5.0,-0.5256,-0.5132,-1.7354,False,False,-3.56,-1.35,124.43,-3.75,-1.43,65.7,OHLC,↓,LH/LL,DT,False,262,2,universe
MATX,2026-09-16,235.62,5.9,True,221.12,1.013,0.94,False,86.7,-0.42,87.2,True,2.5,1.92,72.1,1.9,B 上升結構,False,11:17,338.6,升,38.0,5,False,5.0,1.0708,1.1441,,False,False,6.15,2.46,220.03,6.62,2.64,62.4,OHLC,↑,HH/HL,UT,False,262,2,universe
RLJ,2026-09-16,10.83,0.3,False,11.2,-0.051,-0.82,False,86.7,-0.47,87.2,True,2.74,1.69,62.7,-3.3,C 基底修復,True,6:57,208.7,跌,66.0,12,False,5.0,-0.006,-0.0063,-0.2251,True,False,-3.41,-1.24,11.17,-3.14,-1.14,17.3,OHLC,—,LH/LL,UT,True,262,2,universe
PEB,2026-09-16,17.84,0.56,False,18.14,-0.05,-0.39,False,85.0,-0.87,85.8,True,3.13,1.65,57.5,-3.0,C 基底修復,False,10:06,303.1,升,18.0,2,False,5.0,0.0048,0.0113,,False,True,-1.68,-0.54,18.19,-1.96,-0.63,35.4,OHLC,—,LH/LL,自然反彈,True,262,2,universe
TNL,2026-09-16,64.42,1.87,False,70.52,-0.553,-1.37,False,85.0,-0.45,85.5,True,2.9,1.87,12.0,-10.1,D 趨勢弱,True,8:49,264.6,跌,217.0,27,False,5.0,-0.1939,-0.203,-0.7543,True,False,-9.47,-3.26,66.74,-3.6,-1.24,41.6,OHLC,↓,LH/LL,DT,False,262,2,universe
FANG,2026-09-16,194.54,6.83,False,200.4,-0.878,0.02,False,79.6,-5.3,84.9,True,3.51,2.32,44.2,-24.4,C 基底修復,False,3:37,108.5,跌,10.0,1,False,5.0,-0.4088,0.4295,-1.3795,False,True,-3.01,-0.86,205.0,-5.38,-1.53,512.0,OHLC,—,LH/LL,自然回檔,False,262,2,universe
GIII,2026-09-16,28.17,1.01,False,30.61,-0.26,-1.4,False,79.5,-0.04,79.5,True,3.59,2.25,8.1,0.8,D 趨勢弱,True,8:49,264.6,跌,207.0,29,False,5.0,-0.161,-0.2722,-0.681,True,False,-8.66,-2.41,28.22,-0.18,-0.05,22.9,OHLC,↓,LH/LL,自然反彈,False,262,2,universe
RYTM,2026-09-16,98.01,4.38,False,108.85,-0.078,-0.1,True,73.4,0.77,72.6,False,4.47,2.53,12.6,-8.2,D 趨勢弱,True,8:49,264.6,跌,188.0,19,False,5.0,-1.0185,-1.0151,-1.6924,False,False,-11.06,-2.48,104.71,-6.84,-1.53,51.6,OHLC,↓,LH/LL,DT,False,262,2,universe
NESR,2026-09-16,31.49,1.53,True,33.97,0.158,0.6,False,64.3,-0.9,65.2,False,4.85,3.89,70.0,-1.4,B 上升結構,True,8:49,264.6,跌,212.0,17,False,5.0,-0.549,-0.4786,-0.549,False,False,-7.88,-1.62,35.45,-12.58,-2.59,52.3,OHLC,↓,LH/LL,DT,False,262,2,universe
S,2026-09-16,23.17,1.16,True,21.43,0.084,0.3,False,63.6,-0.06,63.6,False,5.02,3.88,64.8,-5.5,B 上升結構,True,9:54,297.2,升,15.0,2,False,5.0,0.23,0.1351,,False,False,7.49,1.49,,,,208.3,OHLC,—,LH/LL,UT,False,262,2,universe
DDOG,2026-09-16,230.79,12.1,False,235.88,-1.728,-0.58,True,60.0,0.41,59.6,False,5.24,4.39,58.0,3.1,C 基底修復,False,10:30,315.0,升,25.0,3,False,5.0,1.7688,1.3415,,False,True,-2.21,-0.42,214.76,6.95,1.32,842.7,OHLC,—,LH/LL,UT,False,262,2,universe
PAYS,2026-09-16,11.82,0.71,True,12.72,0.036,0.51,False,57.2,-1.71,58.9,False,5.97,4.27,61.1,-3.0,B 上升結構,True,8:49,264.6,跌,125.0,15,False,5.0,-0.2666,-0.2233,-0.288,False,False,-7.65,-1.28,13.34,-12.86,-2.15,9.1,OHLC,↓,LH/LL,DT,False,262,2,universe
D,2026-09-16,63.51,1.13,False,66.48,-0.135,-0.73,False,94.3,-0.02,94.3,True,1.77,0.94,21.1,-1.0,D 趨勢弱,True,8:49,264.6,跌,512.0,41,False,6.0,-0.1971,-0.1736,-0.5079,False,False,-4.68,-2.64,66.92,-5.37,-3.03,280.2,OHLC,↓,LH/LL,DT,False,262,2,universe
DEA,2026-09-16,23.29,0.46,False,24.46,-0.08,-0.47,False,92.2,-0.58,92.8,True,1.99,1.25,35.4,-12.2,D 趨勢弱,True,8:49,264.6,跌,98.0,12,False,6.0,-0.1047,-0.0811,-0.1527,False,False,-5.02,-2.52,,,,7.2,OHLC,—,HH/HL,DT,False,262,2,universe
CDP,2026-09-16,34.32,0.78,False,36.22,-0.105,-0.73,False,91.7,-0.11,91.8,True,2.28,1.08,34.7,-1.0,C 基底修復,True,8:49,264.6,跌,427.0,48,False,6.0,-0.1608,-0.1481,-0.3,False,False,-5.55,-2.43,36.01,-4.92,-2.16,27.1,OHLC,—,LH/LL,DT,True,262,2,universe
BNL,2026-09-16,19.42,0.41,False,20.88,-0.045,-0.48,False,91.5,-1.1,92.6,True,2.12,1.28,28.0,-13.8,D 趨勢弱,True,8:49,264.6,跌,117.0,12,False,6.0,-0.1277,-0.0833,-0.2268,False,False,-7.52,-3.54,21.37,-10.04,-4.73,33.2,OHLC,↓,LH/LL,DT,False,262,2,universe
EPRT,2026-09-16,26.79,0.59,False,29.9,-0.3,-1.37,False,90.4,-1.97,92.4,True,2.22,1.43,2.5,-6.2,D 趨勢弱,True,8:49,264.6,跌,109.0,15,False,6.0,-0.2757,-0.1857,-0.2757,False,False,-11.61,-5.23,30.19,-12.69,-5.72,52.0,OHLC,↓,LH/LL,DT,False,262,2,universe
REXR,2026-09-16,38.84,0.77,True,37.26,0.107,0.16,False,90.0,-0.38,90.3,True,1.98,1.77,41.6,3.7,C 基底修復,False,11:49,354.7,升,47.0,4,False,6.0,0.1663,0.1324,,False,False,4.07,2.06,36.63,5.69,2.87,95.6,OHLC,↑,HH/HL,UT,False,262,2,universe
XYL,2026-09-16,107.27,2.8,False,111.88,-0.457,-0.87,False,87.2,-0.28,87.5,True,2.61,1.73,6.3,1.5,D 趨勢弱,True,9:27,283.5,升,8.0,1,False,6.0,0.0528,-0.0397,,False,False,-4.3,-1.65,108.81,-1.44,-0.55,254.0,OHLC,—,LH/LL,自然回檔,True,262,2,universe
EQNR,2026-09-16,44.2,1.18,True,42.4,0.222,0.81,False,82.9,-1.09,84.0,True,2.68,2.51,69.3,-3.0,A 待突破,False,11:30,345.1,升,42.0,6,False,6.0,0.0367,0.1276,,False,False,4.08,1.52,42.09,4.77,1.78,129.8,OHLC,↑,HH/HL,自然回檔,False,262,2,universe
ADPT,2026-09-16,27.67,1.26,True,25.3,0.283,0.59,False,67.9,-0.37,68.2,False,4.54,3.5,78.3,-3.9,E 延伸,True,9:41,290.6,升,11.0,1,False,6.0,0.1131,-0.0525,,False,False,8.58,1.89,,,,53.1,OHLC,—,LH/LL,UT,False,262,2,universe
VITL,2026-09-16,10.03,0.49,False,10.97,-0.079,-0.9,True,67.3,1.17,66.1,False,4.84,3.32,14.9,-2.0,D 趨勢弱,True,9:31,285.7,升,9.0,2,False,6.0,0.0313,0.0126,,False,False,-9.35,-1.93,10.14,-1.1,-0.23,12.4,OHLC,—,LH/LL,自然反彈,True,262,2,universe
SRRK,2026-09-16,49.37,2.74,False,53.87,-0.275,-0.08,True,65.5,0.38,65.1,False,5.56,2.96,43.1,-2.7,C 基底修復,True,8:49,264.6,跌,103.0,10,False,6.0,-1.0175,-0.8652,-1.0324,False,False,-9.12,-1.64,55.33,-12.07,-2.17,81.4,OHLC,—,HH/HL,DT,False,262,2,universe
NET,2026-09-16,324.65,16.77,True,302.0,0.872,0.34,True,64.5,0.28,64.2,False,5.16,3.55,77.5,-3.0,B 上升結構,False,11:35,347.4,升,43.0,5,False,6.0,3.4446,3.399,,False,False,6.98,1.35,334.6,-3.06,-0.59,991.1,OHLC,—,LH/LL,UT,False,262,2,universe
VG,2026-09-16,14.65,0.71,True,14.38,0.052,0.59,False,64.0,-1.31,65.3,False,4.82,4.0,46.9,-2.3,B 上升結構,False,3:38,109.2,跌,11.0,1,False,6.0,-0.0129,0.0472,-0.1561,False,True,1.87,0.39,14.42,1.57,0.33,200.3,OHLC,↑,HH/HL,自然回檔,False,262,2,universe
OCUL,2026-09-16,9.87,0.55,True,10.54,0.034,0.59,False,63.6,-0.46,64.0,False,5.61,3.3,15.4,-36.7,D 趨勢弱,True,6:09,184.7,跌,53.0,5,False,6.0,-0.1506,-0.1092,-0.1919,False,False,-6.81,-1.22,10.72,-8.61,-1.54,21.8,OHLC,↓,LH/LL,DT,False,262,2,universe
PRAX,2026-09-16,308.99,16.98,False,359.77,-0.816,0.28,True,62.5,0.08,62.4,False,5.5,3.63,33.4,-11.1,D 趨勢弱,True,8:49,264.6,跌,129.0,16,False,6.0,-6.7116,-6.1099,-6.7116,False,False,-16.44,-2.99,377.37,-22.13,-4.03,98.9,OHLC,↓,LH/LL,DT,False,262,2,universe
PMTS,2026-09-16,23.76,1.54,False,25.83,-0.04,-1.33,True,56.1,0.06,56.0,False,6.48,4.01,37.4,-2.0,D 趨勢弱,True,8:49,264.6,跌,147.0,18,False,6.0,-0.8503,-0.8488,-0.8503,False,False,-8.7,-1.34,29.56,-24.43,-3.77,4.9,OHLC,—,LH/LL,自然回檔,False,262,2,universe
NTSK,2026-09-16,17.29,1.07,True,15.1,0.135,0.63,True,54.7,0.06,54.6,False,6.21,4.6,41.6,-2.9,D 趨勢弱,False,10:13,306.3,升,20.0,3,False,6.0,0.266,0.2171,,False,False,12.66,2.04,14.99,13.3,2.14,105.7,OHLC,↑,HH/HL,UT,False,250,2,universe
USAR,2026-09-16,15.1,1.1,False,18.01,-0.074,0.08,True,49.1,0.01,49.1,False,7.26,4.92,1.0,0.0,D 趨勢弱,True,6:50,204.9,跌,64.0,12,False,6.0,-0.3301,-0.3228,-0.3301,False,False,-19.24,-2.65,17.85,-18.21,-2.51,198.2,OHLC,↓,LH/LL,DT,False,262,2,universe
ENOV,2026-09-16,18.66,1.39,False,22.12,-0.394,-1.56,True,46.8,1.49,45.3,False,7.44,5.33,5.0,0.0,D 趨勢弱,True,8:49,264.6,跌,232.0,29,False,6.0,-0.2931,-0.4073,-0.7904,True,False,-18.52,-2.49,19.28,-3.32,-0.45,31.8,OHLC,↓,LH/LL,自然反彈,False,262,2,universe
CRDO,2026-09-16,161.49,15.31,False,198.62,-3.049,-0.64,True,36.3,2.22,34.1,False,9.48,6.59,20.0,4.3,D 趨勢弱,True,8:49,264.6,跌,206.0,18,False,6.0,-4.1562,-5.6968,-8.6924,True,False,-22.99,-2.43,170.57,-5.62,-0.59,1230.8,OHLC,↓,LH/LL,自然反彈,False,262,2,universe
NEA,2026-09-16,10.46,0.11,False,11.03,-0.085,-1.76,False,97.6,-0.13,97.7,True,1.07,0.62,15.3,-0.4,D 趨勢弱,True,8:49,264.6,跌,121.0,11,False,7.0,-0.0592,-0.05,-0.0592,False,False,-5.4,-5.03,11.28,-7.84,-7.3,14.1,OHLC,↓,LH/LL,DT,False,262,2,universe
ARR,2026-09-16,14.81,0.29,False,16.22,-0.072,-0.74,False,93.2,-0.55,93.8,True,1.94,1.04,6.5,-0.7,D 趨勢弱,True,8:49,264.6,跌,241.0,19,False,7.0,-0.1333,-0.0999,-0.1333,False,False,-9.51,-4.9,16.47,-11.21,-5.77,50.8,OHLC,↓,LH/LL,DT,False,262,2,universe
ORC,2026-09-16,6.05,0.13,False,6.52,-0.017,-0.48,False,92.2,-0.43,92.6,True,2.13,1.11,5.7,-0.9,D 趨勢弱,True,8:49,264.6,跌,104.0,11,False,7.0,-0.0577,-0.0511,-0.0577,False,False,-7.81,-3.66,6.62,-9.42,-4.42,27.0,OHLC,↓,LH/LL,DT,False,262,2,universe
IVR,2026-09-16,6.46,0.15,False,7.21,-0.047,-1.13,False,91.2,-0.7,91.9,True,2.37,1.1,0.9,-1.4,D 趨勢弱,True,7:58,239.0,跌,83.0,12,False,7.0,-0.0732,-0.0657,-0.0732,False,False,-11.62,-4.91,7.29,-12.85,-5.42,18.8,OHLC,↓,LH/LL,DT,False,262,2,universe
BFS,2026-09-16,30.33,0.73,False,33.1,-0.177,-0.81,False,90.7,-0.53,91.2,True,2.42,1.17,11.5,-0.4,D 趨勢弱,True,8:49,264.6,跌,119.0,14,False,7.0,-0.1905,-0.1696,-0.2406,False,False,-9.13,-3.77,35.0,-15.4,-6.36,3.2,OHLC,↓,LH/LL,DT,False,262,2,universe
BEN,2026-09-16,32.72,0.81,False,34.07,-0.115,-0.05,False,88.6,-0.64,89.3,True,2.47,1.56,60.6,-4.4,C 基底修復,True,8:49,264.6,跌,98.0,12,False,7.0,-0.1697,-0.1279,-0.2462,False,False,-4.13,-1.67,33.33,-1.86,-0.75,101.0,OHLC,↓,LH/LL,DT,False,262,2,universe
WAB,2026-09-16,276.37,6.31,False,290.85,-0.747,-0.36,False,87.7,-0.22,87.9,True,2.28,1.94,54.1,-1.5,C 基底修復,True,8:49,264.6,跌,277.0,27,False,7.0,-1.4597,-1.4958,-2.8834,True,False,-5.24,-2.3,286.12,-3.53,-1.55,203.1,OHLC,—,LH/LL,DT,True,262,2,universe
SUN,2026-09-16,78.92,1.96,True,75.71,0.122,0.22,False,86.6,-0.36,87.0,True,2.49,1.97,69.1,-0.7,A 待突破,False,11:49,354.7,升,47.0,4,False,7.0,0.2684,0.2877,,False,False,4.07,1.63,74.6,5.47,2.2,35.8,OHLC,↑,HH/HL,UT,False,262,2,universe
EMN,2026-09-16,65.07,1.82,False,71.41,-0.346,-0.39,False,86.0,-0.24,86.2,True,2.8,1.79,6.0,-1.6,D 趨勢弱,True,8:49,264.6,跌,158.0,17,False,7.0,-0.7761,-0.7276,-0.7761,False,False,-9.74,-3.48,72.16,-10.9,-3.89,64.5,OHLC,↓,LH/LL,DT,False,262,2,universe
KREF,2026-09-16,6.98,0.2,False,7.48,-0.001,0.12,False,84.6,-0.23,84.8,True,2.85,2.01,24.3,0.6,D 趨勢弱,True,8:49,264.6,跌,175.0,21,False,7.0,-0.0723,-0.0683,-0.0723,False,False,-7.21,-2.53,7.62,-9.17,-3.22,3.7,OHLC,↓,LH/LL,DT,False,262,2,universe
LINE,2026-09-16,37.94,1.1,False,40.07,-0.119,-0.98,False,84.5,-0.22,84.8,True,2.89,1.97,18.5,-0.6,D 趨勢弱,True,9:43,291.5,升,12.0,1,False,7.0,0.0123,-0.0052,,False,False,-5.62,-1.94,42.36,-11.65,-4.03,29.6,OHLC,—,LH/LL,自然反彈,True,262,2,universe
APAM,2026-09-16,36.33,1.16,False,41.58,-0.201,-0.34,False,82.9,-0.44,83.3,True,3.2,1.99,19.8,-0.7,D 趨勢弱,True,8:49,264.6,跌,329.0,23,False,7.0,-0.756,-0.7312,-0.756,False,False,-14.46,-4.52,42.68,-17.48,-5.46,25.8,OHLC,↓,LH/LL,DT,False,262,2,universe
AVGO,2026-09-16,339.51,11.96,False,372.04,-2.8,-0.61,True,78.4,0.8,77.6,True,3.52,2.52,7.6,0.4,D 趨勢弱,False,4:38,139.1,跌,27.0,3,False,7.0,-1.9517,-1.6211,-6.2448,False,False,-9.58,-2.72,371.54,-9.43,-2.68,8875.7,OHLC,↓,LH/LL,DT,False,262,2,universe
MTRX,2026-09-16,9.9,0.41,False,10.78,-0.099,-0.75,True,75.5,0.44,75.0,True,4.16,2.43,0.0,0.0,D 趨勢弱,False,4:45,142.7,跌,29.0,3,False,7.0,-0.0454,-0.0372,-0.1108,False,False,-8.89,-2.14,10.61,-7.17,-1.72,3.8,OHLC,↓,LH/LL,DT,False,262,2,universe
JILL,2026-09-16,23.94,1.1,True,21.5,0.183,1.22,True,72.3,0.76,71.6,False,4.59,2.6,57.8,0.8,E 延伸,False,12:00,0.0,升,50.0,6,False,7.0,0.3607,0.3677,,False,False,10.19,2.22,24.29,-1.46,-0.32,4.0,OHLC,—,LH/LL,UT,False,262,2,universe
VAC,2026-09-16,101.45,4.25,False,111.15,-0.0,0.08,True,67.7,0.61,67.1,False,4.18,3.89,36.2,-0.6,D 趨勢弱,True,8:49,264.6,跌,142.0,19,False,7.0,-0.781,-0.9309,-2.5939,True,False,-9.56,-2.29,103.59,-2.11,-0.5,51.9,OHLC,—,LH/LL,自然回檔,True,262,2,universe
ELF,2026-09-16,93.41,4.51,True,97.98,0.707,0.53,False,67.4,-0.67,68.1,False,4.82,3.31,59.8,3.2,D 趨勢弱,True,8:49,264.6,跌,107.0,9,False,7.0,-2.2803,-2.1628,-2.2803,False,False,-4.89,-1.01,110.04,-17.8,-3.69,154.9,OHLC,↓,LH/LL,DT,False,262,2,universe
HRI,2026-09-16,142.71,7.32,False,152.66,-1.385,-0.4,True,66.6,0.88,65.7,False,5.13,3.16,29.4,12.0,D 趨勢弱,True,8:49,264.6,跌,156.0,20,False,7.0,-0.7291,-1.1509,-3.5137,True,False,-6.97,-1.36,146.27,-2.49,-0.49,75.0,OHLC,↓,LH/LL,自然反彈,False,262,2,universe
GOLD,2026-09-16,46.82,2.43,True,44.92,0.111,0.34,False,65.2,-0.2,65.4,False,5.18,3.38,44.1,4.6,C 基底修復,False,11:01,330.5,升,34.0,6,False,7.0,0.0905,0.1718,,False,True,4.05,0.78,45.88,2.01,0.39,34.1,OHLC,↑,HH/HL,次級回檔,False,262,2,universe
COLL,2026-09-16,22.19,1.15,False,26.18,-0.316,-1.11,True,63.9,0.4,63.5,False,5.17,3.66,0.0,0.0,D 趨勢弱,True,9:34,286.9,升,9.0,1,False,7.0,0.0207,-0.0122,,False,False,-18.0,-3.48,28.25,-27.31,-5.28,19.3,OHLC,↓,LH/LL,DT,False,262,2,universe
MNKD,2026-09-16,3.55,0.18,False,3.97,-0.005,-0.13,True,63.9,0.95,62.9,False,5.2,3.64,27.0,-1.1,D 趨勢弱,True,8:09,244.3,跌,86.0,13,False,7.0,-0.0578,-0.0518,-0.0578,False,False,-11.89,-2.29,4.16,-17.18,-3.31,10.9,OHLC,↓,LH/LL,DT,False,262,2,universe
WHR,2026-09-16,32.42,1.78,False,39.12,-0.601,-0.83,True,63.9,0.17,63.7,False,5.49,3.34,0.0,0.0,D 趨勢弱,True,8:49,264.6,跌,203.0,21,False,7.0,-0.749,-0.7067,-0.749,False,False,-20.68,-3.77,39.3,-21.22,-3.87,82.6,OHLC,↓,LH/LL,DT,False,262,2,universe
YSWY,2026-09-16,21.74,1.25,True,23.79,0.059,0.28,False,62.7,-0.74,63.5,False,5.73,3.34,13.2,7.8,D 趨勢弱,True,8:49,264.6,跌,100.0,12,False,7.0,-0.4185,-0.3948,-0.4185,False,False,-9.44,-1.65,22.95,-5.57,-0.97,6.0,OHLC,↓,LH/LL,DT,False,102,2,universe
NUVB,2026-09-16,5.78,0.33,False,6.53,-0.009,-0.28,True,60.5,1.08,59.4,False,5.76,3.77,38.8,-3.7,D 趨勢弱,True,8:49,264.6,跌,137.0,13,False,7.0,-0.1408,-0.137,-0.1408,False,False,-13.01,-2.26,6.93,-19.9,-3.45,28.9,OHLC,↓,LH/LL,DT,False,262,2,universe
SEPN,2026-09-16,38.44,1.99,True,41.89,0.054,0.11,False,60.1,-0.46,60.6,False,5.18,4.43,64.8,-0.9,D 趨勢弱,True,8:49,264.6,跌,100.0,18,False,7.0,-0.1237,-0.1533,-0.892,True,False,-8.96,-1.73,39.55,-2.89,-0.56,12.6,OHLC,—,LH/LL,自然回檔,True,262,2,universe
EIX,2026-09-16,54.81,3.01,False,61.71,-0.502,-0.75,True,60.0,1.43,58.5,False,5.48,4.16,5.0,0.0,D 趨勢弱,True,8:49,264.6,跌,114.0,12,False,7.0,-0.508,-0.6484,-1.8841,True,False,-12.59,-2.3,58.8,-7.28,-1.33,374.5,OHLC,—,LH/LL,自然回檔,True,262,2,universe
FUN,2026-09-16,12.37,0.84,False,15.54,-0.18,-0.86,True,54.1,0.32,53.8,False,6.77,4.19,0.0,0.0,D 趨勢弱,True,6:47,203.7,跌,63.0,6,False,7.0,-0.2329,-0.212,-0.2804,False,False,-25.61,-3.78,15.47,-25.06,-3.7,24.2,OHLC,↓,LH/LL,DT,False,262,2,universe
LIFE,2026-09-16,38.55,2.58,True,35.47,1.121,1.2,False,51.3,-1.27,52.6,False,6.7,4.92,55.4,2.9,B 上升結構,True,7:14,217.1,跌,71.0,12,False,7.0,-0.4541,-0.3303,-0.4541,False,False,7.99,1.19,38.85,-0.78,-0.12,55.2,OHLC,↑,HH/HL,自然回檔,False,159,2,universe
BKSY,2026-09-16,21.52,1.53,False,25.43,-0.125,-0.17,True,50.1,1.21,48.8,False,7.11,4.82,15.9,-0.2,D 趨勢弱,True,8:49,264.6,跌,137.0,17,False,7.0,-0.0989,-0.2028,-0.782,True,False,-18.19,-2.56,22.08,-2.6,-0.37,18.7,OHLC,—,LH/LL,自然反彈,True,262,2,universe
NNE,2026-09-16,15.64,1.12,False,18.33,-0.097,0.05,True,49.1,0.24,48.9,False,7.19,4.98,10.0,0.0,D 趨勢弱,True,7:08,214.1,跌,69.0,5,False,7.0,-0.2845,-0.2647,-0.2845,False,False,-17.18,-2.39,19.24,-23.02,-3.2,25.0,OHLC,↓,LH/LL,DT,False,262,2,universe
AGL,2026-09-16,89.66,6.34,True,94.18,0.012,-0.03,False,47.2,-0.28,47.4,False,7.07,5.61,57.6,-2.5,D 趨勢弱,False,11:40,350.2,升,45.0,7,False,7.0,0.4785,0.6175,,False,True,-5.04,-0.71,96.75,-7.91,-1.12,17.5,OHLC,—,LH/LL,次級回檔,True,262,2,universe
ONTO,2026-09-16,243.64,18.02,False,290.38,-0.697,0.19,True,44.3,0.4,43.9,False,7.39,6.1,34.8,-0.3,D 趨勢弱,True,8:49,264.6,跌,127.0,17,False,7.0,-2.9572,-2.4901,-8.7356,False,False,-19.19,-2.59,281.11,-15.38,-2.08,212.7,OHLC,↓,LH/LL,DT,False,262,2,universe
COHR,2026-09-16,289.93,23.09,False,310.06,-1.45,0.09,True,40.9,1.8,39.1,False,7.96,6.54,33.6,11.7,D 趨勢弱,False,2:20,70.0,升,89.0,7,False,7.0,0.7961,0.117,,False,True,-6.94,-0.87,266.5,8.08,1.01,1712.5,OHLC,↑,HH/HL,次級反彈,False,262,2,universe
STIM,2026-09-16,2.76,0.23,True,3.0,0.018,0.35,False,37.9,-0.28,38.2,False,8.39,7.1,55.2,-0.7,B 上升結構,True,8:49,264.6,跌,167.0,17,False,7.0,-0.0528,-0.0459,-0.0819,False,False,-8.54,-1.02,3.04,-10.14,-1.21,3.6,OHLC,↓,LH/LL,DT,False,262,2,universe
LPTH,2026-09-16,9.39,0.96,False,11.65,-0.078,-0.29,True,32.6,1.28,31.3,False,10.28,7.27,8.6,-3.3,D 趨勢弱,True,8:49,264.6,跌,144.0,13,False,7.0,-0.1729,-0.2239,-0.5135,True,False,-24.11,-2.35,10.75,-14.48,-1.41,33.0,OHLC,—,LH/LL,自然反彈,True,262,2,universe
FCEL,2026-09-16,15.5,1.74,False,18.63,-0.164,-0.47,True,26.2,1.05,25.2,False,11.23,9.42,50.0,0.0,D 趨勢弱,True,8:49,264.6,跌,175.0,19,False,7.0,-0.048,-0.094,-0.78,True,False,-20.2,-1.8,17.76,-14.58,-1.3,113.9,OHLC,↓,LH/LL,DT,False,262,2,universe
AOD,2026-09-16,10.35,0.12,False,10.66,-0.008,0.15,False,96.4,-0.24,96.7,True,1.19,0.89,55.6,-0.6,C 基底修復,True,8:49,264.6,跌,148.0,20,False,8.0,-0.0453,-0.0401,-0.0453,False,False,-3.03,-2.55,10.24,1.06,0.89,4.2,OHLC,↑,HH/HL,自然回檔,False,262,2,universe
EFC,2026-09-16,12.62,0.2,False,13.37,-0.029,-0.5,False,95.1,-0.02,95.1,True,1.6,0.91,23.0,0.5,D 趨勢弱,True,8:49,264.6,跌,102.0,15,False,8.0,-0.0923,-0.0881,-0.0923,False,False,-5.98,-3.74,13.53,-7.21,-4.51,13.2,OHLC,↓,LH/LL,DT,False,262,2,universe
DX,2026-09-16,12.16,0.2,False,12.84,-0.031,-0.45,False,94.5,-0.22,94.7,True,1.68,0.98,12.5,-0.9,D 趨勢弱,True,8:49,264.6,跌,117.0,15,False,8.0,-0.0771,-0.0673,-0.0771,False,False,-5.57,-3.32,12.69,-4.36,-2.59,61.7,OHLC,↓,LH/LL,DT,False,262,2,universe
MPLX,2026-09-16,57.93,0.99,False,59.19,-0.087,0.09,False,93.8,-0.33,94.1,True,1.7,1.14,56.8,-0.9,C 基底修復,False,4:55,147.6,跌,32.0,3,False,8.0,-0.1823,-0.1081,-0.1963,False,True,-2.18,-1.28,,,,67.7,OHLC,↑,HH/HL,自然回檔,False,262,2,universe
CNI,2026-09-16,119.49,2.04,False,124.81,-0.253,-0.5,False,93.6,-0.42,94.0,True,1.71,1.18,45.3,-2.7,C 基底修復,True,8:49,264.6,跌,373.0,34,False,8.0,-0.4075,-0.3261,-0.8509,False,False,-4.45,-2.6,123.06,-2.98,-1.74,164.7,OHLC,—,LH/LL,自然回檔,False,262,2,universe
ECAT,2026-09-16,13.81,0.27,False,15.16,-0.071,-0.89,False,93.1,-0.28,93.4,True,1.94,1.08,14.4,0.1,D 趨勢弱,True,8:49,264.6,跌,183.0,21,False,8.0,-0.1597,-0.1327,-0.1597,False,False,-9.81,-5.06,13.94,-0.94,-0.49,8.0,OHLC,↓,LH/LL,DT,False,262,2,universe
NLY,2026-09-16,21.23,0.4,False,22.69,-0.084,-0.76,False,93.0,-0.44,93.5,True,1.87,1.17,18.0,-1.4,D 趨勢弱,True,8:49,264.6,跌,119.0,16,False,8.0,-0.1865,-0.1685,-0.1865,False,False,-6.88,-3.68,23.2,-9.28,-4.97,154.0,OHLC,↓,LH/LL,DT,False,262,2,universe
IDA,2026-09-16,132.69,2.53,False,138.3,-0.347,-0.69,True,92.8,0.08,92.7,True,1.91,1.19,20.9,0.7,D 趨勢弱,False,3:34,107.1,跌,10.0,2,False,8.0,-0.1285,-0.0792,-1.002,False,False,-4.23,-2.21,137.89,-3.92,-2.05,64.4,OHLC,↓,LH/LL,DT,False,262,2,universe
FCPT,2026-09-16,23.06,0.43,False,24.7,-0.136,-1.08,False,92.5,-0.8,93.3,True,1.86,1.31,19.2,-2.2,D 趨勢弱,True,8:49,264.6,跌,148.0,12,False,8.0,-0.1798,-0.1455,-0.1819,False,False,-7.13,-3.84,23.57,-2.21,-1.19,19.9,OHLC,↓,LH/LL,DT,False,262,2,universe
SEIC,2026-09-16,104.57,2.07,False,108.01,-0.004,0.22,False,92.1,-0.45,92.5,True,1.98,1.29,64.0,-1.7,A 待突破,True,8:49,264.6,跌,109.0,11,False,8.0,-0.9985,-0.948,-0.9985,False,False,-3.29,-1.67,,,,73.1,OHLC,—,HH/HL,DT,False,262,2,universe
AGNC,2026-09-16,9.88,0.2,False,10.61,-0.051,-0.93,False,91.7,-0.51,92.2,True,2.04,1.31,13.9,-1.0,D 趨勢弱,True,7:38,229.2,跌,77.0,15,False,8.0,-0.0925,-0.0878,-0.0925,False,False,-7.36,-3.61,10.87,-10.02,-4.92,209.5,OHLC,↓,LH/LL,DT,False,262,2,universe
RYN,2026-09-16,20.04,0.47,False,20.9,-0.068,-0.52,False,89.5,-0.5,90.0,True,2.36,1.5,8.6,-1.7,D 趨勢弱,True,8:49,264.6,跌,294.0,29,False,8.0,-0.0187,-0.0102,-0.1141,False,False,-4.3,-1.83,20.92,-4.39,-1.86,71.5,OHLC,—,LH/LL,DT,True,262,2,universe
TROW,2026-09-16,102.4,2.29,False,110.54,-0.529,-0.99,False,89.1,-0.54,89.6,True,2.24,1.71,31.4,-13.2,D 趨勢弱,True,8:49,264.6,跌,112.0,13,False,8.0,-0.6855,-0.5482,-0.864,False,False,-7.95,-3.55,111.7,-9.08,-4.06,135.9,OHLC,↓,LH/LL,DT,False,262,2,universe
TXT,2026-09-16,80.71,1.91,False,83.28,-0.218,-0.66,True,88.3,0.36,87.9,True,2.37,1.74,10.1,1.4,D 趨勢弱,False,11:28,343.8,升,41.0,4,False,8.0,0.3063,0.2451,,False,False,-3.18,-1.35,81.24,-0.66,-0.28,135.0,OHLC,—,LH/LL,自然反彈,True,262,2,universe
PCAR,2026-09-16,118.22,2.91,False,127.64,-0.776,-0.84,False,88.1,-1.75,89.9,True,2.46,1.68,28.7,-21.2,C 基底修復,True,8:49,264.6,跌,229.0,29,False,8.0,-0.4901,-0.3012,-1.1366,False,False,-7.97,-3.24,124.7,-5.48,-2.23,273.3,OHLC,↓,LH/LL,DT,False,262,2,universe
GHC,2026-09-16,1134.85,31.68,False,1156.76,-1.563,-0.31,False,87.5,-0.58,88.1,True,2.79,1.48,38.6,-2.1,C 基底修復,False,10:32,316.0,升,26.0,3,False,8.0,2.6554,3.5196,,False,True,-1.93,-0.69,1152.5,-1.56,-0.56,42.8,OHLC,—,HH/HL,自然回檔,True,262,2,universe
GRMN,2026-09-16,276.93,6.5,False,291.51,-1.291,-0.33,False,84.6,-0.12,84.7,True,2.35,2.51,48.4,-10.4,C 基底修復,True,8:49,264.6,跌,167.0,21,False,8.0,-1.198,-1.385,-4.6801,True,False,-5.27,-2.24,272.18,1.72,0.73,228.5,OHLC,—,HH/HL,次級回檔,True,262,2,universe
CWEN,2026-09-16,29.98,0.9,False,32.34,-0.069,-0.16,True,84.3,0.61,83.7,True,3.01,1.91,3.3,0.2,D 趨勢弱,False,5:17,158.6,跌,38.0,4,False,8.0,-0.1878,-0.1661,-0.1878,False,False,-7.87,-2.62,33.05,-10.24,-3.4,34.2,OHLC,↓,LH/LL,DT,False,262,2,universe
AMG,2026-09-16,342.82,10.92,False,362.89,-1.654,-0.34,False,83.3,-0.46,83.8,True,3.18,1.93,45.1,-2.5,C 基底修復,True,8:49,264.6,跌,131.0,11,False,8.0,-2.3561,-1.9846,-3.3083,False,False,-5.85,-1.84,,,,91.4,OHLC,—,HH/HL,DT,False,262,2,universe
CNS,2026-09-16,71.85,2.45,False,80.23,-0.503,-0.73,False,83.0,-0.23,83.3,True,3.41,1.75,24.1,0.1,D 趨勢弱,True,8:49,264.6,跌,288.0,23,False,8.0,-0.9224,-0.8836,-0.9224,False,False,-11.66,-3.42,80.88,-12.57,-3.68,18.7,OHLC,↓,LH/LL,DT,False,262,2,universe
WSM,2026-09-16,218.2,7.55,False,234.03,-1.194,-0.32,False,82.4,-0.39,82.8,True,3.46,1.82,32.6,-7.4,C 基底修復,True,8:49,264.6,跌,189.0,23,False,8.0,-1.0687,-0.8189,-2.7972,False,False,-7.26,-2.1,230.9,-5.82,-1.68,270.3,OHLC,↓,LH/LL,DT,False,262,2,universe
DLB,2026-09-16,58.74,1.82,False,62.4,-0.017,0.71,False,81.6,-0.5,82.1,True,3.09,2.35,24.2,-12.3,C 基底修復,True,8:49,264.6,跌,142.0,14,False,8.0,-0.6553,-0.4881,-0.6553,False,False,-6.24,-2.02,,,,58.4,OHLC,—,HH/HL,DT,False,262,2,universe
APO,2026-09-16,124.53,4.02,False,133.1,-0.141,0.28,False,81.1,-1.08,82.2,True,3.23,2.29,29.4,-0.3,C 基底修復,True,8:49,264.6,跌,114.0,19,False,8.0,-1.1994,-1.055,-1.1994,False,False,-6.88,-2.13,134.49,-8.0,-2.48,305.1,OHLC,↓,LH/LL,DT,False,262,2,universe
CW,2026-09-16,570.04,19.08,False,627.62,-5.375,-1.12,True,80.4,0.66,79.7,True,3.35,2.32,1.0,-0.1,D 趨勢弱,False,10:15,307.4,升,21.0,2,False,8.0,2.3696,0.7103,,False,False,-10.1,-3.02,579.27,-1.62,-0.48,243.9,OHLC,—,LH/LL,自然反彈,True,262,2,universe
XPO,2026-09-16,174.41,6.74,False,193.16,-1.349,-0.62,False,79.1,-0.48,79.6,True,3.86,2.05,13.8,-1.7,D 趨勢弱,True,8:49,264.6,跌,154.0,19,False,8.0,-1.0054,-0.7842,-1.5419,False,False,-10.75,-2.78,193.1,-10.72,-2.77,168.0,OHLC,↓,LH/LL,DT,False,262,2,universe
LKQ,2026-09-16,23.0,0.76,False,24.85,-0.019,0.31,False,78.3,-0.21,78.6,True,3.3,2.75,5.4,-11.7,D 趨勢弱,True,8:30,255.0,跌,92.0,11,False,8.0,-0.2242,-0.197,-0.2397,False,False,-8.04,-2.43,24.11,-4.83,-1.46,72.7,OHLC,↓,LH/LL,DT,False,262,2,universe
DAKT,2026-09-16,17.56,0.72,False,19.56,-0.125,-0.5,False,78.1,-0.09,78.2,True,4.12,1.99,3.1,1.1,D 趨勢弱,True,6:57,208.4,跌,66.0,6,False,8.0,-0.178,-0.1625,-0.2315,False,False,-11.38,-2.76,,,,13.6,OHLC,—,HH/HL,DT,False,262,2,universe
CYTK,2026-09-16,69.39,2.69,False,74.85,-0.36,-0.41,True,77.8,0.43,77.4,True,3.88,2.27,35.5,-2.0,C 基底修復,False,4:11,125.6,跌,20.0,2,False,8.0,-0.3155,-0.2034,-0.9251,False,False,-7.87,-2.03,75.35,-8.59,-2.22,124.9,OHLC,↓,LH/LL,DT,False,262,2,universe
CG,2026-09-16,40.01,1.6,False,47.47,-0.404,-0.57,False,76.6,-1.98,78.6,True,3.99,2.4,10.0,0.0,D 趨勢弱,True,8:49,264.6,跌,144.0,19,False,8.0,-0.8847,-0.8386,-0.8847,False,False,-18.66,-4.68,49.4,-23.47,-5.88,132.1,OHLC,↓,LH/LL,DT,False,262,2,universe
DCO,2026-09-16,171.52,7.33,False,183.54,-1.003,-0.45,True,72.5,0.02,72.4,False,4.28,2.89,50.6,3.3,D 趨勢弱,True,8:49,264.6,跌,258.0,19,False,8.0,-0.583,-1.1867,-4.1099,True,False,-7.01,-1.64,164.08,4.34,1.01,37.7,OHLC,—,HH/HL,自然反彈,True,262,2,universe
CRS,2026-09-16,411.8,19.03,False,488.32,-5.29,-0.84,True,72.0,0.23,71.8,False,4.62,2.63,28.6,-0.9,D 趨勢弱,True,8:49,264.6,跌,482.0,53,False,8.0,-4.1162,-3.8341,-10.6321,False,False,-18.58,-4.02,475.33,-15.43,-3.34,325.0,OHLC,↓,LH/LL,DT,False,262,2,universe
WT,2026-09-16,22.26,1.02,False,23.39,-0.009,0.63,True,71.6,0.38,71.2,False,4.58,2.75,65.3,0.3,B 上升結構,True,7:20,220.1,跌,72.0,10,False,8.0,-0.4036,-0.3655,-0.4036,False,False,-5.07,-1.11,,,,63.7,OHLC,—,HH/HL,DT,False,262,2,universe
FND,2026-09-16,45.97,2.08,False,53.2,-0.759,-1.01,True,70.0,0.5,69.5,False,4.53,3.11,0.0,0.0,D 趨勢弱,True,8:49,264.6,跌,177.0,23,False,8.0,-0.3385,-0.3751,-1.0551,True,False,-15.74,-3.47,48.13,-4.7,-1.04,106.5,OHLC,↓,LH/LL,DT,False,262,2,universe
WLTH,2026-09-16,10.17,0.48,True,9.86,0.031,0.95,False,68.8,-3.78,72.5,False,4.68,3.19,24.9,-14.3,C 基底修復,False,2:43,81.4,升,95.0,8,False,8.0,0.1373,0.1819,,False,True,3.06,0.65,10.38,-2.06,-0.44,25.0,OHLC,↑,HH/HL,自然回檔,False,189,2,universe
LIND,2026-09-16,27.42,1.28,False,29.44,-0.381,-0.85,True,68.5,0.64,67.8,False,4.67,3.26,42.7,2.9,D 趨勢弱,True,8:49,264.6,跌,235.0,22,False,8.0,-0.1028,-0.2836,-1.022,True,False,-7.35,-1.57,24.31,11.34,2.43,22.8,OHLC,↑,HH/HL,UT,False,262,2,universe
PDYN,2026-09-16,5.61,0.29,False,6.01,-0.008,0.22,True,64.0,0.34,63.6,False,5.26,3.56,16.7,-9.2,D 趨勢弱,True,8:49,264.6,跌,192.0,17,False,8.0,-0.0193,-0.018,-0.0941,False,False,-7.04,-1.34,5.77,-2.85,-0.54,3.9,OHLC,—,LH/LL,自然回檔,False,262,2,universe
SYRE,2026-09-16,91.17,4.59,False,95.79,-0.349,-0.29,True,63.9,2.55,61.4,False,5.03,3.8,47.4,-0.5,D 趨勢弱,True,8:49,264.6,跌,125.0,18,False,8.0,-0.0524,-0.2686,-2.5241,True,False,-5.07,-1.01,90.79,0.42,0.08,108.6,OHLC,—,LH/LL,自然反彈,True,262,2,universe
NWL,2026-09-16,5.69,0.3,False,6.03,-0.016,-0.04,True,63.0,0.88,62.1,False,5.24,3.78,57.4,4.9,C 基底修復,True,8:49,264.6,跌,183.0,21,False,8.0,-0.0705,-0.0686,-0.0851,False,False,-6.01,-1.15,6.16,-8.26,-1.58,38.5,OHLC,↓,LH/LL,DT,False,262,2,universe
KTOS,2026-09-16,47.59,2.62,False,54.73,-0.084,-0.04,True,61.8,0.96,60.8,False,5.5,3.77,0.0,0.0,D 趨勢弱,True,8:49,264.6,跌,187.0,18,False,8.0,-0.3566,-0.5032,-1.4353,True,False,-15.01,-2.73,49.45,-3.91,-0.71,155.4,OHLC,—,LH/LL,DT,True,262,2,universe
PCG,2026-09-16,13.35,0.77,False,15.2,-0.099,-0.62,True,61.0,1.74,59.3,False,5.73,3.69,0.0,-5.0,D 趨勢弱,True,7:17,218.6,跌,71.0,13,False,8.0,-0.1742,-0.2086,-0.5219,True,False,-13.88,-2.42,14.06,-5.32,-0.93,735.4,OHLC,↓,LH/LL,DT,False,262,2,universe
BXC,2026-09-16,75.49,4.1,True,82.13,0.527,0.86,False,58.0,-0.66,58.6,False,5.43,4.65,58.1,-1.3,B 上升結構,True,8:49,264.6,跌,180.0,18,False,8.0,-1.1192,-1.0106,-2.044,False,False,-8.8,-1.62,81.81,-8.37,-1.54,10.3,OHLC,↓,LH/LL,DT,False,262,2,universe
PCT,2026-09-16,5.52,0.39,False,6.68,-0.059,-0.35,True,52.8,0.3,52.5,False,7.06,4.2,10.4,0.4,D 趨勢弱,True,8:04,242.1,跌,85.0,15,False,8.0,-0.0814,-0.0727,-0.0814,False,False,-21.07,-2.99,6.02,-9.06,-1.28,17.7,OHLC,↓,LH/LL,DT,False,262,2,universe
CLS,2026-09-16,323.83,19.77,False,318.23,-1.688,-0.23,True,52.3,1.21,51.1,False,6.11,5.26,21.1,-10.0,D 趨勢弱,False,2:49,84.6,升,112.0,8,False,8.0,3.031,3.3471,,False,True,1.73,0.28,316.08,2.39,0.39,678.9,OHLC,↑,HH/HL,自然反彈,False,262,2,universe
ARM,2026-09-16,243.98,16.25,False,256.96,-1.434,0.12,True,51.6,1.02,50.6,False,6.66,4.88,50.7,3.1,D 趨勢弱,False,12:24,11.9,升,57.0,8,False,8.0,1.0073,1.3762,,False,True,-5.32,-0.8,239.01,2.04,0.31,920.2,OHLC,↑,HH/HL,次級反彈,False,262,2,universe
QBTS,2026-09-16,16.27,1.04,False,18.57,-0.211,-0.27,True,50.0,0.33,49.7,False,6.42,5.51,10.0,0.0,D 趨勢弱,True,8:49,264.6,跌,109.0,17,False,8.0,-0.0365,-0.0363,-0.4249,False,False,-14.13,-2.2,17.67,-8.6,-1.34,254.1,OHLC,↓,LH/LL,DT,False,262,2,universe
OKLO,2026-09-16,35.62,2.71,False,42.0,-0.193,-0.27,True,47.2,0.37,46.8,False,7.6,5.07,0.0,0.0,D 趨勢弱,True,6:00,180.0,跌,50.0,4,False,8.0,-0.4418,-0.3895,-0.4418,False,False,-17.91,-2.36,43.31,-21.59,-2.84,355.6,OHLC,↓,LH/LL,DT,False,262,2,universe
DOCN,2026-09-16,123.76,9.29,False,121.39,-0.634,0.03,True,46.0,1.56,44.4,False,7.5,5.5,66.5,10.8,D 趨勢弱,False,12:28,13.9,升,58.0,7,False,8.0,1.3278,1.3169,,False,True,1.91,0.25,114.31,7.64,1.02,288.0,OHLC,—,HH/HL,自然反彈,False,262,2,universe
FSLY,2026-09-16,23.54,1.86,True,24.66,0.003,0.08,False,45.5,-0.7,46.2,False,7.88,5.25,40.0,-1.3,D 趨勢弱,False,10:13,306.7,升,20.0,3,False,8.0,0.146,0.1452,,False,True,-4.78,-0.61,24.59,-4.46,-0.57,116.2,OHLC,—,LH/LL,自然回檔,False,262,2,universe
AMIX,2026-09-16,4.12,0.87,False,8.82,-4.885,-2.92,True,7.2,0.16,7.0,False,21.13,25.01,15.0,0.0,D 趨勢弱,True,8:49,264.6,跌,129.0,23,False,8.0,-0.0617,-0.0754,-0.4231,True,False,-113.97,-5.39,4.68,-13.59,-0.64,9.9,OHLC,—,LH/LL,DT,True,262,2,universe
HYT,2026-09-16,7.97,0.06,False,8.27,-0.016,-0.97,True,98.8,0.0,98.8,True,0.72,0.44,15.4,-0.5,D 趨勢弱,False,5:32,165.8,跌,42.0,5,False,9.0,-0.0268,-0.0227,-0.0268,False,False,-3.79,-5.3,8.32,-4.39,-6.13,7.1,OHLC,↓,LH/LL,DT,False,262,2,universe
EXG,2026-09-16,9.51,0.12,False,9.9,-0.012,-0.11,False,96.5,-0.24,96.7,True,1.28,0.79,38.3,-1.6,C 基底修復,True,8:49,264.6,跌,171.0,21,False,9.0,-0.0544,-0.0486,-0.0544,False,False,-4.14,-3.24,10.04,-5.57,-4.36,3.4,OHLC,↓,LH/LL,DT,False,262,2,universe
SOMN,2026-09-16,46.19,0.6,False,47.64,-0.149,-0.94,True,96.2,0.09,96.1,True,1.3,0.87,15.4,0.3,D 趨勢弱,False,5:54,176.9,跌,48.0,4,False,9.0,-0.1488,-0.134,-0.1488,False,False,-3.14,-2.4,48.24,-4.44,-3.4,16.5,OHLC,↓,LH/LL,DT,False,217,2,universe
ETY,2026-09-16,13.89,0.2,False,14.44,-0.019,-0.3,False,96.1,-0.09,96.2,True,1.42,0.79,17.2,0.1,D 趨勢弱,True,8:49,264.6,跌,146.0,19,False,9.0,-0.0602,-0.0532,-0.0602,False,False,-3.94,-2.78,14.6,-5.11,-3.61,4.1,OHLC,↓,LH/LL,DT,False,262,2,universe
GAB,2026-09-16,5.29,0.08,False,5.66,-0.024,-0.49,False,95.1,-1.28,96.4,True,1.53,0.97,12.4,-14.8,D 趨勢弱,True,8:49,264.6,跌,203.0,19,False,9.0,-0.0344,-0.0199,-0.0344,False,False,-7.01,-4.58,5.65,-6.81,-4.45,3.6,OHLC,↓,LH/LL,DT,False,262,2,universe
CBSH,2026-09-16,57.28,0.92,False,58.66,-0.108,-0.37,False,95.0,-0.69,95.7,True,1.61,0.91,42.0,-17.9,C 基底修復,False,3:22,101.0,跌,6.0,1,False,9.0,-0.0337,0.0359,-0.2775,False,True,-2.41,-1.5,59.09,-3.16,-1.96,52.9,OHLC,—,LH/LL,自然回檔,False,262,2,universe
PDO,2026-09-16,11.98,0.2,False,12.57,-0.04,-0.88,True,94.9,0.15,94.8,True,1.69,0.85,14.7,0.9,D 趨勢弱,False,4:38,139.1,跌,27.0,3,False,9.0,-0.0541,-0.0474,-0.0541,False,False,-4.9,-2.9,12.73,-6.26,-3.7,13.0,OHLC,↓,LH/LL,DT,False,262,2,universe
NWBI,2026-09-16,15.45,0.25,False,15.5,-0.027,-0.3,False,94.7,-0.44,95.1,True,1.61,1.0,59.3,-11.2,C 基底修復,False,11:49,354.7,升,47.0,5,False,9.0,0.0105,0.0173,,False,True,-0.31,-0.19,15.23,1.42,0.88,13.9,OHLC,—,HH/HL,UT,True,262,2,universe
IBOC,2026-09-16,70.93,1.22,False,71.98,-0.256,-0.8,False,94.3,-0.12,94.4,True,1.72,0.99,28.0,-1.0,D 趨勢弱,False,2:01,60.7,升,84.0,9,False,9.0,0.1975,0.2281,,False,True,-1.47,-0.86,72.09,-1.64,-0.95,21.9,OHLC,—,LH/LL,自然反彈,True,262,2,universe
HOMB,2026-09-16,29.74,0.48,False,30.27,-0.065,-0.57,False,94.2,-0.6,94.8,True,1.63,1.11,49.9,-6.9,C 基底修復,False,10:19,309.5,升,22.0,3,False,9.0,0.0177,0.0316,,False,True,-1.78,-1.1,30.28,-1.82,-1.12,40.9,OHLC,—,LH/LL,自然反彈,True,262,2,universe
O,2026-09-16,57.15,0.98,False,61.44,-0.299,-1.07,False,93.9,-0.96,94.9,True,1.72,1.09,17.3,-3.4,D 趨勢弱,True,8:49,264.6,跌,130.0,15,False,9.0,-0.3659,-0.2718,-0.4354,False,False,-7.5,-4.37,61.97,-8.43,-4.91,336.5,OHLC,↓,LH/LL,DT,False,262,2,universe
FCF,2026-09-16,21.21,0.38,False,21.24,-0.033,-0.31,False,93.8,-0.5,94.3,True,1.8,1.05,69.0,-1.6,A 待突破,False,10:48,323.8,升,30.0,5,False,9.0,0.0342,0.0461,,False,True,-0.15,-0.08,20.87,1.6,0.89,15.8,OHLC,↑,HH/HL,UT,False,262,2,universe
WPC,2026-09-16,66.59,1.17,False,70.48,-0.232,-0.91,False,93.8,-0.94,94.8,True,1.76,1.07,20.2,-3.6,D 趨勢弱,True,6:23,191.6,跌,56.0,6,False,9.0,-0.2597,-0.1305,-0.5269,False,False,-5.84,-3.31,67.89,-1.95,-1.11,80.7,OHLC,↓,LH/LL,DT,False,262,2,universe
WSFS,2026-09-16,79.6,1.4,False,79.92,-0.073,-0.1,False,93.8,-0.49,94.3,True,1.76,1.08,70.2,-12.6,C 基底修復,False,11:24,342.0,升,40.0,5,False,9.0,0.1583,0.2075,,False,True,-0.4,-0.23,79.69,-0.11,-0.06,26.6,OHLC,—,LH/LL,UT,False,262,2,universe
UVSP,2026-09-16,42.68,0.74,False,42.45,-0.088,-0.57,False,93.6,-0.25,93.9,True,1.73,1.15,55.6,0.2,C 基底修復,False,12:05,2.3,升,51.0,8,False,9.0,0.1734,0.1853,,False,True,0.54,0.31,41.62,2.48,1.44,9.1,OHLC,—,HH/HL,自然反彈,False,262,2,universe
BOKF,2026-09-16,132.82,2.41,False,139.26,-0.394,-0.53,False,93.4,-0.71,94.1,True,1.81,1.13,34.0,-8.6,C 基底修復,True,8:49,264.6,跌,191.0,21,False,9.0,-0.2359,-0.1147,-1.1084,False,False,-4.85,-2.67,137.35,-3.41,-1.88,31.4,OHLC,↓,LH/LL,DT,False,262,2,universe
CFFN,2026-09-16,8.86,0.17,False,8.75,-0.013,-0.15,False,93.3,-0.24,93.5,True,1.87,1.1,70.3,-0.1,A 待突破,False,12:38,19.0,升,61.0,9,False,9.0,0.0192,0.0218,,False,True,1.26,0.67,8.67,2.14,1.15,7.0,OHLC,—,HH/HL,UT,True,262,2,universe
HTH,2026-09-16,38.7,0.71,False,38.82,-0.06,-0.28,False,93.2,-0.42,93.6,True,1.84,1.15,49.9,-10.4,C 基底修復,False,11:46,352.8,升,46.0,5,False,9.0,0.0364,0.0471,,False,True,-0.32,-0.17,38.77,-0.18,-0.1,9.6,OHLC,—,HH/HL,自然回檔,True,262,2,universe
OBK,2026-09-16,53.56,1.01,False,53.72,-0.05,-0.13,False,93.1,-0.82,93.9,True,1.89,1.14,84.5,-1.4,A 待突破,False,12:22,10.8,升,56.0,8,False,9.0,0.0128,0.0749,,False,True,-0.29,-0.15,53.22,0.63,0.34,8.5,OHLC,—,HH/HL,次級反彈,True,262,2,universe
DCOM,2026-09-16,40.54,0.77,False,40.68,-0.061,-0.11,False,93.0,-0.42,93.4,True,1.9,1.15,80.6,8.2,A 待突破,False,1:00,30.0,升,67.0,8,False,9.0,0.0148,0.0379,,False,True,-0.35,-0.18,40.14,0.99,0.52,10.4,OHLC,—,HH/HL,次級回檔,True,262,2,universe
UTG,2026-09-16,36.19,0.67,False,38.29,-0.136,-0.51,True,93.0,0.04,92.9,True,1.86,1.19,9.0,0.3,D 趨勢弱,False,4:37,138.5,跌,27.0,3,False,9.0,-0.1737,-0.1423,-0.1931,False,False,-5.8,-3.11,38.88,-7.43,-3.99,11.3,OHLC,↓,LH/LL,DT,False,262,2,universe
NBHC,2026-09-16,41.31,0.74,False,42.14,-0.083,-0.35,False,92.9,-0.37,93.3,True,1.79,1.28,35.5,-10.5,D 趨勢弱,False,1:48,54.0,升,80.0,9,False,9.0,0.0706,0.0945,,False,True,-2.02,-1.13,42.16,-2.06,-1.15,13.4,OHLC,—,LH/LL,自然反彈,True,262,2,universe
HWC,2026-09-16,74.55,1.48,False,76.16,-0.158,-0.29,False,92.8,-0.73,93.5,True,1.99,1.11,46.6,-17.2,C 基底修復,False,10:45,322.7,升,29.0,3,False,9.0,0.0436,0.0907,,False,True,-2.16,-1.09,76.1,-2.08,-1.05,51.7,OHLC,—,LH/LL,UT,True,262,2,universe
INDB,2026-09-16,82.48,1.59,False,83.51,-0.157,-0.28,False,92.8,-0.59,93.4,True,1.93,1.16,51.4,-7.6,C 基底修復,False,11:44,351.8,升,45.0,5,False,9.0,0.1198,0.1667,,False,True,-1.25,-0.65,84.02,-1.87,-0.97,24.0,OHLC,↓,LH/LL,自然反彈,False,262,2,universe
TRMK,2026-09-16,47.17,0.92,False,46.91,-0.053,-0.12,False,92.7,-0.44,93.1,True,1.94,1.18,61.0,-0.9,C 基底修復,False,11:56,357.8,升,49.0,5,False,9.0,0.1568,0.1575,,False,True,0.56,0.29,45.39,3.77,1.94,16.3,OHLC,↑,HH/HL,UT,False,262,2,universe
BKH,2026-09-16,70.5,1.38,False,72.75,-0.025,-0.12,True,92.5,0.13,92.4,True,1.95,1.21,28.0,2.4,C 基底修復,False,5:07,153.3,跌,35.0,4,False,9.0,-0.281,-0.2732,-0.468,False,False,-3.19,-1.63,,,,55.5,OHLC,—,HH/HL,DT,False,262,2,universe
HBNC,2026-09-16,19.49,0.38,False,19.93,-0.058,-0.52,False,92.5,-0.64,93.2,True,1.93,1.23,53.5,-11.8,C 基底修復,False,12:57,28.6,升,66.0,7,False,9.0,0.0168,0.0343,,False,True,-2.25,-1.16,19.31,0.92,0.48,8.9,OHLC,↑,HH/HL,自然回檔,False,262,2,universe
IBCP,2026-09-16,36.47,0.67,False,37.39,-0.082,-0.44,False,92.4,-1.05,93.5,True,1.84,1.34,50.2,-19.3,C 基底修復,False,3:36,107.8,跌,10.0,1,False,9.0,-0.0025,0.042,-0.2665,False,True,-2.53,-1.37,36.36,0.3,0.16,6.0,OHLC,↑,HH/HL,自然回檔,False,262,2,universe
BANF,2026-09-16,109.63,2.19,False,112.12,-0.216,-0.27,False,92.3,-0.42,92.7,True,1.99,1.21,19.7,-1.1,D 趨勢弱,False,1:48,54.0,升,80.0,7,False,9.0,0.018,0.1022,,False,True,-2.27,-1.14,112.52,-2.64,-1.32,13.1,OHLC,↓,LH/LL,自然回檔,False,262,2,universe
STWD,2026-09-16,14.98,0.3,False,16.03,-0.038,-0.39,False,92.2,-0.36,92.6,True,2.01,1.21,7.2,-1.0,D 趨勢弱,True,8:49,264.6,跌,174.0,15,False,9.0,-0.072,-0.0498,-0.072,False,False,-6.99,-3.47,16.08,-7.34,-3.65,58.0,OHLC,↓,LH/LL,DT,False,262,2,universe
GGG,2026-09-16,76.28,1.44,False,79.06,-0.092,-0.34,False,92.1,-0.01,92.1,True,1.88,1.38,21.8,-0.6,D 趨勢弱,True,8:49,264.6,跌,251.0,22,False,9.0,-0.2392,-0.2759,-0.7226,True,False,-3.65,-1.94,82.69,-8.4,-4.46,195.1,OHLC,—,LH/LL,DT,True,262,2,universe
SFNC,2026-09-16,22.81,0.47,False,23.29,-0.058,-0.24,False,92.1,-0.63,92.8,True,2.05,1.2,47.8,-17.3,C 基底修復,False,1:15,37.6,升,71.0,8,False,9.0,0.0154,0.0417,,False,True,-2.1,-1.02,23.99,-5.17,-2.52,26.4,OHLC,↓,LH/LL,DT,False,262,2,universe
CPF,2026-09-16,37.55,0.82,False,38.05,-0.106,-0.42,False,92.0,-0.25,92.3,True,2.18,1.1,50.9,-9.4,C 基底修復,False,11:35,347.4,升,43.0,5,False,9.0,0.0247,0.0324,,False,True,-1.33,-0.61,37.06,1.3,0.6,5.6,OHLC,—,HH/HL,自然回檔,True,262,2,universe
SHBI,2026-09-16,23.23,0.49,False,23.5,-0.054,-0.51,False,91.9,-0.6,92.5,True,2.11,1.19,64.6,-16.5,C 基底修復,False,11:02,331.2,升,34.0,5,False,9.0,0.0268,0.044,,False,True,-1.18,-0.56,23.64,-1.76,-0.84,3.8,OHLC,—,LH/LL,自然回檔,True,262,2,universe
BCAT,2026-09-16,14.17,0.29,False,15.4,-0.106,-1.74,True,91.7,0.1,91.6,True,2.03,1.33,17.7,0.6,D 趨勢弱,False,5:38,168.9,跌,44.0,4,False,9.0,-0.2095,-0.1821,-0.2095,False,False,-8.65,-4.26,,,,13.1,OHLC,—,HH/HL,DT,False,262,2,universe
RRBI,2026-09-16,101.75,2.14,False,101.83,-0.014,0.21,False,91.6,-0.36,91.9,True,2.1,1.28,81.9,-1.7,A 待突破,False,4:04,122.0,跌,18.0,2,False,9.0,-0.1003,-0.0093,-0.3989,False,True,-0.08,-0.04,100.95,0.79,0.37,6.0,OHLC,—,HH/HL,UT,True,262,2,universe
CCNE,2026-09-16,34.04,0.73,False,34.44,-0.061,-0.23,False,91.5,-0.67,92.2,True,2.14,1.26,57.9,-13.1,C 基底修復,False,12:26,12.9,升,57.0,8,False,9.0,0.0213,0.0594,,False,True,-1.17,-0.55,33.83,0.62,0.29,4.9,OHLC,—,HH/HL,自然回檔,True,262,2,universe
GATX,2026-09-16,177.63,4.04,False,177.61,-0.161,-0.24,False,91.3,-0.61,91.9,True,2.27,1.18,23.1,-10.8,D 趨勢弱,False,12:05,2.3,升,51.0,5,False,9.0,0.1737,0.1616,,False,True,0.01,0.0,176.34,0.73,0.32,34.4,OHLC,—,HH/HL,自然反彈,True,262,2,universe
FBIZ,2026-09-16,71.66,1.51,False,70.92,-0.008,0.27,False,91.2,-0.47,91.7,True,2.11,1.37,84.2,-0.5,A 待突破,False,3:27,103.7,跌,8.0,1,False,9.0,-0.0407,0.0456,-0.5933,False,True,1.03,0.49,70.98,0.95,0.45,3.9,OHLC,↑,HH/HL,UT,False,262,2,universe
BNY,2026-09-16,153.47,3.24,False,160.75,-0.143,0.08,False,91.0,-0.11,91.1,True,2.11,1.42,50.1,-2.2,C 基底修復,True,8:49,264.6,跌,184.0,20,False,9.0,-1.2531,-0.9766,-1.2531,False,False,-4.74,-2.25,160.39,-4.51,-2.14,436.5,OHLC,↓,LH/LL,DT,False,262,2,universe
MGM,2026-09-16,38.39,0.88,False,42.45,-0.365,-1.31,False,90.6,-0.5,91.1,True,2.28,1.32,9.7,-13.8,D 趨勢弱,True,8:49,264.6,跌,138.0,14,False,9.0,-0.2119,-0.1632,-0.3837,False,False,-10.57,-4.63,44.31,-15.42,-6.75,76.9,OHLC,↓,LH/LL,DT,False,262,2,universe
RF,2026-09-16,28.47,0.63,False,30.66,-0.138,-0.44,False,90.6,-1.94,92.5,True,2.22,1.39,30.5,-16.9,D 趨勢弱,True,8:49,264.6,跌,210.0,29,False,9.0,-0.1173,-0.0368,-0.2147,False,False,-7.7,-3.46,30.41,-6.81,-3.06,207.1,OHLC,↓,LH/LL,DT,False,262,2,universe
BFC,2026-09-16,150.54,3.34,False,154.02,-0.131,0.03,False,90.4,-0.65,91.1,True,2.22,1.42,57.2,-13.0,C 基底修復,False,4:32,136.0,跌,26.0,3,False,9.0,-0.325,-0.1057,-0.7604,False,True,-2.31,-1.04,154.08,-2.35,-1.06,11.1,OHLC,—,LH/LL,自然回檔,False,262,2,universe
PGC,2026-09-16,45.03,1.02,False,45.69,-0.084,-0.18,False,90.3,-0.67,91.0,True,2.26,1.41,64.5,-2.7,C 基底修復,False,12:14,7.2,升,54.0,9,False,9.0,0.0118,0.0683,,False,True,-1.46,-0.65,46.71,-3.73,-1.65,5.6,OHLC,—,LH/LL,自然回檔,True,262,2,universe
BHB,2026-09-16,40.42,0.95,False,39.93,-0.015,0.06,False,90.2,-0.61,90.8,True,2.36,1.34,81.9,-1.0,A 待突破,False,10:48,324.0,升,30.0,5,False,9.0,0.0649,0.0905,,False,True,1.22,0.52,39.5,2.28,0.96,3.3,OHLC,↑,HH/HL,UT,False,262,2,universe
RDN,2026-09-16,35.27,0.76,False,36.42,-0.168,-0.92,True,90.1,0.23,89.9,True,2.16,1.56,35.0,-0.0,D 趨勢弱,False,5:07,153.3,跌,35.0,4,False,9.0,-0.0734,-0.0553,-0.4179,False,False,-3.25,-1.51,36.81,-4.37,-2.02,35.7,OHLC,↓,LH/LL,DT,False,262,2,universe
UNTY,2026-09-16,59.25,1.35,False,59.65,-0.026,0.06,False,90.0,-0.72,90.8,True,2.28,1.45,75.0,0.1,A 待突破,False,11:40,350.0,升,44.0,4,False,9.0,0.0458,0.0776,,False,True,-0.68,-0.3,58.26,1.67,0.73,3.1,OHLC,—,HH/HL,UT,True,262,2,universe
AROW,2026-09-16,38.24,0.92,False,38.8,-0.068,-0.17,False,89.9,-0.63,90.6,True,2.4,1.35,59.3,-1.7,C 基底修復,False,2:49,84.6,升,99.0,9,False,9.0,0.0525,0.1078,,False,True,-1.47,-0.61,39.97,-4.52,-1.89,3.4,OHLC,↓,LH/LL,DT,False,262,2,universe
PFIS,2026-09-16,70.91,1.72,False,70.64,-0.035,0.12,False,89.9,-0.85,90.8,True,2.42,1.33,84.3,-0.9,A 待突破,False,1:09,34.4,升,69.0,7,False,9.0,0.0575,0.1372,,False,True,0.38,0.16,70.19,1.02,0.42,3.8,OHLC,↑,HH/HL,UT,False,262,2,universe
WAFD,2026-09-16,32.79,0.79,False,35.38,-0.231,-1.23,False,89.9,-0.06,89.9,True,2.4,1.37,13.6,-0.6,D 趨勢弱,True,8:49,264.6,跌,109.0,20,False,9.0,-0.2779,-0.2698,-0.2779,False,False,-7.91,-3.29,36.3,-10.7,-4.46,28.9,OHLC,↓,LH/LL,DT,False,262,2,universe
RJF,2026-09-16,164.57,3.98,False,176.35,-0.562,-0.24,False,89.2,-0.99,90.2,True,2.42,1.5,34.0,-3.7,C 基底修復,True,8:49,264.6,跌,234.0,24,False,9.0,-1.5153,-1.173,-1.5153,False,False,-7.16,-2.96,,,,195.9,OHLC,—,HH/HL,DT,False,262,2,universe
MCB,2026-09-16,89.74,2.01,False,91.91,-0.196,-0.24,False,88.9,-0.42,89.4,True,2.24,1.73,53.1,-1.3,C 基底修復,False,3:25,102.7,跌,7.0,1,False,9.0,-0.0216,0.04,-1.1617,False,True,-2.42,-1.08,89.44,0.33,0.15,10.1,OHLC,—,HH/HL,DT,False,262,2,universe
BWFG,2026-09-16,66.69,1.68,False,66.78,-0.038,-0.03,False,88.8,-0.56,89.3,True,2.52,1.48,75.1,-1.5,A 待突破,False,3:35,107.3,跌,10.0,1,False,9.0,-0.0537,0.0236,-0.5673,False,True,-0.13,-0.05,65.46,1.84,0.73,4.5,OHLC,↑,HH/HL,自然回檔,False,262,2,universe
GNTX,2026-09-16,22.31,0.51,False,23.25,-0.049,-0.35,False,88.8,-0.09,88.9,True,2.28,1.72,25.8,-0.6,D 趨勢弱,True,8:49,264.6,跌,113.0,14,False,9.0,-0.0272,-0.0193,-0.1463,False,False,-4.22,-1.85,23.14,-3.72,-1.63,52.5,OHLC,—,LH/LL,DT,True,262,2,universe
SFST,2026-09-16,61.28,1.57,False,63.06,-0.089,0.05,False,88.7,-1.9,90.6,True,2.56,1.45,59.5,-22.0,C 基底修復,False,3:35,107.6,跌,10.0,1,False,9.0,-0.0588,0.0703,-0.3703,False,True,-2.9,-1.13,63.52,-3.66,-1.43,6.0,OHLC,—,LH/LL,自然回檔,False,262,2,universe
SF,2026-09-16,75.58,1.9,False,81.38,-0.408,-0.43,False,88.0,-0.78,88.8,True,2.51,1.65,27.3,-1.3,D 趨勢弱,True,8:49,264.6,跌,187.0,27,False,9.0,-0.6159,-0.4894,-0.8625,False,False,-7.67,-3.05,,,,80.2,OHLC,—,HH/HL,DT,False,262,2,universe
WAL,2026-09-16,77.8,2.09,False,79.92,-0.305,-0.26,False,87.8,-1.39,89.2,True,2.69,1.51,16.6,-12.1,D 趨勢弱,False,3:35,107.6,跌,10.0,1,False,9.0,-0.0385,0.0515,-0.3988,False,True,-2.73,-1.02,81.0,-4.11,-1.53,85.0,OHLC,↓,LH/LL,DT,False,262,2,universe
LOB,2026-09-16,38.16,1.0,False,40.84,-0.236,-0.72,False,87.7,-1.01,88.7,True,2.63,1.59,29.3,-19.4,D 趨勢弱,True,8:49,264.6,跌,314.0,29,False,9.0,-0.0581,-0.0147,-0.4245,False,False,-7.03,-2.67,39.61,-3.8,-1.45,7.5,OHLC,↓,LH/LL,DT,False,262,2,universe
CRBG,2026-09-16,34.85,0.83,True,33.54,0.15,0.72,False,87.4,-0.52,87.9,True,2.39,1.91,69.2,-14.3,A 待突破,False,1:19,39.6,升,72.0,9,False,9.0,0.1267,0.1422,,False,False,3.76,1.57,33.75,3.16,1.32,120.6,OHLC,↑,HH/HL,UT,False,262,2,universe
NPB,2026-09-16,16.67,0.41,False,17.11,-0.022,-0.19,False,87.3,-0.29,87.6,True,2.47,1.84,18.0,-1.1,D 趨勢弱,False,3:30,105.2,跌,8.0,1,False,9.0,-0.0009,0.0219,-0.2303,False,True,-2.67,-1.08,17.28,-3.66,-1.48,3.5,OHLC,—,LH/LL,DT,True,262,2,universe
EQH,2026-09-16,53.88,1.29,True,51.47,0.246,0.77,False,86.9,-0.45,87.4,True,2.4,1.98,67.1,-4.3,A 待突破,False,12:51,25.7,升,64.0,9,False,9.0,0.2192,0.2336,,False,False,4.47,1.86,52.04,3.41,1.42,135.6,OHLC,↑,HH/HL,UT,False,262,2,universe
NBN,2026-09-16,132.54,3.65,False,131.64,-0.044,0.33,False,84.8,-0.65,85.4,True,2.75,2.07,68.1,-10.6,A 待突破,False,2:25,72.3,升,90.0,8,False,9.0,0.4146,0.4355,,False,True,0.68,0.25,127.65,3.69,1.34,13.9,OHLC,—,HH/HL,自然反彈,False,262,2,universe
PLUS,2026-09-16,92.37,2.78,False,89.35,-0.229,-0.22,True,84.7,0.4,84.3,True,3.01,1.83,72.5,-1.9,A 待突破,False,2:49,84.6,升,114.0,9,False,9.0,0.5057,0.5096,,False,False,3.27,1.08,93.34,-1.05,-0.35,17.7,OHLC,—,LH/LL,UT,False,262,2,universe
SNX,2026-09-16,260.5,8.09,False,257.49,-0.132,0.16,False,82.4,-0.26,82.6,True,3.11,2.18,79.7,-0.4,C 基底修復,False,1:55,57.3,升,82.0,9,False,9.0,0.6019,0.8285,,False,True,1.16,0.37,255.54,1.9,0.61,133.3,OHLC,↑,HH/HL,自然回檔,False,262,2,universe
BWA,2026-09-16,62.27,2.01,True,66.45,0.136,0.16,False,81.8,-0.02,81.8,True,3.23,2.17,45.6,-2.5,D 趨勢弱,False,4:22,131.1,跌,23.0,3,False,9.0,-0.3263,-0.2151,-0.4317,False,False,-6.71,-2.08,67.54,-8.46,-2.62,108.7,OHLC,↓,LH/LL,DT,False,262,2,universe
ESE,2026-09-16,258.98,9.23,False,285.22,-2.398,-0.91,True,79.9,0.09,79.8,True,3.56,2.19,12.4,-0.1,D 趨勢弱,False,3:29,104.5,跌,8.0,1,False,9.0,-0.1057,0.0089,-2.9602,False,False,-10.13,-2.84,274.02,-5.81,-1.63,53.1,OHLC,↓,LH/LL,DT,False,262,2,universe
CAT,2026-09-16,782.72,25.59,False,824.45,-6.945,-0.25,True,79.1,0.36,78.7,True,3.27,2.65,44.0,-3.0,D 趨勢弱,False,12:46,22.9,升,63.0,8,False,9.0,0.2069,0.8528,,False,False,-5.33,-1.63,822.48,-5.08,-1.55,1860.9,OHLC,—,LH/LL,DT,True,262,2,universe
TXN,2026-09-16,260.67,8.75,False,267.72,-0.859,-0.33,False,78.6,-0.19,78.8,True,3.36,2.65,50.6,-2.7,C 基底修復,False,12:24,11.8,升,57.0,7,False,9.0,1.3902,1.5697,,False,True,-2.71,-0.81,266.54,-2.25,-0.67,1365.3,OHLC,↓,LH/LL,自然回檔,False,262,2,universe
VSTS,2026-09-16,13.77,0.55,False,13.33,-0.009,-0.32,False,76.5,-0.45,76.9,True,4.02,2.38,57.4,-0.4,C 基底修復,False,12:57,28.6,升,66.0,8,False,9.0,0.1482,0.1112,,False,True,3.22,0.8,13.03,5.37,1.34,18.0,OHLC,—,LH/LL,UT,False,262,2,universe
PACS,2026-09-16,42.72,1.84,False,44.39,-0.085,-0.23,True,74.5,0.64,73.9,False,4.3,2.47,63.2,2.4,C 基底修復,False,3:14,97.2,跌,4.0,1,False,9.0,-0.039,0.016,-0.5245,False,True,-3.92,-0.91,45.61,-6.76,-1.57,29.3,OHLC,—,LH/LL,自然回檔,True,262,2,universe
BURL,2026-09-16,230.71,10.56,False,289.61,-3.755,-1.47,True,73.1,0.56,72.5,False,4.58,2.47,5.0,0.0,D 趨勢弱,True,8:49,264.6,跌,208.0,26,False,9.0,-2.9664,-3.9148,-9.7408,True,False,-25.53,-5.58,265.33,-15.01,-3.28,406.0,OHLC,↓,LH/LL,DT,False,262,2,universe
AIN,2026-09-16,60.2,2.4,False,60.83,-0.346,-0.61,True,72.6,0.69,71.9,False,3.98,3.15,24.0,3.4,C 基底修復,False,12:49,24.5,升,64.0,9,False,9.0,0.5057,0.5252,,False,True,-1.05,-0.26,62.59,-3.97,-1.0,15.9,OHLC,↓,LH/LL,DT,False,262,2,universe
ARVN,2026-09-16,8.16,0.36,False,8.85,-0.034,-0.17,True,72.5,0.11,72.4,False,4.37,2.79,4.2,-3.5,D 趨勢弱,True,8:49,264.6,跌,176.0,13,False,9.0,-0.1595,-0.1531,-0.1595,False,False,-8.48,-1.94,9.59,-17.52,-4.01,6.2,OHLC,↓,LH/LL,DT,False,262,2,universe
NKTR,2026-09-16,67.38,2.93,False,72.89,-0.2,-0.22,True,71.5,1.85,69.6,False,4.36,2.99,31.5,1.5,D 趨勢弱,True,8:49,264.6,跌,115.0,22,False,9.0,-0.9143,-0.8876,-0.9143,False,False,-8.18,-1.88,76.37,-13.34,-3.06,44.1,OHLC,↓,LH/LL,DT,False,262,2,universe
ATLC,2026-09-16,93.2,4.03,False,96.63,-0.718,-0.52,True,71.0,0.61,70.4,False,4.33,3.11,55.3,1.8,C 基底修復,False,12:05,2.5,升,51.0,7,False,9.0,0.2536,0.2713,,False,True,-3.68,-0.85,96.09,-3.1,-0.72,11.2,OHLC,—,LH/LL,自然反彈,True,262,2,universe
ARLO,2026-09-16,13.4,0.62,False,13.87,-0.067,-0.32,True,70.8,0.0,70.8,False,4.63,2.85,17.7,3.4,D 趨勢弱,False,12:24,11.9,升,57.0,8,False,9.0,0.0425,0.0481,,False,True,-3.53,-0.76,12.92,3.58,0.77,16.7,OHLC,—,HH/HL,自然回檔,False,262,2,universe
SYM,2026-09-16,43.11,1.78,False,41.53,-0.156,-0.14,True,68.7,0.39,68.3,False,4.13,3.75,23.2,-1.6,D 趨勢弱,False,1:03,31.3,升,67.0,8,False,9.0,0.2807,0.2474,,False,True,3.67,0.89,41.1,4.66,1.13,68.5,OHLC,↑,HH/HL,自然反彈,False,262,2,universe
SPHR,2026-09-16,144.43,6.63,False,155.46,-0.266,0.19,True,68.3,0.12,68.2,False,4.59,3.36,50.1,-0.7,D 趨勢弱,True,9:32,286.2,升,9.0,1,False,9.0,0.0594,-0.1186,,False,False,-7.64,-1.66,137.78,4.61,1.0,83.2,OHLC,—,HH/HL,自然回檔,True,262,2,universe
ARXS,2026-09-16,49.51,2.39,False,54.75,-0.33,0.26,True,65.4,0.72,64.7,False,4.83,3.7,10.5,-1.1,D 趨勢弱,True,8:49,264.6,跌,250.0,20,False,9.0,-0.6344,-0.6284,-0.9813,False,False,-10.58,-2.19,54.75,-10.58,-2.19,27.8,OHLC,↓,LH/LL,DT,False,106,2,universe
FINV,2026-09-16,3.34,0.18,False,3.79,-0.025,-0.77,True,64.5,1.03,63.5,False,5.35,3.36,0.0,0.0,D 趨勢弱,True,9:26,283.1,升,7.0,1,False,9.0,0.0013,-0.0093,,False,False,-13.62,-2.54,3.4,-1.8,-0.34,4.3,OHLC,—,LH/LL,自然反彈,True,262,2,universe
ORKA,2026-09-16,93.55,5.1,False,99.81,-0.171,0.01,True,63.5,3.93,59.6,False,5.45,3.47,54.6,0.7,D 趨勢弱,True,8:49,264.6,跌,171.0,18,False,9.0,-0.4491,-0.6285,-2.5938,True,False,-6.69,-1.23,91.5,2.19,0.4,74.7,OHLC,—,HH/HL,次級回檔,True,262,2,universe
QXO,2026-09-16,11.27,0.61,False,13.78,-0.201,-0.72,True,63.0,0.07,62.9,False,5.38,3.65,10.0,0.0,D 趨勢弱,True,8:49,264.6,跌,187.0,21,False,9.0,-0.1687,-0.1441,-0.1687,False,False,-22.26,-4.14,13.46,-19.43,-3.61,162.1,OHLC,↓,LH/LL,DT,False,262,2,universe
NX,2026-09-16,20.78,1.09,True,20.97,0.018,0.36,False,61.4,-0.27,61.6,False,5.22,4.13,61.5,-2.0,B 上升結構,False,11:58,359.2,升,50.0,7,False,9.0,0.0319,0.0802,,False,True,-0.94,-0.18,21.09,-1.49,-0.29,9.7,OHLC,—,HH/HL,DT,False,262,2,universe
DSGN,2026-09-16,12.5,0.75,False,14.63,-0.09,0.01,True,61.3,2.07,59.2,False,6.01,3.36,34.7,1.5,D 趨勢弱,True,8:49,264.6,跌,104.0,12,False,9.0,-0.3977,-0.354,-0.4106,False,False,-16.99,-2.83,15.68,-25.39,-4.23,8.8,OHLC,↓,LH/LL,自然反彈,False,262,2,universe
PRIM,2026-09-16,76.94,3.5,False,78.03,-0.538,-0.48,True,61.2,1.04,60.2,False,4.55,4.84,7.6,0.5,D 趨勢弱,False,12:28,13.8,升,58.0,8,False,9.0,0.7605,0.6378,,False,True,-1.41,-0.31,75.45,1.94,0.43,87.7,OHLC,—,LH/LL,UT,True,262,2,universe
OSCR,2026-09-16,32.34,1.84,True,30.53,0.063,0.19,False,60.9,-1.26,62.2,False,5.7,3.75,72.2,-1.2,B 上升結構,False,12:44,22.0,升,62.0,8,False,9.0,0.0883,0.1465,,False,True,5.59,0.98,31.76,1.79,0.31,156.1,OHLC,↑,HH/HL,自然回檔,False,262,2,universe
ELMD,2026-09-16,26.15,1.55,False,32.98,-0.4,-1.23,True,60.6,0.79,59.8,False,5.92,3.6,17.4,9.3,D 趨勢弱,True,8:49,264.6,跌,171.0,22,False,9.0,-0.1135,-0.2174,-1.5587,True,False,-26.12,-4.42,27.25,-4.21,-0.71,3.1,OHLC,—,LH/LL,DT,True,262,2,universe
CPS,2026-09-16,22.92,1.33,False,26.74,-0.219,-0.89,True,59.6,0.26,59.4,False,5.78,3.93,0.0,0.0,D 趨勢弱,True,8:49,264.6,跌,297.0,26,False,9.0,-0.3079,-0.3069,-0.3079,False,False,-16.67,-2.88,27.18,-18.59,-3.21,4.9,OHLC,↓,LH/LL,DT,False,262,2,universe
HL,2026-09-16,17.99,1.04,True,19.08,0.089,0.6,False,59.3,-2.17,61.5,False,5.76,4.03,40.9,-4.1,D 趨勢弱,True,8:49,264.6,跌,110.0,11,False,9.0,-0.4361,-0.3655,-0.4361,False,False,-6.06,-1.05,21.62,-20.18,-3.5,562.1,OHLC,↓,LH/LL,DT,False,262,2,universe
ENVA,2026-09-16,172.14,10.65,False,225.54,-4.313,-1.94,True,56.1,0.6,55.5,False,6.18,4.3,19.8,-1.1,D 趨勢弱,True,8:49,264.6,跌,153.0,27,False,9.0,-6.0644,-4.4033,-6.0644,False,False,-31.02,-5.02,233.17,-35.45,-5.73,62.2,OHLC,↓,LH/LL,DT,False,262,2,universe
ANGX,2026-09-16,5.3,0.31,True,4.68,0.038,0.83,True,56.0,0.98,55.0,False,5.91,4.61,42.5,5.1,D 趨勢弱,False,12:05,2.5,升,51.0,7,False,9.0,0.0714,0.0844,,False,False,11.76,1.99,,,,7.9,OHLC,—,LH/LL,自然回檔,False,255,2,universe
RKLB,2026-09-16,63.7,3.77,False,71.17,-0.36,-0.13,True,54.5,0.79,53.7,False,5.91,4.95,6.8,-0.1,D 趨勢弱,True,9:45,292.7,升,13.0,2,False,9.0,0.2294,0.0996,,False,False,-11.73,-1.98,65.87,-3.41,-0.58,1064.8,OHLC,—,LH/LL,自然反彈,True,262,2,universe
DELL,2026-09-16,563.29,33.91,True,490.33,4.73,0.67,True,53.4,0.91,52.5,False,6.02,5.1,64.6,-2.2,E 延伸,False,1:51,55.6,升,81.0,9,False,9.0,6.2349,5.9391,,False,False,12.95,2.15,,,,5460.3,OHLC,—,LH/LL,自然反彈,False,262,2,universe
ONDS,2026-09-16,7.2,0.47,False,8.39,-0.054,-0.19,True,51.1,0.66,50.5,False,6.48,5.18,16.3,0.2,D 趨勢弱,True,8:49,264.6,跌,175.0,19,False,9.0,-0.0639,-0.0779,-0.1998,True,False,-16.49,-2.54,7.63,-5.97,-0.92,437.3,OHLC,—,LH/LL,DT,True,262,2,universe
STRL,2026-09-16,482.67,31.34,False,511.07,-4.331,-0.61,True,50.5,1.54,49.0,False,6.49,5.31,27.6,1.0,D 趨勢弱,False,12:34,17.2,升,60.0,8,False,9.0,5.2993,4.884,,False,True,-5.88,-0.91,502.2,-4.05,-0.62,268.0,OHLC,—,LH/LL,自然反彈,True,262,2,universe
FIP,2026-09-16,2.87,0.21,False,3.65,-0.0,-0.51,True,50.2,0.24,49.9,False,7.48,4.42,0.0,0.0,D 趨勢弱,True,8:49,264.6,跌,158.0,19,False,9.0,-0.0484,-0.044,-0.0827,False,False,-27.27,-3.65,3.44,-19.86,-2.65,3.4,OHLC,↓,LH/LL,DT,False,262,2,universe
NVEC,2026-09-16,97.49,5.2,False,110.7,-1.343,-0.6,True,49.0,0.2,48.8,False,5.33,6.87,42.7,0.1,D 趨勢弱,True,8:49,264.6,跌,259.0,24,False,9.0,-0.4197,-0.5409,-2.5322,True,False,-13.55,-2.54,100.51,-3.1,-0.58,11.1,OHLC,—,LH/LL,DT,True,262,2,universe
IESC,2026-09-16,325.02,20.78,False,346.95,-1.709,0.05,True,48.7,1.64,47.1,False,6.39,5.88,50.6,4.5,D 趨勢弱,True,9:33,286.6,升,9.0,1,False,9.0,0.3845,-0.022,,False,False,-6.75,-1.06,333.67,-2.66,-0.42,87.4,OHLC,↓,LH/LL,自然反彈,False,262,2,universe
SEI,2026-09-16,64.6,4.52,True,58.88,0.253,0.64,True,47.1,0.67,46.4,False,7.0,5.71,50.1,1.3,C 基底修復,False,1:52,55.8,升,81.0,8,False,9.0,1.2612,1.3129,,False,False,8.85,1.26,64.15,0.7,0.1,181.3,OHLC,↑,HH/HL,次級反彈,False,262,2,universe
AIRJ,2026-09-16,4.08,0.29,False,5.33,-0.044,-0.1,True,45.1,1.11,44.0,False,7.1,6.14,34.3,-0.2,D 趨勢弱,True,8:49,264.6,跌,152.0,20,False,9.0,-0.0661,-0.0728,-0.1672,True,False,-30.61,-4.31,4.39,-7.6,-1.07,4.2,OHLC,—,LH/LL,DT,True,262,2,universe
COHU,2026-09-16,51.06,3.8,False,52.84,-0.053,0.39,True,43.6,1.21,42.3,False,7.44,6.26,40.0,0.0,D 趨勢弱,False,11:21,340.7,升,39.0,6,False,9.0,0.2114,0.2992,,False,True,-3.49,-0.47,54.73,-7.19,-0.97,47.6,OHLC,↑,HH/HL,次級反彈,False,262,2,universe
NRGV,2026-09-16,3.97,0.32,True,3.7,0.022,0.48,False,41.4,-1.01,42.4,False,7.97,6.38,46.4,3.1,D 趨勢弱,False,12:44,21.8,升,62.0,8,False,9.0,0.0237,0.0444,,False,True,6.81,0.85,4.31,-8.56,-1.07,13.8,OHLC,↓,LH/LL,DT,False,262,2,universe
CBRS,2026-09-16,190.47,15.2,False,209.13,-0.863,-0.06,True,37.3,1.42,35.9,False,7.98,7.74,10.0,0.0,D 趨勢弱,True,9:28,283.8,升,8.0,1,False,9.0,0.1138,-0.2418,,False,False,-9.8,-1.23,184.24,3.27,0.41,1200.5,OHLC,↓,LH/LL,自然反彈,False,86,2,universe
MXL,2026-09-16,69.51,5.82,False,68.71,-0.112,0.13,True,34.3,1.23,33.0,False,8.37,8.47,50.0,0.0,D 趨勢弱,False,12:47,23.3,升,63.0,7,False,9.0,1.1701,1.1442,,False,True,1.15,0.14,76.24,-9.68,-1.16,156.8,OHLC,—,LH/LL,UT,False,262,2,universe
SHAZ,2026-09-16,52.21,5.75,True,59.68,0.029,0.45,True,29.1,1.12,27.9,False,11.01,8.13,25.0,0.0,D 趨勢弱,False,4:05,122.4,跌,18.0,3,False,9.0,-0.371,-0.3628,-3.2992,False,False,-14.31,-1.3,54.86,-5.08,-0.46,81.2,OHLC,—,LH/LL,自然反彈,True,146,2,universe
PAXS,2026-09-16,13.39,0.18,False,13.93,-0.105,-1.31,True,96.3,0.09,96.2,True,1.36,0.78,13.4,2.2,D 趨勢弱,False,4:54,147.0,跌,32.0,4,False,10.0,-0.0801,-0.0775,-0.0801,False,False,-4.03,-2.96,14.17,-5.83,-4.28,3.8,OHLC,↓,LH/LL,DT,False,262,2,universe
ATO,2026-09-16,161.96,2.52,False,168.23,-0.41,-0.75,True,94.8,0.02,94.8,True,1.56,1.02,25.9,-0.1,D 趨勢弱,False,4:52,146.2,跌,31.0,5,False,10.0,-0.3965,-0.3517,-1.0166,False,False,-3.87,-2.49,169.58,-4.7,-3.03,143.7,OHLC,↓,LH/LL,DT,False,262,2,universe
SO,2026-09-16,86.23,1.39,False,89.84,-0.313,-0.96,True,94.6,0.16,94.4,True,1.61,1.03,15.3,1.0,D 趨勢弱,False,4:44,142.0,跌,29.0,4,False,10.0,-0.0957,-0.0923,-0.4703,False,False,-4.18,-2.6,87.22,-1.15,-0.71,501.2,OHLC,↓,LH/LL,DT,False,262,2,universe
DUK,2026-09-16,117.76,1.8,False,121.76,-0.199,-0.62,True,94.5,0.12,94.3,True,1.53,1.14,28.2,0.2,D 趨勢弱,False,4:40,140.2,跌,28.0,4,False,10.0,-0.1629,-0.1279,-0.6368,False,False,-3.4,-2.23,121.98,-3.58,-2.35,413.1,OHLC,↓,LH/LL,DT,False,262,2,universe
KIM,2026-09-16,22.59,0.4,False,23.85,-0.124,-1.36,False,94.0,-0.59,94.5,True,1.75,1.05,19.2,-2.5,D 趨勢弱,True,6:26,192.9,跌,57.0,6,False,10.0,-0.0767,-0.0498,-0.2436,False,False,-5.6,-3.2,24.26,-7.39,-4.23,120.3,OHLC,↓,LH/LL,DT,False,262,2,universe
AEE,2026-09-16,103.04,1.75,False,107.15,-0.175,-0.52,True,93.6,0.1,93.5,True,1.7,1.19,21.6,0.3,D 趨勢弱,False,5:17,158.6,跌,38.0,5,False,10.0,-0.2447,-0.2124,-0.498,False,False,-3.99,-2.34,107.4,-4.23,-2.49,141.2,OHLC,↓,LH/LL,DT,False,262,2,universe
PPL,2026-09-16,33.41,0.57,False,34.93,-0.032,-0.37,True,93.5,0.25,93.3,True,1.71,1.2,23.3,11.0,D 趨勢弱,False,5:30,165.0,跌,42.0,5,False,10.0,-0.121,-0.1095,-0.1293,False,False,-4.55,-2.66,35.11,-5.09,-2.97,234.7,OHLC,↓,LH/LL,DT,False,262,2,universe
WRB,2026-09-16,69.95,1.38,False,69.87,-0.028,-0.3,False,91.9,-0.31,92.2,True,1.98,1.33,38.5,-10.7,C 基底修復,False,12:44,21.8,升,62.0,8,False,10.0,0.3038,0.3718,,False,True,0.12,0.06,68.76,1.7,0.86,161.1,OHLC,—,LH/LL,UT,False,262,2,universe
EPR,2026-09-16,57.01,1.25,False,60.0,-0.181,-0.62,False,91.4,-1.41,92.8,True,2.2,1.23,32.7,-3.8,C 基底修復,True,8:49,264.6,跌,361.0,32,False,10.0,-0.203,-0.0934,-0.4336,False,False,-5.24,-2.39,60.48,-6.09,-2.77,47.6,OHLC,↓,LH/LL,DT,False,262,2,universe
C,2026-09-16,132.95,3.61,False,135.26,-0.114,0.21,False,86.7,-0.93,87.6,True,2.72,1.72,58.8,-14.1,C 基底修復,False,3:25,102.7,跌,7.0,1,False,10.0,-0.0135,0.3036,-1.5794,False,True,-1.74,-0.64,133.1,-0.11,-0.04,1178.9,OHLC,—,LH/LL,自然回檔,False,262,2,universe
PSMT,2026-09-16,167.0,4.56,False,174.36,-0.719,-0.86,True,85.9,0.28,85.6,True,2.73,1.88,50.0,-0.9,C 基底修復,False,3:45,112.7,跌,13.0,2,False,10.0,-0.1093,-0.0261,-2.607,False,False,-4.41,-1.62,174.1,-4.25,-1.56,34.7,OHLC,↓,LH/LL,DT,False,262,2,universe
PNTG,2026-09-16,42.48,1.38,True,39.1,0.362,0.17,False,83.1,-1.1,84.2,True,3.25,1.91,64.2,-15.8,E 延伸,False,12:20,9.8,升,55.0,7,False,10.0,0.396,0.239,,False,False,7.95,2.45,39.81,6.29,1.94,12.2,OHLC,↑,HH/HL,UT,False,262,2,universe
VIK,2026-09-16,85.38,2.98,False,91.9,-0.454,-0.75,True,80.7,0.67,80.1,True,3.49,2.12,30.0,-1.3,D 趨勢弱,False,10:39,319.7,升,28.0,2,False,10.0,0.1763,0.0725,,False,False,-7.64,-2.19,88.08,-3.16,-0.91,361.0,OHLC,—,LH/LL,自然反彈,True,262,2,universe
CXT,2026-09-16,47.33,1.75,False,50.63,-0.284,-0.34,True,79.1,0.24,78.8,True,3.7,2.21,21.5,1.8,D 趨勢弱,False,3:59,119.7,跌,16.0,2,False,10.0,-0.2129,-0.0844,-0.7424,False,False,-6.97,-1.88,,,,23.2,OHLC,—,HH/HL,DT,False,262,2,universe
CEG,2026-09-16,259.53,10.01,False,277.51,-0.235,0.1,True,77.4,0.21,77.1,True,3.86,2.38,8.3,1.3,D 趨勢弱,False,4:47,143.3,跌,30.0,3,False,10.0,-3.6253,-2.8528,-3.6253,False,False,-6.93,-1.8,,,,658.5,OHLC,—,HH/HL,DT,False,262,2,universe
AXSM,2026-09-16,211.97,8.16,False,211.89,-0.075,-0.13,False,76.4,-0.09,76.4,True,3.85,2.58,62.3,5.8,C 基底修復,False,2:00,60.0,升,83.0,10,False,10.0,1.4025,1.4575,,False,True,0.04,0.01,218.2,-2.94,-0.76,123.4,OHLC,—,LH/LL,次級反彈,False,262,2,universe
KGS,2026-09-16,58.41,2.87,False,60.66,-0.04,0.11,True,66.7,0.54,66.2,False,4.91,3.36,32.7,0.8,D 趨勢弱,False,3:54,117.2,跌,15.0,2,False,10.0,-0.2513,-0.1613,-1.3039,False,True,-3.85,-0.78,63.85,-9.31,-1.9,103.4,OHLC,↓,LH/LL,自然反彈,False,262,2,universe
FIX,2026-09-16,1587.35,78.86,False,1656.6,-7.484,-0.16,True,63.6,1.08,62.5,False,4.97,3.93,43.4,-3.6,D 趨勢弱,False,11:56,358.2,升,49.0,7,False,10.0,4.7166,5.582,,False,True,-4.36,-0.88,1615.69,-1.79,-0.36,547.2,OHLC,—,LH/LL,DT,True,262,2,universe
MOD,2026-09-16,181.18,10.78,False,191.68,-0.614,-0.1,True,56.8,1.14,55.7,False,5.95,4.38,16.9,-0.4,D 趨勢弱,False,2:01,60.7,升,84.0,9,False,10.0,0.9105,0.9806,,False,True,-5.8,-0.97,173.5,4.24,0.71,225.3,OHLC,—,HH/HL,DT,True,262,2,universe
IRD,2026-09-16,5.41,0.51,True,5.47,0.014,0.39,False,38.7,-2.15,40.8,False,9.46,5.77,51.0,-3.9,E 延伸,False,1:46,53.2,升,80.0,10,False,10.0,0.1418,0.1984,,False,True,-1.03,-0.11,4.34,19.78,2.09,25.9,OHLC,↑,HH/HL,自然回檔,False,262,2,universe
WEC,2026-09-16,103.38,1.74,False,107.37,-0.175,-0.52,True,94.1,0.06,94.0,True,1.69,1.08,15.8,-0.2,D 趨勢弱,False,3:52,116.2,跌,15.0,2,False,11.0,-0.1244,-0.0658,-0.6276,False,False,-3.86,-2.29,107.33,-3.82,-2.27,231.2,OHLC,↓,LH/LL,DT,False,262,2,universe
CVX,2026-09-16,211.54,4.64,True,204.08,0.86,0.85,False,90.0,-0.97,91.0,True,2.19,1.54,63.7,6.6,A 待突破,False,3:39,109.5,跌,11.0,1,False,11.0,-0.0205,0.3183,-0.6621,False,False,3.53,1.61,207.12,2.09,0.95,1672.8,OHLC,—,HH/HL,自然回檔,True,262,2,universe
SU,2026-09-16,68.95,1.91,True,66.22,0.177,0.29,False,85.2,-1.75,87.0,True,2.77,1.95,68.0,6.2,A 待突破,False,12:10,4.9,升,53.0,6,False,11.0,0.0812,0.1787,,False,False,3.96,1.43,67.33,2.35,0.85,306.7,OHLC,↑,HH/HL,自然回檔,False,262,2,universe
LGND,2026-09-16,275.2,8.87,False,288.76,-1.138,-0.24,True,82.9,0.68,82.2,True,3.22,1.97,58.2,-0.7,C 基底修復,False,4:07,123.5,跌,19.0,3,False,11.0,-0.8447,-0.4778,-4.2047,False,False,-4.93,-1.53,,,,52.7,OHLC,—,HH/HL,DT,False,262,2,universe
FTI,2026-09-16,72.78,2.56,True,75.92,0.133,0.43,False,79.8,-0.96,80.8,True,3.52,2.25,56.7,-17.2,C 基底修復,False,5:41,170.4,跌,45.0,6,False,11.0,-0.7726,-0.6487,-0.7726,False,False,-4.31,-1.22,74.57,-2.46,-0.7,187.3,OHLC,↓,LH/LL,DT,False,262,2,universe
EGY,2026-09-16,6.17,0.21,True,5.91,0.046,0.9,False,78.6,-2.44,81.0,True,3.37,2.65,57.6,2.0,B 上升結構,False,2:33,76.7,升,93.0,11,False,11.0,0.018,0.0364,,False,False,4.17,1.24,6.0,2.76,0.82,8.1,OHLC,↑,HH/HL,自然回檔,False,262,2,universe
CRUS,2026-09-16,118.0,4.54,False,116.92,-0.218,-0.4,False,77.8,-1.9,79.7,True,3.85,2.3,13.6,-1.0,D 趨勢弱,False,2:49,84.6,升,110.0,11,False,11.0,1.9127,2.0267,,False,True,0.91,0.24,116.34,1.41,0.37,111.1,OHLC,↑,HH/HL,自然回檔,False,262,2,universe
APH,2026-09-16,77.26,2.86,False,81.35,-0.274,0.04,True,76.2,0.4,75.8,True,3.7,2.76,48.8,-2.7,C 基底修復,False,4:09,124.7,跌,19.0,3,False,11.0,-0.3938,-0.2462,-0.9099,False,False,-5.3,-1.43,,,,858.1,OHLC,—,HH/HL,DT,False,262,2,universe
ARW,2026-09-16,211.7,8.15,False,211.39,-0.598,0.04,False,75.1,-0.23,75.3,True,3.85,2.82,66.8,-3.7,C 基底修復,False,1:05,32.3,升,68.0,9,False,11.0,0.5217,0.9352,,False,True,0.15,0.04,203.92,3.68,0.96,113.4,OHLC,↑,HH/HL,自然回檔,False,262,2,universe
QRVO,2026-09-16,113.97,4.57,True,102.22,1.142,1.43,False,75.1,-0.8,75.9,True,4.01,2.65,55.3,-3.3,E 延伸,False,1:37,48.5,升,77.0,10,False,11.0,1.556,1.7394,,False,False,10.31,2.57,120.52,-5.75,-1.43,136.9,OHLC,—,LH/LL,自然回檔,False,262,2,universe
HMH,2026-09-16,19.7,0.99,False,19.99,-0.028,-0.04,True,67.1,0.16,66.9,False,5.02,3.18,21.4,-31.1,D 趨勢弱,False,2:09,64.3,升,86.0,6,False,11.0,0.0257,0.0458,,False,True,-1.48,-0.29,19.35,1.78,0.35,3.3,OHLC,—,HH/HL,次級反彈,True,116,2,universe
MLYS,2026-09-16,27.54,1.52,True,27.68,0.046,0.29,False,65.4,-1.9,67.3,False,5.51,3.02,21.3,6.6,D 趨勢弱,False,2:49,84.6,升,118.0,10,False,11.0,0.0714,0.2125,,False,True,-0.52,-0.09,26.71,3.01,0.55,32.4,OHLC,—,HH/HL,次級回檔,False,262,2,universe
WTI,2026-09-16,3.89,0.22,True,3.79,0.021,0.6,False,60.2,-2.45,62.6,False,5.59,4.01,58.7,-5.8,C 基底修復,False,1:30,45.0,升,75.0,9,False,11.0,0.0088,0.0263,,False,True,2.5,0.45,4.0,-2.83,-0.51,13.4,OHLC,↑,HH/HL,自然回檔,False,262,2,universe
DDD,2026-09-16,3.14,0.18,False,3.45,-0.028,0.29,True,56.7,1.47,55.3,False,5.78,4.57,45.6,2.1,D 趨勢弱,True,8:42,261.0,跌,95.0,19,False,11.0,-0.0353,-0.0317,-0.0569,False,False,-9.95,-1.72,3.28,-4.46,-0.77,6.2,OHLC,—,HH/HL,DT,True,262,2,universe
XE,2026-09-16,14.57,1.57,False,18.52,-0.135,-0.16,True,34.9,0.02,34.9,False,10.76,5.85,0.0,0.0,D 趨勢弱,True,8:49,264.6,跌,380.0,19,False,11.0,-0.4126,-0.3956,-0.4126,False,False,-27.09,-2.52,15.64,-7.34,-0.68,95.1,OHLC,↓,LH/LL,DT,False,100,2,universe
CMS,2026-09-16,65.99,1.13,False,69.24,-0.17,-0.84,True,93.9,0.09,93.8,True,1.71,1.11,22.0,-0.2,D 趨勢弱,False,3:46,112.9,跌,13.0,2,False,12.0,-0.1005,-0.0723,-0.4962,False,False,-4.93,-2.89,69.36,-5.11,-2.99,192.4,OHLC,↓,LH/LL,DT,False,262,2,universe
LKFN,2026-09-16,59.94,1.24,False,60.82,-0.147,-0.41,False,91.5,-0.45,92.0,True,2.06,1.33,37.1,-1.1,C 基底修復,False,2:49,84.6,升,98.0,8,False,12.0,0.1292,0.1798,,False,True,-1.46,-0.71,59.08,1.43,0.7,8.7,OHLC,—,HH/HL,自然反彈,True,262,2,universe
SBSI,2026-09-16,31.7,0.7,False,32.26,-0.039,-0.13,False,91.3,-0.18,91.4,True,2.2,1.26,36.8,0.7,D 趨勢弱,False,2:49,84.6,升,101.0,10,False,12.0,0.0275,0.0493,,False,True,-1.78,-0.81,31.67,0.09,0.04,3.8,OHLC,—,HH/HL,DT,False,262,2,universe
BAC,2026-09-16,57.9,1.36,False,62.24,-0.242,-0.35,False,90.3,-0.96,91.2,True,2.36,1.32,35.2,-4.3,C 基底修復,True,8:49,264.6,跌,188.0,22,False,12.0,-0.5164,-0.3654,-0.5164,False,False,-7.49,-3.18,,,,1999.0,OHLC,—,HH/HL,DT,False,262,2,universe
TDS,2026-09-16,37.07,1.09,True,35.4,0.071,0.5,False,82.6,-0.53,83.1,True,2.93,2.31,19.3,-0.9,D 趨勢弱,False,2:49,84.6,升,99.0,12,False,12.0,0.2374,0.3395,,False,False,4.5,1.54,37.02,0.13,0.05,45.7,OHLC,↑,HH/HL,自然回檔,False,262,2,universe
VLO,2026-09-16,403.28,12.89,True,353.87,4.108,1.34,False,82.4,-0.29,82.7,True,3.2,2.08,65.0,0.0,E 延伸,False,2:49,84.6,升,117.0,12,False,12.0,1.7376,1.4317,,False,False,12.25,3.83,375.1,6.99,2.19,1105.5,OHLC,↑,HH/HL,UT,False,262,2,universe
ANDE,2026-09-16,71.43,2.32,False,68.07,-0.255,-0.07,True,79.9,0.47,79.4,True,3.24,2.52,58.3,5.5,B 上升結構,False,2:49,84.6,升,111.0,11,False,12.0,0.5826,0.6624,,False,False,4.7,1.45,63.37,11.28,3.48,28.1,OHLC,—,HH/HL,UT,True,262,2,universe
ASO,2026-09-16,50.42,2.28,True,47.67,0.119,0.58,True,69.8,0.07,69.8,False,4.52,3.14,21.1,-4.1,C 基底修復,False,2:01,60.4,升,84.0,7,False,12.0,0.8982,1.132,,False,False,5.45,1.21,56.88,-12.81,-2.84,118.9,OHLC,—,LH/LL,自然回檔,False,262,2,universe
GPRE,2026-09-16,15.06,0.75,False,15.16,-0.053,-0.41,True,64.9,0.4,64.5,False,4.96,3.66,35.5,-1.7,C 基底修復,False,12:47,23.3,升,63.0,8,False,12.0,0.0255,0.0177,,False,True,-0.67,-0.14,15.56,-3.32,-0.67,25.9,OHLC,—,LH/LL,自然反彈,True,262,2,universe
TRTX,2026-09-16,7.32,0.15,False,7.8,-0.026,-0.97,True,92.6,0.08,92.6,True,1.99,1.14,19.2,0.2,D 趨勢弱,False,5:10,154.9,跌,36.0,5,False,13.0,-0.0312,-0.0305,-0.075,False,False,-6.54,-3.29,7.89,-7.79,-3.92,5.7,OHLC,↓,LH/LL,DT,False,262,2,universe
SPFI,2026-09-16,43.64,0.9,False,44.57,-0.062,-0.14,False,91.2,-0.5,91.7,True,2.06,1.4,50.4,-7.8,C 基底修復,False,4:01,120.3,跌,17.0,2,False,13.0,-0.0809,-0.0187,-0.2718,False,True,-2.13,-1.03,45.89,-5.16,-2.5,4.9,OHLC,↓,LH/LL,DT,False,262,2,universe
PBR,2026-09-16,20.91,0.65,True,19.44,0.081,0.65,False,82.5,-1.57,84.1,True,3.09,2.16,50.1,-4.2,B 上升結構,False,2:28,74.1,升,91.0,12,False,13.0,0.1272,0.1961,,False,False,7.05,2.28,20.12,3.78,1.22,497.3,OHLC,↑,HH/HL,自然回檔,False,262,2,universe
RDVT,2026-09-16,77.52,2.93,True,71.05,0.216,0.33,True,74.6,0.34,74.2,False,3.78,2.98,71.8,-4.5,E 延伸,False,10:31,315.5,升,25.0,3,False,13.0,0.1214,0.0506,,False,False,8.35,2.21,73.05,5.77,1.52,17.4,OHLC,↑,HH/HL,UT,False,262,2,universe
PKE,2026-09-16,31.31,1.36,False,33.98,-0.182,-0.43,True,71.3,1.17,70.1,False,4.33,3.06,32.9,0.4,D 趨勢弱,True,8:49,264.6,跌,161.0,20,False,13.0,-0.0363,-0.096,-0.5983,True,False,-8.51,-1.97,30.46,2.71,0.63,7.1,OHLC,—,HH/HL,自然回檔,True,262,2,universe
DOCU,2026-09-16,70.4,2.89,True,63.81,0.376,0.77,True,70.8,0.21,70.6,False,4.1,3.37,44.3,-1.4,E 延伸,False,10:05,302.5,升,18.0,3,False,13.0,0.2738,0.2507,,False,False,9.36,2.28,64.64,8.18,1.99,242.2,OHLC,↑,HH/HL,自然回檔,False,262,2,universe
WTTR,2026-09-16,20.31,0.83,True,20.47,0.125,0.41,False,69.8,-0.65,70.4,False,4.11,3.57,77.8,-6.2,A 待突破,False,1:22,40.9,升,73.0,7,False,13.0,0.0395,0.0571,,False,True,-0.8,-0.19,20.37,-0.3,-0.07,27.4,OHLC,—,HH/HL,自然反彈,True,262,2,universe
AVAV,2026-09-16,156.45,9.47,False,156.9,-0.36,-0.33,True,54.5,1.42,53.1,False,6.05,4.8,1.4,1.4,D 趨勢弱,False,11:03,331.7,升,34.0,3,False,13.0,1.2207,0.7817,,False,True,-0.29,-0.05,159.24,-1.78,-0.29,348.7,OHLC,—,LH/LL,UT,True,262,2,universe
OCC,2026-09-16,13.75,1.32,False,14.51,-0.122,-0.16,True,36.8,2.26,34.6,False,9.58,6.3,34.7,2.2,D 趨勢弱,False,11:07,333.5,升,35.0,6,False,13.0,0.0408,0.0007,,False,True,-5.54,-0.58,13.84,-0.65,-0.07,4.0,OHLC,↓,LH/LL,自然反彈,False,262,2,universe
PEG,2026-09-16,70.39,1.19,False,73.76,-0.289,-0.98,True,94.4,0.18,94.3,True,1.69,0.99,11.7,0.5,D 趨勢弱,False,4:27,133.6,跌,24.0,3,False,14.0,-0.1803,-0.1427,-0.4817,False,False,-4.79,-2.84,74.24,-5.47,-3.24,197.3,OHLC,↓,LH/LL,DT,False,262,2,universe
HAFC,2026-09-16,32.08,0.57,False,31.7,-0.018,-0.02,False,93.2,-0.36,93.6,True,1.77,1.21,80.6,0.4,A 待突破,False,1:37,48.3,升,77.0,9,False,14.0,0.1,0.1029,,False,True,1.17,0.66,31.4,2.12,1.2,6.3,OHLC,—,HH/HL,自然反彈,True,262,2,universe
CNP,2026-09-16,38.33,0.76,False,39.75,-0.151,-0.93,True,92.3,0.37,92.0,True,1.98,1.22,15.4,1.8,D 趨勢弱,False,3:57,118.5,跌,16.0,2,False,14.0,-0.0384,-0.0243,-0.3545,False,False,-3.71,-1.87,40.12,-4.67,-2.36,235.2,OHLC,↓,LH/LL,DT,False,262,2,universe
NRIM,2026-09-16,25.56,0.63,False,26.17,-0.094,-0.36,False,89.2,-0.9,90.1,True,2.47,1.44,35.6,-6.5,C 基底修復,False,1:00,30.0,升,67.0,8,False,14.0,0.0268,0.0619,,False,True,-2.38,-0.97,26.33,-3.01,-1.22,3.4,OHLC,—,HH/HL,自然回檔,True,262,2,universe
ALG,2026-09-16,168.42,4.86,False,166.69,-0.109,0.16,False,86.2,-0.08,86.3,True,2.89,1.64,22.4,-1.4,D 趨勢弱,False,3:43,111.5,跌,12.0,1,False,14.0,-0.0365,0.0914,-0.8432,False,True,1.03,0.36,166.17,1.34,0.46,25.8,OHLC,—,HH/HL,自然回檔,True,262,2,universe
ADM,2026-09-16,85.0,2.52,True,82.03,0.251,0.47,False,85.7,-0.19,85.9,True,2.97,1.67,66.5,6.1,A 待突破,False,2:49,84.6,升,128.0,13,False,14.0,0.2613,0.4456,,False,False,3.49,1.18,78.16,8.05,2.71,313.3,OHLC,—,HH/HL,自然回檔,True,262,2,universe
RBC,2026-09-16,487.14,14.09,False,511.99,-3.739,-1.27,True,85.5,0.48,85.0,True,2.89,1.79,10.1,1.0,D 趨勢弱,False,11:22,341.1,升,40.0,4,False,14.0,1.8404,1.2989,,False,False,-5.1,-1.76,494.83,-1.58,-0.55,141.8,OHLC,—,LH/LL,自然回檔,True,262,2,universe
EXE,2026-09-16,88.74,2.73,False,95.63,-0.263,0.09,False,84.3,-2.9,87.2,True,3.07,1.84,19.2,-16.2,D 趨勢弱,True,6:33,196.3,跌,59.0,7,False,14.0,-1.0487,-0.6955,-1.0487,False,False,-7.76,-2.52,93.17,-4.99,-1.62,236.2,OHLC,↓,LH/LL,DT,False,262,2,universe
BWXT,2026-09-16,145.66,5.6,False,158.62,-1.295,-0.59,True,76.5,0.56,76.0,True,3.84,2.55,10.0,10.0,D 趨勢弱,False,4:01,120.3,跌,17.0,2,False,14.0,-0.4181,-0.2397,-1.6394,False,False,-8.9,-2.31,158.9,-9.09,-2.36,161.3,OHLC,↓,LH/LL,DT,False,262,2,universe
AROC,2026-09-16,31.05,1.2,False,32.42,-0.127,-0.51,True,76.1,0.61,75.5,True,3.88,2.59,17.6,1.9,D 趨勢弱,False,1:27,43.5,升,74.0,11,False,14.0,0.0048,0.0268,,False,False,-4.4,-1.13,32.06,-3.25,-0.84,61.3,OHLC,↓,LH/LL,DT,False,262,2,universe
SOLS,2026-09-16,58.48,2.71,False,61.17,-0.136,0.12,True,64.9,0.73,64.2,False,4.64,4.0,23.5,2.3,D 趨勢弱,False,4:11,125.6,跌,20.0,2,False,14.0,-0.1701,-0.0919,-0.9921,False,True,-4.59,-0.99,63.53,-8.64,-1.86,188.6,OHLC,↓,LH/LL,自然反彈,False,228,2,universe
PARR,2026-09-16,84.9,4.52,True,77.78,0.086,-0.03,True,61.1,0.18,60.9,False,5.32,4.1,85.8,1.5,B 上升結構,False,12:40,19.8,升,61.0,10,False,14.0,0.2422,0.205,,False,False,8.38,1.58,81.7,3.77,0.71,70.7,OHLC,—,HH/HL,UT,True,262,2,universe
CRWD,2026-09-16,241.36,12.54,True,215.46,1.137,0.55,True,60.1,0.36,59.8,False,5.2,4.42,66.9,-1.3,E 延伸,False,10:37,318.5,升,27.0,3,False,14.0,2.9271,2.2482,,False,False,10.73,2.06,218.4,9.51,1.83,2919.5,OHLC,↑,HH/HL,UT,False,262,2,universe
OKTA,2026-09-16,188.12,9.37,True,160.04,1.347,0.72,True,60.1,0.36,59.8,False,4.98,4.63,64.3,-0.7,E 延伸,False,2:49,84.6,升,111.0,14,False,14.0,2.3978,2.3889,,False,False,14.93,3.0,166.5,11.49,2.31,818.7,OHLC,↑,HH/HL,UT,False,262,2,universe
AMRC,2026-09-16,22.86,1.42,False,23.72,-0.699,-0.32,True,52.1,1.45,50.7,False,6.19,5.22,0.0,0.0,D 趨勢弱,False,12:14,6.9,升,54.0,7,False,14.0,0.0716,0.0647,,False,True,-3.76,-0.61,22.79,0.31,0.05,17.4,OHLC,—,HH/HL,自然反彈,True,262,2,universe
HYLN,2026-09-16,3.94,0.29,False,3.88,-0.005,0.12,True,43.8,1.0,42.8,False,7.36,6.26,71.3,-1.0,D 趨勢弱,False,2:49,84.6,升,107.0,12,False,14.0,0.0663,0.0692,,False,True,1.4,0.19,3.82,3.05,0.41,7.4,OHLC,↑,HH/HL,自然反彈,False,262,2,universe
FEIM,2026-09-16,84.6,5.64,True,73.09,0.704,1.52,True,42.6,0.42,42.1,False,6.67,7.33,70.1,0.4,B 上升結構,False,11:54,357.1,升,48.0,5,False,14.0,2.9991,2.9594,,False,False,13.6,2.04,89.76,-6.1,-0.91,28.1,OHLC,—,LH/LL,自然回檔,False,262,2,universe
DNP,2026-09-16,10.2,0.14,False,10.71,-0.029,-0.98,False,96.5,-0.0,96.5,True,1.39,0.67,23.6,0.7,D 趨勢弱,True,8:49,264.6,跌,101.0,12,False,,-0.0709,-0.0676,-0.0709,False,False,-5.04,-3.64,10.69,-4.8,-3.47,7.1,OHLC,—,HH/HL,DT,False,262,2,universe
NAD,2026-09-16,10.68,0.15,False,11.38,-0.053,-1.8,False,96.5,-0.05,96.5,True,1.41,0.67,13.0,0.3,D 趨勢弱,True,8:49,264.6,跌,117.0,11,False,,-0.0854,-0.0816,-0.0854,False,False,-6.52,-4.64,11.76,-10.11,-7.19,10.1,OHLC,↓,LH/LL,DT,False,262,2,universe
UTF,2026-09-16,24.86,0.37,False,26.56,-0.132,-1.65,False,96.1,-0.28,96.4,True,1.5,0.68,19.9,-0.8,D 趨勢弱,True,8:15,247.5,跌,88.0,10,False,,-0.2134,-0.1984,-0.2134,False,False,-6.82,-4.55,27.39,-10.18,-6.79,7.5,OHLC,↓,LH/LL,DT,False,262,2,universe
PDI,2026-09-16,14.32,0.22,False,15.21,-0.07,-1.35,True,95.2,0.08,95.1,True,1.55,0.9,7.8,2.3,D 趨勢弱,False,5:22,161.1,跌,40.0,4,False,,-0.0786,-0.0711,-0.0953,False,False,-6.23,-4.01,15.48,-8.1,-5.21,58.0,OHLC,↓,LH/LL,DT,False,262,2,universe
KRG,2026-09-16,25.65,0.4,False,26.33,-0.155,-1.42,False,94.7,-0.14,94.9,True,1.54,1.05,34.9,-1.1,C 基底修復,False,2:49,84.6,升,141.0,15,False,,0.0418,0.0563,,False,True,-2.66,-1.72,26.37,-2.81,-1.82,49.6,OHLC,↓,LH/LL,DT,False,262,2,universe
STAG,2026-09-16,37.08,0.56,False,37.09,-0.038,-0.63,False,93.9,-0.02,93.9,True,1.52,1.28,37.5,0.3,D 趨勢弱,False,2:49,84.6,升,116.0,16,False,,0.0433,0.0501,,False,True,-0.02,-0.01,36.69,1.05,0.69,55.2,OHLC,—,HH/HL,自然回檔,True,262,2,universe
LNT,2026-09-16,66.11,1.13,False,68.74,-0.17,-0.7,True,93.8,0.11,93.6,True,1.71,1.14,30.0,0.6,D 趨勢弱,False,4:08,123.9,跌,19.0,2,False,,-0.0519,-0.0266,-0.5605,False,False,-3.98,-2.32,69.04,-4.43,-2.58,127.9,OHLC,↓,LH/LL,DT,False,262,2,universe
DTE,2026-09-16,130.7,2.32,False,136.54,-0.512,-0.9,True,93.7,0.09,93.6,True,1.78,1.09,13.4,0.1,D 趨勢弱,False,4:44,142.0,跌,29.0,3,False,,-0.3443,-0.3124,-0.9113,False,False,-4.47,-2.52,138.01,-5.59,-3.15,172.5,OHLC,↓,LH/LL,DT,False,262,2,universe
DMLP,2026-09-16,29.46,0.51,True,28.28,0.163,1.43,False,92.5,-0.79,93.3,True,1.75,1.42,71.7,7.1,A 待突破,False,3:45,112.5,跌,12.0,1,False,,-0.0008,0.0469,-0.2038,False,False,4.0,2.29,28.36,3.73,2.14,3.2,OHLC,↑,HH/HL,自然回檔,False,262,2,universe
HESM,2026-09-16,39.58,0.82,False,39.94,-0.022,-0.11,False,92.1,-0.01,92.1,True,2.07,1.19,47.8,0.8,C 基底修復,False,3:56,118.0,跌,16.0,2,False,,-0.0461,-0.0152,-0.1994,False,True,-0.91,-0.44,39.8,-0.56,-0.27,53.0,OHLC,—,HH/HL,自然回檔,True,262,2,universe
GSBC,2026-09-16,79.15,1.67,False,79.73,-0.057,-0.11,False,92.0,-0.54,92.5,True,2.11,1.18,70.0,-11.7,C 基底修復,False,12:00,0.0,升,50.0,5,False,,0.0556,0.1327,,False,True,-0.73,-0.35,78.08,1.35,0.64,7.2,OHLC,—,HH/HL,自然反彈,True,262,2,universe
EIG,2026-09-16,50.02,0.97,False,49.18,-0.044,-0.27,False,91.8,-0.07,91.9,True,1.95,1.39,76.0,-1.4,A 待突破,False,2:18,68.9,升,88.0,14,False,,0.1173,0.1155,,False,True,1.68,0.86,49.39,1.26,0.65,6.6,OHLC,—,HH/HL,UT,True,262,2,universe
CIM,2026-09-16,10.89,0.22,False,11.53,-0.055,-1.37,True,91.7,0.12,91.6,True,1.99,1.37,9.2,1.3,D 趨勢弱,False,4:25,132.4,跌,24.0,3,False,,-0.0276,-0.021,-0.0754,False,False,-5.87,-2.95,11.64,-6.89,-3.47,10.1,OHLC,↓,LH/LL,DT,False,262,2,universe
HTB,2026-09-16,46.7,1.0,False,47.89,-0.156,-0.34,False,91.6,-1.01,92.6,True,2.14,1.23,40.4,-0.1,C 基底修復,False,12:46,22.9,升,63.0,8,False,,0.1194,0.2253,,False,True,-2.55,-1.19,49.56,-6.12,-2.86,10.5,OHLC,—,LH/LL,自然回檔,False,262,2,universe
CINF,2026-09-16,170.77,3.11,False,172.18,-0.27,-0.53,False,91.5,-0.09,91.6,True,1.82,1.57,49.9,0.6,C 基底修復,False,2:49,84.6,升,124.0,14,False,,0.2761,0.2895,,False,True,-0.82,-0.45,167.45,1.94,1.07,80.0,OHLC,—,HH/HL,DT,True,262,2,universe
LTC,2026-09-16,43.08,0.91,True,40.81,0.168,0.62,False,90.8,-0.3,91.1,True,2.12,1.43,57.2,6.0,C 基底修復,False,2:49,84.6,升,135.0,20,False,,0.1823,0.199,,False,False,5.26,2.49,40.82,5.25,2.48,23.0,OHLC,↑,HH/HL,UT,False,262,2,universe
IIPR,2026-09-16,55.91,1.24,False,56.96,-0.133,-0.47,False,90.4,-0.26,90.7,True,2.22,1.43,47.7,-0.6,C 基底修復,False,2:49,84.6,升,147.0,16,False,,0.0831,0.1148,,False,True,-1.87,-0.85,57.63,-3.08,-1.39,16.3,OHLC,—,LH/LL,DT,True,262,2,universe
FSBC,2026-09-16,45.11,1.12,False,46.0,-0.086,-0.19,False,90.2,-0.46,90.7,True,2.47,1.22,59.1,-2.0,C 基底修復,False,3:19,99.4,跌,5.0,1,False,,-0.0165,0.0471,-0.3898,False,True,-1.98,-0.8,46.96,-4.1,-1.66,7.4,OHLC,↓,LH/LL,DT,False,262,2,universe
RBCAA,2026-09-16,94.09,2.19,False,96.29,-0.184,-0.31,False,89.9,-0.95,90.9,True,2.33,1.43,53.2,-18.7,C 基底修復,False,3:31,105.5,跌,9.0,1,False,,-0.0971,0.0742,-0.9649,False,True,-2.34,-1.0,97.24,-3.35,-1.44,10.2,OHLC,↓,LH/LL,自然回檔,False,262,2,universe
SRE,2026-09-16,81.7,1.93,False,84.45,-0.199,-0.4,True,89.8,0.37,89.4,True,2.36,1.43,24.2,11.4,D 趨勢弱,False,4:05,122.4,跌,18.0,2,False,,-0.0847,-0.0336,-0.8388,False,False,-3.37,-1.43,85.28,-4.38,-1.86,325.1,OHLC,↓,LH/LL,DT,False,262,2,universe
UHT,2026-09-16,40.81,0.92,False,41.35,-0.072,-0.46,False,89.5,-0.06,89.5,True,2.25,1.6,27.1,0.1,D 趨勢弱,False,10:58,329.2,升,33.0,3,False,,0.0106,0.0054,,False,True,-1.32,-0.59,40.46,0.86,0.38,4.0,OHLC,—,LH/LL,DT,True,262,2,universe
UVV,2026-09-16,44.59,1.01,False,46.38,-0.222,-0.97,True,89.5,0.43,89.0,True,2.27,1.59,14.9,0.6,D 趨勢弱,False,2:49,84.6,升,141.0,15,False,,0.1016,0.1196,,False,False,-4.01,-1.77,46.36,-3.97,-1.75,12.6,OHLC,—,LH/LL,DT,True,262,2,universe
AM,2026-09-16,21.16,0.52,False,22.14,-0.018,0.03,True,89.1,0.02,89.1,True,2.46,1.48,35.8,0.6,C 基底修復,False,4:57,148.6,跌,33.0,4,False,,-0.1553,-0.12,-0.1658,False,False,-4.62,-1.88,,,,44.4,OHLC,—,HH/HL,DT,False,262,2,universe
WFC,2026-09-16,87.05,2.17,False,87.61,-0.034,0.26,False,88.9,-1.08,90.0,True,2.5,1.47,42.2,-12.4,C 基底修復,False,2:49,84.6,升,118.0,10,False,,0.0426,0.2471,,False,True,-0.65,-0.26,90.34,-3.78,-1.51,1145.8,OHLC,—,LH/LL,自然回檔,False,262,2,universe
LAND,2026-09-16,9.38,0.24,True,8.97,0.044,0.74,False,88.8,-0.14,89.0,True,2.56,1.43,11.8,-0.7,D 趨勢弱,False,3:40,110.0,跌,11.0,1,False,,-0.0146,0.002,-0.0439,False,False,4.3,1.68,8.15,13.07,5.11,7.7,OHLC,↑,HH/HL,自然回檔,False,262,2,universe
AIV,2026-09-16,2.25,0.06,False,2.52,-0.016,-0.95,False,88.6,-0.55,89.2,True,2.79,1.24,0.9,-0.9,D 趨勢弱,True,6:09,184.7,跌,53.0,5,False,,-0.021,-0.016,-0.021,False,False,-11.95,-4.28,2.59,-15.11,-5.41,3.2,OHLC,↓,LH/LL,DT,False,262,2,universe
KRC,2026-09-16,34.42,0.88,False,36.37,-0.192,-0.93,False,88.6,-0.28,88.9,True,2.56,1.49,20.4,-0.3,C 基底修復,True,7:14,217.1,跌,71.0,6,False,,-0.1606,-0.1557,-0.408,False,False,-5.66,-2.21,,,,39.9,OHLC,—,HH/HL,DT,False,262,2,universe
NTST,2026-09-16,18.25,0.47,False,20.34,-0.115,-0.62,False,88.1,-3.23,91.4,True,2.55,1.58,23.5,-7.2,D 趨勢弱,True,6:06,182.9,跌,52.0,8,False,,-0.1599,-0.0903,-0.2458,False,False,-11.47,-4.49,20.8,-13.97,-5.47,34.3,OHLC,↓,LH/LL,DT,False,262,2,universe
BMRC,2026-09-16,27.77,0.69,False,27.58,-0.064,-0.38,False,87.9,-0.35,88.3,True,2.5,1.69,53.2,-0.6,C 基底修復,False,1:41,50.5,升,78.0,8,False,,0.1306,0.1399,,False,True,0.68,0.27,27.92,-0.54,-0.22,3.9,OHLC,—,LH/LL,UT,False,262,2,universe
UNH,2026-09-16,375.26,10.17,False,395.16,-1.18,-0.59,True,87.8,0.39,87.4,True,2.71,1.5,43.3,1.1,C 基底修復,False,5:55,177.3,跌,48.0,4,False,,-1.5888,-1.3108,-3.1185,False,False,-5.3,-1.96,,,,1788.7,OHLC,—,HH/HL,DT,False,262,2,universe
UAN,2026-09-16,132.78,3.18,True,125.89,0.061,0.22,False,87.6,-0.22,87.8,True,2.39,1.86,64.6,-0.3,B 上升結構,False,2:49,84.6,升,101.0,17,False,,0.183,0.4029,,False,False,5.19,2.17,130.8,1.49,0.62,4.7,OHLC,—,HH/HL,自然回檔,True,262,2,universe
USAC,2026-09-16,26.14,0.61,False,26.79,-0.005,0.38,False,87.5,-0.02,87.5,True,2.34,1.93,24.8,-2.2,D 趨勢弱,False,4:29,134.5,跌,25.0,3,False,,-0.1303,-0.0741,-0.1303,False,True,-2.49,-1.06,26.36,-0.84,-0.36,8.4,OHLC,↑,HH/HL,自然回檔,False,262,2,universe
KR,2026-09-16,61.14,1.63,True,57.81,0.171,0.24,False,86.7,-0.11,86.9,True,2.66,1.76,19.5,-0.1,D 趨勢弱,False,11:08,334.0,升,36.0,4,False,,0.4654,0.4353,,False,False,5.45,2.05,,,,418.9,OHLC,—,LH/LL,UT,False,262,2,universe
PRSU,2026-09-16,48.91,1.35,False,48.3,-0.083,-0.3,False,86.4,-0.14,86.6,True,2.76,1.73,60.3,9.5,C 基底修復,False,2:49,84.6,升,147.0,18,False,,0.199,0.2134,,False,True,1.25,0.45,47.07,3.76,1.36,9.7,OHLC,—,HH/HL,自然反彈,True,262,2,universe
WMB,2026-09-16,70.9,2.04,True,73.27,0.053,0.13,False,85.9,-0.06,86.0,True,2.88,1.71,37.2,0.7,C 基底修復,False,4:40,140.2,跌,28.0,4,False,,-0.3796,-0.2854,-0.5386,False,False,-3.34,-1.16,73.36,-3.47,-1.21,555.3,OHLC,—,HH/HL,DT,False,262,2,universe
CHCT,2026-09-16,14.66,0.34,False,15.04,-0.133,-1.24,False,85.8,-0.06,85.8,True,2.32,2.29,26.2,2.8,D 趨勢弱,False,2:49,84.6,升,140.0,15,False,,0.0845,0.0841,,False,True,-2.56,-1.1,15.11,-3.07,-1.32,5.1,OHLC,—,LH/LL,DT,True,262,2,universe
FVR,2026-09-16,17.64,0.59,False,19.43,-0.084,-0.53,False,85.2,-0.99,86.1,True,3.35,1.39,33.0,-14.7,C 基底修復,True,7:58,238.9,跌,83.0,13,False,,-0.1257,-0.0958,-0.2477,False,False,-10.16,-3.03,19.34,-9.64,-2.88,3.6,OHLC,↓,LH/LL,DT,False,262,2,universe
SIRI,2026-09-16,28.56,0.8,False,28.95,-0.072,-0.56,False,84.7,-1.18,85.9,True,2.81,2.03,48.0,-1.6,C 基底修復,False,1:48,54.0,升,80.0,10,False,,0.0749,0.1301,,False,True,-1.36,-0.49,28.37,0.67,0.24,97.9,OHLC,—,HH/HL,自然回檔,True,262,2,universe
DE,2026-09-16,669.47,17.99,True,645.58,1.496,0.64,False,84.6,-0.43,85.0,True,2.69,2.16,53.5,-1.3,B 上升結構,False,3:36,107.8,跌,10.0,1,False,,-0.5437,0.9265,-3.9742,False,False,3.57,1.33,622.66,6.99,2.6,957.7,OHLC,—,HH/HL,自然回檔,True,262,2,universe
EQT,2026-09-16,50.41,1.54,False,53.89,-0.107,0.03,False,84.6,-2.46,87.0,True,3.05,1.82,20.2,-14.8,D 趨勢弱,True,6:21,190.5,跌,56.0,6,False,,-0.4792,-0.276,-0.4792,False,False,-6.9,-2.27,53.01,-5.16,-1.69,318.8,OHLC,—,HH/HL,DT,False,262,2,universe
SBAC,2026-09-16,180.02,5.31,False,184.29,-0.002,0.11,False,84.3,-0.46,84.8,True,2.95,1.96,17.1,-0.9,D 趨勢弱,False,5:46,172.8,跌,46.0,5,False,,-0.8748,-0.6456,-0.8748,False,True,-2.37,-0.8,184.08,-2.26,-0.77,149.1,OHLC,—,HH/HL,次級回檔,False,262,2,universe
AMSF,2026-09-16,24.71,0.68,False,26.41,-0.143,-1.19,True,84.0,0.4,83.6,True,2.75,2.22,8.6,3.9,D 趨勢弱,False,2:07,63.4,升,85.0,14,False,,0.0726,0.0681,,False,False,-6.86,-2.5,25.43,-2.91,-1.06,9.9,OHLC,↓,LH/LL,DT,False,262,2,universe
RTO,2026-09-16,21.9,0.48,False,23.66,-0.126,-0.83,True,83.4,0.06,83.4,True,2.2,2.88,8.0,-0.0,D 趨勢弱,False,3:49,114.6,跌,14.0,2,False,,-0.0244,-0.0016,-0.6606,False,False,-8.04,-3.65,24.3,-10.96,-4.98,30.3,OHLC,↓,LH/LL,DT,False,262,2,universe
EBAY,2026-09-16,109.17,3.38,False,105.65,-0.004,-0.17,True,83.3,0.28,83.0,True,3.1,2.02,52.3,7.0,B 上升結構,False,2:29,74.6,升,91.0,16,False,,0.7565,0.6913,,False,False,3.22,1.04,103.41,5.28,1.7,471.3,OHLC,↑,HH/HL,UT,False,262,2,universe
PRVA,2026-09-16,20.37,0.65,False,21.27,-0.108,-0.69,True,83.2,0.24,82.9,True,3.18,1.96,9.7,-2.8,D 趨勢弱,False,2:38,79.2,升,94.0,13,False,,0.1087,0.1142,,False,False,-4.4,-1.38,20.88,-2.5,-0.79,22.2,OHLC,—,LH/LL,DT,True,262,2,universe
TRN,2026-09-16,28.33,0.78,False,29.29,-0.138,-1.88,True,83.2,0.17,83.1,True,2.76,2.36,24.8,-0.4,D 趨勢弱,False,2:49,84.6,升,116.0,17,False,,0.163,0.1459,,False,False,-3.38,-1.22,28.82,-1.73,-0.63,14.4,OHLC,—,LH/LL,自然反彈,True,262,2,universe
CTS,2026-09-16,56.89,1.7,False,59.4,-0.404,-1.03,True,83.1,0.32,82.8,True,2.99,2.16,37.8,0.1,D 趨勢弱,False,10:24,311.9,升,23.0,4,False,,0.2068,0.19,,False,False,-4.41,-1.48,57.67,-1.37,-0.46,10.1,OHLC,—,LH/LL,自然反彈,True,262,2,universe
LOGI,2026-09-16,99.53,2.86,False,100.62,-0.289,-0.37,False,82.7,-0.24,82.9,True,2.88,2.35,32.1,-10.3,D 趨勢弱,False,1:09,34.6,升,69.0,9,False,,0.2972,0.4076,,False,True,-1.1,-0.38,98.51,1.02,0.36,72.9,OHLC,—,HH/HL,自然回檔,True,262,2,universe
XIFR,2026-09-16,11.06,0.33,False,11.59,-0.026,-0.17,True,82.7,0.7,82.0,True,2.99,2.23,43.7,1.6,C 基底修復,False,5:05,152.6,跌,35.0,4,False,,-0.0832,-0.0711,-0.1151,False,False,-4.8,-1.6,11.73,-6.06,-2.03,7.6,OHLC,—,HH/HL,DT,False,262,2,universe
NBIX,2026-09-16,149.5,4.53,False,155.86,-0.575,-1.13,True,82.6,0.63,82.0,True,3.03,2.21,43.6,-1.8,C 基底修復,False,3:50,114.8,跌,14.0,1,False,,-0.0268,0.2818,-2.4817,False,False,-4.25,-1.4,158.35,-5.92,-1.95,151.8,OHLC,↓,LH/LL,DT,False,262,2,universe
PGNY,2026-09-16,27.38,0.84,False,26.85,-0.085,-0.59,False,82.5,-0.16,82.7,True,3.07,2.19,45.0,-13.1,C 基底修復,False,1:42,50.9,升,78.0,12,False,,0.3086,0.3455,,False,True,1.92,0.63,25.59,6.54,2.13,28.2,OHLC,↑,HH/HL,UT,False,262,2,universe
REPX,2026-09-16,43.08,1.41,True,39.87,0.35,1.4,False,82.3,-1.9,84.2,True,3.28,2.02,53.9,-4.1,E 延伸,False,2:49,84.6,升,199.0,27,False,,0.2179,0.3522,,False,False,7.45,2.27,37.36,13.28,4.05,12.7,OHLC,↑,HH/HL,自然回檔,False,262,2,universe
CMCSA,2026-09-16,23.73,0.72,False,25.81,-0.016,0.21,False,82.2,-0.86,83.1,True,3.03,2.29,7.8,-10.6,D 趨勢弱,True,8:49,264.6,跌,132.0,12,False,,-0.3749,-0.3304,-0.3749,False,False,-8.76,-2.89,25.2,-6.19,-2.04,546.7,OHLC,↓,LH/LL,DT,False,262,2,universe
NYT,2026-09-16,72.41,1.96,False,66.79,-0.204,-0.45,True,82.2,0.01,82.2,True,2.71,2.6,26.9,0.3,C 基底修復,False,2:49,84.6,升,316.0,17,False,,0.7292,0.5847,,False,False,7.76,2.87,,,,144.0,OHLC,—,LH/LL,UT,False,262,2,universe
ECVT,2026-09-16,10.88,0.34,False,10.37,-0.027,-0.69,True,82.0,0.14,81.9,True,3.14,2.21,16.9,-13.1,C 基底修復,False,2:49,84.6,升,164.0,16,False,,0.1236,0.0826,,False,False,4.66,1.48,,,,14.0,OHLC,—,LH/LL,UT,False,262,2,universe
PLOW,2026-09-16,39.36,1.22,False,42.02,-0.276,-0.32,True,81.2,0.27,80.9,True,3.11,2.4,30.9,0.7,C 基底修復,False,4:44,142.0,跌,29.0,3,False,,-0.1037,-0.0774,-0.2545,False,False,-6.75,-2.17,42.18,-7.16,-2.3,7.3,OHLC,↓,LH/LL,DT,False,262,2,universe
PLMR,2026-09-16,140.78,4.17,True,132.66,0.379,-0.02,False,81.0,-0.08,81.1,True,2.96,2.58,60.3,-3.7,E 延伸,False,2:49,84.6,升,130.0,13,False,,0.8168,0.6103,,False,False,5.77,1.95,132.92,5.58,1.89,26.8,OHLC,↑,HH/HL,UT,False,262,2,universe
WMG,2026-09-16,28.3,0.91,True,27.21,0.122,0.35,False,80.8,-0.44,81.2,True,3.2,2.39,33.0,-5.2,D 趨勢弱,False,2:49,84.6,升,213.0,21,False,,0.0416,0.0924,,False,False,3.86,1.21,27.84,1.63,0.51,48.1,OHLC,—,HH/HL,次級回檔,True,262,2,universe
FFIV,2026-09-16,423.59,13.89,True,403.76,0.338,0.2,False,80.7,-0.59,81.3,True,3.28,2.33,74.5,-1.9,B 上升結構,False,2:03,61.6,升,84.0,6,False,,3.9114,3.6685,,False,False,4.68,1.43,394.24,6.93,2.11,203.6,OHLC,↑,HH/HL,UT,False,262,2,universe
PANL,2026-09-16,8.28,0.27,True,7.89,0.029,0.48,False,80.4,-0.35,80.7,True,3.25,2.42,54.0,3.5,B 上升結構,False,4:27,133.5,跌,24.0,3,False,,-0.0165,-0.0059,-0.0449,False,False,4.72,1.45,8.1,2.17,0.67,3.3,OHLC,—,HH/HL,自然回檔,True,262,2,universe
WSO,2026-09-16,304.2,9.43,False,313.66,-0.873,-0.21,True,80.3,0.15,80.1,True,3.1,2.59,22.5,0.9,D 趨勢弱,False,2:24,72.0,升,90.0,21,False,,0.9596,1.309,,False,False,-3.11,-1.0,316.02,-3.89,-1.25,143.0,OHLC,—,LH/LL,自然回檔,True,262,2,universe
DEC,2026-09-16,14.16,0.48,True,14.65,0.052,0.56,False,80.2,-2.97,83.1,True,3.37,2.34,34.8,-10.6,D 趨勢弱,False,5:30,165.0,跌,42.0,5,False,,-0.1294,-0.0751,-0.1294,False,False,-3.46,-1.03,15.89,-12.22,-3.63,11.0,OHLC,↓,LH/LL,DT,False,262,2,universe
JBTM,2026-09-16,111.41,3.81,False,117.77,-0.908,-1.02,True,80.2,0.22,80.0,True,3.42,2.27,8.8,1.2,D 趨勢弱,False,2:49,84.6,升,133.0,15,False,,0.0298,0.0503,,False,False,-5.71,-1.67,119.28,-7.06,-2.06,59.1,OHLC,—,LH/LL,DT,True,262,2,universe
GXO,2026-09-16,46.15,1.54,False,47.03,-0.298,-0.66,False,80.1,-0.19,80.2,True,3.34,2.39,12.5,1.6,D 趨勢弱,False,10:31,315.5,升,25.0,3,False,,0.0655,0.0775,,False,True,-1.91,-0.57,48.0,-4.01,-1.2,60.9,OHLC,—,LH/LL,次級反彈,True,262,2,universe
DVA,2026-09-16,193.86,5.53,False,182.81,-4.277,-1.82,True,79.9,0.3,79.6,True,2.85,2.9,49.2,-2.4,C 基底修復,False,2:49,84.6,升,119.0,15,False,,3.0808,2.8095,,False,False,5.7,2.0,180.06,7.12,2.5,118.6,OHLC,↑,HH/HL,UT,False,262,2,universe
SLDE,2026-09-16,25.67,0.8,True,23.64,0.205,1.35,False,79.5,-1.37,80.9,True,3.1,2.74,59.8,-2.9,E 延伸,False,2:49,84.6,升,144.0,23,False,,0.1285,0.1686,,False,False,7.91,2.55,23.06,10.17,3.28,31.4,OHLC,↑,HH/HL,自然回檔,False,262,2,universe
DJCO,2026-09-16,675.0,26.35,True,611.76,2.927,0.43,False,79.2,-0.21,79.4,True,3.9,1.98,58.0,-4.3,E 延伸,False,2:49,84.6,升,144.0,22,False,,5.0442,5.5298,,False,False,9.37,2.4,615.24,8.85,2.27,43.4,OHLC,↑,HH/HL,UT,False,262,2,universe
STLD,2026-09-16,238.23,8.43,False,242.46,-1.045,-0.34,False,78.9,-0.08,78.9,True,3.54,2.41,58.5,-1.5,C 基底修復,False,1:17,38.3,升,71.0,9,False,,0.2903,0.279,,False,True,-1.78,-0.5,233.8,1.86,0.53,287.5,OHLC,—,HH/HL,DT,True,262,2,universe
DINO,2026-09-16,113.97,4.21,True,97.49,0.857,0.86,False,78.6,-0.2,78.8,True,3.69,2.32,75.0,0.0,E 延伸,False,2:49,84.6,升,132.0,22,False,,0.498,0.3655,,False,False,14.46,3.92,105.23,7.67,2.08,268.5,OHLC,↑,HH/HL,UT,False,262,2,universe
KMT,2026-09-16,29.7,1.06,False,30.88,-0.242,-0.69,True,78.6,0.78,77.9,True,3.57,2.42,17.5,-0.5,D 趨勢弱,False,2:49,84.6,升,105.0,10,False,,0.1312,0.11,,False,False,-3.98,-1.11,28.75,3.2,0.9,42.1,OHLC,—,HH/HL,DT,True,262,2,universe
SCSC,2026-09-16,56.72,2.2,False,56.04,-0.035,0.0,False,77.8,-0.22,78.1,True,3.89,2.26,60.7,-2.6,E 延伸,False,3:54,117.2,跌,15.0,1,False,,-0.0291,0.0668,-0.8167,False,True,1.21,0.31,58.1,-2.43,-0.63,19.1,OHLC,—,LH/LL,次級回檔,True,262,2,universe
LPG,2026-09-16,57.86,1.97,True,50.19,0.634,0.94,False,77.6,-0.91,78.5,True,3.4,2.78,62.7,-0.2,E 延伸,False,12:04,2.1,升,51.0,11,False,,0.3326,0.2695,,False,False,13.25,3.89,53.49,7.55,2.22,32.6,OHLC,↑,HH/HL,UT,False,262,2,universe
SLB,2026-09-16,52.3,1.97,True,55.14,0.012,0.43,False,77.4,-1.52,79.0,True,3.77,2.46,57.0,-5.6,B 上升結構,False,4:36,137.9,跌,27.0,5,False,,-0.6762,-0.5153,-0.6762,False,False,-5.43,-1.44,52.06,0.46,0.12,713.5,OHLC,↑,HH/HL,自然回檔,False,262,2,universe
UNIT,2026-09-16,9.54,0.36,False,9.88,-0.006,0.08,False,77.2,-1.07,78.3,True,3.73,2.53,49.5,6.3,C 基底修復,False,3:56,118.2,跌,16.0,2,False,,-0.0228,-0.0013,-0.1445,False,True,-3.59,-0.96,10.05,-5.35,-1.43,16.8,OHLC,—,LH/LL,DT,True,262,2,universe
MATW,2026-09-16,19.95,0.75,False,21.88,-0.126,-0.99,True,76.7,0.25,76.4,True,3.75,2.61,1.7,0.3,D 趨勢弱,False,12:43,21.7,升,62.0,9,False,,0.103,0.0928,,False,False,-9.65,-2.57,21.13,-5.91,-1.58,15.7,OHLC,↓,LH/LL,DT,False,262,2,universe
DBD,2026-09-16,64.91,2.18,False,69.34,-0.522,-1.06,True,76.2,0.77,75.4,True,3.36,3.1,18.9,5.2,D 趨勢弱,False,2:49,84.6,升,124.0,13,False,,0.1571,0.1357,,False,False,-6.82,-2.03,68.67,-5.79,-1.72,15.0,OHLC,↓,LH/LL,DT,False,262,2,universe
IMXI,2026-09-16,13.21,0.37,True,13.8,0.022,0.62,False,76.2,-1.82,78.0,True,2.82,3.64,18.4,-18.0,D 趨勢弱,False,5:58,178.9,跌,49.0,5,False,,-0.1347,-0.0807,-0.1347,False,False,-4.48,-1.59,14.56,-10.22,-3.62,5.2,OHLC,↓,LH/LL,DT,False,262,2,universe
SITE,2026-09-16,88.42,3.43,False,96.24,-0.605,-0.4,True,76.1,0.05,76.1,True,3.88,2.59,7.4,3.6,D 趨勢弱,False,4:47,143.3,跌,30.0,4,False,,-0.8763,-0.7695,-0.8763,False,False,-8.85,-2.28,,,,79.9,OHLC,—,HH/HL,DT,False,262,2,universe
SGI,2026-09-16,64.21,2.56,False,65.7,-0.124,-0.08,False,76.0,-1.02,77.1,True,3.99,2.5,13.8,-0.2,D 趨勢弱,False,2:45,82.4,升,96.0,13,False,,0.0436,0.2586,,False,True,-2.32,-0.58,68.12,-6.09,-1.53,249.7,OHLC,↓,LH/LL,DT,False,262,2,universe
TNC,2026-09-16,67.97,2.62,False,70.5,-0.455,-0.56,False,76.0,-0.33,76.3,True,3.86,2.64,25.6,-1.7,D 趨勢弱,False,2:49,84.6,升,168.0,16,False,,0.3063,0.4,,False,True,-3.72,-0.96,67.95,0.03,0.01,13.1,OHLC,—,HH/HL,DT,False,262,2,universe
LYTS,2026-09-16,20.33,0.78,False,21.13,-0.109,-0.57,True,75.7,1.03,74.7,True,3.84,2.71,6.4,0.6,D 趨勢弱,False,10:09,304.3,升,19.0,4,False,,0.1602,0.1178,,False,False,-3.92,-1.02,20.23,0.49,0.13,10.6,OHLC,—,LH/LL,自然反彈,True,262,2,universe
CVLG,2026-09-16,34.39,1.36,False,34.87,-0.076,-0.45,False,75.6,-2.16,77.7,True,3.95,2.63,44.1,-2.1,D 趨勢弱,False,2:49,84.6,升,148.0,19,False,,0.3111,0.4269,,False,True,-1.4,-0.35,35.54,-3.34,-0.85,8.2,OHLC,—,LH/LL,自然回檔,False,262,2,universe
MEOH,2026-09-16,61.51,2.31,True,59.11,0.325,1.12,False,75.6,-1.76,77.4,True,3.75,2.81,58.3,2.3,B 上升結構,False,2:49,84.6,升,155.0,23,False,,0.1957,0.3765,,False,False,3.91,1.04,58.72,4.54,1.21,50.5,OHLC,↑,HH/HL,自然回檔,False,262,2,universe
PLXS,2026-09-16,242.33,9.13,False,253.06,-1.413,0.04,True,75.6,0.67,75.0,True,3.77,2.79,48.6,0.5,D 趨勢弱,False,12:26,12.9,升,57.0,7,False,,0.4867,0.5556,,False,False,-4.43,-1.18,234.4,3.27,0.87,51.5,OHLC,—,HH/HL,DT,True,262,2,universe
BKD,2026-09-16,11.67,0.47,False,12.5,-0.078,-0.85,True,75.5,0.09,75.4,True,4.03,2.55,31.0,-3.5,D 趨勢弱,False,1:20,39.9,升,72.0,10,False,,0.0709,0.0908,,False,False,-7.1,-1.76,12.2,-4.54,-1.13,50.9,OHLC,↓,LH/LL,DT,False,262,2,universe
STRK,2026-09-16,68.67,2.56,True,71.35,0.294,1.01,False,75.4,-2.99,78.3,True,3.73,2.88,30.0,-6.4,D 趨勢弱,False,4:01,120.7,跌,17.0,3,False,,-0.8783,-0.477,-0.8783,False,False,-3.9,-1.05,,,,6.5,OHLC,—,HH/HL,DT,False,262,2,universe
MOS,2026-09-16,24.79,1.05,True,24.01,0.07,0.44,False,75.0,-0.52,75.5,False,4.23,2.46,20.0,0.0,E 延伸,False,4:03,121.3,跌,17.0,1,False,,-0.0656,0.0015,-0.2206,False,True,3.16,0.75,23.6,4.8,1.13,211.1,OHLC,—,HH/HL,自然回檔,True,262,2,universe
BV,2026-09-16,10.86,0.36,False,11.15,-0.1,-0.82,True,74.9,0.27,74.6,False,3.35,3.36,20.7,2.8,D 趨勢弱,False,2:49,84.6,升,111.0,15,False,,0.0498,0.0662,,False,True,-2.7,-0.8,11.36,-4.6,-1.37,9.2,OHLC,—,LH/LL,DT,True,262,2,universe
BLBD,2026-09-16,61.66,2.37,False,63.47,-0.409,-0.65,True,74.5,0.8,73.7,False,3.84,2.95,25.5,1.0,C 基底修復,False,1:03,31.6,升,68.0,11,False,,0.5502,0.6151,,False,True,-2.93,-0.76,60.5,1.88,0.49,32.7,OHLC,—,LH/LL,DT,True,262,2,universe
KN,2026-09-16,35.09,1.31,False,35.81,-0.238,-0.22,True,73.4,0.58,72.8,False,3.73,3.25,53.2,0.3,D 趨勢弱,False,12:20,9.8,升,55.0,8,False,,0.1303,0.1492,,False,True,-2.06,-0.55,33.44,4.7,1.26,26.0,OHLC,↑,HH/HL,自然回檔,False,262,2,universe
ATEN,2026-09-16,26.54,1.07,False,26.38,-0.169,-0.82,True,73.0,0.21,72.8,False,4.02,3.05,52.0,-1.7,D 趨勢弱,False,11:48,354.0,升,47.0,14,False,,0.429,0.3728,,False,True,0.61,0.15,26.12,1.58,0.39,32.3,OHLC,—,LH/LL,UT,False,262,2,universe
LMAT,2026-09-16,80.38,2.35,False,81.29,-0.819,-1.22,True,72.9,0.86,72.1,False,2.92,4.15,22.4,0.0,D 趨勢弱,False,2:49,84.6,升,99.0,13,False,,0.6118,0.6088,,False,True,-1.13,-0.39,81.72,-1.67,-0.57,23.2,OHLC,—,LH/LL,自然反彈,True,262,2,universe
KE,2026-09-16,24.78,1.05,False,24.65,-0.079,-0.03,True,72.8,1.1,71.7,False,4.25,2.85,28.5,9.5,D 趨勢弱,False,2:49,84.6,升,206.0,9,False,,0.0681,0.0673,,False,True,0.52,0.12,23.95,3.35,0.79,4.8,OHLC,—,HH/HL,自然反彈,True,262,2,universe
NGVC,2026-09-16,29.16,1.19,False,27.99,-0.101,-0.26,True,72.6,0.01,72.6,False,4.09,3.04,27.8,-2.1,C 基底修復,False,2:49,84.6,升,168.0,13,False,,0.3355,0.3207,,False,True,4.03,0.98,27.16,6.86,1.68,4.3,OHLC,↑,HH/HL,UT,False,262,2,universe
VIRT,2026-09-16,57.25,2.48,True,61.56,0.039,0.12,False,72.6,-0.06,72.6,False,4.33,2.81,61.3,-2.0,C 基底修復,True,7:13,216.6,跌,70.0,8,False,,-0.9885,-0.8715,-1.1239,False,False,-7.52,-1.74,,,,78.9,OHLC,—,HH/HL,DT,False,262,2,universe
MIRM,2026-09-16,97.37,4.04,False,98.13,-0.285,-0.4,True,72.5,0.16,72.3,False,4.15,3.01,46.3,15.1,C 基底修復,False,2:49,84.6,升,104.0,15,False,,0.1126,0.0656,,False,True,-0.78,-0.19,97.01,0.37,0.09,51.7,OHLC,—,HH/HL,自然反彈,True,262,2,universe
WLFC,2026-09-16,55.14,2.34,False,56.71,-0.641,-1.16,True,72.2,0.76,71.4,False,4.25,2.96,30.5,-0.9,D 趨勢弱,False,2:42,81.1,升,95.0,12,False,,0.4189,0.4307,,False,True,-2.86,-0.67,57.04,-3.45,-0.81,9.8,OHLC,↓,LH/LL,DT,False,262,2,universe
ASIX,2026-09-16,16.63,0.64,False,16.81,-0.072,-0.59,True,71.8,0.13,71.7,False,3.88,3.41,14.5,1.6,D 趨勢弱,False,2:49,84.6,升,174.0,15,False,,0.0859,0.0898,,False,True,-1.06,-0.27,16.56,0.42,0.11,4.2,OHLC,—,HH/HL,自然反彈,False,262,2,universe
SNEX,2026-09-16,67.61,2.5,False,68.05,-0.36,-0.5,True,71.6,0.44,71.1,False,3.7,3.63,57.9,-0.9,C 基底修復,False,2:49,84.6,升,103.0,18,False,,0.161,0.2395,,False,True,-0.65,-0.17,66.15,2.16,0.58,51.1,OHLC,—,HH/HL,自然回檔,True,262,2,universe
WEAV,2026-09-16,7.32,0.13,True,7.08,0.006,0.2,True,71.4,0.63,70.8,False,1.84,5.52,61.4,-0.1,E 延伸,False,5:12,156.2,跌,37.0,4,False,,-0.0249,-0.02,-0.2323,False,False,3.26,1.77,7.33,-0.14,-0.07,25.6,OHLC,—,LH/LL,UT,True,262,2,universe
LXU,2026-09-16,11.06,0.51,True,10.69,0.081,0.33,False,71.3,-0.6,71.9,False,4.62,2.77,28.0,5.3,D 趨勢弱,False,2:49,84.6,升,235.0,22,False,,0.0276,0.0641,,False,True,3.34,0.72,11.23,-1.54,-0.33,8.1,OHLC,—,HH/HL,自然回檔,True,262,2,universe
BHE,2026-09-16,73.85,2.98,False,75.36,-0.364,-0.36,True,71.1,0.7,70.4,False,4.04,3.38,48.5,-0.7,D 趨勢弱,False,12:42,20.8,升,62.0,7,False,,0.5216,0.5194,,False,True,-2.05,-0.51,73.69,0.22,0.05,24.1,OHLC,—,LH/LL,自然反彈,False,262,2,universe
RSI,2026-09-16,25.89,1.09,False,25.98,-0.079,-0.4,True,71.0,0.77,70.2,False,4.22,3.22,40.8,-0.8,C 基底修復,False,2:49,84.6,升,123.0,19,False,,0.0996,0.1401,,False,True,-0.35,-0.08,25.75,0.54,0.13,57.1,OHLC,—,HH/HL,自然回檔,True,262,2,universe
AA,2026-09-16,46.26,2.06,True,50.35,0.024,0.26,True,70.5,0.25,70.2,False,4.45,3.08,23.2,-3.8,D 趨勢弱,False,5:23,161.3,跌,40.0,5,False,,-0.5395,-0.4883,-0.5395,False,False,-8.84,-1.99,51.28,-10.85,-2.44,178.2,OHLC,↓,LH/LL,DT,False,262,2,universe
IBM,2026-09-16,237.49,7.59,True,235.98,0.345,0.5,False,70.3,-1.79,72.1,False,3.2,4.37,31.2,2.0,D 趨勢弱,False,2:49,84.6,升,271.0,33,False,,1.3044,1.9444,,False,True,0.63,0.2,229.1,3.53,1.11,1152.3,OHLC,↑,HH/HL,自然回檔,False,262,2,universe
ASA,2026-09-16,57.25,2.8,True,60.89,0.015,0.48,False,69.8,-0.78,70.5,False,4.89,2.79,29.8,-2.0,C 基底修復,True,7:55,237.7,跌,82.0,8,False,,-1.0632,-0.9861,-1.0632,False,False,-6.35,-1.3,,,,3.3,OHLC,—,HH/HL,DT,False,262,2,universe
JANX,2026-09-16,16.24,0.77,False,17.86,-0.026,0.22,True,69.6,0.18,69.4,False,4.76,2.95,38.0,1.3,D 趨勢弱,True,6:05,182.3,跌,51.0,5,False,,-0.4266,-0.3685,-0.4266,False,False,-9.93,-2.09,,,,15.3,OHLC,—,HH/HL,DT,False,262,2,universe
ASTH,2026-09-16,37.7,1.71,True,37.63,0.086,0.23,False,69.4,-0.56,70.0,False,4.54,3.21,53.2,0.1,C 基底修復,False,2:28,74.0,升,91.0,23,False,,0.0722,0.1351,,False,True,0.18,0.04,37.61,0.24,0.05,11.3,OHLC,—,HH/HL,次級回檔,True,262,2,universe
BTSG,2026-09-16,58.96,2.47,False,60.14,-0.121,-0.51,True,69.1,0.92,68.1,False,4.19,3.62,64.2,0.4,C 基底修復,False,2:49,84.6,升,108.0,15,False,,0.1176,0.1592,,False,True,-2.0,-0.48,61.91,-5.0,-1.19,130.3,OHLC,—,LH/LL,次級回檔,True,262,2,universe
EZPW,2026-09-16,30.74,1.36,False,30.96,-0.003,0.15,True,68.7,0.76,67.9,False,4.43,3.45,58.2,-1.4,C 基底修復,False,4:32,136.0,跌,26.0,4,False,,-0.2958,-0.2294,-0.4393,False,True,-0.72,-0.16,33.87,-10.18,-2.3,28.8,OHLC,↓,LH/LL,DT,False,262,2,universe
SGRY,2026-09-16,13.93,0.69,False,14.4,-0.038,-0.33,True,67.8,0.59,67.2,False,4.93,3.14,29.0,16.2,D 趨勢弱,False,11:35,347.6,升,43.0,11,False,,0.0309,0.0319,,False,True,-3.4,-0.69,13.96,-0.22,-0.04,34.9,OHLC,—,HH/HL,自然反彈,True,262,2,universe
NEXT,2026-09-16,7.06,0.33,True,7.18,0.018,0.5,False,66.8,-0.02,66.8,False,4.73,3.52,49.0,-2.9,C 基底修復,False,4:13,126.5,跌,20.0,2,False,,-0.0353,-0.0102,-0.1643,False,True,-1.7,-0.36,,,,16.7,OHLC,—,HH/HL,DT,False,262,2,universe
HNRG,2026-09-16,14.69,0.73,False,15.73,-0.027,0.19,True,66.6,1.21,65.4,False,4.98,3.31,15.7,2.1,D 趨勢弱,True,6:05,182.3,跌,51.0,5,False,,-0.2289,-0.2259,-0.2289,False,False,-7.06,-1.42,,,,9.1,OHLC,—,HH/HL,自然反彈,False,262,2,universe
IMNM,2026-09-16,23.46,1.21,True,27.0,0.011,0.2,False,66.6,-0.86,67.5,False,5.16,3.13,45.5,-4.3,D 趨勢弱,True,8:49,264.6,跌,104.0,13,False,,-0.6148,-0.5965,-0.6148,False,False,-15.08,-2.92,29.38,-25.26,-4.89,24.5,OHLC,↓,LH/LL,DT,False,262,2,universe
CAR,2026-09-16,116.96,5.85,False,136.71,-0.799,-0.94,True,66.0,0.36,65.6,False,5.0,3.41,18.0,-2.2,D 趨勢弱,True,7:15,217.6,跌,71.0,7,False,,-1.982,-1.9292,-1.982,False,False,-16.89,-3.37,141.3,-20.81,-4.16,39.8,OHLC,↓,LH/LL,DT,False,262,2,universe
PTEN,2026-09-16,12.03,0.58,True,11.95,0.095,0.99,False,65.8,-2.65,68.4,False,4.8,3.65,65.8,4.5,B 上升結構,False,4:31,135.5,跌,25.0,4,False,,-0.1099,-0.0594,-0.1099,False,True,0.67,0.14,12.93,-7.48,-1.56,95.7,OHLC,—,LH/LL,自然回檔,False,262,2,universe
TCI,2026-09-16,40.39,1.89,False,38.67,-0.477,-0.44,True,65.1,1.29,63.8,False,4.68,3.91,23.1,9.0,D 趨勢弱,False,2:49,84.6,升,120.0,18,False,,0.4183,0.3866,,False,True,4.27,0.91,37.34,7.55,1.61,3.3,OHLC,↑,HH/HL,UT,False,262,2,universe
DK,2026-09-16,79.16,4.12,True,70.33,0.42,0.46,True,64.5,0.63,63.9,False,5.21,3.5,65.0,0.0,E 延伸,False,2:49,84.6,升,226.0,15,False,,0.272,0.1662,,False,False,11.15,2.14,74.47,5.92,1.14,152.3,OHLC,↑,HH/HL,UT,False,262,2,universe
ORCL,2026-09-16,143.16,7.65,False,149.89,-0.038,0.55,True,63.9,0.76,63.1,False,5.35,3.49,22.6,14.4,D 趨勢弱,False,5:07,153.5,跌,35.0,3,False,,-1.3515,-1.0792,-1.3515,False,True,-4.7,-0.88,145.48,-1.62,-0.3,4156.8,OHLC,—,HH/HL,自然反彈,False,262,2,universe
KURA,2026-09-16,11.2,0.6,True,11.95,0.021,0.38,True,63.2,0.66,62.6,False,5.33,3.64,58.5,3.0,B 上升結構,False,5:38,168.8,跌,44.0,6,False,,-0.2717,-0.261,-0.2855,False,False,-6.69,-1.26,13.41,-19.73,-3.7,24.7,OHLC,↓,LH/LL,DT,False,262,2,universe
CLOV,2026-09-16,4.56,0.24,True,4.48,0.009,0.44,False,62.9,-0.19,63.1,False,5.22,3.8,58.3,-7.3,C 基底修復,False,12:30,15.1,升,58.0,11,False,,0.0605,0.081,,False,True,1.7,0.33,4.15,8.99,1.72,18.0,OHLC,↑,HH/HL,自然回檔,False,262,2,universe
IPGP,2026-09-16,76.96,3.85,False,79.4,-0.683,-0.34,True,62.9,0.67,62.2,False,5.0,4.03,12.4,-0.2,D 趨勢弱,False,2:49,84.6,升,117.0,13,False,,0.7427,0.7665,,False,True,-3.17,-0.63,74.9,2.68,0.54,41.6,OHLC,—,HH/HL,次級反彈,True,262,2,universe
CELC,2026-09-16,82.58,4.05,False,90.36,-0.28,-0.13,True,62.7,0.72,61.9,False,4.91,4.18,24.3,-0.6,D 趨勢弱,True,6:07,183.5,跌,52.0,5,False,,-1.1437,-1.1172,-1.7408,False,False,-9.42,-1.92,95.08,-15.14,-3.08,67.0,OHLC,↓,LH/LL,DT,False,262,2,universe
CLFD,2026-09-16,30.09,1.37,False,28.78,-0.144,-0.27,True,62.0,0.64,61.4,False,4.55,4.68,33.5,9.8,D 趨勢弱,False,2:49,84.6,升,224.0,26,False,,0.2685,0.2125,,False,True,4.36,0.96,29.35,2.46,0.54,4.6,OHLC,—,LH/LL,自然反彈,True,262,2,universe
ALTO,2026-09-16,4.02,0.21,False,4.22,-0.043,-0.51,True,61.6,0.11,61.4,False,5.13,4.19,40.3,-2.6,D 趨勢弱,False,2:49,84.6,升,282.0,18,False,,0.031,0.0296,,False,True,-5.02,-0.98,4.09,-1.74,-0.34,5.4,OHLC,—,LH/LL,自然反彈,True,262,2,universe
NTLA,2026-09-16,11.49,0.61,True,12.25,0.015,0.2,True,61.6,1.0,60.6,False,5.35,3.95,15.0,-10.3,D 趨勢弱,False,5:27,163.4,跌,41.0,6,False,,-0.1513,-0.1462,-0.6435,False,False,-6.66,-1.24,,,,40.8,OHLC,—,HH/HL,DT,False,262,2,universe
AESI,2026-09-16,13.57,0.79,True,12.72,0.237,0.9,True,59.8,0.1,59.7,False,5.82,3.87,36.7,2.9,D 趨勢弱,False,2:49,84.6,升,284.0,28,False,,0.0661,0.0967,,False,False,6.25,1.08,13.87,-2.21,-0.38,41.7,OHLC,↑,HH/HL,次級反彈,False,262,2,universe
TDOC,2026-09-16,6.43,0.29,False,6.54,-0.009,-0.86,True,59.7,0.17,59.5,False,4.45,5.26,36.2,0.2,D 趨勢弱,False,2:49,84.6,升,99.0,14,False,,0.0857,0.0845,,False,True,-1.7,-0.38,6.47,-0.62,-0.14,21.2,OHLC,—,LH/LL,自然回檔,False,262,2,universe
VERA,2026-09-16,31.77,2.01,True,33.26,0.124,0.29,False,59.1,-1.94,61.1,False,6.33,3.49,22.7,4.9,D 趨勢弱,False,3:22,100.9,跌,6.0,1,False,,-0.1605,0.0068,-1.0203,False,True,-4.68,-0.74,35.05,-10.32,-1.63,78.2,OHLC,↓,LH/LL,DT,False,262,2,universe
SMMT,2026-09-16,17.3,0.98,True,14.96,0.116,0.66,True,58.7,0.63,58.0,False,5.64,4.29,26.8,0.3,E 延伸,False,2:49,84.6,升,129.0,15,False,,0.2586,0.3436,,False,False,13.52,2.4,17.0,1.73,0.31,108.6,OHLC,↑,HH/HL,自然回檔,False,262,2,universe
GRAL,2026-09-16,75.11,4.28,True,74.74,0.165,0.26,False,58.6,-0.43,59.1,False,5.7,4.23,56.7,3.6,D 趨勢弱,False,5:48,174.0,跌,47.0,7,False,,-0.8744,-0.8178,-1.2528,False,True,0.5,0.09,82.5,-9.84,-1.73,56.1,OHLC,—,LH/LL,DT,True,262,2,universe
FMC,2026-09-16,10.8,0.65,True,11.3,0.028,0.25,False,58.0,-1.04,59.1,False,5.98,4.09,8.9,-5.3,D 趨勢弱,False,4:41,140.4,跌,28.0,3,False,,-0.1505,-0.0993,-0.1505,False,True,-4.63,-0.77,10.98,-1.67,-0.28,32.5,OHLC,↑,HH/HL,自然回檔,False,262,2,universe
AIOT,2026-09-16,3.03,0.13,False,3.09,-0.019,-0.53,True,57.5,0.8,56.7,False,4.39,5.79,19.8,-2.0,D 趨勢弱,False,2:43,81.7,升,95.0,13,False,,0.0405,0.0396,,False,True,-2.09,-0.48,2.92,3.63,0.83,4.2,OHLC,—,HH/HL,次級反彈,True,262,2,universe
PSN,2026-09-16,46.49,1.82,False,47.31,-0.085,1.01,True,57.5,0.7,56.8,False,3.92,6.25,23.4,1.0,D 趨勢弱,False,2:49,84.6,升,157.0,20,False,,0.0992,0.0897,,False,True,-1.76,-0.45,47.59,-2.37,-0.6,50.4,OHLC,—,LH/LL,次級反彈,True,262,2,universe
INTG,2026-09-16,37.3,2.4,True,34.82,0.394,0.96,True,56.2,1.85,54.4,False,6.44,4.03,58.6,-3.1,C 基底修復,False,2:49,84.6,升,231.0,27,False,,0.2053,0.2504,,False,False,6.65,1.03,35.94,3.65,0.57,3.7,OHLC,—,HH/HL,自然反彈,True,262,2,universe
SANM,2026-09-16,195.75,11.19,False,199.06,-0.36,0.36,True,55.9,1.16,54.8,False,5.71,4.81,51.6,-0.6,D 趨勢弱,False,2:09,64.3,升,86.0,9,False,,0.397,0.7433,,False,True,-1.69,-0.3,199.15,-1.74,-0.3,112.5,OHLC,—,HH/HL,自然反彈,False,262,2,universe
SRPT,2026-09-16,19.76,1.33,True,19.8,0.123,0.62,False,55.6,-1.18,56.7,False,6.71,3.9,39.6,1.4,C 基底修復,False,4:44,142.0,跌,29.0,4,False,,-0.2671,-0.1801,-0.3592,False,True,-0.21,-0.03,20.94,-5.97,-0.89,63.2,OHLC,—,HH/HL,DT,False,262,2,universe
TITN,2026-09-16,23.77,1.45,True,21.15,0.123,0.57,True,55.1,0.07,55.0,False,6.09,4.62,50.7,-2.1,E 延伸,False,2:49,84.6,升,134.0,18,False,,0.2132,0.3106,,False,False,11.02,1.81,23.22,2.31,0.38,8.1,OHLC,↑,HH/HL,自然回檔,False,262,2,universe
HOOD,2026-09-16,104.42,6.65,True,106.42,0.459,0.6,False,54.4,-2.58,57.0,False,6.37,4.51,43.5,4.2,D 趨勢弱,False,3:59,119.3,跌,16.0,2,False,,-0.7787,-0.0763,-2.9917,False,True,-1.92,-0.3,103.62,0.77,0.12,2520.1,OHLC,↑,HH/HL,自然回檔,False,262,2,universe
USNA,2026-09-16,14.71,0.71,False,14.39,-0.13,-0.65,True,54.4,0.51,53.9,False,4.84,6.04,0.6,-2.9,D 趨勢弱,False,2:49,84.6,升,108.0,15,False,,0.2986,0.3467,,False,True,2.19,0.45,14.83,-0.82,-0.17,3.1,OHLC,—,HH/HL,自然回檔,True,262,2,universe
ATEX,2026-09-16,76.22,5.1,False,89.06,-0.696,-0.47,True,54.1,0.94,53.2,False,6.69,4.25,50.0,0.0,D 趨勢弱,True,8:49,264.6,跌,107.0,11,False,,-1.2967,-1.2861,-2.9253,False,False,-16.85,-2.52,93.25,-22.34,-3.34,22.8,OHLC,↓,LH/LL,DT,False,262,2,universe
XRX,2026-09-16,3.48,0.2,True,3.17,0.011,-0.22,True,53.9,0.3,53.6,False,5.63,5.37,55.6,-3.1,E 延伸,False,2:49,84.6,升,101.0,12,False,,0.032,0.0286,,False,False,8.78,1.56,3.28,5.75,1.02,8.2,OHLC,↓,LH/LL,次級反彈,False,262,2,universe
EBS,2026-09-16,6.75,0.36,True,5.41,0.022,0.05,True,53.5,0.77,52.7,False,5.38,5.71,15.0,10.0,E 延伸,False,2:49,84.6,升,169.0,18,False,,0.1357,0.1176,,False,False,19.85,3.69,5.5,18.52,3.44,8.3,OHLC,↑,HH/HL,UT,False,262,2,universe
CTNM,2026-09-16,13.76,0.98,False,15.41,-0.089,-0.2,True,52.6,0.14,52.4,False,7.12,4.19,33.6,-12.8,C 基底修復,True,6:52,205.9,跌,64.0,7,False,,-0.3937,-0.3711,-0.3937,False,False,-11.99,-1.68,14.73,-7.05,-0.99,5.7,OHLC,↓,LH/LL,DT,False,262,2,universe
DNA,2026-09-16,7.06,0.44,False,7.29,-0.063,-0.44,True,52.0,0.26,51.7,False,6.26,5.19,23.7,0.9,D 趨勢弱,False,2:49,84.6,升,200.0,16,False,,0.0569,0.0459,,False,True,-3.29,-0.53,7.3,-3.39,-0.54,8.1,OHLC,—,LH/LL,次級反彈,True,262,2,universe
SG,2026-09-16,6.62,0.44,True,6.33,0.034,0.28,False,50.7,-0.12,50.8,False,6.7,5.06,30.7,-14.3,D 趨勢弱,False,2:49,84.6,升,137.0,25,False,,0.0099,0.0396,,False,True,4.31,0.64,6.64,-0.38,-0.06,32.4,OHLC,—,HH/HL,自然回檔,True,262,2,universe
VSH,2026-09-16,31.32,2.01,False,32.24,-0.484,-0.31,True,50.4,0.27,50.1,False,6.41,5.43,53.0,-1.6,D 趨勢弱,False,2:49,84.6,升,127.0,31,False,,0.3985,0.4321,,False,True,-2.95,-0.46,30.8,1.66,0.26,117.0,OHLC,—,HH/HL,次級反彈,True,262,2,universe
MSTR,2026-09-16,126.18,8.49,True,119.47,0.691,0.49,False,49.2,-0.37,49.6,False,6.73,5.43,15.0,0.0,E 延伸,False,3:54,117.0,跌,15.0,3,False,,-1.1636,-0.5554,-1.1636,False,True,5.32,0.79,144.82,-14.77,-2.2,3642.1,OHLC,↓,LH/LL,自然回檔,False,262,2,universe
INBX,2026-09-16,101.77,8.39,True,107.62,0.327,0.3,False,48.8,-1.01,49.8,False,8.25,4.0,53.6,3.6,C 基底修復,False,4:43,141.4,跌,29.0,6,False,,-2.8294,-2.3987,-2.8294,False,True,-5.75,-0.7,128.54,-26.3,-3.19,38.4,OHLC,—,LH/LL,自然回檔,False,262,2,universe
ASST,2026-09-16,27.41,1.86,True,22.2,0.294,1.02,True,48.2,0.48,47.7,False,6.78,5.62,40.0,0.0,E 延伸,False,2:49,84.6,升,98.0,49,False,,0.0811,0.233,,False,False,19.01,2.8,21.74,20.69,3.05,301.8,OHLC,↑,HH/HL,自然回檔,False,262,2,universe
BLLN,2026-09-16,103.61,5.65,False,98.34,-1.164,-0.91,True,47.9,0.49,47.5,False,5.45,7.03,44.4,1.9,D 趨勢弱,False,2:49,84.6,升,122.0,13,False,,1.8005,1.7635,,False,True,5.09,0.93,95.22,8.09,1.49,58.2,OHLC,—,HH/HL,次級反彈,True,215,2,universe
FUBO,2026-09-16,10.6,0.76,True,10.37,0.037,0.45,False,47.8,-0.41,48.2,False,7.16,5.35,36.8,4.3,D 趨勢弱,False,3:27,103.7,跌,8.0,1,False,,-0.0388,0.0209,-0.1221,False,True,2.17,0.3,10.71,-1.04,-0.14,12.7,OHLC,—,HH/HL,DT,False,262,2,universe
CBIO,2026-09-16,17.18,1.39,True,18.37,0.047,0.57,False,47.1,-4.55,51.6,False,8.09,4.61,57.3,7.0,D 趨勢弱,False,3:26,103.1,跌,7.0,1,False,,-0.1396,0.0341,-0.1396,False,True,-6.94,-0.86,16.69,2.85,0.35,5.2,OHLC,↑,HH/HL,自然回檔,False,262,2,universe
AHCO,2026-09-16,5.91,0.37,False,5.88,-0.112,-0.83,True,45.2,0.65,44.5,False,6.19,7.04,13.3,-1.5,D 趨勢弱,False,2:49,84.6,升,123.0,16,False,,0.1434,0.1522,,False,True,0.47,0.08,5.7,3.55,0.57,16.4,OHLC,↑,HH/HL,自然回檔,False,262,2,universe
CTEV,2026-09-16,33.56,2.54,True,36.41,0.129,0.42,False,44.9,-1.34,46.3,False,7.58,5.72,59.9,11.7,D 趨勢弱,True,7:52,235.8,跌,81.0,8,False,,-0.8293,-0.6889,-1.2825,False,False,-8.51,-1.12,42.0,-25.15,-3.32,3.9,OHLC,↓,LH/LL,DT,False,262,2,universe
SMTC,2026-09-16,167.55,11.82,True,140.86,1.583,0.51,True,44.8,1.26,43.5,False,7.05,6.28,68.9,4.6,B 上升結構,False,2:49,84.6,升,121.0,15,False,,2.1582,1.7002,,False,False,15.93,2.26,159.13,5.03,0.71,587.1,OHLC,↑,HH/HL,UT,False,262,2,universe
RIOT,2026-09-16,20.35,1.57,False,20.47,-0.035,-0.02,True,43.7,1.24,42.5,False,7.7,5.95,53.4,2.2,C 基底修復,False,1:51,55.6,升,81.0,9,False,,0.0645,0.1084,,False,True,-0.57,-0.07,21.47,-5.5,-0.71,322.8,OHLC,↓,LH/LL,自然反彈,False,262,2,universe
CLSK,2026-09-16,12.79,0.99,False,12.4,-0.077,-0.19,True,43.5,0.77,42.7,False,7.76,5.95,49.6,1.6,D 趨勢弱,False,12:56,27.8,升,65.0,9,False,,0.1357,0.1711,,False,True,3.02,0.39,12.95,-1.25,-0.16,231.0,OHLC,↓,LH/LL,DT,False,262,2,universe
WULF,2026-09-16,15.39,1.27,False,16.35,-0.114,-0.26,True,42.4,1.35,41.1,False,8.24,5.79,22.1,3.6,D 趨勢弱,False,2:49,84.6,升,320.0,32,False,,0.0533,0.0736,,False,True,-6.25,-0.76,16.49,-7.15,-0.87,451.8,OHLC,↓,LH/LL,自然反彈,False,262,2,universe
BE,2026-09-16,270.02,18.94,True,233.91,1.471,0.79,True,41.4,1.23,40.2,False,7.01,7.32,51.8,-0.4,E 延伸,False,2:49,84.6,升,140.0,16,False,,4.4687,4.7945,,False,False,13.37,1.91,270.89,-0.32,-0.05,3513.3,OHLC,—,HH/HL,自然反彈,False,262,2,universe
FWDI,2026-09-16,6.01,0.53,True,5.85,0.034,0.55,False,40.2,-0.03,40.2,False,8.81,5.93,26.7,-1.6,E 延伸,False,5:40,170.0,跌,44.0,2,False,,-0.0742,-0.0303,-0.0742,False,True,2.72,0.31,5.89,2.0,0.23,13.7,OHLC,↑,HH/HL,次級回檔,False,262,2,universe
GEMI,2026-09-16,4.18,0.39,True,4.3,0.001,0.12,False,40.1,-0.83,41.0,False,9.41,5.34,0.0,-13.9,E 延伸,False,3:37,108.5,跌,10.0,1,False,,-0.02,0.0056,-0.0438,False,True,-2.94,-0.31,4.81,-15.07,-1.6,12.2,OHLC,↓,LH/LL,DT,False,254,2,universe
METC,2026-09-16,9.9,0.99,True,11.84,0.079,0.36,False,38.8,-0.02,38.8,False,9.99,5.21,0.0,0.0,D 趨勢弱,True,6:27,193.6,跌,58.0,6,False,,-0.4218,-0.392,-0.4218,False,False,-19.61,-1.96,,,,21.5,OHLC,—,HH/HL,DT,False,262,2,universe
HUT,2026-09-16,89.82,8.04,False,87.31,-0.714,-0.27,True,38.1,1.03,37.1,False,8.95,6.49,53.0,-0.1,D 趨勢弱,False,2:49,84.6,升,157.0,10,False,,1.0593,1.3301,,False,True,2.8,0.31,98.6,-9.78,-1.09,429.7,OHLC,↓,LH/LL,自然反彈,False,262,2,universe
WOLF,2026-09-16,23.67,2.41,True,28.21,0.033,0.26,True,33.6,0.32,33.2,False,10.18,6.95,21.5,0.3,D 趨勢弱,False,3:59,119.7,跌,16.0,3,False,,-0.1697,-0.1114,-0.8366,False,False,-19.2,-1.89,,,,75.9,OHLC,—,HH/HL,DT,False,243,2,universe
CUE,2026-09-16,34.17,3.32,True,28.2,0.336,0.13,True,33.3,0.21,33.0,False,9.71,7.55,66.1,-2.2,E 延伸,False,2:49,84.6,升,135.0,14,False,,0.6949,0.4974,,False,False,17.48,1.8,28.0,18.06,1.86,5.3,OHLC,↑,HH/HL,UT,False,262,2,universe
RXT,2026-09-16,3.48,0.33,False,3.71,-0.061,-0.66,True,31.6,1.26,30.4,False,9.54,8.41,53.1,3.1,D 趨勢弱,False,11:42,350.9,升,45.0,8,False,,0.0834,0.0727,,False,True,-6.57,-0.69,3.67,-5.46,-0.57,24.8,OHLC,—,LH/LL,自然反彈,True,262,2,universe
CIFR,2026-09-16,16.72,1.72,False,16.8,-0.243,-0.57,True,30.8,1.27,29.6,False,10.29,8.02,22.9,9.0,D 趨勢弱,False,2:49,84.6,升,136.0,10,False,,0.1558,0.1092,,False,True,-0.46,-0.05,16.62,0.6,0.06,585.7,OHLC,—,HH/HL,自然反彈,False,262,2,universe
IGR,2026-09-16,12.3,0.56,True,6.46,0.222,2.2,True,30.1,0.4,29.7,False,4.56,14.1,59.8,-0.3,E 延伸,False,1:28,44.0,升,74.0,8,False,,0.571,0.7086,,False,False,47.48,10.42,5.02,59.19,12.99,6.0,OHLC,—,HH/HL,次級回檔,False,232,2,universe
SOC,2026-09-16,4.58,0.39,True,4.67,0.002,0.07,False,24.8,-1.22,26.1,False,8.58,12.87,26.1,1.1,D 趨勢弱,False,2:49,84.6,升,337.0,46,False,,0.0302,0.0605,,False,True,-1.87,-0.22,4.82,-5.24,-0.61,39.5,OHLC,—,HH/HL,自然回檔,True,262,2,universe
MOVE,2026-09-16,10.92,1.52,False,12.22,-1.236,-0.85,True,23.8,1.47,22.4,False,13.91,8.15,32.5,1.9,D 趨勢弱,False,4:05,122.7,跌,18.0,2,False,,-0.0948,-0.0394,-0.6074,False,True,-11.91,-0.86,11.49,-5.22,-0.38,5.8,OHLC,↓,LH/LL,DT,False,262,2,universe
CYPH,2026-09-16,2.44,0.33,True,1.97,0.044,0.44,True,23.5,1.06,22.4,False,13.63,8.68,54.3,4.3,E 延伸,False,2:49,84.6,升,201.0,31,False,,0.0118,0.02,,False,False,19.07,1.4,2.22,9.02,0.66,36.3,OHLC,↑,HH/HL,自然反彈,False,262,2,universe
SKYQ,2026-09-16,2.97,0.42,False,3.2,-0.042,-1.28,True,16.9,0.18,16.7,False,14.04,13.66,21.2,6.2,D 趨勢弱,False,12:51,25.7,升,64.0,9,False,,0.0825,0.0968,,False,True,-7.73,-0.55,3.11,-4.71,-0.34,8.1,OHLC,↑,HH/HL,自然回檔,False,262,2,universe
CAPR,2026-09-16,8.56,1.01,True,7.35,0.062,0.58,True,16.2,0.29,15.9,False,11.77,16.74,19.3,0.8,D 趨勢弱,False,2:49,84.6,升,380.0,25,False,,0.1884,0.2233,,False,False,14.12,1.2,9.59,-12.03,-1.02,56.7,OHLC,—,HH/HL,自然回檔,True,262,2,universe
SION,2026-09-16,7.04,1.53,False,6.44,-0.365,-0.62,True,5.5,0.3,5.2,False,21.73,31.81,15.0,-8.5,E 延伸,False,2:49,84.6,升,117.0,13,False,,1.4073,1.4834,,False,True,8.56,0.39,6.88,2.27,0.1,9.9,OHLC,—,HH/HL,自然反彈,True,262,2,universe
DAIC,2026-09-16,2.01,0.66,True,3.53,0.024,0.04,False,4.8,-0.17,5.0,False,32.97,24.78,25.0,0.0,E 延伸,True,6:45,202.5,跌,62.0,6,False,,-0.2059,-0.1814,-0.2059,False,False,-75.61,-2.29,1.83,8.96,0.27,34.7,OHLC,—,HH/HL,DT,False,262,2,universe
TFC,2026-09-16,48.44,1.09,False,51.14,-0.191,-0.41,False,90.5,-1.97,92.4,True,2.25,1.38,21.8,-26.3,D 趨勢弱,False,5:06,152.9,跌,35.0,6,False,1.0,-0.1224,-0.0085,-0.321,False,False,-5.57,-2.47,48.68,-0.5,-0.22,294.9,OHLC,↓,LH/LL,DT,False,262,1,universe
R,2026-09-16,237.96,5.27,False,251.68,-1.052,-0.65,False,90.4,-0.23,90.7,True,2.21,1.43,48.2,-3.0,D 趨勢弱,False,4:11,125.3,跌,20.0,3,False,1.0,-0.1953,-0.035,-2.0005,False,False,-5.76,-2.61,248.44,-4.4,-1.99,60.4,OHLC,↓,LH/LL,DT,False,262,1,universe
HLIT,2026-09-16,11.15,0.54,False,12.35,-0.043,-0.06,False,66.0,-1.81,67.8,False,4.85,3.56,19.5,-16.7,D 趨勢弱,True,8:49,264.6,跌,112.0,12,False,1.0,-0.0549,-0.0334,-0.2785,False,False,-10.81,-2.23,11.62,-4.22,-0.87,15.0,OHLC,↓,LH/LL,DT,False,262,1,universe
AMBA,2026-09-16,62.77,4.3,False,70.15,-0.643,-0.94,False,47.7,-0.23,48.0,False,6.86,5.68,8.8,-5.7,D 趨勢弱,True,8:49,264.6,跌,217.0,22,False,1.0,-0.3383,-0.2866,-1.5674,False,False,-11.76,-1.71,68.8,-9.61,-1.4,110.8,OHLC,↓,LH/LL,DT,False,262,1,universe
RCAT,2026-09-16,7.1,0.61,False,9.22,-0.128,-0.02,False,42.8,-5.07,47.9,False,8.55,5.37,10.0,0.0,D 趨勢弱,True,7:18,218.8,跌,72.0,17,False,1.0,-0.1394,-0.1022,-0.1785,False,False,-30.01,-3.51,7.96,-12.26,-1.43,46.8,OHLC,↓,LH/LL,DT,False,262,1,universe
EIKN,2026-09-16,8.51,0.94,False,10.56,-0.079,-0.3,False,34.4,-4.29,38.7,False,11.07,5.72,0.0,-0.9,D 趨勢弱,True,8:16,248.0,跌,88.0,12,False,1.0,-0.2966,-0.2599,-0.2966,False,False,-24.13,-2.18,9.49,-11.52,-1.04,4.9,OHLC,↓,LH/LL,DT,False,154,1,universe
UMAC,2026-09-16,22.01,2.08,False,26.95,-0.062,0.17,False,33.6,-0.6,34.2,False,9.47,7.64,41.1,-3.7,D 趨勢弱,True,8:49,264.6,跌,109.0,17,False,1.0,-0.3874,-0.3598,-0.7621,False,False,-22.44,-2.37,25.98,-18.04,-1.91,70.9,OHLC,↓,LH/LL,DT,False,262,1,universe
HFWA,2026-09-16,28.01,0.52,False,29.01,-0.096,-0.67,False,92.9,-0.67,93.6,True,1.87,1.2,42.3,-2.5,C 基底修復,False,5:56,178.2,跌,49.0,6,False,2.0,-0.0497,-0.0249,-0.1453,False,False,-3.56,-1.91,29.29,-4.57,-2.45,10.3,OHLC,↓,LH/LL,DT,False,262,1,universe
STC,2026-09-16,65.57,1.9,False,67.99,-0.11,-0.23,False,82.9,-0.54,83.5,True,2.89,2.29,22.5,-1.1,D 趨勢弱,False,5:49,174.7,跌,47.0,8,False,2.0,-0.3444,-0.3236,-0.4196,False,False,-3.68,-1.27,69.63,-6.19,-2.14,14.0,OHLC,↓,LH/LL,DT,False,262,1,universe
NXRT,2026-09-16,21.34,0.76,False,23.61,-0.163,-0.93,False,81.3,-1.39,82.7,True,3.56,1.94,4.0,-0.9,D 趨勢弱,False,4:35,137.4,跌,26.0,5,False,2.0,-0.1212,-0.0614,-0.1752,False,False,-10.64,-2.99,24.1,-12.93,-3.63,10.5,OHLC,↓,LH/LL,DT,False,262,1,universe
ACM,2026-09-16,62.81,2.26,False,66.23,-0.249,-0.43,False,77.2,-0.04,77.2,True,3.59,2.68,24.1,0.7,D 趨勢弱,False,5:44,171.8,跌,45.0,5,False,2.0,-0.1157,-0.0488,-1.3742,False,False,-5.44,-1.51,62.89,-0.13,-0.04,135.8,OHLC,↑,HH/HL,自然回檔,False,262,1,universe
SVRA,2026-09-16,5.13,0.22,False,5.48,-0.006,-0.07,False,73.9,-0.67,74.6,False,4.23,2.66,29.7,-3.4,C 基底修復,True,6:26,192.9,跌,57.0,5,False,2.0,-0.021,-0.0114,-0.0809,False,False,-6.77,-1.6,5.53,-7.8,-1.84,7.6,OHLC,↓,LH/LL,DT,False,262,1,universe
HLNE,2026-09-16,89.88,3.88,False,102.17,-0.357,0.3,False,73.1,-1.86,75.0,False,4.32,2.72,14.1,-0.1,D 趨勢弱,True,8:49,264.6,跌,137.0,17,False,2.0,-2.0567,-1.8652,-2.0567,False,False,-13.68,-3.17,,,,47.3,OHLC,—,HH/HL,DT,False,262,1,universe
ADBE,2026-09-16,250.5,10.7,False,266.57,-0.085,-0.04,False,71.7,-0.43,72.1,False,4.27,3.04,13.6,-14.5,D 趨勢弱,True,8:49,264.6,跌,185.0,9,False,2.0,-4.0412,-3.9279,-5.1951,False,False,-6.42,-1.5,265.6,-6.03,-1.41,1284.8,OHLC,↓,LH/LL,DT,False,262,1,universe
SFM,2026-09-16,71.06,3.47,False,80.03,-0.602,-0.83,False,68.9,-0.61,69.5,False,4.89,2.95,8.2,-0.9,D 趨勢弱,True,8:49,264.6,跌,105.0,13,False,2.0,-0.908,-0.8655,-1.1525,False,False,-12.62,-2.58,75.09,-5.67,-1.16,124.6,OHLC,↓,LH/LL,DT,False,262,1,universe
CRVS,2026-09-16,12.23,0.69,False,14.03,-0.051,-0.24,False,64.6,-2.48,67.1,False,5.64,3.05,20.0,-2.0,D 趨勢弱,True,8:43,261.4,跌,95.0,17,False,2.0,-0.2163,-0.1845,-0.3058,False,False,-14.73,-2.61,14.65,-19.79,-3.51,10.1,OHLC,↓,LH/LL,DT,False,262,1,universe
AURA,2026-09-16,6.73,0.37,False,7.53,-0.038,-0.2,False,64.3,-0.06,64.3,False,5.45,3.3,24.3,-4.1,D 趨勢弱,True,8:49,264.6,跌,272.0,16,False,2.0,-0.0942,-0.0873,-0.0942,False,False,-11.93,-2.19,7.01,-4.16,-0.76,4.6,OHLC,↓,LH/LL,DT,False,262,1,universe
PRCH,2026-09-16,15.89,0.77,False,16.74,-0.004,0.88,False,63.5,-0.13,63.7,False,4.82,4.08,65.3,2.0,B 上升結構,True,8:49,264.6,跌,99.0,14,False,2.0,-0.2865,-0.2734,-0.4534,False,False,-5.33,-1.1,18.37,-15.61,-3.24,18.1,OHLC,↓,LH/LL,DT,False,262,1,universe
PTLO,2026-09-16,3.72,0.21,False,4.53,-0.028,-0.6,False,63.4,-0.62,64.0,False,5.53,3.41,0.0,0.0,D 趨勢弱,True,8:49,264.6,跌,144.0,14,False,2.0,-0.0859,-0.0776,-0.0859,False,False,-21.73,-3.93,4.5,-20.97,-3.79,4.6,OHLC,↓,LH/LL,DT,False,262,1,universe
CBRL,2026-09-16,43.22,2.49,False,54.38,-0.697,-0.8,False,63.3,-1.58,64.9,False,5.77,3.18,29.9,-0.9,D 趨勢弱,True,8:49,264.6,跌,270.0,27,False,2.0,-1.3012,-1.0949,-1.3012,False,False,-25.81,-4.47,50.53,-16.91,-2.93,35.5,OHLC,↓,LH/LL,DT,False,262,1,universe
BL,2026-09-16,28.16,1.52,False,30.74,-0.16,-0.29,False,63.1,-0.34,63.5,False,5.38,3.61,21.1,0.7,D 趨勢弱,True,6:26,192.9,跌,57.0,7,False,2.0,-0.4678,-0.4281,-0.5186,False,False,-9.16,-1.7,30.29,-7.56,-1.41,25.8,OHLC,↓,LH/LL,DT,False,262,1,universe
ROOT,2026-09-16,52.44,2.59,False,53.12,-0.126,-0.19,False,61.7,-0.21,61.9,False,4.94,4.35,22.0,-3.1,D 趨勢弱,False,5:24,162.0,跌,40.0,6,False,2.0,-0.1931,-0.1334,-1.0652,False,True,-1.29,-0.26,54.33,-3.6,-0.73,9.5,OHLC,—,LH/LL,自然回檔,True,262,1,universe
SOUN,2026-09-16,5.93,0.34,False,7.03,-0.02,0.21,False,60.3,-0.88,61.2,False,5.69,3.87,10.0,0.0,D 趨勢弱,True,8:49,264.6,跌,167.0,16,False,2.0,-0.1053,-0.0934,-0.1053,False,False,-18.57,-3.26,6.47,-9.11,-1.6,146.1,OHLC,↓,LH/LL,DT,False,262,1,universe
ACRS,2026-09-16,5.32,0.35,False,5.92,-0.055,-0.23,False,58.2,-2.28,60.5,False,6.63,3.39,46.1,-9.7,D 趨勢弱,True,8:49,264.6,跌,122.0,14,False,2.0,-0.1045,-0.1003,-0.1199,False,False,-11.25,-1.7,5.64,-6.02,-0.91,12.7,OHLC,↓,LH/LL,DT,False,262,1,universe
VOR,2026-09-16,21.95,1.24,False,23.19,-0.032,0.22,True,57.5,0.41,57.1,False,5.66,4.52,60.4,-1.5,D 趨勢弱,False,5:46,173.1,跌,46.0,6,False,2.0,-0.3387,-0.3033,-0.3387,False,False,-5.67,-1.0,23.08,-5.15,-0.91,16.6,OHLC,↓,LH/LL,DT,False,262,1,universe
UPB,2026-09-16,5.33,0.38,False,6.61,-0.038,-0.28,False,55.2,-0.24,55.4,False,7.11,3.59,0.0,0.0,D 趨勢弱,True,8:49,264.6,跌,142.0,14,False,2.0,-0.1105,-0.1044,-0.1105,False,False,-23.96,-3.37,6.19,-16.14,-2.27,3.2,OHLC,↓,LH/LL,DT,False,262,1,universe
GPCR,2026-09-16,35.5,2.57,False,46.17,-0.538,-0.9,False,54.2,-4.69,58.9,False,7.25,3.68,12.6,-1.1,D 趨勢弱,True,8:49,264.6,跌,114.0,19,False,2.0,-1.1048,-1.0331,-1.1738,False,False,-30.07,-4.15,41.23,-16.14,-2.23,37.7,OHLC,↓,LH/LL,DT,False,262,1,universe
DFH,2026-09-16,12.01,0.8,False,13.83,-0.118,-0.47,False,53.1,-1.2,54.3,False,6.63,4.56,0.0,0.0,D 趨勢弱,True,8:49,264.6,跌,135.0,12,False,2.0,-0.1631,-0.1576,-0.338,False,False,-15.14,-2.28,12.7,-5.75,-0.87,7.9,OHLC,↓,LH/LL,DT,False,262,1,universe
KVYO,2026-09-16,16.23,1.09,False,18.11,-0.068,-0.29,False,52.2,-1.07,53.3,False,6.7,4.7,7.5,-4.3,D 趨勢弱,True,7:34,227.0,跌,76.0,7,False,2.0,-0.3357,-0.3227,-0.415,False,False,-11.59,-1.73,17.35,-6.9,-1.03,93.0,OHLC,—,HH/HL,DT,False,262,1,universe
OPEN,2026-09-16,2.59,0.18,False,3.33,-0.064,-1.1,False,52.2,-0.5,52.7,False,7.0,4.39,10.0,0.0,D 趨勢弱,True,7:48,234.0,跌,80.0,11,False,2.0,-0.0319,-0.0283,-0.0989,False,False,-28.51,-4.07,3.15,-21.62,-3.09,77.7,OHLC,↓,LH/LL,DT,False,262,1,universe
RXST,2026-09-16,5.4,0.39,False,6.47,-0.029,-0.08,False,52.2,-0.69,52.9,False,7.25,4.13,10.0,0.0,D 趨勢弱,True,7:07,213.3,跌,68.0,9,False,2.0,-0.1623,-0.1394,-0.1623,False,False,-19.77,-2.73,,,,4.3,OHLC,—,HH/HL,DT,False,262,1,universe
SANA,2026-09-16,2.92,0.23,False,3.56,-0.06,-0.37,False,48.2,-3.61,51.8,False,7.94,4.46,0.0,-4.0,D 趨勢弱,True,8:49,264.6,跌,102.0,11,False,2.0,-0.1089,-0.1032,-0.1153,False,False,-21.76,-2.74,3.2,-9.59,-1.21,10.0,OHLC,↓,LH/LL,DT,False,262,1,universe
CABA,2026-09-16,2.49,0.24,False,3.01,-0.014,-0.2,False,43.1,-0.78,43.8,False,9.64,4.2,4.2,-14.3,D 趨勢弱,True,6:06,182.9,跌,52.0,6,False,2.0,-0.0952,-0.0819,-0.0952,False,False,-20.75,-2.15,,,,13.8,OHLC,—,HH/HL,DT,False,262,1,universe
TYRA,2026-09-16,24.35,2.24,False,24.62,-0.097,-0.51,False,40.5,-0.88,41.3,False,9.18,5.46,22.6,-6.8,D 趨勢弱,False,10:26,313.0,升,24.0,2,False,2.0,0.0725,0.0627,,False,True,-1.1,-0.12,23.54,3.33,0.36,26.8,OHLC,—,LH/LL,自然回檔,False,262,1,universe
CSQ,2026-09-16,20.16,0.29,False,20.8,-0.016,0.25,False,95.5,-0.28,95.8,True,1.46,0.92,56.7,-1.1,C 基底修復,False,5:37,168.5,跌,44.0,6,False,3.0,-0.0974,-0.0791,-0.1044,False,False,-3.19,-2.19,20.04,0.6,0.41,3.3,OHLC,↑,HH/HL,自然回檔,False,262,1,universe
LAMR,2026-09-16,147.53,2.64,False,153.09,-0.429,-0.96,False,93.2,-0.17,93.4,True,1.79,1.2,49.2,1.5,C 基底修復,False,3:54,117.2,跌,15.0,2,False,3.0,-0.0755,-0.0452,-1.0164,False,False,-3.77,-2.11,152.61,-3.44,-1.92,65.1,OHLC,↓,LH/LL,DT,False,262,1,universe
OZK,2026-09-16,47.99,0.93,False,50.01,-0.162,-0.52,False,91.7,-0.87,92.6,True,1.93,1.42,34.9,-11.7,D 趨勢弱,False,3:53,116.7,跌,15.0,1,False,3.0,-0.0516,0.0082,-0.3368,False,False,-4.2,-2.18,49.24,-2.6,-1.35,47.4,OHLC,↓,LH/LL,DT,False,262,1,universe
UPS,2026-09-16,98.77,2.17,False,103.36,-0.3,-0.38,False,88.8,-1.21,90.0,True,2.2,1.8,33.2,-4.1,D 趨勢弱,False,3:30,104.8,跌,8.0,1,False,3.0,-0.0817,0.0614,-1.4973,False,False,-4.65,-2.12,102.46,-3.74,-1.7,391.9,OHLC,↓,LH/LL,DT,False,262,1,universe
LEVI,2026-09-16,19.65,0.58,False,21.61,-0.153,-1.28,False,85.0,-0.2,85.2,True,2.98,1.8,19.3,-1.6,D 趨勢弱,False,3:56,118.0,跌,16.0,2,False,3.0,-0.0148,-0.0047,-0.3029,False,False,-10.0,-3.36,21.06,-7.18,-2.41,40.9,OHLC,↓,LH/LL,DT,False,262,1,universe
FAF,2026-09-16,71.11,1.93,False,73.29,-0.121,-0.35,False,84.9,-1.58,86.5,True,2.72,2.07,38.1,-3.5,C 基底修復,False,5:46,173.1,跌,46.0,7,False,3.0,-0.2273,-0.1634,-0.6028,False,False,-3.06,-1.13,74.06,-4.15,-1.53,50.5,OHLC,—,LH/LL,自然回檔,False,262,1,universe
BA,2026-09-16,201.96,5.6,False,216.54,-2.155,-0.62,False,84.7,-2.52,87.2,True,2.77,2.06,7.4,-13.0,D 趨勢弱,False,3:21,100.3,跌,6.0,1,False,3.0,-0.1815,0.1878,-2.5802,False,False,-7.22,-2.61,210.45,-4.2,-1.52,1111.7,OHLC,↓,LH/LL,DT,False,262,1,universe
OC,2026-09-16,126.59,4.79,False,141.87,-0.643,-0.56,False,74.1,-1.16,75.3,False,3.79,3.06,21.0,-6.4,D 趨勢弱,True,8:49,264.6,跌,225.0,20,False,3.0,-1.2099,-1.302,-2.3435,True,False,-12.07,-3.19,131.9,-4.19,-1.11,128.4,OHLC,↓,LH/LL,DT,False,262,1,universe
ARQT,2026-09-16,26.14,1.09,False,25.06,-0.006,-0.39,False,73.8,-2.56,76.4,False,4.18,2.73,56.7,37.4,B 上升結構,False,10:26,313.2,升,24.0,3,False,3.0,0.1823,0.0161,,False,True,4.13,0.99,23.51,10.06,2.41,56.2,OHLC,—,HH/HL,自然反彈,False,262,1,universe
PII,2026-09-16,55.28,2.46,False,64.36,-0.805,-0.9,False,73.6,-2.67,76.2,False,4.46,2.5,15.7,-3.2,D 趨勢弱,True,8:49,264.6,跌,259.0,35,False,3.0,-0.448,-0.3327,-0.7515,False,False,-16.42,-3.68,62.52,-13.1,-2.94,42.9,OHLC,↓,LH/LL,DT,False,262,1,universe
FBIN,2026-09-16,39.55,1.56,False,45.63,-0.594,-1.15,False,72.9,-0.31,73.2,False,3.95,3.13,15.0,0.0,D 趨勢弱,True,8:49,264.6,跌,319.0,47,False,3.0,-0.2531,-0.274,-0.7442,True,False,-15.37,-3.89,40.74,-3.01,-0.76,89.0,OHLC,↓,LH/LL,DT,False,262,1,universe
SPXC,2026-09-16,178.68,7.43,False,201.31,-1.44,-0.79,False,72.6,-0.24,72.8,False,4.16,2.98,10.0,0.0,D 趨勢弱,True,8:49,264.6,跌,129.0,19,False,3.0,-1.4903,-1.378,-2.3243,False,False,-12.66,-3.04,191.82,-7.35,-1.77,73.4,OHLC,↓,LH/LL,DT,False,262,1,universe
DXC,2026-09-16,11.58,0.49,True,11.08,0.028,-0.0,False,71.1,-0.82,71.9,False,4.21,3.22,28.6,-12.3,C 基底修復,False,10:01,300.3,升,17.0,3,False,3.0,0.0309,0.0506,,False,False,4.32,1.03,10.95,5.44,1.29,25.9,OHLC,↑,HH/HL,自然回檔,False,262,1,universe
ESAB,2026-09-16,66.48,2.98,False,78.76,-0.801,-1.16,False,70.3,-0.07,70.4,False,4.49,3.08,0.0,0.0,D 趨勢弱,True,8:49,264.6,跌,263.0,24,False,3.0,-0.6094,-0.6057,-1.042,False,False,-18.47,-4.12,70.69,-6.33,-1.41,55.8,OHLC,↓,LH/LL,DT,False,262,1,universe
KD,2026-09-16,12.84,0.61,False,13.17,-0.072,-0.24,False,68.9,-0.66,69.6,False,4.78,3.06,24.5,-11.4,D 趨勢弱,False,3:38,109.2,跌,11.0,1,False,3.0,-0.011,0.0144,-0.2244,False,True,-2.59,-0.54,12.68,1.25,0.26,44.2,OHLC,—,HH/HL,自然回檔,True,262,1,universe
EPAM,2026-09-16,117.17,5.21,True,108.53,0.215,0.47,False,68.0,-2.23,70.3,False,4.45,3.57,25.0,0.0,E 延伸,False,3:25,102.3,跌,7.0,1,False,3.0,-0.0963,0.2616,-0.5353,False,False,7.37,1.66,114.52,2.26,0.51,142.9,OHLC,↑,HH/HL,自然回檔,False,262,1,universe
DNTH,2026-09-16,102.49,5.02,False,109.38,-0.313,-0.05,False,67.6,-0.39,68.0,False,4.9,3.21,58.2,-3.2,D 趨勢弱,True,8:49,264.6,跌,144.0,20,False,3.0,-0.7945,-0.661,-1.302,False,False,-6.73,-1.37,107.69,-5.07,-1.04,63.3,OHLC,—,LH/LL,DT,True,262,1,universe
ZG,2026-09-16,32.0,1.53,False,34.76,-0.148,-0.11,False,67.5,-0.37,67.9,False,4.79,3.33,18.2,-1.1,D 趨勢弱,True,8:49,264.6,跌,115.0,12,False,3.0,-0.3985,-0.3682,-0.5539,False,False,-8.62,-1.8,33.83,-5.72,-1.19,26.3,OHLC,↓,LH/LL,自然回檔,False,262,1,universe
Z,2026-09-16,31.31,1.54,False,34.1,-0.134,-0.19,False,67.2,-0.63,67.8,False,4.93,3.25,17.9,-0.6,D 趨勢弱,True,8:49,264.6,跌,107.0,12,False,3.0,-0.3565,-0.3216,-0.5012,False,False,-8.91,-1.81,33.18,-5.97,-1.21,97.8,OHLC,↓,LH/LL,自然回檔,False,262,1,universe
SHAK,2026-09-16,56.65,2.95,False,69.45,-0.15,-0.08,False,65.9,-0.16,66.1,False,5.21,3.21,10.0,0.0,D 趨勢弱,True,8:49,264.6,跌,127.0,15,False,3.0,-1.6417,-1.4916,-1.6417,False,False,-22.6,-4.34,63.65,-12.36,-2.37,62.7,OHLC,↓,LH/LL,DT,False,262,1,universe
HOV,2026-09-16,116.1,5.77,False,126.36,-0.515,-0.38,False,65.8,-0.28,66.1,False,4.97,3.48,21.7,-10.8,D 趨勢弱,True,8:49,264.6,跌,185.0,23,False,3.0,-0.4174,-0.5109,-1.7792,True,False,-8.84,-1.78,122.79,-5.76,-1.16,15.4,OHLC,—,LH/LL,自然反彈,True,262,1,universe
BROS,2026-09-16,41.37,1.99,False,49.71,-0.657,-1.39,True,65.7,0.49,65.2,False,4.82,3.66,0.0,0.0,D 趨勢弱,False,5:11,155.5,跌,36.0,6,False,3.0,-0.1528,-0.1077,-1.8481,False,False,-20.15,-4.18,48.13,-16.34,-3.39,158.7,OHLC,↓,LH/LL,DT,False,262,1,universe
BOOT,2026-09-16,122.75,6.82,False,153.03,-2.681,-0.8,False,64.8,-1.67,66.4,False,5.55,3.1,0.0,0.0,D 趨勢弱,True,8:49,264.6,跌,120.0,16,False,3.0,-2.821,-2.1294,-2.821,False,False,-24.66,-4.44,144.39,-17.63,-3.17,81.7,OHLC,↓,LH/LL,DT,False,262,1,universe
SFIX,2026-09-16,2.91,0.15,False,3.33,-0.055,-1.49,True,64.4,0.47,63.9,False,5.03,3.71,2.4,2.4,D 趨勢弱,False,10:06,303.1,升,18.0,3,False,3.0,0.0112,0.0106,,False,False,-14.48,-2.88,3.09,-6.19,-1.23,4.3,OHLC,—,LH/LL,DT,True,262,1,universe
BBAI,2026-09-16,2.73,0.15,False,3.07,-0.01,0.17,False,63.5,-0.94,64.4,False,5.35,3.57,10.0,-1.2,D 趨勢弱,True,7:33,226.6,跌,76.0,11,False,3.0,-0.0209,-0.017,-0.0316,False,False,-12.61,-2.36,2.88,-5.49,-1.03,44.7,OHLC,↓,LH/LL,DT,False,262,1,universe
CHTR,2026-09-16,135.0,7.4,False,149.34,-0.345,-0.04,False,62.8,-1.23,64.0,False,5.48,3.58,8.7,2.2,D 趨勢弱,True,8:49,264.6,跌,175.0,21,False,3.0,-1.7958,-1.4894,-1.9972,False,False,-10.62,-1.94,148.34,-9.88,-1.8,406.6,OHLC,—,LH/LL,次級回檔,False,262,1,universe
PAR,2026-09-16,16.11,0.96,False,18.39,-0.055,0.02,False,61.6,-1.48,63.1,False,5.95,3.34,9.0,-2.8,D 趨勢弱,True,8:49,264.6,跌,113.0,12,False,3.0,-0.3549,-0.283,-0.3549,False,False,-14.15,-2.38,18.09,-12.29,-2.06,13.3,OHLC,↓,LH/LL,DT,False,262,1,universe
RXO,2026-09-16,19.08,1.14,False,21.16,-0.098,-0.23,False,61.3,-1.07,62.3,False,5.97,3.4,30.6,-11.3,D 趨勢弱,True,8:49,264.6,跌,110.0,11,False,3.0,-0.0452,-0.041,-0.9756,False,False,-10.88,-1.82,20.66,-8.28,-1.39,28.6,OHLC,↓,LH/LL,DT,False,262,1,universe
ATRO,2026-09-16,66.28,3.81,False,78.91,-0.343,-0.05,False,59.9,-0.22,60.2,False,5.75,3.9,43.6,-0.7,D 趨勢弱,True,8:49,264.6,跌,171.0,18,False,3.0,-1.1545,-0.9855,-1.2972,False,False,-19.06,-3.31,76.26,-15.06,-2.62,37.1,OHLC,↓,LH/LL,DT,False,262,1,universe
IDR,2026-09-16,28.0,1.64,False,32.07,-0.057,0.07,False,59.3,-0.41,59.7,False,5.85,3.95,16.4,1.1,D 趨勢弱,True,8:49,264.6,跌,149.0,11,False,3.0,-0.4389,-0.3692,-0.4389,False,False,-14.52,-2.48,32.85,-17.32,-2.96,6.0,OHLC,↓,LH/LL,DT,False,262,1,universe
ARHS,2026-09-16,7.2,0.45,False,9.02,-0.012,0.11,False,56.9,-0.26,57.2,False,6.24,4.07,10.0,0.0,D 趨勢弱,True,8:49,264.6,跌,112.0,17,False,3.0,-0.1926,-0.1726,-0.1926,False,False,-25.22,-4.04,8.12,-12.78,-2.05,7.7,OHLC,↓,LH/LL,DT,False,262,1,universe
ARWR,2026-09-16,65.79,4.31,False,82.61,-2.191,-0.85,False,56.7,-4.15,60.9,False,6.55,3.8,22.9,-4.1,D 趨勢弱,True,8:49,264.6,跌,136.0,24,False,3.0,-2.0466,-1.3948,-2.0466,False,False,-25.57,-3.9,86.49,-31.46,-4.8,109.9,OHLC,↓,LH/LL,DT,False,262,1,universe
WEN,2026-09-16,7.03,0.37,False,8.08,-0.013,-0.02,False,55.9,-1.53,57.5,False,5.28,5.25,15.1,-3.8,D 趨勢弱,True,8:49,264.6,跌,144.0,14,False,3.0,-0.1392,-0.1223,-0.1595,False,False,-14.94,-2.83,7.63,-8.53,-1.62,48.0,OHLC,↓,LH/LL,DT,False,262,1,universe
STTK,2026-09-16,5.88,0.37,False,7.09,-0.07,-0.56,False,55.2,-0.04,55.2,False,6.26,4.44,40.0,0.0,D 趨勢弱,True,8:49,264.6,跌,118.0,13,False,3.0,-0.1431,-0.1473,-0.1644,True,False,-20.66,-3.3,7.66,-30.27,-4.83,4.7,OHLC,↓,LH/LL,DT,False,262,1,universe
RZLT,2026-09-16,3.98,0.28,False,4.66,-0.058,-0.48,False,54.3,-1.88,56.2,False,7.06,3.85,40.0,-5.2,D 趨勢弱,True,8:46,262.8,跌,96.0,12,False,3.0,-0.0617,-0.0568,-0.0741,False,False,-17.18,-2.43,4.25,-6.78,-0.96,5.8,OHLC,↓,LH/LL,DT,False,262,1,universe
CMCO,2026-09-16,16.1,0.92,False,18.55,-0.249,-0.65,False,51.8,-0.13,51.9,False,5.69,5.81,23.2,-0.5,D 趨勢弱,True,8:49,264.6,跌,237.0,24,False,3.0,-0.273,-0.2457,-0.4343,False,False,-15.2,-2.67,17.74,-10.19,-1.79,6.1,OHLC,↓,LH/LL,DT,False,262,1,universe
XFOR,2026-09-16,3.51,0.26,False,3.92,-0.023,-0.67,False,49.9,-1.07,50.9,False,7.53,4.45,6.8,-1.9,D 趨勢弱,True,8:49,264.6,跌,327.0,20,False,3.0,-0.0498,-0.0542,-0.0802,True,False,-11.75,-1.56,3.62,-3.13,-0.42,3.1,OHLC,↓,LH/LL,自然回檔,False,262,1,universe
TECX,2026-09-16,27.91,2.09,False,33.15,-0.044,0.0,False,48.1,-0.06,48.2,False,7.48,4.94,36.8,0.6,D 趨勢弱,True,8:49,264.6,跌,112.0,12,False,3.0,-0.5582,-0.5709,-0.8163,True,False,-18.77,-2.51,37.71,-35.11,-4.69,5.8,OHLC,↓,LH/LL,DT,False,262,1,universe
FIG,2026-09-16,23.06,1.59,False,25.51,-0.087,-0.09,False,48.0,-0.53,48.5,False,6.91,5.55,22.3,-1.7,D 趨勢弱,True,8:09,244.3,跌,86.0,10,False,3.0,-0.4327,-0.4748,-0.8003,True,False,-10.61,-1.54,23.75,-2.99,-0.43,335.7,OHLC,—,HH/HL,自然回檔,False,262,1,universe
NNBR,2026-09-16,3.26,0.22,False,3.77,-0.01,0.03,False,47.1,-0.12,47.2,False,6.78,5.93,46.5,-0.7,D 趨勢弱,True,8:49,264.6,跌,202.0,19,False,3.0,-0.0359,-0.0257,-0.0654,False,False,-15.51,-2.29,3.74,-14.72,-2.17,4.2,OHLC,↓,LH/LL,DT,False,262,1,universe
BOH,2026-09-16,74.86,1.38,False,77.53,-0.27,-0.6,False,93.0,-0.31,93.3,True,1.84,1.21,33.0,-0.6,C 基底修復,False,10:56,328.2,升,32.0,4,False,4.0,0.0021,0.0363,,False,False,-3.57,-1.93,77.19,-3.11,-1.69,21.1,OHLC,↓,LH/LL,DT,False,262,1,universe
EWBC,2026-09-16,126.18,2.51,False,130.61,-0.269,-0.22,False,92.7,-0.7,93.4,True,1.99,1.11,54.3,-3.2,C 基底修復,False,3:22,101.2,跌,6.0,1,False,4.0,-0.1626,0.0066,-0.7028,False,False,-3.51,-1.76,131.89,-4.53,-2.27,88.9,OHLC,—,LH/LL,自然回檔,False,262,1,universe
SMBC,2026-09-16,72.52,1.44,False,74.83,-0.178,-0.57,False,92.7,-0.48,93.2,True,1.99,1.13,46.6,-1.6,C 基底修復,False,3:32,106.2,跌,9.0,1,False,4.0,-0.0025,0.0295,-0.5692,False,False,-3.19,-1.61,74.17,-2.28,-1.15,6.8,OHLC,—,LH/LL,DT,True,262,1,universe
FNB,2026-09-16,17.89,0.35,False,18.64,-0.06,-0.49,False,92.5,-0.89,93.3,True,1.94,1.24,45.5,-3.3,C 基底修復,False,3:23,101.7,跌,7.0,1,False,4.0,-0.0195,0.0011,-0.1115,False,False,-4.21,-2.17,18.72,-4.64,-2.39,60.5,OHLC,↓,LH/LL,DT,False,262,1,universe
PRI,2026-09-16,291.91,5.69,False,302.0,-0.964,-0.85,False,92.2,-0.18,92.4,True,1.95,1.28,46.8,0.4,C 基底修復,False,10:26,313.2,升,24.0,3,False,4.0,0.3209,0.2588,,False,False,-3.46,-1.77,296.99,-1.74,-0.89,50.9,OHLC,—,LH/LL,自然反彈,True,262,1,universe
RNST,2026-09-16,40.53,0.86,False,41.77,-0.175,-0.63,False,92.1,-0.36,92.5,True,2.13,1.13,47.5,-0.6,C 基底修復,False,10:19,309.3,升,22.0,3,False,4.0,0.0396,0.0489,,False,False,-3.06,-1.44,41.4,-2.15,-1.01,22.3,OHLC,—,LH/LL,自然回檔,True,262,1,universe
PNC,2026-09-16,231.49,4.96,False,245.52,-1.049,-0.43,False,91.8,-1.83,93.6,True,2.14,1.19,44.1,-11.7,C 基底修復,False,3:34,106.8,跌,9.0,2,False,4.0,-0.6356,-0.0019,-1.7313,False,False,-6.06,-2.83,246.96,-6.68,-3.12,368.6,OHLC,—,LH/LL,自然回檔,False,262,1,universe
FBNC,2026-09-16,62.62,1.36,False,64.51,-0.146,0.0,False,91.0,-1.21,92.2,True,2.16,1.35,56.3,-9.0,C 基底修復,False,3:59,119.4,跌,16.0,2,False,4.0,-0.1193,-0.0109,-0.3558,False,False,-3.02,-1.4,65.5,-4.6,-2.13,11.2,OHLC,—,LH/LL,次級回檔,False,262,1,universe
COLB,2026-09-16,29.72,0.67,False,30.85,-0.064,-0.33,False,90.5,-0.63,91.1,True,2.26,1.36,23.9,-11.6,C 基底修復,False,3:36,108.0,跌,10.0,1,False,4.0,-0.001,0.0146,-0.2896,False,False,-3.81,-1.68,30.55,-2.79,-1.24,85.9,OHLC,↓,LH/LL,DT,False,262,1,universe
GBCI,2026-09-16,44.94,1.01,False,47.43,-0.238,-0.75,False,90.2,-0.3,90.5,True,2.24,1.46,25.7,-0.6,D 趨勢弱,False,3:46,113.0,跌,13.0,2,False,4.0,-0.0358,-0.0148,-0.5428,False,False,-5.53,-2.47,47.15,-4.92,-2.19,43.3,OHLC,↓,LH/LL,DT,False,262,1,universe
HBAN,2026-09-16,15.82,0.38,False,17.05,-0.137,-0.49,False,88.7,-2.94,91.7,True,2.43,1.58,13.0,-19.7,D 趨勢弱,False,3:27,103.3,跌,7.0,1,False,4.0,-0.0517,0.0041,-0.1791,False,False,-7.79,-3.2,16.36,-3.41,-1.4,385.5,OHLC,↓,LH/LL,DT,False,262,1,universe
CFG,2026-09-16,66.84,1.7,False,70.91,-0.285,-0.35,False,88.1,-2.61,90.7,True,2.54,1.61,40.0,-18.8,D 趨勢弱,False,3:28,104.1,跌,8.0,1,False,4.0,-0.1418,0.0643,-0.5745,False,False,-6.09,-2.4,70.83,-5.97,-2.35,217.6,OHLC,↓,LH/LL,DT,False,262,1,universe
INN,2026-09-16,5.69,0.19,False,6.01,-0.035,-1.01,False,82.2,-0.47,82.7,True,3.41,1.91,50.5,-0.5,C 基底修復,False,10:03,301.3,升,17.0,2,False,4.0,0.0103,0.0057,,False,False,-5.66,-1.66,6.06,-6.5,-1.91,4.2,OHLC,—,LH/LL,自然反彈,True,262,1,universe
SNDR,2026-09-16,32.75,1.08,False,34.85,-0.127,-0.26,False,82.2,-1.94,84.1,True,3.29,2.03,51.6,-9.7,D 趨勢弱,False,3:24,102.2,跌,7.0,1,False,4.0,-0.0607,0.0199,-0.4027,False,False,-6.42,-1.95,35.04,-6.99,-2.12,19.4,OHLC,↓,LH/LL,DT,False,262,1,universe
HRZN,2026-09-16,4.53,0.16,False,4.81,-0.002,0.26,False,80.7,-1.42,82.1,True,3.45,2.17,6.7,-5.1,D 趨勢弱,False,3:54,116.8,跌,15.0,2,False,4.0,-0.028,-0.0106,-0.0522,False,False,-6.11,-1.77,4.51,0.44,0.13,3.4,OHLC,↑,HH/HL,自然回檔,False,262,1,universe
OLED,2026-09-16,76.31,3.4,False,84.86,-0.23,-0.07,False,72.7,-0.5,73.2,False,4.46,2.66,3.1,0.5,D 趨勢弱,True,8:49,264.6,跌,184.0,20,False,4.0,-0.7987,-0.7129,-0.7987,False,False,-11.21,-2.51,83.56,-9.51,-2.13,59.9,OHLC,↓,LH/LL,DT,False,262,1,universe
ADSK,2026-09-16,220.31,10.22,False,240.76,-0.373,-0.31,False,70.2,-0.1,70.3,False,4.64,2.96,6.2,1.2,D 趨勢弱,True,8:49,264.6,跌,105.0,12,False,4.0,-2.8643,-3.3803,-6.728,True,False,-9.28,-2.0,206.33,6.35,1.37,505.4,OHLC,↑,HH/HL,自然回檔,False,262,1,universe
OII,2026-09-16,46.61,2.13,False,50.74,-0.111,-0.0,False,68.8,-0.67,69.4,False,4.58,3.29,54.1,-8.1,D 趨勢弱,True,8:49,264.6,跌,258.0,19,False,4.0,-0.7224,-0.6539,-0.7224,False,False,-8.87,-1.94,49.25,-5.66,-1.24,40.1,OHLC,—,LH/LL,次級回檔,False,262,1,universe
MAX,2026-09-16,11.04,0.55,False,12.46,-0.046,-0.66,False,68.6,-0.93,69.6,False,4.95,2.95,36.3,-2.6,D 趨勢弱,True,8:49,264.6,跌,213.0,41,False,4.0,-0.1259,-0.1109,-0.3086,False,False,-12.88,-2.6,12.2,-10.51,-2.12,6.8,OHLC,↓,LH/LL,DT,False,262,1,universe
JBLU,2026-09-16,4.3,0.22,False,5.05,-0.11,-1.78,False,64.8,-0.13,64.9,False,5.14,3.5,15.4,0.4,D 趨勢弱,True,8:49,264.6,跌,263.0,26,False,4.0,-0.0119,-0.0182,-0.1514,True,False,-17.52,-3.4,4.64,-7.91,-1.54,89.5,OHLC,—,LH/LL,DT,True,262,1,universe
SNAP,2026-09-16,5.72,0.29,False,5.46,-0.004,0.41,False,64.5,-0.01,64.5,False,5.02,3.69,34.2,-13.0,D 趨勢弱,False,10:21,310.4,升,22.0,3,False,4.0,0.0139,0.0174,,False,True,4.59,0.91,5.33,6.82,1.36,202.3,OHLC,↑,HH/HL,自然回檔,False,262,1,universe
PTRN,2026-09-16,19.64,1.05,False,21.09,-0.215,-0.62,True,64.0,0.14,63.9,False,5.34,3.47,50.0,4.3,D 趨勢弱,False,10:04,301.9,升,18.0,4,False,4.0,0.0213,0.0122,,False,False,-7.37,-1.38,20.05,-2.09,-0.39,26.3,OHLC,—,LH/LL,DT,True,249,1,universe
ERAS,2026-09-16,15.36,1.1,False,17.38,-0.135,-0.39,False,53.3,-1.87,55.1,False,7.18,3.97,33.0,-4.5,D 趨勢弱,True,8:49,264.6,跌,99.0,12,False,4.0,-0.1407,-0.124,-0.3499,False,False,-13.14,-1.83,16.25,-5.79,-0.81,63.8,OHLC,↓,LH/LL,DT,False,262,1,universe
BETA,2026-09-16,20.26,1.53,False,22.55,-0.084,-0.01,False,49.2,-0.5,49.7,False,7.57,4.58,15.7,-8.8,D 趨勢弱,True,8:49,264.6,跌,193.0,17,False,4.0,-0.2166,-0.2329,-0.8327,True,False,-11.32,-1.5,21.17,-4.49,-0.59,48.3,OHLC,↓,LH/LL,DT,False,217,1,universe
INDI,2026-09-16,3.02,0.26,False,3.9,-0.015,0.09,False,41.0,-0.08,41.1,False,8.54,5.93,13.1,-0.8,D 趨勢弱,True,8:21,250.7,跌,89.0,15,False,4.0,-0.0725,-0.0723,-0.1019,False,False,-29.26,-3.43,3.35,-10.93,-1.28,15.7,OHLC,↓,LH/LL,DT,False,262,1,universe
SYY,2026-09-16,78.71,1.86,False,82.33,-0.237,-0.51,False,90.3,-0.09,90.4,True,2.36,1.3,23.0,-10.3,D 趨勢弱,False,3:42,111.2,跌,12.0,2,False,5.0,-0.2095,-0.0446,-0.5163,False,False,-4.6,-1.95,83.54,-6.14,-2.6,263.7,OHLC,↓,LH/LL,DT,False,262,1,universe
TALO,2026-09-16,17.42,0.7,True,16.62,0.148,0.98,False,73.5,-2.34,75.8,False,4.03,2.94,64.1,3.2,B 上升結構,False,3:32,106.0,跌,9.0,1,False,5.0,-0.0172,0.0235,-0.0442,False,False,4.6,1.14,16.84,3.33,0.83,33.5,OHLC,↑,HH/HL,自然回檔,False,262,1,universe
INSP,2026-09-16,72.75,3.18,True,63.98,0.465,1.43,False,67.3,-0.51,67.8,False,4.37,3.79,31.4,1.0,E 延伸,False,10:53,326.7,升,31.0,5,False,5.0,0.9331,1.0555,,False,False,12.05,2.76,61.52,15.44,3.53,47.3,OHLC,↑,HH/HL,自然回檔,False,262,1,universe
UNCY,2026-09-16,4.78,0.27,False,5.27,-0.014,0.02,True,44.6,1.4,43.2,False,5.69,7.71,2.9,0.3,D 趨勢弱,False,4:03,121.3,跌,17.0,2,False,5.0,-0.0398,-0.028,-0.0398,False,False,-10.2,-1.79,5.3,-10.88,-1.91,3.9,OHLC,↓,LH/LL,DT,False,262,1,universe
TYG,2026-09-16,41.94,0.77,False,43.36,-0.019,0.17,False,93.8,-1.04,94.9,True,1.85,0.99,14.0,-14.7,D 趨勢弱,False,3:22,101.2,跌,6.0,1,False,6.0,-0.0832,0.026,-0.1972,False,False,-3.39,-1.84,44.15,-5.27,-2.86,5.1,OHLC,↓,LH/LL,DT,False,262,1,universe
TXG,2026-09-16,72.68,4.09,True,61.16,1.003,0.89,False,58.1,-1.43,59.5,False,5.63,4.43,73.6,-1.4,E 延伸,False,10:03,301.5,升,17.0,3,False,6.0,0.4255,0.383,,False,False,15.85,2.82,59.98,17.47,3.11,205.8,OHLC,↑,HH/HL,自然回檔,False,262,1,universe
BFLY,2026-09-16,7.26,0.57,False,8.52,-0.049,0.12,False,44.7,-0.83,45.5,False,7.89,5.48,50.0,-6.5,D 趨勢弱,True,8:49,264.6,跌,140.0,17,False,6.0,-0.0975,-0.1039,-0.2632,True,False,-17.3,-2.19,7.52,-3.58,-0.45,31.8,OHLC,—,LH/LL,自然回檔,False,262,1,universe
CSCO,2026-09-16,107.74,2.76,False,113.57,-0.49,-0.33,False,85.1,-0.52,85.6,True,2.57,2.2,58.4,-5.4,C 基底修復,False,10:56,327.9,升,32.0,4,False,7.0,0.0854,0.2039,,False,False,-5.41,-2.11,112.13,-4.07,-1.59,1499.1,OHLC,—,LH/LL,自然回檔,True,262,1,universe
NPKI,2026-09-16,12.91,0.45,False,13.47,-0.019,0.33,False,77.5,-0.15,77.6,True,3.46,2.76,19.6,-1.7,C 基底修復,False,4:40,140.2,跌,28.0,3,False,7.0,-0.0198,-0.0119,-0.2227,False,False,-4.34,-1.26,13.5,-4.57,-1.32,10.0,OHLC,—,LH/LL,DT,True,262,1,universe
EVLV,2026-09-16,5.04,0.2,False,5.4,-0.032,-0.55,False,74.7,-0.45,75.1,False,3.92,2.82,7.2,4.1,D 趨勢弱,True,9:59,299.7,升,17.0,3,False,7.0,0.0149,0.0118,,False,False,-7.03,-1.79,5.07,-0.5,-0.13,9.8,OHLC,—,LH/LL,自然回檔,True,262,1,universe
VRTS,2026-09-16,130.76,5.83,False,160.62,-1.771,-0.67,False,74.3,-2.83,77.1,False,4.46,2.36,15.0,-2.0,D 趨勢弱,True,8:49,264.6,跌,340.0,34,False,7.0,-3.3096,-2.7711,-3.3096,False,False,-22.84,-5.12,169.17,-29.37,-6.59,13.8,OHLC,↓,LH/LL,DT,False,262,1,universe
BJRI,2026-09-16,59.6,2.43,False,64.62,-0.239,-0.73,False,73.5,-0.14,73.7,False,4.08,2.88,57.3,10.2,D 趨勢弱,True,8:49,264.6,跌,400.0,33,False,7.0,-0.2513,-0.2502,-1.0323,False,False,-8.42,-2.06,62.14,-4.26,-1.04,26.7,OHLC,—,LH/LL,DT,True,262,1,universe
CCSI,2026-09-16,36.62,1.8,False,37.23,-0.027,-0.0,False,68.8,-0.74,69.6,False,4.93,2.93,52.2,-11.9,C 基底修復,False,10:05,302.7,升,18.0,2,False,7.0,0.0132,0.0259,,False,True,-1.67,-0.34,37.19,-1.56,-0.32,6.9,OHLC,↑,HH/HL,自然回檔,False,262,1,universe
MPTI,2026-09-16,76.1,3.7,False,82.25,-0.326,-0.11,True,67.9,0.98,66.9,False,4.86,3.18,41.3,2.2,D 趨勢弱,False,11:18,339.2,升,38.0,5,False,7.0,0.2376,0.2447,,False,False,-8.08,-1.66,79.18,-4.05,-0.83,7.0,OHLC,↓,LH/LL,DT,False,262,1,universe
CCC,2026-09-16,6.33,0.32,False,7.04,-0.002,0.38,False,65.7,-1.1,66.8,False,5.11,3.36,30.1,-1.6,D 趨勢弱,True,8:49,264.6,跌,110.0,13,False,7.0,-0.1506,-0.1335,-0.1506,False,False,-11.23,-2.2,7.51,-18.64,-3.65,64.1,OHLC,↓,LH/LL,DT,False,262,1,universe
PLUG,2026-09-16,2.02,0.12,False,2.2,-0.003,0.05,False,62.4,-0.2,62.6,False,5.7,3.43,16.5,-5.4,D 趨勢弱,True,6:42,200.8,跌,62.0,4,False,7.0,-0.0108,-0.0079,-0.0108,False,False,-8.72,-1.53,2.27,-12.38,-2.17,103.3,OHLC,↓,LH/LL,DT,False,262,1,universe
ZUMZ,2026-09-16,13.38,0.85,False,17.07,-0.211,-2.07,False,61.2,-0.09,61.3,False,6.37,3.03,0.0,0.0,D 趨勢弱,True,8:49,264.6,跌,208.0,25,False,7.0,-0.4755,-0.4335,-0.4755,False,False,-27.57,-4.33,18.51,-38.34,-6.02,4.1,OHLC,↓,LH/LL,DT,False,262,1,universe
DBI,2026-09-16,6.04,0.37,False,5.83,-0.007,0.11,False,57.3,-0.7,58.0,False,6.08,4.15,31.8,0.8,D 趨勢弱,False,10:45,322.3,升,29.0,5,False,7.0,0.1152,0.1242,,False,True,3.47,0.57,6.67,-10.43,-1.72,4.3,OHLC,↓,LH/LL,DT,False,262,1,universe
IBTA,2026-09-16,41.58,2.02,True,37.65,0.444,1.05,False,52.1,-0.13,52.2,False,4.87,6.56,69.7,-7.4,E 延伸,False,10:56,327.8,升,32.0,5,False,7.0,0.2409,0.2787,,False,False,9.45,1.94,36.48,12.27,2.52,7.4,OHLC,↑,HH/HL,UT,False,262,1,universe
STX,2026-09-16,783.18,52.07,False,851.72,-2.07,-0.01,True,50.4,1.39,49.0,False,6.65,5.19,50.0,0.0,D 趨勢弱,False,4:39,139.7,跌,28.0,3,False,7.0,-6.3159,-4.7892,-10.1283,False,False,-8.75,-1.32,856.13,-9.31,-1.4,2704.9,OHLC,↓,LH/LL,DT,False,262,1,universe
VIAV,2026-09-16,34.47,2.46,False,38.55,-0.216,0.06,True,48.2,2.13,46.1,False,7.14,5.27,22.4,1.0,D 趨勢弱,False,4:09,124.7,跌,19.0,2,False,7.0,-0.1367,-0.1017,-0.5281,False,False,-11.84,-1.66,39.18,-13.66,-1.91,143.8,OHLC,↓,LH/LL,自然反彈,False,262,1,universe
LEU,2026-09-16,139.01,11.42,False,175.34,-2.16,-0.54,False,46.2,-0.14,46.4,False,8.22,4.72,0.0,0.0,D 趨勢弱,True,8:49,264.6,跌,173.0,13,False,7.0,-4.643,-4.2483,-4.643,False,False,-26.14,-3.18,191.21,-37.55,-4.57,98.5,OHLC,↓,LH/LL,DT,False,262,1,universe
KLRA,2026-09-16,12.7,1.15,False,16.57,-0.228,-0.6,False,46.0,-0.53,46.6,False,9.04,3.95,0.0,0.0,D 趨勢弱,True,8:49,264.6,跌,144.0,13,False,7.0,-0.3133,-0.2758,-0.3154,False,False,-30.45,-3.37,16.41,-29.21,-3.23,10.7,OHLC,↓,LH/LL,DT,False,105,1,universe
ACMR,2026-09-16,64.82,5.17,False,76.87,-0.463,-0.15,True,42.1,1.22,40.9,False,7.97,6.17,47.4,10.1,D 趨勢弱,False,4:42,141.1,跌,28.0,3,False,7.0,-0.7054,-0.6083,-3.4168,False,False,-18.58,-2.33,76.91,-18.65,-2.34,53.1,OHLC,↓,LH/LL,DT,False,262,1,universe
EVMN,2026-09-16,9.37,0.84,False,12.46,-0.102,-0.23,False,33.4,-1.05,34.5,False,8.98,8.2,0.0,0.0,D 趨勢弱,True,8:20,250.0,跌,89.0,12,False,7.0,-0.3266,-0.3013,-0.3266,False,False,-32.97,-3.67,13.08,-39.59,-4.41,6.0,OHLC,↓,LH/LL,DT,False,215,1,universe
ALMS,2026-09-16,7.94,1.6,False,12.39,-0.349,-1.18,False,13.6,-0.17,13.8,False,20.15,11.53,18.1,-1.1,D 趨勢弱,True,8:49,264.6,跌,157.0,44,False,7.0,-0.553,-0.6778,-1.5114,True,False,-56.0,-2.78,11.36,-43.07,-2.14,34.2,OHLC,↓,LH/LL,DT,False,262,1,universe
GTY,2026-09-16,30.08,0.7,False,32.67,-0.136,-0.64,False,90.4,-2.29,92.7,True,2.32,1.32,15.9,-6.4,D 趨勢弱,False,5:05,152.6,跌,35.0,4,False,8.0,-0.1788,-0.0702,-0.3266,False,False,-8.59,-3.7,32.93,-9.47,-4.08,19.7,OHLC,↓,LH/LL,DT,False,262,1,universe
MRTN,2026-09-16,13.68,0.36,False,14.45,-0.12,-0.75,False,87.6,-0.29,87.9,True,2.64,1.61,19.7,-13.2,D 趨勢弱,False,12:42,20.8,升,62.0,8,False,8.0,0.0124,0.0229,,False,False,-5.66,-2.15,14.4,-5.26,-2.0,7.5,OHLC,↓,LH/LL,DT,False,262,1,universe
MS,2026-09-16,202.42,5.5,False,213.52,-0.687,-0.12,False,86.3,-0.6,86.9,True,2.72,1.8,44.5,-14.3,C 基底修復,False,4:20,130.0,跌,22.0,3,False,8.0,-1.2025,-0.8082,-1.932,False,False,-5.48,-2.02,,,,906.6,OHLC,—,HH/HL,DT,False,262,1,universe
GS,2026-09-16,937.98,28.98,False,1024.75,-6.214,-0.26,False,81.8,-1.84,83.7,True,3.09,2.3,18.2,-33.7,D 趨勢弱,False,5:43,171.5,跌,45.0,3,False,8.0,-7.748,-4.2295,-10.7254,False,False,-9.25,-2.99,1038.61,-10.73,-3.47,1809.3,OHLC,↓,LH/LL,DT,False,262,1,universe
MCHPP,2026-09-16,59.91,2.05,False,64.27,-0.02,-0.08,False,75.8,-0.9,76.7,True,3.43,3.11,3.0,-4.7,D 趨勢弱,False,3:42,111.2,跌,12.0,2,False,8.0,-0.1148,-0.0034,-0.6951,False,False,-7.28,-2.12,64.04,-6.89,-2.01,19.2,OHLC,↓,LH/LL,DT,False,262,1,universe
ETN,2026-09-16,397.8,15.14,False,421.53,-1.957,0.12,True,73.9,0.85,73.0,False,3.8,3.09,36.7,1.1,D 趨勢弱,False,4:43,141.4,跌,29.0,3,False,8.0,-1.2851,-1.2169,-5.5385,False,False,-5.96,-1.57,387.0,2.71,0.71,743.1,OHLC,—,HH/HL,DT,False,262,1,universe
WCC,2026-09-16,335.32,12.75,False,351.58,-1.63,0.07,True,73.7,0.21,73.5,False,3.8,3.12,54.9,-2.7,D 趨勢弱,False,3:57,118.5,跌,16.0,2,False,8.0,-1.0705,-0.6848,-3.4186,False,False,-4.85,-1.28,350.66,-4.57,-1.2,170.6,OHLC,↓,LH/LL,DT,False,262,1,universe
MIAX,2026-09-16,38.04,1.83,False,42.66,-0.317,-0.49,False,71.3,-1.08,72.4,False,4.82,2.57,4.9,-1.4,D 趨勢弱,True,8:47,263.3,跌,96.0,13,False,8.0,-0.4171,-0.2456,-0.5305,False,False,-12.15,-2.52,42.99,-13.01,-2.7,52.0,OHLC,↓,LH/LL,DT,False,262,1,universe
ESI,2026-09-16,32.1,1.45,False,35.54,-0.21,-0.44,True,70.8,1.1,69.7,False,4.52,2.97,22.0,-0.4,D 趨勢弱,False,4:29,134.5,跌,25.0,3,False,8.0,-0.2668,-0.242,-0.5998,False,False,-10.71,-2.37,36.21,-12.8,-2.84,168.9,OHLC,↓,LH/LL,DT,False,262,1,universe
MYRG,2026-09-16,275.37,13.08,False,306.7,-1.924,-0.78,True,69.3,1.65,67.6,False,4.75,3.02,26.6,10.9,D 趨勢弱,False,1:16,38.0,升,71.0,8,False,8.0,1.0667,0.9188,,False,False,-11.38,-2.39,291.26,-5.77,-1.21,77.7,OHLC,—,LH/LL,DT,True,262,1,universe
AKAM,2026-09-16,104.48,4.79,False,112.26,-0.567,-0.31,True,69.2,0.4,68.8,False,4.59,3.2,23.7,-0.1,D 趨勢弱,False,12:21,10.5,升,56.0,6,False,8.0,0.1305,0.1825,,False,False,-7.44,-1.62,102.5,1.9,0.41,318.6,OHLC,—,HH/HL,DT,False,262,1,universe
GNRC,2026-09-16,175.11,8.27,False,198.65,-2.178,-0.41,True,68.1,1.0,67.1,False,4.72,3.28,10.0,0.0,D 趨勢弱,False,4:24,132.0,跌,23.0,3,False,8.0,-0.5097,-0.4832,-4.1106,False,False,-13.44,-2.85,190.21,-8.62,-1.83,170.7,OHLC,—,LH/LL,DT,True,262,1,universe
CDRE,2026-09-16,26.42,1.32,False,31.63,-0.174,-0.38,False,67.3,-1.38,68.7,False,4.98,3.18,0.0,0.0,D 趨勢弱,True,8:49,264.6,跌,231.0,17,False,8.0,-0.3799,-0.3137,-0.6753,False,False,-19.71,-3.96,29.88,-13.1,-2.63,8.7,OHLC,↓,LH/LL,DT,False,262,1,universe
ATEC,2026-09-16,10.5,0.5,False,9.66,-0.001,0.24,True,64.0,0.34,63.6,False,4.79,4.03,18.9,-2.2,D 趨勢弱,False,10:34,317.1,升,26.0,4,False,8.0,0.1468,0.1454,,False,False,8.01,1.67,11.03,-5.05,-1.05,22.4,OHLC,—,LH/LL,自然回檔,False,262,1,universe
RIVN,2026-09-16,15.23,0.7,False,15.89,-0.026,-0.06,False,63.5,-0.23,63.7,False,4.58,4.34,23.8,-1.9,D 趨勢弱,False,4:01,120.3,跌,17.0,2,False,8.0,-0.0546,-0.0202,-0.2459,False,True,-4.31,-0.94,16.17,-6.17,-1.35,314.2,OHLC,↓,LH/LL,DT,False,262,1,universe
POWL,2026-09-16,177.71,9.47,False,191.73,-1.683,-0.69,True,61.0,0.89,60.1,False,5.33,4.11,28.1,0.1,D 趨勢弱,False,12:54,27.2,升,65.0,7,False,8.0,1.0157,0.6404,,False,False,-7.89,-1.48,182.49,-2.69,-0.5,96.3,OHLC,—,LH/LL,次級反彈,True,262,1,universe
INOD,2026-09-16,55.41,3.09,False,61.43,-0.543,-0.29,True,59.9,1.26,58.7,False,5.57,4.08,20.6,-4.2,D 趨勢弱,False,10:07,303.4,升,19.0,3,False,8.0,0.2491,0.1242,,False,False,-10.86,-1.95,56.12,-1.28,-0.23,51.6,OHLC,—,LH/LL,自然反彈,True,262,1,universe
MBC,2026-09-16,6.64,0.42,False,8.36,-0.143,-0.95,False,58.9,-2.33,61.2,False,6.36,3.52,0.0,0.0,D 趨勢弱,True,8:49,264.6,跌,113.0,15,False,8.0,-0.1759,-0.1597,-0.1759,False,False,-25.86,-4.07,8.51,-28.16,-4.43,13.5,OHLC,↓,LH/LL,DT,False,262,1,universe
AMAT,2026-09-16,415.38,21.66,False,488.18,-4.033,-0.43,True,57.9,0.02,57.9,False,5.21,4.88,43.6,-0.8,D 趨勢弱,False,4:34,137.0,跌,26.0,3,False,8.0,-2.366,-1.6222,-16.5376,False,False,-17.53,-3.36,472.79,-13.82,-2.65,2524.7,OHLC,↓,LH/LL,DT,False,262,1,universe
MWH,2026-09-16,25.99,1.48,False,27.97,-0.112,-0.22,True,57.7,0.78,56.9,False,5.71,4.42,10.0,0.0,D 趨勢弱,False,10:14,307.2,升,21.0,2,False,8.0,0.0845,0.0113,,False,False,-7.64,-1.34,25.24,2.89,0.51,45.4,OHLC,—,HH/HL,次級反彈,True,149,1,universe
ENTG,2026-09-16,130.2,7.15,False,142.51,-0.272,0.55,True,55.5,0.68,54.9,False,5.49,5.13,36.9,-1.2,D 趨勢弱,False,4:29,134.5,跌,25.0,3,False,8.0,-0.8918,-0.8208,-3.1372,False,False,-9.46,-1.72,143.03,-9.85,-1.79,257.1,OHLC,↓,LH/LL,自然回檔,False,262,1,universe
LRCX,2026-09-16,269.23,15.66,False,307.11,-1.51,-0.04,True,54.7,0.54,54.2,False,5.82,4.99,43.8,-0.9,D 趨勢弱,False,5:28,163.8,跌,41.0,4,False,8.0,-3.5891,-2.9638,-8.7021,False,False,-14.07,-2.42,318.58,-18.33,-3.15,2094.4,OHLC,↓,LH/LL,DT,False,262,1,universe
PWP,2026-09-16,12.75,0.89,False,16.14,-0.257,-0.79,False,53.7,-1.95,55.7,False,7.0,4.03,0.0,0.0,D 趨勢弱,True,8:49,264.6,跌,267.0,21,False,8.0,-0.4169,-0.3432,-0.4169,False,False,-26.57,-3.79,16.63,-30.43,-4.34,13.7,OHLC,↓,LH/LL,DT,False,262,1,universe
ACLS,2026-09-16,103.75,6.36,False,124.46,-1.382,-0.5,True,53.3,0.12,53.1,False,6.13,5.02,26.3,-0.9,D 趨勢弱,False,4:24,131.9,跌,23.0,3,False,8.0,-0.6111,-0.4939,-2.3378,False,False,-19.96,-3.26,119.17,-14.86,-2.42,33.9,OHLC,↓,LH/LL,DT,False,262,1,universe
LGN,2026-09-16,53.84,3.44,False,60.06,-0.472,-0.24,True,52.6,0.83,51.8,False,6.38,4.91,23.1,0.4,D 趨勢弱,False,12:39,19.6,升,61.0,7,False,8.0,0.3897,0.3438,,False,False,-11.56,-1.81,56.65,-5.22,-0.82,46.5,OHLC,—,LH/LL,自然反彈,True,254,1,universe
RGTI,2026-09-16,14.79,0.94,False,16.6,-0.074,0.08,False,52.3,-0.47,52.8,False,6.38,5.0,10.0,0.0,D 趨勢弱,True,8:49,264.6,跌,186.0,17,False,8.0,-0.0576,-0.052,-0.276,False,False,-12.26,-1.92,15.81,-6.9,-1.08,245.3,OHLC,↓,LH/LL,DT,False,262,1,universe
AMPX,2026-09-16,9.1,0.59,False,10.76,-0.054,0.02,True,51.4,0.04,51.3,False,6.43,5.17,10.9,-0.4,D 趨勢弱,False,4:42,140.9,跌,28.0,4,False,8.0,-0.0385,-0.035,-0.0885,False,False,-18.3,-2.84,9.71,-6.7,-1.04,39.1,OHLC,↓,LH/LL,DT,False,262,1,universe
GLW,2026-09-16,144.16,8.94,False,155.61,-0.465,0.45,True,49.7,1.16,48.6,False,6.2,5.81,30.7,-1.2,D 趨勢弱,False,3:33,106.4,跌,9.0,1,False,8.0,-0.4086,0.1555,-5.7692,False,False,-7.95,-1.28,166.4,-15.43,-2.49,1280.4,OHLC,↓,LH/LL,DT,False,262,1,universe
PDFS,2026-09-16,41.97,2.88,False,46.18,-0.26,-0.13,True,49.0,1.12,47.9,False,6.85,5.34,35.3,10.2,D 趨勢弱,False,3:37,108.5,跌,10.0,1,False,8.0,-0.0759,0.054,-1.2942,False,False,-10.02,-1.46,46.15,-9.96,-1.45,26.8,OHLC,↓,LH/LL,DT,False,262,1,universe
IMSR,2026-09-16,4.25,0.35,False,5.28,-0.043,-0.13,True,43.5,0.91,42.6,False,8.35,5.38,10.0,0.0,D 趨勢弱,False,5:26,163.0,跌,41.0,4,False,8.0,-0.1002,-0.0843,-0.1002,False,False,-24.23,-2.9,5.67,-33.41,-4.0,5.1,OHLC,↓,LH/LL,DT,False,262,1,universe
CRWV,2026-09-16,83.35,6.11,False,94.24,-0.105,0.48,True,43.1,1.34,41.7,False,7.33,6.51,15.3,0.3,D 趨勢弱,False,4:57,148.4,跌,32.0,3,False,8.0,-0.7332,-0.6492,-1.4841,False,False,-13.06,-1.78,90.67,-8.78,-1.2,1729.2,OHLC,↓,LH/LL,自然反彈,False,262,1,universe
FORM,2026-09-16,104.82,7.41,False,112.53,-0.523,0.26,True,42.6,1.49,41.1,False,7.07,6.9,42.1,9.6,D 趨勢弱,False,11:54,356.9,升,48.0,6,False,8.0,0.2108,0.2578,,False,False,-7.35,-1.04,112.47,-7.3,-1.03,109.6,OHLC,—,HH/HL,自然反彈,False,262,1,universe
APPS,2026-09-16,10.84,0.79,True,12.16,0.165,0.59,False,41.4,-1.01,42.4,False,7.3,7.03,63.8,-5.2,D 趨勢弱,False,10:36,318.0,升,27.0,4,False,8.0,0.0009,0.0476,,False,False,-12.19,-1.67,11.3,-4.24,-0.58,27.5,OHLC,—,LH/LL,自然回檔,False,262,1,universe
VISN,2026-09-16,6.51,0.48,False,9.11,-0.144,-1.26,False,35.2,-0.08,35.3,False,7.42,9.06,10.0,0.0,D 趨勢弱,True,9:35,287.3,升,10.0,1,False,8.0,0.008,-0.0401,,False,False,-39.92,-5.38,6.58,-1.08,-0.14,61.1,OHLC,—,LH/LL,自然回檔,True,262,1,universe
SWMR,2026-09-16,25.11,4.4,False,33.07,-0.974,-1.26,True,19.0,1.82,17.2,False,17.51,8.15,0.0,0.0,D 趨勢弱,False,3:47,113.5,跌,13.0,2,False,8.0,-0.9048,-0.6528,-1.143,False,False,-31.7,-1.81,33.1,-31.82,-1.82,18.9,OHLC,↓,LH/LL,自然反彈,False,127,1,universe
BIT,2026-09-16,11.54,0.09,False,11.97,-0.024,-1.22,False,98.6,-0.07,98.6,True,0.81,0.46,16.5,1.4,D 趨勢弱,False,5:28,164.2,跌,41.0,5,False,9.0,-0.0309,-0.0293,-0.0334,False,False,-3.72,-4.57,,,,4.5,OHLC,—,HH/HL,DT,False,262,1,universe
FHB,2026-09-16,25.61,0.48,False,26.42,-0.106,-0.92,False,92.7,-0.33,93.0,True,1.89,1.23,30.2,-1.2,D 趨勢弱,False,12:39,19.6,升,61.0,8,False,9.0,0.0745,0.0803,,False,False,-3.16,-1.67,26.05,-1.72,-0.91,47.3,OHLC,—,LH/LL,自然反彈,True,262,1,universe
TCBI,2026-09-16,95.33,1.84,False,98.48,-0.241,-0.2,False,92.3,-0.75,93.1,True,1.93,1.28,24.4,-4.3,C 基底修復,False,3:29,104.4,跌,8.0,1,False,9.0,-0.0199,0.1689,-0.7546,False,False,-3.3,-1.71,99.89,-4.78,-2.48,44.0,OHLC,—,LH/LL,自然回檔,False,262,1,universe
FHN,2026-09-16,23.93,0.48,False,24.98,-0.081,-0.59,False,92.2,-1.01,93.2,True,1.99,1.24,34.3,-13.2,C 基底修復,False,3:27,103.6,跌,8.0,1,False,9.0,-0.0249,0.0062,-0.1754,False,False,-4.37,-2.2,24.96,-4.3,-2.17,106.6,OHLC,↓,LH/LL,DT,False,262,1,universe
WTFC,2026-09-16,148.24,3.09,False,155.67,-0.72,-0.58,False,92.1,-1.13,93.2,True,2.08,1.19,33.9,-13.0,C 基底修復,False,3:34,107.1,跌,10.0,1,False,9.0,-0.0228,0.1625,-1.1985,False,False,-5.01,-2.4,153.36,-3.45,-1.66,63.4,OHLC,↓,LH/LL,DT,False,262,1,universe
MTB,2026-09-16,226.01,4.85,False,241.66,-1.267,-0.63,False,91.3,-1.85,93.2,True,2.15,1.29,31.8,-12.0,D 趨勢弱,False,3:58,118.8,跌,16.0,2,False,9.0,-0.7143,-0.0561,-2.0155,False,False,-6.93,-3.23,240.06,-6.22,-2.9,241.5,OHLC,↓,LH/LL,DT,False,262,1,universe
VLY,2026-09-16,13.54,0.3,False,14.18,-0.078,-0.5,False,91.2,-0.92,92.2,True,2.19,1.27,49.6,-2.8,C 基底修復,False,3:24,101.8,跌,7.0,1,False,9.0,-0.0078,0.0048,-0.1228,False,False,-4.7,-2.14,14.03,-3.62,-1.65,84.7,OHLC,↓,LH/LL,自然回檔,False,262,1,universe
OCFC,2026-09-16,18.25,0.39,False,19.11,-0.059,-0.44,False,90.9,-0.77,91.7,True,2.13,1.4,32.3,-2.6,D 趨勢弱,False,5:36,167.9,跌,43.0,6,False,9.0,-0.0541,-0.0311,-0.1074,False,False,-4.73,-2.22,19.43,-6.47,-3.03,17.3,OHLC,↓,LH/LL,DT,False,262,1,universe
FITB,2026-09-16,52.41,1.14,False,55.54,-0.227,-0.48,False,90.8,-1.89,92.7,True,2.18,1.39,44.2,-12.0,C 基底修復,False,3:27,103.3,跌,7.0,1,False,9.0,-0.0644,0.0607,-0.4179,False,False,-5.98,-2.74,55.21,-5.34,-2.45,261.0,OHLC,—,LH/LL,自然回檔,False,262,1,universe
SIGI,2026-09-16,88.53,1.95,False,92.1,-0.389,-0.73,False,90.6,-0.47,91.1,True,2.2,1.4,48.8,1.0,C 基底修復,False,5:06,152.9,跌,35.0,6,False,9.0,-0.2187,-0.1676,-0.6663,False,False,-4.03,-1.83,93.2,-5.28,-2.39,30.2,OHLC,↓,LH/LL,DT,False,262,1,universe
KEY,2026-09-16,20.72,0.47,False,22.06,-0.12,-0.57,False,90.5,-2.1,92.6,True,2.26,1.35,19.4,-17.2,D 趨勢弱,False,3:25,102.7,跌,7.0,1,False,9.0,-0.0446,0.0204,-0.1692,False,False,-6.46,-2.85,21.77,-5.07,-2.24,259.3,OHLC,↓,LH/LL,DT,False,262,1,universe
TCBK,2026-09-16,53.43,0.96,False,55.21,-0.197,-0.91,False,90.4,-0.43,90.8,True,1.79,1.86,49.8,-0.8,C 基底修復,False,10:51,325.4,升,31.0,3,False,9.0,0.04,0.0385,,False,False,-3.32,-1.85,54.68,-2.34,-1.3,12.3,OHLC,—,LH/LL,自然反彈,True,262,1,universe
FLG,2026-09-16,12.58,0.29,False,13.56,-0.079,-0.88,False,90.1,-0.56,90.6,True,2.29,1.43,14.3,-1.8,D 趨勢弱,False,4:20,130.0,跌,22.0,3,False,9.0,-0.0455,-0.0217,-0.152,False,False,-7.78,-3.4,13.52,-7.47,-3.27,52.1,OHLC,↓,LH/LL,DT,False,262,1,universe
HST,2026-09-16,21.76,0.45,False,22.74,-0.108,-1.13,False,90.1,-0.8,90.8,True,2.09,1.64,52.0,-2.9,C 基底修復,False,11:33,346.6,升,43.0,5,False,9.0,0.0359,0.0578,,False,False,-4.52,-2.16,22.54,-3.58,-1.71,173.0,OHLC,—,LH/LL,自然回檔,False,262,1,universe
ZION,2026-09-16,65.47,1.6,False,69.01,-0.328,-0.33,False,89.2,-1.89,91.1,True,2.44,1.47,50.8,-6.1,C 基底修復,False,3:28,103.8,跌,8.0,1,False,9.0,-0.1061,0.0852,-0.5233,False,False,-5.41,-2.22,69.68,-6.43,-2.64,91.0,OHLC,—,LH/LL,自然回檔,False,262,1,universe
ALLY,2026-09-16,40.31,1.08,False,42.75,-0.207,-0.49,False,87.9,-1.1,89.0,True,2.69,1.5,20.2,-3.3,D 趨勢弱,False,4:23,131.7,跌,23.0,4,False,9.0,-0.1328,-0.0429,-0.367,False,False,-6.05,-2.25,43.73,-8.48,-3.16,132.9,OHLC,↓,LH/LL,DT,False,262,1,universe
CARE,2026-09-16,30.58,0.84,False,32.02,-0.206,-0.84,False,86.4,-0.85,87.3,True,2.75,1.74,62.3,-1.2,C 基底修復,False,3:33,106.6,跌,9.0,1,False,9.0,-0.0225,0.0165,-0.4203,False,False,-4.7,-1.71,31.95,-4.48,-1.63,7.7,OHLC,↓,LH/LL,DT,False,262,1,universe
ROK,2026-09-16,414.92,10.87,False,433.66,-1.537,-0.9,False,86.1,-0.32,86.4,True,2.62,1.93,33.8,0.5,C 基底修復,False,3:29,104.4,跌,8.0,1,False,9.0,-0.2201,0.0461,-3.6995,False,False,-4.52,-1.73,433.81,-4.55,-1.74,285.7,OHLC,↓,LH/LL,DT,False,262,1,universe
BANC,2026-09-16,18.28,0.45,False,18.87,-0.07,-0.33,False,85.3,-1.01,86.3,True,2.45,2.27,30.7,-2.7,D 趨勢弱,False,2:49,84.6,升,101.0,9,False,9.0,0.0221,0.0352,,False,False,-3.22,-1.31,18.19,0.49,0.2,41.9,OHLC,—,HH/HL,DT,False,262,1,universe
DAL,2026-09-16,77.87,2.32,False,82.93,-0.576,-0.86,False,84.4,-0.69,85.1,True,2.98,1.91,36.1,-11.8,D 趨勢弱,False,10:27,313.6,升,24.0,3,False,9.0,0.0978,0.1284,,False,False,-6.5,-2.18,80.17,-2.95,-0.99,416.4,OHLC,—,LH/LL,自然回檔,True,262,1,universe
NEWT,2026-09-16,11.89,0.35,False,12.66,-0.104,-0.98,False,82.8,-0.59,83.4,True,2.98,2.22,23.5,-1.7,C 基底修復,False,1:42,50.9,升,78.0,9,False,9.0,0.0603,0.0772,,False,False,-6.44,-2.16,12.44,-4.63,-1.55,3.1,OHLC,↓,LH/LL,DT,False,262,1,universe
LUV,2026-09-16,39.15,1.25,False,41.37,-0.433,-1.18,False,82.2,-0.61,82.8,True,3.19,2.14,17.8,1.6,C 基底修復,False,12:04,1.9,升,51.0,6,False,9.0,0.2704,0.2541,,False,False,-5.66,-1.78,39.62,-1.2,-0.38,188.4,OHLC,—,LH/LL,次級反彈,True,262,1,universe
ABG,2026-09-16,195.21,6.19,False,211.32,-1.142,-1.14,False,81.5,-2.18,83.6,True,3.17,2.29,25.0,-6.9,D 趨勢弱,False,4:01,120.3,跌,17.0,4,False,9.0,-1.3196,-0.5548,-3.3812,False,False,-8.25,-2.6,223.5,-14.49,-4.57,37.4,OHLC,↓,LH/LL,DT,False,262,1,universe
CMI,2026-09-16,527.5,17.56,False,582.28,-5.513,-1.05,False,81.3,-0.84,82.1,True,3.33,2.17,7.7,-5.6,D 趨勢弱,False,3:24,102.0,跌,7.0,1,False,9.0,-0.3544,0.2594,-5.9109,False,False,-10.38,-3.12,561.55,-6.45,-1.94,563.1,OHLC,↓,LH/LL,DT,False,262,1,universe
CARR,2026-09-16,54.26,1.87,False,59.71,-0.46,-0.72,False,80.7,-1.21,81.9,True,3.45,2.16,6.7,-1.7,D 趨勢弱,False,3:35,107.6,跌,10.0,2,False,9.0,-0.1381,-0.0126,-0.9256,False,False,-10.05,-2.91,59.71,-10.04,-2.91,321.6,OHLC,↓,LH/LL,DT,False,262,1,universe
KNX,2026-09-16,65.78,2.5,False,69.17,-0.489,-0.29,False,78.8,-1.6,80.4,True,3.8,2.16,39.2,-17.5,C 基底修復,False,3:29,104.3,跌,8.0,1,False,9.0,-0.1077,0.0697,-0.7249,False,False,-5.15,-1.36,71.99,-9.44,-2.48,226.9,OHLC,↓,LH/LL,DT,False,262,1,universe
UAL,2026-09-16,106.3,3.9,False,114.72,-1.02,-0.93,False,77.9,-0.61,78.5,True,3.66,2.47,11.8,0.6,D 趨勢弱,False,10:26,313.2,升,24.0,3,False,9.0,0.0441,0.0503,,False,False,-7.92,-2.16,109.82,-3.31,-0.9,372.2,OHLC,—,LH/LL,DT,True,262,1,universe
AAL,2026-09-16,12.7,0.47,False,13.82,-0.169,-1.11,False,75.8,-0.93,76.7,True,3.7,2.84,21.5,1.1,D 趨勢弱,False,10:19,309.4,升,22.0,3,False,9.0,0.0185,0.0196,,False,False,-8.79,-2.38,13.95,-9.84,-2.66,887.3,OHLC,—,LH/LL,DT,True,262,1,universe
JEF,2026-09-16,47.35,1.91,False,53.31,-0.409,-0.57,False,75.2,-1.69,76.9,True,4.04,2.61,16.7,-3.5,D 趨勢弱,False,3:57,118.7,跌,16.0,3,False,9.0,-0.576,-0.367,-0.576,False,False,-12.59,-3.12,,,,83.9,OHLC,—,HH/HL,DT,False,262,1,universe
JBI,2026-09-16,4.36,0.2,False,4.96,-0.04,-0.64,False,73.2,-0.86,74.1,False,4.59,2.43,0.3,-1.8,D 趨勢弱,True,6:44,202.2,跌,62.0,6,False,9.0,-0.0483,-0.0424,-0.0483,False,False,-13.65,-2.97,5.09,-16.74,-3.64,8.3,OHLC,↓,LH/LL,DT,False,262,1,universe
ROG,2026-09-16,128.5,5.05,False,131.0,-0.11,0.42,False,73.0,-1.55,74.6,False,3.93,3.12,45.4,-5.3,D 趨勢弱,False,12:08,4.2,升,52.0,7,False,9.0,0.6935,0.9954,,False,True,-1.94,-0.49,128.41,0.07,0.02,23.9,OHLC,↑,HH/HL,自然回檔,False,262,1,universe
VFC,2026-09-16,12.73,0.49,False,13.89,-0.108,-1.13,True,72.7,0.08,72.6,False,3.81,3.3,2.9,2.4,D 趨勢弱,False,11:47,353.5,升,46.0,4,False,9.0,0.0221,0.0207,,False,False,-9.08,-2.38,13.17,-3.46,-0.91,78.9,OHLC,—,LH/LL,自然回檔,True,262,1,universe
CGNX,2026-09-16,60.1,2.47,False,63.02,-0.44,-0.23,True,71.1,0.82,70.2,False,4.11,3.32,47.6,1.3,C 基底修復,False,3:32,106.2,跌,9.0,1,False,9.0,-0.0195,0.0209,-0.7098,False,False,-4.86,-1.18,58.58,2.53,0.62,90.4,OHLC,—,HH/HL,DT,False,262,1,universe
ELVN,2026-09-16,49.12,2.39,False,57.99,-0.921,-0.34,False,71.0,-5.79,76.8,False,4.87,2.57,43.2,-9.9,D 趨勢弱,True,8:49,264.6,跌,192.0,24,False,9.0,-1.1904,-0.9172,-1.1904,False,False,-18.06,-3.71,59.65,-21.44,-4.4,49.7,OHLC,↓,LH/LL,DT,False,262,1,universe
NRG,2026-09-16,107.38,4.77,False,115.63,-1.3,-0.82,True,67.8,1.11,66.7,False,4.44,3.62,2.8,2.8,D 趨勢弱,False,3:30,104.8,跌,8.0,1,False,9.0,-0.091,0.0234,-1.8245,False,False,-7.68,-1.73,116.14,-8.16,-1.84,290.3,OHLC,↓,LH/LL,DT,False,262,1,universe
MBUU,2026-09-16,23.33,1.21,False,27.4,-0.178,-0.65,False,67.6,-1.17,68.8,False,5.19,2.9,0.0,0.0,D 趨勢弱,True,8:49,264.6,跌,200.0,17,False,9.0,-0.4154,-0.38,-0.4154,False,False,-17.43,-3.35,27.88,-19.5,-3.75,6.5,OHLC,↓,LH/LL,DT,False,262,1,universe
MCFT,2026-09-16,19.15,1.14,False,22.97,-0.289,-1.27,False,65.7,-0.17,65.9,False,5.95,2.51,5.0,0.0,D 趨勢弱,True,8:49,264.6,跌,162.0,15,False,9.0,-0.5024,-0.493,-0.5024,False,False,-19.97,-3.36,20.07,-4.8,-0.81,5.0,OHLC,↓,LH/LL,DT,False,262,1,universe
Q,2026-09-16,114.86,5.89,False,127.29,-1.2,-0.43,True,65.6,0.76,64.8,False,5.13,3.37,20.2,-0.2,D 趨勢弱,False,3:53,116.3,跌,15.0,2,False,9.0,-0.1902,-0.0074,-1.5029,False,False,-10.82,-2.11,126.4,-10.05,-1.96,203.8,OHLC,↓,LH/LL,DT,False,223,1,universe
ADEA,2026-09-16,24.97,1.16,False,26.96,-0.334,-0.15,True,65.0,0.68,64.3,False,4.66,3.95,37.4,-0.2,D 趨勢弱,False,3:49,114.5,跌,14.0,2,False,9.0,-0.0607,-0.0388,-0.337,False,False,-7.97,-1.71,27.13,-8.65,-1.86,20.6,OHLC,↓,LH/LL,DT,False,262,1,universe
TREE,2026-09-16,26.58,1.33,False,30.03,-0.245,-0.74,True,63.6,0.64,63.0,False,5.01,3.88,10.0,0.0,D 趨勢弱,False,11:15,337.5,升,38.0,9,False,9.0,0.1858,0.1895,,False,False,-12.97,-2.59,27.76,-4.44,-0.89,11.0,OHLC,—,LH/LL,DT,True,262,1,universe
AMSC,2026-09-16,27.81,1.44,False,30.13,-0.204,-0.17,True,62.7,0.94,61.8,False,5.16,3.91,11.6,-0.2,D 趨勢弱,False,11:51,355.3,升,47.0,9,False,9.0,0.0095,0.0237,,False,False,-8.33,-1.61,29.53,-6.18,-1.2,18.5,OHLC,↓,LH/LL,DT,False,262,1,universe
DCH,2026-09-16,6.0,0.32,True,6.5,0.003,0.33,False,62.5,-0.14,62.6,False,5.26,3.87,14.9,-13.6,D 趨勢弱,False,5:42,170.9,跌,45.0,5,False,9.0,-0.0885,-0.069,-0.0885,False,False,-8.35,-1.59,6.88,-14.67,-2.79,14.5,OHLC,↓,LH/LL,DT,False,262,1,universe
MRCY,2026-09-16,87.25,4.5,False,94.54,-0.81,-0.56,True,61.6,1.0,60.6,False,5.16,4.15,13.4,-0.2,D 趨勢弱,False,10:04,302.0,升,18.0,2,False,9.0,0.6269,0.2005,,False,False,-8.36,-1.62,,,,71.6,OHLC,—,LH/LL,UT,True,262,1,universe
AUR,2026-09-16,6.36,0.35,False,6.3,-0.019,-0.0,False,60.8,-1.13,61.9,False,5.49,3.99,47.5,-2.0,C 基底修復,False,12:58,28.8,升,66.0,8,False,9.0,0.0601,0.0711,,False,True,0.97,0.18,5.83,8.33,1.52,193.0,OHLC,—,LH/LL,自然反彈,False,262,1,universe
LSCC,2026-09-16,106.32,5.82,False,120.82,-1.537,-0.53,True,60.3,0.69,59.6,False,5.48,4.1,29.6,-0.6,D 趨勢弱,False,4:02,121.0,跌,17.0,2,False,9.0,-0.5173,-0.3385,-1.7457,False,False,-13.64,-2.49,117.49,-10.51,-1.92,141.0,OHLC,↓,LH/LL,DT,False,262,1,universe
CAL,2026-09-16,12.02,0.72,False,12.97,-0.077,-0.32,False,59.7,-0.01,59.7,False,5.96,3.74,23.9,-1.8,C 基底修復,True,8:49,264.6,跌,164.0,22,False,9.0,-0.0168,-0.0089,-0.226,False,False,-7.93,-1.33,12.43,-3.41,-0.57,7.1,OHLC,↓,LH/LL,自然回檔,False,262,1,universe
BNED,2026-09-16,10.47,0.57,False,11.87,-0.072,-0.5,True,59.3,0.19,59.1,False,5.48,4.31,29.0,-4.0,D 趨勢弱,False,5:51,175.5,跌,48.0,6,False,9.0,-0.1682,-0.1513,-0.1682,False,False,-13.41,-2.45,11.23,-7.26,-1.33,3.3,OHLC,↓,LH/LL,DT,False,262,1,universe
KLAC,2026-09-16,167.36,8.7,False,186.74,-0.742,-0.12,True,58.8,0.67,58.2,False,5.2,4.69,29.5,-1.3,D 趨勢弱,False,4:05,122.4,跌,18.0,2,False,9.0,-0.2936,-0.0226,-5.6316,False,False,-11.58,-2.23,186.78,-11.6,-2.23,1486.3,OHLC,↓,LH/LL,DT,False,262,1,universe
DIOD,2026-09-16,89.43,5.13,True,95.3,0.085,0.25,False,55.6,-0.2,55.8,False,5.74,4.87,43.3,-3.4,D 趨勢弱,False,10:50,324.9,升,30.0,4,False,9.0,0.0195,0.111,,False,False,-6.56,-1.14,87.1,2.61,0.45,49.0,OHLC,—,HH/HL,DT,True,262,1,universe
LTBR,2026-09-16,6.47,0.42,False,8.01,-0.093,-0.66,False,55.6,-0.13,55.8,False,6.48,4.12,10.0,0.0,D 趨勢弱,True,8:49,264.6,跌,204.0,21,False,9.0,-0.1098,-0.0981,-0.1098,False,False,-23.8,-3.67,7.89,-21.95,-3.39,3.9,OHLC,↓,LH/LL,DT,False,262,1,universe
MKSI,2026-09-16,235.28,14.23,False,277.13,-4.124,-0.62,True,54.1,1.25,52.8,False,6.05,4.9,30.6,9.7,D 趨勢弱,False,4:09,124.7,跌,19.0,2,False,9.0,-0.7067,-0.2901,-9.8691,False,False,-17.79,-2.94,268.05,-13.93,-2.3,305.7,OHLC,↓,LH/LL,DT,False,262,1,universe
VSAT,2026-09-16,70.95,4.27,False,76.23,-0.807,-0.28,True,52.8,0.97,51.8,False,6.01,5.24,52.8,0.7,D 趨勢弱,False,3:51,115.3,跌,14.0,1,False,9.0,-0.0103,0.0539,-1.6121,False,False,-7.45,-1.24,71.48,-0.75,-0.12,112.5,OHLC,↓,LH/LL,DT,False,262,1,universe
VRT,2026-09-16,239.41,15.48,False,264.23,-1.174,0.27,True,52.6,1.64,51.0,False,6.47,4.83,17.3,-0.1,D 趨勢弱,False,4:33,136.5,跌,26.0,3,False,9.0,-2.421,-2.2598,-7.8139,False,False,-10.37,-1.6,257.06,-7.37,-1.14,1261.1,OHLC,↓,LH/LL,自然反彈,False,262,1,universe
EQPT,2026-09-16,17.58,1.1,False,19.0,-0.117,-0.18,True,52.4,0.43,52.0,False,6.26,5.09,10.0,-0.7,D 趨勢弱,False,4:55,147.6,跌,32.0,4,False,9.0,-0.0514,-0.038,-0.3026,False,False,-8.08,-1.29,18.02,-2.5,-0.4,39.2,OHLC,↓,LH/LL,DT,False,163,1,universe
AEIS,2026-09-16,252.22,16.25,False,293.7,-5.868,-0.3,True,51.9,1.13,50.8,False,6.44,5.02,21.1,0.2,D 趨勢弱,False,4:37,138.5,跌,27.0,3,False,9.0,-2.1042,-1.6783,-5.2808,False,False,-16.45,-2.55,287.09,-13.83,-2.15,129.4,OHLC,↓,LH/LL,DT,False,262,1,universe
VECO,2026-09-16,41.04,2.62,False,48.09,-0.371,-0.35,True,51.8,0.68,51.1,False,6.4,5.09,32.4,0.2,D 趨勢弱,False,4:14,126.9,跌,21.0,2,False,9.0,-0.0761,-0.0485,-1.0959,False,False,-17.18,-2.69,45.59,-11.09,-1.73,21.5,OHLC,↓,LH/LL,DT,False,262,1,universe
NB,2026-09-16,3.5,0.24,False,4.57,-0.09,-0.53,False,51.5,-0.34,51.8,False,6.85,4.73,10.0,0.0,D 趨勢弱,True,8:49,264.6,跌,188.0,20,False,9.0,-0.0614,-0.059,-0.0777,False,False,-30.69,-4.48,4.14,-18.29,-2.67,9.5,OHLC,↓,LH/LL,DT,False,262,1,universe
AGX,2026-09-16,393.72,27.53,False,468.11,-5.978,-1.06,True,51.0,1.86,49.1,False,6.99,4.71,16.5,-0.4,D 趨勢弱,False,11:34,346.8,升,43.0,4,False,9.0,1.536,0.6889,,False,False,-18.89,-2.7,413.74,-5.08,-0.73,156.3,OHLC,—,LH/LL,DT,True,262,1,universe
ALMU,2026-09-16,13.43,0.92,False,14.76,-0.388,-0.85,True,50.0,1.03,48.9,False,6.81,5.14,0.0,-10.0,D 趨勢弱,False,11:25,342.4,升,40.0,5,False,9.0,0.1283,0.0846,,False,False,-9.94,-1.46,13.41,0.15,0.02,6.7,OHLC,—,LH/LL,自然反彈,True,262,1,universe
TER,2026-09-16,341.15,22.13,False,373.09,-2.398,-0.0,True,49.0,1.4,47.6,False,6.49,5.71,42.8,0.5,D 趨勢弱,False,4:52,146.1,跌,31.0,3,False,9.0,-2.2871,-2.12,-6.1247,False,False,-9.36,-1.44,372.06,-9.06,-1.4,822.4,OHLC,↓,LH/LL,自然反彈,False,262,1,universe
CORZ,2026-09-16,16.88,1.19,False,18.47,-0.255,-0.72,True,47.9,0.9,47.0,False,7.06,5.43,15.9,0.8,D 趨勢弱,False,2:49,84.6,升,129.0,9,False,9.0,0.0963,0.0983,,False,False,-9.43,-1.34,17.94,-6.28,-0.89,185.7,OHLC,↓,LH/LL,自然反彈,False,262,1,universe
SRZN,2026-09-16,16.93,1.51,False,22.62,-0.07,0.03,False,46.6,-0.98,47.5,False,8.91,3.94,19.5,-0.8,D 趨勢弱,True,8:27,253.3,跌,91.0,13,False,9.0,-0.6117,-0.5821,-0.6117,False,False,-33.59,-3.77,23.18,-36.92,-4.15,3.1,OHLC,↓,LH/LL,DT,False,262,1,universe
APLD,2026-09-16,24.39,1.82,False,27.69,-0.287,-0.19,True,46.3,1.42,44.8,False,7.45,5.48,12.6,0.1,D 趨勢弱,False,4:01,120.3,跌,17.0,2,False,9.0,-0.0986,-0.0916,-0.3077,False,False,-13.53,-1.82,26.42,-8.32,-1.12,364.1,OHLC,↓,LH/LL,自然反彈,False,262,1,universe
AIP,2026-09-16,20.87,1.52,False,24.55,-0.431,-0.85,True,46.1,1.52,44.6,False,7.29,5.68,27.0,0.2,D 趨勢弱,False,12:47,23.3,升,63.0,7,False,9.0,0.2201,0.2232,,False,False,-17.62,-2.42,22.72,-8.86,-1.22,14.2,OHLC,—,LH/LL,自然反彈,True,262,1,universe
ASTS,2026-09-16,59.27,4.15,False,65.26,-0.421,0.05,True,46.1,1.23,44.9,False,7.0,5.96,19.5,-0.7,D 趨勢弱,False,4:05,122.4,跌,18.0,2,False,9.0,-0.0542,-0.0504,-1.2243,False,False,-10.1,-1.44,61.44,-3.66,-0.52,542.4,OHLC,—,LH/LL,DT,True,262,1,universe
AMKR,2026-09-16,46.28,3.13,False,50.98,-0.316,0.07,True,45.7,0.43,45.3,False,6.76,6.33,23.0,-1.0,D 趨勢弱,False,2:49,84.6,升,112.0,8,False,9.0,0.2727,0.3961,,False,False,-10.17,-1.5,51.35,-10.96,-1.62,207.2,OHLC,—,LH/LL,DT,True,262,1,universe
SITM,2026-09-16,548.9,42.18,False,629.29,-1.466,0.23,True,43.4,0.7,42.7,False,7.68,6.06,39.7,-10.3,D 趨勢弱,False,3:47,113.4,跌,13.0,2,False,9.0,-3.5646,-2.1759,-11.2486,False,False,-14.65,-1.91,599.89,-9.29,-1.21,199.4,OHLC,↓,LH/LL,DT,False,262,1,universe
PENG,2026-09-16,48.24,3.47,False,53.5,-0.283,0.02,True,42.5,0.83,41.7,False,7.19,6.81,48.5,0.2,D 趨勢弱,False,12:18,8.8,升,55.0,7,False,9.0,0.0394,0.0037,,False,False,-10.9,-1.52,51.76,-7.3,-1.01,66.4,OHLC,—,LH/LL,次級反彈,True,262,1,universe
VICR,2026-09-16,183.91,14.9,False,206.22,-1.21,-0.18,True,41.7,1.28,40.4,False,8.1,6.15,30.0,0.0,D 趨勢弱,False,12:49,24.5,升,64.0,7,False,9.0,1.3767,1.3502,,False,False,-12.13,-1.5,193.32,-5.12,-0.63,129.9,OHLC,—,LH/LL,DT,True,262,1,universe
ICHR,2026-09-16,51.42,4.07,False,60.58,-1.55,-1.13,True,40.8,0.89,39.9,False,7.92,6.62,31.6,-2.4,D 趨勢弱,False,12:30,15.0,升,58.0,8,False,9.0,0.4002,0.4809,,False,False,-17.82,-2.25,58.17,-13.13,-1.66,32.3,OHLC,—,LH/LL,DT,True,262,1,universe
UCTT,2026-09-16,66.53,5.38,False,77.41,-1.393,-0.45,True,38.6,1.26,37.4,False,8.09,7.16,32.7,-0.9,D 趨勢弱,False,2:01,60.4,升,84.0,7,False,9.0,0.2795,0.3778,,False,False,-16.36,-2.02,74.75,-12.36,-1.53,55.3,OHLC,↓,LH/LL,DT,False,262,1,universe
FRMI,2026-09-16,4.77,0.44,False,5.89,-0.037,-0.33,True,35.6,0.77,34.8,False,9.25,7.09,10.0,0.0,D 趨勢弱,False,11:33,346.4,升,42.0,7,False,9.0,0.0008,0.0162,,False,False,-23.38,-2.53,5.5,-15.3,-1.65,74.3,OHLC,↓,LH/LL,DT,False,241,1,universe
NBIS,2026-09-16,209.37,17.05,False,226.47,-0.188,0.48,True,34.9,0.58,34.3,False,8.14,8.48,50.0,0.0,D 趨勢弱,False,4:30,135.0,跌,25.0,2,False,9.0,-1.517,-1.0238,-4.4089,False,False,-8.17,-1.0,203.87,2.63,0.32,3420.5,OHLC,—,HH/HL,DT,False,262,1,universe
NEE,2026-09-16,80.37,1.36,False,83.96,-0.192,-0.73,False,94.7,-0.28,95.0,True,1.69,0.9,13.7,-1.3,D 趨勢弱,False,4:43,141.4,跌,29.0,4,False,10.0,-0.1603,-0.0972,-0.4923,False,False,-4.46,-2.64,84.06,-4.59,-2.72,877.0,OHLC,↓,LH/LL,DT,False,262,1,universe
BRX,2026-09-16,27.98,0.46,False,29.32,-0.12,-1.34,False,94.5,-0.4,94.9,True,1.66,1.0,20.4,-1.4,D 趨勢弱,False,4:00,120.0,跌,17.0,2,False,10.0,-0.0425,-0.0127,-0.2758,False,False,-4.81,-2.9,29.72,-6.22,-3.76,75.8,OHLC,↓,LH/LL,DT,False,262,1,universe
PECO,2026-09-16,37.8,0.67,False,39.49,-0.13,-1.06,False,94.2,-0.14,94.3,True,1.76,0.98,21.8,0.6,D 趨勢弱,False,4:03,121.6,跌,18.0,2,False,10.0,-0.0376,-0.0172,-0.4102,False,False,-4.48,-2.55,39.61,-4.79,-2.72,30.4,OHLC,↓,LH/LL,DT,False,262,1,universe
ADC,2026-09-16,68.5,1.19,False,73.57,-0.312,-1.08,False,93.9,-0.86,94.8,True,1.74,1.07,17.1,-3.0,D 趨勢弱,False,5:23,161.3,跌,40.0,5,False,10.0,-0.2668,-0.1511,-0.7792,False,False,-7.4,-4.25,73.54,-7.36,-4.23,109.6,OHLC,↓,LH/LL,DT,False,262,1,universe
IVT,2026-09-16,30.82,0.62,False,32.71,-0.168,-1.15,False,92.8,-0.47,93.3,True,2.01,1.08,17.8,-1.4,D 趨勢弱,False,4:23,131.5,跌,23.0,3,False,10.0,-0.0924,-0.0504,-0.4063,False,False,-6.12,-3.05,33.05,-7.24,-3.6,18.0,OHLC,↓,LH/LL,DT,False,262,1,universe
LAD,2026-09-16,339.23,12.68,False,369.42,-1.755,-1.29,False,73.9,-0.88,74.7,False,3.74,3.16,46.7,-1.2,C 基底修復,True,8:49,264.6,跌,147.0,28,False,10.0,-4.491,-3.6458,-4.491,False,False,-8.9,-2.38,356.55,-5.11,-1.37,67.5,OHLC,—,HH/HL,DT,False,262,1,universe
EME,2026-09-16,739.46,26.68,False,780.13,-2.906,-0.11,True,73.5,0.6,72.9,False,3.61,3.35,19.8,-1.8,D 趨勢弱,False,3:57,118.5,跌,16.0,2,False,10.0,-0.5189,-0.1545,-8.836,False,False,-5.5,-1.52,777.21,-5.11,-1.41,254.6,OHLC,—,LH/LL,DT,True,262,1,universe
HPQ,2026-09-16,32.7,1.6,True,30.83,0.145,0.74,False,68.5,-0.84,69.3,False,4.88,3.05,55.9,-1.1,B 上升結構,False,11:24,342.0,升,40.0,10,False,10.0,0.0814,0.202,,False,False,5.73,1.17,31.17,4.68,0.96,540.5,OHLC,↑,HH/HL,自然回檔,False,262,1,universe
DY,2026-09-16,287.38,16.42,False,333.69,-3.753,-1.19,True,60.6,1.17,59.4,False,5.71,3.8,1.2,0.3,D 趨勢弱,False,10:58,329.2,升,33.0,3,False,10.0,0.8686,0.2164,,False,False,-16.11,-2.82,302.91,-5.4,-0.95,227.9,OHLC,—,LH/LL,DT,True,262,1,universe
OLMA,2026-09-16,9.73,0.59,False,10.66,-0.081,-0.45,True,60.4,0.49,59.9,False,6.04,3.51,7.5,-2.1,D 趨勢弱,False,5:02,150.8,跌,34.0,3,False,10.0,-0.0672,-0.045,-0.128,False,False,-9.53,-1.58,10.91,-12.13,-2.01,9.3,OHLC,↓,LH/LL,DT,False,262,1,universe
MTZ,2026-09-16,225.62,13.14,False,258.19,-1.343,-0.68,True,56.0,1.07,54.9,False,5.82,4.69,11.7,-0.1,D 趨勢弱,False,1:38,48.8,升,77.0,8,False,10.0,1.0394,1.0545,,False,False,-14.44,-2.48,240.41,-6.56,-1.13,312.6,OHLC,—,LH/LL,DT,True,262,1,universe
GOGO,2026-09-16,2.55,0.18,False,2.85,-0.041,-1.06,True,49.5,1.05,48.5,False,7.06,5.0,19.4,13.6,D 趨勢弱,False,12:49,24.5,升,64.0,9,False,10.0,0.0295,0.0333,,False,False,-11.92,-1.69,2.67,-4.71,-0.67,5.2,OHLC,—,LH/LL,DT,True,262,1,universe
HR,2026-09-16,18.5,0.32,False,19.3,-0.062,-1.38,False,93.9,-0.06,94.0,True,1.75,1.06,33.1,-0.6,D 趨勢弱,False,3:29,104.4,跌,8.0,1,False,11.0,-0.0105,0.0057,-0.2626,False,False,-4.34,-2.47,19.22,-3.89,-2.22,56.4,OHLC,↓,LH/LL,DT,False,262,1,universe
CNX,2026-09-16,33.71,0.99,False,36.11,-0.057,0.11,False,86.6,-2.42,89.0,True,2.92,1.53,14.1,-16.6,D 趨勢弱,False,5:30,165.0,跌,42.0,5,False,11.0,-0.3774,-0.25,-0.3774,False,False,-7.13,-2.44,35.34,-4.84,-1.65,48.3,OHLC,—,HH/HL,DT,False,262,1,universe
MUSA,2026-09-16,513.27,18.09,False,537.27,-2.519,-0.66,False,78.7,-0.59,79.3,True,3.52,2.47,32.4,-7.2,D 趨勢弱,False,10:54,327.0,升,32.0,4,False,11.0,1.2469,1.7203,,False,False,-4.68,-1.33,527.17,-2.71,-0.77,142.8,OHLC,↓,LH/LL,自然回檔,False,262,1,universe
LFUS,2026-09-16,396.02,16.75,False,427.51,-3.9,-0.38,True,72.7,0.32,72.3,False,4.23,2.9,42.2,-1.8,D 趨勢弱,False,4:48,144.0,跌,30.0,3,False,11.0,-1.6148,-1.1082,-6.0858,False,False,-7.95,-1.88,,,,77.4,OHLC,—,HH/HL,DT,False,262,1,universe
PWR,2026-09-16,619.28,24.3,False,646.32,-2.87,-0.13,True,72.4,1.12,71.2,False,3.92,3.26,40.8,-2.9,D 趨勢弱,False,12:02,1.1,升,51.0,6,False,11.0,0.9434,1.1045,,False,False,-4.37,-1.11,621.83,-0.41,-0.1,608.4,OHLC,—,LH/LL,自然回檔,True,262,1,universe
JBL,2026-09-16,297.24,12.76,False,325.13,-1.403,-0.03,True,70.4,0.05,70.3,False,4.29,3.26,37.7,9.8,D 趨勢弱,False,4:20,130.0,跌,22.0,2,False,11.0,-0.492,-0.3456,-4.6123,False,False,-9.38,-2.19,315.72,-6.22,-1.45,263.4,OHLC,—,LH/LL,DT,True,262,1,universe
STAA,2026-09-16,22.41,1.08,False,23.79,-0.052,-0.19,True,67.1,0.66,66.4,False,4.82,3.37,23.1,7.5,D 趨勢弱,False,2:49,84.6,升,108.0,10,False,11.0,0.0051,0.035,,False,False,-6.14,-1.27,24.16,-7.81,-1.62,18.1,OHLC,—,LH/LL,DT,True,262,1,universe
TLN,2026-09-16,287.6,14.24,False,320.12,-1.817,-0.43,True,66.4,0.92,65.5,False,4.95,3.39,0.0,0.0,D 趨勢弱,False,4:09,124.3,跌,19.0,2,False,11.0,-0.6792,-0.3066,-6.7709,False,False,-11.31,-2.28,325.77,-13.27,-2.68,231.4,OHLC,↓,LH/LL,DT,False,262,1,universe
CTRI,2026-09-16,19.16,0.81,False,21.75,-0.308,-1.53,True,66.1,1.13,65.0,False,4.24,4.15,10.0,0.0,D 趨勢弱,False,2:20,70.0,升,89.0,9,False,11.0,0.0457,0.0586,,False,False,-13.53,-3.19,20.92,-9.19,-2.17,26.3,OHLC,—,LH/LL,DT,True,262,1,universe
AMD,2026-09-16,512.5,23.32,False,485.84,-1.368,0.15,True,64.0,0.43,63.6,False,4.55,4.26,81.6,1.6,B 上升結構,False,12:44,22.0,升,62.0,8,False,11.0,4.8563,4.8158,,False,False,5.2,1.14,493.41,3.72,0.82,9099.3,OHLC,↑,HH/HL,次級反彈,False,262,1,universe
KSS,2026-09-16,16.46,0.95,False,18.12,-0.079,-0.39,True,61.3,1.21,60.1,False,5.79,3.57,16.6,0.6,D 趨勢弱,False,5:02,151.1,跌,34.0,6,False,11.0,-0.2258,-0.2123,-0.2712,False,False,-10.08,-1.74,,,,79.5,OHLC,↑,HH/HL,自然回檔,False,262,1,universe
SWKS,2026-09-16,85.59,4.8,True,73.34,0.84,1.33,False,61.2,-1.38,62.6,False,5.61,3.77,53.8,-3.3,E 延伸,False,1:19,39.7,升,72.0,10,False,11.0,1.691,1.8824,,False,False,14.32,2.55,92.3,-7.84,-1.4,620.8,OHLC,—,LH/LL,自然回檔,False,262,1,universe
MEC,2026-09-16,17.32,1.21,False,21.9,-0.467,-1.14,True,56.9,0.98,55.9,False,7.0,3.31,21.8,-0.3,D 趨勢弱,False,1:07,33.3,升,68.0,9,False,11.0,0.0483,0.0733,,False,False,-26.45,-3.78,19.86,-14.67,-2.09,8.2,OHLC,↓,LH/LL,DT,False,262,1,universe
ALGM,2026-09-16,33.02,2.07,False,38.06,-0.369,-0.73,True,52.9,0.38,52.5,False,6.27,4.96,21.7,-0.7,D 趨勢弱,False,1:22,40.9,升,73.0,9,False,11.0,0.0608,0.1196,,False,False,-15.27,-2.43,36.31,-9.96,-1.59,69.6,OHLC,—,LH/LL,DT,True,262,1,universe
CTMX,2026-09-16,2.76,0.21,False,3.36,-0.042,-0.36,True,50.4,1.1,49.4,False,7.75,4.08,8.9,0.4,D 趨勢弱,False,4:52,145.9,跌,31.0,4,False,11.0,-0.0869,-0.069,-0.0869,False,False,-21.37,-2.76,3.28,-18.63,-2.4,10.5,OHLC,↓,LH/LL,自然反彈,False,262,1,universe
WYFI,2026-09-16,17.26,1.98,False,21.76,-0.173,-0.33,True,28.2,1.81,26.4,False,11.46,8.11,22.5,1.2,D 趨勢弱,False,10:55,327.3,升,32.0,7,False,11.0,0.0647,0.0677,,False,False,-26.07,-2.28,18.92,-9.62,-0.84,48.4,OHLC,—,LH/LL,自然反彈,True,262,1,universe
GOLF,2026-09-16,82.71,2.4,False,89.62,-0.609,-0.9,False,84.6,-0.01,84.6,True,2.91,1.95,22.3,-1.1,D 趨勢弱,False,12:10,4.9,升,53.0,12,False,12.0,0.2434,0.3198,,False,False,-8.35,-2.87,86.68,-4.8,-1.65,28.7,OHLC,—,LH/LL,DT,True,262,1,universe
CLMT,2026-09-16,58.01,2.33,True,49.46,0.668,1.02,False,73.4,-0.15,73.6,False,4.02,2.96,65.0,0.0,E 延伸,False,1:40,49.8,升,78.0,10,False,12.0,0.4007,0.4343,,False,False,14.74,3.67,47.72,17.74,4.41,69.5,OHLC,↑,HH/HL,UT,False,262,1,universe
SHEN,2026-09-16,11.59,0.48,False,12.38,-0.086,-0.3,True,72.6,0.29,72.3,False,4.16,2.98,6.8,4.2,D 趨勢弱,False,5:30,164.9,跌,42.0,6,False,12.0,-0.0637,-0.0576,-0.1526,False,False,-6.82,-1.64,12.63,-8.97,-2.16,6.2,OHLC,↓,LH/LL,DT,False,262,1,universe
OLN,2026-09-16,17.02,0.7,False,17.97,-0.078,-0.74,True,71.0,0.39,70.6,False,4.13,3.31,14.5,-0.2,D 趨勢弱,False,2:35,77.4,升,93.0,10,False,12.0,0.0881,0.0911,,False,False,-5.56,-1.35,17.73,-4.17,-1.01,46.2,OHLC,—,HH/HL,DT,True,262,1,universe
DKS,2026-09-16,123.65,7.25,False,143.39,-1.586,-0.82,True,53.6,1.06,52.5,False,5.87,5.21,0.0,0.0,D 趨勢弱,False,11:22,341.1,升,40.0,4,False,12.0,0.615,0.5937,,False,False,-15.96,-2.72,,,,741.6,OHLC,—,HH/HL,DT,False,262,1,universe
MNR,2026-09-16,10.9,0.36,False,11.77,-0.088,-2.99,False,83.9,-0.52,84.4,True,3.26,1.74,5.9,-0.3,D 趨勢弱,False,3:58,119.1,跌,16.0,2,False,13.0,-0.1406,-0.0729,-0.1406,False,False,-8.0,-2.46,,,,11.6,OHLC,—,HH/HL,DT,False,262,1,universe
OMCL,2026-09-16,32.43,1.29,False,35.11,-0.186,-0.77,True,73.7,0.28,73.4,False,3.99,2.94,15.1,2.3,D 趨勢弱,False,2:22,71.2,升,90.0,11,False,13.0,0.0513,0.0678,,False,False,-8.27,-2.07,33.51,-3.33,-0.84,20.1,OHLC,↓,LH/LL,DT,False,262,1,universe
MUR,2026-09-16,38.19,1.52,True,36.34,0.049,0.08,False,72.8,-2.54,75.3,False,3.98,3.12,49.3,-10.6,B 上升結構,False,2:49,84.6,升,133.0,12,False,13.0,0.2369,0.3377,,False,False,4.83,1.21,36.44,4.58,1.15,60.1,OHLC,↑,HH/HL,自然回檔,False,262,1,universe
DTM,2026-09-16,124.99,3.37,False,130.92,-0.369,-0.47,False,88.3,-0.07,88.4,True,2.69,1.42,29.0,1.3,D 趨勢弱,False,3:23,101.6,跌,6.0,1,False,14.0,-0.1189,0.0004,-1.1078,False,False,-4.74,-1.76,132.54,-6.04,-2.24,123.4,OHLC,—,LH/LL,DT,True,262,1,universe
LZB,2026-09-16,30.18,1.09,False,34.2,-0.254,-1.03,False,75.6,-0.13,75.7,True,3.6,2.97,5.0,0.0,D 趨勢弱,False,10:25,312.4,升,24.0,2,False,14.0,0.0262,0.0094,,False,False,-13.33,-3.71,32.73,-8.45,-2.35,27.0,OHLC,↓,LH/LL,DT,False,262,1,universe
SAIA,2026-09-16,343.53,13.56,False,357.96,-1.059,-0.21,False,75.2,-0.78,76.0,True,3.95,2.7,20.8,-4.2,D 趨勢弱,False,2:49,84.6,升,111.0,9,False,14.0,2.055,2.5904,,False,False,-4.2,-1.06,353.8,-2.99,-0.76,125.2,OHLC,↓,LH/LL,DT,False,262,1,universe
MIR,2026-09-16,15.84,0.69,False,15.59,-0.008,0.16,False,70.0,-0.27,70.3,False,4.37,3.26,34.4,20.7,D 趨勢弱,False,2:49,84.6,升,128.0,12,False,14.0,0.0298,0.042,,False,True,1.59,0.36,15.89,-0.32,-0.07,54.3,OHLC,—,LH/LL,次級反彈,False,262,1,universe
VRNS,2026-09-16,46.76,2.0,True,44.47,0.166,0.63,False,69.2,-0.34,69.6,False,4.27,3.51,46.7,-2.8,C 基底修復,False,1:29,44.5,升,75.0,13,False,14.0,0.259,0.3101,,False,False,4.9,1.15,45.12,3.51,0.82,87.9,OHLC,↑,HH/HL,UT,False,262,1,universe
HUN,2026-09-16,9.19,0.37,False,9.82,-0.064,-0.86,True,68.9,0.35,68.6,False,4.08,3.76,14.1,-0.4,D 趨勢弱,False,2:49,84.6,升,128.0,12,False,14.0,0.0254,0.0343,,False,False,-6.86,-1.68,9.71,-5.66,-1.39,20.9,OHLC,—,LH/LL,DT,True,262,1,universe
MNPR,2026-09-16,101.45,5.92,False,114.73,-0.295,0.08,False,57.6,-0.64,58.3,False,5.84,4.31,54.9,-8.0,D 趨勢弱,True,8:49,264.6,跌,321.0,39,False,14.0,-1.7809,-1.4664,-1.7809,False,False,-13.09,-2.24,,,,15.5,OHLC,—,HH/HL,DT,False,262,1,universe
WDC,2026-09-16,416.97,29.8,False,462.71,-4.662,-0.55,True,46.1,1.2,44.9,False,7.15,5.81,46.6,-2.2,D 趨勢弱,False,4:05,122.4,跌,18.0,2,False,14.0,-2.5116,-1.6334,-11.4998,False,False,-10.97,-1.53,,,,2407.5,OHLC,—,HH/HL,DT,False,262,1,universe
DFNS,2026-09-16,7.68,3.82,False,19.76,-2.462,-5.78,False,2.6,-0.05,2.7,False,49.79,30.78,15.0,0.0,D 趨勢弱,True,9:18,279.0,升,5.0,1,False,14.0,0.059,-0.0077,,False,False,-157.3,-3.16,10.24,-33.33,-0.67,10.5,OHLC,—,LH/LL,DT,True,262,1,universe
MUA,2026-09-16,9.68,0.09,False,9.98,-0.018,-0.88,False,97.8,-0.08,97.9,True,0.96,0.65,16.1,2.3,D 趨勢弱,False,4:14,126.9,跌,21.0,2,False,,-0.0071,-0.0066,-0.0766,False,False,-3.06,-3.19,10.3,-6.4,-6.68,3.8,OHLC,↓,LH/LL,DT,False,262,1,universe
AB,2026-09-16,35.5,0.56,False,36.59,-0.066,-0.26,False,95.1,-0.33,95.4,True,1.56,0.92,17.9,-1.1,D 趨勢弱,False,3:50,115.0,跌,14.0,4,False,,-0.0998,-0.0608,-0.1143,False,False,-3.08,-1.97,37.35,-5.21,-3.33,10.6,OHLC,↓,LH/LL,DT,False,262,1,universe
FRT,2026-09-16,112.42,1.76,False,117.3,-0.284,-0.95,False,95.0,-0.38,95.4,True,1.57,0.95,45.5,-2.2,C 基底修復,False,5:40,170.0,跌,44.0,5,False,,-0.2373,-0.1385,-1.0732,False,False,-4.34,-2.77,118.33,-5.26,-3.36,74.1,OHLC,↓,LH/LL,DT,False,262,1,universe
REG,2026-09-16,73.26,1.14,False,76.04,-0.263,-1.07,False,94.8,-0.38,95.2,True,1.56,1.02,24.4,-1.2,D 趨勢弱,False,4:07,123.5,跌,19.0,2,False,,-0.0942,-0.0273,-0.6799,False,False,-3.8,-2.44,76.54,-4.48,-2.87,87.3,OHLC,↓,LH/LL,DT,False,262,1,universe
PNW,2026-09-16,94.99,1.63,False,98.7,-0.195,-0.62,False,94.1,-0.26,94.3,True,1.72,1.06,32.6,1.2,D 趨勢弱,False,4:22,131.1,跌,23.0,3,False,,-0.0963,-0.0818,-0.8904,False,False,-3.91,-2.27,98.83,-4.04,-2.35,85.8,OHLC,↓,LH/LL,DT,False,262,1,universe
NHIC,2026-09-16,9.4,0.15,False,10.62,-0.006,-0.1,False,93.7,-1.35,95.1,True,1.59,1.26,12.6,-5.2,D 趨勢弱,False,3:33,106.4,跌,9.0,2,False,,-0.1022,-0.047,-0.1022,False,False,-12.98,-8.15,10.64,-13.19,-8.28,5.8,OHLC,—,LH/LL,自然回檔,False,262,1,universe
CRF,2026-09-16,6.06,0.11,False,6.58,-0.042,-1.4,False,93.5,-0.19,93.7,True,1.74,1.18,6.0,3.6,D 趨勢弱,False,3:55,117.4,跌,15.0,2,False,,-0.0111,-0.0006,-0.0722,False,False,-8.58,-4.93,6.49,-7.1,-4.08,10.1,OHLC,↓,LH/LL,DT,False,262,1,universe
EFSC,2026-09-16,62.05,1.19,False,64.43,-0.249,-0.55,False,93.0,-0.61,93.6,True,1.92,1.12,37.3,-2.2,C 基底修復,False,3:30,105.2,跌,8.0,1,False,,-0.0589,0.0423,-0.4067,False,False,-3.84,-2.01,64.6,-4.11,-2.15,13.2,OHLC,↓,LH/LL,DT,False,262,1,universe
ETR,2026-09-16,102.32,2.07,False,106.52,-0.235,-0.46,False,92.4,-0.06,92.5,True,2.03,1.15,22.7,-1.5,D 趨勢弱,False,4:31,135.5,跌,25.0,3,False,,-0.3282,-0.2188,-0.882,False,False,-4.1,-2.02,,,,251.8,OHLC,—,HH/HL,DT,False,262,1,universe
CLM,2026-09-16,6.28,0.12,False,6.85,-0.039,-1.29,False,92.2,-0.45,92.7,True,1.92,1.31,5.5,3.8,D 趨勢弱,False,3:50,115.0,跌,14.0,2,False,,-0.0131,-0.0035,-0.0718,False,False,-9.08,-4.73,6.75,-7.48,-3.9,14.9,OHLC,↓,LH/LL,DT,False,262,1,universe
OXLC,2026-09-16,9.17,0.19,False,9.49,-0.005,0.35,False,91.4,-0.61,92.1,True,2.12,1.29,24.8,-9.4,D 趨勢弱,False,5:52,175.9,跌,48.0,7,False,,-0.0608,-0.0411,-0.0608,False,False,-3.53,-1.67,,,,7.3,OHLC,—,HH/HL,DT,False,262,1,universe
PMT,2026-09-16,8.88,0.21,False,9.35,-0.029,-0.43,False,88.2,-0.4,88.6,True,2.35,1.78,7.3,-2.7,D 趨勢弱,False,4:40,140.2,跌,28.0,3,False,,-0.0396,-0.0268,-0.0797,False,False,-5.34,-2.27,9.64,-8.56,-3.64,11.9,OHLC,↓,LH/LL,DT,False,262,1,universe
CNXN,2026-09-16,87.12,2.38,False,81.78,-0.085,-0.11,False,87.8,-0.11,87.9,True,2.73,1.49,72.6,-8.0,E 延伸,False,12:47,23.4,升,63.0,9,False,,0.5521,0.4841,,False,False,6.13,2.25,82.59,5.2,1.9,10.4,OHLC,↑,HH/HL,UT,False,262,1,universe
CVS,2026-09-16,91.72,2.37,False,95.25,-0.396,-0.7,False,87.8,-0.77,88.5,True,2.59,1.62,54.3,-1.7,C 基底修復,False,2:49,84.6,升,112.0,12,False,,0.0358,0.2701,,False,False,-3.85,-1.49,97.6,-6.41,-2.48,529.3,OHLC,↓,LH/LL,DT,False,262,1,universe
BXMT,2026-09-16,13.29,0.34,False,14.01,-0.045,-0.94,False,87.0,-0.24,87.3,True,2.53,1.83,18.3,1.5,D 趨勢弱,False,2:49,84.6,升,230.0,23,False,,0.0027,0.0021,,False,False,-5.45,-2.15,14.2,-6.85,-2.7,24.1,OHLC,↓,LH/LL,DT,False,262,1,universe
BHF,2026-09-16,48.79,1.5,False,54.45,-0.254,-1.36,False,86.6,-0.01,86.6,True,3.07,1.39,2.9,2.9,D 趨勢弱,False,4:02,121.2,跌,17.0,3,False,,-0.0935,-0.0644,-0.8699,False,False,-11.61,-3.78,54.16,-11.01,-3.59,50.4,OHLC,↓,LH/LL,DT,False,262,1,universe
ROL,2026-09-16,33.53,0.91,False,36.07,-0.134,-0.8,False,85.5,-0.05,85.5,True,2.71,1.97,8.1,-0.2,D 趨勢弱,False,3:22,101.2,跌,6.0,1,False,,-0.0241,0.0224,-0.4443,False,False,-7.58,-2.79,35.31,-5.31,-1.96,156.3,OHLC,↓,LH/LL,DT,False,262,1,universe
CALY,2026-09-16,14.83,0.48,False,16.31,-0.228,-1.41,False,82.4,-0.76,83.1,True,3.23,2.06,31.6,-4.6,D 趨勢弱,False,2:41,80.5,升,95.0,9,False,,0.008,0.0284,,False,False,-9.99,-3.09,15.77,-6.34,-1.96,23.0,OHLC,↓,LH/LL,DT,False,262,1,universe
PIPR,2026-09-16,71.36,2.31,False,75.36,-0.215,-0.07,False,82.4,-1.3,83.7,True,3.24,2.05,10.1,-1.6,D 趨勢弱,False,3:56,118.2,跌,16.0,2,False,,-0.3883,-0.1648,-0.3883,False,False,-5.6,-1.73,,,,39.8,OHLC,↑,HH/HL,自然回檔,False,262,1,universe
AN,2026-09-16,195.37,6.59,False,204.92,-0.872,-0.54,False,81.7,-2.15,83.9,True,3.37,2.04,22.5,-15.2,D 趨勢弱,False,3:20,100.1,跌,6.0,1,False,,-0.5439,0.1471,-2.2413,False,False,-4.89,-1.45,213.21,-9.13,-2.71,81.4,OHLC,↓,LH/LL,DT,False,262,1,universe
WWD,2026-09-16,318.45,10.75,False,343.89,-4.537,-1.1,False,81.2,-0.36,81.6,True,3.38,2.13,14.3,-10.4,D 趨勢弱,False,3:55,117.7,跌,15.0,2,False,,-0.7249,-0.3561,-5.9928,False,False,-7.99,-2.37,346.22,-8.72,-2.58,213.1,OHLC,↓,LH/LL,DT,False,262,1,universe
POST,2026-09-16,78.49,2.59,False,81.41,-0.311,-0.7,False,78.7,-0.07,78.8,True,3.31,2.68,13.9,3.6,D 趨勢弱,False,4:24,131.9,跌,23.0,3,False,,-0.3058,-0.2866,-1.535,False,False,-3.72,-1.13,,,,71.0,OHLC,—,HH/HL,DT,False,262,1,universe
EVR,2026-09-16,261.83,9.73,False,294.39,-2.526,-0.79,False,78.2,-1.87,80.0,True,3.71,2.37,11.4,-1.7,D 趨勢弱,False,3:49,114.6,跌,14.0,2,False,,-1.4421,-0.5894,-2.8618,False,False,-12.44,-3.35,297.92,-13.78,-3.71,117.8,OHLC,↓,LH/LL,DT,False,262,1,universe
YETI,2026-09-16,40.55,1.49,False,44.14,-0.264,-0.85,False,78.1,-0.0,78.1,True,3.66,2.43,18.8,7.9,C 基底修復,False,10:51,325.4,升,31.0,4,False,,0.1577,0.0825,,False,False,-8.84,-2.41,40.83,-0.69,-0.19,63.7,OHLC,—,LH/LL,自然反彈,True,262,1,universe
HTLD,2026-09-16,11.88,0.46,False,12.36,-0.042,-0.19,False,77.8,-2.7,80.5,True,3.88,2.28,26.5,-28.7,C 基底修復,False,2:49,84.6,升,202.0,23,False,,0.046,0.0828,,False,False,-4.07,-1.05,12.44,-4.71,-1.22,8.3,OHLC,—,LH/LL,DT,True,262,1,universe
ULS,2026-09-16,64.15,2.21,False,74.13,-1.998,-2.26,False,77.2,-0.23,77.4,True,3.44,2.83,0.0,-10.0,D 趨勢弱,False,4:03,121.3,跌,17.0,2,False,,-0.5483,-0.3282,-1.0608,False,False,-15.55,-4.52,75.49,-17.68,-5.14,40.7,OHLC,↓,LH/LL,DT,False,262,1,universe
FG,2026-09-16,23.05,0.89,False,24.93,-0.155,-1.09,False,76.8,-0.21,77.0,True,3.84,2.5,12.0,-0.0,D 趨勢弱,False,12:17,8.6,升,55.0,10,False,,0.0918,0.11,,False,False,-8.18,-2.13,24.23,-5.12,-1.33,12.4,OHLC,↓,LH/LL,自然反彈,False,262,1,universe
MPT,2026-09-16,3.39,0.13,False,4.0,-0.044,-1.29,False,76.5,-1.75,78.3,True,3.93,2.46,0.0,0.0,D 趨勢弱,False,4:52,146.2,跌,31.0,5,False,,-0.0435,-0.0341,-0.0754,False,False,-18.12,-4.61,4.06,-19.76,-5.03,29.7,OHLC,↓,LH/LL,DT,False,262,1,universe
NXPI,2026-09-16,218.98,8.05,False,228.31,-0.691,-0.4,False,76.1,-1.16,77.3,True,3.68,2.79,21.7,-3.7,D 趨勢弱,False,2:49,84.6,升,160.0,23,False,,1.1965,1.8194,,False,False,-4.26,-1.16,231.15,-5.56,-1.51,661.7,OHLC,—,HH/HL,DT,False,262,1,universe
WERN,2026-09-16,35.84,1.47,False,38.0,-0.109,0.11,False,76.0,-1.98,78.0,True,4.1,2.39,46.0,-9.2,C 基底修復,False,4:08,123.9,跌,19.0,2,False,,-0.1497,-0.02,-1.1267,False,False,-6.03,-1.47,38.88,-8.48,-2.07,29.3,OHLC,↓,LH/LL,DT,False,262,1,universe
RES,2026-09-16,5.98,0.23,False,6.31,-0.004,0.63,False,75.5,-1.26,76.8,True,3.8,2.78,14.4,-18.0,C 基底修復,False,5:17,158.6,跌,38.0,4,False,,-0.0656,-0.0471,-0.0656,False,False,-5.5,-1.44,6.14,-2.68,-0.7,9.3,OHLC,—,HH/HL,DT,False,262,1,universe
PJT,2026-09-16,152.6,6.28,False,173.58,-0.681,-0.14,False,75.0,-0.73,75.7,False,4.12,2.57,25.3,-1.3,D 趨勢弱,True,6:26,192.9,跌,57.0,6,False,,-3.5278,-3.0747,-3.5278,False,False,-13.75,-3.34,,,,58.5,OHLC,—,HH/HL,DT,False,262,1,universe
AGCO,2026-09-16,119.89,4.76,True,114.46,0.4,0.49,False,74.8,-1.34,76.2,False,3.97,2.74,27.7,-2.4,E 延伸,False,3:34,106.9,跌,9.0,1,False,,-0.0446,0.4034,-1.6065,False,False,4.53,1.14,123.79,-3.25,-0.82,153.0,OHLC,—,LH/LL,自然回檔,False,262,1,universe
ASTE,2026-09-16,40.91,1.57,False,43.19,-0.755,-1.45,True,74.6,0.75,73.9,False,3.84,2.91,19.6,0.2,D 趨勢弱,False,2:49,84.6,升,116.0,17,False,,0.1548,0.1752,,False,False,-5.59,-1.45,43.28,-5.79,-1.51,9.0,OHLC,↓,LH/LL,DT,False,262,1,universe
OPY,2026-09-16,113.13,4.83,False,117.54,-0.136,0.39,False,74.2,-3.42,77.6,False,4.27,2.57,61.2,-22.8,C 基底修復,False,4:04,122.0,跌,18.0,2,False,,-0.7588,-0.188,-1.0037,False,True,-3.9,-0.91,117.36,-3.74,-0.88,12.9,OHLC,—,HH/HL,DT,False,262,1,universe
APTV,2026-09-16,43.34,1.63,False,46.62,-0.257,-0.81,True,73.6,0.22,73.4,False,3.77,3.18,11.6,-1.7,D 趨勢弱,False,2:49,84.6,升,191.0,11,False,,0.129,0.2005,,False,False,-7.57,-2.01,45.69,-5.42,-1.44,203.2,OHLC,↓,LH/LL,DT,False,262,1,universe
MC,2026-09-16,58.99,2.48,False,66.56,-0.417,-0.4,False,73.4,-1.61,75.0,False,4.21,2.78,21.1,-3.5,D 趨勢弱,True,8:49,264.6,跌,171.0,6,False,,-0.9502,-0.7637,-0.9502,False,False,-12.84,-3.05,,,,43.6,OHLC,—,HH/HL,DT,False,262,1,universe
LII,2026-09-16,361.04,12.66,False,400.24,-2.908,-1.25,True,73.0,0.37,72.6,False,3.51,3.55,1.8,0.9,D 趨勢弱,False,2:49,84.6,升,112.0,15,False,,1.3081,1.3856,,False,False,-10.86,-3.1,390.53,-8.17,-2.33,174.3,OHLC,↓,LH/LL,DT,False,262,1,universe
GRDN,2026-09-16,46.52,1.9,True,41.34,0.327,0.79,False,72.9,-1.79,74.7,False,4.08,3.01,56.1,-4.2,E 延伸,False,2:49,84.6,升,104.0,11,False,,0.9678,1.039,,False,False,11.14,2.73,43.83,5.78,1.42,23.4,OHLC,—,LH/LL,自然回檔,False,262,1,universe
GAP,2026-09-16,20.17,0.86,False,21.42,-0.017,0.04,False,72.8,-0.27,73.0,False,4.24,2.86,25.0,0.8,D 趨勢弱,True,6:02,181.1,跌,51.0,5,False,,-0.2131,-0.1621,-0.2131,False,False,-6.21,-1.46,21.51,-6.64,-1.57,180.9,OHLC,↓,LH/LL,DT,False,262,1,universe
QCOM,2026-09-16,184.84,7.71,True,168.86,0.95,0.82,False,72.8,-0.38,73.2,False,4.17,2.92,40.6,-1.8,C 基底修復,False,2:49,84.6,升,181.0,29,False,,2.394,2.5316,,False,False,8.65,2.07,170.51,7.75,1.86,2128.1,OHLC,↑,HH/HL,UT,False,262,1,universe
UA,2026-09-16,4.87,0.2,False,5.29,-0.06,-1.27,True,72.6,0.56,72.0,False,4.12,3.02,24.0,2.2,D 趨勢弱,False,12:35,17.7,升,60.0,10,False,,0.0375,0.0363,,False,False,-8.56,-2.08,4.99,-2.46,-0.6,10.6,OHLC,↓,LH/LL,自然回檔,False,262,1,universe
APEI,2026-09-16,44.44,1.76,False,46.4,-0.286,-0.67,True,72.2,0.08,72.1,False,3.97,3.24,32.3,-4.2,C 基底修復,False,2:49,84.6,升,132.0,16,False,,0.1059,0.1213,,False,False,-4.42,-1.11,46.25,-4.08,-1.03,10.5,OHLC,↓,LH/LL,DT,False,262,1,universe
ARI,2026-09-16,6.5,0.12,False,6.81,-0.008,0.05,True,72.2,0.05,72.2,False,1.88,5.32,20.2,-0.1,D 趨勢弱,False,2:49,84.6,升,209.0,31,False,,0.0109,0.0171,,False,False,-4.78,-2.54,6.81,-4.77,-2.53,14.4,OHLC,↓,LH/LL,DT,False,262,1,universe
TDAY,2026-09-16,6.48,0.29,False,6.78,-0.077,-0.98,True,72.1,0.27,71.8,False,4.53,2.7,30.2,-4.5,C 基底修復,False,2:49,84.6,升,129.0,9,False,,0.0895,0.0903,,False,False,-4.62,-1.02,6.47,0.15,0.03,14.8,OHLC,—,LH/LL,自然反彈,True,262,1,universe
CMP,2026-09-16,23.87,1.01,False,25.64,-0.185,-0.67,True,71.6,0.93,70.7,False,4.24,3.09,31.4,0.9,C 基底修復,False,2:19,69.3,升,89.0,11,False,,0.0156,0.0474,,False,False,-7.41,-1.75,25.4,-6.41,-1.51,9.8,OHLC,↓,LH/LL,DT,False,262,1,universe
INR,2026-09-16,13.25,0.62,False,14.47,-0.02,0.54,False,71.4,-6.54,78.0,False,4.66,2.7,10.7,-26.6,D 趨勢弱,True,7:32,225.8,跌,75.0,5,False,,-0.2512,-0.1494,-0.2512,False,False,-9.23,-1.98,16.04,-21.06,-4.52,3.3,OHLC,↓,LH/LL,DT,False,262,1,universe
UAA,2026-09-16,5.0,0.22,False,5.36,-0.044,-1.22,True,71.2,0.71,70.5,False,4.37,3.03,9.8,-3.0,D 趨勢弱,False,12:45,22.5,升,62.0,10,False,,0.0409,0.0397,,False,False,-7.3,-1.67,5.11,-2.2,-0.5,37.5,OHLC,↓,LH/LL,自然回檔,False,262,1,universe
ABX,2026-09-16,9.21,0.38,False,9.45,-0.058,-0.42,False,71.0,-0.2,71.2,False,4.11,3.33,48.9,-1.4,C 基底修復,False,3:17,98.7,跌,5.0,1,False,,-0.0092,0.0077,-0.2469,False,True,-2.63,-0.64,9.21,0.0,0.0,3.7,OHLC,—,HH/HL,自然回檔,True,262,1,universe
PEGA,2026-09-16,36.84,1.46,True,35.1,0.177,0.96,False,69.9,-0.05,69.9,False,3.95,3.7,25.0,10.0,E 延伸,False,3:55,117.7,跌,15.0,1,False,,-0.0098,0.0519,-0.4591,False,False,4.73,1.2,35.03,4.91,1.24,83.1,OHLC,↑,HH/HL,自然回檔,False,262,1,universe
ARDX,2026-09-16,3.39,0.15,False,3.92,-0.041,-1.17,True,69.8,1.12,68.7,False,4.4,3.26,0.0,0.0,D 趨勢弱,False,2:49,84.6,升,144.0,14,False,,0.0049,0.0108,,False,False,-15.72,-3.57,3.8,-12.09,-2.75,13.4,OHLC,↓,LH/LL,DT,False,262,1,universe
BMBL,2026-09-16,3.0,0.13,False,2.82,-0.007,0.02,True,69.8,0.7,69.1,False,4.47,3.2,10.0,-3.6,E 延伸,False,2:49,84.6,升,102.0,18,False,,0.0288,0.0316,,False,False,5.96,1.33,2.93,2.33,0.52,6.6,OHLC,↑,HH/HL,UT,False,262,1,universe
ALB,2026-09-16,109.47,5.51,False,129.28,-0.455,-0.02,False,69.6,-1.45,71.0,False,5.03,2.68,8.5,-1.4,D 趨勢弱,True,8:09,244.3,跌,86.0,9,False,,-2.7856,-2.5546,-2.7856,False,False,-18.09,-3.6,128.75,-17.61,-3.5,252.8,OHLC,↓,LH/LL,DT,False,262,1,universe
TWI,2026-09-16,7.09,0.34,False,7.22,-0.008,-0.08,False,69.0,-0.03,69.1,False,4.78,3.04,7.9,-3.0,D 趨勢弱,False,3:47,113.5,跌,13.0,2,False,,-0.0301,-0.0142,-0.0995,False,True,-1.77,-0.37,6.99,1.41,0.3,4.2,OHLC,↑,HH/HL,自然回檔,False,262,1,universe
RYZ,2026-09-16,24.24,1.1,False,26.25,-0.069,-0.48,True,68.8,0.02,68.8,False,4.56,3.31,20.0,-1.1,D 趨勢弱,False,4:14,127.2,跌,21.0,3,False,,-0.0718,-0.055,-0.4921,False,False,-8.29,-1.82,25.15,-3.75,-0.82,10.4,OHLC,↓,LH/LL,DT,False,262,1,universe
GPI,2026-09-16,262.22,11.19,False,272.88,-0.777,-0.7,False,68.6,-1.95,70.5,False,4.27,3.64,14.0,3.4,D 趨勢弱,False,2:49,84.6,升,111.0,16,False,,0.6465,2.118,,False,True,-4.07,-0.95,281.6,-7.39,-1.73,54.4,OHLC,—,HH/HL,DT,False,262,1,universe
EXTR,2026-09-16,21.89,0.89,False,23.38,-0.478,-1.63,True,68.4,0.13,68.3,False,4.07,3.88,44.2,-0.8,D 趨勢弱,False,2:49,84.6,升,107.0,14,False,,0.2326,0.2184,,False,False,-6.81,-1.67,22.2,-1.42,-0.35,28.4,OHLC,—,LH/LL,自然回檔,True,262,1,universe
PZZA,2026-09-16,20.19,0.97,False,23.62,-0.358,-1.48,True,67.5,0.01,67.5,False,4.79,3.32,1.9,1.5,D 趨勢弱,False,2:49,84.6,升,160.0,17,False,,0.0248,0.0664,,False,False,-17.01,-3.55,21.82,-8.07,-1.68,26.3,OHLC,↓,LH/LL,DT,False,262,1,universe
GT,2026-09-16,5.16,0.26,False,6.05,-0.05,-1.09,True,67.0,0.16,66.9,False,5.12,3.09,0.3,-0.6,D 趨勢弱,False,5:34,167.1,跌,43.0,6,False,,-0.0787,-0.0738,-0.1594,False,False,-17.21,-3.36,6.18,-19.77,-3.86,42.6,OHLC,↓,LH/LL,DT,False,262,1,universe
TDC,2026-09-16,29.17,1.09,False,27.72,-0.384,-0.66,True,66.8,0.46,66.3,False,3.75,4.5,30.2,-11.1,C 基底修復,False,2:49,84.6,升,173.0,21,False,,0.232,0.2192,,False,False,4.97,1.32,27.36,6.21,1.65,53.5,OHLC,↑,HH/HL,UT,False,262,1,universe
AVBP,2026-09-16,27.65,1.34,False,29.93,-0.099,-0.29,True,66.7,0.28,66.4,False,4.83,3.45,40.7,0.4,C 基底修復,False,5:00,150.0,跌,33.0,5,False,,-0.2506,-0.2065,-0.7503,False,False,-8.26,-1.71,31.03,-12.22,-2.53,12.8,OHLC,↓,LH/LL,DT,False,262,1,universe
CVI,2026-09-16,53.05,2.52,True,41.27,0.754,1.3,False,66.7,-0.03,66.8,False,4.74,3.52,62.4,0.7,E 延伸,False,2:49,84.6,升,138.0,24,False,,0.8157,0.7687,,False,False,22.21,4.68,48.63,8.33,1.76,60.1,OHLC,↑,HH/HL,UT,False,262,1,universe
KALU,2026-09-16,152.38,7.24,False,166.69,-0.552,-0.03,True,64.7,0.81,63.9,False,4.75,3.91,46.9,1.0,D 趨勢弱,False,4:29,134.5,跌,25.0,3,False,,-0.815,-0.808,-3.291,False,False,-9.39,-1.98,,,,31.4,OHLC,—,HH/HL,自然反彈,False,262,1,universe
AAON,2026-09-16,75.56,4.01,False,82.02,-0.518,-0.56,True,64.1,1.1,63.0,False,5.3,3.49,0.8,0.8,D 趨勢弱,False,2:49,84.6,升,136.0,15,False,,0.7727,0.8124,,False,False,-8.55,-1.61,79.4,-5.08,-0.96,81.7,OHLC,—,LH/LL,DT,True,262,1,universe
GFS,2026-09-16,43.03,2.16,False,47.97,-0.339,-0.42,True,64.0,0.95,63.1,False,5.01,3.79,18.4,-0.1,D 趨勢弱,False,2:49,84.6,升,533.0,30,False,,0.287,0.3551,,False,False,-11.47,-2.29,46.69,-8.51,-1.7,159.0,OHLC,—,LH/LL,DT,True,262,1,universe
CVNA,2026-09-16,65.4,3.39,False,71.27,-0.086,0.62,False,63.9,-0.36,64.3,False,5.18,3.65,19.1,3.7,D 趨勢弱,True,8:49,264.6,跌,200.0,6,False,,-1.0528,-0.8392,-1.0528,False,False,-8.98,-1.73,70.87,-8.36,-1.61,472.9,OHLC,↓,LH/LL,DT,False,262,1,universe
IIIV,2026-09-16,14.71,0.76,False,16.49,-0.318,-1.19,True,63.9,0.31,63.5,False,5.14,3.7,6.9,1.5,D 趨勢弱,False,3:29,104.7,跌,8.0,1,False,,-0.0168,0.0065,-0.5594,False,False,-12.12,-2.36,15.65,-6.39,-1.24,8.1,OHLC,↓,LH/LL,DT,False,262,1,universe
AEO,2026-09-16,14.81,0.81,False,16.28,-0.077,-0.91,True,63.5,0.6,62.9,False,5.48,3.43,5.6,-1.0,D 趨勢弱,False,4:38,138.9,跌,27.0,5,False,,-0.2087,-0.2015,-0.2087,False,False,-9.91,-1.81,15.43,-4.19,-0.76,112.1,OHLC,↓,LH/LL,自然回檔,False,262,1,universe
ORN,2026-09-16,9.12,0.41,False,9.58,-0.051,-0.22,True,63.4,0.75,62.6,False,4.48,4.45,20.1,1.8,D 趨勢弱,False,2:49,84.6,升,113.0,24,False,,0.1017,0.1024,,False,False,-4.99,-1.11,9.28,-1.75,-0.39,3.3,OHLC,—,LH/LL,DT,True,262,1,universe
REZI,2026-09-16,18.67,0.9,False,20.82,-0.311,-1.03,True,62.7,0.62,62.1,False,4.8,4.27,15.5,-0.8,D 趨勢弱,False,12:12,5.9,升,53.0,7,False,,0.0578,0.0624,,False,False,-11.52,-2.4,19.43,-4.07,-0.85,41.8,OHLC,—,LH/LL,DT,True,262,1,universe
WBTN,2026-09-16,10.42,0.57,True,9.64,0.02,0.44,False,62.3,-1.22,63.5,False,5.46,3.7,12.9,-6.2,E 延伸,False,2:49,84.6,升,190.0,20,False,,0.0939,0.1381,,False,False,7.48,1.37,9.97,4.32,0.79,4.8,OHLC,↑,HH/HL,自然回檔,False,262,1,universe
LUMN,2026-09-16,6.67,0.38,False,6.42,-0.003,0.19,False,61.9,-1.03,62.9,False,5.64,3.6,25.0,-0.0,D 趨勢弱,False,2:49,84.6,升,114.0,14,False,,0.0571,0.0836,,False,True,3.71,0.66,6.64,0.45,0.08,80.2,OHLC,—,HH/HL,自然回檔,True,262,1,universe
TTD,2026-09-16,14.49,0.71,False,14.44,-0.117,-0.64,False,61.6,-0.4,62.0,False,4.87,4.42,16.9,-2.1,D 趨勢弱,False,2:18,69.2,升,88.0,14,False,,0.2605,0.2929,,False,True,0.37,0.08,13.71,5.38,1.1,246.5,OHLC,—,HH/HL,自然回檔,True,262,1,universe
APP,2026-09-16,326.56,15.87,False,326.42,-3.68,-1.02,False,61.5,-0.18,61.7,False,4.86,4.47,20.3,0.4,D 趨勢弱,False,2:49,84.6,升,144.0,16,False,,6.59,6.9811,,False,True,0.04,0.01,331.81,-1.61,-0.33,1466.6,OHLC,—,LH/LL,自然回檔,True,262,1,universe
TRIP,2026-09-16,8.94,0.43,False,10.01,-0.202,-2.21,True,61.0,0.75,60.3,False,4.81,4.62,2.9,2.9,D 趨勢弱,False,12:47,23.7,升,63.0,10,False,,0.0754,0.0705,,False,False,-11.98,-2.49,9.23,-3.24,-0.67,32.5,OHLC,↓,LH/LL,DT,False,262,1,universe
CENX,2026-09-16,39.8,2.5,False,46.38,-0.193,-0.15,True,59.8,0.93,58.8,False,6.27,3.42,20.3,0.1,D 趨勢弱,False,4:38,139.2,跌,27.0,4,False,,-0.7043,-0.5789,-0.7043,False,False,-16.54,-2.64,46.36,-16.48,-2.63,71.2,OHLC,↓,LH/LL,DT,False,262,1,universe
OPFI,2026-09-16,7.03,0.36,False,7.3,-0.039,-0.38,False,59.4,-0.59,60.0,False,5.06,4.7,14.9,0.7,D 趨勢弱,False,1:03,31.3,升,67.0,12,False,,0.0767,0.1184,,False,True,-3.82,-0.75,6.98,0.71,0.14,5.8,OHLC,↑,HH/HL,自然回檔,False,262,1,universe
ADTN,2026-09-16,7.09,0.42,False,7.75,-0.111,-0.81,True,58.4,0.47,57.9,False,5.89,4.09,10.0,0.0,D 趨勢弱,False,2:49,84.6,升,169.0,25,False,,0.0742,0.077,,False,False,-9.31,-1.58,7.54,-6.35,-1.08,10.9,OHLC,—,LH/LL,DT,True,262,1,universe
IONS,2026-09-16,44.84,2.5,False,55.92,-0.877,-0.6,False,58.1,-1.73,59.8,False,5.57,4.48,0.0,0.0,D 趨勢弱,True,7:59,239.6,跌,83.0,8,False,,-1.4979,-1.189,-2.3112,False,False,-24.71,-4.44,61.33,-36.78,-6.6,154.4,OHLC,↓,LH/LL,DT,False,262,1,universe
STUB,2026-09-16,5.89,0.35,False,7.07,-0.085,-0.92,True,57.1,1.18,56.0,False,5.92,4.33,10.0,0.0,D 趨勢弱,False,11:49,354.4,升,47.0,9,False,,0.0584,0.0561,,False,False,-20.01,-3.38,6.09,-3.4,-0.57,34.1,OHLC,↓,LH/LL,DT,False,251,1,universe
MNRO,2026-09-16,12.18,0.67,False,12.4,-0.019,-0.32,False,56.5,-0.72,57.3,False,5.5,4.89,19.6,3.7,D 趨勢弱,False,2:49,84.6,升,113.0,20,False,,0.0738,0.114,,False,True,-1.83,-0.33,12.97,-6.49,-1.18,12.2,OHLC,—,LH/LL,自然回檔,True,262,1,universe
GRPN,2026-09-16,19.33,1.05,False,21.24,-0.366,-1.31,True,56.3,0.92,55.4,False,5.42,5.03,50.2,8.1,D 趨勢弱,False,11:45,352.4,升,46.0,7,False,,0.2206,0.1689,,False,False,-9.88,-1.82,18.95,1.97,0.36,19.0,OHLC,—,LH/LL,UT,True,262,1,universe
RBLX,2026-09-16,47.43,2.38,True,40.22,0.428,0.48,False,56.1,-1.48,57.6,False,5.01,5.48,25.0,0.0,E 延伸,False,2:49,84.6,升,185.0,21,False,,1.184,1.4072,,False,False,15.2,3.03,37.56,20.81,4.15,488.4,OHLC,↑,HH/HL,自然回檔,False,262,1,universe
AKTS,2026-09-16,22.71,1.41,False,24.65,-0.173,-0.01,True,56.0,0.09,55.9,False,6.22,4.29,15.5,-7.1,C 基底修復,False,5:24,162.0,跌,40.0,6,False,,-0.4355,-0.435,-0.7846,False,False,-8.56,-1.38,,,,7.7,OHLC,—,HH/HL,DT,False,172,1,universe
DAVE,2026-09-16,365.83,21.78,False,354.05,-1.593,-0.18,False,56.0,-0.14,56.2,False,5.95,4.55,59.2,4.0,C 基底修復,False,2:49,84.6,升,108.0,16,False,,0.6633,0.8911,,False,True,3.22,0.54,350.71,4.13,0.69,122.8,OHLC,↑,HH/HL,自然回檔,False,262,1,universe
ARKO,2026-09-16,4.35,0.25,False,4.87,-0.059,-1.21,True,55.8,0.16,55.7,False,5.71,4.85,4.5,-6.6,D 趨勢弱,False,2:49,84.6,升,98.0,15,False,,0.0802,0.0911,,False,False,-12.02,-2.11,4.57,-5.06,-0.89,4.0,OHLC,↓,LH/LL,DT,False,262,1,universe
WING,2026-09-16,101.06,7.16,False,113.39,-1.039,-0.82,True,54.3,0.99,53.3,False,7.09,3.81,2.3,2.3,D 趨勢弱,False,2:49,84.6,升,145.0,22,False,,0.1114,0.6097,,False,False,-12.2,-1.72,,,,121.8,OHLC,—,HH/HL,DT,False,262,1,universe
LZ,2026-09-16,6.06,0.32,False,5.94,-0.039,-0.67,False,54.0,-0.04,54.1,False,5.24,5.73,13.6,-1.0,D 趨勢弱,False,2:49,84.6,升,101.0,14,False,,0.0429,0.0518,,False,True,2.05,0.39,5.87,3.14,0.6,14.6,OHLC,↑,HH/HL,自然回檔,False,262,1,universe
SERV,2026-09-16,4.29,0.28,False,4.88,-0.042,-0.28,True,53.7,0.33,53.4,False,6.59,4.44,12.6,0.8,D 趨勢弱,False,5:17,158.6,跌,38.0,4,False,,-0.0289,-0.0232,-0.0377,False,False,-13.64,-2.07,4.98,-16.08,-2.44,15.0,OHLC,↓,LH/LL,DT,False,262,1,universe
LMB,2026-09-16,52.56,2.62,False,47.15,-0.424,-0.56,True,52.5,0.59,51.9,False,4.98,6.35,0.0,-4.1,E 延伸,False,2:49,84.6,升,98.0,15,False,,1.6935,1.6956,,False,False,10.29,2.07,47.02,10.54,2.12,23.7,OHLC,↑,HH/HL,UT,False,262,1,universe
LINC,2026-09-16,25.17,1.6,False,28.89,-0.293,-0.84,True,52.4,0.21,52.2,False,6.35,5.01,19.8,1.9,D 趨勢弱,False,2:49,84.6,升,117.0,13,False,,0.7067,0.698,,False,False,-14.76,-2.33,25.61,-1.75,-0.28,22.7,OHLC,—,LH/LL,自然反彈,True,262,1,universe
AMBQ,2026-09-16,59.9,3.85,False,61.5,-0.215,-0.04,False,52.3,-0.57,52.9,False,6.42,4.95,50.5,-6.5,D 趨勢弱,False,1:25,42.6,升,74.0,10,False,,0.7255,0.8394,,False,True,-2.68,-0.42,61.44,-2.57,-0.4,25.6,OHLC,—,LH/LL,次級反彈,False,262,1,universe
TSSI,2026-09-16,8.35,0.56,False,9.41,-0.07,-0.43,True,51.2,1.47,49.7,False,6.68,4.96,3.1,3.1,D 趨勢弱,False,11:53,356.5,升,48.0,7,False,,0.0925,0.0973,,False,False,-12.71,-1.9,8.66,-3.71,-0.56,7.2,OHLC,↓,LH/LL,自然反彈,False,262,1,universe
ASYS,2026-09-16,13.85,0.9,False,15.33,-0.079,-0.11,True,50.6,0.61,50.0,False,6.48,5.32,29.4,-0.5,D 趨勢弱,False,4:06,123.1,跌,18.0,2,False,,-0.0386,-0.0185,-0.3413,False,False,-10.7,-1.65,15.49,-11.84,-1.83,5.5,OHLC,↓,LH/LL,DT,False,262,1,universe
BRR,2026-09-16,3.25,0.21,True,2.53,0.067,1.47,False,50.5,-0.06,50.6,False,6.33,5.49,27.6,0.3,E 延伸,False,2:49,84.6,升,98.0,21,False,,0.0784,0.0833,,False,False,22.19,3.51,3.14,3.38,0.54,4.8,OHLC,↑,HH/HL,UT,False,262,1,universe
ANGI,2026-09-16,5.29,0.32,False,4.77,-0.016,-0.38,True,50.3,0.69,49.6,False,6.11,5.76,10.0,0.7,E 延伸,False,2:49,84.6,升,151.0,17,False,,0.0756,0.0514,,False,False,9.83,1.61,4.67,11.72,1.92,4.2,OHLC,↑,HH/HL,UT,False,262,1,universe
GLUE,2026-09-16,12.65,0.88,False,14.58,-0.194,-1.27,True,48.1,0.38,47.7,False,6.99,5.45,23.3,-1.7,D 趨勢弱,False,2:49,84.6,升,158.0,15,False,,0.0866,0.1499,,False,False,-15.26,-2.19,14.38,-13.68,-1.96,14.7,OHLC,↓,LH/LL,DT,False,262,1,universe
SEZL,2026-09-16,117.32,6.78,False,126.44,-1.376,-0.58,True,47.9,0.15,47.8,False,5.78,6.71,54.0,3.4,D 趨勢弱,False,2:49,84.6,升,158.0,14,False,,1.1759,1.3073,,False,False,-7.77,-1.35,121.57,-3.62,-0.63,45.1,OHLC,—,LH/LL,DT,True,262,1,universe
TTMI,2026-09-16,114.0,8.53,False,125.91,-0.494,0.17,True,45.9,1.19,44.8,False,7.49,5.53,33.4,0.1,D 趨勢弱,False,2:49,84.6,升,126.0,14,False,,0.1653,0.4189,,False,False,-10.44,-1.4,109.53,3.92,0.52,233.9,OHLC,—,HH/HL,DT,False,262,1,universe
CCB,2026-09-16,45.41,2.37,True,47.84,0.204,0.74,False,45.7,-0.4,46.1,False,5.21,7.87,17.8,3.5,D 趨勢弱,False,1:11,35.5,升,70.0,23,False,,0.4599,0.6378,,False,False,-5.34,-1.03,48.48,-6.76,-1.3,7.9,OHLC,↓,LH/LL,DT,False,262,1,universe
ASPI,2026-09-16,3.15,0.26,False,3.91,-0.045,-0.53,True,45.2,0.2,45.0,False,8.22,5.0,0.0,0.0,D 趨勢弱,False,4:40,140.0,跌,28.0,4,False,,-0.0703,-0.0656,-0.1385,False,False,-24.14,-2.94,4.02,-27.62,-3.36,11.3,OHLC,↓,LH/LL,DT,False,262,1,universe
PRME,2026-09-16,3.0,0.24,True,3.34,0.004,0.17,False,45.1,-1.72,46.8,False,8.12,5.14,19.6,-3.7,D 趨勢弱,False,5:03,151.4,跌,34.0,5,False,,-0.0725,-0.0613,-0.1091,False,False,-11.5,-1.42,,,,8.7,OHLC,—,HH/HL,DT,False,262,1,universe
BHVN,2026-09-16,12.02,1.07,False,14.64,-0.035,-0.3,True,44.4,1.48,42.9,False,8.9,4.55,25.2,-0.4,D 趨勢弱,False,4:55,147.4,跌,32.0,6,False,,-0.4009,-0.3765,-0.4009,False,False,-21.77,-2.45,14.14,-17.64,-1.98,44.2,OHLC,↓,LH/LL,DT,False,262,1,universe
STRO,2026-09-16,15.6,1.43,False,19.97,-0.217,-1.3,False,44.3,-1.78,46.1,False,9.16,4.32,17.5,-1.3,D 趨勢弱,True,6:24,192.2,跌,57.0,6,False,,-0.3015,-0.2589,-0.8525,False,False,-28.01,-3.06,20.82,-33.46,-3.65,4.1,OHLC,↓,LH/LL,DT,False,262,1,universe
CMRC,2026-09-16,3.43,0.23,True,2.52,0.005,0.61,False,44.2,-0.46,44.7,False,6.71,6.79,30.0,-1.2,E 延伸,False,2:49,84.6,升,142.0,16,False,,0.1472,0.1625,,False,False,26.58,3.96,2.36,31.2,4.65,4.9,OHLC,↑,HH/HL,自然回檔,False,262,1,universe
MARA,2026-09-16,11.04,0.87,False,10.82,-0.008,0.05,False,44.0,-0.11,44.1,False,7.88,5.69,25.3,-19.0,D 趨勢弱,False,2:49,84.6,升,245.0,19,False,,0.0439,0.0904,,False,True,1.98,0.25,9.99,9.51,1.21,563.1,OHLC,—,HH/HL,DT,False,262,1,universe
UTI,2026-09-16,20.88,1.51,False,24.21,-0.267,-1.1,True,43.5,1.19,42.3,False,7.25,6.46,0.0,0.0,D 趨勢弱,False,2:49,84.6,升,259.0,12,False,,0.5426,0.5093,,False,False,-15.97,-2.2,22.2,-6.32,-0.87,36.5,OHLC,—,LH/LL,自然反彈,True,262,1,universe
SPRY,2026-09-16,4.16,0.35,False,5.55,-0.03,-0.46,True,42.5,0.21,42.3,False,8.41,5.6,10.0,0.0,D 趨勢弱,False,5:34,167.1,跌,43.0,6,False,,-0.1323,-0.1185,-0.2082,False,False,-33.19,-3.95,5.46,-31.09,-3.7,6.3,OHLC,↓,LH/LL,DT,False,262,1,universe
SMR,2026-09-16,8.3,0.71,False,9.4,-0.046,0.0,True,42.4,0.09,42.3,False,8.6,5.45,5.3,0.5,D 趨勢弱,False,4:25,132.5,跌,24.0,3,False,,-0.1829,-0.1449,-0.1829,False,False,-13.26,-1.54,,,,314.1,OHLC,—,HH/HL,DT,False,262,1,universe
SSTK,2026-09-16,4.94,0.37,False,5.54,-0.04,-0.28,True,42.1,2.33,39.7,False,7.48,6.67,16.3,5.7,D 趨勢弱,False,2:49,84.6,升,114.0,33,False,,0.0288,0.0352,,False,False,-12.16,-1.63,5.26,-6.48,-0.87,4.7,OHLC,↓,LH/LL,DT,False,262,1,universe
LASR,2026-09-16,38.56,2.94,False,48.3,-0.954,-1.03,True,41.2,1.42,39.8,False,7.61,6.81,18.0,9.7,D 趨勢弱,False,2:49,84.6,升,122.0,7,False,,0.4463,0.389,,False,False,-25.25,-3.32,40.37,-4.69,-0.62,48.5,OHLC,—,LH/LL,DT,True,262,1,universe
NABL,2026-09-16,3.85,0.28,False,3.75,-0.016,-0.21,False,41.0,-0.81,41.8,False,7.14,7.34,0.0,-5.0,E 延伸,False,2:49,84.6,升,112.0,14,False,,0.0233,0.037,,False,True,2.66,0.37,4.19,-8.83,-1.24,9.7,OHLC,—,LH/LL,自然回檔,True,262,1,universe
VPG,2026-09-16,61.04,4.66,False,67.12,-1.259,-0.92,True,40.8,1.01,39.8,False,7.63,6.92,38.6,-0.2,D 趨勢弱,False,2:49,84.6,升,114.0,18,False,,1.1703,1.2365,,False,False,-9.96,-1.31,64.68,-5.96,-0.78,25.5,OHLC,—,LH/LL,DT,True,262,1,universe
EOSE,2026-09-16,3.94,0.34,False,3.79,-0.021,0.16,False,38.9,-0.85,39.8,False,8.64,6.51,24.9,-3.9,D 趨勢弱,False,12:55,27.4,升,65.0,10,False,,0.0786,0.0908,,False,True,3.6,0.42,3.82,2.92,0.34,103.3,OHLC,↑,HH/HL,次級回檔,False,262,1,universe
MYGN,2026-09-16,3.86,0.24,True,3.27,0.031,0.33,False,38.7,-0.65,39.3,False,6.23,9.01,5.0,0.0,E 延伸,False,2:49,84.6,升,158.0,19,False,,0.1434,0.1393,,False,False,15.16,2.43,3.06,20.73,3.33,7.4,OHLC,↑,HH/HL,UT,False,262,1,universe
AMPG,2026-09-16,3.34,0.29,False,4.32,-0.042,-0.41,True,35.4,1.25,34.2,False,8.71,7.68,29.3,5.5,D 趨勢弱,False,11:21,340.4,升,39.0,9,False,,0.0777,0.0784,,False,False,-29.28,-3.36,3.56,-6.74,-0.77,4.0,OHLC,—,LH/LL,DT,True,262,1,universe
TDUP,2026-09-16,2.46,0.2,False,3.06,-0.084,-1.36,True,32.0,0.5,31.5,False,8.21,9.6,11.0,1.0,D 趨勢弱,False,1:05,32.3,升,68.0,14,False,,0.0897,0.099,,False,False,-24.27,-2.96,2.72,-10.57,-1.29,5.1,OHLC,—,LH/LL,DT,True,262,1,universe
CABO,2026-09-16,18.94,3.01,False,27.13,-0.71,-0.92,True,20.6,0.93,19.7,False,15.89,8.48,0.0,0.0,D 趨勢弱,False,3:59,119.3,跌,16.0,2,False,,-0.0882,-0.0801,-1.3731,False,False,-43.23,-2.72,26.34,-39.07,-2.46,5.9,OHLC,↓,LH/LL,DT,False,262,1,universe
MPLT,2026-09-16,11.4,1.24,False,12.5,-0.044,-0.45,False,16.1,-0.3,16.4,False,10.84,17.71,23.6,1.4,D 趨勢弱,False,2:49,84.6,升,164.0,22,False,,0.3547,0.4908,,False,True,-9.63,-0.89,12.54,-10.0,-0.92,6.7,OHLC,—,HH/HL,DT,True,223,1,universe
WU,2026-09-16,6.54,0.22,False,7.15,-0.013,0.17,False,73.9,-1.9,75.8,False,3.39,3.51,16.1,-0.9,D 趨勢弱,False,5:01,150.6,跌,34.0,6,False,2.0,-0.0344,-0.0131,-0.2047,False,False,-9.37,-2.77,7.03,-7.49,-2.21,48.0,OHLC,↓,LH/LL,DT,False,262,0,universe
CMG,2026-09-16,33.68,1.26,False,35.24,-0.014,-0.18,False,73.8,-0.46,74.3,False,3.75,3.16,32.5,1.7,D 趨勢弱,False,5:27,163.6,跌,41.0,6,False,2.0,-0.4405,-0.3031,-0.4405,False,False,-4.64,-1.24,37.22,-10.51,-2.81,440.7,OHLC,—,HH/HL,DT,False,262,0,universe
DRVN,2026-09-16,12.07,0.56,False,12.86,-0.073,-0.6,False,69.5,-1.51,71.0,False,4.67,3.06,12.2,-3.5,D 趨勢弱,False,5:14,157.0,跌,37.0,4,False,2.0,-0.0369,-0.0156,-0.2825,False,False,-6.52,-1.4,12.52,-3.73,-0.8,13.2,OHLC,↓,LH/LL,DT,False,262,0,universe
LMND,2026-09-16,48.57,2.36,False,51.95,-0.213,0.31,False,59.2,-0.65,59.8,False,4.87,4.94,22.2,2.7,D 趨勢弱,False,5:38,169.1,跌,44.0,5,False,2.0,-0.132,-0.0786,-2.5542,False,False,-6.95,-1.43,52.98,-9.08,-1.86,44.1,OHLC,↓,LH/LL,DT,False,262,0,universe
PHAT,2026-09-16,7.69,0.54,False,8.79,-0.04,-0.43,False,49.6,-1.92,51.5,False,7.06,5.0,10.0,-0.2,D 趨勢弱,False,5:11,155.5,跌,36.0,4,False,2.0,-0.0871,-0.0438,-0.378,False,False,-14.35,-2.03,8.68,-12.87,-1.82,8.5,OHLC,↓,LH/LL,DT,False,262,0,universe
ULCC,2026-09-16,5.61,0.29,False,6.24,-0.142,-1.18,False,60.7,-0.46,61.2,False,5.24,4.26,44.0,3.2,D 趨勢弱,False,10:14,307.2,升,21.0,3,False,3.0,0.011,0.0047,,False,False,-11.18,-2.14,5.96,-6.24,-1.19,13.7,OHLC,—,LH/LL,DT,True,262,0,universe
VYX,2026-09-16,7.11,0.54,False,8.39,-0.058,-0.19,False,50.9,-1.96,52.9,False,7.55,4.16,7.7,-1.9,D 趨勢弱,False,5:28,164.2,跌,41.0,5,False,3.0,-0.1593,-0.1016,-0.1593,False,False,-18.0,-2.38,8.55,-20.25,-2.68,19.6,OHLC,↓,LH/LL,DT,False,262,0,universe
ADNT,2026-09-16,18.23,0.89,False,19.32,-0.102,-0.47,False,67.4,-0.32,67.7,False,4.88,3.25,15.7,0.6,D 趨勢弱,False,4:02,121.0,跌,17.0,2,False,4.0,-0.0406,-0.0161,-0.24,False,False,-5.99,-1.23,19.06,-4.55,-0.93,14.6,OHLC,↓,LH/LL,DT,False,262,0,universe
WRBY,2026-09-16,23.55,1.4,False,25.66,-0.229,-0.34,False,61.0,-0.77,61.8,False,5.94,3.48,18.6,-4.7,C 基底修復,False,3:29,104.3,跌,8.0,1,False,7.0,-0.0176,0.0437,-0.598,False,False,-8.96,-1.51,24.92,-5.82,-0.98,56.0,OHLC,—,LH/LL,DT,True,262,0,universe
NVTS,2026-09-16,10.48,0.86,False,12.54,-0.073,0.13,False,41.7,-0.84,42.6,False,8.19,6.06,23.5,0.4,D 趨勢弱,False,4:51,145.4,跌,31.0,3,False,7.0,-0.0576,-0.0335,-0.1325,False,False,-19.67,-2.4,11.63,-10.97,-1.34,119.9,OHLC,↓,LH/LL,DT,False,262,0,universe
DBGI,2026-09-16,4.1,1.93,False,6.95,-0.047,-2.01,False,4.3,-0.27,4.6,False,47.06,14.52,0.0,0.0,D 趨勢弱,False,10:07,303.6,升,19.0,5,False,7.0,0.4505,0.4725,,False,False,-69.63,-1.48,3.77,8.05,0.17,7.9,OHLC,—,LH/LL,次級回檔,True,262,0,universe
ARCB,2026-09-16,129.97,5.67,False,138.03,-0.607,-0.34,False,73.6,-1.2,74.8,False,4.36,2.59,52.3,-7.9,D 趨勢弱,False,3:32,106.0,跌,9.0,1,False,8.0,-0.2067,0.115,-2.1443,False,False,-6.2,-1.42,139.12,-7.04,-1.61,30.9,OHLC,↓,LH/LL,DT,False,262,0,universe
HY,2026-09-16,33.54,1.35,False,34.96,-0.056,-0.03,False,70.9,-0.28,71.2,False,4.03,3.43,28.0,9.8,C 基底修復,False,5:38,168.9,跌,44.0,4,False,8.0,-0.1073,-0.1049,-0.2741,False,False,-4.22,-1.05,35.36,-5.43,-1.35,3.1,OHLC,—,LH/LL,自然回檔,False,262,0,universe
ENPH,2026-09-16,35.56,2.09,False,38.13,-0.258,-0.1,False,59.9,-1.09,61.0,False,5.89,3.78,12.0,1.3,D 趨勢弱,False,11:28,344.1,升,41.0,7,False,8.0,0.0707,0.1331,,False,False,-7.24,-1.23,34.65,2.56,0.43,144.3,OHLC,—,HH/HL,DT,True,262,0,universe
TNGX,2026-09-16,23.35,1.44,False,24.84,-0.165,-0.37,False,59.0,-0.57,59.6,False,6.15,3.7,42.3,-2.7,C 基底修復,False,1:26,42.9,升,74.0,6,False,8.0,0.203,0.2328,,False,False,-6.39,-1.04,24.0,-2.78,-0.45,53.1,OHLC,↓,LH/LL,自然回檔,False,262,0,universe
RMBS,2026-09-16,81.41,4.45,False,90.75,-0.642,-0.27,False,58.9,-0.35,59.3,False,5.47,4.4,10.0,0.0,D 趨勢弱,False,1:48,54.0,升,80.0,7,False,8.0,0.0725,0.154,,False,False,-11.48,-2.1,83.11,-2.09,-0.38,157.0,OHLC,—,LH/LL,自然回檔,True,262,0,universe
KDK,2026-09-16,3.6,0.24,False,3.97,-0.038,-0.45,False,56.6,-2.15,58.7,False,6.65,3.73,1.7,-4.8,D 趨勢弱,False,1:34,47.1,升,76.0,8,False,8.0,0.0225,0.0339,,False,False,-10.38,-1.56,3.89,-8.06,-1.21,4.1,OHLC,↓,LH/LL,DT,False,245,0,universe
MRLN,2026-09-16,2.21,0.35,False,3.24,-0.307,-1.06,False,22.4,-13.83,36.2,False,15.67,7.38,0.0,-10.0,D 趨勢弱,False,3:30,104.8,跌,8.0,1,False,8.0,-0.0285,0.0223,-0.0377,False,False,-46.54,-2.97,3.05,-38.01,-2.42,3.7,OHLC,↓,LH/LL,DT,False,262,0,universe
ALK,2026-09-16,39.68,1.58,False,43.36,-0.457,-0.95,False,74.7,-0.77,75.5,False,3.98,2.76,15.5,2.9,D 趨勢弱,False,11:30,344.8,升,42.0,4,False,9.0,0.0344,0.0524,,False,False,-9.27,-2.33,41.16,-3.73,-0.94,92.5,OHLC,—,LH/LL,DT,True,262,0,universe
JBHT,2026-09-16,236.73,9.88,False,264.86,-5.216,-0.55,False,73.8,-10.71,84.5,False,4.17,2.74,23.6,-45.6,D 趨勢弱,False,3:27,103.5,跌,7.0,1,False,9.0,-1.0053,1.3474,-2.8565,False,False,-11.88,-2.85,265.47,-12.14,-2.91,233.2,OHLC,—,LH/LL,自然回檔,False,262,0,universe
GCO,2026-09-16,33.39,1.54,False,34.95,-0.098,-0.34,False,71.8,-0.28,72.1,False,4.62,2.66,38.9,-2.9,C 基底修復,False,12:00,0.0,升,50.0,8,False,9.0,0.0779,0.1526,,False,False,-4.68,-1.01,33.31,0.24,0.05,8.4,OHLC,↑,HH/HL,次級回檔,False,262,0,universe
TCMD,2026-09-16,22.17,0.89,False,23.96,-0.168,-0.7,False,71.3,-0.21,71.5,False,4.02,3.37,16.6,-13.1,D 趨勢弱,False,11:42,350.9,升,45.0,5,False,9.0,0.1703,0.1705,,False,False,-8.05,-2.0,23.0,-3.74,-0.93,6.6,OHLC,—,LH/LL,自然反彈,True,262,0,universe
MCHP,2026-09-16,69.59,2.93,False,76.1,-0.36,-0.16,False,69.4,-1.17,70.5,False,4.21,3.54,19.3,-4.5,D 趨勢弱,False,3:22,100.8,跌,6.0,1,False,9.0,-0.0327,0.0989,-0.9896,False,False,-9.36,-2.22,74.17,-6.58,-1.56,535.2,OHLC,↓,LH/LL,DT,False,262,0,universe
ALGT,2026-09-16,78.64,3.86,False,82.52,-0.794,-0.9,False,67.7,-0.89,68.6,False,4.91,3.17,21.1,1.9,D 趨勢弱,False,12:55,27.6,升,65.0,8,False,9.0,0.9657,0.8908,,False,False,-4.94,-1.01,78.16,0.61,0.12,43.0,OHLC,—,LH/LL,自然反彈,True,262,0,universe
FSLR,2026-09-16,191.07,9.98,False,219.87,-2.513,-0.3,False,67.5,-3.07,70.6,False,5.22,2.9,2.7,-12.3,D 趨勢弱,False,3:32,106.0,跌,9.0,1,False,9.0,-0.4202,0.427,-2.2569,False,False,-15.07,-2.89,210.1,-9.96,-1.91,366.8,OHLC,↓,LH/LL,DT,False,262,0,universe
TTI,2026-09-16,6.28,0.36,False,7.37,-0.077,-0.5,False,60.7,-2.62,63.3,False,5.7,3.8,2.8,-6.1,D 趨勢弱,False,12:34,17.2,升,60.0,8,False,9.0,0.0124,0.0328,,False,False,-17.33,-3.04,6.61,-5.25,-0.92,12.3,OHLC,↓,LH/LL,DT,False,262,0,universe
POWI,2026-09-16,47.65,2.84,False,54.58,-0.487,-0.59,False,57.6,-0.4,58.0,False,5.96,4.2,10.6,-0.9,D 趨勢弱,False,11:25,342.7,升,40.0,5,False,9.0,0.1498,0.1916,,False,False,-14.55,-2.44,51.7,-8.5,-1.43,38.0,OHLC,↓,LH/LL,DT,False,262,0,universe
SHLS,2026-09-16,6.82,0.48,False,7.57,-0.163,-0.84,False,49.3,-0.69,50.0,False,7.11,5.02,12.1,-0.9,D 趨勢弱,False,11:07,333.7,升,35.0,8,False,9.0,0.0725,0.0906,,False,False,-10.94,-1.54,7.42,-8.8,-1.24,32.4,OHLC,—,LH/LL,DT,True,262,0,universe
UAMY,2026-09-16,4.56,0.39,False,5.34,-0.033,-0.15,False,38.8,-0.4,39.2,False,8.57,6.62,10.0,0.0,D 趨勢弱,False,4:21,130.6,跌,23.0,2,False,9.0,-0.0213,-0.0086,-0.0602,False,False,-17.14,-2.0,5.29,-16.01,-1.87,29.8,OHLC,↓,LH/LL,DT,False,262,0,universe
BW,2026-09-16,6.79,0.68,False,8.53,-0.074,-0.39,False,36.2,-0.32,36.5,False,10.05,6.07,25.0,10.0,D 趨勢弱,False,12:16,7.9,升,54.0,7,False,9.0,0.0701,0.0907,,False,False,-25.6,-2.55,7.92,-16.64,-1.66,30.6,OHLC,—,LH/LL,DT,True,262,0,universe
VKTX,2026-09-16,29.52,1.5,False,33.17,-0.19,-0.24,False,66.1,-0.48,66.6,False,5.08,3.32,10.0,-12.3,D 趨勢弱,False,5:16,157.9,跌,38.0,5,False,10.0,-0.3844,-0.2992,-0.8298,False,False,-12.37,-2.43,34.95,-18.39,-3.62,57.1,OHLC,↓,LH/LL,DT,False,262,0,universe
BCAX,2026-09-16,22.0,1.31,False,24.45,-0.173,-0.46,False,61.0,-0.71,61.7,False,5.94,3.5,35.3,-15.9,D 趨勢弱,False,3:56,118.2,跌,16.0,2,False,10.0,-0.0551,-0.0101,-0.4681,False,False,-11.12,-1.87,23.71,-7.77,-1.31,11.5,OHLC,↓,LH/LL,DT,False,262,0,universe
NXT,2026-09-16,78.03,4.54,False,89.75,-0.809,-0.61,False,59.8,-0.7,60.5,False,5.81,3.87,11.5,-0.4,D 趨勢弱,False,12:57,28.6,升,66.0,7,False,10.0,0.1028,0.2497,,False,False,-15.01,-2.58,85.45,-9.51,-1.64,156.7,OHLC,↓,LH/LL,DT,False,262,0,universe
BKV,2026-09-16,22.79,1.17,False,24.72,-0.031,-0.09,False,67.8,-3.41,71.2,False,5.13,2.92,2.0,-5.5,D 趨勢弱,False,4:42,141.0,跌,28.0,4,False,11.0,-0.1977,-0.1031,-0.2598,False,False,-8.48,-1.65,24.35,-6.85,-1.33,53.2,OHLC,↓,LH/LL,DT,False,262,0,universe
RRX,2026-09-16,149.2,6.83,False,167.91,-2.481,-1.2,False,66.8,-0.74,67.6,False,4.58,3.66,1.1,-1.8,D 趨勢弱,False,12:50,24.9,升,64.0,10,False,11.0,0.3686,0.7247,,False,False,-12.54,-2.74,162.29,-8.77,-1.92,184.8,OHLC,↓,LH/LL,DT,False,262,0,universe
WFRD,2026-09-16,82.3,3.86,False,91.74,-0.168,-0.01,False,71.4,-1.6,73.0,False,4.69,2.67,21.8,-3.0,D 趨勢弱,False,5:33,166.6,跌,43.0,5,False,13.0,-1.4641,-1.2168,-1.4641,False,False,-11.47,-2.45,,,,79.3,OHLC,—,HH/HL,DT,False,262,0,universe
PUMP,2026-09-16,10.21,0.61,False,11.32,-0.037,0.09,False,58.7,-0.2,58.9,False,6.01,3.91,25.0,-1.0,D 趨勢弱,False,4:10,125.1,跌,20.0,2,False,13.0,-0.0796,-0.0352,-0.2193,False,False,-10.87,-1.81,11.39,-11.56,-1.92,32.8,OHLC,↓,LH/LL,DT,False,262,0,universe
NOVT,2026-09-16,132.8,5.93,False,152.47,-1.011,-0.07,False,70.2,-1.85,72.1,False,4.47,3.13,25.8,-3.8,D 趨勢弱,False,4:35,137.5,跌,26.0,3,False,14.0,-1.0079,-0.5256,-2.7376,False,False,-14.81,-3.31,,,,43.7,OHLC,—,HH/HL,DT,False,262,0,universe
SYNA,2026-09-16,89.24,4.93,False,98.85,-0.644,-0.43,False,62.2,-5.21,67.4,False,5.53,3.65,26.6,-17.8,D 趨勢弱,False,1:33,46.7,升,76.0,10,False,14.0,0.2898,0.7602,,False,False,-10.77,-1.95,101.03,-13.21,-2.39,65.9,OHLC,↓,LH/LL,自然回檔,False,262,0,universe
AAP,2026-09-16,41.9,2.19,False,46.44,-0.312,-0.6,False,58.4,-0.53,58.9,False,5.24,4.74,10.0,0.0,D 趨勢弱,False,11:20,340.0,升,39.0,6,False,14.0,0.3723,0.4718,,False,False,-10.83,-2.07,42.56,-1.58,-0.3,109.7,OHLC,—,HH/HL,DT,True,262,0,universe
ON,2026-09-16,66.6,3.85,False,75.38,-1.019,-0.67,False,54.6,-4.55,59.2,False,5.78,5.04,15.7,-7.5,D 趨勢弱,False,2:49,84.6,升,158.0,14,False,14.0,0.2252,0.6093,,False,False,-13.19,-2.28,76.14,-14.32,-2.48,582.0,OHLC,↓,LH/LL,自然回檔,False,262,0,universe
WD,2026-09-16,39.27,1.59,False,41.89,-0.295,-0.7,False,73.5,-1.43,75.0,False,4.04,2.92,11.5,2.2,D 趨勢弱,False,1:15,37.6,升,71.0,13,False,,0.1743,0.2597,,False,False,-6.66,-1.65,,,,17.3,OHLC,—,HH/HL,DT,False,262,0,universe
YOU,2026-09-16,40.67,1.82,False,45.95,-0.621,-1.38,False,72.5,-0.92,73.4,False,4.48,2.69,18.5,0.9,D 趨勢弱,False,2:49,84.6,升,229.0,12,False,,0.0601,0.1363,,False,False,-12.99,-2.9,44.59,-9.64,-2.15,72.4,OHLC,↓,LH/LL,DT,False,262,0,universe
TPL,2026-09-16,348.57,15.34,False,365.89,-1.606,-0.3,False,71.9,-3.03,75.0,False,4.4,2.86,22.9,-5.3,D 趨勢弱,False,3:38,108.9,跌,11.0,1,False,,-0.4324,0.9594,-7.4422,False,False,-4.97,-1.13,381.9,-9.56,-2.17,120.9,OHLC,—,LH/LL,自然回檔,False,262,0,universe
SAH,2026-09-16,72.69,2.89,False,79.2,-0.63,-1.84,False,71.7,-0.96,72.6,False,3.98,3.33,24.6,-12.5,D 趨勢弱,False,3:38,108.9,跌,11.0,1,False,,-0.0177,0.1536,-2.8263,False,False,-8.95,-2.25,78.86,-8.49,-2.13,15.9,OHLC,↓,LH/LL,DT,False,262,0,universe
CDW,2026-09-16,149.96,6.57,False,141.88,-0.354,-0.03,False,70.4,-0.17,70.6,False,4.38,3.17,58.5,-2.4,B 上升結構,False,10:52,325.9,升,31.0,4,False,,0.2794,0.4641,,False,False,5.39,1.23,142.37,5.06,1.16,254.2,OHLC,↑,HH/HL,次級回檔,False,262,0,universe
NGL,2026-09-16,16.33,0.76,False,17.53,-0.003,0.34,False,70.0,-2.17,72.1,False,4.68,2.96,59.0,-21.2,D 趨勢弱,False,4:58,148.9,跌,33.0,7,False,,-0.2052,-0.1404,-0.2052,False,False,-7.34,-1.57,16.88,-3.37,-0.72,3.5,OHLC,—,HH/HL,DT,False,262,0,universe
SNDX,2026-09-16,17.28,0.83,False,19.6,-0.103,-0.23,False,69.2,-1.42,70.7,False,4.78,2.99,8.4,-4.5,D 趨勢弱,False,4:40,140.0,跌,28.0,5,False,,-0.2532,-0.1939,-0.5382,False,False,-13.42,-2.81,20.16,-16.67,-3.48,23.3,OHLC,↓,LH/LL,DT,False,262,0,universe
CC,2026-09-16,14.42,0.65,False,15.26,-0.114,-0.48,False,65.1,-0.78,65.9,False,4.53,4.05,21.7,-0.9,D 趨勢弱,False,4:08,123.9,跌,19.0,2,False,,-0.0237,-0.0045,-0.1178,False,False,-5.81,-1.28,15.68,-8.74,-1.93,24.6,OHLC,↓,LH/LL,DT,False,262,0,universe
CRK,2026-09-16,13.1,0.71,False,14.56,-0.015,0.42,False,65.1,-5.05,70.2,False,5.41,3.17,11.7,-11.5,D 趨勢弱,False,4:40,140.2,跌,28.0,3,False,,-0.1919,-0.0934,-0.1919,False,False,-11.17,-2.06,,,,37.0,OHLC,—,HH/HL,DT,False,262,0,universe
WNC,2026-09-16,11.83,0.69,False,12.77,-0.006,0.05,False,62.2,-2.78,65.0,False,5.81,3.37,52.4,-10.6,C 基底修復,False,4:37,138.4,跌,27.0,5,False,,-0.1696,-0.1202,-0.2419,False,False,-7.98,-1.37,12.77,-7.95,-1.37,7.6,OHLC,—,HH/HL,DT,False,262,0,universe
CRNC,2026-09-16,7.85,0.43,False,8.42,-0.037,-0.11,False,61.9,-0.2,62.1,False,5.44,3.8,23.8,2.0,D 趨勢弱,False,2:49,84.6,升,99.0,14,False,,0.0004,0.0266,,False,False,-7.27,-1.34,8.51,-8.41,-1.54,5.2,OHLC,↓,LH/LL,DT,False,262,0,universe
OI,2026-09-16,6.15,0.34,False,6.9,-0.07,-0.71,False,60.0,-1.2,61.2,False,5.45,4.19,17.9,-0.5,D 趨勢弱,False,4:34,137.1,跌,26.0,4,False,,-0.0403,-0.0255,-0.2325,False,False,-12.19,-2.24,6.58,-6.99,-1.28,18.2,OHLC,↓,LH/LL,DT,False,262,0,universe
LEGN,2026-09-16,17.0,1.02,False,20.34,-0.12,-0.22,False,59.7,-1.14,60.8,False,5.99,3.72,0.0,-11.7,D 趨勢弱,False,4:55,147.7,跌,32.0,5,False,,-0.3243,-0.2525,-0.5375,False,False,-19.64,-3.28,21.89,-28.76,-4.8,34.0,OHLC,↓,LH/LL,DT,False,262,0,universe
RUN,2026-09-16,8.27,0.47,False,9.31,-0.11,-0.55,False,59.7,-0.19,59.9,False,5.73,3.97,10.0,0.0,D 趨勢弱,False,1:57,58.5,升,82.0,10,False,,0.018,0.0268,,False,False,-12.6,-2.2,9.14,-10.51,-1.83,58.3,OHLC,↓,LH/LL,DT,False,262,0,universe
RLMD,2026-09-16,4.22,0.26,False,4.57,-0.034,-0.75,False,59.0,-2.42,61.4,False,6.13,3.72,18.5,-4.0,D 趨勢弱,False,11:09,334.7,升,36.0,4,False,,0.0347,0.0436,,False,False,-8.26,-1.35,4.52,-7.11,-1.16,5.0,OHLC,↓,LH/LL,自然回檔,False,262,0,universe
GPGI,2026-09-16,11.92,0.75,False,13.48,-0.095,-0.25,False,58.6,-1.64,60.2,False,6.27,3.67,5.4,-6.4,D 趨勢弱,False,4:22,131.1,跌,23.0,3,False,,-0.1124,-0.0544,-0.2126,False,False,-13.06,-2.08,,,,20.8,OHLC,—,HH/HL,DT,False,262,0,universe
ARRY,2026-09-16,4.2,0.26,False,4.89,-0.061,-0.55,False,58.4,-1.48,59.9,False,6.3,3.67,10.0,-1.7,D 趨勢弱,False,2:15,67.3,升,87.0,15,False,,0.0242,0.0402,,False,False,-16.51,-2.62,4.7,-11.9,-1.89,24.7,OHLC,↓,LH/LL,DT,False,262,0,universe
VCYT,2026-09-16,38.5,2.2,False,43.05,-0.286,-0.87,False,57.8,-2.09,59.9,False,5.71,4.41,26.6,-13.1,D 趨勢弱,False,3:25,102.7,跌,7.0,1,False,,-0.1154,0.0366,-1.7498,False,False,-11.83,-2.07,43.86,-13.92,-2.44,48.7,OHLC,↓,LH/LL,DT,False,262,0,universe
CWH,2026-09-16,5.56,0.36,False,6.35,-0.042,-0.19,False,57.6,-0.77,58.3,False,6.39,3.77,14.4,-0.5,D 趨勢弱,False,5:15,157.5,跌,38.0,6,False,,-0.1031,-0.0799,-0.1031,False,False,-14.26,-2.23,,,,9.2,OHLC,—,HH/HL,DT,False,262,0,universe
RHLD,2026-09-16,119.87,7.37,False,131.7,-0.511,-0.04,False,57.5,-0.33,57.9,False,6.15,4.02,25.5,-4.9,D 趨勢弱,False,4:54,147.1,跌,32.0,5,False,,-1.5156,-1.0843,-2.1039,False,False,-9.87,-1.61,138.51,-15.55,-2.53,19.5,OHLC,↓,LH/LL,DT,False,262,0,universe
EVC,2026-09-16,7.89,0.47,False,9.19,-0.075,-0.83,False,55.6,-0.58,56.1,False,6.01,4.6,53.8,-1.4,D 趨勢弱,False,2:49,84.6,升,105.0,10,False,,0.076,0.1067,,False,False,-16.44,-2.74,8.67,-9.89,-1.64,8.9,OHLC,—,LH/LL,DT,True,262,0,universe
BULL,2026-09-16,7.69,0.54,False,8.79,-0.027,0.19,False,54.1,-6.84,60.9,False,7.06,3.89,37.4,-9.9,D 趨勢弱,False,5:00,150.0,跌,33.0,5,False,,-0.2031,-0.1148,-0.2031,False,False,-14.36,-2.03,,,,154.2,OHLC,—,HH/HL,DT,False,262,0,universe
LIF,2026-09-16,40.71,2.39,False,48.18,-0.716,-0.76,False,52.6,-0.78,53.4,False,5.86,5.45,10.0,-0.6,D 趨勢弱,False,10:46,322.8,升,29.0,4,False,,0.1603,0.2528,,False,False,-18.35,-3.13,44.17,-8.5,-1.45,24.4,OHLC,↓,LH/LL,DT,False,262,0,universe
CEVA,2026-09-16,27.81,1.71,False,29.96,-0.179,-0.33,False,50.9,-0.05,51.0,False,6.15,5.56,31.4,-0.4,D 趨勢弱,False,2:49,84.6,升,136.0,10,False,,0.4714,0.4974,,False,False,-7.72,-1.25,28.42,-2.19,-0.36,19.8,OHLC,—,LH/LL,自然回檔,True,262,0,universe
ABAT,2026-09-16,2.12,0.16,False,2.52,-0.009,0.3,False,50.2,-2.27,52.5,False,7.61,4.29,2.2,-2.7,D 趨勢弱,False,4:58,148.8,跌,33.0,4,False,,-0.0599,-0.0431,-0.0599,False,False,-19.1,-2.51,,,,7.3,OHLC,—,HH/HL,DT,False,262,0,universe
ASMB,2026-09-16,25.48,1.97,False,31.98,-0.18,-0.16,False,49.7,-0.25,50.0,False,7.75,4.26,7.0,0.1,D 趨勢弱,False,5:05,152.3,跌,35.0,6,False,,-1.356,-1.2095,-1.356,False,False,-25.51,-3.29,,,,8.2,OHLC,—,HH/HL,DT,False,262,0,universe
FLNC,2026-09-16,9.05,0.75,False,11.88,-0.261,-0.88,False,44.1,-0.68,44.7,False,8.31,5.24,12.2,-1.0,D 趨勢弱,False,3:33,106.7,跌,9.0,1,False,,-0.0061,0.0097,-0.1929,False,False,-31.31,-3.77,9.93,-9.72,-1.17,53.5,OHLC,↓,LH/LL,DT,False,262,0,universe
ENVX,2026-09-16,2.92,0.23,False,3.61,-0.037,-0.61,False,43.5,-0.01,43.5,False,7.87,5.84,10.0,0.0,D 趨勢弱,False,2:49,84.6,升,141.0,13,False,,0.0088,0.0135,,False,False,-23.62,-3.0,3.4,-16.44,-2.09,18.2,OHLC,↓,LH/LL,DT,False,262,0,universe
BKKT,2026-09-16,7.17,0.63,False,7.81,-0.015,0.1,False,42.8,-2.85,45.7,False,8.75,5.17,24.3,0.1,D 趨勢弱,False,4:29,134.3,跌,25.0,2,False,,-0.0592,-0.0012,-0.0684,False,False,-8.93,-1.02,8.63,-20.36,-2.33,10.6,OHLC,↓,LH/LL,次級回檔,False,262,0,universe
CCOI,2026-09-16,8.67,0.82,False,9.97,-0.102,-0.58,False,40.2,-2.24,42.5,False,9.46,5.27,0.0,0.0,D 趨勢弱,False,1:17,38.6,升,71.0,10,False,,0.0279,0.0636,,False,False,-15.04,-1.59,9.33,-7.61,-0.81,15.8,OHLC,—,LH/LL,DT,True,262,0,universe
ALHC,2026-09-16,8.71,0.93,False,12.48,-0.569,-1.65,False,35.5,-8.43,44.0,False,10.62,5.74,0.0,0.0,D 趨勢弱,False,3:36,108.2,跌,10.0,2,False,,-0.2331,-0.0344,-0.7982,False,False,-43.25,-4.07,,,,56.9,OHLC,—,HH/HL,DT,False,262,0,universe
CDNL,2026-09-16,32.43,3.27,False,40.51,-0.923,-1.02,False,30.9,-0.69,31.6,False,10.09,8.18,15.0,-1.8,D 趨勢弱,False,2:49,84.6,升,100.0,16,False,,0.4714,0.5235,,False,False,-24.92,-2.47,35.65,-9.93,-0.98,17.2,OHLC,↓,LH/LL,DT,False,192,0,universe
BIOA,2026-09-16,7.75,0.74,False,9.96,-0.19,-1.05,False,22.0,-0.59,22.6,False,9.58,13.7,21.1,-0.9,D 趨勢弱,False,2:49,84.6,升,192.0,17,False,,0.1608,0.2023,,False,False,-28.51,-2.98,10.11,-30.45,-3.18,4.3,OHLC,↓,LH/LL,DT,False,262,0,universe
EYPT,2026-09-16,3.45,0.64,False,5.58,-0.171,-0.91,False,12.3,-0.25,12.6,False,18.54,15.12,10.0,0.0,D 趨勢弱,False,12:00,0.0,升,50.0,7,False,,0.1643,0.1787,,False,False,-61.78,-3.33,4.79,-38.84,-2.09,14.8,OHLC,—,LH/LL,DT,True,262,0,universe
TNON,2026-09-16,3.91,1.65,False,6.92,-0.018,-1.51,False,4.4,-1.27,5.6,False,42.27,18.8,5.0,-13.1,D 趨勢弱,False,11:32,345.8,升,42.0,5,False,,0.1671,0.239,,False,False,-76.93,-1.82,5.93,-51.66,-1.22,64.2,OHLC,↓,LH/LL,DT,False,262,0,universe
