ticker,date,close,atr,c1,grav,grav_slope,grav_shift5atr,ema21,ema21_slope,c2,ma20,ma20_slope,c3,vcp,vcp_slope,vcp_grade,c4,clock,theta,cycle,cyc_prog,cyc_days,c5,c5_days,hist,hist_prev,hist_trough,still_light,c6,dist_grav_pct,dist_grav_atr,lr_line,dist_lr_pct,dist_lr_atr,lr_dir,struct,mk,inBox,bars,score,lists
CHEF,2026-09-16,109.68,4.33,False,111.31,-0.014,0.04,110.37,-0.069,True,111.38,0.069,True,72.6,3.6,A 待突破,True,8:49,264.6,跌,182.0,23,True,0.0,-0.8619,-0.9269,-1.005,True,True,-1.48,-0.38,108.86,0.75,0.19,—,HH/HL,自然反彈,False,262,5,SubSector_R11
KNSA,2026-09-16,77.62,2.64,True,78.18,0.077,0.01,77.27,0.035,False,78.42,-0.094,True,90.6,6.9,A 待突破,True,8:49,264.6,跌,198.0,24,True,0.0,-0.7223,-0.8782,-0.8782,True,True,-0.73,-0.21,78.47,-1.1,-0.32,—,HH/HL,自然反彈,False,262,5,Combined_R21
SNOW,2026-09-16,331.02,16.47,True,332.2,0.611,0.43,326.08,0.494,True,327.71,0.284,True,70.1,2.9,B 上升結構,True,8:49,264.6,跌,230.0,21,True,0.0,-2.016,-2.2222,-4.0714,True,False,-0.36,-0.07,356.47,-7.69,-1.54,↓,LH/LL,次級反彈,False,262,5,AI_R12+SubSector_R11+Combined_R21
THC,2026-09-16,265.78,8.61,True,266.11,0.704,0.32,263.05,0.273,False,267.32,-0.221,True,75.7,5.3,A 待突破,True,8:49,264.6,跌,173.0,22,True,0.0,-2.0599,-2.4304,-3.6651,True,True,-0.12,-0.04,258.53,2.73,0.84,—,HH/HL,次級回檔,True,262,5,SubSector_R11
TWLO,2026-09-14,231.88,10.45,True,228.88,0.792,0.35,228.42,0.346,False,229.49,-0.316,True,77.3,1.8,B 上升結構,True,8:49,264.6,跌,170.0,17,True,0.0,-1.2721,-1.5043,-3.6314,True,True,1.29,0.29,240.48,-3.71,-0.82,—,LH/LL,次級反彈,True,260,5,10MA_R19
DIS,2026-09-16,106.99,2.27,True,105.99,0.56,1.03,106.12,0.087,True,107.31,0.152,False,53.0,-2.9,C 基底修復,True,7:59,239.4,跌,83.0,11,True,0.0,-0.3108,-0.352,-0.7072,True,True,0.94,0.44,109.2,-2.07,-0.97,—,LH/LL,UT,False,262,5,SubSector_R11
URBN,2026-09-16,77.08,2.99,False,78.07,-0.033,0.01,77.64,-0.056,True,77.87,0.124,True,64.5,2.3,C 基底修復,True,7:07,213.4,跌,69.0,6,True,0.0,-0.4615,-0.488,-0.6237,True,True,-1.28,-0.33,78.58,-1.95,-0.5,↓,LH/LL,自然回檔,False,262,5,Combined_R21
LITE,2026-09-16,919.4,68.6,True,893.26,2.862,0.48,889.42,2.998,True,894.3,2.305,True,75.6,10.3,B 上升結構,False,5:15,157.5,跌,38.0,3,True,0.0,-6.4185,-9.1652,-11.5408,True,True,2.84,0.38,895.0,2.65,0.36,—,HH/HL,自然反彈,False,262,5,AI_R12+SubSector_R11+Combined_R21
PBF,2026-09-16,75.93,4.45,True,71.77,0.405,0.38,73.12,0.281,True,73.27,0.036,True,77.0,3.8,B 上升結構,False,5:09,154.5,跌,36.0,3,True,0.0,-0.3877,-0.4343,-1.0895,True,True,5.48,0.94,71.85,5.37,0.92,↑,HH/HL,UT,False,262,5,10MA_R19+Combined_R21
ANET,2026-09-16,197.54,8.22,True,195.51,0.413,0.44,192.39,0.515,True,192.38,0.218,True,77.5,3.2,A 待突破,True,8:49,264.6,跌,262.0,20,False,1.0,-0.4128,-0.7974,-1.8891,True,True,1.03,0.25,200.68,-1.59,-0.38,—,LH/LL,UT,True,262,5,AI_R12+SubSector_R11+Combined_R21
CNQ,2026-09-16,50.07,1.35,True,49.57,0.15,0.64,50.03,0.004,True,50.55,0.024,True,67.4,7.5,A 待突破,True,7:10,215.2,跌,70.0,8,False,1.0,-0.2332,-0.1737,-0.2332,False,True,1.01,0.37,50.07,0.0,0.0,—,HH/HL,自然回檔,True,262,5,Combined_R21
ITIC,2026-09-16,299.43,7.78,True,293.82,0.212,0.15,296.53,0.29,True,297.56,0.413,True,68.1,0.1,A 待突破,True,8:49,264.6,跌,104.0,11,False,2.0,-0.2153,-0.1026,-1.9785,False,True,1.87,0.72,299.59,-0.05,-0.02,—,LH/LL,自然反彈,True,262,5,10MA_R19
PLTR,2026-09-16,174.34,7.33,True,173.23,2.459,1.17,171.4,0.294,True,175.66,0.14,True,62.1,0.3,B 上升結構,True,7:59,239.4,跌,83.0,11,False,2.0,-2.0073,-2.3919,-3.1552,True,True,0.64,0.15,172.73,0.92,0.22,—,HH/HL,自然反彈,False,262,5,AI_R12+SubSector_R11+Combined_R21
MRNA,2026-09-16,145.62,11.61,True,140.54,0.503,0.27,132.06,1.356,True,145.67,4.133,True,65.1,0.6,E 延伸,True,6:02,180.8,跌,50.0,7,False,2.0,-2.7603,-2.7479,-2.7603,False,True,3.49,0.44,145.13,0.34,0.04,—,LH/LL,次級反彈,True,262,5,Combined_R21
PESI,2026-09-16,18.2,0.94,True,18.26,0.047,0.24,18.08,0.012,True,18.08,0.043,True,81.3,2.2,B 上升結構,True,8:49,264.6,跌,176.0,24,False,3.0,-0.0978,-0.0783,-0.3003,False,True,-0.35,-0.07,18.25,-0.27,-0.05,—,HH/HL,自然回檔,True,262,5,10MA_R19
A,2026-09-16,153.69,4.35,True,151.16,0.403,0.3,149.16,0.453,True,151.68,0.262,True,79.0,4.4,A 待突破,True,7:22,220.9,跌,73.0,12,False,3.0,-0.5797,-1.0842,-1.8271,True,True,1.65,0.58,153.43,0.17,0.06,—,HH/HL,自然反彈,False,262,5,SubSector_R11
DV,2026-09-16,13.49,0.13,True,13.28,0.031,1.83,13.25,0.024,True,13.37,0.011,True,70.8,0.5,A 待突破,True,8:49,264.6,跌,158.0,16,False,4.0,-0.056,-0.0587,-0.1649,True,True,1.56,1.62,13.34,1.11,1.16,↑,HH/HL,UT,False,262,5,10MA_R19
MKTX,2026-09-16,163.35,0.87,True,162.68,0.032,0.69,161.16,0.219,True,162.79,0.039,True,55.1,0.0,C 基底修復,True,8:49,264.6,跌,102.0,20,False,9.0,-1.1279,-1.1863,-1.5588,True,True,0.41,0.78,162.97,0.23,0.44,—,HH/HL,UT,True,262,5,10MA_R19
AWR,2026-09-16,87.17,1.63,False,88.14,0.148,0.21,87.94,-0.077,False,88.68,-0.087,True,62.2,8.3,C 基底修復,True,8:49,264.6,跌,120.0,14,True,0.0,-0.4238,-0.4757,-0.5383,True,True,-1.11,-0.59,88.06,-1.02,-0.55,—,LH/LL,自然回檔,False,262,4,SubSector_R11+Combined_R21
AXTI,2026-09-16,64.3,7.25,True,71.93,0.221,0.38,64.15,0.015,False,63.97,-0.9,True,59.0,15.1,D 趨勢弱,True,8:49,264.6,跌,145.0,17,True,0.0,-0.2763,-0.6269,-2.4073,True,False,-11.86,-1.05,60.61,5.74,0.51,↓,LH/LL,自然反彈,False,262,4,AI_R12+Combined_R21
CTAS,2026-09-16,199.46,3.78,False,201.72,-0.156,-0.43,200.87,-0.141,True,201.92,0.0,False,50.1,-0.4,C 基底修復,True,8:49,264.6,跌,298.0,32,True,0.0,-0.5289,-0.5716,-1.8832,True,True,-1.13,-0.6,201.38,-0.96,-0.51,—,LH/LL,DT,True,262,4,SubSector_R11
JAZZ,2026-09-16,243.59,6.67,False,250.09,-0.601,-0.25,246.2,-0.261,False,247.35,-0.474,True,70.3,1.2,C 基底修復,True,8:49,264.6,跌,197.0,15,True,0.0,-0.5063,-0.6784,-2.0631,True,True,-2.67,-0.97,245.87,-0.94,-0.34,—,LH/LL,自然回檔,True,262,4,Combined_R21
NSIT,2026-09-16,165.19,5.61,True,152.23,1.876,1.21,155.3,0.989,True,155.31,0.798,False,72.8,-4.3,E 延伸,True,8:49,264.6,跌,222.0,20,True,0.0,-0.1471,-0.3373,-1.3199,True,False,7.84,2.31,160.72,2.71,0.8,↑,HH/HL,自然反彈,False,262,4,10MA_R19
SCCO,2026-09-16,189.88,8.69,False,201.12,-0.045,0.14,197.89,-0.801,True,203.46,0.104,True,50.6,1.0,C 基底修復,True,8:49,264.6,跌,116.0,11,True,0.0,-2.9425,-2.9928,-2.9928,True,False,-5.92,-1.29,192.04,-1.14,-0.25,↓,LH/LL,DT,False,262,4,SubSector_R11
MRK,2026-09-16,144.91,3.46,False,144.73,0.637,0.67,145.17,-0.026,True,149.1,0.487,True,71.9,0.3,B 上升結構,True,7:34,227.1,跌,76.0,8,True,0.0,-1.4854,-1.5538,-1.5538,True,False,0.12,0.05,152.8,-5.44,-2.28,↓,LH/LL,DT,False,262,4,SubSector_R11+Combined_R21
HTO,2026-09-16,63.14,1.33,False,63.17,0.055,0.09,63.32,-0.018,False,63.61,-0.008,True,57.5,3.5,C 基底修復,True,7:27,223.3,跌,74.0,5,True,0.0,-0.2045,-0.2396,-0.4954,True,True,-0.04,-0.02,63.1,0.06,0.03,—,HH/HL,DT,False,262,4,SubSector_R11+Combined_R21
SENEA,2026-09-16,186.31,7.38,False,189.57,0.342,0.37,189.9,-0.359,False,193.42,-0.298,True,75.5,28.9,B 上升結構,True,6:30,195.0,跌,58.0,7,True,0.0,-2.5853,-2.7711,-2.7711,True,True,-1.75,-0.44,190.62,-2.31,-0.58,↓,LH/LL,自然反彈,False,262,4,Combined_R21
PVLA,2026-09-16,151.43,6.84,True,151.45,0.22,0.16,151.05,0.038,True,150.52,0.051,False,76.3,-7.1,A 待突破,False,5:43,171.5,跌,45.0,6,True,0.0,-0.4147,-0.4296,-1.9346,True,True,-0.02,-0.0,152.22,-0.52,-0.12,—,HH/HL,DT,True,262,4,Combined_R21
KDP,2026-09-16,31.8,0.73,True,31.25,0.029,0.08,31.73,0.007,True,31.98,0.051,False,61.9,-3.8,C 基底修復,False,5:27,163.5,跌,41.0,5,True,0.0,-0.1118,-0.1251,-0.2574,True,True,1.72,0.75,31.6,0.63,0.27,—,HH/HL,DT,False,262,4,SubSector_R11
CLF,2026-09-16,12.15,0.57,False,11.9,-0.001,0.13,11.87,0.028,True,11.76,0.013,True,58.1,1.5,C 基底修復,False,4:22,130.8,跌,23.0,3,True,0.0,-0.023,-0.0395,-0.1652,True,True,2.09,0.44,12.23,-0.66,-0.14,—,HH/HL,自然反彈,True,262,4,SubSector_R11
GBTG,2026-09-16,9.47,0.03,True,9.47,0.003,0.3,9.46,0.001,True,9.47,0.001,False,76.0,-0.3,A 待突破,True,8:49,264.6,跌,888.0,81,False,1.0,-0.004,-0.0041,-0.0242,True,True,0.05,0.18,9.46,0.11,0.38,↑,HH/HL,UT,False,262,4,10MA_R19
LYB,2026-09-16,64.9,2.23,True,63.92,0.165,0.33,64.1,0.08,False,64.7,-0.022,True,59.3,2.5,C 基底修復,True,8:32,256.2,跌,92.0,15,False,1.0,-0.162,-0.2146,-0.3448,True,True,1.51,0.44,66.1,-1.85,-0.54,—,LH/LL,自然反彈,True,262,4,SubSector_R11
AMN,2026-09-16,34.92,1.44,True,33.92,0.077,0.02,34.02,0.09,True,34.15,0.019,True,90.3,6.6,A 待突破,False,9:38,289.2,升,11.0,1,False,2.0,0.0238,-0.0522,,False,True,2.85,0.69,33.91,2.89,0.7,↑,HH/HL,UT,False,262,4,Combined_R21
DUOL,2026-09-16,148.17,7.85,True,142.28,0.618,0.24,146.55,0.162,True,148.44,0.427,False,39.6,-0.4,D 趨勢弱,True,8:49,264.6,跌,192.0,6,False,2.0,-0.6677,-0.5464,-1.4664,False,True,3.97,0.75,140.88,4.92,0.93,↑,HH/HL,自然回檔,False,262,4,AI_R12+Combined_R21
LH,2026-09-16,324.51,8.4,True,324.86,0.596,0.23,322.52,0.199,True,328.13,0.116,True,67.8,1.4,A 待突破,True,8:49,264.6,跌,200.0,14,False,2.0,-2.3481,-3.0574,-4.2,True,False,-0.11,-0.04,307.42,5.27,2.04,↑,HH/HL,UT,False,262,4,Combined_R21
MDT,2026-09-16,92.6,2.3,True,91.62,0.239,0.49,91.7,0.09,True,92.31,0.025,False,41.5,-0.5,C 基底修復,True,8:49,264.6,跌,156.0,15,False,2.0,-0.2001,-0.1742,-0.3946,False,True,1.06,0.43,90.96,1.77,0.71,—,HH/HL,自然反彈,True,262,4,SubSector_R11+10MA_R19
NWSA,2026-09-16,30.19,0.7,True,29.87,0.08,0.43,29.99,0.02,True,30.35,0.04,False,62.8,-1.9,A 待突破,True,8:49,264.6,跌,122.0,9,False,2.0,-0.1322,-0.1441,-0.2507,True,True,1.06,0.46,30.7,-1.69,-0.73,—,LH/LL,自然反彈,False,262,4,SubSector_R11
TEM,2026-09-16,69.97,4.38,True,62.64,0.595,0.64,62.48,0.749,True,64.98,1.031,True,47.5,5.5,E 延伸,True,8:49,264.6,跌,140.0,10,False,2.0,-0.0342,-0.4388,-1.8676,True,False,10.48,1.67,66.17,5.43,0.87,↑,HH/HL,UT,False,262,4,Combined_R21
GILD,2026-09-16,147.68,3.45,True,142.39,0.666,0.77,145.25,0.243,True,147.23,0.212,True,64.1,0.6,A 待突破,True,6:39,199.6,跌,61.0,7,False,2.0,-0.726,-0.8516,-0.9237,True,False,3.58,1.53,145.68,1.35,0.58,—,HH/HL,自然反彈,False,262,4,SubSector_R11+Combined_R21
PG,2026-09-16,147.02,2.45,True,144.95,0.012,0.05,145.51,0.151,True,145.23,0.178,True,40.0,8.9,D 趨勢弱,False,10:26,312.8,升,24.0,3,False,3.0,0.2571,0.1817,,False,True,1.41,0.85,142.97,2.75,1.65,↑,HH/HL,次級反彈,False,262,4,SubSector_R11
BIIB,2026-09-16,216.01,5.81,True,214.32,0.492,0.37,215.74,0.027,True,217.94,0.173,False,77.8,-0.4,A 待突破,True,8:49,264.6,跌,122.0,7,False,3.0,-0.7933,-0.8098,-1.0556,True,True,0.78,0.29,222.25,-2.89,-1.07,—,LH/LL,UT,False,262,4,SubSector_R11
BLFS,2026-09-16,36.11,1.0,True,35.83,0.107,0.55,35.45,0.066,True,36.14,0.059,True,85.3,1.2,A 待突破,True,8:49,264.6,跌,187.0,14,False,3.0,-0.2262,-0.2828,-0.4556,True,False,0.78,0.28,34.92,3.3,1.19,↑,HH/HL,自然反彈,False,262,4,Combined_R21
DOCS,2026-09-16,25.94,1.26,True,27.07,0.066,0.3,25.38,0.056,True,25.7,0.05,False,35.0,-1.9,D 趨勢弱,True,8:49,264.6,跌,116.0,8,False,3.0,-0.1295,-0.1526,-0.3038,True,True,-4.35,-0.9,24.74,4.63,0.95,↑,HH/HL,自然回檔,False,262,4,SubSector_R11
EHC,2026-09-16,123.91,2.7,True,121.87,0.51,0.56,121.16,0.275,True,121.31,0.091,True,76.3,1.0,A 待突破,True,8:49,264.6,跌,137.0,20,False,3.0,-0.1438,-0.2822,-0.7783,True,False,1.65,0.75,119.57,3.5,1.61,—,HH/HL,UT,True,262,4,SubSector_R11
BDSX,2026-09-16,28.56,1.96,True,25.78,0.128,0.24,26.39,0.217,True,26.86,0.311,True,71.0,1.7,E 延伸,True,8:37,258.5,跌,94.0,11,False,3.0,-0.0361,-0.1142,-0.3588,True,False,9.73,1.42,25.39,11.1,1.62,↑,HH/HL,UT,False,262,4,10MA_R19
MNDY,2026-09-16,94.06,5.53,True,90.41,0.035,0.03,91.21,0.285,True,92.74,0.301,False,42.1,-5.7,D 趨勢弱,True,7:10,215.2,跌,70.0,8,False,3.0,-0.2982,-0.5544,-1.8335,True,True,3.88,0.66,94.44,-0.4,-0.07,—,HH/HL,自然回檔,False,262,4,Combined_R21
T,2026-09-16,25.86,0.61,True,25.14,0.131,0.95,25.59,0.027,True,25.77,0.048,False,47.7,-4.0,C 基底修復,True,7:03,211.3,跌,67.0,8,False,3.0,-0.0434,-0.0088,-0.1236,False,True,2.78,1.18,25.52,1.31,0.56,↑,HH/HL,自然回檔,False,262,4,SubSector_R11
RGA,2026-09-16,248.09,4.53,True,246.13,0.568,0.41,246.95,0.114,True,247.18,0.184,False,79.9,-0.3,A 待突破,True,6:49,204.5,跌,64.0,7,False,3.0,-0.5961,-0.5637,-1.267,False,True,0.79,0.43,244.48,1.46,0.8,↑,HH/HL,自然回檔,False,262,4,10MA_R19
ABBV,2026-09-16,262.51,5.74,True,255.78,0.828,0.24,257.71,0.48,True,259.68,0.18,True,75.3,0.6,A 待突破,False,9:30,285.0,升,8.0,1,False,4.0,0.1449,-0.0737,,False,True,2.56,1.17,261.72,0.3,0.14,—,LH/LL,自然反彈,False,262,4,SubSector_R11+Combined_R21
LILA,2026-09-16,8.74,0.24,True,8.54,0.013,0.31,8.61,0.013,True,8.61,0.018,False,88.2,-1.2,A 待突破,True,8:49,264.6,跌,359.0,26,False,4.0,-0.0143,-0.007,-0.0912,False,True,2.27,0.83,8.52,2.52,0.92,—,HH/HL,UT,True,262,4,10MA_R19
AUGO,2026-09-16,85.96,4.4,True,81.36,0.726,0.96,83.25,0.271,True,86.09,0.486,True,49.6,2.9,C 基底修復,True,8:23,251.6,跌,90.0,11,False,4.0,-0.844,-0.829,-0.844,False,False,5.35,1.04,84.91,1.22,0.24,—,HH/HL,自然反彈,True,262,4,10MA_R19
NEM,2026-09-16,121.76,4.43,False,123.11,0.57,0.9,123.67,-0.191,True,127.66,0.289,True,70.1,2.3,B 上升結構,True,8:49,264.6,跌,107.0,11,False,5.0,-1.7257,-1.5648,-1.7257,False,True,-1.11,-0.3,122.63,-0.71,-0.2,—,HH/HL,自然回檔,True,262,4,SubSector_R11+Combined_R21
NPK,2026-09-16,152.84,4.91,True,147.46,0.676,0.96,148.45,0.439,True,150.63,0.279,True,63.5,9.0,A 待突破,True,7:43,231.4,跌,79.0,11,False,5.0,-0.2076,-0.1732,-1.2828,False,False,3.52,1.1,156.66,-2.5,-0.78,—,LH/LL,UT,False,262,4,10MA_R19
EXPD,2026-09-16,189.04,3.68,True,186.71,1.097,1.41,188.15,0.089,True,189.08,0.154,True,84.7,1.0,A 待突破,False,3:41,110.6,跌,11.0,1,False,5.0,-0.229,0.0227,-1.6209,False,True,1.23,0.63,185.96,1.63,0.84,↑,HH/HL,自然回檔,False,262,4,10MA_R19+Combined_R21
DVN,2026-09-16,48.44,1.44,True,47.48,0.185,0.72,48.41,0.003,True,48.68,0.03,True,58.8,4.8,A 待突破,False,3:30,105.0,跌,8.0,1,False,5.0,-0.0167,0.1371,-0.1144,False,True,1.97,0.66,48.06,0.78,0.26,↑,HH/HL,自然回檔,False,262,4,SubSector_R11
HPE,2026-09-16,56.68,3.61,True,54.69,0.169,0.41,54.93,0.175,True,54.44,0.049,True,73.2,4.0,B 上升結構,False,11:18,339.1,升,38.0,6,False,6.0,0.1065,0.1521,,False,True,3.51,0.55,55.78,1.58,0.25,—,LH/LL,自然反彈,False,262,4,AI_R12+Combined_R21
GOLD,2026-09-16,46.82,2.43,True,44.92,0.111,0.34,45.8,0.102,True,45.97,0.249,True,44.1,4.6,C 基底修復,False,11:12,336.0,升,37.0,6,False,7.0,0.0905,0.1718,,False,True,4.05,0.78,45.88,2.01,0.39,↑,HH/HL,次級回檔,False,262,4,SubSector_R11
SMTI,2026-09-16,35.1,0.38,True,34.48,0.018,1.0,34.42,0.068,True,34.75,0.047,False,81.8,-0.8,A 待突破,True,8:49,264.6,跌,267.0,22,False,7.0,-0.2301,-0.2413,-0.3321,True,True,1.78,1.63,34.62,1.37,1.26,—,HH/HL,UT,True,262,4,10MA_R19
LIFE,2026-09-16,38.55,2.58,True,35.47,1.123,1.2,37.11,0.144,True,37.89,0.227,True,55.4,2.9,B 上升結構,True,7:53,236.4,跌,81.0,12,False,7.0,-0.4541,-0.3302,-0.4541,False,False,7.98,1.19,38.85,-0.78,-0.12,↑,HH/HL,自然回檔,False,159,4,10MA_R19
ITGR,2026-09-16,126.11,0.76,True,125.49,0.105,1.89,124.47,0.164,True,125.62,0.051,False,85.5,-1.1,A 待突破,True,8:49,264.6,跌,246.0,20,False,8.0,-0.7787,-0.8078,-1.1148,True,True,0.49,0.81,124.84,1.01,1.67,—,HH/HL,UT,True,262,4,10MA_R19
NTAP,2026-09-16,191.49,8.55,True,191.3,0.035,0.21,188.65,0.284,False,188.6,-0.661,True,64.7,2.6,B 上升結構,True,8:49,264.6,跌,133.0,19,False,8.0,-0.198,-0.3763,-2.895,True,True,0.1,0.02,199.28,-4.07,-0.91,↓,LH/LL,次級回檔,False,262,4,AI_R12
INTC,2026-09-16,101.05,5.64,True,96.93,0.108,0.31,97.1,0.395,True,94.24,0.218,True,72.6,12.9,C 基底修復,False,2:05,62.5,升,85.0,9,False,13.0,1.1062,1.1313,,False,True,4.08,0.73,100.32,0.72,0.13,—,HH/HL,自然反彈,False,262,4,AI_R12+SubSector_R11+Combined_R21
TIGO,2026-09-16,95.55,2.91,True,95.11,0.07,0.06,94.86,0.069,True,94.28,0.418,True,79.4,0.1,A 待突破,False,2:49,84.6,升,157.0,10,False,,0.167,0.2155,,False,True,0.46,0.15,93.57,2.07,0.68,—,HH/HL,自然反彈,True,262,4,Combined_R21
AAOI,2026-09-16,96.74,9.59,False,124.39,-1.039,0.19,107.99,-1.125,False,108.31,-1.734,True,32.4,2.2,D 趨勢弱,True,8:49,264.6,跌,186.0,17,True,0.0,-1.1173,-1.208,-2.7348,True,False,-28.58,-2.88,105.36,-8.91,-0.9,—,LH/LL,DT,True,262,3,SubSector_R11+Combined_R21
AMRX,2026-09-16,18.08,0.61,False,17.7,-0.044,-0.42,17.52,0.056,False,17.59,-0.006,True,72.5,23.9,A 待突破,True,8:49,264.6,跌,311.0,33,True,0.0,-0.029,-0.1168,-0.2273,True,False,2.1,0.62,17.22,4.76,1.41,↓,LH/LL,自然反彈,False,262,3,Combined_R21
ATI,2026-09-16,189.65,8.23,False,211.2,-0.065,0.14,202.54,-1.289,False,204.68,-1.84,True,49.6,0.9,D 趨勢弱,True,8:49,264.6,跌,152.0,19,True,0.0,-2.8464,-2.9757,-3.0525,True,False,-11.36,-2.62,210.65,-11.07,-2.55,↓,LH/LL,DT,False,262,3,Combined_R21
AXON,2026-09-16,468.42,30.54,False,549.1,-9.662,-0.82,524.57,-5.615,False,545.9,-7.572,True,10.0,5.0,D 趨勢弱,True,8:49,264.6,跌,125.0,17,True,0.0,-11.532,-13.3891,-15.117,True,False,-17.22,-2.64,490.18,-4.65,-0.71,↓,LH/LL,自然反彈,False,262,3,Combined_R21
BFH,2026-09-16,107.85,3.74,False,107.9,-0.19,-0.13,107.45,0.04,False,106.9,-0.162,False,75.9,-3.1,A 待突破,True,8:49,264.6,跌,205.0,21,True,0.0,-0.0131,-0.0173,-1.0195,True,True,-0.05,-0.01,108.01,-0.15,-0.04,—,HH/HL,自然反彈,True,262,3,Combined_R21
CWT,2026-09-16,48.05,0.98,False,49.81,-0.038,-0.36,49.34,-0.129,False,49.63,-0.09,True,39.0,2.9,C 基底修復,True,8:49,264.6,跌,557.0,39,True,0.0,-0.2656,-0.2757,-0.3644,True,False,-3.67,-1.79,50.85,-5.83,-2.84,↓,LH/LL,DT,False,262,3,SubSector_R11
DECK,2026-09-16,77.96,2.66,False,87.2,-0.683,-1.34,84.93,-0.697,False,85.11,-0.578,True,1.5,1.5,D 趨勢弱,True,8:49,264.6,跌,271.0,40,True,0.0,-0.3196,-0.3385,-0.9693,True,False,-11.85,-3.47,85.81,-10.07,-2.95,↓,LH/LL,DT,False,262,3,SubSector_R11
DLR,2026-09-16,181.07,5.2,False,189.64,-0.478,-0.28,186.69,-0.562,False,187.5,-0.709,True,40.2,12.5,C 基底修復,True,8:49,264.6,跌,127.0,20,True,0.0,-1.028,-1.0593,-1.5739,True,False,-4.73,-1.65,189.5,-4.66,-1.62,↓,LH/LL,DT,False,262,3,AI_R12+SubSector_R11
DOC,2026-09-16,20.35,0.39,False,20.97,-0.056,-0.77,20.74,-0.039,False,20.86,-0.005,True,51.6,2.2,C 基底修復,True,8:49,264.6,跌,128.0,11,True,0.0,-0.0539,-0.0692,-0.2453,True,False,-3.06,-1.58,21.28,-4.57,-2.36,↓,LH/LL,DT,False,262,3,SubSector_R11
HSY,2026-09-16,170.79,3.87,False,179.48,-0.127,-0.27,176.38,-0.559,False,178.61,-0.633,True,19.3,1.8,D 趨勢弱,True,8:49,264.6,跌,98.0,14,True,0.0,-0.8926,-0.9627,-1.5522,True,False,-5.09,-2.24,174.72,-2.3,-1.01,↓,LH/LL,DT,False,262,3,SubSector_R11
LWLG,2026-09-16,4.83,0.41,False,6.31,-0.154,-0.65,5.54,-0.071,False,5.45,-0.09,True,20.4,0.9,D 趨勢弱,True,8:49,264.6,跌,136.0,19,True,0.0,-0.0202,-0.0295,-0.1332,True,False,-30.67,-3.65,5.6,-15.94,-1.9,↓,LH/LL,自然反彈,False,262,3,AI_R12
MPWR,2026-09-16,1147.61,52.46,False,1286.36,-9.691,-0.78,1236.25,-8.864,False,1240.71,-9.279,True,25.0,0.1,D 趨勢弱,True,8:49,264.6,跌,131.0,20,True,0.0,-8.1419,-8.5726,-11.59,True,False,-12.09,-2.64,1234.46,-7.57,-1.66,—,LH/LL,DT,True,262,3,SubSector_R11+Combined_R21
OUST,2026-09-16,33.99,2.55,False,40.37,-0.473,-0.17,36.36,-0.237,False,35.74,-0.45,True,41.7,0.4,D 趨勢弱,True,8:49,264.6,跌,162.0,19,True,0.0,-0.125,-0.1754,-1.4584,True,False,-18.77,-2.5,36.54,-7.5,-1.0,—,LH/LL,自然反彈,True,262,3,Combined_R21
OWL,2026-09-16,10.12,0.42,False,11.61,-0.033,0.27,11.07,-0.095,False,11.36,-0.074,True,3.9,0.5,D 趨勢弱,True,8:49,264.6,跌,143.0,20,True,0.0,-0.2403,-0.2417,-0.2417,True,False,-14.73,-3.53,11.84,-17.0,-4.08,↓,LH/LL,DT,False,262,3,SubSector_R11
PFGC,2026-09-16,91.06,2.6,False,103.23,-0.732,-1.37,98.47,-0.741,False,98.89,-0.674,True,19.8,3.5,D 趨勢弱,True,8:49,264.6,跌,660.0,47,True,0.0,-0.7257,-0.8084,-1.4002,True,False,-13.36,-4.69,105.78,-16.17,-5.67,↓,LH/LL,自然反彈,False,262,3,SubSector_R11
POOL,2026-09-16,167.76,5.76,False,186.75,-1.16,-0.77,181.0,-1.324,False,182.17,-0.987,True,3.1,2.4,D 趨勢弱,True,8:49,264.6,跌,161.0,22,True,0.0,-1.4569,-1.4671,-3.4563,True,False,-11.32,-3.3,195.99,-16.83,-4.9,↓,LH/LL,DT,False,262,3,SubSector_R11
QUBT,2026-09-16,8.0,0.41,False,8.5,-0.053,-0.06,8.16,-0.016,False,8.16,-0.026,True,14.6,1.3,D 趨勢弱,True,8:49,264.6,跌,203.0,17,True,0.0,-0.0084,-0.0206,-0.0753,True,False,-6.2,-1.21,8.22,-2.75,-0.54,—,LH/LL,自然反彈,True,262,3,SubSector_R11
SBUX,2026-09-16,97.34,2.44,False,104.51,-0.362,-0.51,102.54,-0.52,False,103.77,-0.433,True,30.8,0.9,C 基底修復,True,8:49,264.6,跌,123.0,12,True,0.0,-1.0162,-1.0737,-1.0737,True,False,-7.37,-2.93,105.85,-8.74,-3.48,↓,LH/LL,DT,False,262,3,SubSector_R11+Combined_R21
USFD,2026-09-16,92.51,2.99,False,103.72,-0.391,-0.56,100.78,-0.827,False,103.17,-0.72,True,27.0,0.6,D 趨勢弱,True,8:49,264.6,跌,127.0,19,True,0.0,-1.7495,-1.8196,-1.8196,True,False,-12.12,-3.74,109.62,-18.5,-5.71,↓,LH/LL,DT,False,262,3,SubSector_R11
EQIX,2026-09-16,1016.16,28.93,False,1050.5,-0.353,-0.06,1037.31,-2.115,False,1044.61,-3.447,True,50.9,2.1,C 基底修復,True,8:37,258.6,跌,94.0,13,True,0.0,-4.5613,-5.2955,-6.6056,True,False,-3.38,-1.19,1043.06,-2.65,-0.93,—,LH/LL,DT,True,262,3,AI_R12+SubSector_R11
RCUS,2026-09-16,24.65,1.34,False,28.13,-0.199,-0.78,27.66,-0.301,False,28.62,-0.243,True,23.7,0.8,D 趨勢弱,True,8:20,250.0,跌,89.0,12,True,0.0,-0.6928,-0.7392,-0.7392,True,False,-14.1,-2.6,28.8,-16.84,-3.1,↓,LH/LL,自然反彈,False,262,3,Combined_R21
VRTX,2026-09-16,513.26,12.13,False,528.74,2.853,0.74,526.5,-1.324,False,537.89,-0.746,True,70.0,1.3,A 待突破,True,8:16,247.8,跌,88.0,8,True,0.0,-5.786,-5.9113,-5.9548,True,False,-3.02,-1.28,,,,—,HH/HL,DT,False,262,3,SubSector_R11+Combined_R21
CDNS,2026-09-16,279.9,10.86,False,312.68,-2.135,-0.9,303.16,-2.326,False,307.5,-1.831,True,6.5,1.5,D 趨勢弱,True,7:22,220.9,跌,73.0,9,True,0.0,-2.8096,-3.4228,-5.1886,True,False,-11.71,-3.02,347.55,-24.17,-6.23,↓,LH/LL,自然反彈,False,262,3,AI_R12+SubSector_R11+Combined_R21
SNPS,2026-09-16,378.47,15.54,False,408.16,-0.897,-0.03,399.98,-2.151,False,405.29,-1.297,True,6.6,4.4,D 趨勢弱,True,6:26,192.9,跌,57.0,8,True,0.0,-4.5356,-4.764,-5.4041,True,False,-7.84,-1.91,388.99,-2.78,-0.68,↓,LH/LL,自然反彈,False,262,3,AI_R12+SubSector_R11+Combined_R21
EE,2026-09-16,37.71,1.58,False,38.15,-0.088,-0.1,38.4,-0.069,True,38.95,0.023,True,45.8,1.2,C 基底修復,False,5:25,162.7,跌,40.0,5,True,0.0,-0.3196,-0.3457,-0.5128,True,False,-1.17,-0.28,36.04,4.43,1.06,↓,LH/LL,自然反彈,False,262,3,SubSector_R11
GEV,2026-09-16,925.09,42.93,False,958.43,-4.733,-0.3,941.76,-1.667,False,934.35,-3.972,True,39.6,14.1,D 趨勢弱,False,4:09,124.3,跌,19.0,3,True,0.0,-0.7138,-2.534,-18.7858,True,True,-3.6,-0.78,953.83,-3.11,-0.67,↓,LH/LL,自然反彈,False,262,3,AI_R12+SubSector_R11+Combined_R21
BRKR,2026-09-16,60.67,2.9,True,56.37,0.725,-0.17,56.91,0.376,True,57.26,0.19,True,70.3,3.6,B 上升結構,False,9:36,288.0,升,10.0,1,False,1.0,0.0333,-0.4135,,False,False,7.09,1.48,56.03,7.65,1.6,↑,HH/HL,UT,False,262,3,Combined_R21
FET,2026-09-16,81.62,3.64,True,80.11,0.565,1.14,79.48,0.214,False,80.15,-0.044,False,69.4,-3.2,A 待突破,True,8:49,264.6,跌,215.0,18,False,1.0,-0.6742,-0.6947,-1.3724,True,True,1.85,0.42,79.86,2.16,0.48,—,HH/HL,自然回檔,True,262,3,10MA_R19
NDSN,2026-09-16,309.02,6.6,False,317.71,0.065,0.21,314.36,-0.534,True,320.11,0.24,False,71.6,-0.5,A 待突破,True,8:49,264.6,跌,110.0,11,False,1.0,-2.3642,-2.4995,-2.6695,True,True,-2.81,-1.32,311.56,-0.82,-0.38,—,HH/HL,自然反彈,True,262,3,SubSector_R11
KHC,2026-09-16,24.73,0.69,False,25.02,-0.045,-0.68,25.04,-0.031,False,25.19,-0.004,True,40.2,2.8,C 基底修復,True,8:49,264.5,跌,97.0,8,False,1.0,-0.0846,-0.109,-0.2905,True,True,-1.17,-0.42,24.79,-0.24,-0.09,—,HH/HL,DT,False,262,3,SubSector_R11
GEO,2026-09-16,31.43,1.14,False,31.36,-0.0,0.04,31.39,0.004,True,31.64,0.026,False,76.0,-0.3,A 待突破,True,8:37,258.5,跌,94.0,11,False,1.0,-0.1027,-0.1236,-0.2097,True,True,0.22,0.06,30.53,2.86,0.79,—,HH/HL,自然回檔,True,262,3,Combined_R21
JNJ,2026-09-16,267.28,5.39,False,266.91,0.536,0.34,267.65,-0.037,False,269.79,-0.192,True,78.2,1.3,A 待突破,True,6:28,193.9,跌,58.0,7,False,1.0,-1.0873,-1.1555,-1.7484,True,True,0.14,0.07,267.37,-0.03,-0.02,↑,HH/HL,自然回檔,False,262,3,SubSector_R11+Combined_R21
PSX,2026-09-16,264.63,7.39,True,240.7,2.213,1.17,249.57,1.506,True,250.95,1.057,True,69.9,3.3,E 延伸,False,5:34,166.8,跌,43.0,4,False,1.0,-0.2596,-0.2651,-1.4932,True,False,9.04,3.24,253.41,4.24,1.52,↑,HH/HL,UT,False,262,3,SubSector_R11
CVE,2026-09-16,32.52,0.98,True,31.65,0.169,0.83,32.35,0.017,True,32.58,0.0,False,77.9,-1.8,A 待突破,False,4:54,147.0,跌,32.0,4,False,1.0,-0.0914,-0.0106,-0.1175,False,True,2.67,0.89,32.52,0.0,0.0,—,HH/HL,自然回檔,True,262,3,Combined_R21
REFI,2026-09-16,11.01,0.2,True,10.6,0.038,0.87,10.74,0.027,True,10.79,0.032,True,21.0,0.8,D 趨勢弱,False,10:08,303.9,升,19.0,2,False,2.0,0.0086,0.0007,,False,False,3.75,2.05,10.7,2.82,1.54,—,HH/HL,UT,True,262,3,10MA_R19
IOT,2026-09-16,40.66,2.43,True,40.02,0.083,0.18,39.75,0.091,True,39.85,0.054,False,54.1,-2.9,B 上升結構,False,10:00,300.0,升,17.0,2,False,2.0,0.065,0.0754,,False,True,1.56,0.26,39.14,3.74,0.63,—,HH/HL,次級回檔,False,262,3,Combined_R21
ILMN,2026-09-16,228.93,9.5,True,208.84,1.644,0.35,211.67,1.726,True,215.55,2.032,True,65.0,1.4,E 延伸,False,9:33,286.6,升,9.0,1,False,2.0,0.0256,-1.0846,,False,False,8.78,2.11,,,,—,LH/LL,UT,False,262,3,SubSector_R11
AVTR,2026-09-16,15.61,0.46,True,14.39,0.107,0.59,14.64,0.097,True,14.73,0.114,False,67.6,-1.3,E 延伸,True,8:49,264.6,跌,325.0,24,False,2.0,-0.0146,-0.0353,-0.117,True,False,7.8,2.63,14.81,5.12,1.73,↑,HH/HL,UT,False,262,3,10MA_R19
DHR,2026-09-16,208.36,5.78,True,207.83,0.877,0.4,206.89,0.147,True,210.26,0.439,False,56.2,-0.2,C 基底修復,True,8:49,264.6,跌,114.0,11,False,2.0,-0.9532,-1.3112,-2.1805,True,False,0.26,0.09,218.57,-4.9,-1.77,—,LH/LL,自然反彈,True,262,3,SubSector_R11
FATE,2026-09-16,2.44,0.14,False,2.55,-0.004,-0.03,2.45,-0.001,False,2.44,-0.006,True,60.2,3.4,C 基底修復,True,8:49,264.6,跌,194.0,23,False,2.0,-0.0043,-0.0122,-0.0946,True,True,-4.71,-0.8,2.5,-2.46,-0.42,—,LH/LL,自然反彈,True,262,3,SubSector_R11
MBX,2026-09-16,61.57,3.1,False,64.61,-0.553,-0.38,62.55,-0.098,False,63.34,-0.247,True,62.5,1.6,C 基底修復,True,8:49,264.6,跌,239.0,45,False,2.0,-0.4518,-0.6155,-1.2497,True,True,-4.93,-0.98,62.99,-2.31,-0.46,—,LH/LL,自然反彈,True,262,3,Combined_R21
WDAY,2026-09-16,187.76,8.5,False,193.67,0.581,0.63,189.71,-0.195,False,194.68,-0.144,True,61.5,0.8,C 基底修復,True,8:49,264.6,跌,129.0,16,False,2.0,-2.6263,-2.6636,-3.4876,True,True,-3.15,-0.7,194.21,-3.44,-0.76,↓,LH/LL,自然回檔,False,262,3,SubSector_R11
SPOT,2026-09-16,547.43,19.72,True,525.27,4.86,0.46,535.13,1.23,True,541.31,1.558,False,44.7,-3.1,C 基底修復,True,8:48,263.8,跌,97.0,7,False,2.0,-0.8138,-0.8833,-4.0197,True,False,4.05,1.12,527.25,3.69,1.02,↑,HH/HL,UT,False,262,3,Combined_R21
COR,2026-09-16,318.5,7.22,False,322.23,0.955,0.29,322.89,-0.439,True,324.52,0.118,False,40.0,-9.4,C 基底修復,True,7:58,239.0,跌,83.0,6,False,2.0,-1.5476,-1.2223,-1.5476,False,True,-1.17,-0.52,321.23,-0.86,-0.38,↑,HH/HL,自然回檔,False,262,3,SubSector_R11
MCK,2026-09-16,887.29,22.86,False,883.44,2.414,0.29,888.29,-0.1,True,889.9,0.901,False,57.9,-5.4,C 基底修復,True,7:34,227.1,跌,76.0,6,False,2.0,-2.8207,-2.0958,-5.4753,False,True,0.43,0.17,910.95,-2.67,-1.03,—,LH/LL,次級回檔,True,262,3,SubSector_R11
WBD,2026-09-16,28.07,0.36,True,27.99,0.134,1.31,28.07,0.0,False,28.38,-0.02,False,65.4,-0.8,C 基底修復,True,7:24,222.1,跌,73.0,10,False,2.0,-0.1199,-0.1272,-0.1402,True,True,0.29,0.23,28.6,-1.89,-1.47,↓,LH/LL,DT,False,262,3,SubSector_R11
CME,2026-09-16,272.46,5.81,False,274.36,0.447,0.37,275.33,-0.287,True,278.03,0.046,False,38.9,-0.2,C 基底修復,True,7:19,219.4,跌,72.0,8,False,2.0,-1.631,-1.3999,-1.631,False,True,-0.7,-0.33,280.46,-2.94,-1.38,—,LH/LL,自然回檔,False,262,3,SubSector_R11+Combined_R21
SR,2026-09-16,79.9,1.74,False,82.09,0.039,0.01,81.74,-0.184,False,82.18,-0.162,True,17.9,0.0,D 趨勢弱,True,6:31,195.4,跌,59.0,6,False,2.0,-0.3598,-0.3225,-0.3598,False,True,-2.74,-1.26,80.86,-1.2,-0.55,↓,LH/LL,DT,False,262,3,SubSector_R11
CWST,2026-09-16,90.06,2.77,False,91.54,-0.012,0.05,91.7,-0.164,True,92.44,0.007,False,34.9,-0.6,C 基底修復,True,6:28,194.1,跌,58.0,6,False,2.0,-0.3822,-0.3783,-1.2631,False,True,-1.64,-0.53,92.52,-2.73,-0.89,↓,LH/LL,DT,False,262,3,SubSector_R11
NOW,2026-09-16,139.82,6.57,True,131.58,0.747,0.77,134.21,0.561,True,135.85,1.017,False,44.0,-1.3,E 延伸,True,6:20,189.8,跌,55.0,7,False,2.0,-0.639,-0.6761,-1.4944,True,False,5.89,1.25,136.72,2.22,0.47,—,HH/HL,自然反彈,False,262,3,AI_R12+SubSector_R11+Combined_R21
SGP,2026-09-16,28.6,1.48,True,26.94,0.231,0.81,27.26,0.134,True,27.47,0.138,False,47.9,-1.5,E 延伸,True,6:06,183.1,跌,52.0,6,False,2.0,-0.0721,-0.0647,-0.1396,False,False,5.79,1.12,27.31,4.51,0.87,—,HH/HL,UT,True,153,3,10MA_R19
ACI,2026-09-16,12.56,0.41,True,12.26,0.032,0.31,12.38,0.018,True,12.35,0.017,False,12.0,-9.6,D 趨勢弱,False,10:32,316.0,升,26.0,3,False,3.0,0.0723,0.0703,,False,True,2.39,0.72,12.69,-1.04,-0.31,—,LH/LL,自然回檔,False,262,3,SubSector_R11
NUTX,2026-09-16,217.32,11.04,True,187.51,1.658,0.76,195.64,2.169,True,195.61,1.483,True,65.0,0.4,E 延伸,False,10:09,304.6,升,19.0,3,False,3.0,1.7833,1.4872,,False,False,13.72,2.7,190.66,12.27,2.42,↑,HH/HL,UT,False,262,3,10MA_R19
ZS,2026-09-16,191.58,9.92,True,177.26,1.01,0.51,176.5,1.508,True,177.4,0.294,True,40.7,1.1,D 趨勢弱,False,9:49,294.6,升,14.0,2,False,3.0,0.9554,0.2812,,False,False,7.47,1.44,,,,—,LH/LL,UT,False,262,3,SubSector_R11+Combined_R21
CRVL,2026-09-16,71.23,2.14,True,67.43,0.408,0.87,68.69,0.254,True,69.68,0.195,True,51.4,1.9,B 上升結構,False,9:25,282.3,升,7.0,1,False,3.0,0.0042,-0.0367,,False,False,5.34,1.77,71.33,-0.14,-0.05,—,LH/LL,UT,False,262,3,10MA_R19
MEDP,2026-09-16,616.44,16.22,True,598.5,1.675,0.35,596.9,1.954,True,602.11,1.307,True,80.9,8.1,A 待突破,False,9:22,280.9,升,6.0,1,False,3.0,0.1296,-1.0592,,False,False,2.91,1.11,,,,—,LH/LL,UT,False,262,3,Combined_R21
ACN,2026-09-16,189.64,6.93,True,182.05,0.743,0.66,183.74,0.59,True,186.08,0.835,False,28.4,-2.2,D 趨勢弱,True,8:49,264.6,跌,126.0,11,False,3.0,-0.4579,-0.5002,-2.2022,True,False,4.0,1.09,181.38,4.36,1.19,↑,HH/HL,自然回檔,False,262,3,AI_R12+SubSector_R11
ADP,2026-09-16,273.19,5.96,False,275.6,0.252,0.2,274.37,-0.118,True,278.18,0.194,False,69.2,-2.5,A 待突破,True,8:49,264.6,跌,147.0,11,False,3.0,-1.6653,-1.8359,-3.0643,True,True,-0.88,-0.41,266.06,2.61,1.2,↑,HH/HL,自然反彈,False,262,3,SubSector_R11
CDNA,2026-09-16,53.55,2.25,True,48.88,0.211,0.8,49.59,0.396,True,50.11,0.369,False,75.0,0.0,E 延伸,True,8:49,264.6,跌,242.0,23,False,3.0,-0.1404,-0.2499,-0.4834,True,False,8.72,2.08,48.97,8.55,2.04,↑,HH/HL,UT,False,262,3,10MA_R19
J,2026-09-16,143.49,3.26,False,146.55,0.201,0.42,144.72,-0.123,True,146.95,0.031,False,64.3,-0.9,B 上升結構,True,8:49,264.6,跌,119.0,12,False,3.0,-0.9857,-1.0915,-1.5828,True,True,-2.13,-0.94,142.86,0.44,0.19,↑,HH/HL,UT,False,262,3,SubSector_R11
SCI,2026-09-16,80.69,1.81,False,82.89,-0.217,-0.68,81.87,-0.118,False,82.28,-0.084,True,48.4,0.9,C 基底修復,True,8:49,264.6,跌,208.0,27,False,3.0,-0.2339,-0.249,-0.5366,True,True,-2.73,-1.22,82.78,-2.59,-1.16,—,LH/LL,自然反彈,True,262,3,SubSector_R11
V,2026-09-16,370.93,6.01,False,370.53,0.198,0.2,371.99,-0.106,True,374.69,0.334,False,69.6,-1.3,C 基底修復,True,8:49,264.6,跌,140.0,10,False,3.0,-1.1021,-1.0344,-1.8904,False,True,0.11,0.07,377.17,-1.68,-1.04,—,LH/LL,UT,False,262,3,SubSector_R11+Combined_R21
SMCI,2026-09-16,36.85,2.33,False,36.75,0.221,0.51,36.95,-0.01,False,37.56,-0.028,True,54.7,7.8,D 趨勢弱,True,7:34,227.1,跌,76.0,6,False,3.0,-0.4679,-0.4392,-0.4679,False,True,0.26,0.04,37.39,-1.47,-0.23,—,HH/HL,自然反彈,False,262,3,AI_R12+SubSector_R11+Combined_R21
VZ,2026-09-16,49.76,1.0,False,49.17,0.154,0.79,49.79,-0.003,True,50.13,0.061,False,65.8,-4.9,C 基底修復,True,7:08,213.9,跌,69.0,8,False,3.0,-0.1138,-0.023,-0.1395,False,True,1.19,0.6,49.48,0.56,0.28,↑,HH/HL,自然回檔,False,262,3,SubSector_R11+10MA_R19
CTSH,2026-09-16,61.85,2.23,True,60.27,0.477,0.78,60.84,0.101,True,62.14,0.204,False,30.9,-12.2,C 基底修復,True,6:46,203.1,跌,63.0,11,False,3.0,-0.481,-0.4973,-1.0182,True,False,2.55,0.71,58.2,5.9,1.64,↑,HH/HL,自然回檔,False,262,3,SubSector_R11
AMT,2026-09-16,176.39,4.22,True,174.31,0.165,0.05,175.45,0.094,True,176.02,0.203,False,41.2,-11.6,D 趨勢弱,False,3:40,110.0,跌,11.0,1,False,3.0,-0.0056,0.038,-0.3027,False,True,1.18,0.49,172.92,1.97,0.82,—,HH/HL,自然反彈,True,262,3,SubSector_R11
CRSR,2026-09-16,13.16,0.69,True,12.49,0.05,0.42,12.4,0.076,True,12.17,0.061,False,72.2,-5.7,B 上升結構,False,11:05,332.6,升,35.0,4,False,4.0,0.0659,0.0769,,False,True,5.08,0.96,12.83,2.51,0.48,—,HH/HL,次級反彈,False,262,3,10MA_R19
ISRG,2026-09-16,382.29,11.75,True,378.29,0.57,0.17,372.55,0.974,False,371.57,-0.444,True,32.9,2.3,D 趨勢弱,False,10:54,326.8,升,32.0,3,False,4.0,1.7356,0.9353,,False,True,1.05,0.34,376.86,1.42,0.46,—,LH/LL,UT,False,262,3,AI_R12+SubSector_R11+Combined_R21
MET,2026-09-16,97.23,1.86,True,96.64,0.081,0.06,96.59,0.064,True,96.27,0.025,False,82.9,-1.0,A 待突破,False,10:15,307.4,升,21.0,2,False,4.0,0.0326,0.0626,,False,True,0.6,0.32,95.5,1.78,0.93,—,HH/HL,UT,True,262,3,SubSector_R11+Combined_R21
SAIC,2026-09-16,132.62,4.33,True,127.8,0.375,0.47,128.03,0.459,True,128.29,0.334,True,78.6,7.9,A 待突破,False,9:51,295.5,升,14.0,2,False,4.0,0.2495,0.2017,,False,False,3.64,1.11,125.96,5.02,1.54,↑,HH/HL,UT,False,262,3,10MA_R19
MATX,2026-09-16,235.62,5.9,True,221.12,1.013,0.94,225.29,1.033,True,225.03,0.867,True,72.1,1.9,B 上升結構,False,11:17,338.6,升,38.0,5,False,5.0,1.0708,1.1441,,False,False,6.15,2.46,220.03,6.62,2.64,↑,HH/HL,UT,False,262,3,Combined_R21
INSP,2026-09-16,72.75,3.18,True,63.99,0.467,1.43,65.41,0.734,True,64.81,0.769,True,31.4,1.0,E 延伸,False,10:53,326.7,升,31.0,5,False,5.0,0.9331,1.0555,,False,False,12.05,2.75,61.52,15.44,3.53,↑,HH/HL,自然回檔,False,262,3,10MA_R19
PM,2026-09-16,191.71,4.66,True,189.14,0.206,0.0,189.63,0.208,True,189.73,0.204,False,72.6,-2.5,A 待突破,False,10:33,316.5,升,26.0,3,False,5.0,0.5552,0.6044,,False,True,1.34,0.55,190.39,0.69,0.28,—,LH/LL,UT,False,262,3,SubSector_R11
XOM,2026-09-16,163.32,3.96,True,161.4,0.4,0.46,162.43,0.089,False,162.86,-0.112,True,76.1,1.0,A 待突破,False,10:19,309.6,升,22.0,3,False,5.0,0.0247,0.2776,,False,True,1.18,0.49,159.47,2.36,0.97,↑,HH/HL,自然回檔,False,262,3,SubSector_R11+Combined_R21
TRV,2026-09-16,378.92,6.74,True,371.3,0.068,-0.24,371.19,0.773,True,369.54,0.549,False,76.7,-1.7,A 待突破,False,10:08,303.8,升,19.0,3,False,5.0,0.8505,0.6496,,False,True,2.01,1.13,373.82,1.35,0.76,↑,HH/HL,UT,False,262,3,SubSector_R11
COP,2026-09-16,132.54,3.66,False,130.33,0.661,0.83,133.23,-0.069,True,134.41,0.141,True,68.3,1.2,A 待突破,False,3:48,114.0,跌,13.0,1,False,5.0,-0.4432,0.0133,-0.4432,False,True,1.67,0.6,135.88,-2.52,-0.91,—,LH/LL,自然回檔,False,262,3,SubSector_R11
CHRD,2026-09-16,147.03,5.18,False,143.41,0.415,0.45,147.15,-0.012,True,147.99,0.155,True,70.8,5.2,B 上升結構,False,3:35,107.3,跌,10.0,1,False,5.0,-0.1566,0.341,-0.2846,False,True,2.46,0.7,146.39,0.44,0.12,—,HH/HL,自然回檔,True,262,3,Combined_R21
TALO,2026-09-16,17.42,0.7,True,16.62,0.148,0.98,17.05,0.037,True,17.26,0.053,True,64.1,3.2,B 上升結構,False,3:32,106.0,跌,9.0,1,False,5.0,-0.0172,0.0235,-0.0442,False,False,4.6,1.14,16.84,3.33,0.83,↑,HH/HL,自然回檔,False,262,3,10MA_R19
PANW,2026-09-16,375.65,18.71,True,359.72,0.375,0.24,354.62,2.103,True,352.78,0.075,True,75.6,2.0,B 上升結構,False,9:51,295.7,升,14.0,2,False,6.0,2.222,0.9463,,False,False,4.24,0.85,338.49,9.89,1.99,—,LH/LL,UT,False,262,3,AI_R12+SubSector_R11+Combined_R21
FCX,2026-09-16,69.24,3.1,False,72.82,0.133,0.43,71.85,-0.261,True,73.95,0.146,True,69.7,2.5,B 上升結構,True,8:49,264.6,跌,103.0,10,False,6.0,-1.0898,-1.0631,-1.0898,False,False,-5.17,-1.15,78.64,-13.58,-3.03,↓,LH/LL,DT,False,262,3,SubSector_R11+Combined_R21
LILAK,2026-09-16,8.72,0.25,True,8.45,0.015,0.31,8.55,0.017,True,8.55,0.021,False,87.4,-0.4,A 待突破,True,8:49,264.6,跌,345.0,25,False,6.0,-0.0096,-0.0035,-0.0781,False,False,3.05,1.07,8.45,3.1,1.09,—,HH/HL,UT,True,262,3,10MA_R19
MRVL,2026-09-16,229.71,14.72,True,225.81,0.548,0.46,224.05,0.566,True,227.64,0.685,False,73.0,-1.8,C 基底修復,False,9:27,283.3,升,7.0,1,False,7.0,0.0675,-0.2707,,False,True,1.7,0.26,241.88,-5.3,-0.83,—,LH/LL,自然反彈,False,262,3,AI_R12+SubSector_R11+Combined_R21
CXW,2026-09-16,34.93,1.35,True,33.5,0.124,0.43,33.88,0.105,True,33.92,0.127,True,76.9,7.9,A 待突破,False,10:38,318.8,升,27.0,2,False,8.0,0.027,0.0381,,False,False,4.1,1.06,34.23,2.0,0.52,↑,HH/HL,UT,False,262,3,Combined_R21
GNK,2026-09-16,27.42,0.93,True,26.54,0.044,0.17,26.75,0.067,True,26.74,0.069,False,68.9,-1.4,A 待突破,False,2:49,84.6,升,160.0,9,False,9.0,0.0539,0.065,,False,True,3.22,0.95,26.75,2.44,0.72,—,HH/HL,自然回檔,True,262,3,Combined_R21
OSCR,2026-09-16,32.34,1.84,True,30.53,0.063,0.19,31.71,0.063,True,31.69,0.053,False,72.2,-1.2,B 上升結構,False,12:37,18.7,升,60.0,8,False,9.0,0.0883,0.1465,,False,True,5.59,0.98,31.76,1.79,0.31,↑,HH/HL,自然回檔,False,262,3,SubSector_R11
EFSI,2026-09-16,45.76,1.62,True,43.18,0.181,0.5,43.83,0.193,True,43.24,0.108,True,65.0,0.5,B 上升結構,False,12:32,16.1,升,59.0,7,False,9.0,0.3869,0.4592,,False,False,5.64,1.59,41.06,10.27,2.9,↑,HH/HL,UT,False,262,3,10MA_R19
FBLA,2026-09-16,16.17,0.25,True,15.78,0.022,0.29,15.85,0.032,True,15.84,0.021,False,68.7,-1.6,A 待突破,False,12:24,11.8,升,57.0,7,False,9.0,0.0152,0.0058,,False,True,2.42,1.59,15.72,2.78,1.83,↑,HH/HL,UT,False,262,3,10MA_R19
OPHC,2026-09-16,9.09,0.45,True,9.23,0.029,0.82,8.98,0.011,False,9.1,-0.047,False,74.1,-4.3,B 上升結構,True,8:49,264.6,跌,162.0,18,False,11.0,-0.0749,-0.0798,-0.1843,True,True,-1.52,-0.31,8.96,1.43,0.29,—,HH/HL,次級反彈,True,262,3,10MA_R19
CVX,2026-09-16,211.54,4.64,True,204.08,0.86,0.85,207.82,0.372,True,208.12,0.29,True,63.7,6.6,A 待突破,False,3:39,109.5,跌,11.0,1,False,11.0,-0.0205,0.3183,-0.6621,False,False,3.53,1.61,207.12,2.09,0.95,—,HH/HL,自然回檔,True,262,3,SubSector_R11+Combined_R21
SU,2026-09-16,68.95,1.91,True,66.23,0.176,0.3,67.79,0.116,True,67.9,0.064,True,68.0,6.2,A 待突破,False,12:10,4.9,升,53.0,6,False,11.0,0.0812,0.1787,,False,False,3.94,1.42,67.33,2.35,0.85,↑,HH/HL,自然回檔,False,262,3,Combined_R21
AI,2026-09-16,10.56,0.5,True,10.37,0.018,0.46,10.42,0.014,True,10.45,0.034,False,35.1,-0.8,D 趨勢弱,False,3:41,110.6,跌,11.0,1,False,13.0,-0.0053,0.0148,-0.0709,False,True,1.77,0.37,10.38,1.7,0.36,↑,HH/HL,自然回檔,False,262,3,AI_R12+Combined_R21
FEIM,2026-09-16,84.6,5.64,True,73.09,0.704,1.52,70.81,1.379,True,66.53,0.472,True,70.1,0.4,B 上升結構,False,11:15,337.3,升,37.0,5,False,14.0,2.9991,2.9594,,False,False,13.6,2.04,89.76,-6.1,-0.91,—,LH/LL,自然回檔,False,262,3,10MA_R19
ADM,2026-09-16,85.0,2.52,True,82.03,0.251,0.47,83.89,0.111,True,83.19,0.127,True,66.5,6.1,A 待突破,False,2:49,84.6,升,128.0,13,False,14.0,0.2613,0.4456,,False,False,3.49,1.18,78.16,8.05,2.71,—,HH/HL,自然回檔,True,262,3,SubSector_R11+10MA_R19
UNM,2026-09-14,94.92,2.17,True,91.8,0.399,0.93,92.64,0.228,True,92.04,0.079,True,70.5,0.9,A 待突破,False,2:49,84.5,升,97.0,12,False,14.0,0.1582,0.1746,,False,False,3.29,1.44,92.78,2.25,0.98,↑,HH/HL,自然回檔,False,260,3,10MA_R19+Combined_R21
PARR,2026-09-16,84.9,4.52,True,77.78,0.086,-0.03,80.7,0.42,True,79.77,0.219,True,85.8,1.5,B 上升結構,False,12:52,26.1,升,65.0,10,False,14.0,0.2422,0.205,,False,False,8.38,1.58,81.7,3.77,0.71,—,HH/HL,UT,True,262,3,Combined_R21
RGLD,2026-09-16,245.51,8.04,False,246.56,1.707,1.13,250.65,-0.514,True,258.25,0.754,True,52.2,3.2,C 基底修復,True,8:43,261.4,跌,95.0,10,False,,-3.6054,-3.2481,-3.6054,False,False,-0.43,-0.13,,,,—,HH/HL,DT,False,262,3,SubSector_R11
EL,2026-09-16,95.6,3.12,False,96.92,0.32,0.44,97.41,-0.181,True,100.6,0.567,True,42.0,7.4,C 基底修復,True,7:03,211.4,跌,67.0,7,False,,-1.2852,-1.2041,-1.2852,False,False,-1.38,-0.42,103.86,-8.64,-2.64,↓,LH/LL,DT,False,262,3,SubSector_R11
PFE,2026-09-16,27.46,0.54,False,27.53,0.13,0.94,27.68,-0.022,True,28.09,0.01,False,61.0,-0.3,C 基底修復,True,6:54,207.2,跌,65.0,7,False,,-0.2063,-0.1991,-0.2063,False,True,-0.24,-0.12,28.19,-2.66,-1.36,↓,LH/LL,DT,False,262,3,SubSector_R11
CNR,2026-09-16,94.01,3.27,False,95.07,0.439,0.74,96.46,-0.245,True,97.98,0.099,True,55.1,3.6,C 基底修復,True,6:48,204.1,跌,63.0,8,False,,-1.1473,-1.0095,-1.1473,False,False,-1.13,-0.32,,,,—,HH/HL,DT,False,262,3,SubSector_R11
GAP,2026-09-16,20.17,0.86,False,21.42,-0.017,0.04,21.11,-0.094,True,21.21,0.005,True,25.0,0.8,D 趨勢弱,True,6:02,181.1,跌,51.0,5,False,,-0.2131,-0.1621,-0.2131,False,False,-6.21,-1.46,21.51,-6.64,-1.56,↓,LH/LL,DT,False,262,3,Combined_R21
WTRG,2026-09-16,41.37,0.79,True,40.92,0.094,0.41,41.16,0.021,True,41.24,0.051,False,56.4,-1.2,C 基底修復,False,5:42,171.1,跌,45.0,4,False,,-0.0653,-0.0443,-0.0744,False,True,1.08,0.57,40.91,1.11,0.58,—,HH/HL,自然回檔,True,262,3,SubSector_R11
ORCL,2026-09-16,143.16,7.65,False,149.89,-0.038,0.55,148.22,-0.506,True,148.8,0.019,True,22.6,14.4,D 趨勢弱,False,5:07,153.5,跌,35.0,3,False,,-1.3515,-1.0792,-1.3515,False,True,-4.7,-0.88,145.48,-1.62,-0.3,—,HH/HL,自然反彈,False,262,3,AI_R12+Combined_R21
CF,2026-09-16,131.99,5.45,True,127.28,0.374,0.31,130.69,0.13,True,131.17,0.614,False,51.7,-0.1,B 上升結構,False,4:48,144.0,跌,30.0,3,False,,-0.364,-0.1084,-1.3845,False,True,3.57,0.86,133.35,-1.03,-0.25,—,HH/HL,自然回檔,True,262,3,SubSector_R11+Combined_R21
BNS,2026-09-16,92.96,1.72,True,91.17,0.284,0.53,92.02,0.094,True,91.82,0.142,False,83.0,-0.4,A 待突破,False,4:34,137.0,跌,26.0,3,False,,-0.0865,-0.0365,-0.4198,False,True,1.92,1.04,91.6,1.46,0.79,—,HH/HL,自然回檔,True,262,3,Combined_R21
TARS,2026-09-16,77.64,3.39,True,74.85,0.406,0.79,76.97,0.067,True,77.37,0.33,True,44.3,2.1,C 基底修復,False,4:33,136.5,跌,26.0,3,False,,-0.6551,-0.386,-0.7655,False,False,3.6,0.82,70.65,9.0,2.06,↑,HH/HL,自然回檔,False,262,3,10MA_R19
FCFS,2026-09-16,219.7,7.91,False,220.05,0.334,0.4,220.52,-0.082,True,221.87,0.348,True,72.2,0.2,B 上升結構,False,4:09,124.7,跌,19.0,2,False,,-0.7374,-0.5451,-2.114,False,True,-0.16,-0.04,214.47,2.38,0.66,↑,HH/HL,自然回檔,False,262,3,10MA_R19+Combined_R21
OOMA,2026-09-16,22.58,1.06,True,22.11,0.035,0.19,22.25,0.033,True,22.19,0.096,False,63.2,-4.3,E 延伸,False,4:08,123.9,跌,19.0,2,False,,-0.0381,-0.0102,-0.2308,False,True,2.1,0.45,21.52,4.69,1.0,—,HH/HL,自然回檔,True,262,3,10MA_R19
ALT,2026-09-16,3.24,0.14,True,3.13,0.009,0.36,3.2,0.004,True,3.21,0.013,True,27.0,1.9,D 趨勢弱,False,4:03,121.6,跌,18.0,2,False,,-0.0062,-0.0012,-0.0287,False,False,3.44,0.79,3.09,4.63,1.07,↑,HH/HL,自然回檔,False,262,3,SubSector_R11
HOOD,2026-09-16,104.42,6.65,False,106.42,0.459,0.6,108.68,-0.426,True,109.36,0.644,True,43.5,4.2,D 趨勢弱,False,3:56,118.0,跌,16.0,2,False,,-0.7787,-0.0763,-2.9917,False,True,-1.92,-0.3,103.62,0.77,0.12,↑,HH/HL,自然回檔,False,262,3,SubSector_R11+Combined_R21
PEGA,2026-09-16,36.84,1.46,True,35.1,0.177,0.96,35.7,0.114,True,35.85,0.217,True,25.0,10.0,E 延伸,False,3:55,117.7,跌,15.0,1,False,,-0.0098,0.0519,-0.4591,False,False,4.73,1.2,35.03,4.91,1.24,↑,HH/HL,自然回檔,False,262,3,10MA_R19
MDGL,2026-09-16,529.09,19.03,False,526.52,1.304,0.74,532.35,-0.326,True,533.33,0.236,True,53.2,3.3,C 基底修復,False,3:48,114.0,跌,13.0,2,False,,-1.3317,-1.0096,-9.1609,False,True,0.49,0.14,534.16,-0.96,-0.27,—,HH/HL,DT,True,262,3,SubSector_R11
DMLP,2026-09-16,29.46,0.51,True,28.28,0.163,1.43,29.06,0.04,True,29.19,0.071,True,71.7,7.1,A 待突破,False,3:45,112.5,跌,12.0,1,False,,-0.0008,0.0469,-0.2038,False,False,4.0,2.29,28.36,3.73,2.14,↑,HH/HL,自然回檔,False,262,3,10MA_R19
TSLA,2026-09-16,358.08,13.24,True,351.25,1.011,0.59,356.64,0.144,True,357.89,1.06,False,19.5,-1.4,C 基底修復,False,3:44,111.8,跌,12.0,1,False,,-0.037,0.3722,-9.7347,False,True,1.91,0.52,356.09,0.56,0.15,↑,HH/HL,次級回檔,False,262,3,AI_R12+SubSector_R11+Combined_R21
CBIO,2026-09-16,17.18,1.39,False,18.37,0.047,0.57,18.42,-0.124,True,18.38,0.025,True,57.3,7.0,D 趨勢弱,False,3:28,104.1,跌,8.0,1,False,,-0.1396,0.0341,-0.1396,False,True,-6.94,-0.86,16.69,2.85,0.35,↑,HH/HL,自然回檔,False,262,3,Combined_R21
FUBO,2026-09-16,10.6,0.76,False,10.37,0.037,0.45,10.79,-0.019,True,10.84,0.03,True,36.8,4.3,D 趨勢弱,False,3:27,103.6,跌,8.0,1,False,,-0.0388,0.0209,-0.1221,False,True,2.17,0.3,10.71,-1.04,-0.14,—,HH/HL,DT,False,262,3,10MA_R19
AD,2026-09-16,37.9,0.88,True,36.77,0.119,0.61,37.27,0.063,True,37.06,0.143,False,17.8,-1.5,D 趨勢弱,False,2:49,84.6,升,817.0,49,False,,0.0805,0.1369,,False,True,2.99,1.28,37.69,0.55,0.24,—,HH/HL,自然回檔,True,262,3,10MA_R19
AESI,2026-09-16,13.57,0.79,True,12.72,0.237,0.9,13.22,0.035,True,13.14,0.046,True,36.7,2.9,D 趨勢弱,False,2:49,84.6,升,284.0,28,False,,0.0661,0.0967,,False,False,6.25,1.08,13.87,-2.21,-0.38,↑,HH/HL,次級反彈,False,262,3,10MA_R19
APP,2026-09-16,326.56,15.87,False,326.42,-3.679,-1.02,325.61,0.095,True,314.89,0.965,True,20.3,0.4,D 趨勢弱,False,2:49,84.6,升,131.0,16,False,,6.59,6.9811,,False,True,0.04,0.01,331.81,-1.61,-0.33,—,LH/LL,自然回檔,True,262,3,Combined_R21
CYPH,2026-09-16,2.44,0.33,True,1.97,0.045,0.44,1.93,0.051,True,1.95,0.082,True,54.3,4.3,E 延伸,False,2:49,84.6,升,221.0,31,False,,0.0118,0.02,,False,False,19.06,1.4,2.22,9.02,0.66,↑,HH/HL,自然反彈,False,262,3,10MA_R19
HSHP,2026-09-16,18.39,0.58,True,16.94,0.114,0.9,17.37,0.102,True,17.28,0.128,True,66.0,1.3,E 延伸,False,2:49,84.6,升,176.0,22,False,,0.0589,0.0715,,False,False,7.9,2.52,17.95,2.39,0.76,↑,HH/HL,UT,False,262,3,Combined_R21
MEOH,2026-09-16,61.51,2.32,True,59.12,0.327,1.12,60.0,0.151,True,59.96,0.198,True,58.3,2.3,B 上升結構,False,2:49,84.6,升,161.0,23,False,,0.1959,0.3768,,False,False,3.89,1.03,58.72,4.54,1.2,↑,HH/HL,自然回檔,False,262,3,Combined_R21
SMTC,2026-09-16,167.55,11.82,True,140.86,1.583,0.51,146.44,2.111,True,141.9,1.616,True,68.9,4.6,B 上升結構,False,2:49,84.6,升,121.0,15,False,,2.1582,1.7002,,False,False,15.93,2.26,159.13,5.03,0.71,↑,HH/HL,UT,False,262,3,AI_R12
STAG,2026-09-16,37.08,0.56,False,37.09,-0.038,-0.63,37.29,-0.021,True,37.14,0.025,True,37.5,0.3,D 趨勢弱,False,2:49,84.6,升,115.0,16,False,,0.0433,0.0501,,False,True,-0.02,-0.01,36.69,1.05,0.69,—,HH/HL,自然回檔,True,262,3,SubSector_R11
AAPL,2026-09-16,332.41,7.35,True,316.12,0.949,0.29,322.18,1.023,True,320.39,1.119,True,70.1,9.5,E 延伸,False,2:48,84.2,升,97.0,15,False,,1.5385,1.5966,,False,False,4.9,2.22,315.34,5.14,2.32,↑,HH/HL,UT,False,262,3,AI_R12+SubSector_R11
OHI,2026-09-16,46.91,0.95,False,46.9,-0.055,-0.65,47.03,-0.012,True,46.78,0.023,True,39.7,0.2,C 基底修復,False,2:02,60.9,升,84.0,11,False,,0.1308,0.1548,,False,True,0.02,0.01,45.76,2.45,1.21,—,HH/HL,UT,True,262,3,SubSector_R11
RIOT,2026-09-16,20.35,1.57,False,20.47,-0.035,-0.02,20.57,-0.022,True,20.4,0.072,True,53.4,2.2,C 基底修復,False,1:51,55.6,升,81.0,9,False,,0.0645,0.1084,,False,True,-0.57,-0.07,21.47,-5.5,-0.71,↓,LH/LL,自然反彈,False,262,3,SubSector_R11
ATRC,2026-09-16,57.14,1.97,True,49.56,0.705,1.81,50.97,0.617,True,51.26,0.569,True,61.5,0.5,E 延伸,False,12:15,7.3,升,54.0,10,False,,0.1935,0.155,,False,False,13.26,3.85,51.52,9.84,2.86,↑,HH/HL,UT,False,262,3,10MA_R19
BIRK,2026-09-16,30.44,1.4,False,36.2,-0.197,-0.75,33.6,-0.316,False,33.6,-0.339,False,10.0,0.0,D 趨勢弱,True,8:49,264.6,跌,132.0,20,True,0.0,-0.2044,-0.2562,-0.5497,True,False,-18.93,-4.11,36.18,-18.86,-4.1,↓,LH/LL,DT,False,262,2,Combined_R21
CORT,2026-09-16,111.81,4.6,False,114.68,0.12,0.19,113.06,-0.125,False,115.66,-0.314,False,75.8,-0.0,A 待突破,True,8:49,264.6,跌,122.0,15,True,0.0,-1.1862,-1.2721,-1.9139,True,False,-2.56,-0.62,117.84,-5.39,-1.31,—,LH/LL,自然回檔,True,262,2,Combined_R21
RCL,2026-09-16,253.92,7.74,False,282.63,-2.672,-1.68,271.53,-1.761,False,272.62,-2.304,False,5.0,0.0,D 趨勢弱,True,8:49,264.6,跌,236.0,26,True,0.0,-1.491,-1.9295,-4.1654,True,False,-11.31,-3.71,282.26,-11.16,-3.66,↓,LH/LL,DT,False,262,2,SubSector_R11
LUNR,2026-09-16,13.87,1.0,False,16.59,0.096,0.41,15.18,-0.131,False,15.57,-0.272,False,20.3,-0.5,D 趨勢弱,True,8:18,249.0,跌,88.0,13,True,0.0,-0.1744,-0.1887,-0.2753,True,False,-19.6,-2.72,15.68,-13.05,-1.81,↓,LH/LL,DT,False,262,2,SubSector_R11
BEAM,2026-09-16,23.1,1.55,False,27.25,-0.157,-0.31,26.61,-0.351,False,27.71,-0.174,False,1.1,-2.0,D 趨勢弱,True,6:57,208.6,跌,66.0,7,True,0.0,-0.6555,-0.6601,-1.0454,True,False,-17.95,-2.67,,,,—,HH/HL,DT,False,262,2,SubSector_R11
ALAB,2026-09-16,269.18,22.74,False,300.61,-5.763,-0.35,287.39,-1.821,False,284.83,-1.713,False,31.6,-9.4,D 趨勢弱,True,6:08,183.9,跌,52.0,3,True,0.0,-1.6359,-1.9185,-15.9261,True,False,-11.68,-1.38,304.09,-12.97,-1.54,↓,LH/LL,自然反彈,False,262,2,AI_R12+Combined_R21
JCI,2026-09-16,140.47,3.89,False,145.79,-0.458,-0.23,142.94,-0.247,False,142.13,-0.46,True,39.9,2.5,C 基底修復,False,4:32,136.0,跌,26.0,3,True,0.0,-0.2795,-0.31,-1.4224,True,False,-3.78,-1.37,145.41,-3.52,-1.27,↓,LH/LL,自然回檔,False,262,2,SubSector_R11
FN,2026-09-16,392.68,25.37,False,462.41,-5.307,-0.35,423.48,-3.08,False,414.48,-4.495,True,10.9,0.5,D 趨勢弱,False,4:28,134.1,跌,24.0,3,True,0.0,-0.439,-1.3599,-11.7417,True,False,-17.76,-2.75,418.27,-6.52,-1.01,—,LH/LL,自然反彈,True,262,2,AI_R12+Combined_R21
WKC,2026-09-16,35.47,0.94,False,36.11,-0.183,-0.92,35.65,-0.018,False,35.54,-0.035,True,66.4,1.1,C 基底修復,False,9:27,283.3,升,7.0,1,False,1.0,0.0063,-0.0164,,False,True,-1.81,-0.68,34.89,1.64,0.61,—,HH/HL,DT,True,262,2,Combined_R21
INGR,2026-09-16,98.48,1.94,False,103.3,-0.106,-0.06,101.71,-0.323,False,102.87,-0.349,True,12.1,0.6,D 趨勢弱,True,8:49,264.6,跌,99.0,15,False,1.0,-0.6228,-0.6339,-0.6673,True,False,-4.89,-2.48,102.24,-3.82,-1.94,—,LH/LL,自然回檔,False,262,2,SubSector_R11
TDW,2026-09-16,88.17,3.88,False,91.56,0.91,0.79,91.26,-0.309,False,93.17,-0.298,False,54.6,-7.7,B 上升結構,True,8:49,264.6,跌,138.0,15,False,1.0,-1.2382,-1.0828,-1.2382,False,True,-3.85,-0.87,91.79,-4.11,-0.93,—,LH/LL,自然回檔,False,262,2,SubSector_R11
APD,2026-09-16,287.08,6.13,False,301.53,-0.41,-0.12,297.78,-1.07,False,300.57,-0.808,True,45.3,0.7,C 基底修復,True,8:32,256.2,跌,92.0,9,False,1.0,-2.2249,-2.2036,-2.3348,False,False,-5.03,-2.36,300.2,-4.57,-2.14,↓,LH/LL,DT,False,262,2,AI_R12+SubSector_R11
NE,2026-09-16,44.34,1.75,False,45.05,0.186,0.61,45.28,-0.094,False,45.92,-0.045,False,61.6,-2.1,B 上升結構,True,6:44,201.8,跌,62.0,8,False,1.0,-0.3126,-0.2475,-0.3591,False,True,-1.61,-0.41,44.37,-0.07,-0.02,↑,HH/HL,次級回檔,False,262,2,SubSector_R11
VAL,2026-09-16,82.52,3.97,False,85.74,0.132,0.34,85.17,-0.265,False,86.29,-0.192,False,45.7,-4.9,C 基底修復,True,6:08,184.2,跌,52.0,7,False,1.0,-0.6644,-0.5197,-0.844,False,True,-3.9,-0.81,83.6,-1.31,-0.27,—,HH/HL,自然回檔,False,262,2,SubSector_R11
NEO,2026-09-16,18.94,0.81,True,17.25,0.118,0.87,17.5,0.144,True,17.57,0.152,False,75.0,0.0,E 延伸,False,9:49,294.6,升,14.0,2,False,2.0,0.0446,0.0093,,False,False,8.92,2.08,17.32,8.55,1.99,↑,HH/HL,UT,False,262,2,Combined_R21
DT,2026-09-16,55.19,1.88,True,50.94,0.287,0.56,51.62,0.357,True,51.8,0.297,False,54.1,-12.9,E 延伸,False,9:25,282.6,升,7.0,1,False,2.0,0.1015,-0.0137,,False,False,7.7,2.25,50.86,7.85,2.3,↑,HH/HL,UT,False,262,2,10MA_R19
ABT,2026-09-16,102.36,2.57,False,109.48,-0.021,-0.17,106.76,-0.44,False,109.33,-0.516,True,22.7,6.0,C 基底修復,True,8:49,264.6,跌,108.0,14,False,2.0,-1.3502,-1.4884,-1.6482,True,False,-6.96,-2.77,113.91,-11.28,-4.49,↓,LH/LL,DT,False,262,2,SubSector_R11
ALOY,2026-09-16,8.15,0.85,False,11.36,-0.064,0.38,9.92,-0.177,False,10.27,-0.268,True,18.1,0.4,D 趨勢弱,True,8:49,264.6,跌,109.0,16,False,2.0,-0.2728,-0.2847,-0.6155,True,False,-39.43,-3.76,10.21,-25.28,-2.41,↓,LH/LL,DT,False,262,2,SubSector_R11
AON,2026-09-16,300.57,9.2,False,327.66,-3.268,-1.91,325.45,-2.488,False,330.24,-2.132,True,8.9,0.3,D 趨勢弱,True,8:49,264.6,跌,394.0,33,False,2.0,-2.8419,-3.0557,-4.3365,True,False,-9.01,-2.94,311.54,-3.65,-1.19,↓,LH/LL,DT,False,262,2,SubSector_R11
BRO,2026-09-16,65.88,1.92,False,70.5,-0.174,-0.49,69.36,-0.348,False,70.54,-0.174,True,25.7,0.4,D 趨勢弱,True,8:49,264.6,跌,153.0,14,False,2.0,-0.7037,-0.6951,-0.9092,False,False,-7.01,-2.41,68.33,-3.72,-1.28,↓,LH/LL,DT,False,262,2,SubSector_R11
BSX,2026-09-16,43.91,1.73,False,48.05,-0.22,-0.24,46.3,-0.239,False,47.03,-0.328,True,0.4,0.4,D 趨勢弱,True,8:49,264.6,跌,186.0,17,False,2.0,-0.4817,-0.5505,-0.7453,True,False,-9.44,-2.39,45.05,-2.6,-0.66,↓,LH/LL,自然回檔,False,262,2,SubSector_R11
CAG,2026-09-16,15.18,0.43,False,15.51,0.011,-0.01,15.35,-0.017,False,15.71,-0.017,True,33.2,12.0,C 基底修復,True,8:49,264.6,跌,123.0,12,False,2.0,-0.1466,-0.185,-0.2251,True,False,-2.16,-0.76,16.37,-7.84,-2.78,—,LH/LL,UT,False,262,2,SubSector_R11
CHD,2026-09-16,95.51,1.94,False,99.22,-0.244,-0.44,97.55,-0.204,False,98.34,-0.181,True,37.4,15.0,C 基底修復,True,8:49,264.6,跌,274.0,12,False,2.0,-0.5429,-0.6988,-0.8335,True,False,-3.89,-1.92,99.12,-3.78,-1.87,↓,LH/LL,DT,False,262,2,SubSector_R11
CL,2026-09-16,87.02,1.75,False,90.41,-0.205,-0.43,89.21,-0.219,False,89.54,-0.222,True,24.7,2.0,D 趨勢弱,True,8:49,264.6,跌,166.0,23,False,2.0,-0.2823,-0.3109,-0.4014,True,False,-3.9,-1.94,90.54,-4.05,-2.01,↓,LH/LL,DT,False,262,2,SubSector_R11
CLDX,2026-09-16,38.71,1.48,False,40.72,0.006,0.16,39.26,-0.055,False,39.53,-0.154,True,56.0,1.5,C 基底修復,True,8:49,264.6,跌,134.0,20,False,2.0,-0.2324,-0.2935,-0.5898,True,False,-5.19,-1.35,40.04,-3.44,-0.9,↓,LH/LL,自然反彈,False,262,2,Combined_R21
DNLI,2026-09-16,20.06,0.82,False,23.47,-0.171,-0.63,22.49,-0.243,False,23.03,-0.212,True,15.2,0.9,D 趨勢弱,True,8:49,264.6,跌,189.0,17,False,2.0,-0.3437,-0.3365,-0.4892,False,False,-16.98,-4.15,25.7,-28.12,-6.87,↓,LH/LL,DT,False,262,2,SubSector_R11
GLPI,2026-09-16,40.35,0.8,False,42.3,-0.104,-0.76,41.88,-0.153,False,42.07,-0.087,True,14.1,1.9,D 趨勢弱,True,8:49,264.6,跌,129.0,14,False,2.0,-0.122,-0.1192,-0.1937,False,False,-4.84,-2.45,42.66,-5.72,-2.89,↓,LH/LL,自然反彈,False,262,2,SubSector_R11
IMO,2026-09-16,130.3,3.56,False,131.88,0.238,0.26,131.6,-0.13,False,132.76,-0.27,False,58.0,-11.0,A 待突破,True,8:49,264.6,跌,104.0,15,False,2.0,-0.3671,-0.2529,-0.8156,False,True,-1.22,-0.45,128.62,1.29,0.47,—,HH/HL,次級回檔,True,262,2,Combined_R21
KMB,2026-09-16,98.1,2.45,False,105.21,-0.535,-1.32,104.02,-0.592,False,105.58,-0.481,True,12.8,1.2,D 趨勢弱,True,8:49,264.6,跌,125.0,13,False,2.0,-1.0056,-1.1115,-1.3186,True,False,-7.25,-2.91,109.29,-11.41,-4.57,↓,LH/LL,DT,False,262,2,SubSector_R11
LHX,2026-09-16,250.74,6.13,False,267.75,-1.005,-0.97,260.21,-0.947,False,259.31,-1.44,True,5.1,4.5,D 趨勢弱,True,8:49,264.6,跌,151.0,21,False,2.0,-0.3113,-0.6994,-2.3914,True,False,-6.78,-2.77,269.5,-7.48,-3.06,↓,LH/LL,自然反彈,False,262,2,SubSector_R11
MAN,2026-09-16,57.93,2.34,False,58.72,0.122,0.39,58.46,-0.053,False,60.07,-0.077,False,78.4,-2.3,A 待突破,True,8:49,264.6,跌,365.0,31,False,2.0,-0.8414,-0.9236,-1.164,True,True,-1.37,-0.34,60.27,-4.04,-1.0,↑,HH/HL,UT,False,262,2,SubSector_R11
NKE,2026-09-16,35.78,0.98,False,39.2,-0.194,-0.86,38.3,-0.252,False,38.47,-0.214,True,6.5,2.6,D 趨勢弱,True,8:49,264.6,跌,349.0,34,False,2.0,-0.1704,-0.1488,-0.2221,False,False,-9.56,-3.49,39.6,-10.68,-3.9,↓,LH/LL,DT,False,262,2,SubSector_R11+Combined_R21
PEP,2026-09-16,134.34,2.18,False,139.33,-0.11,-0.38,138.27,-0.393,False,139.53,-0.29,True,14.5,0.5,D 趨勢弱,True,8:49,264.6,跌,99.0,12,False,2.0,-0.6163,-0.5719,-0.6163,False,False,-3.71,-2.29,138.8,-3.32,-2.04,↓,LH/LL,DT,False,262,2,SubSector_R11
TGT,2026-09-16,154.68,4.26,False,158.11,0.176,0.31,157.89,-0.321,True,161.26,0.11,False,76.2,-1.9,A 待突破,True,8:49,264.6,跌,145.0,12,False,2.0,-1.7752,-1.7534,-1.7752,False,False,-2.22,-0.81,164.44,-6.31,-2.29,↓,LH/LL,DT,False,262,2,Combined_R21
TRVI,2026-09-16,15.01,0.76,False,17.39,-0.177,-0.69,16.71,-0.17,False,16.97,-0.191,True,46.6,0.2,D 趨勢弱,True,8:49,264.6,跌,124.0,19,False,2.0,-0.2316,-0.2193,-0.2396,False,False,-15.85,-3.12,17.26,-14.99,-2.95,↓,LH/LL,DT,False,262,2,Combined_R21
TXRH,2026-09-14,181.12,4.72,False,199.16,-1.246,-1.06,191.88,-1.076,False,194.51,-1.299,True,25.3,2.3,D 趨勢弱,True,8:49,264.6,跌,202.0,22,False,2.0,-2.0947,-2.3912,-2.7495,True,False,-9.96,-3.82,205.29,-13.34,-5.12,↓,LH/LL,DT,False,260,2,Combined_R21
VICI,2026-09-16,24.53,0.43,False,25.82,-0.091,-0.79,25.46,-0.093,False,25.62,-0.069,True,9.5,0.6,D 趨勢弱,True,8:49,264.6,跌,170.0,14,False,2.0,-0.0874,-0.081,-0.1023,False,False,-5.25,-2.97,25.93,-5.71,-3.22,↓,LH/LL,DT,False,262,2,SubSector_R11
AXGN,2026-09-16,45.44,2.47,False,46.6,-0.035,-0.22,46.52,-0.108,False,47.81,-0.238,True,62.9,11.1,B 上升結構,True,8:14,246.8,跌,87.0,11,False,2.0,-0.7157,-0.8929,-1.1182,True,False,-2.55,-0.47,48.28,-6.25,-1.15,↓,LH/LL,自然反彈,False,262,2,Combined_R21
CRH,2026-09-16,86.7,2.63,False,94.41,-0.398,-0.64,92.04,-0.534,False,92.37,-0.328,True,5.3,0.0,D 趨勢弱,True,8:08,243.8,跌,85.0,11,False,2.0,-0.3869,-0.3648,-0.7173,False,False,-8.89,-2.93,94.26,-8.72,-2.87,↓,LH/LL,DT,False,262,2,SubSector_R11
CELH,2026-09-16,28.25,1.48,False,28.99,-0.013,-0.09,29.65,-0.14,False,31.04,-0.083,False,19.3,-0.7,D 趨勢弱,True,8:03,241.6,跌,84.0,10,False,2.0,-0.5042,-0.6022,-0.7418,True,True,-2.63,-0.5,27.63,2.19,0.42,—,HH/HL,次級反彈,False,262,2,SubSector_R11
GIS,2026-09-16,36.81,1.16,False,38.49,0.038,-0.02,38.0,-0.119,False,38.96,-0.064,True,11.9,3.6,D 趨勢弱,True,7:45,232.4,跌,79.0,9,False,2.0,-0.4788,-0.5566,-0.6443,True,False,-4.57,-1.45,35.61,3.26,1.03,—,HH/HL,自然反彈,False,262,2,SubSector_R11
COIN,2026-09-16,164.51,12.0,False,172.09,0.307,0.38,174.49,-0.998,True,179.17,0.914,False,5.7,-4.3,D 趨勢弱,True,6:23,191.6,跌,56.0,6,False,2.0,-1.9316,-0.9979,-1.9316,False,False,-4.61,-0.63,191.45,-16.38,-2.25,↓,LH/LL,DT,False,262,2,SubSector_R11+Combined_R21
HG,2026-09-16,35.17,0.88,False,35.21,-0.023,-0.25,35.12,0.005,False,35.09,-0.004,False,55.0,-19.0,C 基底修復,True,6:22,190.8,跌,56.0,7,False,2.0,-0.0301,-0.0442,-0.2004,True,True,-0.11,-0.05,34.56,1.73,0.7,↑,HH/HL,次級反彈,False,262,2,Combined_R21
ACM,2026-09-16,62.81,2.29,False,66.23,-0.245,-0.42,65.38,-0.257,True,65.24,0.055,True,24.1,0.7,D 趨勢弱,False,5:44,171.8,跌,45.0,5,False,2.0,-0.1157,-0.0488,-1.3742,False,False,-5.45,-1.49,62.89,-0.13,-0.03,—,HH/HL,自然回檔,True,262,2,SubSector_R11
CRM,2026-09-16,250.54,9.9,True,229.48,1.337,0.88,238.03,1.251,True,239.75,2.72,False,57.5,-1.5,E 延伸,False,5:40,170.0,跌,44.0,5,False,2.0,-1.3685,-0.7888,-1.3685,False,False,8.4,2.13,243.0,3.01,0.76,↑,HH/HL,次級回檔,False,262,2,AI_R12+SubSector_R11+Combined_R21
CMG,2026-09-16,33.68,1.27,False,35.25,-0.012,-0.18,35.99,-0.231,True,36.72,0.016,True,32.5,1.7,D 趨勢弱,False,5:28,163.8,跌,41.0,6,False,2.0,-0.4405,-0.3031,-0.4405,False,False,-4.65,-1.23,37.22,-10.51,-2.78,—,HH/HL,DT,False,262,2,SubSector_R11
CNC,2026-09-16,66.01,2.49,False,65.83,0.133,0.41,66.03,-0.002,True,65.78,0.04,False,89.6,-3.6,A 待突破,False,10:48,324.0,升,30.0,3,False,3.0,0.124,0.2324,,False,True,0.27,0.07,63.89,3.21,0.85,↑,HH/HL,自然回檔,False,262,2,SubSector_R11+Combined_R21
MTCH,2026-09-16,43.58,1.27,True,40.29,0.1,0.41,41.64,0.194,True,41.85,0.245,False,53.6,-2.5,E 延伸,False,10:48,324.0,升,30.0,3,False,3.0,0.1445,0.1493,,False,False,7.55,2.58,41.15,5.58,1.91,↑,HH/HL,UT,False,262,2,SubSector_R11
COKE,2026-09-16,198.67,6.27,True,190.96,0.724,0.28,193.06,0.561,True,193.36,0.501,False,54.6,-11.6,A 待突破,False,10:39,319.7,升,28.0,2,False,3.0,0.3903,0.2502,,False,False,3.88,1.23,199.15,-0.24,-0.08,—,LH/LL,UT,False,262,2,10MA_R19
AIG,2026-09-16,76.07,1.33,False,76.49,-0.082,-0.46,76.21,-0.014,False,76.09,-0.002,True,27.4,0.6,D 趨勢弱,False,10:38,318.8,升,27.0,2,False,3.0,0.0707,0.038,,False,True,-0.56,-0.32,76.6,-0.7,-0.4,↓,LH/LL,自然反彈,False,262,2,SubSector_R11
RUSHB,2026-09-16,53.9,1.89,True,52.1,0.033,-0.05,51.59,0.231,True,51.41,0.062,False,74.7,-0.3,A 待突破,False,10:11,305.6,升,20.0,2,False,3.0,0.2992,0.1669,,False,False,3.34,0.95,51.82,3.86,1.1,—,LH/LL,UT,False,262,2,Combined_R21
PD,2026-09-16,14.48,0.57,True,13.02,0.092,1.03,13.39,0.109,True,13.41,0.131,False,47.2,-0.1,E 延伸,False,10:08,303.8,升,19.0,3,False,3.0,0.0221,0.0332,,False,False,10.08,2.55,13.77,4.9,1.24,↑,HH/HL,自然回檔,False,262,2,10MA_R19
ZD,2026-09-16,58.75,1.64,True,55.51,0.202,0.42,56.11,0.264,True,56.12,0.183,False,65.1,-7.3,E 延伸,False,9:59,299.7,升,16.0,2,False,3.0,0.2083,0.1408,,False,False,5.52,1.98,55.29,5.89,2.11,↑,HH/HL,UT,False,262,2,Combined_R21
IOVA,2026-09-16,9.87,0.52,True,7.59,0.15,1.24,8.31,0.156,True,8.55,0.142,False,75.0,0.0,E 延伸,False,9:36,288.0,升,10.0,1,False,3.0,0.0122,-0.033,,False,False,23.06,4.4,8.14,17.53,3.35,↑,HH/HL,UT,False,262,2,SubSector_R11+10MA_R19+Combined_R21
FR,2026-09-16,61.41,0.99,False,62.43,-0.205,-0.95,62.07,-0.066,False,62.05,-0.048,True,48.2,0.2,C 基底修復,False,9:35,287.3,升,10.0,1,False,3.0,0.0208,-0.0056,,False,True,-1.66,-1.03,61.13,0.46,0.28,—,LH/LL,自然回檔,True,262,2,SubSector_R11
CYRX,2026-09-16,16.51,0.65,True,15.74,0.046,0.17,15.85,0.066,True,16.08,0.071,False,78.9,-0.2,B 上升結構,False,9:26,283.1,升,7.0,1,False,3.0,0.0305,-0.0153,,False,False,4.67,1.19,16.72,-1.27,-0.33,↓,LH/LL,自然反彈,False,262,2,Combined_R21
TMO,2026-09-16,648.43,15.87,True,610.58,3.534,0.65,613.44,3.499,True,619.87,2.969,False,60.4,-1.3,E 延伸,False,9:26,283.0,升,7.0,1,False,3.0,0.3401,-1.5113,,False,False,5.84,2.38,,,,—,LH/LL,UT,False,262,2,SubSector_R11+10MA_R19
KARO,2026-09-16,67.54,1.98,True,64.33,0.039,0.08,65.08,0.246,True,65.09,0.238,False,71.8,-0.7,E 延伸,False,9:24,282.2,升,7.0,1,False,3.0,0.0547,-0.0322,,False,False,4.76,1.63,63.82,5.51,1.88,↑,HH/HL,UT,False,262,2,Combined_R21
W,2026-09-16,103.24,4.8,False,102.74,-1.859,0.14,100.55,0.269,True,101.25,0.078,True,69.5,1.2,B 上升結構,False,9:21,280.7,升,6.0,1,False,3.0,0.0871,-0.0305,,False,False,0.49,0.1,,,,↓,LH/LL,自然反彈,False,262,2,SubSector_R11
ALRS,2026-09-16,33.04,0.69,False,33.27,-0.01,0.05,33.14,-0.01,False,33.08,-0.028,False,84.6,-1.1,A 待突破,True,8:49,264.6,跌,367.0,28,False,3.0,-0.0353,-0.0227,-0.2241,False,True,-0.71,-0.34,33.6,-1.69,-0.81,—,LH/LL,自然回檔,True,262,2,Combined_R21
BXP,2026-09-16,64.04,1.6,False,67.57,-0.275,-0.98,66.46,-0.242,False,67.16,-0.107,True,43.7,2.4,C 基底修復,True,8:49,264.6,跌,126.0,11,False,3.0,-0.4409,-0.4934,-0.5728,True,False,-5.51,-2.21,63.19,1.33,0.53,—,HH/HL,DT,False,262,2,SubSector_R11
CBL,2026-09-16,53.06,1.51,False,55.42,-0.189,-0.62,54.88,-0.182,False,54.99,-0.18,True,51.2,1.6,C 基底修復,True,8:49,264.6,跌,564.0,31,False,3.0,-0.221,-0.1764,-0.498,False,False,-4.45,-1.57,55.98,-5.49,-1.93,—,LH/LL,DT,True,262,2,Combined_R21
CBRE,2026-09-16,138.56,4.41,False,146.64,-0.427,-0.35,143.94,-0.538,False,146.0,-0.437,True,12.4,1.0,D 趨勢弱,True,8:49,264.6,跌,180.0,16,False,3.0,-1.0616,-1.1023,-1.4979,True,False,-5.83,-1.83,148.74,-7.35,-2.31,↓,LH/LL,自然反彈,False,262,2,SubSector_R11
CHTR,2026-09-16,135.0,7.4,False,149.34,-0.345,-0.04,145.61,-1.061,False,147.91,-0.668,True,8.7,2.2,D 趨勢弱,True,8:49,264.6,跌,166.0,21,False,3.0,-1.7958,-1.4894,-1.9972,False,False,-10.62,-1.94,148.34,-9.88,-1.8,—,LH/LL,次級回檔,False,262,2,SubSector_R11
ECL,2026-09-16,274.08,5.41,False,280.98,-0.198,-0.13,278.21,-0.413,False,280.62,-0.296,False,47.9,-0.1,C 基底修復,True,8:49,264.6,跌,104.0,11,False,3.0,-1.0842,-1.1924,-1.9754,True,True,-2.52,-1.27,275.84,-0.64,-0.33,—,HH/HL,DT,False,262,2,SubSector_R11
HRB,2026-09-16,45.11,1.65,False,49.91,-0.023,0.07,47.93,-0.282,False,49.75,-0.291,True,48.9,3.2,D 趨勢弱,True,8:49,264.6,跌,135.0,14,False,3.0,-0.9426,-1.0255,-1.2778,True,False,-10.63,-2.91,46.85,-3.86,-1.06,↓,LH/LL,自然反彈,False,262,2,SubSector_R11
JLL,2026-09-16,340.18,11.18,False,365.74,-1.087,-0.09,355.65,-1.547,False,364.6,-1.543,True,42.1,0.5,C 基底修復,True,8:49,264.6,跌,119.0,14,False,3.0,-4.2104,-4.5464,-5.4642,True,False,-7.51,-2.29,367.78,-8.11,-2.47,↓,LH/LL,DT,False,262,2,SubSector_R11
LOW,2026-09-16,194.1,4.58,False,209.38,-0.693,-0.59,203.39,-0.929,False,205.04,-1.077,True,4.9,0.9,D 趨勢弱,True,8:49,264.6,跌,119.0,18,False,3.0,-0.9499,-1.014,-1.9819,True,False,-7.87,-3.34,204.45,-5.33,-2.26,↓,LH/LL,DT,False,262,2,SubSector_R11
LVS,2026-09-16,41.06,1.11,False,44.7,-0.221,-1.05,43.91,-0.285,False,44.39,-0.22,True,5.4,1.1,D 趨勢弱,True,8:49,264.6,跌,112.0,14,False,3.0,-0.3196,-0.2916,-0.3196,False,False,-8.86,-3.29,46.48,-13.2,-4.9,↓,LH/LL,DT,False,262,2,SubSector_R11
MA,2026-09-16,567.75,9.31,False,576.92,0.053,0.04,574.7,-0.695,False,581.24,-0.328,False,63.2,-6.0,C 基底修復,True,8:49,264.6,跌,157.0,11,False,3.0,-3.2358,-3.2631,-4.315,True,True,-1.62,-0.99,578.9,-1.96,-1.2,—,LH/LL,自然回檔,False,262,2,SubSector_R11+Combined_R21
MHK,2026-09-16,127.7,4.05,False,132.16,-0.352,0.31,129.24,-0.154,False,130.36,-0.258,True,53.5,1.3,A 待突破,True,8:49,264.6,跌,135.0,20,False,3.0,-0.7467,-0.8101,-1.9008,True,False,-3.49,-1.1,133.63,-4.64,-1.46,↓,LH/LL,自然反彈,False,262,2,SubSector_R11
MSFT,2026-09-16,490.3,10.83,False,496.16,0.286,1.35,492.07,-0.177,True,496.21,0.434,False,66.7,-2.8,A 待突破,True,8:49,264.6,跌,157.0,21,False,3.0,-3.4756,-3.082,-3.9416,False,False,-1.2,-0.54,505.41,-3.08,-1.4,↓,LH/LL,DT,False,262,2,AI_R12+SubSector_R11+Combined_R21
ROKU,2026-09-16,155.12,2.15,False,154.91,0.481,0.98,155.21,-0.009,False,156.62,-0.133,False,77.8,-2.0,A 待突破,True,8:49,264.6,跌,120.0,14,False,3.0,-0.6367,-0.6237,-1.0296,False,True,0.14,0.1,157.83,-1.75,-1.26,—,LH/LL,自然反彈,False,262,2,SubSector_R11
SHW,2026-09-16,321.46,7.71,False,344.44,-1.625,-0.64,332.89,-1.143,False,335.28,-1.19,True,28.7,1.6,D 趨勢弱,True,8:49,264.6,跌,156.0,22,False,3.0,-1.6862,-1.9892,-3.5529,True,False,-7.15,-2.98,353.59,-10.0,-4.17,↓,LH/LL,自然反彈,False,262,2,SubSector_R11
SYK,2026-09-16,284.76,10.37,False,311.78,-2.111,-1.18,302.17,-1.741,False,307.4,-2.331,True,0.9,0.9,D 趨勢弱,True,8:49,264.6,跌,275.0,23,False,3.0,-2.9313,-4.0772,-6.5941,True,False,-9.49,-2.61,330.69,-16.13,-4.43,↓,LH/LL,自然反彈,False,262,2,SubSector_R11
TAP,2026-09-16,39.11,1.09,False,40.98,-0.104,-0.53,40.14,-0.103,False,40.58,-0.101,True,11.0,4.2,D 趨勢弱,True,8:49,264.6,跌,186.0,16,False,3.0,-0.1659,-0.2147,-0.3896,True,False,-4.78,-1.71,39.73,-1.59,-0.57,↓,LH/LL,自然反彈,False,262,2,SubSector_R11
TOL,2026-09-16,132.64,3.99,False,144.01,-0.6,-0.73,140.1,-0.746,False,141.32,-0.511,True,14.1,0.1,D 趨勢弱,True,8:49,264.6,跌,192.0,25,False,3.0,-0.7941,-0.8596,-1.2694,True,False,-8.57,-2.85,148.58,-12.02,-4.0,↓,LH/LL,DT,False,262,2,SubSector_R11
TT,2026-09-16,421.68,11.16,False,454.67,-1.709,-0.38,444.72,-2.304,False,444.72,-2.084,True,24.4,0.4,D 趨勢弱,True,8:49,264.6,跌,139.0,21,False,3.0,-2.118,-1.8484,-3.797,False,False,-7.82,-2.96,447.9,-6.22,-2.35,↓,LH/LL,DT,False,262,2,AI_R12+SubSector_R11
VNO,2026-09-16,34.82,1.13,False,37.55,-0.535,-1.15,36.51,-0.169,False,36.87,-0.147,True,48.1,3.3,C 基底修復,True,8:49,264.6,跌,347.0,51,False,3.0,-0.215,-0.2672,-0.4075,True,False,-7.85,-2.41,35.44,-1.78,-0.55,↓,LH/LL,自然回檔,False,262,2,SubSector_R11
AFRM,2026-09-16,71.58,3.67,False,75.64,-0.164,-0.11,73.18,-0.16,False,73.89,-0.099,True,42.6,3.7,C 基底修復,True,8:36,257.8,跌,93.0,12,False,3.0,-0.1732,-0.2411,-1.8687,True,False,-5.68,-1.11,73.38,-2.51,-0.49,↓,LH/LL,自然回檔,False,262,2,SubSector_R11
KMX,2026-09-16,58.8,1.79,False,60.38,0.061,0.23,60.65,-0.185,True,61.52,0.07,False,62.3,-12.3,C 基底修復,True,8:20,250.0,跌,89.0,11,False,3.0,-0.5062,-0.4011,-0.5062,False,False,-2.69,-0.89,61.69,-4.91,-1.62,↓,LH/LL,DT,False,262,2,Combined_R21
LIN,2026-09-16,462.09,7.77,False,480.96,-0.517,-0.5,476.17,-1.408,False,478.41,-0.831,True,33.1,1.4,D 趨勢弱,True,7:18,219.2,跌,72.0,7,False,3.0,-1.3751,-1.5017,-3.829,True,False,-4.08,-2.43,460.2,0.41,0.24,—,HH/HL,DT,False,262,2,AI_R12+SubSector_R11
DASH,2026-09-16,196.76,7.51,False,216.28,-0.047,0.1,210.09,-1.333,False,217.54,-0.98,True,40.7,0.7,D 趨勢弱,True,6:59,209.5,跌,66.0,11,False,3.0,-4.0292,-4.2142,-4.9417,True,False,-9.92,-2.6,191.74,2.55,0.67,—,HH/HL,DT,False,262,2,Combined_R21
HIMS,2026-09-16,28.0,1.71,False,29.86,-0.103,0.14,28.88,-0.088,True,29.39,0.03,False,35.3,-1.0,D 趨勢弱,True,6:35,197.4,跌,60.0,11,False,3.0,-0.0484,-0.0812,-1.1398,True,False,-6.64,-1.09,28.81,-2.89,-0.47,—,LH/LL,自然回檔,True,262,2,SubSector_R11
TMUS,2026-09-16,176.26,4.96,False,180.74,0.041,0.18,180.84,-0.458,False,181.36,-0.325,False,22.9,-1.1,D 趨勢弱,True,6:26,192.9,跌,57.0,6,False,3.0,-0.4154,-0.118,-1.458,False,True,-2.54,-0.9,177.21,-0.54,-0.19,—,LH/LL,自然回檔,False,262,2,SubSector_R11
PGR,2026-09-16,216.99,4.31,False,215.74,0.309,0.17,217.89,-0.09,True,219.4,0.488,False,52.6,-2.2,C 基底修復,False,5:47,173.3,跌,46.0,7,False,3.0,-0.2089,-0.0316,-3.4453,False,True,0.58,0.29,222.08,-2.35,-1.18,—,LH/LL,次級反彈,False,262,2,SubSector_R11
DAN,2026-09-16,29.96,1.01,False,30.25,0.102,0.5,30.33,-0.037,False,30.58,-0.041,True,41.1,6.0,C 基底修復,False,5:46,173.1,跌,46.0,6,False,3.0,-0.164,-0.1279,-0.164,False,True,-0.96,-0.29,29.9,0.2,0.06,—,HH/HL,DT,False,262,2,10MA_R19
EPAM,2026-09-16,117.17,5.21,True,108.53,0.215,0.47,114.09,0.308,True,114.98,0.846,False,25.0,0.0,E 延伸,False,3:25,102.5,跌,7.0,1,False,3.0,-0.0963,0.2616,-0.5353,False,False,7.37,1.66,114.52,2.26,0.51,↑,HH/HL,自然回檔,False,262,2,SubSector_R11+10MA_R19
FTNT,2026-09-16,171.77,7.04,True,161.25,0.04,0.22,161.78,0.999,True,160.15,0.688,False,79.4,-2.7,E 延伸,False,10:49,324.7,升,30.0,3,False,4.0,1.302,0.9849,,False,False,6.13,1.49,166.0,3.36,0.82,—,HH/HL,自然反彈,False,262,2,AI_R12+SubSector_R11+Combined_R21
BJ,2026-09-16,92.98,2.58,False,93.33,-0.07,-0.29,92.7,0.028,True,92.54,0.014,False,32.7,-21.0,D 趨勢弱,False,10:44,322.0,升,29.0,3,False,4.0,0.2508,0.2611,,False,True,-0.38,-0.14,90.49,2.68,0.96,↑,HH/HL,自然回檔,False,262,2,SubSector_R11
CB,2026-09-16,341.53,5.52,False,343.43,-0.149,-0.34,341.68,-0.015,False,340.94,-0.188,True,54.3,0.4,C 基底修復,False,10:43,321.4,升,29.0,3,False,4.0,0.3371,0.2381,,False,True,-0.56,-0.34,347.04,-1.61,-1.0,↓,LH/LL,DT,False,262,2,SubSector_R11
CLH,2026-09-16,318.96,6.69,True,317.14,0.5,-0.03,317.12,0.184,False,316.99,-0.027,False,77.0,-0.8,A 待突破,False,10:41,320.5,升,28.0,4,False,4.0,0.0482,0.1785,,False,True,0.57,0.27,314.0,1.56,0.74,—,HH/HL,UT,True,262,2,SubSector_R11
OSPN,2026-09-16,17.86,0.58,True,16.5,0.091,0.59,16.58,0.128,True,16.36,0.104,False,59.4,-3.1,E 延伸,False,10:25,312.4,升,24.0,4,False,4.0,0.1551,0.1315,,False,False,7.62,2.37,16.1,9.85,3.06,↑,HH/HL,UT,False,262,2,10MA_R19
WST,2026-09-16,362.01,8.49,True,349.07,0.672,0.38,348.44,1.357,True,347.37,0.771,False,84.0,-0.8,A 待突破,False,10:25,312.4,升,24.0,3,False,4.0,2.3594,1.909,,False,False,3.57,1.52,,,,—,LH/LL,UT,False,262,2,Combined_R21
GL,2026-09-16,172.98,3.66,False,176.47,-0.339,-0.47,173.75,-0.077,False,172.66,-0.255,True,59.1,0.5,C 基底修復,False,9:54,296.9,升,15.0,2,False,4.0,0.1471,0.0609,,False,True,-2.02,-0.95,176.99,-2.32,-1.1,—,LH/LL,自然反彈,False,262,2,Combined_R21
DKNG,2026-09-16,24.33,1.08,False,24.17,0.027,0.08,24.45,-0.012,True,24.62,0.014,False,21.2,-8.1,D 趨勢弱,False,9:48,294.0,升,13.0,2,False,4.0,0.0201,0.0239,,False,True,0.65,0.15,23.95,1.56,0.35,—,HH/HL,自然回檔,True,262,2,SubSector_R11
HIW,2026-09-16,30.7,0.69,False,31.1,-0.095,-1.27,30.99,-0.029,False,31.01,-0.008,True,51.6,1.7,C 基底修復,False,9:41,290.6,升,11.0,1,False,4.0,0.0012,-0.009,,False,True,-1.31,-0.59,31.19,-1.6,-0.71,—,LH/LL,自然反彈,True,262,2,SubSector_R11
CCBG,2026-09-16,50.14,1.09,False,51.36,-0.118,-0.32,50.93,-0.079,False,50.94,-0.092,False,53.7,-10.5,C 基底修復,True,8:49,264.6,跌,205.0,30,False,4.0,-0.1087,-0.0904,-0.2574,False,True,-2.44,-1.13,51.56,-2.83,-1.31,↓,LH/LL,DT,False,262,2,Combined_R21
DTIL,2026-09-16,6.63,0.4,False,7.77,-0.014,-0.02,7.4,-0.077,False,7.72,-0.08,True,39.3,0.0,D 趨勢弱,True,8:49,264.6,跌,101.0,12,False,4.0,-0.1423,-0.1414,-0.1982,False,False,-17.19,-2.88,,,,—,HH/HL,DT,False,262,2,SubSector_R11
GD,2026-09-16,360.0,6.62,False,374.42,-1.071,-0.83,367.19,-0.719,False,369.47,-1.674,True,32.8,1.6,C 基底修復,True,8:49,264.6,跌,476.0,22,False,4.0,-1.1967,-1.8274,-3.7351,True,False,-4.0,-2.18,396.92,-10.26,-5.58,↓,LH/LL,自然反彈,False,262,2,SubSector_R11+Combined_R21
GM,2026-09-16,84.29,2.29,False,86.35,-0.119,-0.25,85.77,-0.148,True,86.03,0.029,False,53.0,-10.1,C 基底修復,True,8:49,264.6,跌,183.0,25,False,4.0,-0.2592,-0.1726,-0.6992,False,False,-2.44,-0.9,87.16,-3.4,-1.25,—,LH/LL,DT,True,262,2,SubSector_R11
GSAT,2026-09-16,81.9,0.73,False,82.45,-0.072,0.12,81.99,-0.009,False,81.97,-0.05,False,88.8,-1.5,A 待突破,True,8:49,264.6,跌,125.0,20,False,4.0,-0.04,-0.0388,-0.2266,False,True,-0.67,-0.75,81.21,0.84,0.94,—,HH/HL,自然回檔,True,262,2,Combined_R21
HII,2026-09-16,278.09,7.7,False,302.68,-1.992,-0.88,290.06,-1.197,False,290.07,-1.976,True,12.5,2.1,D 趨勢弱,True,8:49,264.6,跌,189.0,21,False,4.0,-1.4128,-1.623,-4.6194,True,False,-8.84,-3.19,297.29,-6.9,-2.49,↓,LH/LL,DT,False,262,2,Combined_R21
KFRC,2026-09-16,52.19,1.96,False,55.99,-0.16,-0.46,54.22,-0.203,False,55.0,-0.305,True,50.4,2.6,C 基底修復,True,8:49,264.6,跌,563.0,38,False,4.0,-0.4188,-0.5406,-0.8565,True,False,-7.29,-1.94,52.76,-1.09,-0.29,↓,LH/LL,自然反彈,False,262,2,Combined_R21
KO,2026-09-16,87.87,1.38,False,88.63,0.078,0.11,88.38,-0.051,False,89.21,-0.047,False,77.2,-0.5,A 待突破,True,8:49,264.6,跌,173.0,13,False,4.0,-0.2535,-0.2298,-0.4411,False,True,-0.87,-0.55,90.36,-2.83,-1.81,—,LH/LL,自然反彈,True,262,2,SubSector_R11+Combined_R21
LLY,2026-09-16,1137.82,31.1,False,1188.22,2.63,0.04,1158.55,-2.073,False,1174.28,-4.396,True,59.2,1.6,C 基底修復,True,8:49,264.6,跌,98.0,15,False,4.0,-4.2116,-5.866,-10.8334,True,False,-4.43,-1.62,1179.11,-3.63,-1.33,—,LH/LL,自然反彈,True,262,2,SubSector_R11+Combined_R21
LYV,2026-09-16,171.13,4.28,False,179.25,-0.479,-0.39,175.71,-0.458,False,177.28,-0.435,True,39.2,3.0,C 基底修復,True,8:49,264.6,跌,227.0,21,False,4.0,-0.847,-1.0719,-1.5696,True,False,-4.74,-1.9,174.37,-1.89,-0.76,↓,LH/LL,DT,False,262,2,SubSector_R11
MCD,2026-09-16,248.56,4.52,False,264.38,-0.999,-0.67,259.46,-1.09,False,260.74,-0.922,True,8.6,1.0,D 趨勢弱,True,8:49,264.6,跌,158.0,16,False,4.0,-0.8671,-0.7024,-1.2782,False,False,-6.37,-3.5,258.45,-3.98,-2.19,↓,LH/LL,DT,False,262,2,SubSector_R11
MNST,2026-09-16,44.57,0.99,False,45.83,-0.074,-0.64,45.07,-0.05,False,45.54,-0.141,True,58.3,2.4,C 基底修復,True,8:49,264.6,跌,101.0,12,False,4.0,-0.035,-0.1213,-0.4621,True,False,-2.83,-1.28,46.82,-5.05,-2.28,↓,LH/LL,自然反彈,False,262,2,SubSector_R11
OFG,2026-09-16,52.49,0.91,False,52.58,-0.036,-0.03,52.52,-0.003,False,52.4,-0.028,False,80.4,-0.5,A 待突破,True,8:49,264.6,跌,239.0,29,False,4.0,-0.0316,-0.0127,-0.2786,False,True,-0.16,-0.09,51.61,1.68,0.97,—,HH/HL,UT,True,262,2,Combined_R21
PKG,2026-09-16,231.45,5.82,False,243.06,-0.647,-0.61,237.41,-0.596,False,238.59,-0.943,True,32.8,1.2,C 基底修復,True,8:49,264.6,跌,248.0,22,False,4.0,-0.6894,-0.8773,-3.1818,True,False,-5.02,-1.99,234.04,-1.12,-0.44,—,LH/LL,自然反彈,True,262,2,SubSector_R11
RL,2026-09-16,338.36,10.43,False,363.98,-1.531,-0.68,351.18,-1.282,False,350.9,-1.995,True,13.9,3.5,D 趨勢弱,True,8:49,264.6,跌,162.0,21,False,4.0,-0.3077,-0.7128,-4.3032,True,False,-7.57,-2.46,351.2,-3.79,-1.23,↓,LH/LL,DT,False,262,2,SubSector_R11
ROST,2026-09-16,224.8,5.4,False,236.59,-0.795,-0.62,231.55,-0.675,False,231.15,-0.579,True,55.2,2.7,C 基底修復,True,8:49,264.6,跌,263.0,25,False,4.0,-0.4427,-0.3821,-3.3096,False,False,-5.25,-2.19,230.74,-2.64,-1.1,—,LH/LL,DT,True,262,2,SubSector_R11+Combined_R21
STZ,2026-09-16,123.03,3.33,False,129.87,-0.19,-0.42,127.66,-0.463,False,129.04,-0.398,True,9.2,5.4,D 趨勢弱,True,8:49,264.6,跌,121.0,13,False,4.0,-0.569,-0.6733,-1.2279,True,False,-5.56,-2.06,137.6,-11.84,-4.38,↓,LH/LL,自然反彈,False,262,2,SubSector_R11
UFPT,2026-09-16,279.41,9.0,False,304.99,-3.508,0.13,287.77,-0.836,False,292.41,-1.729,True,47.9,2.0,D 趨勢弱,True,8:49,264.6,跌,217.0,19,False,4.0,-3.2698,-3.9268,-5.097,True,False,-9.16,-2.84,325.0,-16.32,-5.07,↓,LH/LL,DT,False,262,2,Combined_R21
UHAL,2026-09-16,63.32,1.59,False,69.74,-0.357,-0.85,66.66,-0.334,False,67.15,-0.452,True,35.4,1.2,D 趨勢弱,True,8:49,264.6,跌,310.0,38,False,4.0,-0.4624,-0.5591,-0.8864,True,False,-10.14,-4.04,76.45,-20.74,-8.27,↓,LH/LL,DT,False,262,2,Combined_R21
NMAX,2026-09-16,10.44,0.62,False,10.61,0.054,0.69,10.56,-0.012,False,10.79,-0.05,False,55.9,-2.4,C 基底修復,True,7:28,224.2,跌,75.0,11,False,4.0,-0.0953,-0.0522,-0.1179,False,True,-1.66,-0.28,10.44,0.0,0.0,↑,HH/HL,自然回檔,False,262,2,10MA_R19
CRGY,2026-09-16,14.4,0.53,True,13.37,0.166,1.21,13.87,0.053,True,14.04,0.072,False,53.5,-5.2,B 上升結構,False,3:33,106.4,跌,9.0,1,False,4.0,-0.0039,0.0396,-0.0189,False,False,7.16,1.95,13.77,4.38,1.19,↑,HH/HL,自然回檔,False,262,2,10MA_R19
HCA,2026-09-16,430.43,13.4,True,415.63,0.99,0.26,416.97,1.346,True,418.04,0.935,False,21.8,-0.6,D 趨勢弱,False,11:16,337.8,升,38.0,4,False,5.0,0.9937,0.5773,,False,False,3.44,1.1,433.8,-0.78,-0.25,—,LH/LL,UT,False,262,2,SubSector_R11
S,2026-09-16,23.17,1.16,True,21.43,0.084,0.3,21.08,0.209,True,20.96,0.034,False,64.8,-5.5,B 上升結構,False,9:55,297.4,升,15.0,2,False,5.0,0.23,0.1351,,False,False,7.49,1.49,,,,—,LH/LL,UT,False,262,2,SubSector_R11
APLE,2026-09-16,15.43,0.33,False,15.99,-0.046,-0.63,15.8,-0.037,False,15.95,-0.032,True,59.6,0.8,C 基底修復,True,8:49,264.6,跌,104.0,11,False,5.0,-0.0413,-0.05,-0.1609,True,False,-3.64,-1.68,15.84,-2.69,-1.24,—,LH/LL,DT,True,262,2,Combined_R21
FWONK,2026-09-16,95.36,2.44,False,100.08,-0.023,-0.24,97.97,-0.261,False,99.38,-0.333,True,33.0,2.2,C 基底修復,True,8:49,264.6,跌,104.0,15,False,5.0,-0.558,-0.6772,-1.1927,True,False,-4.95,-1.94,96.05,-0.72,-0.28,—,HH/HL,DT,True,262,2,SubSector_R11
TTWO,2026-09-14,222.91,8.0,False,232.23,-0.594,-0.52,224.93,-0.202,False,226.51,-1.202,True,19.5,6.0,D 趨勢弱,True,8:49,264.6,跌,158.0,20,False,5.0,-0.4396,-1.3166,-2.869,True,False,-4.18,-1.16,246.95,-10.78,-3.0,↓,LH/LL,自然反彈,False,260,2,SubSector_R11
CLDT,2026-09-16,12.84,0.35,False,13.07,-0.03,-0.24,13.07,-0.023,False,13.2,-0.006,False,73.1,-1.6,C 基底修復,True,8:33,256.7,跌,93.0,11,False,5.0,-0.0368,-0.0337,-0.1676,False,True,-1.82,-0.66,12.53,2.41,0.88,—,HH/HL,自然反彈,True,262,2,Combined_R21
EOG,2026-09-16,144.93,4.12,False,145.19,0.151,0.17,146.72,-0.179,False,147.61,-0.188,True,59.4,1.3,A 待突破,False,3:25,102.5,跌,7.0,1,False,5.0,-0.0793,0.2616,-1.1968,False,True,-0.18,-0.06,145.19,-0.18,-0.06,↑,HH/HL,自然回檔,False,262,2,SubSector_R11+Combined_R21
NET,2026-09-16,324.65,16.77,True,302.0,0.872,0.34,302.26,2.239,True,297.0,1.165,False,77.5,-3.0,B 上升結構,False,11:35,347.4,升,43.0,5,False,6.0,3.4446,3.399,,False,False,6.98,1.35,334.6,-3.06,-0.59,—,LH/LL,UT,False,262,2,AI_R12+Combined_R21
EQNR,2026-09-16,44.2,1.18,True,42.4,0.222,0.81,43.17,0.103,True,43.2,0.118,False,69.3,-3.0,A 待突破,False,11:29,344.5,升,41.0,6,False,6.0,0.0367,0.1276,,False,False,4.08,1.52,42.09,4.77,1.78,↑,HH/HL,自然回檔,False,262,2,Combined_R21
NTSK,2026-09-16,17.29,1.07,True,15.1,0.138,0.63,15.11,0.218,True,14.85,0.096,False,41.6,-2.9,D 趨勢弱,False,10:11,305.7,升,20.0,3,False,6.0,0.266,0.2171,,False,False,12.64,2.03,14.99,13.3,2.14,↑,HH/HL,UT,False,250,2,10MA_R19
ADPT,2026-09-16,27.67,1.26,True,25.3,0.283,0.59,25.07,0.26,True,25.28,0.155,False,78.3,-3.9,E 延伸,False,9:41,290.6,升,11.0,1,False,6.0,0.1131,-0.0525,,False,False,8.58,1.89,,,,—,LH/LL,UT,False,262,2,Combined_R21
CRDO,2026-09-16,161.49,15.31,False,198.62,-3.056,-0.64,188.48,-2.699,False,194.95,-4.224,True,20.0,4.3,D 趨勢弱,True,8:49,264.6,跌,206.0,18,False,6.0,-4.1562,-5.6968,-8.6924,True,False,-22.99,-2.42,170.57,-5.62,-0.59,↓,LH/LL,自然反彈,False,262,2,AI_R12+SubSector_R11+Combined_R21
LMT,2026-09-16,537.25,12.79,False,563.19,-1.701,-0.64,545.76,-0.851,False,547.54,-3.496,True,9.5,3.2,C 基底修復,True,8:49,264.6,跌,126.0,20,False,6.0,-1.6407,-2.8213,-7.4496,True,False,-4.83,-2.03,536.15,0.2,0.09,—,LH/LL,自然反彈,True,262,2,SubSector_R11+Combined_R21
NOC,2026-09-16,530.78,11.9,False,547.82,-0.485,-0.24,534.88,-0.41,False,536.57,-2.918,True,8.1,2.4,D 趨勢弱,True,8:49,264.6,跌,129.0,18,False,6.0,-0.3925,-1.2582,-5.7269,True,False,-3.21,-1.43,549.22,-3.47,-1.55,—,LH/LL,自然反彈,True,262,2,SubSector_R11
USAR,2026-09-16,15.1,1.1,False,18.0,-0.075,0.08,17.01,-0.191,False,17.45,-0.171,True,1.0,0.0,D 趨勢弱,True,7:32,226.1,跌,76.0,12,False,6.0,-0.3301,-0.3228,-0.3301,False,False,-19.24,-2.65,17.85,-18.21,-2.51,↓,LH/LL,DT,False,262,2,SubSector_R11
VG,2026-09-16,14.65,0.71,False,14.38,0.052,0.59,14.67,-0.002,True,14.68,0.023,False,46.9,-2.3,B 上升結構,False,3:38,109.2,跌,11.0,1,False,6.0,-0.0129,0.0472,-0.1561,False,True,1.86,0.39,14.42,1.57,0.33,↑,HH/HL,自然回檔,False,262,2,SubSector_R11
UHS,2026-09-16,181.21,5.76,True,172.99,0.555,0.38,172.91,0.83,True,173.58,0.406,False,28.7,-2.2,C 基底修復,False,9:29,284.5,升,8.0,1,False,7.0,0.2876,-0.1303,,False,False,4.54,1.43,168.72,6.89,2.17,↑,HH/HL,UT,False,262,2,SubSector_R11
BJRI,2026-09-16,59.6,2.43,False,64.62,-0.239,-0.73,62.4,-0.28,False,62.68,-0.285,True,57.3,10.2,D 趨勢弱,True,8:49,264.6,跌,400.0,33,False,7.0,-0.2513,-0.2502,-1.0323,False,False,-8.42,-2.06,62.14,-4.26,-1.04,—,LH/LL,DT,True,262,2,Combined_R21
NHC,2026-09-16,225.36,6.91,True,223.35,0.616,0.04,223.95,0.141,False,224.89,-0.44,False,88.0,-0.3,A 待突破,False,11:26,343.2,升,41.0,3,False,8.0,0.1831,0.2144,,False,True,0.89,0.29,219.88,2.43,0.79,—,HH/HL,UT,True,262,2,Combined_R21
RTX,2026-09-16,196.83,3.99,False,211.96,-0.7,-0.74,203.57,-0.674,False,204.71,-1.433,True,38.6,1.4,D 趨勢弱,True,8:49,264.6,跌,218.0,24,False,8.0,-1.2438,-1.5538,-2.6008,True,False,-7.69,-3.79,213.5,-8.47,-4.18,—,LH/LL,自然回檔,False,262,2,SubSector_R11+Combined_R21
XEL,2026-09-16,72.71,1.41,False,76.6,-0.21,-0.63,75.87,-0.316,False,76.14,-0.323,True,13.8,0.4,D 趨勢弱,True,8:49,264.6,跌,206.0,18,False,8.0,-0.3327,-0.281,-0.3348,False,False,-5.36,-2.77,77.06,-5.98,-3.09,↓,LH/LL,DT,False,262,2,SubSector_R11
WT,2026-09-16,22.26,1.02,False,23.39,-0.008,0.63,23.32,-0.106,False,23.84,-0.03,True,65.3,0.3,B 上升結構,True,6:37,198.6,跌,60.0,10,False,8.0,-0.4036,-0.3655,-0.4036,False,False,-5.07,-1.11,,,,—,HH/HL,DT,False,262,2,Combined_R21
TSM,2026-09-16,417.72,11.07,False,421.59,0.083,0.52,421.56,-0.384,True,420.65,0.215,True,69.5,10.2,B 上升結構,False,4:13,126.5,跌,20.0,2,False,8.0,-0.6979,-0.3244,-4.6789,False,False,-0.93,-0.35,434.16,-3.94,-1.48,—,HH/HL,DT,False,262,2,AI_R12+SubSector_R11+Combined_R21
TEL,2026-09-16,202.2,6.05,False,207.72,-0.408,-0.1,205.66,-0.346,False,204.45,-0.139,True,21.7,0.1,D 趨勢弱,False,4:07,123.5,跌,19.0,2,False,8.0,-0.298,-0.1726,-1.7631,False,True,-2.73,-0.91,202.21,-0.0,-0.0,—,HH/HL,自然回檔,True,262,2,AI_R12+SubSector_R11
CLS,2026-09-16,323.83,19.79,False,318.23,-1.685,-0.23,318.45,0.538,True,310.44,0.662,False,21.1,-10.0,D 趨勢弱,False,2:49,84.6,升,112.0,8,False,8.0,3.031,3.3471,,False,True,1.73,0.28,316.08,2.39,0.39,↑,HH/HL,自然反彈,False,262,2,Combined_R21
ARM,2026-09-16,243.98,16.25,False,256.96,-1.435,0.12,251.8,-0.782,False,247.24,-0.467,True,50.7,3.1,D 趨勢弱,False,12:24,11.9,升,57.0,8,False,8.0,1.0073,1.3762,,False,True,-5.32,-0.8,239.01,2.04,0.31,↑,HH/HL,次級反彈,False,262,2,AI_R12+SubSector_R11+Combined_R21
MSGS,2026-09-16,393.82,9.5,False,397.87,-0.054,-0.06,393.86,-0.004,False,394.2,-0.371,True,61.1,4.2,C 基底修復,False,10:22,311.1,升,23.0,2,False,9.0,0.1511,0.0567,,False,True,-1.03,-0.43,401.88,-2.05,-0.85,—,LH/LL,自然反彈,True,262,2,Combined_R21
HL,2026-09-16,17.99,1.04,False,19.08,0.09,0.6,19.39,-0.14,True,20.21,0.002,False,40.9,-4.1,D 趨勢弱,True,8:49,264.6,跌,110.0,11,False,9.0,-0.4361,-0.3655,-0.4361,False,False,-6.06,-1.05,21.62,-20.18,-3.5,↓,LH/LL,DT,False,262,2,SubSector_R11
HUBB,2026-09-16,439.07,13.26,False,475.31,-1.77,-0.32,460.38,-2.131,False,458.43,-2.24,True,14.3,1.4,D 趨勢弱,True,8:49,264.6,跌,213.0,21,False,9.0,-1.4004,-1.2538,-4.7813,False,False,-8.25,-2.73,464.75,-5.85,-1.94,↓,LH/LL,DT,False,262,2,SubSector_R11+Combined_R21
ONDS,2026-09-16,7.2,0.47,False,8.39,-0.054,-0.19,7.72,-0.052,False,7.8,-0.093,True,16.3,0.2,D 趨勢弱,True,8:49,264.6,跌,175.0,19,False,9.0,-0.0639,-0.0779,-0.1998,True,False,-16.49,-2.54,7.63,-5.97,-0.92,—,LH/LL,DT,True,262,2,SubSector_R11
RLAY,2026-09-16,18.84,0.82,False,19.35,-0.012,-0.04,19.1,-0.026,False,19.18,-0.089,False,55.6,-4.7,C 基底修復,True,8:49,264.6,跌,152.0,19,False,9.0,-0.0391,-0.0442,-0.3147,True,True,-2.69,-0.62,18.66,0.96,0.22,—,HH/HL,次級反彈,True,262,2,Combined_R21
NVDA,2026-09-16,213.9,6.6,False,220.3,0.172,0.43,217.91,-0.401,False,218.52,-0.292,True,60.1,11.7,C 基底修復,False,5:32,165.8,跌,42.0,5,False,9.0,-1.6003,-1.566,-1.6003,False,True,-2.99,-0.97,208.93,2.32,0.75,—,HH/HL,DT,False,262,2,AI_R12+SubSector_R11+Combined_R21
IREN,2026-09-16,42.62,3.09,True,41.72,0.057,0.43,42.03,0.059,True,41.6,0.031,False,36.4,-0.2,D 趨勢弱,False,2:29,74.6,升,91.0,8,False,9.0,0.1704,0.2491,,False,False,2.11,0.29,45.93,-7.77,-1.07,↓,LH/LL,自然反彈,False,262,2,AI_R12+SubSector_R11+Combined_R21
DELL,2026-09-16,563.29,33.91,True,490.32,4.725,0.67,502.37,6.092,True,489.46,4.732,False,64.6,-2.2,E 延伸,False,1:51,55.6,升,81.0,9,False,9.0,6.2349,5.9391,,False,False,12.95,2.15,,,,—,LH/LL,自然反彈,False,262,2,AI_R12+SubSector_R11+Combined_R21
SNX,2026-09-16,260.5,8.09,False,257.49,-0.132,0.16,258.06,0.244,True,256.26,0.035,False,79.7,-0.4,C 基底修復,False,1:45,52.4,升,79.0,9,False,9.0,0.6019,0.8285,,False,True,1.16,0.37,255.54,1.9,0.61,↑,HH/HL,自然回檔,False,262,2,Combined_R21
EQH,2026-09-16,53.88,1.29,True,51.47,0.246,0.77,51.86,0.202,True,51.24,0.152,False,67.1,-4.3,A 待突破,False,1:05,32.3,升,68.0,9,False,9.0,0.2192,0.2336,,False,False,4.47,1.86,52.04,3.41,1.42,↑,HH/HL,UT,False,262,2,SubSector_R11
PRIM,2026-09-16,76.94,3.5,False,78.03,-0.538,-0.48,76.42,0.052,False,75.33,-0.143,True,7.6,0.5,D 趨勢弱,False,12:28,13.8,升,58.0,8,False,9.0,0.7605,0.6378,,False,True,-1.41,-0.31,75.45,1.94,0.43,—,LH/LL,UT,True,262,2,SubSector_R11
TRST,2026-09-16,57.37,1.27,False,57.18,0.012,0.22,57.52,-0.015,True,57.44,0.002,False,73.8,-0.2,A 待突破,False,12:12,6.0,升,53.0,5,False,9.0,0.0389,0.1391,,False,True,0.33,0.15,56.58,1.38,0.62,—,HH/HL,自然回檔,True,262,2,Combined_R21
INSW,2026-09-16,109.38,3.68,True,99.64,0.638,0.63,101.77,0.761,True,101.64,0.53,False,68.8,-0.2,E 延伸,False,11:56,358.2,升,49.0,9,False,10.0,0.4748,0.3278,,False,False,8.91,2.65,102.14,6.62,1.97,↑,HH/HL,UT,False,262,2,10MA_R19+Combined_R21
BBY,2026-09-16,92.45,3.26,True,85.94,0.234,0.24,88.28,0.417,True,87.57,0.259,False,62.2,-0.8,E 延伸,False,2:49,84.6,升,105.0,8,False,10.0,0.6968,0.7715,,False,False,7.04,2.0,88.03,4.78,1.36,↑,HH/HL,自然回檔,False,262,2,SubSector_R11
HPQ,2026-09-16,32.7,1.6,True,30.83,0.145,0.74,31.63,0.107,True,31.4,0.137,False,55.9,-1.1,B 上升結構,False,12:20,10.0,升,56.0,10,False,10.0,0.0814,0.202,,False,False,5.73,1.17,31.17,4.68,0.96,↑,HH/HL,自然回檔,False,262,2,10MA_R19
VST,2026-09-16,140.39,5.06,False,142.8,-0.452,-0.2,144.02,-0.363,False,142.14,-0.006,True,11.1,0.5,D 趨勢弱,False,2:49,84.6,升,154.0,11,False,11.0,0.2003,0.5405,,False,True,-1.72,-0.48,137.09,2.35,0.65,↑,HH/HL,自然回檔,False,262,2,AI_R12+SubSector_R11+Combined_R21
QRVO,2026-09-16,113.97,4.57,True,102.22,1.142,1.43,104.06,0.991,True,101.95,0.914,False,55.3,-3.3,E 延伸,False,1:34,47.1,升,76.0,10,False,11.0,1.556,1.7394,,False,False,10.31,2.57,120.52,-5.75,-1.43,—,LH/LL,自然回檔,False,262,2,10MA_R19
SWKS,2026-09-16,85.59,4.8,True,73.34,0.84,1.33,75.59,1.0,True,73.33,0.908,False,53.8,-3.3,E 延伸,False,1:19,39.7,升,72.0,10,False,11.0,1.691,1.8824,,False,False,14.31,2.55,92.3,-7.84,-1.4,—,LH/LL,自然回檔,False,262,2,10MA_R19
AMD,2026-09-16,512.5,23.32,False,485.84,-1.365,0.15,491.23,2.127,True,482.3,1.406,True,81.6,1.6,B 上升結構,False,12:04,2.2,升,51.0,8,False,11.0,4.8563,4.8158,,False,False,5.2,1.14,493.41,3.72,0.82,↑,HH/HL,次級反彈,False,262,2,AI_R12+SubSector_R11+Combined_R21
AWK,2026-09-16,137.76,2.69,False,137.45,0.288,0.24,138.14,-0.038,True,138.55,0.075,False,59.3,-1.3,C 基底修復,False,5:47,173.5,跌,46.0,4,False,12.0,-0.3278,-0.2532,-0.3389,False,True,0.22,0.11,137.27,0.36,0.18,—,HH/HL,自然回檔,True,262,2,SubSector_R11
VLO,2026-09-16,403.28,12.89,True,353.87,4.108,1.34,367.87,3.541,True,366.47,2.661,False,65.0,0.0,E 延伸,False,2:49,84.6,升,117.0,12,False,12.0,1.7376,1.4317,,False,False,12.25,3.83,375.1,6.99,2.19,↑,HH/HL,UT,False,262,2,SubSector_R11
AVAV,2026-09-16,156.45,9.47,False,156.9,-0.36,-0.33,153.55,0.29,False,150.77,-0.885,True,1.4,1.4,D 趨勢弱,False,11:02,330.8,升,34.0,3,False,13.0,1.2207,0.7817,,False,True,-0.29,-0.05,159.24,-1.78,-0.29,—,LH/LL,UT,True,262,2,SubSector_R11
RDVT,2026-09-16,77.52,2.93,True,71.07,0.237,0.34,73.4,0.412,True,73.29,0.466,False,71.8,-4.5,E 延伸,False,10:31,315.5,升,25.0,3,False,13.0,0.1214,0.0506,,False,False,8.32,2.2,73.05,5.77,1.52,↑,HH/HL,UT,False,262,2,10MA_R19
DOCU,2026-09-16,70.4,2.89,True,63.81,0.377,0.77,65.05,0.535,True,65.01,0.52,False,44.3,-1.4,E 延伸,False,10:05,302.7,升,18.0,3,False,13.0,0.2738,0.2507,,False,False,9.36,2.28,64.64,8.18,1.99,↑,HH/HL,自然回檔,False,262,2,10MA_R19
PKE,2026-09-16,31.31,1.36,False,33.98,-0.182,-0.43,32.38,-0.107,False,32.17,-0.279,True,32.9,0.4,D 趨勢弱,True,8:49,264.6,跌,168.0,20,False,13.0,-0.0363,-0.096,-0.5983,True,False,-8.51,-1.97,30.46,2.71,0.63,—,HH/HL,自然回檔,True,262,2,Combined_R21
PBR,2026-09-16,20.91,0.65,True,19.44,0.08,0.65,20.09,0.082,True,19.85,0.137,False,50.1,-4.2,B 上升結構,False,2:03,61.6,升,84.0,12,False,13.0,0.1272,0.1961,,False,False,7.05,2.28,20.12,3.78,1.22,↑,HH/HL,自然回檔,False,262,2,Combined_R21
WTTR,2026-09-16,20.31,0.83,True,20.47,0.125,0.41,20.16,0.015,False,19.96,-0.039,False,77.8,-6.2,A 待突破,False,1:22,40.9,升,73.0,7,False,13.0,0.0395,0.0571,,False,True,-0.8,-0.19,20.37,-0.3,-0.07,—,HH/HL,自然反彈,True,262,2,Combined_R21
FMAO,2026-09-16,35.78,0.92,True,34.58,0.055,0.23,34.8,0.098,True,34.59,0.047,False,85.6,-0.0,A 待突破,False,11:04,332.1,升,34.0,5,False,14.0,0.0533,0.0564,,False,False,3.35,1.3,33.69,5.84,2.28,↑,HH/HL,UT,False,262,2,10MA_R19
CRWD,2026-09-16,241.36,12.54,True,215.46,1.142,0.55,216.06,2.53,True,211.29,1.422,False,66.9,-1.3,E 延伸,False,10:37,318.5,升,27.0,3,False,14.0,2.9271,2.2482,,False,False,10.73,2.06,218.4,9.51,1.83,↑,HH/HL,UT,False,262,2,AI_R12+SubSector_R11+10MA_R19+Combined_R21
FLR,2026-09-16,52.99,2.08,False,53.75,0.063,0.24,53.94,-0.095,False,54.07,-0.021,False,68.6,-2.4,B 上升結構,True,6:49,204.3,跌,63.0,5,False,14.0,-0.3207,-0.2386,-0.3207,False,True,-1.43,-0.36,51.24,3.3,0.84,↑,HH/HL,自然回檔,False,262,2,SubSector_R11+Combined_R21
KMI,2026-09-16,30.73,0.75,False,31.57,-0.019,-0.18,31.4,-0.067,False,31.44,-0.107,True,25.0,1.3,D 趨勢弱,True,6:12,186.0,跌,53.0,6,False,14.0,-0.0995,-0.0958,-0.1423,False,False,-2.74,-1.13,32.33,-5.21,-2.14,↓,LH/LL,DT,False,262,2,SubSector_R11
KR,2026-09-16,61.14,1.63,True,57.81,0.171,0.24,58.57,0.257,True,58.27,0.24,False,19.5,-0.1,D 趨勢弱,False,11:08,334.0,升,36.0,4,False,,0.4654,0.4353,,False,False,5.45,2.05,,,,—,LH/LL,UT,False,262,2,SubSector_R11
MPC,2026-09-16,413.92,12.73,True,363.53,3.612,1.17,380.45,3.347,True,380.92,2.385,False,65.0,0.0,E 延伸,False,9:47,293.6,升,13.0,2,False,,0.7377,0.421,,False,False,12.17,3.96,388.16,6.22,2.02,↑,HH/HL,UT,False,262,2,SubSector_R11
CBOE,2026-09-16,270.43,10.6,False,293.47,-0.827,-0.34,289.97,-1.954,False,295.35,-1.028,True,23.2,0.4,D 趨勢弱,True,8:49,264.6,跌,107.0,10,False,,-4.0639,-3.7677,-4.0639,False,False,-8.52,-2.17,,,,—,HH/HL,DT,False,262,2,SubSector_R11
CDE,2026-09-16,18.98,1.06,False,19.7,0.087,0.62,20.07,-0.109,True,20.84,0.023,False,39.5,-7.5,D 趨勢弱,True,8:49,264.6,跌,122.0,11,False,,-0.3799,-0.3122,-0.3799,False,False,-3.8,-0.68,22.16,-16.75,-2.99,↓,LH/LL,DT,False,262,2,SubSector_R11
HCC,2026-09-16,92.72,4.53,False,99.32,0.232,0.69,99.49,-0.677,False,103.37,-0.251,True,60.9,10.3,B 上升結構,True,7:14,217.1,跌,71.0,9,False,,-2.3463,-2.2477,-2.3463,False,False,-7.12,-1.46,,,,—,HH/HL,DT,False,262,2,SubSector_R11
TRGP,2026-09-16,284.77,7.52,False,286.5,1.372,0.52,287.87,-0.31,False,292.14,-0.65,True,75.2,1.0,A 待突破,True,6:29,194.7,跌,58.0,8,False,,-1.6514,-1.4523,-2.2924,False,False,-0.61,-0.23,296.06,-3.96,-1.5,—,LH/LL,自然回檔,True,262,2,Combined_R21
WELL,2026-09-14,234.21,5.01,False,235.89,0.061,-0.21,236.97,-0.276,False,237.74,-0.065,True,62.1,1.5,C 基底修復,False,5:55,177.3,跌,48.0,6,False,,-0.6367,-0.5399,-2.4457,False,True,-0.72,-0.34,241.12,-2.95,-1.38,—,LH/LL,自然回檔,False,260,2,SubSector_R11
CAH,2026-09-16,232.54,5.18,False,237.04,0.087,0.17,236.5,-0.396,False,236.88,-0.122,True,61.8,0.0,C 基底修復,False,5:47,173.7,跌,47.0,5,False,,-1.168,-1.0203,-2.5571,False,True,-1.94,-0.87,228.46,1.75,0.79,↑,HH/HL,自然回檔,False,262,2,SubSector_R11+Combined_R21
AMR,2026-09-16,189.49,11.26,False,195.66,1.548,0.87,203.7,-1.421,True,214.73,1.002,True,20.6,0.5,C 基底修復,False,4:56,148.1,跌,32.0,5,False,,-6.2531,-5.5027,-6.2531,False,False,-3.26,-0.55,,,,—,HH/HL,DT,False,262,2,SubSector_R11
RSG,2026-09-16,219.8,3.89,False,219.45,0.504,0.48,221.11,-0.131,True,222.0,0.142,False,49.7,-4.1,C 基底修復,False,4:21,130.6,跌,23.0,2,False,,-0.296,-0.0182,-1.6299,False,True,0.16,0.09,219.58,0.1,0.06,—,HH/HL,自然回檔,True,262,2,SubSector_R11
TGTX,2026-09-14,54.0,2.3,False,52.03,0.026,-0.04,54.21,-0.021,True,54.29,0.263,False,68.9,-4.0,B 上升結構,False,4:16,127.9,跌,21.0,2,False,,-0.158,-0.0626,-1.1746,False,True,3.64,0.85,53.93,0.13,0.03,↑,HH/HL,自然回檔,False,260,2,Combined_R21
MOS,2026-09-16,24.79,1.05,True,24.01,0.07,0.44,24.65,0.014,True,24.72,0.182,False,20.0,0.0,E 延伸,False,4:03,121.3,跌,17.0,1,False,,-0.0656,0.0015,-0.2206,False,False,3.16,0.75,23.6,4.8,1.13,—,HH/HL,自然回檔,True,262,2,SubSector_R11
DE,2026-09-16,669.47,17.99,True,645.58,1.496,0.64,660.42,0.905,True,658.99,4.038,False,53.5,-1.3,B 上升結構,False,3:36,107.8,跌,10.0,1,False,,-0.5437,0.9265,-3.9742,False,False,3.57,1.33,622.66,6.99,2.6,—,HH/HL,自然回檔,True,262,2,SubSector_R11
BG,2026-09-16,117.13,4.36,False,116.4,0.57,0.7,118.54,-0.141,True,117.96,0.138,True,56.1,2.7,B 上升結構,False,3:24,101.8,跌,7.0,1,False,,-0.0047,0.4494,-1.4504,False,False,0.62,0.17,109.82,6.24,1.68,—,HH/HL,DT,True,262,2,SubSector_R11
AMPH,2026-09-16,23.95,0.73,True,21.93,0.143,0.77,22.74,0.121,True,22.77,0.131,False,33.6,-0.9,C 基底修復,False,2:49,84.6,升,225.0,36,False,,0.0321,0.0391,,False,False,8.44,2.76,22.93,4.26,1.39,↑,HH/HL,UT,False,262,2,10MA_R19
BE,2026-09-16,270.02,18.94,True,233.91,1.47,0.79,242.81,2.721,True,233.58,3.05,False,51.8,-0.4,E 延伸,False,2:49,84.6,升,147.0,16,False,,4.4687,4.7945,,False,False,13.37,1.91,270.89,-0.32,-0.05,—,HH/HL,自然反彈,False,262,2,AI_R12+Combined_R21
CI,2026-09-16,280.45,6.98,False,278.53,0.354,-0.04,281.72,-0.127,True,280.62,0.097,False,48.5,-11.5,C 基底修復,False,2:49,84.6,升,216.0,17,False,,0.7285,1.1716,,False,True,0.69,0.28,275.83,1.65,0.66,↑,HH/HL,自然回檔,False,262,2,SubSector_R11
DINO,2026-09-16,113.97,4.21,True,97.49,0.857,0.86,103.22,1.075,True,102.73,0.914,False,75.0,0.0,E 延伸,False,2:49,84.6,升,149.0,22,False,,0.498,0.3655,,False,False,14.46,3.92,105.23,7.67,2.08,↑,HH/HL,UT,False,262,2,SubSector_R11+Combined_R21
EBAY,2026-09-16,109.17,3.38,False,105.65,-0.004,-0.17,106.34,0.283,True,105.41,0.345,True,52.3,7.0,B 上升結構,False,2:49,84.6,升,109.0,16,False,,0.7565,0.6913,,False,False,3.22,1.04,103.41,5.28,1.7,↑,HH/HL,UT,False,262,2,SubSector_R11
IBM,2026-09-16,237.49,7.59,False,235.98,0.345,0.5,237.55,-0.006,True,236.34,0.241,True,31.2,2.0,D 趨勢弱,False,2:49,84.6,升,238.0,33,False,,1.3044,1.9444,,False,False,0.63,0.2,229.1,3.53,1.11,↑,HH/HL,自然回檔,False,262,2,SubSector_R11
LUMN,2026-09-16,6.67,0.38,False,6.42,-0.003,0.19,6.6,0.007,True,6.44,0.027,False,25.0,-0.0,D 趨勢弱,False,2:49,84.6,升,113.0,14,False,,0.0571,0.0836,,False,True,3.71,0.66,6.64,0.45,0.08,—,HH/HL,自然回檔,True,262,2,Combined_R21
META,2026-09-16,673.31,20.96,True,600.31,3.08,0.94,618.74,5.457,True,601.8,6.482,False,28.4,-0.9,E 延伸,False,2:49,84.6,升,214.0,15,False,,10.0185,10.4394,,False,False,10.84,3.48,578.85,14.03,4.51,↑,HH/HL,UT,False,262,2,AI_R12+SubSector_R11+10MA_R19+Combined_R21
MO,2026-09-16,70.1,1.53,True,67.54,0.058,-0.07,68.83,0.127,True,68.57,0.246,False,53.3,-2.5,C 基底修復,False,2:49,84.6,升,133.0,18,False,,0.2866,0.2894,,False,False,3.65,1.67,67.89,3.15,1.45,—,HH/HL,UT,True,262,2,SubSector_R11
MYGN,2026-09-16,3.86,0.24,True,3.27,0.031,0.33,3.47,0.039,True,3.3,0.05,False,5.0,0.0,E 延伸,False,2:49,84.6,升,158.0,19,False,,0.1434,0.1393,,False,False,15.16,2.43,3.06,20.73,3.32,↑,HH/HL,UT,False,262,2,10MA_R19
NKTX,2026-09-16,2.87,0.2,True,2.66,0.028,0.67,2.77,0.01,True,2.78,0.023,False,41.2,-0.7,E 延伸,False,2:49,84.6,升,181.0,28,False,,0.004,0.0113,,False,False,7.41,1.08,2.81,2.09,0.31,↑,HH/HL,UT,False,262,2,SubSector_R11+10MA_R19
QCOM,2026-09-16,184.84,7.71,True,168.87,0.96,0.82,173.17,1.167,True,170.08,1.233,False,40.6,-1.8,C 基底修復,False,2:49,84.6,升,205.0,29,False,,2.394,2.5316,,False,False,8.64,2.07,170.51,7.75,1.86,↑,HH/HL,UT,False,262,2,AI_R12+Combined_R21
RBLX,2026-09-16,47.43,2.38,True,40.22,0.428,0.48,43.78,0.365,True,42.22,0.488,False,25.0,0.0,E 延伸,False,2:49,84.6,升,185.0,21,False,,1.184,1.4072,,False,False,15.2,3.03,37.56,20.81,4.15,↑,HH/HL,自然回檔,False,262,2,SubSector_R11
RDDT,2026-09-16,157.6,8.4,True,160.64,0.038,0.16,156.61,0.099,False,154.12,-0.032,True,22.6,0.2,D 趨勢弱,False,2:49,84.6,升,99.0,10,False,,1.5037,1.6144,,False,False,-1.93,-0.36,144.8,8.12,1.52,↑,HH/HL,自然回檔,False,262,2,SubSector_R11+Combined_R21
REPX,2026-09-16,43.08,1.41,True,39.87,0.35,1.4,40.79,0.229,True,40.51,0.268,False,53.9,-4.1,E 延伸,False,2:49,84.6,升,202.0,27,False,,0.2179,0.3522,,False,False,7.45,2.27,37.36,13.28,4.05,↑,HH/HL,自然回檔,False,262,2,10MA_R19
SLDE,2026-09-16,25.67,0.8,True,23.64,0.205,1.35,24.11,0.156,True,24.08,0.17,False,59.8,-2.9,E 延伸,False,2:49,84.6,升,166.0,23,False,,0.1285,0.1686,,False,False,7.9,2.55,23.06,10.17,3.28,↑,HH/HL,自然回檔,False,262,2,Combined_R21
TDOC,2026-09-16,6.43,0.29,False,6.54,-0.009,-0.86,6.5,-0.007,False,6.35,-0.002,True,36.2,0.2,D 趨勢弱,False,2:49,84.6,升,107.0,14,False,,0.0857,0.0845,,False,True,-1.7,-0.38,6.47,-0.62,-0.14,—,LH/LL,自然回檔,False,262,2,SubSector_R11
XRX,2026-09-16,3.48,0.2,True,3.17,0.011,-0.22,3.21,0.027,True,3.14,0.026,False,55.6,-3.1,E 延伸,False,2:49,84.6,升,101.0,12,False,,0.032,0.0286,,False,False,8.78,1.56,3.28,5.75,1.02,↓,LH/LL,次級反彈,False,262,2,10MA_R19
ELV,2026-09-16,412.56,10.98,True,403.24,1.604,0.77,406.38,0.618,True,405.25,0.714,False,68.6,-2.8,A 待突破,False,1:40,50.2,升,78.0,11,False,,1.2394,1.8094,,False,False,2.26,0.85,396.9,3.8,1.43,↑,HH/HL,自然回檔,False,262,2,SubSector_R11
RXT,2026-09-16,3.48,0.33,False,3.71,-0.061,-0.66,3.45,0.003,False,3.26,-0.002,True,53.1,3.1,D 趨勢弱,False,12:19,9.3,升,55.0,8,False,,0.0834,0.0727,,False,True,-6.57,-0.69,3.67,-5.46,-0.57,—,LH/LL,自然反彈,True,262,2,AI_R12
AEHR,2026-09-16,84.25,9.55,False,99.7,-0.683,0.08,90.57,-0.632,False,89.64,-1.95,False,40.0,0.0,D 趨勢弱,False,4:38,139.1,跌,27.0,3,True,0.0,-0.5537,-0.5887,-5.1006,True,False,-18.34,-1.62,123.3,-46.35,-4.09,—,HH/HL,自然反彈,False,262,1,AI_R12
MTSI,2026-09-16,251.75,15.62,False,278.83,-0.66,0.13,267.24,-1.549,False,264.67,-2.057,False,21.9,-7.6,D 趨勢弱,False,4:13,126.6,跌,20.0,3,True,0.0,-1.5609,-1.644,-5.4826,True,False,-10.75,-1.73,273.31,-8.56,-1.38,↓,LH/LL,自然反彈,False,262,1,AI_R12
CIEN,2026-09-16,340.5,26.14,False,374.88,-2.731,-0.27,358.4,-1.79,False,361.16,-3.252,False,20.0,0.0,D 趨勢弱,True,8:49,264.6,跌,168.0,13,False,1.0,-1.1182,-2.4272,-7.7504,True,False,-10.1,-1.31,349.54,-2.65,-0.35,—,LH/LL,次級反彈,True,262,1,AI_R12+SubSector_R11+Combined_R21
COF,2026-09-16,203.19,5.08,False,216.01,-0.755,-0.21,212.22,-0.903,False,213.63,-0.914,False,26.2,-0.8,D 趨勢弱,True,8:49,264.6,跌,140.0,20,False,1.0,-1.6769,-1.5425,-1.6769,False,False,-6.31,-2.53,220.5,-8.52,-3.41,↓,LH/LL,DT,False,262,1,SubSector_R11
DD,2026-09-16,127.57,3.44,False,136.87,-0.402,-0.53,132.26,-0.469,False,132.94,-0.562,False,26.9,-3.6,D 趨勢弱,True,8:49,264.6,跌,233.0,21,False,1.0,-0.6156,-0.8199,-1.0861,True,False,-7.29,-2.7,138.8,-8.8,-3.26,↓,LH/LL,自然反彈,False,262,1,Combined_R21
DOW,2026-09-16,30.08,1.06,False,30.51,-0.004,-0.08,30.08,-0.0,False,30.42,-0.055,False,18.4,-9.6,C 基底修復,True,8:49,264.6,跌,100.0,15,False,1.0,-0.0804,-0.1471,-0.2147,True,False,-1.42,-0.4,31.28,-3.99,-1.14,↓,LH/LL,自然反彈,False,262,1,SubSector_R11
JPM,2026-09-16,348.92,6.82,False,356.35,-0.392,-0.05,354.46,-0.554,False,354.96,-0.716,False,59.6,-11.6,C 基底修復,True,8:49,264.6,跌,229.0,22,False,1.0,-1.234,-1.066,-1.8809,False,False,-2.13,-1.09,360.05,-3.19,-1.63,—,LH/LL,自然回檔,False,262,1,SubSector_R11+Combined_R21
KFY,2026-09-16,77.43,2.24,False,82.54,-0.179,-0.54,81.4,-0.397,False,82.77,-0.322,False,43.0,-0.1,C 基底修復,True,8:49,264.6,跌,360.0,27,False,1.0,-1.0371,-1.0735,-1.0873,True,False,-6.61,-2.28,76.63,1.03,0.36,—,HH/HL,DT,False,262,1,Combined_R21
MLM,2026-09-16,496.76,13.39,False,523.1,-1.771,-0.73,517.22,-2.046,False,517.43,-1.303,False,7.2,-0.3,D 趨勢弱,True,8:49,264.6,跌,109.0,12,False,1.0,-0.4366,-0.2028,-4.3102,False,False,-5.3,-1.97,517.07,-4.09,-1.52,—,LH/LL,DT,True,262,1,SubSector_R11
SYF,2026-09-16,74.88,2.07,False,78.62,-0.114,-0.06,77.42,-0.254,False,78.02,-0.285,False,31.5,-12.8,D 趨勢弱,True,8:49,264.6,跌,157.0,19,False,1.0,-0.5259,-0.4924,-0.5259,False,False,-4.99,-1.81,80.8,-7.9,-2.86,↓,LH/LL,DT,False,262,1,SubSector_R11
RCAT,2026-09-16,7.1,0.61,False,9.22,-0.128,-0.02,8.43,-0.134,False,8.58,-0.155,False,10.0,0.0,D 趨勢弱,True,8:22,251.1,跌,89.0,17,False,1.0,-0.1394,-0.1022,-0.1785,False,False,-30.0,-3.51,7.96,-12.26,-1.43,↓,LH/LL,DT,False,262,1,SubSector_R11
UPST,2026-09-14,26.1,1.44,False,29.25,-0.062,-0.15,27.98,-0.188,False,28.48,-0.217,False,0.0,-2.9,D 趨勢弱,True,8:16,248.2,跌,88.0,10,False,1.0,-0.3582,-0.421,-0.6567,True,False,-12.07,-2.18,28.52,-9.27,-1.68,↓,LH/LL,自然反彈,False,260,1,AI_R12
RS,2026-09-16,394.3,11.41,False,401.23,-0.65,-0.18,395.62,-0.132,False,391.38,-1.355,True,57.3,0.7,C 基底修復,False,4:17,128.6,跌,21.0,3,False,1.0,-0.0514,-0.3546,-5.8201,True,False,-1.76,-0.61,380.1,3.6,1.25,—,HH/HL,自然反彈,True,262,1,SubSector_R11
ADBE,2026-09-16,250.5,10.7,False,266.56,-0.092,-0.04,264.06,-1.356,False,271.11,-0.632,False,13.6,-14.5,D 趨勢弱,True,8:49,264.6,跌,185.0,9,False,2.0,-4.0412,-3.9279,-5.1951,False,False,-6.41,-1.5,265.6,-6.03,-1.41,↓,LH/LL,DT,False,262,1,AI_R12+SubSector_R11
AMGN,2026-09-16,376.35,10.45,False,414.35,0.169,-0.02,405.07,-2.872,False,419.06,-2.447,False,35.1,-0.2,D 趨勢弱,True,8:49,264.6,跌,121.0,13,False,2.0,-8.4277,-8.9931,-9.2005,True,False,-10.1,-3.64,445.82,-18.46,-6.65,↓,LH/LL,DT,False,262,1,SubSector_R11
AMH,2026-09-16,31.38,0.56,False,33.26,-0.184,-0.94,32.67,-0.129,False,33.03,-0.114,False,24.3,-0.2,D 趨勢弱,True,8:49,264.6,跌,127.0,14,False,2.0,-0.1963,-0.213,-0.2609,True,False,-6.01,-3.37,,,,—,HH/HL,DT,False,262,1,SubSector_R11
ARES,2026-09-16,124.21,4.65,False,139.51,-0.552,0.21,135.25,-1.104,False,137.82,-0.805,False,21.4,-8.9,D 趨勢弱,True,8:49,264.6,跌,150.0,19,False,2.0,-2.1017,-1.8357,-2.1017,False,False,-12.32,-3.29,141.52,-13.94,-3.73,↓,LH/LL,DT,False,262,1,SubSector_R11
BMY,2026-09-16,63.6,1.41,False,65.41,-0.055,-0.05,65.04,-0.144,False,66.03,-0.123,False,59.5,-11.7,C 基底修復,True,8:49,264.6,跌,168.0,13,False,2.0,-0.5688,-0.5946,-0.6275,True,False,-2.85,-1.28,,,,—,HH/HL,DT,False,262,1,SubSector_R11
CHWY,2026-09-16,20.91,1.09,False,22.64,-0.105,-0.46,22.32,-0.141,False,22.92,-0.107,False,9.5,-0.0,D 趨勢弱,True,8:49,264.6,跌,115.0,14,False,2.0,-0.3537,-0.3739,-0.4337,True,False,-8.29,-1.58,19.75,5.55,1.06,—,HH/HL,自然回檔,False,262,1,SubSector_R11
CRVS,2026-09-16,12.23,0.69,False,14.03,-0.051,-0.24,13.7,-0.147,False,13.97,-0.13,False,20.0,-2.0,D 趨勢弱,True,8:49,264.6,跌,102.0,17,False,2.0,-0.2163,-0.1845,-0.3058,False,False,-14.73,-2.61,14.65,-19.79,-3.51,↓,LH/LL,DT,False,262,1,SubSector_R11
FBP,2026-09-16,27.65,0.53,False,28.42,-0.07,-0.48,28.13,-0.048,False,28.08,-0.085,False,59.2,-2.5,C 基底修復,True,8:49,264.6,跌,198.0,30,False,2.0,-0.0577,-0.0446,-0.2538,False,False,-2.79,-1.44,28.77,-4.05,-2.1,↓,LH/LL,DT,False,262,1,Combined_R21
INVH,2026-09-16,27.21,0.48,False,29.12,-0.107,-1.22,28.59,-0.138,False,28.88,-0.125,False,21.4,-1.0,D 趨勢弱,True,8:49,264.6,跌,114.0,15,False,2.0,-0.1668,-0.1693,-0.2123,True,False,-7.01,-3.98,,,,—,HH/HL,DT,False,262,1,SubSector_R11
IONQ,2026-09-16,36.84,2.52,False,41.16,-0.113,0.1,39.14,-0.23,False,39.57,-0.364,False,7.1,-10.1,D 趨勢弱,True,8:49,264.6,跌,108.0,15,False,2.0,-0.2699,-0.3001,-1.0711,True,False,-11.72,-1.71,40.47,-9.85,-1.44,↓,LH/LL,自然反彈,False,262,1,SubSector_R11
KKR,2026-09-16,96.84,3.5,False,107.3,-0.292,0.0,104.34,-0.75,False,105.91,-0.517,False,15.8,-0.2,D 趨勢弱,True,8:49,264.6,跌,185.0,19,False,2.0,-1.3745,-1.1993,-1.3745,False,False,-10.81,-2.99,110.46,-14.06,-3.89,↓,LH/LL,DT,False,262,1,SubSector_R11+Combined_R21
MAA,2026-09-16,121.9,2.27,False,129.78,-0.373,-0.95,127.94,-0.604,False,128.51,-0.413,False,14.4,-1.4,D 趨勢弱,True,8:49,264.6,跌,190.0,15,False,2.0,-0.5287,-0.3992,-0.8631,False,False,-6.46,-3.48,130.02,-6.66,-3.58,↓,LH/LL,DT,False,262,1,SubSector_R11
RAPP,2026-09-16,41.39,2.14,False,47.03,0.018,0.15,45.56,-0.417,False,47.11,-0.381,False,39.4,-17.4,D 趨勢弱,True,8:49,264.6,跌,175.0,12,False,2.0,-0.9584,-0.9181,-0.9747,False,False,-13.62,-2.64,42.78,-3.36,-0.65,↓,LH/LL,DT,False,262,1,Combined_R21
REGN,2026-09-16,774.61,19.46,False,807.12,1.442,0.75,797.35,-2.274,False,813.08,-1.781,False,64.6,-0.5,A 待突破,True,8:49,264.6,跌,130.0,15,False,2.0,-10.1122,-9.9478,-10.1122,False,False,-4.2,-1.67,,,,—,HH/HL,DT,False,262,1,SubSector_R11+Combined_R21
RHI,2026-09-16,37.09,1.7,False,42.31,-0.088,-0.05,40.61,-0.352,False,42.07,-0.334,False,47.0,-3.1,D 趨勢弱,True,8:49,264.6,跌,190.0,15,False,2.0,-0.8695,-0.8903,-1.0764,True,False,-14.07,-3.08,38.73,-4.42,-0.97,↓,LH/LL,DT,False,262,1,SubSector_R11
SANA,2026-09-16,2.92,0.23,False,3.56,-0.06,-0.37,3.48,-0.056,False,3.66,-0.036,False,0.0,-4.0,D 趨勢弱,True,8:49,264.6,跌,102.0,11,False,2.0,-0.1089,-0.1032,-0.1153,False,False,-21.76,-2.74,3.2,-9.59,-1.21,↓,LH/LL,DT,False,262,1,SubSector_R11
SOFI,2026-09-16,16.84,0.75,False,18.1,-0.068,0.57,17.72,-0.088,False,17.98,-0.041,False,17.0,-1.4,D 趨勢弱,True,8:49,264.6,跌,109.0,12,False,2.0,-0.1543,-0.1375,-0.2562,False,False,-7.47,-1.69,17.65,-4.81,-1.09,↓,LH/LL,DT,False,262,1,SubSector_R11
SOUN,2026-09-16,5.93,0.34,False,7.03,-0.02,0.21,6.62,-0.069,False,6.76,-0.053,False,10.0,0.0,D 趨勢弱,True,8:49,264.6,跌,138.0,16,False,2.0,-0.1053,-0.0934,-0.1053,False,False,-18.57,-3.26,6.47,-9.11,-1.6,↓,LH/LL,DT,False,262,1,AI_R12+Combined_R21
WM,2026-09-16,214.0,3.93,False,221.54,-0.314,-0.61,219.46,-0.546,False,219.58,-0.479,False,22.6,-2.0,D 趨勢弱,True,8:49,264.6,跌,462.0,37,False,2.0,-0.1642,-0.0829,-2.0666,False,False,-3.52,-1.92,222.22,-3.84,-2.09,—,LH/LL,自然反彈,True,262,1,SubSector_R11
WTW,2026-09-16,312.91,8.12,False,334.64,-0.887,-0.18,327.07,-1.416,False,332.94,-0.75,False,46.1,-18.2,C 基底修復,True,8:49,264.6,跌,243.0,24,False,2.0,-3.5744,-3.4722,-4.663,False,False,-6.94,-2.68,323.71,-3.45,-1.33,↓,LH/LL,DT,False,262,1,SubSector_R11
RVMD,2026-09-16,195.92,7.86,False,207.67,0.012,0.36,205.4,-0.948,False,208.84,-1.004,False,65.6,-19.4,C 基底修復,True,8:26,252.8,跌,90.0,13,False,2.0,-2.179,-1.7328,-2.179,False,False,-6.0,-1.5,213.0,-8.72,-2.17,↓,LH/LL,DT,False,262,1,SubSector_R11+Combined_R21
OPEN,2026-09-16,2.59,0.18,False,3.33,-0.064,-1.1,3.11,-0.052,False,3.15,-0.038,False,10.0,0.0,D 趨勢弱,True,7:48,234.0,跌,80.0,11,False,2.0,-0.0319,-0.0283,-0.0989,False,False,-28.51,-4.07,3.15,-21.62,-3.09,↓,LH/LL,DT,False,262,1,SubSector_R11
NSC,2026-09-16,317.0,5.99,False,336.4,-0.433,-0.44,330.32,-1.332,False,335.59,-1.096,False,35.0,-3.9,C 基底修復,True,7:41,230.5,跌,78.0,12,False,2.0,-2.5234,-2.6407,-3.056,True,False,-6.12,-3.24,355.99,-12.3,-6.51,↓,LH/LL,DT,False,262,1,SubSector_R11+Combined_R21
YUM,2026-09-16,137.96,4.2,False,149.1,-0.311,-0.44,147.43,-0.947,False,149.41,-0.345,False,24.3,-1.0,D 趨勢弱,True,7:22,220.9,跌,73.0,7,False,2.0,-1.3188,-1.0964,-2.0092,False,False,-8.07,-2.65,,,,—,HH/HL,DT,False,262,1,SubSector_R11
AJG,2026-09-16,243.78,7.64,False,256.55,0.003,-0.14,253.39,-0.961,False,257.83,-0.229,False,33.7,-1.4,C 基底修復,True,7:14,217.2,跌,71.0,11,False,2.0,-2.3282,-2.3091,-3.2277,False,False,-5.24,-1.67,253.3,-3.91,-1.25,↓,LH/LL,DT,False,262,1,SubSector_R11
GWW,2026-09-16,1258.26,26.07,False,1297.83,-0.7,-0.59,1295.32,-3.706,False,1298.58,-2.793,False,45.4,-1.5,C 基底修復,True,6:12,186.0,跌,53.0,6,False,2.0,-3.4863,-2.8493,-14.6304,False,False,-3.14,-1.52,1330.62,-5.75,-2.78,↓,LH/LL,DT,False,262,1,Combined_R21
SPGI,2026-09-16,406.76,11.49,False,425.05,0.21,0.06,423.38,-1.662,False,429.09,-0.564,False,16.3,-0.5,D 趨勢弱,True,6:02,180.9,跌,51.0,6,False,2.0,-3.5416,-3.2366,-4.2916,False,False,-4.5,-1.59,422.67,-3.91,-1.38,↓,LH/LL,DT,False,262,1,SubSector_R11
LRN,2026-09-16,82.04,2.56,False,82.98,0.218,-0.07,83.68,-0.164,False,84.26,-0.086,False,33.3,-11.6,D 趨勢弱,False,5:55,177.3,跌,48.0,6,False,2.0,-0.2062,-0.1877,-0.8072,False,True,-1.14,-0.37,80.44,1.95,0.62,—,HH/HL,自然反彈,False,262,1,SubSector_R11
CRCL,2026-09-16,80.45,6.96,False,84.58,0.463,0.56,87.68,-0.723,True,90.72,0.436,False,22.1,-2.9,D 趨勢弱,False,4:49,144.3,跌,30.0,5,False,2.0,-1.8202,-1.0343,-1.8202,False,False,-5.13,-0.59,,,,—,HH/HL,DT,False,262,1,SubSector_R11
TD,2026-09-16,120.6,2.09,False,120.58,0.033,0.09,120.65,-0.005,False,120.02,-0.069,False,70.6,-11.8,C 基底修復,False,11:22,340.8,升,39.0,3,False,3.0,0.0259,0.0575,,False,True,0.02,0.01,118.56,1.69,0.98,—,HH/HL,自然回檔,True,262,1,Combined_R21
GOOGL,2026-09-16,342.87,8.23,False,344.91,-1.497,-0.35,342.04,0.083,False,341.21,-0.067,False,56.4,-1.6,C 基底修復,False,10:28,314.1,升,24.0,3,False,3.0,0.9725,0.9149,,False,True,-0.6,-0.25,349.91,-2.05,-0.86,—,LH/LL,UT,False,262,1,AI_R12+SubSector_R11+Combined_R21
AFL,2026-09-16,116.81,1.93,False,118.59,-0.33,-0.89,117.4,-0.059,False,116.47,-0.246,False,37.8,-0.8,C 基底修復,False,10:21,310.4,升,22.0,3,False,3.0,0.2757,0.2294,,False,True,-1.53,-0.92,118.36,-1.33,-0.8,↓,LH/LL,自然反彈,False,262,1,SubSector_R11
HON,2026-09-16,207.66,5.06,False,220.33,-1.875,-1.5,212.34,-0.468,False,211.09,-1.003,True,18.4,4.5,D 趨勢弱,False,9:27,283.5,升,7.0,1,False,3.0,0.0215,-0.533,,False,False,-6.1,-2.5,220.67,-6.27,-2.57,↓,LH/LL,自然反彈,False,262,1,SubSector_R11
AMZN,2026-09-16,245.96,6.13,False,261.54,-1.626,-0.2,255.74,-0.978,False,257.19,-0.674,False,44.6,-1.8,C 基底修復,True,8:49,264.6,跌,157.0,22,False,3.0,-1.5387,-1.302,-1.9863,False,False,-6.33,-2.54,261.12,-6.16,-2.47,↓,LH/LL,DT,False,262,1,AI_R12+SubSector_R11+Combined_R21
ARWR,2026-09-16,65.79,4.31,False,82.61,-2.195,-0.85,81.86,-1.607,False,83.8,-1.106,False,22.9,-4.1,D 趨勢弱,True,8:49,264.6,跌,167.0,24,False,3.0,-2.0466,-1.3948,-2.0466,False,False,-25.56,-3.9,86.49,-31.46,-4.8,↓,LH/LL,DT,False,262,1,Combined_R21
ASML,2026-09-16,1602.22,57.52,False,1726.78,-3.577,0.08,1689.42,-8.72,False,1699.02,-10.038,False,44.9,-2.0,D 趨勢弱,True,8:49,264.6,跌,104.0,17,False,3.0,-13.33,-12.9045,-28.859,False,False,-7.77,-2.17,1764.85,-10.15,-2.83,↓,LH/LL,DT,False,262,1,AI_R12+SubSector_R11+Combined_R21
AXP,2026-09-16,312.43,6.39,False,332.86,-1.755,-0.54,328.4,-1.597,False,329.1,-1.304,False,27.4,-4.6,D 趨勢弱,True,8:49,264.6,跌,305.0,42,False,3.0,-0.9566,-0.3227,-3.5046,False,False,-6.54,-3.2,327.78,-4.91,-2.4,↓,LH/LL,DT,False,262,1,SubSector_R11+Combined_R21
BC,2026-09-16,67.72,2.59,False,76.94,-0.532,-0.84,73.98,-0.626,False,75.0,-0.665,False,0.9,-0.9,D 趨勢弱,True,8:49,264.6,跌,171.0,18,False,3.0,-0.6723,-0.6711,-0.8949,False,False,-13.62,-3.56,74.43,-9.91,-2.59,↓,LH/LL,DT,False,262,1,SubSector_R11
BLK,2026-09-16,1037.24,24.51,False,1133.17,-3.75,-0.17,1102.0,-6.476,False,1121.0,-5.855,False,28.5,-1.9,D 趨勢弱,True,8:49,264.6,跌,162.0,19,False,3.0,-12.7353,-12.3077,-14.0844,False,False,-9.25,-3.91,1187.17,-14.45,-6.12,↓,LH/LL,DT,False,262,1,SubSector_R11
BOOT,2026-09-16,122.75,6.82,False,153.03,-2.681,-0.8,147.22,-2.447,False,150.55,-1.767,False,0.0,0.0,D 趨勢弱,True,8:49,264.6,跌,133.0,16,False,3.0,-2.821,-2.1294,-2.821,False,False,-24.66,-4.44,144.39,-17.63,-3.17,↓,LH/LL,DT,False,262,1,Combined_R21
BX,2026-09-16,123.45,4.23,False,138.59,-0.358,-0.0,133.53,-1.008,False,136.6,-0.857,False,19.9,-1.8,D 趨勢弱,True,8:49,264.6,跌,132.0,19,False,3.0,-2.0312,-1.9954,-2.334,False,False,-12.27,-3.58,128.51,-4.1,-1.2,↓,LH/LL,DT,False,262,1,SubSector_R11+Combined_R21
COMP,2026-09-16,10.33,0.54,False,11.51,-0.071,-0.54,10.97,-0.064,False,11.02,-0.099,False,26.0,-1.1,D 趨勢弱,True,8:49,264.6,跌,150.0,21,False,3.0,-0.0612,-0.0704,-0.2689,True,False,-11.45,-2.19,10.65,-3.1,-0.59,—,LH/LL,DT,True,262,1,SubSector_R11
COST,2026-09-16,893.74,15.31,False,935.61,-1.918,-0.59,923.98,-3.024,False,929.67,-3.381,False,12.7,-0.5,D 趨勢弱,True,8:49,264.6,跌,255.0,14,False,3.0,-3.504,-3.3076,-5.2789,False,False,-4.68,-2.74,921.99,-3.16,-1.85,↓,LH/LL,DT,False,262,1,SubSector_R11+Combined_R21
DNTH,2026-09-16,102.49,5.02,False,109.38,-0.313,-0.05,107.09,-0.46,False,107.98,-0.652,False,58.2,-3.2,D 趨勢弱,True,8:49,264.6,跌,126.0,20,False,3.0,-0.7945,-0.661,-1.302,False,False,-6.73,-1.37,107.69,-5.07,-1.04,—,LH/LL,DT,True,262,1,Combined_R21
DRI,2026-09-16,208.08,5.61,False,216.82,0.195,0.19,213.71,-0.563,False,215.66,-0.539,False,42.5,-0.7,C 基底修復,True,8:49,264.6,跌,125.0,15,False,3.0,-1.2426,-1.1409,-1.7262,False,False,-4.2,-1.56,218.57,-5.04,-1.87,↓,LH/LL,DT,False,262,1,SubSector_R11
EMR,2026-09-16,145.83,3.93,False,155.87,-0.392,-0.02,151.46,-0.563,False,152.48,-0.597,False,41.0,-0.7,D 趨勢弱,True,8:49,264.6,跌,136.0,20,False,3.0,-1.0025,-0.9482,-1.793,False,False,-6.88,-2.56,152.82,-4.79,-1.78,↓,LH/LL,DT,False,262,1,SubSector_R11
FDX,2026-09-16,301.72,7.39,False,323.28,-0.398,0.03,317.56,-1.584,False,321.54,-1.333,False,42.1,-2.9,C 基底修復,True,8:49,264.6,跌,117.0,12,False,3.0,-2.5785,-2.2854,-2.6156,False,False,-7.15,-2.92,321.02,-6.4,-2.61,↓,LH/LL,DT,False,262,1,SubSector_R11
GPN,2026-09-16,86.49,2.83,False,90.29,0.085,0.18,89.5,-0.301,False,91.02,-0.194,False,54.6,-13.9,C 基底修復,True,8:49,264.6,跌,121.0,15,False,3.0,-0.8786,-0.7807,-0.9946,False,False,-4.39,-1.34,90.19,-4.28,-1.31,↓,LH/LL,DT,False,262,1,SubSector_R11
HD,2026-09-16,302.47,6.85,False,329.89,-1.456,-0.8,319.9,-1.743,False,322.3,-1.751,False,4.5,-0.6,D 趨勢弱,True,8:49,264.6,跌,144.0,23,False,3.0,-1.8099,-1.8397,-2.7987,True,False,-9.06,-4.0,344.3,-13.83,-6.11,↓,LH/LL,DT,False,262,1,SubSector_R11
HMY,2026-09-16,19.22,0.89,False,20.45,0.037,0.48,19.99,-0.077,False,20.79,-0.003,False,43.0,-5.1,C 基底修復,True,8:49,264.6,跌,196.0,13,False,3.0,-0.3123,-0.2879,-0.3958,False,False,-6.39,-1.38,19.28,-0.31,-0.07,—,HH/HL,自然回檔,True,262,1,Combined_R21
ICE,2026-09-16,154.1,3.44,False,156.88,0.211,0.24,157.18,-0.308,False,159.38,-0.104,False,42.7,-9.7,C 基底修復,True,8:49,264.6,跌,105.0,11,False,3.0,-1.1674,-1.0266,-1.1674,False,False,-1.8,-0.81,160.53,-4.17,-1.87,↓,LH/LL,DT,False,262,1,SubSector_R11+Combined_R21
IP,2026-09-16,34.06,1.26,False,38.41,-0.316,-1.44,36.88,-0.282,False,37.6,-0.3,False,5.0,0.0,D 趨勢弱,True,8:49,264.6,跌,211.0,28,False,3.0,-0.4274,-0.5005,-0.6563,True,False,-12.76,-3.45,37.24,-9.34,-2.53,↓,LH/LL,DT,False,262,1,SubSector_R11
LEN,2026-09-16,78.36,2.48,False,83.71,-0.406,-0.63,82.5,-0.414,False,83.48,-0.329,False,5.5,-1.7,D 趨勢弱,True,8:49,264.6,跌,101.0,13,False,3.0,-0.5377,-0.5357,-0.781,False,False,-6.83,-2.15,80.07,-2.18,-0.69,↓,LH/LL,自然回檔,False,262,1,SubSector_R11
NCLH,2026-09-16,14.53,0.6,False,16.74,-0.229,-1.79,15.93,-0.14,False,15.88,-0.154,False,0.0,0.0,D 趨勢弱,True,8:49,264.6,跌,198.0,29,False,3.0,-0.0625,-0.0933,-0.2728,True,False,-15.2,-3.69,17.26,-18.79,-4.56,↓,LH/LL,DT,False,262,1,SubSector_R11
PAYX,2026-09-16,116.72,2.84,False,121.28,0.016,0.01,119.85,-0.313,False,121.96,-0.16,False,46.6,-19.4,C 基底修復,True,8:49,264.6,跌,140.0,11,False,3.0,-1.1441,-1.2322,-1.707,True,False,-3.91,-1.6,127.98,-9.65,-3.96,↓,LH/LL,自然反彈,False,262,1,SubSector_R11
PHM,2026-09-16,117.55,3.34,False,125.83,-0.486,-0.77,123.01,-0.546,False,124.23,-0.425,False,26.0,-1.1,D 趨勢弱,True,8:49,264.6,跌,180.0,25,False,3.0,-0.7054,-0.7687,-1.2094,True,False,-7.05,-2.48,130.68,-11.17,-3.94,↓,LH/LL,自然反彈,False,262,1,SubSector_R11
PINS,2026-09-16,18.65,0.86,False,21.76,-0.314,-1.2,20.78,-0.213,False,21.27,-0.22,False,5.1,-0.4,D 趨勢弱,True,8:49,264.6,跌,198.0,29,False,3.0,-0.2831,-0.3166,-0.4851,True,False,-16.69,-3.62,19.69,-5.58,-1.21,↓,LH/LL,DT,False,262,1,SubSector_R11
PL,2026-09-16,16.02,1.16,False,19.58,-0.196,-0.68,18.91,-0.289,False,19.22,-0.367,False,11.2,-0.1,D 趨勢弱,True,8:49,264.6,跌,171.0,15,False,3.0,-0.2352,-0.2829,-0.3313,True,False,-22.23,-3.08,19.99,-24.78,-3.43,↓,LH/LL,DT,False,262,1,SubSector_R11
PRU,2026-09-16,117.04,2.54,False,120.85,-0.218,-0.27,119.73,-0.269,False,119.88,-0.375,False,51.0,-8.4,C 基底修復,True,8:49,264.6,跌,348.0,30,False,3.0,-0.3657,-0.2679,-0.9553,False,False,-3.25,-1.5,123.57,-5.58,-2.57,↓,LH/LL,DT,False,262,1,SubSector_R11
SLG,2026-09-16,51.75,1.73,False,55.65,-0.151,-0.15,54.16,-0.241,False,55.37,-0.255,False,46.6,-1.2,C 基底修復,True,8:49,264.6,跌,165.0,13,False,3.0,-0.62,-0.678,-0.8307,True,False,-7.54,-2.25,53.08,-2.57,-0.77,↓,LH/LL,DT,False,262,1,SubSector_R11
SPG,2026-09-16,202.94,3.62,False,215.48,-0.981,-1.23,211.12,-0.818,False,212.05,-0.884,False,40.3,-2.1,C 基底修復,True,8:49,264.6,跌,305.0,32,False,3.0,-0.7193,-0.7833,-1.7103,True,False,-6.18,-3.47,206.94,-1.97,-1.11,↓,LH/LL,DT,False,262,1,SubSector_R11
STT,2026-09-16,182.9,4.49,False,189.39,-0.093,0.29,189.22,-0.632,False,190.11,-0.448,False,67.6,-7.6,C 基底修復,True,8:49,264.6,跌,137.0,12,False,3.0,-1.2895,-0.9504,-1.2895,False,False,-3.55,-1.44,195.4,-6.83,-2.78,↓,LH/LL,DT,False,262,1,Combined_R21
TOST,2026-09-16,31.12,1.22,False,34.53,-0.021,0.02,33.33,-0.221,False,34.18,-0.192,False,37.6,-2.7,C 基底修復,True,8:49,264.6,跌,187.0,14,False,3.0,-0.4866,-0.4601,-0.5718,False,False,-10.96,-2.8,33.29,-6.97,-1.78,↓,LH/LL,DT,False,262,1,SubSector_R11
TPB,2026-09-16,70.12,2.99,False,81.98,-0.342,-0.12,76.93,-0.681,False,78.75,-0.819,False,10.0,0.0,D 趨勢弱,True,8:49,264.6,跌,130.0,14,False,3.0,-1.0366,-1.1483,-1.3862,True,False,-16.92,-3.97,88.26,-25.87,-6.08,↓,LH/LL,DT,False,262,1,SubSector_R11
UNF,2026-09-16,266.12,6.27,False,279.72,-1.266,-0.88,277.15,-1.103,False,279.15,-1.019,False,41.4,-0.6,C 基底修復,True,8:49,264.6,跌,267.0,32,False,3.0,-1.3808,-1.3434,-1.9871,False,False,-5.11,-2.17,279.0,-4.84,-2.06,—,LH/LL,自然回檔,False,262,1,Combined_R21
VMC,2026-09-16,244.3,6.68,False,268.4,-1.753,-0.91,261.51,-1.721,False,263.34,-1.368,False,2.8,-0.8,D 趨勢弱,True,8:49,264.6,跌,156.0,21,False,3.0,-1.5161,-1.4224,-2.8544,False,False,-9.87,-3.61,281.19,-15.1,-5.52,↓,LH/LL,DT,False,262,1,SubSector_R11
Z,2026-09-16,31.31,1.54,False,34.1,-0.133,-0.19,33.53,-0.222,False,34.28,-0.163,False,17.9,-0.6,D 趨勢弱,True,8:49,264.6,跌,103.0,12,False,3.0,-0.3565,-0.3216,-0.5012,False,False,-8.91,-1.81,33.18,-5.97,-1.21,↓,LH/LL,自然回檔,False,262,1,SubSector_R11
LNC,2026-09-16,42.45,1.3,False,44.14,-0.136,-0.21,43.6,-0.115,False,43.38,-0.132,False,44.1,-13.2,C 基底修復,True,8:42,260.8,跌,95.0,7,False,3.0,-0.1614,-0.083,-0.6391,False,False,-3.99,-1.3,45.9,-8.13,-2.65,—,LH/LL,自然回檔,False,262,1,SubSector_R11
DHI,2026-09-16,138.32,3.91,False,144.59,-0.485,-0.53,142.54,-0.422,False,143.67,-0.368,False,10.7,-1.6,D 趨勢弱,True,8:40,260.2,跌,95.0,13,False,3.0,-0.403,-0.4829,-1.6335,True,False,-4.53,-1.6,144.41,-4.4,-1.56,↓,LH/LL,自然反彈,False,262,1,SubSector_R11
IBKR,2026-09-16,86.74,3.08,False,91.34,-0.023,0.11,91.18,-0.444,False,92.28,-0.191,False,54.2,-6.5,C 基底修復,True,8:24,251.8,跌,90.0,10,False,3.0,-0.6773,-0.5233,-0.8603,False,False,-5.31,-1.49,93.29,-7.55,-2.13,↓,LH/LL,DT,False,262,1,Combined_R21
PLD,2026-09-16,133.74,2.36,False,139.22,-0.203,-0.58,138.04,-0.43,False,138.83,-0.314,False,35.4,-2.3,C 基底修復,True,8:23,251.6,跌,90.0,11,False,3.0,-0.4119,-0.3721,-0.9361,False,False,-4.1,-2.32,138.98,-3.92,-2.22,↓,LH/LL,DT,False,262,1,SubSector_R11
NFLX,2026-09-16,76.41,2.26,False,78.29,0.215,0.54,78.26,-0.185,False,79.58,-0.068,False,34.5,-0.2,D 趨勢弱,True,7:38,228.8,跌,77.0,8,False,3.0,-0.5425,-0.4696,-0.7485,False,False,-2.45,-0.83,79.84,-4.49,-1.52,—,HH/HL,DT,False,262,1,SubSector_R11+Combined_R21
BBAI,2026-09-16,2.73,0.15,False,3.07,-0.01,0.17,2.95,-0.022,False,2.99,-0.019,False,10.0,-1.2,D 趨勢弱,True,7:35,227.7,跌,77.0,11,False,3.0,-0.0209,-0.017,-0.0316,False,False,-12.61,-2.36,2.88,-5.49,-1.03,↓,LH/LL,DT,False,262,1,Combined_R21
LULU,2026-09-16,95.98,4.96,False,110.53,-0.458,-0.56,108.6,-1.262,False,111.18,-1.152,False,0.0,0.0,D 趨勢弱,True,7:05,212.6,跌,68.0,8,False,3.0,-1.8667,-1.9705,-2.5032,True,False,-15.16,-2.93,100.3,-4.5,-0.87,↓,LH/LL,DT,False,262,1,SubSector_R11+Combined_R21
F,2026-09-16,13.35,0.43,False,13.98,-0.035,-0.62,13.92,-0.057,False,13.97,-0.029,False,19.7,-0.3,D 趨勢弱,True,6:47,203.7,跌,63.0,6,False,3.0,-0.0616,-0.0401,-0.0857,False,False,-4.75,-1.47,14.26,-6.82,-2.11,↓,LH/LL,DT,False,262,1,SubSector_R11
NVR,2026-09-16,6186.43,149.84,False,6300.67,-0.887,-0.1,6271.37,-8.494,False,6296.3,-3.097,False,13.4,-1.1,D 趨勢弱,True,6:37,198.7,跌,60.0,8,False,3.0,-6.8128,-6.2595,-52.8921,False,False,-1.85,-0.76,6433.74,-4.0,-1.65,↓,LH/LL,自然反彈,False,262,1,SubSector_R11
LAMR,2026-09-16,147.53,2.64,False,153.09,-0.429,-0.96,150.71,-0.318,False,150.39,-0.21,True,49.2,1.5,C 基底修復,False,3:54,117.2,跌,15.0,2,False,3.0,-0.0755,-0.0452,-1.0164,False,False,-3.77,-2.11,152.61,-3.44,-1.92,↓,LH/LL,DT,False,262,1,SubSector_R11
SNAP,2026-09-16,5.72,0.29,False,5.46,-0.004,0.41,5.51,0.021,True,5.52,0.03,False,34.2,-13.0,D 趨勢弱,False,10:19,309.6,升,22.0,3,False,4.0,0.0139,0.0174,,False,False,4.59,0.91,5.33,6.82,1.36,↑,HH/HL,自然回檔,False,262,1,SubSector_R11
UBSI,2026-09-16,47.32,0.78,False,47.82,-0.087,-0.37,47.56,-0.024,False,47.44,-0.072,False,55.9,-11.5,C 基底修復,False,9:44,291.8,升,12.0,2,False,4.0,0.0047,0.0138,,False,True,-1.05,-0.64,48.03,-1.5,-0.91,—,LH/LL,UT,True,262,1,Combined_R21
TPR,2026-09-16,117.94,4.07,False,130.65,-0.722,-0.92,124.36,-0.642,False,123.25,-0.716,True,7.1,0.3,D 趨勢弱,False,9:24,282.2,升,7.0,1,False,4.0,0.1531,-0.082,,False,False,-10.78,-3.12,132.26,-12.14,-3.52,↓,LH/LL,自然反彈,False,262,1,Combined_R21
AMAL,2026-09-16,46.62,1.13,False,48.79,-0.132,-0.4,48.23,-0.161,False,48.27,-0.178,False,48.0,-0.5,C 基底修復,True,8:49,264.6,跌,277.0,28,False,4.0,-0.2263,-0.185,-0.3844,False,False,-4.65,-1.92,49.51,-6.2,-2.55,↓,LH/LL,DT,False,262,1,Combined_R21
EXR,2026-09-16,136.43,2.71,False,142.53,-0.459,-1.4,140.8,-0.437,False,141.31,-0.525,False,21.4,-0.3,D 趨勢弱,True,8:49,264.6,跌,243.0,27,False,4.0,-0.2985,-0.3211,-0.8188,True,False,-4.47,-2.25,139.4,-2.18,-1.1,—,LH/LL,自然回檔,True,262,1,SubSector_R11
H,2026-09-16,158.65,4.72,False,171.38,-0.453,-0.56,167.41,-0.876,False,168.78,-1.004,False,12.3,-2.6,D 趨勢弱,True,8:49,264.6,跌,107.0,13,False,4.0,-0.4178,-0.4185,-1.9833,True,False,-8.02,-2.7,163.71,-3.19,-1.07,—,LH/LL,DT,True,262,1,Combined_R21
LCID,2026-09-16,4.04,0.37,False,5.27,-0.127,-1.78,4.83,-0.079,False,4.77,-0.087,False,10.0,0.0,D 趨勢弱,True,8:49,264.6,跌,280.0,29,False,4.0,-0.0276,-0.0361,-0.2158,True,False,-30.57,-3.31,4.71,-16.58,-1.8,↓,LH/LL,DT,False,262,1,SubSector_R11
MAX,2026-09-16,11.04,0.55,False,12.46,-0.046,-0.66,12.13,-0.109,False,12.29,-0.107,False,36.3,-2.6,D 趨勢弱,True,8:49,264.6,跌,230.0,41,False,4.0,-0.1259,-0.1109,-0.3086,False,False,-12.88,-2.6,12.2,-10.51,-2.12,↓,LH/LL,DT,False,262,1,Combined_R21
MDB,2026-09-16,376.34,20.95,False,404.39,0.49,0.26,388.85,-1.251,False,399.78,-2.914,False,32.5,-10.2,D 趨勢弱,True,8:49,264.6,跌,140.0,17,False,4.0,-5.4892,-6.6363,-11.9742,True,False,-7.45,-1.34,373.87,0.66,0.12,—,LH/LL,自然反彈,True,262,1,AI_R12+SubSector_R11+Combined_R21
ODFL,2026-09-16,174.36,6.19,False,197.32,-1.964,-1.12,190.91,-1.655,False,191.34,-1.682,False,12.0,-1.3,D 趨勢弱,True,8:49,264.6,跌,356.0,36,False,4.0,-0.7212,-0.5672,-2.4627,False,False,-13.17,-3.71,203.44,-16.68,-4.69,↓,LH/LL,DT,False,262,1,SubSector_R11
PSA,2026-09-16,294.68,6.3,False,312.9,-1.053,-0.9,305.63,-1.095,False,307.65,-1.421,False,30.2,-0.3,D 趨勢弱,True,8:49,264.6,跌,302.0,23,False,4.0,-1.0771,-1.3145,-2.6991,True,False,-6.18,-2.89,324.5,-10.12,-4.73,↓,LH/LL,DT,False,262,1,SubSector_R11
PYPL,2026-09-16,52.71,1.78,False,57.08,-0.129,-0.35,55.39,-0.268,False,56.52,-0.386,False,35.0,-0.9,D 趨勢弱,True,8:49,264.6,跌,286.0,30,False,4.0,-0.4877,-0.5257,-1.4183,True,False,-8.29,-2.46,54.6,-3.59,-1.06,—,LH/LL,自然回檔,False,262,1,SubSector_R11
TJX,2026-09-16,122.84,2.8,False,138.76,-1.292,-1.79,133.52,-1.068,False,132.79,-1.401,False,0.0,0.0,D 趨勢弱,True,8:49,264.6,跌,192.0,25,False,4.0,-0.3859,-0.4156,-1.9342,True,False,-12.96,-5.68,154.26,-25.58,-11.21,↓,LH/LL,DT,False,262,1,SubSector_R11+Combined_R21
USB,2026-09-16,59.73,1.28,False,62.88,-0.294,-0.29,62.46,-0.273,False,62.3,-0.253,False,42.1,-22.0,C 基底修復,True,8:49,264.6,跌,499.0,43,False,4.0,-0.196,-0.0285,-0.43,False,False,-5.27,-2.46,63.36,-6.08,-2.84,↓,LH/LL,DT,False,262,1,SubSector_R11
VTR,2026-09-16,88.21,1.97,False,91.12,-0.047,-0.39,90.72,-0.251,False,91.32,-0.149,False,42.1,-0.4,C 基底修復,True,8:09,244.3,跌,86.0,12,False,4.0,-0.3525,-0.3295,-1.0942,False,False,-3.29,-1.47,92.09,-4.4,-1.97,—,LH/LL,次級回檔,False,262,1,SubSector_R11
CSX,2026-09-16,47.9,0.96,False,50.04,-0.107,-0.31,49.46,-0.156,False,49.89,-0.117,False,57.2,-4.1,C 基底修復,True,8:06,242.9,跌,85.0,12,False,4.0,-0.2052,-0.1801,-0.3262,False,False,-4.47,-2.23,49.65,-3.65,-1.83,↓,LH/LL,DT,False,262,1,SubSector_R11+Combined_R21
UNP,2026-09-16,280.92,5.7,False,296.83,-0.42,-0.09,291.17,-1.025,False,295.61,-0.891,False,54.1,-4.1,C 基底修復,True,7:36,228.2,跌,77.0,12,False,4.0,-2.0086,-2.06,-2.7173,True,False,-5.66,-2.79,314.15,-11.83,-5.83,—,LH/LL,DT,True,262,1,SubSector_R11+Combined_R21
DDOG,2026-09-16,230.79,12.1,False,235.88,-1.728,-0.58,229.36,0.143,False,226.27,-0.761,True,58.0,3.1,C 基底修復,False,10:34,317.0,升,26.0,3,False,5.0,1.7688,1.3415,,False,False,-2.21,-0.42,214.76,6.95,1.32,—,LH/LL,UT,False,262,1,SubSector_R11+Combined_R21
PEB,2026-09-16,17.84,0.56,False,18.14,-0.05,-0.39,18.1,-0.026,False,18.12,-0.023,False,57.5,-3.0,C 基底修復,False,10:06,303.1,升,18.0,2,False,5.0,0.0048,0.0113,,False,True,-1.68,-0.54,18.19,-1.96,-0.63,—,LH/LL,自然反彈,True,262,1,Combined_R21
DRH,2026-09-16,12.27,0.31,False,12.43,-0.054,-0.8,12.34,-0.007,False,12.4,-0.011,False,55.1,-1.4,C 基底修復,False,9:35,287.3,升,10.0,1,False,5.0,0.0027,-0.0025,,False,True,-1.32,-0.52,12.29,-0.16,-0.06,—,LH/LL,自然反彈,True,262,1,Combined_R21
ANGO,2026-09-16,15.46,0.49,False,15.58,0.026,0.27,15.46,-0.0,False,15.63,-0.018,False,84.8,-1.6,A 待突破,True,8:49,264.6,跌,353.0,19,False,5.0,-0.0803,-0.0889,-0.1622,True,False,-0.78,-0.24,16.29,-5.37,-1.69,—,LH/LL,UT,False,262,1,Combined_R21
EBC,2026-09-16,21.59,0.48,False,22.46,-0.078,-0.7,22.11,-0.052,False,22.12,-0.101,False,46.5,-7.1,C 基底修復,True,8:49,264.6,跌,390.0,41,False,5.0,-0.0411,-0.0429,-0.1998,True,False,-4.01,-1.8,22.39,-3.71,-1.67,↓,LH/LL,DT,False,262,1,Combined_R21
PK,2026-09-16,14.88,0.43,False,15.25,0.002,0.04,15.27,-0.039,False,15.49,-0.024,False,65.1,-12.7,C 基底修復,True,8:49,264.6,跌,107.0,12,False,5.0,-0.0825,-0.0642,-0.1174,False,False,-2.51,-0.88,15.56,-4.57,-1.6,↓,LH/LL,DT,False,262,1,Combined_R21
HLT,2026-09-16,305.63,6.58,False,319.4,-0.217,-0.22,314.12,-0.849,False,317.18,-1.106,False,32.6,-1.2,D 趨勢弱,True,8:32,256.2,跌,92.0,12,False,5.0,-0.8734,-0.9733,-2.0575,True,False,-4.51,-2.09,324.56,-6.19,-2.87,—,LH/LL,自然反彈,True,262,1,SubSector_R11+Combined_R21
ET,2026-09-16,21.11,0.33,False,21.12,0.042,0.61,21.29,-0.018,False,21.38,-0.016,False,77.0,-0.6,A 待突破,True,7:58,239.0,跌,83.0,9,False,5.0,-0.0734,-0.047,-0.0734,False,False,-0.05,-0.03,21.84,-3.46,-2.2,—,LH/LL,自然回檔,False,262,1,SubSector_R11
OXY,2026-09-16,59.36,1.7,False,59.54,0.225,0.65,60.22,-0.086,False,60.51,-0.022,False,56.8,-7.9,B 上升結構,False,3:37,108.5,跌,10.0,1,False,5.0,-0.0983,0.1125,-0.1475,False,True,-0.3,-0.1,59.35,0.02,0.01,↑,HH/HL,自然回檔,False,262,1,SubSector_R11+Combined_R21
BKR,2026-09-16,56.32,1.96,False,62.11,-0.242,-0.22,60.88,-0.456,False,61.74,-0.406,False,12.5,-11.7,D 趨勢弱,True,8:49,264.6,跌,147.0,18,False,6.0,-0.9547,-0.903,-0.9547,False,False,-10.29,-2.96,,,,—,HH/HL,DT,False,262,1,SubSector_R11
CDP,2026-09-16,34.32,0.79,False,36.22,-0.105,-0.73,35.75,-0.143,False,36.01,-0.127,False,34.7,-1.0,C 基底修復,True,8:49,264.6,跌,373.0,48,False,6.0,-0.1608,-0.1481,-0.3,False,False,-5.55,-2.42,36.01,-4.92,-2.15,—,LH/LL,DT,True,262,1,Combined_R21
D,2026-09-16,63.51,1.13,False,66.48,-0.135,-0.73,65.86,-0.235,False,65.92,-0.255,False,21.1,-1.0,D 趨勢弱,True,8:49,264.6,跌,512.0,41,False,6.0,-0.1971,-0.1736,-0.5079,False,False,-4.68,-2.64,66.92,-5.37,-3.03,↓,LH/LL,DT,False,262,1,SubSector_R11
TSN,2026-09-16,52.12,1.39,False,55.21,-0.249,-0.9,54.29,-0.217,False,54.71,-0.293,False,4.4,-1.8,D 趨勢弱,True,8:49,264.6,跌,125.0,15,False,6.0,-0.118,-0.1456,-0.5639,True,False,-5.93,-2.22,54.24,-4.07,-1.52,↓,LH/LL,自然反彈,False,262,1,SubSector_R11
MP,2026-09-16,48.99,2.86,False,54.62,0.3,0.69,52.96,-0.397,False,54.78,-0.384,False,10.0,0.0,D 趨勢弱,True,7:28,224.0,跌,74.0,12,False,6.0,-1.0128,-1.0007,-1.0128,False,False,-11.49,-1.97,55.37,-13.02,-2.23,↓,LH/LL,DT,False,262,1,SubSector_R11
LEU,2026-09-16,139.01,11.42,False,175.34,-2.161,-0.54,167.34,-2.833,False,172.15,-1.834,False,0.0,0.0,D 趨勢弱,True,8:49,264.6,跌,173.0,13,False,7.0,-4.643,-4.2483,-4.643,False,False,-26.14,-3.18,191.21,-37.55,-4.57,↓,LH/LL,DT,False,262,1,AI_R12+SubSector_R11
LPTH,2026-09-16,9.39,0.96,False,11.65,-0.078,-0.29,10.68,-0.129,False,11.09,-0.242,False,8.6,-3.3,D 趨勢弱,True,8:49,264.6,跌,144.0,13,False,7.0,-0.1729,-0.2239,-0.5135,True,False,-24.11,-2.35,10.75,-14.48,-1.41,—,LH/LL,自然反彈,True,262,1,AI_R12
ONTO,2026-09-16,243.64,18.02,False,290.38,-0.697,0.19,271.93,-2.829,False,273.39,-3.589,False,34.8,-0.3,D 趨勢弱,True,8:49,264.6,跌,130.0,17,False,7.0,-2.9572,-2.4901,-8.7356,False,False,-19.19,-2.59,281.11,-15.38,-2.08,↓,LH/LL,DT,False,262,1,AI_R12
WHR,2026-09-16,32.42,1.78,False,39.12,-0.601,-0.83,37.39,-0.497,False,38.16,-0.343,False,0.0,0.0,D 趨勢弱,True,8:49,264.6,跌,179.0,21,False,7.0,-0.749,-0.7067,-0.749,False,False,-20.68,-3.77,39.3,-21.22,-3.87,↓,LH/LL,DT,False,262,1,SubSector_R11
BEN,2026-09-16,32.72,0.81,False,34.07,-0.115,-0.05,33.79,-0.107,False,34.02,-0.063,False,60.6,-4.4,C 基底修復,True,8:49,264.5,跌,97.0,12,False,7.0,-0.1697,-0.1279,-0.2462,False,False,-4.13,-1.67,33.33,-1.86,-0.75,↓,LH/LL,DT,False,262,1,SubSector_R11
NNE,2026-09-16,15.64,1.12,False,18.33,-0.098,0.05,17.51,-0.187,False,17.84,-0.131,False,10.0,0.0,D 趨勢弱,True,7:08,214.1,跌,69.0,5,False,7.0,-0.2845,-0.2647,-0.2845,False,False,-17.18,-2.39,19.24,-23.02,-3.2,↓,LH/LL,DT,False,262,1,AI_R12+SubSector_R11
AVGO,2026-09-16,339.51,11.96,False,372.03,-2.806,-0.61,363.4,-2.389,False,360.4,-2.024,True,7.6,0.4,D 趨勢弱,False,4:38,139.1,跌,27.0,3,False,7.0,-1.9517,-1.6211,-6.2448,False,False,-9.58,-2.72,371.54,-9.43,-2.68,↓,LH/LL,DT,False,262,1,AI_R12+SubSector_R11+Combined_R21
VIAV,2026-09-16,34.47,2.46,False,38.55,-0.215,0.06,36.93,-0.246,False,36.74,-0.345,True,22.4,1.0,D 趨勢弱,False,4:09,124.7,跌,19.0,2,False,7.0,-0.1367,-0.1017,-0.5281,False,False,-11.84,-1.66,39.18,-13.66,-1.91,↓,LH/LL,自然反彈,False,262,1,AI_R12
COHR,2026-09-16,289.93,23.09,False,310.06,-1.45,0.09,289.98,-0.005,False,284.79,-0.825,True,33.6,11.7,D 趨勢弱,False,2:20,70.0,升,89.0,7,False,7.0,0.7961,0.117,,False,False,-6.94,-0.87,266.5,8.08,1.01,↑,HH/HL,次級反彈,False,262,1,AI_R12+SubSector_R11+Combined_R21
ADI,2026-09-16,362.04,11.27,False,371.76,-0.529,0.01,366.89,-0.485,False,365.67,-0.73,False,49.4,-0.1,C 基底修復,False,10:44,321.9,升,29.0,4,False,8.0,0.5103,0.5806,,False,True,-2.68,-0.86,356.12,1.64,0.53,—,HH/HL,自然回檔,False,262,1,SubSector_R11
AMG,2026-09-16,342.82,10.92,False,362.89,-1.654,-0.34,358.24,-1.542,False,359.46,-1.037,False,45.1,-2.5,C 基底修復,True,8:49,264.6,跌,131.0,11,False,8.0,-2.3561,-1.9846,-3.3083,False,False,-5.85,-1.84,,,,—,HH/HL,DT,False,262,1,SubSector_R11
APO,2026-09-16,124.53,4.02,False,133.1,-0.141,0.28,130.5,-0.597,False,131.63,-0.466,False,29.4,-0.3,C 基底修復,True,8:49,264.6,跌,124.0,19,False,8.0,-1.1994,-1.055,-1.1994,False,False,-6.88,-2.13,134.49,-8.0,-2.48,↓,LH/LL,DT,False,262,1,SubSector_R11
CNI,2026-09-16,119.49,2.05,False,124.8,-0.253,-0.5,123.45,-0.396,False,124.24,-0.353,False,45.3,-2.7,C 基底修復,True,8:49,264.6,跌,378.0,34,False,8.0,-0.4075,-0.3261,-0.8509,False,False,-4.45,-2.59,123.09,-3.01,-1.76,—,LH/LL,自然回檔,False,262,1,Combined_R21
KTOS,2026-09-16,47.59,2.62,False,54.73,-0.084,-0.05,50.23,-0.264,False,50.68,-0.72,False,0.0,0.0,D 趨勢弱,True,8:49,264.6,跌,189.0,18,False,8.0,-0.3566,-0.5032,-1.4353,True,False,-15.01,-2.73,49.45,-3.91,-0.71,—,LH/LL,DT,True,262,1,SubSector_R11
NDAQ,2026-09-16,88.76,2.1,False,95.76,-0.179,-0.3,94.21,-0.545,False,95.86,-0.397,False,30.1,-0.7,D 趨勢弱,True,8:49,264.6,跌,123.0,12,False,8.0,-1.2119,-1.1724,-1.2119,False,False,-7.89,-3.34,98.71,-11.21,-4.75,↓,LH/LL,DT,False,262,1,SubSector_R11
PCAR,2026-09-16,118.22,2.91,False,127.64,-0.778,-0.84,124.5,-0.628,False,124.94,-0.49,False,28.7,-21.2,C 基底修復,True,8:49,264.6,跌,237.0,29,False,8.0,-0.4901,-0.3012,-1.1366,False,False,-7.97,-3.24,124.7,-5.48,-2.23,↓,LH/LL,DT,False,262,1,SubSector_R11+Combined_R21
QBTS,2026-09-16,16.27,1.05,False,18.57,-0.211,-0.27,17.51,-0.124,False,17.52,-0.163,False,10.0,0.0,D 趨勢弱,True,8:49,264.6,跌,104.0,17,False,8.0,-0.0365,-0.0363,-0.4249,False,False,-14.13,-2.2,17.67,-8.6,-1.34,↓,LH/LL,DT,False,262,1,SubSector_R11
RDW,2026-09-16,10.79,0.72,False,11.92,0.042,0.61,10.97,-0.018,False,11.0,-0.108,False,38.2,-1.7,D 趨勢弱,True,8:49,264.6,跌,111.0,17,False,8.0,-0.0342,-0.0567,-0.2722,True,False,-10.47,-1.57,11.23,-4.08,-0.61,—,LH/LL,自然反彈,True,262,1,SubSector_R11+Combined_R21
RGTI,2026-09-16,14.79,0.94,False,16.6,-0.074,0.08,15.7,-0.091,False,15.74,-0.146,False,10.0,0.0,D 趨勢弱,True,8:49,264.6,跌,192.0,17,False,8.0,-0.0576,-0.052,-0.276,False,False,-12.26,-1.92,15.81,-6.9,-1.08,↓,LH/LL,DT,False,262,1,SubSector_R11
SYRE,2026-09-16,91.17,4.59,False,95.79,-0.349,-0.29,93.24,-0.207,False,94.29,-0.832,False,47.4,-0.5,D 趨勢弱,True,8:49,264.6,跌,125.0,18,False,8.0,-0.0524,-0.2686,-2.5241,True,False,-5.07,-1.01,90.79,0.42,0.08,—,LH/LL,自然反彈,True,262,1,Combined_R21
TROW,2026-09-16,102.4,2.29,False,110.54,-0.529,-0.99,108.85,-0.645,False,109.55,-0.396,False,31.4,-13.2,D 趨勢弱,True,8:49,264.6,跌,112.0,13,False,8.0,-0.6855,-0.5482,-0.864,False,False,-7.95,-3.55,111.7,-9.08,-4.06,↓,LH/LL,DT,False,262,1,SubSector_R11
XPO,2026-09-16,174.41,6.74,False,193.16,-1.349,-0.62,188.15,-1.374,False,188.17,-1.415,False,13.8,-1.7,D 趨勢弱,True,8:49,264.6,跌,154.0,19,False,8.0,-1.0054,-0.7842,-1.5419,False,False,-10.75,-2.78,193.1,-10.72,-2.77,↓,LH/LL,DT,False,262,1,SubSector_R11+Combined_R21
CCJ,2026-09-16,90.9,3.69,False,98.93,0.093,0.49,97.15,-0.625,False,99.18,-0.257,False,17.7,-2.3,D 趨勢弱,True,7:26,223.1,跌,74.0,11,False,8.0,-1.3342,-1.1935,-1.3342,False,False,-8.84,-2.18,97.98,-7.79,-1.92,↓,LH/LL,DT,False,262,1,AI_R12+SubSector_R11+Combined_R21
OKLO,2026-09-16,35.62,2.71,False,42.0,-0.193,-0.27,39.98,-0.436,False,40.22,-0.287,False,0.0,0.0,D 趨勢弱,True,6:00,180.0,跌,50.0,4,False,8.0,-0.4418,-0.3895,-0.4418,False,False,-17.91,-2.36,43.31,-21.59,-2.84,↓,LH/LL,DT,False,262,1,AI_R12+SubSector_R11+Combined_R21
CRWV,2026-09-16,83.35,6.11,False,94.23,-0.11,0.48,87.43,-0.408,False,87.18,-0.491,True,15.3,0.3,D 趨勢弱,False,4:57,148.4,跌,32.0,3,False,8.0,-0.7332,-0.6492,-1.4841,False,False,-13.06,-1.78,90.67,-8.78,-1.2,↓,LH/LL,自然反彈,False,262,1,AI_R12+SubSector_R11+Combined_R21
ETN,2026-09-16,397.8,15.14,False,421.53,-1.957,0.12,409.97,-1.217,False,408.1,-1.677,True,36.7,1.1,D 趨勢弱,False,4:43,141.4,跌,29.0,3,False,8.0,-1.2851,-1.2169,-5.5385,False,False,-5.96,-1.57,387.0,2.71,0.71,—,HH/HL,DT,False,262,1,AI_R12+SubSector_R11+Combined_R21
RIVN,2026-09-16,15.23,0.7,False,15.89,-0.026,-0.06,15.91,-0.068,True,16.05,0.022,False,23.8,-1.9,D 趨勢弱,False,4:01,120.3,跌,17.0,2,False,8.0,-0.0546,-0.0202,-0.2459,False,False,-4.31,-0.94,16.17,-6.17,-1.35,↓,LH/LL,DT,False,262,1,SubSector_R11
ENPH,2026-09-16,35.56,2.09,False,38.13,-0.259,-0.1,37.35,-0.179,False,37.18,-0.101,True,12.0,1.3,D 趨勢弱,False,12:05,2.5,升,51.0,7,False,8.0,0.0707,0.1331,,False,False,-7.23,-1.23,34.65,2.56,0.43,—,HH/HL,DT,True,262,1,SubSector_R11
FORM,2026-09-16,104.82,7.41,False,112.53,-0.524,0.26,108.14,-0.332,False,106.71,-0.976,True,42.1,9.6,D 趨勢弱,False,12:00,0.0,升,50.0,6,False,8.0,0.2108,0.2578,,False,False,-7.35,-1.04,112.47,-7.3,-1.03,—,HH/HL,自然反彈,False,262,1,AI_R12
NWBI,2026-09-16,15.45,0.25,False,15.5,-0.027,-0.3,15.47,-0.002,False,15.4,-0.009,False,59.3,-11.2,C 基底修復,False,11:49,354.7,升,47.0,5,False,9.0,0.0105,0.0173,,False,True,-0.31,-0.19,15.23,1.42,0.88,—,HH/HL,UT,True,262,1,Combined_R21
WSFS,2026-09-16,79.6,1.4,False,79.92,-0.073,-0.1,79.55,0.005,False,79.14,-0.105,False,70.2,-12.6,C 基底修復,False,11:00,330.0,升,33.0,5,False,9.0,0.1583,0.2075,,False,True,-0.4,-0.23,79.69,-0.11,-0.06,—,LH/LL,UT,False,262,1,Combined_R21
UAL,2026-09-16,106.3,3.9,False,114.72,-1.02,-0.93,111.24,-0.494,False,110.22,-0.621,True,11.8,0.6,D 趨勢弱,False,10:27,313.6,升,24.0,3,False,9.0,0.0441,0.0503,,False,False,-7.92,-2.16,109.82,-3.31,-0.9,—,LH/LL,DT,True,262,1,SubSector_R11
AAL,2026-09-16,12.7,0.47,False,13.82,-0.169,-1.11,13.43,-0.073,False,13.29,-0.067,True,21.5,1.1,D 趨勢弱,False,10:10,304.8,升,19.0,3,False,9.0,0.0185,0.0196,,False,False,-8.79,-2.38,13.95,-9.84,-2.66,—,LH/LL,DT,True,262,1,SubSector_R11
ARVN,2026-09-16,8.16,0.36,False,8.85,-0.034,-0.17,8.83,-0.067,False,9.07,-0.055,False,4.2,-3.5,D 趨勢弱,True,8:49,264.6,跌,176.0,13,False,9.0,-0.1595,-0.1531,-0.1595,False,False,-8.48,-1.94,9.59,-17.52,-4.0,↓,LH/LL,DT,False,262,1,SubSector_R11
BNY,2026-09-16,153.47,3.24,False,160.75,-0.143,0.08,160.09,-0.662,False,160.93,-0.523,False,50.1,-2.2,C 基底修復,True,8:49,264.6,跌,184.0,20,False,9.0,-1.2531,-0.9766,-1.2531,False,False,-4.74,-2.25,160.39,-4.51,-2.14,↓,LH/LL,DT,False,262,1,Combined_R21
CCL,2026-09-16,22.35,0.76,False,25.24,-0.312,-1.39,24.04,-0.169,False,24.05,-0.246,False,0.0,0.0,D 趨勢弱,True,8:49,264.6,跌,149.0,22,False,9.0,-0.1048,-0.1458,-0.3938,True,False,-12.94,-3.82,23.74,-6.22,-1.84,↓,LH/LL,DT,False,262,1,SubSector_R11
CM,2026-09-16,112.96,2.37,False,117.12,-0.256,-0.29,115.69,-0.273,False,115.47,-0.434,False,43.6,-10.6,C 基底修復,True,8:49,264.6,跌,151.0,20,False,9.0,-0.2914,-0.2557,-0.8661,False,False,-3.68,-1.75,118.16,-4.6,-2.19,↓,LH/LL,DT,False,262,1,Combined_R21
ELVN,2026-09-16,49.12,2.39,False,57.99,-0.922,-0.34,56.55,-0.743,False,57.88,-0.548,False,43.2,-9.9,D 趨勢弱,True,8:49,264.6,跌,192.0,24,False,9.0,-1.1904,-0.9172,-1.1904,False,False,-18.06,-3.7,59.65,-21.44,-4.4,↓,LH/LL,DT,False,262,1,Combined_R21
ENVA,2026-09-16,172.14,10.65,False,225.54,-4.313,-1.94,223.09,-5.095,False,226.99,-4.493,False,19.8,-1.1,D 趨勢弱,True,8:49,264.6,跌,188.0,27,False,9.0,-6.0644,-4.4033,-6.0644,False,False,-31.02,-5.01,233.17,-35.45,-5.73,↓,LH/LL,DT,False,262,1,Combined_R21
LOB,2026-09-16,38.16,1.0,False,40.84,-0.236,-0.72,39.84,-0.168,False,39.65,-0.222,False,29.3,-19.4,D 趨勢弱,True,8:49,264.6,跌,314.0,29,False,9.0,-0.0581,-0.0147,-0.4245,False,False,-7.03,-2.67,39.61,-3.8,-1.45,↓,LH/LL,DT,False,262,1,Combined_R21
MGM,2026-09-16,38.39,0.88,False,42.45,-0.365,-1.31,41.36,-0.297,False,41.56,-0.246,False,9.7,-13.8,D 趨勢弱,True,8:49,264.6,跌,138.0,14,False,9.0,-0.2119,-0.1632,-0.3837,False,False,-10.57,-4.63,44.31,-15.42,-6.75,↓,LH/LL,DT,False,262,1,SubSector_R11
NB,2026-09-16,3.5,0.24,False,4.57,-0.09,-0.53,4.08,-0.058,False,4.1,-0.051,False,10.0,0.0,D 趨勢弱,True,8:49,264.6,跌,190.0,20,False,9.0,-0.0614,-0.059,-0.0777,False,False,-30.69,-4.48,4.14,-18.29,-2.67,↓,LH/LL,DT,False,262,1,SubSector_R11
O,2026-09-16,57.15,0.98,False,61.44,-0.299,-1.07,60.74,-0.359,False,61.16,-0.253,False,17.3,-3.4,D 趨勢弱,True,8:49,264.6,跌,129.0,15,False,9.0,-0.3659,-0.2718,-0.4354,False,False,-7.5,-4.37,61.97,-8.43,-4.91,↓,LH/LL,DT,False,262,1,SubSector_R11
TER,2026-09-16,341.15,22.13,False,373.09,-2.399,-0.0,360.2,-1.905,False,359.57,-3.157,True,42.8,0.5,D 趨勢弱,False,4:52,146.1,跌,31.0,3,False,9.0,-2.2871,-2.12,-6.1247,False,False,-9.36,-1.44,372.06,-9.06,-1.4,↓,LH/LL,自然反彈,False,262,1,AI_R12+SubSector_R11+Combined_R21
VECO,2026-09-16,41.04,2.63,False,48.09,-0.371,-0.35,45.03,-0.399,False,44.64,-0.493,True,32.4,0.2,D 趨勢弱,False,4:14,126.9,跌,21.0,2,False,9.0,-0.0761,-0.0485,-1.0959,False,False,-17.18,-2.68,45.59,-11.09,-1.73,↓,LH/LL,DT,False,262,1,AI_R12
RRBI,2026-09-16,101.75,2.14,False,101.84,-0.012,0.21,101.96,-0.021,False,101.8,-0.003,False,81.9,-1.7,A 待突破,False,4:04,122.0,跌,18.0,2,False,9.0,-0.1003,-0.0093,-0.3989,False,True,-0.08,-0.04,100.95,0.79,0.37,—,HH/HL,UT,True,262,1,Combined_R21
APLD,2026-09-16,24.39,1.82,False,27.69,-0.288,-0.19,26.43,-0.204,False,26.32,-0.206,True,12.6,0.1,D 趨勢弱,False,4:01,120.3,跌,17.0,2,False,9.0,-0.0986,-0.0916,-0.3077,False,False,-13.53,-1.82,26.42,-8.32,-1.12,↓,LH/LL,自然反彈,False,262,1,AI_R12+Combined_R21
VSAT,2026-09-16,70.95,4.27,False,76.23,-0.807,-0.28,73.22,-0.227,False,72.2,-0.256,True,52.8,0.7,D 趨勢弱,False,3:51,115.3,跌,14.0,1,False,9.0,-0.0103,0.0539,-1.6121,False,False,-7.45,-1.24,71.48,-0.75,-0.12,↓,LH/LL,DT,False,262,1,Combined_R21
CGNX,2026-09-16,60.1,2.47,False,63.02,-0.441,-0.23,61.51,-0.141,False,60.88,-0.166,True,47.6,1.3,C 基底修復,False,3:32,106.2,跌,9.0,1,False,9.0,-0.0195,0.0209,-0.7098,False,False,-4.86,-1.18,58.58,2.53,0.61,—,HH/HL,DT,False,262,1,Combined_R21
NRG,2026-09-16,107.38,4.77,False,115.63,-1.3,-0.82,113.99,-0.661,False,112.98,-0.409,True,2.8,2.8,D 趨勢弱,False,3:30,104.8,跌,8.0,1,False,9.0,-0.091,0.0234,-1.8245,False,False,-7.68,-1.73,116.14,-8.16,-1.84,↓,LH/LL,DT,False,262,1,AI_R12+SubSector_R11
ROK,2026-09-16,414.92,10.87,False,433.66,-1.537,-0.9,428.76,-1.384,False,427.08,-0.938,True,33.8,0.5,C 基底修復,False,3:29,104.4,跌,8.0,1,False,9.0,-0.2201,0.0461,-3.6995,False,False,-4.52,-1.73,433.81,-4.55,-1.74,↓,LH/LL,DT,False,262,1,SubSector_R11
SYM,2026-09-16,43.11,1.78,False,41.53,-0.156,-0.14,41.74,0.137,True,41.32,0.132,False,23.2,-1.6,D 趨勢弱,False,1:03,31.3,升,67.0,8,False,9.0,0.2807,0.2474,,False,False,3.67,0.89,41.1,4.66,1.13,↑,HH/HL,自然反彈,False,262,1,AI_R12+SubSector_R11
TXN,2026-09-16,260.67,8.75,False,267.72,-0.859,-0.33,264.01,-0.334,False,261.01,-0.578,False,50.6,-2.7,C 基底修復,False,12:24,11.8,升,57.0,7,False,9.0,1.3902,1.5697,,False,True,-2.71,-0.81,266.54,-2.25,-0.67,↓,LH/LL,自然回檔,False,262,1,SubSector_R11
LUV,2026-09-16,39.15,1.25,False,41.37,-0.433,-1.18,40.2,-0.105,False,39.48,-0.167,True,17.8,1.6,C 基底修復,False,12:04,1.9,升,51.0,6,False,9.0,0.2704,0.2541,,False,False,-5.66,-1.78,39.62,-1.2,-0.38,—,LH/LL,次級反彈,True,262,1,SubSector_R11
KIM,2026-09-16,22.59,0.4,False,23.85,-0.124,-1.36,23.69,-0.11,False,23.72,-0.081,False,19.2,-2.5,D 趨勢弱,True,6:26,192.9,跌,57.0,6,False,10.0,-0.0767,-0.0498,-0.2436,False,False,-5.6,-3.2,24.26,-7.39,-4.22,↓,LH/LL,DT,False,262,1,SubSector_R11
CEG,2026-09-16,259.53,10.01,False,277.5,-0.239,0.1,277.03,-1.75,False,279.36,-0.365,True,8.3,1.3,D 趨勢弱,False,4:47,143.3,跌,30.0,3,False,10.0,-3.6253,-2.8528,-3.6253,False,False,-6.93,-1.8,,,,—,HH/HL,DT,False,262,1,AI_R12+SubSector_R11+Combined_R21
DUK,2026-09-16,117.76,1.8,False,121.76,-0.199,-0.62,120.6,-0.284,False,120.51,-0.312,True,28.2,0.2,D 趨勢弱,False,4:34,137.2,跌,26.0,4,False,10.0,-0.1629,-0.1279,-0.6368,False,False,-3.4,-2.23,121.98,-3.58,-2.35,↓,LH/LL,DT,False,262,1,SubSector_R11
SO,2026-09-16,86.23,1.39,False,89.84,-0.313,-0.96,88.75,-0.252,False,88.62,-0.292,True,15.3,1.0,D 趨勢弱,False,4:33,136.5,跌,26.0,4,False,10.0,-0.0957,-0.0923,-0.4703,False,False,-4.18,-2.6,87.22,-1.15,-0.71,↓,LH/LL,DT,False,262,1,SubSector_R11
C,2026-09-16,132.95,3.62,False,135.26,-0.112,0.21,135.48,-0.253,False,134.49,-0.235,False,58.8,-14.1,C 基底修復,False,3:22,101.1,跌,6.0,1,False,10.0,-0.0135,0.3036,-1.5794,False,True,-1.74,-0.64,133.1,-0.11,-0.04,—,LH/LL,自然回檔,False,262,1,SubSector_R11
MOD,2026-09-16,181.18,10.78,False,191.68,-0.614,-0.1,188.48,-0.73,False,186.02,-0.974,False,16.9,-0.4,D 趨勢弱,False,2:01,60.7,升,84.0,9,False,10.0,0.9105,0.9806,,False,True,-5.8,-0.97,173.5,4.24,0.71,—,HH/HL,DT,True,262,1,AI_R12+SubSector_R11+Combined_R21
REX,2026-09-16,42.34,1.49,False,42.79,-0.064,-0.12,42.48,-0.014,False,42.32,-0.089,False,37.9,-1.9,C 基底修復,False,12:08,4.2,升,52.0,7,False,10.0,0.1112,0.0914,,False,True,-1.06,-0.3,42.74,-0.94,-0.27,—,LH/LL,自然回檔,True,262,1,Combined_R21
JBL,2026-09-16,297.24,12.76,False,325.13,-1.403,-0.03,310.85,-1.361,False,307.38,-2.069,True,37.7,9.8,D 趨勢弱,False,4:20,130.0,跌,22.0,2,False,11.0,-0.492,-0.3456,-4.6123,False,False,-9.38,-2.19,315.72,-6.22,-1.45,—,LH/LL,DT,True,262,1,SubSector_R11+Combined_R21
BAC,2026-09-16,57.9,1.36,False,62.24,-0.242,-0.35,61.61,-0.371,False,61.83,-0.316,False,35.2,-4.3,C 基底修復,True,8:49,264.6,跌,193.0,22,False,12.0,-0.5164,-0.3654,-0.5164,False,False,-7.49,-3.18,,,,—,HH/HL,DT,False,262,1,SubSector_R11+Combined_R21
WMT,2026-09-16,107.5,2.13,False,108.0,-0.103,-0.29,107.66,-0.016,False,106.28,-0.385,False,22.5,-0.1,D 趨勢弱,False,12:51,25.7,升,64.0,9,False,12.0,0.4964,0.5197,,False,True,-0.46,-0.23,105.16,2.18,1.1,—,HH/HL,自然反彈,True,262,1,SubSector_R11
AGM,2026-09-16,220.65,5.7,False,226.43,-0.963,-0.15,223.76,-0.311,False,222.85,-0.424,False,71.4,-2.1,A 待突破,True,8:49,264.6,跌,216.0,23,False,13.0,-0.5681,-0.3136,-3.0935,False,False,-2.62,-1.01,229.88,-4.18,-1.62,—,LH/LL,自然回檔,False,262,1,10MA_R19
BWXT,2026-09-16,145.66,5.6,False,158.62,-1.294,-0.59,155.77,-1.011,False,154.23,-0.967,True,10.0,10.0,D 趨勢弱,False,4:01,120.3,跌,17.0,2,False,14.0,-0.4181,-0.2397,-1.6394,False,False,-8.9,-2.31,158.9,-9.09,-2.36,↓,LH/LL,DT,False,262,1,AI_R12
NUE,2026-09-16,260.68,8.05,False,258.56,-0.478,-0.07,256.95,0.373,False,253.66,-0.175,False,80.9,-0.1,A 待突破,False,9:55,297.4,升,15.0,2,False,,0.2088,0.0247,,False,True,0.81,0.26,256.02,1.79,0.58,—,HH/HL,自然反彈,True,262,1,SubSector_R11+10MA_R19
CMCSA,2026-09-16,23.73,0.72,False,25.81,-0.017,0.21,25.51,-0.178,False,26.09,-0.123,False,7.8,-10.6,D 趨勢弱,True,8:49,264.6,跌,130.0,12,False,,-0.3749,-0.3304,-0.3749,False,False,-8.76,-2.89,25.2,-6.19,-2.04,↓,LH/LL,DT,False,262,1,SubSector_R11
ALB,2026-09-16,109.47,5.51,False,129.28,-0.455,-0.02,125.42,-1.595,False,129.69,-1.162,False,8.5,-1.4,D 趨勢弱,True,8:09,244.3,跌,86.0,9,False,,-2.7856,-2.5546,-2.7856,False,False,-18.09,-3.6,128.75,-17.61,-3.5,↓,LH/LL,DT,False,262,1,SubSector_R11
LNG,2026-09-16,267.75,7.68,False,277.12,0.442,0.28,277.07,-0.932,False,281.17,-0.302,False,46.6,-11.0,C 基底修復,True,8:01,240.4,跌,84.0,7,False,,-2.9031,-2.5559,-2.9031,False,False,-3.5,-1.22,256.14,4.34,1.51,↑,HH/HL,自然回檔,False,262,1,SubSector_R11
IONS,2026-09-16,44.84,2.5,False,55.88,-0.914,-0.62,55.68,-1.084,False,57.78,-0.739,False,0.0,0.0,D 趨勢弱,True,7:59,239.6,跌,83.0,8,False,,-1.4979,-1.189,-2.3112,False,False,-24.62,-4.42,61.33,-36.78,-6.6,↓,LH/LL,DT,False,262,1,SubSector_R11
RPRX,2026-09-16,58.47,1.53,False,59.98,0.077,0.06,60.14,-0.167,False,61.04,-0.061,False,55.2,-0.9,C 基底修復,True,7:53,236.4,跌,81.0,6,False,,-0.5731,-0.5722,-0.5731,False,False,-2.59,-0.99,64.38,-10.11,-3.85,—,LH/LL,自然回檔,False,262,1,Combined_R21
SOBO,2026-09-16,35.55,0.86,False,36.89,-0.001,-0.16,36.73,-0.118,False,37.11,-0.087,False,45.7,-0.1,C 基底修復,True,6:02,180.9,跌,51.0,6,False,,-0.2459,-0.2361,-0.3059,False,False,-3.78,-1.57,37.85,-6.47,-2.69,↓,LH/LL,DT,False,262,1,Combined_R21
UNH,2026-09-16,375.26,10.17,False,395.16,-1.18,-0.59,391.71,-1.645,False,391.37,-0.933,True,43.3,1.1,C 基底修復,False,5:55,177.3,跌,48.0,4,False,,-1.5888,-1.3108,-3.1185,False,False,-5.3,-1.96,,,,—,HH/HL,DT,False,262,1,SubSector_R11+Combined_R21
SBAC,2026-09-16,180.02,5.31,False,184.29,-0.003,0.1,184.96,-0.494,False,185.83,-0.069,False,17.1,-0.9,D 趨勢弱,False,5:46,172.8,跌,46.0,5,False,,-0.8748,-0.6456,-0.8748,False,True,-2.37,-0.8,184.08,-2.26,-0.76,—,HH/HL,次級回檔,False,262,1,SubSector_R11
CCI,2026-09-16,73.22,2.1,False,74.88,-0.152,-0.38,75.12,-0.19,False,75.33,-0.04,True,23.4,2.0,D 趨勢弱,False,5:24,162.0,跌,40.0,3,False,,-0.1871,-0.1328,-0.1871,False,False,-2.27,-0.79,75.62,-3.28,-1.14,↓,LH/LL,DT,False,262,1,SubSector_R11
BTU,2026-09-16,27.35,1.26,False,26.93,0.137,1.12,27.57,-0.022,True,28.22,0.108,False,28.1,-1.8,D 趨勢弱,False,4:59,149.4,跌,33.0,5,False,,-0.3662,-0.3434,-0.3662,False,False,1.52,0.33,30.07,-9.95,-2.16,↓,LH/LL,自然反彈,False,262,1,SubSector_R11
EPD,2026-09-16,38.09,0.58,False,38.56,0.024,0.23,38.74,-0.065,False,38.8,-0.028,False,58.4,-12.9,C 基底修復,False,4:59,149.4,跌,33.0,4,False,,-0.1042,-0.0496,-0.1042,False,True,-1.24,-0.82,38.31,-0.58,-0.38,—,LH/LL,自然回檔,False,262,1,SubSector_R11
CENX,2026-09-16,39.8,2.5,False,46.38,-0.193,-0.15,44.64,-0.484,False,44.72,-0.293,True,20.3,0.1,D 趨勢弱,False,4:53,146.5,跌,31.0,4,False,,-0.7043,-0.5789,-0.7043,False,False,-16.54,-2.64,46.36,-16.48,-2.63,↓,LH/LL,DT,False,262,1,SubSector_R11
CTVA,2026-09-16,81.01,2.49,False,82.15,0.223,0.13,83.53,-0.252,True,83.98,0.155,False,38.9,-9.9,C 基底修復,False,4:49,144.7,跌,30.0,3,False,,-0.4593,-0.2514,-1.5408,False,False,-1.41,-0.46,83.86,-3.52,-1.14,—,HH/HL,DT,False,262,1,SubSector_R11
WMB,2026-09-16,70.9,2.04,False,73.27,0.053,0.13,73.13,-0.223,False,73.23,-0.212,True,37.2,0.7,C 基底修復,False,4:45,142.4,跌,29.0,4,False,,-0.3796,-0.2854,-0.5386,False,False,-3.34,-1.16,73.36,-3.47,-1.21,—,HH/HL,DT,False,262,1,SubSector_R11
HAL,2026-09-16,34.51,1.14,False,35.09,0.117,0.55,35.56,-0.105,False,35.86,-0.008,False,48.4,-9.7,C 基底修復,False,4:33,136.5,跌,26.0,4,False,,-0.2513,-0.1599,-0.2513,False,True,-1.69,-0.51,33.8,2.06,0.62,↑,HH/HL,自然回檔,False,262,1,SubSector_R11
KALU,2026-09-16,152.38,7.24,False,166.67,-0.572,-0.03,159.96,-0.758,False,157.45,-0.443,True,46.9,1.0,D 趨勢弱,False,4:29,134.5,跌,25.0,3,False,,-0.815,-0.808,-3.291,False,False,-9.38,-1.97,,,,—,HH/HL,自然反彈,False,262,1,SubSector_R11
SMR,2026-09-16,8.3,0.71,False,9.4,-0.046,0.0,9.31,-0.101,False,9.42,-0.017,True,5.3,0.5,D 趨勢弱,False,4:29,134.5,跌,25.0,3,False,,-0.1829,-0.1449,-0.1829,False,False,-13.26,-1.54,,,,—,HH/HL,DT,False,262,1,AI_R12+SubSector_R11+Combined_R21
MU,2026-09-16,926.55,49.31,False,940.2,2.197,0.63,951.16,-2.461,False,955.51,-0.711,False,67.4,-3.9,C 基底修復,False,4:28,134.1,跌,24.0,3,False,,-5.9143,-4.0779,-20.1997,False,True,-1.47,-0.28,918.88,0.83,0.16,↑,HH/HL,自然回檔,False,262,1,AI_R12+SubSector_R11+Combined_R21
SNDK,2026-09-16,1519.97,111.96,False,1527.12,4.686,0.69,1573.54,-5.357,False,1579.58,-5.291,False,60.1,-8.2,D 趨勢弱,False,4:21,130.6,跌,23.0,2,False,,-9.9724,-3.4346,-66.2588,False,True,-0.47,-0.06,1568.87,-3.22,-0.44,—,HH/HL,DT,False,262,1,AI_R12+SubSector_R11
VOYA,2026-09-16,100.28,2.36,False,101.11,0.008,0.21,101.64,-0.136,True,101.45,0.006,False,74.5,-1.5,A 待突破,False,3:32,105.9,跌,9.0,2,False,,-0.2497,-0.0574,-0.6207,False,False,-0.83,-0.35,104.19,-3.9,-1.66,—,LH/LL,自然回檔,False,262,1,Combined_R21
HUM,2026-09-16,384.72,13.81,False,387.73,1.146,0.51,394.28,-0.956,True,393.62,0.136,False,70.2,-15.3,C 基底修復,False,3:28,104.0,跌,8.0,1,False,,-0.8479,0.5266,-6.6213,False,False,-0.78,-0.22,419.97,-9.16,-2.55,—,LH/LL,自然回檔,False,262,1,SubSector_R11
AAON,2026-09-16,75.56,4.01,False,82.02,-0.518,-0.56,79.44,-0.388,False,77.44,-0.325,True,0.8,0.8,D 趨勢弱,False,2:49,84.6,升,107.0,15,False,,0.7727,0.8124,,False,False,-8.55,-1.61,79.4,-5.08,-0.96,—,LH/LL,DT,True,262,1,SubSector_R11
IPGP,2026-09-16,76.96,3.85,False,79.4,-0.684,-0.34,78.66,-0.17,False,76.11,-0.218,False,12.4,-0.2,D 趨勢弱,False,2:49,84.6,升,116.0,13,False,,0.7427,0.7665,,False,True,-3.17,-0.63,74.9,2.68,0.54,—,HH/HL,次級反彈,True,262,1,AI_R12
LASR,2026-09-16,38.56,2.94,False,48.3,-0.954,-1.03,43.66,-0.51,False,42.11,-0.572,True,18.0,9.7,D 趨勢弱,False,2:49,84.6,升,122.0,7,False,,0.4463,0.389,,False,False,-25.25,-3.32,40.37,-4.69,-0.62,—,LH/LL,DT,True,262,1,AI_R12
LII,2026-09-16,361.04,12.66,False,400.24,-2.908,-1.25,388.75,-2.771,False,384.68,-2.5,True,1.8,0.9,D 趨勢弱,False,2:49,84.6,升,128.0,15,False,,1.3081,1.3856,,False,False,-10.86,-3.1,390.53,-8.17,-2.33,↓,LH/LL,DT,False,262,1,SubSector_R11
MARA,2026-09-16,11.04,0.87,False,10.82,-0.008,0.05,11.2,-0.016,True,11.21,0.104,False,25.3,-19.0,D 趨勢弱,False,2:49,84.6,升,245.0,19,False,,0.0439,0.0904,,False,False,1.98,0.25,9.99,9.51,1.21,—,HH/HL,DT,False,262,1,SubSector_R11
NI,2026-09-16,40.66,0.73,False,41.75,-0.126,-0.69,41.51,-0.085,False,41.14,-0.073,True,25.7,0.6,D 趨勢弱,False,2:49,84.6,升,112.0,12,False,,0.1015,0.1326,,False,False,-2.68,-1.5,41.9,-3.05,-1.71,—,LH/LL,自然回檔,True,262,1,SubSector_R11
NJR,2026-09-16,53.5,0.99,False,54.3,-0.2,-0.94,53.98,-0.048,False,53.75,-0.101,False,27.1,-8.2,C 基底修復,False,1:17,38.3,升,71.0,9,False,,0.0808,0.0544,,False,True,-1.5,-0.81,54.31,-1.51,-0.82,—,LH/LL,DT,True,262,1,SubSector_R11
STLD,2026-09-16,238.23,8.44,False,242.46,-1.046,-0.34,240.18,-0.195,False,235.89,-0.579,False,58.5,-1.5,C 基底修復,False,1:17,38.3,升,71.0,9,False,,0.2903,0.279,,False,True,-1.78,-0.5,233.8,1.86,0.52,—,HH/HL,DT,True,262,1,SubSector_R11
CNXN,2026-09-16,87.12,2.38,False,81.78,-0.08,-0.11,82.75,0.437,True,81.55,0.413,False,72.6,-8.0,E 延伸,False,12:51,25.7,升,64.0,9,False,,0.5521,0.4841,,False,False,6.13,2.24,82.59,5.2,1.9,↑,HH/HL,UT,False,262,1,10MA_R19
LQDA,2026-09-16,68.45,3.44,False,74.37,-0.558,-0.74,70.07,-0.162,False,68.88,-0.294,False,53.2,-0.1,D 趨勢弱,False,9:32,286.2,升,9.0,1,False,1.0,0.1672,-0.0485,,False,False,-8.65,-1.72,69.68,-1.8,-0.36,—,LH/LL,自然反彈,True,262,0,Combined_R21
TFC,2026-09-16,48.44,1.09,False,51.14,-0.191,-0.41,50.55,-0.211,False,50.38,-0.199,False,21.8,-26.3,D 趨勢弱,False,5:18,159.1,跌,38.0,6,False,1.0,-0.1224,-0.0085,-0.321,False,False,-5.57,-2.47,48.68,-0.5,-0.22,↓,LH/LL,DT,False,262,0,SubSector_R11
INBK,2026-09-16,27.54,1.05,False,28.56,-0.042,-0.12,28.39,-0.085,False,28.36,-0.092,False,50.4,-20.7,C 基底修復,False,4:22,130.9,跌,23.0,4,False,2.0,-0.0903,-0.0236,-0.2749,False,False,-3.71,-0.97,28.59,-3.81,-1.0,—,HH/HL,DT,False,262,0,10MA_R19
HSBC,2026-09-16,100.84,1.71,False,103.72,-0.296,-0.4,103.81,-0.297,False,103.98,-0.117,False,52.7,-3.0,C 基底修復,False,5:30,165.0,跌,42.0,5,False,3.0,-0.4839,-0.3005,-0.5414,False,False,-2.85,-1.68,,,,—,HH/HL,DT,False,262,0,Combined_R21
OKE,2026-09-16,92.7,2.56,False,93.96,0.487,0.55,94.73,-0.203,False,95.1,-0.219,False,63.5,-4.7,C 基底修復,False,4:19,129.5,跌,22.0,2,False,3.0,-0.3607,-0.1351,-0.6016,False,False,-1.36,-0.49,99.3,-7.12,-2.58,—,LH/LL,自然回檔,False,262,0,SubSector_R11
UPS,2026-09-16,98.77,2.17,False,103.36,-0.3,-0.38,102.51,-0.374,False,102.56,-0.158,False,33.2,-4.1,D 趨勢弱,False,3:30,104.8,跌,8.0,1,False,3.0,-0.0817,0.0614,-1.4973,False,False,-4.65,-2.12,102.46,-3.74,-1.7,↓,LH/LL,DT,False,262,0,SubSector_R11
BA,2026-09-16,201.96,5.6,False,216.54,-2.155,-0.62,211.49,-0.953,False,210.21,-1.055,False,7.4,-13.0,D 趨勢弱,False,3:21,100.4,跌,6.0,1,False,3.0,-0.1815,0.1878,-2.5802,False,False,-7.22,-2.6,210.45,-4.2,-1.52,↓,LH/LL,DT,False,262,0,SubSector_R11+Combined_R21
HRZN,2026-09-16,4.53,0.16,False,4.81,-0.002,0.26,4.77,-0.024,False,4.8,-0.026,False,6.7,-5.1,D 趨勢弱,False,3:58,119.1,跌,16.0,2,False,4.0,-0.028,-0.0106,-0.0522,False,False,-6.11,-1.78,4.51,0.44,0.13,↑,HH/HL,自然回檔,False,262,0,10MA_R19
PNC,2026-09-16,231.49,4.96,False,245.52,-1.049,-0.43,243.11,-1.162,False,242.28,-1.139,False,44.1,-11.7,C 基底修復,False,3:42,111.2,跌,12.0,2,False,4.0,-0.6356,-0.0019,-1.7313,False,False,-6.06,-2.83,246.96,-6.68,-3.12,—,LH/LL,自然回檔,False,262,0,SubSector_R11+Combined_R21
MAR,2026-09-16,334.97,7.57,False,347.24,-0.075,-0.62,342.38,-0.741,False,343.66,-1.118,False,22.0,-6.4,C 基底修復,False,10:10,305.1,升,20.0,2,False,5.0,0.2986,0.126,,False,False,-3.66,-1.62,360.2,-7.53,-3.33,↓,LH/LL,自然反彈,False,262,0,SubSector_R11+Combined_R21
SYY,2026-09-16,78.71,1.86,False,82.33,-0.237,-0.51,81.78,-0.307,False,81.97,-0.163,False,23.0,-10.3,D 趨勢弱,False,3:50,115.0,跌,14.0,2,False,5.0,-0.2095,-0.0446,-0.5163,False,False,-4.6,-1.95,83.54,-6.14,-2.6,↓,LH/LL,DT,False,262,0,SubSector_R11
FANG,2026-09-16,194.54,6.83,False,200.4,-0.879,0.02,202.31,-0.777,False,203.37,-0.774,False,44.2,-24.4,C 基底修復,False,3:37,108.5,跌,10.0,1,False,5.0,-0.4088,0.4295,-1.3795,False,False,-3.01,-0.86,205.0,-5.38,-1.53,—,LH/LL,自然回檔,False,262,0,SubSector_R11+Combined_R21
CSCO,2026-09-16,107.74,2.76,False,113.57,-0.49,-0.33,110.7,-0.296,False,110.02,-0.194,False,58.4,-5.4,C 基底修復,False,10:52,325.9,升,31.0,4,False,7.0,0.0854,0.2039,,False,False,-5.41,-2.11,112.13,-4.07,-1.59,—,LH/LL,自然回檔,True,262,0,AI_R12
STX,2026-09-16,783.18,52.07,False,851.72,-2.071,-0.01,833.82,-5.064,False,830.86,-6.025,False,50.0,0.0,D 趨勢弱,False,4:39,139.7,跌,28.0,3,False,7.0,-6.3159,-4.7892,-10.1283,False,False,-8.75,-1.32,856.13,-9.31,-1.4,↓,LH/LL,DT,False,262,0,AI_R12+SubSector_R11
GS,2026-09-16,937.98,28.98,False,1024.75,-6.215,-0.26,1015.41,-7.743,False,1020.01,-5.124,False,18.2,-33.7,D 趨勢弱,False,5:43,171.5,跌,45.0,3,False,8.0,-7.748,-4.2295,-10.7254,False,False,-9.25,-2.99,1038.61,-10.73,-3.47,↓,LH/LL,DT,False,262,0,SubSector_R11+Combined_R21
LRCX,2026-09-16,269.23,15.66,False,307.01,-1.609,-0.05,298.66,-2.943,False,300.81,-2.934,False,43.8,-0.9,D 趨勢弱,False,5:28,163.8,跌,41.0,4,False,8.0,-3.5891,-2.9638,-8.7021,False,False,-14.03,-2.41,318.58,-18.33,-3.15,↓,LH/LL,DT,False,262,0,AI_R12+SubSector_R11+Combined_R21
AMAT,2026-09-16,415.38,21.66,False,488.18,-4.037,-0.43,462.12,-4.674,False,460.75,-4.948,False,43.6,-0.8,D 趨勢弱,False,4:34,137.0,跌,26.0,3,False,8.0,-2.366,-1.6222,-16.5376,False,False,-17.53,-3.36,472.79,-13.82,-2.65,↓,LH/LL,DT,False,262,0,AI_R12+SubSector_R11+Combined_R21
MS,2026-09-16,202.42,5.5,False,213.52,-0.687,-0.12,212.29,-0.987,False,212.77,-0.757,False,44.5,-14.3,C 基底修復,False,4:20,130.0,跌,22.0,3,False,8.0,-1.2025,-0.8082,-1.932,False,False,-5.48,-2.02,,,,—,HH/HL,DT,False,262,0,SubSector_R11+Combined_R21
GNRC,2026-09-16,175.11,8.27,False,198.67,-2.158,-0.41,189.99,-1.488,False,190.35,-1.823,False,10.0,0.0,D 趨勢弱,False,4:19,129.6,跌,22.0,3,False,8.0,-0.5097,-0.4832,-4.1106,False,False,-13.46,-2.85,190.21,-8.62,-1.83,—,LH/LL,DT,True,262,0,AI_R12
GLW,2026-09-16,144.16,8.94,False,155.61,-0.465,0.45,153.54,-0.938,False,151.75,-0.787,False,30.7,-1.2,D 趨勢弱,False,3:33,106.4,跌,9.0,1,False,8.0,-0.4086,0.1555,-5.7692,False,False,-7.95,-1.28,166.4,-15.43,-2.49,↓,LH/LL,DT,False,262,0,AI_R12+Combined_R21
RMBS,2026-09-16,81.41,4.46,False,90.75,-0.642,-0.27,87.52,-0.611,False,86.77,-0.615,False,10.0,0.0,D 趨勢弱,False,1:44,52.0,升,79.0,7,False,8.0,0.0725,0.154,,False,False,-11.48,-2.1,83.11,-2.09,-0.38,—,LH/LL,自然回檔,True,262,0,AI_R12
HST,2026-09-16,21.76,0.45,False,22.74,-0.108,-1.13,22.4,-0.064,False,22.36,-0.058,False,52.0,-2.9,C 基底修復,False,11:33,346.6,升,43.0,5,False,9.0,0.0359,0.0578,,False,False,-4.52,-2.16,22.54,-3.58,-1.71,—,LH/LL,自然回檔,False,262,0,Combined_R21
DAL,2026-09-16,77.87,2.32,False,82.93,-0.576,-0.86,80.79,-0.292,False,80.05,-0.391,False,36.1,-11.8,D 趨勢弱,False,10:27,313.6,升,24.0,3,False,9.0,0.0978,0.1284,,False,False,-6.5,-2.18,80.17,-2.95,-0.99,—,LH/LL,自然回檔,True,262,0,SubSector_R11
CBRS,2026-09-16,190.47,15.27,False,209.12,-0.863,-0.06,194.41,-0.394,False,190.79,-1.477,False,10.0,0.0,D 趨勢弱,False,9:54,296.8,升,15.0,1,False,9.0,0.1079,-0.2482,,False,False,-9.79,-1.22,184.24,3.27,0.41,↓,LH/LL,自然反彈,False,86,0,Combined_R21
RKLB,2026-09-16,63.7,3.77,False,71.17,-0.361,-0.13,66.36,-0.266,False,65.8,-0.773,False,6.8,-0.1,D 趨勢弱,False,9:48,294.2,升,13.0,2,False,9.0,0.2294,0.0996,,False,False,-11.73,-1.98,65.87,-3.41,-0.58,—,LH/LL,自然反彈,True,262,0,SubSector_R11
VRT,2026-09-16,239.41,15.48,False,264.23,-1.174,0.27,259.55,-2.014,False,258.98,-1.657,False,17.3,-0.1,D 趨勢弱,False,4:47,143.3,跌,30.0,3,False,9.0,-2.421,-2.2598,-7.8139,False,False,-10.37,-1.6,257.06,-7.37,-1.14,↓,LH/LL,自然反彈,False,262,0,AI_R12+SubSector_R11+Combined_R21
NBIS,2026-09-16,209.37,17.05,False,226.46,-0.199,0.48,218.56,-0.919,False,217.52,-1.953,False,50.0,0.0,D 趨勢弱,False,4:30,135.0,跌,25.0,2,False,9.0,-1.517,-1.0238,-4.4089,False,False,-8.16,-1.0,203.87,2.63,0.32,—,HH/HL,DT,False,262,0,AI_R12+SubSector_R11+Combined_R21
JEF,2026-09-16,47.35,1.91,False,53.31,-0.409,-0.57,52.56,-0.521,False,52.56,-0.325,False,16.7,-3.5,D 趨勢弱,False,4:14,127.2,跌,21.0,3,False,9.0,-0.576,-0.367,-0.576,False,False,-12.59,-3.12,,,,—,HH/HL,DT,False,262,0,SubSector_R11
ASTS,2026-09-16,59.27,4.15,False,65.26,-0.421,0.05,62.0,-0.273,False,61.6,-0.39,False,19.5,-0.7,D 趨勢弱,False,4:05,122.4,跌,18.0,2,False,9.0,-0.0542,-0.0504,-1.2243,False,False,-10.1,-1.44,61.44,-3.66,-0.52,—,LH/LL,DT,True,262,0,SubSector_R11
KLAC,2026-09-16,167.36,8.7,False,186.74,-0.743,-0.12,180.55,-1.319,False,178.82,-1.371,False,29.5,-1.3,D 趨勢弱,False,4:05,122.4,跌,18.0,2,False,9.0,-0.2936,-0.0226,-5.6316,False,False,-11.58,-2.23,186.78,-11.6,-2.23,↓,LH/LL,DT,False,262,0,AI_R12+SubSector_R11+Combined_R21
MTB,2026-09-16,226.01,4.85,False,241.66,-1.267,-0.63,238.75,-1.274,False,237.93,-1.274,False,31.8,-12.0,D 趨勢弱,False,3:58,118.8,跌,16.0,2,False,9.0,-0.7143,-0.0561,-2.0155,False,False,-6.93,-3.23,240.06,-6.22,-2.9,↓,LH/LL,DT,False,262,0,SubSector_R11
CARR,2026-09-16,54.26,1.87,False,59.71,-0.46,-0.72,58.6,-0.434,False,58.33,-0.358,False,6.7,-1.7,D 趨勢弱,False,3:44,111.8,跌,12.0,2,False,9.0,-0.1381,-0.0126,-0.9256,False,False,-10.05,-2.91,59.71,-10.04,-2.91,↓,LH/LL,DT,False,262,0,SubSector_R11
FSLR,2026-09-16,191.07,9.98,False,219.87,-2.514,-0.3,208.04,-1.697,False,206.77,-1.447,False,2.7,-12.3,D 趨勢弱,False,3:32,106.0,跌,9.0,1,False,9.0,-0.4202,0.427,-2.2569,False,False,-15.07,-2.89,210.1,-9.96,-1.91,↓,LH/LL,DT,False,262,0,SubSector_R11
ZION,2026-09-16,65.47,1.6,False,69.01,-0.328,-0.33,68.37,-0.29,False,67.98,-0.273,False,50.8,-6.1,C 基底修復,False,3:28,103.8,跌,8.0,1,False,9.0,-0.1061,0.0852,-0.5233,False,False,-5.41,-2.22,69.68,-6.43,-2.64,—,LH/LL,自然回檔,False,262,0,SubSector_R11
JBHT,2026-09-16,236.73,9.88,False,264.88,-5.191,-0.55,266.86,-3.013,False,266.02,-1.873,False,23.6,-45.6,D 趨勢弱,False,3:27,103.5,跌,7.0,1,False,9.0,-1.0053,1.3474,-2.8565,False,False,-11.89,-2.85,265.47,-12.14,-2.91,—,LH/LL,自然回檔,False,262,0,SubSector_R11
CMI,2026-09-16,527.5,17.56,False,582.28,-5.513,-1.05,567.04,-3.954,False,562.64,-4.666,False,7.7,-5.6,D 趨勢弱,False,3:24,102.1,跌,7.0,1,False,9.0,-0.3544,0.2594,-5.9109,False,False,-10.38,-3.12,561.55,-6.45,-1.94,↓,LH/LL,DT,False,262,0,AI_R12+SubSector_R11
MCHP,2026-09-16,69.59,2.93,False,76.09,-0.37,-0.17,73.79,-0.42,False,73.44,-0.43,False,19.3,-4.5,D 趨勢弱,False,3:22,100.8,跌,6.0,1,False,9.0,-0.0327,0.0989,-0.9896,False,False,-9.34,-2.22,74.17,-6.58,-1.56,↓,LH/LL,DT,False,262,0,Combined_R21
AMKR,2026-09-16,46.28,3.13,False,50.98,-0.316,0.07,49.85,-0.357,False,48.73,-0.428,False,23.0,-1.0,D 趨勢弱,False,2:49,84.6,升,112.0,8,False,9.0,0.2727,0.3961,,False,False,-10.17,-1.5,51.35,-10.96,-1.62,—,LH/LL,DT,True,262,0,AI_R12
PGC,2026-09-16,45.03,1.02,False,45.69,-0.084,-0.18,45.64,-0.061,False,45.44,-0.067,False,64.5,-2.7,C 基底修復,False,1:09,34.6,升,69.0,9,False,9.0,0.0118,0.0683,,False,False,-1.46,-0.65,46.71,-3.73,-1.65,—,LH/LL,自然回檔,True,262,0,Combined_R21
TLN,2026-09-14,286.52,14.78,False,323.84,-1.862,-0.22,315.4,-2.888,False,310.94,-3.811,False,0.0,-10.7,D 趨勢弱,False,12:47,23.7,升,63.0,6,False,9.0,1.0298,2.7911,,False,False,-13.02,-2.53,325.77,-13.7,-2.66,↓,LH/LL,DT,False,260,0,AI_R12+SubSector_R11+Combined_R21
CAT,2026-09-16,782.72,25.61,False,824.45,-6.941,-0.25,810.87,-2.815,False,805.79,-2.908,False,44.0,-3.0,D 趨勢弱,False,12:44,21.8,升,62.0,8,False,9.0,0.2069,0.8528,,False,False,-5.33,-1.63,822.48,-5.08,-1.55,—,LH/LL,DT,True,262,0,SubSector_R11+Combined_R21
VKTX,2026-09-16,29.52,1.5,False,33.17,-0.19,-0.24,32.69,-0.317,False,33.12,-0.193,False,10.0,-12.3,D 趨勢弱,False,5:16,157.9,跌,38.0,5,False,10.0,-0.3844,-0.2992,-0.8298,False,False,-12.37,-2.43,34.95,-18.39,-3.62,↓,LH/LL,DT,False,262,0,SubSector_R11
ATO,2026-09-16,161.96,2.52,False,168.23,-0.411,-0.75,166.64,-0.468,False,166.8,-0.428,False,25.9,-0.1,D 趨勢弱,False,4:55,147.6,跌,32.0,5,False,10.0,-0.3965,-0.3517,-1.0166,False,False,-3.87,-2.49,169.58,-4.7,-3.02,↓,LH/LL,DT,False,262,0,SubSector_R11
NEE,2026-09-16,80.37,1.36,False,83.96,-0.192,-0.73,83.17,-0.28,False,83.13,-0.292,False,13.7,-1.3,D 趨勢弱,False,4:27,133.6,跌,24.0,4,False,10.0,-0.1603,-0.0972,-0.4923,False,False,-4.46,-2.64,84.06,-4.59,-2.72,↓,LH/LL,DT,False,262,0,SubSector_R11+Combined_R21
EME,2026-09-16,739.46,26.68,False,780.13,-2.906,-0.11,760.79,-2.133,False,756.7,-4.253,False,19.8,-1.8,D 趨勢弱,False,3:57,118.5,跌,16.0,2,False,10.0,-0.5189,-0.1545,-8.836,False,False,-5.5,-1.52,777.21,-5.11,-1.41,—,LH/LL,DT,True,262,0,SubSector_R11
MTZ,2026-09-16,225.62,13.14,False,258.19,-1.343,-0.68,246.73,-2.111,False,243.55,-2.726,False,11.7,-0.1,D 趨勢弱,False,1:38,48.8,升,77.0,8,False,10.0,1.0394,1.0545,,False,False,-14.44,-2.48,240.41,-6.56,-1.13,—,LH/LL,DT,True,262,0,SubSector_R11
NXT,2026-09-16,78.03,4.54,False,89.75,-0.809,-0.61,85.66,-0.763,False,84.3,-0.656,False,11.5,-0.4,D 趨勢弱,False,12:57,28.6,升,66.0,7,False,10.0,0.1028,0.2497,,False,False,-15.01,-2.58,85.45,-9.51,-1.64,↓,LH/LL,DT,False,262,0,SubSector_R11
FTI,2026-09-16,72.78,2.56,False,75.92,0.133,0.43,75.99,-0.321,False,76.78,-0.276,False,56.7,-17.2,C 基底修復,False,5:36,167.8,跌,43.0,6,False,11.0,-0.7726,-0.6487,-0.7726,False,False,-4.31,-1.22,74.57,-2.46,-0.7,↓,LH/LL,DT,False,262,0,Combined_R21
APH,2026-09-16,77.26,2.88,False,81.36,-0.271,0.04,80.25,-0.299,False,79.85,-0.126,False,48.8,-2.7,C 基底修復,False,4:10,124.8,跌,19.0,3,False,11.0,-0.3938,-0.2462,-0.9099,False,False,-5.3,-1.42,,,,—,HH/HL,DT,False,262,0,AI_R12+SubSector_R11
PWR,2026-09-16,619.28,24.3,False,646.32,-2.87,-0.13,630.71,-1.143,False,625.24,-3.843,False,40.8,-2.9,D 趨勢弱,False,12:04,1.9,升,51.0,6,False,11.0,0.9434,1.1045,,False,False,-4.37,-1.11,621.83,-0.41,-0.1,—,LH/LL,自然回檔,True,262,0,AI_R12+SubSector_R11+Combined_R21
OLN,2026-09-16,17.02,0.7,False,17.97,-0.078,-0.74,17.71,-0.069,False,17.5,-0.073,False,14.5,-0.2,D 趨勢弱,False,2:35,77.4,升,93.0,10,False,12.0,0.0881,0.0911,,False,False,-5.56,-1.35,17.73,-4.17,-1.01,—,HH/HL,DT,True,262,0,Combined_R21
WFRD,2026-09-16,82.3,3.86,False,91.74,-0.168,-0.01,90.09,-0.779,False,91.23,-0.488,False,21.8,-3.0,D 趨勢弱,False,5:35,167.4,跌,43.0,5,False,13.0,-1.4641,-1.2168,-1.4641,False,False,-11.47,-2.45,,,,—,HH/HL,DT,False,262,0,SubSector_R11
WDC,2026-09-16,416.97,29.8,False,462.63,-4.738,-0.56,455.36,-3.839,False,452.48,-3.959,False,46.6,-2.2,D 趨勢弱,False,4:05,122.4,跌,18.0,2,False,14.0,-2.5116,-1.6334,-11.4998,False,False,-10.95,-1.53,,,,—,HH/HL,DT,False,262,0,AI_R12+SubSector_R11+Combined_R21
ON,2026-09-16,66.6,3.85,False,75.38,-1.02,-0.67,74.0,-0.74,False,72.88,-0.641,False,15.7,-7.5,D 趨勢弱,False,2:49,84.6,升,158.0,14,False,14.0,0.2252,0.6093,,False,False,-13.19,-2.28,76.14,-14.32,-2.48,↓,LH/LL,自然回檔,False,262,0,SubSector_R11
METC,2026-09-16,9.9,0.99,False,11.84,0.078,0.36,11.74,-0.184,False,12.31,-0.085,False,0.0,0.0,D 趨勢弱,False,5:49,174.7,跌,47.0,6,False,,-0.4218,-0.392,-0.4218,False,False,-19.6,-1.96,,,,—,HH/HL,DT,False,262,0,SubSector_R11
NTLA,2026-09-16,11.49,0.61,False,12.25,0.015,0.2,12.21,-0.072,False,12.54,-0.005,False,15.0,-10.3,D 趨勢弱,False,5:45,172.3,跌,46.0,6,False,,-0.1513,-0.1462,-0.6435,False,False,-6.66,-1.24,,,,—,HH/HL,DT,False,262,0,SubSector_R11
FRT,2026-09-16,112.42,1.76,False,117.3,-0.284,-0.95,116.3,-0.388,False,116.29,-0.253,False,45.5,-2.2,C 基底修復,False,5:40,170.0,跌,44.0,5,False,,-0.2373,-0.1385,-1.0732,False,False,-4.34,-2.78,118.33,-5.26,-3.36,↓,LH/LL,DT,False,262,0,SubSector_R11
LEGN,2026-09-16,17.0,1.02,False,20.34,-0.12,-0.22,19.95,-0.295,False,20.37,-0.246,False,0.0,-11.7,D 趨勢弱,False,5:30,165.0,跌,42.0,5,False,,-0.3243,-0.2525,-0.5375,False,False,-19.64,-3.28,21.89,-28.76,-4.8,↓,LH/LL,DT,False,262,0,SubSector_R11
AA,2026-09-16,46.26,2.06,False,50.35,0.024,0.26,49.16,-0.29,False,49.88,-0.188,False,23.2,-3.8,D 趨勢弱,False,5:24,162.0,跌,40.0,5,False,,-0.5395,-0.4883,-0.5395,False,False,-8.84,-1.99,51.28,-10.85,-2.44,↓,LH/LL,DT,False,262,0,SubSector_R11
ALEC,2026-09-16,1.92,0.2,False,2.15,0.003,0.12,2.2,-0.027,False,2.32,-0.014,False,13.9,-22.3,D 趨勢弱,False,5:11,155.7,跌,37.0,6,False,,-0.076,-0.0643,-0.076,False,False,-11.56,-1.09,2.21,-14.81,-1.39,↓,LH/LL,DT,False,262,0,SubSector_R11
SLB,2026-09-16,52.3,1.97,False,55.14,0.012,0.43,54.86,-0.256,False,55.53,-0.046,False,57.0,-5.6,B 上升結構,False,5:02,151.0,跌,34.0,5,False,,-0.6762,-0.5153,-0.6762,False,False,-5.43,-1.44,52.06,0.46,0.12,↑,HH/HL,自然回檔,False,262,0,SubSector_R11
ASPI,2026-09-16,3.15,0.26,False,3.91,-0.045,-0.53,3.75,-0.06,False,3.8,-0.036,False,0.0,0.0,D 趨勢弱,False,4:38,138.8,跌,27.0,4,False,,-0.0703,-0.0656,-0.1385,False,False,-24.14,-2.94,4.02,-27.62,-3.36,↓,LH/LL,DT,False,262,0,SubSector_R11
AEO,2026-09-16,14.81,0.81,False,16.28,-0.077,-0.91,16.17,-0.136,False,16.33,-0.077,False,5.6,-1.0,D 趨勢弱,False,4:35,137.4,跌,26.0,5,False,,-0.2087,-0.2015,-0.2087,False,False,-9.91,-1.81,15.43,-4.19,-0.76,↓,LH/LL,自然回檔,False,262,0,Combined_R21
ETR,2026-09-16,102.32,2.08,False,106.52,-0.235,-0.46,106.09,-0.377,False,106.11,-0.288,False,22.7,-1.5,D 趨勢弱,False,4:31,135.5,跌,25.0,3,False,,-0.3282,-0.2188,-0.882,False,False,-4.1,-2.02,,,,—,HH/HL,DT,False,262,0,Combined_R21
REG,2026-09-16,73.26,1.14,False,76.04,-0.265,-1.07,75.57,-0.231,False,75.53,-0.147,False,24.4,-1.2,D 趨勢弱,False,4:07,123.5,跌,19.0,2,False,,-0.0942,-0.0273,-0.6799,False,False,-3.79,-2.43,76.54,-4.48,-2.87,↓,LH/LL,DT,False,262,0,SubSector_R11
EVR,2026-09-16,261.83,9.73,False,294.39,-2.525,-0.79,288.28,-2.645,False,287.17,-1.841,False,11.4,-1.7,D 趨勢弱,False,3:52,116.2,跌,15.0,2,False,,-1.4421,-0.5894,-2.8618,False,False,-12.44,-3.35,297.92,-13.78,-3.71,↓,LH/LL,DT,False,262,0,SubSector_R11
AEP,2026-09-16,120.69,2.14,False,124.03,-0.276,-0.58,123.67,-0.298,False,123.23,-0.283,False,33.7,-0.6,D 趨勢弱,False,3:27,103.5,跌,7.0,1,False,,-0.0514,0.0471,-0.9056,False,False,-2.77,-1.56,125.42,-3.92,-2.21,↓,LH/LL,DT,False,262,0,SubSector_R11
VCYT,2026-09-16,38.5,2.2,False,43.05,-0.286,-0.87,42.93,-0.443,False,42.62,-0.109,False,26.6,-13.1,D 趨勢弱,False,3:26,103.2,跌,7.0,1,False,,-0.1154,0.0366,-1.7498,False,False,-11.83,-2.07,43.86,-13.92,-2.44,↓,LH/LL,DT,False,262,0,Combined_R21
APTV,2026-09-16,43.34,1.63,False,46.62,-0.257,-0.81,46.39,-0.305,False,45.91,-0.263,False,11.6,-1.7,D 趨勢弱,False,2:49,84.6,升,191.0,11,False,,0.129,0.2005,,False,False,-7.57,-2.01,45.69,-5.42,-1.44,↓,LH/LL,DT,False,262,0,SubSector_R11
CVS,2026-09-16,91.72,2.37,False,95.25,-0.396,-0.7,95.46,-0.374,False,94.67,-0.159,False,54.3,-1.7,C 基底修復,False,2:49,84.6,升,112.0,12,False,,0.0358,0.2701,,False,False,-3.85,-1.49,97.6,-6.41,-2.48,↓,LH/LL,DT,False,262,0,SubSector_R11
GFS,2026-09-16,43.03,2.16,False,47.97,-0.339,-0.42,46.28,-0.325,False,45.41,-0.344,False,18.4,-0.1,D 趨勢弱,False,2:49,84.6,升,533.0,30,False,,0.287,0.3551,,False,False,-11.47,-2.29,46.69,-8.51,-1.7,—,LH/LL,DT,True,262,0,AI_R12+SubSector_R11
LEA,2026-09-16,123.19,3.81,False,125.41,0.035,-0.74,127.47,-0.428,False,126.74,-0.035,False,25.8,-17.8,C 基底修復,False,2:49,84.6,升,125.0,19,False,,0.083,0.4745,,False,False,-1.8,-0.58,130.82,-6.19,-2.0,↓,LH/LL,DT,False,262,0,SubSector_R11
NXPI,2026-09-16,218.98,8.05,False,228.31,-0.691,-0.4,228.09,-0.911,False,225.13,-0.479,False,21.7,-3.7,D 趨勢弱,False,2:49,84.6,升,200.0,23,False,,1.1965,1.8194,,False,False,-4.26,-1.16,231.15,-5.56,-1.51,—,HH/HL,DT,False,262,0,SubSector_R11
WFC,2026-09-16,87.05,2.17,False,87.61,-0.034,0.26,87.96,-0.091,False,87.23,-0.017,False,42.2,-12.4,C 基底修復,False,2:49,84.6,升,118.0,10,False,,0.0426,0.2471,,False,False,-0.65,-0.26,90.34,-3.78,-1.51,—,LH/LL,自然回檔,False,262,0,SubSector_R11
RUN,2026-09-16,8.27,0.47,False,9.31,-0.11,-0.55,8.95,-0.068,False,8.87,-0.05,False,10.0,0.0,D 趨勢弱,False,1:57,58.5,升,82.0,10,False,,0.018,0.0268,,False,False,-12.59,-2.19,9.14,-10.51,-1.83,↓,LH/LL,DT,False,262,0,SubSector_R11
