ticker,date,close,atr,c1,grav,grav_slope,grav_shift5atr,c2,volidx,volidx_slope,volidx_prev,c3,atr_pct,sd60_pct,vcp,vcp_slope,vcp_grade,c4,clock,theta,cycle,cyc_prog,cyc_days,c5,c5_days,hist,hist_prev,hist_trough,still_light,c6,dist_grav_pct,dist_grav_atr,lr_line,dist_lr_pct,dist_lr_atr,turnover20_m,bar_src,lr_dir,struct,mk,inBox,bars,score,symbol_used,lists
HTO,2026-09-21,62.61,1.27,True,63.17,0.01,0.08,True,92.5,0.24,92.2,True,2.03,1.14,54.9,-1.3,C 基底修復,True,8:49,264.6,跌,119.0,8,True,0.0,-0.1763,-0.1795,-0.4954,True,True,-0.9,-0.44,63.1,-0.78,-0.39,27.5,OHLC,—,HH/HL,DT,False,265,6,HTO,SubSector_R12+Combined_R22
MCK,2026-09-21,886.47,21.93,True,884.18,0.546,0.27,True,86.5,0.14,86.4,True,2.47,1.99,45.6,-2.3,C 基底修復,True,8:49,264.6,跌,114.0,9,True,0.0,-4.1283,-4.5276,-5.4753,True,True,0.26,0.1,910.95,-2.76,-1.12,857.1,OHLC,—,LH/LL,自然回檔,True,265,6,MCK,SubSector_R12
ROKU,2026-09-21,154.33,2.08,True,155.71,0.096,0.84,True,95.8,0.16,95.7,True,1.35,0.93,76.7,0.4,A 待突破,True,8:49,264.6,跌,145.0,17,True,0.0,-0.6982,-0.7393,-1.0296,True,True,-0.89,-0.66,157.45,-2.02,-1.5,357.1,OHLC,—,LH/LL,次級回檔,False,265,6,ROKU,SubSector_R12
V,2026-09-21,369.95,5.66,True,370.51,0.094,0.07,True,94.0,0.11,93.9,True,1.53,1.25,62.1,-9.9,C 基底修復,True,8:49,264.6,跌,182.0,13,True,0.0,-1.2113,-1.2919,-1.8904,True,True,-0.15,-0.1,377.17,-1.95,-1.27,2327.9,OHLC,—,LH/LL,UT,True,265,6,V,SubSector_R12+Combined_R22
EL,2026-09-21,96.34,3.14,True,97.17,0.145,0.25,True,78.8,0.5,78.3,True,3.25,2.71,56.5,16.9,C 基底修復,True,8:47,263.5,跌,96.0,10,True,0.0,-1.2516,-1.46,-1.46,True,True,-0.86,-0.26,103.86,-7.81,-2.4,308.4,OHLC,↓,LH/LL,自然反彈,False,265,6,EL,SubSector_R12
NE,2026-09-21,44.2,1.6,True,45.34,0.091,0.43,True,77.0,0.27,76.7,True,3.62,2.69,57.6,-2.4,B 上升結構,True,7:58,239.0,跌,83.0,11,True,0.0,-0.3546,-0.3606,-0.3606,True,True,-2.57,-0.71,47.2,-6.79,-1.88,52.9,OHLC,—,LH/LL,次級回檔,True,265,6,NE,SubSector_R12
DFIN,2026-09-21,48.41,1.6,True,48.37,0.02,-0.1,True,79.8,0.83,79.0,True,3.31,2.47,42.9,2.8,C 基底修復,True,6:04,181.9,跌,51.0,7,True,0.0,-0.1203,-0.1472,-0.5101,True,True,0.09,0.03,49.26,-1.77,-0.53,12.0,OHLC,—,LH/LL,自然回檔,True,265,6,DFIN,10MA_R20
CLDT,2026-09-21,13.14,0.33,True,13.04,0.01,-0.23,True,88.1,0.52,87.6,True,2.54,1.61,68.7,5.7,C 基底修復,True,8:49,264.6,跌,127.0,14,True,1.0,-0.007,-0.0268,-0.1676,True,True,0.76,0.3,12.64,3.84,1.51,3.5,OHLC,—,HH/HL,自然反彈,True,265,6,CLDT,Combined_R22
CME,2026-09-21,275.53,5.59,True,275.2,0.261,0.28,True,90.8,0.44,90.4,True,2.03,1.53,39.5,1.6,C 基底修復,True,8:49,264.6,跌,98.0,11,True,1.0,-1.3748,-1.5558,-1.8126,True,True,0.12,0.06,280.46,-1.79,-0.88,530.4,OHLC,—,LH/LL,DT,True,265,6,CME,SubSector_R12+Combined_R22
ICE,2026-09-21,155.37,3.34,True,157.56,0.147,0.34,True,90.5,0.61,89.9,True,2.15,1.48,51.2,-1.0,C 基底修復,True,8:49,264.6,跌,133.0,14,True,1.0,-1.0209,-1.139,-1.2654,True,True,-1.41,-0.66,160.53,-3.32,-1.55,497.6,OHLC,↓,LH/LL,DT,False,265,6,ICE,SubSector_R12+Combined_R22
TRGP,2026-09-21,289.36,7.46,True,289.95,1.336,0.71,True,86.1,0.35,85.7,True,2.58,1.99,69.6,-3.7,A 待突破,True,7:55,237.4,跌,82.0,11,True,1.0,-1.0732,-1.2278,-2.2924,True,True,-0.21,-0.08,296.06,-2.32,-0.9,330.9,OHLC,—,LH/LL,次級反彈,True,265,6,TRGP,Combined_R22
IBKR,2026-09-21,93.21,3.02,True,91.86,0.345,0.19,True,79.0,0.26,78.7,True,3.24,2.69,76.0,9.5,B 上升結構,True,8:49,264.6,跌,116.0,13,True,2.0,-0.1035,-0.4219,-0.8603,True,True,1.44,0.45,93.29,-0.09,-0.03,362.7,OHLC,↓,LH/LL,自然反彈,False,265,6,IBKR,Combined_R22
NEM,2026-09-21,123.05,4.25,True,124.98,0.502,0.72,True,78.0,0.3,77.7,True,3.45,2.67,62.4,-1.6,A 待突破,True,8:49,264.6,跌,137.0,14,True,2.0,-1.4994,-1.5566,-1.7257,True,True,-1.57,-0.46,130.71,-6.23,-1.8,1007.2,OHLC,—,LH/LL,自然反彈,True,265,6,NEM,SubSector_R12+Combined_R22
PK,2026-09-21,15.15,0.39,True,15.31,0.035,0.16,True,87.5,0.52,87.0,True,2.61,1.66,74.0,12.6,A 待突破,True,8:49,264.6,跌,138.0,15,True,2.0,-0.0633,-0.0778,-0.1174,True,True,-1.04,-0.4,15.56,-2.71,-1.04,53.8,OHLC,↓,LH/LL,DT,False,265,6,PK,Combined_R22
REGN,2026-09-21,798.17,19.06,True,806.8,0.634,0.11,True,87.3,0.07,87.3,True,2.39,1.92,57.9,4.6,A 待突破,True,8:49,264.6,跌,157.0,18,True,2.0,-6.332,-8.0337,-10.1122,True,True,-1.08,-0.45,794.19,0.5,0.21,556.5,OHLC,—,HH/HL,自然反彈,False,265,6,REGN,SubSector_R12+Combined_R22
RGLD,2026-09-21,250.11,7.59,True,250.43,0.805,0.92,True,82.3,0.62,81.7,True,3.03,2.26,50.0,0.9,C 基底修復,True,8:49,264.6,跌,124.0,13,True,2.0,-2.974,-3.1958,-3.6054,True,True,-0.13,-0.04,240.76,3.74,1.23,173.4,OHLC,—,HH/HL,自然反彈,False,265,6,RGLD,SubSector_R12
RPRX,2026-09-21,58.44,1.43,True,60.04,0.08,0.12,True,88.4,0.13,88.3,True,2.44,1.63,53.4,2.0,C 基底修復,True,8:49,264.6,跌,122.0,9,True,2.0,-0.4527,-0.4939,-0.5731,True,True,-2.75,-1.12,64.38,-10.16,-4.16,188.0,OHLC,—,LH/LL,自然回檔,True,265,6,RPRX,Combined_R22
TECK,2026-09-21,66.76,2.32,True,67.61,0.004,0.09,True,77.3,0.67,76.6,True,3.48,2.78,81.1,3.0,B 上升結構,True,8:49,264.6,跌,120.0,14,True,2.0,-0.5489,-0.7055,-0.8188,True,True,-1.27,-0.37,63.11,5.47,1.57,195.1,OHLC,—,HH/HL,自然反彈,False,265,6,TECK,SubSector_R12
TGT,2026-09-21,157.71,4.05,True,158.88,0.215,0.3,True,86.3,0.51,85.8,True,2.57,1.94,80.8,0.1,A 待突破,True,8:49,264.6,跌,182.0,15,True,2.0,-1.0868,-1.2123,-1.7752,True,True,-0.74,-0.29,164.44,-4.27,-1.66,609.8,OHLC,↓,LH/LL,自然反彈,False,265,6,TGT,Combined_R22
PFE,2026-09-21,27.74,0.5,True,27.74,0.049,0.86,True,92.8,0.23,92.6,True,1.8,1.29,69.2,2.4,C 基底修復,True,7:53,236.5,跌,81.0,10,True,2.0,-0.1564,-0.1771,-0.2063,True,True,0.02,0.01,28.19,-1.62,-0.9,930.8,OHLC,—,LH/LL,DT,True,265,6,PFE,SubSector_R12
BIIB,2026-09-21,219.07,5.75,True,215.7,0.422,0.42,False,83.4,-0.09,83.5,True,2.62,2.45,70.7,-7.5,A 待突破,True,8:49,264.6,跌,174.0,10,True,0.0,-0.4499,-0.645,-1.0556,True,True,1.54,0.59,222.25,-1.45,-0.55,179.9,OHLC,—,LH/LL,UT,True,265,5,BIIB,SubSector_R12
CCBG,2026-09-21,50.19,1.04,False,51.0,-0.048,-0.53,True,92.0,0.28,91.7,True,2.07,1.22,45.2,-0.2,C 基底修復,True,8:49,264.6,跌,257.0,33,True,0.0,-0.0975,-0.1108,-0.2574,True,True,-1.62,-0.78,51.56,-2.73,-1.32,3.5,OHLC,—,LH/LL,DT,True,265,5,CCBG,Combined_R22
COR,2026-09-21,316.49,7.48,False,320.8,-0.269,-0.0,True,88.3,0.05,88.2,True,2.36,1.75,21.0,3.5,C 基底修復,True,8:49,264.6,跌,124.0,9,True,0.0,-2.3383,-2.6931,-2.6931,True,True,-1.36,-0.58,338.71,-7.02,-2.97,393.1,OHLC,↓,LH/LL,自然反彈,False,265,5,COR,SubSector_R12
DUOL,2026-09-21,149.42,7.61,True,145.54,0.786,0.57,True,62.7,1.54,61.1,False,5.09,3.99,53.4,2.7,D 趨勢弱,True,8:49,264.6,跌,288.0,9,True,0.0,-0.9711,-1.2255,-1.4664,True,True,2.6,0.51,154.66,-3.51,-0.69,172.6,OHLC,—,LH/LL,自然反彈,True,265,5,DUOL,AI_R13+Combined_R22
GBTG,2026-09-21,9.46,0.03,True,9.47,0.0,0.25,False,99.8,-0.0,99.8,True,0.27,0.14,76.2,0.1,A 待突破,True,8:49,264.6,跌,663.0,84,True,0.0,-0.0046,-0.0046,-0.0198,True,True,-0.08,-0.31,9.46,0.0,0.0,18.8,OHLC,↑,HH/HL,UT,False,265,5,GBTG,10MA_R20_跌出
GPN,2026-09-21,85.29,2.63,True,90.2,0.089,0.05,True,81.0,0.16,80.9,True,3.08,2.46,51.3,-0.2,C 基底修復,True,8:49,264.6,跌,145.0,18,True,0.0,-0.9748,-1.0125,-1.0125,True,False,-5.76,-1.87,90.19,-5.75,-1.86,219.5,OHLC,↓,LH/LL,DT,False,265,5,GPN,SubSector_R12
JAZZ,2026-09-21,241.46,6.37,False,248.39,-0.396,-0.4,True,86.9,0.17,86.7,True,2.64,1.76,67.6,1.9,C 基底修復,True,8:49,264.6,跌,236.0,18,True,0.0,-0.3643,-0.4065,-2.0631,True,True,-2.87,-1.09,245.87,-1.83,-0.69,265.2,OHLC,—,LH/LL,DT,True,265,5,JAZZ,Combined_R22
KHC,2026-09-21,24.37,0.67,False,24.92,-0.017,-0.28,True,85.2,0.23,85.0,True,2.75,1.98,35.8,0.2,C 基底修復,True,8:49,264.6,跌,133.0,11,True,0.0,-0.0649,-0.0651,-0.2905,True,True,-2.27,-0.83,24.99,-2.54,-0.92,586.5,OHLC,—,LH/LL,DT,True,265,5,KHC,SubSector_R12
LILA,2026-09-21,8.77,0.26,True,8.54,0.004,0.1,False,82.0,-0.22,82.2,True,2.94,2.41,77.7,-3.9,B 上升結構,True,8:49,264.6,跌,400.0,29,True,0.0,-0.0406,-0.0526,-0.0912,True,True,2.61,0.89,8.52,2.85,0.97,3.1,OHLC,—,HH/HL,自然反彈,False,265,5,LILA,10MA_R20_跌出
NMAX,2026-09-21,10.88,0.63,True,10.67,0.03,0.28,True,58.3,0.68,57.7,False,5.8,4.19,59.7,7.9,B 上升結構,True,8:49,264.6,跌,101.0,14,True,0.0,-0.1211,-0.1503,-0.1503,True,True,1.95,0.34,10.44,4.04,0.7,13.8,OHLC,—,HH/HL,自然反彈,False,265,5,NMAX,10MA_R20_跌出
STT,2026-09-21,184.4,4.15,False,188.5,-0.034,-0.24,True,90.2,0.37,89.8,True,2.25,1.44,62.5,1.2,C 基底修復,True,8:49,264.6,跌,171.0,15,True,0.0,-1.3402,-1.4808,-1.4808,True,True,-2.22,-0.99,195.4,-5.97,-2.65,302.9,OHLC,↓,LH/LL,DT,False,265,5,STT,Combined_R22
WELL,2026-09-21,232.76,4.98,False,235.36,-0.177,-0.11,True,91.3,0.04,91.2,True,2.14,1.32,51.2,3.6,C 基底修復,True,8:20,250.0,跌,89.0,11,True,0.0,-0.8122,-0.9769,-2.4457,True,True,-1.12,-0.52,240.31,-3.24,-1.52,626.5,OHLC,—,LH/LL,DT,True,265,5,WELL,SubSector_R12
SR,2026-09-21,79.76,1.7,False,81.86,-0.048,-0.13,True,91.4,0.03,91.4,True,2.14,1.28,16.5,1.2,D 趨勢弱,True,8:12,246.1,跌,87.0,9,True,0.0,-0.3425,-0.3739,-0.3739,True,True,-2.64,-1.23,80.86,-1.38,-0.65,44.0,OHLC,↓,LH/LL,DT,False,265,5,SR,SubSector_R12
NVR,2026-09-21,6188.95,145.0,False,6277.44,-7.378,-0.15,True,88.8,0.17,88.7,True,2.34,1.65,13.6,2.7,D 趨勢弱,True,7:52,235.9,跌,81.0,11,True,0.0,-4.5853,-5.8519,-41.3398,True,True,-1.43,-0.61,6299.56,-1.79,-0.76,249.9,OHLC,—,LH/LL,自然回檔,True,265,5,NVR,SubSector_R12
CCI,2026-09-21,73.22,1.93,False,74.76,-0.073,-0.27,True,86.0,0.71,85.3,True,2.63,1.94,12.1,-0.7,D 趨勢弱,True,7:48,234.0,跌,80.0,6,True,0.0,-0.1839,-0.1957,-0.1957,True,True,-2.1,-0.8,75.62,-3.28,-1.24,234.3,OHLC,↓,LH/LL,DT,False,265,5,CCI,SubSector_R12
HSBC,2026-09-21,103.21,1.76,False,103.69,-0.022,-0.32,True,93.1,0.04,93.1,True,1.71,1.31,63.2,6.8,C 基底修復,True,7:00,210.0,跌,67.0,8,True,0.0,-0.3812,-0.4757,-0.5414,True,True,-0.46,-0.27,102.3,0.88,0.52,133.8,OHLC,—,HH/HL,自然反彈,False,265,5,HSBC,Combined_R22
C,2026-09-21,135.05,3.59,True,134.8,0.008,-0.12,True,86.8,0.09,86.7,True,2.66,1.75,59.3,9.0,A 待突破,False,4:42,141.0,跌,28.0,4,True,0.0,-0.3066,-0.4183,-0.9585,True,True,0.19,0.07,133.82,0.91,0.34,1284.3,OHLC,—,HH/HL,自然反彈,False,265,5,C,SubSector_R12
DRI,2026-09-21,211.31,5.26,False,216.4,-0.181,-0.02,True,86.9,0.33,86.6,True,2.49,1.89,49.4,14.4,C 基底修復,True,8:49,264.6,跌,171.0,18,True,1.0,-0.8516,-1.1541,-1.7262,True,True,-2.41,-0.97,218.57,-3.44,-1.38,227.4,OHLC,↓,LH/LL,自然反彈,False,265,5,DRI,SubSector_R12
JPM,2026-09-21,352.04,6.62,False,355.05,-0.131,-0.32,True,93.2,0.2,93.0,True,1.88,1.12,53.5,2.7,C 基底修復,True,8:49,264.6,跌,260.0,25,True,1.0,-0.9363,-1.1899,-1.8809,True,True,-0.86,-0.46,360.05,-2.28,-1.21,2410.0,OHLC,—,LH/LL,自然回檔,False,265,5,JPM,SubSector_R12+Combined_R22
WT,2026-09-21,23.72,0.99,True,23.43,0.045,0.18,True,73.8,1.02,72.8,False,4.18,2.72,68.5,-1.8,B 上升結構,True,8:38,259.2,跌,94.0,13,True,1.0,-0.2558,-0.3507,-0.4138,True,True,1.2,0.29,21.6,8.96,2.14,76.1,OHLC,↑,HH/HL,UT,False,265,5,WT,Combined_R22
GLNG,2026-09-21,51.36,1.34,False,51.83,-0.021,0.05,True,88.9,0.11,88.8,True,2.62,1.35,55.1,-11.5,B 上升結構,True,7:18,219.0,跌,72.0,6,True,1.0,-0.1399,-0.162,-0.2306,True,True,-0.91,-0.35,49.85,2.94,1.12,67.1,OHLC,—,HH/HL,自然反彈,False,265,5,GLNG,SubSector_R12
SPGI,2026-09-21,404.47,10.57,True,424.56,0.032,-0.03,True,85.3,0.31,85.0,True,2.61,2.1,20.7,-1.5,D 趨勢弱,True,6:36,198.0,跌,60.0,9,True,1.0,-3.3146,-3.5596,-4.2916,True,False,-4.97,-1.9,422.67,-4.5,-1.72,738.0,OHLC,↓,LH/LL,DT,False,265,5,SPGI,SubSector_R12
EPD,2026-09-21,38.47,0.59,True,38.64,0.023,0.23,True,94.8,0.05,94.7,True,1.52,1.06,60.5,-9.0,C 基底修復,True,6:28,193.9,跌,58.0,7,False,1.0,-0.0914,-0.0846,-0.112,False,True,-0.45,-0.3,38.09,0.99,0.65,93.8,OHLC,↑,HH/HL,自然反彈,False,265,5,EPD,SubSector_R12
KMI,2026-09-21,31.72,0.74,True,31.6,0.019,-0.02,True,90.1,0.42,89.7,True,2.34,1.37,41.6,-9.9,C 基底修復,True,10:00,300.0,升,17.0,2,False,2.0,0.0401,0.0062,,False,True,0.37,0.16,32.33,-1.92,-0.82,414.7,OHLC,↓,LH/LL,自然反彈,False,265,5,KMI,SubSector_R12
AEM,2026-09-21,197.48,7.33,True,200.82,1.176,0.91,True,74.9,0.3,74.6,False,3.71,2.98,50.0,-3.2,C 基底修復,True,8:49,264.6,跌,144.0,14,True,2.0,-2.2062,-2.2809,-2.9441,True,True,-1.69,-0.46,203.6,-3.1,-0.83,485.0,OHLC,—,LH/LL,次級反彈,True,265,5,AEM,SubSector_R12
AMAL,2026-09-21,48.02,1.08,False,48.48,-0.051,-0.48,True,90.6,0.42,90.2,True,2.25,1.35,57.0,2.5,C 基底修復,True,8:49,264.6,跌,282.0,31,True,2.0,-0.0862,-0.1635,-0.3844,True,True,-0.96,-0.43,49.51,-3.1,-1.38,11.6,OHLC,↓,LH/LL,自然反彈,False,265,5,AMAL,Combined_R22
AMG,2026-09-21,364.66,10.87,False,361.15,-0.216,-0.41,True,84.3,0.32,84.0,True,2.98,1.92,69.8,13.8,A 待突破,True,8:49,264.6,跌,167.0,14,True,2.0,-0.1363,-1.1969,-2.8331,True,True,0.96,0.32,356.47,2.25,0.75,99.3,OHLC,↑,HH/HL,UT,False,265,5,AMG,SubSector_R12
AMZN,2026-09-21,258.45,6.03,False,259.19,-0.635,-1.02,True,84.5,0.38,84.1,True,2.33,2.55,70.3,21.0,A 待突破,True,8:49,264.6,跌,167.0,25,True,2.0,-0.2449,-0.859,-1.9863,True,True,-0.29,-0.12,261.12,-1.03,-0.44,8579.9,OHLC,↓,LH/LL,自然反彈,False,265,5,AMZN,AI_R13+SubSector_R12+Combined_R22
APO,2026-09-21,127.91,3.85,True,132.77,0.083,-0.11,True,83.2,0.58,82.7,True,3.01,2.11,46.5,15.2,C 基底修復,True,8:49,264.6,跌,133.0,22,True,2.0,-0.7991,-1.0423,-1.1994,True,False,-3.8,-1.26,134.49,-5.14,-1.71,307.6,OHLC,↓,LH/LL,自然反彈,False,265,5,APO,SubSector_R12
BEN,2026-09-21,33.64,0.78,False,33.86,-0.019,-0.53,True,89.7,0.2,89.5,True,2.31,1.49,67.9,4.1,C 基底修復,True,8:49,264.6,跌,122.0,15,True,2.0,-0.1033,-0.1571,-0.2209,True,True,-0.65,-0.28,33.33,0.92,0.4,107.3,OHLC,↓,LH/LL,自然反彈,False,265,5,BEN,SubSector_R12
CDE,2026-09-21,19.52,1.04,True,20.17,0.131,0.68,True,60.9,0.56,60.3,False,5.31,4.15,46.6,8.2,C 基底修復,True,8:49,264.6,跌,156.0,14,True,2.0,-0.3182,-0.3265,-0.3799,True,True,-3.33,-0.63,19.98,-2.36,-0.44,662.3,OHLC,↓,LH/LL,自然回檔,False,265,5,CDE,SubSector_R12
EMR,2026-09-21,151.72,3.73,False,154.4,-0.253,-0.53,True,87.5,0.57,86.9,True,2.46,1.81,63.6,14.2,C 基底修復,True,8:49,264.6,跌,141.0,23,True,2.0,-0.2491,-0.5864,-1.793,True,True,-1.77,-0.72,152.82,-0.73,-0.29,339.7,OHLC,↓,LH/LL,自然反彈,False,265,5,EMR,SubSector_R12
FCX,2026-09-21,72.16,2.88,True,73.05,0.073,0.18,True,73.9,0.44,73.4,False,3.99,2.9,76.6,3.9,B 上升結構,True,8:49,264.6,跌,133.0,13,True,2.0,-0.6208,-0.7957,-1.0898,True,True,-1.23,-0.31,78.64,-8.98,-2.25,981.3,OHLC,—,LH/LL,UT,False,265,5,FCX,SubSector_R12+Combined_R22
KKR,2026-09-21,100.83,3.32,True,106.9,0.045,-0.24,True,80.7,0.73,79.9,True,3.3,2.32,21.6,5.4,D 趨勢弱,True,8:49,264.6,跌,190.0,22,True,2.0,-0.8958,-1.1826,-1.3745,True,False,-6.02,-1.83,110.46,-9.55,-2.9,350.7,OHLC,↓,LH/LL,自然反彈,False,265,5,KKR,SubSector_R12+Combined_R22
LNG,2026-09-21,274.98,7.7,True,277.87,0.344,0.19,False,85.0,-0.27,85.2,True,2.8,1.98,55.8,12.3,A 待突破,True,8:49,264.6,跌,119.0,10,True,2.0,-2.257,-2.8305,-2.9031,True,True,-1.05,-0.38,283.55,-3.12,-1.11,603.0,OHLC,—,LH/LL,自然反彈,True,265,5,LNG,SubSector_R12
MSFT,2026-09-21,501.61,10.61,False,496.22,-0.134,0.13,True,85.9,0.43,85.4,True,2.12,2.49,67.5,-0.5,A 待突破,True,8:49,264.6,跌,171.0,24,True,2.0,-2.5869,-3.1647,-3.9416,True,True,1.07,0.51,505.41,-0.76,-0.36,10693.7,OHLC,—,LH/LL,自然反彈,True,265,5,MSFT,AI_R13+SubSector_R12+Combined_R22
NDAQ,2026-09-21,94.69,2.17,False,95.38,-0.025,-0.32,True,88.8,1.03,87.8,True,2.29,1.7,50.9,11.5,C 基底修復,True,8:49,264.6,跌,154.0,15,True,2.0,-0.3694,-0.6861,-1.2119,True,True,-0.73,-0.32,98.71,-4.25,-1.85,290.6,OHLC,↓,LH/LL,自然反彈,False,265,5,NDAQ,SubSector_R12
PLD,2026-09-21,135.82,2.27,False,138.39,-0.146,-0.56,True,93.1,0.1,93.0,True,1.67,1.34,38.9,2.1,C 基底修復,True,8:49,264.6,跌,114.0,14,True,2.0,-0.1001,-0.2361,-0.9361,True,True,-1.89,-1.13,138.98,-2.33,-1.39,453.3,OHLC,↓,LH/LL,DT,False,265,5,PLD,SubSector_R12
PRU,2026-09-21,118.53,2.39,False,120.38,-0.078,-0.34,True,91.8,0.3,91.5,True,2.02,1.3,57.0,1.3,C 基底修復,True,8:49,264.6,跌,383.0,33,True,2.0,-0.2267,-0.2901,-0.9553,True,True,-1.56,-0.77,123.57,-4.25,-2.1,192.5,OHLC,↓,LH/LL,DT,False,265,5,PRU,SubSector_R12
GAP,2026-09-21,21.25,0.82,True,21.42,0.019,-0.02,True,74.7,0.89,73.8,False,3.85,2.88,26.9,14.0,D 趨勢弱,True,7:52,235.8,跌,81.0,8,True,2.0,-0.138,-0.1917,-0.2131,True,True,-0.79,-0.2,21.51,-1.22,-0.32,195.7,OHLC,↓,LH/LL,自然反彈,False,265,5,GAP,Combined_R22
GWW,2026-09-21,1277.79,25.68,False,1295.66,-0.144,-0.28,True,91.7,0.2,91.5,True,2.01,1.34,50.2,2.1,C 基底修復,True,7:48,234.0,跌,80.0,9,True,2.0,-1.3019,-2.6771,-14.6304,True,True,-1.4,-0.7,1330.62,-4.13,-2.06,302.9,OHLC,↓,LH/LL,DT,False,265,5,GWW,Combined_R22
ORCL,2026-09-21,148.56,7.38,True,150.19,0.074,0.09,True,66.2,1.21,64.9,False,4.96,3.42,20.4,-1.9,D 趨勢弱,True,7:14,217.1,跌,71.0,6,True,2.0,-0.7897,-0.9275,-1.3515,True,True,-1.1,-0.22,152.0,-2.32,-0.47,4522.4,OHLC,—,LH/LL,UT,False,265,5,ORCL,AI_R13+Combined_R22
DAN,2026-09-21,29.99,1.0,True,30.46,0.039,0.41,True,79.4,0.59,78.8,True,3.34,2.52,33.0,0.8,C 基底修復,True,7:12,216.2,跌,70.0,9,False,2.0,-0.1788,-0.1775,-0.1788,False,True,-1.57,-0.47,31.08,-3.63,-1.09,42.4,OHLC,↓,LH/LL,DT,False,265,5,DAN,10MA_R20_跌出
NVDA,2026-09-21,227.38,6.46,True,220.44,0.083,0.11,True,82.2,0.24,82.0,True,2.84,2.47,77.3,4.9,A 待突破,True,7:00,210.0,跌,67.0,8,True,2.0,-0.0774,-0.7288,-1.6003,True,False,3.05,1.07,217.44,4.37,1.54,30744.1,OHLC,↑,HH/HL,UT,False,265,5,NVDA,AI_R13+SubSector_R12+Combined_R22
NTLA,2026-09-21,12.22,0.65,True,12.38,0.024,0.24,True,61.4,0.73,60.7,False,5.35,4.0,28.2,6.8,D 趨勢弱,True,6:40,200.1,跌,61.0,9,True,2.0,-0.0355,-0.0649,-0.4857,True,True,-1.27,-0.24,12.87,-5.32,-0.99,45.8,OHLC,↓,LH/LL,自然反彈,False,265,5,NTLA,SubSector_R12
WMB,2026-09-21,71.65,1.92,True,73.23,0.015,0.03,True,87.0,0.49,86.5,True,2.69,1.69,41.0,0.9,C 基底修復,False,5:56,177.9,跌,49.0,7,True,2.0,-0.2982,-0.3174,-0.5386,True,True,-2.21,-0.82,73.36,-2.39,-0.89,601.5,OHLC,—,HH/HL,DT,False,265,5,WMB,SubSector_R12
CHEF,2026-09-21,110.7,3.86,True,111.34,0.02,-0.03,True,79.7,0.72,78.9,True,3.49,2.32,77.4,1.6,A 待突破,True,8:49,264.6,跌,203.0,26,False,3.0,-0.5282,-0.6247,-0.9901,True,True,-0.58,-0.17,112.84,-1.93,-0.55,78.5,OHLC,↓,LH/LL,自然反彈,False,265,5,CHEF,SubSector_R12
DIS,2026-09-21,104.23,2.3,True,106.29,0.008,0.53,True,89.3,0.46,88.8,True,2.21,1.7,51.7,22.2,C 基底修復,True,8:49,264.6,跌,104.0,14,False,3.0,-0.6001,-0.5918,-0.7072,False,True,-1.97,-0.89,109.2,-4.77,-2.16,872.0,OHLC,↓,LH/LL,DT,False,265,5,DIS,SubSector_R12
MRK,2026-09-21,149.5,3.43,True,146.31,0.467,0.8,True,86.5,0.03,86.5,True,2.29,2.18,76.5,9.9,A 待突破,True,8:49,264.6,跌,105.0,11,False,3.0,-0.7926,-1.092,-1.5538,True,True,2.13,0.93,152.8,-2.21,-0.96,1526.4,OHLC,—,LH/LL,UT,True,265,5,MRK,SubSector_R12+Combined_R22
NSIT,2026-09-21,156.7,6.18,True,155.13,0.309,1.02,True,76.0,0.26,75.8,True,3.94,2.55,62.8,-1.2,B 上升結構,True,8:49,264.6,跌,256.0,23,False,3.0,-1.2356,-1.1228,-1.3199,False,True,1.0,0.25,160.72,-2.57,-0.65,53.8,OHLC,↑,HH/HL,自然回檔,False,265,5,NSIT,10MA_R20
THC,2026-09-21,260.97,8.13,True,266.03,0.004,0.14,True,77.4,0.32,77.1,True,3.12,3.11,71.3,-2.1,A 待突破,True,8:49,264.6,跌,186.0,25,False,3.0,-1.8731,-1.9254,-3.6651,True,True,-1.94,-0.62,258.53,0.93,0.3,223.9,OHLC,—,HH/HL,次級回檔,True,265,5,THC,SubSector_R12
KDP,2026-09-21,30.62,0.69,True,31.3,0.037,0.13,True,88.5,0.44,88.1,True,2.27,1.79,40.8,-3.4,C 基底修復,True,7:28,224.0,跌,74.0,8,False,3.0,-0.1929,-0.1568,-0.2542,False,True,-2.23,-0.98,31.44,-2.68,-1.18,297.2,OHLC,↓,LH/LL,DT,False,265,5,KDP,SubSector_R12
NDSN,2026-09-21,314.35,6.3,True,317.53,0.055,-0.02,True,90.8,0.33,90.5,True,2.0,1.56,58.0,-4.6,A 待突破,True,8:49,264.6,跌,120.0,14,False,4.0,-1.2498,-1.6962,-2.6695,True,True,-1.01,-0.51,311.56,0.89,0.44,116.3,OHLC,—,HH/HL,自然反彈,True,265,5,NDSN,SubSector_R12
JNJ,2026-09-21,269.47,5.25,True,268.28,0.4,0.45,True,91.3,0.03,91.3,True,1.95,1.49,80.7,0.8,A 待突破,True,7:57,238.5,跌,82.0,10,False,4.0,-0.5559,-0.6474,-1.1986,True,True,0.44,0.23,271.55,-0.77,-0.4,1734.7,OHLC,—,LH/LL,自然回檔,True,265,5,JNJ,SubSector_R12+Combined_R22
DHR,2026-09-21,215.84,5.83,True,209.4,0.434,0.47,True,83.3,0.15,83.2,True,2.7,2.4,67.3,1.7,B 上升結構,True,9:32,286.0,升,9.0,1,False,5.0,0.3073,-0.1311,,False,True,2.98,1.1,218.57,-1.26,-0.47,772.4,OHLC,—,LH/LL,UT,False,265,5,DHR,SubSector_R12+RateHike_R2_受惠
ITIC,2026-09-21,288.35,8.03,True,294.33,0.187,0.13,True,87.3,0.06,87.3,True,2.79,1.52,55.1,1.2,C 基底修復,True,8:49,264.6,跌,120.0,14,False,5.0,-1.5802,-1.1688,-1.9785,False,True,-2.07,-0.74,299.59,-3.9,-1.4,20.5,OHLC,↓,LH/LL,DT,False,265,5,ITIC,10MA_R20
LH,2026-09-21,320.99,7.63,True,325.05,0.07,0.16,True,89.2,0.31,88.8,True,2.38,1.55,59.2,-0.5,A 待突破,True,8:49,264.6,跌,243.0,17,False,5.0,-1.4998,-1.7158,-4.2,True,True,-1.27,-0.53,327.95,-2.17,-0.91,234.3,OHLC,—,LH/LL,UT,False,265,5,LH,Combined_R22
MDT,2026-09-21,91.75,2.07,True,92.05,0.114,0.43,True,89.1,0.28,88.8,True,2.26,1.67,43.0,1.4,C 基底修復,True,8:49,264.6,跌,187.0,18,False,5.0,-0.3065,-0.2546,-0.3946,False,True,-0.33,-0.14,90.96,0.86,0.38,812.7,OHLC,—,HH/HL,次級回檔,True,265,5,MDT,SubSector_R12+10MA_R20
NWSA,2026-09-21,29.7,0.66,True,29.98,0.039,0.39,True,89.2,0.35,88.8,True,2.21,1.71,66.7,0.6,A 待突破,True,8:49,264.6,跌,163.0,12,False,5.0,-0.1509,-0.1392,-0.2507,False,True,-0.94,-0.43,30.56,-2.9,-1.31,125.6,OHLC,—,LH/LL,次級回檔,True,265,5,NWSA,SubSector_R12+10MA_R20
SPOT,2026-09-21,516.77,19.9,True,529.87,1.196,0.61,True,76.9,0.69,76.2,True,3.85,2.47,48.7,12.1,D 趨勢弱,True,8:49,264.6,跌,138.0,10,False,5.0,-4.6222,-3.9808,-4.6222,False,True,-2.53,-0.66,564.89,-9.31,-2.42,746.4,OHLC,↓,LH/LL,DT,False,265,5,SPOT,Combined_R22
RNR,2026-09-21,326.29,6.33,True,326.09,0.125,0.15,True,91.1,0.08,91.0,True,1.94,1.56,67.5,1.6,A 待突破,True,7:10,215.2,跌,70.0,10,False,5.0,-0.5228,-0.4297,-1.5356,False,True,0.06,0.03,331.25,-1.52,-0.78,90.6,OHLC,—,LH/LL,自然反彈,True,265,5,RNR,SubSector_R12+RateHike_R2_受惠
BLFS,2026-09-21,37.18,0.94,True,36.08,0.059,0.5,True,85.6,1.14,84.4,True,2.53,2.13,88.5,0.6,A 待突破,True,8:49,264.6,跌,227.0,17,False,6.0,-0.0347,-0.0931,-0.4556,True,True,2.96,1.17,34.92,6.08,2.4,34.4,OHLC,↑,HH/HL,UT,False,265,5,BLFS,Combined_R22
MA,2026-09-21,567.65,8.75,True,576.23,0.077,-0.08,True,93.7,0.16,93.6,True,1.54,1.32,63.6,10.5,C 基底修復,True,8:49,264.6,跌,200.0,14,False,6.0,-2.7402,-3.103,-4.315,True,True,-1.51,-0.98,578.9,-1.98,-1.29,1504.6,OHLC,—,LH/LL,自然回檔,True,265,5,MA,SubSector_R12+Combined_R22
T,2026-09-21,25.45,0.6,True,25.44,0.06,0.93,True,88.1,0.2,87.9,True,2.37,1.79,51.3,0.2,C 基底修復,True,8:34,257.0,跌,93.0,11,False,6.0,-0.146,-0.1308,-0.146,False,True,0.02,0.01,25.52,-0.28,-0.12,932.7,OHLC,↑,HH/HL,自然回檔,False,265,5,T,SubSector_R12+RateHike_R2_迴避
RGA,2026-09-21,245.13,4.44,True,246.76,0.082,0.33,True,92.5,0.08,92.5,True,1.81,1.34,79.2,0.9,A 待突破,True,8:24,251.8,跌,90.0,10,False,6.0,-0.919,-0.8497,-1.267,False,True,-0.66,-0.37,244.48,0.27,0.15,73.0,OHLC,—,HH/HL,自然回檔,True,265,5,RGA,10MA_R20_跌出
CTSH,2026-09-21,59.38,2.19,True,60.85,0.193,0.62,True,75.0,0.01,75.0,True,3.69,2.99,37.5,-0.8,D 趨勢弱,True,7:09,214.4,跌,69.0,14,False,6.0,-0.6565,-0.5709,-1.0182,False,True,-2.47,-0.67,58.2,1.99,0.54,370.3,OHLC,↑,HH/HL,自然回檔,False,265,5,CTSH,SubSector_R12+10MA_R20
DV,2026-09-21,13.44,0.11,True,13.38,0.031,1.41,True,91.5,0.46,91.0,True,0.83,2.58,70.9,0.3,A 待突破,True,8:49,264.6,跌,187.0,19,False,7.0,-0.0568,-0.0557,-0.1649,False,True,0.46,0.55,13.34,0.74,0.9,48.4,OHLC,↑,HH/HL,UT,False,265,5,DV,10MA_R20
HRTG,2026-09-21,34.15,1.09,True,34.09,0.043,0.55,True,77.9,0.56,77.3,True,3.2,2.94,71.4,1.6,A 待突破,True,8:49,264.6,跌,140.0,21,False,7.0,-0.1926,-0.1457,-0.2511,False,True,0.17,0.05,33.95,0.59,0.18,9.5,OHLC,—,HH/HL,自然回檔,True,265,5,HRTG,10MA_R20
OFG,2026-09-21,52.24,0.89,True,52.5,0.001,-0.13,True,93.5,0.13,93.4,True,1.71,1.21,60.8,-10.0,C 基底修復,True,8:49,264.6,跌,316.0,32,False,7.0,-0.0732,-0.0572,-0.2786,False,True,-0.5,-0.29,51.7,1.03,0.61,14.1,OHLC,—,HH/HL,UT,True,265,5,OFG,Combined_R22
NPK,2026-09-21,151.36,4.87,True,148.68,0.354,0.69,True,82.8,0.18,82.6,True,3.22,1.99,68.9,7.3,A 待突破,True,8:49,264.6,跌,122.0,14,False,8.0,-0.6181,-0.6043,-1.2828,False,True,1.77,0.55,156.66,-3.5,-1.09,16.6,OHLC,—,LH/LL,自然回檔,False,265,5,NPK,10MA_R20
SMTI,2026-09-21,35.17,0.35,True,34.55,0.018,0.34,True,90.2,0.2,90.0,True,0.99,2.72,82.4,-0.4,A 待突破,True,8:49,264.6,跌,303.0,25,False,10.0,-0.2046,-0.2194,-0.3321,True,True,1.76,1.78,34.71,1.31,1.33,9.2,OHLC,—,HH/HL,UT,True,265,5,SMTI,10MA_R20
ITGR,2026-09-21,126.38,0.67,True,125.61,0.037,0.63,True,92.4,0.13,92.3,True,0.53,2.66,86.2,-0.2,A 待突破,True,8:49,264.6,跌,283.0,23,False,11.0,-0.6622,-0.7006,-1.1148,True,True,0.61,1.15,124.84,1.22,2.31,94.5,OHLC,—,HH/HL,UT,True,265,5,ITGR,10MA_R20
MKTX,2026-09-21,163.44,0.77,True,162.77,0.025,0.21,True,89.1,0.3,88.8,True,0.47,3.46,54.7,0.1,C 基底修復,True,8:49,264.6,跌,100.0,23,False,12.0,-0.9615,-1.0166,-1.5588,True,True,0.41,0.87,162.97,0.29,0.61,148.6,OHLC,—,HH/HL,UT,True,265,5,MKTX,10MA_R20
AMS,2026-09-21,1.45,0.06,False,1.5,-0.0,-0.08,True,74.6,2.81,71.8,False,4.02,2.73,21.0,3.2,D 趨勢弱,True,8:49,264.6,跌,159.0,21,True,0.0,-0.0009,-0.0026,-0.0087,True,True,-3.41,-0.85,1.54,-6.21,-1.54,0.0,OHLC,—,LH/LL,次級反彈,True,265,4,AMS,AI_R13
AXP,2026-09-21,313.59,6.12,False,328.42,-0.784,-1.12,True,91.2,0.21,91.0,True,1.95,1.52,19.8,3.4,D 趨勢弱,True,8:49,264.6,跌,288.0,45,True,0.0,-1.279,-1.4584,-3.5046,True,False,-4.73,-2.42,327.78,-4.53,-2.32,832.6,OHLC,↓,LH/LL,DT,False,265,4,AXP,SubSector_R12+Combined_R22
BAC,2026-09-21,57.96,1.26,False,61.63,-0.156,-0.8,True,91.1,0.32,90.7,True,2.18,1.32,38.1,2.4,C 基底修復,True,8:49,264.6,跌,213.0,25,True,0.0,-0.5624,-0.5938,-0.5938,True,False,-6.33,-2.9,57.18,1.35,0.62,2087.9,OHLC,—,HH/HL,DT,False,265,4,BAC,SubSector_R12+Combined_R22
CMCSA,2026-09-21,22.93,0.72,False,25.38,-0.099,-0.6,True,81.4,0.36,81.0,True,3.15,2.32,1.8,1.3,D 趨勢弱,True,8:49,264.6,跌,164.0,15,True,0.0,-0.4436,-0.4638,-0.4638,True,False,-10.67,-3.39,25.2,-9.9,-3.14,606.3,OHLC,↓,LH/LL,DT,False,265,4,CMCSA,SubSector_R12
CORT,2026-09-21,113.76,5.11,True,113.88,0.049,-0.14,False,65.7,-0.14,65.9,False,4.49,3.97,63.5,2.6,B 上升結構,True,8:49,264.6,跌,147.0,18,True,0.0,-0.764,-0.9728,-1.9139,True,True,-0.11,-0.02,114.86,-0.97,-0.22,198.2,OHLC,—,LH/LL,次級反彈,True,265,4,CORT,Combined_R22
CWT,2026-09-21,47.26,0.91,False,49.56,-0.067,-0.37,True,92.4,0.27,92.1,True,1.93,1.26,45.4,-0.6,C 基底修復,True,8:49,264.6,跌,611.0,42,True,0.0,-0.2602,-0.2636,-0.3644,True,False,-4.87,-2.52,50.85,-7.6,-3.93,23.4,OHLC,↓,LH/LL,DT,False,265,4,CWT,SubSector_R12
ECL,2026-09-21,269.98,5.21,False,279.53,-0.336,-0.33,True,92.4,0.22,92.2,True,1.93,1.26,24.7,1.9,D 趨勢弱,True,8:49,264.6,跌,110.0,14,True,0.0,-1.1535,-1.201,-1.736,True,False,-3.54,-1.83,275.71,-2.12,-1.1,349.4,OHLC,—,LH/LL,DT,True,265,4,ECL,SubSector_R12
GLPI,2026-09-21,39.67,0.76,False,41.95,-0.097,-0.75,True,92.2,0.21,92.0,True,1.9,1.34,8.5,-1.4,D 趨勢弱,True,8:49,264.6,跌,156.0,17,True,0.0,-0.1433,-0.149,-0.1937,True,False,-5.75,-3.02,41.05,-3.48,-1.83,176.6,OHLC,↓,LH/LL,DT,False,265,4,GLPI,SubSector_R12
H,2026-09-21,156.95,4.62,False,168.69,-0.782,-0.77,True,85.1,0.5,84.7,True,2.94,1.8,12.1,3.6,D 趨勢弱,True,8:49,264.6,跌,132.0,16,True,0.0,-0.4282,-0.6166,-1.9833,True,False,-7.48,-2.54,163.71,-4.31,-1.46,117.3,OHLC,↓,LH/LL,DT,False,265,4,H,Combined_R22
HII,2026-09-21,276.1,7.43,False,295.65,-1.32,-1.49,True,83.1,0.56,82.6,True,2.69,2.45,6.7,4.1,D 趨勢弱,True,8:49,264.6,跌,176.0,24,True,0.0,-0.9435,-1.2508,-4.6194,True,False,-7.08,-2.63,283.25,-2.59,-0.96,119.8,OHLC,↓,LH/LL,DT,False,265,4,HII,Combined_R22
INFY,2026-09-21,10.89,0.34,False,11.71,-0.043,-0.72,True,80.3,0.78,79.5,True,3.11,2.58,17.1,2.1,D 趨勢弱,True,8:49,264.6,跌,219.0,26,True,0.0,-0.0712,-0.0756,-0.1364,True,False,-7.53,-2.42,11.6,-6.52,-2.09,159.5,OHLC,↓,LH/LL,DT,False,265,4,INFY,SubSector_R12
INGR,2026-09-21,97.03,1.87,False,102.5,-0.279,-0.48,True,92.5,0.25,92.2,True,1.93,1.24,8.2,0.2,D 趨勢弱,True,8:49,264.6,跌,116.0,18,True,0.0,-0.5655,-0.5684,-0.6673,True,False,-5.64,-2.92,102.24,-5.37,-2.78,61.0,OHLC,↓,LH/LL,DT,False,265,4,INGR,SubSector_R12
KMX,2026-09-21,57.86,1.88,False,60.25,-0.085,-0.01,True,83.0,0.62,82.4,True,3.24,1.92,46.5,-11.0,C 基底修復,True,8:49,264.6,跌,109.0,14,True,0.0,-0.6678,-0.6783,-0.6783,True,False,-4.13,-1.28,61.69,-6.62,-2.04,103.1,OHLC,↓,LH/LL,DT,False,265,4,KMX,Combined_R22
LEN,2026-09-21,78.08,2.7,False,82.05,-0.348,-0.87,True,80.8,0.7,80.2,True,3.45,2.12,6.4,3.9,D 趨勢弱,True,8:49,264.6,跌,118.0,16,True,0.0,-0.4235,-0.5094,-0.781,True,False,-5.09,-1.47,80.07,-2.55,-0.74,315.3,OHLC,↓,LH/LL,自然反彈,False,265,4,LEN,SubSector_R12+RateHike_R2_迴避
LILAK,2026-09-21,8.8,0.28,True,8.47,0.008,0.16,False,81.4,-0.16,81.5,True,3.19,2.29,68.1,-2.8,B 上升結構,True,8:49,264.6,跌,386.0,28,True,0.0,-0.0312,-0.0447,-0.0754,True,False,3.78,1.19,8.45,3.98,1.25,11.1,OHLC,—,HH/HL,自然反彈,True,265,4,LILAK,10MA_R20_跌出
LVS,2026-09-21,40.26,1.08,False,43.79,-0.157,-1.26,True,87.6,0.3,87.3,True,2.69,1.56,2.6,1.7,D 趨勢弱,True,8:49,264.6,跌,136.0,17,True,0.0,-0.3373,-0.3659,-0.3659,True,False,-8.78,-3.27,46.48,-15.45,-5.75,236.2,OHLC,↓,LH/LL,DT,False,265,4,LVS,SubSector_R12
MLM,2026-09-21,499.67,12.86,False,517.33,-1.629,-0.71,True,86.1,0.42,85.7,True,2.57,1.98,10.1,3.5,D 趨勢弱,True,8:49,264.6,跌,136.0,15,True,0.0,-0.2223,-0.8158,-2.9555,True,False,-3.53,-1.37,517.07,-3.48,-1.35,383.2,OHLC,—,LH/LL,DT,True,265,4,MLM,SubSector_R12
NKE,2026-09-21,36.1,1.0,False,38.52,-0.206,-1.06,True,85.2,0.23,85.0,True,2.78,1.96,4.8,3.3,D 趨勢弱,True,8:49,264.6,跌,384.0,37,True,0.0,-0.0893,-0.1384,-0.2221,True,False,-6.7,-2.41,39.6,-9.7,-3.49,1144.4,OHLC,↓,LH/LL,DT,False,265,4,NKE,SubSector_R12+Combined_R22
NNE,2026-09-21,17.1,1.22,False,18.01,-0.083,-0.33,True,49.1,2.02,47.1,False,7.13,5.04,8.8,8.8,D 趨勢弱,True,8:49,264.6,跌,110.0,8,True,0.0,-0.1052,-0.2022,-0.2845,True,True,-5.32,-0.75,16.97,0.76,0.11,32.2,OHLC,↓,LH/LL,自然反彈,False,265,4,NNE,AI_R13+SubSector_R12
O,2026-09-21,56.65,0.94,False,60.57,-0.221,-1.44,True,94.2,0.12,94.1,True,1.66,1.07,15.0,-0.3,D 趨勢弱,True,8:49,264.6,跌,157.0,18,True,0.0,-0.4015,-0.4147,-0.4354,True,False,-6.91,-4.16,61.97,-9.39,-5.65,376.0,OHLC,↓,LH/LL,DT,False,265,4,O,SubSector_R12
RVMD,2026-09-21,192.76,7.64,False,206.04,-0.344,-0.11,True,77.0,1.3,75.7,True,3.96,2.34,53.3,2.6,C 基底修復,True,8:49,264.6,跌,103.0,16,True,0.0,-2.6495,-2.6649,-2.6649,True,False,-6.89,-1.74,213.0,-10.5,-2.65,388.6,OHLC,↓,LH/LL,DT,False,265,4,RVMD,SubSector_R12+Combined_R22
TOST,2026-09-21,29.8,1.15,False,33.95,-0.127,-0.54,True,77.1,0.67,76.5,True,3.85,2.43,21.7,-0.0,D 趨勢弱,True,8:49,264.6,跌,227.0,17,True,0.0,-0.5462,-0.5529,-0.5718,True,False,-13.91,-3.61,33.29,-11.71,-3.04,255.9,OHLC,↓,LH/LL,DT,False,265,4,TOST,SubSector_R12
TTWO,2026-09-21,209.92,7.63,False,226.54,-1.357,-0.75,True,79.6,0.57,79.0,True,3.63,2.18,11.4,2.3,D 趨勢弱,True,8:49,264.6,跌,208.0,25,True,0.0,-0.4596,-0.6944,-2.869,True,False,-7.92,-2.18,222.91,-6.19,-1.7,606.4,OHLC,↓,LH/LL,自然反彈,False,265,4,TTWO,SubSector_R12
UNF,2026-09-21,264.0,6.56,False,276.36,-0.601,-0.86,True,90.7,0.34,90.4,True,2.48,1.1,39.8,1.8,C 基底修復,True,8:49,264.6,跌,276.0,35,True,0.0,-1.3422,-1.6146,-1.9871,True,False,-4.68,-1.88,263.13,0.33,0.13,96.1,OHLC,↓,LH/LL,DT,False,265,4,UNF,Combined_R22
USB,2026-09-21,60.44,1.19,False,62.35,-0.104,-0.73,True,92.2,0.34,91.8,True,1.97,1.27,48.9,2.7,C 基底修復,True,8:49,264.6,跌,533.0,46,True,0.0,-0.269,-0.29,-0.43,True,False,-3.15,-1.6,63.36,-4.83,-2.46,454.6,OHLC,↓,LH/LL,DT,False,265,4,USB,SubSector_R12+RateHike_R2_迴避
VICI,2026-09-21,24.05,0.43,False,25.52,-0.077,-1.1,True,92.8,0.12,92.7,True,1.78,1.3,5.5,0.6,D 趨勢弱,True,8:49,264.6,跌,206.0,17,True,0.0,-0.1273,-0.1406,-0.1406,True,False,-6.12,-3.44,25.93,-7.82,-4.39,244.7,OHLC,↓,LH/LL,DT,False,265,4,VICI,SubSector_R12
VMC,2026-09-21,246.2,6.54,False,263.18,-1.6,-1.23,True,86.3,0.2,86.1,True,2.66,1.85,6.0,3.8,D 趨勢弱,True,8:49,264.6,跌,185.0,24,True,0.0,-0.9841,-1.4522,-2.4499,True,False,-6.9,-2.6,281.19,-14.21,-5.35,263.1,OHLC,↓,LH/LL,自然反彈,False,265,4,VMC,SubSector_R12
VTR,2026-09-21,87.03,1.81,False,90.18,-0.224,-0.61,True,90.1,0.28,89.8,True,2.08,1.64,34.7,0.5,C 基底修復,True,8:49,264.6,跌,114.0,15,True,0.0,-0.4115,-0.4289,-1.0942,True,False,-3.62,-1.74,92.09,-5.81,-2.79,313.1,OHLC,—,LH/LL,自然回檔,False,265,4,VTR,SubSector_R12
WCN,2026-09-21,155.55,2.93,False,163.64,-0.635,-0.67,True,92.9,0.22,92.7,True,1.89,1.17,29.7,0.4,D 趨勢弱,True,8:49,264.6,跌,156.0,17,True,0.0,-0.8373,-0.9113,-1.0223,True,False,-5.2,-2.76,167.24,-7.52,-3.99,156.9,OHLC,↓,LH/LL,DT,False,265,4,WCN,SubSector_R12
XHLD,2026-09-21,10.46,1.38,True,6.73,0.473,1.32,True,12.3,0.71,11.6,False,13.24,20.55,65.1,4.7,E 延伸,True,8:49,264.6,跌,123.0,6,True,0.0,-0.2175,-0.2465,-0.2465,True,False,35.65,2.69,9.23,11.76,0.89,40.1,OHLC,↑,HH/HL,UT,False,265,4,XHLD,10MA_R20
HCC,2026-09-21,88.47,4.29,True,99.21,0.038,0.05,True,71.0,1.41,69.6,False,4.85,2.59,17.6,0.8,D 趨勢弱,True,8:36,257.8,跌,93.0,12,True,0.0,-2.4665,-2.523,-2.523,True,False,-12.14,-2.5,105.58,-19.34,-3.99,56.1,OHLC,↓,LH/LL,DT,False,265,4,HCC,SubSector_R12
GS,2026-09-21,959.39,27.75,False,1010.69,-2.464,-0.81,True,82.8,0.53,82.2,True,2.89,2.32,36.2,14.8,C 基底修復,True,8:26,253.0,跌,91.0,6,True,0.0,-7.8952,-9.2206,-10.7254,True,False,-5.35,-1.85,1038.61,-8.26,-2.85,1941.0,OHLC,↓,LH/LL,自然反彈,False,265,4,GS,SubSector_R12+Combined_R22+RateHike_R2_迴避
KIM,2026-09-21,22.54,0.36,False,23.61,-0.047,-1.32,True,94.8,0.23,94.5,True,1.59,1.0,19.9,0.8,D 趨勢弱,True,8:09,244.3,跌,86.0,9,True,0.0,-0.0805,-0.0887,-0.2436,True,False,-4.75,-3.0,24.26,-7.63,-4.81,131.4,OHLC,↓,LH/LL,DT,False,265,4,KIM,SubSector_R12
MP,2026-09-21,50.0,2.82,True,54.84,0.117,0.27,True,59.9,0.78,59.1,False,5.64,4.03,20.8,10.8,D 趨勢弱,True,7:38,229.2,跌,77.0,15,True,0.0,-0.7847,-0.987,-1.0128,True,False,-9.68,-1.72,55.37,-10.74,-1.9,259.3,OHLC,↓,LH/LL,自然反彈,False,265,4,MP,SubSector_R12+RateHike_R2_迴避
RNG,2026-09-21,77.3,3.37,True,69.03,0.597,0.85,True,64.4,0.18,64.2,False,4.36,4.37,75.0,-2.5,E 延伸,True,7:25,222.6,跌,74.0,10,True,0.0,-0.1945,-0.4617,-0.8268,True,False,10.7,2.45,71.86,7.04,1.61,113.1,OHLC,↑,HH/HL,UT,False,265,4,RNG,10MA_R20
ACM,2026-09-21,62.93,2.11,False,65.5,-0.194,-0.54,True,78.4,0.84,77.5,True,3.36,2.69,21.5,1.2,D 趨勢弱,True,7:22,220.9,跌,73.0,8,True,0.0,-0.1366,-0.1726,-1.3742,True,False,-4.08,-1.22,64.6,-2.65,-0.79,134.4,OHLC,↓,LH/LL,DT,False,265,4,ACM,SubSector_R12
PVLA,2026-09-21,153.41,6.49,False,151.22,-0.16,0.05,True,62.6,1.02,61.6,False,4.23,4.87,68.0,-10.3,B 上升結構,True,6:43,201.7,跌,62.0,9,True,0.0,-0.2101,-0.326,-1.9346,True,True,1.43,0.34,152.22,0.78,0.18,33.2,OHLC,—,HH/HL,自然回檔,True,265,4,PVLA,Combined_R22
TFC,2026-09-21,49.0,1.07,False,50.52,-0.137,-0.82,True,91.0,0.42,90.5,True,2.18,1.34,28.1,2.7,D 趨勢弱,True,6:09,184.4,跌,52.0,9,True,0.0,-0.1709,-0.202,-0.321,True,False,-3.09,-1.42,48.68,0.65,0.3,347.8,OHLC,↓,LH/LL,DT,False,265,4,TFC,SubSector_R12
MS,2026-09-21,206.12,5.17,False,211.94,-0.32,-0.52,True,87.4,0.35,87.0,True,2.51,1.79,51.9,5.8,C 基底修復,False,5:40,170.0,跌,44.0,6,True,0.0,-1.0788,-1.3583,-1.932,True,True,-2.83,-1.13,200.26,2.84,1.13,943.0,OHLC,—,HH/HL,DT,False,265,4,MS,SubSector_R12+Combined_R22+RateHike_R2_迴避
ALT,2026-09-21,3.27,0.13,True,3.15,0.007,0.33,True,74.2,0.69,73.5,False,4.08,2.75,24.2,3.3,D 趨勢弱,False,5:38,169.1,跌,44.0,5,True,0.0,-0.0113,-0.0114,-0.0275,True,True,3.52,0.86,3.09,5.5,1.35,12.2,OHLC,↑,HH/HL,自然回檔,False,265,4,ALT,SubSector_R12
AI,2026-09-21,10.84,0.51,True,10.43,0.015,0.24,True,70.4,1.39,69.0,False,4.66,2.89,40.5,7.2,D 趨勢弱,False,5:20,160.2,跌,39.0,4,True,0.0,-0.0184,-0.0272,-0.0709,True,True,3.77,0.81,10.56,2.58,0.55,60.1,OHLC,↑,HH/HL,自然反彈,False,265,4,AI,AI_R13+Combined_R22
APH,2026-09-21,80.72,2.8,False,80.52,-0.156,-0.41,True,77.6,0.07,77.5,True,3.47,2.73,58.2,9.2,A 待突破,False,5:19,159.4,跌,39.0,6,True,0.0,-0.2215,-0.4275,-0.9059,True,True,0.25,0.07,80.25,0.58,0.17,955.0,OHLC,—,HH/HL,自然反彈,False,265,4,APH,AI_R13+SubSector_R12
HRZN,2026-09-21,4.66,0.15,True,4.84,0.003,0.24,True,81.9,0.88,81.0,True,3.24,2.15,22.4,13.6,D 趨勢弱,False,5:14,157.0,跌,37.0,5,True,0.0,-0.026,-0.0262,-0.0522,True,False,-3.87,-1.19,4.53,2.79,0.86,3.2,OHLC,↑,HH/HL,自然反彈,False,265,4,HRZN,10MA_R20_跌出
CRVL,2026-09-21,71.83,2.04,True,68.68,0.246,1.01,True,85.4,0.54,84.9,True,2.84,1.85,58.3,1.1,B 上升結構,False,5:05,152.6,跌,35.0,3,True,0.0,-0.0037,-0.0528,-0.5382,True,False,4.38,1.54,71.33,0.7,0.25,14.6,OHLC,—,LH/LL,自然回檔,False,265,4,CRVL,10MA_R20
SNAP,2026-09-21,5.7,0.29,True,5.5,0.014,0.31,True,64.5,0.59,64.0,False,5.06,3.64,36.0,-2.7,D 趨勢弱,False,4:09,124.7,跌,19.0,2,True,0.0,-0.0083,-0.0093,-0.0266,True,True,3.58,0.71,5.53,2.98,0.59,208.4,OHLC,↑,HH/HL,自然反彈,False,265,4,SNAP,SubSector_R12
ROK,2026-09-21,424.89,11.12,False,429.14,-1.011,-0.88,True,86.8,0.54,86.2,True,2.62,1.8,41.1,14.4,C 基底修復,True,9:54,297.2,升,15.0,1,False,1.0,0.3915,-0.4173,,False,True,-1.0,-0.38,433.81,-2.1,-0.8,311.4,OHLC,↓,LH/LL,自然反彈,False,265,4,ROK,SubSector_R12
BMY,2026-09-21,62.62,1.36,False,65.04,-0.037,-0.4,True,89.3,0.24,89.1,True,2.17,1.71,46.3,2.1,C 基底修復,True,8:49,264.6,跌,206.0,16,True,1.0,-0.517,-0.5386,-0.6275,True,False,-3.86,-1.78,,,,572.4,OHLC,—,HH/HL,DT,False,265,4,BMY,SubSector_R12
BNY,2026-09-21,153.89,3.08,False,159.48,-0.166,-0.53,True,91.6,0.22,91.4,True,2.0,1.37,54.8,1.5,C 基底修復,True,8:49,264.6,跌,211.0,23,True,1.0,-1.2771,-1.3705,-1.3975,True,False,-3.63,-1.81,160.39,-4.22,-2.11,522.7,OHLC,↓,LH/LL,DT,False,265,4,BNY,Combined_R22
BRO,2026-09-21,64.3,1.88,False,69.48,-0.247,-0.74,True,83.0,0.04,83.0,True,2.93,2.23,9.2,-1.7,D 趨勢弱,True,8:49,264.6,跌,186.0,17,True,1.0,-0.6781,-0.6912,-0.9092,True,False,-8.06,-2.75,68.33,-6.27,-2.14,126.5,OHLC,↓,LH/LL,DT,False,265,4,BRO,SubSector_R12
CBOE,2026-09-21,271.43,9.91,False,291.18,-0.567,-0.41,True,78.3,0.38,77.9,True,3.65,2.41,13.9,-4.8,D 趨勢弱,True,8:49,264.6,跌,139.0,13,True,1.0,-3.3473,-3.7822,-4.2771,True,False,-7.28,-1.99,264.91,2.4,0.66,282.8,OHLC,—,HH/HL,自然反彈,False,265,4,CBOE,SubSector_R12
COF,2026-09-21,204.92,4.76,False,213.71,-0.399,-0.73,True,88.6,0.48,88.1,True,2.32,1.72,21.7,5.4,D 趨勢弱,True,8:49,264.6,跌,157.0,23,True,1.0,-1.3482,-1.6586,-1.7423,True,False,-4.29,-1.85,220.5,-7.6,-3.27,694.1,OHLC,↓,LH/LL,DT,False,265,4,COF,SubSector_R12
FBP,2026-09-21,27.46,0.5,False,28.21,-0.028,-0.62,True,93.0,0.17,92.9,True,1.82,1.21,51.8,-0.3,C 基底修復,True,8:49,264.6,跌,232.0,33,False,1.0,-0.0733,-0.0704,-0.2538,False,True,-2.73,-1.5,28.43,-3.53,-1.94,37.2,OHLC,↓,LH/LL,DT,False,265,4,FBP,Combined_R22
HLT,2026-09-21,307.08,6.25,False,317.55,-0.461,-0.34,True,91.2,0.17,91.1,True,2.04,1.43,33.3,2.6,D 趨勢弱,True,8:49,264.6,跌,106.0,15,True,1.0,-0.3436,-0.667,-2.0575,True,False,-3.41,-1.68,310.6,-1.15,-0.56,504.0,OHLC,—,LH/LL,DT,True,265,4,HLT,SubSector_R12+Combined_R22
HSY,2026-09-21,167.9,3.8,False,177.41,-0.468,-0.69,True,89.9,0.23,89.6,True,2.26,1.51,4.2,-0.8,D 趨勢弱,True,8:49,264.6,跌,128.0,17,True,1.0,-0.7904,-0.8135,-1.5522,True,False,-5.66,-2.5,174.72,-4.06,-1.8,235.6,OHLC,↓,LH/LL,DT,False,265,4,HSY,SubSector_R12
LIN,2026-09-21,457.5,7.52,False,476.66,-1.003,-0.71,True,93.4,0.18,93.2,True,1.64,1.3,20.3,-1.0,D 趨勢弱,True,8:49,264.6,跌,103.0,10,True,1.0,-1.0445,-1.143,-3.829,True,False,-4.19,-2.55,494.5,-8.09,-4.92,904.0,OHLC,↓,LH/LL,DT,False,265,4,LIN,AI_R13+SubSector_R12
MCD,2026-09-21,247.88,4.24,False,261.02,-1.092,-1.17,True,93.0,0.31,92.7,True,1.71,1.33,7.1,-0.7,D 趨勢弱,True,8:49,264.6,跌,188.0,19,True,1.0,-0.7478,-0.8417,-1.2782,True,False,-5.3,-3.1,258.45,-4.26,-2.49,1217.2,OHLC,↓,LH/LL,DT,False,265,4,MCD,SubSector_R12
SYF,2026-09-21,75.0,1.98,False,78.13,-0.077,-0.35,True,85.2,0.33,84.8,True,2.64,2.1,36.3,3.2,D 趨勢弱,True,8:49,264.6,跌,169.0,22,True,1.0,-0.4327,-0.4935,-0.5493,True,False,-4.18,-1.58,80.8,-7.73,-2.92,239.7,OHLC,↓,LH/LL,DT,False,265,4,SYF,SubSector_R12
TROW,2026-09-21,104.63,2.2,False,109.04,-0.339,-1.12,True,89.7,0.29,89.5,True,2.1,1.69,34.1,1.0,C 基底修復,True,8:49,264.6,跌,138.0,16,True,1.0,-0.4026,-0.5617,-0.864,True,False,-4.21,-2.0,111.7,-6.76,-3.21,150.8,OHLC,↓,LH/LL,自然反彈,False,265,4,TROW,SubSector_R12
TXRH,2026-09-21,165.54,4.98,False,189.52,-2.181,-1.94,True,84.5,0.15,84.3,True,3.01,1.87,6.7,-0.4,D 趨勢弱,True,8:49,264.6,跌,248.0,27,True,1.0,-2.2686,-2.4406,-2.7495,True,False,-14.48,-4.82,205.29,-24.01,-7.99,149.3,OHLC,↓,LH/LL,DT,False,265,4,TXRH,Combined_R22
WTW,2026-09-21,306.82,7.54,False,329.91,-0.961,-0.84,True,86.8,0.21,86.6,True,2.46,1.96,28.5,-3.5,D 趨勢弱,True,8:49,264.6,跌,326.0,27,True,1.0,-3.4183,-3.4732,-4.663,True,False,-7.53,-3.06,323.71,-5.5,-2.24,151.5,OHLC,↓,LH/LL,DT,False,265,4,WTW,SubSector_R12
YUM,2026-09-21,139.33,4.11,False,147.34,-0.404,-0.57,True,84.4,0.7,83.7,True,2.95,1.94,11.2,-2.6,D 趨勢弱,True,8:49,264.6,跌,104.0,10,True,1.0,-1.1563,-1.4049,-1.5471,True,False,-5.75,-1.95,,,,307.7,OHLC,—,HH/HL,自然反彈,False,265,4,YUM,SubSector_R12
UNH,2026-09-21,377.56,9.3,False,391.34,-1.032,-0.65,True,89.2,0.58,88.6,True,2.46,1.46,48.7,2.0,C 基底修復,True,8:05,242.7,跌,85.0,7,True,1.0,-1.1217,-1.4245,-3.1185,True,False,-3.65,-1.48,,,,1884.8,OHLC,—,HH/HL,DT,False,265,4,UNH,SubSector_R12+Combined_R22
LRCX,2026-09-21,302.28,15.94,False,303.2,-0.363,-0.37,True,57.6,1.18,56.4,False,5.27,4.89,48.8,5.4,D 趨勢弱,True,7:18,219.2,跌,72.0,7,True,1.0,-0.4092,-2.3641,-8.7021,True,True,-0.3,-0.06,318.58,-5.39,-1.02,2633.3,OHLC,↓,LH/LL,自然反彈,False,265,4,LRCX,AI_R13+SubSector_R12+Combined_R22
ALEC,2026-09-21,1.93,0.19,True,2.18,0.002,0.21,True,36.2,1.29,34.9,False,9.71,6.41,5.4,0.4,D 趨勢弱,True,6:08,184.2,跌,52.0,9,True,1.0,-0.0771,-0.0833,-0.0851,True,False,-13.0,-1.34,2.21,-14.51,-1.49,2.7,OHLC,↓,LH/LL,自然反彈,False,265,4,ALEC,SubSector_R12
OOMA,2026-09-21,22.96,1.01,True,22.21,0.027,0.16,True,71.6,1.38,70.2,False,4.4,2.93,64.5,1.3,E 延伸,False,5:49,174.7,跌,47.0,5,True,1.0,-0.0566,-0.0715,-0.2308,True,True,3.28,0.74,22.35,2.66,0.6,12.9,OHLC,—,HH/HL,次級反彈,True,265,4,OOMA,10MA_R20_跌出
EXPD,2026-09-21,192.15,3.71,True,188.14,0.466,1.1,False,91.3,-0.01,91.3,True,1.93,1.51,73.1,-9.8,A 待突破,False,5:45,172.3,跌,46.0,4,True,1.0,-0.3182,-0.394,-1.6209,True,True,2.09,1.08,185.96,3.22,1.67,176.8,OHLC,↑,HH/HL,自然回檔,False,265,4,EXPD,Combined_R22+10MA_R20
NBIS,2026-09-21,232.8,17.24,True,228.85,1.552,0.17,True,36.8,0.85,36.0,False,7.4,8.48,73.0,-3.7,C 基底修復,True,9:40,290.0,升,11.0,1,False,2.0,0.3875,-0.6055,,False,True,1.7,0.23,213.93,8.11,1.09,3459.8,OHLC,↑,HH/HL,UT,False,265,4,NBIS,AI_R13+SubSector_R12+Combined_R22
AVGO,2026-09-21,362.66,12.09,False,366.89,-1.445,-0.78,True,79.3,0.4,78.9,True,3.33,2.54,23.7,2.3,C 基底修復,True,9:39,289.5,升,11.0,1,False,2.0,0.7564,-0.3665,,False,True,-1.17,-0.35,371.54,-2.45,-0.73,9862.9,OHLC,↓,LH/LL,自然反彈,False,265,4,AVGO,AI_R13+SubSector_R12+Combined_R22
BNS,2026-09-21,95.35,1.62,True,91.6,0.126,0.52,True,92.4,0.13,92.3,True,1.7,1.48,72.4,-1.7,E 延伸,True,9:34,286.9,升,9.0,1,False,2.0,0.0394,-0.0405,,False,False,3.94,2.32,92.11,3.4,2.0,198.9,OHLC,↑,HH/HL,UT,False,265,4,BNS,Combined_R22
ROST,2026-09-21,231.25,5.49,False,234.77,-0.439,-0.62,True,89.0,0.76,88.3,True,2.38,1.58,61.1,4.3,C 基底修復,True,9:34,286.9,升,9.0,1,False,2.0,0.2679,-0.0877,,False,True,-1.52,-0.64,230.74,0.22,0.09,503.8,OHLC,—,LH/LL,自然反彈,True,265,4,ROST,SubSector_R12+Combined_R22
ASML,2026-09-21,1711.32,54.87,False,1719.35,-1.164,-0.23,True,77.7,0.79,76.9,True,3.21,2.97,63.8,3.4,C 基底修復,True,9:33,286.4,升,9.0,1,False,2.0,0.4274,-5.5047,,False,True,-0.47,-0.15,1764.85,-3.13,-0.98,2179.5,OHLC,↓,LH/LL,自然反彈,False,265,4,ASML,AI_R13+SubSector_R12+Combined_R22
STX,2026-09-21,877.33,52.34,True,853.17,3.18,-0.03,True,53.1,0.44,52.7,False,5.97,5.21,64.9,-9.0,C 基底修復,True,9:31,285.3,升,9.0,1,False,2.0,2.8246,-1.239,,False,True,2.75,0.46,856.13,2.42,0.41,3223.6,OHLC,—,LH/LL,UT,False,265,4,STX,AI_R13+SubSector_R12
WDC,2026-09-21,448.17,28.22,True,458.56,0.811,-0.46,True,49.8,0.86,48.9,False,6.3,5.71,50.5,-7.8,D 趨勢弱,True,9:30,285.0,升,8.0,1,False,2.0,0.6318,-0.9006,,False,True,-2.32,-0.37,407.12,9.16,1.45,2847.8,OHLC,—,HH/HL,自然反彈,False,265,4,WDC,AI_R13+SubSector_R12+Combined_R22
CM,2026-09-21,116.26,2.27,False,116.73,-0.105,-0.33,True,91.9,0.26,91.6,True,1.96,1.36,55.0,3.5,C 基底修復,True,9:27,283.7,升,8.0,1,False,2.0,0.0636,-0.1162,,False,True,-0.41,-0.21,118.16,-1.63,-0.84,145.6,OHLC,↓,LH/LL,自然反彈,False,265,4,CM,Combined_R22
HUBB,2026-09-21,457.49,12.75,False,467.54,-1.649,-0.83,True,84.3,0.53,83.8,True,2.79,2.12,17.0,4.6,D 趨勢弱,True,9:26,282.9,升,7.0,1,False,2.0,0.6894,-0.4729,,False,True,-2.2,-0.79,464.75,-1.59,-0.57,220.6,OHLC,↓,LH/LL,自然反彈,False,265,4,HUBB,SubSector_R12+Combined_R22
AG,2026-09-21,19.31,1.04,True,20.12,0.044,0.39,False,62.4,-0.8,63.2,False,5.36,3.78,41.7,-4.1,D 趨勢弱,True,8:49,264.6,跌,170.0,14,True,2.0,-0.258,-0.2852,-0.4293,True,True,-4.18,-0.78,19.84,-2.74,-0.51,178.7,OHLC,↓,LH/LL,自然回檔,False,265,4,AG,SubSector_R12
ARES,2026-09-21,126.67,4.49,False,136.95,-0.288,-0.68,True,79.0,0.5,78.5,True,3.54,2.39,19.3,9.8,D 趨勢弱,True,8:49,264.6,跌,171.0,22,True,2.0,-1.7523,-2.066,-2.1017,True,False,-8.12,-2.29,141.52,-11.72,-3.31,269.0,OHLC,↓,LH/LL,自然反彈,False,265,4,ARES,SubSector_R12
AU,2026-09-21,101.93,4.08,True,108.52,0.395,0.7,True,71.7,0.08,71.6,False,4.0,3.3,57.5,8.9,D 趨勢弱,True,8:49,264.6,跌,175.0,14,True,2.0,-1.6932,-1.8725,-2.4275,True,False,-6.46,-1.61,104.01,-2.04,-0.51,279.1,OHLC,↓,LH/LL,自然反彈,False,265,4,AU,SubSector_R12
AUGO,2026-09-21,89.15,4.46,True,84.4,0.614,1.02,True,59.8,0.98,58.8,False,5.0,4.68,65.4,4.1,B 上升結構,True,8:49,264.6,跌,117.0,14,True,2.0,-0.5013,-0.5995,-0.844,True,False,5.33,1.06,84.91,4.76,0.95,90.3,OHLC,↑,HH/HL,UT,False,265,4,AUGO,10MA_R20
BC,2026-09-21,66.0,2.42,False,75.27,-0.595,-1.08,True,81.3,0.01,81.3,True,3.67,1.82,0.1,-0.7,D 趨勢弱,True,8:49,264.6,跌,200.0,21,True,2.0,-0.5311,-0.5324,-0.8949,True,False,-14.04,-3.83,74.43,-12.77,-3.48,50.4,OHLC,↓,LH/LL,DT,False,265,4,BC,SubSector_R12
BF.B,2026-09-21,26.15,0.8,False,27.07,-0.078,-0.58,True,82.5,0.29,82.2,True,3.07,2.19,20.8,1.9,D 趨勢弱,True,8:49,264.6,跌,138.0,28,True,2.0,-0.0678,-0.0926,-0.2612,True,False,-3.52,-1.15,25.96,0.73,0.24,69.2,OHLC,—,LH/LL,自然回檔,True,265,4,BF/B,SubSector_R12
BJRI,2026-09-21,61.11,2.28,False,63.65,-0.274,-0.69,True,75.7,0.65,75.0,True,3.73,2.83,64.5,4.6,C 基底修復,True,8:49,264.6,跌,436.0,36,True,2.0,-0.0463,-0.1828,-1.0323,True,False,-4.16,-1.11,62.14,-1.69,-0.45,28.8,OHLC,—,LH/LL,自然反彈,True,265,4,BJRI,Combined_R22
BKR,2026-09-21,57.83,1.85,False,61.23,-0.156,-0.7,True,82.9,0.34,82.6,True,3.2,1.99,24.2,8.7,C 基底修復,True,8:49,264.6,跌,148.0,21,True,2.0,-0.6476,-0.8043,-0.9547,True,False,-5.88,-1.84,55.44,4.13,1.29,470.4,OHLC,—,HH/HL,自然反彈,False,265,4,BKR,SubSector_R12
BLK,2026-09-21,1090.27,24.73,False,1124.16,-1.705,-0.56,True,88.9,0.12,88.8,True,2.27,1.71,47.8,5.1,C 基底修復,True,8:49,264.6,跌,210.0,22,True,2.0,-5.112,-8.6036,-14.0844,True,False,-3.11,-1.37,1187.17,-8.89,-3.92,647.0,OHLC,—,LH/LL,UT,False,265,4,BLK,SubSector_R12
BX,2026-09-21,126.41,3.93,False,137.36,-0.274,-0.41,True,82.6,0.63,82.0,True,3.11,2.12,22.3,4.2,D 趨勢弱,True,8:49,264.6,跌,173.0,22,True,2.0,-1.2736,-1.5999,-2.334,True,False,-8.66,-2.79,128.51,-1.66,-0.53,424.2,OHLC,↓,LH/LL,自然反彈,False,265,4,BX,SubSector_R12+Combined_R22
CBL,2026-09-21,53.51,1.42,False,55.09,-0.108,-0.54,True,86.7,0.23,86.5,True,2.66,1.78,52.8,-2.9,C 基底修復,True,8:49,264.6,跌,618.0,34,False,2.0,-0.1179,-0.1163,-0.498,False,True,-2.96,-1.11,55.98,-4.61,-1.73,13.8,OHLC,↓,LH/LL,自然反彈,False,265,4,CBL,Combined_R22
CDP,2026-09-21,34.58,0.73,False,35.83,-0.089,-0.85,True,92.6,0.09,92.5,True,2.11,1.03,35.6,0.4,C 基底修復,True,8:49,264.6,跌,453.0,51,True,2.0,-0.097,-0.1293,-0.3,True,False,-3.6,-1.71,36.01,-4.14,-1.96,30.3,OHLC,↓,LH/LL,DT,False,265,4,CDP,Combined_R22
COST,2026-09-21,898.48,14.26,False,928.35,-1.708,-0.78,True,93.8,0.12,93.7,True,1.59,1.26,15.5,2.9,D 趨勢弱,True,8:49,264.6,跌,309.0,17,True,2.0,-2.1453,-2.8868,-5.2789,True,False,-3.32,-2.09,921.99,-2.62,-1.65,1872.9,OHLC,↓,LH/LL,DT,False,265,4,COST,SubSector_R12+Combined_R22
CRH,2026-09-21,87.14,2.51,False,92.86,-0.503,-0.91,True,85.2,0.55,84.6,True,2.88,1.85,8.6,2.7,D 趨勢弱,True,8:49,264.6,跌,109.0,14,True,2.0,-0.2126,-0.3329,-0.5985,True,False,-6.57,-2.28,94.26,-8.17,-2.83,401.6,OHLC,↓,LH/LL,DT,False,265,4,CRH,SubSector_R12
FLR,2026-09-21,54.74,2.03,False,53.98,-0.191,0.2,True,72.7,0.14,72.5,False,3.7,3.42,69.5,-2.8,B 上升結構,True,8:49,264.6,跌,102.0,8,True,2.0,-0.1556,-0.1827,-0.3207,True,True,1.38,0.37,52.99,3.2,0.86,123.4,OHLC,↑,HH/HL,次級反彈,False,265,4,FLR,SubSector_R12+Combined_R22
GM,2026-09-21,83.95,2.59,False,85.77,-0.123,-0.3,True,83.6,0.21,83.4,True,3.09,1.96,50.5,2.8,C 基底修復,True,8:49,264.6,跌,200.0,28,False,2.0,-0.3679,-0.3649,-0.6992,False,True,-2.16,-0.7,86.62,-3.18,-1.03,603.7,OHLC,—,LH/LL,自然反彈,True,265,4,GM,SubSector_R12
KGC,2026-09-21,27.79,1.14,True,29.86,0.096,0.56,True,72.4,0.21,72.2,False,4.1,3.06,26.8,-5.1,D 趨勢弱,True,8:49,264.6,跌,147.0,14,True,2.0,-0.4823,-0.505,-0.5926,True,False,-7.45,-1.82,28.49,-2.52,-0.61,208.0,OHLC,↓,LH/LL,DT,False,265,4,KGC,SubSector_R12
KO,2026-09-21,87.12,1.3,True,88.69,0.002,0.15,False,93.6,-0.15,93.8,True,1.5,1.39,49.5,-17.3,C 基底修復,True,8:49,264.6,跌,213.0,16,False,2.0,-0.2731,-0.2238,-0.4411,False,True,-1.8,-1.2,89.35,-2.56,-1.71,1377.0,OHLC,—,LH/LL,自然回檔,False,265,4,KO,SubSector_R12+Combined_R22
ODFL,2026-09-21,175.36,5.93,False,192.56,-1.206,-1.3,True,82.4,0.2,82.2,True,3.38,1.9,13.1,0.9,D 趨勢弱,True,8:49,264.6,跌,341.0,39,True,2.0,-0.3648,-0.6392,-2.4627,True,False,-9.81,-2.9,203.44,-16.01,-4.74,326.6,OHLC,↓,LH/LL,DT,False,265,4,ODFL,SubSector_R12
SMCI,2026-09-21,41.2,2.45,True,37.49,0.261,0.44,True,51.8,1.06,50.8,False,5.94,5.55,52.1,-1.4,C 基底修復,True,8:49,264.6,跌,114.0,9,True,2.0,-0.0275,-0.1953,-0.4679,True,False,9.01,1.52,39.09,5.12,0.86,1580.2,OHLC,↑,HH/HL,UT,False,265,4,SMCI,AI_R13+SubSector_R12+Combined_R22+10MA_R20
TMC,2026-09-21,4.14,0.28,False,4.36,-0.02,-0.17,True,51.8,0.87,50.9,False,6.68,4.82,30.7,10.5,D 趨勢弱,True,8:49,264.6,跌,130.0,12,True,2.0,-0.0595,-0.097,-0.1197,True,True,-5.42,-0.81,3.65,11.84,1.77,24.1,OHLC,—,HH/HL,自然反彈,False,265,4,TMC,SubSector_R12
TT,2026-09-21,433.32,10.98,False,448.04,-1.729,-0.95,True,88.0,0.65,87.3,True,2.53,1.64,24.6,3.2,D 趨勢弱,True,8:49,264.6,跌,115.0,24,True,2.0,-0.5552,-1.37,-3.797,True,False,-3.4,-1.34,447.9,-3.36,-1.33,467.3,OHLC,↓,LH/LL,自然反彈,False,265,4,TT,AI_R13+SubSector_R12
XPO,2026-09-21,174.34,6.51,False,189.95,-0.856,-0.81,True,80.0,0.41,79.6,True,3.73,2.0,17.6,0.1,D 趨勢弱,True,8:49,264.6,跌,178.0,22,True,2.0,-0.8075,-0.9413,-1.5419,True,False,-8.96,-2.4,193.1,-10.76,-2.88,180.2,OHLC,↓,LH/LL,DT,False,265,4,XPO,SubSector_R12+Combined_R22
CCJ,2026-09-21,93.23,3.67,False,98.34,-0.126,-0.08,True,75.8,0.71,75.1,True,3.93,2.6,23.8,4.1,D 趨勢弱,True,7:48,234.0,跌,80.0,14,True,2.0,-0.985,-1.1837,-1.3342,True,False,-5.48,-1.39,97.98,-5.09,-1.3,273.4,OHLC,↓,LH/LL,自然反彈,False,265,4,CCJ,AI_R13+SubSector_R12+Combined_R22+RateHike_R2_迴避
USAR,2026-09-21,16.78,1.11,False,17.76,-0.107,-0.27,True,51.4,0.81,50.6,False,6.62,4.98,19.0,19.0,D 趨勢弱,True,7:47,233.6,跌,80.0,15,True,2.0,-0.1195,-0.2474,-0.3301,True,True,-5.83,-0.88,17.85,-6.38,-0.96,223.0,OHLC,↓,LH/LL,自然反彈,False,265,4,USAR,SubSector_R12
WTRG,2026-09-21,40.48,0.78,True,41.03,0.008,0.37,False,92.2,-0.2,92.3,True,1.93,1.32,58.8,-1.1,C 基底修復,True,7:44,232.0,跌,79.0,7,False,2.0,-0.1576,-0.1001,-0.1576,False,True,-1.35,-0.7,42.51,-5.01,-2.6,102.8,OHLC,—,LH/LL,自然回檔,False,265,4,WTRG,SubSector_R12
MRNA,2026-09-21,172.94,12.56,True,143.89,1.436,0.36,True,24.5,0.52,23.9,False,7.26,14.41,74.5,3.2,E 延伸,True,7:30,225.0,跌,75.0,10,True,2.0,-0.5418,-1.8066,-2.7603,True,False,16.8,2.31,158.83,8.16,1.12,3231.4,OHLC,—,LH/LL,自然反彈,False,265,4,MRNA,Combined_R22
VRT,2026-09-21,250.86,14.28,False,261.02,-0.717,-0.33,True,56.9,1.19,55.7,False,5.69,4.62,27.5,-1.3,D 趨勢弱,True,6:06,182.9,跌,52.0,6,True,2.0,-0.6492,-1.3911,-7.8139,True,True,-4.05,-0.71,257.06,-2.47,-0.43,1359.5,OHLC,↓,LH/LL,自然反彈,False,265,4,VRT,AI_R13+SubSector_R12+Combined_R22
EQIX,2026-09-21,1057.26,28.22,True,1048.63,0.038,-0.11,False,86.4,-0.28,86.7,True,2.67,1.83,70.0,16.2,A 待突破,True,9:20,280.0,升,6.0,1,False,3.0,0.622,-2.3721,,False,True,0.82,0.31,1055.2,0.19,0.07,560.3,OHLC,↑,HH/HL,UT,False,265,4,EQIX,AI_R13+SubSector_R12
CTAS,2026-09-21,196.88,3.73,False,201.09,-0.172,-0.27,True,90.7,0.06,90.6,True,1.89,1.69,38.2,-10.6,C 基底修復,True,8:49,264.6,跌,344.0,35,False,3.0,-0.6232,-0.593,-1.8832,False,True,-2.14,-1.13,201.38,-2.29,-1.21,363.1,OHLC,↓,LH/LL,DT,False,265,4,CTAS,SubSector_R12
HALO,2026-09-21,111.45,2.83,True,106.85,1.111,1.68,True,81.9,0.02,81.9,True,2.54,2.83,74.0,-1.4,A 待突破,True,8:49,264.6,跌,143.0,16,False,3.0,-0.51,-0.6198,-1.1605,True,False,4.13,1.62,106.25,4.67,1.83,221.3,OHLC,↑,HH/HL,UT,False,265,4,HALO,10MA_R20
KNSA,2026-09-21,78.13,2.62,True,78.27,0.004,0.13,True,72.9,0.31,72.6,False,3.35,3.72,82.5,4.6,A 待突破,True,8:49,264.6,跌,223.0,27,False,3.0,-0.3737,-0.4622,-0.8782,True,True,-0.18,-0.05,79.33,-1.54,-0.46,42.0,OHLC,—,LH/LL,自然回檔,True,265,4,KNSA,Combined_R22
SCCO,2026-09-21,198.06,8.12,True,201.23,0.015,0.04,True,72.5,0.78,71.8,False,4.1,3.05,69.4,2.5,B 上升結構,True,8:49,264.6,跌,147.0,14,False,3.0,-1.4387,-1.9495,-2.9928,True,True,-1.6,-0.39,192.04,3.04,0.74,223.2,OHLC,—,LH/LL,UT,False,265,4,SCCO,SubSector_R12
SNOW,2026-09-21,339.39,15.58,True,333.83,0.296,0.22,True,69.5,1.09,68.4,False,4.59,3.14,76.8,-2.2,B 上升結構,True,8:49,264.6,跌,263.0,24,False,3.0,-0.9044,-1.3651,-4.0714,True,True,1.64,0.36,321.29,5.33,1.16,1884.5,OHLC,—,HH/HL,UT,True,265,4,SNOW,AI_R13+SubSector_R12+Combined_R22
SENEA,2026-09-21,180.86,6.88,True,190.97,0.597,0.29,True,78.3,0.07,78.3,True,3.81,2.25,59.4,-2.9,C 基底修復,True,8:18,248.8,跌,88.0,10,False,3.0,-2.3594,-2.3473,-2.7711,False,False,-5.59,-1.47,186.31,-3.01,-0.79,16.3,OHLC,↓,LH/LL,自然回檔,False,265,4,SENEA,Combined_R22
LITE,2026-09-21,954.49,66.15,True,900.82,2.244,0.21,True,45.4,1.01,44.4,False,6.93,6.22,62.9,8.2,B 上升結構,True,7:30,225.0,跌,75.0,6,False,3.0,-0.3055,-3.5116,-11.5408,True,True,5.62,0.81,895.0,6.23,0.9,4216.7,OHLC,↑,HH/HL,UT,False,265,4,LITE,AI_R13+SubSector_R12+Combined_R22
SNPS,2026-09-21,401.85,14.77,False,405.72,-0.411,-0.33,True,75.2,0.13,75.1,True,3.67,2.96,24.1,13.2,D 趨勢弱,True,6:58,208.8,跌,66.0,11,False,3.0,-1.26,-3.0883,-4.9426,True,True,-0.96,-0.26,388.99,3.2,0.87,844.1,OHLC,—,LH/LL,UT,False,265,4,SNPS,AI_R13+SubSector_R12+Combined_R22+RateHike_R2_受惠
FET,2026-09-21,80.86,3.35,True,81.07,0.27,0.73,True,68.0,0.38,67.6,False,4.14,3.88,72.1,-7.5,A 待突破,True,8:49,264.6,跌,251.0,21,False,4.0,-0.6435,-0.586,-1.3724,False,True,-0.26,-0.06,79.86,1.24,0.3,15.8,OHLC,—,HH/HL,自然回檔,True,265,4,FET,10MA_R20
CVE,2026-09-21,31.57,0.96,True,32.16,0.089,0.84,False,82.3,-0.89,83.2,True,3.04,2.27,66.3,-10.9,A 待突破,True,6:18,188.8,跌,55.0,7,False,4.0,-0.2504,-0.1596,-0.2504,False,True,-1.86,-0.61,34.16,-8.2,-2.7,212.1,OHLC,↓,LH/LL,DT,False,265,4,CVE,Combined_R22
CRSP,2026-09-21,58.33,2.71,True,56.24,0.156,0.22,True,67.9,0.66,67.2,False,4.64,3.4,45.5,11.8,C 基底修復,True,9:32,286.2,升,9.0,1,False,5.0,0.1211,-0.1374,,False,True,3.57,0.77,51.83,11.14,2.4,89.3,OHLC,↑,HH/HL,UT,False,265,4,CRSP,SubSector_R12
CHD,2026-09-21,95.49,1.82,False,98.32,-0.269,-0.79,True,92.1,0.2,91.9,True,1.91,1.36,38.0,13.0,C 基底修復,True,8:49,264.6,跌,343.0,15,False,5.0,-0.2338,-0.3592,-0.8335,True,True,-2.96,-1.55,96.28,-0.83,-0.43,178.9,OHLC,↓,LH/LL,DT,False,265,4,CHD,SubSector_R12
WDAY,2026-09-21,191.92,8.64,True,195.28,0.382,0.35,True,64.6,0.7,63.9,False,4.5,4.18,62.0,-1.8,C 基底修復,True,8:49,264.6,跌,153.0,19,False,5.0,-1.5101,-1.5606,-3.4876,True,True,-1.75,-0.39,187.76,2.17,0.48,708.4,OHLC,—,HH/HL,次級回檔,True,265,4,WDAY,SubSector_R12
NOW,2026-09-21,137.68,6.2,True,133.48,0.603,0.6,True,66.8,1.11,65.7,False,4.5,3.74,53.8,1.4,C 基底修復,True,7:48,234.0,跌,80.0,10,False,5.0,-0.9824,-0.9703,-1.4944,False,True,3.05,0.68,142.35,-3.39,-0.75,2145.4,OHLC,↓,LH/LL,自然回檔,False,265,4,NOW,AI_R13+SubSector_R12+Combined_R22+10MA_R20
CRM,2026-09-21,236.42,9.35,True,233.61,1.109,0.79,True,69.9,0.63,69.3,False,3.96,3.7,52.5,-0.5,E 延伸,True,7:14,217.1,跌,71.0,8,False,5.0,-3.8636,-3.2222,-3.8636,False,True,1.19,0.3,259.43,-9.73,-2.46,3978.5,OHLC,↓,LH/LL,DT,False,265,4,CRM,AI_R13+SubSector_R12+Combined_R22
PG,2026-09-21,146.08,2.27,True,144.96,0.019,0.02,True,94.5,0.35,94.1,True,1.55,1.11,20.5,-10.9,D 趨勢弱,False,11:51,355.5,升,48.0,6,False,6.0,0.217,0.2801,,False,True,0.76,0.49,148.23,-1.47,-0.95,1226.0,OHLC,—,LH/LL,次級反彈,False,265,4,PG,SubSector_R12
ZD,2026-09-21,57.47,1.71,True,56.32,0.139,0.73,True,84.4,0.33,84.1,True,2.97,1.92,71.4,-0.4,A 待突破,False,11:28,344.2,升,41.0,5,False,6.0,0.0828,0.1608,,False,True,2.0,0.67,55.29,3.79,1.28,40.1,OHLC,↑,HH/HL,自然回檔,False,265,4,ZD,Combined_R22
ADP,2026-09-21,269.94,5.46,False,275.22,-0.09,0.02,True,89.3,0.22,89.1,True,2.02,1.87,57.7,-1.3,A 待突破,True,8:49,264.6,跌,187.0,14,False,6.0,-1.4833,-1.4982,-3.0643,True,True,-1.96,-0.97,276.63,-2.48,-1.22,599.2,OHLC,—,LH/LL,次級回檔,True,265,4,ADP,SubSector_R12
CBRE,2026-09-21,143.21,4.22,False,145.24,-0.239,-0.49,True,83.3,0.31,83.0,True,2.95,2.15,16.1,6.4,D 趨勢弱,True,8:49,264.6,跌,217.0,19,False,6.0,-0.3794,-0.7668,-1.4979,True,True,-1.42,-0.48,143.63,-0.29,-0.1,249.9,OHLC,—,LH/LL,自然反彈,True,265,4,CBRE,SubSector_R12
DHI,2026-09-21,139.25,3.86,False,143.11,-0.453,-0.58,True,84.8,0.48,84.3,True,2.77,2.05,13.2,5.0,D 趨勢弱,True,8:49,264.6,跌,117.0,16,False,6.0,-0.0379,-0.1591,-1.23,True,True,-2.77,-1.0,142.98,-2.68,-0.97,346.3,OHLC,—,LH/LL,自然反彈,True,265,4,DHI,SubSector_R12+RateHike_R2_迴避
HRB,2026-09-21,44.5,1.56,True,49.77,0.111,-0.1,True,75.4,0.55,74.8,True,3.51,3.1,32.3,-0.4,D 趨勢弱,True,8:49,264.6,跌,182.0,17,False,6.0,-0.7055,-0.8027,-1.2778,True,False,-11.84,-3.37,45.84,-3.01,-0.86,77.7,OHLC,↓,LH/LL,DT,False,265,4,HRB,SubSector_R12
J,2026-09-21,143.76,3.09,False,146.25,-0.059,0.04,True,90.4,0.15,90.3,True,2.15,1.49,62.0,-0.0,B 上升結構,True,8:49,264.6,跌,143.0,15,False,6.0,-0.6549,-0.7584,-1.5828,True,True,-1.74,-0.81,145.71,-1.36,-0.63,117.5,OHLC,—,LH/LL,UT,True,265,4,J,SubSector_R12
VZ,2026-09-21,47.68,1.03,True,49.39,0.043,0.51,True,89.6,0.09,89.5,True,2.16,1.67,38.5,-10.9,C 基底修復,True,8:01,240.7,跌,84.0,11,False,6.0,-0.4468,-0.3681,-0.4468,False,False,-3.59,-1.66,51.67,-8.37,-3.87,987.8,OHLC,↓,LH/LL,DT,False,265,4,VZ,SubSector_R12+10MA_R20_跌出+RateHike_R2_迴避
SPT,2026-09-21,10.33,0.55,True,10.6,0.035,0.58,True,57.9,0.88,57.0,False,5.3,4.8,52.4,-1.2,C 基底修復,True,7:37,228.5,跌,77.0,10,False,6.0,-0.1634,-0.1401,-0.1634,False,True,-2.61,-0.49,10.13,1.94,0.37,13.7,OHLC,↑,HH/HL,自然回檔,False,265,4,SPT,10MA_R20
PGR,2026-09-21,212.24,4.22,False,215.66,-0.041,0.12,True,88.2,0.12,88.1,True,1.99,2.13,43.5,-2.7,C 基底修復,True,7:00,210.0,跌,67.0,10,False,6.0,-0.8539,-0.6319,-2.4398,False,True,-1.61,-0.81,222.08,-4.64,-2.33,435.6,OHLC,↓,LH/LL,DT,False,265,4,PGR,SubSector_R12
OKE,2026-09-21,91.8,2.5,True,94.56,0.12,0.56,True,87.1,0.09,87.0,True,2.73,1.63,46.6,-17.2,C 基底修復,True,6:17,188.6,跌,55.0,5,False,6.0,-0.6016,-0.4929,-0.6016,False,False,-3.0,-1.1,99.3,-8.17,-3.0,347.1,OHLC,—,LH/LL,自然回檔,False,265,4,OKE,SubSector_R12
AMT,2026-09-21,174.6,3.89,True,175.11,0.03,0.28,True,89.1,0.61,88.5,True,2.23,1.71,33.2,-10.2,D 趨勢弱,False,5:40,170.0,跌,44.0,4,False,6.0,-0.309,-0.2534,-0.309,False,True,-0.29,-0.13,172.92,0.96,0.43,400.1,OHLC,—,HH/HL,次級回檔,True,265,4,AMT,SubSector_R12
TD,2026-09-21,124.04,2.02,True,120.61,0.008,0.03,True,93.7,0.11,93.6,True,1.63,1.25,81.3,-0.9,A 待突破,False,1:43,51.6,升,79.0,6,False,6.0,0.2821,0.1431,,False,True,2.77,1.7,119.14,3.95,2.43,227.8,OHLC,↑,HH/HL,UT,False,265,4,TD,Combined_R22
WST,2026-09-21,361.78,8.06,True,351.1,0.337,0.47,True,89.7,0.35,89.4,True,2.23,1.57,76.1,0.4,A 待突破,False,11:49,354.7,升,47.0,6,False,7.0,2.3997,2.6722,,False,True,2.95,1.32,370.67,-2.46,-1.1,200.8,OHLC,—,LH/LL,UT,False,265,4,WST,Combined_R22
ABBV,2026-09-21,264.48,5.47,True,257.87,0.641,0.64,True,90.5,0.29,90.2,True,2.07,1.55,81.4,10.0,A 待突破,False,11:00,330.0,升,33.0,4,False,7.0,0.5066,0.4528,,False,True,2.5,1.21,261.72,1.04,0.5,1122.3,OHLC,—,LH/LL,UT,False,265,4,ABBV,SubSector_R12+Combined_R22
BABA,2026-09-21,115.75,3.16,False,118.79,-0.266,-0.72,True,81.7,0.75,81.0,True,2.73,2.68,13.7,0.8,D 趨勢弱,True,9:28,284.0,升,8.0,1,False,7.0,0.3248,-0.1617,,False,True,-2.63,-0.96,118.9,-2.72,-1.0,1157.1,OHLC,↓,LH/LL,自然反彈,False,265,4,BABA,AI_R13
EXR,2026-09-21,137.46,2.65,False,141.11,-0.38,-0.93,True,92.3,0.27,92.1,True,1.93,1.28,23.4,2.2,D 趨勢弱,True,9:27,283.6,升,8.0,1,False,7.0,0.0119,-0.0689,,False,True,-2.66,-1.38,139.4,-1.41,-0.73,183.4,OHLC,—,LH/LL,自然回檔,True,265,4,EXR,SubSector_R12
MDB,2026-09-21,407.3,21.78,True,405.59,0.217,0.13,True,60.1,0.73,59.4,False,5.35,4.26,71.5,25.2,B 上升結構,True,8:49,264.6,跌,132.0,20,False,7.0,-0.3031,-2.5146,-11.9742,True,True,0.42,0.08,373.87,8.21,1.53,812.2,OHLC,—,LH/LL,UT,True,265,4,MDB,AI_R13+SubSector_R12+Combined_R22
APLE,2026-09-21,15.68,0.31,False,15.85,-0.024,-0.73,True,92.0,0.35,91.7,True,2.0,1.28,49.6,0.7,C 基底修復,True,9:29,284.5,升,8.0,1,False,8.0,0.0107,-0.007,,False,True,-1.07,-0.53,15.84,-1.05,-0.53,37.6,OHLC,—,LH/LL,UT,True,265,4,APLE,Combined_R22
ANGO,2026-09-21,15.42,0.48,False,15.59,-0.004,0.12,True,82.7,0.76,82.0,True,3.08,2.13,73.5,1.6,A 待突破,True,8:49,264.6,跌,409.0,22,False,8.0,-0.0632,-0.0696,-0.1622,True,True,-1.07,-0.35,15.89,-3.05,-0.99,6.0,OHLC,—,LH/LL,UT,True,265,4,ANGO,Combined_R22
ET,2026-09-21,20.9,0.33,True,21.22,0.036,0.56,False,94.7,-0.13,94.8,True,1.57,1.04,70.2,-7.3,C 基底修復,True,8:49,264.6,跌,110.0,12,False,8.0,-0.1104,-0.0959,-0.1104,False,True,-1.54,-0.98,20.13,3.68,2.34,157.1,OHLC,↑,HH/HL,自然回檔,False,265,4,ET,SubSector_R12
HCA,2026-09-21,425.97,12.63,True,418.72,0.529,0.35,True,82.7,0.12,82.6,True,2.96,2.26,22.7,-0.1,D 趨勢弱,False,12:57,28.6,升,66.0,7,False,8.0,0.6777,0.9555,,False,True,1.7,0.57,433.8,-1.84,-0.62,648.8,OHLC,—,LH/LL,UT,False,265,4,HCA,SubSector_R12+RateHike_R2_受惠
LIFE,2026-09-21,36.49,2.62,True,36.85,0.186,1.27,True,50.8,1.07,49.7,False,7.18,4.56,53.2,1.4,B 上升結構,True,8:18,248.8,跌,88.0,15,False,10.0,-0.8768,-0.829,-0.8768,False,True,-0.98,-0.14,38.85,-6.47,-0.9,58.9,OHLC,—,HH/HL,DT,False,162,4,LIFE,10MA_R20_跌出
NHC,2026-09-21,223.31,6.49,True,224.05,0.215,0.2,True,84.3,0.62,83.6,True,2.91,2.02,67.8,9.2,A 待突破,False,4:53,146.5,跌,31.0,2,False,11.0,-0.1863,-0.1172,-1.9736,False,True,-0.33,-0.11,219.88,1.54,0.53,24.2,OHLC,—,HH/HL,自然回檔,True,265,4,NHC,Combined_R22
EGP,2026-09-21,202.57,3.26,True,200.68,0.082,-0.3,True,94.2,0.03,94.2,True,1.61,1.13,42.9,-0.3,C 基底修復,False,1:00,30.0,升,67.0,7,False,11.0,0.7572,0.6299,,False,True,0.93,0.58,195.71,3.39,2.1,91.6,OHLC,—,HH/HL,自然反彈,False,265,4,EGP,SubSector_R12
RRBI,2026-09-21,101.62,2.08,True,101.94,0.046,0.08,True,91.9,0.12,91.8,True,2.05,1.25,71.4,-9.2,A 待突破,False,5:40,170.0,跌,44.0,5,False,12.0,-0.201,-0.1565,-0.3989,False,True,-0.32,-0.16,100.95,0.65,0.32,6.3,OHLC,—,HH/HL,UT,True,265,4,RRBI,Combined_R22
FBLA,2026-09-21,16.26,0.25,True,15.86,0.021,0.44,True,95.5,0.08,95.4,True,1.56,0.83,68.6,-0.6,A 待突破,False,2:15,67.5,升,88.0,10,False,12.0,0.0197,0.0126,,False,True,2.48,1.59,15.72,3.32,2.12,1.9,OHLC,—,HH/HL,UT,True,265,4,FBLA,10MA_R20
MSGS,2026-09-21,400.09,9.48,True,398.21,0.239,0.04,True,89.5,0.62,88.9,True,2.37,1.47,77.2,1.8,A 待突破,False,12:26,12.9,升,57.0,5,False,12.0,0.8573,0.5908,,False,True,0.47,0.2,401.88,-0.45,-0.19,111.0,OHLC,—,LH/LL,自然反彈,True,265,4,MSGS,Combined_R22
REX,2026-09-21,43.13,1.44,True,42.73,0.025,-0.11,True,82.9,0.08,82.9,True,3.35,1.83,44.0,-0.8,C 基底修復,False,1:29,44.6,升,75.0,10,False,13.0,0.2192,0.1996,,False,True,0.92,0.27,42.74,0.9,0.27,9.4,OHLC,—,LH/LL,UT,True,265,4,REX,Combined_R22
OPHC,2026-09-21,9.2,0.43,True,9.27,0.015,0.27,True,66.6,0.01,66.6,False,4.67,3.62,84.4,6.6,A 待突破,True,8:49,264.6,跌,166.0,21,False,14.0,-0.0441,-0.046,-0.1843,True,True,-0.75,-0.16,8.96,2.61,0.56,1.0,OHLC,—,HH/HL,自然反彈,True,265,4,OPHC,10MA_R20_跌出
FTI,2026-09-21,71.31,2.38,True,75.92,0.095,0.16,True,81.3,0.74,80.6,True,3.34,2.15,45.3,-2.3,C 基底修復,True,7:01,210.6,跌,67.0,9,False,14.0,-0.8858,-0.8579,-0.8858,False,False,-6.46,-1.93,74.57,-4.57,-1.37,212.9,OHLC,↓,LH/LL,DT,False,265,4,FTI,Combined_R22
VST,2026-09-21,140.78,4.94,True,143.02,0.144,-0.12,True,78.0,0.61,77.4,True,3.51,2.61,13.7,0.1,D 趨勢弱,False,4:10,125.1,跌,20.0,2,False,14.0,-0.1164,-0.0088,-1.9035,False,True,-1.59,-0.45,140.39,0.28,0.08,618.2,OHLC,↑,HH/HL,次級回檔,False,265,4,VST,AI_R13+SubSector_R12+Combined_R22
CNR,2026-09-21,90.75,3.14,True,95.9,0.157,0.53,True,79.9,0.47,79.4,True,3.46,2.3,21.6,-11.1,C 基底修復,True,7:43,231.4,跌,79.0,11,False,,-1.4588,-1.3964,-1.4588,False,False,-5.68,-1.64,,,,45.3,OHLC,—,HH/HL,DT,False,265,4,CNR,SubSector_R12
PEGA,2026-09-21,34.97,1.46,True,35.35,0.053,0.48,True,68.8,0.62,68.1,False,4.18,3.69,36.0,-0.4,D 趨勢弱,True,6:42,200.8,跌,62.0,4,False,,-0.3261,-0.2404,-0.4591,False,True,-1.07,-0.26,35.03,-0.17,-0.04,85.0,OHLC,↑,HH/HL,自然回檔,False,265,4,PEGA,10MA_R20
TARS,2026-09-21,77.46,3.14,True,76.59,0.494,0.87,True,70.1,0.55,69.5,False,4.06,3.56,61.2,2.4,B 上升結構,True,6:06,182.9,跌,52.0,6,False,,-0.945,-0.8471,-0.945,False,True,1.13,0.28,77.08,0.49,0.12,60.1,OHLC,↑,HH/HL,自然回檔,False,265,4,TARS,10MA_R20_跌出
DMLP,2026-09-21,29.42,0.54,True,28.66,0.099,1.57,False,92.2,-0.29,92.5,True,1.84,1.39,73.0,1.4,A 待突破,True,6:00,180.0,跌,50.0,4,False,,-0.0652,-0.0295,-0.2038,False,True,2.6,1.41,28.36,3.6,1.96,2.9,OHLC,—,HH/HL,自然回檔,True,265,4,DMLP,10MA_R20
FCFS,2026-09-21,216.12,7.38,True,221.02,0.381,0.21,True,79.3,0.18,79.1,True,3.42,2.47,56.9,-3.4,A 待突破,False,5:53,176.7,跌,48.0,5,False,,-1.1607,-0.9624,-2.114,False,True,-2.27,-0.66,214.47,0.76,0.22,100.6,OHLC,↑,HH/HL,自然回檔,False,265,4,FCFS,Combined_R22+10MA_R20_跌出
FMAO,2026-09-21,35.49,0.86,True,34.78,0.07,0.34,True,86.5,0.33,86.2,True,2.44,2.03,81.0,0.4,A 待突破,False,3:35,107.3,跌,10.0,1,False,,-0.0153,0.0097,-0.2878,False,True,2.01,0.83,33.69,5.07,2.08,1.6,OHLC,↑,HH/HL,UT,False,265,4,FMAO,10MA_R20
ELV,2026-09-21,409.31,10.2,True,405.77,0.501,0.57,True,85.1,0.42,84.7,True,2.49,2.26,70.3,-0.9,A 待突破,False,3:33,106.7,跌,9.0,1,False,,-0.1368,0.3598,-3.7329,False,True,0.86,0.35,396.9,3.03,1.22,463.3,OHLC,↑,HH/HL,自然回檔,False,265,4,ELV,SubSector_R12
MO,2026-09-21,68.53,1.46,True,67.69,0.023,0.17,True,88.4,0.07,88.4,True,2.13,1.94,39.5,-7.9,C 基底修復,False,2:49,84.6,升,186.0,21,False,,0.084,0.1915,,False,True,1.23,0.58,67.89,0.93,0.44,567.6,OHLC,↑,HH/HL,自然回檔,False,265,4,MO,SubSector_R12
KR,2026-09-21,59.69,1.49,True,58.23,0.12,0.53,True,87.7,0.18,87.6,True,2.5,1.72,21.4,0.4,D 趨勢弱,False,12:44,22.0,升,62.0,7,False,,0.2381,0.3386,,False,True,2.44,0.97,62.55,-4.79,-1.91,424.4,OHLC,—,LH/LL,自然回檔,False,265,4,KR,SubSector_R12
ARWR,2026-09-21,68.79,3.98,False,79.36,-0.71,-1.65,True,60.0,1.23,58.8,False,5.79,3.85,25.5,2.2,D 趨勢弱,True,8:49,264.6,跌,153.0,27,True,0.0,-2.0239,-2.2728,-2.2728,True,False,-15.37,-2.65,86.49,-25.73,-4.44,136.3,OHLC,↓,LH/LL,自然反彈,False,265,3,ARWR,Combined_R22
COMP,2026-09-21,10.13,0.53,False,11.12,-0.092,-1.02,True,64.6,0.27,64.3,False,5.26,3.44,16.5,1.1,D 趨勢弱,True,8:49,264.6,跌,197.0,24,True,0.0,-0.0424,-0.0467,-0.2689,True,False,-9.77,-1.86,10.65,-5.13,-0.98,131.2,OHLC,—,LH/LL,DT,True,265,3,COMP,SubSector_R12
ELVN,2026-09-21,48.87,2.33,False,55.37,-0.551,-1.51,True,72.1,0.46,71.7,False,4.76,2.47,43.0,-0.6,D 趨勢弱,True,8:49,264.6,跌,216.0,27,True,0.0,-1.2109,-1.2377,-1.2377,True,False,-13.3,-2.79,50.24,-2.8,-0.59,68.5,OHLC,↓,LH/LL,DT,False,265,3,ELVN,Combined_R22
ENVA,2026-09-21,171.36,9.77,False,215.0,-2.942,-2.96,True,58.3,0.3,58.0,False,5.7,4.3,18.9,-0.8,D 趨勢弱,True,8:49,264.6,跌,170.0,30,True,0.0,-6.1012,-6.2981,-6.2981,True,False,-25.47,-4.47,179.06,-4.49,-0.79,66.1,OHLC,↓,LH/LL,DT,False,265,3,ENVA,Combined_R22
IONS,2026-09-21,44.9,2.4,False,54.3,-0.476,-1.28,True,58.9,1.38,57.5,False,5.34,4.54,0.0,0.0,D 趨勢弱,True,8:49,264.6,跌,114.0,11,True,0.0,-1.425,-1.5244,-1.5244,True,False,-20.94,-3.92,46.75,-4.12,-0.77,172.5,OHLC,↓,LH/LL,DT,False,265,3,IONS,SubSector_R12
MGM,2026-09-21,38.73,0.9,False,41.33,-0.249,-1.88,False,90.3,-0.28,90.6,True,2.31,1.37,13.2,4.7,D 趨勢弱,True,8:49,264.6,跌,168.0,17,True,0.0,-0.1733,-0.2446,-0.3478,True,False,-6.71,-2.9,44.31,-14.41,-6.23,91.3,OHLC,↓,LH/LL,自然反彈,False,265,3,MGM,SubSector_R12
PKE,2026-09-21,30.3,1.3,False,33.04,-0.179,-0.98,True,71.5,0.73,70.7,False,4.3,3.05,35.2,4.3,D 趨勢弱,True,8:49,264.6,跌,185.0,23,True,0.0,-0.0319,-0.0406,-0.5983,True,False,-9.06,-2.11,31.76,-4.82,-1.12,7.9,OHLC,—,LH/LL,DT,True,265,3,PKE,Combined_R22
Z,2026-09-21,30.65,1.48,False,33.71,-0.103,-0.39,True,67.6,1.35,66.3,False,4.82,3.27,0.8,0.8,D 趨勢弱,True,8:49,264.6,跌,134.0,15,True,0.0,-0.4179,-0.4754,-0.5012,True,False,-9.97,-2.07,33.18,-8.25,-1.71,105.5,OHLC,↓,LH/LL,自然反彈,False,265,3,Z,SubSector_R12
METC,2026-09-21,9.37,0.89,False,11.91,-0.004,0.27,True,40.2,1.58,38.6,False,9.5,5.24,10.0,10.0,D 趨勢弱,True,8:11,245.3,跌,86.0,9,True,0.0,-0.42,-0.4427,-0.4427,True,False,-27.07,-2.85,,,,21.0,OHLC,—,HH/HL,DT,False,265,3,METC,SubSector_R12
RCAT,2026-09-21,6.95,0.57,False,8.86,-0.084,-0.83,True,44.2,1.56,42.7,False,8.24,5.26,0.0,0.0,D 趨勢弱,True,8:03,241.6,跌,84.0,20,True,0.0,-0.1598,-0.1726,-0.1785,True,False,-27.5,-3.34,7.96,-14.6,-1.77,55.4,OHLC,↓,LH/LL,自然反彈,False,265,3,RCAT,SubSector_R12
LAZ,2026-09-21,36.48,1.92,False,40.9,-0.355,-1.37,True,69.1,0.67,68.4,False,5.25,2.56,0.3,0.3,D 趨勢弱,True,6:46,203.0,跌,63.0,9,True,0.0,-0.7886,-0.8631,-0.8631,True,False,-12.13,-2.31,45.21,-23.93,-4.56,63.3,OHLC,↓,LH/LL,自然反彈,False,265,3,LAZ,SubSector_R12
CEG,2026-09-21,262.11,10.28,False,275.89,-0.414,-0.22,False,76.7,-0.36,77.1,True,3.92,2.44,11.0,3.1,D 趨勢弱,True,6:33,196.7,跌,59.0,6,True,0.0,-3.7384,-4.1561,-4.1561,True,False,-5.26,-1.34,,,,753.0,OHLC,—,HH/HL,自然反彈,False,265,3,CEG,AI_R13+SubSector_R12+Combined_R22
SMR,2026-09-21,8.79,0.74,False,9.3,-0.03,-0.22,True,42.1,1.72,40.4,False,8.45,5.67,11.9,7.9,D 趨勢弱,False,5:50,174.9,跌,47.0,6,True,0.0,-0.1431,-0.172,-0.1829,True,True,-5.81,-0.69,9.04,-2.84,-0.34,352.1,OHLC,↓,LH/LL,自然反彈,False,265,3,SMR,AI_R13+SubSector_R12+Combined_R22+RateHike_R2_迴避
REG,2026-09-21,72.92,1.09,False,75.29,-0.161,-1.15,True,95.2,0.1,95.1,True,1.49,0.97,23.6,-0.3,D 趨勢弱,False,5:47,173.7,跌,47.0,5,True,0.0,-0.1488,-0.1514,-0.6799,True,False,-3.25,-2.18,76.54,-4.96,-3.33,92.5,OHLC,↓,LH/LL,DT,False,265,3,REG,SubSector_R12
SLB,2026-09-21,51.76,1.86,False,55.0,-0.012,0.03,True,78.4,0.22,78.2,True,3.6,2.44,45.4,2.9,C 基底修復,False,5:33,166.6,跌,43.0,8,True,0.0,-0.8307,-0.8541,-0.8541,True,False,-6.27,-1.74,52.06,-0.58,-0.16,774.0,OHLC,—,HH/HL,DT,False,265,3,SLB,SubSector_R12+RateHike_R2_迴避
RIVN,2026-09-21,15.36,0.71,False,15.84,-0.016,-0.1,True,63.3,0.64,62.6,False,4.61,4.35,12.0,-8.9,D 趨勢弱,False,5:32,165.8,跌,42.0,5,True,0.0,-0.0752,-0.088,-0.2459,True,True,-3.1,-0.67,16.17,-5.27,-1.14,322.5,OHLC,↓,LH/LL,自然反彈,False,265,3,RIVN,SubSector_R12
MTB,2026-09-21,226.96,4.54,False,238.86,-0.56,-1.02,True,92.1,0.31,91.8,True,2.0,1.26,38.1,1.8,C 基底修復,False,5:24,162.0,跌,40.0,5,True,0.0,-1.0989,-1.1166,-2.0155,True,False,-5.25,-2.62,240.06,-5.77,-2.89,244.9,OHLC,↓,LH/LL,DT,False,265,3,MTB,SubSector_R12
EVR,2026-09-21,269.01,9.22,False,288.9,-1.443,-1.05,True,79.7,0.12,79.6,True,3.43,2.36,18.7,5.7,D 趨勢弱,False,5:03,151.5,跌,34.0,5,True,0.0,-1.2367,-1.8061,-2.8618,True,False,-7.39,-2.16,297.92,-10.75,-3.13,128.5,OHLC,↓,LH/LL,自然反彈,False,265,3,EVR,SubSector_R12
CARR,2026-09-21,54.62,1.84,False,58.26,-0.299,-1.28,True,81.8,0.97,80.8,True,3.36,2.04,10.8,2.8,D 趨勢弱,False,4:28,134.1,跌,25.0,5,True,0.0,-0.1671,-0.2207,-0.9256,True,False,-6.67,-1.98,59.71,-9.32,-2.77,380.1,OHLC,↓,LH/LL,DT,False,265,3,CARR,SubSector_R12
PNC,2026-09-21,233.25,4.64,False,242.98,-0.443,-0.87,True,92.7,0.4,92.3,True,1.99,1.13,45.4,1.9,C 基底修復,False,4:24,132.1,跌,23.0,5,True,0.0,-0.9568,-1.0026,-1.7313,True,False,-4.17,-2.1,227.86,2.31,1.16,380.8,OHLC,↑,HH/HL,自然回檔,False,265,3,PNC,SubSector_R12+Combined_R22+RateHike_R2_迴避
BA,2026-09-21,201.15,5.46,False,211.39,-0.997,-1.51,True,85.0,0.44,84.5,True,2.71,2.07,12.0,5.6,D 趨勢弱,False,4:23,131.3,跌,23.0,4,True,0.0,-0.6977,-0.8592,-2.5802,True,False,-5.09,-1.88,210.45,-4.62,-1.7,1188.5,OHLC,↓,LH/LL,自然反彈,False,265,3,BA,SubSector_R12+Combined_R22
CMI,2026-09-21,534.78,16.94,False,568.46,-3.613,-1.42,True,82.7,0.91,81.8,True,3.17,2.05,17.7,2.3,C 基底修復,True,9:34,287.1,升,10.0,1,False,1.0,0.4888,-0.2211,,False,False,-6.3,-1.99,561.55,-5.01,-1.58,604.1,OHLC,↓,LH/LL,自然反彈,False,265,3,CMI,AI_R13+SubSector_R12
GLW,2026-09-21,158.98,8.96,False,154.67,-0.358,-0.13,True,52.9,1.68,51.3,False,5.64,5.58,65.5,10.0,D 趨勢弱,True,9:32,286.0,升,9.0,1,False,1.0,0.3312,-0.3556,,False,True,2.71,0.48,142.35,10.46,1.86,1450.4,OHLC,—,HH/HL,自然反彈,False,265,3,GLW,AI_R13+Combined_R22
AMAT,2026-09-21,464.24,21.8,False,478.45,-2.007,-0.74,True,61.7,2.06,59.7,False,4.7,4.58,54.6,5.1,D 趨勢弱,True,9:31,285.3,升,9.0,1,False,1.0,2.3874,-0.3561,,False,True,-3.06,-0.65,472.79,-1.84,-0.39,3100.7,OHLC,↓,LH/LL,自然反彈,False,265,3,AMAT,AI_R13+SubSector_R12+Combined_R22
HOOD,2026-09-21,123.3,6.89,True,108.73,0.99,0.51,True,57.6,0.92,56.7,False,5.59,4.58,43.7,1.5,E 延伸,True,9:25,282.5,升,7.0,1,False,1.0,0.2984,-0.2768,,False,False,11.82,2.12,104.42,15.31,2.74,2905.9,OHLC,↑,HH/HL,UT,False,265,3,HOOD,SubSector_R12+Combined_R22+RateHike_R2_迴避
EME,2026-09-21,757.71,26.94,False,770.35,-2.188,-0.56,True,73.9,0.35,73.5,False,3.56,3.34,37.4,9.4,C 基底修復,True,9:25,282.3,升,7.0,1,False,1.0,0.9917,-0.2501,,False,True,-1.67,-0.47,723.87,4.47,1.26,287.0,OHLC,—,HH/HL,自然反彈,True,265,3,EME,SubSector_R12
AFRM,2026-09-21,71.05,3.56,False,75.21,-0.121,-0.18,True,68.1,0.2,67.9,False,5.01,2.99,50.9,2.5,C 基底修復,True,8:49,264.6,跌,128.0,15,True,1.0,-0.0811,-0.1292,-1.8687,True,False,-5.85,-1.17,73.38,-3.28,-0.65,424.9,OHLC,—,LH/LL,DT,True,265,3,AFRM,SubSector_R12
ATI,2026-09-21,189.16,8.66,False,206.82,-1.182,-0.56,True,71.9,0.26,71.6,False,4.58,2.7,46.1,1.8,C 基底修復,True,8:49,264.6,跌,160.0,22,True,1.0,-2.0149,-2.3851,-3.0525,True,False,-9.34,-2.04,197.0,-4.14,-0.91,395.9,OHLC,↓,LH/LL,自然反彈,False,265,3,ATI,Combined_R22
BOOT,2026-09-21,124.33,6.17,False,148.66,-1.108,-1.57,True,67.9,0.92,67.0,False,4.96,3.08,0.0,0.0,D 趨勢弱,True,8:49,264.6,跌,142.0,19,True,1.0,-2.6661,-3.0032,-3.0631,True,False,-19.57,-3.94,144.39,-16.13,-3.25,84.1,OHLC,↓,LH/LL,DT,False,265,3,BOOT,Combined_R22
LOB,2026-09-21,38.02,0.92,False,40.31,-0.115,-1.0,True,89.1,0.53,88.6,True,2.42,1.51,24.6,-16.0,C 基底修復,True,8:49,264.6,跌,346.0,32,False,1.0,-0.071,-0.0679,-0.4245,False,False,-6.03,-2.49,39.61,-4.18,-1.73,7.5,OHLC,↓,LH/LL,DT,False,265,3,LOB,Combined_R22
OPEN,2026-09-21,2.68,0.17,False,3.22,-0.022,-1.24,True,54.2,1.13,53.0,False,6.51,4.42,10.0,0.0,D 趨勢弱,True,8:49,264.6,跌,102.0,14,True,1.0,-0.0144,-0.0283,-0.0989,True,False,-20.12,-3.09,3.15,-17.54,-2.69,82.2,OHLC,↓,LH/LL,自然反彈,False,265,3,OPEN,SubSector_R12
SOFI,2026-09-21,16.97,0.71,False,17.94,-0.059,-0.31,True,70.4,0.07,70.3,False,4.21,3.35,19.8,2.7,D 趨勢弱,True,8:49,264.6,跌,136.0,15,True,1.0,-0.124,-0.1449,-0.2562,True,False,-5.71,-1.36,17.65,-4.01,-0.95,675.6,OHLC,↓,LH/LL,DT,False,265,3,SOFI,SubSector_R12
CWST,2026-09-21,87.05,2.65,True,91.42,0.03,-0.06,False,84.9,-0.36,85.2,True,3.04,1.76,14.6,-17.4,D 趨勢弱,True,8:12,246.1,跌,87.0,9,False,1.0,-0.5458,-0.4456,-1.2631,False,False,-5.02,-1.65,92.52,-6.28,-2.06,42.2,OHLC,↓,LH/LL,DT,False,265,3,CWST,SubSector_R12
WFRD,2026-09-21,82.2,3.56,False,90.48,-0.189,-0.44,True,74.0,0.11,73.8,False,4.33,2.55,12.6,0.9,C 基底修復,True,7:05,212.6,跌,68.0,8,True,1.0,-1.4363,-1.5431,-1.5621,True,False,-10.07,-2.33,80.48,2.09,0.48,87.9,OHLC,—,HH/HL,DT,False,265,3,WFRD,SubSector_R12
CRWV,2026-09-21,85.43,5.83,False,91.92,-0.272,-0.33,True,44.8,0.92,43.9,False,6.83,6.51,26.1,16.4,D 趨勢弱,True,6:54,206.8,跌,65.0,6,True,1.0,-0.6466,-0.9646,-1.4841,True,False,-7.59,-1.11,83.35,2.43,0.36,2281.6,OHLC,↓,LH/LL,自然反彈,False,265,3,CRWV,AI_R13+SubSector_R12+Combined_R22
CRCL,2026-09-21,94.49,6.99,True,87.34,0.845,0.62,True,44.7,0.44,44.2,False,7.4,5.97,27.1,2.1,D 趨勢弱,False,5:38,168.9,跌,44.0,8,True,1.0,-1.1188,-1.5789,-1.9703,True,False,7.57,1.02,90.32,4.41,0.6,1553.9,OHLC,—,HH/HL,自然反彈,False,265,3,CRCL,SubSector_R12
BWXT,2026-09-21,147.47,5.13,False,156.21,-0.521,-0.88,True,78.5,0.41,78.0,True,3.48,2.55,9.3,3.4,D 趨勢弱,False,5:32,165.8,跌,42.0,5,True,1.0,-0.1403,-0.2829,-1.4849,True,False,-5.92,-1.7,158.9,-7.75,-2.23,174.9,OHLC,↓,LH/LL,DT,False,265,3,BWXT,AI_R13
JEF,2026-09-21,47.85,1.79,False,51.99,-0.234,-1.17,True,78.8,2.19,76.6,True,3.74,2.22,22.5,3.0,D 趨勢弱,False,4:55,147.4,跌,32.0,6,True,1.0,-0.5959,-0.6358,-0.6385,True,False,-8.66,-2.31,46.63,2.55,0.68,99.1,OHLC,—,HH/HL,DT,False,265,3,JEF,SubSector_R12
TSM,2026-09-21,445.14,10.83,True,423.49,0.78,0.24,True,84.0,0.22,83.8,True,2.43,2.54,72.5,1.2,B 上升結構,False,10:15,307.4,升,21.0,2,False,2.0,1.552,0.528,,False,False,4.86,2.0,434.16,2.47,1.01,4383.5,OHLC,↑,HH/HL,UT,False,265,3,TSM,AI_R13+SubSector_R12+Combined_R22+RateHike_R2_受惠
TEL,2026-09-21,210.01,6.14,False,206.58,-0.307,-0.25,True,84.4,0.33,84.1,True,2.92,1.97,37.3,8.0,D 趨勢弱,False,10:07,303.5,升,19.0,2,False,2.0,0.3478,0.0014,,False,True,1.63,0.56,211.78,-0.84,-0.29,438.7,OHLC,—,LH/LL,次級反彈,True,265,3,TEL,AI_R13+SubSector_R12
KLAC,2026-09-21,183.97,8.55,False,184.26,-0.493,-0.41,True,62.3,1.17,61.1,False,4.65,4.52,46.1,5.3,D 趨勢弱,True,10:00,300.0,升,17.0,2,False,2.0,1.1664,0.3066,,False,True,-0.16,-0.03,186.78,-1.53,-0.33,1759.6,OHLC,↓,LH/LL,自然反彈,False,265,3,KLAC,AI_R13+SubSector_R12+Combined_R22
SIMO,2026-09-21,269.0,18.99,True,249.21,0.486,-0.02,True,44.0,0.08,43.9,False,7.06,6.52,70.2,3.8,C 基底修復,True,9:56,298.2,升,16.0,2,False,2.0,1.7663,1.1467,,False,False,7.36,1.04,236.81,11.97,1.7,213.5,OHLC,↑,HH/HL,UT,False,265,3,SIMO,AI_R13
NAKA,2026-09-21,10.05,0.6,True,7.46,0.264,1.13,True,49.3,0.94,48.4,False,5.93,6.19,16.5,1.5,E 延伸,True,9:53,296.7,升,15.0,2,False,2.0,0.096,0.0192,,False,False,25.82,4.36,7.78,22.59,3.81,2.2,OHLC,↑,HH/HL,UT,False,184,3,NAKA,10MA_R20
MU,2026-09-21,1043.96,49.22,True,954.96,6.509,0.47,True,59.5,2.17,57.3,False,4.71,5.04,74.5,2.6,C 基底修復,True,9:53,296.4,升,15.0,2,False,2.0,4.538,0.3668,,False,False,8.53,1.81,924.03,11.49,2.44,26246.3,OHLC,↑,HH/HL,UT,False,265,3,MU,AI_R13+SubSector_R12+Combined_R22
OKLO,2026-09-21,40.18,2.87,False,41.18,-0.462,-0.39,True,48.2,1.49,46.7,False,7.14,5.28,11.4,8.0,D 趨勢弱,True,9:51,295.7,升,14.0,1,False,2.0,0.1091,-0.0999,,False,True,-2.5,-0.35,39.65,1.32,0.18,445.5,OHLC,↓,LH/LL,自然反彈,False,265,3,OKLO,AI_R13+SubSector_R12+Combined_R22+RateHike_R2_迴避
VIAV,2026-09-21,36.2,2.3,False,37.9,-0.178,-0.42,True,51.4,1.29,50.1,False,6.35,5.24,41.9,15.0,D 趨勢弱,True,9:47,293.6,升,13.0,1,False,2.0,0.0472,-0.0602,,False,True,-4.7,-0.74,33.3,8.01,1.26,160.1,OHLC,—,HH/HL,自然反彈,False,265,3,VIAV,AI_R13
HYPD,2026-09-21,3.85,0.29,True,3.36,0.028,0.35,True,46.9,0.44,46.5,False,7.51,5.24,28.5,2.0,E 延伸,True,9:44,292.0,升,12.0,2,False,2.0,0.0252,0.0137,,False,False,12.72,1.69,3.49,9.35,1.24,2.4,OHLC,↑,HH/HL,UT,False,265,3,HYPD,10MA_R20
TCEHY,2026-09-21,55.85,1.24,False,56.5,-0.23,-0.85,False,86.5,-0.19,86.7,True,2.22,2.25,22.7,4.3,D 趨勢弱,True,9:35,287.3,升,10.0,1,False,2.0,0.0287,-0.0945,,False,True,-1.16,-0.52,55.79,0.11,0.05,159.3,OHLC,—,LH/LL,自然反彈,True,265,3,TCEHY,AI_R13
ONTO,2026-09-21,275.98,17.29,False,287.34,-1.63,-0.32,True,48.8,1.65,47.1,False,6.26,6.0,44.9,6.8,C 基底修復,True,9:33,286.6,升,9.0,1,False,2.0,0.4266,-1.3304,,False,True,-4.12,-0.66,281.11,-1.86,-0.3,254.1,OHLC,↓,LH/LL,自然反彈,False,265,3,ONTO,AI_R13
COIN,2026-09-21,201.05,12.68,True,176.2,1.969,0.43,True,52.9,0.85,52.0,False,6.31,4.93,25.4,0.4,E 延伸,True,9:30,285.2,升,8.0,1,False,2.0,0.8405,-0.4561,,False,False,12.36,1.96,,,,2135.5,OHLC,—,LH/LL,UT,False,265,3,COIN,SubSector_R12+Combined_R22+RateHike_R2_迴避
ABTC,2026-09-21,10.3,0.86,True,8.39,0.133,0.63,True,35.7,0.3,35.4,False,8.32,7.97,15.0,0.0,E 延伸,True,9:28,284.2,升,8.0,2,False,2.0,0.1692,0.1005,,False,False,18.56,2.23,8.18,20.58,2.47,20.5,OHLC,↑,HH/HL,UT,False,265,3,ABTC,10MA_R20
VCYT,2026-09-21,41.52,2.18,False,42.39,-0.155,-0.55,True,59.9,0.61,59.3,False,5.25,4.42,32.9,6.8,D 趨勢弱,True,9:23,281.7,升,6.0,1,False,2.0,0.0823,-0.0504,,False,True,-2.1,-0.4,43.86,-5.64,-1.07,56.4,OHLC,↓,LH/LL,自然反彈,False,265,3,VCYT,Combined_R22
ADBE,2026-09-21,249.52,9.9,False,264.82,-0.581,-0.17,True,73.3,0.54,72.7,False,3.97,3.04,6.8,0.2,D 趨勢弱,True,8:49,264.6,跌,246.0,12,True,2.0,-3.4084,-3.6912,-5.1951,True,False,-6.13,-1.54,265.6,-6.44,-1.62,1379.2,OHLC,—,LH/LL,DT,True,265,3,ADBE,AI_R13+SubSector_R12
AGM,2026-09-21,218.97,5.46,False,224.64,-0.44,-0.68,False,88.8,-0.1,88.9,True,2.49,1.52,55.2,1.1,C 基底修復,True,8:49,264.6,跌,337.0,26,False,2.0,-0.8304,-0.6572,-3.0935,False,True,-2.59,-1.04,221.49,-1.15,-0.46,24.2,OHLC,—,HH/HL,自然回檔,True,265,3,AGM,10MA_R20
ALB,2026-09-21,112.92,5.4,False,127.65,-0.488,-0.42,True,70.7,1.32,69.4,False,4.78,2.71,9.0,0.1,D 趨勢弱,True,8:49,264.6,跌,114.0,12,True,2.0,-1.951,-2.2977,-2.7856,True,False,-13.04,-2.73,115.05,-1.89,-0.39,275.2,OHLC,↓,LH/LL,自然回檔,False,265,3,ALB,SubSector_R12
ARVN,2026-09-21,8.3,0.33,False,8.84,-0.012,-0.27,True,74.9,0.53,74.3,False,3.99,2.72,7.7,6.1,D 趨勢弱,True,8:49,264.6,跌,217.0,16,True,2.0,-0.1138,-0.131,-0.1595,True,False,-6.46,-1.62,9.59,-15.54,-3.89,6.6,OHLC,↓,LH/LL,DT,False,265,3,ARVN,SubSector_R12
CNI,2026-09-21,117.51,2.12,False,124.0,-0.296,-0.53,True,93.6,0.05,93.6,True,1.81,1.09,47.1,2.7,C 基底修復,True,8:49,264.6,跌,405.0,37,False,2.0,-0.5036,-0.4292,-0.8509,False,False,-5.53,-3.06,123.09,-4.75,-2.63,163.5,OHLC,↓,LH/LL,DT,False,265,3,CNI,Combined_R22
CRVS,2026-09-21,12.42,0.65,False,13.69,-0.032,-0.68,True,66.6,0.09,66.6,False,5.23,3.05,16.7,-3.3,D 趨勢弱,True,8:49,264.6,跌,112.0,20,True,2.0,-0.1642,-0.181,-0.3058,True,False,-10.25,-1.96,14.65,-17.95,-3.43,13.3,OHLC,↓,LH/LL,自然反彈,False,265,3,CRVS,SubSector_R12
DNN,2026-09-21,2.89,0.16,False,3.27,-0.007,-0.15,True,61.5,0.93,60.6,False,5.67,3.66,18.3,3.2,D 趨勢弱,True,8:49,264.6,跌,118.0,14,True,2.0,-0.0587,-0.0678,-0.0783,True,False,-13.32,-2.35,3.22,-11.42,-2.02,72.0,OHLC,↓,LH/LL,自然反彈,False,265,3,DNN,SubSector_R12
HL,2026-09-21,18.35,1.03,True,19.34,0.058,0.41,False,60.3,-1.06,61.4,False,5.62,3.96,26.5,-14.3,D 趨勢弱,True,8:49,264.6,跌,140.0,14,False,2.0,-0.3697,-0.3687,-0.4361,False,True,-5.4,-0.96,18.96,-3.32,-0.59,599.6,OHLC,↓,LH/LL,自然回檔,False,265,3,HL,SubSector_R12
LEU,2026-09-21,154.85,11.39,False,170.01,-1.202,-0.8,True,48.8,1.27,47.6,False,7.36,4.88,2.9,2.9,D 趨勢弱,True,8:49,264.6,跌,213.0,16,True,2.0,-2.4132,-3.5162,-4.643,True,False,-9.79,-1.33,149.85,3.23,0.44,123.9,OHLC,↓,LH/LL,自然反彈,False,265,3,LEU,AI_R13+SubSector_R12
MGA,2026-09-21,63.01,1.83,False,66.97,-0.204,-0.62,True,82.9,0.55,82.3,True,2.9,2.28,48.7,0.4,D 趨勢弱,True,8:49,264.6,跌,174.0,20,False,2.0,-0.2933,-0.2849,-0.8239,False,False,-6.28,-2.17,64.82,-2.87,-0.99,78.5,OHLC,↓,LH/LL,DT,False,265,3,MGA,SubSector_R12
NB,2026-09-21,3.72,0.23,False,4.42,-0.068,-1.14,True,53.9,0.95,52.9,False,6.29,4.71,11.7,1.7,D 趨勢弱,True,8:49,264.6,跌,216.0,23,True,2.0,-0.0215,-0.0399,-0.0777,True,False,-18.71,-2.97,4.14,-11.29,-1.79,9.6,OHLC,↓,LH/LL,自然反彈,False,265,3,NB,SubSector_R12
SANA,2026-09-21,3.1,0.22,False,3.5,-0.008,-0.5,True,51.0,1.02,50.0,False,7.17,4.52,0.0,-0.2,D 趨勢弱,True,8:49,264.6,跌,130.0,14,True,2.0,-0.0667,-0.0807,-0.1153,True,False,-13.0,-1.81,3.2,-3.23,-0.45,10.8,OHLC,↓,LH/LL,自然反彈,False,265,3,SANA,SubSector_R12
SGP,2026-09-21,27.96,1.59,True,27.64,0.101,0.75,False,59.9,-2.42,62.3,False,5.67,3.98,51.4,-3.2,B 上升結構,True,8:49,264.6,跌,100.0,9,False,2.0,-0.122,-0.0401,-0.1396,False,True,1.15,0.2,27.31,2.32,0.41,3.8,OHLC,—,HH/HL,自然回檔,True,156,3,SGP,10MA_R20
SOUN,2026-09-21,6.17,0.32,False,6.87,-0.091,-0.54,True,63.2,1.07,62.1,False,5.17,3.81,13.5,3.5,D 趨勢弱,True,8:49,264.6,跌,199.0,19,True,2.0,-0.0732,-0.0976,-0.1053,True,False,-11.37,-2.2,6.47,-4.86,-0.94,141.9,OHLC,↓,LH/LL,自然反彈,False,265,3,SOUN,AI_R13+Combined_R22
TRVI,2026-09-21,14.89,0.72,False,16.96,-0.152,-1.04,True,65.2,0.52,64.7,False,4.84,3.74,46.3,-1.4,D 趨勢弱,True,8:49,264.6,跌,143.0,22,True,2.0,-0.1797,-0.1985,-0.2396,True,False,-13.94,-2.88,17.26,-15.92,-3.29,23.2,OHLC,↓,LH/LL,DT,False,265,3,TRVI,Combined_R22
UEC,2026-09-21,10.08,0.63,False,11.5,-0.036,-0.2,True,58.0,1.08,56.9,False,6.22,3.85,5.4,5.4,D 趨勢弱,True,8:49,264.6,跌,121.0,13,True,2.0,-0.2328,-0.2676,-0.2877,True,False,-14.06,-2.26,11.89,-17.96,-2.88,90.5,OHLC,↓,LH/LL,自然反彈,False,265,3,UEC,SubSector_R12+RateHike_R2_迴避
UUUU,2026-09-21,12.3,0.8,False,14.02,-0.077,-0.24,True,55.6,1.34,54.3,False,6.47,4.14,3.5,3.5,D 趨勢弱,True,8:49,264.6,跌,122.0,14,True,2.0,-0.2934,-0.362,-0.3957,True,False,-13.99,-2.16,11.98,2.6,0.4,82.2,OHLC,↓,LH/LL,自然反彈,False,265,3,UUUU,SubSector_R12
WHR,2026-09-21,32.64,1.7,False,37.61,-0.352,-1.44,True,65.4,0.32,65.1,False,5.2,3.33,0.0,0.0,D 趨勢弱,True,8:49,264.6,跌,232.0,24,True,2.0,-0.5695,-0.6707,-0.749,True,False,-15.24,-2.93,39.3,-20.4,-3.92,87.6,OHLC,↓,LH/LL,自然反彈,False,265,3,WHR,SubSector_R12
XEL,2026-09-21,71.85,1.34,False,76.07,-0.156,-0.71,True,93.1,0.21,92.9,True,1.87,1.14,12.7,-0.1,D 趨勢弱,True,8:49,264.6,跌,237.0,21,False,2.0,-0.3306,-0.3096,-0.3348,False,False,-5.88,-3.15,77.06,-7.25,-3.88,416.5,OHLC,↓,LH/LL,DT,False,265,3,XEL,SubSector_R12
BBAI,2026-09-21,2.9,0.14,False,3.05,-0.014,-0.24,True,65.5,1.15,64.4,False,4.98,3.53,19.5,6.1,D 趨勢弱,True,8:48,263.8,跌,97.0,14,True,2.0,-0.0024,-0.0118,-0.0258,True,False,-5.08,-1.02,2.88,0.69,0.14,46.2,OHLC,—,LH/LL,自然反彈,True,265,3,BBAI,Combined_R22
HBM,2026-09-21,26.65,1.36,False,27.76,-0.027,0.04,False,64.2,-0.21,64.4,False,5.09,3.68,74.2,-3.1,B 上升結構,True,8:44,261.8,跌,95.0,14,True,2.0,-0.2857,-0.3548,-0.5571,True,True,-4.15,-0.82,27.44,-2.96,-0.58,102.8,OHLC,↓,LH/LL,自然反彈,False,265,3,HBM,SubSector_R12
F,2026-09-21,13.17,0.44,False,13.88,-0.025,-0.39,True,82.3,0.52,81.8,True,3.33,1.97,18.5,3.0,D 趨勢弱,True,8:41,260.5,跌,95.0,9,False,2.0,-0.0809,-0.0721,-0.0857,False,False,-5.41,-1.63,14.26,-8.28,-2.49,635.9,OHLC,↓,LH/LL,DT,False,265,3,F,SubSector_R12
SOBO,2026-09-21,35.1,0.84,True,36.97,0.013,0.07,False,89.6,-0.25,89.8,True,2.39,1.44,39.2,-5.9,C 基底修復,True,7:33,226.4,跌,76.0,9,False,2.0,-0.2092,-0.1916,-0.3059,False,False,-5.32,-2.23,37.85,-7.83,-3.28,21.3,OHLC,↓,LH/LL,DT,False,265,3,SOBO,Combined_R22
LEGN,2026-09-21,18.53,0.99,False,20.1,-0.09,-0.45,True,62.4,0.94,61.5,False,5.32,3.82,3.4,3.4,D 趨勢弱,True,6:05,182.3,跌,51.0,8,True,2.0,-0.1732,-0.2751,-0.5258,True,False,-8.49,-1.6,21.89,-18.13,-3.41,37.8,OHLC,↓,LH/LL,自然反彈,False,265,3,LEGN,SubSector_R12
ETR,2026-09-21,101.58,1.97,False,105.83,-0.182,-0.56,True,92.9,0.12,92.7,True,1.94,1.14,23.2,0.3,D 趨勢弱,True,6:02,180.9,跌,51.0,6,False,2.0,-0.3788,-0.3522,-0.882,False,False,-4.18,-2.16,,,,278.6,OHLC,—,HH/HL,DT,False,265,3,ETR,Combined_R22
SO,2026-09-21,85.46,1.31,False,88.89,-0.316,-1.18,True,94.9,0.11,94.8,True,1.54,1.01,14.9,0.7,D 趨勢弱,True,6:02,180.9,跌,51.0,7,False,2.0,-0.0844,-0.078,-0.4703,False,False,-4.01,-2.61,87.22,-2.06,-1.34,543.7,OHLC,↓,LH/LL,DT,False,265,3,SO,SubSector_R12
NEE,2026-09-21,79.63,1.28,False,83.37,-0.134,-0.76,True,95.0,0.01,95.0,True,1.61,0.91,13.7,-0.7,D 趨勢弱,True,6:00,180.0,跌,50.0,7,False,2.0,-0.18,-0.1361,-0.4923,False,False,-4.69,-2.92,84.06,-5.56,-3.46,860.9,OHLC,↓,LH/LL,DT,False,265,3,NEE,SubSector_R12+Combined_R22+RateHike_R2_迴避
AEO,2026-09-21,15.46,0.72,False,16.1,-0.046,-0.47,True,67.8,1.19,66.6,False,4.67,3.39,11.6,6.3,D 趨勢弱,False,5:37,168.3,跌,43.0,8,True,2.0,-0.1028,-0.1607,-0.2087,True,True,-4.13,-0.89,15.43,0.19,0.04,120.8,OHLC,↓,LH/LL,自然反彈,False,265,3,AEO,Combined_R22
MDGL,2026-09-21,521.96,18.21,True,528.91,0.794,0.36,False,77.6,-0.52,78.1,True,3.49,2.7,51.9,-10.5,C 基底修復,False,4:55,147.3,跌,32.0,5,False,2.0,-1.8048,-1.2023,-9.1609,False,True,-1.33,-0.38,534.16,-2.34,-0.67,111.5,OHLC,—,HH/HL,DT,True,265,3,MDGL,SubSector_R12
AEP,2026-09-21,120.03,2.03,False,123.07,-0.306,-0.74,True,93.9,0.19,93.7,True,1.69,1.13,18.7,0.6,D 趨勢弱,False,4:32,135.8,跌,25.0,4,False,2.0,-0.1528,-0.1216,-0.9056,False,True,-2.53,-1.5,125.42,-4.49,-2.65,450.4,OHLC,↓,LH/LL,DT,False,265,3,AEP,SubSector_R12
BFH,2026-09-21,108.0,3.41,False,107.75,-0.005,-0.14,True,82.4,0.3,82.1,True,3.16,2.11,73.3,-6.2,A 待突破,False,10:51,325.4,升,31.0,3,False,3.0,0.0222,0.0417,,False,True,0.23,0.07,108.01,-0.01,-0.0,54.4,OHLC,—,HH/HL,自然反彈,True,265,3,BFH,Combined_R22
DOC,2026-09-21,20.72,0.39,False,20.78,-0.023,-0.79,True,92.8,0.15,92.6,True,1.86,1.23,47.7,-2.8,C 基底修復,False,10:05,302.7,升,18.0,1,False,3.0,0.0109,-0.0221,,False,True,-0.29,-0.16,20.74,-0.1,-0.05,96.2,OHLC,—,LH/LL,自然反彈,True,265,3,DOC,SubSector_R12
JCI,2026-09-21,145.18,3.71,False,144.47,-0.239,-0.59,True,86.7,0.42,86.2,True,2.55,1.89,60.6,11.4,A 待突破,False,10:02,301.0,升,17.0,2,False,3.0,0.2797,0.0152,,False,True,0.49,0.19,145.41,-0.16,-0.06,462.4,OHLC,↓,LH/LL,次級反彈,False,265,3,JCI,SubSector_R12
OUST,2026-09-21,38.12,2.56,False,39.29,-0.397,-0.7,True,41.6,0.99,40.6,False,6.72,7.58,55.5,11.6,D 趨勢弱,True,9:55,297.4,升,15.0,2,False,3.0,0.3467,0.0822,,False,True,-3.06,-0.46,36.54,4.14,0.62,75.5,OHLC,—,LH/LL,UT,True,265,3,OUST,Combined_R22
CDNS,2026-09-21,294.9,10.36,False,307.38,-1.5,-0.92,True,78.4,0.06,78.3,True,3.51,2.53,9.8,5.0,D 趨勢弱,True,9:36,288.2,升,10.0,1,False,3.0,0.1481,-1.3089,,False,False,-4.23,-1.2,347.55,-17.85,-5.08,763.4,OHLC,—,LH/LL,自然反彈,True,265,3,CDNS,AI_R13+SubSector_R12+Combined_R22+RateHike_R2_受惠
MPWR,2026-09-21,1277.68,52.49,False,1265.46,-4.494,-0.74,True,70.1,0.27,69.8,False,4.11,3.51,40.7,15.8,C 基底修復,True,9:27,283.7,升,8.0,1,False,3.0,7.1974,-0.3588,,False,True,0.96,0.23,1234.46,3.38,0.82,868.4,OHLC,—,LH/LL,UT,False,265,3,MPWR,SubSector_R12+Combined_R22
DECK,2026-09-21,80.23,2.66,False,85.45,-0.415,-1.21,True,80.2,0.29,79.9,True,3.31,2.39,5.3,4.6,D 趨勢弱,True,9:27,283.4,升,7.0,1,False,3.0,0.1341,-0.0682,,False,False,-6.51,-1.97,85.81,-6.96,-2.1,270.9,OHLC,↓,LH/LL,自然反彈,False,265,3,DECK,SubSector_R12
LUNR,2026-09-21,15.72,1.09,False,16.53,-0.035,0.09,True,50.1,0.85,49.2,False,6.93,5.0,34.1,14.1,D 趨勢弱,True,9:22,281.2,升,6.0,1,False,3.0,0.0405,-0.0875,,False,True,-5.16,-0.74,14.79,5.92,0.85,105.4,OHLC,—,LH/LL,自然反彈,True,265,3,LUNR,SubSector_R12
AWR,2026-09-21,84.85,1.59,False,88.06,-0.048,0.11,True,92.9,0.03,92.9,True,1.88,1.19,51.1,-1.6,C 基底修復,True,8:49,264.6,跌,146.0,17,False,3.0,-0.4896,-0.4396,-0.5383,False,False,-3.78,-2.02,88.06,-3.78,-2.01,18.2,OHLC,↓,LH/LL,DT,False,265,3,AWR,SubSector_R12+Combined_R22
DLR,2026-09-21,186.33,5.06,False,188.42,-0.299,-0.42,False,84.1,-0.04,84.1,True,2.72,2.23,48.1,3.9,C 基底修復,True,8:49,264.6,跌,111.0,23,False,3.0,-0.2709,-0.6462,-1.5739,True,True,-1.12,-0.41,189.5,-1.7,-0.63,401.6,OHLC,↓,LH/LL,自然反彈,False,265,3,DLR,AI_R13+SubSector_R12
OWL,2026-09-21,10.02,0.4,False,11.47,-0.057,-0.42,True,75.0,0.96,74.0,True,4.0,2.68,14.9,13.3,D 趨勢弱,True,8:49,264.6,跌,158.0,23,False,3.0,-0.2016,-0.2304,-0.2417,True,False,-14.45,-3.61,11.84,-18.16,-4.54,187.9,OHLC,↓,LH/LL,DT,False,265,3,OWL,SubSector_R12
PFGC,2026-09-21,92.41,2.51,False,100.95,-0.589,-1.53,True,86.7,0.32,86.4,True,2.72,1.72,14.2,1.0,D 趨勢弱,True,8:49,264.6,跌,714.0,50,False,3.0,-0.2062,-0.4306,-1.4002,True,False,-9.24,-3.4,105.78,-14.47,-5.33,142.1,OHLC,↓,LH/LL,自然反彈,False,265,3,PFGC,SubSector_R12
POOL,2026-09-21,167.92,5.5,False,181.89,-1.277,-1.33,True,81.3,0.43,80.9,True,3.27,2.21,3.2,2.5,D 趨勢弱,True,8:49,264.6,跌,183.0,25,False,3.0,-0.8764,-1.1194,-3.4563,True,False,-8.32,-2.54,195.99,-16.72,-5.1,129.3,OHLC,↓,LH/LL,DT,False,265,3,POOL,SubSector_R12
RCL,2026-09-21,250.25,7.6,False,275.34,-2.036,-1.68,True,84.2,0.39,83.8,True,3.04,1.91,7.0,2.0,D 趨勢弱,True,8:49,264.6,跌,282.0,29,False,3.0,-0.798,-1.273,-4.1654,True,False,-10.03,-3.3,258.2,-3.18,-1.05,491.4,OHLC,↓,LH/LL,DT,False,265,3,RCL,SubSector_R12
SBGSY,2026-09-21,67.75,1.67,False,67.97,-0.064,-0.29,False,84.3,-0.07,84.4,True,2.47,2.44,62.6,21.4,A 待突破,True,8:49,264.6,跌,177.0,22,False,3.0,-0.1641,-0.3981,-0.6864,True,True,-0.33,-0.13,69.07,-1.95,-0.79,16.5,OHLC,↓,LH/LL,自然反彈,False,265,3,SBGSY,AI_R13
URBN,2026-09-21,74.21,2.74,False,77.84,-0.033,-0.1,True,77.4,0.48,77.0,True,3.69,2.54,50.3,-1.8,C 基底修復,True,8:49,264.6,跌,103.0,9,False,3.0,-0.6306,-0.567,-0.6306,False,False,-4.89,-1.33,78.58,-5.89,-1.6,98.9,OHLC,↓,LH/LL,DT,False,265,3,URBN,Combined_R22
USFD,2026-09-21,94.22,2.85,False,101.8,-0.565,-0.98,True,84.3,0.35,84.0,True,3.03,1.88,30.9,0.7,D 趨勢弱,True,8:49,264.6,跌,159.0,22,False,3.0,-1.0664,-1.368,-1.8196,True,False,-8.04,-2.66,109.62,-16.34,-5.4,223.8,OHLC,↓,LH/LL,自然反彈,False,265,3,USFD,SubSector_R12
VRTX,2026-09-21,510.72,12.06,True,530.75,0.566,0.57,False,87.7,-0.01,87.7,True,2.36,1.86,55.1,3.1,C 基底修復,True,8:49,264.6,跌,121.0,11,False,3.0,-4.8076,-5.2244,-5.9548,True,False,-3.92,-1.66,,,,502.7,OHLC,—,HH/HL,DT,False,265,3,VRTX,SubSector_R12+Combined_R22
PBF,2026-09-21,72.48,4.43,True,73.43,0.39,0.54,False,56.1,-2.9,59.0,False,6.11,4.38,70.7,-4.0,B 上升結構,True,7:18,219.0,跌,72.0,6,False,3.0,-0.5058,-0.2285,-1.0895,False,True,-1.31,-0.21,71.85,0.87,0.14,267.0,OHLC,↑,HH/HL,自然回檔,False,265,3,PBF,Combined_R22+10MA_R20_跌出
DD,2026-09-21,129.79,3.13,False,134.88,-0.442,-0.95,True,89.6,0.39,89.2,True,2.41,1.42,32.7,1.9,C 基底修復,True,9:39,289.5,升,11.0,1,False,4.0,0.0914,-0.1391,,False,False,-3.92,-1.63,138.8,-6.94,-2.88,160.4,OHLC,↓,LH/LL,自然反彈,False,265,3,DD,Combined_R22
GEO,2026-09-21,30.25,1.19,False,31.43,-0.011,0.06,False,79.1,-2.69,81.8,True,3.94,1.98,54.5,-19.8,C 基底修復,True,8:49,264.6,跌,120.0,14,False,4.0,-0.1127,-0.0256,-0.2097,False,True,-3.92,-1.0,30.33,-0.26,-0.07,65.5,OHLC,—,LH/LL,自然回檔,False,265,3,GEO,Combined_R22
KFY,2026-09-21,76.77,2.03,False,81.43,-0.186,-0.78,True,86.3,0.56,85.7,True,2.65,1.87,34.5,-0.4,C 基底修復,True,8:49,264.6,跌,400.0,30,False,4.0,-0.8177,-0.9118,-1.0873,True,False,-6.07,-2.3,76.63,0.18,0.07,41.2,OHLC,—,HH/HL,DT,False,265,3,KFY,Combined_R22
LYB,2026-09-21,60.24,2.16,True,64.2,0.087,0.28,False,79.6,-0.39,80.0,True,3.59,2.22,14.9,-15.5,D 趨勢弱,True,8:49,264.6,跌,123.0,18,False,4.0,-0.5061,-0.3168,-0.5061,False,False,-6.57,-1.83,65.43,-8.62,-2.4,213.7,OHLC,↓,LH/LL,DT,False,265,3,LYB,SubSector_R12
TDW,2026-09-21,85.57,3.51,True,92.32,0.092,0.68,True,69.7,0.49,69.2,False,4.1,3.59,38.3,-13.6,D 趨勢弱,True,8:49,264.6,跌,167.0,18,False,4.0,-1.4465,-1.3865,-1.4465,False,False,-7.89,-1.92,,,,53.6,OHLC,—,HH/HL,DT,False,265,3,TDW,SubSector_R12
CNQ,2026-09-21,48.28,1.34,True,49.95,0.079,0.51,False,85.4,-0.78,86.2,True,2.78,1.92,55.4,-12.0,A 待突破,True,8:42,261.1,跌,95.0,11,False,4.0,-0.4108,-0.293,-0.4108,False,False,-3.45,-1.24,51.55,-6.77,-2.44,350.3,OHLC,↓,LH/LL,DT,False,265,3,CNQ,Combined_R22
DT,2026-09-21,56.4,1.86,True,51.69,0.26,0.69,True,78.1,0.64,77.5,True,3.3,2.8,56.6,-1.2,E 延伸,False,10:41,320.5,升,28.0,4,False,5.0,0.2394,0.1879,,False,False,8.35,2.53,50.86,9.82,2.98,377.6,OHLC,↑,HH/HL,UT,False,265,3,DT,10MA_R20
IONQ,2026-09-21,40.51,2.6,False,40.95,-0.137,-0.11,True,52.3,1.66,50.7,False,6.42,4.94,33.5,18.7,D 趨勢弱,True,9:56,298.0,升,16.0,2,False,5.0,0.2495,0.0951,,False,True,-1.08,-0.17,40.34,0.42,0.07,762.8,OHLC,↓,LH/LL,自然反彈,False,265,3,IONQ,SubSector_R12+RateHike_R2_迴避
WBD,2026-09-21,30.8,0.57,True,28.85,0.71,1.84,False,90.7,-4.39,95.1,True,1.85,1.74,54.8,-8.8,E 延伸,True,9:31,285.7,升,9.0,1,False,5.0,0.0727,-0.1142,,False,False,6.32,3.42,28.32,8.05,4.36,913.5,OHLC,—,HH/HL,自然反彈,False,265,3,WBD,SubSector_R12
ABT,2026-09-21,102.98,2.43,False,108.6,-0.085,-0.44,True,87.3,0.6,86.7,True,2.36,1.95,10.4,0.7,C 基底修復,True,8:49,264.6,跌,140.0,17,False,5.0,-0.8184,-1.0164,-1.6482,True,False,-5.46,-2.31,113.91,-10.61,-4.49,875.6,OHLC,↓,LH/LL,DT,False,265,3,ABT,SubSector_R12
AMH,2026-09-21,31.24,0.54,False,32.74,-0.12,-1.57,True,93.9,0.21,93.7,True,1.72,1.1,22.6,1.7,D 趨勢弱,True,8:49,264.6,跌,155.0,17,False,5.0,-0.136,-0.1692,-0.2609,True,False,-4.81,-2.8,,,,80.5,OHLC,—,HH/HL,DT,False,265,3,AMH,SubSector_R12
AON,2026-09-21,290.82,8.58,False,319.87,-1.965,-1.59,True,83.2,0.05,83.1,True,2.95,2.18,5.8,-0.8,D 趨勢弱,True,8:49,264.6,跌,430.0,36,False,5.0,-2.3767,-2.4779,-4.3365,True,False,-9.99,-3.38,311.54,-7.12,-2.41,557.2,OHLC,↓,LH/LL,DT,False,265,3,AON,SubSector_R12
AXGN,2026-09-21,45.93,2.36,False,46.57,-0.019,-0.03,True,65.7,1.08,64.6,False,5.14,3.33,72.0,21.9,B 上升結構,True,8:49,264.6,跌,108.0,14,False,5.0,-0.3597,-0.5283,-1.1182,True,True,-1.4,-0.27,45.44,1.07,0.21,54.6,OHLC,↓,LH/LL,自然反彈,False,265,3,AXGN,Combined_R22
BSX,2026-09-21,43.72,1.58,False,47.34,-0.199,-0.66,True,79.1,0.62,78.5,True,3.61,2.29,3.6,3.6,D 趨勢弱,True,8:49,264.6,跌,219.0,20,False,5.0,-0.2968,-0.3804,-0.7453,True,False,-8.27,-2.29,45.05,-3.04,-0.84,964.2,OHLC,↓,LH/LL,DT,False,265,3,BSX,SubSector_R12
CELH,2026-09-21,28.02,1.34,True,29.94,0.339,0.69,True,61.1,0.88,60.2,False,4.77,4.64,11.1,-0.7,D 趨勢弱,True,8:49,264.6,跌,126.0,13,False,5.0,-0.2841,-0.3455,-0.7418,True,False,-6.84,-1.44,28.45,-1.53,-0.32,219.9,OHLC,↓,LH/LL,次級反彈,False,265,3,CELH,SubSector_R12
INVH,2026-09-21,27.08,0.46,False,28.61,-0.096,-1.61,True,94.1,0.15,93.9,True,1.7,1.08,19.8,1.4,D 趨勢弱,True,8:49,264.6,跌,137.0,18,False,5.0,-0.1246,-0.1514,-0.2123,True,False,-5.65,-3.33,,,,136.2,OHLC,—,HH/HL,DT,False,265,3,INVH,SubSector_R12
KMB,2026-09-21,97.74,2.27,False,103.9,-0.31,-1.08,True,89.0,0.32,88.7,True,2.32,1.63,12.0,1.1,D 趨勢弱,True,8:49,264.6,跌,158.0,16,False,5.0,-0.5956,-0.7305,-1.3186,True,False,-6.3,-2.72,109.29,-11.82,-5.09,455.6,OHLC,↓,LH/LL,DT,False,265,3,KMB,SubSector_R12
MAA,2026-09-21,118.86,2.21,False,127.6,-0.551,-1.36,True,93.0,0.39,92.6,True,1.86,1.18,10.2,-0.5,D 趨勢弱,True,8:49,264.6,跌,229.0,18,False,5.0,-0.7945,-0.758,-0.7945,False,False,-7.35,-3.95,130.02,-9.39,-5.05,121.4,OHLC,↓,LH/LL,DT,False,265,3,MAA,SubSector_R12
PEP,2026-09-21,129.59,2.3,False,137.75,-0.461,-0.81,True,92.4,0.09,92.3,True,1.78,1.42,6.8,0.2,D 趨勢弱,True,8:49,264.6,跌,125.0,15,False,5.0,-0.9753,-0.8775,-0.9753,False,False,-6.29,-3.54,138.8,-7.11,-4.0,1150.4,OHLC,↓,LH/LL,DT,False,265,3,PEP,SubSector_R12
PLTR,2026-09-21,183.09,7.05,True,175.69,0.73,1.12,True,66.0,1.02,65.0,False,3.85,4.56,62.4,-1.0,B 上升結構,True,8:49,264.6,跌,106.0,14,False,5.0,-0.5825,-1.1965,-3.1552,True,False,4.04,1.05,172.73,5.66,1.47,5100.0,OHLC,—,HH/HL,自然反彈,False,265,3,PLTR,AI_R13+SubSector_R12+Combined_R22
TEAM,2026-09-21,195.67,8.7,True,175.87,4.431,1.77,True,58.4,1.51,56.9,False,4.45,5.54,69.7,-0.5,E 延伸,True,8:49,264.6,跌,103.0,11,False,5.0,-1.6651,-1.9201,-3.2948,True,False,10.12,2.28,186.44,4.72,1.06,729.9,OHLC,↑,HH/HL,UT,False,265,3,TEAM,SubSector_R12
AJG,2026-09-21,236.61,6.91,False,255.45,-0.375,-0.16,True,83.0,0.29,82.7,True,2.92,2.24,23.9,-13.2,C 基底修復,True,8:41,260.3,跌,95.0,14,False,5.0,-2.456,-2.3934,-3.2277,False,False,-7.96,-2.73,253.3,-7.05,-2.42,326.3,OHLC,↓,LH/LL,DT,False,265,3,AJG,SubSector_R12
GILD,2026-09-21,150.56,3.54,True,145.45,0.753,1.21,False,88.1,-0.01,88.1,True,2.35,1.8,63.2,-2.5,A 待突破,True,8:13,246.5,跌,87.0,10,False,5.0,-0.1959,-0.2984,-0.9237,True,False,3.39,1.44,145.68,3.24,1.38,883.9,OHLC,↑,HH/HL,UT,False,265,3,GILD,SubSector_R12+Combined_R22
LRN,2026-09-21,79.5,2.47,False,82.58,-0.135,-0.03,True,77.9,0.48,77.4,True,3.1,3.03,29.6,5.8,D 趨勢弱,True,6:54,207.1,跌,65.0,9,False,5.0,-0.4557,-0.4259,-0.8072,False,False,-3.88,-1.25,83.56,-5.11,-1.65,56.2,OHLC,↓,LH/LL,DT,False,265,3,LRN,SubSector_R12
CMG,2026-09-21,33.14,1.18,True,35.25,0.043,-0.07,True,75.0,0.17,74.8,False,3.55,3.13,25.8,-3.3,D 趨勢弱,True,6:41,200.5,跌,61.0,9,False,5.0,-0.5635,-0.5513,-0.5635,False,False,-6.37,-1.79,37.22,-12.31,-3.47,408.4,OHLC,—,HH/HL,DT,False,265,3,CMG,SubSector_R12
INBK,2026-09-21,27.61,0.97,False,28.42,-0.024,-0.27,True,79.3,1.03,78.3,True,3.5,2.36,50.9,-1.7,C 基底修復,False,5:29,164.7,跌,42.0,7,False,5.0,-0.1364,-0.1284,-0.2749,False,True,-2.93,-0.84,28.59,-3.55,-1.01,1.6,OHLC,—,HH/HL,DT,False,265,3,INBK,10MA_R20_跌出
AVTR,2026-09-21,15.1,0.47,True,14.69,0.058,0.99,False,78.0,-0.69,78.6,True,3.1,3.03,67.9,7.8,A 待突破,False,4:10,125.1,跌,20.0,2,False,5.0,-0.0422,-0.0025,-0.117,False,True,2.75,0.89,14.81,1.92,0.62,121.3,OHLC,↑,HH/HL,自然回檔,False,265,3,AVTR,10MA_R20
REFI,2026-09-21,10.8,0.23,True,10.76,0.031,1.05,False,91.1,-0.66,91.8,True,2.17,1.33,26.3,1.9,D 趨勢弱,False,3:41,110.3,跌,11.0,1,False,5.0,-0.0007,0.0159,-0.0535,False,True,0.36,0.17,10.7,0.93,0.43,2.3,OHLC,↑,HH/HL,自然回檔,False,265,3,REFI,10MA_R20
RUSHB,2026-09-21,53.61,2.06,True,53.86,0.032,0.92,False,79.2,-1.28,80.5,True,3.83,2.06,62.9,-1.1,B 上升結構,False,11:58,358.9,升,49.0,5,False,6.0,0.4755,0.6015,,False,True,-0.47,-0.12,51.71,3.54,0.92,12.4,OHLC,↑,HH/HL,自然回檔,False,265,3,RUSHB,Combined_R22
FR,2026-09-21,62.0,0.99,False,62.18,-0.041,-0.65,True,94.4,0.08,94.3,True,1.59,1.09,41.6,1.4,C 基底修復,False,11:19,339.4,升,39.0,4,False,6.0,0.1427,0.1204,,False,True,-0.29,-0.18,61.13,1.4,0.88,57.1,OHLC,—,LH/LL,自然反彈,True,265,3,FR,SubSector_R12
CYRX,2026-09-21,17.62,0.64,True,16.02,0.132,0.56,True,78.5,0.53,77.9,True,3.62,2.41,72.1,-2.4,B 上升結構,False,10:45,322.4,升,29.0,4,False,6.0,0.1679,0.1126,,False,False,9.09,2.51,16.72,5.11,1.41,9.0,OHLC,—,LH/LL,UT,False,265,3,CYRX,Combined_R22
TMO,2026-09-21,658.76,15.33,True,621.9,2.652,1.13,True,88.2,0.46,87.8,True,2.33,1.79,71.5,1.8,A 待突破,False,10:32,315.8,升,25.0,4,False,6.0,2.8893,2.4109,,False,False,5.6,2.4,663.57,-0.73,-0.31,1360.4,OHLC,—,LH/LL,UT,False,265,3,TMO,SubSector_R12+10MA_R20+RateHike_R2_受惠
MEDP,2026-09-21,624.2,15.6,True,602.01,0.85,0.44,True,84.5,0.28,84.3,True,2.5,2.37,83.1,0.7,A 待突破,False,10:19,309.3,升,22.0,4,False,6.0,1.5715,0.8449,,False,False,3.56,1.42,625.0,-0.13,-0.05,136.8,OHLC,—,LH/LL,UT,False,265,3,MEDP,Combined_R22
HIMS,2026-09-21,29.35,1.64,False,29.67,-0.05,-0.2,True,54.0,1.11,52.9,False,5.58,5.39,43.8,5.6,D 趨勢弱,True,9:53,296.7,升,15.0,2,False,6.0,0.1128,0.0021,,False,True,-1.09,-0.19,28.81,1.84,0.33,275.2,OHLC,—,LH/LL,自然反彈,True,265,3,HIMS,SubSector_R12
ACN,2026-09-21,186.11,7.27,True,183.75,0.455,0.48,False,74.1,-0.52,74.7,False,3.91,2.93,37.4,-1.6,D 趨勢弱,True,8:49,264.6,跌,160.0,14,False,6.0,-1.0269,-0.9841,-2.2022,False,True,1.27,0.32,181.38,2.54,0.65,929.7,OHLC,↑,HH/HL,自然反彈,False,265,3,ACN,AI_R13+SubSector_R12
ALRS,2026-09-21,32.44,0.69,False,33.11,-0.02,-0.32,False,92.2,-0.07,92.2,True,2.14,1.1,63.2,-1.5,C 基底修復,True,8:49,264.6,跌,407.0,31,False,6.0,-0.1,-0.0739,-0.2241,False,True,-2.08,-0.97,33.6,-3.58,-1.67,4.9,OHLC,—,LH/LL,DT,True,265,3,ALRS,Combined_R22
BXP,2026-09-21,64.13,1.49,False,66.66,-0.159,-0.95,True,88.7,0.44,88.3,True,2.33,1.68,34.6,13.2,C 基底修復,True,8:49,264.6,跌,160.0,14,False,6.0,-0.2722,-0.3706,-0.5728,True,False,-3.95,-1.7,63.19,1.47,0.63,88.7,OHLC,—,HH/HL,DT,False,265,3,BXP,SubSector_R12
CDNA,2026-09-21,54.33,2.11,True,49.64,0.22,0.57,True,63.8,0.72,63.1,False,3.88,4.98,75.0,0.5,E 延伸,True,8:49,264.6,跌,274.0,26,False,6.0,-0.0066,-0.0264,-0.4834,True,False,8.63,2.23,48.97,9.87,2.54,59.5,OHLC,↑,HH/HL,UT,False,265,3,CDNA,10MA_R20
CRCT,2026-09-21,5.65,0.2,False,5.69,-0.013,-0.03,True,72.6,0.26,72.4,False,3.58,3.54,62.6,-0.6,B 上升結構,True,8:49,264.6,跌,185.0,24,False,6.0,-0.0269,-0.0302,-0.0776,True,True,-0.63,-0.18,5.73,-1.42,-0.39,3.9,OHLC,—,LH/LL,自然反彈,True,265,3,CRCT,10MA_R20
DASH,2026-09-21,193.83,7.2,False,214.16,-1.0,-0.3,True,77.8,0.3,77.5,True,3.71,2.44,26.9,-9.9,D 趨勢弱,True,8:49,264.6,跌,101.0,14,False,6.0,-3.261,-3.6455,-4.9417,True,False,-10.49,-2.82,191.74,1.08,0.29,729.1,OHLC,—,HH/HL,DT,False,265,3,DASH,Combined_R22
DEO,2026-09-21,86.82,1.75,False,91.05,-0.63,-0.55,True,89.2,0.01,89.2,True,2.02,1.89,32.0,1.7,C 基底修復,True,8:49,264.6,跌,325.0,24,False,6.0,-0.451,-0.5755,-1.1268,True,False,-4.87,-2.42,88.38,-1.8,-0.89,85.4,OHLC,↓,LH/LL,DT,False,265,3,DEO,SubSector_R12
DOCS,2026-09-21,26.84,1.18,False,25.69,-2.319,-1.05,True,62.7,1.4,61.3,False,4.41,4.67,38.5,-1.1,D 趨勢弱,True,8:49,264.6,跌,160.0,11,False,6.0,-0.0218,-0.0694,-0.3038,True,True,4.29,0.97,25.81,3.84,0.87,72.3,OHLC,↑,HH/HL,UT,False,265,3,DOCS,SubSector_R12
EHC,2026-09-21,121.56,2.69,False,122.22,-0.123,0.46,False,88.1,-0.13,88.2,True,2.21,1.93,72.2,-0.1,C 基底修復,True,8:49,264.6,跌,155.0,23,False,6.0,-0.2492,-0.1872,-0.7783,False,True,-0.54,-0.25,119.7,1.53,0.69,100.4,OHLC,—,HH/HL,UT,True,265,3,EHC,SubSector_R12
JLL,2026-09-21,340.07,10.32,False,362.07,-0.865,-0.52,True,83.4,0.74,82.7,True,3.03,2.05,29.2,3.6,D 趨勢弱,True,8:49,264.6,跌,146.0,17,False,6.0,-2.9883,-3.6497,-5.4642,True,False,-6.47,-2.13,367.78,-8.15,-2.68,108.8,OHLC,↓,LH/LL,DT,False,265,3,JLL,SubSector_R12
MNDY,2026-09-21,87.96,5.39,False,90.08,-0.26,-0.03,True,55.8,1.59,54.3,False,6.13,4.42,30.2,3.8,D 趨勢弱,True,8:49,264.6,跌,101.0,11,False,6.0,-0.7575,-0.7394,-1.8335,False,True,-2.41,-0.39,96.1,-9.26,-1.51,107.5,OHLC,↓,LH/LL,自然反彈,False,265,3,MNDY,Combined_R22
NFLX,2026-09-21,73.36,2.41,False,77.53,-0.085,-0.14,True,80.3,0.51,79.8,True,3.28,2.41,6.5,2.0,D 趨勢弱,True,8:49,264.6,跌,107.0,11,False,6.0,-0.9091,-0.8924,-0.9091,False,False,-5.68,-1.73,80.32,-9.49,-2.89,2312.9,OHLC,↓,LH/LL,自然反彈,False,265,3,NFLX,SubSector_R12+Combined_R22
PAYX,2026-09-21,115.01,2.64,False,120.4,-0.198,-0.32,True,87.7,0.04,87.6,True,2.3,1.94,41.3,-1.9,C 基底修復,True,8:49,264.6,跌,178.0,14,False,6.0,-0.9251,-0.9584,-1.707,True,False,-4.69,-2.04,118.51,-3.04,-1.33,307.9,OHLC,—,LH/LL,自然回檔,True,265,3,PAYX,SubSector_R12
PESI,2026-09-21,17.34,0.94,False,18.25,-0.01,0.08,True,59.0,1.45,57.6,False,5.45,4.4,68.3,-13.2,C 基底修復,True,8:49,264.6,跌,176.0,27,False,6.0,-0.2051,-0.1748,-0.3003,False,True,-5.22,-0.96,18.77,-8.25,-1.51,5.3,OHLC,—,LH/LL,DT,True,265,3,PESI,10MA_R20_跌出
PHM,2026-09-21,118.97,3.21,False,123.91,-0.402,-0.87,True,85.7,0.26,85.5,True,2.7,1.93,19.0,4.9,D 趨勢弱,True,8:49,264.6,跌,210.0,28,False,6.0,-0.2743,-0.4672,-1.2094,True,False,-4.15,-1.54,120.46,-1.25,-0.46,182.1,OHLC,↓,LH/LL,自然反彈,False,265,3,PHM,SubSector_R12
SCI,2026-09-21,77.56,1.79,False,81.88,-0.268,-0.82,True,89.7,0.39,89.3,True,2.31,1.5,21.6,-0.5,D 趨勢弱,True,8:49,264.6,跌,295.0,30,False,6.0,-0.4869,-0.4291,-0.5366,False,False,-5.57,-2.41,82.21,-6.0,-2.6,66.2,OHLC,↓,LH/LL,DT,False,265,3,SCI,SubSector_R12
SHW,2026-09-21,321.31,7.5,False,338.99,-1.488,-1.06,True,87.6,0.34,87.3,True,2.33,1.9,30.5,2.5,D 趨勢弱,True,8:49,264.6,跌,190.0,25,False,6.0,-0.7783,-1.1059,-3.4417,True,False,-5.5,-2.36,328.44,-2.22,-0.95,514.2,OHLC,—,LH/LL,自然反彈,True,265,3,SHW,SubSector_R12
SLG,2026-09-21,52.94,1.64,False,55.16,-0.113,-0.42,True,82.7,0.64,82.1,True,3.09,2.12,40.9,-5.3,C 基底修復,True,8:49,264.6,跌,203.0,16,False,6.0,-0.2956,-0.4288,-0.8307,True,False,-4.2,-1.36,53.08,-0.26,-0.09,42.8,OHLC,↓,LH/LL,自然反彈,False,265,3,SLG,SubSector_R12
SPG,2026-09-21,204.98,3.38,False,212.91,-0.498,-1.28,True,94.0,0.31,93.7,True,1.65,1.13,33.8,2.0,C 基底修復,True,8:49,264.6,跌,333.0,35,False,6.0,-0.0693,-0.2564,-1.7103,True,False,-3.87,-2.34,206.94,-0.96,-0.58,266.5,OHLC,↓,LH/LL,DT,False,265,3,SPG,SubSector_R12
SYK,2026-09-21,274.19,9.46,False,305.94,-1.755,-1.08,True,78.0,0.64,77.4,True,3.45,2.66,0.0,0.0,D 趨勢弱,True,8:49,264.6,跌,310.0,26,False,6.0,-1.5607,-1.9214,-6.5941,True,False,-11.58,-3.35,284.76,-3.85,-1.12,825.3,OHLC,↓,LH/LL,DT,False,265,3,SYK,SubSector_R12
TAP,2026-09-21,37.56,1.1,False,39.49,-0.151,-1.55,True,84.2,0.2,84.0,True,2.92,2.01,3.1,-0.2,D 趨勢弱,True,8:49,264.6,跌,220.0,19,False,6.0,-0.2046,-0.184,-0.3896,False,False,-5.15,-1.76,39.27,-4.55,-1.56,200.9,OHLC,↓,LH/LL,DT,False,265,3,TAP,SubSector_R12
TOL,2026-09-21,135.5,3.92,False,141.7,-0.459,-0.88,True,84.4,0.12,84.3,True,2.89,2.01,17.8,5.2,D 趨勢弱,True,8:49,264.6,跌,189.0,28,False,6.0,-0.1683,-0.4549,-1.2306,True,False,-4.57,-1.58,136.99,-1.1,-0.38,127.3,OHLC,↓,LH/LL,自然反彈,False,265,3,TOL,SubSector_R12
VNO,2026-09-21,35.58,1.04,False,36.96,-0.132,-1.25,True,85.3,0.58,84.7,True,2.93,1.79,41.2,4.0,C 基底修復,True,8:49,264.6,跌,485.0,54,False,6.0,-0.016,-0.1082,-0.4075,True,False,-3.88,-1.33,35.44,0.39,0.13,44.7,OHLC,↓,LH/LL,自然反彈,False,265,3,VNO,SubSector_R12
APPF,2026-09-21,209.84,8.41,True,214.91,0.514,0.59,False,73.1,-0.27,73.4,False,4.01,3.02,56.1,-4.5,C 基底修復,True,8:48,263.8,跌,97.0,12,False,6.0,-1.9769,-1.5661,-3.9525,False,True,-2.41,-0.6,205.65,2.0,0.5,67.4,OHLC,↑,HH/HL,自然回檔,False,265,3,APPF,10MA_R20
APA,2026-09-21,43.81,1.55,True,43.33,0.229,1.15,False,77.5,-0.34,77.9,True,3.54,2.67,64.9,-0.8,B 上升結構,False,4:49,144.7,跌,30.0,4,False,6.0,-0.2321,-0.1118,-0.2321,False,True,1.1,0.31,42.77,2.37,0.67,240.5,OHLC,↑,HH/HL,自然回檔,False,265,3,APA,RateHike_R2_索引
EPAM,2026-09-21,113.13,4.91,True,111.3,0.773,0.77,True,68.5,0.09,68.4,False,4.34,3.59,34.0,0.2,D 趨勢弱,False,4:38,139.1,跌,27.0,4,False,6.0,-1.0556,-0.7539,-1.0556,False,True,1.62,0.37,114.52,-1.23,-0.28,127.5,OHLC,—,HH/HL,DT,False,265,3,EPAM,SubSector_R12+10MA_R20
COKE,2026-09-21,189.9,6.27,True,192.27,0.02,0.42,False,81.3,-0.01,81.3,True,3.3,2.19,58.3,1.7,B 上升結構,False,4:16,127.9,跌,21.0,1,False,6.0,-0.4108,0.022,-0.8643,False,True,-1.25,-0.38,197.4,-3.95,-1.2,107.5,OHLC,↓,LH/LL,DT,False,265,3,COKE,10MA_R20
AIG,2026-09-21,74.54,1.32,False,76.05,-0.147,-0.46,True,93.0,0.02,93.0,True,1.78,1.26,25.1,-2.0,D 趨勢弱,False,3:53,116.7,跌,15.0,1,False,6.0,-0.0191,0.0439,-0.4915,False,True,-2.03,-1.14,76.29,-2.35,-1.32,312.7,OHLC,—,LH/LL,DT,True,265,3,AIG,SubSector_R12
CNC,2026-09-21,64.99,2.37,False,65.88,-0.016,0.17,True,78.6,0.95,77.7,True,3.65,2.35,64.9,-0.8,C 基底修復,False,3:53,116.7,跌,15.0,2,False,6.0,-0.1253,-0.0264,-0.8436,False,True,-1.37,-0.38,63.89,1.69,0.46,306.6,OHLC,↑,HH/HL,自然回檔,False,265,3,CNC,SubSector_R12+Combined_R22
KARO,2026-09-21,65.43,2.01,True,64.48,0.053,0.13,False,81.5,-0.28,81.8,True,3.07,2.39,78.3,8.2,A 待突破,False,3:30,105.0,跌,8.0,1,False,6.0,-0.0443,0.0967,-0.73,False,True,1.45,0.47,68.76,-5.09,-1.66,3.6,OHLC,—,LH/LL,自然回檔,False,265,3,KARO,Combined_R22
MTCH,2026-09-21,43.16,1.23,True,41.14,0.231,0.93,True,83.3,0.33,83.0,True,2.84,2.26,65.3,6.8,A 待突破,False,12:36,18.0,升,60.0,6,False,6.0,0.0282,0.0801,,False,False,4.67,1.64,41.15,4.66,1.64,150.2,OHLC,↑,HH/HL,自然回檔,False,265,3,MTCH,SubSector_R12
GOOGL,2026-09-21,354.97,8.41,True,343.54,0.105,-0.5,True,86.0,0.13,85.8,True,2.37,2.22,56.4,-1.1,B 上升結構,False,12:02,1.1,升,51.0,6,False,6.0,2.0019,1.5445,,False,False,3.22,1.36,327.74,7.67,3.24,9190.3,OHLC,↑,HH/HL,UT,False,265,3,GOOGL,AI_R13+SubSector_R12+Combined_R22
GL,2026-09-21,172.16,3.48,False,175.04,-0.414,-0.63,True,91.2,0.06,91.1,True,2.02,1.46,61.7,-0.4,C 基底修復,False,11:27,343.5,升,41.0,5,False,7.0,0.2225,0.2485,,False,True,-1.67,-0.83,176.19,-2.34,-1.16,67.9,OHLC,—,LH/LL,UT,True,265,3,GL,Combined_R22
OSPN,2026-09-21,17.6,0.55,True,16.74,0.029,0.77,True,82.3,0.64,81.7,True,3.13,2.16,56.7,-1.9,E 延伸,False,11:14,336.8,升,37.0,7,False,7.0,0.1056,0.1312,,False,False,4.86,1.55,16.1,8.52,2.72,8.8,OHLC,↑,HH/HL,自然回檔,False,265,3,OSPN,10MA_R20
SAIC,2026-09-21,133.35,3.89,True,128.82,0.193,0.49,True,85.4,0.6,84.8,True,2.92,1.77,69.8,-1.8,A 待突破,False,11:07,333.7,升,35.0,5,False,7.0,0.2415,0.2848,,False,False,3.4,1.16,136.08,-2.05,-0.7,71.9,OHLC,—,LH/LL,UT,False,265,3,SAIC,10MA_R20
GSAT,2026-09-21,83.04,0.7,False,82.35,-0.034,-0.45,True,97.8,0.09,97.7,True,0.85,0.74,91.0,0.7,A 待突破,False,10:55,327.3,升,32.0,3,False,7.0,0.083,0.0452,,False,True,0.83,0.97,81.57,1.77,2.09,50.1,OHLC,↑,HH/HL,自然反彈,False,265,3,GSAT,Combined_R22
KOPN,2026-09-21,4.85,0.31,True,4.75,0.013,0.24,True,46.5,1.34,45.2,False,6.36,6.5,62.7,-8.0,C 基底修復,False,10:13,306.5,升,20.0,2,False,7.0,0.0302,0.0119,,False,True,1.97,0.31,4.89,-0.82,-0.13,17.2,OHLC,↑,HH/HL,UT,False,265,3,KOPN,10MA_R20
TJX,2026-09-21,130.96,3.02,False,135.34,-0.752,-1.93,True,89.9,0.54,89.4,True,2.3,1.45,9.7,6.4,D 趨勢弱,True,9:41,290.6,升,11.0,2,False,7.0,0.743,0.2636,,False,False,-3.35,-1.45,154.26,-17.79,-7.72,1191.9,OHLC,↓,LH/LL,自然反彈,False,265,3,TJX,SubSector_R12+Combined_R22
RL,2026-09-21,339.82,10.02,False,356.69,-2.023,-1.02,True,84.7,0.52,84.2,True,2.95,1.88,16.9,3.7,D 趨勢弱,True,9:36,288.0,升,10.0,1,False,7.0,0.5438,-0.0184,,False,False,-4.96,-1.68,346.73,-2.03,-0.69,237.2,OHLC,↓,LH/LL,自然反彈,False,265,3,RL,SubSector_R12
LLY,2026-09-21,1164.89,30.01,False,1184.73,-0.81,0.0,False,85.6,-0.09,85.7,True,2.58,2.09,59.2,4.8,C 基底修復,True,9:35,287.7,升,10.0,1,False,7.0,1.7614,-0.2016,,False,True,-1.7,-0.66,1113.29,4.43,1.72,2764.4,OHLC,—,HH/HL,自然反彈,False,265,3,LLY,SubSector_R12+Combined_R22
PKG,2026-09-21,238.31,5.91,False,240.84,-0.433,-0.58,False,87.6,-0.43,88.1,True,2.48,1.76,40.7,5.6,C 基底修復,True,9:22,281.0,升,6.0,1,False,7.0,0.3814,-0.0984,,False,True,-1.06,-0.43,228.84,3.97,1.6,147.8,OHLC,↑,HH/HL,UT,False,265,3,PKG,SubSector_R12
GD,2026-09-21,353.9,6.52,False,370.06,-1.188,-1.0,True,93.3,0.27,93.1,True,1.84,1.12,21.7,2.1,D 趨勢弱,True,8:49,264.6,跌,541.0,25,False,7.0,-0.669,-0.8711,-3.7351,True,False,-4.57,-2.48,362.39,-2.4,-1.3,400.7,OHLC,—,LH/LL,自然反彈,True,265,3,GD,SubSector_R12+Combined_R22
KFRC,2026-09-21,51.58,1.88,False,55.23,-0.242,-0.58,True,77.2,0.51,76.6,True,3.64,2.64,46.7,-0.5,D 趨勢弱,True,8:49,264.6,跌,607.0,41,False,7.0,-0.1986,-0.2596,-0.8565,True,False,-7.07,-1.94,52.76,-2.29,-0.63,14.5,OHLC,—,LH/LL,自然反彈,True,265,3,KFRC,Combined_R22
LYV,2026-09-21,169.18,4.06,False,177.45,-0.382,-0.64,True,89.1,0.42,88.6,True,2.4,1.54,39.8,4.2,C 基底修復,True,8:49,264.6,跌,259.0,24,False,7.0,-0.6144,-0.8152,-1.5696,True,False,-4.89,-2.04,174.37,-3.07,-1.28,329.1,OHLC,—,LH/LL,DT,True,265,3,LYV,SubSector_R12
PSA,2026-09-21,296.67,6.17,False,309.4,-1.083,-0.95,True,91.4,0.28,91.1,True,2.08,1.35,33.6,1.8,D 趨勢弱,True,8:49,264.6,跌,341.0,26,False,7.0,-0.0123,-0.229,-2.6991,True,False,-4.29,-2.06,324.5,-9.38,-4.51,254.2,OHLC,—,LH/LL,自然反彈,True,265,3,PSA,SubSector_R12
PYPL,2026-09-21,52.62,1.57,False,56.35,-0.168,-0.61,True,77.5,0.65,76.8,True,2.98,3.24,33.9,-0.4,D 趨勢弱,True,8:49,264.6,跌,268.0,33,False,7.0,-0.3136,-0.3789,-1.4183,True,False,-7.09,-2.38,54.6,-3.76,-1.26,691.1,OHLC,—,LH/LL,DT,True,265,3,PYPL,SubSector_R12
STZ,2026-09-21,118.39,3.2,False,127.93,-0.605,-0.76,True,85.8,0.3,85.5,True,2.7,1.92,3.3,-0.8,D 趨勢弱,True,8:49,264.6,跌,149.0,16,False,7.0,-0.6749,-0.615,-1.2279,False,False,-8.06,-2.98,125.0,-5.58,-2.07,281.8,OHLC,↓,LH/LL,DT,False,265,3,STZ,SubSector_R12
UHAL,2026-09-21,63.43,1.5,False,68.36,-0.469,-1.36,True,89.4,0.23,89.2,True,2.37,1.5,40.4,-0.7,D 趨勢弱,True,8:49,264.6,跌,367.0,41,False,7.0,-0.1196,-0.1748,-0.8864,True,False,-7.77,-3.28,76.45,-20.53,-8.66,9.4,OHLC,↓,LH/LL,DT,False,265,3,UHAL,Combined_R22
CLH,2026-09-21,311.43,6.73,True,317.56,0.093,0.17,False,90.7,-0.31,91.0,True,2.16,1.43,64.7,-10.6,C 基底修復,False,4:38,139.1,跌,27.0,3,False,7.0,-0.8522,-0.4617,-1.5098,False,True,-1.97,-0.91,325.92,-4.65,-2.15,116.2,OHLC,—,LH/LL,自然回檔,False,265,3,CLH,SubSector_R12+10MA_R20
UBSI,2026-09-21,46.76,0.78,False,47.59,-0.046,-0.44,True,94.4,0.01,94.4,True,1.66,1.01,50.8,-6.8,C 基底修復,False,4:21,130.6,跌,23.0,3,False,7.0,-0.0514,-0.0269,-0.2587,False,True,-1.78,-1.07,46.48,0.6,0.36,48.0,OHLC,—,HH/HL,自然回檔,True,265,3,UBSI,Combined_R22
MET,2026-09-21,96.64,1.75,False,96.49,-0.067,-0.02,True,92.6,0.11,92.4,True,1.81,1.34,80.0,-1.8,A 待突破,False,4:20,130.0,跌,22.0,2,False,7.0,-0.0759,-0.0229,-0.7013,False,True,0.15,0.08,95.5,1.18,0.65,284.1,OHLC,—,HH/HL,UT,True,265,3,MET,SubSector_R12+Combined_R22
HGTY,2026-09-21,13.59,0.47,True,13.22,0.003,0.25,False,78.8,-0.35,79.1,True,3.46,2.51,63.5,3.9,A 待突破,False,3:29,104.7,跌,8.0,1,False,7.0,-0.0119,0.0155,-0.1162,False,True,2.71,0.78,13.9,-2.28,-0.66,8.3,OHLC,—,LH/LL,自然回檔,False,265,3,HGTY,10MA_R20
ISRG,2026-09-21,401.65,11.93,True,380.34,0.842,0.24,True,78.1,0.22,77.9,True,2.97,3.13,27.7,-6.2,D 趨勢弱,False,12:47,23.7,升,63.0,6,False,7.0,4.0488,3.1207,,False,False,5.3,1.79,,,,951.3,OHLC,—,LH/LL,UT,False,265,3,ISRG,AI_R13+SubSector_R12+Combined_R22
BJ,2026-09-21,92.31,2.37,False,93.06,-0.086,-0.19,True,86.7,0.56,86.2,True,2.56,1.86,37.8,4.3,D 趨勢弱,False,12:28,14.1,升,58.0,6,False,7.0,0.124,0.1683,,False,True,-0.82,-0.32,90.49,1.97,0.77,149.4,OHLC,↑,HH/HL,自然回檔,False,265,3,BJ,SubSector_R12
CB,2026-09-21,337.26,5.29,False,342.23,-0.288,-0.31,True,93.1,0.06,93.0,True,1.57,1.46,52.2,7.5,C 基底修復,False,12:26,12.9,升,57.0,6,False,7.0,0.1395,0.3844,,False,True,-1.47,-0.94,344.52,-2.15,-1.37,554.9,OHLC,—,LH/LL,DT,True,265,3,CB,SubSector_R12
MAR,2026-09-21,342.66,7.42,False,344.62,-0.626,-0.46,True,89.6,0.23,89.3,True,2.16,1.67,31.6,3.1,C 基底修復,False,11:58,358.9,升,49.0,5,False,8.0,1.3304,0.8109,,False,True,-0.57,-0.26,320.91,6.35,2.93,549.9,OHLC,—,HH/HL,自然反彈,False,265,3,MAR,SubSector_R12+Combined_R22
PEB,2026-09-21,18.23,0.52,False,18.05,-0.003,-0.35,True,86.6,0.57,86.1,True,2.83,1.62,58.5,1.0,C 基底修復,False,11:46,352.8,升,46.0,5,False,8.0,0.0366,0.0193,,False,True,0.97,0.34,18.19,0.22,0.08,38.9,OHLC,—,LH/LL,自然反彈,True,265,3,PEB,Combined_R22
DRH,2026-09-21,12.27,0.29,False,12.36,-0.01,-0.75,True,89.7,0.38,89.3,True,2.32,1.48,52.5,0.5,C 基底修復,False,11:19,339.4,升,39.0,4,False,8.0,0.0099,0.0067,,False,True,-0.7,-0.3,12.29,-0.16,-0.07,36.0,OHLC,—,LH/LL,自然反彈,True,265,3,DRH,Combined_R22
EBC,2026-09-21,21.48,0.46,False,22.2,-0.036,-0.82,True,91.4,0.35,91.0,True,2.12,1.31,38.7,-0.2,C 基底修復,True,8:49,264.6,跌,474.0,44,False,8.0,-0.0266,-0.0287,-0.1998,True,False,-3.36,-1.58,22.1,-2.89,-1.36,49.4,OHLC,—,LH/LL,DT,True,265,3,EBC,Combined_R22
FWONK,2026-09-21,96.43,2.39,False,99.55,-0.234,-0.26,True,88.4,0.02,88.4,True,2.48,1.59,34.7,4.5,C 基底修復,True,8:49,264.6,跌,126.0,18,False,8.0,-0.23,-0.4372,-1.1927,True,False,-3.24,-1.3,107.31,-11.28,-4.54,188.3,OHLC,—,LH/LL,自然反彈,True,265,3,FWONK,SubSector_R12
COP,2026-09-21,127.53,3.53,True,132.1,0.464,0.89,False,85.2,-1.03,86.3,True,2.77,1.96,52.5,-7.6,A 待突破,True,6:12,186.0,跌,53.0,4,False,8.0,-1.3551,-0.945,-1.3551,False,False,-3.58,-1.29,,,,874.3,OHLC,—,HH/HL,DT,False,265,3,COP,SubSector_R12
DVN,2026-09-21,47.59,1.38,True,48.14,0.153,0.76,False,83.6,-0.54,84.1,True,2.89,2.16,55.0,-3.9,A 待突破,False,5:00,150.0,跌,33.0,4,False,8.0,-0.2782,-0.1709,-0.2782,False,True,-1.15,-0.4,48.06,-0.99,-0.34,573.9,OHLC,↑,HH/HL,自然回檔,False,265,3,DVN,SubSector_R12
XOM,2026-09-21,158.3,3.84,True,162.29,0.296,0.45,False,88.6,-1.05,89.6,True,2.42,1.62,54.6,-11.8,A 待突破,False,4:25,132.4,跌,24.0,3,False,8.0,-0.6795,-0.2699,-1.0846,False,True,-2.52,-1.04,169.64,-7.16,-2.95,2355.7,OHLC,—,LH/LL,自然回檔,False,265,3,XOM,SubSector_R12+Combined_R22+RateHike_R2_迴避
PM,2026-09-21,187.48,4.48,False,189.14,-0.07,0.08,True,88.4,0.25,88.2,True,2.39,1.69,43.7,-16.6,C 基底修復,False,3:31,105.5,跌,9.0,1,False,8.0,-0.0485,0.1827,-1.1222,False,True,-0.88,-0.37,190.39,-1.55,-0.65,769.7,OHLC,—,LH/LL,自然回檔,False,265,3,PM,SubSector_R12
PANW,2026-09-21,371.76,18.89,True,360.53,0.109,0.13,True,63.1,0.78,62.4,False,5.08,3.9,68.1,-3.9,B 上升結構,False,11:00,330.0,升,33.0,5,False,9.0,2.4635,2.3824,,False,True,3.02,0.59,338.49,8.95,1.76,2618.4,OHLC,—,LH/LL,自然反彈,False,265,3,PANW,AI_R13+SubSector_R12+Combined_R22
NOC,2026-09-21,526.66,11.81,False,543.28,-1.464,-0.48,True,89.5,0.13,89.4,True,2.24,1.61,8.4,2.9,D 趨勢弱,True,9:40,290.0,升,11.0,2,False,9.0,0.491,0.2215,,False,False,-3.16,-1.41,536.62,-1.89,-0.84,411.6,OHLC,—,LH/LL,自然反彈,True,265,3,NOC,SubSector_R12
CRDO,2026-09-21,187.27,14.2,False,193.12,-1.487,-0.74,True,42.0,1.55,40.4,False,7.58,6.59,30.9,0.2,D 趨勢弱,True,9:38,288.9,升,11.0,1,False,9.0,1.59,-0.504,,False,True,-3.13,-0.41,170.57,8.92,1.18,1638.0,OHLC,—,LH/LL,UT,False,265,3,CRDO,AI_R13+SubSector_R12+Combined_R22
LMT,2026-09-21,535.4,12.89,False,557.08,-1.282,-0.74,True,86.7,0.54,86.2,True,2.41,2.02,12.5,3.4,C 基底修復,True,9:18,279.1,升,5.0,1,False,9.0,0.224,-0.2629,,False,False,-4.05,-1.68,536.15,-0.14,-0.06,614.0,OHLC,—,LH/LL,自然反彈,True,265,3,LMT,SubSector_R12+Combined_R22
EQNR,2026-09-21,42.49,1.15,True,42.97,0.123,0.87,False,82.6,-1.22,83.9,True,2.72,2.52,62.6,-5.0,A 待突破,False,4:58,149.2,跌,33.0,3,False,9.0,-0.2377,-0.0892,-0.2377,False,True,-1.12,-0.41,42.09,0.94,0.35,131.6,OHLC,↑,HH/HL,自然回檔,False,265,3,EQNR,Combined_R22
UHS,2026-09-21,174.74,5.55,True,174.17,0.144,0.34,False,83.1,-0.26,83.4,True,3.18,1.97,23.9,1.4,C 基底修復,False,10:58,328.8,升,33.0,4,False,10.0,0.028,0.3038,,False,True,0.33,0.1,169.04,3.26,1.03,128.2,OHLC,↑,HH/HL,自然回檔,False,265,3,UHS,SubSector_R12
CSCO,2026-09-21,111.46,2.81,False,112.45,-0.32,-0.62,True,85.1,0.21,84.9,True,2.52,2.23,64.7,1.0,C 基底修復,False,12:23,11.4,升,56.0,7,False,10.0,0.3326,0.1958,,False,True,-0.89,-0.35,112.13,-0.6,-0.24,1717.8,OHLC,—,LH/LL,次級反彈,True,265,3,CSCO,AI_R13
GNRC,2026-09-21,204.96,11.61,True,201.38,0.038,0.01,True,60.8,0.42,60.3,False,5.66,3.82,30.8,0.3,D 趨勢弱,False,10:20,310.0,升,22.0,3,False,11.0,3.5727,2.9747,,False,True,1.75,0.31,231.89,-13.14,-2.32,305.4,OHLC,—,LH/LL,UT,False,265,3,GNRC,AI_R13
NTAP,2026-09-21,198.15,8.08,True,192.19,0.19,0.15,True,74.4,0.56,73.9,False,4.08,2.71,75.3,-1.2,A 待突破,False,10:16,308.2,升,21.0,3,False,11.0,0.7439,0.5701,,False,True,3.01,0.74,199.28,-0.57,-0.14,505.0,OHLC,—,LH/LL,次級反彈,True,265,3,NTAP,AI_R13
RDW,2026-09-21,11.6,0.78,False,11.77,-0.128,-0.03,True,50.0,1.39,48.6,False,6.7,5.25,58.3,25.7,D 趨勢弱,True,9:57,298.4,升,16.0,3,False,11.0,0.0699,0.0213,,False,True,-1.46,-0.22,10.74,7.41,1.11,138.8,OHLC,↑,HH/HL,UT,False,265,3,RDW,SubSector_R12+Combined_R22
PCAR,2026-09-21,114.73,2.95,False,124.26,-0.901,-1.56,True,88.1,0.22,87.9,True,2.57,1.58,15.7,-2.8,D 趨勢弱,True,8:49,264.6,跌,253.0,32,False,11.0,-0.8425,-0.7406,-1.1366,False,False,-8.3,-3.22,124.7,-8.69,-3.37,328.4,OHLC,↓,LH/LL,DT,False,265,3,PCAR,SubSector_R12+Combined_R22
RTX,2026-09-21,194.34,3.9,False,208.17,-0.912,-1.35,True,90.8,0.31,90.5,True,2.01,1.56,40.5,13.6,C 基底修復,True,8:49,264.6,跌,195.0,27,False,11.0,-0.7837,-0.9967,-2.6008,True,False,-7.12,-3.55,213.5,-9.86,-4.92,760.9,OHLC,—,LH/LL,自然回檔,False,265,3,RTX,SubSector_R12+Combined_R22
FORM,2026-09-21,119.31,7.28,True,112.77,0.204,-0.04,True,46.1,0.73,45.4,False,6.1,6.87,57.8,0.9,C 基底修復,False,1:21,40.3,升,72.0,9,False,11.0,1.7454,1.3064,,False,True,5.48,0.9,112.47,5.73,0.94,140.1,OHLC,↑,HH/HL,UT,False,265,3,FORM,AI_R13
CCL,2026-09-21,22.31,0.73,False,24.58,-0.176,-1.63,True,82.0,0.47,81.5,True,3.25,2.11,2.9,2.9,D 趨勢弱,True,8:49,264.6,跌,190.0,25,False,12.0,-0.0109,-0.0625,-0.3938,True,False,-10.19,-3.13,22.95,-2.87,-0.88,454.5,OHLC,↓,LH/LL,自然反彈,False,265,3,CCL,SubSector_R12
TRST,2026-09-21,56.34,1.32,True,57.11,0.035,0.02,False,90.8,-0.04,90.9,True,2.35,1.2,61.2,-2.0,C 基底修復,False,4:52,146.1,跌,31.0,3,False,12.0,-0.2155,-0.1611,-0.3262,False,True,-1.36,-0.58,59.26,-5.18,-2.21,9.1,OHLC,—,LH/LL,自然回檔,False,265,3,TRST,Combined_R22
PGC,2026-09-21,45.17,0.97,False,45.58,-0.011,-0.23,True,91.0,0.11,90.9,True,2.15,1.37,68.4,0.4,C 基底修復,False,3:45,112.5,跌,12.0,2,False,12.0,-0.0287,-0.014,-0.1956,False,True,-0.9,-0.42,46.71,-3.41,-1.58,5.5,OHLC,—,LH/LL,自然回檔,False,265,3,PGC,Combined_R22
GNK,2026-09-21,27.83,0.89,True,26.76,0.057,0.36,True,81.6,0.26,81.3,True,3.2,2.24,68.3,0.5,A 待突破,False,2:49,84.6,升,213.0,12,False,12.0,0.0701,0.0857,,False,False,3.84,1.2,27.42,1.47,0.46,21.5,OHLC,↑,HH/HL,自然反彈,False,265,3,GNK,Combined_R22
CAT,2026-09-21,816.5,24.74,False,817.25,-1.063,-0.61,True,81.1,0.95,80.1,True,3.03,2.5,57.3,1.2,C 基底修復,False,2:11,65.3,升,86.0,11,False,12.0,3.4414,2.1711,,False,True,-0.09,-0.03,822.48,-0.73,-0.24,1922.3,OHLC,—,LH/LL,自然反彈,True,265,3,CAT,SubSector_R12+Combined_R22
EQH,2026-09-21,53.87,1.26,True,52.07,0.072,0.85,True,87.6,0.06,87.6,True,2.33,1.91,57.9,-2.6,E 延伸,False,2:09,64.3,升,86.0,12,False,12.0,0.119,0.1644,,False,False,3.35,1.44,52.04,3.4,1.46,168.2,OHLC,↑,HH/HL,UT,False,265,3,EQH,SubSector_R12
TXN,2026-09-21,270.87,8.96,False,265.82,-0.701,-0.32,True,80.0,0.29,79.7,True,3.31,2.44,50.8,-0.2,C 基底修復,False,1:51,55.5,升,81.0,10,False,12.0,1.8793,1.4303,,False,True,1.86,0.56,266.54,1.6,0.48,1634.6,OHLC,—,LH/LL,自然反彈,True,265,3,TXN,SubSector_R12
LUV,2026-09-21,41.77,1.24,False,40.69,-0.121,-1.2,True,83.3,0.71,82.6,True,2.97,2.13,20.2,-6.6,C 基底修復,False,1:36,47.9,升,77.0,9,False,12.0,0.5434,0.4471,,False,True,2.6,0.87,38.67,7.42,2.5,234.5,OHLC,↑,HH/HL,UT,False,265,3,LUV,SubSector_R12
EFSI,2026-09-21,45.68,1.46,True,43.78,0.114,0.64,True,83.6,0.51,83.0,True,3.21,1.85,61.4,0.3,B 上升結構,False,1:23,41.7,升,73.0,10,False,12.0,0.1847,0.2611,,False,False,4.16,1.3,41.06,10.11,3.15,2.3,OHLC,↑,HH/HL,UT,False,265,3,EFSI,10MA_R20
BBY,2026-09-21,93.22,3.06,True,87.13,0.332,0.56,True,81.3,0.67,80.6,True,3.28,2.21,62.6,-3.5,E 延伸,False,2:49,84.6,升,144.0,11,False,13.0,0.4858,0.5965,,False,False,6.53,1.99,92.45,0.83,0.25,417.4,OHLC,↑,HH/HL,自然反彈,False,265,3,BBY,SubSector_R12
MOD,2026-09-21,197.62,10.62,True,191.33,0.172,-0.15,True,59.4,0.67,58.8,False,5.37,4.38,29.0,-0.1,D 趨勢弱,False,2:49,84.6,升,112.0,12,False,13.0,2.2951,1.5044,,False,True,3.18,0.59,195.92,0.86,0.16,243.3,OHLC,↑,HH/HL,UT,False,265,3,MOD,AI_R13+SubSector_R12+Combined_R22
INSW,2026-09-21,109.1,3.87,True,101.96,0.627,0.92,True,78.9,0.13,78.8,True,3.54,2.39,69.1,0.6,E 延伸,False,1:05,32.3,升,68.0,12,False,13.0,0.479,0.6405,,False,False,6.54,1.85,102.14,6.38,1.8,81.5,OHLC,↑,HH/HL,UT,False,265,3,INSW,Combined_R22+10MA_R20
CVX,2026-09-21,203.67,4.61,True,206.55,0.473,0.92,False,89.6,-0.76,90.4,True,2.26,1.56,58.1,-6.7,A 待突破,False,5:36,167.8,跌,43.0,4,False,14.0,-1.1817,-0.596,-1.1817,False,True,-1.41,-0.62,217.78,-6.93,-3.06,2006.7,OHLC,—,LH/LL,自然回檔,False,265,3,CVX,SubSector_R12+Combined_R22+RateHike_R2_迴避
SU,2026-09-21,67.24,1.84,True,67.13,0.296,0.66,False,85.5,-0.91,86.4,True,2.74,1.94,62.0,-6.2,A 待突破,False,4:10,125.1,跌,20.0,2,False,14.0,-0.1839,-0.006,-0.5478,False,True,0.16,0.06,67.33,-0.13,-0.05,312.5,OHLC,↑,HH/HL,自然回檔,False,265,3,SU,Combined_R22
QRVO,2026-09-21,117.21,4.59,True,105.22,0.546,1.22,True,75.5,0.56,74.9,True,3.92,2.67,56.9,-0.3,E 延伸,False,2:49,84.6,升,100.0,13,False,14.0,1.2434,1.4831,,False,False,10.23,2.61,120.52,-2.82,-0.72,162.5,OHLC,—,LH/LL,UT,False,265,3,QRVO,10MA_R20
BIDU,2026-09-21,92.21,2.79,False,94.81,-0.348,-0.8,True,78.9,0.47,78.4,True,3.02,2.93,14.7,2.9,D 趨勢弱,False,10:09,304.7,升,19.0,3,False,,0.2887,0.0823,,False,True,-2.82,-0.93,89.82,2.59,0.86,231.9,OHLC,—,HH/HL,自然反彈,True,265,3,BIDU,AI_R13
AMPH,2026-09-21,24.48,0.8,True,22.47,0.188,0.99,False,81.3,-1.57,82.9,True,3.27,2.23,37.2,-1.6,C 基底修復,True,9:20,279.8,升,5.0,1,False,,0.0042,-0.0235,,False,False,8.2,2.51,22.93,6.33,1.94,11.5,OHLC,↑,HH/HL,UT,False,265,3,AMPH,10MA_R20
AWK,2026-09-21,133.97,2.64,False,137.55,-0.018,0.22,False,91.6,-0.09,91.7,True,1.97,1.42,47.9,-1.1,C 基底修復,True,7:52,236.1,跌,81.0,7,False,,-0.6843,-0.4852,-0.6843,False,True,-2.67,-1.36,,,,265.1,OHLC,—,HH/HL,DT,False,265,3,AWK,SubSector_R12
CAH,2026-09-21,225.75,5.14,False,235.27,-0.287,-0.33,True,90.3,0.2,90.1,True,2.28,1.4,60.1,3.2,C 基底修復,True,7:28,224.0,跌,74.0,8,False,,-1.924,-1.8737,-1.924,False,False,-4.22,-1.85,228.46,-1.2,-0.53,361.8,OHLC,—,HH/HL,DT,False,265,3,CAH,SubSector_R12+Combined_R22
MOS,2026-09-21,24.07,1.1,True,24.19,0.016,0.34,False,73.4,-1.55,74.9,False,4.56,2.42,22.3,7.4,D 趨勢弱,True,7:10,215.2,跌,70.0,4,False,,-0.2035,-0.1376,-0.2206,False,True,-0.48,-0.11,25.39,-5.48,-1.2,198.6,OHLC,↓,LH/LL,DT,False,265,3,MOS,SubSector_R12
BTU,2026-09-21,25.07,1.26,True,27.12,0.038,0.41,True,67.3,0.46,66.8,False,5.03,3.13,9.8,-0.9,D 趨勢弱,True,6:54,206.8,跌,65.0,8,False,,-0.5713,-0.5025,-0.5713,False,False,-8.18,-1.63,27.35,-9.09,-1.81,64.4,OHLC,↓,LH/LL,DT,False,265,3,BTU,SubSector_R12
CF,2026-09-21,123.27,5.45,True,128.59,0.207,0.4,False,73.8,-1.02,74.8,False,4.42,2.48,45.8,-7.4,C 基底修復,True,6:36,198.0,跌,60.0,6,False,,-1.3995,-0.8579,-1.3995,False,True,-4.31,-0.98,133.35,-8.18,-1.85,329.0,OHLC,—,HH/HL,DT,False,265,3,CF,SubSector_R12+Combined_R22
CTVA,2026-09-21,79.11,2.39,True,82.48,0.082,0.37,False,82.4,-0.17,82.6,True,3.02,2.27,38.7,-4.3,C 基底修復,True,6:33,196.5,跌,59.0,6,False,,-0.7564,-0.6345,-1.5408,False,False,-4.26,-1.41,83.86,-6.0,-1.99,403.0,OHLC,—,HH/HL,DT,False,265,3,CTVA,SubSector_R12
RSG,2026-09-21,213.93,3.81,False,220.07,-0.029,0.4,False,93.0,-0.29,93.2,True,1.78,1.27,27.7,-12.3,D 趨勢弱,True,6:23,191.4,跌,56.0,5,False,,-1.0714,-0.7137,-1.6299,False,True,-2.87,-1.61,217.34,-1.59,-0.89,371.6,OHLC,—,HH/HL,DT,False,265,3,RSG,SubSector_R12
AD,2026-09-21,35.56,0.92,True,36.76,0.003,0.25,True,89.2,0.46,88.7,True,2.57,1.35,14.9,0.8,D 趨勢弱,False,5:46,173.1,跌,46.0,3,False,,-0.2781,-0.1849,-0.2781,False,False,-3.39,-1.32,35.05,1.43,0.56,9.7,OHLC,↑,HH/HL,自然回檔,False,265,3,AD,10MA_R20_跌出
HAL,2026-09-21,33.39,1.06,True,35.23,0.027,0.35,True,82.8,0.15,82.6,True,3.16,2.05,20.1,-3.0,C 基底修復,False,5:33,166.7,跌,43.0,7,False,,-0.4318,-0.3938,-0.4318,False,False,-5.5,-1.74,33.8,-1.23,-0.39,391.0,OHLC,—,HH/HL,DT,False,265,3,HAL,SubSector_R12+RateHike_R2_迴避
DE,2026-09-21,684.73,16.91,True,651.78,1.633,0.62,True,86.1,0.75,85.4,True,2.47,2.08,57.4,5.0,E 延伸,False,5:22,161.1,跌,40.0,4,False,,-1.0351,-0.8129,-3.9742,False,False,4.81,1.95,669.47,2.23,0.9,885.0,OHLC,—,HH/HL,自然反彈,True,265,3,DE,SubSector_R12
NTR,2026-09-21,74.54,2.28,True,74.4,0.398,0.81,False,84.0,-1.7,85.7,True,3.06,1.91,54.6,4.9,B 上升結構,False,5:05,152.3,跌,35.0,6,False,,-0.6549,-0.4054,-0.6549,False,True,0.18,0.06,82.55,-10.75,-3.51,200.4,OHLC,↓,LH/LL,DT,False,265,3,NTR,SubSector_R12
HUM,2026-09-21,378.58,12.8,True,390.08,0.249,0.36,False,81.3,-0.09,81.4,True,3.38,2.11,69.2,0.4,C 基底修復,False,5:01,150.7,跌,34.0,4,False,,-2.7767,-2.1165,-6.6213,False,True,-3.04,-0.9,383.23,-1.23,-0.36,362.0,OHLC,—,HH/HL,DT,False,265,3,HUM,SubSector_R12
FUBO,2026-09-21,10.3,0.72,True,10.48,0.03,0.29,True,48.5,2.24,46.3,False,7.0,5.33,32.3,0.1,D 趨勢弱,False,4:49,144.7,跌,30.0,4,False,,-0.1655,-0.1625,-0.1655,False,True,-1.74,-0.25,12.32,-19.56,-2.8,12.9,OHLC,↓,LH/LL,自然反彈,False,265,3,FUBO,10MA_R20_跌出
WFC,2026-09-21,86.54,2.01,False,87.43,-0.009,-0.06,True,89.7,0.46,89.3,True,2.32,1.48,38.1,-3.2,C 基底修復,False,4:49,144.7,跌,30.0,3,False,,-0.2986,-0.2449,-0.5693,False,True,-1.03,-0.44,85.79,0.87,0.37,1180.7,OHLC,—,HH/HL,DT,False,265,3,WFC,SubSector_R12
NKTX,2026-09-21,2.88,0.18,True,2.72,0.014,0.62,True,54.1,1.45,52.7,False,6.42,4.52,43.5,-2.3,E 延伸,False,4:26,133.2,跌,24.0,3,False,,-0.0112,-0.0108,-0.079,False,True,5.55,0.86,2.81,2.43,0.38,1.6,OHLC,↑,HH/HL,自然反彈,False,265,3,NKTX,SubSector_R12+10MA_R20
CI,2026-09-21,274.47,6.44,False,279.56,-0.17,0.24,True,88.1,0.41,87.7,True,2.34,1.81,38.8,0.7,D 趨勢弱,False,4:18,128.9,跌,22.0,2,False,,-0.6059,-0.301,-2.2878,False,True,-1.85,-0.79,275.83,-0.5,-0.21,403.8,OHLC,↑,HH/HL,自然回檔,False,265,3,CI,SubSector_R12
LUMN,2026-09-21,6.46,0.37,True,6.47,0.012,0.18,True,61.9,1.17,60.7,False,5.69,3.55,18.7,6.7,D 趨勢弱,False,4:08,123.9,跌,19.0,2,False,,-0.0161,-0.0024,-0.0191,False,True,-0.22,-0.04,,,,87.9,OHLC,—,HH/HL,DT,False,265,3,LUMN,Combined_R22
MEOH,2026-09-21,58.7,2.19,True,59.86,0.14,0.89,False,76.3,-1.23,77.5,True,3.73,2.71,59.4,4.3,B 上升結構,False,3:53,116.5,跌,15.0,2,False,,-0.3358,-0.1011,-0.3358,False,True,-1.98,-0.53,58.72,-0.03,-0.01,48.9,OHLC,↑,HH/HL,自然回檔,False,265,3,MEOH,Combined_R22
SLDE,2026-09-21,24.22,0.82,True,24.07,0.069,1.07,False,78.1,-0.81,78.9,True,3.37,2.73,63.3,-0.7,B 上升結構,False,3:41,110.6,跌,11.0,2,False,,-0.1188,-0.0222,-0.165,False,True,0.62,0.18,23.06,4.79,1.42,35.5,OHLC,↑,HH/HL,自然回檔,False,265,3,SLDE,Combined_R22+10MA_R20
UNM,2026-09-21,93.56,2.21,True,93.21,0.128,0.64,False,88.5,-0.41,88.9,True,2.37,1.69,58.6,-0.7,B 上升結構,False,3:37,108.7,跌,10.0,1,False,,-0.0946,0.0574,-0.549,False,True,0.38,0.16,93.07,0.52,0.22,179.6,OHLC,—,HH/HL,次級回檔,True,265,3,UNM,Combined_R22+10MA_R20
TIGO,2026-09-21,95.11,2.77,False,93.89,-0.316,-0.37,True,80.6,0.41,80.2,True,2.91,2.72,75.8,12.6,A 待突破,False,3:36,108.2,跌,10.0,1,False,,-0.0154,0.0111,-1.048,False,True,1.28,0.44,93.57,1.62,0.56,76.5,OHLC,—,HH/HL,次級回檔,True,265,3,TIGO,Combined_R22
ADM,2026-09-21,83.38,2.75,True,83.01,0.196,0.55,False,83.4,-0.67,84.0,True,3.3,1.79,63.6,2.3,B 上升結構,False,3:30,104.8,跌,8.0,1,False,,-0.1082,0.1388,-0.949,False,True,0.44,0.13,85.0,-1.94,-0.59,333.1,OHLC,—,HH/HL,DT,True,265,3,ADM,SubSector_R12+10MA_R20
REPX,2026-09-21,40.62,1.52,True,41.07,0.12,1.29,False,78.8,-4.11,82.9,True,3.74,2.22,55.1,0.4,B 上升結構,False,3:28,104.2,跌,8.0,1,False,,-0.1967,0.0563,-0.1967,False,True,-1.11,-0.3,37.36,8.03,2.15,16.4,OHLC,↑,HH/HL,自然回檔,False,265,3,REPX,10MA_R20
PBR,2026-09-21,20.63,0.59,True,19.64,0.101,0.63,True,83.8,0.22,83.6,True,2.88,2.12,55.7,4.1,B 上升結構,False,3:23,101.4,跌,6.0,1,False,,-0.0311,0.0203,-0.1269,False,False,4.81,1.67,20.12,2.47,0.86,478.4,OHLC,—,HH/HL,自然回檔,True,265,3,PBR,Combined_R22
AAPL,2026-09-21,338.98,7.26,True,319.04,0.661,0.66,True,88.9,1.05,87.8,True,2.14,1.84,62.5,-6.8,E 延伸,False,2:49,84.6,升,105.0,18,False,,1.6126,1.6027,,False,False,5.88,2.75,315.34,6.97,3.26,14536.8,OHLC,↑,HH/HL,UT,False,265,3,AAPL,AI_R13+SubSector_R12
FPI,2026-09-21,10.95,0.21,True,10.4,0.031,0.79,True,93.0,0.36,92.7,True,1.88,1.15,32.4,1.0,C 基底修復,False,2:49,84.6,升,187.0,35,False,,0.012,0.0126,,False,False,5.04,2.68,10.13,7.49,3.98,6.7,OHLC,—,HH/HL,UT,True,265,3,FPI,10MA_R20
NI,2026-09-21,40.52,0.67,False,41.36,-0.111,-0.91,True,93.7,0.17,93.5,True,1.66,1.21,16.9,-10.4,D 趨勢弱,False,2:49,84.6,升,127.0,15,False,,0.0613,0.0771,,False,True,-2.07,-1.25,41.9,-3.41,-2.05,208.7,OHLC,↓,LH/LL,DT,False,265,3,NI,SubSector_R12
NXPI,2026-09-21,232.41,7.94,False,227.6,-0.211,-0.14,True,78.0,0.51,77.4,True,3.42,2.71,15.3,-2.8,D 趨勢弱,False,2:49,84.6,升,181.0,26,False,,1.76,1.4544,,False,True,2.07,0.61,231.15,0.54,0.16,789.4,OHLC,—,HH/HL,自然反彈,False,265,3,NXPI,SubSector_R12
OHI,2026-09-21,46.83,0.92,False,46.76,-0.037,-0.3,True,92.3,0.23,92.0,True,1.96,1.26,41.3,1.5,C 基底修復,False,2:49,84.6,升,121.0,14,False,,0.0771,0.0968,,False,True,0.16,0.08,45.76,2.28,1.16,91.3,OHLC,—,HH/HL,UT,True,265,3,OHI,SubSector_R12+10MA_R20
STAG,2026-09-21,37.51,0.56,True,37.13,0.019,-0.09,False,94.1,-0.04,94.1,True,1.48,1.29,36.4,0.3,D 趨勢弱,False,2:49,84.6,升,137.0,19,False,,0.0879,0.0843,,False,True,1.01,0.68,36.69,2.19,1.48,57.2,OHLC,—,HH/HL,自然回檔,True,265,3,STAG,SubSector_R12
WMT,2026-09-21,107.44,2.03,False,107.54,-0.111,-0.32,True,90.2,0.3,89.9,True,1.89,1.8,24.9,3.6,D 趨勢弱,False,2:09,64.3,升,86.0,12,False,,0.3614,0.3624,,False,True,-0.09,-0.05,105.16,2.12,1.12,2616.2,OHLC,—,HH/HL,DT,True,265,3,WMT,SubSector_R12
ATRC,2026-09-21,58.32,2.0,True,53.05,0.341,2.52,True,77.2,0.01,77.2,True,3.44,2.84,60.1,-0.5,E 延伸,False,12:03,1.4,升,51.0,13,False,,0.1961,0.2569,,False,False,9.04,2.63,51.52,11.66,3.39,83.0,OHLC,↑,HH/HL,UT,False,265,3,ATRC,10MA_R20
MAX,2026-09-21,10.79,0.59,False,12.2,-0.098,-0.58,False,65.9,-0.44,66.3,False,5.47,2.97,22.9,1.2,D 趨勢弱,True,8:49,264.6,跌,229.0,44,True,0.0,-0.1458,-0.169,-0.3086,True,False,-13.07,-2.39,12.2,-13.07,-2.39,7.1,OHLC,↓,LH/LL,自然反彈,False,265,2,MAX,Combined_R22
VKTX,2026-09-21,30.11,1.53,False,32.54,-0.286,-0.62,False,67.7,-0.23,67.9,False,5.08,3.0,9.2,1.6,D 趨勢弱,True,6:37,198.7,跌,60.0,8,True,0.0,-0.3539,-0.4429,-0.8298,True,False,-8.08,-1.59,34.95,-16.07,-3.17,64.3,OHLC,↓,LH/LL,自然反彈,False,265,2,VKTX,SubSector_R12
KALU,2026-09-21,150.94,6.95,False,163.15,-1.226,-0.61,True,65.6,1.03,64.6,False,4.6,3.88,63.5,5.5,C 基底修復,False,5:58,179.1,跌,49.0,6,True,0.0,-0.6389,-0.6874,-3.291,True,False,-8.09,-1.76,155.08,-2.74,-0.6,32.8,OHLC,↓,LH/LL,自然回檔,False,265,2,KALU,SubSector_R12
ASPI,2026-09-21,3.18,0.26,False,3.75,-0.036,-0.95,True,45.7,1.52,44.2,False,8.1,4.99,0.0,0.0,D 趨勢弱,False,5:55,177.5,跌,49.0,7,True,0.0,-0.0516,-0.0643,-0.0703,True,False,-17.97,-2.22,3.24,-2.04,-0.25,12.9,OHLC,↓,LH/LL,自然反彈,False,265,2,ASPI,SubSector_R12
CENX,2026-09-21,39.1,2.31,False,45.27,-0.445,-0.63,True,61.9,1.64,60.3,False,5.91,3.32,14.6,-9.7,D 趨勢弱,False,5:52,176.2,跌,48.0,7,True,0.0,-0.7163,-0.7347,-0.7347,True,False,-15.79,-2.67,40.75,-4.22,-0.71,64.2,OHLC,↓,LH/LL,DT,False,265,2,CENX,SubSector_R12
FSLR,2026-09-21,199.84,9.95,False,211.99,-3.924,-1.13,True,68.5,0.94,67.6,False,4.98,2.94,9.1,6.0,D 趨勢弱,False,5:08,154.0,跌,36.0,4,True,0.0,-0.1911,-0.4036,-2.2569,True,False,-6.08,-1.22,201.16,-0.66,-0.13,408.3,OHLC,↓,LH/LL,自然回檔,False,265,2,FSLR,SubSector_R12+RateHike_R2_迴避
JBL,2026-09-21,303.67,12.2,False,318.35,-1.613,-0.72,True,71.8,0.4,71.4,False,4.02,3.27,40.7,4.7,C 基底修復,True,9:58,298.8,升,16.0,1,False,1.0,0.2112,-0.3036,,False,False,-4.83,-1.2,302.8,0.29,0.07,322.5,OHLC,—,HH/HL,自然反彈,True,265,2,JBL,SubSector_R12+Combined_R22
VOYA,2026-09-21,100.53,2.42,False,101.13,-0.016,0.05,False,90.6,-0.03,90.7,True,2.41,1.2,72.4,-0.5,A 待突破,False,4:40,140.0,跌,28.0,5,False,1.0,-0.4048,-0.3737,-0.6207,False,True,-0.6,-0.25,104.19,-3.64,-1.51,118.0,OHLC,—,LH/LL,自然回檔,False,265,2,VOYA,Combined_R22
ETN,2026-09-21,435.43,15.43,False,418.8,-0.371,-0.42,True,75.8,0.77,75.0,True,3.54,2.99,58.1,-2.6,A 待突破,False,10:41,320.5,升,28.0,2,False,2.0,2.6982,1.068,,False,False,3.82,1.08,408.67,6.15,1.73,905.4,OHLC,↑,HH/HL,UT,False,265,2,ETN,AI_R13+SubSector_R12+Combined_R22+RateHike_R2_受惠
SNDK,2026-09-21,1766.64,115.21,True,1578.59,18.679,0.58,True,41.6,1.29,40.3,False,6.52,7.76,65.0,3.2,C 基底修復,False,10:14,306.9,升,21.0,2,False,2.0,10.8105,4.9612,,False,False,10.64,1.63,1568.87,11.19,1.72,19229.2,OHLC,↑,HH/HL,UT,False,265,2,SNDK,AI_R13+SubSector_R12
POET,2026-09-21,8.41,0.53,False,8.24,-0.035,-0.16,True,49.1,0.45,48.6,False,6.28,5.89,62.7,30.1,D 趨勢弱,False,10:13,306.5,升,20.0,2,False,2.0,0.0711,0.0144,,False,True,1.98,0.32,7.18,14.63,2.33,68.6,OHLC,↑,HH/HL,UT,False,265,2,POET,AI_R13+SubSector_R12
TER,2026-09-21,381.54,21.13,False,370.6,-0.237,-0.28,True,53.6,1.84,51.8,False,5.54,5.53,63.1,4.7,C 基底修復,False,10:09,304.7,升,19.0,2,False,2.0,2.1801,0.363,,False,True,2.87,0.52,372.06,2.48,0.45,988.6,OHLC,↓,LH/LL,自然反彈,False,265,2,TER,AI_R13+SubSector_R12+Combined_R22
VECO,2026-09-21,44.22,2.46,False,46.42,-0.424,-0.93,True,55.6,1.33,54.3,False,5.56,5.05,43.1,5.1,D 趨勢弱,False,10:09,304.7,升,19.0,2,False,2.0,0.2768,0.0837,,False,True,-4.98,-0.9,45.59,-3.1,-0.56,22.8,OHLC,↓,LH/LL,自然反彈,False,265,2,VECO,AI_R13
MCHP,2026-09-21,74.78,2.83,False,74.95,-0.677,-0.56,True,72.4,0.61,71.8,False,3.78,3.39,33.7,4.3,C 基底修復,False,10:04,302.0,升,18.0,2,False,2.0,0.3885,0.1676,,False,True,-0.23,-0.06,74.17,0.82,0.22,627.0,OHLC,—,LH/LL,自然反彈,True,265,2,MCHP,Combined_R22
TLN,2026-09-21,299.97,14.15,False,315.32,-1.492,-0.6,True,67.9,0.37,67.5,False,4.72,3.32,9.6,4.0,D 趨勢弱,True,9:36,288.0,升,10.0,1,False,2.0,0.5659,-0.1808,,False,False,-5.12,-1.09,325.77,-8.6,-1.82,227.6,OHLC,↓,LH/LL,自然反彈,False,265,2,TLN,AI_R13+SubSector_R12+Combined_R22
APD,2026-09-21,279.46,5.86,False,298.48,-1.064,-0.58,False,89.8,-0.11,89.9,True,2.1,1.68,21.4,-11.6,C 基底修復,True,8:49,264.6,跌,123.0,12,False,2.0,-2.2894,-2.1401,-2.3348,False,False,-6.81,-3.25,300.2,-7.42,-3.54,313.2,OHLC,↓,LH/LL,DT,False,265,2,APD,AI_R13+SubSector_R12
D,2026-09-21,62.82,1.13,False,65.96,-0.155,-0.71,False,94.2,-0.35,94.5,True,1.8,0.95,22.4,-0.5,D 趨勢弱,True,8:49,264.6,跌,550.0,44,False,2.0,-0.1688,-0.1392,-0.5079,False,False,-5.0,-2.78,66.92,-6.53,-3.63,300.9,OHLC,↓,LH/LL,DT,False,265,2,D,SubSector_R12
DNLI,2026-09-21,20.47,0.82,False,22.7,-0.254,-1.28,False,73.1,-0.11,73.2,False,4.03,3.01,16.0,0.9,D 趨勢弱,True,8:49,264.6,跌,222.0,20,True,2.0,-0.2289,-0.3078,-0.3802,True,False,-10.92,-2.71,25.7,-25.55,-6.34,29.6,OHLC,↓,LH/LL,自然反彈,False,265,2,DNLI,SubSector_R12
DTIL,2026-09-21,6.5,0.39,False,7.68,-0.035,-0.33,False,60.3,-0.36,60.7,False,6.0,3.58,33.2,-1.5,D 趨勢弱,True,8:49,264.6,跌,150.0,15,True,2.0,-0.1105,-0.1168,-0.1982,True,False,-18.1,-3.02,6.41,1.38,0.23,1.6,OHLC,—,HH/HL,DT,False,265,2,DTIL,SubSector_R12
FDX,2026-09-21,295.79,7.58,False,321.15,-1.059,-0.33,False,88.3,-0.64,88.9,True,2.56,1.55,29.7,-14.3,C 基底修復,True,8:49,264.6,跌,146.0,15,False,2.0,-2.4716,-2.2015,-2.6156,False,False,-8.57,-3.35,321.02,-8.53,-3.33,449.6,OHLC,↓,LH/LL,DT,False,265,2,FDX,SubSector_R12+RateHike_R2_迴避
PAAS,2026-09-21,48.75,2.09,False,51.06,-0.039,0.12,False,71.1,-0.56,71.7,False,4.29,3.14,38.6,-5.6,C 基底修復,True,8:49,264.6,跌,114.0,14,True,2.0,-0.4718,-0.4877,-0.7141,True,False,-4.75,-1.11,46.74,4.12,0.96,195.9,OHLC,—,HH/HL,自然回檔,False,265,2,PAAS,SubSector_R12
RIG,2026-09-21,5.45,0.25,True,5.78,0.003,0.22,False,70.3,-0.62,70.9,False,4.66,2.91,16.4,-26.7,C 基底修復,True,7:17,218.6,跌,71.0,10,False,2.0,-0.05,-0.0408,-0.0562,False,False,-6.05,-1.3,5.94,-8.99,-1.93,227.8,OHLC,—,LH/LL,自然回檔,True,265,2,RIG,SubSector_R12
AA,2026-09-21,44.64,1.98,False,49.95,-0.11,-0.16,True,71.0,1.37,69.6,False,4.43,3.02,22.0,2.2,D 趨勢弱,True,6:48,204.1,跌,63.0,8,False,2.0,-0.6209,-0.6031,-0.6209,False,False,-11.89,-2.68,51.28,-14.87,-3.36,170.2,OHLC,↓,LH/LL,DT,False,265,2,AA,SubSector_R12
NVO,2026-09-21,39.8,1.42,False,44.84,-0.818,-0.83,False,78.2,-4.8,83.0,True,3.56,2.51,8.0,-18.3,D 趨勢弱,True,6:33,196.6,跌,59.0,9,False,2.0,-0.3875,-0.2391,-0.7798,False,False,-12.66,-3.55,43.24,-8.64,-2.43,472.9,OHLC,↓,LH/LL,DT,False,265,2,NVO,SubSector_R12
ATO,2026-09-21,158.27,2.41,False,166.72,-0.393,-0.94,False,94.9,-0.06,95.0,True,1.52,1.01,12.2,-1.4,D 趨勢弱,True,6:00,180.0,跌,50.0,8,False,2.0,-0.5747,-0.4469,-1.0166,False,False,-5.34,-3.51,169.58,-7.15,-4.7,151.8,OHLC,↓,LH/LL,DT,False,265,2,ATO,SubSector_R12
DUK,2026-09-21,116.74,1.7,False,120.94,-0.242,-0.74,True,94.8,0.04,94.7,True,1.46,1.12,17.6,-0.3,D 趨勢弱,False,5:56,177.9,跌,49.0,7,False,2.0,-0.1733,-0.1315,-0.6368,False,False,-3.6,-2.47,121.98,-4.49,-3.08,438.3,OHLC,↓,LH/LL,DT,False,265,2,DUK,SubSector_R12
TSEM,2026-09-21,233.82,13.79,False,224.75,-0.557,-0.21,True,51.4,0.61,50.8,False,5.9,5.69,59.1,8.4,C 基底修復,False,11:19,339.7,升,39.0,3,False,3.0,3.0536,1.6609,,False,True,3.88,0.66,190.55,18.51,3.14,430.4,OHLC,↑,HH/HL,UT,False,265,2,TSEM,AI_R13
CAMT,2026-09-21,149.63,7.76,False,149.07,-0.207,-0.07,True,59.0,1.08,58.0,False,5.19,4.66,44.0,-1.7,C 基底修復,False,11:15,337.5,升,38.0,3,False,3.0,1.2596,0.878,,False,True,0.37,0.07,133.84,10.55,2.03,54.1,OHLC,↑,HH/HL,UT,False,265,2,CAMT,AI_R13
GEV,2026-09-21,946.22,40.52,False,951.74,-1.431,-0.37,True,69.6,0.99,68.6,False,4.28,3.43,44.0,4.0,C 基底修復,False,10:44,321.8,升,29.0,3,False,3.0,4.3406,2.6567,,False,True,-0.58,-0.14,953.83,-0.8,-0.19,2169.5,OHLC,↓,LH/LL,自然反彈,False,265,2,GEV,AI_R13+SubSector_R12+Combined_R22+RateHike_R2_受惠
AMRX,2026-09-21,20.16,0.78,True,17.99,0.201,0.21,False,76.9,-3.07,80.0,True,3.88,2.44,67.4,-7.6,E 延伸,False,10:38,319.1,升,27.0,3,False,3.0,0.243,0.1116,,False,False,10.76,2.77,,,,46.1,OHLC,—,LH/LL,UT,False,265,2,AMRX,Combined_R22
AEHR,2026-09-21,96.93,8.95,False,99.01,-0.12,-0.15,True,31.1,1.27,29.8,False,9.23,8.97,66.5,14.9,D 趨勢弱,False,10:25,312.4,升,24.0,2,False,3.0,0.9911,0.4442,,False,True,-2.15,-0.23,123.3,-27.21,-2.95,267.4,OHLC,—,HH/HL,UT,True,265,2,AEHR,AI_R13
CLF,2026-09-21,12.07,0.6,True,11.91,0.006,0.07,False,63.9,-1.43,65.3,False,5.0,3.84,53.2,-2.3,C 基底修復,False,10:14,307.2,升,21.0,3,False,3.0,0.0137,0.0375,,False,True,1.29,0.26,12.23,-1.33,-0.27,153.6,OHLC,—,HH/HL,DT,False,265,2,CLF,SubSector_R12
MTSI,2026-09-21,279.11,15.38,False,276.25,-1.494,-0.23,True,56.6,1.11,55.5,False,5.51,4.86,55.6,-1.8,D 趨勢弱,False,10:06,303.1,升,18.0,2,False,3.0,2.0144,0.8542,,False,True,1.02,0.19,273.31,2.08,0.38,374.5,OHLC,—,LH/LL,UT,False,265,2,MTSI,AI_R13
AAOI,2026-09-21,108.67,8.88,False,120.65,-1.876,-0.49,True,36.3,1.55,34.8,False,8.17,7.89,44.8,3.1,D 趨勢弱,True,9:51,295.3,升,14.0,1,False,3.0,0.5572,-0.166,,False,False,-11.02,-1.35,105.36,3.05,0.37,759.2,OHLC,—,LH/LL,UT,False,265,2,AAOI,SubSector_R12+Combined_R22
BIRK,2026-09-21,31.34,1.34,False,35.68,-0.183,-0.67,True,72.6,0.85,71.8,False,4.29,2.84,5.7,5.7,D 趨勢弱,True,9:28,284.2,升,8.0,1,False,3.0,0.0578,-0.045,,False,False,-13.84,-3.23,31.76,-1.36,-0.32,74.9,OHLC,↓,LH/LL,自然反彈,False,265,2,BIRK,Combined_R22
ALLO,2026-09-21,1.69,0.1,False,1.94,-0.011,-0.43,True,59.6,0.65,59.0,False,5.92,3.79,9.0,-1.0,D 趨勢弱,True,8:49,264.6,跌,173.0,16,False,3.0,-0.0239,-0.0274,-0.0389,True,False,-14.83,-2.5,1.73,-2.37,-0.4,9.3,OHLC,↓,LH/LL,自然回檔,False,265,2,ALLO,SubSector_R12
AXON,2026-09-21,452.06,27.53,False,535.34,-4.024,-1.27,True,54.1,1.4,52.7,False,6.09,4.86,10.0,5.0,D 趨勢弱,True,8:49,264.6,跌,120.0,20,False,3.0,-7.9595,-9.564,-15.117,True,False,-18.42,-3.03,468.42,-3.62,-0.59,450.7,OHLC,↓,LH/LL,DT,False,265,2,AXON,Combined_R22
RCUS,2026-09-21,25.95,1.27,False,27.73,-0.073,-0.62,True,69.1,1.43,67.6,False,4.88,2.93,41.2,5.7,D 趨勢弱,True,8:49,264.6,跌,111.0,15,False,3.0,-0.3365,-0.4721,-0.7392,True,False,-6.87,-1.41,28.8,-10.98,-2.25,41.1,OHLC,↓,LH/LL,自然反彈,False,265,2,RCUS,Combined_R22
SBUX,2026-09-21,94.9,2.41,False,103.16,-0.399,-0.84,False,89.3,-0.28,89.6,True,2.54,1.35,20.6,-0.2,C 基底修復,True,8:49,264.6,跌,154.0,15,False,3.0,-0.8855,-0.9159,-1.0737,True,False,-8.71,-3.43,105.85,-11.54,-4.55,613.4,OHLC,↓,LH/LL,DT,False,265,2,SBUX,SubSector_R12+Combined_R22
BEAM,2026-09-21,25.26,1.51,False,26.96,-0.069,-0.4,True,58.5,1.27,57.2,False,5.99,3.97,4.6,2.6,D 趨勢弱,True,8:39,259.4,跌,94.0,10,False,3.0,-0.2361,-0.3714,-0.9427,True,False,-6.73,-1.12,22.67,10.25,1.71,47.8,OHLC,—,HH/HL,自然反彈,False,265,2,BEAM,SubSector_R12
OESX,2026-09-21,27.75,2.34,True,24.62,0.432,1.24,True,34.7,0.18,34.5,False,8.44,8.24,59.6,0.5,E 延伸,False,5:48,174.0,跌,47.0,6,False,3.0,-0.2438,-0.228,-0.2438,False,False,11.28,1.34,27.6,0.54,0.06,3.0,OHLC,—,HH/HL,次級反彈,False,265,2,OESX,10MA_R20
ALAB,2026-09-21,340.74,23.27,True,296.99,0.56,-0.47,True,44.1,0.83,43.2,False,6.83,6.72,43.5,1.3,E 延伸,False,12:26,12.9,升,57.0,3,False,3.0,5.717,2.1663,,False,False,12.84,1.88,284.53,16.5,2.42,1288.6,OHLC,↑,HH/HL,UT,False,265,2,ALAB,AI_R13+Combined_R22
BRKR,2026-09-21,61.58,2.91,True,57.73,0.265,0.61,True,62.0,0.7,61.3,False,4.72,4.49,73.2,1.5,B 上升結構,False,11:24,342.0,升,40.0,4,False,4.0,0.687,0.6137,,False,False,6.26,1.32,56.03,9.01,1.91,133.6,OHLC,↑,HH/HL,自然回檔,False,265,2,BRKR,Combined_R22
CIEN,2026-09-21,365.96,25.76,False,369.58,-1.226,-0.39,True,50.2,1.92,48.3,False,7.04,4.86,23.2,0.9,D 趨勢弱,False,11:24,342.0,升,40.0,3,False,4.0,3.3792,1.4143,,False,True,-0.99,-0.14,319.64,12.66,1.8,998.1,OHLC,—,HH/HL,自然反彈,True,265,2,CIEN,AI_R13+SubSector_R12+Combined_R22
WKC,2026-09-21,35.59,0.95,False,35.8,-0.035,-0.66,False,87.4,-0.14,87.5,True,2.67,1.62,55.4,-0.5,C 基底修復,False,10:47,323.3,升,30.0,4,False,4.0,0.0734,0.078,,False,True,-0.6,-0.23,36.19,-1.69,-0.63,41.1,OHLC,—,LH/LL,自然反彈,True,265,2,WKC,Combined_R22
ANET,2026-09-21,205.42,8.16,True,195.81,0.429,0.15,True,70.8,0.91,69.8,False,3.97,3.51,70.8,-2.4,E 延伸,False,10:29,314.3,升,25.0,2,False,4.0,0.6454,0.1613,,False,False,4.68,1.18,187.81,8.57,2.16,1037.2,OHLC,↑,HH/HL,UT,False,265,2,ANET,AI_R13+SubSector_R12+Combined_R22
DOW,2026-09-21,28.27,1.02,False,30.38,-0.049,-0.15,False,79.2,-0.06,79.2,True,3.6,2.3,7.7,-4.5,D 趨勢弱,True,8:49,264.6,跌,110.0,18,False,4.0,-0.1501,-0.1061,-0.2147,False,False,-7.45,-2.07,30.08,-6.4,-1.78,250.6,OHLC,↓,LH/LL,DT,False,265,2,DOW,SubSector_R12
PSX,2026-09-21,261.75,8.31,True,250.06,2.06,1.58,False,83.1,-2.38,85.5,True,3.18,1.96,68.0,0.9,B 上升結構,False,3:41,110.6,跌,11.0,1,False,4.0,-0.3495,0.4113,-1.4932,False,False,4.47,1.41,253.41,3.19,1.0,820.7,OHLC,↑,HH/HL,自然回檔,False,265,2,PSX,SubSector_R12+RateHike_R2_受惠
AMN,2026-09-21,34.24,1.32,False,34.13,-0.046,0.23,True,71.4,0.76,70.7,False,3.85,3.51,82.3,1.1,A 待突破,False,11:34,346.8,升,43.0,4,False,5.0,0.0298,0.0385,,False,True,0.33,0.08,33.91,0.96,0.25,20.1,OHLC,—,HH/HL,UT,True,265,2,AMN,Combined_R22
CTKB,2026-09-21,5.28,0.22,True,4.78,0.033,0.91,True,73.8,0.96,72.9,False,4.22,2.68,47.1,-1.3,B 上升結構,False,11:24,342.0,升,40.0,5,False,5.0,0.0634,0.0577,,False,False,9.4,2.23,4.49,15.06,3.57,5.5,OHLC,↑,HH/HL,UT,False,265,2,CTKB,10MA_R20
TEM,2026-09-21,78.03,4.81,True,65.55,0.691,0.86,True,50.5,0.86,49.7,False,6.17,5.64,40.3,0.1,E 延伸,False,10:34,317.0,升,26.0,3,False,5.0,1.3196,1.191,,False,False,16.0,2.59,66.17,15.2,2.46,559.6,OHLC,↑,HH/HL,自然回檔,False,265,2,TEM,Combined_R22
FATE,2026-09-21,2.53,0.15,False,2.54,-0.016,-0.17,True,55.2,0.88,54.3,False,5.91,4.79,65.5,1.3,C 基底修復,False,10:28,314.0,升,24.0,3,False,5.0,0.018,0.0137,,False,True,-0.2,-0.03,2.5,1.19,0.2,3.6,OHLC,—,LH/LL,UT,False,265,2,FATE,SubSector_R12
LHX,2026-09-21,246.93,5.84,False,263.94,-1.023,-1.03,True,87.6,0.38,87.2,True,2.36,1.88,6.3,2.1,D 趨勢弱,False,10:18,309.0,升,22.0,3,False,5.0,0.1707,0.0776,,False,False,-6.89,-2.91,253.12,-2.51,-1.06,414.8,OHLC,—,LH/LL,自然反彈,True,265,2,LHX,SubSector_R12
ALOY,2026-09-21,9.33,0.82,False,11.06,-0.126,-0.4,True,36.4,2.44,34.0,False,8.77,7.27,19.4,1.7,D 趨勢弱,True,8:49,264.6,跌,127.0,19,False,5.0,-0.0915,-0.2007,-0.5632,True,False,-18.56,-2.12,10.21,-9.43,-1.08,19.1,OHLC,↓,LH/LL,自然反彈,False,265,2,ALOY,SubSector_R12
AMGN,2026-09-21,393.16,10.19,False,409.94,-0.666,-0.4,False,85.4,-0.05,85.4,True,2.59,2.11,40.6,5.3,C 基底修復,True,8:49,264.6,跌,145.0,16,False,5.0,-4.3049,-6.0082,-9.2005,True,False,-4.27,-1.65,445.82,-13.39,-5.17,1152.8,OHLC,—,LH/LL,UT,False,265,2,AMGN,SubSector_R12
CAG,2026-09-21,14.86,0.41,False,15.51,-0.005,0.06,False,84.6,-0.36,84.9,True,2.73,2.13,6.3,-12.3,D 趨勢弱,True,8:49,264.6,跌,154.0,15,False,5.0,-0.0911,-0.0928,-0.2251,True,False,-4.37,-1.6,15.35,-3.3,-1.21,159.2,OHLC,—,LH/LL,自然回檔,False,265,2,CAG,SubSector_R12
CHWY,2026-09-21,20.51,0.99,False,22.35,-0.077,-0.48,True,69.0,0.8,68.2,False,4.84,2.98,0.9,-0.1,D 趨勢弱,True,8:49,264.6,跌,157.0,17,False,5.0,-0.278,-0.3019,-0.4337,True,False,-8.97,-1.85,19.75,3.71,0.77,195.4,OHLC,—,HH/HL,DT,False,265,2,CHWY,SubSector_R12
CL,2026-09-21,86.26,1.63,False,89.56,-0.257,-0.75,False,92.4,-0.07,92.5,True,1.88,1.29,24.2,-1.1,D 趨勢弱,True,8:49,264.6,跌,173.0,26,False,5.0,-0.1655,-0.1398,-0.3997,False,False,-3.83,-2.03,90.54,-4.96,-2.63,429.2,OHLC,↓,LH/LL,DT,False,265,2,CL,SubSector_R12
GIS,2026-09-21,35.41,1.1,False,38.46,-0.044,0.02,False,81.9,-0.5,82.4,True,3.1,2.28,4.4,-1.4,D 趨勢弱,True,8:49,264.6,跌,127.0,12,False,5.0,-0.3851,-0.3739,-0.6443,False,False,-8.61,-2.78,36.81,-3.95,-1.28,326.8,OHLC,↓,LH/LL,DT,False,265,2,GIS,SubSector_R12
IMO,2026-09-21,126.17,3.39,False,131.97,-0.05,0.18,False,87.0,-0.83,87.8,True,2.69,1.68,40.3,-15.6,C 基底修復,True,8:49,264.6,跌,117.0,18,False,5.0,-0.728,-0.4775,-0.8156,False,False,-4.6,-1.71,135.35,-7.28,-2.7,80.8,OHLC,—,LH/LL,自然回檔,False,265,2,IMO,Combined_R22
MAN,2026-09-21,56.55,2.21,True,58.99,0.051,0.25,False,65.2,-0.38,65.6,False,3.91,4.66,71.9,-5.3,B 上升結構,True,8:49,264.6,跌,496.0,34,False,5.0,-0.71,-0.7091,-1.164,False,False,-4.32,-1.1,60.27,-6.58,-1.68,42.4,OHLC,↑,HH/HL,自然回檔,False,265,2,MAN,SubSector_R12
MBX,2026-09-21,60.94,3.19,False,63.9,-0.287,-0.47,False,63.9,-1.7,65.6,False,5.23,3.6,53.6,-1.8,C 基底修復,True,8:49,264.6,跌,218.0,48,False,5.0,-0.0891,-0.0486,-1.2497,False,True,-4.86,-0.93,62.99,-3.36,-0.64,29.6,OHLC,—,LH/LL,自然回檔,True,265,2,MBX,Combined_R22
NSC,2026-09-21,309.07,5.99,False,333.51,-1.257,-0.65,False,92.2,-0.3,92.5,True,1.94,1.3,19.6,-13.5,D 趨勢弱,True,8:49,264.6,跌,103.0,15,False,5.0,-2.2508,-2.108,-3.056,False,False,-7.91,-4.08,355.99,-15.18,-7.84,364.3,OHLC,↓,LH/LL,DT,False,265,2,NSC,SubSector_R12+Combined_R22
RHI,2026-09-21,36.96,1.58,False,41.87,-0.119,-0.4,True,66.5,0.19,66.3,False,4.28,4.04,44.4,-1.6,D 趨勢弱,True,8:49,264.6,跌,229.0,18,False,5.0,-0.6298,-0.7041,-1.0764,True,False,-13.27,-3.1,38.73,-4.79,-1.12,76.2,OHLC,↓,LH/LL,DT,False,265,2,RHI,SubSector_R12
WM,2026-09-21,207.04,3.76,False,219.66,-0.673,-0.66,False,92.5,-0.3,92.8,True,1.82,1.35,17.4,-2.7,D 趨勢弱,True,8:49,264.6,跌,500.0,40,False,5.0,-0.6704,-0.3673,-2.0666,False,False,-6.1,-3.36,218.09,-5.34,-2.94,471.2,OHLC,↓,LH/LL,DT,False,265,2,WM,SubSector_R12
HG,2026-09-21,33.87,0.86,False,35.1,-0.072,-0.19,False,88.5,-0.9,89.4,True,2.54,1.52,49.5,-4.7,C 基底修復,True,7:48,234.0,跌,80.0,10,False,5.0,-0.0988,-0.0269,-0.2004,False,False,-3.64,-1.43,36.11,-6.61,-2.6,13.1,OHLC,—,LH/LL,自然回檔,False,265,2,HG,Combined_R22
AFL,2026-09-21,115.18,1.87,False,117.51,-0.318,-0.92,False,94.0,-0.05,94.1,True,1.62,1.16,39.8,-1.2,C 基底修復,False,11:36,347.9,升,43.0,6,False,6.0,0.1972,0.2797,,False,True,-2.02,-1.25,117.55,-2.06,-1.27,269.2,OHLC,—,LH/LL,自然回檔,True,265,2,AFL,SubSector_R12
NUTX,2026-09-21,201.48,10.99,True,192.98,2.036,0.79,False,56.3,-1.01,57.3,False,5.45,5.0,68.8,0.7,B 上升結構,False,11:15,337.5,升,38.0,6,False,6.0,0.0018,0.9888,,False,True,4.22,0.77,190.66,5.37,0.98,32.1,OHLC,↑,HH/HL,自然回檔,False,265,2,NUTX,10MA_R20
ZS,2026-09-21,207.13,10.01,True,180.3,0.882,0.55,True,64.7,0.48,64.2,False,4.83,3.84,37.3,-1.2,E 延伸,False,11:03,331.5,升,34.0,5,False,6.0,2.6733,1.9908,,False,False,12.96,2.68,,,,755.6,OHLC,—,LH/LL,UT,False,265,2,ZS,SubSector_R12+Combined_R22
HON,2026-09-21,206.48,4.82,False,215.55,-1.237,-1.74,True,87.6,0.34,87.2,True,2.33,1.92,12.2,1.5,D 趨勢弱,False,10:48,323.8,升,30.0,4,False,6.0,0.7978,0.609,,False,False,-4.39,-1.88,210.59,-1.99,-0.85,650.6,OHLC,↓,LH/LL,自然反彈,False,265,2,HON,SubSector_R12
W,2026-09-21,104.95,4.73,False,101.89,-0.137,-0.31,True,62.0,0.65,61.3,False,4.51,4.72,72.2,6.8,B 上升結構,False,10:23,311.5,升,23.0,4,False,6.0,0.2332,0.0928,,False,True,2.91,0.65,104.79,0.15,0.03,236.5,OHLC,—,LH/LL,自然反彈,True,265,2,W,SubSector_R12
A,2026-09-21,161.94,4.28,True,152.58,0.507,0.5,False,86.9,-0.13,87.1,True,2.64,1.74,68.2,-5.5,B 上升結構,False,10:01,300.4,升,17.0,2,False,6.0,0.757,0.237,,False,False,5.78,2.19,153.43,5.26,1.99,416.8,OHLC,↑,HH/HL,UT,False,265,2,A,SubSector_R12
PL,2026-09-21,17.07,1.13,False,19.06,-0.16,-0.76,True,54.8,1.6,53.2,False,6.63,4.15,11.1,0.0,D 趨勢弱,True,9:37,288.7,升,10.0,1,False,6.0,0.0416,-0.0559,,False,False,-11.68,-1.76,16.99,0.47,0.07,194.4,OHLC,↓,LH/LL,自然反彈,False,265,2,PL,SubSector_R12
HD,2026-09-21,297.2,6.7,False,323.84,-2.085,-1.3,False,90.0,-0.05,90.0,True,2.25,1.49,3.9,1.7,D 趨勢弱,True,8:49,264.6,跌,155.0,26,False,6.0,-1.4872,-1.526,-2.6522,True,False,-8.96,-3.98,344.3,-15.85,-7.03,1196.9,OHLC,↓,LH/LL,DT,False,265,2,HD,SubSector_R12
IP,2026-09-21,35.33,1.34,False,37.55,-0.168,-1.12,False,76.3,-0.03,76.3,True,3.8,2.64,8.5,3.2,D 趨勢弱,True,8:49,264.6,跌,272.0,31,False,6.0,-0.0687,-0.1844,-0.6563,True,False,-6.29,-1.66,35.55,-0.62,-0.16,177.9,OHLC,↓,LH/LL,次級反彈,False,265,2,IP,SubSector_R12
LNC,2026-09-21,41.68,1.26,False,43.63,-0.117,-0.59,False,82.2,-0.04,82.2,True,3.02,2.31,42.6,0.9,C 基底修復,True,8:49,264.6,跌,136.0,10,False,6.0,-0.2828,-0.2433,-0.6391,False,False,-4.68,-1.55,,,,83.1,OHLC,—,HH/HL,DT,False,265,2,LNC,SubSector_R12
LOW,2026-09-21,190.98,4.51,False,206.56,-0.995,-0.94,False,89.0,-0.16,89.1,True,2.36,1.6,2.9,0.4,D 趨勢弱,True,8:49,264.6,跌,117.0,21,False,6.0,-0.7394,-0.7596,-1.9819,True,False,-8.16,-3.45,204.45,-7.05,-2.98,601.3,OHLC,↓,LH/LL,DT,False,265,2,LOW,SubSector_R12
MHK,2026-09-21,117.27,4.41,False,130.7,-0.875,-0.41,False,77.1,-3.77,80.9,True,3.76,2.51,27.5,-25.4,D 趨勢弱,True,8:49,264.6,跌,180.0,23,False,6.0,-1.2368,-0.6767,-1.9008,False,False,-11.45,-3.04,129.42,-10.36,-2.75,120.7,OHLC,↓,LH/LL,DT,False,265,2,MHK,SubSector_R12
NCLH,2026-09-21,14.24,0.58,False,16.2,-0.169,-1.7,True,73.6,0.44,73.1,False,4.06,2.89,0.0,0.0,D 趨勢弱,True,8:49,264.6,跌,241.0,32,False,6.0,-0.0081,-0.0317,-0.2728,True,False,-13.79,-3.39,15.03,-5.55,-1.36,224.1,OHLC,↓,LH/LL,DT,False,265,2,NCLH,SubSector_R12
PINS,2026-09-21,19.36,0.83,False,20.88,-0.143,-1.65,True,70.9,0.58,70.4,False,4.28,3.17,5.7,0.7,D 趨勢弱,True,8:49,264.6,跌,261.0,32,False,6.0,-0.1036,-0.2063,-0.4851,True,False,-7.85,-1.83,19.69,-1.7,-0.4,283.0,OHLC,↓,LH/LL,自然反彈,False,265,2,PINS,SubSector_R12
SHOP,2026-09-21,137.92,6.14,False,141.42,-0.997,-0.15,False,66.3,-0.45,66.8,False,4.45,3.89,43.6,29.9,C 基底修復,True,8:49,264.6,跌,248.0,22,False,6.0,-1.0618,-1.9381,-3.5747,True,True,-2.54,-0.57,133.89,2.92,0.66,1173.2,OHLC,↓,LH/LL,自然反彈,False,265,2,SHOP,SubSector_R12
UPST,2026-09-21,25.58,1.27,False,28.19,-0.183,-0.83,True,68.3,1.04,67.2,False,4.96,3.01,3.6,3.6,D 趨勢弱,True,8:49,264.6,跌,133.0,15,False,6.0,-0.1662,-0.2608,-0.6567,True,False,-10.21,-2.06,26.1,-2.03,-0.41,101.5,OHLC,↓,LH/LL,自然反彈,False,265,2,UPST,AI_R13
LULU,2026-09-21,101.3,4.81,False,108.76,-0.533,-0.57,True,67.4,0.82,66.6,False,4.75,3.38,2.6,2.6,D 趨勢弱,True,8:30,255.0,跌,92.0,11,False,6.0,-0.6614,-1.1556,-2.5032,True,False,-7.37,-1.55,100.3,0.99,0.21,812.5,OHLC,—,LH/LL,自然反彈,True,265,2,LULU,SubSector_R12+Combined_R22
TMUS,2026-09-21,165.27,5.43,False,178.47,-0.705,-0.38,False,79.0,-0.56,79.5,True,3.29,2.65,6.2,-1.0,D 趨勢弱,True,8:09,244.3,跌,86.0,9,False,6.0,-1.8251,-1.5255,-1.8251,False,False,-7.99,-2.43,177.21,-7.22,-2.2,772.0,OHLC,↓,LH/LL,DT,False,265,2,TMUS,SubSector_R12
LAMR,2026-09-21,146.08,2.5,False,151.05,-0.487,-1.2,True,93.5,0.11,93.4,True,1.71,1.2,50.2,1.6,C 基底修復,False,5:16,157.9,跌,38.0,5,False,6.0,-0.1527,-0.1259,-1.0164,False,False,-3.4,-1.99,152.61,-4.47,-2.61,69.5,OHLC,—,LH/LL,DT,True,265,2,LAMR,SubSector_R12
PD,2026-09-21,14.46,0.56,True,13.27,0.063,0.81,True,71.6,1.13,70.5,False,3.89,3.43,47.2,1.7,E 延伸,False,4:12,126.0,跌,20.0,2,False,6.0,-0.0464,-0.042,-0.2564,False,False,8.21,2.11,14.0,3.18,0.82,24.8,OHLC,↑,HH/HL,自然反彈,False,265,2,PD,10MA_R20
ACI,2026-09-21,12.12,0.39,True,12.31,0.005,0.39,False,73.3,-0.04,73.4,False,3.25,3.75,13.8,0.7,D 趨勢弱,False,12:04,1.9,升,51.0,6,False,6.0,0.0257,0.0533,,False,True,-1.6,-0.49,12.69,-4.7,-1.45,93.6,OHLC,—,LH/LL,自然回檔,False,265,2,ACI,SubSector_R12
HIW,2026-09-21,31.08,0.67,False,30.97,-0.019,-0.51,False,90.5,-0.06,90.5,True,2.17,1.47,53.0,4.4,C 基底修復,False,11:45,352.3,升,46.0,4,False,7.0,0.0387,0.0025,,False,True,0.35,0.16,31.09,-0.03,-0.01,34.1,OHLC,—,LH/LL,自然反彈,True,265,2,HIW,SubSector_R12
TPR,2026-09-21,113.07,3.9,False,127.15,-1.129,-1.27,True,76.2,0.04,76.2,True,3.45,3.01,2.1,-0.7,D 趨勢弱,False,10:47,323.7,升,30.0,4,False,7.0,0.1945,0.2568,,False,False,-12.45,-3.61,118.49,-4.79,-1.39,397.8,OHLC,↓,LH/LL,DT,False,265,2,TPR,Combined_R22
LCID,2026-09-21,4.3,0.37,False,4.95,-0.071,-1.57,True,37.2,1.59,35.6,False,8.5,7.25,10.0,0.0,D 趨勢弱,True,9:46,293.0,升,13.0,2,False,7.0,0.0322,0.0086,,False,False,-15.05,-1.77,4.28,0.47,0.05,55.1,OHLC,—,LH/LL,自然反彈,True,265,2,LCID,SubSector_R12
CSX,2026-09-21,45.99,1.01,False,49.47,-0.196,-0.71,False,90.8,-0.63,91.4,True,2.2,1.35,39.9,-14.9,C 基底修復,True,8:49,264.6,跌,121.0,15,False,7.0,-0.3238,-0.2457,-0.3262,False,False,-7.56,-3.43,49.65,-7.96,-3.61,475.2,OHLC,↓,LH/LL,DT,False,265,2,CSX,SubSector_R12+Combined_R22
UFPT,2026-09-21,281.69,8.8,False,299.51,-1.395,-0.91,True,74.1,0.25,73.8,False,3.12,3.74,56.5,6.9,C 基底修復,True,8:49,264.6,跌,251.0,22,False,7.0,-1.7268,-2.4798,-5.097,True,False,-6.33,-2.02,284.84,-1.12,-0.36,33.2,OHLC,—,LH/LL,自然反彈,True,265,2,UFPT,Combined_R22
UNP,2026-09-21,269.63,5.92,False,293.52,-1.747,-0.65,False,90.8,-1.08,91.9,True,2.2,1.37,41.0,-7.3,D 趨勢弱,True,8:45,262.3,跌,96.0,15,False,7.0,-2.154,-1.6871,-2.7173,False,False,-8.86,-4.03,314.15,-16.51,-7.52,660.0,OHLC,↓,LH/LL,DT,False,265,2,UNP,SubSector_R12+Combined_R22
CRGY,2026-09-21,13.26,0.53,True,13.69,0.082,1.21,False,74.4,-1.86,76.3,False,3.97,2.81,53.8,-5.5,B 上升結構,False,5:11,155.5,跌,36.0,4,False,7.0,-0.1764,-0.1045,-0.1764,False,True,-3.27,-0.82,15.47,-16.67,-4.19,85.2,OHLC,↓,LH/LL,DT,False,265,2,CRGY,10MA_R20_跌出
DKNG,2026-09-21,21.97,1.11,True,24.36,0.009,0.23,True,66.2,1.37,64.8,False,5.06,3.32,2.8,-8.2,D 趨勢弱,False,4:16,128.2,跌,21.0,3,False,7.0,-0.2614,-0.2163,-0.3591,False,False,-10.89,-2.15,24.21,-10.2,-2.02,229.5,OHLC,↓,LH/LL,DT,False,265,2,DKNG,SubSector_R12
FTNT,2026-09-21,175.23,7.19,True,162.6,0.285,0.23,True,73.6,0.43,73.2,False,4.1,2.85,65.0,-2.9,E 延伸,False,12:39,19.4,升,61.0,6,False,7.0,1.4746,1.3155,,False,False,7.21,1.76,166.0,5.27,1.28,816.4,OHLC,↑,HH/HL,UT,False,265,2,FTNT,AI_R13+SubSector_R12+Combined_R22
S,2026-09-21,23.8,1.21,True,21.68,0.059,0.37,True,63.0,0.81,62.2,False,5.07,3.95,59.0,-4.4,E 延伸,False,11:16,337.9,升,38.0,5,False,8.0,0.2938,0.2464,,False,False,8.9,1.76,22.71,4.58,0.9,229.3,OHLC,—,LH/LL,UT,False,265,2,S,SubSector_R12
TRV,2026-09-21,371.13,6.73,False,370.73,-0.287,-0.08,False,90.9,-0.01,90.9,True,1.81,1.73,72.6,0.6,A 待突破,False,11:14,336.8,升,37.0,6,False,8.0,0.1636,0.6369,,False,True,0.11,0.06,373.82,-0.72,-0.4,548.6,OHLC,↑,HH/HL,自然回檔,False,265,2,TRV,SubSector_R12+RateHike_R2_受惠
OXY,2026-09-21,57.25,1.6,True,59.93,0.042,0.58,False,83.9,-0.71,84.7,True,2.8,2.19,37.0,-16.7,C 基底修復,False,5:28,163.8,跌,41.0,4,False,8.0,-0.518,-0.3544,-0.518,False,False,-4.68,-1.67,58.41,-2.03,-0.72,457.6,OHLC,—,HH/HL,DT,False,265,2,OXY,SubSector_R12+Combined_R22
CHRD,2026-09-21,139.43,4.97,True,145.37,0.37,0.58,False,77.9,-1.09,79.0,True,3.57,2.58,41.5,-17.3,C 基底修復,False,5:19,159.4,跌,39.0,4,False,8.0,-1.4356,-0.9033,-1.4356,False,False,-4.26,-1.19,,,,98.9,OHLC,—,HH/HL,DT,False,265,2,CHRD,Combined_R22
TALO,2026-09-21,16.42,0.67,True,16.99,0.058,1.05,False,72.9,-1.17,74.1,False,4.1,2.98,54.7,-11.1,B 上升結構,False,5:08,154.0,跌,36.0,4,False,8.0,-0.167,-0.1047,-0.167,False,True,-3.46,-0.84,18.73,-14.04,-3.42,33.1,OHLC,↓,LH/LL,DT,False,265,2,TALO,10MA_R20_跌出
EOG,2026-09-21,141.38,3.87,True,146.28,0.263,0.39,False,84.4,-0.32,84.7,True,2.73,2.16,40.4,-5.2,C 基底修復,False,5:07,153.5,跌,35.0,4,False,8.0,-0.7503,-0.4605,-1.1968,False,False,-3.46,-1.27,154.16,-9.04,-3.31,473.0,OHLC,↓,LH/LL,DT,False,265,2,EOG,SubSector_R12+Combined_R22
SYY,2026-09-21,78.43,1.71,False,81.59,-0.188,-0.87,True,91.3,0.22,91.1,True,2.18,1.27,21.0,-1.8,D 趨勢弱,False,4:46,142.9,跌,29.0,5,False,8.0,-0.3325,-0.2978,-0.4065,False,False,-4.03,-1.85,83.54,-6.52,-2.99,297.5,OHLC,↓,LH/LL,DT,False,265,2,SYY,SubSector_R12
MATX,2026-09-21,234.72,6.13,True,224.6,0.808,0.99,False,86.2,-0.29,86.5,True,2.61,1.92,70.7,-5.6,E 延伸,False,12:39,19.7,升,61.0,8,False,8.0,0.3719,0.5389,,False,False,4.31,1.65,220.03,6.26,2.4,69.3,OHLC,↑,HH/HL,自然回檔,False,265,2,MATX,Combined_R22
INSP,2026-09-21,75.72,3.36,True,66.58,0.698,1.2,True,66.7,0.15,66.5,False,4.44,3.84,33.2,0.1,E 延伸,False,12:01,0.7,升,50.0,8,False,8.0,0.7723,0.8642,,False,False,12.07,2.72,72.74,3.94,0.89,57.9,OHLC,↑,HH/HL,UT,False,265,2,INSP,10MA_R20
DDOG,2026-09-21,245.05,12.42,False,233.61,-0.207,-0.45,True,60.4,0.28,60.2,False,5.07,4.48,73.6,10.1,B 上升結構,False,12:00,0.0,升,50.0,6,False,8.0,3.0791,2.2407,,False,True,4.67,0.92,214.76,12.36,2.44,900.9,OHLC,—,LH/LL,UT,False,265,2,DDOG,SubSector_R12+Combined_R22
HPE,2026-09-21,61.75,3.62,True,55.49,0.254,0.32,True,57.7,0.65,57.0,False,5.87,4.28,64.7,0.3,E 延伸,False,11:48,353.8,升,47.0,9,False,9.0,0.5258,0.4373,,False,False,10.13,1.73,55.41,10.27,1.75,1672.2,OHLC,↑,HH/HL,UT,False,265,2,HPE,AI_R13+Combined_R22
NTSK,2026-09-21,18.4,1.03,True,15.58,0.139,0.78,True,57.6,1.36,56.2,False,5.59,4.57,40.0,0.0,E 延伸,False,11:25,342.7,升,40.0,6,False,9.0,0.3178,0.2772,,False,False,15.35,2.75,14.99,18.53,3.32,133.6,OHLC,↑,HH/HL,UT,False,253,2,NTSK,10MA_R20
TSN,2026-09-21,52.02,1.34,False,54.54,-0.205,-0.87,False,87.3,-0.12,87.4,True,2.58,1.73,4.5,-1.7,D 趨勢弱,True,9:51,295.5,升,14.0,2,False,9.0,0.0159,0.0034,,False,False,-4.84,-1.88,53.16,-2.19,-0.85,195.2,OHLC,—,LH/LL,自然回檔,True,265,2,TSN,SubSector_R12
NET,2026-09-21,351.67,18.4,True,306.02,1.214,0.33,True,63.4,0.15,63.2,False,5.23,3.71,60.7,-10.9,E 延伸,False,1:08,33.9,升,69.0,8,False,9.0,4.2916,3.1572,,False,False,12.98,2.48,323.6,7.98,1.53,1115.1,OHLC,↑,HH/HL,UT,False,265,2,NET,AI_R13+Combined_R22
MRVL,2026-09-21,257.38,14.68,True,228.74,1.201,0.31,True,53.1,0.82,52.3,False,5.7,5.48,76.3,2.9,C 基底修復,False,10:47,323.3,升,30.0,4,False,10.0,2.8736,1.6905,,False,False,11.13,1.95,218.82,14.98,2.63,5668.7,OHLC,↑,HH/HL,UT,False,265,2,MRVL,AI_R13+SubSector_R12+Combined_R22
LPTH,2026-09-21,10.2,0.91,False,11.44,-0.063,-0.4,True,36.2,1.63,34.5,False,8.88,7.24,11.1,1.3,D 趨勢弱,True,9:52,296.2,升,15.0,1,False,10.0,0.0398,-0.0229,,False,False,-12.13,-1.37,10.11,0.88,0.1,38.0,OHLC,—,LH/LL,自然反彈,True,265,2,LPTH,AI_R13
GOLD,2026-09-21,43.8,2.42,True,45.12,0.012,0.2,False,63.3,-1.02,64.4,False,5.52,3.42,32.8,-14.9,D 趨勢弱,False,4:09,124.5,跌,19.0,2,False,10.0,-0.3072,-0.1107,-0.4638,False,True,-3.0,-0.54,45.88,-4.75,-0.86,33.8,OHLC,—,HH/HL,DT,False,265,2,GOLD,SubSector_R12
COHR,2026-09-21,321.52,22.52,False,305.67,-2.971,-0.25,True,44.4,0.9,43.5,False,7.0,6.45,49.7,2.1,C 基底修復,False,2:49,84.6,升,127.0,10,False,10.0,4.7926,3.4913,,False,True,4.93,0.7,266.5,17.11,2.44,1994.1,OHLC,↑,HH/HL,UT,False,265,2,COHR,AI_R13+SubSector_R12+Combined_R22
OBIO,2026-09-21,6.25,0.38,True,5.43,0.038,0.65,True,57.0,0.43,56.5,False,6.03,4.27,51.9,-4.3,E 延伸,False,12:52,26.1,升,65.0,8,False,10.0,0.042,0.0361,,False,False,13.04,2.16,5.9,5.6,0.93,2.3,OHLC,↑,HH/HL,UT,False,184,2,OBIO,10MA_R20
ADI,2026-09-21,383.0,11.57,False,371.01,-0.162,-0.09,True,82.4,0.09,82.3,True,3.02,2.26,58.3,-1.1,C 基底修復,False,11:53,356.5,升,48.0,7,False,11.0,2.3293,1.3683,,False,False,3.13,1.04,361.02,5.74,1.9,1360.9,OHLC,—,HH/HL,自然反彈,False,265,2,ADI,SubSector_R12
SYRE,2026-09-21,92.03,4.47,False,94.59,-0.271,-0.38,True,66.4,0.56,65.9,False,4.86,3.47,46.1,1.4,D 趨勢弱,False,10:43,321.4,升,29.0,3,False,11.0,0.3625,0.2257,,False,True,-2.78,-0.57,90.79,1.35,0.28,125.1,OHLC,—,LH/LL,自然回檔,True,265,2,SYRE,Combined_R22
RGTI,2026-09-21,16.53,0.98,False,16.47,-0.059,-0.2,True,54.3,1.64,52.6,False,5.92,4.99,24.3,6.2,D 趨勢弱,False,10:29,314.5,升,25.0,3,False,11.0,0.134,0.0604,,False,True,0.37,0.06,15.81,4.36,0.74,268.3,OHLC,—,LH/LL,UT,False,265,2,RGTI,SubSector_R12
QBTS,2026-09-21,17.7,1.1,False,18.21,-0.096,-0.6,True,50.9,1.39,49.5,False,6.19,5.53,16.7,6.8,D 趨勢弱,False,10:04,301.8,升,18.0,3,False,11.0,0.1488,0.0915,,False,True,-2.86,-0.46,17.67,0.17,0.03,286.3,OHLC,—,LH/LL,自然反彈,True,265,2,QBTS,SubSector_R12
KTOS,2026-09-21,48.59,2.45,False,53.34,-0.434,-0.63,True,64.4,1.09,63.3,False,5.05,3.68,1.5,1.5,D 趨勢弱,True,9:31,285.7,升,9.0,1,False,11.0,0.0286,-0.1281,,False,False,-9.79,-1.94,49.45,-1.77,-0.35,164.1,OHLC,—,LH/LL,自然反彈,True,265,2,KTOS,SubSector_R12
CLS,2026-09-21,344.4,19.53,True,319.19,0.891,-0.06,True,54.4,1.18,53.3,False,5.67,5.2,45.2,-1.2,C 基底修復,False,2:49,84.6,升,154.0,11,False,11.0,3.7963,3.1568,,False,False,7.32,1.29,316.08,8.22,1.45,726.7,OHLC,—,HH/HL,UT,True,265,2,CLS,Combined_R22
FLEX,2026-09-21,111.61,5.53,False,113.11,-0.419,-0.48,True,61.7,1.52,60.2,False,4.96,4.32,63.0,12.8,D 趨勢弱,False,2:49,84.6,升,103.0,10,False,11.0,0.5751,0.3799,,False,True,-1.34,-0.27,108.01,3.23,0.65,361.6,OHLC,—,HH/HL,次級反彈,True,265,2,FLEX,SubSector_R12
DAL,2026-09-21,82.5,2.3,False,81.5,-0.191,-1.08,False,85.6,-0.15,85.7,True,2.79,1.88,51.0,6.3,C 基底修復,False,11:55,357.3,升,48.0,6,False,12.0,0.5078,0.2709,,False,True,1.21,0.43,77.87,5.61,2.01,537.9,OHLC,—,HH/HL,自然反彈,False,265,2,DAL,SubSector_R12
UAL,2026-09-21,114.39,3.91,False,112.81,-0.34,-0.97,False,79.9,-0.15,80.1,True,3.42,2.33,44.3,24.1,C 基底修復,False,11:53,356.4,升,48.0,6,False,12.0,0.7923,0.3154,,False,True,1.38,0.4,104.59,8.57,2.5,413.5,OHLC,↑,HH/HL,UT,False,265,2,UAL,SubSector_R12
AAL,2026-09-21,13.57,0.46,False,13.56,-0.051,-1.19,False,78.0,-0.12,78.2,True,3.39,2.72,41.4,13.5,C 基底修復,False,11:38,348.8,升,44.0,6,False,12.0,0.1039,0.053,,False,True,0.09,0.03,12.55,7.52,2.22,936.8,OHLC,—,HH/HL,自然反彈,False,265,2,AAL,SubSector_R12
VSAT,2026-09-21,76.38,4.11,False,75.22,-0.151,-0.54,True,55.5,0.9,54.6,False,5.38,5.24,67.9,-12.1,B 上升結構,False,11:19,339.7,升,39.0,3,False,12.0,0.5413,0.3749,,False,True,1.52,0.28,71.48,6.42,1.19,131.8,OHLC,—,LH/LL,UT,False,265,2,VSAT,Combined_R22
CGNX,2026-09-21,61.99,2.28,False,61.85,-0.252,-0.79,True,74.0,0.81,73.1,False,3.68,3.2,56.2,-1.8,C 基底修復,False,11:15,337.5,升,38.0,3,False,12.0,0.1515,0.0791,,False,True,0.23,0.06,58.58,5.5,1.5,89.2,OHLC,—,HH/HL,自然反彈,False,265,2,CGNX,Combined_R22
IESC,2026-09-21,321.69,19.76,False,339.29,-1.811,-0.58,True,50.0,0.62,49.4,False,6.14,5.79,59.3,1.8,C 基底修復,False,11:12,336.2,升,37.0,4,False,12.0,0.5479,0.4019,,False,True,-5.47,-0.89,308.99,3.95,0.64,92.7,OHLC,—,HH/HL,自然回檔,True,265,2,IESC,10MA_R20
RKLB,2026-09-21,69.89,4.01,False,69.85,-0.559,-0.46,True,55.4,1.02,54.3,False,5.74,4.92,31.4,22.8,D 趨勢弱,False,10:54,326.8,升,32.0,5,False,12.0,0.9591,0.6116,,False,True,0.05,0.01,64.57,7.61,1.33,1289.3,OHLC,↑,HH/HL,UT,False,265,2,RKLB,SubSector_R12+RateHike_R2_受惠
CBRS,2026-09-21,208.49,14.23,False,207.87,-0.26,-0.18,True,42.5,1.4,41.1,False,6.83,7.17,34.4,17.4,D 趨勢弱,False,10:51,325.4,升,31.0,4,False,12.0,2.2167,1.2137,,False,True,0.3,0.04,184.24,11.63,1.7,1288.6,OHLC,—,LH/LL,UT,False,89,2,CBRS,Combined_R22
APLD,2026-09-21,28.19,1.83,False,27.45,-0.015,-0.37,True,49.5,0.8,48.7,False,6.48,5.6,44.3,-0.6,D 趨勢弱,False,10:34,317.0,升,26.0,3,False,12.0,0.3745,0.2446,,False,True,2.61,0.4,26.42,6.28,0.97,444.1,OHLC,—,LH/LL,UT,False,265,2,APLD,AI_R13+Combined_R22
ASTS,2026-09-21,61.89,4.22,False,64.1,-0.427,-0.37,True,46.5,1.48,45.0,False,6.82,6.04,30.1,7.8,D 趨勢弱,False,10:31,315.5,升,25.0,3,False,12.0,0.2237,0.0681,,False,True,-3.58,-0.52,61.44,0.73,0.11,611.1,OHLC,—,LH/LL,自然反彈,True,265,2,ASTS,SubSector_R12+RateHike_R2_受惠
ONDS,2026-09-21,7.38,0.44,False,8.24,-0.045,-0.53,True,54.2,0.45,53.7,False,5.93,4.99,19.2,2.1,D 趨勢弱,True,9:35,287.3,升,10.0,1,False,12.0,0.0,-0.016,,False,False,-11.59,-1.95,7.63,-3.39,-0.57,442.0,OHLC,—,LH/LL,自然反彈,True,265,2,ONDS,SubSector_R12
ZION,2026-09-21,64.98,1.49,False,68.24,-0.188,-0.84,True,90.1,0.17,89.9,True,2.29,1.43,43.9,-0.4,C 基底修復,False,4:51,145.4,跌,31.0,4,False,12.0,-0.3216,-0.2776,-0.5233,False,False,-5.02,-2.2,64.14,1.29,0.57,96.1,OHLC,—,HH/HL,DT,False,265,2,ZION,SubSector_R12+RateHike_R2_迴避
JBHT,2026-09-21,236.17,9.02,False,259.8,-1.023,-1.13,True,75.7,0.74,75.0,True,3.82,2.73,24.6,0.7,D 趨勢弱,False,4:48,143.8,跌,30.0,4,False,12.0,-3.5232,-3.2929,-3.5232,False,False,-10.01,-2.62,265.47,-12.41,-3.25,268.2,OHLC,↓,LH/LL,DT,False,265,2,JBHT,SubSector_R12
OSCR,2026-09-21,31.29,1.87,True,31.34,0.27,0.5,False,59.9,-0.7,60.5,False,5.97,3.7,71.0,-3.6,B 上升結構,False,4:05,122.4,跌,18.0,2,False,12.0,-0.1045,-0.0214,-0.5223,False,True,-0.18,-0.03,31.76,-1.5,-0.25,162.5,OHLC,—,HH/HL,DT,True,265,2,OSCR,SubSector_R12
NWBI,2026-09-21,15.3,0.25,False,15.45,-0.006,-0.33,False,94.7,-0.03,94.7,True,1.62,0.98,59.3,-0.2,C 基底修復,False,3:38,108.9,跌,11.0,1,False,12.0,-0.0106,0.0003,-0.0804,False,True,-0.99,-0.61,15.23,0.46,0.28,16.2,OHLC,—,HH/HL,自然回檔,True,265,2,NWBI,Combined_R22
BRK-A,2026-09-21,752180.0,9327.33,False,763053.14,-648.626,-0.07,False,96.2,-0.17,96.4,True,1.24,0.92,41.9,-15.5,C 基底修復,False,3:32,105.8,跌,9.0,1,False,12.0,-441.4888,743.9003,-4360.1343,False,True,-1.45,-1.17,752464.0,-0.04,-0.03,165.5,OHLC,↑,HH/HL,自然回檔,False,265,2,BRK/A,10MA_R20
WSFS,2026-09-21,77.79,1.38,False,79.5,-0.124,-0.37,False,93.8,-0.08,93.9,True,1.78,1.06,52.4,-8.0,C 基底修復,False,3:24,102.2,跌,7.0,1,False,12.0,-0.086,0.0232,-0.5511,False,True,-2.19,-1.23,81.26,-4.46,-2.51,28.2,OHLC,↓,LH/LL,DT,False,265,2,WSFS,Combined_R22
AMKR,2026-09-21,52.19,2.96,False,50.56,-0.079,-0.29,True,49.8,1.4,48.4,False,5.67,6.33,38.1,-0.6,D 趨勢弱,False,2:49,84.6,升,154.0,11,False,12.0,0.7167,0.489,,False,True,3.11,0.55,49.53,5.1,0.9,229.4,OHLC,—,HH/HL,自然反彈,False,265,2,AMKR,AI_R13
DELL,2026-09-21,575.31,32.65,True,502.83,3.479,0.65,True,55.0,1.04,53.9,False,5.68,5.07,63.7,0.7,E 延伸,False,2:49,84.6,升,108.0,12,False,12.0,5.554,6.3664,,False,False,12.6,2.22,,,,5991.6,OHLC,—,LH/LL,自然回檔,False,265,2,DELL,AI_R13+SubSector_R12+Combined_R22
IREN,2026-09-21,47.23,3.1,True,42.3,0.225,0.24,True,44.0,0.78,43.2,False,6.57,7.0,45.0,-0.8,D 趨勢弱,False,2:49,84.6,升,126.0,11,False,12.0,0.479,0.3501,,False,False,10.44,1.59,42.0,11.07,1.69,1927.6,OHLC,↑,HH/HL,UT,False,265,2,IREN,AI_R13+SubSector_R12+Combined_R22
SNX,2026-09-21,279.59,8.25,True,260.01,1.164,0.33,False,82.9,-0.47,83.4,True,2.95,2.23,64.9,-2.4,E 延伸,False,2:49,84.6,升,109.0,12,False,12.0,1.6286,0.7652,,False,False,7.0,2.37,260.5,6.83,2.31,184.1,OHLC,↑,HH/HL,UT,False,265,2,SNX,Combined_R22
SYM,2026-09-21,43.96,1.95,True,41.7,0.114,-0.04,True,66.7,0.75,66.0,False,4.43,3.84,19.0,4.3,D 趨勢弱,False,2:33,76.7,升,93.0,11,False,12.0,0.291,0.254,,False,False,5.14,1.16,41.89,4.71,1.06,74.4,OHLC,↑,HH/HL,自然反彈,False,265,2,SYM,AI_R13+SubSector_R12
PRIM,2026-09-21,76.91,3.39,False,77.03,-0.165,-0.55,True,68.5,0.8,67.7,False,4.4,3.52,12.1,0.6,D 趨勢弱,False,1:45,52.7,升,79.0,11,False,12.0,0.827,0.8394,,False,True,-0.16,-0.04,71.41,7.15,1.62,96.7,OHLC,↑,HH/HL,UT,False,265,2,PRIM,SubSector_R12
HST,2026-09-21,22.31,0.44,False,22.45,-0.046,-1.18,False,90.6,-0.02,90.7,True,1.96,1.64,45.7,4.7,C 基底修復,False,1:05,32.6,升,68.0,8,False,12.0,0.0584,0.0289,,False,True,-0.62,-0.32,21.83,2.15,1.1,181.9,OHLC,—,HH/HL,自然反彈,True,265,2,HST,Combined_R22
MTZ,2026-09-21,222.9,13.76,False,250.05,-1.632,-0.76,True,54.0,1.18,52.8,False,6.17,4.81,1.2,0.1,D 趨勢弱,True,9:33,286.4,升,9.0,1,False,13.0,0.5927,-0.0729,,False,False,-12.18,-1.97,235.0,-5.43,-0.88,356.7,OHLC,↓,LH/LL,自然反彈,False,265,2,MTZ,SubSector_R12
HPQ,2026-09-21,32.95,1.67,True,31.48,0.143,0.59,False,66.9,-2.06,68.9,False,5.08,3.17,55.6,-0.0,B 上升結構,False,3:27,103.6,跌,8.0,1,False,13.0,-0.0193,0.1001,-0.2105,False,True,4.47,0.88,32.7,0.76,0.15,603.4,OHLC,↑,HH/HL,次級回檔,False,265,2,HPQ,10MA_R20
NXT,2026-09-21,83.15,4.58,False,87.27,-0.663,-0.79,True,61.0,1.04,59.9,False,5.51,3.93,21.4,7.4,D 趨勢弱,False,2:39,79.4,升,94.0,10,False,13.0,0.6023,0.4027,,False,True,-4.96,-0.9,83.36,-0.25,-0.05,176.5,OHLC,—,LH/LL,次級反彈,True,265,2,NXT,SubSector_R12
SWKS,2026-09-21,88.74,4.85,True,76.26,0.394,1.06,True,61.7,0.53,61.2,False,5.46,3.81,54.8,-0.4,E 延伸,False,2:37,78.6,升,94.0,13,False,14.0,1.3443,1.6027,,False,False,14.07,2.58,92.3,-4.01,-0.73,723.4,OHLC,—,LH/LL,自然回檔,False,265,2,SWKS,10MA_R20
PWR,2026-09-21,642.61,24.09,False,642.2,-0.819,-0.36,True,73.5,0.59,72.9,False,3.75,3.21,65.7,14.1,C 基底修復,False,1:33,46.6,升,76.0,9,False,14.0,2.9899,1.8894,,False,True,0.06,0.02,621.83,3.23,0.86,607.8,OHLC,—,LH/LL,UT,True,265,2,PWR,AI_R13+SubSector_R12+Combined_R22
TSLA,2026-09-21,375.3,13.27,True,355.5,1.598,0.49,True,72.7,0.36,72.3,False,3.53,3.59,17.6,-3.6,C 基底修復,False,10:54,326.8,升,32.0,3,False,,0.8218,0.1733,,False,False,5.28,1.49,356.09,5.12,1.45,14765.6,OHLC,—,HH/HL,自然反彈,True,265,2,TSLA,AI_R13+SubSector_R12+Combined_R22+10MA_R20
ASX,2026-09-21,43.73,1.78,True,38.52,0.198,0.38,True,66.3,0.25,66.1,False,4.07,4.28,63.2,2.8,E 延伸,False,10:16,308.2,升,21.0,3,False,,0.4813,0.2581,,False,False,11.92,2.93,37.08,15.21,3.74,294.5,OHLC,↑,HH/HL,UT,False,265,2,ASX,AI_R13
SBAC,2026-09-21,176.28,5.02,False,184.24,-0.211,0.03,False,85.0,-0.11,85.1,True,2.85,1.92,15.2,-0.6,D 趨勢弱,True,7:25,222.4,跌,74.0,8,False,,-1.2245,-1.0448,-1.2245,False,False,-4.52,-1.59,191.52,-8.65,-3.04,161.8,OHLC,↓,LH/LL,自然回檔,False,265,2,SBAC,SubSector_R12
FRT,2026-09-21,110.63,1.73,False,115.75,-0.594,-1.24,False,95.1,-0.13,95.2,True,1.57,0.92,24.1,0.3,D 趨勢弱,True,7:16,218.0,跌,71.0,8,False,,-0.421,-0.3909,-1.0732,False,False,-4.62,-2.95,118.33,-6.96,-4.44,84.6,OHLC,↓,LH/LL,DT,False,265,2,FRT,SubSector_R12
AMR,2026-09-21,175.49,10.78,True,198.58,0.851,0.61,True,59.8,1.56,58.3,False,6.14,3.53,6.0,0.4,C 基底修復,False,5:40,170.0,跌,44.0,8,False,,-7.6699,-7.5836,-7.6699,False,False,-13.16,-2.14,,,,60.7,OHLC,—,HH/HL,DT,False,265,2,AMR,SubSector_R12
BG,2026-09-21,112.61,4.57,True,117.23,0.144,0.41,False,77.0,-0.8,77.8,True,4.05,2.25,32.1,-13.6,C 基底修復,False,5:08,153.8,跌,35.0,4,False,,-0.9178,-0.5188,-1.4504,False,False,-4.1,-1.01,109.82,2.48,0.61,225.6,OHLC,—,HH/HL,DT,False,265,2,BG,SubSector_R12
CVS,2026-09-21,87.6,2.3,False,93.73,-0.386,-0.95,True,87.7,0.25,87.5,True,2.62,1.6,32.3,-12.4,C 基底修復,False,4:43,141.4,跌,29.0,3,False,,-0.5913,-0.4104,-1.7679,False,False,-7.0,-2.67,,,,597.7,OHLC,—,HH/HL,DT,False,265,2,CVS,SubSector_R12
LEA,2026-09-21,120.22,3.64,False,124.99,-0.064,-0.11,True,81.6,0.6,81.0,True,3.03,2.41,21.7,-1.5,C 基底修復,False,4:31,135.5,跌,25.0,3,False,,-0.6548,-0.4795,-2.6767,False,False,-3.97,-1.31,,,,81.5,OHLC,—,HH/HL,DT,False,265,2,LEA,SubSector_R12
IBM,2026-09-21,231.93,7.46,False,235.69,-0.208,0.12,True,70.4,0.38,70.0,False,3.22,4.34,34.2,12.5,D 趨勢弱,False,3:45,112.7,跌,13.0,2,False,,-0.4071,-0.0138,-6.4153,False,True,-1.62,-0.5,229.1,1.22,0.38,1279.5,OHLC,↑,HH/HL,自然回檔,False,265,2,IBM,SubSector_R12+10MA_R20
DOCU,2026-09-21,68.57,2.78,True,64.98,0.302,0.79,True,71.3,0.64,70.7,False,4.06,3.32,47.4,0.9,B 上升結構,False,3:44,111.8,跌,12.0,1,False,,-0.0388,0.1174,-0.3793,False,False,5.23,1.29,64.64,5.73,1.41,262.4,OHLC,↑,HH/HL,自然回檔,False,265,2,DOCU,10MA_R20
MPC,2026-09-21,402.38,14.07,True,379.81,3.929,1.64,False,80.4,-3.35,83.8,True,3.5,2.16,64.5,-0.5,B 上升結構,False,3:32,106.2,跌,9.0,1,False,,-0.0362,1.4961,-3.4554,False,False,5.61,1.6,388.16,3.53,1.01,1184.3,OHLC,↑,HH/HL,自然回檔,False,265,2,MPC,SubSector_R12+RateHike_R2_受惠
AESI,2026-09-21,13.27,0.76,True,13.0,0.053,0.81,False,60.7,-0.38,61.1,False,5.72,3.77,39.9,-8.4,D 趨勢弱,False,3:32,105.8,跌,9.0,1,False,,-0.0172,0.0145,-0.3444,False,True,2.06,0.36,13.87,-4.52,-0.79,37.2,OHLC,—,HH/HL,次級回檔,True,265,2,AESI,10MA_R20
BRK-B,2026-09-21,502.01,6.62,False,508.09,-0.449,-0.1,False,95.9,-0.17,96.0,True,1.32,0.95,42.0,-15.3,C 基底修復,False,3:32,105.8,跌,9.0,1,False,,-0.2375,0.5372,-2.9348,False,True,-1.21,-0.92,501.12,0.18,0.13,2314.3,OHLC,↑,HH/HL,自然回檔,False,265,2,BRK/B,10MA_R20
STLD,2026-09-21,229.99,8.63,False,239.98,-0.779,-0.47,True,77.6,0.1,77.5,True,3.75,2.44,48.3,-5.1,C 基底修復,False,3:31,105.7,跌,9.0,1,False,,-0.1886,0.384,-4.7695,False,False,-4.35,-1.16,245.35,-6.68,-1.78,255.4,OHLC,↓,LH/LL,DT,False,265,2,STLD,SubSector_R12+RateHike_R2_受惠
RDVT,2026-09-21,75.5,2.79,True,72.39,0.278,0.61,True,75.0,0.41,74.6,False,3.7,2.99,76.2,1.0,B 上升結構,False,3:30,105.2,跌,8.0,1,False,,-0.1019,0.011,-1.2438,False,False,4.12,1.11,73.05,3.25,0.88,17.1,OHLC,↑,HH/HL,自然回檔,False,265,2,RDVT,10MA_R20
PARR,2026-09-21,82.0,4.51,True,80.03,0.668,0.51,False,60.2,-0.99,61.2,False,5.5,4.1,60.4,-7.8,B 上升結構,False,3:21,100.3,跌,6.0,1,False,,-0.0305,0.2229,-2.1783,False,True,2.4,0.44,81.7,0.37,0.07,76.3,OHLC,—,HH/HL,自然回檔,True,265,2,PARR,Combined_R22
APTV,2026-09-21,43.57,1.49,False,46.03,-0.158,-0.83,True,75.6,0.55,75.1,True,3.43,3.14,7.6,3.5,D 趨勢弱,False,2:49,84.6,升,243.0,14,False,,0.1255,0.1144,,False,False,-5.64,-1.65,45.69,-4.87,-1.42,231.5,OHLC,↓,LH/LL,DT,False,265,2,APTV,SubSector_R12
BE,2026-09-21,272.89,18.79,True,243.37,1.638,0.68,True,41.9,0.87,41.1,False,6.89,7.3,52.3,1.3,E 延伸,False,2:49,84.6,升,166.0,19,False,,2.9081,3.4593,,False,False,10.82,1.57,270.89,0.73,0.11,4548.0,OHLC,—,HH/HL,次級反彈,True,265,2,BE,AI_R13+Combined_R22
EBAY,2026-09-21,108.3,3.49,False,106.28,-0.116,0.16,False,82.5,-0.96,83.4,True,3.22,2.04,57.5,3.0,A 待突破,False,2:49,84.6,升,109.0,19,False,,0.783,1.0388,,False,True,1.87,0.58,103.41,4.52,1.4,567.6,OHLC,↑,HH/HL,自然回檔,False,265,2,EBAY,SubSector_R12
GFS,2026-09-21,48.57,2.25,False,47.36,-0.217,-0.51,True,65.6,1.16,64.4,False,4.63,3.87,24.5,-0.8,D 趨勢弱,False,2:49,84.6,升,587.0,33,False,,0.8239,0.6514,,False,True,2.48,0.54,42.15,13.22,2.86,197.4,OHLC,↑,HH/HL,UT,False,265,2,GFS,AI_R13+SubSector_R12
HSHP,2026-09-21,18.86,0.65,True,17.42,0.148,1.04,False,78.1,-1.03,79.2,True,3.42,2.68,63.5,-0.8,E 延伸,False,2:49,84.6,升,200.0,25,False,,0.082,0.1117,,False,False,7.66,2.24,17.95,4.83,1.41,8.6,OHLC,↑,HH/HL,自然回檔,False,265,2,HSHP,Combined_R22
INTG,2026-09-21,38.04,2.28,True,35.34,0.172,0.54,True,59.4,1.38,58.0,False,5.99,3.77,51.2,-2.4,E 延伸,False,2:49,84.6,升,257.0,30,False,,0.117,0.0984,,False,False,7.11,1.19,35.94,5.52,0.92,3.8,OHLC,—,HH/HL,UT,True,265,2,INTG,10MA_R20
IPGP,2026-09-21,77.75,3.63,False,78.04,-0.266,-0.63,True,65.3,0.94,64.4,False,4.67,3.87,20.5,-4.4,D 趨勢弱,False,2:49,84.6,升,144.0,16,False,,0.6878,0.636,,False,True,-0.38,-0.08,74.9,3.67,0.79,40.5,OHLC,—,HH/HL,次級反彈,True,265,2,IPGP,AI_R13
MARA,2026-09-21,13.28,0.93,True,11.07,0.113,0.25,True,46.2,0.31,45.9,False,7.0,5.96,40.0,1.3,E 延伸,False,2:49,84.6,升,284.0,22,False,,0.2105,0.1527,,False,False,16.68,2.38,11.43,13.93,1.99,647.6,OHLC,↑,HH/HL,UT,False,265,2,MARA,SubSector_R12
META,2026-09-21,741.25,25.95,True,617.46,10.504,0.91,False,75.3,-3.1,78.4,True,3.5,3.12,42.1,14.0,E 延伸,False,2:49,84.6,升,257.0,18,False,,10.8703,7.7982,,False,False,16.7,4.77,665.75,10.19,2.91,15134.8,OHLC,↑,HH/HL,UT,False,265,2,META,AI_R13+SubSector_R12+Combined_R22+10MA_R20
MYGN,2026-09-21,4.01,0.25,True,3.39,0.023,0.92,True,38.8,1.05,37.8,False,6.26,8.93,15.0,10.0,E 延伸,False,2:49,84.6,升,183.0,22,False,,0.1362,0.1439,,False,False,15.4,2.46,3.89,2.99,0.48,8.2,OHLC,↑,HH/HL,自然反彈,False,265,2,MYGN,10MA_R20
NATH,2026-09-21,97.48,1.14,False,97.87,-0.015,-0.02,False,96.8,-0.28,97.1,True,1.17,0.8,21.8,-9.3,D 趨勢弱,False,2:49,84.6,升,256.0,24,False,,0.0356,0.1069,,False,True,-0.4,-0.34,97.44,0.04,0.04,2.3,OHLC,—,HH/HL,自然反彈,True,265,2,NATH,10MA_R20
ON,2026-09-21,71.72,3.76,False,73.85,-0.396,-0.79,True,57.7,0.54,57.2,False,5.24,4.89,24.0,0.0,D 趨勢弱,False,2:49,84.6,升,192.0,17,False,,0.3371,0.1694,,False,True,-2.98,-0.57,76.14,-6.16,-1.18,734.6,OHLC,↓,LH/LL,次級反彈,False,265,2,ON,SubSector_R12
PLTK,2026-09-21,2.31,0.13,False,2.38,-0.036,-1.53,True,55.9,1.07,54.8,False,5.77,4.76,23.3,4.3,D 趨勢弱,False,2:49,84.6,升,149.0,16,False,,0.0501,0.0501,,False,True,-3.1,-0.54,2.38,-3.03,-0.53,3.1,OHLC,—,LH/LL,自然反彈,True,265,2,PLTK,SubSector_R12
RBLX,2026-09-21,51.25,2.41,True,41.41,0.494,0.86,True,57.2,0.33,56.9,False,4.71,5.53,25.0,0.0,E 延伸,False,2:49,84.6,升,211.0,24,False,,0.877,0.8147,,False,False,19.2,4.08,47.43,7.45,1.58,514.7,OHLC,↑,HH/HL,自然反彈,False,265,2,RBLX,SubSector_R12
RDDT,2026-09-21,158.73,8.18,False,159.94,-0.077,-0.02,True,56.3,0.73,55.6,False,5.15,5.28,27.1,0.8,D 趨勢弱,False,2:49,84.6,升,128.0,13,False,,0.8745,0.6508,,False,True,-0.76,-0.15,149.21,6.0,1.16,748.0,OHLC,—,HH/HL,自然反彈,False,265,2,RDDT,SubSector_R12+Combined_R22
RIOT,2026-09-21,24.18,1.6,True,20.64,0.135,0.07,True,47.0,0.77,46.2,False,6.62,6.11,59.4,1.2,E 延伸,False,2:49,84.6,升,108.0,12,False,,0.3956,0.2866,,False,False,14.65,2.21,20.95,13.36,2.02,373.1,OHLC,↑,HH/HL,UT,False,265,2,RIOT,SubSector_R12
RUN,2026-09-21,8.79,0.49,False,9.12,-0.065,-0.74,True,62.3,0.8,61.5,False,5.54,3.62,18.9,6.9,D 趨勢弱,False,2:49,84.6,升,107.0,13,False,,0.0731,0.0512,,False,True,-3.71,-0.67,8.72,0.74,0.13,62.6,OHLC,—,LH/LL,自然反彈,True,265,2,RUN,SubSector_R12
TDOC,2026-09-21,6.27,0.27,False,6.47,-0.031,-0.33,True,60.6,0.55,60.0,False,4.27,5.25,35.0,2.6,D 趨勢弱,False,2:49,84.6,升,120.0,17,False,,0.0611,0.0684,,False,True,-3.13,-0.73,6.47,-3.19,-0.75,21.0,OHLC,↓,LH/LL,DT,False,265,2,TDOC,SubSector_R12
UMC,2026-09-21,25.43,1.02,True,20.85,0.229,1.02,True,66.0,0.56,65.5,False,4.0,4.41,59.5,1.8,E 延伸,False,2:49,84.6,升,169.0,29,False,,0.48,0.4267,,False,False,18.02,4.51,22.12,13.02,3.26,315.1,OHLC,↑,HH/HL,UT,False,265,2,UMC,SubSector_R12
VLO,2026-09-21,393.27,14.01,True,369.83,4.407,1.69,False,80.2,-2.58,82.8,True,3.56,2.14,62.1,-2.9,E 延伸,False,2:49,84.6,升,146.0,15,False,,0.8532,2.3646,,False,False,5.96,1.67,375.1,4.62,1.3,1274.2,OHLC,↑,HH/HL,自然回檔,False,265,2,VLO,SubSector_R12+RateHike_R2_受惠
WTTR,2026-09-21,20.6,0.8,False,20.3,-0.004,-0.0,True,71.1,0.27,70.8,False,3.88,3.54,70.9,-1.9,A 待突破,False,2:49,84.6,升,104.0,10,False,,0.0415,0.0458,,False,True,1.46,0.38,20.37,1.12,0.29,30.6,OHLC,—,HH/HL,UT,True,265,2,WTTR,Combined_R22
XRX,2026-09-21,3.33,0.2,True,3.22,0.004,0.34,False,52.2,-0.4,52.6,False,5.97,5.44,43.4,-1.3,E 延伸,False,2:49,84.6,升,126.0,15,False,,0.0158,0.0304,,False,True,3.44,0.58,2.78,16.52,2.77,8.8,OHLC,↑,HH/HL,自然回檔,False,265,2,XRX,10MA_R20
NJR,2026-09-21,52.92,1.0,False,53.99,-0.049,-0.71,False,92.8,-0.09,92.8,True,1.89,1.22,25.7,-0.9,D 趨勢弱,False,2:42,81.1,升,95.0,12,False,,0.0777,0.1006,,False,True,-2.02,-1.07,54.31,-2.63,-1.39,32.9,OHLC,—,LH/LL,DT,True,265,2,NJR,SubSector_R12
CNXN,2026-09-21,85.9,2.4,True,82.06,0.094,0.02,False,87.4,-0.2,87.6,True,2.79,1.49,62.4,0.1,E 延伸,False,2:02,61.2,升,84.0,12,False,,0.3522,0.4674,,False,False,4.47,1.6,82.59,3.85,1.38,11.5,OHLC,↑,HH/HL,UT,False,265,2,CNXN,10MA_R20
FEIM,2026-09-21,89.0,5.26,True,74.69,0.338,0.64,True,45.4,1.4,44.0,False,5.91,7.27,65.0,1.9,E 延伸,False,1:39,49.4,升,77.0,8,False,,2.5952,2.6389,,False,False,16.07,2.72,89.76,-0.85,-0.14,30.8,OHLC,—,LH/LL,UT,False,265,2,FEIM,10MA_R20
AVAV,2026-09-21,160.9,9.21,False,156.15,-0.71,-0.13,True,56.1,1.16,55.0,False,5.73,4.76,24.3,6.7,D 趨勢弱,False,1:07,33.4,升,69.0,6,False,,2.1392,2.0629,,False,True,2.95,0.52,,,,370.3,OHLC,—,LH/LL,自然回檔,False,265,2,AVAV,SubSector_R12
CRWD,2026-09-21,249.35,13.32,True,219.33,1.102,0.52,True,59.2,0.15,59.0,False,5.34,4.48,64.8,1.8,E 延伸,False,12:14,7.1,升,54.0,6,False,,3.2688,3.0054,,False,False,12.04,2.25,237.65,4.69,0.88,3232.0,OHLC,↑,HH/HL,UT,False,265,2,CRWD,AI_R13+SubSector_R12+Combined_R22+10MA_R20
HMY,2026-09-21,19.0,0.86,False,20.47,-0.036,0.15,False,67.1,-1.45,68.5,False,4.55,3.65,42.5,-10.4,D 趨勢弱,True,8:49,264.6,跌,242.0,16,False,2.0,-0.2625,-0.2336,-0.3958,False,False,-7.71,-1.69,20.22,-6.42,-1.41,87.5,OHLC,—,LH/LL,自然回檔,False,265,1,HMY,Combined_R22
RAPP,2026-09-21,39.66,2.19,False,46.01,-0.379,-0.4,False,65.1,-1.33,66.4,False,5.52,3.07,34.1,-2.0,D 趨勢弱,True,8:49,264.6,跌,218.0,15,False,2.0,-0.9162,-0.9095,-0.9747,False,False,-16.0,-2.9,42.78,-7.87,-1.42,14.2,OHLC,↓,LH/LL,DT,False,265,1,RAPP,Combined_R22
VAL,2026-09-21,81.79,3.65,False,85.97,-0.016,0.15,False,72.1,-0.16,72.2,False,4.47,2.77,32.4,-14.9,C 基底修復,True,7:32,225.8,跌,75.0,10,False,2.0,-0.6887,-0.6051,-0.844,False,False,-5.11,-1.14,88.23,-7.87,-1.76,94.4,OHLC,—,LH/LL,DT,True,265,1,VAL,SubSector_R12
UPS,2026-09-21,94.75,2.32,False,102.21,-0.549,-0.69,False,87.4,-1.62,89.0,True,2.45,1.85,15.9,-17.2,D 趨勢弱,False,4:59,149.4,跌,33.0,4,False,2.0,-0.3933,-0.1094,-1.4973,False,False,-7.88,-3.22,102.46,-8.14,-3.32,426.0,OHLC,↓,LH/LL,DT,False,265,1,UPS,SubSector_R12+RateHike_R2_迴避
FN,2026-09-21,401.57,24.49,False,449.64,-4.055,-0.81,True,52.4,1.34,51.0,False,6.1,5.26,15.9,4.6,D 趨勢弱,False,10:45,322.4,升,29.0,2,False,3.0,1.999,0.4507,,False,False,-11.97,-1.96,392.68,2.21,0.36,336.3,OHLC,—,LH/LL,自然反彈,True,265,1,FN,AI_R13+Combined_R22
QUBT,2026-09-21,8.96,0.42,False,8.47,-0.005,-0.22,True,63.5,0.96,62.6,False,4.71,4.19,35.7,-5.2,D 趨勢弱,False,10:31,315.5,升,25.0,3,False,3.0,0.1089,0.0695,,False,False,5.47,1.16,,,,57.3,OHLC,—,LH/LL,UT,False,265,1,QUBT,SubSector_R12
LWLG,2026-09-21,5.48,0.4,False,6.02,-0.095,-1.23,True,43.2,0.85,42.4,False,7.28,6.52,24.7,2.7,D 趨勢弱,False,10:21,310.6,升,23.0,3,False,3.0,0.0701,0.0276,,False,False,-9.92,-1.36,5.6,-2.19,-0.3,13.6,OHLC,↓,LH/LL,自然反彈,False,265,1,LWLG,AI_R13
AXTI,2026-09-21,79.93,7.13,False,71.11,-0.633,-0.06,True,29.6,1.3,28.3,False,8.92,9.95,55.2,-9.3,D 趨勢弱,False,10:12,306.0,升,20.0,3,False,3.0,1.52,0.6331,,False,False,11.03,1.24,73.78,7.69,0.86,696.5,OHLC,↑,HH/HL,UT,False,265,1,AXTI,AI_R13+Combined_R22
TGTX,2026-09-21,57.16,2.39,True,53.86,0.258,0.76,False,72.8,-0.27,73.0,False,4.17,2.93,72.5,-3.0,E 延伸,False,10:03,301.3,升,17.0,2,False,3.0,0.0969,0.0309,,False,False,5.78,1.38,53.93,5.65,1.35,106.5,OHLC,↑,HH/HL,UT,False,265,1,TGTX,Combined_R22
EE,2026-09-21,33.92,1.62,False,37.72,-0.216,-0.37,False,72.8,-2.99,75.8,False,4.78,2.31,18.1,-22.4,D 趨勢弱,True,7:06,212.9,跌,68.0,8,False,3.0,-0.545,-0.4029,-0.545,False,False,-11.21,-2.34,36.04,-6.25,-1.31,15.4,OHLC,↓,LH/LL,DT,False,265,1,EE,SubSector_R12
LQDA,2026-09-21,66.43,3.23,False,72.74,-0.352,-0.84,True,65.3,0.77,64.5,False,4.86,3.7,48.5,4.7,C 基底修復,False,11:09,334.7,升,36.0,4,False,4.0,0.3097,0.3248,,False,False,-9.5,-1.96,68.45,-3.04,-0.63,79.4,OHLC,—,LH/LL,DT,True,265,1,LQDA,Combined_R22
RS,2026-09-21,384.65,11.55,False,398.13,-0.849,-0.35,False,84.8,-0.13,84.9,True,3.0,1.82,62.6,0.2,C 基底修復,False,3:32,106.2,跌,9.0,1,False,4.0,-0.2401,0.2811,-5.8201,False,False,-3.5,-1.17,381.87,0.72,0.24,120.6,OHLC,—,HH/HL,DT,True,265,1,RS,SubSector_R12+RateHike_R2_受惠
ILMN,2026-09-21,238.82,10.33,True,224.91,1.331,1.81,False,72.4,-0.03,72.4,False,4.33,2.85,66.4,2.8,E 延伸,False,11:12,336.2,升,37.0,4,False,5.0,2.424,2.2871,,False,False,5.82,1.35,,,,879.2,OHLC,—,LH/LL,自然回檔,False,265,1,ILMN,SubSector_R12
NEO,2026-09-21,19.41,0.81,True,17.74,0.086,0.95,False,71.3,-0.19,71.5,False,4.15,3.22,73.5,-1.5,E 延伸,False,11:11,335.6,升,36.0,5,False,5.0,0.1305,0.1547,,False,False,8.6,2.07,17.32,10.77,2.59,35.6,OHLC,↑,HH/HL,自然回檔,False,265,1,NEO,Combined_R22
TWLO,2026-09-21,266.06,11.73,True,237.57,0.552,0.74,False,66.0,-0.43,66.4,False,4.41,4.0,65.0,-12.3,E 延伸,False,10:51,325.4,升,31.0,3,False,5.0,2.09,0.6404,,False,False,10.71,2.43,,,,488.9,OHLC,—,LH/LL,UT,False,265,1,TWLO,10MA_R20
CLDX,2026-09-21,37.89,1.7,False,40.35,-0.083,-0.13,False,72.9,-2.83,75.8,False,4.48,2.59,44.7,0.7,C 基底修復,True,8:49,264.6,跌,159.0,23,False,5.0,-0.1669,-0.1581,-0.5446,False,False,-6.49,-1.45,39.18,-3.4,-0.76,28.3,OHLC,↓,LH/LL,DT,False,265,1,CLDX,Combined_R22
IOT,2026-09-21,38.05,2.26,False,40.02,-0.055,0.09,False,59.0,-0.35,59.4,False,5.95,3.9,41.1,-14.2,C 基底修復,False,4:14,126.9,跌,21.0,2,False,5.0,-0.2029,-0.0618,-0.588,False,True,-5.16,-0.87,39.14,-2.86,-0.48,302.5,OHLC,—,HH/HL,DT,False,265,1,IOT,Combined_R22
IOVA,2026-09-21,10.19,0.55,True,8.37,0.182,1.9,False,48.7,-0.28,49.0,False,5.44,6.83,76.3,1.3,E 延伸,False,11:24,342.0,升,40.0,4,False,6.0,0.0683,0.0673,,False,False,17.81,3.27,8.14,20.12,3.7,134.1,OHLC,↑,HH/HL,UT,False,265,1,IOVA,SubSector_R12+Combined_R22+10MA_R20
BDSX,2026-09-21,28.43,1.89,True,26.38,0.158,0.45,False,50.2,-1.08,51.3,False,6.65,5.24,70.7,-2.2,E 延伸,False,10:26,312.8,升,24.0,3,False,6.0,0.0381,0.0701,,False,False,7.22,1.09,25.39,10.69,1.61,2.9,OHLC,—,HH/HL,自然回檔,True,265,1,BDSX,10MA_R20
CHTR,2026-09-21,123.35,6.95,False,146.37,-0.867,-0.49,False,61.9,-0.93,62.9,False,5.63,3.6,0.0,0.0,D 趨勢弱,True,8:49,264.6,跌,200.0,24,False,6.0,-2.7359,-2.3443,-2.7359,False,False,-18.66,-3.31,148.34,-20.26,-3.6,336.5,OHLC,↓,LH/LL,DT,False,265,1,CHTR,SubSector_R12
DNTH,2026-09-21,96.47,5.28,False,107.06,-0.51,-0.48,False,64.5,-0.02,64.5,False,5.47,3.23,42.8,3.4,D 趨勢弱,True,8:49,264.6,跌,166.0,23,False,6.0,-1.3762,-1.2312,-1.3762,False,False,-10.97,-2.0,107.69,-11.63,-2.12,72.3,OHLC,↓,LH/LL,DT,False,265,1,DNTH,Combined_R22
TPB,2026-09-21,61.31,3.37,False,77.68,-2.79,-1.4,False,65.3,-7.94,73.3,False,5.5,3.04,0.0,-10.0,D 趨勢弱,True,8:49,264.6,跌,144.0,17,False,6.0,-1.2203,-0.9079,-1.3862,False,False,-26.71,-4.86,88.26,-43.96,-8.0,18.8,OHLC,↓,LH/LL,DT,False,265,1,TPB,SubSector_R12
MNST,2026-09-21,44.0,0.94,False,45.58,-0.051,-0.46,False,90.4,-0.11,90.5,True,2.13,1.53,43.0,-2.7,C 基底修復,False,11:03,331.7,升,34.0,3,False,7.0,0.0734,0.0806,,False,False,-3.59,-1.69,46.82,-6.41,-3.01,419.0,OHLC,↓,LH/LL,自然反彈,False,265,1,MNST,SubSector_R12
CURI,2026-09-21,2.84,0.15,False,3.31,-0.001,-0.05,True,51.5,1.0,50.5,False,5.36,6.2,31.6,1.4,D 趨勢弱,False,10:27,313.4,升,24.0,3,False,7.0,0.0075,0.0032,,False,False,-16.45,-3.07,2.84,0.0,0.0,2.5,OHLC,—,LH/LL,自然反彈,True,265,1,CURI,10MA_R20
CRSR,2026-09-21,13.52,0.67,False,12.5,-0.173,0.21,True,56.7,0.51,56.2,False,4.94,5.42,67.1,0.4,E 延伸,False,12:39,19.6,升,61.0,7,False,7.0,0.0576,0.063,,False,False,7.51,1.52,12.83,5.1,1.03,15.9,OHLC,—,HH/HL,次級反彈,False,265,1,CRSR,10MA_R20
ONON,2026-09-21,27.32,1.05,False,29.5,-0.24,-1.11,True,71.0,0.2,70.8,False,3.86,3.57,6.4,4.2,D 趨勢弱,False,12:32,16.1,升,59.0,7,False,7.0,0.2576,0.2315,,False,False,-7.97,-2.06,27.47,-0.55,-0.14,233.1,OHLC,—,LH/LL,自然反彈,True,265,1,ONON,SubSector_R12
FANG,2026-09-21,189.27,6.54,False,199.68,-0.279,-0.17,False,79.8,-0.0,79.8,True,3.46,2.33,36.3,-3.9,D 趨勢弱,False,5:28,163.8,跌,41.0,4,False,8.0,-1.712,-1.2618,-1.712,False,False,-5.5,-1.59,,,,605.0,OHLC,—,HH/HL,DT,False,265,1,FANG,SubSector_R12+Combined_R22
ADPT,2026-09-21,27.86,1.2,True,25.79,0.098,0.8,False,70.6,-0.35,71.0,False,4.3,3.21,68.9,1.2,E 延伸,False,11:45,352.3,升,46.0,4,False,9.0,0.3234,0.3439,,False,False,7.44,1.73,28.72,-3.09,-0.72,56.0,OHLC,—,LH/LL,自然回檔,False,265,1,ADPT,Combined_R22
CXW,2026-09-21,32.41,1.44,True,33.9,0.016,0.45,False,73.6,-5.13,78.7,False,4.45,2.5,56.9,-9.5,C 基底修復,False,3:53,116.7,跌,15.0,1,False,11.0,-0.1612,0.0366,-0.4532,False,False,-4.61,-1.04,33.99,-4.88,-1.1,60.7,OHLC,—,LH/LL,自然回檔,False,265,1,CXW,Combined_R22
ENPH,2026-09-21,34.76,1.98,False,37.46,-0.32,-0.5,True,61.7,0.68,61.0,False,5.7,3.59,10.6,2.6,D 趨勢弱,False,3:47,113.5,跌,13.0,2,False,11.0,-0.0532,-0.0181,-0.4193,False,False,-7.75,-1.36,34.65,0.32,0.06,152.0,OHLC,—,HH/HL,DT,False,265,1,ENPH,SubSector_R12
ARM,2026-09-21,322.9,18.83,True,261.35,4.905,0.2,False,53.4,-1.03,54.4,False,5.83,5.29,50.0,-2.4,E 延伸,False,1:40,50.2,升,78.0,11,False,11.0,7.1322,3.4279,,False,False,19.06,3.27,239.01,25.98,4.45,1464.1,OHLC,↑,HH/HL,UT,False,265,1,ARM,AI_R13+SubSector_R12+Combined_R22
RLAY,2026-09-21,18.19,0.84,False,19.25,-0.032,-0.13,False,70.7,-1.61,72.3,False,4.62,2.88,54.9,-0.4,C 基底修復,True,8:49,264.6,跌,171.0,22,False,12.0,-0.0558,-0.0139,-0.3147,False,False,-5.85,-1.27,19.19,-5.5,-1.19,61.4,OHLC,↓,LH/LL,DT,False,265,1,RLAY,Combined_R22
NRG,2026-09-21,103.28,4.63,False,113.38,-0.768,-0.97,True,67.9,0.53,67.4,False,4.48,3.56,4.5,3.6,D 趨勢弱,False,4:59,149.4,跌,33.0,4,False,12.0,-0.4739,-0.3864,-1.8245,False,False,-9.78,-2.18,116.14,-12.45,-2.78,293.1,OHLC,↓,LH/LL,DT,False,265,1,NRG,AI_R13+SubSector_R12
AMD,2026-09-21,615.52,26.35,True,500.68,8.561,0.54,False,64.5,-0.74,65.2,False,4.28,4.44,65.0,2.2,E 延伸,False,2:08,64.0,升,86.0,11,False,14.0,12.5822,8.4273,,False,False,18.66,4.36,493.41,19.84,4.63,12654.8,OHLC,↑,HH/HL,UT,False,265,1,AMD,AI_R13+SubSector_R12+Combined_R22
NFE,2026-09-21,10.82,1.05,True,0.88,0.138,0.56,False,5.0,-0.22,5.2,False,9.7,47.16,65.8,-6.6,E 延伸,False,11:52,355.9,升,48.0,7,False,,1.3096,1.4685,,False,False,91.86,9.47,0.33,96.95,9.99,18.6,OHLC,↑,HH/HL,自然回檔,False,263,1,NFE,RateHike_R2_索引
NUE,2026-09-21,242.4,8.63,False,255.81,-0.917,-0.37,False,79.0,-0.1,79.1,True,3.56,2.37,70.2,-1.3,C 基底修復,False,3:59,119.7,跌,16.0,2,False,,-1.2007,-0.2799,-4.3092,False,False,-5.53,-1.55,268.08,-10.59,-2.97,293.1,OHLC,↓,LH/LL,DT,False,265,1,NUE,SubSector_R12+10MA_R20+RateHike_R2_受惠
AAON,2026-09-21,76.4,3.69,False,80.56,-0.556,-0.67,True,66.8,0.94,65.8,False,4.82,3.44,9.5,-0.3,D 趨勢弱,False,2:49,84.6,升,164.0,18,False,,0.8441,0.8467,,False,False,-5.45,-1.13,79.4,-3.93,-0.81,85.0,OHLC,—,LH/LL,自然反彈,True,265,1,AAON,SubSector_R12
APP,2026-09-21,330.17,17.35,False,316.63,-1.058,-0.89,False,59.1,-0.1,59.2,False,5.26,4.57,18.1,-6.1,D 趨勢弱,False,2:49,84.6,升,171.0,19,False,,4.6703,4.313,,False,True,4.1,0.78,315.44,4.46,0.85,1600.2,OHLC,—,LH/LL,自然反彈,True,265,1,APP,Combined_R22
CYPH,2026-09-21,3.4,0.41,True,2.26,0.086,0.86,False,25.5,-2.21,27.7,False,12.02,9.01,61.7,-3.3,E 延伸,False,2:49,84.6,升,221.0,34,False,,0.0991,0.0905,,False,False,33.44,2.78,2.22,34.71,2.89,57.2,OHLC,↑,HH/HL,自然回檔,False,265,1,CYPH,10MA_R20
DINO,2026-09-21,109.29,4.62,True,101.59,1.136,1.26,False,74.9,-3.84,78.8,False,4.23,2.47,61.2,-3.4,E 延伸,False,2:49,84.6,升,150.0,25,False,,0.1424,0.6597,,False,False,7.05,1.67,105.23,3.71,0.88,281.3,OHLC,↑,HH/HL,自然回檔,False,265,1,DINO,SubSector_R12+Combined_R22+RateHike_R2_受惠
INTC,2026-09-21,121.78,6.58,True,99.24,1.275,0.41,False,57.4,-1.2,58.6,False,5.4,4.79,56.8,5.6,E 延伸,False,2:49,84.6,升,97.0,12,False,,2.5573,1.702,,False,False,18.51,3.43,100.32,17.62,3.26,12520.8,OHLC,↑,HH/HL,UT,False,265,1,INTC,AI_R13+SubSector_R12+Combined_R22
LASR,2026-09-21,40.19,2.63,False,44.8,-1.711,-1.91,True,44.7,1.2,43.5,False,6.55,6.81,18.0,-0.4,D 趨勢弱,False,2:49,84.6,升,174.0,10,False,,0.763,0.6402,,False,False,-11.48,-1.75,40.37,-0.45,-0.07,50.1,OHLC,—,LH/LL,自然反彈,True,265,1,LASR,AI_R13
LII,2026-09-21,363.64,12.12,False,390.0,-2.699,-1.33,True,74.6,0.74,73.8,False,3.33,3.43,4.6,3.9,D 趨勢弱,False,2:49,84.6,升,134.0,18,False,,1.8823,1.3961,,False,False,-7.25,-2.18,372.0,-2.3,-0.69,181.6,OHLC,↓,LH/LL,DT,False,265,1,LII,SubSector_R12
PARA,2026-09-21,0.92,0.11,False,1.31,-0.02,-0.83,True,30.8,0.85,30.0,False,11.74,6.57,10.0,0.0,D 趨勢弱,False,2:49,84.6,升,273.0,36,False,,0.0314,0.0319,,False,False,-41.82,-3.56,1.01,-9.43,-0.8,0.1,OHLC,—,LH/LL,DT,True,265,1,PARA,SubSector_R12
QCOM,2026-09-21,194.23,8.94,True,172.99,1.028,0.75,False,70.2,-0.72,70.9,False,4.6,3.0,37.9,-0.2,E 延伸,False,2:49,84.6,升,200.0,32,False,,1.9851,1.569,,False,False,10.94,2.38,177.72,8.5,1.85,2820.1,OHLC,↑,HH/HL,UT,False,265,1,QCOM,AI_R13+Combined_R22
SMTC,2026-09-21,177.37,11.88,True,147.4,1.76,0.75,False,46.0,-1.5,47.5,False,6.7,6.29,62.5,-2.5,E 延伸,False,2:49,84.6,升,145.0,18,False,,3.4065,3.6928,,False,False,16.9,2.52,159.13,10.28,1.53,690.2,OHLC,↑,HH/HL,自然回檔,False,265,1,SMTC,AI_R13
RXT,2026-09-21,4.04,0.34,False,3.65,-0.021,-0.49,True,34.2,1.41,32.8,False,8.37,8.51,50.0,6.1,E 延伸,False,12:42,21.2,升,62.0,11,False,,0.1423,0.1257,,False,False,9.78,1.17,3.8,5.94,0.71,30.9,OHLC,↑,HH/HL,UT,False,265,1,RXT,AI_R13
VG,2026-09-21,13.66,0.67,False,14.43,-0.01,0.25,False,63.8,-0.51,64.4,False,4.91,3.94,32.3,-14.0,C 基底修復,False,5:34,166.8,跌,43.0,4,False,9.0,-0.1867,-0.1291,-0.1867,False,False,-5.66,-1.15,,,,192.2,OHLC,—,HH/HL,DT,False,265,0,VG,SubSector_R12
RMBS,2026-09-21,96.96,4.84,False,89.43,-0.032,-0.47,False,60.5,-1.04,61.5,False,4.99,4.55,20.9,9.5,D 趨勢弱,False,2:49,84.6,升,114.0,10,False,11.0,1.4156,0.6329,,False,False,7.77,1.56,81.41,16.04,3.21,242.8,OHLC,↑,HH/HL,UT,False,265,0,RMBS,AI_R13
CBIO,2026-09-21,16.25,1.46,False,17.94,-0.038,-0.15,False,43.9,-0.96,44.8,False,8.97,4.64,47.3,1.5,D 趨勢弱,False,4:45,142.5,跌,29.0,4,False,,-0.4117,-0.3414,-0.4117,False,False,-10.41,-1.16,16.69,-2.71,-0.3,7.9,OHLC,—,HH/HL,DT,False,265,0,CBIO,Combined_R22
FLUT,2026-09-21,86.86,4.3,False,97.61,-0.177,-0.06,False,66.7,-0.59,67.3,False,4.95,3.32,2.2,-3.1,D 趨勢弱,False,4:37,138.5,跌,27.0,4,False,,-1.2622,-0.8706,-1.3837,False,False,-12.38,-2.5,102.34,-17.82,-3.6,245.7,OHLC,↓,LH/LL,DT,False,265,0,FLUT,SubSector_R12
OLN,2026-09-21,16.54,0.65,False,17.73,-0.066,-0.59,False,72.0,-0.0,72.0,False,3.96,3.29,13.8,-1.2,D 趨勢弱,False,2:49,84.6,升,121.0,13,False,,0.0549,0.078,,False,False,-7.17,-1.81,17.66,-6.77,-1.71,46.7,OHLC,↓,LH/LL,DT,False,265,0,OLN,Combined_R22
