ticker,lists,close_16,score,c1_16,c2,c3,c4_16,c5_16,c6_16,volidx,clock_16,bars,close_17,c1_17,c4_17,c5_17,c6_17,c5_days,clock_17,dist_grav_pct,bar_src,chg1d_pct,four_17,hist_ok
AWR,SubSector_R12+Combined_R22,87.17,6,True,True,True,True,True,True,93.0,8:49,262,86.76,True,True,True,True,1.0,8:49,-1.69,收盤快照,-0.47,True,True
THC,SubSector_R12,265.78,6,True,True,True,True,True,True,76.8,8:49,262,261.9,True,True,True,True,1.0,8:49,-1.7,收盤快照,-1.46,True,True
DIS,SubSector_R12,106.99,6,True,True,True,True,True,True,89.5,7:55,262,105.35,True,True,False,True,1.0,8:22,-0.95,收盤快照,-1.53,False,True
MRK,SubSector_R12+Combined_R22,144.91,6,True,True,True,True,True,True,85.7,7:34,262,147.15,True,True,True,True,1.0,8:09,1.21,收盤快照,1.55,True,True
HTO,SubSector_R12+Combined_R22,63.14,6,True,True,True,True,True,True,91.9,7:27,262,63.08,True,True,True,True,1.0,8:20,-0.24,收盤快照,-0.1,True,True
WELL,SubSector_R12,234.5,6,True,True,True,True,True,True,91.1,6:53,262,232.26,False,True,False,True,1.0,7:22,-1.69,收盤快照,-0.96,False,True
SENEA,Combined_R22,186.31,6,True,True,True,True,True,True,77.3,6:42,262,183.87,True,True,True,True,1.0,7:14,-3.27,收盤快照,-1.31,True,True
GBTG,10MA_R20_跌出,9.47,6,True,True,True,True,True,True,99.8,8:49,262,9.46,True,True,False,True,2.0,8:49,-0.06,收盤快照,-0.11,False,True
LYB,SubSector_R12,64.9,6,True,True,True,True,True,True,80.7,8:49,262,64.25,True,True,False,True,2.0,8:49,0.25,收盤快照,-1.0,False,True
NDSN,SubSector_R12,309.02,6,True,True,True,True,True,True,89.9,8:41,262,311.74,True,True,True,True,2.0,8:49,-1.93,收盤快照,0.88,True,True
JNJ,SubSector_R12+Combined_R22,267.28,6,True,True,True,True,True,True,90.8,6:28,262,270.22,True,True,True,True,2.0,6:58,1.05,收盤快照,1.1,True,True
CAG,SubSector_R12,15.18,6,True,True,True,True,True,True,83.8,8:49,262,15.18,True,True,False,True,3.0,8:49,-2.23,收盤快照,0.0,False,True
DHR,SubSector_R12+RateHike_R2_受惠,208.36,6,True,True,True,True,True,True,82.5,8:49,262,212.5,True,True,False,True,3.0,8:49,1.88,收盤快照,1.99,False,True
LH,Combined_R22,324.51,6,True,True,True,True,True,True,88.0,8:49,262,322.73,True,True,False,True,3.0,8:49,-0.74,收盤快照,-0.55,False,True
NWSA,SubSector_R12+10MA_R20,30.19,6,True,True,True,True,True,True,88.7,8:49,262,30.18,True,True,False,True,3.0,8:49,0.76,收盤快照,-0.03,False,True
WBD,SubSector_R12,28.07,6,True,True,True,True,True,True,95.3,7:24,262,28.24,True,True,False,True,3.0,7:51,0.56,收盤快照,0.61,False,True
RNR,SubSector_R12+RateHike_R2_受惠,328.43,6,True,True,True,True,True,True,91.0,6:30,75,328.78,True,True,False,True,3.0,7:00,0.9,收盤快照,0.11,False,False
BFH,Combined_R22,107.85,5,False,True,True,True,True,True,80.9,8:49,262,108.21,False,True,False,True,1.0,9:37,0.38,收盤快照,0.33,False,True
CHEF,SubSector_R12,109.68,5,False,True,True,True,True,True,77.1,8:49,262,110.16,True,True,True,True,1.0,8:49,-1.06,收盤快照,0.44,True,True
CORT,Combined_R22,111.81,5,True,True,False,True,True,True,67.8,8:49,262,114.86,True,True,True,True,1.0,8:49,0.03,收盤快照,2.73,True,True
CTAS,SubSector_R12,199.46,5,False,True,True,True,True,True,90.6,8:49,262,197.96,False,True,False,True,1.0,8:49,-1.84,收盤快照,-0.75,False,True
JAZZ,Combined_R22,243.59,5,False,True,True,True,True,True,86.3,8:49,262,243.84,False,True,True,True,1.0,8:49,-2.38,收盤快照,0.1,False,True
KNSA,Combined_R22,77.62,5,True,True,False,True,True,True,72.5,8:49,262,79.33,True,True,True,True,1.0,8:49,1.34,收盤快照,2.2,True,True
SNOW,AI_R13+SubSector_R12+Combined_R22,331.02,5,True,True,False,True,True,True,67.5,8:49,262,338.39,True,True,True,True,1.0,8:49,1.65,收盤快照,2.23,True,True
VRTX,SubSector_R12+Combined_R22,513.26,5,True,True,True,True,True,False,87.7,8:16,262,516.34,True,True,True,True,1.0,8:49,-2.71,收盤快照,0.6,True,True
URBN,Combined_R22,77.08,5,False,True,True,True,True,True,76.4,7:07,262,75.84,False,True,False,True,1.0,7:48,-2.86,收盤快照,-1.61,False,True
KDP,SubSector_R12,31.8,5,True,True,True,False,True,True,88.1,5:47,262,31.43,True,True,False,True,1.0,6:21,0.5,收盤快照,-1.16,False,True
ANET,AI_R13+SubSector_R12+Combined_R22,197.54,5,True,True,False,True,True,True,69.1,8:49,262,199.53,False,True,True,True,2.0,8:49,2.26,收盤快照,1.01,False,True
KHC,SubSector_R12,24.73,5,False,True,True,True,True,True,84.8,8:49,262,24.73,False,True,True,True,2.0,8:49,-0.98,收盤快照,0.0,False,True
AMGN,SubSector_R12,376.35,5,True,True,True,True,True,False,84.5,8:49,262,379.78,False,True,False,False,3.0,8:49,-8.9,收盤快照,0.91,False,True
AVTR,10MA_R20,15.61,5,True,True,True,True,True,False,78.8,8:49,262,15.86,True,True,False,False,3.0,9:26,8.56,收盤快照,1.6,False,True
BMY,SubSector_R12,63.6,5,False,True,True,True,True,True,89.1,8:49,262,62.84,False,True,False,False,3.0,8:49,-4.01,收盤快照,-1.19,False,True
CLDX,Combined_R22,38.71,5,True,True,True,True,True,False,76.4,8:49,262,38.98,False,True,False,False,3.0,8:49,-4.24,收盤快照,0.7,False,True
MAN,SubSector_R12,57.93,5,True,True,False,True,True,True,64.5,8:49,262,57.67,True,True,False,True,3.0,8:49,-1.97,收盤快照,-0.45,False,True
TGT,Combined_R22,154.68,5,True,True,True,True,False,True,84.9,8:49,262,159.83,True,True,True,True,0.0,8:49,0.83,收盤快照,3.33,True,True
TWLO,10MA_R20,238.88,5,True,True,False,True,True,True,66.1,8:49,262,246.24,True,True,False,False,3.0,9:37,5.12,收盤快照,3.08,False,True
WDAY,SubSector_R12,187.76,5,True,True,False,True,True,True,64.7,8:49,262,199.28,True,True,False,True,3.0,8:49,2.52,收盤快照,6.14,False,True
GIS,SubSector_R12,36.81,5,True,True,True,True,True,False,81.5,8:44,262,36.66,True,True,False,False,3.0,8:49,-5.12,收盤快照,-0.41,False,True
PLTR,AI_R13+SubSector_R12+Combined_R22,174.34,5,True,True,False,True,True,True,63.7,7:59,262,176.24,True,True,False,True,3.0,8:26,1.21,收盤快照,1.09,False,True
MCK,SubSector_R12,887.29,5,True,True,True,True,False,True,86.0,7:34,262,879.57,True,True,False,True,3.0,8:20,-0.51,收盤快照,-0.87,False,True
GILD,SubSector_R12+Combined_R22,147.68,5,True,True,True,True,True,False,88.2,6:39,262,150.89,True,True,False,False,3.0,7:10,4.95,收盤快照,2.17,False,True
SR,SubSector_R12,79.9,5,True,True,True,True,False,True,91.0,6:28,262,80.34,True,True,True,True,0.0,7:03,-2.2,收盤快照,0.55,True,True
HG,Combined_R22,35.17,5,False,True,True,True,True,True,88.8,6:22,262,35.15,False,True,False,True,3.0,6:50,-0.15,收盤快照,-0.06,False,True
MEDP,Combined_R22,616.44,5,True,True,True,True,False,True,82.7,9:20,262,615.18,True,True,False,True,4.0,9:39,2.52,收盤快照,-0.2,False,True
BIIB,SubSector_R12,216.01,5,True,True,True,True,False,True,83.2,8:49,262,219.05,True,True,False,True,4.0,8:49,1.97,收盤快照,1.41,False,True
BLFS,Combined_R22,36.11,5,True,True,True,True,False,True,83.4,8:49,262,36.85,True,True,False,True,4.0,8:49,2.41,收盤快照,2.05,False,True
MA,SubSector_R12+Combined_R22,567.75,5,True,True,True,True,False,True,93.3,8:49,262,565.73,False,True,False,True,4.0,8:49,-1.95,收盤快照,-0.36,False,True
MSFT,AI_R13+SubSector_R12+Combined_R22,490.3,5,True,True,True,True,False,True,85.0,8:49,262,497.75,True,True,True,True,0.0,8:49,0.25,收盤快照,1.52,True,True
ROKU,SubSector_R12,155.12,5,True,True,True,True,False,True,95.7,8:49,262,154.08,True,True,False,True,4.0,8:49,-0.81,收盤快照,-0.67,False,True
NFLX,SubSector_R12+Combined_R22,76.41,5,True,True,True,True,False,True,82.4,7:41,262,75.31,True,True,False,False,4.0,8:16,-4.01,收盤快照,-1.44,False,True
A,SubSector_R12,153.69,5,True,True,True,True,False,True,85.8,6:58,262,156.34,True,True,False,False,4.0,7:18,3.03,收盤快照,1.72,False,True
CTSH,SubSector_R12+10MA_R20,61.85,5,True,True,True,True,False,True,75.0,6:16,262,61.88,True,True,False,True,4.0,6:33,2.32,收盤快照,0.05,False,True
ABBV,SubSector_R12+Combined_R22,262.51,5,True,True,True,True,False,True,89.7,9:30,262,264.02,True,True,False,True,5.0,10:00,2.89,收盤快照,0.58,False,True
DV,10MA_R20,13.49,5,True,True,True,True,False,True,90.5,8:49,262,13.47,True,True,False,True,5.0,8:49,1.27,收盤快照,-0.15,False,True
KO,SubSector_R12+Combined_R22,87.87,5,True,True,True,True,False,True,93.4,8:49,262,88.06,True,True,True,True,0.0,8:49,-0.71,收盤快照,0.22,True,True
LILA,10MA_R20_跌出,8.74,5,True,True,True,True,False,True,79.6,8:49,262,8.53,True,True,False,True,5.0,8:49,-0.27,收盤快照,-2.4,False,True
SMTI,10MA_R20,35.1,5,True,True,True,True,False,True,89.5,8:49,262,34.98,True,True,False,True,8.0,8:49,1.39,收盤快照,-0.34,False,True
ITGR,10MA_R20,126.11,5,True,True,True,True,False,True,92.0,8:49,262,126.33,True,True,False,True,9.0,8:49,0.61,收盤快照,0.17,False,True
MKTX,10MA_R20,163.35,5,True,True,True,True,False,True,88.4,8:13,262,163.32,True,True,False,True,10.0,8:29,0.38,收盤快照,-0.02,False,True
RPRX,Combined_R22,58.47,5,True,True,True,True,False,True,87.2,7:53,262,58.93,True,True,True,True,0.0,8:42,-1.86,收盤快照,0.79,True,True
EL,SubSector_R12,95.6,5,True,True,True,True,False,True,78.8,7:03,262,93.86,True,True,False,False,,7:38,-3.37,收盤快照,-1.82,False,True
TRGP,Combined_R22,284.77,5,True,True,True,True,False,True,85.7,6:34,262,285.07,True,True,False,True,,7:01,-0.8,收盤快照,0.11,False,True
CNR,SubSector_R12,94.01,5,True,True,True,True,False,True,79.8,6:26,262,93.32,True,True,False,True,,6:51,-2.53,收盤快照,-0.73,False,True
PFE,SubSector_R12,27.46,5,True,True,True,True,False,True,91.8,6:25,262,27.64,True,True,True,True,0.0,6:54,0.09,收盤快照,0.66,True,True
AMRX,Combined_R22,18.08,4,False,False,True,True,True,True,80.3,8:49,262,18.28,False,True,False,True,1.0,9:33,3.18,收盤快照,1.11,False,True
AXTI,AI_R13+Combined_R22,64.3,4,True,True,False,True,True,False,25.0,8:49,262,67.75,True,True,False,True,1.0,9:24,-6.18,收盤快照,5.37,False,True
CWT,SubSector_R12,48.05,4,False,True,True,True,True,False,91.7,8:49,262,47.88,False,True,True,False,1.0,8:49,-3.93,收盤快照,-0.35,False,True
DECK,SubSector_R12,77.96,4,False,True,True,True,True,False,79.7,8:49,262,79.71,False,True,True,False,1.0,8:49,-8.68,收盤快照,2.24,False,True
DOC,SubSector_R12,20.35,4,False,True,True,True,True,False,92.2,8:49,262,20.5,False,True,True,True,1.0,8:49,-1.79,收盤快照,0.74,False,True
HALO,10MA_R20,108.44,4,True,False,True,True,True,False,82.0,8:49,262,109.68,True,True,True,False,1.0,8:49,5.28,收盤快照,1.14,False,True
HSY,SubSector_R12,170.79,4,False,True,True,True,True,False,89.0,8:49,262,168.33,False,True,False,False,1.0,8:49,-6.36,收盤快照,-1.44,False,True
NSIT,10MA_R20,165.19,4,True,False,True,True,True,False,79.6,8:49,262,154.65,True,True,False,True,1.0,8:49,0.63,收盤快照,-6.38,False,True
POOL,SubSector_R12,167.76,4,False,True,True,True,True,False,79.9,8:49,262,167.65,False,True,True,False,1.0,8:49,-10.63,收盤快照,-0.07,False,True
RCL,SubSector_R12,253.92,4,False,True,True,True,True,False,83.9,8:49,262,249.74,False,True,True,False,1.0,8:49,-12.18,收盤快照,-1.65,False,True
SBGSY,AI_R13,63.82,4,False,True,True,True,True,False,83.6,8:49,75,65.67,False,True,True,False,1.0,8:49,-3.81,OHLC,2.9,False,False
SBUX,SubSector_R12+Combined_R22,97.34,4,False,True,True,True,True,False,89.3,8:49,262,96.67,False,True,True,False,1.0,8:49,-7.76,收盤快照,-0.69,False,True
TTWO,SubSector_R12,211.81,4,False,True,True,True,True,False,78.9,8:49,262,210.62,False,True,True,False,1.0,8:49,-9.07,收盤快照,-0.56,False,True
USFD,SubSector_R12,92.51,4,False,True,True,True,True,False,83.2,8:49,262,92.16,False,True,True,False,1.0,8:49,-12.14,收盤快照,-0.38,False,True
DLR,AI_R13+SubSector_R12,181.07,4,False,True,True,True,True,False,83.5,8:46,262,184.26,False,True,True,True,1.0,8:49,-2.77,收盤快照,1.76,False,True
LUNR,SubSector_R12,13.87,4,True,True,False,True,True,False,49.9,8:34,262,14.79,True,True,True,False,1.0,8:49,-12.45,收盤快照,6.63,False,True
CDNS,AI_R13+SubSector_R12+Combined_R22+RateHike_R2_受惠,279.9,4,False,True,True,True,True,False,76.7,7:22,262,280.76,False,True,True,False,1.0,7:51,-10.79,收盤快照,0.31,False,True
EQIX,AI_R13+SubSector_R12,1016.16,4,False,True,True,True,True,False,85.8,6:59,262,1025.94,False,True,True,True,1.0,7:17,-2.33,收盤快照,0.96,False,True
EE,SubSector_R12,37.71,4,False,True,True,False,True,True,76.4,5:34,262,36.64,False,True,False,True,1.0,6:04,-3.88,收盤快照,-2.84,False,True
PVLA,Combined_R22,151.43,4,True,True,False,False,True,True,60.6,5:29,262,154.32,False,False,True,True,1.0,5:54,1.86,收盤快照,1.91,False,True
LITE,AI_R13+SubSector_R12+Combined_R22,919.4,4,True,True,False,False,True,True,43.4,5:15,262,893.61,True,True,True,True,1.0,6:00,-0.09,收盤快照,-2.81,True,True
PBF,Combined_R22+10MA_R20_跌出,75.93,4,True,True,False,False,True,True,57.5,5:09,262,77.16,True,False,True,False,1.0,5:52,6.37,收盤快照,1.62,False,True
DFIN,10MA_R20,48.91,4,False,True,True,False,True,True,79.4,4:45,262,48.02,False,False,False,True,1.0,5:11,-0.81,收盤快照,-1.82,False,True
WKC,Combined_R22,35.47,4,False,True,True,True,False,True,87.4,9:27,262,35.83,False,True,False,True,2.0,9:53,-0.32,收盤快照,1.01,False,True
DD,Combined_R22,127.57,4,False,True,True,True,True,False,88.0,8:49,262,128.46,False,True,True,False,2.0,8:49,-6.03,收盤快照,0.7,False,True
FET,10MA_R20,81.62,4,True,False,False,True,True,True,66.1,8:49,262,82.29,True,True,True,True,2.0,8:49,2.19,收盤快照,0.82,True,True
KFY,Combined_R22,77.43,4,False,True,True,True,True,False,84.3,8:49,262,77.12,False,True,True,False,2.0,8:49,-6.82,收盤快照,-0.4,False,True
INGR,SubSector_R12,98.48,4,False,True,True,True,True,False,92.4,8:48,262,99.01,False,True,True,False,2.0,8:49,-4.13,收盤快照,0.54,False,True
GEO,Combined_R22,31.43,4,False,False,True,True,True,True,81.2,8:41,262,32.14,True,True,True,True,2.0,8:49,2.36,收盤快照,2.26,True,True
DOW,SubSector_R12,30.08,4,False,False,True,True,True,True,79.7,8:31,262,29.49,False,True,True,True,2.0,8:49,-3.43,收盤快照,-1.96,False,True
CNQ,Combined_R22,50.07,4,True,False,True,True,False,True,85.7,7:09,262,50.62,True,True,False,True,2.0,7:40,1.78,收盤快照,1.1,False,True
RS,SubSector_R12+RateHike_R2_受惠,394.3,4,False,True,True,False,True,True,85.4,4:28,262,400.56,False,True,False,True,2.0,9:20,0.07,收盤快照,1.59,False,True
AMN,Combined_R22,34.92,4,True,True,False,True,False,True,69.9,9:38,262,34.55,True,False,False,True,3.0,10:17,1.64,收盤快照,-1.06,False,True
DT,10MA_R20,55.19,4,True,True,True,True,False,False,77.6,9:25,262,55.83,True,True,False,False,3.0,9:51,8.52,收盤快照,1.16,False,True
ABT,SubSector_R12,102.36,4,False,True,True,True,True,False,86.2,8:49,262,102.23,False,True,False,False,3.0,8:49,-6.99,收盤快照,-0.13,False,True
AON,SubSector_R12,300.57,4,False,True,True,True,True,False,82.4,8:49,262,296.05,False,True,False,False,3.0,8:49,-9.69,收盤快照,-1.5,False,True
BSX,SubSector_R12,43.91,4,False,True,True,True,True,False,77.1,8:49,262,43.55,False,True,False,False,3.0,8:49,-9.78,收盤快照,-0.82,False,True
CELH,SubSector_R12,28.25,4,False,True,False,True,True,True,58.8,8:49,262,28.34,False,True,False,True,3.0,8:49,-2.2,收盤快照,0.32,False,True
CHD,SubSector_R12,95.51,4,False,True,True,True,True,False,91.3,8:49,262,95.05,False,True,False,False,3.0,8:49,-4.05,收盤快照,-0.48,False,True
CL,SubSector_R12,87.02,4,False,True,True,True,True,False,91.7,8:49,262,87.73,False,True,False,True,3.0,8:49,-2.78,收盤快照,0.82,False,True
FATE,SubSector_R12,2.44,4,False,True,False,True,True,True,54.3,8:49,262,2.52,False,True,False,True,3.0,9:29,-1.06,收盤快照,3.28,False,True
IMO,Combined_R22,130.3,4,True,False,True,True,False,True,86.9,8:49,262,130.28,True,True,False,True,3.0,8:49,-1.27,收盤快照,-0.02,False,True
KMB,SubSector_R12,98.1,4,False,True,True,True,True,False,87.7,8:49,262,98.19,False,True,False,False,3.0,8:49,-6.7,收盤快照,0.09,False,True
LHX,SubSector_R12,250.74,4,False,True,True,True,True,False,87.0,8:49,262,250.46,False,True,False,False,3.0,9:26,-6.41,收盤快照,-0.11,False,True
MBX,Combined_R22,61.57,4,False,True,False,True,True,True,64.7,8:49,262,63.89,False,True,False,True,3.0,8:49,-0.79,收盤快照,3.77,False,True
MDT,SubSector_R12+10MA_R20,92.6,4,True,False,True,True,False,True,88.0,8:49,262,92.77,True,True,False,True,3.0,8:49,1.06,收盤快照,0.18,False,True
REGN,SubSector_R12+Combined_R22,774.61,4,True,True,True,True,False,False,86.8,8:49,262,789.45,True,True,True,True,0.0,8:49,-2.28,收盤快照,1.92,True,True
TEM,Combined_R22,69.97,4,True,True,False,True,True,False,50.9,8:49,262,80.36,True,True,False,False,3.0,9:31,20.07,收盤快照,14.85,False,True
SPOT,Combined_R22,547.43,4,True,False,True,True,True,False,78.6,8:48,262,528.84,True,True,False,True,3.0,8:49,0.31,收盤快照,-3.4,False,True
ITIC,10MA_R20,299.43,4,True,False,True,True,False,True,88.3,8:41,262,296.0,True,True,False,True,3.0,8:49,0.69,收盤快照,-1.15,False,True
AXGN,Combined_R22,45.44,4,False,True,False,True,True,True,63.8,8:05,262,45.28,True,True,False,True,3.0,8:32,-2.93,收盤快照,-0.35,False,True
COR,SubSector_R12,318.5,4,True,False,True,True,False,True,88.9,7:58,262,309.41,False,True,False,False,3.0,8:48,-4.1,收盤快照,-2.85,False,True
CME,SubSector_R12+Combined_R22,272.46,4,True,False,True,True,False,True,89.6,7:16,262,271.15,True,True,False,True,3.0,7:48,-1.28,收盤快照,-0.48,False,True
TEAM,SubSector_R12,190.28,4,True,True,False,True,True,False,56.1,7:00,75,192.53,True,True,False,False,3.0,7:30,13.43,收盤快照,1.18,False,False
CWST,SubSector_R12,90.06,4,False,True,True,True,False,True,84.0,6:28,262,88.71,False,True,False,False,3.0,7:03,-3.15,收盤快照,-1.5,False,True
NOW,AI_R13+SubSector_R12+Combined_R22+10MA_R20,139.82,4,True,True,False,True,True,False,65.5,6:22,262,138.47,True,True,False,True,3.0,6:50,4.56,收盤快照,-0.97,False,True
MRNA,Combined_R22,145.62,4,True,True,False,True,False,True,23.5,6:09,262,158.07,True,True,True,False,0.0,6:36,10.46,收盤快照,8.55,False,True
PG,SubSector_R12,147.02,4,True,True,True,False,False,True,93.8,10:26,262,147.55,True,False,False,True,4.0,10:54,1.76,收盤快照,0.36,False,True
FR,SubSector_R12,61.41,4,False,True,True,True,False,True,94.4,9:35,262,62.38,False,False,False,True,4.0,10:09,0.05,收盤快照,1.58,False,True
KARO,Combined_R22,67.54,4,True,True,True,True,False,False,82.5,9:31,262,68.71,False,False,False,False,4.0,10:01,6.53,收盤快照,1.73,False,True
CYRX,Combined_R22,16.51,4,True,True,True,True,False,False,76.6,9:26,262,16.78,True,True,False,False,4.0,9:52,5.86,收盤快照,1.64,False,True
CRVL,10MA_R20,71.23,4,True,True,True,True,False,False,84.2,9:24,262,70.5,True,False,False,False,4.0,3:42,3.65,收盤快照,-1.02,False,True
TMO,SubSector_R12+10MA_R20+RateHike_R2_受惠,648.43,4,True,True,True,True,False,False,87.2,9:23,262,658.32,True,True,False,False,4.0,9:46,6.54,收盤快照,1.53,False,True
ACN,AI_R13+SubSector_R12,189.64,4,True,True,True,True,False,False,75.8,8:49,262,190.29,True,True,False,False,4.0,8:49,4.01,收盤快照,0.34,False,True
ADP,SubSector_R12,273.19,4,True,False,True,True,False,True,88.4,8:49,262,272.24,True,True,False,True,4.0,8:49,-1.26,收盤快照,-0.35,False,True
CRCT,10MA_R20,5.59,4,True,True,False,True,False,True,71.5,8:49,262,5.71,False,True,False,True,4.0,8:49,-0.1,收盤快照,2.15,False,True
DOCS,SubSector_R12,25.94,4,True,True,False,True,False,True,60.5,8:49,262,26.57,True,True,False,True,4.0,8:49,-2.15,收盤快照,2.43,False,True
DRI,SubSector_R12,208.08,4,True,True,True,True,False,False,86.0,8:49,262,206.74,False,True,False,False,4.0,8:49,-4.86,收盤快照,-0.64,False,True
EHC,SubSector_R12,123.91,4,True,False,True,True,False,True,88.1,8:49,262,123.14,True,True,False,True,4.0,8:49,0.55,收盤快照,-0.62,False,True
ICE,SubSector_R12+Combined_R22,154.1,4,True,False,True,True,False,True,89.4,8:49,262,153.3,True,True,False,True,4.0,8:49,-2.49,收盤快照,-0.52,False,True
J,SubSector_R12,143.49,4,True,False,True,True,False,True,89.8,8:49,262,144.16,False,True,False,True,4.0,8:49,-1.63,收盤快照,0.47,False,True
PAYX,SubSector_R12,116.72,4,True,True,True,True,False,False,86.9,8:49,262,116.51,False,True,False,False,4.0,8:49,-4.04,收盤快照,-0.18,False,True
PESI,10MA_R20_跌出,18.2,4,True,True,False,True,False,True,59.5,8:49,262,17.89,True,True,False,True,4.0,8:49,-2.14,收盤快照,-1.7,False,True
V,SubSector_R12+Combined_R22,370.93,4,True,False,True,True,False,True,93.7,8:49,262,369.93,True,True,False,True,4.0,8:49,-0.17,收盤快照,-0.27,False,True
KMX,Combined_R22,58.8,4,True,False,True,True,False,True,83.7,8:08,262,58.38,True,True,False,False,4.0,8:36,-3.54,收盤快照,-0.71,False,True
SMCI,AI_R13+SubSector_R12+Combined_R22+10MA_R20,36.85,4,True,True,False,True,False,True,50.6,7:34,262,40.35,True,True,True,False,0.0,8:20,8.17,收盤快照,9.5,False,True
MNDY,Combined_R22,94.06,4,True,True,False,True,False,True,57.2,7:25,262,90.29,False,True,False,True,4.0,7:58,-0.07,收盤快照,-4.01,False,True
T,SubSector_R12+RateHike_R2_迴避,25.86,4,True,False,True,True,False,True,87.9,7:03,262,25.39,True,True,False,True,4.0,7:33,0.38,收盤快照,-1.82,False,True
RGA,10MA_R20_跌出,248.09,4,True,False,True,True,False,True,92.4,6:47,262,245.77,True,True,False,True,4.0,7:19,-0.28,收盤快照,-0.94,False,True
VZ,SubSector_R12+10MA_R20_跌出+RateHike_R2_迴避,49.76,4,True,False,True,True,False,True,90.2,6:39,262,48.33,True,True,False,True,4.0,7:07,-2.09,收盤快照,-2.87,False,True
TMUS,SubSector_R12,176.26,4,True,False,True,True,False,True,81.9,6:26,262,166.45,False,True,False,False,4.0,7:00,-8.28,收盤快照,-5.57,False,True
AMT,SubSector_R12,176.39,4,True,True,True,False,False,True,87.8,3:40,262,175.58,True,False,False,True,4.0,4:20,0.39,收盤快照,-0.46,False,True
ISRG,AI_R13+SubSector_R12+Combined_R22,382.29,4,True,True,True,False,False,True,77.7,10:54,262,383.54,True,False,False,True,5.0,11:32,1.27,收盤快照,0.33,False,True
SAIC,10MA_R20,132.62,4,True,True,True,True,False,False,83.0,9:51,262,133.65,True,False,False,False,5.0,10:16,4.13,收盤快照,0.78,False,True
GM,SubSector_R12,84.29,4,False,True,True,True,False,True,86.2,8:49,262,86.62,False,True,True,True,0.0,8:49,0.43,收盤快照,2.76,False,True
GSAT,Combined_R22,81.9,4,False,True,True,True,False,True,97.7,8:49,262,82.52,False,True,False,True,5.0,9:38,0.14,收盤快照,0.76,False,True
HRTG,10MA_R20,34.96,4,True,True,True,True,False,False,77.3,8:49,262,35.42,True,True,False,False,5.0,8:49,3.9,收盤快照,1.32,False,True
MNST,SubSector_R12,44.57,4,False,True,True,True,False,True,89.9,8:49,262,44.51,False,True,False,True,5.0,9:41,-2.78,收盤快照,-0.13,False,True
LLY,SubSector_R12+Combined_R22,1137.82,4,True,True,True,True,False,False,84.8,8:35,262,1152.44,True,True,False,False,5.0,8:49,-3.12,收盤快照,1.28,False,True
GLNG,SubSector_R12,50.36,4,True,False,True,True,False,True,88.2,8:09,75,50.79,True,True,False,True,5.0,8:49,-2.07,收盤快照,0.85,False,False
PM,SubSector_R12,191.71,4,True,True,True,False,False,True,88.1,10:33,262,190.48,True,False,False,True,6.0,11:04,0.67,收盤快照,-0.64,False,True
TRV,SubSector_R12+RateHike_R2_受惠,378.92,4,True,True,True,False,False,True,91.0,10:07,262,379.49,False,False,False,True,6.0,10:29,2.18,收盤快照,0.15,False,True
ANGO,Combined_R22,15.46,4,True,False,True,True,False,True,81.5,8:49,262,15.37,True,True,False,True,6.0,8:49,-1.46,收盤快照,-0.58,False,True
NEM,SubSector_R12+Combined_R22,121.76,4,True,False,True,True,False,True,76.4,8:49,262,124.39,True,True,True,True,0.0,8:49,0.39,收盤快照,2.16,True,True
PK,Combined_R22,14.88,4,True,False,True,True,False,True,86.2,8:49,262,15.06,True,True,True,True,0.0,8:49,-1.33,收盤快照,1.21,True,True
ET,SubSector_R12,21.11,4,True,False,True,True,False,True,94.5,7:58,262,21.05,True,True,False,True,6.0,8:31,-0.53,收盤快照,-0.28,False,True
PANW,AI_R13+SubSector_R12+Combined_R22,375.65,4,True,True,False,True,False,True,63.7,9:48,262,375.06,True,False,False,True,7.0,10:12,4.01,收盤快照,-0.16,False,True
LILAK,10MA_R20_跌出,8.72,4,True,True,True,True,False,False,79.9,8:49,262,8.57,True,True,False,True,7.0,8:49,1.25,收盤快照,-1.72,False,True
UHS,SubSector_R12,181.21,4,True,True,True,True,False,False,83.2,9:29,262,180.75,True,True,False,False,8.0,9:59,4.01,收盤快照,-0.25,False,True
MRVL,AI_R13+SubSector_R12+Combined_R22,229.71,4,True,True,False,True,False,True,50.0,9:27,262,240.76,True,True,False,True,8.0,9:53,5.9,收盤快照,4.81,False,True
NHC,Combined_R22,225.36,4,True,True,True,False,False,True,83.4,11:26,262,224.84,True,False,False,True,9.0,12:15,0.49,收盤快照,-0.23,False,True
NTAP,AI_R13,191.49,4,True,True,False,True,False,True,72.4,8:49,262,196.92,True,True,False,True,9.0,9:25,2.71,收盤快照,2.84,False,True
CCJ,AI_R13+SubSector_R12+Combined_R22+RateHike_R2_迴避,90.9,4,True,True,True,True,False,False,75.0,6:46,262,92.8,True,True,True,False,0.0,7:07,-6.64,收盤快照,2.09,False,True
TSM,AI_R13+SubSector_R12+Combined_R22+RateHike_R2_受惠,417.72,4,True,True,True,False,False,True,82.3,4:13,262,430.26,True,False,True,True,0.0,4:49,1.89,收盤快照,3.0,False,True
NVDA,AI_R13+SubSector_R12+Combined_R22,213.9,4,True,True,True,False,False,True,80.8,5:30,262,219.34,True,True,True,True,0.0,6:00,-0.45,收盤快照,2.54,True,True
FBLA,10MA_R20,16.17,4,True,True,True,False,False,True,95.5,12:40,262,16.09,True,False,False,True,10.0,1:12,1.83,收盤快照,-0.49,False,True
OPHC,10MA_R20_跌出,9.09,4,True,True,False,True,False,True,65.4,8:49,262,9.22,True,True,False,True,12.0,8:49,-0.28,收盤快照,1.43,False,True
AWK,SubSector_R12,137.76,4,True,True,True,False,False,True,91.6,5:47,262,138.24,True,True,False,True,13.0,6:29,0.47,收盤快照,0.35,False,True
KMI,SubSector_R12,30.73,4,False,True,True,True,False,True,89.8,6:12,262,31.31,False,True,True,True,0.0,6:44,-0.83,收盤快照,1.89,False,True
RGLD,SubSector_R12,245.51,4,True,False,True,True,False,True,80.7,8:43,262,251.45,True,True,True,True,0.0,8:49,1.29,收盤快照,2.42,True,True
CAH,SubSector_R12+Combined_R22,232.54,4,True,True,True,False,False,True,90.4,5:47,262,226.34,False,True,False,False,,6:21,-4.49,收盤快照,-2.67,False,True
WTRG,SubSector_R12,41.37,4,True,True,True,False,False,True,92.3,5:42,262,41.62,True,True,True,True,0.0,6:23,1.52,收盤快照,0.6,True,True
FCFS,Combined_R22+10MA_R20_跌出,219.7,4,True,True,True,False,False,True,78.1,4:09,262,218.97,True,False,False,True,,4:44,-0.6,收盤快照,-0.33,False,True
MDGL,SubSector_R12,529.09,4,True,True,True,False,False,True,77.1,3:46,262,534.4,True,False,True,True,0.0,4:09,1.31,收盤快照,1.0,False,True
TIGO,Combined_R22,95.55,4,True,True,True,False,False,True,79.8,2:49,262,95.69,True,False,False,True,,2:49,0.5,收盤快照,0.15,False,True
AAOI,SubSector_R12+Combined_R22,96.74,3,False,True,False,True,True,False,31.6,8:49,262,98.06,False,True,True,False,1.0,8:49,-25.78,收盤快照,1.36,False,True
ATI,Combined_R22,189.65,3,False,True,False,True,True,False,73.5,8:49,262,183.64,False,True,False,False,1.0,8:49,-14.55,收盤快照,-3.17,False,True
AXON,Combined_R22,468.42,3,False,True,False,True,True,False,52.0,8:49,262,453.5,False,True,True,False,1.0,8:49,-19.94,收盤快照,-3.19,False,True
BIRK,Combined_R22,30.44,3,False,True,False,True,True,False,70.5,8:49,262,31.17,False,True,True,False,1.0,8:49,-15.6,收盤快照,2.4,False,True
LWLG,AI_R13,4.83,3,False,True,False,True,True,False,39.5,8:49,262,5.02,False,True,False,False,1.0,9:27,-23.8,收盤快照,3.93,False,True
MPWR,SubSector_R12+Combined_R22,1147.61,3,False,True,False,True,True,False,67.6,8:49,262,1169.58,False,True,True,False,1.0,8:49,-9.29,收盤快照,1.91,False,True
OUST,Combined_R22,33.99,3,False,True,False,True,True,False,39.0,8:49,262,34.95,False,True,True,False,1.0,8:49,-14.63,收盤快照,2.82,False,True
PFGC,SubSector_R12,91.06,3,False,False,True,True,True,False,85.9,8:49,262,90.36,False,True,True,False,1.0,8:49,-13.43,收盤快照,-0.77,False,True
QUBT,SubSector_R12,8.0,3,False,True,False,True,True,False,61.2,8:49,262,8.44,False,True,False,True,1.0,9:30,-0.47,收盤快照,5.5,False,True
SCCO,SubSector_R12,189.88,3,False,True,False,True,True,False,69.4,8:49,262,196.11,True,True,True,True,1.0,8:49,-2.58,收盤快照,3.28,True,True
RCUS,Combined_R22,24.65,3,False,True,False,True,True,False,66.0,8:20,262,25.54,False,True,True,False,1.0,8:47,-9.65,收盤快照,3.61,False,True
BEAM,SubSector_R12,23.1,3,False,True,False,True,True,False,55.3,6:57,262,24.67,False,True,True,False,1.0,7:31,-9.96,收盤快照,6.8,False,True
ALAB,AI_R13+Combined_R22,269.18,3,False,True,False,True,True,False,39.5,6:08,262,293.56,False,False,False,True,1.0,10:09,-1.45,收盤快照,9.06,False,True
JCI,SubSector_R12,140.47,3,False,True,True,False,True,False,85.1,4:32,262,141.06,False,False,True,True,1.0,5:03,-2.94,收盤快照,0.42,False,True
OESX,10MA_R20,27.96,3,True,True,False,False,True,False,33.9,4:24,262,26.99,True,False,False,False,1.0,4:52,12.51,收盤快照,-3.47,False,True
CLF,SubSector_R12,12.15,3,False,True,False,False,True,True,64.8,4:21,262,12.76,False,True,False,False,1.0,9:25,6.79,收盤快照,5.02,False,True
GEV,AI_R13+SubSector_R12+Combined_R22+RateHike_R2_受惠,925.09,3,False,True,False,False,True,True,66.8,4:10,262,924.93,False,True,False,True,1.0,9:35,-3.25,收盤快照,-0.02,False,True
JPM,SubSector_R12+Combined_R22,348.92,3,False,False,True,True,False,True,92.9,8:49,262,349.31,False,True,False,True,2.0,8:49,-1.91,收盤快照,0.11,False,True
TDW,SubSector_R12,88.17,3,True,False,False,True,False,True,68.1,8:49,262,87.83,True,True,False,False,2.0,8:49,-4.77,收盤快照,-0.39,False,True
NE,SubSector_R12,44.34,3,True,False,False,True,False,True,74.4,6:37,262,44.18,True,True,False,True,2.0,7:04,-2.28,收盤快照,-0.36,False,True
RIG,SubSector_R12,5.54,3,True,False,False,True,False,True,68.5,6:30,75,5.66,True,True,True,True,0.0,7:00,-1.8,收盤快照,2.17,True,False
VAL,SubSector_R12,82.52,3,True,False,False,True,False,True,70.0,6:10,262,84.05,True,True,True,True,0.0,6:37,-2.12,收盤快照,1.85,True,True
PSX,SubSector_R12+RateHike_R2_受惠,264.63,3,True,False,True,False,True,False,85.8,5:34,262,274.21,True,True,False,False,2.0,9:23,11.1,收盤快照,3.62,False,True
CVE,Combined_R22,32.52,3,True,False,True,False,False,True,82.3,4:53,262,32.91,True,False,False,False,2.0,5:21,3.19,收盤快照,1.2,False,True
REFI,10MA_R20,11.01,3,True,True,True,False,False,False,92.7,10:08,262,11.15,True,False,False,False,3.0,10:42,4.5,收盤快照,1.27,False,True
CTKB,10MA_R20,4.93,3,True,True,False,True,False,False,72.1,9:58,262,5.21,True,False,False,False,3.0,10:26,9.93,收盤快照,5.68,False,True
NEO,Combined_R22,18.94,3,True,True,False,True,False,False,69.0,9:52,262,19.89,True,False,False,False,3.0,10:19,12.5,收盤快照,5.02,False,True
AMH,SubSector_R12,31.38,3,False,False,True,True,True,False,93.4,8:49,262,31.28,False,True,False,False,3.0,8:49,-5.91,收盤快照,-0.32,False,True
CHWY,SubSector_R12,20.91,3,False,True,False,True,True,False,66.2,8:49,262,20.9,False,True,False,False,3.0,8:49,-7.93,收盤快照,-0.05,False,True
DUOL,AI_R13+Combined_R22,148.17,3,True,False,False,True,False,True,60.9,8:49,262,147.1,True,True,False,True,3.0,8:49,3.0,收盤快照,-0.72,False,True
FBP,Combined_R22,27.65,3,False,False,True,True,False,True,92.5,8:49,262,27.52,False,True,False,False,3.0,8:49,-3.09,收盤快照,-0.47,False,True
GLPI,SubSector_R12,40.35,3,False,True,True,True,False,False,91.8,8:49,262,40.11,False,True,False,False,3.0,8:49,-5.23,收盤快照,-0.59,False,True
INVH,SubSector_R12,27.21,3,False,False,True,True,True,False,93.5,8:49,262,27.15,False,True,False,False,3.0,8:49,-6.74,收盤快照,-0.22,False,True
IONQ,SubSector_R12+RateHike_R2_迴避,36.84,3,False,True,False,True,True,False,50.9,8:49,262,40.34,False,True,False,True,3.0,8:49,-2.01,收盤快照,9.5,False,True
NKE,SubSector_R12+Combined_R22,35.78,3,False,True,True,True,False,False,85.5,8:49,262,36.36,False,True,True,False,0.0,8:49,-7.19,收盤快照,1.62,False,True
PEP,SubSector_R12,134.34,3,False,True,True,True,False,False,93.1,8:49,262,133.66,False,True,False,False,3.0,8:49,-4.04,收盤快照,-0.51,False,True
CRSP,SubSector_R12,52.21,3,False,True,False,True,True,False,70.4,8:30,75,57.32,True,True,False,True,3.0,8:49,2.37,收盤快照,9.79,False,False
RVMD,SubSector_R12+Combined_R22,195.92,3,True,False,True,True,False,False,76.5,8:02,262,196.94,True,True,False,False,3.0,8:25,-5.48,收盤快照,0.52,False,True
NSC,SubSector_R12+Combined_R22,317.0,3,False,False,True,True,True,False,92.4,7:56,262,318.97,False,True,False,False,3.0,8:21,-5.32,收盤快照,0.62,False,True
AJG,SubSector_R12,243.78,3,True,False,True,True,False,False,81.7,7:28,262,241.41,False,True,False,False,3.0,7:52,-6.18,收盤快照,-0.97,False,True
COIN,SubSector_R12+Combined_R22+RateHike_R2_迴避,164.51,3,True,False,False,True,False,True,49.4,6:23,262,173.97,True,True,True,True,0.0,6:57,0.76,收盤快照,5.75,True,True
GWW,Combined_R22,1258.26,3,False,True,True,True,False,False,91.2,6:12,262,1262.61,False,True,True,True,0.0,6:44,-2.72,收盤快照,0.35,False,True
RNG,10MA_R20,73.54,3,True,False,False,True,True,False,65.1,6:06,262,74.78,True,True,False,False,3.0,6:32,9.23,收盤快照,1.69,False,True
LRN,SubSector_R12,82.04,3,True,False,True,False,False,True,77.8,5:36,262,80.95,False,True,False,True,3.0,6:02,-2.26,收盤快照,-1.33,False,True
TD,Combined_R22,120.6,3,True,False,True,False,False,True,93.3,11:22,262,121.81,True,False,False,True,4.0,12:09,0.99,收盤快照,1.0,False,True
CNC,SubSector_R12+Combined_R22,66.01,3,True,False,True,False,False,True,78.0,10:48,262,67.1,True,False,False,True,4.0,11:24,1.86,收盤快照,1.65,False,True
COKE,10MA_R20,198.67,3,True,True,True,False,False,False,82.0,10:39,262,198.97,True,False,False,False,4.0,11:29,3.71,收盤快照,0.15,False,True
AIG,SubSector_R12,76.07,3,False,True,True,False,False,True,93.1,10:38,262,75.68,False,False,False,True,4.0,11:26,-0.92,收盤快照,-0.51,False,True
GOOGL,AI_R13+SubSector_R12+Combined_R22,342.87,3,False,True,True,False,False,True,85.9,10:31,262,347.33,False,False,False,True,4.0,11:01,1.13,收盤快照,1.3,False,True
RUSHB,Combined_R22,53.9,3,True,False,True,False,False,True,81.6,10:11,262,57.0,True,False,False,False,4.0,10:47,7.34,收盤快照,5.75,False,True
ZD,Combined_R22,58.75,3,True,False,True,True,False,False,85.2,9:59,262,59.13,True,False,False,False,4.0,10:29,5.68,收盤快照,0.65,False,True
IOVA,SubSector_R12+Combined_R22+10MA_R20,9.87,3,True,True,False,True,False,False,49.1,9:36,262,10.02,True,False,False,False,4.0,10:12,22.16,收盤快照,1.52,False,True
W,SubSector_R12,103.24,3,False,True,False,True,False,True,60.7,9:21,262,102.5,False,True,False,True,4.0,9:42,0.32,收盤快照,-0.72,False,True
ALRS,Combined_R22,33.04,3,False,False,True,True,False,True,92.3,8:49,262,32.78,False,True,False,True,4.0,8:49,-1.34,收盤快照,-0.79,False,True
AMZN,AI_R13+SubSector_R12+Combined_R22,245.96,3,False,True,True,True,False,False,83.6,8:49,262,251.19,False,True,True,False,0.0,8:49,-3.74,收盤快照,2.13,False,True
BXP,SubSector_R12,64.04,3,False,True,True,True,False,False,87.9,8:49,262,63.93,False,True,False,False,4.0,8:49,-5.35,收盤快照,-0.17,False,True
CBL,Combined_R22,53.06,3,False,True,True,True,False,False,85.5,8:49,262,53.87,False,True,True,True,0.0,8:49,-2.7,收盤快照,1.53,False,True
CDNA,10MA_R20,53.55,3,True,True,False,True,False,False,61.9,8:49,262,54.28,True,True,False,False,4.0,8:49,9.5,收盤快照,1.36,False,True
COST,SubSector_R12+Combined_R22,893.74,3,False,True,True,True,False,False,93.2,8:49,262,893.93,False,True,True,False,0.0,8:49,-4.44,收盤快照,0.02,False,True
DEO,SubSector_R12,86.95,3,False,True,True,True,False,False,88.7,8:49,75,86.72,False,True,False,False,4.0,8:49,-6.03,收盤快照,-0.26,False,False
GPN,SubSector_R12,86.49,3,True,False,True,True,False,False,80.0,8:49,262,85.4,True,True,False,False,4.0,8:49,-5.72,收盤快照,-1.26,False,True
HD,SubSector_R12,302.47,3,False,True,True,True,False,False,89.2,8:49,262,302.51,False,True,False,False,4.0,8:49,-8.51,收盤快照,0.01,False,True
IP,SubSector_R12,34.06,3,False,True,True,True,False,False,76.9,8:49,262,35.55,False,True,False,False,4.0,8:49,-7.04,收盤快照,4.37,False,True
LOW,SubSector_R12,194.1,3,False,True,True,True,False,False,88.7,8:49,262,194.19,False,True,False,False,4.0,8:49,-7.49,收盤快照,0.05,False,True
LVS,SubSector_R12,41.06,3,False,True,True,True,False,False,87.4,8:49,262,40.67,False,True,False,False,4.0,8:49,-9.41,收盤快照,-0.95,False,True
MGA,SubSector_R12,63.74,3,False,True,True,True,False,False,82.8,8:49,75,64.82,False,True,True,False,0.0,8:49,-4.0,收盤快照,1.69,False,False
MHK,SubSector_R12,127.7,3,False,True,True,True,False,False,79.8,8:49,262,128.39,False,True,False,True,4.0,8:49,-2.74,收盤快照,0.54,False,True
SCI,SubSector_R12,80.69,3,False,False,True,True,False,True,90.1,8:49,262,79.04,False,True,False,False,4.0,8:49,-4.55,收盤快照,-2.04,False,True
SHOP,SubSector_R12,129.96,3,True,True,False,True,False,False,64.9,8:49,75,128.6,False,True,False,False,4.0,8:49,-11.43,收盤快照,-1.05,False,False
SYK,SubSector_R12,284.76,3,False,True,True,True,False,False,77.0,8:49,262,280.13,False,True,False,False,4.0,8:49,-10.75,收盤快照,-1.63,False,True
TAP,SubSector_R12,39.11,3,False,True,True,True,False,False,85.1,8:49,262,39.08,False,True,False,False,4.0,8:49,-4.57,收盤快照,-0.08,False,True
UNF,Combined_R22,266.12,3,False,True,True,True,False,False,91.4,8:49,262,261.26,False,True,False,False,4.0,8:49,-6.63,收盤快照,-1.83,False,True
BDSX,10MA_R20,28.56,3,True,True,False,True,False,False,48.8,8:37,262,28.81,True,True,False,False,4.0,9:29,10.21,收盤快照,0.88,False,True
AEM,SubSector_R12,195.57,3,True,False,False,True,False,True,73.4,8:30,75,201.37,True,True,True,True,0.0,8:49,1.61,收盤快照,2.97,True,False
ECL,SubSector_R12,274.08,3,False,False,True,True,False,True,92.0,8:11,262,271.68,False,True,False,False,4.0,8:40,-3.29,收盤快照,-0.88,False,True
DASH,Combined_R22,196.76,3,False,True,True,True,False,False,77.1,7:46,262,194.56,False,True,False,False,4.0,8:12,-11.13,收盤快照,-1.12,False,True
APPF,10MA_R20,221.17,3,True,False,False,True,False,True,73.1,7:21,262,219.74,True,True,False,True,4.0,7:50,2.79,收盤快照,-0.65,False,True
LIN,AI_R13+SubSector_R12,462.09,3,False,True,True,True,False,False,93.2,7:18,262,458.48,False,True,False,False,4.0,7:55,-4.63,收盤快照,-0.78,False,True
F,SubSector_R12,13.35,3,False,True,True,True,False,False,83.0,6:47,262,13.61,False,True,True,True,0.0,7:25,-2.59,收盤快照,1.95,False,True
NVR,SubSector_R12,6186.43,3,False,False,True,True,False,True,87.7,6:32,262,6242.23,False,True,True,True,0.0,6:59,-0.89,收盤快照,0.9,False,True
SPT,10MA_R20,11.27,3,True,True,False,True,False,False,60.5,6:14,262,10.82,True,True,False,True,4.0,6:42,3.24,收盤快照,-3.99,False,True
DAN,10MA_R20_跌出,29.96,3,True,False,True,False,False,True,79.1,5:48,262,30.5,True,True,True,True,0.0,6:16,0.52,收盤快照,1.8,True,True
PGR,SubSector_R12,216.99,3,True,False,True,False,False,True,87.8,5:48,262,216.29,True,True,False,True,4.0,6:12,0.19,收盤快照,-0.32,False,True
OKE,SubSector_R12,92.7,3,True,False,True,False,False,True,86.7,4:19,262,93.22,True,False,False,True,4.0,4:58,-1.06,收盤快照,0.56,False,True
HGTY,10MA_R20,13.9,3,True,True,True,False,False,False,77.3,10:44,262,13.87,True,False,False,False,5.0,11:19,5.01,收盤快照,-0.22,False,True
CB,SubSector_R12,341.53,3,False,True,True,False,False,True,92.7,10:43,262,341.9,False,False,False,True,5.0,11:17,-0.37,收盤快照,0.11,False,True
CLH,SubSector_R12+10MA_R20,318.96,3,True,False,True,False,False,True,90.8,10:41,262,315.55,True,False,False,True,5.0,3:33,-0.56,收盤快照,-1.07,False,True
WST,Combined_R22,362.01,3,True,True,True,False,False,False,89.1,10:25,262,366.6,True,False,False,False,5.0,10:53,4.65,收盤快照,1.27,False,True
OSPN,10MA_R20,17.86,3,True,True,True,False,False,False,82.0,10:16,262,17.95,True,False,False,False,5.0,10:35,7.9,收盤快照,0.5,False,True
MET,SubSector_R12+Combined_R22,97.23,3,True,False,True,False,False,True,91.7,10:15,262,97.35,True,False,False,True,5.0,10:52,0.69,收盤快照,0.12,False,True
GL,Combined_R22,172.98,3,False,False,True,True,False,True,90.7,9:59,262,172.26,False,False,False,True,5.0,10:28,-2.18,收盤快照,-0.42,False,True
DKNG,SubSector_R12,24.33,3,True,False,False,True,False,True,69.7,9:45,262,22.47,True,False,False,False,5.0,3:25,-7.97,收盤快照,-7.64,False,True
HIW,SubSector_R12,30.7,3,False,False,True,True,False,True,90.2,9:41,262,30.79,False,False,False,True,5.0,10:22,-0.83,收盤快照,0.29,False,True
UBSI,Combined_R22,47.32,3,False,False,True,True,False,True,94.5,9:38,262,47.02,False,False,False,True,5.0,3:27,-1.53,收盤快照,-0.63,False,True
TPR,Combined_R22,117.94,3,False,True,True,True,False,False,76.1,9:27,262,116.04,False,True,False,False,5.0,9:54,-11.88,收盤快照,-1.61,False,True
CCBG,Combined_R22,50.14,3,False,False,True,True,False,True,91.4,8:49,262,50.19,False,True,False,True,5.0,8:49,-2.06,收盤快照,0.1,False,True
GD,SubSector_R12+Combined_R22,360.0,3,False,True,True,True,False,False,93.2,8:49,262,355.95,False,True,False,False,5.0,8:49,-4.88,收盤快照,-1.12,False,True
H,Combined_R22,158.65,3,False,True,True,True,False,False,85.1,8:49,262,154.81,False,True,False,False,5.0,8:49,-10.12,收盤快照,-2.42,False,True
HII,Combined_R22,278.09,3,False,True,True,True,False,False,82.7,8:49,262,277.14,False,True,False,False,5.0,8:49,-8.55,收盤快照,-0.34,False,True
KFRC,Combined_R22,52.19,3,False,True,True,True,False,False,76.3,8:49,262,51.6,False,True,False,False,5.0,8:49,-8.11,收盤快照,-1.13,False,True
KOPN,10MA_R20,4.34,3,True,True,False,True,False,False,43.2,8:49,262,4.73,True,True,False,True,5.0,8:49,0.1,收盤快照,8.99,False,True
MDB,AI_R13+SubSector_R12+Combined_R22,376.34,3,True,True,False,True,False,False,59.2,8:49,262,393.42,True,True,False,True,5.0,8:49,-2.9,收盤快照,4.54,False,True
OFG,Combined_R22,52.49,3,False,False,True,True,False,True,93.3,8:49,262,52.3,False,True,False,True,5.0,8:49,-0.44,收盤快照,-0.36,False,True
RL,SubSector_R12,338.36,3,False,True,True,True,False,False,84.0,8:49,262,333.08,False,True,False,False,5.0,8:49,-8.73,收盤快照,-1.56,False,True
STZ,SubSector_R12,123.03,3,False,True,True,True,False,False,85.8,8:49,262,122.45,False,True,False,False,5.0,8:49,-5.87,收盤快照,-0.47,False,True
TXRH,Combined_R22,170.07,3,False,True,True,True,False,False,83.7,8:49,262,166.79,False,True,False,False,5.0,8:49,-16.42,收盤快照,-1.93,False,True
UHAL,Combined_R22,63.32,3,False,True,True,True,False,False,88.5,8:49,262,64.17,False,True,False,False,5.0,8:49,-8.18,收盤快照,1.34,False,True
AUGO,10MA_R20,85.96,3,True,True,False,True,False,False,58.4,8:30,262,88.71,True,True,True,False,0.0,8:49,6.42,收盤快照,3.2,False,True
VTR,SubSector_R12,88.21,3,False,True,True,True,False,False,89.2,8:27,262,87.71,False,True,False,False,5.0,8:49,-3.72,收盤快照,-0.57,False,True
NMAX,10MA_R20_跌出,10.44,3,True,False,False,True,False,True,57.2,7:46,262,10.26,True,True,False,True,5.0,8:12,-3.73,收盤快照,-1.72,False,True
HCA,SubSector_R12+RateHike_R2_受惠,430.43,3,True,True,True,False,False,False,81.9,11:16,262,429.04,True,False,False,True,6.0,11:49,2.97,收盤快照,-0.32,False,True
XOM,SubSector_R12+Combined_R22+RateHike_R2_迴避,163.32,3,True,False,True,False,False,True,88.7,10:19,262,163.27,True,False,False,True,6.0,3:28,0.96,收盤快照,-0.03,False,True
DRH,Combined_R22,12.27,3,False,False,True,True,False,True,88.6,9:35,262,12.25,False,False,False,True,6.0,10:09,-1.2,收盤快照,-0.16,False,True
CLDT,Combined_R22,12.84,3,False,False,True,True,False,True,86.9,8:49,262,12.8,False,True,False,True,6.0,8:49,-1.9,收盤快照,-0.31,False,True
FWONK,SubSector_R12,95.36,3,False,True,True,True,False,False,88.2,8:49,262,94.17,False,True,False,False,6.0,8:49,-6.26,收盤快照,-1.25,False,True
NPK,10MA_R20,152.84,3,True,False,True,True,False,False,82.9,8:44,262,152.08,True,True,False,True,6.0,8:49,2.73,收盤快照,-0.5,False,True
COP,SubSector_R12,132.54,3,True,False,True,False,False,True,85.4,3:48,262,133.19,True,False,False,True,6.0,4:36,1.65,收盤快照,0.49,False,True
EXPD,Combined_R22+10MA_R20,189.04,3,True,False,True,False,False,True,91.2,3:41,262,189.08,True,False,False,True,6.0,4:22,1.05,收盤快照,0.02,False,True
OXY,SubSector_R12+Combined_R22,59.36,3,True,False,True,False,False,True,83.7,3:37,262,59.29,True,False,False,True,6.0,4:14,-0.72,收盤快照,-0.12,False,True
CHRD,Combined_R22,147.03,3,True,False,True,False,False,True,78.1,3:35,262,146.27,True,False,False,True,6.0,4:09,1.57,收盤快照,-0.52,False,True
EOG,SubSector_R12+Combined_R22,144.93,3,True,False,True,False,False,True,83.9,3:32,262,145.47,True,False,False,True,6.0,4:04,-0.15,收盤快照,0.37,False,True
DVN,SubSector_R12,48.44,3,True,False,True,False,False,True,83.2,3:30,262,48.72,True,False,False,True,6.0,4:00,1.97,收盤快照,0.58,False,True
HPE,AI_R13+Combined_R22,56.68,3,True,True,False,False,False,True,55.7,10:52,262,61.04,True,False,False,False,7.0,11:10,9.95,收盤快照,7.69,False,True
BKR,SubSector_R12,56.32,3,False,True,True,True,False,False,81.1,8:49,262,56.56,False,True,True,False,0.0,8:49,-9.38,收盤快照,0.43,False,True
FCX,SubSector_R12+Combined_R22,69.24,3,True,True,False,True,False,False,70.3,8:49,262,70.85,True,True,True,True,0.0,8:49,-2.9,收盤快照,2.33,True,True
LMT,SubSector_R12+Combined_R22,537.25,3,False,True,True,True,False,False,86.5,8:49,262,538.09,False,True,False,False,7.0,8:49,-4.35,收盤快照,0.16,False,True
NOC,SubSector_R12,530.78,3,False,True,True,True,False,False,89.4,8:49,262,524.0,False,True,False,False,7.0,8:49,-4.27,收盤快照,-1.28,False,True
TSN,SubSector_R12,52.12,3,False,True,True,True,False,False,86.6,8:49,262,52.26,False,True,False,False,7.0,8:49,-5.26,收盤快照,0.27,False,True
HBM,SubSector_R12,25.26,3,True,True,False,True,False,False,60.3,8:30,75,26.44,True,True,True,True,0.0,8:49,-5.1,收盤快照,4.67,True,False
MP,SubSector_R12+RateHike_R2_迴避,48.99,3,True,True,False,True,False,False,59.3,6:43,262,49.38,True,True,True,False,0.0,7:01,-10.92,收盤快照,0.8,False,True
ADI,SubSector_R12,362.04,3,False,True,True,False,False,True,80.8,10:39,262,362.65,False,False,False,True,9.0,11:04,-2.39,收盤快照,0.17,False,True
CXW,Combined_R22,34.93,3,True,True,True,False,False,False,78.0,10:38,262,35.54,True,False,False,False,9.0,11:26,5.29,收盤快照,1.75,False,True
NDAQ,SubSector_R12,88.76,3,False,True,True,True,False,False,88.1,8:49,262,91.31,False,True,True,False,0.0,8:49,-4.69,收盤快照,2.87,False,True
RDW,SubSector_R12+Combined_R22,10.79,3,True,True,False,True,False,False,50.3,8:49,262,11.55,True,True,False,True,9.0,9:19,-3.64,收盤快照,7.04,False,True
RTX,SubSector_R12+Combined_R22,196.83,3,False,True,True,True,False,False,90.6,8:49,262,193.54,False,True,False,False,9.0,8:49,-9.06,收盤快照,-1.67,False,True
XEL,SubSector_R12,72.71,3,False,True,True,True,False,False,92.8,8:49,262,73.63,False,True,True,False,0.0,8:49,-3.87,收盤快照,1.27,False,True
TECK,SubSector_R12,64.25,3,True,True,False,True,False,False,74.5,8:30,75,65.22,True,True,True,True,0.0,8:49,-3.64,收盤快照,1.51,True,False
TEL,AI_R13+SubSector_R12,202.2,3,False,True,True,False,False,True,83.7,4:07,262,206.6,False,False,True,True,0.0,4:40,-0.3,收盤快照,2.18,False,True
MSGS,Combined_R22,393.82,3,False,True,True,False,False,True,89.0,10:22,262,394.64,False,False,False,True,10.0,11:03,-0.81,收盤快照,0.21,False,True
CCL,SubSector_R12,22.35,3,False,True,True,True,False,False,81.0,8:49,262,22.17,False,True,False,False,10.0,8:49,-12.76,收盤快照,-0.81,False,True
CM,Combined_R22,112.96,3,False,True,True,True,False,False,91.3,8:49,262,113.78,False,True,True,True,0.0,8:49,-2.81,收盤快照,0.73,False,True
HUBB,SubSector_R12+Combined_R22,439.07,3,False,True,True,True,False,False,82.4,8:49,262,443.23,False,True,True,False,0.0,8:49,-6.5,OHLC,0.95,False,True
NVO,SubSector_R12,41.71,3,False,True,True,True,False,False,82.5,8:49,75,43.19,False,True,True,False,0.0,8:49,-5.93,收盤快照,3.55,False,False
RLAY,Combined_R22,18.84,3,False,True,False,True,False,True,72.1,8:49,262,19.19,False,True,False,True,10.0,8:49,-0.76,收盤快照,1.86,False,True
GNK,Combined_R22,27.42,3,True,False,True,False,False,True,79.9,2:49,262,28.1,True,False,False,False,10.0,2:49,5.33,收盤快照,2.48,False,True
IREN,AI_R13+SubSector_R12+Combined_R22,42.62,3,True,True,False,False,False,True,41.6,2:29,262,43.48,True,False,False,True,10.0,2:49,3.77,收盤快照,2.02,False,True
BRK-A,10MA_R20,780297.0,3,True,False,True,False,False,True,96.8,1:48,262,763936.0,False,False,False,True,10.0,2:24,-0.05,OHLC,-2.1,False,True
TRST,Combined_R22,57.37,3,True,False,True,False,False,True,91.5,12:12,262,56.27,False,False,False,True,10.0,3:37,-1.55,收盤快照,-1.92,False,True
BBY,SubSector_R12,92.45,3,True,True,True,False,False,False,79.9,2:49,262,94.56,True,False,False,False,11.0,2:49,8.78,收盤快照,2.28,False,True
REX,Combined_R22,42.34,3,False,True,True,False,False,True,82.1,12:08,262,42.74,False,False,False,True,11.0,12:35,0.04,收盤快照,0.94,False,True
INSW,Combined_R22+10MA_R20,109.38,3,True,True,True,False,False,False,78.7,12:03,262,110.53,True,False,False,False,11.0,12:24,9.35,收盤快照,1.05,False,True
VST,AI_R13+SubSector_R12+Combined_R22,140.39,3,False,True,True,False,False,True,77.3,2:49,262,143.56,True,False,False,True,12.0,2:49,0.49,收盤快照,2.26,False,True
WMT,SubSector_R12,107.5,3,False,True,True,False,False,True,89.6,12:51,262,106.79,False,False,False,True,13.0,1:17,-0.99,收盤快照,-0.66,False,True
AGM,10MA_R20,220.65,3,False,False,True,True,False,True,88.2,8:49,262,223.29,False,True,True,True,0.0,8:49,-1.16,收盤快照,1.2,False,True
AI,AI_R13+Combined_R22,10.56,3,True,True,False,False,False,True,69.3,3:35,262,10.78,True,False,False,True,14.0,4:10,3.62,收盤快照,2.08,False,True
INTC,AI_R13+SubSector_R12+Combined_R22,101.05,3,True,True,False,False,False,True,57.9,1:23,262,108.8,True,False,False,False,14.0,1:52,10.46,收盤快照,7.67,False,True
FMAO,10MA_R20,35.78,3,True,True,True,False,False,False,85.8,11:04,262,35.67,True,False,False,True,,11:29,2.96,收盤快照,-0.31,False,True
FLR,SubSector_R12+Combined_R22,52.99,3,True,False,False,True,False,True,71.8,6:49,262,54.96,True,True,True,True,0.0,7:34,1.94,收盤快照,3.72,True,True
ATRC,10MA_R20,57.14,3,True,True,True,False,False,False,77.2,11:21,262,59.12,True,False,False,False,,11:35,14.72,收盤快照,3.47,False,True
NUE,SubSector_R12+10MA_R20+RateHike_R2_受惠,260.68,3,False,False,True,True,False,True,82.2,9:53,262,265.14,False,False,False,True,,10:19,2.81,收盤快照,1.71,False,True
MPC,SubSector_R12+RateHike_R2_受惠,413.92,3,True,False,True,True,False,False,83.3,9:47,262,421.96,True,False,False,False,,10:11,12.84,收盤快照,1.94,False,True
CBOE,SubSector_R12,270.43,3,False,True,True,True,False,False,76.8,8:49,262,266.67,False,True,False,False,,8:49,-9.88,收盤快照,-1.39,False,True
CDE,SubSector_R12,18.98,3,True,False,False,True,False,True,58.9,8:49,262,19.98,True,True,True,True,0.0,8:49,0.75,收盤快照,5.27,True,True
AU,SubSector_R12,99.74,3,True,True,False,True,False,False,69.8,8:30,75,102.36,True,True,True,False,0.0,8:49,-5.63,收盤快照,2.63,False,False
LNG,SubSector_R12,267.75,3,True,False,True,True,False,False,84.6,8:01,262,269.85,True,True,True,True,0.0,8:44,-2.85,收盤快照,0.78,True,True
HCC,SubSector_R12,92.72,3,True,True,False,True,False,False,71.1,7:12,262,91.8,True,True,False,False,,7:40,-8.68,收盤快照,-0.99,False,True
XHLD,10MA_R20,9.65,3,True,True,False,True,False,False,10.6,6:42,262,9.72,True,True,False,False,,7:55,46.11,收盤快照,0.73,False,True
SOBO,Combined_R22,35.55,3,False,True,True,True,False,False,89.5,6:02,262,35.77,True,True,True,False,0.0,6:32,-3.23,收盤快照,0.62,False,True
BTU,SubSector_R12,27.35,3,True,True,False,False,False,True,70.1,5:26,262,27.24,True,False,False,True,,5:55,0.52,收盤快照,-0.4,False,True
CCI,SubSector_R12,73.22,3,False,True,True,False,False,True,84.5,5:24,262,73.74,True,True,True,True,0.0,6:12,-1.7,收盤快照,0.71,True,True
EPD,SubSector_R12,38.09,3,True,False,True,False,False,True,94.4,4:59,262,38.45,True,False,False,True,,5:28,-0.37,收盤快照,0.95,False,True
CF,SubSector_R12+Combined_R22,131.99,3,True,False,True,False,False,True,76.0,4:48,262,133.82,True,False,False,False,,5:24,4.52,收盤快照,1.39,False,True
CTVA,SubSector_R12,81.01,3,True,False,True,False,False,True,82.1,4:46,262,81.53,True,False,False,True,,5:22,-0.9,收盤快照,0.64,False,True
AMR,SubSector_R12,189.49,3,True,True,False,False,False,True,60.9,4:40,262,184.73,True,False,False,False,,5:00,-6.75,收盤快照,-2.51,False,True
BNS,Combined_R22,92.96,3,True,False,True,False,False,True,91.8,4:34,262,94.1,True,False,True,True,0.0,5:05,2.93,收盤快照,1.23,False,True
TARS,10MA_R20_跌出,77.64,3,True,True,False,False,False,True,68.1,4:33,262,79.03,True,False,False,False,,5:04,4.93,收盤快照,1.79,False,True
NTR,SubSector_R12,77.68,3,True,True,True,False,False,False,85.8,4:30,75,78.92,True,False,False,False,,5:00,6.73,收盤快照,1.6,False,False
MU,AI_R13+SubSector_R12+Combined_R22,926.55,3,True,True,False,False,False,True,54.3,4:28,262,977.5,True,False,True,True,0.0,4:58,3.54,收盤快照,5.5,False,True
HAL,SubSector_R12+RateHike_R2_迴避,34.51,3,True,False,True,False,False,True,81.8,4:28,262,34.03,True,False,False,False,,4:50,-3.35,收盤快照,-1.39,False,True
RSG,SubSector_R12,219.8,3,True,False,True,False,False,True,92.9,4:21,262,218.93,True,False,False,True,,5:02,-0.43,收盤快照,-0.4,False,True
SNDK,AI_R13+SubSector_R12,1519.97,3,True,True,False,False,False,True,37.6,4:21,262,1614.39,True,False,True,True,0.0,5:02,4.88,收盤快照,6.21,False,True
OOMA,10MA_R20_跌出,22.58,3,True,True,False,False,False,True,69.3,4:08,262,22.35,True,False,False,True,,4:42,0.99,收盤快照,-1.02,False,True
ALT,SubSector_R12,3.24,3,True,True,False,False,False,True,72.7,4:03,262,3.24,True,False,False,True,,4:35,3.28,收盤快照,0.0,False,True
ABTC,10MA_R20,8.14,3,True,True,False,False,False,True,32.9,3:50,262,8.83,True,False,True,True,0.0,4:15,8.69,收盤快照,8.48,False,True
TSLA,AI_R13+SubSector_R12+Combined_R22+10MA_R20,358.08,3,True,True,False,False,False,True,71.5,3:44,262,366.2,True,True,False,False,,9:38,3.74,收盤快照,2.27,False,True
VOYA,Combined_R22,100.28,3,True,False,True,False,False,True,90.8,3:40,262,99.58,True,False,False,True,,4:00,-1.63,收盤快照,-0.7,False,True
HYPD,10MA_R20,3.27,3,True,True,False,False,False,True,43.3,3:32,262,3.47,True,False,True,True,0.0,4:05,5.11,收盤快照,6.12,False,True
BG,SubSector_R12,117.13,3,True,False,True,False,False,True,79.0,3:32,262,119.31,True,False,False,True,,4:04,2.06,收盤快照,1.86,False,True
HUM,SubSector_R12,384.72,3,True,False,True,False,False,True,80.0,3:30,262,384.52,True,False,False,True,,4:01,-1.16,收盤快照,-0.05,False,True
AEP,SubSector_R12,120.69,3,False,True,True,False,False,True,93.3,3:23,262,121.62,False,False,True,True,0.0,3:46,-1.73,收盤快照,0.77,False,True
AD,10MA_R20_跌出,37.9,3,True,True,True,False,False,False,90.5,2:49,262,36.85,True,False,False,True,,3:55,0.13,收盤快照,-2.77,False,True
AMPH,10MA_R20,23.95,3,True,True,True,False,False,False,81.0,2:49,262,23.82,True,False,False,False,,2:49,7.47,收盤快照,-0.54,False,True
CI,SubSector_R12,280.45,3,True,False,True,False,False,True,87.4,2:49,262,276.0,True,False,False,True,,2:49,-1.27,收盤快照,-1.59,False,True
FPI,10MA_R20,10.79,3,True,True,True,False,False,False,92.7,2:49,262,10.95,True,False,False,False,,2:49,5.61,收盤快照,1.48,False,True
HSHP,Combined_R22,18.39,3,True,True,True,False,False,False,79.4,2:49,262,19.33,True,False,False,False,,2:49,11.52,收盤快照,5.11,False,True
LEA,SubSector_R12,123.19,3,True,False,True,False,False,True,81.1,2:49,262,122.72,False,False,False,True,,3:30,-2.08,收盤快照,-0.38,False,True
META,AI_R13+SubSector_R12+Combined_R22+10MA_R20,673.31,3,True,True,True,False,False,False,79.0,2:49,262,682.31,True,False,False,False,,2:49,11.6,收盤快照,1.34,False,True
MO,SubSector_R12,70.1,3,True,True,True,False,False,False,88.0,2:49,262,69.7,True,False,False,False,,2:49,3.02,收盤快照,-0.57,False,True
NI,SubSector_R12,40.66,3,False,True,True,False,False,True,93.2,2:49,262,40.91,False,False,False,True,,2:49,-1.75,收盤快照,0.61,False,True
RDDT,SubSector_R12+Combined_R22,157.6,3,True,True,False,False,False,True,55.7,2:49,262,152.83,False,False,False,True,,2:49,-5.01,收盤快照,-3.03,False,True
UNM,Combined_R22+10MA_R20,94.82,3,True,False,True,False,False,True,88.3,2:49,262,95.62,True,False,False,False,,2:49,3.04,收盤快照,0.84,False,True
OHI,SubSector_R12+10MA_R20,46.91,3,False,True,True,False,False,True,91.8,2:42,262,47.37,False,False,False,True,,2:49,1.08,收盤快照,0.98,False,True
AAPL,AI_R13+SubSector_R12,332.41,3,True,True,True,False,False,False,87.7,2:14,262,337.0,True,False,False,False,,2:35,5.93,收盤快照,1.38,False,True
ELV,SubSector_R12,412.56,3,True,False,True,False,False,True,84.1,1:17,262,414.26,True,False,False,True,,1:40,2.38,收盤快照,0.41,False,True
NJR,SubSector_R12,53.5,3,False,True,True,False,False,True,92.7,1:17,262,53.47,False,False,False,True,,1:45,-1.31,收盤快照,-0.06,False,True
BRK-B,10MA_R20,519.8,3,True,False,True,False,False,True,96.4,1:09,262,509.2,False,False,False,True,,1:44,0.08,收盤快照,-2.04,False,True
OWL,SubSector_R12,10.12,2,False,False,False,True,True,False,73.6,8:49,262,9.96,False,True,True,False,1.0,8:49,-16.19,收盤快照,-1.58,False,True
SNPS,AI_R13+SubSector_R12+Combined_R22+RateHike_R2_受惠,378.47,2,False,True,False,False,True,False,73.3,5:53,262,381.17,False,True,True,False,1.0,6:14,-6.89,收盤快照,0.71,False,True
TGTX,Combined_R22,55.85,2,True,False,False,False,True,False,71.8,5:32,262,56.47,True,True,True,False,1.0,6:09,5.84,收盤快照,1.11,False,True
AEHR,AI_R13,84.25,2,False,True,False,False,True,False,26.7,4:38,262,90.55,False,False,True,True,1.0,5:11,-9.74,收盤快照,7.48,False,True
FN,AI_R13+Combined_R22,392.68,2,False,True,False,False,True,False,50.9,4:28,262,380.92,False,False,True,False,1.0,4:58,-20.37,收盤快照,-2.99,False,True
TSEM,AI_R13,202.2,2,False,True,False,False,True,False,48.1,4:23,75,219.24,True,True,False,True,1.0,9:45,-2.9,收盤快照,8.43,False,False
MTSI,AI_R13,251.75,2,False,True,False,False,True,False,53.6,4:09,262,263.14,False,False,True,False,1.0,4:32,-5.95,收盤快照,4.52,False,True
CAMT,AI_R13,138.59,2,False,True,False,False,True,False,54.1,4:00,75,144.21,False,False,False,True,1.0,10:30,-3.54,收盤快照,4.06,False,False
BRKR,Combined_R22,60.67,2,True,False,False,True,False,False,61.4,9:36,262,63.05,True,False,False,False,2.0,10:12,9.46,收盤快照,3.92,False,True
LQDA,Combined_R22,68.45,2,False,True,False,True,False,False,64.3,9:32,262,68.39,False,False,False,False,2.0,10:05,-8.03,收盤快照,-0.09,False,True
CIEN,AI_R13+SubSector_R12+Combined_R22,340.5,2,False,False,False,True,True,False,47.7,8:49,262,344.25,False,True,False,False,2.0,9:48,-8.18,收盤快照,1.1,False,True
COF,SubSector_R12,203.19,2,False,False,True,True,False,False,87.6,8:49,262,202.04,False,True,False,False,2.0,8:49,-6.57,收盤快照,-0.57,False,True
MLM,SubSector_R12,496.76,2,False,False,True,True,False,False,85.4,8:49,262,494.44,False,True,False,False,2.0,8:49,-5.42,收盤快照,-0.47,False,True
SYF,SubSector_R12,74.88,2,False,False,True,True,False,False,84.3,8:49,262,74.41,False,True,False,False,2.0,8:49,-5.48,收盤快照,-0.63,False,True
APD,AI_R13+SubSector_R12,287.08,2,False,False,True,True,False,False,89.7,8:32,262,286.12,False,True,True,False,0.0,8:49,-5.17,收盤快照,-0.33,False,True
IOT,Combined_R22,40.66,2,True,False,False,False,False,True,58.5,10:06,262,40.0,True,False,False,True,3.0,10:39,-0.11,收盤快照,-1.62,False,True
ILMN,SubSector_R12,228.93,2,True,False,False,True,False,False,73.5,9:33,262,245.18,True,False,False,False,3.0,10:06,13.77,收盤快照,7.1,False,True
ALOY,SubSector_R12,8.15,2,False,False,False,True,True,False,31.6,8:49,262,8.25,False,True,False,False,3.0,8:49,-37.47,收盤快照,1.23,False,True
ARES,SubSector_R12,124.21,2,False,False,True,True,False,False,77.1,8:49,262,125.32,False,True,True,False,0.0,8:49,-10.95,收盤快照,0.89,False,True
BRO,SubSector_R12,65.88,2,False,False,True,True,False,False,82.8,8:49,262,65.12,False,True,False,False,3.0,8:49,-7.88,收盤快照,-1.15,False,True
DNLI,SubSector_R12,20.06,2,False,True,False,True,False,False,72.9,8:49,262,20.13,False,True,True,False,0.0,8:49,-15.86,收盤快照,0.35,False,True
KKR,SubSector_R12+Combined_R22,96.84,2,False,False,True,True,False,False,78.7,8:49,262,98.19,False,True,True,False,0.0,8:49,-9.08,收盤快照,1.39,False,True
MAA,SubSector_R12,121.9,2,False,False,True,True,False,False,92.8,8:49,262,121.17,False,True,False,False,3.0,8:49,-6.66,收盤快照,-0.6,False,True
RAPP,Combined_R22,41.39,2,True,False,False,True,False,False,67.1,8:49,262,41.95,False,True,True,False,0.0,8:49,-11.84,收盤快照,1.35,False,True
RHI,SubSector_R12,37.09,2,False,False,False,True,True,False,65.0,8:49,262,37.25,False,True,False,False,3.0,8:49,-13.3,收盤快照,0.43,False,True
SOFI,SubSector_R12,16.84,2,False,True,False,True,False,False,69.3,8:49,262,16.73,False,True,False,False,3.0,8:49,-7.81,收盤快照,-0.65,False,True
TRVI,Combined_R22,15.01,2,False,True,False,True,False,False,63.9,8:49,262,15.21,False,True,True,False,0.0,8:49,-13.55,收盤快照,1.33,False,True
VICI,SubSector_R12,24.53,2,False,False,True,True,False,False,92.9,8:49,262,24.11,False,True,False,False,3.0,8:49,-6.78,收盤快照,-1.71,False,True
WCN,SubSector_R12,156.5,2,False,False,True,True,False,False,91.7,8:49,75,155.23,False,True,False,False,3.0,8:49,-6.09,收盤快照,-0.81,False,False
WM,SubSector_R12,214.0,2,False,False,True,True,False,False,92.3,8:49,262,213.33,False,True,False,False,3.0,8:49,-3.67,收盤快照,-0.31,False,True
WTW,SubSector_R12,312.91,2,False,False,True,True,False,False,86.0,8:49,262,310.99,False,True,False,False,3.0,8:49,-7.36,收盤快照,-0.61,False,True
CRH,SubSector_R12,86.7,2,False,False,True,True,False,False,84.3,8:08,262,86.7,False,True,True,False,0.0,8:36,-8.35,收盤快照,0.0,False,True
YUM,SubSector_R12,137.96,2,False,False,True,True,False,False,84.0,7:22,262,135.75,False,True,False,False,3.0,7:59,-9.47,收盤快照,-1.6,False,True
SGP,10MA_R20,28.6,2,True,False,False,True,False,False,62.4,7:00,153,29.33,True,True,True,False,0.0,7:40,7.19,收盤快照,2.55,False,False
CRM,AI_R13+SubSector_R12+Combined_R22,250.54,2,True,True,False,False,False,False,70.1,5:39,262,242.85,True,True,False,False,3.0,6:11,4.98,收盤快照,-3.07,False,True
SPGI,SubSector_R12,406.76,2,True,False,True,False,False,False,84.1,5:24,262,404.11,False,False,False,False,3.0,5:48,-5.13,收盤快照,-0.65,False,True
CRCL,SubSector_R12,80.45,2,True,False,False,False,False,True,40.5,4:39,262,85.09,True,False,False,True,3.0,4:58,-0.6,收盤快照,5.77,False,True
INBK,10MA_R20_跌出,27.54,2,False,False,True,False,False,True,77.4,4:25,262,27.64,False,False,False,True,3.0,4:47,-3.19,收盤快照,0.36,False,True
MTCH,SubSector_R12,43.58,2,True,False,True,False,False,False,82.9,10:48,262,43.77,True,False,False,False,4.0,11:24,7.25,收盤快照,0.44,False,True
ACI,SubSector_R12,12.56,2,True,False,False,False,False,True,73.0,10:32,262,12.56,True,False,False,True,4.0,11:03,2.17,收盤快照,0.0,False,True
AFL,SubSector_R12,116.81,2,False,False,True,False,False,True,93.8,10:18,262,116.6,False,False,False,True,4.0,10:44,-1.47,收盤快照,-0.18,False,True
NUTX,10MA_R20,217.32,2,True,True,False,False,False,False,58.2,10:08,262,214.32,True,False,False,False,4.0,10:30,11.99,收盤快照,-1.38,False,True
PD,10MA_R20,14.48,2,True,True,False,False,False,False,71.1,10:07,262,14.44,True,False,False,False,4.0,10:29,9.29,收盤快照,-0.28,False,True
ZS,SubSector_R12+Combined_R22,191.58,2,True,False,False,True,False,False,63.1,9:49,262,197.47,True,False,False,False,4.0,10:14,9.74,收盤快照,3.07,False,True
HON,SubSector_R12,207.66,2,False,False,True,True,False,False,86.8,9:27,262,206.49,False,True,False,False,4.0,9:54,-6.11,收盤快照,-0.56,False,True
AFRM,SubSector_R12,71.58,2,False,True,False,True,False,False,66.7,8:49,262,70.28,False,True,False,False,4.0,8:49,-7.36,收盤快照,-1.82,False,True
ASML,AI_R13+SubSector_R12+Combined_R22,1602.22,2,False,True,False,True,False,False,74.8,8:49,262,1629.67,False,True,True,False,0.0,8:49,-5.8,收盤快照,1.71,False,True
AXP,SubSector_R12+Combined_R22,312.43,2,False,False,True,True,False,False,90.7,8:49,262,311.17,False,True,False,False,4.0,8:49,-6.4,收盤快照,-0.4,False,True
BC,SubSector_R12,67.72,2,False,False,True,True,False,False,79.7,8:49,262,67.83,False,True,True,False,0.0,8:49,-12.69,收盤快照,0.16,False,True
BLK,SubSector_R12,1037.24,2,False,False,True,True,False,False,88.1,8:49,262,1053.96,False,True,True,False,0.0,8:49,-7.25,收盤快照,1.61,False,True
BX,SubSector_R12+Combined_R22,123.45,2,False,False,True,True,False,False,80.1,8:49,262,125.41,False,True,True,False,0.0,8:49,-10.25,收盤快照,1.59,False,True
CBRE,SubSector_R12,138.56,2,False,False,True,True,False,False,82.1,8:49,262,139.32,False,True,False,False,4.0,8:49,-4.94,收盤快照,0.55,False,True
COMP,SubSector_R12,10.33,2,False,True,False,True,False,False,64.1,8:49,262,10.48,False,True,False,False,4.0,8:49,-8.32,收盤快照,1.45,False,True
EMR,SubSector_R12,145.83,2,False,False,True,True,False,False,85.8,8:49,262,147.4,False,True,True,False,0.0,8:49,-5.31,收盤快照,1.08,False,True
FDX,SubSector_R12+RateHike_R2_迴避,301.72,2,False,False,True,True,False,False,88.3,8:49,262,305.88,False,True,True,False,0.0,8:49,-5.64,收盤快照,1.38,False,True
HMY,Combined_R22,19.22,2,True,False,False,True,False,False,66.4,8:49,262,19.98,True,True,True,True,0.0,8:49,-2.66,收盤快照,3.95,True,True
HRB,SubSector_R12,45.11,2,False,True,False,True,False,False,74.3,8:49,262,44.81,True,True,False,False,4.0,8:49,-11.38,收盤快照,-0.67,False,True
INFY,SubSector_R12,11.08,2,False,False,True,True,False,False,78.9,8:49,75,11.07,False,True,True,False,0.0,8:49,-6.8,收盤快照,-0.09,False,False
JLL,SubSector_R12,340.18,2,False,False,True,True,False,False,82.1,8:49,262,336.84,False,True,False,False,4.0,8:49,-8.31,收盤快照,-0.98,False,True
NCLH,SubSector_R12,14.53,2,False,True,False,True,False,False,73.1,8:49,262,14.39,False,True,False,False,4.0,8:49,-15.04,收盤快照,-0.96,False,True
PHM,SubSector_R12,117.55,2,False,False,True,True,False,False,84.1,8:49,262,118.84,False,True,False,False,4.0,8:49,-5.52,收盤快照,1.1,False,True
PINS,SubSector_R12,18.65,2,False,True,False,True,False,False,69.4,8:49,262,18.31,False,True,False,False,4.0,8:49,-16.59,收盤快照,-1.82,False,True
PL,SubSector_R12,16.02,2,False,True,False,True,False,False,52.4,8:49,262,16.99,False,True,False,False,4.0,8:49,-14.22,收盤快照,6.05,False,True
PRU,SubSector_R12,117.04,2,False,False,True,True,False,False,91.1,8:49,262,117.93,False,True,True,True,0.0,8:49,-2.32,收盤快照,0.76,False,True
SHW,SubSector_R12,321.46,2,False,False,True,True,False,False,87.0,8:49,262,320.94,False,True,False,False,4.0,8:49,-6.79,收盤快照,-0.16,False,True
SLG,SubSector_R12,51.75,2,False,False,True,True,False,False,81.4,8:49,262,52.35,False,True,False,False,4.0,8:49,-6.08,收盤快照,1.16,False,True
SPG,SubSector_R12,202.94,2,False,False,True,True,False,False,93.2,8:49,262,204.47,False,True,False,False,4.0,8:49,-4.92,收盤快照,0.75,False,True
STT,Combined_R22,182.9,2,False,False,True,True,False,False,89.1,8:49,262,183.07,False,True,False,False,4.0,8:49,-3.37,收盤快照,0.09,False,True
TCEHY,AI_R13,54.51,2,False,False,True,True,False,False,86.0,8:49,75,54.47,False,True,True,False,0.0,8:49,-4.56,OHLC,-0.07,False,False
TOL,SubSector_R12,132.64,2,False,False,True,True,False,False,83.0,8:49,262,134.32,False,True,False,False,4.0,8:49,-6.77,收盤快照,1.27,False,True
TOST,SubSector_R12,31.12,2,False,False,True,True,False,False,76.4,8:49,262,30.65,False,True,False,False,4.0,8:49,-12.14,收盤快照,-1.51,False,True
TPB,SubSector_R12,70.12,2,False,True,False,True,False,False,72.2,8:49,262,68.61,False,True,False,False,4.0,8:49,-18.7,收盤快照,-2.15,False,True
TT,AI_R13+SubSector_R12,421.68,2,False,False,True,True,False,False,86.7,8:49,262,423.33,False,True,True,False,0.0,8:49,-6.89,收盤快照,0.39,False,True
UPST,AI_R13,24.85,2,False,True,False,True,False,False,65.0,8:49,262,24.77,False,True,False,False,4.0,8:49,-15.5,收盤快照,-0.32,False,True
VMC,SubSector_R12,244.3,2,False,False,True,True,False,False,85.8,8:49,262,244.5,False,True,True,False,0.0,8:49,-9.25,收盤快照,0.08,False,True
VNO,SubSector_R12,34.82,2,False,False,True,True,False,False,83.7,8:49,262,34.82,False,True,False,False,4.0,8:49,-7.3,收盤快照,0.0,False,True
LEN,SubSector_R12+RateHike_R2_迴避,78.36,2,False,False,True,True,False,False,82.0,8:45,262,79.7,False,True,True,False,0.0,8:49,-4.45,收盤快照,1.71,False,True
LNC,SubSector_R12,42.45,2,False,False,True,True,False,False,81.4,8:42,262,42.29,False,True,False,False,4.0,8:49,-3.97,收盤快照,-0.38,False,True
DHI,SubSector_R12+RateHike_R2_迴避,138.32,2,False,False,True,True,False,False,83.7,8:41,262,140.38,False,True,False,True,4.0,8:49,-2.72,收盤快照,1.49,False,True
PLD,SubSector_R12,133.74,2,False,False,True,True,False,False,92.5,8:23,262,135.18,False,True,True,True,0.0,8:49,-2.78,收盤快照,1.08,False,True
IBKR,Combined_R22,86.74,2,False,False,True,True,False,False,77.5,8:20,262,88.38,False,True,True,True,0.0,8:49,-3.32,收盤快照,1.89,False,True
HIMS,SubSector_R12,28.0,2,False,True,False,True,False,False,52.0,7:21,262,27.89,False,True,False,False,4.0,7:45,-6.72,收盤快照,-0.39,False,True
LULU,SubSector_R12+Combined_R22,95.98,2,False,True,False,True,False,False,65.3,7:00,262,99.39,False,True,False,False,4.0,7:30,-10.66,收盤快照,3.55,False,True
HSBC,Combined_R22,100.84,2,False,False,True,False,False,True,93.1,5:30,262,102.84,True,True,True,True,0.0,6:00,-0.92,收盤快照,1.98,True,True
APA,RateHike_R2_索引,44.79,2,True,False,True,False,False,False,76.7,3:27,262,45.46,True,False,False,False,4.0,3:55,6.2,收盤快照,1.5,False,True
EGP,SubSector_R12,197.87,2,False,False,True,False,False,True,94.1,2:49,75,201.63,False,False,False,True,4.0,2:49,0.51,收盤快照,1.9,False,False
CRSR,10MA_R20,13.16,2,True,False,False,False,False,True,55.0,11:05,262,13.51,True,False,False,False,5.0,11:37,6.99,收盤快照,2.66,False,True
FTNT,AI_R13+SubSector_R12+Combined_R22,171.77,2,True,True,False,False,False,False,73.6,10:49,262,172.58,True,False,False,False,5.0,11:26,6.4,收盤快照,0.47,False,True
BJ,SubSector_R12,92.98,2,False,False,True,False,False,True,85.5,10:44,262,93.34,False,False,False,True,5.0,11:19,0.1,收盤快照,0.39,False,True
AMAL,Combined_R22,46.62,2,False,False,True,True,False,False,89.8,8:49,262,47.13,False,True,True,False,0.0,8:49,-3.3,收盤快照,1.09,False,True
BABA,AI_R13,107.27,2,False,False,True,True,False,False,80.6,8:49,75,108.54,False,True,False,False,5.0,8:49,-10.04,收盤快照,1.18,False,False
BF.B,SubSector_R12,25.74,2,False,False,True,True,False,False,82.4,8:49,262,26.5,False,True,True,False,0.0,8:49,-3.1,收盤快照,2.95,False,True
CURI,10MA_R20,2.79,2,False,True,False,True,False,False,49.1,8:49,262,2.8,False,True,False,False,5.0,9:29,-18.48,收盤快照,0.36,False,True
DTIL,SubSector_R12,6.63,2,False,True,False,True,False,False,60.4,8:49,262,6.67,False,True,True,False,0.0,8:49,-15.87,收盤快照,0.6,False,True
EXR,SubSector_R12,136.43,2,False,False,True,True,False,False,92.2,8:49,262,139.03,False,True,False,True,5.0,8:49,-2.26,收盤快照,1.91,False,True
LCID,SubSector_R12,4.04,2,False,True,False,True,False,False,35.5,8:49,262,4.28,False,True,False,False,5.0,8:49,-19.4,收盤快照,5.94,False,True
LYV,SubSector_R12,171.13,2,False,False,True,True,False,False,88.5,8:49,262,168.34,False,True,False,False,5.0,8:49,-6.23,收盤快照,-1.63,False,True
MCD,SubSector_R12,248.56,2,False,False,True,True,False,False,92.3,8:49,262,248.48,False,True,False,False,5.0,8:49,-6.04,收盤快照,-0.03,False,True
ODFL,SubSector_R12,174.36,2,False,False,True,True,False,False,81.6,8:49,262,175.09,False,True,True,False,0.0,8:49,-11.83,收盤快照,0.42,False,True
PKG,SubSector_R12,231.45,2,False,False,True,True,False,False,87.6,8:49,262,235.57,False,True,False,True,5.0,8:49,-2.84,收盤快照,1.78,False,True
PSA,SubSector_R12,294.68,2,False,False,True,True,False,False,91.3,8:49,262,300.76,False,True,False,False,5.0,8:49,-3.8,收盤快照,2.06,False,True
PYPL,SubSector_R12,52.71,2,False,False,True,True,False,False,75.3,8:49,262,52.94,False,True,False,False,5.0,8:49,-7.56,收盤快照,0.44,False,True
ROST,SubSector_R12+Combined_R22,224.8,2,False,False,True,True,False,False,88.0,8:49,262,229.48,False,True,True,True,0.0,8:49,-2.84,收盤快照,2.08,False,True
TJX,SubSector_R12+Combined_R22,122.84,2,False,False,True,True,False,False,89.7,8:49,262,126.55,False,True,False,False,5.0,8:49,-8.68,收盤快照,3.02,False,True
UFPT,Combined_R22,279.41,2,False,True,False,True,False,False,73.3,8:49,262,275.41,False,True,False,False,5.0,8:49,-9.88,收盤快照,-1.43,False,True
USB,SubSector_R12+RateHike_R2_迴避,59.73,2,False,False,True,True,False,False,91.2,8:49,262,60.25,False,True,False,False,5.0,8:49,-4.06,收盤快照,0.87,False,True
CSX,SubSector_R12+Combined_R22,47.9,2,False,False,True,True,False,False,91.7,8:48,262,47.9,False,True,False,False,5.0,8:49,-4.25,收盤快照,0.0,False,True
UNP,SubSector_R12+Combined_R22,280.92,2,False,False,True,True,False,False,91.7,7:36,262,282.48,False,True,False,False,5.0,7:59,-4.94,收盤快照,0.56,False,True
CRGY,10MA_R20_跌出,14.4,2,True,False,True,False,False,False,76.4,3:33,262,14.11,True,False,False,False,5.0,4:05,4.4,收盤快照,-2.01,False,True
MATX,Combined_R22,235.62,2,True,False,True,False,False,False,86.7,11:17,262,234.75,True,False,False,False,6.0,11:45,5.32,收盤快照,-0.37,False,True
DDOG,SubSector_R12+Combined_R22,230.79,2,False,True,False,False,False,True,60.0,10:30,262,236.0,False,False,False,True,6.0,11:00,0.95,收盤快照,2.26,False,True
MAR,SubSector_R12+Combined_R22,334.97,2,False,True,True,False,False,False,89.2,10:11,262,334.0,False,False,False,False,6.0,10:47,-3.75,收盤快照,-0.29,False,True
PEB,Combined_R22,17.84,2,False,False,True,False,False,True,85.0,10:06,262,17.99,False,False,False,True,6.0,10:39,-0.63,收盤快照,0.84,False,True
S,SubSector_R12,23.17,2,True,False,False,True,False,False,63.6,9:54,262,23.19,True,False,False,False,6.0,10:22,7.11,收盤快照,0.09,False,True
AMS,AI_R13,1.42,2,False,True,False,True,False,False,71.3,8:49,75,1.45,False,True,True,True,0.0,8:49,-3.53,收盤快照,2.11,False,False
EBC,Combined_R22,21.59,2,False,False,True,True,False,False,90.7,8:49,262,21.55,False,True,False,False,6.0,8:49,-3.83,收盤快照,-0.19,False,True
APLE,Combined_R22,15.43,2,False,False,True,True,False,False,91.2,8:42,262,15.59,False,True,False,True,6.0,8:49,-2.31,收盤快照,1.04,False,True
PAAS,SubSector_R12,47.56,2,True,False,False,True,False,False,69.8,8:30,75,49.62,True,True,True,True,0.0,8:49,-2.91,收盤快照,4.33,True,False
HLT,SubSector_R12+Combined_R22,305.63,2,False,False,True,True,False,False,90.8,8:05,262,302.54,False,True,False,False,6.0,8:31,-5.38,收盤快照,-1.01,False,True
FANG,SubSector_R12+Combined_R22,194.54,2,False,False,True,False,False,True,79.6,3:37,262,196.94,True,False,False,True,6.0,4:14,-1.85,收盤快照,1.23,False,True
NET,AI_R13+Combined_R22,324.65,2,True,True,False,False,False,False,64.5,11:35,262,333.94,True,False,False,False,7.0,12:06,9.24,收盤快照,2.86,False,True
EQNR,Combined_R22,44.2,2,True,False,True,False,False,False,82.9,11:30,262,44.33,True,False,False,False,7.0,3:39,3.8,收盤快照,0.29,False,True
NTSK,10MA_R20,17.29,2,True,True,False,False,False,False,54.7,10:13,250,17.21,True,False,False,False,7.0,10:37,11.55,收盤快照,-0.46,False,True
ADPT,Combined_R22,27.67,2,True,False,False,True,False,False,67.9,9:41,262,28.55,True,False,False,False,7.0,10:22,10.7,收盤快照,3.18,False,True
CDP,Combined_R22,34.32,2,False,False,True,True,False,False,91.7,8:49,262,34.54,False,True,True,False,0.0,8:49,-4.6,收盤快照,0.64,False,True
CRDO,AI_R13+SubSector_R12+Combined_R22,161.49,2,False,True,False,True,False,False,36.3,8:49,262,168.25,False,True,False,False,7.0,8:49,-16.85,收盤快照,4.19,False,True
D,SubSector_R12,63.51,2,False,False,True,True,False,False,94.3,8:49,262,64.29,False,True,True,False,0.0,8:49,-3.26,收盤快照,1.23,False,True
UUUU,SubSector_R12,11.73,2,False,True,False,True,False,False,53.4,8:49,75,11.98,False,True,True,False,0.0,8:49,-18.15,收盤快照,2.13,False,False
UEC,SubSector_R12+RateHike_R2_迴避,10.08,2,False,True,False,True,False,False,57.0,8:00,75,10.12,False,True,True,False,0.0,8:30,-14.9,收盤快照,0.4,False,False
USAR,SubSector_R12,15.1,2,False,True,False,True,False,False,49.1,6:50,262,15.63,False,True,True,False,0.0,7:09,-14.86,收盤快照,3.51,False,True
VG,SubSector_R12,14.65,2,True,False,False,False,False,True,64.0,3:38,262,14.42,True,False,False,True,7.0,4:17,0.01,收盤快照,-1.57,False,True
GOLD,SubSector_R12,46.82,2,True,False,False,False,False,True,65.2,11:01,262,46.87,True,False,False,True,8.0,11:21,3.94,收盤快照,0.11,False,True
BEN,SubSector_R12,32.72,2,False,False,True,True,False,False,88.6,8:49,262,33.07,False,True,True,True,0.0,8:49,-2.75,收盤快照,1.07,False,True
LPTH,AI_R13,9.39,2,False,True,False,True,False,False,32.6,8:49,262,10.11,False,True,False,False,8.0,8:49,-14.5,收盤快照,7.67,False,True
ONTO,AI_R13,243.64,2,False,True,False,True,False,False,44.3,8:49,262,250.03,False,True,True,False,0.0,8:49,-15.92,收盤快照,2.62,False,True
WHR,SubSector_R12,32.42,2,False,True,False,True,False,False,63.9,8:49,262,33.03,False,True,True,False,0.0,8:49,-16.56,收盤快照,1.88,False,True
LIFE,10MA_R20_跌出,38.55,2,True,False,False,True,False,False,51.3,7:14,159,36.4,True,True,False,True,8.0,7:35,0.61,收盤快照,-5.58,False,False
NNE,AI_R13+SubSector_R12,15.64,2,False,True,False,True,False,False,49.1,7:08,262,16.97,False,True,True,False,0.0,7:58,-7.69,收盤快照,8.5,False,True
AVGO,AI_R13+SubSector_R12+Combined_R22,339.51,2,False,True,True,False,False,False,78.4,4:38,262,347.3,False,False,True,False,0.0,5:11,-6.54,收盤快照,2.29,False,True
COHR,AI_R13+SubSector_R12+Combined_R22,289.93,2,False,True,False,False,False,True,40.9,2:20,262,295.98,False,False,False,True,8.0,2:49,-4.41,收盤快照,2.09,False,True
AMG,SubSector_R12,342.82,2,False,False,True,True,False,False,83.3,8:49,262,352.18,False,True,True,True,0.0,8:49,-2.8,收盤快照,2.73,False,True
APO,SubSector_R12,124.53,2,False,False,True,True,False,False,81.1,8:49,262,126.0,False,True,True,False,0.0,8:49,-5.52,收盤快照,1.18,False,True
CNI,Combined_R22,119.49,2,False,False,True,True,False,False,93.6,8:49,262,119.87,False,True,True,False,0.0,8:49,-3.88,收盤快照,0.32,False,True
KTOS,SubSector_R12,47.59,2,False,True,False,True,False,False,61.8,8:49,262,47.66,False,True,False,False,9.0,8:49,-13.83,收盤快照,0.15,False,True
PCAR,SubSector_R12+Combined_R22,118.22,2,False,False,True,True,False,False,88.1,8:49,262,117.36,False,True,False,False,9.0,8:49,-7.99,收盤快照,-0.73,False,True
QBTS,SubSector_R12,16.27,2,False,True,False,True,False,False,50.0,8:49,262,17.69,False,True,False,True,9.0,9:21,-4.12,收盤快照,8.73,False,True
SYRE,Combined_R22,91.17,2,False,True,False,True,False,False,63.9,8:49,262,92.68,False,True,False,True,9.0,9:34,-2.9,收盤快照,1.66,False,True
TROW,SubSector_R12,102.4,2,False,False,True,True,False,False,89.1,8:49,262,102.84,False,True,False,False,9.0,8:49,-7.0,收盤快照,0.43,False,True
XPO,SubSector_R12+Combined_R22,174.41,2,False,False,True,True,False,False,79.1,8:49,262,175.34,False,True,True,False,0.0,8:49,-9.57,收盤快照,0.53,False,True
KGC,SubSector_R12,27.82,2,True,False,False,True,False,False,70.7,8:30,75,28.49,True,True,True,True,0.0,8:49,-4.17,收盤快照,2.41,True,False
WT,Combined_R22,22.26,2,False,True,False,True,False,False,71.6,7:20,262,22.24,True,True,False,False,9.0,7:46,-5.21,收盤快照,-0.09,False,True
OKLO,AI_R13+SubSector_R12+Combined_R22+RateHike_R2_迴避,35.62,2,False,True,False,True,False,False,47.2,6:00,262,39.65,False,True,True,True,0.0,6:45,-5.55,收盤快照,11.31,False,True
CLS,Combined_R22,323.83,2,False,True,False,False,False,True,52.3,2:49,262,329.94,False,False,False,True,9.0,2:49,3.81,收盤快照,1.89,False,True
ARM,AI_R13+SubSector_R12+Combined_R22,243.98,2,False,True,False,False,False,True,51.6,12:24,262,264.9,False,False,False,True,9.0,12:49,3.1,收盤快照,8.57,False,True
NWBI,Combined_R22,15.45,2,False,False,True,False,False,True,94.7,11:49,262,15.38,False,False,False,True,10.0,12:23,-0.6,收盤快照,-0.45,False,True
WSFS,Combined_R22,79.6,2,False,False,True,False,False,True,93.8,11:24,262,79.18,False,False,False,True,10.0,11:53,-0.8,收盤快照,-0.53,False,True
RKLB,SubSector_R12+RateHike_R2_受惠,63.7,2,False,True,False,True,False,False,54.5,9:45,262,67.82,False,False,False,True,10.0,10:08,-4.57,收盤快照,6.47,False,True
IESC,10MA_R20,325.02,2,False,True,False,True,False,False,48.7,9:33,262,317.16,False,False,False,False,10.0,10:06,-8.62,收盤快照,-2.42,False,True
CBRS,Combined_R22,190.47,2,False,True,False,True,False,False,37.3,9:28,86,194.14,False,True,False,True,10.0,9:55,-7.45,收盤快照,1.93,False,False
AG,SubSector_R12,18.33,2,True,False,False,True,False,False,60.6,8:49,75,19.49,True,True,True,True,0.0,8:49,-2.65,收盤快照,6.33,True,False
ARVN,SubSector_R12,8.16,2,False,True,False,True,False,False,72.5,8:49,262,8.31,True,True,True,False,0.0,8:49,-6.65,收盤快照,1.84,False,True
BNY,Combined_R22,153.47,2,False,False,True,True,False,False,91.0,8:49,262,153.02,False,True,False,False,10.0,8:49,-4.73,收盤快照,-0.29,False,True
ENVA,Combined_R22,172.14,2,False,True,False,True,False,False,56.1,8:49,262,179.06,False,True,False,False,10.0,8:49,-23.67,收盤快照,4.02,False,True
HL,SubSector_R12,17.99,2,True,False,False,True,False,False,59.3,8:49,262,18.96,True,True,True,True,0.0,8:49,-1.22,收盤快照,5.39,True,True
LOB,Combined_R22,38.16,2,False,False,True,True,False,False,87.7,8:49,262,38.25,False,True,False,False,10.0,8:49,-6.23,收盤快照,0.24,False,True
MGM,SubSector_R12,38.39,2,False,False,True,True,False,False,90.6,8:49,262,38.31,False,True,False,False,10.0,8:49,-10.13,收盤快照,-0.21,False,True
O,SubSector_R12,57.15,2,False,False,True,True,False,False,93.9,8:49,262,57.32,False,True,False,False,10.0,8:49,-6.78,收盤快照,0.3,False,True
ONDS,SubSector_R12,7.2,2,False,True,False,True,False,False,51.1,8:49,262,7.39,False,True,False,False,10.0,8:49,-12.67,收盤快照,2.64,False,True
RRBI,Combined_R22,101.75,2,False,False,True,False,False,True,91.6,4:04,262,102.11,True,False,False,True,10.0,4:36,0.25,收盤快照,0.35,False,True
SNX,Combined_R22,260.5,2,False,False,True,False,False,True,82.4,1:55,262,264.41,True,False,False,True,10.0,2:27,2.58,收盤快照,1.5,False,True
DELL,AI_R13+SubSector_R12+Combined_R22,563.29,2,True,True,False,False,False,False,53.4,1:51,262,588.4,True,False,False,False,10.0,2:24,15.96,收盤快照,4.46,False,True
SYM,AI_R13+SubSector_R12,43.11,2,False,True,False,False,False,True,68.7,1:03,262,44.61,False,False,False,False,10.0,1:33,7.08,收盤快照,3.48,False,True
EQH,SubSector_R12,53.88,2,True,False,True,False,False,False,86.9,12:51,262,54.04,True,False,False,False,10.0,1:17,4.4,收盤快照,0.3,False,True
CAT,SubSector_R12+Combined_R22,782.72,2,False,True,True,False,False,False,79.1,12:46,262,798.57,False,False,False,True,10.0,1:14,-2.79,收盤快照,2.02,False,True
OSCR,SubSector_R12,32.34,2,True,False,False,False,False,True,60.9,12:44,262,31.98,True,False,False,True,10.0,1:12,4.36,收盤快照,-1.11,False,True
PRIM,SubSector_R12,76.94,2,False,True,False,False,False,True,61.2,12:28,262,76.59,False,False,False,True,10.0,12:54,-1.05,收盤快照,-0.45,False,True
TXN,SubSector_R12,260.67,2,False,False,True,False,False,True,78.6,12:24,262,258.14,False,False,False,False,10.0,12:53,-3.41,收盤快照,-0.97,False,True
PGC,Combined_R22,45.03,2,False,False,True,False,False,True,90.3,12:14,262,45.41,False,False,False,True,10.0,12:36,-0.52,收盤快照,0.84,False,True
EFSI,10MA_R20,45.76,2,True,False,True,False,False,False,81.6,12:04,262,45.89,True,False,False,False,10.0,12:31,5.51,OHLC,0.28,False,True
KIM,SubSector_R12,22.59,2,False,False,True,True,False,False,94.0,6:26,262,22.57,False,True,False,False,11.0,7:00,-5.29,收盤快照,-0.09,False,True
ATO,SubSector_R12,161.96,2,False,True,True,False,False,False,94.8,4:52,262,162.03,False,False,True,False,0.0,5:15,-3.55,收盤快照,0.04,False,True
CEG,AI_R13+SubSector_R12+Combined_R22,259.53,2,False,True,True,False,False,False,77.4,4:47,262,262.8,False,False,False,False,11.0,5:22,-5.51,收盤快照,1.26,False,True
SO,SubSector_R12,86.23,2,False,True,True,False,False,False,94.6,4:44,262,86.76,False,False,True,False,0.0,5:10,-3.3,收盤快照,0.61,False,True
DUK,SubSector_R12,117.76,2,False,True,True,False,False,False,94.5,4:40,262,118.54,False,False,True,True,0.0,5:06,-2.55,收盤快照,0.66,False,True
C,SubSector_R12,132.95,2,False,False,True,False,False,True,86.7,3:25,262,132.7,False,False,False,True,11.0,3:51,-1.75,收盤快照,-0.19,False,True
MOD,AI_R13+SubSector_R12+Combined_R22,181.18,2,False,True,False,False,False,True,56.8,2:01,262,184.86,False,False,False,True,11.0,2:35,-3.48,收盤快照,2.03,False,True
FTI,Combined_R22,72.78,2,True,False,True,False,False,False,79.8,5:41,262,72.74,True,True,False,False,12.0,6:08,-4.53,收盤快照,-0.05,False,True
APH,AI_R13+SubSector_R12,77.26,2,False,True,True,False,False,False,76.2,4:09,262,78.37,False,False,False,True,12.0,4:32,-3.47,收盤快照,1.44,False,True
CVX,SubSector_R12+Combined_R22+RateHike_R2_迴避,211.54,2,True,False,True,False,False,False,90.0,3:39,262,211.57,True,False,False,False,12.0,4:18,3.16,收盤快照,0.01,False,True
QRVO,10MA_R20,113.97,2,True,False,True,False,False,False,75.1,1:37,262,119.51,True,False,False,False,12.0,2:05,13.58,收盤快照,4.86,False,True
SU,Combined_R22,68.95,2,True,False,True,False,False,False,85.2,12:10,262,69.49,True,False,False,False,12.0,12:42,4.39,收盤快照,0.78,False,True
BAC,SubSector_R12+Combined_R22,57.9,2,False,False,True,True,False,False,90.3,8:49,262,58.18,False,True,False,False,13.0,8:49,-6.65,收盤快照,0.48,False,True
VLO,SubSector_R12+RateHike_R2_受惠,403.28,2,True,False,True,False,False,False,82.4,2:49,262,412.53,True,False,False,False,13.0,2:49,13.19,收盤快照,2.29,False,True
AVAV,SubSector_R12,156.45,2,False,True,False,False,False,True,54.5,11:03,262,163.38,False,False,False,True,14.0,11:45,3.99,收盤快照,4.43,False,True
RDVT,10MA_R20,77.52,2,True,True,False,False,False,False,74.6,10:31,262,77.12,True,False,False,False,14.0,11:01,7.57,收盤快照,-0.52,False,True
DOCU,10MA_R20,70.4,2,True,True,False,False,False,False,70.8,10:05,262,70.64,True,False,False,False,14.0,10:27,9.17,收盤快照,0.34,False,True
PKE,Combined_R22,31.31,2,False,True,False,True,False,False,71.3,8:49,262,30.49,False,True,False,False,14.0,8:49,-10.53,收盤快照,-2.62,False,True
PBR,Combined_R22,20.91,2,True,False,True,False,False,False,82.5,2:28,262,20.94,True,False,False,False,14.0,2:49,6.94,收盤快照,0.14,False,True
WTTR,Combined_R22,20.31,2,True,False,False,False,False,True,69.8,1:22,262,20.36,False,False,False,True,14.0,1:59,0.18,收盤快照,0.25,False,True
FEIM,10MA_R20,84.6,2,True,True,False,False,False,False,42.6,11:54,262,83.82,True,False,False,False,,12:29,12.3,收盤快照,-0.92,False,True
CRWD,AI_R13+SubSector_R12+Combined_R22+10MA_R20,241.36,2,True,True,False,False,False,False,60.1,10:37,262,245.7,True,False,False,False,,11:09,11.8,收盤快照,1.8,False,True
BWXT,AI_R13,145.66,2,False,True,True,False,False,False,76.5,4:01,262,146.35,False,False,False,False,,4:31,-7.88,收盤快照,0.47,False,True
ADM,SubSector_R12+10MA_R20,85.0,2,True,False,True,False,False,False,85.7,2:49,262,88.09,True,False,False,False,,2:49,6.49,收盤快照,3.64,False,True
PARR,Combined_R22,84.9,2,True,True,False,False,False,False,61.1,12:40,262,86.49,True,False,False,False,,1:01,9.35,收盤快照,1.87,False,True
RXT,AI_R13,3.48,2,False,True,False,False,False,True,31.6,11:42,262,3.92,False,False,False,True,,12:02,5.84,收盤快照,12.64,False,True
KR,SubSector_R12,61.14,2,True,False,True,False,False,False,86.7,11:08,262,60.75,True,False,False,False,,11:40,4.62,收盤快照,-0.64,False,True
CMCSA,SubSector_R12,23.73,2,False,False,True,True,False,False,82.2,8:49,262,22.91,False,True,False,False,,8:49,-12.2,收盤快照,-3.46,False,True
METC,SubSector_R12,9.9,2,True,False,False,True,False,False,38.8,6:27,262,9.81,True,True,False,False,,7:02,-21.3,收盤快照,-0.91,False,True
UNH,SubSector_R12+Combined_R22,375.26,2,False,True,True,False,False,False,87.8,5:55,262,375.21,False,True,False,False,,6:38,-4.98,收盤快照,-0.01,False,True
SBAC,SubSector_R12,180.02,2,False,False,True,False,False,True,84.3,5:46,262,181.13,True,True,False,True,,6:19,-1.97,收盤快照,0.62,False,True
NTLA,SubSector_R12,11.49,2,True,True,False,False,False,False,61.6,5:27,262,12.26,True,False,True,True,0.0,5:51,-0.39,收盤快照,6.7,False,True
SIMO,AI_R13,241.14,2,False,True,False,False,False,True,40.9,5:24,75,253.3,False,True,True,True,0.0,7:48,1.84,收盤快照,5.04,False,False
AA,SubSector_R12,46.26,2,True,True,False,False,False,False,70.5,5:23,262,46.97,True,False,True,False,0.0,5:51,-7.25,收盤快照,1.53,False,True
ORCL,AI_R13+Combined_R22,143.16,2,False,True,False,False,False,True,63.9,5:07,262,150.59,True,False,True,True,0.0,5:49,0.35,收盤快照,5.19,False,True
NAKA,10MA_R20,8.2,2,True,True,False,False,False,False,45.8,5:03,181,8.5,True,True,True,False,0.0,6:05,17.53,收盤快照,3.66,False,False
WMB,SubSector_R12,70.9,2,True,False,True,False,False,False,85.9,4:40,262,71.81,True,False,True,True,0.0,5:06,-2.04,收盤快照,1.28,False,True
SLB,SubSector_R12+RateHike_R2_迴避,52.3,2,True,False,True,False,False,False,77.4,4:36,262,52.08,True,False,False,False,,4:55,-5.92,收盤快照,-0.42,False,True
ASX,AI_R13,37.95,2,False,True,False,False,False,True,64.0,4:12,75,39.99,True,True,False,False,,9:28,4.97,收盤快照,5.38,False,False
MOS,SubSector_R12,24.79,2,True,False,False,False,False,True,75.0,4:03,262,25.39,True,False,False,False,,5:05,5.04,收盤快照,2.42,False,True
HOOD,SubSector_R12+Combined_R22+RateHike_R2_迴避,104.42,2,True,False,False,False,False,True,54.4,3:59,262,109.81,True,False,False,True,,4:28,2.69,收盤快照,5.16,False,True
DMLP,10MA_R20,29.46,2,True,False,True,False,False,False,92.5,3:45,262,29.77,True,False,False,False,,4:30,4.51,收盤快照,1.05,False,True
DE,SubSector_R12,669.47,2,True,False,True,False,False,False,84.6,3:36,262,685.63,True,False,False,False,,4:11,5.56,收盤快照,2.41,False,True
FUBO,10MA_R20_跌出,10.6,2,True,False,False,False,False,True,47.8,3:27,262,9.9,True,False,False,True,,3:55,-4.97,收盤快照,-6.6,False,True
CBIO,Combined_R22,17.18,2,True,False,False,False,False,True,47.1,3:26,262,16.77,False,False,False,False,,3:52,-9.08,收盤快照,-2.39,False,True
AESI,10MA_R20,13.57,2,True,True,False,False,False,False,59.8,2:49,262,13.42,True,False,False,True,,2:49,4.38,收盤快照,-1.11,False,True
BE,AI_R13+Combined_R22,270.02,2,True,True,False,False,False,False,41.4,2:49,262,280.76,True,False,False,False,,2:49,16.06,收盤快照,3.98,False,True
CYPH,10MA_R20,2.44,2,True,True,False,False,False,False,23.5,2:49,262,3.07,True,False,False,False,,2:49,32.75,收盤快照,25.82,False,True
DINO,SubSector_R12+Combined_R22+RateHike_R2_受惠,113.97,2,True,False,True,False,False,False,78.6,2:49,262,116.62,True,False,False,False,,2:49,15.33,收盤快照,2.33,False,True
FLUT,SubSector_R12,97.56,2,False,True,False,False,False,True,70.9,2:49,75,92.5,True,False,False,False,,3:30,-5.82,收盤快照,-5.19,False,False
IBM,SubSector_R12+10MA_R20,237.49,2,True,False,False,False,False,True,70.3,2:49,262,237.75,True,False,False,True,,2:49,0.72,收盤快照,0.11,False,True
INTG,10MA_R20,37.3,2,True,True,False,False,False,False,56.2,2:49,262,36.87,True,False,False,True,,2:49,5.03,收盤快照,-1.15,False,True
IPGP,AI_R13,76.96,2,False,True,False,False,False,True,62.9,2:49,262,76.12,False,False,False,True,,2:49,-3.46,收盤快照,-1.09,False,True
MEOH,Combined_R22,61.51,2,True,False,True,False,False,False,75.6,2:49,262,61.03,True,False,False,True,,2:49,2.69,收盤快照,-0.78,False,True
NATH,10MA_R20,98.67,2,False,False,True,False,False,True,97.5,2:49,262,97.94,False,False,False,True,,2:49,0.11,收盤快照,-0.74,False,True
REPX,10MA_R20,43.08,2,True,False,True,False,False,False,82.3,2:49,262,43.31,True,False,False,False,,2:49,7.24,收盤快照,0.53,False,True
SLDE,Combined_R22+10MA_R20,25.67,2,True,False,True,False,False,False,79.5,2:49,262,25.0,True,False,False,False,,2:49,4.87,收盤快照,-2.61,False,True
SMTC,AI_R13,167.55,2,True,True,False,False,False,False,44.8,2:49,262,178.19,True,False,False,False,,2:49,19.84,收盤快照,6.35,False,True
STAG,SubSector_R12,37.08,2,False,False,True,False,False,True,93.9,2:49,262,37.49,False,False,False,True,,2:49,1.08,收盤快照,1.11,False,True
TDOC,SubSector_R12,6.43,2,False,True,False,False,False,True,59.7,2:49,262,6.28,False,False,False,True,,2:49,-3.76,收盤快照,-2.33,False,True
UMC,SubSector_R12,22.53,2,True,True,False,False,False,False,64.9,2:49,75,24.47,True,False,False,False,,2:49,17.28,收盤快照,8.61,False,False
WFC,SubSector_R12,87.05,2,False,False,True,False,False,True,88.9,2:49,262,86.89,False,False,False,True,,3:36,-0.76,收盤快照,-0.18,False,True
XRX,10MA_R20,3.48,2,True,True,False,False,False,False,53.9,2:49,262,3.62,True,False,False,False,,2:49,11.64,收盤快照,4.02,False,True
EBAY,SubSector_R12,109.17,2,False,True,True,False,False,False,83.3,2:29,262,112.9,True,False,False,False,,2:49,6.32,收盤快照,3.42,False,True
RIOT,SubSector_R12,20.35,2,False,True,False,False,False,True,43.7,1:51,262,21.88,False,False,False,True,,2:24,6.68,收盤快照,7.52,False,True
STLD,SubSector_R12+RateHike_R2_受惠,238.23,2,False,False,True,False,False,True,78.9,1:17,262,245.35,False,False,False,True,,1:45,1.49,收盤快照,2.99,False,True
RCAT,SubSector_R12,7.1,1,False,False,False,True,False,False,42.8,7:18,262,7.1,False,True,False,False,2.0,7:33,-28.83,收盤快照,0.0,False,True
TFC,SubSector_R12,48.44,1,False,False,True,False,False,False,90.5,5:06,262,48.45,False,False,False,False,2.0,5:27,-5.06,收盤快照,0.02,False,True
ADBE,AI_R13+SubSector_R12,250.5,1,False,False,False,True,False,False,71.7,8:49,262,252.67,False,True,True,False,0.0,8:49,-5.4,收盤快照,0.87,False,True
SANA,SubSector_R12,2.92,1,False,False,False,True,False,False,48.2,8:49,262,3.1,False,True,True,False,0.0,8:49,-14.32,收盤快照,6.16,False,True
SOUN,AI_R13+Combined_R22,5.93,1,False,False,False,True,False,False,60.3,8:49,262,6.0,True,True,True,False,0.0,8:49,-17.26,收盤快照,1.18,False,True
CRVS,SubSector_R12,12.23,1,False,False,False,True,False,False,64.6,8:43,262,12.55,False,True,True,False,0.0,8:49,-11.12,收盤快照,2.62,False,True
OPEN,SubSector_R12,2.59,1,False,False,False,True,False,False,52.2,7:48,262,2.56,False,True,False,False,3.0,8:14,-27.98,收盤快照,-1.16,False,True
ACM,SubSector_R12,62.81,1,False,False,True,False,False,False,77.2,5:44,262,63.41,False,True,True,False,0.0,6:16,-4.11,收盤快照,0.96,False,True
ALLO,SubSector_R12,1.69,1,False,False,False,True,False,False,57.9,8:49,75,1.73,False,True,False,False,4.0,8:49,-14.06,收盤快照,2.37,False,False
ARWR,Combined_R22,65.79,1,False,False,False,True,False,False,56.7,8:49,262,67.74,False,True,False,False,4.0,8:49,-20.11,收盤快照,2.96,False,True
BOOT,Combined_R22,122.75,1,False,False,False,True,False,False,64.8,8:49,262,122.83,False,True,False,False,4.0,8:49,-23.49,收盤快照,0.07,False,True
CHTR,SubSector_R12,135.0,1,False,False,False,True,False,False,62.8,8:49,262,133.37,False,True,False,False,4.0,8:49,-11.63,收盤快照,-1.21,False,True
DNTH,Combined_R22,102.49,1,False,False,False,True,False,False,67.6,8:49,262,101.12,False,True,False,False,4.0,8:49,-7.6,收盤快照,-1.34,False,True
Z,SubSector_R12,31.31,1,False,False,False,True,False,False,67.2,8:49,262,30.1,False,True,False,False,4.0,8:49,-12.47,收盤快照,-3.86,False,True
BBAI,Combined_R22,2.73,1,False,False,False,True,False,False,63.5,7:33,262,2.84,False,True,True,False,0.0,7:58,-8.05,收盤快照,4.03,False,True
LAMR,SubSector_R12,147.53,1,False,False,True,False,False,False,93.2,3:54,262,146.81,False,False,False,False,4.0,4:22,-3.95,收盤快照,-0.49,False,True
UPS,SubSector_R12+RateHike_R2_迴避,98.77,1,False,False,True,False,False,False,88.8,3:30,262,100.17,False,False,True,True,0.0,3:59,-2.96,收盤快照,1.42,False,True
EPAM,SubSector_R12+10MA_R20,117.17,1,True,False,False,False,False,False,68.0,3:25,262,117.1,True,False,False,False,4.0,3:49,7.25,收盤快照,-0.06,False,True
BA,SubSector_R12+Combined_R22,201.96,1,False,False,True,False,False,False,84.7,3:21,262,197.0,False,False,False,False,4.0,3:41,-8.7,收盤快照,-2.46,False,True
ONON,SubSector_R12,27.15,1,False,True,False,False,False,False,71.2,11:24,75,27.33,False,False,False,False,5.0,12:00,-9.82,收盤快照,0.66,False,False
SNAP,SubSector_R12,5.72,1,False,False,False,False,False,True,64.5,10:21,262,5.65,True,False,False,True,5.0,10:48,3.22,收盤快照,-1.22,False,True
MAX,Combined_R22,11.04,1,False,False,False,True,False,False,68.6,8:49,262,10.57,False,True,False,False,5.0,8:49,-17.12,收盤快照,-4.26,False,True
HRZN,10MA_R20_跌出,4.53,1,False,False,True,False,False,False,80.7,3:54,262,4.72,True,False,True,True,0.0,4:20,-2.34,收盤快照,4.19,False,True
PNC,SubSector_R12+Combined_R22+RateHike_R2_迴避,231.49,1,False,False,True,False,False,False,91.8,3:34,262,232.01,False,False,False,False,5.0,3:50,-5.46,收盤快照,0.22,False,True
INSP,10MA_R20,72.75,1,True,False,False,False,False,False,67.3,10:53,262,72.74,True,False,False,False,6.0,11:16,11.35,收盤快照,-0.01,False,True
SYY,SubSector_R12,78.71,1,False,False,True,False,False,False,90.3,3:42,262,79.11,False,False,False,False,6.0,4:04,-3.75,收盤快照,0.51,False,True
TALO,10MA_R20_跌出,17.42,1,True,False,False,False,False,False,73.5,3:32,262,17.15,True,False,False,True,6.0,4:04,1.97,收盤快照,-1.55,False,True
OBIO,10MA_R20,6.01,1,True,False,False,False,False,False,58.8,11:25,181,5.78,True,False,False,False,8.0,11:54,8.23,收盤快照,-3.83,False,False
CSCO,AI_R13,107.74,1,False,False,True,False,False,False,85.1,10:56,262,110.24,False,False,False,True,8.0,11:25,-2.72,收盤快照,2.32,False,True
BJRI,Combined_R22,59.6,1,False,False,False,True,False,False,73.5,8:49,262,59.93,False,True,True,False,0.0,8:49,-7.4,收盤快照,0.55,False,True
LEU,AI_R13+SubSector_R12,139.01,1,False,False,False,True,False,False,46.2,8:49,262,149.85,False,True,True,False,0.0,8:49,-16.05,收盤快照,7.8,False,True
STX,AI_R13+SubSector_R12,783.18,1,False,True,False,False,False,False,50.4,4:39,262,803.13,False,False,True,True,0.0,5:12,-5.77,收盤快照,2.55,False,True
VIAV,AI_R13,34.47,1,False,True,False,False,False,False,48.2,4:09,262,34.74,False,False,True,False,0.0,4:44,-10.48,收盤快照,0.78,False,True
FORM,AI_R13,104.82,1,False,True,False,False,False,False,42.6,11:54,262,111.53,False,False,False,True,9.0,12:23,-0.72,收盤快照,6.4,False,True
RGTI,SubSector_R12,14.79,1,False,False,False,True,False,False,52.3,8:49,262,15.99,False,True,False,True,9.0,9:30,-3.61,收盤快照,8.11,False,True
DNN,SubSector_R12,2.82,1,False,False,False,True,False,False,59.2,8:30,75,2.89,False,True,True,False,0.0,8:49,-14.05,收盤快照,2.48,False,False
GS,SubSector_R12+Combined_R22+RateHike_R2_迴避,937.98,1,False,False,True,False,False,False,81.8,5:43,262,951.47,False,True,False,False,9.0,6:37,-7.13,收盤快照,1.44,False,True
LRCX,AI_R13+SubSector_R12+Combined_R22,269.23,1,False,True,False,False,False,False,54.7,5:28,262,269.31,False,True,False,False,9.0,6:05,-13.3,收盤快照,0.03,False,True
CRWV,AI_R13+SubSector_R12+Combined_R22,83.35,1,False,True,False,False,False,False,43.1,4:57,262,79.88,False,False,False,False,9.0,5:36,-16.37,收盤快照,-4.16,False,True
ETN,AI_R13+SubSector_R12+Combined_R22+RateHike_R2_受惠,397.8,1,False,True,False,False,False,False,73.9,4:43,262,409.46,False,False,True,True,0.0,5:17,-2.55,收盤快照,2.93,False,True
AMAT,AI_R13+SubSector_R12+Combined_R22,415.38,1,False,True,False,False,False,False,57.9,4:34,262,417.4,False,False,False,False,9.0,5:05,-16.05,收盤快照,0.49,False,True
GNRC,AI_R13,175.11,1,False,True,False,False,False,False,68.1,4:24,262,207.23,True,True,False,True,9.0,9:27,3.65,收盤快照,18.34,False,True
MS,SubSector_R12+Combined_R22+RateHike_R2_迴避,202.42,1,False,False,True,False,False,False,86.3,4:20,262,203.52,False,False,False,False,9.0,4:47,-4.64,收盤快照,0.54,False,True
RIVN,SubSector_R12,15.23,1,False,False,False,False,False,True,63.5,4:01,262,15.4,False,False,False,True,9.0,4:31,-3.09,收盤快照,1.12,False,True
POET,AI_R13+SubSector_R12,7.4,1,False,True,False,False,False,False,45.7,4:00,75,7.51,False,False,True,False,0.0,4:30,-10.58,收盤快照,1.49,False,False
GLW,AI_R13+Combined_R22,144.16,1,False,True,False,False,False,False,49.7,3:33,262,147.8,False,False,False,True,9.0,4:05,-5.06,收盤快照,2.52,False,True
FLEX,SubSector_R12,107.9,1,False,True,False,False,False,False,58.5,12:30,75,109.02,False,False,False,True,9.0,1:00,-4.9,收盤快照,1.04,False,False
HST,Combined_R22,21.76,1,False,False,True,False,False,False,90.1,11:33,262,21.9,False,False,False,False,10.0,12:04,-3.33,收盤快照,0.64,False,True
DAL,SubSector_R12,77.87,1,False,False,True,False,False,False,84.4,10:27,262,79.43,False,False,False,False,10.0,10:56,-3.76,收盤快照,2.0,False,True
UAL,SubSector_R12,106.3,1,False,False,True,False,False,False,77.9,10:26,262,107.64,False,False,False,False,10.0,10:55,-5.69,收盤快照,1.26,False,True
AAL,SubSector_R12,12.7,1,False,False,True,False,False,False,75.8,10:19,262,12.94,False,False,False,False,10.0,10:45,-5.87,收盤快照,1.89,False,True
ELVN,Combined_R22,49.12,1,False,False,False,True,False,False,71.0,8:49,262,50.24,False,True,False,False,10.0,8:49,-14.2,收盤快照,2.28,False,True
NB,SubSector_R12,3.5,1,False,False,False,True,False,False,51.5,8:49,262,3.65,False,True,True,False,0.0,8:49,-24.18,收盤快照,4.29,False,True
LAZ,SubSector_R12,36.61,1,False,False,False,True,False,False,67.6,6:00,75,36.06,False,True,False,False,10.0,6:30,-17.59,收盤快照,-1.5,False,False
TER,AI_R13+SubSector_R12+Combined_R22,341.15,1,False,True,False,False,False,False,49.0,4:52,262,353.13,False,False,True,True,0.0,5:30,-5.2,收盤快照,3.51,False,True
VRT,AI_R13+SubSector_R12+Combined_R22,239.41,1,False,True,False,False,False,False,52.6,4:33,262,241.49,False,False,True,False,0.0,5:04,-8.88,收盤快照,0.87,False,True
NBIS,AI_R13+SubSector_R12+Combined_R22,209.37,1,False,True,False,False,False,False,34.9,4:30,262,217.99,False,False,True,True,0.0,5:15,-3.77,收盤快照,4.12,False,True
VECO,AI_R13,41.04,1,False,True,False,False,False,False,51.8,4:14,262,41.41,False,False,True,False,0.0,4:51,-14.84,收盤快照,0.9,False,True
ASTS,SubSector_R12+RateHike_R2_受惠,59.27,1,False,True,False,False,False,False,46.1,4:05,262,62.71,False,True,False,True,10.0,9:30,-3.73,收盤快照,5.8,False,True
KLAC,AI_R13+SubSector_R12+Combined_R22,167.36,1,False,True,False,False,False,False,58.8,4:05,262,168.98,False,False,True,False,0.0,4:37,-9.96,收盤快照,0.97,False,True
APLD,AI_R13+Combined_R22,24.39,1,False,True,False,False,False,False,46.3,4:01,262,26.38,False,True,False,True,10.0,9:31,-4.36,收盤快照,8.16,False,True
MTB,SubSector_R12,226.01,1,False,False,True,False,False,False,91.3,3:58,262,226.36,False,False,False,False,10.0,4:26,-6.32,收盤快照,0.15,False,True
JEF,SubSector_R12,47.35,1,False,False,True,False,False,False,75.2,3:57,262,47.87,False,False,False,False,10.0,4:17,-10.39,收盤快照,1.1,False,True
VSAT,Combined_R22,70.95,1,False,True,False,False,False,False,52.8,3:51,262,73.02,False,True,False,True,10.0,9:46,-3.69,收盤快照,2.92,False,True
CARR,SubSector_R12,54.26,1,False,False,True,False,False,False,80.7,3:35,262,54.39,False,False,False,False,10.0,3:53,-9.07,收盤快照,0.24,False,True
CGNX,Combined_R22,60.1,1,False,True,False,False,False,False,71.1,3:32,262,60.85,False,True,False,True,10.0,9:45,-2.83,收盤快照,1.25,False,True
NRG,AI_R13+SubSector_R12,107.38,1,False,True,False,False,False,False,67.8,3:30,262,106.23,False,False,False,False,10.0,3:59,-8.07,收盤快照,-1.07,False,True
ROK,SubSector_R12,414.92,1,False,False,True,False,False,False,86.1,3:29,262,410.05,False,False,False,False,10.0,3:58,-5.27,收盤快照,-1.17,False,True
ZION,SubSector_R12+RateHike_R2_迴避,65.47,1,False,False,True,False,False,False,89.2,3:28,262,65.7,False,False,False,False,10.0,3:55,-4.67,收盤快照,0.35,False,True
CMI,AI_R13+SubSector_R12,527.5,1,False,False,True,False,False,False,81.3,3:24,262,523.88,False,False,False,False,10.0,3:48,-10.03,收盤快照,-0.69,False,True
AMKR,AI_R13,46.28,1,False,True,False,False,False,False,45.7,2:49,262,47.95,False,False,False,True,10.0,2:49,-5.87,收盤快照,3.61,False,True
LUV,SubSector_R12,39.15,1,False,False,True,False,False,False,82.2,12:04,262,40.34,False,False,False,True,10.0,12:34,-1.64,收盤快照,3.04,False,True
HPQ,10MA_R20,32.7,1,True,False,False,False,False,False,68.5,11:24,262,34.66,True,False,False,False,11.0,11:38,10.5,收盤快照,5.99,False,True
NEE,SubSector_R12+Combined_R22+RateHike_R2_迴避,80.37,1,False,False,True,False,False,False,94.7,4:43,262,81.28,False,False,True,False,0.0,5:09,-3.1,收盤快照,1.13,False,True
EME,SubSector_R12,739.46,1,False,True,False,False,False,False,73.5,3:57,262,729.26,False,False,False,False,11.0,4:26,-6.42,收盤快照,-1.38,False,True
MTZ,SubSector_R12,225.62,1,False,True,False,False,False,False,56.0,1:38,262,207.75,False,False,False,False,11.0,3:34,-22.01,收盤快照,-7.92,False,True
JBL,SubSector_R12+Combined_R22,297.24,1,False,True,False,False,False,False,70.4,4:20,262,295.94,False,False,False,False,12.0,5:00,-9.36,收盤快照,-0.44,False,True
TLN,AI_R13+SubSector_R12+Combined_R22,287.6,1,False,True,False,False,False,False,66.4,4:09,262,293.31,False,False,True,False,0.0,4:43,-8.72,收盤快照,1.99,False,True
PARA,SubSector_R12,0.97,1,False,True,False,False,False,False,29.7,2:30,75,0.93,False,False,False,False,12.0,2:49,-45.25,收盤快照,-4.12,False,False
SWKS,10MA_R20,85.59,1,True,False,False,False,False,False,61.2,1:19,262,91.32,True,False,False,False,12.0,1:45,18.74,收盤快照,6.69,False,True
AMD,AI_R13+SubSector_R12+Combined_R22,512.5,1,False,True,False,False,False,False,64.0,12:44,262,545.09,True,False,False,False,12.0,1:12,10.36,收盤快照,6.36,False,True
PWR,AI_R13+SubSector_R12+Combined_R22,619.28,1,False,True,False,False,False,False,72.4,12:02,262,616.54,False,False,False,False,12.0,12:33,-4.52,收盤快照,-0.44,False,True
OLN,Combined_R22,17.02,1,False,True,False,False,False,False,71.0,2:35,262,17.01,False,False,False,False,13.0,2:49,-5.14,收盤快照,-0.06,False,True
NFE,RateHike_R2_索引,12.51,1,True,False,False,False,False,False,5.2,12:26,73,12.41,True,False,False,False,14.0,1:17,94.79,收盤快照,-0.8,False,False
WDC,AI_R13+SubSector_R12+Combined_R22,416.97,1,False,True,False,False,False,False,46.1,4:05,262,423.87,False,False,True,False,0.0,4:37,-8.06,收盤快照,1.65,False,True
ALB,SubSector_R12,109.47,1,False,False,False,True,False,False,69.6,8:09,262,115.05,False,True,True,False,0.0,8:43,-12.29,收盤快照,5.1,False,True
IONS,SubSector_R12,44.84,1,False,False,False,True,False,False,58.1,7:59,262,46.75,False,True,True,False,0.0,8:37,-18.82,收盤快照,4.26,False,True
TMC,SubSector_R12,3.63,1,False,False,False,True,False,False,48.2,7:00,75,3.74,False,True,True,False,0.0,7:30,-17.42,收盤快照,3.03,False,False
GAP,Combined_R22,20.17,1,False,False,False,True,False,False,72.8,6:02,262,20.87,False,True,True,True,0.0,6:39,-2.62,收盤快照,3.47,False,True
FRT,SubSector_R12,112.42,1,False,False,True,False,False,False,95.0,5:40,262,111.76,False,True,False,False,,6:12,-4.6,收盤快照,-0.59,False,True
ALEC,SubSector_R12,1.92,1,True,False,False,False,False,False,33.8,5:06,262,1.85,False,False,False,False,,5:27,-16.06,收盤快照,-3.65,False,True
ASPI,SubSector_R12,3.15,1,False,True,False,False,False,False,45.2,4:40,262,3.24,False,False,True,False,0.0,5:05,-19.52,收盤快照,2.86,False,True
CENX,SubSector_R12,39.8,1,False,True,False,False,False,False,59.8,4:38,262,40.75,False,False,True,False,0.0,5:03,-13.37,收盤快照,2.39,False,True
AEO,Combined_R22,14.81,1,False,True,False,False,False,False,63.5,4:38,262,14.91,False,False,True,False,0.0,4:57,-8.82,收盤快照,0.68,False,True
ETR,Combined_R22,102.32,1,False,False,True,False,False,False,92.4,4:31,262,103.31,False,False,True,True,0.0,5:01,-2.96,收盤快照,0.97,False,True
KALU,SubSector_R12,152.38,1,False,True,False,False,False,False,64.7,4:29,262,155.08,False,False,True,False,0.0,4:59,-6.99,收盤快照,1.77,False,True
SMR,AI_R13+SubSector_R12+Combined_R22+RateHike_R2_迴避,8.3,1,False,True,False,False,False,False,42.4,4:25,262,9.04,False,False,True,True,0.0,4:53,-3.83,收盤快照,8.92,False,True
REG,SubSector_R12,73.26,1,False,False,True,False,False,False,94.8,4:07,262,73.12,False,False,False,False,,4:40,-3.68,收盤快照,-0.19,False,True
PEGA,10MA_R20,36.84,1,True,False,False,False,False,False,69.9,3:55,262,36.07,True,False,False,True,,4:51,2.34,收盤快照,-2.09,False,True
EVR,SubSector_R12,261.83,1,False,False,True,False,False,False,78.2,3:49,262,262.61,False,False,False,False,,4:14,-11.4,收盤快照,0.3,False,True
BIDU,AI_R13,88.55,1,False,False,True,False,False,False,76.9,3:30,75,90.03,False,True,False,False,,9:33,-6.11,收盤快照,1.67,False,False
AAON,SubSector_R12,75.56,1,False,True,False,False,False,False,64.1,2:49,262,76.43,False,False,False,False,,2:49,-6.67,收盤快照,1.15,False,True
APP,Combined_R22,326.56,1,False,False,False,False,False,True,61.5,2:49,262,321.6,False,False,False,True,,2:49,0.53,收盤快照,-1.52,False,True
APTV,SubSector_R12,43.34,1,False,True,False,False,False,False,73.6,2:49,262,43.62,False,False,False,False,,2:49,-6.6,收盤快照,0.65,False,True
CVS,SubSector_R12,91.72,1,False,False,True,False,False,False,87.8,2:49,262,90.27,False,False,False,False,,3:34,-5.06,收盤快照,-1.58,False,True
GFS,AI_R13+SubSector_R12,43.03,1,False,True,False,False,False,False,64.0,2:49,262,45.84,False,False,False,True,,2:49,-4.09,收盤快照,6.53,False,True
LASR,AI_R13,38.56,1,False,True,False,False,False,False,41.2,2:49,262,38.43,False,False,False,False,,2:49,-23.6,收盤快照,-0.34,False,True
LII,SubSector_R12,361.04,1,False,True,False,False,False,False,73.0,2:49,262,359.08,False,False,False,False,,2:49,-10.45,收盤快照,-0.54,False,True
LUMN,Combined_R22,6.67,1,False,False,False,False,False,True,61.9,2:49,262,6.48,True,False,False,True,,2:49,0.66,收盤快照,-2.85,False,True
MARA,SubSector_R12,11.04,1,False,False,False,False,False,True,44.0,2:49,262,11.64,True,False,False,True,,2:49,6.8,收盤快照,5.43,False,True
MYGN,10MA_R20,3.86,1,True,False,False,False,False,False,38.7,2:49,262,4.14,True,False,False,False,,2:49,19.64,收盤快照,7.25,False,True
NKTX,SubSector_R12+10MA_R20,2.87,1,True,False,False,False,False,False,51.7,2:49,262,2.81,True,False,False,True,,3:29,4.5,收盤快照,-2.09,False,True
NXPI,SubSector_R12,218.98,1,False,False,True,False,False,False,76.1,2:49,262,227.95,False,False,False,True,,2:49,-0.04,收盤快照,4.1,False,True
PLTK,SubSector_R12,2.33,1,False,True,False,False,False,False,55.9,2:49,75,2.31,False,False,False,False,,2:49,-7.38,收盤快照,-0.86,False,False
QCOM,AI_R13+Combined_R22,184.84,1,True,False,False,False,False,False,72.8,2:49,262,188.71,True,False,False,False,,2:49,9.95,收盤快照,2.09,False,True
RBLX,SubSector_R12,47.43,1,True,False,False,False,False,False,56.1,2:49,262,47.5,True,False,False,False,,2:49,14.67,收盤快照,0.15,False,True
CNXN,10MA_R20,87.12,1,False,False,True,False,False,False,87.8,12:47,262,86.46,True,False,False,False,,1:12,5.3,收盤快照,-0.76,False,True
CMG,SubSector_R12,33.68,0,False,False,False,False,False,False,73.8,5:27,262,33.51,True,False,False,False,3.0,5:52,-5.18,收盤快照,-0.5,False,True
ENPH,SubSector_R12,35.56,0,False,False,False,False,False,False,59.9,11:28,262,36.02,False,False,False,True,9.0,11:49,-5.45,收盤快照,1.29,False,True
RMBS,AI_R13,81.41,0,False,False,False,False,False,False,58.9,1:48,262,85.87,False,False,False,True,9.0,2:29,-5.08,收盤快照,5.48,False,True
FSLR,SubSector_R12+RateHike_R2_迴避,191.07,0,False,False,False,False,False,False,67.5,3:32,262,201.16,False,False,True,False,0.0,4:04,-8.54,收盤快照,5.28,False,True
JBHT,SubSector_R12,236.73,0,False,False,False,False,False,False,73.8,3:27,262,236.8,False,False,False,False,10.0,3:54,-11.03,收盤快照,0.03,False,True
MCHP,Combined_R22,69.59,0,False,False,False,False,False,False,69.4,3:22,262,70.82,False,False,True,False,0.0,3:43,-7.09,收盤快照,1.77,False,True
VKTX,SubSector_R12,29.52,0,False,False,False,False,False,False,66.1,5:16,262,29.36,False,False,False,False,11.0,5:43,-12.45,收盤快照,-0.54,False,True
NXT,SubSector_R12,78.03,0,False,False,False,False,False,False,59.8,12:57,262,83.36,False,False,False,False,11.0,1:31,-6.88,收盤快照,6.83,False,True
WFRD,SubSector_R12,82.3,0,False,False,False,False,False,False,71.4,5:33,262,82.05,False,True,False,False,14.0,6:04,-11.68,收盤快照,-0.3,False,True
ON,SubSector_R12,66.6,0,False,False,False,False,False,False,54.6,2:49,262,68.3,False,False,False,False,,2:49,-9.45,收盤快照,2.55,False,True
LEGN,SubSector_R12,17.0,0,False,False,False,False,False,False,59.7,4:55,262,17.58,False,False,True,False,0.0,5:18,-15.39,收盤快照,3.41,False,True
VCYT,Combined_R22,38.5,0,False,False,False,False,False,False,57.8,3:25,262,40.57,False,False,True,False,0.0,3:51,-5.58,收盤快照,5.38,False,True
RUN,SubSector_R12,8.27,0,False,False,False,False,False,False,59.7,1:57,262,8.72,False,False,False,False,,2:27,-5.74,收盤快照,5.44,False,True
