ticker,date,close,atr,c1,grav,grav_slope,grav_shift5atr,c2,volidx,volidx_slope,volidx_prev,c3,atr_pct,sd60_pct,vcp,vcp_slope,vcp_grade,c4,clock,theta,cycle,cyc_prog,cyc_days,c5,c5_days,hist,hist_prev,hist_trough,still_light,c6,dist_grav_pct,dist_grav_atr,lr_line,dist_lr_pct,dist_lr_atr,turnover20_m,bar_src,lr_dir,struct,mk,inBox,bars,score,lists
ROKU,2026-09-21,154.33,2.08,True,155.71,0.096,0.84,True,95.8,0.16,95.7,True,1.35,0.93,76.7,0.4,A 待突破,True,8:49,264.6,跌,145.0,17,True,0.0,-0.6982,-0.7393,-1.0296,True,True,-0.89,-0.66,157.45,-2.02,-1.5,357.1,OHLC,—,LH/LL,次級回檔,False,265,6,universe
KYN,2026-09-21,14.42,0.25,True,14.76,0.01,0.21,True,94.1,0.22,93.9,True,1.7,1.06,58.3,0.5,C 基底修復,True,6:12,186.0,跌,53.0,8,True,0.0,-0.0726,-0.0727,-0.0741,True,True,-2.36,-1.39,,,,4.2,OHLC,↑,HH/HL,自然回檔,False,265,6,universe
V,2026-09-21,369.95,5.66,True,370.51,0.094,0.07,True,94.0,0.11,93.9,True,1.53,1.25,62.1,-9.9,C 基底修復,True,8:49,264.6,跌,182.0,13,True,0.0,-1.2113,-1.2919,-1.8904,True,True,-0.15,-0.1,377.17,-1.95,-1.27,2327.9,OHLC,—,LH/LL,UT,True,265,6,universe
HTO,2026-09-21,62.61,1.27,True,63.17,0.01,0.08,True,92.5,0.24,92.2,True,2.03,1.14,54.9,-1.3,C 基底修復,True,8:49,264.6,跌,119.0,8,True,0.0,-0.1763,-0.1795,-0.4954,True,True,-0.9,-0.44,63.1,-0.78,-0.39,27.5,OHLC,—,HH/HL,DT,False,265,6,universe
CGBD,2026-09-21,11.52,0.24,True,11.43,0.028,0.62,True,89.8,0.39,89.4,True,2.12,1.67,50.5,10.1,C 基底修復,True,7:55,237.4,跌,82.0,11,True,0.0,-0.0377,-0.0438,-0.0612,True,True,0.76,0.36,11.76,-2.04,-0.96,5.1,OHLC,—,LH/LL,自然反彈,True,265,6,universe
GSBD,2026-09-21,9.8,0.23,True,9.85,0.023,0.64,True,87.5,0.33,87.2,True,2.34,1.93,47.8,2.0,C 基底修復,True,8:49,264.6,跌,128.0,13,True,0.0,-0.0343,-0.041,-0.0878,True,True,-0.47,-0.2,9.58,2.24,0.96,8.0,OHLC,↑,HH/HL,自然回檔,False,265,6,universe
MCK,2026-09-21,886.47,21.93,True,884.18,0.546,0.27,True,86.5,0.14,86.4,True,2.47,1.99,45.6,-2.3,C 基底修復,True,8:49,264.6,跌,114.0,9,True,0.0,-4.1283,-4.5276,-5.4753,True,True,0.26,0.1,910.95,-2.76,-1.12,857.1,OHLC,—,LH/LL,自然回檔,True,265,6,universe
CNNE,2026-09-21,15.23,0.43,True,15.3,0.004,0.11,True,85.7,0.39,85.3,True,2.85,1.79,54.5,12.7,C 基底修復,True,6:52,205.9,跌,64.0,8,True,0.0,-0.0807,-0.0875,-0.0875,True,True,-0.44,-0.15,15.66,-2.82,-0.99,8.2,OHLC,—,LH/LL,DT,True,265,6,universe
MLR,2026-09-21,54.07,1.81,True,55.62,0.028,0.2,True,83.9,0.8,83.1,True,3.35,1.65,60.3,0.2,A 待突破,True,8:49,264.6,跌,194.0,16,True,0.0,-0.3058,-0.3096,-0.4401,True,True,-2.87,-0.86,55.94,-3.46,-1.03,5.4,OHLC,—,LH/LL,自然回檔,True,265,6,universe
CQP,2026-09-21,66.01,2.05,True,67.93,0.044,0.03,True,83.6,0.79,82.8,True,3.11,1.94,44.0,6.5,C 基底修復,True,8:49,264.6,跌,168.0,12,True,0.0,-0.5145,-0.5819,-0.5975,True,True,-2.91,-0.93,,,,7.4,OHLC,—,HH/HL,DT,False,265,6,universe
DFIN,2026-09-21,48.41,1.6,True,48.37,0.02,-0.1,True,79.8,0.83,79.0,True,3.31,2.47,42.9,2.8,C 基底修復,True,6:04,181.9,跌,51.0,7,True,0.0,-0.1203,-0.1472,-0.5101,True,True,0.09,0.03,49.26,-1.77,-0.53,12.0,OHLC,—,LH/LL,自然回檔,True,265,6,universe
EL,2026-09-21,96.34,3.14,True,97.17,0.145,0.25,True,78.8,0.5,78.3,True,3.25,2.71,56.5,16.9,C 基底修復,True,8:47,263.5,跌,96.0,10,True,0.0,-1.2516,-1.46,-1.46,True,True,-0.86,-0.26,103.86,-7.81,-2.4,308.4,OHLC,↓,LH/LL,自然反彈,False,265,6,universe
AVPT,2026-09-21,13.36,0.46,True,13.34,0.033,0.14,True,78.1,0.37,77.8,True,3.44,2.65,55.1,0.9,B 上升結構,True,8:49,264.6,跌,189.0,13,True,0.0,-0.0276,-0.0323,-0.1419,True,True,0.18,0.05,13.6,-1.8,-0.52,23.0,OHLC,↓,LH/LL,次級回檔,False,265,6,universe
CLMB,2026-09-21,28.56,1.09,True,28.0,0.018,0.21,True,77.1,0.0,77.1,True,3.81,2.47,65.9,2.1,C 基底修復,True,8:49,264.6,跌,203.0,25,True,0.0,-0.0346,-0.078,-0.2186,True,True,1.95,0.51,29.23,-2.35,-0.62,3.7,OHLC,—,LH/LL,UT,True,265,6,universe
NE,2026-09-21,44.2,1.6,True,45.34,0.091,0.43,True,77.0,0.27,76.7,True,3.62,2.69,57.6,-2.4,B 上升結構,True,7:58,239.0,跌,83.0,11,True,0.0,-0.3546,-0.3606,-0.3606,True,True,-2.57,-0.71,47.2,-6.79,-1.88,52.9,OHLC,—,LH/LL,次級回檔,True,265,6,universe
SXC,2026-09-21,9.5,0.35,True,9.71,0.006,0.46,True,76.7,0.96,75.8,True,3.73,2.63,74.8,-0.8,B 上升結構,True,7:48,234.0,跌,80.0,8,True,0.0,-0.1195,-0.1219,-0.1219,True,True,-2.22,-0.6,9.46,0.42,0.11,9.8,OHLC,↑,HH/HL,自然反彈,False,265,6,universe
VEEV,2026-09-21,261.31,8.9,True,262.07,1.503,1.0,True,76.3,0.56,75.7,True,3.41,3.03,65.3,-0.1,B 上升結構,True,8:49,264.6,跌,148.0,10,True,0.0,-3.4396,-3.4728,-3.4728,True,True,-0.29,-0.09,266.62,-2.03,-0.6,513.7,OHLC,—,LH/LL,自然回檔,True,265,6,universe
FLXS,2026-09-21,81.16,3.52,True,80.08,0.055,0.13,True,75.6,1.02,74.6,True,4.34,2.22,77.1,5.6,A 待突破,True,7:00,210.0,跌,67.0,7,True,0.0,-0.4742,-0.5234,-0.864,True,True,1.34,0.31,83.5,-2.88,-0.66,8.0,OHLC,—,LH/LL,自然反彈,True,265,6,universe
CME,2026-09-21,275.53,5.59,True,275.2,0.261,0.28,True,90.8,0.44,90.4,True,2.03,1.53,39.5,1.6,C 基底修復,True,8:49,264.6,跌,98.0,11,True,1.0,-1.3748,-1.5558,-1.8126,True,True,0.12,0.06,280.46,-1.79,-0.88,530.4,OHLC,—,LH/LL,DT,True,265,6,universe
ICE,2026-09-21,155.37,3.34,True,157.56,0.147,0.34,True,90.5,0.61,89.9,True,2.15,1.48,51.2,-1.0,C 基底修復,True,8:49,264.6,跌,133.0,14,True,1.0,-1.0209,-1.139,-1.2654,True,True,-1.41,-0.66,160.53,-3.32,-1.55,497.6,OHLC,↓,LH/LL,DT,False,265,6,universe
BST,2026-09-21,49.61,1.07,True,49.67,0.017,-0.02,True,89.4,0.13,89.3,True,2.15,1.72,71.5,3.2,A 待突破,True,8:49,264.6,跌,122.0,12,True,1.0,-0.2589,-0.379,-0.4143,True,True,-0.12,-0.05,51.21,-3.23,-1.5,4.5,OHLC,—,LH/LL,UT,False,265,6,universe
CLDT,2026-09-21,13.14,0.33,True,13.04,0.01,-0.23,True,88.1,0.52,87.6,True,2.54,1.61,68.7,5.7,C 基底修復,True,8:49,264.6,跌,127.0,14,True,1.0,-0.007,-0.0268,-0.1676,True,True,0.76,0.3,12.64,3.84,1.51,3.5,OHLC,—,HH/HL,自然反彈,True,265,6,universe
SOLV,2026-09-21,88.84,2.3,True,88.94,0.228,0.31,True,86.4,0.64,85.7,True,2.59,1.91,81.4,1.4,A 待突破,True,8:49,264.6,跌,130.0,13,True,1.0,-0.5194,-0.5754,-0.7118,True,True,-0.12,-0.04,87.45,1.56,0.6,84.7,OHLC,—,HH/HL,自然回檔,True,265,6,universe
TRGP,2026-09-21,289.36,7.46,True,289.95,1.336,0.71,True,86.1,0.35,85.7,True,2.58,1.99,69.6,-3.7,A 待突破,True,7:55,237.4,跌,82.0,11,True,1.0,-1.0732,-1.2278,-2.2924,True,True,-0.21,-0.08,296.06,-2.32,-0.9,330.9,OHLC,—,LH/LL,次級反彈,True,265,6,universe
MPLX,2026-09-21,59.09,0.98,True,59.11,0.009,-0.17,True,94.1,0.06,94.1,True,1.65,1.11,59.8,0.1,C 基底修復,True,6:50,205.2,跌,64.0,6,True,2.0,-0.0933,-0.1148,-0.1963,True,True,-0.04,-0.02,58.36,1.24,0.75,72.0,OHLC,↑,HH/HL,次級反彈,False,265,6,universe
STRC,2026-09-21,98.78,1.0,True,96.96,0.148,0.82,True,93.6,0.98,92.6,True,1.01,1.88,55.7,-0.2,C 基底修復,True,6:32,196.1,跌,59.0,14,True,2.0,-0.1766,-0.2163,-0.2753,True,True,1.84,1.82,96.99,1.81,1.79,153.1,OHLC,—,HH/HL,UT,True,265,6,universe
PFE,2026-09-21,27.74,0.5,True,27.74,0.049,0.86,True,92.8,0.23,92.6,True,1.8,1.29,69.2,2.4,C 基底修復,True,7:53,236.5,跌,81.0,10,True,2.0,-0.1564,-0.1771,-0.2063,True,True,0.02,0.01,28.19,-1.62,-0.9,930.8,OHLC,—,LH/LL,DT,True,265,6,universe
XRN,2026-09-21,36.22,0.86,True,36.55,0.013,0.1,True,89.8,0.13,89.7,True,2.36,1.41,47.1,8.0,C 基底修復,True,7:52,235.8,跌,81.0,8,True,2.0,-0.0917,-0.1205,-0.3093,True,True,-0.92,-0.39,36.11,0.3,0.13,3.4,OHLC,—,HH/HL,DT,True,265,6,universe
RHP,2026-09-21,121.68,3.07,True,123.73,0.003,-0.33,True,88.8,0.23,88.6,True,2.52,1.47,57.7,-0.1,C 基底修復,True,8:49,264.6,跌,111.0,14,True,2.0,-0.169,-0.2845,-1.7354,True,True,-1.68,-0.67,124.43,-2.26,-0.9,74.8,OHLC,—,LH/LL,DT,True,265,6,universe
RPRX,2026-09-21,58.44,1.43,True,60.04,0.08,0.12,True,88.4,0.13,88.3,True,2.44,1.63,53.4,2.0,C 基底修復,True,8:49,264.6,跌,122.0,9,True,2.0,-0.4527,-0.4939,-0.5731,True,True,-2.75,-1.12,64.38,-10.16,-4.16,188.0,OHLC,—,LH/LL,自然回檔,True,265,6,universe
PK,2026-09-21,15.15,0.39,True,15.31,0.035,0.16,True,87.5,0.52,87.0,True,2.61,1.66,74.0,12.6,A 待突破,True,8:49,264.6,跌,138.0,15,True,2.0,-0.0633,-0.0778,-0.1174,True,True,-1.04,-0.4,15.56,-2.71,-1.04,53.8,OHLC,↓,LH/LL,DT,False,265,6,universe
REGN,2026-09-21,798.17,19.06,True,806.8,0.634,0.11,True,87.3,0.07,87.3,True,2.39,1.92,57.9,4.6,A 待突破,True,8:49,264.6,跌,157.0,18,True,2.0,-6.332,-8.0337,-10.1122,True,True,-1.08,-0.45,794.19,0.5,0.21,556.5,OHLC,—,HH/HL,自然反彈,False,265,6,universe
TGT,2026-09-21,157.71,4.05,True,158.88,0.215,0.3,True,86.3,0.51,85.8,True,2.57,1.94,80.8,0.1,A 待突破,True,8:49,264.6,跌,182.0,15,True,2.0,-1.0868,-1.2123,-1.7752,True,True,-0.74,-0.29,164.44,-4.27,-1.66,609.8,OHLC,↓,LH/LL,自然反彈,False,265,6,universe
RGLD,2026-09-21,250.11,7.59,True,250.43,0.805,0.92,True,82.3,0.62,81.7,True,3.03,2.26,50.0,0.9,C 基底修復,True,8:49,264.6,跌,124.0,13,True,2.0,-2.974,-3.1958,-3.6054,True,True,-0.13,-0.04,240.76,3.74,1.23,173.4,OHLC,—,HH/HL,自然反彈,False,265,6,universe
TWN,2026-09-21,102.73,3.55,True,99.72,0.159,0.57,True,79.3,0.18,79.1,True,3.45,2.42,86.5,3.4,A 待突破,True,6:18,188.8,跌,55.0,8,True,2.0,-0.548,-0.8229,-1.1017,True,True,2.93,0.85,100.36,2.31,0.67,3.0,OHLC,—,HH/HL,自然反彈,False,265,6,universe
IBKR,2026-09-21,93.21,3.02,True,91.86,0.345,0.19,True,79.0,0.26,78.7,True,3.24,2.69,76.0,9.5,B 上升結構,True,8:49,264.6,跌,116.0,13,True,2.0,-0.1035,-0.4219,-0.8603,True,True,1.44,0.45,93.29,-0.09,-0.03,362.7,OHLC,↓,LH/LL,自然反彈,False,265,6,universe
NEM,2026-09-21,123.05,4.25,True,124.98,0.502,0.72,True,78.0,0.3,77.7,True,3.45,2.67,62.4,-1.6,A 待突破,True,8:49,264.6,跌,137.0,14,True,2.0,-1.4994,-1.5566,-1.7257,True,True,-1.57,-0.46,130.71,-6.23,-1.8,1007.2,OHLC,—,LH/LL,自然反彈,True,265,6,universe
VNDA,2026-09-21,5.16,0.19,True,5.22,0.005,0.07,True,77.8,0.66,77.2,True,3.66,2.49,22.3,3.5,D 趨勢弱,True,8:49,264.6,跌,112.0,8,True,2.0,-0.0112,-0.0197,-0.0771,True,True,-1.14,-0.31,5.15,0.19,0.05,3.9,OHLC,↓,LH/LL,自然反彈,False,265,6,universe
TECK,2026-09-21,66.76,2.32,True,67.61,0.004,0.09,True,77.3,0.67,76.6,True,3.48,2.78,81.1,3.0,B 上升結構,True,8:49,264.6,跌,120.0,14,True,2.0,-0.5489,-0.7055,-0.8188,True,True,-1.27,-0.37,63.11,5.47,1.57,195.1,OHLC,—,HH/HL,自然反彈,False,265,6,universe
GBTG,2026-09-21,9.46,0.03,True,9.47,0.0,0.25,False,99.8,-0.0,99.8,True,0.27,0.14,76.2,0.1,A 待突破,True,8:49,264.6,跌,663.0,84,True,0.0,-0.0046,-0.0046,-0.0198,True,True,-0.08,-0.31,9.46,0.0,0.0,18.8,OHLC,↑,HH/HL,UT,False,265,5,universe
ARCC,2026-09-21,19.44,0.28,False,19.81,-0.017,-0.01,True,95.1,0.16,94.9,True,1.46,1.03,39.0,0.7,C 基底修復,True,8:49,264.6,跌,259.0,22,True,0.0,-0.0762,-0.0806,-0.0933,True,True,-1.91,-1.31,19.9,-2.37,-1.62,84.3,OHLC,↓,LH/LL,DT,False,265,5,universe
GABC,2026-09-21,49.18,0.91,False,49.84,-0.037,-0.43,True,93.2,0.23,93.0,True,1.85,1.15,57.0,-1.4,C 基底修復,True,8:49,264.6,跌,203.0,30,True,0.0,-0.086,-0.0876,-0.2829,True,True,-1.34,-0.72,48.94,0.49,0.26,6.3,OHLC,—,HH/HL,自然反彈,True,265,5,universe
HSBC,2026-09-21,103.21,1.76,False,103.69,-0.022,-0.32,True,93.1,0.04,93.1,True,1.71,1.31,63.2,6.8,C 基底修復,True,7:00,210.0,跌,67.0,8,True,0.0,-0.3812,-0.4757,-0.5414,True,True,-0.46,-0.27,102.3,0.88,0.52,133.8,OHLC,—,HH/HL,自然反彈,False,265,5,universe
CURB,2026-09-21,28.66,0.59,False,29.49,-0.028,-0.51,True,92.3,0.22,92.1,True,2.06,1.15,41.5,4.2,C 基底修復,True,8:42,261.2,跌,95.0,13,True,0.0,-0.0811,-0.093,-0.2252,True,True,-2.9,-1.41,29.86,-4.19,-2.03,43.0,OHLC,↓,LH/LL,DT,False,265,5,universe
CCBG,2026-09-21,50.19,1.04,False,51.0,-0.048,-0.53,True,92.0,0.28,91.7,True,2.07,1.22,45.2,-0.2,C 基底修復,True,8:49,264.6,跌,257.0,33,True,0.0,-0.0975,-0.1108,-0.2574,True,True,-1.62,-0.78,51.56,-2.73,-1.32,3.5,OHLC,—,LH/LL,DT,True,265,5,universe
OTTR,2026-09-21,88.13,1.76,False,90.14,-0.146,-0.56,True,91.9,0.11,91.8,True,2.0,1.31,38.3,12.4,C 基底修復,True,8:49,264.6,跌,370.0,25,True,0.0,-0.1265,-0.1715,-0.4109,True,True,-2.28,-1.14,88.3,-0.19,-0.1,22.3,OHLC,↓,LH/LL,DT,False,265,5,universe
TRIN,2026-09-21,17.72,0.34,False,18.2,-0.003,0.26,True,91.9,0.27,91.6,True,1.93,1.38,44.4,0.6,C 基底修復,True,8:49,264.6,跌,104.0,14,True,0.0,-0.0793,-0.0883,-0.1144,True,True,-2.69,-1.4,18.01,-1.64,-0.85,16.3,OHLC,—,LH/LL,自然回檔,True,265,5,universe
VLTO,2026-09-21,95.18,1.81,False,96.97,-0.117,-0.23,True,91.5,0.27,91.2,True,1.9,1.5,35.5,2.1,C 基底修復,True,8:49,264.6,跌,287.0,28,True,0.0,-0.2774,-0.338,-0.7458,True,True,-1.88,-0.99,97.11,-2.03,-1.07,158.3,OHLC,—,LH/LL,自然反彈,True,265,5,universe
SR,2026-09-21,79.76,1.7,False,81.86,-0.048,-0.13,True,91.4,0.03,91.4,True,2.14,1.28,16.5,1.2,D 趨勢弱,True,8:12,246.1,跌,87.0,9,True,0.0,-0.3425,-0.3739,-0.3739,True,True,-2.64,-1.23,80.86,-1.38,-0.65,44.0,OHLC,↓,LH/LL,DT,False,265,5,universe
WELL,2026-09-21,232.76,4.98,False,235.36,-0.177,-0.11,True,91.3,0.04,91.2,True,2.14,1.32,51.2,3.6,C 基底修復,True,8:20,250.0,跌,89.0,11,True,0.0,-0.8122,-0.9769,-2.4457,True,True,-1.12,-0.52,240.31,-3.24,-1.52,626.5,OHLC,—,LH/LL,DT,True,265,5,universe
CASS,2026-09-21,55.09,1.32,False,56.34,-0.076,-0.32,True,90.9,0.33,90.6,True,2.39,1.15,51.6,0.5,C 基底修復,True,8:49,264.6,跌,152.0,25,True,0.0,-0.1514,-0.1725,-0.4201,True,True,-2.26,-0.95,56.59,-2.72,-1.14,4.9,OHLC,—,LH/LL,自然回檔,True,265,5,universe
STT,2026-09-21,184.4,4.15,False,188.5,-0.034,-0.24,True,90.2,0.37,89.8,True,2.25,1.44,62.5,1.2,C 基底修復,True,8:49,264.6,跌,171.0,15,True,0.0,-1.3402,-1.4808,-1.4808,True,True,-2.22,-0.99,195.4,-5.97,-2.65,302.9,OHLC,↓,LH/LL,DT,False,265,5,universe
CUBI,2026-09-21,78.87,1.81,False,79.44,-0.083,-0.54,True,89.9,0.24,89.7,True,2.29,1.46,51.0,6.8,C 基底修復,True,8:49,264.6,跌,171.0,24,True,0.0,-0.0546,-0.1241,-0.5837,True,True,-0.72,-0.31,79.75,-1.12,-0.49,20.6,OHLC,—,LH/LL,次級回檔,True,265,5,universe
GLP,2026-09-21,50.62,1.28,True,50.91,0.049,0.16,True,89.0,0.39,88.6,True,2.53,1.42,52.8,6.5,C 基底修復,False,5:51,175.3,跌,47.0,6,True,0.0,-0.3893,-0.4301,-0.4301,True,True,-0.58,-0.23,49.74,1.74,0.69,3.1,OHLC,—,HH/HL,自然反彈,False,265,5,universe
NVR,2026-09-21,6188.95,145.0,False,6277.44,-7.378,-0.15,True,88.8,0.17,88.7,True,2.34,1.65,13.6,2.7,D 趨勢弱,True,7:52,235.9,跌,81.0,11,True,0.0,-4.5853,-5.8519,-41.3398,True,True,-1.43,-0.61,6299.56,-1.79,-0.76,249.9,OHLC,—,LH/LL,自然回檔,True,265,5,universe
FCNCA,2026-09-21,2121.73,50.58,False,2175.75,-2.869,-0.43,True,88.6,0.46,88.2,True,2.38,1.65,43.7,1.4,C 基底修復,True,8:49,264.6,跌,155.0,24,True,0.0,-6.8784,-7.6647,-14.4289,True,True,-2.55,-1.07,2197.69,-3.58,-1.5,138.0,OHLC,—,LH/LL,自然回檔,False,265,5,universe
FULC,2026-09-21,3.8,0.08,False,3.82,-0.002,0.06,True,88.5,0.74,87.7,True,2.15,1.92,33.7,2.5,D 趨勢弱,True,6:54,207.1,跌,65.0,9,True,0.0,-0.0075,-0.0102,-0.0102,True,True,-0.49,-0.23,3.92,-3.03,-1.41,5.0,OHLC,—,LH/LL,自然回檔,True,265,5,universe
NWS,2026-09-21,32.86,0.74,False,33.61,-0.003,-0.03,True,88.4,0.52,87.8,True,2.26,1.84,42.1,0.1,C 基底修復,True,8:49,264.6,跌,175.0,14,True,0.0,-0.2108,-0.2134,-0.3361,True,True,-2.28,-1.01,33.86,-3.04,-1.35,43.7,OHLC,—,LH/LL,自然回檔,True,265,5,universe
COR,2026-09-21,316.49,7.48,False,320.8,-0.269,-0.0,True,88.3,0.05,88.2,True,2.36,1.75,21.0,3.5,C 基底修復,True,8:49,264.6,跌,124.0,9,True,0.0,-2.3383,-2.6931,-2.6931,True,True,-1.36,-0.58,338.71,-7.02,-2.97,393.1,OHLC,↓,LH/LL,自然反彈,False,265,5,universe
IFF,2026-09-21,83.6,1.79,False,84.83,-0.053,-0.04,True,87.8,0.31,87.5,True,2.14,2.06,64.9,1.4,A 待突破,True,8:49,264.6,跌,142.0,13,True,0.0,-0.4362,-0.4587,-0.5841,True,True,-1.48,-0.69,85.61,-2.4,-1.12,137.3,OHLC,—,LH/LL,自然回檔,True,265,5,universe
MMI,2026-09-21,30.86,0.79,False,31.27,-0.042,-0.35,True,87.8,0.27,87.6,True,2.57,1.64,40.1,4.1,C 基底修復,True,8:49,264.6,跌,231.0,15,True,0.0,-0.1337,-0.1707,-0.1707,True,True,-1.33,-0.52,31.62,-2.46,-0.96,4.4,OHLC,—,LH/LL,自然反彈,True,265,5,universe
JAZZ,2026-09-21,241.46,6.37,False,248.39,-0.396,-0.4,True,86.9,0.17,86.7,True,2.64,1.76,67.6,1.9,C 基底修復,True,8:49,264.6,跌,236.0,18,True,0.0,-0.3643,-0.4065,-2.0631,True,True,-2.87,-1.09,245.87,-1.83,-0.69,265.2,OHLC,—,LH/LL,DT,True,265,5,universe
C,2026-09-21,135.05,3.59,True,134.8,0.008,-0.12,True,86.8,0.09,86.7,True,2.66,1.75,59.3,9.0,A 待突破,False,4:42,141.0,跌,28.0,4,True,0.0,-0.3066,-0.4183,-0.9585,True,True,0.19,0.07,133.82,0.91,0.34,1284.3,OHLC,—,HH/HL,自然反彈,False,265,5,universe
FSUN,2026-09-21,39.52,0.84,False,40.06,-0.011,-0.19,True,86.8,0.25,86.6,True,2.12,2.29,63.5,0.7,A 待突破,True,8:49,264.6,跌,129.0,22,True,0.0,-0.1904,-0.2065,-0.3321,True,True,-1.38,-0.65,39.38,0.35,0.17,14.6,OHLC,↑,HH/HL,自然回檔,False,265,5,universe
CCI,2026-09-21,73.22,1.93,False,74.76,-0.073,-0.27,True,86.0,0.71,85.3,True,2.63,1.94,12.1,-0.7,D 趨勢弱,True,7:48,234.0,跌,80.0,6,True,0.0,-0.1839,-0.1957,-0.1957,True,True,-2.1,-0.8,75.62,-3.28,-1.24,234.3,OHLC,↓,LH/LL,DT,False,265,5,universe
PDM,2026-09-21,9.33,0.27,False,9.48,-0.009,-0.23,True,85.8,0.79,85.0,True,2.94,1.68,51.1,3.6,C 基底修復,True,8:49,264.6,跌,138.0,15,True,0.0,-0.0395,-0.0474,-0.0815,True,True,-1.63,-0.55,9.21,1.29,0.44,18.4,OHLC,↓,LH/LL,自然反彈,False,265,5,universe
MBIN,2026-09-21,52.35,1.46,False,53.08,-0.043,-0.51,True,85.7,0.65,85.1,True,2.78,1.85,54.4,-0.5,C 基底修復,True,8:49,264.6,跌,267.0,25,True,0.0,-0.1442,-0.1675,-0.4611,True,True,-1.4,-0.5,53.15,-1.53,-0.55,12.1,OHLC,↓,LH/LL,自然回檔,False,265,5,universe
USLM,2026-09-21,114.55,3.19,False,117.44,-0.124,-0.14,True,85.4,0.41,85.0,True,2.78,1.91,14.6,0.7,D 趨勢弱,True,8:49,264.6,跌,230.0,21,True,0.0,-0.5623,-0.6147,-0.8507,True,True,-2.52,-0.9,118.04,-3.05,-1.09,16.9,OHLC,—,LH/LL,DT,True,265,5,universe
KHC,2026-09-21,24.37,0.67,False,24.92,-0.017,-0.28,True,85.2,0.23,85.0,True,2.75,1.98,35.8,0.2,C 基底修復,True,8:49,264.6,跌,133.0,11,True,0.0,-0.0649,-0.0651,-0.2905,True,True,-2.27,-0.83,24.99,-2.54,-0.92,586.5,OHLC,—,LH/LL,DT,True,265,5,universe
PSEC,2026-09-21,2.2,0.06,False,2.25,-0.004,-0.04,True,85.2,0.19,85.0,True,2.68,2.05,21.5,9.6,D 趨勢弱,True,8:49,264.6,跌,154.0,16,True,0.0,-0.0024,-0.003,-0.0131,True,True,-2.49,-0.93,2.18,0.91,0.34,8.8,OHLC,—,HH/HL,自然回檔,True,265,5,universe
BR,2026-09-21,164.62,4.59,True,173.25,0.158,0.08,True,84.3,0.75,83.5,True,2.79,2.13,7.2,-0.4,D 趨勢弱,True,7:12,216.0,跌,70.0,14,True,0.0,-2.0235,-2.1826,-2.5957,True,False,-5.24,-1.88,174.39,-5.93,-2.13,186.8,OHLC,↓,LH/LL,DT,False,265,5,universe
IQV,2026-09-21,269.88,6.87,True,259.14,0.997,1.11,True,84.0,0.35,83.6,True,2.55,2.43,73.4,2.2,A 待突破,True,8:49,264.6,跌,147.0,14,True,0.0,-0.8385,-0.9406,-1.8687,True,False,3.98,1.56,256.98,4.78,1.88,433.0,OHLC,↑,HH/HL,UT,False,265,5,universe
BIIB,2026-09-21,219.07,5.75,True,215.7,0.422,0.42,False,83.4,-0.09,83.5,True,2.62,2.45,70.7,-7.5,A 待突破,True,8:49,264.6,跌,174.0,10,True,0.0,-0.4499,-0.645,-1.0556,True,True,1.54,0.59,222.25,-1.45,-0.55,179.9,OHLC,—,LH/LL,UT,True,265,5,universe
NHP,2026-09-21,16.32,0.53,False,16.33,-0.042,-0.25,True,83.4,0.76,82.6,True,3.27,1.82,57.9,31.9,A 待突破,True,8:49,264.6,跌,543.0,19,True,0.0,-0.0204,-0.0428,-0.1258,True,True,-0.09,-0.03,16.45,-0.8,-0.24,9.1,OHLC,—,LH/LL,次級反彈,True,105,5,universe
LILA,2026-09-21,8.77,0.26,True,8.54,0.004,0.1,False,82.0,-0.22,82.2,True,2.94,2.41,77.7,-3.9,B 上升結構,True,8:49,264.6,跌,400.0,29,True,0.0,-0.0406,-0.0526,-0.0912,True,True,2.61,0.89,8.52,2.85,0.97,3.1,OHLC,—,HH/HL,自然反彈,False,265,5,universe
GLIBK,2026-09-21,24.26,0.85,True,25.52,0.009,0.15,True,81.1,0.48,80.6,True,3.5,2.03,20.1,3.4,D 趨勢弱,True,8:49,264.6,跌,112.0,17,True,0.0,-0.3184,-0.3274,-0.3274,True,False,-5.2,-1.49,26.37,-8.7,-2.49,7.6,OHLC,↓,LH/LL,DT,False,265,5,universe
GPN,2026-09-21,85.29,2.63,True,90.2,0.089,0.05,True,81.0,0.16,80.9,True,3.08,2.46,51.3,-0.2,C 基底修復,True,8:49,264.6,跌,145.0,18,True,0.0,-0.9748,-1.0125,-1.0125,True,False,-5.76,-1.87,90.19,-5.75,-1.86,219.5,OHLC,↓,LH/LL,DT,False,265,5,universe
HLI,2026-09-21,132.61,4.3,True,131.47,0.102,0.21,True,80.6,0.48,80.2,True,3.24,2.38,11.4,-3.2,D 趨勢弱,False,4:13,126.7,跌,20.0,3,True,0.0,-0.3161,-0.3174,-1.4455,True,True,0.86,0.26,129.22,2.56,0.79,108.3,OHLC,—,HH/HL,DT,False,265,5,universe
FTDR,2026-09-21,79.73,2.26,False,81.98,-0.554,-0.32,True,79.8,0.46,79.3,True,2.84,2.94,59.8,13.6,B 上升結構,True,8:49,264.6,跌,117.0,23,True,0.0,-0.4271,-0.5047,-0.9835,True,True,-2.82,-0.99,82.71,-3.74,-1.32,38.2,OHLC,—,LH/LL,DT,True,265,5,universe
EXLS,2026-09-21,35.26,0.98,True,36.32,0.036,0.32,True,79.7,0.66,79.0,True,2.78,3.02,56.0,0.3,B 上升結構,True,8:49,264.6,跌,117.0,14,True,0.0,-0.3513,-0.3688,-0.5923,True,False,-3.01,-1.08,34.62,1.82,0.65,66.6,OHLC,↑,HH/HL,次級回檔,False,265,5,universe
SIBN,2026-09-21,18.45,0.67,False,18.95,-0.023,0.01,True,79.7,0.31,79.4,True,3.66,2.14,57.4,15.2,B 上升結構,True,8:49,264.6,跌,178.0,18,True,0.0,-0.1056,-0.1343,-0.1929,True,True,-2.72,-0.74,19.48,-5.58,-1.53,10.5,OHLC,—,HH/HL,自然反彈,True,265,5,universe
ELAN,2026-09-21,22.43,0.77,True,23.34,0.033,-0.62,True,79.6,0.72,78.9,True,3.42,2.39,32.1,3.3,C 基底修復,True,8:49,264.6,跌,111.0,9,True,0.0,-0.1409,-0.1435,-0.4809,True,False,-4.05,-1.18,23.63,-5.35,-1.56,114.2,OHLC,↓,LH/LL,DT,False,265,5,universe
PAHC,2026-09-21,34.68,1.36,True,36.21,0.017,-0.22,True,79.2,0.63,78.6,True,3.93,1.96,13.6,1.1,D 趨勢弱,True,6:56,208.0,跌,66.0,8,True,0.0,-0.409,-0.4308,-0.4308,True,False,-4.4,-1.12,,,,9.5,OHLC,—,HH/HL,DT,False,265,5,universe
PCTY,2026-09-21,144.42,4.72,False,148.93,-0.376,-0.03,True,78.9,0.82,78.0,True,3.27,2.69,52.0,-1.5,B 上升結構,True,8:49,264.6,跌,156.0,25,True,0.0,-1.3389,-1.4409,-2.6087,True,True,-3.12,-0.96,147.97,-2.46,-0.75,88.1,OHLC,—,LH/LL,自然回檔,True,265,5,universe
ARDT,2026-09-21,10.61,0.39,False,10.91,-0.037,-0.28,True,78.3,0.79,77.5,True,3.7,2.36,38.8,1.0,D 趨勢弱,True,8:49,264.6,跌,305.0,28,True,0.0,-0.057,-0.0591,-0.1041,True,True,-2.8,-0.76,11.15,-5.09,-1.37,4.5,OHLC,—,LH/LL,DT,True,265,5,universe
IDCC,2026-09-21,326.7,10.81,False,337.39,-0.555,0.01,True,78.3,0.82,77.5,True,3.31,2.75,40.0,7.5,C 基底修復,True,8:49,264.6,跌,154.0,21,True,0.0,-3.3323,-3.5709,-4.3999,True,True,-3.27,-0.99,321.43,1.61,0.49,71.4,OHLC,—,HH/HL,DT,False,265,5,universe
CACI,2026-09-21,632.87,18.75,False,637.04,-0.051,0.66,True,77.0,0.81,76.2,True,2.96,3.34,57.4,4.4,A 待突破,True,8:49,264.6,跌,172.0,20,True,0.0,-2.985,-3.3385,-8.7839,True,True,-0.66,-0.22,633.82,-0.15,-0.05,172.6,OHLC,—,LH/LL,自然反彈,True,265,5,universe
PCVX,2026-09-21,58.92,2.26,True,60.12,0.033,0.16,False,76.8,-0.21,77.0,True,3.84,2.51,61.5,14.2,A 待突破,True,8:49,264.6,跌,139.0,16,True,0.0,-0.3441,-0.3705,-0.6171,True,True,-2.03,-0.53,60.37,-2.46,-0.64,73.2,OHLC,—,LH/LL,DT,True,265,5,universe
OPY,2026-09-21,119.17,4.72,True,117.57,0.16,0.06,True,76.6,0.31,76.3,True,3.96,2.43,69.1,12.9,A 待突破,False,5:40,170.0,跌,44.0,5,True,0.0,-0.8425,-1.0947,-1.0947,True,True,1.34,0.34,117.36,1.52,0.38,13.6,OHLC,—,HH/HL,自然反彈,False,265,5,universe
CARS,2026-09-21,11.45,0.42,False,11.8,-0.059,-0.29,True,76.5,0.6,75.9,True,3.68,2.71,43.2,7.2,C 基底修復,True,8:49,264.6,跌,220.0,36,True,0.0,-0.0417,-0.0549,-0.1171,True,True,-3.05,-0.83,11.8,-3.06,-0.83,6.2,OHLC,—,LH/LL,自然反彈,True,265,5,universe
FIVE,2026-09-21,236.14,9.71,False,244.75,-0.049,0.08,True,75.9,0.58,75.3,True,4.11,2.4,59.8,3.9,B 上升結構,True,8:49,264.6,跌,135.0,16,True,0.0,-2.695,-2.8373,-2.8373,True,True,-3.65,-0.89,246.84,-4.53,-1.1,317.9,OHLC,—,LH/LL,DT,True,265,5,universe
WHD,2026-09-21,67.45,2.3,False,69.68,-0.028,0.03,True,75.1,0.46,74.6,True,3.41,3.26,68.8,7.9,A 待突破,True,8:49,264.6,跌,108.0,21,True,0.0,-0.6724,-0.7345,-0.9948,True,True,-3.3,-0.97,67.04,0.61,0.18,53.6,OHLC,—,HH/HL,自然回檔,True,265,5,universe
FRSH,2026-09-21,12.45,0.49,True,12.64,0.029,0.41,True,73.2,0.99,72.2,False,3.91,3.11,69.4,2.8,B 上升結構,True,8:49,264.6,跌,181.0,13,True,0.0,-0.1032,-0.1145,-0.2657,True,True,-1.52,-0.39,12.84,-3.09,-0.79,49.3,OHLC,—,LH/LL,自然回檔,True,265,5,universe
WWW,2026-09-21,19.48,0.75,True,19.79,0.008,-0.05,True,73.2,0.69,72.5,False,3.87,3.15,44.8,21.0,D 趨勢弱,True,8:49,264.6,跌,239.0,17,True,0.0,-0.1076,-0.1404,-0.2447,True,True,-1.6,-0.41,19.93,-2.31,-0.6,13.9,OHLC,↓,LH/LL,自然反彈,False,265,5,universe
SPSC,2026-09-21,81.65,3.33,True,80.28,0.311,0.35,True,72.8,0.88,71.9,False,4.08,3.02,50.4,-0.9,C 基底修復,True,8:49,264.6,跌,133.0,13,True,0.0,-0.6627,-0.7799,-1.1829,True,True,1.68,0.41,79.74,2.34,0.57,43.4,OHLC,↑,HH/HL,自然反彈,False,265,5,universe
RCMT,2026-09-21,40.1,1.51,True,39.5,0.09,0.72,True,72.3,0.66,71.7,False,3.77,3.41,74.6,5.6,A 待突破,True,8:49,264.6,跌,141.0,12,True,0.0,-0.5427,-0.5957,-0.6783,True,True,1.51,0.4,40.62,-1.3,-0.34,3.4,OHLC,—,LH/LL,次級回檔,True,265,5,universe
U,2026-09-21,43.21,1.76,True,43.8,0.009,0.9,True,71.8,0.33,71.5,False,4.08,3.2,65.3,7.2,B 上升結構,True,8:34,256.8,跌,93.0,19,True,0.0,-0.3806,-0.4958,-1.0969,True,True,-1.35,-0.33,41.4,4.19,1.03,381.1,OHLC,—,HH/HL,自然反彈,True,265,5,universe
AMCX,2026-09-21,11.97,0.51,True,12.1,0.001,0.16,True,70.6,0.32,70.2,False,4.29,3.24,68.4,15.7,A 待突破,True,8:49,264.6,跌,149.0,16,True,0.0,-0.1231,-0.1435,-0.1489,True,True,-1.1,-0.26,12.27,-2.51,-0.58,7.3,OHLC,↓,LH/LL,自然反彈,False,265,5,universe
VIR,2026-09-21,10.88,0.52,True,10.52,0.052,0.54,True,69.5,1.22,68.2,False,4.77,2.97,55.0,-3.7,E 延伸,True,6:12,186.0,跌,53.0,8,True,0.0,-0.0866,-0.1029,-0.1357,True,True,3.28,0.69,10.83,0.46,0.1,25.6,OHLC,—,HH/HL,次級反彈,True,265,5,universe
STEP,2026-09-21,47.45,2.2,True,49.39,0.154,0.06,True,69.0,1.03,68.0,False,4.64,3.18,12.5,4.6,D 趨勢弱,True,8:49,264.6,跌,153.0,14,True,0.0,-0.5727,-0.6022,-0.6022,True,True,-4.08,-0.88,51.41,-8.35,-1.8,51.5,OHLC,↓,LH/LL,自然反彈,False,265,5,universe
YEXT,2026-09-21,6.42,0.31,True,6.41,0.014,0.19,True,68.8,0.75,68.1,False,4.88,2.98,49.2,0.8,C 基底修復,True,8:49,264.6,跌,248.0,13,True,0.0,-0.0608,-0.0747,-0.0845,True,True,0.2,0.04,6.63,-3.27,-0.67,8.0,OHLC,—,LH/LL,自然反彈,True,265,5,universe
NEXT,2026-09-21,7.02,0.33,True,7.2,0.004,0.21,True,68.2,0.41,67.7,False,4.66,3.33,36.8,-6.7,C 基底修復,True,6:02,181.1,跌,51.0,5,True,0.0,-0.0698,-0.0715,-0.1643,True,True,-2.61,-0.56,,,,16.5,OHLC,—,HH/HL,自然反彈,False,265,5,universe
ZETA,2026-09-21,31.15,1.39,True,29.85,0.191,1.09,True,67.9,1.46,66.5,False,4.45,3.58,70.1,-5.1,B 上升結構,True,8:16,248.2,跌,88.0,10,True,0.0,-0.279,-0.323,-0.323,True,True,4.17,0.94,30.44,2.28,0.51,204.9,OHLC,—,HH/HL,UT,True,265,5,universe
AQST,2026-09-21,4.78,0.25,True,4.69,0.014,0.35,True,66.7,2.34,64.4,False,5.27,2.99,52.7,0.4,D 趨勢弱,True,7:00,210.0,跌,67.0,8,True,0.0,-0.0884,-0.0982,-0.0982,True,True,1.9,0.36,4.88,-2.09,-0.4,12.2,OHLC,↓,LH/LL,自然反彈,False,265,5,universe
ZBIO,2026-09-21,32.55,1.65,True,31.76,0.002,0.01,True,66.5,1.81,64.7,False,5.07,3.25,58.2,0.5,C 基底修復,True,8:49,264.6,跌,454.0,38,True,0.0,-0.1235,-0.1849,-0.5864,True,True,2.44,0.48,31.27,3.93,0.78,21.2,OHLC,—,HH/HL,次級反彈,True,265,5,universe
AMPL,2026-09-21,13.43,0.64,True,13.07,0.103,1.14,True,63.7,0.78,62.9,False,4.75,4.13,73.7,-0.3,B 上升結構,True,8:49,264.6,跌,125.0,13,True,0.0,-0.1044,-0.1127,-0.2954,True,True,2.7,0.57,12.96,3.5,0.74,21.7,OHLC,—,HH/HL,次級回檔,False,265,5,universe
DUOL,2026-09-21,149.42,7.61,True,145.54,0.786,0.57,True,62.7,1.54,61.1,False,5.09,3.99,53.4,2.7,D 趨勢弱,True,8:49,264.6,跌,288.0,9,True,0.0,-0.9711,-1.2255,-1.4664,True,True,2.6,0.51,154.66,-3.51,-0.69,172.6,OHLC,—,LH/LL,自然反彈,True,265,5,universe
EFOR,2026-09-21,32.89,1.66,True,32.11,0.017,0.32,True,60.5,0.68,59.8,False,5.05,4.49,37.8,0.3,D 趨勢弱,True,8:49,264.6,跌,305.0,24,True,0.0,-0.1241,-0.1263,-0.5825,True,True,2.38,0.47,32.55,1.03,0.2,23.7,OHLC,—,LH/LL,自然回檔,False,265,5,universe
SPRB,2026-09-21,53.7,3.23,True,56.23,0.039,0.17,True,60.2,1.19,59.0,False,6.02,3.58,36.7,-3.1,D 趨勢弱,True,8:49,264.6,跌,108.0,11,True,0.0,-0.8512,-0.9,-0.9,True,True,-4.72,-0.78,56.85,-5.87,-0.98,5.9,OHLC,↓,LH/LL,DT,False,265,5,universe
NMAX,2026-09-21,10.88,0.63,True,10.67,0.03,0.28,True,58.3,0.68,57.7,False,5.8,4.19,59.7,7.9,B 上升結構,True,8:49,264.6,跌,101.0,14,True,0.0,-0.1211,-0.1503,-0.1503,True,True,1.95,0.34,10.44,4.04,0.7,13.8,OHLC,—,HH/HL,自然反彈,False,265,5,universe
AMLX,2026-09-21,32.39,1.86,True,34.13,0.3,0.84,True,45.9,0.5,45.4,False,5.73,7.28,64.0,-0.0,B 上升結構,True,8:49,264.6,跌,107.0,14,True,0.0,-0.689,-0.6992,-0.9837,True,True,-5.38,-0.94,33.94,-4.79,-0.83,59.4,OHLC,—,LH/LL,自然回檔,True,265,5,universe
PAYO,2026-09-21,7.11,0.04,True,7.12,0.0,-0.0,True,99.3,0.04,99.3,True,0.52,0.35,74.8,-9.8,C 基底修復,True,8:49,264.6,跌,510.0,57,False,1.0,-0.0059,-0.005,-0.0602,False,True,-0.08,-0.15,7.09,0.28,0.54,18.1,OHLC,—,HH/HL,UT,True,265,5,universe
BDJ,2026-09-21,9.59,0.11,False,9.78,-0.007,-0.29,True,97.4,0.14,97.3,True,1.11,0.63,49.4,0.7,C 基底修復,True,8:49,264.6,跌,109.0,11,True,1.0,-0.0304,-0.0323,-0.0326,True,True,-2.03,-1.83,9.93,-3.55,-3.2,4.1,OHLC,—,LH/LL,自然回檔,False,265,5,universe
EPD,2026-09-21,38.47,0.59,True,38.64,0.023,0.23,True,94.8,0.05,94.7,True,1.52,1.06,60.5,-9.0,C 基底修復,True,6:28,193.9,跌,58.0,7,False,1.0,-0.0914,-0.0846,-0.112,False,True,-0.45,-0.3,38.09,0.99,0.65,93.8,OHLC,↑,HH/HL,自然反彈,False,265,5,universe
TYG,2026-09-21,42.79,0.76,True,43.44,0.018,0.12,True,94.1,0.11,93.9,True,1.78,1.0,16.0,-0.2,D 趨勢弱,False,4:30,135.0,跌,25.0,4,True,1.0,-0.1018,-0.1204,-0.1972,True,True,-1.52,-0.86,44.15,-3.18,-1.79,5.1,OHLC,↓,LH/LL,自然反彈,False,265,5,universe
JPM,2026-09-21,352.04,6.62,False,355.05,-0.131,-0.32,True,93.2,0.2,93.0,True,1.88,1.12,53.5,2.7,C 基底修復,True,8:49,264.6,跌,260.0,25,True,1.0,-0.9363,-1.1899,-1.8809,True,True,-0.86,-0.46,360.05,-2.28,-1.21,2410.0,OHLC,—,LH/LL,自然回檔,False,265,5,universe
SCHW,2026-09-21,106.88,2.16,False,108.63,-0.003,-0.17,True,91.6,0.25,91.4,True,2.02,1.35,52.8,13.5,C 基底修復,True,8:49,264.6,跌,282.0,18,True,1.0,-0.5159,-0.6762,-0.7936,True,True,-1.63,-0.81,109.56,-2.51,-1.24,887.0,OHLC,↓,LH/LL,自然反彈,False,265,5,universe
FCBC,2026-09-21,47.03,1.11,False,48.1,-0.027,-0.37,True,90.3,0.37,89.9,True,2.36,1.31,49.1,-0.3,C 基底修復,True,8:49,264.6,跌,231.0,24,True,1.0,-0.222,-0.2557,-0.2974,True,True,-2.27,-0.96,49.09,-4.38,-1.86,4.9,OHLC,↓,LH/LL,DT,False,265,5,universe
MSI,2026-09-21,461.36,9.62,False,472.4,-0.225,0.16,True,90.1,0.32,89.7,True,2.09,1.64,49.2,2.7,C 基底修復,True,8:49,264.6,跌,112.0,15,True,1.0,-3.1275,-3.4513,-4.5772,True,True,-2.39,-1.15,459.89,0.32,0.15,431.7,OHLC,—,HH/HL,自然回檔,True,265,5,universe
SFBS,2026-09-21,41.92,1.0,False,42.82,-0.078,-0.79,True,89.9,0.36,89.6,True,2.39,1.36,39.2,2.5,C 基底修復,True,8:49,264.6,跌,258.0,32,True,1.0,-0.0761,-0.13,-0.3357,True,True,-2.16,-0.9,43.38,-3.48,-1.46,26.7,OHLC,↓,LH/LL,自然反彈,False,265,5,universe
CBC,2026-09-21,31.81,0.79,False,32.16,-0.042,-0.54,True,89.8,0.32,89.4,True,2.49,1.3,53.3,-3.8,C 基底修復,True,8:49,264.6,跌,369.0,30,True,1.0,-0.0844,-0.0943,-0.2689,True,True,-1.09,-0.44,33.07,-3.96,-1.59,48.7,OHLC,—,LH/LL,自然回檔,False,207,5,universe
GLNG,2026-09-21,51.36,1.34,False,51.83,-0.021,0.05,True,88.9,0.11,88.8,True,2.62,1.35,55.1,-11.5,B 上升結構,True,7:18,219.0,跌,72.0,6,True,1.0,-0.1399,-0.162,-0.2306,True,True,-0.91,-0.35,49.85,2.94,1.12,67.1,OHLC,—,HH/HL,自然反彈,False,265,5,universe
STRD,2026-09-21,74.37,1.6,True,72.28,0.355,1.76,True,87.7,2.5,85.2,True,2.15,2.08,53.5,2.7,C 基底修復,False,5:49,174.7,跌,47.0,8,True,1.0,-0.5065,-0.6108,-0.7379,True,True,2.8,1.3,72.05,3.12,1.45,7.9,OHLC,↑,HH/HL,UT,False,265,5,universe
DRI,2026-09-21,211.31,5.26,False,216.4,-0.181,-0.02,True,86.9,0.33,86.6,True,2.49,1.89,49.4,14.4,C 基底修復,True,8:49,264.6,跌,171.0,18,True,1.0,-0.8516,-1.1541,-1.7262,True,True,-2.41,-0.97,218.57,-3.44,-1.38,227.4,OHLC,↓,LH/LL,自然反彈,False,265,5,universe
HVT,2026-09-21,27.67,0.72,False,27.79,-0.045,-0.23,True,85.9,0.02,85.9,True,2.6,1.99,79.6,9.3,A 待突破,True,8:49,264.6,跌,137.0,23,True,1.0,-0.0759,-0.1067,-0.2533,True,True,-0.44,-0.17,26.99,2.46,0.95,3.6,OHLC,—,HH/HL,DT,True,265,5,universe
SPGI,2026-09-21,404.47,10.57,True,424.56,0.032,-0.03,True,85.3,0.31,85.0,True,2.61,2.1,20.7,-1.5,D 趨勢弱,True,6:36,198.0,跌,60.0,9,True,1.0,-3.3146,-3.5596,-4.2916,True,False,-4.97,-1.9,422.67,-4.5,-1.72,738.0,OHLC,↓,LH/LL,DT,False,265,5,universe
TRMB,2026-09-21,57.75,1.66,False,58.91,-0.031,-0.08,True,84.2,0.03,84.2,True,2.87,2.06,31.8,-0.4,D 趨勢弱,True,8:49,264.6,跌,135.0,14,True,1.0,-0.2979,-0.3405,-0.4897,True,True,-2.01,-0.7,59.45,-2.94,-1.03,215.1,OHLC,—,LH/LL,自然回檔,True,265,5,universe
WSM,2026-09-21,227.16,7.32,False,231.16,-0.661,-0.64,True,83.9,0.47,83.5,True,3.22,1.76,47.4,5.4,C 基底修復,True,8:49,264.6,跌,214.0,26,True,1.0,-0.1994,-0.7017,-2.7972,True,True,-1.76,-0.55,230.9,-1.65,-0.51,309.8,OHLC,—,LH/LL,UT,True,265,5,universe
IVZ,2026-09-21,31.38,0.93,False,31.9,-0.015,-0.22,True,83.8,0.31,83.5,True,2.96,2.05,77.4,17.6,A 待突破,True,8:49,264.6,跌,173.0,16,True,1.0,-0.262,-0.3475,-0.3705,True,True,-1.67,-0.56,33.34,-6.25,-2.11,115.0,OHLC,↓,LH/LL,自然反彈,False,265,5,universe
BSTZ,2026-09-21,29.46,0.81,False,30.32,-0.012,-0.35,True,83.7,0.63,83.0,True,2.74,2.3,53.5,3.8,C 基底修復,True,8:49,264.6,跌,117.0,13,True,1.0,-0.2726,-0.345,-0.3872,True,True,-2.91,-1.06,27.7,5.97,2.18,5.0,OHLC,↑,HH/HL,UT,False,265,5,universe
PPC,2026-09-21,29.48,0.98,True,30.02,0.047,0.4,True,79.6,0.08,79.5,True,3.33,2.49,29.4,-1.1,D 趨勢弱,True,6:37,198.5,跌,60.0,11,False,1.0,-0.212,-0.2109,-0.2336,False,True,-1.83,-0.55,31.24,-5.97,-1.79,38.8,OHLC,—,LH/LL,自然回檔,False,265,5,universe
VIRT,2026-09-21,57.94,2.22,True,61.66,0.022,0.07,True,75.4,0.76,74.6,True,3.83,2.78,60.2,-2.7,C 基底修復,True,8:48,264.1,跌,97.0,11,True,1.0,-0.8485,-0.95,-1.0148,True,False,-6.43,-1.68,56.41,2.64,0.69,55.5,OHLC,—,HH/HL,DT,False,265,5,universe
WT,2026-09-21,23.72,0.99,True,23.43,0.045,0.18,True,73.8,1.02,72.8,False,4.18,2.72,68.5,-1.8,B 上升結構,True,8:38,259.2,跌,94.0,13,True,1.0,-0.2558,-0.3507,-0.4138,True,True,1.2,0.29,21.6,8.96,2.14,76.1,OHLC,↑,HH/HL,UT,False,265,5,universe
PRPO,2026-09-21,26.79,1.68,True,26.61,0.028,0.11,True,58.4,1.59,56.8,False,6.29,3.7,45.9,-3.2,B 上升結構,True,8:49,264.6,跌,122.0,13,True,1.0,-0.2543,-0.2886,-0.4077,True,True,0.68,0.11,26.12,2.5,0.4,4.6,OHLC,—,HH/HL,次級回檔,True,265,5,universe
BULL,2026-09-21,8.25,0.53,True,8.78,0.006,-0.05,True,56.8,0.43,56.4,False,6.4,3.93,48.2,-2.3,D 趨勢弱,True,6:12,186.0,跌,53.0,8,True,1.0,-0.2154,-0.2348,-0.25,True,True,-6.37,-1.0,7.62,7.58,1.18,137.7,OHLC,—,HH/HL,自然反彈,False,265,5,universe
CDZI,2026-09-21,3.78,0.24,True,3.77,0.007,0.1,True,54.3,2.18,52.1,False,6.43,4.48,18.5,-2.4,D 趨勢弱,True,7:56,238.2,跌,82.0,7,True,1.0,-0.0536,-0.0756,-0.0827,True,True,0.25,0.04,3.95,-4.5,-0.7,3.7,OHLC,↑,HH/HL,UT,False,265,5,universe
PLSE,2026-09-21,53.31,4.04,True,50.37,0.401,0.41,True,50.8,0.49,50.3,False,7.58,4.17,66.5,2.5,E 延伸,True,8:49,264.6,跌,123.0,10,True,1.0,-0.5697,-0.6045,-0.7161,True,True,5.52,0.73,53.11,0.38,0.05,35.3,OHLC,↑,HH/HL,UT,False,265,5,universe
NVCT,2026-09-21,21.98,1.57,True,22.69,0.083,0.28,True,42.1,1.29,40.8,False,7.15,6.98,60.4,-0.2,C 基底修復,True,7:54,236.9,跌,82.0,10,True,1.0,-0.3816,-0.4097,-0.4313,True,True,-3.25,-0.45,23.99,-9.14,-1.28,5.0,OHLC,↓,LH/LL,自然反彈,False,265,5,universe
BIT,2026-09-21,11.63,0.1,False,11.92,-0.018,-1.13,True,98.5,0.01,98.5,True,0.83,0.48,19.5,1.2,D 趨勢弱,True,6:58,208.8,跌,66.0,8,True,2.0,-0.0098,-0.0161,-0.0334,True,True,-2.45,-2.94,11.48,1.29,1.55,4.1,OHLC,—,HH/HL,DT,False,265,5,universe
AOD,2026-09-21,10.56,0.12,False,10.65,-0.004,-0.23,True,96.8,0.06,96.7,True,1.14,0.83,61.0,1.0,C 基底修復,True,8:49,264.6,跌,170.0,23,True,2.0,-0.0204,-0.0319,-0.0453,True,True,-0.83,-0.72,10.35,1.99,1.74,4.4,OHLC,↑,HH/HL,自然反彈,False,265,5,universe
NFJ,2026-09-21,15.33,0.2,False,15.45,-0.011,-0.45,True,96.7,0.1,96.5,True,1.28,0.74,53.8,1.8,C 基底修復,True,8:49,264.6,跌,146.0,20,True,2.0,-0.0439,-0.0554,-0.0709,True,True,-0.8,-0.63,15.67,-2.22,-1.74,3.2,OHLC,—,LH/LL,自然回檔,False,265,5,universe
EXG,2026-09-21,9.66,0.13,False,9.87,-0.011,-0.39,True,96.5,0.17,96.3,True,1.3,0.78,48.8,1.9,C 基底修復,True,8:49,264.6,跌,196.0,24,True,2.0,-0.0326,-0.0424,-0.0544,True,True,-2.22,-1.71,10.04,-3.93,-3.03,3.5,OHLC,↓,LH/LL,DT,False,265,5,universe
CSQ,2026-09-21,20.92,0.32,True,20.78,0.003,-0.14,False,95.1,-0.19,95.3,True,1.52,0.96,63.3,2.5,C 基底修復,True,6:56,207.8,跌,65.0,9,True,2.0,-0.0302,-0.0696,-0.1044,True,True,0.66,0.44,20.16,3.63,2.4,3.5,OHLC,↑,HH/HL,自然反彈,False,265,5,universe
GBDC,2026-09-21,12.55,0.23,False,12.92,-0.017,-0.46,True,93.5,0.27,93.2,True,1.8,1.12,17.7,0.2,D 趨勢弱,True,8:49,264.6,跌,205.0,19,True,2.0,-0.0349,-0.0417,-0.0687,True,True,-2.99,-1.66,12.86,-2.47,-1.37,15.9,OHLC,↓,LH/LL,自然反彈,False,265,5,universe
ARLP,2026-09-21,25.8,0.47,True,25.91,0.094,0.32,True,93.4,0.18,93.2,True,1.82,1.14,58.1,-0.6,C 基底修復,True,7:48,234.0,跌,80.0,6,False,2.0,-0.1268,-0.1168,-0.1268,False,True,-0.41,-0.22,25.96,-0.62,-0.34,5.7,OHLC,↑,HH/HL,自然回檔,False,265,5,universe
HTGC,2026-09-21,17.37,0.31,True,17.31,0.007,0.36,True,93.1,0.17,92.9,True,1.76,1.25,60.9,1.2,C 基底修復,True,7:04,211.9,跌,68.0,9,False,2.0,-0.0691,-0.0594,-0.0691,False,True,0.33,0.19,17.9,-3.05,-1.73,25.5,OHLC,—,LH/LL,自然回檔,True,265,5,universe
PLD,2026-09-21,135.82,2.27,False,138.39,-0.146,-0.56,True,93.1,0.1,93.0,True,1.67,1.34,38.9,2.1,C 基底修復,True,8:49,264.6,跌,114.0,14,True,2.0,-0.1001,-0.2361,-0.9361,True,True,-1.89,-1.13,138.98,-2.33,-1.39,453.3,OHLC,↓,LH/LL,DT,False,265,5,universe
SEIC,2026-09-21,105.38,1.98,False,107.62,-0.008,-0.18,True,92.6,0.29,92.3,True,1.88,1.25,63.9,0.2,A 待突破,True,8:49,264.6,跌,138.0,14,True,2.0,-0.7924,-0.8926,-0.9985,True,True,-2.12,-1.13,103.22,2.05,1.09,89.0,OHLC,—,HH/HL,DT,False,265,5,universe
PRU,2026-09-21,118.53,2.39,False,120.38,-0.078,-0.34,True,91.8,0.3,91.5,True,2.02,1.3,57.0,1.3,C 基底修復,True,8:49,264.6,跌,383.0,33,True,2.0,-0.2267,-0.2901,-0.9553,True,True,-1.56,-0.77,123.57,-4.25,-2.1,192.5,OHLC,↓,LH/LL,DT,False,265,5,universe
GWW,2026-09-21,1277.79,25.68,False,1295.66,-0.144,-0.28,True,91.7,0.2,91.5,True,2.01,1.34,50.2,2.1,C 基底修復,True,7:48,234.0,跌,80.0,9,True,2.0,-1.3019,-2.6771,-14.6304,True,True,-1.4,-0.7,1330.62,-4.13,-2.06,302.9,OHLC,↓,LH/LL,DT,False,265,5,universe
AMAL,2026-09-21,48.02,1.08,False,48.48,-0.051,-0.48,True,90.6,0.42,90.2,True,2.25,1.35,57.0,2.5,C 基底修復,True,8:49,264.6,跌,282.0,31,True,2.0,-0.0862,-0.1635,-0.3844,True,True,-0.96,-0.43,49.51,-3.1,-1.38,11.6,OHLC,↓,LH/LL,自然反彈,False,265,5,universe
KMI,2026-09-21,31.72,0.74,True,31.6,0.019,-0.02,True,90.1,0.42,89.7,True,2.34,1.37,41.6,-9.9,C 基底修復,True,10:00,300.0,升,17.0,2,False,2.0,0.0401,0.0062,,False,True,0.37,0.16,32.33,-1.92,-0.82,414.7,OHLC,↓,LH/LL,自然反彈,False,265,5,universe
BEN,2026-09-21,33.64,0.78,False,33.86,-0.019,-0.53,True,89.7,0.2,89.5,True,2.31,1.49,67.9,4.1,C 基底修復,True,8:49,264.6,跌,122.0,15,True,2.0,-0.1033,-0.1571,-0.2209,True,True,-0.65,-0.28,33.33,0.92,0.4,107.3,OHLC,↓,LH/LL,自然反彈,False,265,5,universe
NDAQ,2026-09-21,94.69,2.17,False,95.38,-0.025,-0.32,True,88.8,1.03,87.8,True,2.29,1.7,50.9,11.5,C 基底修復,True,8:49,264.6,跌,154.0,15,True,2.0,-0.3694,-0.6861,-1.2119,True,True,-0.73,-0.32,98.71,-4.25,-1.85,290.6,OHLC,↓,LH/LL,自然反彈,False,265,5,universe
EMR,2026-09-21,151.72,3.73,False,154.4,-0.253,-0.53,True,87.5,0.57,86.9,True,2.46,1.81,63.6,14.2,C 基底修復,True,8:49,264.6,跌,141.0,23,True,2.0,-0.2491,-0.5864,-1.793,True,True,-1.77,-0.72,152.82,-0.73,-0.29,339.7,OHLC,↓,LH/LL,自然反彈,False,265,5,universe
WMB,2026-09-21,71.65,1.92,True,73.23,0.015,0.03,True,87.0,0.49,86.5,True,2.69,1.69,41.0,0.9,C 基底修復,False,5:56,177.9,跌,49.0,7,True,2.0,-0.2982,-0.3174,-0.5386,True,True,-2.21,-0.82,73.36,-2.39,-0.89,601.5,OHLC,—,HH/HL,DT,False,265,5,universe
MSFT,2026-09-21,501.61,10.61,False,496.22,-0.134,0.13,True,85.9,0.43,85.4,True,2.12,2.49,67.5,-0.5,A 待突破,True,8:49,264.6,跌,171.0,24,True,2.0,-2.5869,-3.1647,-3.9416,True,True,1.07,0.51,505.41,-0.76,-0.36,10693.7,OHLC,—,LH/LL,自然反彈,True,265,5,universe
LNG,2026-09-21,274.98,7.7,True,277.87,0.344,0.19,False,85.0,-0.27,85.2,True,2.8,1.98,55.8,12.3,A 待突破,True,8:49,264.6,跌,119.0,10,True,2.0,-2.257,-2.8305,-2.9031,True,True,-1.05,-0.38,283.55,-3.12,-1.11,603.0,OHLC,—,LH/LL,自然反彈,True,265,5,universe
AMZN,2026-09-21,258.45,6.03,False,259.19,-0.635,-1.02,True,84.5,0.38,84.1,True,2.33,2.55,70.3,21.0,A 待突破,True,8:49,264.6,跌,167.0,25,True,2.0,-0.2449,-0.859,-1.9863,True,True,-0.29,-0.12,261.12,-1.03,-0.44,8579.9,OHLC,↓,LH/LL,自然反彈,False,265,5,universe
AMG,2026-09-21,364.66,10.87,False,361.15,-0.216,-0.41,True,84.3,0.32,84.0,True,2.98,1.92,69.8,13.8,A 待突破,True,8:49,264.6,跌,167.0,14,True,2.0,-0.1363,-1.1969,-2.8331,True,True,0.96,0.32,356.47,2.25,0.75,99.3,OHLC,↑,HH/HL,UT,False,265,5,universe
BF/A,2026-09-21,26.73,0.78,False,27.4,-0.105,-0.67,True,83.8,0.31,83.5,True,2.92,2.1,22.2,2.3,D 趨勢弱,True,8:49,264.6,跌,128.0,19,True,2.0,-0.0606,-0.0929,-0.2552,True,True,-2.51,-0.86,27.43,-2.62,-0.9,4.9,OHLC,—,LH/LL,自然反彈,True,265,5,universe
CNK,2026-09-21,36.25,1.08,False,36.14,-0.05,-0.56,True,83.5,0.05,83.4,True,2.98,2.09,75.3,18.0,B 上升結構,True,8:49,264.6,跌,132.0,25,True,2.0,-0.0514,-0.1892,-0.4794,True,True,0.31,0.1,33.7,7.03,2.36,78.6,OHLC,—,HH/HL,自然反彈,False,265,5,universe
APO,2026-09-21,127.91,3.85,True,132.77,0.083,-0.11,True,83.2,0.58,82.7,True,3.01,2.11,46.5,15.2,C 基底修復,True,8:49,264.6,跌,133.0,22,True,2.0,-0.7991,-1.0423,-1.1994,True,False,-3.8,-1.26,134.49,-5.14,-1.71,307.6,OHLC,↓,LH/LL,自然反彈,False,265,5,universe
NVDA,2026-09-21,227.38,6.46,True,220.44,0.083,0.11,True,82.2,0.24,82.0,True,2.84,2.47,77.3,4.9,A 待突破,True,7:00,210.0,跌,67.0,8,True,2.0,-0.0774,-0.7288,-1.6003,True,False,3.05,1.07,217.44,4.37,1.54,30744.1,OHLC,↑,HH/HL,UT,False,265,5,universe
KKR,2026-09-21,100.83,3.32,True,106.9,0.045,-0.24,True,80.7,0.73,79.9,True,3.3,2.32,21.6,5.4,D 趨勢弱,True,8:49,264.6,跌,190.0,22,True,2.0,-0.8958,-1.1826,-1.3745,True,False,-6.02,-1.83,110.46,-9.55,-2.9,350.7,OHLC,↓,LH/LL,自然反彈,False,265,5,universe
PNRG,2026-09-21,208.49,7.87,True,210.65,0.279,0.4,True,80.0,0.43,79.6,True,3.77,1.96,45.5,-12.3,C 基底修復,True,7:26,223.2,跌,74.0,9,False,2.0,-1.4444,-1.3082,-1.4444,False,True,-1.04,-0.27,218.0,-4.56,-1.21,20.6,OHLC,—,LH/LL,自然反彈,True,265,5,universe
DAN,2026-09-21,29.99,1.0,True,30.46,0.039,0.41,True,79.4,0.59,78.8,True,3.34,2.52,33.0,0.8,C 基底修復,True,7:12,216.2,跌,70.0,9,False,2.0,-0.1788,-0.1775,-0.1788,False,True,-1.57,-0.47,31.08,-3.63,-1.09,42.4,OHLC,↓,LH/LL,DT,False,265,5,universe
AII,2026-09-21,25.86,0.92,True,25.5,0.078,0.77,True,78.1,0.01,78.1,True,3.56,2.53,71.6,3.4,A 待突破,True,8:49,264.6,跌,114.0,14,False,2.0,-0.2156,-0.1802,-0.2627,False,True,1.38,0.39,26.2,-1.31,-0.37,5.9,OHLC,—,LH/LL,自然回檔,True,265,5,universe
PTGX,2026-09-21,144.98,5.29,False,148.31,-0.178,0.03,True,77.8,0.54,77.3,True,3.65,2.51,70.4,15.9,A 待突破,True,8:49,264.6,跌,165.0,20,True,2.0,-0.8199,-1.0145,-1.7184,True,True,-2.3,-0.63,142.0,2.06,0.56,87.8,OHLC,—,HH/HL,DT,True,265,5,universe
RIGL,2026-09-21,47.09,1.69,True,45.33,0.213,0.83,True,77.6,0.78,76.8,True,3.59,2.61,74.8,-3.1,A 待突破,True,6:22,191.2,跌,56.0,9,True,2.0,-0.3731,-0.4787,-0.9055,True,False,3.74,1.04,45.31,3.78,1.05,12.7,OHLC,—,HH/HL,UT,True,265,5,universe
TVTX,2026-09-21,62.86,2.47,True,64.56,0.011,0.39,True,77.3,0.57,76.7,True,3.93,2.33,73.4,2.5,A 待突破,True,8:49,264.6,跌,190.0,14,False,2.0,-0.7095,-0.6953,-0.7095,False,True,-2.71,-0.69,67.51,-7.4,-1.88,86.3,OHLC,—,LH/LL,次級回檔,False,265,5,universe
INGM,2026-09-21,26.96,1.02,False,27.29,-0.032,-0.4,True,76.7,0.82,75.9,True,3.8,2.57,47.0,1.0,C 基底修復,True,7:51,235.6,跌,81.0,9,True,2.0,-0.0721,-0.112,-0.2246,True,True,-1.22,-0.32,27.59,-2.34,-0.62,63.7,OHLC,↓,LH/LL,自然反彈,False,265,5,universe
LFUS,2026-09-21,409.54,15.54,False,422.23,-1.142,-0.7,True,75.3,0.88,74.4,True,3.8,2.83,60.6,2.0,C 基底修復,True,6:36,198.0,跌,60.0,6,True,2.0,-0.1937,-0.7932,-6.0858,True,True,-3.1,-0.82,405.42,1.01,0.27,84.0,OHLC,—,HH/HL,自然反彈,False,265,5,universe
CODI,2026-09-21,11.21,0.39,True,11.71,0.004,0.15,True,75.2,0.21,75.0,True,3.52,3.13,75.2,2.6,B 上升結構,True,8:49,264.6,跌,119.0,20,True,2.0,-0.0582,-0.077,-0.1081,True,False,-4.49,-1.28,11.31,-0.89,-0.25,6.0,OHLC,—,LH/LL,自然回檔,True,265,5,universe
AEM,2026-09-21,197.48,7.33,True,200.82,1.176,0.91,True,74.9,0.3,74.6,False,3.71,2.98,50.0,-3.2,C 基底修復,True,8:49,264.6,跌,144.0,14,True,2.0,-2.2062,-2.2809,-2.9441,True,True,-1.69,-0.46,203.6,-3.1,-0.83,485.0,OHLC,—,LH/LL,次級反彈,True,265,5,universe
GAP,2026-09-21,21.25,0.82,True,21.42,0.019,-0.02,True,74.7,0.89,73.8,False,3.85,2.88,26.9,14.0,D 趨勢弱,True,7:52,235.8,跌,81.0,8,True,2.0,-0.138,-0.1917,-0.2131,True,True,-0.79,-0.2,21.51,-1.22,-0.32,195.7,OHLC,↓,LH/LL,自然反彈,False,265,5,universe
FCX,2026-09-21,72.16,2.88,True,73.05,0.073,0.18,True,73.9,0.44,73.4,False,3.99,2.9,76.6,3.9,B 上升結構,True,8:49,264.6,跌,133.0,13,True,2.0,-0.6208,-0.7957,-1.0898,True,True,-1.23,-0.31,78.64,-8.98,-2.25,981.3,OHLC,—,LH/LL,UT,False,265,5,universe
WK,2026-09-21,72.84,3.0,True,73.96,0.285,0.72,True,72.1,0.57,71.6,False,4.12,3.1,47.4,-0.0,C 基底修復,True,8:49,264.6,跌,130.0,13,True,2.0,-0.9143,-0.9467,-1.3067,True,True,-1.54,-0.37,75.89,-4.19,-1.02,66.4,OHLC,—,LH/LL,自然回檔,True,265,5,universe
ELF,2026-09-21,97.79,4.47,True,99.56,0.186,0.63,True,68.6,0.58,68.1,False,4.57,3.33,61.3,3.2,D 趨勢弱,True,8:49,264.6,跌,143.0,12,True,2.0,-1.6237,-1.9764,-2.2803,True,True,-1.81,-0.4,99.8,-2.06,-0.45,153.8,OHLC,—,LH/LL,UT,False,265,5,universe
PRGO,2026-09-21,14.13,0.57,True,13.83,0.033,0.6,True,68.3,0.51,67.8,False,4.06,3.9,51.9,1.6,D 趨勢弱,True,8:49,264.6,跌,158.0,13,True,2.0,-0.1671,-0.2197,-0.2349,True,True,2.1,0.52,14.07,0.42,0.1,37.3,OHLC,—,HH/HL,自然反彈,False,265,5,universe
DC,2026-09-21,6.34,0.29,True,6.11,0.021,0.47,True,68.2,0.73,67.4,False,4.59,3.39,58.4,4.7,C 基底修復,True,8:49,264.6,跌,133.0,18,True,2.0,-0.0105,-0.0389,-0.0853,True,True,3.66,0.8,5.81,8.36,1.82,9.0,OHLC,↑,HH/HL,UT,False,265,5,universe
PSNL,2026-09-21,16.24,0.63,True,16.35,0.076,0.6,True,68.2,1.23,67.0,False,3.87,4.1,79.2,-0.6,B 上升結構,True,8:49,264.6,跌,98.0,12,True,2.0,-0.1821,-0.1916,-0.5247,True,True,-0.7,-0.18,17.2,-5.91,-1.53,46.7,OHLC,—,LH/LL,DT,True,265,5,universe
ORCL,2026-09-21,148.56,7.38,True,150.19,0.074,0.09,True,66.2,1.21,64.9,False,4.96,3.42,20.4,-1.9,D 趨勢弱,True,7:14,217.1,跌,71.0,6,True,2.0,-0.7897,-0.9275,-1.3515,True,True,-1.1,-0.22,152.0,-2.32,-0.47,4522.4,OHLC,—,LH/LL,UT,False,265,5,universe
PRCH,2026-09-21,16.64,0.76,True,16.73,0.027,0.07,True,64.9,0.21,64.7,False,4.56,4.06,70.3,6.5,B 上升結構,True,8:49,264.6,跌,120.0,17,True,2.0,-0.2007,-0.2663,-0.4534,True,True,-0.53,-0.12,18.37,-10.4,-2.28,21.4,OHLC,↓,LH/LL,自然反彈,False,265,5,universe
KURA,2026-09-21,11.6,0.59,True,12.04,0.02,0.24,True,64.1,0.06,64.1,False,5.12,3.66,62.1,4.4,B 上升結構,True,6:56,208.1,跌,66.0,9,True,2.0,-0.1802,-0.2009,-0.2855,True,True,-3.79,-0.74,12.2,-5.17,-1.01,24.4,OHLC,—,LH/LL,UT,False,265,5,universe
NTLA,2026-09-21,12.22,0.65,True,12.38,0.024,0.24,True,61.4,0.73,60.7,False,5.35,4.0,28.2,6.8,D 趨勢弱,True,6:40,200.1,跌,61.0,9,True,2.0,-0.0355,-0.0649,-0.4857,True,True,-1.27,-0.24,12.87,-5.32,-0.99,45.8,OHLC,↓,LH/LL,自然反彈,False,265,5,universe
CDE,2026-09-21,19.52,1.04,True,20.17,0.131,0.68,True,60.9,0.56,60.3,False,5.31,4.15,46.6,8.2,C 基底修復,True,8:49,264.6,跌,156.0,14,True,2.0,-0.3182,-0.3265,-0.3799,True,True,-3.33,-0.63,19.98,-2.36,-0.44,662.3,OHLC,↓,LH/LL,自然回檔,False,265,5,universe
PAYS,2026-09-21,12.63,0.67,True,12.94,0.016,0.48,True,60.2,1.41,58.8,False,5.3,4.3,65.0,3.2,B 上升結構,True,8:49,264.6,跌,150.0,18,True,2.0,-0.1925,-0.2297,-0.288,True,True,-2.46,-0.46,12.08,4.35,0.82,10.2,OHLC,—,HH/HL,自然反彈,False,265,5,universe
IMMX,2026-09-21,12.47,0.78,True,12.74,0.094,0.67,True,52.4,0.57,51.8,False,6.29,5.07,63.8,1.4,B 上升結構,True,8:11,245.7,跌,87.0,11,True,2.0,-0.2289,-0.2576,-0.3508,True,True,-2.18,-0.35,12.31,1.28,0.2,19.4,OHLC,—,HH/HL,自然反彈,False,265,5,universe
PRME,2026-09-21,3.19,0.24,True,3.35,0.001,0.12,True,47.3,1.24,46.1,False,7.51,5.13,13.5,10.3,D 趨勢弱,True,6:16,188.2,跌,55.0,8,True,2.0,-0.0507,-0.0617,-0.1042,True,True,-5.02,-0.67,3.39,-6.27,-0.84,8.7,OHLC,↓,LH/LL,自然反彈,False,265,5,universe
NEOV,2026-09-21,3.4,0.3,True,3.61,0.008,0.42,True,34.5,0.28,34.2,False,8.84,7.91,48.8,0.9,D 趨勢弱,True,6:31,195.7,跌,59.0,8,True,2.0,-0.0829,-0.0853,-0.0902,True,True,-6.13,-0.69,3.65,-7.35,-0.83,5.7,OHLC,—,HH/HL,DT,False,265,5,universe
SLP,2026-09-21,18.43,0.04,True,18.4,0.004,0.38,True,99.8,0.0,99.8,True,0.21,0.22,74.4,-0.3,B 上升結構,True,8:49,264.6,跌,454.0,56,False,3.0,-0.0092,-0.0093,-0.0937,True,True,0.19,0.9,18.4,0.16,0.78,3.2,OHLC,—,HH/HL,UT,True,265,5,universe
IOSP,2026-09-21,92.56,1.99,True,93.53,0.038,0.28,True,91.6,0.28,91.3,True,2.15,1.23,72.0,-0.0,A 待突破,True,8:49,264.6,跌,223.0,21,False,3.0,-0.3584,-0.3692,-0.5748,True,True,-1.04,-0.49,94.08,-1.64,-0.77,17.4,OHLC,—,LH/LL,自然回檔,False,265,5,universe
DIS,2026-09-21,104.23,2.3,True,106.29,0.008,0.53,True,89.3,0.46,88.8,True,2.21,1.7,51.7,22.2,C 基底修復,True,8:49,264.6,跌,104.0,14,False,3.0,-0.6001,-0.5918,-0.7072,False,True,-1.97,-0.89,109.2,-4.77,-2.16,872.0,OHLC,↓,LH/LL,DT,False,265,5,universe
KDP,2026-09-21,30.62,0.69,True,31.3,0.037,0.13,True,88.5,0.44,88.1,True,2.27,1.79,40.8,-3.4,C 基底修復,True,7:28,224.0,跌,74.0,8,False,3.0,-0.1929,-0.1568,-0.2542,False,True,-2.23,-0.98,31.44,-2.68,-1.18,297.2,OHLC,↓,LH/LL,DT,False,265,5,universe
SXT,2026-09-21,129.65,3.09,True,132.45,0.03,-0.05,True,87.4,0.3,87.1,True,2.39,1.91,77.0,0.2,A 待突破,True,8:49,264.6,跌,147.0,16,False,3.0,-0.86,-1.0335,-1.5231,True,True,-2.16,-0.9,138.26,-6.64,-2.78,43.6,OHLC,—,LH/LL,UT,False,265,5,universe
BTX,2026-09-21,8.96,0.21,True,8.89,0.01,0.2,True,87.1,0.03,87.1,True,2.39,1.96,82.6,8.5,A 待突破,True,8:49,264.6,跌,114.0,14,False,3.0,-0.018,-0.038,-0.0591,True,True,0.76,0.32,9.06,-1.12,-0.47,3.5,OHLC,↓,LH/LL,自然反彈,False,265,5,universe
MRK,2026-09-21,149.5,3.43,True,146.31,0.467,0.8,True,86.5,0.03,86.5,True,2.29,2.18,76.5,9.9,A 待突破,True,8:49,264.6,跌,105.0,11,False,3.0,-0.7926,-1.092,-1.5538,True,True,2.13,0.93,152.8,-2.21,-0.96,1526.4,OHLC,—,LH/LL,UT,True,265,5,universe
TW,2026-09-21,104.45,2.56,True,104.9,0.025,0.14,True,85.2,0.81,84.4,True,2.45,2.28,38.0,-0.7,D 趨勢弱,True,8:49,264.6,跌,121.0,13,False,3.0,-0.2199,-0.385,-0.7951,True,True,-0.43,-0.18,104.2,0.24,0.1,126.3,OHLC,↓,LH/LL,自然反彈,False,265,5,universe
CHEF,2026-09-21,110.7,3.86,True,111.34,0.02,-0.03,True,79.7,0.72,78.9,True,3.49,2.32,77.4,1.6,A 待突破,True,8:49,264.6,跌,203.0,26,False,3.0,-0.5282,-0.6247,-0.9901,True,True,-0.58,-0.17,112.84,-1.93,-0.55,78.5,OHLC,↓,LH/LL,自然反彈,False,265,5,universe
THC,2026-09-21,260.97,8.13,True,266.03,0.004,0.14,True,77.4,0.32,77.1,True,3.12,3.11,71.3,-2.1,A 待突破,True,8:49,264.6,跌,186.0,25,False,3.0,-1.8731,-1.9254,-3.6651,True,True,-1.94,-0.62,258.53,0.93,0.3,223.9,OHLC,—,HH/HL,次級回檔,True,265,5,universe
NSIT,2026-09-21,156.7,6.18,True,155.13,0.309,1.02,True,76.0,0.26,75.8,True,3.94,2.55,62.8,-1.2,B 上升結構,True,8:49,264.6,跌,256.0,23,False,3.0,-1.2356,-1.1228,-1.3199,False,True,1.0,0.25,160.72,-2.57,-0.65,53.8,OHLC,↑,HH/HL,自然回檔,False,265,5,universe
JNJ,2026-09-21,269.47,5.25,True,268.28,0.4,0.45,True,91.3,0.03,91.3,True,1.95,1.49,80.7,0.8,A 待突破,True,7:57,238.5,跌,82.0,10,False,4.0,-0.5559,-0.6474,-1.1986,True,True,0.44,0.23,271.55,-0.77,-0.4,1734.7,OHLC,—,LH/LL,自然回檔,True,265,5,universe
CLBK,2026-09-21,11.6,0.23,True,11.53,0.028,0.67,True,91.0,0.07,90.9,True,2.02,1.49,88.3,-0.3,A 待突破,True,8:49,264.6,跌,173.0,19,False,4.0,-0.0423,-0.0508,-0.0765,True,True,0.56,0.28,11.66,-0.52,-0.26,50.4,OHLC,—,LH/LL,自然回檔,True,265,5,universe
NDSN,2026-09-21,314.35,6.3,True,317.53,0.055,-0.02,True,90.8,0.33,90.5,True,2.0,1.56,58.0,-4.6,A 待突破,True,8:49,264.6,跌,120.0,14,False,4.0,-1.2498,-1.6962,-2.6695,True,True,-1.01,-0.51,311.56,0.89,0.44,116.3,OHLC,—,HH/HL,自然反彈,True,265,5,universe
BIO,2026-09-21,377.33,9.93,True,374.58,1.028,0.82,True,87.4,1.02,86.4,True,2.63,1.66,74.5,3.1,A 待突破,True,8:49,264.6,跌,109.0,14,False,4.0,-2.5273,-2.6828,-4.4374,True,True,0.73,0.28,368.55,2.33,0.88,99.7,OHLC,↑,HH/HL,UT,False,265,5,universe
KNTK,2026-09-21,53.24,1.52,True,53.93,0.119,0.59,True,85.8,0.24,85.5,True,2.86,1.77,66.1,-0.0,A 待突破,True,8:49,264.6,跌,141.0,13,False,4.0,-0.3157,-0.2881,-0.3157,False,True,-1.29,-0.45,55.03,-3.36,-1.18,65.6,OHLC,↓,LH/LL,DT,False,265,5,universe
CRL,2026-09-21,279.01,8.96,True,284.03,0.239,0.55,True,80.6,0.91,79.7,True,3.21,2.42,69.6,-0.4,A 待突破,True,8:49,264.6,跌,192.0,17,False,4.0,-2.4868,-2.9057,-4.4173,True,True,-1.8,-0.56,285.58,-2.35,-0.73,250.0,OHLC,—,LH/LL,自然反彈,True,265,5,universe
SATA,2026-09-21,100.01,0.37,True,99.89,0.016,0.39,True,97.7,0.68,97.0,True,0.37,1.27,60.2,0.1,C 基底修復,True,8:49,264.6,跌,116.0,16,False,5.0,-0.0913,-0.0957,-0.1666,True,True,0.12,0.32,100.07,-0.06,-0.16,50.9,OHLC,—,LH/LL,UT,True,218,5,universe
UMH,2026-09-21,15.77,0.27,True,16.13,0.002,0.08,True,93.1,0.31,92.8,True,1.74,1.29,39.6,1.2,C 基底修復,True,8:49,264.6,跌,148.0,15,False,5.0,-0.0415,-0.0578,-0.1367,True,True,-2.28,-1.32,15.88,-0.7,-0.4,11.9,OHLC,—,LH/LL,自然反彈,True,265,5,universe
RNR,2026-09-21,326.29,6.33,True,326.09,0.125,0.15,True,91.1,0.08,91.0,True,1.94,1.56,67.5,1.6,A 待突破,True,7:10,215.2,跌,70.0,10,False,5.0,-0.5228,-0.4297,-1.5356,False,True,0.06,0.03,331.25,-1.52,-0.78,90.6,OHLC,—,LH/LL,自然反彈,True,265,5,universe
CPAY,2026-09-21,397.22,8.51,True,408.92,0.219,0.31,True,90.1,1.17,89.0,True,2.14,1.57,73.1,-1.5,A 待突破,True,8:49,264.6,跌,149.0,23,False,5.0,-2.6884,-2.5128,-2.6884,False,True,-2.95,-1.38,416.13,-4.76,-2.22,171.7,OHLC,—,LH/LL,DT,True,265,5,universe
LH,2026-09-21,320.99,7.63,True,325.05,0.07,0.16,True,89.2,0.31,88.8,True,2.38,1.55,59.2,-0.5,A 待突破,True,8:49,264.6,跌,243.0,17,False,5.0,-1.4998,-1.7158,-4.2,True,True,-1.27,-0.53,327.95,-2.17,-0.91,234.3,OHLC,—,LH/LL,UT,False,265,5,universe
NWSA,2026-09-21,29.7,0.66,True,29.98,0.039,0.39,True,89.2,0.35,88.8,True,2.21,1.71,66.7,0.6,A 待突破,True,8:49,264.6,跌,163.0,12,False,5.0,-0.1509,-0.1392,-0.2507,False,True,-0.94,-0.43,30.56,-2.9,-1.31,125.6,OHLC,—,LH/LL,次級回檔,True,265,5,universe
MDT,2026-09-21,91.75,2.07,True,92.05,0.114,0.43,True,89.1,0.28,88.8,True,2.26,1.67,43.0,1.4,C 基底修復,True,8:49,264.6,跌,187.0,18,False,5.0,-0.3065,-0.2546,-0.3946,False,True,-0.33,-0.14,90.96,0.86,0.38,812.7,OHLC,—,HH/HL,次級回檔,True,265,5,universe
TCBX,2026-09-21,44.05,1.05,True,44.99,0.007,0.03,True,89.0,0.03,88.9,True,2.38,1.59,69.1,7.0,C 基底修復,True,8:49,264.6,跌,215.0,23,False,5.0,-0.2099,-0.1898,-0.3056,False,True,-2.14,-0.9,46.14,-4.74,-1.99,4.8,OHLC,—,LH/LL,自然回檔,False,265,5,universe
BDX,2026-09-21,180.7,4.09,True,184.0,0.187,0.49,True,88.7,0.59,88.1,True,2.26,1.76,58.4,0.0,A 待突破,True,8:49,264.6,跌,192.0,17,False,5.0,-1.1461,-1.2155,-2.3894,True,True,-1.83,-0.81,186.63,-3.28,-1.45,332.4,OHLC,—,LH/LL,自然回檔,False,265,5,universe
ITIC,2026-09-21,288.35,8.03,True,294.33,0.187,0.13,True,87.3,0.06,87.3,True,2.79,1.52,55.1,1.2,C 基底修復,True,8:49,264.6,跌,120.0,14,False,5.0,-1.5802,-1.1688,-1.9785,False,True,-2.07,-0.74,299.59,-3.9,-1.4,20.5,OHLC,↓,LH/LL,DT,False,265,5,universe
RMD,2026-09-21,223.61,6.13,True,227.7,1.449,0.41,True,83.7,0.43,83.3,True,2.74,2.29,25.2,0.0,C 基底修復,True,8:49,264.6,跌,130.0,13,False,5.0,-0.9901,-0.944,-2.7789,False,True,-1.83,-0.67,234.33,-4.79,-1.75,315.8,OHLC,—,LH/LL,自然回檔,False,265,5,universe
DHR,2026-09-21,215.84,5.83,True,209.4,0.434,0.47,True,83.3,0.15,83.2,True,2.7,2.4,67.3,1.7,B 上升結構,True,9:32,286.0,升,9.0,1,False,5.0,0.3073,-0.1311,,False,True,2.98,1.1,218.57,-1.26,-0.47,772.4,OHLC,—,LH/LL,UT,False,265,5,universe
GEN,2026-09-21,29.15,0.89,True,29.69,0.037,0.37,True,82.9,0.36,82.5,True,3.04,2.15,60.1,1.7,A 待突破,True,8:09,244.3,跌,86.0,9,False,5.0,-0.2544,-0.1988,-0.2544,False,True,-1.84,-0.61,31.5,-8.06,-2.65,187.0,OHLC,↓,LH/LL,DT,False,265,5,universe
DXCM,2026-09-21,89.17,2.46,True,88.5,0.171,0.26,True,82.1,0.53,81.6,True,2.76,2.58,70.2,-0.5,A 待突破,True,8:49,264.6,跌,220.0,19,False,5.0,-0.1221,-0.2741,-1.346,True,True,0.76,0.27,92.34,-3.56,-1.29,358.9,OHLC,—,LH/LL,UT,False,265,5,universe
KELYA,2026-09-21,16.28,0.47,True,16.38,0.035,0.25,True,81.5,0.53,81.0,True,2.87,2.58,75.3,0.0,A 待突破,True,8:27,253.6,跌,91.0,14,False,5.0,-0.1001,-0.1171,-0.2148,True,True,-0.63,-0.22,16.45,-1.04,-0.36,5.0,OHLC,—,LH/LL,自然反彈,True,265,5,universe
BOX,2026-09-21,33.61,1.07,True,34.06,0.016,0.46,True,81.4,0.72,80.7,True,3.17,2.3,71.6,-1.4,A 待突破,True,8:49,264.6,跌,110.0,10,False,5.0,-0.2578,-0.2191,-0.2578,False,True,-1.34,-0.42,34.86,-3.72,-1.17,113.2,OHLC,↓,LH/LL,DT,False,265,5,universe
IDYA,2026-09-21,38.86,1.28,True,38.94,0.05,0.29,True,81.2,0.46,80.7,True,3.31,2.21,62.8,0.5,B 上升結構,True,7:54,236.8,跌,82.0,12,False,5.0,-0.1982,-0.2741,-0.4624,True,True,-0.19,-0.06,39.33,-1.21,-0.37,29.2,OHLC,—,LH/LL,UT,True,265,5,universe
HZO,2026-09-21,52.41,0.46,True,52.18,0.116,1.99,True,78.5,0.2,78.2,True,0.88,5.16,84.5,0.2,A 待突破,True,8:49,264.6,跌,197.0,17,False,5.0,-0.5176,-0.5347,-0.6256,True,True,0.44,0.5,52.08,0.63,0.72,40.3,OHLC,—,HH/HL,UT,True,265,5,universe
MORN,2026-09-21,201.47,6.97,True,206.66,0.062,0.05,True,78.4,0.95,77.4,True,3.46,2.58,46.1,-2.9,B 上升結構,True,8:49,264.6,跌,135.0,16,False,5.0,-1.2864,-1.4572,-3.9737,True,True,-2.58,-0.74,215.76,-7.09,-2.05,62.1,OHLC,↓,LH/LL,自然反彈,False,265,5,universe
VREX,2026-09-21,18.47,0.15,True,18.48,0.035,1.92,True,78.4,0.22,78.2,True,0.79,5.25,89.5,-1.0,A 待突破,True,8:49,264.6,跌,177.0,17,False,5.0,-0.2354,-0.2435,-0.279,True,True,-0.04,-0.06,18.53,-0.32,-0.41,13.2,OHLC,—,LH/LL,UT,True,265,5,universe
SPOT,2026-09-21,516.77,19.9,True,529.87,1.196,0.61,True,76.9,0.69,76.2,True,3.85,2.47,48.7,12.1,D 趨勢弱,True,8:49,264.6,跌,138.0,10,False,5.0,-4.6222,-3.9808,-4.6222,False,True,-2.53,-0.66,564.89,-9.31,-2.42,746.4,OHLC,↓,LH/LL,DT,False,265,5,universe
CBLL,2026-09-21,24.25,0.91,True,23.5,0.119,1.03,True,75.9,0.79,75.2,True,3.77,2.74,78.4,1.5,A 待突破,True,8:20,250.0,跌,89.0,16,False,5.0,-0.1701,-0.1486,-0.3579,False,True,3.11,0.82,24.5,-1.03,-0.27,8.5,OHLC,—,HH/HL,DT,False,265,5,universe
TECH,2026-09-21,72.47,0.24,True,72.32,0.018,0.24,True,99.7,5.3,94.4,True,0.33,0.25,76.6,-0.3,A 待突破,True,8:49,264.6,跌,215.0,49,False,6.0,-0.079,-0.0939,-0.668,True,True,0.21,0.62,72.08,0.54,1.61,192.6,OHLC,—,HH/HL,UT,True,265,5,universe
MA,2026-09-21,567.65,8.75,True,576.23,0.077,-0.08,True,93.7,0.16,93.6,True,1.54,1.32,63.6,10.5,C 基底修復,True,8:49,264.6,跌,200.0,14,False,6.0,-2.7402,-3.103,-4.315,True,True,-1.51,-0.98,578.9,-1.98,-1.29,1504.6,OHLC,—,LH/LL,自然回檔,True,265,5,universe
RGA,2026-09-21,245.13,4.44,True,246.76,0.082,0.33,True,92.5,0.08,92.5,True,1.81,1.34,79.2,0.9,A 待突破,True,8:24,251.8,跌,90.0,10,False,6.0,-0.919,-0.8497,-1.267,False,True,-0.66,-0.37,244.48,0.27,0.15,73.0,OHLC,—,HH/HL,自然回檔,True,265,5,universe
SSNC,2026-09-21,80.4,1.68,True,81.52,0.028,0.11,True,88.4,0.75,87.7,True,2.09,1.99,59.2,11.4,C 基底修復,True,8:49,264.6,跌,176.0,25,False,6.0,-0.4992,-0.5619,-0.8584,True,True,-1.39,-0.67,82.06,-2.06,-0.99,128.5,OHLC,—,LH/LL,UT,True,265,5,universe
T,2026-09-21,25.45,0.6,True,25.44,0.06,0.93,True,88.1,0.2,87.9,True,2.37,1.79,51.3,0.2,C 基底修復,True,8:34,257.0,跌,93.0,11,False,6.0,-0.146,-0.1308,-0.146,False,True,0.02,0.01,25.52,-0.28,-0.12,932.7,OHLC,↑,HH/HL,自然回檔,False,265,5,universe
BLFS,2026-09-21,37.18,0.94,True,36.08,0.059,0.5,True,85.6,1.14,84.4,True,2.53,2.13,88.5,0.6,A 待突破,True,8:49,264.6,跌,227.0,17,False,6.0,-0.0347,-0.0931,-0.4556,True,True,2.96,1.17,34.92,6.08,2.4,34.4,OHLC,↑,HH/HL,UT,False,265,5,universe
NAVI,2026-09-21,9.57,0.36,True,9.39,0.045,0.47,True,77.0,0.63,76.3,True,3.74,2.57,33.6,-2.0,C 基底修復,True,7:00,210.0,跌,67.0,2,False,6.0,-0.0125,-0.0013,-0.0444,False,True,1.84,0.49,9.28,3.03,0.81,13.5,OHLC,↑,HH/HL,自然回檔,False,265,5,universe
CGON,2026-09-21,78.25,2.97,True,75.7,0.084,0.11,True,75.9,0.46,75.4,True,3.8,2.72,76.4,16.0,A 待突破,True,9:27,283.3,升,7.0,1,False,6.0,0.167,-0.1254,,False,True,3.26,0.86,74.34,5.0,1.32,60.6,OHLC,—,HH/HL,自然反彈,False,265,5,universe
DCTH,2026-09-21,16.11,0.48,True,16.57,0.071,1.16,True,75.5,0.25,75.2,True,2.97,3.62,75.6,1.6,A 待突破,True,8:49,264.6,跌,185.0,18,False,6.0,-0.1303,-0.138,-0.2429,True,True,-2.85,-0.96,16.44,-2.05,-0.69,6.4,OHLC,—,LH/LL,自然回檔,True,265,5,universe
CTSH,2026-09-21,59.38,2.19,True,60.85,0.193,0.62,True,75.0,0.01,75.0,True,3.69,2.99,37.5,-0.8,D 趨勢弱,True,7:09,214.4,跌,69.0,14,False,6.0,-0.6565,-0.5709,-1.0182,False,True,-2.47,-0.67,58.2,1.99,0.54,370.3,OHLC,↑,HH/HL,自然回檔,False,265,5,universe
OFG,2026-09-21,52.24,0.89,True,52.5,0.001,-0.13,True,93.5,0.13,93.4,True,1.71,1.21,60.8,-10.0,C 基底修復,True,8:49,264.6,跌,316.0,32,False,7.0,-0.0732,-0.0572,-0.2786,False,True,-0.5,-0.29,51.7,1.03,0.61,14.1,OHLC,—,HH/HL,UT,True,265,5,universe
DV,2026-09-21,13.44,0.11,True,13.38,0.031,1.41,True,91.5,0.46,91.0,True,0.83,2.58,70.9,0.3,A 待突破,True,8:49,264.6,跌,187.0,19,False,7.0,-0.0568,-0.0557,-0.1649,False,True,0.46,0.55,13.34,0.74,0.9,48.4,OHLC,↑,HH/HL,UT,False,265,5,universe
WASH,2026-09-21,39.16,0.78,True,39.56,0.003,-0.03,True,90.3,0.22,90.1,True,2.0,1.66,80.1,9.0,A 待突破,True,8:49,264.6,跌,340.0,31,False,7.0,-0.1223,-0.1068,-0.2227,False,True,-1.02,-0.51,40.42,-3.22,-1.61,5.5,OHLC,—,LH/LL,自然回檔,True,265,5,universe
TTEK,2026-09-21,35.96,0.82,True,36.19,0.02,0.32,True,88.9,0.33,88.5,True,2.29,1.69,62.6,1.8,B 上升結構,True,8:49,264.6,跌,148.0,19,False,7.0,-0.1666,-0.1651,-0.2999,False,True,-0.65,-0.28,36.74,-2.17,-0.95,78.1,OHLC,—,LH/LL,自然回檔,True,265,5,universe
NEU,2026-09-21,884.98,24.16,True,910.08,0.106,0.11,True,86.2,0.26,85.9,True,2.73,1.81,60.1,-1.4,A 待突破,True,8:49,264.6,跌,192.0,20,False,7.0,-3.2032,-3.5546,-12.1353,True,True,-2.84,-1.04,862.47,2.54,0.93,106.1,OHLC,↑,HH/HL,UT,False,265,5,universe
FOX,2026-09-21,57.9,1.58,True,59.26,0.078,0.55,True,84.7,0.64,84.0,True,2.73,2.11,45.0,0.2,C 基底修復,True,8:49,264.6,跌,97.0,15,False,7.0,-0.4409,-0.4284,-0.7226,False,True,-2.35,-0.86,61.27,-5.82,-2.13,75.5,OHLC,↓,LH/LL,DT,False,265,5,universe
FOXA,2026-09-21,64.79,1.8,True,66.68,0.068,0.56,True,84.4,0.5,83.9,True,2.78,2.12,44.6,0.8,C 基底修復,True,8:49,264.6,跌,120.0,16,False,7.0,-0.522,-0.5189,-0.833,False,True,-2.91,-1.05,68.72,-6.07,-2.18,336.7,OHLC,↓,LH/LL,DT,False,265,5,universe
HRTG,2026-09-21,34.15,1.09,True,34.09,0.043,0.55,True,77.9,0.56,77.3,True,3.2,2.94,71.4,1.6,A 待突破,True,8:49,264.6,跌,140.0,21,False,7.0,-0.1926,-0.1457,-0.2511,False,True,0.17,0.05,33.95,0.59,0.18,9.5,OHLC,—,HH/HL,自然回檔,True,265,5,universe
NPK,2026-09-21,151.36,4.87,True,148.68,0.354,0.69,True,82.8,0.18,82.6,True,3.22,1.99,68.9,7.3,A 待突破,True,8:49,264.6,跌,122.0,14,False,8.0,-0.6181,-0.6043,-1.2828,False,True,1.77,0.55,156.66,-3.5,-1.09,16.6,OHLC,—,LH/LL,自然回檔,False,265,5,universe
SMTI,2026-09-21,35.17,0.35,True,34.55,0.018,0.34,True,90.2,0.2,90.0,True,0.99,2.72,82.4,-0.4,A 待突破,True,8:49,264.6,跌,303.0,25,False,10.0,-0.2046,-0.2194,-0.3321,True,True,1.76,1.78,34.71,1.31,1.33,9.2,OHLC,—,HH/HL,UT,True,265,5,universe
BRBS,2026-09-21,3.96,0.09,True,3.97,0.002,0.17,True,89.3,0.3,89.0,True,2.27,1.63,39.4,-0.8,C 基底修復,True,6:17,188.6,跌,55.0,5,False,10.0,-0.0208,-0.0198,-0.0208,False,True,-0.21,-0.09,3.9,1.52,0.67,5.5,OHLC,↑,HH/HL,自然回檔,False,265,5,universe
ATKR,2026-09-21,94.47,0.6,True,93.92,0.024,0.42,True,87.2,0.22,87.0,True,0.64,3.7,89.5,-0.2,A 待突破,True,8:49,264.6,跌,145.0,21,False,10.0,-0.4242,-0.4439,-0.6839,True,True,0.58,0.9,93.5,1.03,1.61,69.9,OHLC,—,HH/HL,UT,True,265,5,universe
ITGR,2026-09-21,126.38,0.67,True,125.61,0.037,0.63,True,92.4,0.13,92.3,True,0.53,2.66,86.2,-0.2,A 待突破,True,8:49,264.6,跌,283.0,23,False,11.0,-0.6622,-0.7006,-1.1148,True,True,0.61,1.15,124.84,1.22,2.31,94.5,OHLC,—,HH/HL,UT,True,265,5,universe
MKTX,2026-09-21,163.44,0.77,True,162.77,0.025,0.21,True,89.1,0.3,88.8,True,0.47,3.46,54.7,0.1,C 基底修復,True,8:49,264.6,跌,100.0,23,False,12.0,-0.9615,-1.0166,-1.5588,True,True,0.41,0.87,162.97,0.29,0.61,148.6,OHLC,—,HH/HL,UT,True,265,5,universe
SAFT,2026-09-21,103.64,0.43,True,103.48,0.002,0.08,True,84.2,0.06,84.2,True,0.41,4.52,88.1,0.3,A 待突破,True,8:49,264.6,跌,191.0,27,False,12.0,-0.4903,-0.5329,-1.0391,True,True,0.15,0.38,103.67,-0.03,-0.07,12.7,OHLC,—,LH/LL,UT,True,265,5,universe
JXN,2026-09-21,131.87,4.38,True,133.72,0.006,-0.03,True,81.2,0.41,80.8,True,3.32,2.18,63.0,-2.0,A 待突破,True,6:18,188.8,跌,55.0,7,False,12.0,-1.1443,-1.0356,-1.1443,False,True,-1.4,-0.42,129.38,1.89,0.57,110.6,OHLC,↑,HH/HL,自然反彈,False,265,5,universe
ECPG,2026-09-21,99.37,3.47,True,99.34,0.028,0.15,True,78.9,0.03,78.9,True,3.49,2.45,80.4,0.8,A 待突破,True,8:49,264.6,跌,112.0,18,False,12.0,-0.0448,-0.0351,-1.0668,False,True,0.03,0.01,98.14,1.24,0.35,39.3,OHLC,—,HH/HL,UT,True,265,5,universe
LXP,2026-09-21,60.86,0.21,True,60.79,0.008,0.28,True,98.5,0.05,98.4,True,0.35,0.97,73.9,0.7,A 待突破,True,8:49,264.6,跌,318.0,35,False,13.0,-0.0787,-0.0861,-0.2607,True,True,0.12,0.35,60.96,-0.16,-0.47,47.5,OHLC,—,LH/LL,UT,True,265,5,universe
BOW,2026-09-21,33.78,0.25,True,33.62,0.01,-0.17,True,94.0,0.23,93.8,True,0.73,2.05,85.9,9.4,A 待突破,True,8:49,264.6,跌,278.0,25,False,13.0,-0.0721,-0.0788,-0.2508,True,True,0.47,0.65,33.52,0.77,1.05,10.6,OHLC,—,HH/HL,UT,True,265,5,universe
CBZ,2026-09-21,54.68,0.36,True,54.64,0.008,-0.14,True,91.1,0.31,90.8,True,0.67,2.83,82.2,-0.1,A 待突破,True,8:49,264.6,跌,243.0,28,False,14.0,-0.3373,-0.3639,-0.6889,True,True,0.08,0.12,54.92,-0.44,-0.66,59.8,OHLC,—,LH/LL,UT,True,265,5,universe
BZH,2026-09-21,33.36,0.2,True,33.23,0.025,0.18,True,94.4,0.1,94.3,True,0.6,2.1,76.0,-0.4,A 待突破,True,8:49,264.6,跌,368.0,40,False,,-0.0448,-0.0495,-0.2579,True,True,0.4,0.67,33.07,0.87,1.46,21.4,OHLC,—,HH/HL,自然回檔,True,265,5,universe
KRNY,2026-09-21,9.58,0.22,True,9.76,0.0,-0.06,True,90.5,0.47,90.1,True,2.27,1.35,66.9,-0.6,C 基底修復,True,8:09,244.3,跌,86.0,9,False,,-0.0554,-0.0547,-0.0554,False,True,-1.88,-0.83,9.77,-1.98,-0.88,5.7,OHLC,—,HH/HL,DT,False,265,5,universe
NOV,2026-09-21,20.15,0.64,True,20.73,0.003,0.13,True,83.4,0.34,83.1,True,3.2,1.89,52.2,2.6,C 基底修復,True,8:49,264.6,跌,133.0,7,False,,-0.1704,-0.159,-0.1704,False,True,-2.88,-0.9,20.97,-4.07,-1.27,66.0,OHLC,↓,LH/LL,DT,False,265,5,universe
SCSC,2026-09-21,57.29,2.03,True,56.08,0.037,0.01,True,79.7,0.86,78.8,True,3.54,2.27,74.7,14.4,A 待突破,True,6:37,198.7,跌,60.0,4,False,,-0.1088,-0.0954,-0.8167,False,True,2.11,0.6,58.1,-1.41,-0.4,16.9,OHLC,—,LH/LL,次級回檔,True,265,5,universe
DBRG,2026-09-21,15.92,0.04,False,15.92,-0.001,-0.14,False,99.8,-0.0,99.8,True,0.25,0.18,68.5,10.0,A 待突破,True,8:49,264.6,跌,135.0,17,True,0.0,-0.0061,-0.0091,-0.0115,True,True,-0.0,-0.01,15.98,-0.38,-1.53,75.3,OHLC,—,LH/LL,UT,False,265,4,universe
MHD,2026-09-21,10.94,0.14,False,11.21,-0.038,-1.26,False,97.0,-0.19,97.2,True,1.26,0.64,20.4,3.5,D 趨勢弱,True,8:49,264.6,跌,192.0,22,True,0.0,-0.027,-0.042,-0.0529,True,True,-2.43,-1.93,11.51,-5.21,-4.13,5.3,OHLC,↓,LH/LL,DT,False,265,4,universe
USA,2026-09-21,5.92,0.06,False,5.96,-0.003,-0.28,False,97.0,-0.05,97.0,True,1.05,0.86,45.8,24.3,C 基底修復,True,8:49,264.6,跌,202.0,22,True,0.0,-0.0087,-0.0143,-0.0247,True,True,-0.73,-0.7,5.87,0.84,0.81,7.0,OHLC,↓,LH/LL,DT,False,265,4,universe
NATL,2026-09-21,46.08,0.58,False,46.23,-0.014,-0.27,True,96.4,0.06,96.4,True,1.27,0.83,54.3,5.4,C 基底修復,False,4:21,130.4,跌,22.0,3,True,0.0,-0.0158,-0.0326,-0.1934,True,True,-0.32,-0.25,46.5,-0.91,-0.72,32.9,OHLC,—,LH/LL,次級回檔,False,265,4,universe
NRK,2026-09-21,9.78,0.16,False,10.12,-0.023,-0.73,True,95.4,0.09,95.3,True,1.61,0.79,20.3,2.4,D 趨勢弱,True,8:49,264.6,跌,124.0,22,True,0.0,-0.0148,-0.0215,-0.0451,True,False,-3.46,-2.14,10.66,-9.0,-5.58,3.2,OHLC,↓,LH/LL,DT,False,265,4,universe
KIM,2026-09-21,22.54,0.36,False,23.61,-0.047,-1.32,True,94.8,0.23,94.5,True,1.59,1.0,19.9,0.8,D 趨勢弱,True,8:09,244.3,跌,86.0,9,True,0.0,-0.0805,-0.0887,-0.2436,True,False,-4.75,-3.0,24.26,-7.63,-4.81,131.4,OHLC,↓,LH/LL,DT,False,265,4,universe
WPC,2026-09-21,66.2,1.09,False,69.61,-0.19,-1.21,True,94.4,0.22,94.2,True,1.64,1.04,18.7,-0.2,D 趨勢弱,True,8:05,242.5,跌,85.0,9,True,0.0,-0.354,-0.3571,-0.5269,True,False,-5.16,-3.15,67.89,-2.55,-1.56,94.5,OHLC,↓,LH/LL,DT,False,265,4,universe
O,2026-09-21,56.65,0.94,False,60.57,-0.221,-1.44,True,94.2,0.12,94.1,True,1.66,1.07,15.0,-0.3,D 趨勢弱,True,8:49,264.6,跌,157.0,18,True,0.0,-0.4015,-0.4147,-0.4354,True,False,-6.91,-4.16,61.97,-9.39,-5.65,376.0,OHLC,↓,LH/LL,DT,False,265,4,universe
CTO,2026-09-21,20.33,0.34,False,21.3,-0.04,-1.04,True,94.1,0.12,93.9,True,1.69,1.09,41.2,1.1,C 基底修復,True,8:49,264.6,跌,505.0,41,True,0.0,-0.1038,-0.1101,-0.1101,True,False,-4.79,-2.84,21.68,-6.64,-3.94,8.0,OHLC,↓,LH/LL,DT,False,265,4,universe
BOKF,2026-09-21,133.14,2.34,False,137.59,-0.347,-0.97,True,93.8,0.05,93.7,True,1.76,1.09,38.0,0.7,C 基底修復,True,8:49,264.6,跌,218.0,24,True,0.0,-0.2394,-0.286,-1.1084,True,False,-3.34,-1.9,137.35,-3.16,-1.8,35.6,OHLC,↓,LH/LL,DT,False,265,4,universe
ARR,2026-09-21,14.77,0.27,False,15.96,-0.064,-1.37,True,93.7,0.25,93.4,True,1.86,1.01,6.9,1.7,D 趨勢弱,True,8:49,264.6,跌,279.0,22,True,0.0,-0.1387,-0.1499,-0.1499,True,False,-8.05,-4.33,16.47,-11.51,-6.19,58.2,OHLC,↓,LH/LL,DT,False,265,4,universe
CSWC,2026-09-21,23.44,0.42,False,24.64,-0.063,-0.36,True,93.7,0.31,93.4,True,1.79,1.07,36.9,-0.1,C 基底修復,True,8:49,264.6,跌,117.0,14,True,0.0,-0.1528,-0.1549,-0.1691,True,False,-5.13,-2.86,23.6,-0.68,-0.38,14.7,OHLC,↓,LH/LL,DT,False,265,4,universe
UTG,2026-09-21,35.98,0.64,False,37.97,-0.136,-0.89,True,93.6,0.21,93.4,True,1.77,1.12,12.5,1.2,D 趨勢弱,True,6:14,187.1,跌,54.0,6,True,0.0,-0.1701,-0.1824,-0.1931,True,False,-5.54,-3.13,38.88,-8.06,-4.56,11.9,OHLC,↓,LH/LL,DT,False,265,4,universe
SPH,2026-09-21,16.95,0.28,False,17.44,-0.02,-0.68,True,93.5,0.32,93.2,True,1.65,1.26,15.4,2.7,D 趨勢弱,False,5:38,168.9,跌,44.0,10,True,0.0,-0.0385,-0.0512,-0.1107,True,True,-2.89,-1.75,,,,3.4,OHLC,—,HH/HL,DT,False,265,4,universe
MSDL,2026-09-21,14.65,0.25,False,15.17,-0.024,-0.28,True,93.4,0.27,93.2,True,1.73,1.2,15.0,0.5,D 趨勢弱,True,8:49,264.6,跌,234.0,17,True,0.0,-0.0363,-0.0401,-0.087,True,False,-3.53,-2.04,15.05,-2.73,-1.58,5.9,OHLC,↓,LH/LL,DT,False,265,4,universe
UDR,2026-09-21,33.89,0.59,False,36.22,-0.139,-1.56,True,93.3,0.35,93.0,True,1.74,1.22,14.2,-0.5,D 趨勢弱,True,8:49,264.6,跌,119.0,15,True,0.0,-0.1757,-0.187,-0.2407,True,False,-6.87,-3.95,38.39,-13.28,-7.63,127.1,OHLC,↓,LH/LL,DT,False,265,4,universe
MFA,2026-09-21,8.45,0.16,False,8.79,-0.026,-0.88,True,93.2,0.08,93.2,True,1.91,1.08,13.3,3.2,D 趨勢弱,True,6:58,208.8,跌,66.0,8,True,0.0,-0.0196,-0.0266,-0.0376,True,False,-4.01,-2.1,8.63,-2.13,-1.12,13.3,OHLC,↓,LH/LL,DT,False,265,4,universe
NLY,2026-09-21,21.31,0.39,False,22.44,-0.069,-1.02,True,93.1,0.1,93.0,True,1.84,1.18,19.4,4.0,D 趨勢弱,True,8:49,264.6,跌,141.0,19,True,0.0,-0.1557,-0.1831,-0.1865,True,False,-5.31,-2.88,23.2,-8.87,-4.81,175.5,OHLC,↓,LH/LL,DT,False,265,4,universe
WCN,2026-09-21,155.55,2.93,False,163.64,-0.635,-0.67,True,92.9,0.22,92.7,True,1.89,1.17,29.7,0.4,D 趨勢弱,True,8:49,264.6,跌,156.0,17,True,0.0,-0.8373,-0.9113,-1.0223,True,False,-5.2,-2.76,167.24,-7.52,-3.99,156.9,OHLC,↓,LH/LL,DT,False,265,4,universe
VICI,2026-09-21,24.05,0.43,False,25.52,-0.077,-1.1,True,92.8,0.12,92.7,True,1.78,1.3,5.5,0.6,D 趨勢弱,True,8:49,264.6,跌,206.0,17,True,0.0,-0.1273,-0.1406,-0.1406,True,False,-6.12,-3.44,25.93,-7.82,-4.39,244.7,OHLC,↓,LH/LL,DT,False,265,4,universe
FRME,2026-09-21,40.9,0.76,False,41.71,-0.049,-0.71,True,92.7,0.4,92.3,True,1.85,1.26,39.2,0.1,C 基底修復,False,4:08,123.8,跌,19.0,3,True,0.0,-0.012,-0.0132,-0.226,True,True,-1.99,-1.08,41.73,-2.03,-1.1,18.2,OHLC,—,LH/LL,自然回檔,True,265,4,universe
STWD,2026-09-21,15.0,0.28,False,15.88,-0.049,-0.71,True,92.7,0.24,92.5,True,1.89,1.22,6.4,1.2,D 趨勢弱,True,8:49,264.6,跌,209.0,18,True,0.0,-0.0708,-0.0782,-0.0782,True,False,-5.89,-3.12,16.08,-7.2,-3.81,63.0,OHLC,↓,LH/LL,DT,False,265,4,universe
BANF,2026-09-21,109.46,2.15,False,111.45,-0.103,-0.49,True,92.6,0.2,92.4,True,1.96,1.19,22.8,3.1,D 趨勢弱,False,4:49,144.7,跌,30.0,3,True,0.0,-0.1245,-0.1595,-0.5791,True,True,-1.82,-0.93,112.52,-2.8,-1.43,14.3,OHLC,—,LH/LL,DT,True,265,4,universe
LADR,2026-09-21,9.45,0.17,False,9.77,-0.008,-0.16,True,92.6,0.1,92.5,True,1.85,1.3,14.3,1.4,D 趨勢弱,True,8:49,264.6,跌,284.0,16,True,0.0,-0.0348,-0.0359,-0.0359,True,False,-3.36,-1.82,9.86,-4.34,-2.35,10.3,OHLC,↓,LH/LL,DT,False,265,4,universe
INGR,2026-09-21,97.03,1.87,False,102.5,-0.279,-0.48,True,92.5,0.25,92.2,True,1.93,1.24,8.2,0.2,D 趨勢弱,True,8:49,264.6,跌,116.0,18,True,0.0,-0.5655,-0.5684,-0.6673,True,False,-5.64,-2.92,102.24,-5.37,-2.78,61.0,OHLC,↓,LH/LL,DT,False,265,4,universe
SLRC,2026-09-21,12.03,0.21,False,12.51,-0.05,-0.77,True,92.5,0.31,92.2,True,1.78,1.38,10.6,1.4,D 趨勢弱,True,8:49,264.6,跌,131.0,10,True,0.0,-0.0333,-0.0373,-0.0526,True,False,-3.97,-2.23,12.37,-2.83,-1.59,4.1,OHLC,↓,LH/LL,DT,False,265,4,universe
CWT,2026-09-21,47.26,0.91,False,49.56,-0.067,-0.37,True,92.4,0.27,92.1,True,1.93,1.26,45.4,-0.6,C 基底修復,True,8:49,264.6,跌,611.0,42,True,0.0,-0.2602,-0.2636,-0.3644,True,False,-4.87,-2.52,50.85,-7.6,-3.93,23.4,OHLC,↓,LH/LL,DT,False,265,4,universe
ECL,2026-09-21,269.98,5.21,False,279.53,-0.336,-0.33,True,92.4,0.22,92.2,True,1.93,1.26,24.7,1.9,D 趨勢弱,True,8:49,264.6,跌,110.0,14,True,0.0,-1.1535,-1.201,-1.736,True,False,-3.54,-1.83,275.71,-2.12,-1.1,349.4,OHLC,—,LH/LL,DT,True,265,4,universe
EPR,2026-09-21,57.43,1.16,False,59.48,-0.126,-0.71,True,92.2,0.17,92.0,True,2.02,1.22,35.2,2.5,C 基底修復,True,8:49,264.6,跌,395.0,35,True,0.0,-0.2445,-0.2859,-0.4336,True,False,-3.56,-1.76,60.48,-5.31,-2.63,52.7,OHLC,↓,LH/LL,DT,False,265,4,universe
FCPT,2026-09-21,22.62,0.44,False,24.27,-0.093,-1.61,True,92.2,0.16,92.1,True,1.95,1.28,15.4,-0.6,D 趨勢弱,True,8:49,264.6,跌,185.0,15,True,0.0,-0.2165,-0.2245,-0.2245,True,False,-7.3,-3.74,23.57,-4.2,-2.15,22.1,OHLC,↓,LH/LL,DT,False,265,4,universe
GLPI,2026-09-21,39.67,0.76,False,41.95,-0.097,-0.75,True,92.2,0.21,92.0,True,1.9,1.34,8.5,-1.4,D 趨勢弱,True,8:49,264.6,跌,156.0,17,True,0.0,-0.1433,-0.149,-0.1937,True,False,-5.75,-3.02,41.05,-3.48,-1.83,176.6,OHLC,↓,LH/LL,DT,False,265,4,universe
USB,2026-09-21,60.44,1.19,False,62.35,-0.104,-0.73,True,92.2,0.34,91.8,True,1.97,1.27,48.9,2.7,C 基底修復,True,8:49,264.6,跌,533.0,46,True,0.0,-0.269,-0.29,-0.43,True,False,-3.15,-1.6,63.36,-4.83,-2.46,454.6,OHLC,↓,LH/LL,DT,False,265,4,universe
HSIC,2026-09-21,85.2,1.76,False,88.44,-0.141,-0.37,True,92.1,0.2,91.9,True,2.06,1.21,48.6,1.6,C 基底修復,True,8:49,264.6,跌,209.0,23,True,0.0,-0.6037,-0.6169,-0.6169,True,False,-3.8,-1.84,89.12,-4.6,-2.23,87.5,OHLC,↓,LH/LL,DT,False,265,4,universe
BNL,2026-09-21,19.28,0.4,False,20.64,-0.045,-0.82,True,91.8,0.25,91.6,True,2.06,1.27,17.6,1.0,D 趨勢弱,True,8:49,264.6,跌,146.0,15,True,0.0,-0.1601,-0.1702,-0.2268,True,False,-7.05,-3.42,21.37,-10.84,-5.26,35.7,OHLC,↓,LH/LL,DT,False,265,4,universe
NWE,2026-09-21,69.83,1.47,False,70.16,-0.061,-0.22,False,91.6,-0.57,92.2,True,2.1,1.27,49.9,19.2,C 基底修復,True,7:29,224.4,跌,75.0,7,True,0.0,-0.0801,-0.1776,-0.4563,True,True,-0.47,-0.22,71.05,-1.75,-0.83,28.2,OHLC,↓,LH/LL,自然反彈,False,265,4,universe
RF,2026-09-21,28.55,0.58,False,30.23,-0.089,-1.08,True,91.6,0.48,91.1,True,2.04,1.34,25.3,1.1,C 基底修復,True,8:49,264.6,跌,232.0,32,True,0.0,-0.1651,-0.172,-0.2147,True,False,-5.9,-2.89,30.41,-6.51,-3.19,220.3,OHLC,↓,LH/LL,DT,False,265,4,universe
SPFI,2026-09-21,44.08,0.9,False,44.43,-0.021,-0.27,True,91.6,0.23,91.4,True,2.04,1.34,49.5,0.6,C 基底修復,False,5:32,165.8,跌,42.0,5,True,0.0,-0.0986,-0.1144,-0.2718,True,True,-0.79,-0.39,43.14,2.14,1.05,5.3,OHLC,—,HH/HL,DT,False,265,4,universe
SUI,2026-09-21,113.74,2.32,False,120.79,-0.175,-0.39,True,91.5,0.17,91.3,True,2.04,1.37,22.8,-0.2,D 趨勢弱,True,8:49,264.6,跌,175.0,14,True,0.0,-0.5374,-0.5659,-0.9177,True,False,-6.2,-3.04,118.04,-3.78,-1.86,142.6,OHLC,↓,LH/LL,DT,False,265,4,universe
AXP,2026-09-21,313.59,6.12,False,328.42,-0.784,-1.12,True,91.2,0.21,91.0,True,1.95,1.52,19.8,3.4,D 趨勢弱,True,8:49,264.6,跌,288.0,45,True,0.0,-1.279,-1.4584,-3.5046,True,False,-4.73,-2.42,327.78,-4.53,-2.32,832.6,OHLC,↓,LH/LL,DT,False,265,4,universe
BAC,2026-09-21,57.96,1.26,False,61.63,-0.156,-0.8,True,91.1,0.32,90.7,True,2.18,1.32,38.1,2.4,C 基底修復,True,8:49,264.6,跌,213.0,25,True,0.0,-0.5624,-0.5938,-0.5938,True,False,-6.33,-2.9,57.18,1.35,0.62,2087.9,OHLC,—,HH/HL,DT,False,265,4,universe
EPRT,2026-09-21,26.76,0.57,False,29.2,-0.196,-2.17,True,91.0,0.27,90.7,True,2.14,1.37,2.3,-0.1,D 趨勢弱,True,8:49,264.6,跌,131.0,18,True,0.0,-0.2964,-0.3169,-0.3169,True,False,-9.12,-4.26,30.19,-12.82,-5.99,56.7,OHLC,↓,LH/LL,DT,False,265,4,universe
TFC,2026-09-21,49.0,1.07,False,50.52,-0.137,-0.82,True,91.0,0.42,90.5,True,2.18,1.34,28.1,2.7,D 趨勢弱,True,6:09,184.4,跌,52.0,9,True,0.0,-0.1709,-0.202,-0.321,True,False,-3.09,-1.42,48.68,0.65,0.3,347.8,OHLC,↓,LH/LL,DT,False,265,4,universe
SIGI,2026-09-21,87.78,1.9,False,90.65,-0.254,-1.15,True,90.9,0.11,90.8,True,2.17,1.38,39.2,1.0,C 基底修復,True,6:09,184.4,跌,52.0,9,True,0.0,-0.3267,-0.3854,-0.6663,True,False,-3.27,-1.51,93.2,-6.17,-2.85,36.0,OHLC,↓,LH/LL,DT,False,265,4,universe
RITM,2026-09-21,9.55,0.19,False,9.95,-0.022,-0.67,True,90.8,0.05,90.7,True,2.04,1.52,13.1,6.7,D 趨勢弱,True,8:49,264.6,跌,214.0,22,True,0.0,-0.0662,-0.0809,-0.0809,True,False,-4.18,-2.05,9.43,1.26,0.62,47.7,OHLC,↓,LH/LL,自然反彈,False,265,4,universe
UNF,2026-09-21,264.0,6.56,False,276.36,-0.601,-0.86,True,90.7,0.34,90.4,True,2.48,1.1,39.8,1.8,C 基底修復,True,8:49,264.6,跌,276.0,35,True,0.0,-1.3422,-1.6146,-1.9871,True,False,-4.68,-1.88,263.13,0.33,0.13,96.1,OHLC,↓,LH/LL,DT,False,265,4,universe
PFLT,2026-09-21,7.09,0.16,False,7.32,-0.015,-0.08,True,90.2,0.22,90.0,True,2.24,1.45,21.2,1.0,D 趨勢弱,True,7:43,231.4,跌,79.0,11,True,0.0,-0.0254,-0.0313,-0.0445,True,False,-3.31,-1.48,7.22,-1.83,-0.82,5.2,OHLC,↓,LH/LL,DT,False,265,4,universe
VTR,2026-09-21,87.03,1.81,False,90.18,-0.224,-0.61,True,90.1,0.28,89.8,True,2.08,1.64,34.7,0.5,C 基底修復,True,8:49,264.6,跌,114.0,15,True,0.0,-0.4115,-0.4289,-1.0942,True,False,-3.62,-1.74,92.09,-5.81,-2.79,313.1,OHLC,—,LH/LL,自然回檔,False,265,4,universe
CTRE,2026-09-21,37.68,0.87,False,39.11,-0.089,-0.62,True,90.0,0.39,89.7,True,2.3,1.43,23.6,1.5,D 趨勢弱,True,7:52,235.8,跌,81.0,8,True,0.0,-0.106,-0.1081,-0.451,True,False,-3.78,-1.64,39.93,-5.97,-2.59,78.5,OHLC,↓,LH/LL,DT,False,265,4,universe
LAND,2026-09-21,9.6,0.23,True,9.06,0.025,0.73,True,89.4,0.09,89.3,True,2.45,1.43,25.9,9.6,D 趨勢弱,False,5:40,170.0,跌,44.0,4,True,0.0,-0.0213,-0.0251,-0.0439,True,False,5.58,2.28,9.38,2.34,0.96,7.7,OHLC,↑,HH/HL,自然反彈,False,265,4,universe
AHR,2026-09-21,52.3,1.18,False,54.22,-0.106,-0.49,True,89.3,0.18,89.1,True,2.25,1.63,42.2,5.7,C 基底修復,True,8:02,241.2,跌,84.0,12,True,0.0,-0.3213,-0.3334,-0.6238,True,False,-3.67,-1.63,,,,167.4,OHLC,—,HH/HL,DT,False,265,4,universe
NMFC,2026-09-21,7.11,0.16,False,7.43,-0.032,-0.45,True,89.3,0.18,89.1,True,2.26,1.63,9.2,2.1,D 趨勢弱,True,8:49,264.6,跌,187.0,19,True,0.0,-0.0462,-0.0555,-0.0583,True,False,-4.53,-2.01,7.64,-7.45,-3.3,3.2,OHLC,↓,LH/LL,自然反彈,False,265,4,universe
NTST,2026-09-21,18.15,0.43,False,20.04,-0.07,-1.08,True,89.3,0.51,88.8,True,2.39,1.49,22.0,-0.5,D 趨勢弱,True,7:15,217.7,跌,71.0,11,True,0.0,-0.1997,-0.2055,-0.2458,True,False,-10.41,-4.35,20.8,-14.6,-6.1,21.4,OHLC,↓,LH/LL,DT,False,265,4,universe
MCB,2026-09-21,89.27,2.0,False,91.38,-0.131,-0.41,True,89.1,0.23,88.9,True,2.24,1.7,43.6,-0.3,C 基底修復,False,4:42,141.0,跌,28.0,4,True,0.0,-0.1247,-0.1284,-1.1617,True,True,-2.36,-1.05,92.36,-3.46,-1.55,10.4,OHLC,↓,LH/LL,DT,False,265,4,universe
AX,2026-09-21,90.63,2.23,False,95.3,-0.274,-1.4,True,89.0,0.3,88.7,True,2.46,1.5,23.0,-0.5,D 趨勢弱,True,8:49,264.6,跌,304.0,30,True,0.0,-0.4867,-0.497,-0.8177,True,False,-5.15,-2.09,97.95,-8.08,-3.28,34.6,OHLC,↓,LH/LL,DT,False,265,4,universe
PNFP,2026-09-21,96.49,2.39,False,100.86,-0.274,-0.94,True,88.8,0.37,88.4,True,2.48,1.53,25.9,-10.8,D 趨勢弱,True,8:49,264.6,跌,223.0,24,True,0.0,-0.3374,-0.3488,-0.8874,True,False,-4.53,-1.83,101.08,-4.76,-1.92,95.6,OHLC,↓,LH/LL,DT,False,265,4,universe
PMT,2026-09-21,8.88,0.21,False,9.26,-0.023,-0.72,True,88.5,0.29,88.2,True,2.35,1.7,9.6,2.3,D 趨勢弱,True,6:21,190.5,跌,56.0,6,True,0.0,-0.0427,-0.0473,-0.0636,True,False,-4.3,-1.83,9.64,-8.56,-3.64,13.4,OHLC,↓,LH/LL,DT,False,265,4,universe
BRSP,2026-09-21,4.18,0.11,False,4.61,-0.029,-1.82,True,88.2,0.42,87.8,True,2.63,1.5,1.0,1.0,D 趨勢弱,True,8:49,264.6,跌,168.0,16,True,0.0,-0.0328,-0.0355,-0.0355,True,False,-10.17,-3.86,5.0,-19.62,-7.45,5.8,OHLC,↓,LH/LL,DT,False,265,4,universe
MWA,2026-09-21,21.91,0.56,False,23.89,-0.157,-2.06,True,88.0,0.64,87.3,True,2.56,1.61,2.2,0.6,D 趨勢弱,True,8:49,264.6,跌,186.0,26,True,0.0,-0.1864,-0.1922,-0.1922,True,False,-9.02,-3.52,25.4,-15.93,-6.22,29.5,OHLC,↓,LH/LL,DT,False,265,4,universe
AVY,2026-09-21,169.33,4.24,False,174.92,-0.149,-0.18,True,87.9,0.02,87.9,True,2.5,1.68,15.4,2.1,D 趨勢弱,True,8:49,264.6,跌,185.0,19,True,0.0,-0.7324,-0.8253,-1.7015,True,False,-3.3,-1.32,172.28,-1.74,-0.7,205.6,OHLC,—,LH/LL,DT,True,265,4,universe
LVS,2026-09-21,40.26,1.08,False,43.79,-0.157,-1.26,True,87.6,0.3,87.3,True,2.69,1.56,2.6,1.7,D 趨勢弱,True,8:49,264.6,跌,136.0,17,True,0.0,-0.3373,-0.3659,-0.3659,True,False,-8.78,-3.27,46.48,-15.45,-5.75,236.2,OHLC,↓,LH/LL,DT,False,265,4,universe
IIIN,2026-09-21,29.83,0.74,False,30.88,-0.065,-0.6,True,87.5,0.54,87.0,True,2.48,1.78,24.3,4.1,C 基底修復,True,8:49,264.6,跌,371.0,26,True,0.0,-0.0678,-0.0732,-0.3457,True,False,-3.51,-1.42,29.58,0.84,0.34,4.4,OHLC,—,HH/HL,DT,False,265,4,universe
MS,2026-09-21,206.12,5.17,False,211.94,-0.32,-0.52,True,87.4,0.35,87.0,True,2.51,1.79,51.9,5.8,C 基底修復,False,5:40,170.0,跌,44.0,6,True,0.0,-1.0788,-1.3583,-1.932,True,True,-2.83,-1.13,200.26,2.84,1.13,943.0,OHLC,—,HH/HL,DT,False,265,4,universe
HAS,2026-09-21,87.72,2.14,False,92.79,-0.179,-0.33,True,86.9,0.13,86.8,True,2.44,1.95,30.2,-0.1,C 基底修復,True,8:49,264.6,跌,182.0,24,True,0.0,-0.6515,-0.6712,-0.9058,True,False,-5.78,-2.37,91.54,-4.35,-1.78,127.6,OHLC,↓,LH/LL,DT,False,265,4,universe
FNF,2026-09-21,42.46,1.09,False,45.72,-0.26,-1.56,True,86.7,0.24,86.5,True,2.57,1.86,4.5,1.7,D 趨勢弱,True,8:49,264.6,跌,258.0,34,True,0.0,-0.1987,-0.2184,-0.6249,True,False,-7.67,-2.98,47.28,-11.35,-4.42,102.7,OHLC,↓,LH/LL,DT,False,265,4,universe
GEL,2026-09-21,15.03,0.43,False,15.7,-0.014,-0.18,True,86.7,0.23,86.5,True,2.86,1.57,12.5,3.9,D 趨勢弱,True,8:49,264.6,跌,125.0,12,True,0.0,-0.1572,-0.1719,-0.1719,True,False,-4.47,-1.56,,,,4.2,OHLC,—,HH/HL,自然反彈,False,265,4,universe
VMC,2026-09-21,246.2,6.54,False,263.18,-1.6,-1.23,True,86.3,0.2,86.1,True,2.66,1.85,6.0,3.8,D 趨勢弱,True,8:49,264.6,跌,185.0,24,True,0.0,-0.9841,-1.4522,-2.4499,True,False,-6.9,-2.6,281.19,-14.21,-5.35,263.1,OHLC,↓,LH/LL,自然反彈,False,265,4,universe
WYNN,2026-09-21,83.32,2.49,False,92.58,-0.682,-1.68,True,86.2,0.32,85.9,True,2.99,1.53,0.0,0.0,D 趨勢弱,True,8:49,264.6,跌,173.0,22,True,0.0,-0.7406,-0.8847,-1.2132,True,False,-11.11,-3.71,98.11,-17.75,-5.93,163.9,OHLC,↓,LH/LL,自然反彈,False,265,4,universe
ASH,2026-09-21,69.06,1.96,False,72.71,-0.352,-0.38,True,86.1,0.37,85.7,True,2.84,1.72,50.7,0.1,C 基底修復,True,8:49,264.6,跌,231.0,26,True,0.0,-0.5433,-0.571,-0.6667,True,False,-5.29,-1.87,71.73,-3.87,-1.36,43.2,OHLC,↓,LH/LL,DT,False,265,4,universe
LLYVK,2026-09-21,98.38,2.73,False,102.05,-0.143,-0.47,True,86.1,0.36,85.7,True,2.78,1.78,34.4,5.5,C 基底修復,True,8:49,264.6,跌,247.0,17,True,0.0,-0.219,-0.3741,-1.0133,True,False,-3.73,-1.34,98.86,-0.49,-0.18,29.8,OHLC,—,LH/LL,自然反彈,True,265,4,universe
MLM,2026-09-21,499.67,12.86,False,517.33,-1.629,-0.71,True,86.1,0.42,85.7,True,2.57,1.98,10.1,3.5,D 趨勢弱,True,8:49,264.6,跌,136.0,15,True,0.0,-0.2223,-0.8158,-2.9555,True,False,-3.53,-1.37,517.07,-3.48,-1.35,383.2,OHLC,—,LH/LL,DT,True,265,4,universe
LLYVA,2026-09-21,95.24,2.58,False,98.84,-0.21,-0.53,True,85.9,0.26,85.7,True,2.71,1.88,34.7,6.0,C 基底修復,True,8:49,264.6,跌,231.0,17,True,0.0,-0.1869,-0.3419,-0.9588,True,False,-3.78,-1.39,95.39,-0.16,-0.06,13.5,OHLC,—,LH/LL,自然反彈,True,265,4,universe
MKC,2026-09-21,48.89,1.31,False,52.55,-0.156,-0.67,True,85.9,0.41,85.5,True,2.68,1.91,3.5,2.3,D 趨勢弱,True,8:49,264.6,跌,151.0,17,True,0.0,-0.4833,-0.5163,-0.5621,True,False,-7.49,-2.8,51.99,-6.34,-2.37,150.3,OHLC,↓,LH/LL,DT,False,265,4,universe
TNL,2026-09-21,63.04,1.75,False,68.89,-0.366,-1.55,True,85.8,0.43,85.3,True,2.77,1.85,12.4,2.4,D 趨勢弱,True,8:49,264.6,跌,241.0,30,True,0.0,-0.1969,-0.214,-0.7543,True,False,-9.29,-3.35,66.74,-5.87,-2.12,42.2,OHLC,—,LH/LL,DT,True,265,4,universe
EQT,2026-09-21,50.13,1.42,False,53.41,-0.107,-0.42,True,85.7,0.1,85.6,True,2.82,1.82,8.2,-0.0,D 趨勢弱,True,8:01,240.7,跌,84.0,9,True,0.0,-0.6479,-0.6508,-0.6508,True,False,-6.54,-2.32,53.01,-5.75,-2.03,361.3,OHLC,—,HH/HL,DT,False,265,4,universe
SLM,2026-09-21,25.07,0.68,False,26.42,-0.052,-0.61,True,85.6,0.72,84.9,True,2.71,1.94,51.2,2.3,C 基底修復,True,8:49,264.6,跌,207.0,24,True,0.0,-0.1702,-0.1723,-0.2331,True,False,-5.4,-1.99,26.4,-5.31,-1.96,46.8,OHLC,↓,LH/LL,DT,False,265,4,universe
CRVL,2026-09-21,71.83,2.04,True,68.68,0.246,1.01,True,85.4,0.54,84.9,True,2.84,1.85,58.3,1.1,B 上升結構,False,5:05,152.6,跌,35.0,3,True,0.0,-0.0037,-0.0528,-0.5382,True,False,4.38,1.54,71.33,0.7,0.25,14.6,OHLC,—,LH/LL,自然回檔,False,265,4,universe
EXE,2026-09-21,87.65,2.51,False,94.51,-0.272,-0.56,True,85.3,0.06,85.3,True,2.87,1.84,6.2,0.1,D 趨勢弱,True,8:04,241.8,跌,84.0,10,True,0.0,-1.3584,-1.3656,-1.3656,True,False,-7.83,-2.73,,,,258.3,OHLC,—,HH/HL,DT,False,265,4,universe
NKE,2026-09-21,36.1,1.0,False,38.52,-0.206,-1.06,True,85.2,0.23,85.0,True,2.78,1.96,4.8,3.3,D 趨勢弱,True,8:49,264.6,跌,384.0,37,True,0.0,-0.0893,-0.1384,-0.2221,True,False,-6.7,-2.41,39.6,-9.7,-3.49,1144.4,OHLC,↓,LH/LL,DT,False,265,4,universe
H,2026-09-21,156.95,4.62,False,168.69,-0.782,-0.77,True,85.1,0.5,84.7,True,2.94,1.8,12.1,3.6,D 趨勢弱,True,8:49,264.6,跌,132.0,16,True,0.0,-0.4282,-0.6166,-1.9833,True,False,-7.48,-2.54,163.71,-4.31,-1.46,117.3,OHLC,↓,LH/LL,DT,False,265,4,universe
LPLA,2026-09-21,332.26,10.08,False,356.7,-0.687,-0.44,True,84.5,0.44,84.1,True,3.03,1.84,42.2,12.8,C 基底修復,True,8:49,264.6,跌,197.0,24,True,0.0,-3.8401,-4.2644,-4.2644,True,False,-7.36,-2.43,354.82,-6.79,-2.24,200.0,OHLC,↓,LH/LL,DT,False,265,4,universe
UFPI,2026-09-21,80.27,2.39,False,84.85,-0.465,-1.17,True,84.2,0.53,83.7,True,2.98,1.96,6.1,3.5,D 趨勢弱,True,8:49,264.6,跌,240.0,26,True,0.0,-0.2245,-0.3149,-0.8668,True,False,-5.71,-1.92,82.41,-2.67,-0.9,34.4,OHLC,↓,LH/LL,DT,False,265,4,universe
KREF,2026-09-21,6.76,0.2,False,7.37,-0.04,-0.59,True,84.0,0.02,84.0,True,2.94,2.03,21.6,0.4,D 趨勢弱,True,8:49,264.6,跌,200.0,24,True,0.0,-0.0826,-0.0839,-0.0839,True,False,-8.98,-3.05,7.62,-12.72,-4.32,4.2,OHLC,↓,LH/LL,DT,False,265,4,universe
PIPR,2026-09-21,73.87,2.17,False,74.95,-0.031,-0.33,True,84.0,0.5,83.4,True,2.94,2.04,15.6,3.0,D 趨勢弱,False,5:21,160.6,跌,39.0,5,True,0.0,-0.3434,-0.4644,-0.4644,True,True,-1.47,-0.5,71.36,3.4,1.16,44.9,OHLC,↑,HH/HL,次級反彈,False,265,4,universe
SAFE,2026-09-21,13.4,0.4,False,14.53,-0.105,-1.78,True,84.0,0.18,83.8,True,2.96,2.01,9.0,1.6,D 趨勢弱,True,6:45,202.5,跌,62.0,10,True,0.0,-0.1284,-0.1445,-0.1629,True,False,-8.4,-2.84,15.52,-15.82,-5.35,5.5,OHLC,↓,LH/LL,DT,False,265,4,universe
TFX,2026-09-21,124.8,4.04,False,133.81,-0.456,-0.76,True,84.0,0.35,83.6,True,3.24,1.73,33.9,1.4,C 基底修復,True,7:40,230.0,跌,78.0,10,True,0.0,-1.5254,-1.5957,-1.5957,True,False,-7.22,-2.23,,,,86.7,OHLC,—,HH/HL,DT,False,265,4,universe
KNSL,2026-09-21,358.19,9.46,False,373.34,-0.422,-0.08,True,83.9,0.35,83.5,True,2.64,2.35,35.8,9.9,C 基底修復,True,8:49,264.6,跌,239.0,17,True,0.0,-2.4321,-2.6526,-3.7906,True,False,-4.23,-1.6,369.2,-3.07,-1.16,67.7,OHLC,—,LH/LL,DT,True,265,4,universe
TSCO,2026-09-21,32.33,1.02,False,34.63,-0.051,-0.05,True,83.5,0.41,83.1,True,3.17,1.9,17.2,1.4,D 趨勢弱,True,8:49,264.6,跌,171.0,19,True,0.0,-0.3426,-0.3583,-0.3583,True,False,-7.11,-2.24,33.83,-4.64,-1.46,282.6,OHLC,↓,LH/LL,DT,False,265,4,universe
BCO,2026-09-21,107.05,3.26,False,109.91,-0.144,-0.55,True,83.3,0.66,82.6,True,3.04,2.07,18.9,-1.3,D 趨勢弱,False,4:16,128.2,跌,21.0,3,True,0.0,-0.1403,-0.1563,-1.535,True,True,-2.67,-0.88,108.87,-1.7,-0.56,45.2,OHLC,↓,LH/LL,DT,False,265,4,universe
HII,2026-09-21,276.1,7.43,False,295.65,-1.32,-1.49,True,83.1,0.56,82.6,True,2.69,2.45,6.7,4.1,D 趨勢弱,True,8:49,264.6,跌,176.0,24,True,0.0,-0.9435,-1.2508,-4.6194,True,False,-7.08,-2.63,283.25,-2.59,-0.96,119.8,OHLC,↓,LH/LL,DT,False,265,4,universe
KMX,2026-09-21,57.86,1.88,False,60.25,-0.085,-0.01,True,83.0,0.62,82.4,True,3.24,1.92,46.5,-11.0,C 基底修復,True,8:49,264.6,跌,109.0,14,True,0.0,-0.6678,-0.6783,-0.6783,True,False,-4.13,-1.28,61.69,-6.62,-2.04,103.1,OHLC,↓,LH/LL,DT,False,265,4,universe
GS,2026-09-21,959.39,27.75,False,1010.69,-2.464,-0.81,True,82.8,0.53,82.2,True,2.89,2.32,36.2,14.8,C 基底修復,True,8:26,253.0,跌,91.0,6,True,0.0,-7.8952,-9.2206,-10.7254,True,False,-5.35,-1.85,1038.61,-8.26,-2.85,1941.0,OHLC,↓,LH/LL,自然反彈,False,265,4,universe
HIPO,2026-09-21,31.53,0.93,False,32.7,-0.05,-0.23,True,82.7,0.68,82.0,True,2.95,2.28,41.1,6.5,C 基底修復,True,8:49,264.6,跌,227.0,25,True,0.0,-0.2765,-0.2876,-0.2987,True,False,-3.71,-1.26,33.6,-6.57,-2.22,5.8,OHLC,↓,LH/LL,DT,False,265,4,universe
SMP,2026-09-21,37.15,1.16,False,38.29,-0.092,-0.46,True,82.6,0.49,82.1,True,3.13,2.11,18.0,2.9,D 趨勢弱,False,5:42,170.9,跌,45.0,5,True,0.0,-0.1759,-0.1807,-0.2693,True,True,-3.06,-0.98,40.76,-9.72,-3.11,8.4,OHLC,↓,LH/LL,DT,False,265,4,universe
JJSF,2026-09-21,78.04,2.42,False,86.0,-0.509,-0.51,True,82.5,0.37,82.1,True,3.11,2.16,11.0,8.6,D 趨勢弱,True,8:49,264.6,跌,169.0,21,True,0.0,-1.0168,-1.0515,-1.1324,True,False,-10.2,-3.28,85.48,-9.53,-3.07,14.8,OHLC,↓,LH/LL,DT,False,265,4,universe
ULTA,2026-09-21,557.86,17.17,False,535.49,-0.106,0.04,True,82.4,0.12,82.3,True,3.08,2.21,40.5,6.6,C 基底修復,True,7:25,222.4,跌,74.0,8,True,0.0,-1.0219,-2.1296,-4.2873,True,False,4.01,1.3,530.52,4.9,1.59,402.2,OHLC,↑,HH/HL,UT,False,265,4,universe
HRZN,2026-09-21,4.66,0.15,True,4.84,0.003,0.24,True,81.9,0.88,81.0,True,3.24,2.15,22.4,13.6,D 趨勢弱,False,5:14,157.0,跌,37.0,5,True,0.0,-0.026,-0.0262,-0.0522,True,False,-3.87,-1.19,4.53,2.79,0.86,3.2,OHLC,↑,HH/HL,自然反彈,False,265,4,universe
PANL,2026-09-21,8.52,0.27,True,8.02,0.033,0.69,True,81.7,0.29,81.4,True,3.14,2.29,57.0,1.7,B 上升結構,False,5:54,177.1,跌,48.0,6,True,0.0,-0.0121,-0.0185,-0.0449,True,False,5.92,1.89,8.28,2.82,0.9,3.8,OHLC,—,HH/HL,自然反彈,True,265,4,universe
XYZ,2026-09-21,77.91,2.44,False,80.45,-0.017,-0.35,True,81.5,0.65,80.9,True,3.13,2.32,58.7,4.6,C 基底修復,True,8:27,253.3,跌,91.0,14,True,0.0,-0.521,-0.6589,-0.6589,True,False,-3.26,-1.04,80.57,-3.41,-1.09,307.9,OHLC,↓,LH/LL,自然反彈,False,265,4,universe
CMCSA,2026-09-21,22.93,0.72,False,25.38,-0.099,-0.6,True,81.4,0.36,81.0,True,3.15,2.32,1.8,1.3,D 趨勢弱,True,8:49,264.6,跌,164.0,15,True,0.0,-0.4436,-0.4638,-0.4638,True,False,-10.67,-3.39,25.2,-9.9,-3.14,606.3,OHLC,↓,LH/LL,DT,False,265,4,universe
LILAK,2026-09-21,8.8,0.28,True,8.47,0.008,0.16,False,81.4,-0.16,81.5,True,3.19,2.29,68.1,-2.8,B 上升結構,True,8:49,264.6,跌,386.0,28,True,0.0,-0.0312,-0.0447,-0.0754,True,False,3.78,1.19,8.45,3.98,1.25,11.1,OHLC,—,HH/HL,自然反彈,True,265,4,universe
ALSN,2026-09-21,118.86,3.98,False,125.34,-0.079,0.02,True,81.0,0.64,80.4,True,3.35,2.19,39.3,-0.4,C 基底修復,True,8:49,264.6,跌,176.0,15,True,0.0,-1.4582,-1.5433,-1.5433,True,False,-5.45,-1.63,132.41,-11.4,-3.4,95.8,OHLC,↓,LH/LL,DT,False,265,4,universe
LEN,2026-09-21,78.08,2.7,False,82.05,-0.348,-0.87,True,80.8,0.7,80.2,True,3.45,2.12,6.4,3.9,D 趨勢弱,True,8:49,264.6,跌,118.0,16,True,0.0,-0.4235,-0.5094,-0.781,True,False,-5.09,-1.47,80.07,-2.55,-0.74,315.3,OHLC,↓,LH/LL,自然反彈,False,265,4,universe
NVST,2026-09-21,23.43,0.85,False,26.48,-0.213,-1.23,True,80.8,0.84,79.9,True,3.63,1.97,9.6,2.2,D 趨勢弱,True,8:49,264.6,跌,235.0,25,True,0.0,-0.3808,-0.3836,-0.3836,True,False,-13.01,-3.59,23.77,-1.45,-0.4,62.2,OHLC,↓,LH/LL,DT,False,265,4,universe
SARO,2026-09-21,22.88,0.78,False,24.91,-0.341,-2.07,True,80.8,0.83,79.9,True,3.43,2.17,5.7,5.7,D 趨勢弱,True,8:49,264.6,跌,224.0,30,True,0.0,-0.0552,-0.0926,-0.4956,True,False,-8.89,-2.59,24.81,-8.44,-2.46,83.7,OHLC,↓,LH/LL,自然反彈,False,265,4,universe
VVV,2026-09-21,26.62,0.96,False,31.2,-0.352,-2.52,True,80.8,0.43,80.3,True,3.6,2.0,5.0,0.0,D 趨勢弱,True,7:34,227.0,跌,76.0,10,True,0.0,-0.317,-0.3268,-0.7498,True,False,-17.22,-4.79,30.96,-16.3,-4.53,62.1,OHLC,↓,LH/LL,DT,False,265,4,universe
THO,2026-09-21,69.94,2.47,False,74.74,-0.509,-0.98,True,80.6,0.45,80.2,True,3.53,2.08,3.8,3.8,D 趨勢弱,True,8:49,264.6,跌,330.0,25,True,0.0,-0.6091,-0.7605,-0.7605,True,False,-6.86,-1.94,73.48,-5.06,-1.43,49.8,OHLC,↓,LH/LL,自然反彈,False,265,4,universe
BRSL,2026-09-21,10.28,0.34,False,11.13,-0.07,-0.28,True,80.3,0.35,79.9,True,3.31,2.38,3.8,-0.7,D 趨勢弱,True,8:49,264.6,跌,250.0,15,True,0.0,-0.1133,-0.1209,-0.1209,True,False,-8.26,-2.5,11.57,-12.55,-3.8,18.6,OHLC,↓,LH/LL,DT,False,265,4,universe
INFY,2026-09-21,10.89,0.34,False,11.71,-0.043,-0.72,True,80.3,0.78,79.5,True,3.11,2.58,17.1,2.1,D 趨勢弱,True,8:49,264.6,跌,219.0,26,True,0.0,-0.0712,-0.0756,-0.1364,True,False,-7.53,-2.42,11.6,-6.52,-2.09,159.5,OHLC,↓,LH/LL,DT,False,265,4,universe
WOR,2026-09-21,58.15,2.04,False,58.34,-0.013,-0.05,True,80.1,0.51,79.6,True,3.51,2.21,52.1,-1.6,C 基底修復,False,5:39,169.7,跌,44.0,7,True,0.0,-0.1496,-0.1852,-0.5393,True,True,-0.33,-0.09,57.97,0.31,0.09,22.2,OHLC,—,LH/LL,自然回檔,False,265,4,universe
KNX,2026-09-21,66.62,2.42,False,68.81,-0.115,-0.35,True,80.0,0.09,79.9,True,3.63,2.1,45.6,0.5,C 基底修復,False,4:54,147.0,跌,32.0,4,True,0.0,-0.1538,-0.1596,-0.7249,True,True,-3.28,-0.9,66.11,0.77,0.21,236.9,OHLC,—,HH/HL,DT,False,265,4,universe
KBH,2026-09-21,47.86,1.71,False,51.62,-0.338,-1.31,True,79.8,0.59,79.3,True,3.58,2.19,2.9,2.9,D 趨勢弱,True,8:49,264.6,跌,205.0,28,True,0.0,-0.2678,-0.3303,-0.6584,True,False,-7.86,-2.2,49.57,-3.57,-1.0,63.3,OHLC,↓,LH/LL,DT,False,265,4,universe
TTWO,2026-09-21,209.92,7.63,False,226.54,-1.357,-0.75,True,79.6,0.57,79.0,True,3.63,2.18,11.4,2.3,D 趨勢弱,True,8:49,264.6,跌,208.0,25,True,0.0,-0.4596,-0.6944,-2.869,True,False,-7.92,-2.18,222.91,-6.19,-1.7,606.4,OHLC,↓,LH/LL,自然反彈,False,265,4,universe
TREX,2026-09-21,42.9,1.51,False,45.95,-0.236,-0.61,True,79.5,0.77,78.7,True,3.53,2.31,42.6,3.6,C 基底修復,True,7:46,233.1,跌,80.0,22,True,0.0,-0.2132,-0.2367,-0.5975,True,False,-7.11,-2.02,44.02,-2.61,-0.74,64.5,OHLC,↓,LH/LL,DT,False,265,4,universe
DPZ,2026-09-21,295.94,10.32,False,332.97,-1.878,-1.11,True,79.2,0.97,78.3,True,3.49,2.4,13.5,1.1,D 趨勢弱,True,8:49,264.6,跌,245.0,29,True,0.0,-4.5016,-4.8288,-4.8288,True,False,-12.51,-3.59,323.77,-9.4,-2.7,258.6,OHLC,↓,LH/LL,DT,False,265,4,universe
APOG,2026-09-21,36.97,1.1,False,39.29,-0.205,-1.08,True,78.9,0.76,78.1,True,2.97,2.99,13.2,2.2,D 趨勢弱,True,8:49,264.6,跌,197.0,24,True,0.0,-0.1177,-0.1379,-0.5086,True,False,-6.28,-2.12,38.57,-4.33,-1.46,9.2,OHLC,↓,LH/LL,DT,False,265,4,universe
PRMB,2026-09-21,20.48,0.75,False,22.46,-0.098,-0.85,True,78.5,0.26,78.2,True,3.67,2.36,19.5,3.0,D 趨勢弱,True,8:49,264.6,跌,235.0,22,True,0.0,-0.0762,-0.0813,-0.2511,True,False,-9.66,-2.63,21.15,-3.27,-0.89,92.8,OHLC,↓,LH/LL,DT,False,265,4,universe
ACM,2026-09-21,62.93,2.11,False,65.5,-0.194,-0.54,True,78.4,0.84,77.5,True,3.36,2.69,21.5,1.2,D 趨勢弱,True,7:22,220.9,跌,73.0,8,True,0.0,-0.1366,-0.1726,-1.3742,True,False,-4.08,-1.22,64.6,-2.65,-0.79,134.4,OHLC,↓,LH/LL,DT,False,265,4,universe
WGO,2026-09-21,27.21,1.04,False,29.88,-0.176,-0.98,True,77.7,3.03,74.7,True,3.82,2.35,0.1,0.1,D 趨勢弱,True,8:49,264.6,跌,312.0,25,True,0.0,-0.2824,-0.3545,-0.3558,True,False,-9.81,-2.57,31.03,-14.04,-3.68,15.5,OHLC,↓,LH/LL,自然反彈,False,265,4,universe
ABR,2026-09-21,4.34,0.17,False,4.91,-0.034,-1.14,True,77.6,0.21,77.4,True,3.83,2.37,0.0,0.0,D 趨勢弱,True,8:49,264.6,跌,106.0,9,True,0.0,-0.0697,-0.0725,-0.0725,True,False,-13.2,-3.45,5.09,-17.28,-4.51,17.9,OHLC,↓,LH/LL,DT,False,265,4,universe
APH,2026-09-21,80.72,2.8,False,80.52,-0.156,-0.41,True,77.6,0.07,77.5,True,3.47,2.73,58.2,9.2,A 待突破,False,5:19,159.4,跌,39.0,6,True,0.0,-0.2215,-0.4275,-0.9059,True,True,0.25,0.07,80.25,0.58,0.17,955.0,OHLC,—,HH/HL,自然反彈,False,265,4,universe
QUAD,2026-09-21,9.5,0.35,False,10.01,-0.018,-0.52,True,77.1,0.74,76.4,True,3.71,2.57,48.7,0.8,C 基底修復,True,8:49,264.6,跌,303.0,28,True,0.0,-0.1287,-0.1325,-0.1325,True,False,-5.36,-1.45,10.87,-14.42,-3.89,3.8,OHLC,↓,LH/LL,DT,False,265,4,universe
TOST,2026-09-21,29.8,1.15,False,33.95,-0.127,-0.54,True,77.1,0.67,76.5,True,3.85,2.43,21.7,-0.0,D 趨勢弱,True,8:49,264.6,跌,227.0,17,True,0.0,-0.5462,-0.5529,-0.5718,True,False,-13.91,-3.61,33.29,-11.71,-3.04,255.9,OHLC,↓,LH/LL,DT,False,265,4,universe
RVMD,2026-09-21,192.76,7.64,False,206.04,-0.344,-0.11,True,77.0,1.3,75.7,True,3.96,2.34,53.3,2.6,C 基底修復,True,8:49,264.6,跌,103.0,16,True,0.0,-2.6495,-2.6649,-2.6649,True,False,-6.89,-1.74,213.0,-10.5,-2.65,388.6,OHLC,↓,LH/LL,DT,False,265,4,universe
CART,2026-09-21,45.56,1.66,False,48.81,-0.137,-0.14,True,76.9,0.76,76.1,True,3.64,2.69,36.7,-0.4,D 趨勢弱,True,8:49,264.6,跌,110.0,15,True,0.0,-0.6112,-0.64,-0.7833,True,False,-7.13,-1.96,49.48,-8.6,-2.37,167.5,OHLC,↓,LH/LL,DT,False,265,4,universe
ZM,2026-09-21,90.9,3.41,False,99.13,-0.535,-0.54,True,76.3,0.4,75.9,True,3.76,2.69,13.5,2.4,D 趨勢弱,True,8:49,264.6,跌,143.0,20,True,0.0,-0.9109,-1.0185,-1.6268,True,False,-9.05,-2.41,100.27,-10.31,-2.74,328.8,OHLC,↓,LH/LL,自然反彈,False,265,4,universe
BBIO,2026-09-21,66.58,2.53,False,76.41,-0.683,-1.37,True,76.2,0.6,75.6,True,3.8,2.66,12.5,-0.5,D 趨勢弱,True,8:49,264.6,跌,256.0,44,True,0.0,-0.864,-0.9323,-0.9323,True,False,-14.77,-3.88,68.0,-2.13,-0.56,148.1,OHLC,↓,LH/LL,DT,False,265,4,universe
NXST,2026-09-21,166.15,7.02,False,175.81,-1.115,-0.97,True,75.8,0.56,75.3,True,4.23,2.3,3.7,3.7,D 趨勢弱,True,8:49,264.6,跌,301.0,29,True,0.0,-1.1111,-1.6673,-2.0735,True,False,-5.81,-1.38,170.52,-2.63,-0.62,65.8,OHLC,↓,LH/LL,自然反彈,False,265,4,universe
EFX,2026-09-21,158.62,6.2,False,177.39,-0.916,-0.65,True,75.6,0.98,74.6,True,3.91,2.67,0.0,0.0,D 趨勢弱,True,8:49,264.6,跌,153.0,14,True,0.0,-2.5883,-2.735,-3.1699,True,False,-11.83,-3.03,172.29,-8.62,-2.21,209.6,OHLC,↓,LH/LL,DT,False,265,4,universe
JBI,2026-09-21,4.4,0.19,False,4.8,-0.058,-1.15,True,75.1,0.92,74.2,True,4.32,2.35,0.9,0.9,D 趨勢弱,True,8:37,258.3,跌,94.0,9,True,0.0,-0.0365,-0.0456,-0.0483,True,False,-9.09,-2.11,5.09,-15.68,-3.63,10.0,OHLC,↓,LH/LL,自然反彈,False,265,4,universe
ALT,2026-09-21,3.27,0.13,True,3.15,0.007,0.33,True,74.2,0.69,73.5,False,4.08,2.75,24.2,3.3,D 趨勢弱,False,5:38,169.1,跌,44.0,5,True,0.0,-0.0113,-0.0114,-0.0275,True,True,3.52,0.86,3.09,5.5,1.35,12.2,OHLC,↑,HH/HL,自然回檔,False,265,4,universe
HCC,2026-09-21,88.47,4.29,True,99.21,0.038,0.05,True,71.0,1.41,69.6,False,4.85,2.59,17.6,0.8,D 趨勢弱,True,8:36,257.8,跌,93.0,12,True,0.0,-2.4665,-2.523,-2.523,True,False,-12.14,-2.5,105.58,-19.34,-3.99,56.1,OHLC,↓,LH/LL,DT,False,265,4,universe
BLTE,2026-09-21,173.4,7.26,True,172.11,0.211,0.2,True,70.8,1.06,69.7,False,4.19,3.3,59.1,-3.9,B 上升結構,False,4:47,143.3,跌,30.0,4,True,0.0,-0.578,-0.6491,-1.8683,True,True,0.74,0.18,169.21,2.42,0.58,35.8,OHLC,↑,HH/HL,自然反彈,False,265,4,universe
AI,2026-09-21,10.84,0.51,True,10.43,0.015,0.24,True,70.4,1.39,69.0,False,4.66,2.89,40.5,7.2,D 趨勢弱,False,5:20,160.2,跌,39.0,4,True,0.0,-0.0184,-0.0272,-0.0709,True,True,3.77,0.81,10.56,2.58,0.55,60.1,OHLC,↑,HH/HL,自然反彈,False,265,4,universe
TWI,2026-09-21,7.36,0.34,True,7.2,0.0,-0.08,True,70.2,0.09,70.1,False,4.61,2.99,16.3,8.5,D 趨勢弱,False,4:57,148.7,跌,33.0,5,True,0.0,-0.0279,-0.0462,-0.0995,True,True,2.18,0.47,7.0,4.89,1.06,4.3,OHLC,↑,HH/HL,自然反彈,False,265,4,universe
HRI,2026-09-21,140.74,7.35,False,146.14,-0.62,-1.21,True,67.0,1.34,65.6,False,5.22,3.0,22.7,5.9,D 趨勢弱,True,8:49,264.6,跌,179.0,23,True,0.0,-0.369,-0.7375,-3.5137,True,True,-3.84,-0.73,142.71,-1.4,-0.27,117.2,OHLC,↓,LH/LL,自然反彈,False,265,4,universe
CORT,2026-09-21,113.76,5.11,True,113.88,0.049,-0.14,False,65.7,-0.14,65.9,False,4.49,3.97,63.5,2.6,B 上升結構,True,8:49,264.6,跌,147.0,18,True,0.0,-0.764,-0.9728,-1.9139,True,True,-0.11,-0.02,114.86,-0.97,-0.22,198.2,OHLC,—,LH/LL,次級反彈,True,265,4,universe
OCUL,2026-09-21,9.99,0.53,True,10.61,0.023,0.36,True,64.8,0.68,64.2,False,5.35,3.29,34.5,5.2,D 趨勢弱,True,8:03,241.6,跌,84.0,8,True,0.0,-0.1568,-0.1597,-0.188,True,False,-6.19,-1.16,10.72,-7.31,-1.37,21.6,OHLC,↓,LH/LL,自然反彈,False,265,4,universe
SNAP,2026-09-21,5.7,0.29,True,5.5,0.014,0.31,True,64.5,0.59,64.0,False,5.06,3.64,36.0,-2.7,D 趨勢弱,False,4:09,124.7,跌,19.0,2,True,0.0,-0.0083,-0.0093,-0.0266,True,True,3.58,0.71,5.53,2.98,0.59,208.4,OHLC,↑,HH/HL,自然反彈,False,265,4,universe
RNG,2026-09-21,77.3,3.37,True,69.03,0.597,0.85,True,64.4,0.18,64.2,False,4.36,4.37,75.0,-2.5,E 延伸,True,7:25,222.6,跌,74.0,10,True,0.0,-0.1945,-0.4617,-0.8268,True,False,10.7,2.45,71.86,7.04,1.61,113.1,OHLC,↑,HH/HL,UT,False,265,4,universe
TASK,2026-09-21,8.65,0.37,True,7.81,0.074,0.82,True,63.7,0.83,62.9,False,4.28,4.59,38.5,-1.0,D 趨勢弱,True,8:49,264.6,跌,133.0,14,True,0.0,-0.0116,-0.0433,-0.1169,True,False,9.73,2.27,7.76,10.29,2.4,4.0,OHLC,↑,HH/HL,UT,False,265,4,universe
VERX,2026-09-21,12.08,0.6,True,12.92,0.036,0.32,True,63.7,1.23,62.5,False,4.93,3.94,14.0,0.5,D 趨勢弱,True,8:49,264.6,跌,107.0,10,True,0.0,-0.1691,-0.1731,-0.2164,True,False,-6.94,-1.41,13.09,-8.36,-1.7,16.7,OHLC,↓,LH/LL,DT,False,265,4,universe
PVLA,2026-09-21,153.41,6.49,False,151.22,-0.16,0.05,True,62.6,1.02,61.6,False,4.23,4.87,68.0,-10.3,B 上升結構,True,6:43,201.7,跌,62.0,9,True,0.0,-0.2101,-0.326,-1.9346,True,True,1.43,0.34,152.22,0.78,0.18,33.2,OHLC,—,HH/HL,自然回檔,True,265,4,universe
ALNY,2026-09-21,244.32,10.46,True,240.92,0.905,0.5,True,61.1,0.57,60.5,False,4.28,5.13,18.4,-5.3,D 趨勢弱,False,5:11,155.5,跌,36.0,4,True,0.0,-0.7617,-0.864,-7.1851,True,True,1.39,0.33,238.27,2.48,0.58,404.5,OHLC,↑,HH/HL,次級回檔,False,265,4,universe
WEN,2026-09-21,6.7,0.35,True,8.02,0.004,-0.21,True,60.5,1.14,59.3,False,5.26,4.29,15.0,0.0,D 趨勢弱,True,8:49,264.6,跌,174.0,17,True,0.0,-0.1554,-0.1554,-0.1595,True,False,-19.69,-3.74,7.63,-13.88,-2.64,48.1,OHLC,↓,LH/LL,DT,False,265,4,universe
VSTM,2026-09-21,7.99,0.44,True,7.47,0.07,0.57,True,60.3,2.23,58.1,False,5.54,4.03,39.0,-9.7,E 延伸,True,8:49,264.6,跌,100.0,8,True,0.0,-0.0628,-0.1002,-0.1081,True,False,6.52,1.18,7.32,8.39,1.51,18.5,OHLC,↑,HH/HL,UT,False,265,4,universe
MP,2026-09-21,50.0,2.82,True,54.84,0.117,0.27,True,59.9,0.78,59.1,False,5.64,4.03,20.8,10.8,D 趨勢弱,True,7:38,229.2,跌,77.0,15,True,0.0,-0.7847,-0.987,-1.0128,True,False,-9.68,-1.72,55.37,-10.74,-1.9,259.3,OHLC,↓,LH/LL,自然反彈,False,265,4,universe
KRO,2026-09-21,8.07,0.39,False,8.39,-0.002,0.48,True,59.6,0.94,58.6,False,4.85,4.88,66.4,1.9,A 待突破,True,8:49,264.6,跌,132.0,14,True,0.0,-0.1063,-0.1132,-0.1344,True,True,-3.93,-0.81,8.22,-1.86,-0.38,3.1,OHLC,—,LH/LL,DT,True,265,4,universe
CECO,2026-09-21,71.53,4.21,True,73.54,0.15,0.04,True,58.8,1.22,57.5,False,5.89,4.02,42.8,7.2,C 基底修復,False,5:33,166.6,跌,43.0,5,True,0.0,-0.2855,-0.3975,-1.9685,True,True,-2.81,-0.48,78.34,-9.52,-1.62,52.1,OHLC,↓,LH/LL,自然反彈,False,265,4,universe
VOR,2026-09-21,21.89,1.18,False,22.84,-0.093,-0.29,True,58.8,1.28,57.6,False,5.38,4.51,49.9,14.2,D 趨勢弱,True,7:09,214.6,跌,69.0,9,True,0.0,-0.3448,-0.3769,-0.3769,True,True,-4.32,-0.8,,,,21.8,OHLC,—,HH/HL,自然反彈,False,265,4,universe
PGY,2026-09-21,20.9,1.19,False,21.33,-0.012,-0.12,True,58.4,1.3,57.1,False,5.69,4.29,61.7,-3.0,D 趨勢弱,True,8:49,264.6,跌,174.0,15,True,0.0,-0.2369,-0.2678,-0.3458,True,True,-2.06,-0.36,21.49,-2.82,-0.5,43.0,OHLC,↓,LH/LL,自然反彈,False,265,4,universe
NN,2026-09-21,15.66,1.05,False,16.34,-0.02,0.1,True,53.1,1.11,52.0,False,6.69,4.5,20.4,20.4,D 趨勢弱,True,8:49,264.6,跌,121.0,19,True,0.0,-0.038,-0.1237,-0.3006,True,True,-4.33,-0.65,14.92,4.73,0.71,38.9,OHLC,—,LH/LL,自然反彈,True,265,4,universe
NNE,2026-09-21,17.1,1.22,False,18.01,-0.083,-0.33,True,49.1,2.02,47.1,False,7.13,5.04,8.8,8.8,D 趨勢弱,True,8:49,264.6,跌,110.0,8,True,0.0,-0.1052,-0.2022,-0.2845,True,True,-5.32,-0.75,16.97,0.76,0.11,32.2,OHLC,↓,LH/LL,自然反彈,False,265,4,universe
XPON,2026-09-21,4.85,0.84,True,7.26,0.0,-0.0,True,15.2,1.3,13.9,False,17.23,12.41,25.0,0.0,E 延伸,True,8:35,257.4,跌,93.0,10,True,0.0,-0.1893,-0.2087,-0.2303,True,False,-49.72,-2.89,5.25,-8.25,-0.48,35.0,OHLC,—,LH/LL,次級反彈,True,265,4,universe
XHLD,2026-09-21,10.46,1.38,True,6.73,0.473,1.32,True,12.3,0.71,11.6,False,13.24,20.55,65.1,4.7,E 延伸,True,8:49,264.6,跌,123.0,6,True,0.0,-0.2175,-0.2465,-0.2465,True,False,35.65,2.69,9.23,11.76,0.89,40.1,OHLC,↑,HH/HL,UT,False,265,4,universe
GAB,2026-09-21,5.44,0.08,False,5.62,-0.017,-0.98,True,95.3,0.24,95.0,True,1.48,0.96,18.8,2.7,D 趨勢弱,True,8:49,264.6,跌,235.0,22,True,1.0,-0.0267,-0.0329,-0.0364,True,False,-3.22,-2.17,5.65,-3.86,-2.6,4.0,OHLC,↓,LH/LL,自然反彈,False,265,4,universe
LIN,2026-09-21,457.5,7.52,False,476.66,-1.003,-0.71,True,93.4,0.18,93.2,True,1.64,1.3,20.3,-1.0,D 趨勢弱,True,8:49,264.6,跌,103.0,10,True,1.0,-1.0445,-1.143,-3.829,True,False,-4.19,-2.55,494.5,-8.09,-4.92,904.0,OHLC,↓,LH/LL,DT,False,265,4,universe
HFWA,2026-09-21,28.0,0.51,False,28.79,-0.045,-0.73,True,93.3,0.12,93.2,True,1.81,1.15,44.3,-1.7,C 基底修復,True,7:24,222.2,跌,73.0,9,False,1.0,-0.0497,-0.0474,-0.1453,False,True,-2.81,-1.55,29.29,-4.61,-2.54,11.2,OHLC,↓,LH/LL,DT,False,265,4,universe
ESS,2026-09-21,271.39,4.67,False,280.23,-0.429,-0.59,True,93.1,0.22,92.9,True,1.72,1.29,36.6,1.2,C 基底修復,True,8:49,264.6,跌,160.0,16,True,1.0,-0.5129,-0.6698,-1.742,True,False,-3.26,-1.89,277.21,-2.14,-1.25,148.8,OHLC,—,LH/LL,DT,True,265,4,universe
EWBC,2026-09-21,127.77,2.43,False,129.63,-0.076,-0.55,True,93.1,0.2,92.9,True,1.9,1.11,50.8,1.9,C 基底修復,False,4:29,134.6,跌,25.0,4,True,1.0,-0.1694,-0.2578,-0.7028,True,True,-1.46,-0.77,131.89,-3.22,-1.69,107.9,OHLC,↓,LH/LL,DT,False,265,4,universe
BPOP,2026-09-21,162.58,3.16,False,168.43,-0.342,-0.89,True,93.0,0.4,92.6,True,1.94,1.09,49.1,1.8,C 基底修復,True,8:49,264.6,跌,546.0,46,True,1.0,-0.557,-0.7032,-1.3154,True,False,-3.6,-1.85,166.56,-2.45,-1.26,88.8,OHLC,↓,LH/LL,DT,False,265,4,universe
FBP,2026-09-21,27.46,0.5,False,28.21,-0.028,-0.62,True,93.0,0.17,92.9,True,1.82,1.21,51.8,-0.3,C 基底修復,True,8:49,264.6,跌,232.0,33,False,1.0,-0.0733,-0.0704,-0.2538,False,True,-2.73,-1.5,28.43,-3.53,-1.94,37.2,OHLC,↓,LH/LL,DT,False,265,4,universe
MCD,2026-09-21,247.88,4.24,False,261.02,-1.092,-1.17,True,93.0,0.31,92.7,True,1.71,1.33,7.1,-0.7,D 趨勢弱,True,8:49,264.6,跌,188.0,19,True,1.0,-0.7478,-0.8417,-1.2782,True,False,-5.3,-3.1,258.45,-4.26,-2.49,1217.2,OHLC,↓,LH/LL,DT,False,265,4,universe
DEA,2026-09-21,23.33,0.43,False,24.22,-0.059,-0.88,True,92.8,0.17,92.6,True,1.86,1.24,25.2,-1.7,D 趨勢弱,True,8:49,264.6,跌,122.0,15,True,1.0,-0.0917,-0.0997,-0.1527,True,False,-3.79,-2.04,23.04,1.24,0.67,8.0,OHLC,—,HH/HL,DT,False,265,4,universe
TFSL,2026-09-21,16.82,0.34,False,17.37,-0.024,-0.99,True,92.6,0.46,92.1,True,2.04,1.11,58.1,-2.0,C 基底修復,True,8:49,264.6,跌,154.0,15,True,1.0,-0.0478,-0.053,-0.1824,True,False,-3.27,-1.6,17.69,-5.17,-2.54,12.7,OHLC,↓,LH/LL,DT,False,265,4,universe
AUB,2026-09-21,38.89,0.79,False,40.46,-0.072,-0.89,True,92.3,0.31,92.0,True,2.02,1.2,36.9,-0.3,C 基底修復,True,8:49,264.6,跌,598.0,53,True,1.0,-0.0921,-0.0941,-0.2697,True,False,-4.03,-1.99,40.35,-3.75,-1.85,47.6,OHLC,↓,LH/LL,DT,False,265,4,universe
MPB,2026-09-21,36.65,0.74,False,37.2,-0.029,-0.43,True,92.0,0.26,91.7,True,2.03,1.27,65.7,-2.3,C 基底修復,True,8:49,264.6,跌,289.0,31,False,1.0,-0.0364,-0.0213,-0.2758,False,True,-1.51,-0.75,36.2,1.23,0.61,3.5,OHLC,—,HH/HL,自然回檔,True,265,4,universe
AKR,2026-09-21,19.35,0.4,False,20.46,-0.027,-0.86,True,91.9,0.36,91.5,True,2.09,1.22,18.1,1.2,D 趨勢弱,True,8:49,264.6,跌,133.0,15,True,1.0,-0.0689,-0.083,-0.2426,True,False,-5.71,-2.73,21.34,-10.28,-4.92,27.3,OHLC,↓,LH/LL,DT,False,265,4,universe
FBK,2026-09-21,53.6,1.13,False,56.07,-0.184,-2.02,True,91.7,0.32,91.4,True,2.12,1.23,19.4,1.8,D 趨勢弱,True,8:49,264.6,跌,273.0,30,True,1.0,-0.2162,-0.2588,-0.621,True,False,-4.61,-2.18,55.78,-4.07,-1.92,29.8,OHLC,↓,LH/LL,DT,False,265,4,universe
AHRT,2026-09-21,6.32,0.14,False,6.51,-0.029,-1.34,True,91.6,0.36,91.2,True,2.2,1.18,23.9,6.3,C 基底修復,True,8:49,264.6,跌,471.0,51,True,1.0,-0.0059,-0.0151,-0.0443,True,False,-3.02,-1.37,6.42,-1.66,-0.75,4.3,OHLC,↓,LH/LL,DT,False,265,4,universe
BNY,2026-09-21,153.89,3.08,False,159.48,-0.166,-0.53,True,91.6,0.22,91.4,True,2.0,1.37,54.8,1.5,C 基底修復,True,8:49,264.6,跌,211.0,23,True,1.0,-1.2771,-1.3705,-1.3975,True,False,-3.63,-1.81,160.39,-4.22,-2.11,522.7,OHLC,↓,LH/LL,DT,False,265,4,universe
WES,2026-09-21,46.58,1.01,True,48.33,0.006,0.09,True,91.6,0.02,91.5,True,2.16,1.22,41.3,-2.4,C 基底修復,True,6:39,199.7,跌,61.0,8,False,1.0,-0.3205,-0.2975,-0.3205,False,False,-3.75,-1.74,49.89,-7.11,-3.29,36.3,OHLC,↓,LH/LL,DT,False,265,4,universe
EXPD,2026-09-21,192.15,3.71,True,188.14,0.466,1.1,False,91.3,-0.01,91.3,True,1.93,1.51,73.1,-9.8,A 待突破,False,5:45,172.3,跌,46.0,4,True,1.0,-0.3182,-0.394,-1.6209,True,True,2.09,1.08,185.96,3.22,1.67,176.8,OHLC,↑,HH/HL,自然回檔,False,265,4,universe
HLT,2026-09-21,307.08,6.25,False,317.55,-0.461,-0.34,True,91.2,0.17,91.1,True,2.04,1.43,33.3,2.6,D 趨勢弱,True,8:49,264.6,跌,106.0,15,True,1.0,-0.3436,-0.667,-2.0575,True,False,-3.41,-1.68,310.6,-1.15,-0.56,504.0,OHLC,—,LH/LL,DT,True,265,4,universe
BFC,2026-09-21,151.54,3.17,False,153.65,-0.035,-0.18,True,91.1,0.45,90.6,True,2.09,1.4,61.8,0.2,C 基底修復,True,6:04,181.9,跌,51.0,6,False,1.0,-0.3668,-0.3431,-0.7604,False,True,-1.39,-0.66,150.33,0.8,0.38,10.8,OHLC,↑,HH/HL,自然回檔,False,265,4,universe
DCI,2026-09-21,86.07,1.93,False,91.14,-0.308,-1.24,True,90.9,0.61,90.3,True,2.24,1.29,15.9,-0.4,D 趨勢弱,True,8:49,264.6,跌,332.0,27,True,1.0,-0.4288,-0.4809,-0.7473,True,False,-5.89,-2.63,91.79,-6.65,-2.96,63.6,OHLC,↓,LH/LL,DT,False,265,4,universe
NTRS,2026-09-21,178.95,3.94,False,185.06,-0.148,-0.32,True,90.8,0.41,90.4,True,2.2,1.36,54.0,2.4,C 基底修復,True,8:49,264.6,跌,207.0,22,True,1.0,-1.023,-1.1815,-1.221,True,False,-3.42,-1.55,182.52,-1.99,-0.91,174.9,OHLC,↓,LH/LL,DT,False,265,4,universe
UMBF,2026-09-21,133.53,2.98,False,142.15,-0.351,-0.97,True,90.7,0.1,90.6,True,2.23,1.35,34.5,-1.5,C 基底修復,True,8:49,264.6,跌,242.0,23,True,1.0,-0.8521,-0.8571,-1.1188,True,False,-6.45,-2.89,144.36,-8.11,-3.64,78.7,OHLC,↓,LH/LL,DT,False,265,4,universe
OUT,2026-09-21,28.22,0.65,False,29.29,-0.148,-1.5,True,90.3,0.22,90.1,True,2.31,1.35,31.2,3.4,C 基底修復,True,8:03,241.6,跌,84.0,12,True,1.0,-0.0276,-0.0592,-0.2722,True,False,-3.81,-1.65,30.66,-8.65,-3.74,46.9,OHLC,—,LH/LL,DT,True,265,4,universe
RYN,2026-09-21,20.03,0.45,False,20.72,-0.047,-0.66,True,90.3,0.24,90.0,True,2.23,1.45,9.7,0.6,D 趨勢弱,True,8:49,264.6,跌,325.0,32,True,1.0,-0.0103,-0.013,-0.1141,True,False,-3.44,-1.54,20.51,-2.4,-1.07,71.9,OHLC,—,LH/LL,DT,True,265,4,universe
RJF,2026-09-21,165.19,3.76,False,174.3,-0.255,-0.77,True,90.1,0.43,89.7,True,2.28,1.43,38.5,3.3,C 基底修復,True,8:49,264.6,跌,263.0,27,True,1.0,-1.521,-1.6659,-1.7027,True,False,-5.52,-2.42,162.18,1.82,0.8,209.2,OHLC,—,HH/HL,DT,False,265,4,universe
HSY,2026-09-21,167.9,3.8,False,177.41,-0.468,-0.69,True,89.9,0.23,89.6,True,2.26,1.51,4.2,-0.8,D 趨勢弱,True,8:49,264.6,跌,128.0,17,True,1.0,-0.7904,-0.8135,-1.5522,True,False,-5.66,-2.5,174.72,-4.06,-1.8,235.6,OHLC,↓,LH/LL,DT,False,265,4,universe
TROW,2026-09-21,104.63,2.2,False,109.04,-0.339,-1.12,True,89.7,0.29,89.5,True,2.1,1.69,34.1,1.0,C 基底修復,True,8:49,264.6,跌,138.0,16,True,1.0,-0.4026,-0.5617,-0.864,True,False,-4.21,-2.0,111.7,-6.76,-3.21,150.8,OHLC,↓,LH/LL,自然反彈,False,265,4,universe
ACNB,2026-09-21,63.85,1.59,False,64.55,-0.008,-0.04,True,89.5,0.04,89.5,True,2.49,1.35,74.4,0.4,A 待突破,True,8:49,264.6,跌,369.0,30,False,1.0,-0.216,-0.1767,-0.3447,False,True,-1.09,-0.44,63.68,0.27,0.11,5.2,OHLC,—,HH/HL,自然回檔,True,265,4,universe
MRP,2026-09-21,28.68,0.66,False,29.94,-0.019,-0.28,True,89.5,0.17,89.3,True,2.29,1.56,13.8,-0.8,D 趨勢弱,True,7:30,225.0,跌,75.0,9,True,1.0,-0.2787,-0.2851,-0.2919,True,False,-4.41,-1.93,28.8,-0.42,-0.18,37.9,OHLC,↑,HH/HL,自然回檔,False,265,4,universe
BMY,2026-09-21,62.62,1.36,False,65.04,-0.037,-0.4,True,89.3,0.24,89.1,True,2.17,1.71,46.3,2.1,C 基底修復,True,8:49,264.6,跌,206.0,16,True,1.0,-0.517,-0.5386,-0.6275,True,False,-3.86,-1.78,,,,572.4,OHLC,—,HH/HL,DT,False,265,4,universe
MRSH,2026-09-21,172.72,3.75,False,184.4,-0.65,-1.1,True,89.3,0.09,89.2,True,2.17,1.73,15.9,-2.8,D 趨勢弱,True,8:49,264.6,跌,511.0,30,True,1.0,-1.3124,-1.3125,-1.9931,True,False,-6.76,-3.12,180.43,-4.46,-2.06,435.4,OHLC,↓,LH/LL,DT,False,265,4,universe
UNH,2026-09-21,377.56,9.3,False,391.34,-1.032,-0.65,True,89.2,0.58,88.6,True,2.46,1.46,48.7,2.0,C 基底修復,True,8:05,242.7,跌,85.0,7,True,1.0,-1.1217,-1.4245,-3.1185,True,False,-3.65,-1.48,,,,1884.8,OHLC,—,HH/HL,DT,False,265,4,universe
COF,2026-09-21,204.92,4.76,False,213.71,-0.399,-0.73,True,88.6,0.48,88.1,True,2.32,1.72,21.7,5.4,D 趨勢弱,True,8:49,264.6,跌,157.0,23,True,1.0,-1.3482,-1.6586,-1.7423,True,False,-4.29,-1.85,220.5,-7.6,-3.27,694.1,OHLC,↓,LH/LL,DT,False,265,4,universe
MCO,2026-09-21,467.22,11.02,False,486.75,-0.244,-0.27,True,88.5,0.37,88.1,True,2.36,1.71,22.1,-10.8,D 趨勢弱,True,8:49,264.6,跌,125.0,13,True,1.0,-3.0158,-3.5605,-4.5125,True,False,-4.18,-1.77,477.93,-2.29,-0.97,327.2,OHLC,↓,LH/LL,DT,False,265,4,universe
SF,2026-09-21,75.72,1.84,False,80.34,-0.177,-0.88,True,88.5,0.29,88.2,True,2.43,1.63,22.3,3.0,D 趨勢弱,True,8:49,264.6,跌,208.0,30,True,1.0,-0.5853,-0.6372,-0.8625,True,False,-6.1,-2.51,74.16,2.06,0.85,83.7,OHLC,—,HH/HL,DT,False,265,4,universe
TDG,2026-09-21,1109.65,27.5,False,1166.63,-5.72,-1.67,True,88.4,0.15,88.3,True,2.48,1.6,9.9,6.1,D 趨勢弱,True,8:49,264.6,跌,286.0,25,True,1.0,-2.7472,-5.5753,-7.9005,True,False,-5.13,-2.07,1207.06,-8.78,-3.54,438.5,OHLC,↓,LH/LL,自然反彈,False,265,4,universe
FHI,2026-09-21,58.18,1.55,False,61.23,-0.115,-1.18,True,87.2,0.38,86.8,True,2.67,1.67,32.4,4.4,C 基底修復,True,8:49,264.6,跌,202.0,22,True,1.0,-0.5804,-0.7379,-0.8086,True,False,-5.25,-1.97,57.53,1.12,0.42,39.4,OHLC,↓,LH/LL,自然反彈,False,265,4,universe
CARE,2026-09-21,30.7,0.82,False,31.46,-0.117,-1.17,True,87.0,0.5,86.5,True,2.66,1.71,65.4,-1.7,C 基底修復,False,5:12,156.2,跌,37.0,4,True,1.0,-0.0355,-0.0408,-0.4203,True,True,-2.46,-0.93,31.95,-4.07,-1.53,7.8,OHLC,↓,LH/LL,DT,False,265,4,universe
ROK,2026-09-21,424.89,11.12,False,429.14,-1.011,-0.88,True,86.8,0.54,86.2,True,2.62,1.8,41.1,14.4,C 基底修復,True,9:54,297.2,升,15.0,1,False,1.0,0.3915,-0.4173,,False,True,-1.0,-0.38,433.81,-2.1,-0.8,311.4,OHLC,↓,LH/LL,自然反彈,False,265,4,universe
WTW,2026-09-21,306.82,7.54,False,329.91,-0.961,-0.84,True,86.8,0.21,86.6,True,2.46,1.96,28.5,-3.5,D 趨勢弱,True,8:49,264.6,跌,326.0,27,True,1.0,-3.4183,-3.4732,-4.663,True,False,-7.53,-3.06,323.71,-5.5,-2.24,151.5,OHLC,↓,LH/LL,DT,False,265,4,universe
SYF,2026-09-21,75.0,1.98,False,78.13,-0.077,-0.35,True,85.2,0.33,84.8,True,2.64,2.1,36.3,3.2,D 趨勢弱,True,8:49,264.6,跌,169.0,22,True,1.0,-0.4327,-0.4935,-0.5493,True,False,-4.18,-1.58,80.8,-7.73,-2.92,239.7,OHLC,↓,LH/LL,DT,False,265,4,universe
FOR,2026-09-21,26.38,0.79,False,27.66,-0.095,-0.92,True,85.0,0.25,84.8,True,3.01,1.76,17.6,4.2,D 趨勢弱,True,8:49,264.6,跌,152.0,20,True,1.0,-0.0927,-0.128,-0.4029,True,False,-4.85,-1.61,27.4,-3.87,-1.28,4.0,OHLC,↓,LH/LL,DT,False,265,4,universe
TXRH,2026-09-21,165.54,4.98,False,189.52,-2.181,-1.94,True,84.5,0.15,84.3,True,3.01,1.87,6.7,-0.4,D 趨勢弱,True,8:49,264.6,跌,248.0,27,True,1.0,-2.2686,-2.4406,-2.7495,True,False,-14.48,-4.82,205.29,-24.01,-7.99,149.3,OHLC,↓,LH/LL,DT,False,265,4,universe
EXP,2026-09-21,179.14,5.21,False,194.31,-1.097,-1.4,True,84.4,0.43,83.9,True,2.91,1.99,4.0,3.3,D 趨勢弱,True,8:49,264.6,跌,285.0,26,True,1.0,-0.807,-1.0974,-1.3445,True,False,-8.47,-2.91,207.03,-15.57,-5.35,73.6,OHLC,↓,LH/LL,DT,False,265,4,universe
YUM,2026-09-21,139.33,4.11,False,147.34,-0.404,-0.57,True,84.4,0.7,83.7,True,2.95,1.94,11.2,-2.6,D 趨勢弱,True,8:49,264.6,跌,104.0,10,True,1.0,-1.1563,-1.4049,-1.5471,True,False,-5.75,-1.95,,,,307.7,OHLC,—,HH/HL,自然反彈,False,265,4,universe
BRO,2026-09-21,64.3,1.88,False,69.48,-0.247,-0.74,True,83.0,0.04,83.0,True,2.93,2.23,9.2,-1.7,D 趨勢弱,True,8:49,264.6,跌,186.0,17,True,1.0,-0.6781,-0.6912,-0.9092,True,False,-8.06,-2.75,68.33,-6.27,-2.14,126.5,OHLC,↓,LH/LL,DT,False,265,4,universe
PFSI,2026-09-21,66.6,1.95,False,72.42,-0.534,-1.21,True,83.0,0.61,82.4,True,2.94,2.23,2.9,1.6,D 趨勢弱,True,7:36,227.9,跌,77.0,9,True,1.0,-0.304,-0.3743,-0.9411,True,False,-8.74,-2.98,73.29,-10.05,-3.42,36.4,OHLC,↓,LH/LL,DT,False,265,4,universe
TFIN,2026-09-21,62.37,2.02,False,69.81,-0.405,-1.57,True,83.0,0.43,82.5,True,3.24,1.93,13.9,-1.2,D 趨勢弱,True,8:49,264.6,跌,240.0,24,True,1.0,-0.4637,-0.5012,-0.7912,True,False,-11.93,-3.69,77.08,-23.59,-7.29,13.0,OHLC,↓,LH/LL,DT,False,265,4,universe
BGC,2026-09-21,12.45,0.36,True,11.73,0.047,0.7,True,82.0,0.88,81.1,True,2.88,2.48,53.8,0.9,E 延伸,False,4:51,145.4,跌,31.0,3,True,1.0,-0.002,-0.0166,-0.1655,True,False,5.74,1.99,11.85,4.82,1.67,41.2,OHLC,—,HH/HL,UT,True,265,4,universe
DAKT,2026-09-21,17.66,0.67,False,19.22,-0.082,-0.79,True,80.2,0.58,79.6,True,3.82,1.89,7.0,2.7,D 趨勢弱,True,8:49,264.6,跌,99.0,9,True,1.0,-0.1398,-0.1743,-0.2315,True,False,-8.84,-2.32,,,,14.4,OHLC,—,HH/HL,DT,False,265,4,universe
BAX,2026-09-21,22.93,0.77,False,25.32,-0.264,-1.45,True,79.3,0.64,78.7,True,3.37,2.5,33.7,2.5,D 趨勢弱,True,8:49,264.6,跌,260.0,26,True,1.0,-0.3035,-0.3341,-0.371,True,False,-10.41,-3.09,26.56,-15.83,-4.69,132.4,OHLC,↓,LH/LL,DT,False,265,4,universe
CBOE,2026-09-21,271.43,9.91,False,291.18,-0.567,-0.41,True,78.3,0.38,77.9,True,3.65,2.41,13.9,-4.8,D 趨勢弱,True,8:49,264.6,跌,139.0,13,True,1.0,-3.3473,-3.7822,-4.2771,True,False,-7.28,-1.99,264.91,2.4,0.66,282.8,OHLC,—,HH/HL,自然反彈,False,265,4,universe
QTWO,2026-09-21,57.93,2.08,False,62.44,-0.127,-0.43,True,78.1,0.09,78.0,True,3.59,2.51,39.8,-1.0,C 基底修復,True,8:49,264.6,跌,357.0,25,True,1.0,-0.7263,-0.7402,-0.9239,True,False,-7.79,-2.17,61.95,-6.94,-1.94,36.5,OHLC,↓,LH/LL,DT,False,265,4,universe
NMRK,2026-09-21,13.97,0.5,False,14.82,-0.044,-0.79,True,77.9,0.81,77.0,True,3.57,2.57,2.4,2.4,D 趨勢弱,True,8:49,264.6,跌,179.0,15,True,1.0,-0.1019,-0.1189,-0.1426,True,False,-6.05,-1.7,14.42,-3.22,-0.9,25.8,OHLC,↓,LH/LL,DT,False,265,4,universe
STRK,2026-09-21,76.28,2.67,True,72.3,0.368,0.64,True,77.9,1.62,76.2,True,3.5,2.64,32.1,1.9,C 基底修復,False,5:03,151.4,跌,34.0,6,True,1.0,-0.4769,-0.7366,-1.0307,True,False,5.22,1.49,71.73,5.96,1.7,7.4,OHLC,↑,HH/HL,UT,False,265,4,universe
XPEL,2026-09-21,45.51,1.6,False,48.74,-0.139,-0.2,True,77.2,0.42,76.8,True,3.51,2.76,37.2,9.0,C 基底修復,True,7:54,236.9,跌,82.0,16,True,1.0,-0.6185,-0.7116,-0.722,True,False,-7.1,-2.02,50.07,-10.02,-2.86,8.5,OHLC,↓,LH/LL,自然反彈,False,265,4,universe
PJT,2026-09-21,151.39,5.75,False,170.68,-0.849,-0.68,True,76.7,0.54,76.1,True,3.8,2.57,14.2,0.9,D 趨勢弱,True,8:09,244.3,跌,86.0,9,True,1.0,-3.3713,-3.6262,-3.7196,True,False,-12.74,-3.36,,,,63.3,OHLC,—,HH/HL,DT,False,265,4,universe
TEX,2026-09-21,58.92,2.28,False,63.13,-0.26,-0.6,True,76.2,1.51,74.7,True,3.87,2.58,30.8,0.3,C 基底修復,True,8:49,264.6,跌,278.0,24,True,1.0,-0.2364,-0.3268,-0.556,True,False,-7.15,-1.85,61.04,-3.6,-0.93,57.2,OHLC,↓,LH/LL,自然反彈,False,265,4,universe
MC,2026-09-21,60.56,2.31,False,65.44,-0.203,-0.78,True,75.5,0.55,75.0,True,3.82,2.76,14.7,4.4,D 趨勢弱,True,8:49,264.6,跌,257.0,9,True,1.0,-0.7787,-0.9235,-0.9777,True,False,-8.06,-2.11,57.7,4.72,1.24,47.6,OHLC,—,HH/HL,自然反彈,False,265,4,universe
CAKE,2026-09-21,99.47,3.67,False,108.01,-0.171,-0.3,True,75.2,0.56,74.6,True,3.69,2.96,62.3,4.0,C 基底修復,True,8:49,264.6,跌,222.0,24,True,1.0,-1.6029,-1.9686,-2.0903,True,False,-8.59,-2.33,105.17,-5.73,-1.55,144.5,OHLC,↓,LH/LL,自然反彈,False,265,4,universe
OOMA,2026-09-21,22.96,1.01,True,22.21,0.027,0.16,True,71.6,1.38,70.2,False,4.4,2.93,64.5,1.3,E 延伸,False,5:49,174.7,跌,47.0,5,True,1.0,-0.0566,-0.0715,-0.2308,True,True,3.28,0.74,22.35,2.66,0.6,12.9,OHLC,—,HH/HL,次級反彈,True,265,4,universe
NSP,2026-09-21,50.26,2.26,False,51.12,-0.08,-0.21,True,70.6,0.82,69.8,False,4.5,3.02,62.2,-0.7,C 基底修復,True,8:49,264.6,跌,353.0,36,True,1.0,-0.212,-0.2243,-0.6189,True,True,-1.71,-0.38,51.98,-3.42,-0.76,19.0,OHLC,—,LH/LL,次級回檔,True,265,4,universe
BVS,2026-09-21,13.31,0.55,False,13.78,-0.031,-0.4,True,69.4,0.16,69.2,False,4.15,3.6,63.7,7.7,C 基底修復,True,8:49,264.6,跌,423.0,28,True,1.0,-0.1269,-0.1724,-0.1998,True,True,-3.52,-0.85,14.26,-7.14,-1.72,7.0,OHLC,↓,LH/LL,自然反彈,False,265,4,universe
TIC,2026-09-21,9.24,0.43,False,9.66,-0.015,0.53,True,67.0,0.91,66.1,False,4.68,3.53,51.9,-0.2,D 趨勢弱,True,8:49,264.6,跌,177.0,22,True,1.0,-0.0861,-0.102,-0.1028,True,True,-4.58,-0.98,9.56,-3.46,-0.74,13.7,OHLC,—,LH/LL,次級反彈,True,265,4,universe
MNTN,2026-09-21,11.36,0.58,True,12.28,0.025,0.62,True,61.4,0.66,60.8,False,5.08,4.26,49.9,2.1,D 趨勢弱,True,8:49,264.6,跌,117.0,14,True,1.0,-0.2423,-0.2613,-0.266,True,False,-8.1,-1.6,11.96,-5.28,-1.04,9.2,OHLC,↓,LH/LL,DT,False,265,4,universe
HNST,2026-09-21,5.33,0.24,False,5.38,-0.012,0.25,True,60.7,1.1,59.6,False,4.51,4.97,69.4,-1.5,B 上升結構,True,8:49,264.6,跌,109.0,9,True,1.0,-0.0888,-0.0915,-0.0917,True,True,-0.86,-0.19,5.63,-5.63,-1.25,12.0,OHLC,—,HH/HL,DT,False,265,4,universe
LRCX,2026-09-21,302.28,15.94,False,303.2,-0.363,-0.37,True,57.6,1.18,56.4,False,5.27,4.89,48.8,5.4,D 趨勢弱,True,7:18,219.2,跌,72.0,7,True,1.0,-0.4092,-2.3641,-8.7021,True,True,-0.3,-0.06,318.58,-5.39,-1.02,2633.3,OHLC,↓,LH/LL,自然反彈,False,265,4,universe
BMNR,2026-09-21,28.25,1.79,True,23.43,0.29,0.52,True,52.0,1.5,50.5,False,6.34,5.1,32.0,2.4,E 延伸,True,8:34,256.8,跌,93.0,9,True,1.0,-0.0114,-0.238,-0.3707,True,False,17.06,2.69,23.8,15.75,2.48,1330.4,OHLC,↑,HH/HL,UT,False,265,4,universe
EVH,2026-09-21,3.69,0.25,True,4.29,0.009,0.38,True,49.2,0.68,48.6,False,6.75,5.39,28.6,1.7,D 趨勢弱,True,8:38,259.2,跌,94.0,13,True,1.0,-0.0691,-0.0754,-0.3426,True,False,-16.15,-2.39,,,,9.1,OHLC,—,HH/HL,DT,False,265,4,universe
DSP,2026-09-21,12.66,0.93,False,12.22,-0.022,-0.78,True,47.9,1.1,46.8,False,7.35,5.15,57.6,19.5,B 上升結構,True,7:52,235.8,跌,81.0,8,True,1.0,-0.142,-0.2213,-0.2847,True,True,3.45,0.47,12.58,0.63,0.09,5.6,OHLC,—,HH/HL,自然反彈,False,265,4,universe
GLXY,2026-09-21,26.07,1.78,True,23.38,0.217,0.43,True,47.2,1.52,45.7,False,6.84,5.83,44.1,13.4,D 趨勢弱,True,6:05,182.3,跌,51.0,5,True,1.0,-0.0306,-0.2096,-0.3417,True,False,10.32,1.51,23.21,10.97,1.6,138.2,OHLC,↑,HH/HL,UT,False,265,4,universe
HYT,2026-09-21,7.98,0.06,False,8.22,-0.017,-1.47,True,98.8,0.05,98.8,True,0.73,0.42,16.4,0.2,D 趨勢弱,True,7:03,211.3,跌,67.0,8,True,2.0,-0.0203,-0.0224,-0.0268,True,False,-3.03,-4.16,8.32,-4.26,-5.86,7.3,OHLC,↓,LH/LL,DT,False,265,4,universe
JFR,2026-09-21,7.49,0.07,False,7.62,-0.007,-0.63,False,98.2,-0.07,98.3,True,0.92,0.5,23.6,-5.7,D 趨勢弱,True,8:49,264.6,跌,98.0,6,True,2.0,-0.0109,-0.0118,-0.0267,True,True,-1.76,-1.9,7.69,-2.67,-2.89,4.6,OHLC,—,LH/LL,自然回檔,False,265,4,universe
DSL,2026-09-21,10.16,0.1,False,10.54,-0.03,-1.01,True,97.8,0.02,97.8,True,0.94,0.65,15.8,-9.8,D 趨勢弱,True,8:49,264.6,跌,145.0,14,True,2.0,-0.0304,-0.0308,-0.0349,True,False,-3.78,-4.03,10.74,-5.71,-6.08,5.7,OHLC,↓,LH/LL,DT,False,265,4,universe
MQY,2026-09-21,10.35,0.12,False,10.8,-0.034,-1.85,True,97.5,0.09,97.4,True,1.12,0.62,15.4,0.7,D 趨勢弱,True,8:49,264.6,跌,253.0,24,True,2.0,-0.0334,-0.0385,-0.0538,True,False,-4.32,-3.87,11.18,-8.02,-7.19,7.3,OHLC,↓,LH/LL,DT,False,265,4,universe
ADX,2026-09-21,26.18,0.31,True,25.97,0.001,-0.16,False,96.3,-0.23,96.6,True,1.19,0.93,73.4,11.6,C 基底修復,True,9:46,293.2,升,13.0,1,False,2.0,0.0002,-0.0418,,False,True,0.82,0.69,26.29,-0.42,-0.35,6.8,OHLC,↓,LH/LL,自然反彈,False,265,4,universe
PAXS,2026-09-21,13.26,0.18,False,13.85,-0.03,-1.38,True,96.3,0.03,96.3,True,1.37,0.77,12.9,-0.3,D 趨勢弱,True,6:20,189.8,跌,55.0,7,True,2.0,-0.0688,-0.0705,-0.0801,True,False,-4.41,-3.23,14.17,-6.86,-5.03,3.9,OHLC,↓,LH/LL,DT,False,265,4,universe
ETY,2026-09-21,14.23,0.2,False,14.37,-0.013,-0.53,False,96.2,-0.0,96.2,True,1.38,0.79,23.5,4.1,D 趨勢弱,True,8:49,264.6,跌,169.0,22,True,2.0,-0.0243,-0.0476,-0.0602,True,True,-1.01,-0.73,14.6,-2.6,-1.89,4.4,OHLC,↓,LH/LL,自然反彈,False,265,4,universe
UTF,2026-09-21,24.69,0.37,False,26.27,-0.106,-1.57,True,96.1,0.14,95.9,True,1.5,0.71,18.9,-0.2,D 趨勢弱,True,8:49,264.6,跌,114.0,13,True,2.0,-0.1772,-0.1895,-0.2134,True,False,-6.39,-4.27,27.39,-10.94,-7.3,8.2,OHLC,↓,LH/LL,DT,False,265,4,universe
SPXX,2026-09-21,18.77,0.28,False,19.0,-0.007,-0.23,False,95.5,-0.07,95.6,True,1.49,0.89,61.1,3.9,C 基底修復,True,8:49,264.6,跌,179.0,22,True,2.0,-0.0599,-0.0815,-0.0956,True,True,-1.24,-0.83,19.28,-2.72,-1.82,4.1,OHLC,—,LH/LL,自然反彈,False,265,4,universe
AB,2026-09-21,36.37,0.56,False,36.51,-0.02,-0.29,True,95.2,0.24,95.0,True,1.55,0.9,20.0,-0.7,D 趨勢弱,False,4:28,133.8,跌,24.0,7,True,2.0,-0.0208,-0.0479,-0.1143,True,True,-0.39,-0.25,35.85,1.43,0.92,11.1,OHLC,—,HH/HL,自然反彈,False,265,4,universe
UE,2026-09-21,20.0,0.34,False,21.16,-0.037,-1.07,True,94.4,0.17,94.2,True,1.68,1.01,18.1,0.7,D 趨勢弱,True,8:39,259.4,跌,94.0,12,True,2.0,-0.0607,-0.0698,-0.1935,True,False,-5.78,-3.44,21.54,-7.7,-4.58,16.4,OHLC,↓,LH/LL,DT,False,265,4,universe
COST,2026-09-21,898.48,14.26,False,928.35,-1.708,-0.78,True,93.8,0.12,93.7,True,1.59,1.26,15.5,2.9,D 趨勢弱,True,8:49,264.6,跌,309.0,17,True,2.0,-2.1453,-2.8868,-5.2789,True,False,-3.32,-2.09,921.99,-2.62,-1.65,1872.9,OHLC,↓,LH/LL,DT,False,265,4,universe
SKT,2026-09-21,35.66,0.65,False,37.54,-0.113,-1.52,True,93.7,0.26,93.4,True,1.83,1.04,20.6,1.0,D 趨勢弱,True,8:49,264.6,跌,329.0,37,True,2.0,-0.0757,-0.0885,-0.4173,True,False,-5.28,-2.88,38.59,-8.22,-4.49,29.1,OHLC,↓,LH/LL,DT,False,265,4,universe
KO,2026-09-21,87.12,1.3,True,88.69,0.002,0.15,False,93.6,-0.15,93.8,True,1.5,1.39,49.5,-17.3,C 基底修復,True,8:49,264.6,跌,213.0,16,False,2.0,-0.2731,-0.2238,-0.4411,False,True,-1.8,-1.2,89.35,-2.56,-1.71,1377.0,OHLC,—,LH/LL,自然回檔,False,265,4,universe
GLAD,2026-09-21,19.29,0.35,False,19.72,-0.013,0.11,True,93.2,0.31,92.9,True,1.82,1.16,23.7,0.1,D 趨勢弱,True,7:30,225.0,跌,75.0,9,False,2.0,-0.0714,-0.0702,-0.1119,False,True,-2.22,-1.22,19.55,-1.35,-0.74,3.1,OHLC,—,LH/LL,自然回檔,False,265,4,universe
FDUS,2026-09-21,19.3,0.29,False,19.63,-0.106,-0.68,True,93.0,0.16,92.9,True,1.5,1.53,39.9,0.3,C 基底修復,True,8:49,264.6,跌,293.0,30,False,2.0,-0.0248,-0.0241,-0.1076,False,True,-1.7,-1.13,19.9,-3.11,-2.07,6.3,OHLC,—,LH/LL,自然反彈,True,265,4,universe
ECAT,2026-09-21,14.43,0.27,False,15.07,-0.032,-0.97,True,92.9,0.33,92.6,True,1.9,1.17,24.3,2.5,D 趨勢弱,True,8:49,264.6,跌,209.0,24,True,2.0,-0.0789,-0.1087,-0.1597,True,False,-4.4,-2.32,13.94,3.4,1.79,8.5,OHLC,—,LH/LL,UT,False,265,4,universe
ORC,2026-09-21,6.08,0.12,False,6.47,-0.014,-0.67,True,92.8,0.28,92.6,True,2.01,1.07,5.6,1.5,D 趨勢弱,True,8:49,264.6,跌,132.0,14,True,2.0,-0.0466,-0.0539,-0.0577,True,False,-6.47,-3.21,6.62,-8.88,-4.41,29.1,OHLC,↓,LH/LL,DT,False,265,4,universe
CDP,2026-09-21,34.58,0.73,False,35.83,-0.089,-0.85,True,92.6,0.09,92.5,True,2.11,1.03,35.6,0.4,C 基底修復,True,8:49,264.6,跌,453.0,51,True,2.0,-0.097,-0.1293,-0.3,True,False,-3.6,-1.71,36.01,-4.14,-1.96,30.3,OHLC,↓,LH/LL,DT,False,265,4,universe
GOOD,2026-09-21,12.6,0.22,False,12.92,-0.012,0.17,True,92.6,0.14,92.4,True,1.78,1.37,45.7,-9.1,C 基底修復,True,8:49,264.6,跌,140.0,16,False,2.0,-0.0465,-0.046,-0.0785,False,True,-2.56,-1.44,12.95,-2.74,-1.54,4.4,OHLC,↓,LH/LL,DT,False,265,4,universe
BNS,2026-09-21,95.35,1.62,True,91.6,0.126,0.52,True,92.4,0.13,92.3,True,1.7,1.48,72.4,-1.7,E 延伸,True,9:34,286.9,升,9.0,1,False,2.0,0.0394,-0.0405,,False,False,3.94,2.32,92.11,3.4,2.0,198.9,OHLC,↑,HH/HL,UT,False,265,4,universe
UTL,2026-09-21,51.85,1.12,False,53.35,-0.051,-0.26,True,92.2,0.05,92.2,True,2.16,1.07,28.1,-10.1,D 趨勢弱,True,7:05,212.6,跌,68.0,8,False,2.0,-0.1582,-0.1393,-0.2839,False,True,-2.89,-1.34,54.37,-4.86,-2.25,6.9,OHLC,↓,LH/LL,DT,False,265,4,universe
WTRG,2026-09-21,40.48,0.78,True,41.03,0.008,0.37,False,92.2,-0.2,92.3,True,1.93,1.32,58.8,-1.1,C 基底修復,True,7:44,232.0,跌,79.0,7,False,2.0,-0.1576,-0.1001,-0.1576,False,True,-1.35,-0.7,42.51,-5.01,-2.6,102.8,OHLC,—,LH/LL,自然回檔,False,265,4,universe
BCAT,2026-09-21,14.14,0.27,False,15.22,-0.064,-1.36,True,92.1,0.01,92.1,True,1.92,1.33,17.2,-1.1,D 趨勢弱,True,7:36,228.1,跌,77.0,7,True,2.0,-0.1797,-0.1886,-0.2095,True,False,-7.62,-3.97,14.08,0.39,0.2,14.3,OHLC,—,HH/HL,DT,False,265,4,universe
MDU,2026-09-21,18.56,0.39,False,19.64,-0.048,-1.03,True,92.1,0.25,91.9,True,2.09,1.17,11.8,0.7,D 趨勢弱,True,8:49,264.6,跌,165.0,21,True,2.0,-0.083,-0.0952,-0.114,True,False,-5.79,-2.78,20.11,-8.35,-4.0,34.2,OHLC,↓,LH/LL,DT,False,265,4,universe
TIPT,2026-09-21,17.47,0.33,False,18.06,-0.019,-0.2,True,92.1,0.33,91.8,True,1.88,1.38,27.6,-0.5,D 趨勢弱,True,8:00,240.0,跌,83.0,10,True,2.0,-0.0897,-0.0964,-0.1074,True,False,-3.39,-1.8,18.0,-3.03,-1.61,3.2,OHLC,↓,LH/LL,DT,False,265,4,universe
AGNC,2026-09-21,9.97,0.2,False,10.38,-0.027,-1.6,True,92.0,0.19,91.8,True,1.99,1.3,10.9,3.2,D 趨勢弱,True,8:34,257.0,跌,93.0,18,True,2.0,-0.0649,-0.0811,-0.0925,True,False,-4.07,-2.05,10.87,-9.03,-4.54,316.1,OHLC,↓,LH/LL,DT,False,265,4,universe
CM,2026-09-21,116.26,2.27,False,116.73,-0.105,-0.33,True,91.9,0.26,91.6,True,1.96,1.36,55.0,3.5,C 基底修復,True,9:27,283.7,升,8.0,1,False,2.0,0.0636,-0.1162,,False,True,-0.41,-0.21,118.16,-1.63,-0.84,145.6,OHLC,↓,LH/LL,自然反彈,False,265,4,universe
BKH,2026-09-21,71.96,1.5,False,72.47,-0.066,-0.25,False,91.8,-0.62,92.4,True,2.09,1.24,32.9,4.5,C 基底修復,True,6:42,200.8,跌,62.0,7,True,2.0,-0.1029,-0.2151,-0.468,True,True,-0.7,-0.34,69.29,3.71,1.77,63.6,OHLC,—,HH/HL,自然反彈,False,265,4,universe
BFS,2026-09-21,30.23,0.69,False,32.55,-0.157,-1.25,True,91.6,0.09,91.5,True,2.29,1.09,11.7,0.5,D 趨勢弱,True,8:49,264.6,跌,145.0,17,True,2.0,-0.1475,-0.1731,-0.2406,True,False,-7.69,-3.35,35.0,-15.78,-6.88,3.8,OHLC,↓,LH/LL,DT,False,265,4,universe
IVR,2026-09-21,6.51,0.15,False,7.1,-0.031,-1.34,True,91.6,0.28,91.4,True,2.24,1.13,1.2,1.1,D 趨勢弱,True,8:49,264.6,跌,103.0,15,True,2.0,-0.0533,-0.0643,-0.0732,True,False,-9.03,-4.02,7.29,-11.98,-5.34,20.5,OHLC,↓,LH/LL,DT,False,265,4,universe
OCSL,2026-09-21,12.46,0.25,False,12.88,-0.012,0.19,True,91.3,0.16,91.1,True,1.98,1.47,45.2,0.8,C 基底修復,True,8:49,264.6,跌,200.0,17,True,2.0,-0.0811,-0.0892,-0.1055,True,False,-3.37,-1.71,12.8,-2.73,-1.38,5.7,OHLC,—,LH/LL,自然回檔,False,265,4,universe
HQH,2026-09-21,21.58,0.46,False,23.09,-0.026,-0.24,True,91.1,0.35,90.8,True,2.11,1.37,45.3,4.2,C 基底修復,True,8:49,264.6,跌,214.0,19,True,2.0,-0.1424,-0.1738,-0.2328,True,False,-7.02,-3.33,24.39,-13.02,-6.17,3.0,OHLC,↓,LH/LL,DT,False,265,4,universe
AME,2026-09-21,241.23,5.16,False,241.27,-0.321,-0.55,True,90.7,0.3,90.4,True,2.14,1.44,50.9,2.8,C 基底修復,True,9:27,283.3,升,7.0,1,False,2.0,0.4368,-0.0136,,False,True,-0.01,-0.01,239.08,0.89,0.42,337.9,OHLC,—,HH/HL,自然反彈,False,265,4,universe
WAFD,2026-09-21,32.29,0.73,False,34.6,-0.174,-1.69,True,90.6,0.26,90.3,True,2.28,1.34,13.3,-0.6,D 趨勢弱,True,8:49,264.6,跌,125.0,23,True,2.0,-0.2426,-0.2656,-0.2779,True,False,-7.16,-3.14,36.3,-12.42,-5.46,35.6,OHLC,↓,LH/LL,DT,False,265,4,universe
IRT,2026-09-21,14.66,0.33,False,15.86,-0.066,-1.25,True,90.4,0.32,90.1,True,2.28,1.37,7.7,-1.3,D 趨勢弱,True,8:49,264.6,跌,345.0,25,True,2.0,-0.1031,-0.1042,-0.1401,True,False,-8.19,-3.59,16.49,-12.48,-5.47,51.5,OHLC,↓,LH/LL,DT,False,265,4,universe
GOF,2026-09-21,8.63,0.2,False,9.41,-0.034,-1.23,True,90.2,0.37,89.9,True,2.34,1.35,6.6,6.0,D 趨勢弱,True,8:49,264.5,跌,97.0,24,True,2.0,-0.036,-0.047,-0.1037,True,False,-9.04,-3.87,9.7,-12.4,-5.3,26.5,OHLC,↓,LH/LL,DT,False,265,4,universe
BCSF,2026-09-21,11.21,0.27,False,11.81,-0.081,-1.27,True,89.7,0.45,89.3,True,2.43,1.37,8.0,1.2,D 趨勢弱,True,8:49,264.6,跌,236.0,26,True,2.0,-0.0278,-0.0411,-0.085,True,False,-5.33,-2.2,12.94,-15.43,-6.35,5.8,OHLC,↓,LH/LL,自然反彈,False,265,4,universe
KRC,2026-09-21,34.59,0.81,False,35.83,-0.091,-1.1,True,89.7,0.5,89.2,True,2.33,1.47,20.4,2.6,C 基底修復,True,8:49,264.6,跌,106.0,9,True,2.0,-0.1006,-0.1419,-0.408,True,False,-3.58,-1.54,33.77,2.37,1.02,46.9,OHLC,—,HH/HL,DT,False,265,4,universe
ROST,2026-09-21,231.25,5.49,False,234.77,-0.439,-0.62,True,89.0,0.76,88.3,True,2.38,1.58,61.1,4.3,C 基底修復,True,9:34,286.9,升,9.0,1,False,2.0,0.2679,-0.0877,,False,True,-1.52,-0.64,230.74,0.22,0.09,503.8,OHLC,—,LH/LL,自然反彈,True,265,4,universe
BLK,2026-09-21,1090.27,24.73,False,1124.16,-1.705,-0.56,True,88.9,0.12,88.8,True,2.27,1.71,47.8,5.1,C 基底修復,True,8:49,264.6,跌,210.0,22,True,2.0,-5.112,-8.6036,-14.0844,True,False,-3.11,-1.37,1187.17,-8.89,-3.92,647.0,OHLC,—,LH/LL,UT,False,265,4,universe
BRC,2026-09-21,83.83,2.34,False,89.61,-0.32,-1.09,True,88.6,0.73,87.9,True,2.79,1.25,19.6,1.1,D 趨勢弱,True,8:49,264.6,跌,329.0,30,True,2.0,-0.4928,-0.5353,-0.8484,True,False,-6.9,-2.47,94.38,-12.58,-4.51,22.9,OHLC,↓,LH/LL,DT,False,265,4,universe
PRK,2026-09-21,182.89,4.51,False,193.9,-0.477,-1.14,True,88.1,0.14,87.9,True,2.47,1.69,31.2,-1.1,C 基底修復,True,8:49,264.6,跌,324.0,30,True,2.0,-1.0432,-1.1899,-1.9862,True,False,-6.02,-2.44,195.64,-6.97,-2.83,20.7,OHLC,↓,LH/LL,DT,False,265,4,universe
TT,2026-09-21,433.32,10.98,False,448.04,-1.729,-0.95,True,88.0,0.65,87.3,True,2.53,1.64,24.6,3.2,D 趨勢弱,True,8:49,264.6,跌,115.0,24,True,2.0,-0.5552,-1.37,-3.797,True,False,-3.4,-1.34,447.9,-3.36,-1.33,467.3,OHLC,↓,LH/LL,自然反彈,False,265,4,universe
AWI,2026-09-21,161.88,4.04,False,171.72,-1.003,-1.32,True,87.2,0.48,86.7,True,2.49,1.85,18.6,2.2,D 趨勢弱,True,8:49,264.6,跌,287.0,25,True,2.0,-1.069,-1.4618,-2.019,True,False,-6.08,-2.44,173.33,-7.07,-2.84,59.5,OHLC,↓,LH/LL,自然反彈,False,265,4,universe
PSMT,2026-09-21,170.61,4.34,False,172.39,-0.314,-0.8,True,87.2,0.8,86.4,True,2.54,1.79,49.8,-5.4,C 基底修復,True,9:49,294.3,升,13.0,2,False,2.0,0.2547,0.0471,,False,True,-1.04,-0.41,174.1,-2.05,-0.8,38.1,OHLC,↓,LH/LL,自然反彈,False,265,4,universe
MSCI,2026-09-21,558.97,12.78,False,560.24,-0.259,-0.33,True,87.0,1.1,85.9,True,2.29,2.1,30.7,1.3,D 趨勢弱,True,9:38,289.2,升,11.0,1,False,2.0,0.1202,-0.7425,,False,True,-0.23,-0.1,564.77,-1.04,-0.45,271.3,OHLC,↓,LH/LL,自然反彈,False,265,4,universe
EMN,2026-09-21,65.09,1.74,False,70.34,-0.266,-1.02,True,86.8,0.2,86.6,True,2.67,1.74,6.2,0.4,D 趨勢弱,True,8:49,264.6,跌,186.0,20,True,2.0,-0.5736,-0.6186,-0.7761,True,False,-8.06,-3.02,72.16,-10.86,-4.07,68.4,OHLC,↓,LH/LL,DT,False,265,4,universe
CBL,2026-09-21,53.51,1.42,False,55.09,-0.108,-0.54,True,86.7,0.23,86.5,True,2.66,1.78,52.8,-2.9,C 基底修復,True,8:49,264.6,跌,618.0,34,False,2.0,-0.1179,-0.1163,-0.498,False,True,-2.96,-1.11,55.98,-4.61,-1.73,13.8,OHLC,↓,LH/LL,自然反彈,False,265,4,universe
BMRN,2026-09-21,64.06,1.67,True,66.44,0.122,0.37,True,86.4,0.2,86.2,True,2.61,1.88,49.7,2.8,C 基底修復,True,8:49,264.6,跌,308.0,20,False,2.0,-0.3528,-0.3455,-0.5636,False,False,-3.71,-1.42,66.41,-3.67,-1.4,123.6,OHLC,—,LH/LL,DT,True,265,4,universe
GRBK,2026-09-21,67.56,1.9,False,70.11,-0.124,-0.6,True,86.2,0.19,86.0,True,2.82,1.72,22.7,4.6,D 趨勢弱,True,8:36,257.8,跌,93.0,12,True,2.0,-0.3266,-0.4523,-0.5519,True,False,-3.78,-1.34,68.85,-1.91,-0.68,27.4,OHLC,↓,LH/LL,自然反彈,False,265,4,universe
BEPC,2026-09-21,29.95,0.87,False,32.36,-0.118,-0.79,True,85.3,0.36,84.9,True,2.9,1.82,4.6,1.7,D 趨勢弱,True,8:49,264.6,跌,114.0,20,True,2.0,-0.1,-0.1549,-0.2699,True,False,-8.04,-2.77,32.56,-8.71,-3.0,50.5,OHLC,↓,LH/LL,自然反彈,False,265,4,universe
CRH,2026-09-21,87.14,2.51,False,92.86,-0.503,-0.91,True,85.2,0.55,84.6,True,2.88,1.85,8.6,2.7,D 趨勢弱,True,8:49,264.6,跌,109.0,14,True,2.0,-0.2126,-0.3329,-0.5985,True,False,-6.57,-2.28,94.26,-8.17,-2.83,401.6,OHLC,↓,LH/LL,DT,False,265,4,universe
APAM,2026-09-21,36.78,1.03,False,40.76,-0.198,-1.1,True,85.0,0.6,84.4,True,2.81,1.97,10.7,-8.6,D 趨勢弱,True,8:49,264.6,跌,371.0,26,True,2.0,-0.5475,-0.6407,-0.756,True,False,-10.82,-3.85,42.68,-16.04,-5.7,28.7,OHLC,↓,LH/LL,DT,False,265,4,universe
LSTR,2026-09-21,170.32,4.75,False,179.4,-0.284,-0.29,True,85.0,0.43,84.6,True,2.79,1.98,35.1,1.4,C 基底修復,True,8:09,244.3,跌,86.0,9,True,2.0,-0.028,-0.1006,-4.5014,True,False,-5.33,-1.91,177.92,-4.46,-1.6,58.3,OHLC,↓,LH/LL,DT,False,265,4,universe
AZZ,2026-09-21,133.63,3.95,False,139.61,-0.563,-0.97,True,84.8,0.18,84.7,True,2.95,1.85,29.8,4.0,C 基底修復,True,8:49,264.6,跌,180.0,24,True,2.0,-0.0938,-0.2122,-1.4052,True,False,-4.48,-1.52,135.74,-1.58,-0.53,32.1,OHLC,↓,LH/LL,DT,False,265,4,universe
CWEN,2026-09-21,30.89,0.88,False,32.08,-0.054,-0.45,True,84.8,0.39,84.4,True,2.86,1.96,10.6,3.0,D 趨勢弱,True,7:00,210.0,跌,67.0,7,True,2.0,-0.0416,-0.0821,-0.1878,True,False,-3.86,-1.35,33.05,-6.99,-2.45,39.2,OHLC,↓,LH/LL,自然反彈,False,265,4,universe
LGND,2026-09-21,290.07,8.78,False,286.37,-0.356,-0.44,True,84.8,0.67,84.1,True,3.03,1.79,58.4,-5.9,C 基底修復,True,9:28,284.2,升,8.0,1,False,2.0,0.4302,-0.1675,,False,True,1.27,0.42,280.49,3.3,1.09,60.5,OHLC,—,HH/HL,自然反彈,False,265,4,universe
AYI,2026-09-21,306.46,9.19,False,328.45,-1.849,-1.51,True,84.4,5.17,79.3,True,3.0,1.88,16.4,3.7,D 趨勢弱,True,8:49,264.6,跌,270.0,24,True,2.0,-2.229,-3.0608,-3.8711,True,False,-7.17,-2.39,334.05,-9.0,-3.0,74.5,OHLC,↓,LH/LL,自然反彈,False,265,4,universe
CNS,2026-09-21,74.43,2.34,False,79.08,-0.25,-0.92,True,84.4,0.44,84.0,True,3.15,1.74,33.9,2.3,C 基底修復,True,8:49,264.6,跌,325.0,26,True,2.0,-0.441,-0.644,-0.9224,True,False,-6.24,-1.98,80.88,-8.67,-2.75,20.2,OHLC,—,LH/LL,UT,False,265,4,universe
HUBB,2026-09-21,457.49,12.75,False,467.54,-1.649,-0.83,True,84.3,0.53,83.8,True,2.79,2.12,17.0,4.6,D 趨勢弱,True,9:26,282.9,升,7.0,1,False,2.0,0.6894,-0.4729,,False,True,-2.2,-0.79,464.75,-1.59,-0.57,220.6,OHLC,↓,LH/LL,自然反彈,False,265,4,universe
ITT,2026-09-21,205.68,5.97,False,205.88,-0.32,-0.37,True,84.1,0.72,83.4,True,2.9,2.04,53.2,4.0,C 基底修復,True,9:24,282.1,升,7.0,1,False,2.0,0.2791,-0.097,,False,True,-0.1,-0.03,204.14,0.75,0.26,152.8,OHLC,↓,LH/LL,自然反彈,False,265,4,universe
GM,2026-09-21,83.95,2.59,False,85.77,-0.123,-0.3,True,83.6,0.21,83.4,True,3.09,1.96,50.5,2.8,C 基底修復,True,8:49,264.6,跌,200.0,28,False,2.0,-0.3679,-0.3649,-0.6992,False,True,-2.16,-0.7,86.62,-3.18,-1.03,603.7,OHLC,—,LH/LL,自然反彈,True,265,4,universe
PLOW,2026-09-21,39.89,1.13,False,41.36,-0.221,-0.73,True,83.6,1.15,82.4,True,2.83,2.23,34.1,0.9,C 基底修復,True,6:28,194.1,跌,58.0,6,True,2.0,-0.0146,-0.0442,-0.2545,True,False,-3.69,-1.3,42.18,-5.74,-2.03,7.0,OHLC,↓,LH/LL,DT,False,265,4,universe
VTOL,2026-09-21,41.96,1.35,False,44.03,-0.097,-0.76,True,83.5,0.52,83.0,True,3.21,1.86,17.6,2.1,D 趨勢弱,True,8:49,264.6,跌,290.0,25,True,2.0,-0.2222,-0.2919,-0.3689,True,False,-4.94,-1.54,40.71,2.98,0.93,13.8,OHLC,—,HH/HL,DT,False,265,4,universe
BKR,2026-09-21,57.83,1.85,False,61.23,-0.156,-0.7,True,82.9,0.34,82.6,True,3.2,1.99,24.2,8.7,C 基底修復,True,8:49,264.6,跌,148.0,21,True,2.0,-0.6476,-0.8043,-0.9547,True,False,-5.88,-1.84,55.44,4.13,1.29,470.4,OHLC,—,HH/HL,自然反彈,False,265,4,universe
BX,2026-09-21,126.41,3.93,False,137.36,-0.274,-0.41,True,82.6,0.63,82.0,True,3.11,2.12,22.3,4.2,D 趨勢弱,True,8:49,264.6,跌,173.0,22,True,2.0,-1.2736,-1.5999,-2.334,True,False,-8.66,-2.79,128.51,-1.66,-0.53,424.2,OHLC,↓,LH/LL,自然反彈,False,265,4,universe
BF.B,2026-09-21,26.15,0.8,False,27.07,-0.078,-0.58,True,82.5,0.29,82.2,True,3.07,2.19,20.8,1.9,D 趨勢弱,True,8:49,264.6,跌,138.0,28,True,2.0,-0.0678,-0.0926,-0.2612,True,False,-3.52,-1.15,25.96,0.73,0.24,69.2,OHLC,—,LH/LL,自然回檔,True,265,4,universe
BF/B,2026-09-21,26.15,0.8,False,27.07,-0.078,-0.58,True,82.5,0.29,82.2,True,3.07,2.19,20.8,1.9,D 趨勢弱,True,8:49,264.6,跌,138.0,28,True,2.0,-0.0678,-0.0926,-0.2612,True,False,-3.52,-1.15,25.96,0.73,0.24,69.2,OHLC,—,LH/LL,自然回檔,True,265,4,universe
ODFL,2026-09-21,175.36,5.93,False,192.56,-1.206,-1.3,True,82.4,0.2,82.2,True,3.38,1.9,13.1,0.9,D 趨勢弱,True,8:49,264.6,跌,341.0,39,True,2.0,-0.3648,-0.6392,-2.4627,True,False,-9.81,-2.9,203.44,-16.01,-4.74,326.6,OHLC,↓,LH/LL,DT,False,265,4,universe
DNOW,2026-09-21,15.57,0.48,False,16.01,-0.026,0.25,True,82.2,0.52,81.7,True,3.11,2.21,62.2,0.2,A 待突破,True,8:49,264.6,跌,159.0,22,False,2.0,-0.0907,-0.0859,-0.1131,False,True,-2.83,-0.91,16.1,-3.4,-1.09,34.7,OHLC,—,LH/LL,次級回檔,False,265,4,universe
DG,2026-09-21,121.91,3.93,False,125.0,-0.117,-0.11,True,81.9,0.49,81.4,True,3.22,2.16,17.1,-1.3,C 基底修復,True,7:48,234.0,跌,80.0,8,False,2.0,-0.7602,-0.6712,-1.0101,False,True,-2.54,-0.79,129.17,-5.96,-1.85,350.7,OHLC,—,LH/LL,自然回檔,False,265,4,universe
BC,2026-09-21,66.0,2.42,False,75.27,-0.595,-1.08,True,81.3,0.01,81.3,True,3.67,1.82,0.1,-0.7,D 趨勢弱,True,8:49,264.6,跌,200.0,21,True,2.0,-0.5311,-0.5324,-0.8949,True,False,-14.04,-3.83,74.43,-12.77,-3.48,50.4,OHLC,↓,LH/LL,DT,False,265,4,universe
VCTR,2026-09-21,107.76,3.78,False,112.5,-0.034,-0.01,True,80.3,0.9,79.4,True,3.51,2.17,54.4,3.7,C 基底修復,True,8:49,264.6,跌,190.0,20,True,2.0,-1.323,-1.6318,-1.8859,True,False,-4.4,-1.25,113.73,-5.54,-1.58,85.5,OHLC,↓,LH/LL,自然反彈,False,265,4,universe
XPO,2026-09-21,174.34,6.51,False,189.95,-0.856,-0.81,True,80.0,0.41,79.6,True,3.73,2.0,17.6,0.1,D 趨勢弱,True,8:49,264.6,跌,178.0,22,True,2.0,-0.8075,-0.9413,-1.5419,True,False,-8.96,-2.4,193.1,-10.76,-2.88,180.2,OHLC,↓,LH/LL,DT,False,265,4,universe
CSL,2026-09-21,317.85,10.19,False,346.98,-1.522,-1.0,True,79.8,0.13,79.7,True,3.21,2.57,4.4,3.3,D 趨勢弱,True,8:49,264.6,跌,290.0,25,True,2.0,-2.5732,-3.0109,-4.0122,True,False,-9.16,-2.86,352.14,-10.79,-3.37,217.2,OHLC,↓,LH/LL,DT,False,265,4,universe
ADMA,2026-09-21,9.51,0.32,False,9.38,-0.026,-0.49,False,79.7,-0.09,79.8,True,3.34,2.46,22.4,16.7,D 趨勢弱,True,8:49,264.6,跌,160.0,19,True,2.0,-0.0352,-0.0776,-0.1067,True,True,1.33,0.4,9.63,-1.32,-0.39,24.5,OHLC,—,LH/LL,UT,False,265,4,universe
CPNG,2026-09-21,14.62,0.5,False,15.59,-0.059,-0.7,True,79.5,0.62,78.8,True,3.43,2.41,4.9,4.1,D 趨勢弱,True,8:49,264.6,跌,139.0,13,True,2.0,-0.071,-0.1022,-0.3299,True,False,-6.65,-1.94,15.12,-3.42,-1.0,231.6,OHLC,—,LH/LL,自然反彈,True,265,4,universe
KRYS,2026-09-21,333.85,10.83,True,345.19,0.166,0.57,True,79.4,0.32,79.0,True,3.25,2.62,68.6,1.0,C 基底修復,True,6:53,206.4,跌,65.0,8,False,2.0,-2.6906,-2.6737,-5.5158,False,False,-3.4,-1.05,354.86,-6.29,-1.94,90.9,OHLC,—,LH/LL,DT,True,265,4,universe
AVGO,2026-09-21,362.66,12.09,False,366.89,-1.445,-0.78,True,79.3,0.4,78.9,True,3.33,2.54,23.7,2.3,C 基底修復,True,9:39,289.5,升,11.0,1,False,2.0,0.7564,-0.3665,,False,True,-1.17,-0.35,371.54,-2.45,-0.73,9862.9,OHLC,↓,LH/LL,自然反彈,False,265,4,universe
ARES,2026-09-21,126.67,4.49,False,136.95,-0.288,-0.68,True,79.0,0.5,78.5,True,3.54,2.39,19.3,9.8,D 趨勢弱,True,8:49,264.6,跌,171.0,22,True,2.0,-1.7523,-2.066,-2.1017,True,False,-8.12,-2.29,141.52,-11.72,-3.31,269.0,OHLC,↓,LH/LL,自然反彈,False,265,4,universe
CG,2026-09-21,40.86,1.5,False,46.3,-0.25,-1.21,True,78.8,0.79,78.0,True,3.68,2.28,0.1,0.1,D 趨勢弱,True,8:49,264.6,跌,167.0,22,True,2.0,-0.6344,-0.779,-0.8847,True,False,-13.31,-3.62,49.4,-20.9,-5.68,135.5,OHLC,↓,LH/LL,自然反彈,False,265,4,universe
LCII,2026-09-21,86.95,3.21,False,98.11,-0.525,-1.39,True,78.8,0.83,78.0,True,3.7,2.27,0.0,0.0,D 趨勢弱,True,8:49,264.6,跌,225.0,26,True,2.0,-1.2217,-1.461,-1.5792,True,False,-12.84,-3.47,102.69,-18.1,-4.9,27.3,OHLC,↓,LH/LL,DT,False,265,4,universe
LKQ,2026-09-21,23.2,0.74,False,24.71,-0.04,-0.17,True,78.8,0.51,78.3,True,3.19,2.77,4.3,-0.8,D 趨勢弱,True,8:49,264.6,跌,117.0,14,True,2.0,-0.1546,-0.1654,-0.2397,True,False,-6.5,-2.03,23.83,-2.72,-0.85,76.0,OHLC,↓,LH/LL,DT,False,265,4,universe
PATK,2026-09-21,69.11,2.63,False,78.96,-0.737,-1.47,True,78.7,0.92,77.7,True,3.8,2.2,0.0,0.0,D 趨勢弱,True,8:49,264.6,跌,227.0,21,True,2.0,-0.9941,-1.1263,-1.2002,True,False,-14.25,-3.75,84.03,-21.59,-5.68,37.6,OHLC,↓,LH/LL,DT,False,265,4,universe
SITE,2026-09-21,91.32,3.25,False,94.83,-0.579,-0.83,True,78.6,0.86,77.7,True,3.56,2.45,10.5,3.3,D 趨勢弱,True,6:07,183.3,跌,52.0,7,True,2.0,-0.4569,-0.67,-0.8763,True,False,-3.85,-1.08,86.2,5.61,1.57,89.9,OHLC,—,HH/HL,自然反彈,False,265,4,universe
DLTR,2026-09-21,112.33,4.41,False,123.95,-0.544,-0.87,True,78.0,0.48,77.5,True,3.93,2.2,17.8,2.6,D 趨勢弱,True,8:49,264.6,跌,267.0,17,True,2.0,-1.6042,-1.7925,-2.0684,True,False,-10.34,-2.63,112.5,-0.15,-0.04,353.3,OHLC,↓,LH/LL,DT,False,265,4,universe
ASML,2026-09-21,1711.32,54.87,False,1719.35,-1.164,-0.23,True,77.7,0.79,76.9,True,3.21,2.97,63.8,3.4,C 基底修復,True,9:33,286.4,升,9.0,1,False,2.0,0.4274,-5.5047,,False,True,-0.47,-0.15,1764.85,-3.13,-0.98,2179.5,OHLC,↓,LH/LL,自然反彈,False,265,4,universe
MTRX,2026-09-21,10.03,0.39,False,10.59,-0.051,-0.95,True,77.0,0.44,76.6,True,3.91,2.38,4.7,3.4,D 趨勢弱,True,6:31,195.4,跌,59.0,6,True,2.0,-0.0208,-0.0386,-0.1108,True,False,-5.61,-1.43,10.61,-5.78,-1.48,4.4,OHLC,↓,LH/LL,DT,False,265,4,universe
DAR,2026-09-21,63.26,2.5,True,65.1,0.106,0.37,False,76.8,-1.16,78.0,True,3.96,2.39,61.2,-21.5,C 基底修復,True,6:18,188.8,跌,55.0,7,False,2.0,-0.3679,-0.2055,-0.5265,False,True,-2.92,-0.74,66.54,-5.18,-1.31,157.6,OHLC,—,LH/LL,自然回檔,False,265,4,universe
CCJ,2026-09-21,93.23,3.67,False,98.34,-0.126,-0.08,True,75.8,0.71,75.1,True,3.93,2.6,23.8,4.1,D 趨勢弱,True,7:48,234.0,跌,80.0,14,True,2.0,-0.985,-1.1837,-1.3342,True,False,-5.48,-1.39,97.98,-5.09,-1.3,273.4,OHLC,↓,LH/LL,自然反彈,False,265,4,universe
BJRI,2026-09-21,61.11,2.28,False,63.65,-0.274,-0.69,True,75.7,0.65,75.0,True,3.73,2.83,64.5,4.6,C 基底修復,True,8:49,264.6,跌,436.0,36,True,2.0,-0.0463,-0.1828,-1.0323,True,False,-4.16,-1.11,62.14,-1.69,-0.45,28.8,OHLC,—,LH/LL,自然反彈,True,265,4,universe
OLED,2026-09-21,77.98,3.13,False,83.6,-0.325,-0.56,True,75.7,0.47,75.2,True,4.02,2.53,5.2,-0.3,D 趨勢弱,True,8:49,264.6,跌,212.0,23,True,2.0,-0.4627,-0.582,-0.7987,True,False,-7.2,-1.79,83.56,-7.16,-1.78,66.9,OHLC,↓,LH/LL,自然反彈,False,265,4,universe
WCC,2026-09-21,355.31,12.31,False,348.55,-0.422,-0.42,True,75.7,0.43,75.2,True,3.46,3.09,76.8,9.0,A 待突破,True,9:32,286.0,升,9.0,1,False,2.0,0.4381,-0.5765,,False,True,1.9,0.55,344.0,3.18,0.92,176.7,OHLC,—,HH/HL,自然反彈,False,265,4,universe
RYTM,2026-09-21,98.83,4.14,False,107.09,-0.586,-0.48,True,75.2,0.62,74.5,True,4.19,2.46,23.8,12.1,C 基底修復,True,8:49,264.6,跌,217.0,22,True,2.0,-0.6506,-0.8242,-1.6924,True,False,-8.36,-1.99,104.71,-5.95,-1.42,55.0,OHLC,↓,LH/LL,自然反彈,False,265,4,universe
SVRA,2026-09-21,5.45,0.22,False,5.45,-0.015,-0.17,True,75.0,0.97,74.0,True,3.96,2.71,38.5,5.1,C 基底修復,True,9:48,294.0,升,13.0,1,False,2.0,0.0093,-0.0004,,False,True,0.01,0.0,5.24,3.85,0.97,7.4,OHLC,—,HH/HL,自然反彈,True,265,4,universe
ZBRA,2026-09-21,350.84,10.96,False,359.37,-0.885,0.08,True,75.0,0.72,74.3,False,3.12,3.56,73.1,0.2,A 待突破,True,8:49,264.6,跌,206.0,23,True,2.0,-2.5381,-3.1813,-6.2001,True,True,-2.43,-0.78,351.81,-0.28,-0.09,198.4,OHLC,—,LH/LL,自然反彈,True,265,4,universe
RYAM,2026-09-21,8.48,0.31,False,8.48,-0.027,-0.78,True,74.4,0.87,73.5,False,3.63,3.17,30.7,3.2,C 基底修復,True,8:49,264.6,跌,181.0,28,True,2.0,-0.0085,-0.0213,-0.0867,True,True,0.06,0.02,8.68,-2.36,-0.65,6.2,OHLC,—,LH/LL,自然反彈,True,265,4,universe
PKOH,2026-09-21,45.73,1.71,False,46.92,-0.326,0.05,True,73.9,0.35,73.6,False,3.74,3.15,81.2,-1.0,B 上升結構,True,8:49,264.6,跌,238.0,22,True,2.0,-0.1938,-0.2078,-0.6375,True,True,-2.6,-0.69,46.95,-2.67,-0.71,3.3,OHLC,—,LH/LL,自然反彈,True,265,4,universe
PRTA,2026-09-21,8.51,0.37,True,9.0,0.006,-0.13,True,73.4,0.02,73.4,False,4.41,2.58,9.6,1.5,D 趨勢弱,True,7:08,213.9,跌,69.0,8,True,2.0,-0.1152,-0.1286,-0.1502,True,False,-5.81,-1.32,8.2,3.64,0.83,3.5,OHLC,—,HH/HL,自然反彈,False,265,4,universe
GDYN,2026-09-21,7.7,0.31,True,7.87,0.011,0.56,True,73.0,0.6,72.4,False,4.08,2.99,58.9,3.0,C 基底修復,True,8:49,264.6,跌,171.0,19,False,2.0,-0.0795,-0.0688,-0.0795,False,True,-2.25,-0.55,8.43,-9.48,-2.32,7.6,OHLC,↓,LH/LL,DT,False,265,4,universe
FLR,2026-09-21,54.74,2.03,False,53.98,-0.191,0.2,True,72.7,0.14,72.5,False,3.7,3.42,69.5,-2.8,B 上升結構,True,8:49,264.6,跌,102.0,8,True,2.0,-0.1556,-0.1827,-0.3207,True,True,1.38,0.37,52.99,3.2,0.86,123.4,OHLC,↑,HH/HL,次級反彈,False,265,4,universe
ASA,2026-09-21,57.96,2.58,True,61.0,0.021,0.13,True,72.5,0.57,72.0,False,4.46,2.69,28.3,-0.7,C 基底修復,True,8:49,264.6,跌,113.0,11,True,2.0,-0.8375,-0.8968,-1.0632,True,False,-5.25,-1.18,55.0,5.11,1.15,3.7,OHLC,↑,HH/HL,UT,False,265,4,universe
KGC,2026-09-21,27.79,1.14,True,29.86,0.096,0.56,True,72.4,0.21,72.2,False,4.1,3.06,26.8,-5.1,D 趨勢弱,True,8:49,264.6,跌,147.0,14,True,2.0,-0.4823,-0.505,-0.5926,True,False,-7.45,-1.82,28.49,-2.52,-0.61,208.0,OHLC,↓,LH/LL,DT,False,265,4,universe
AU,2026-09-21,101.93,4.08,True,108.52,0.395,0.7,True,71.7,0.08,71.6,False,4.0,3.3,57.5,8.9,D 趨勢弱,True,8:49,264.6,跌,175.0,14,True,2.0,-1.6932,-1.8725,-2.4275,True,False,-6.46,-1.61,104.01,-2.04,-0.51,279.1,OHLC,↓,LH/LL,自然反彈,False,265,4,universe
JANX,2026-09-21,17.01,0.75,True,17.81,0.024,-0.08,True,71.3,0.86,70.4,False,4.43,2.96,47.6,14.5,D 趨勢弱,True,7:55,237.7,跌,82.0,8,True,2.0,-0.3409,-0.3934,-0.4266,True,False,-4.71,-1.06,16.04,5.7,1.29,17.2,OHLC,↑,HH/HL,UT,False,265,4,universe
GCT,2026-09-21,53.06,2.31,False,51.46,-0.044,0.32,True,70.4,1.41,68.9,False,4.35,3.21,67.9,-2.7,B 上升結構,True,8:49,264.6,跌,204.0,23,True,2.0,-0.1704,-0.1888,-0.8252,True,True,3.01,0.69,52.07,1.87,0.43,30.4,OHLC,—,LH/LL,UT,True,265,4,universe
HNRG,2026-09-21,15.01,0.73,True,15.74,0.011,-0.01,True,67.7,1.02,66.6,False,4.86,3.22,11.7,4.3,D 趨勢弱,True,7:55,237.7,跌,82.0,8,True,2.0,-0.1322,-0.1549,-0.2289,True,False,-4.88,-1.0,16.12,-7.43,-1.53,10.4,OHLC,↓,LH/LL,自然反彈,False,265,4,universe
NESR,2026-09-21,32.4,1.44,True,34.16,0.077,0.33,True,66.8,1.07,65.8,False,4.43,3.82,82.6,1.6,B 上升結構,True,8:49,264.6,跌,250.0,20,True,2.0,-0.4166,-0.4562,-0.549,True,False,-5.42,-1.22,35.45,-9.41,-2.13,55.6,OHLC,—,LH/LL,UT,False,265,4,universe
CTGO,2026-09-21,18.91,0.95,False,19.53,-0.011,0.15,True,64.3,0.81,63.5,False,5.04,3.7,20.0,4.5,D 趨勢弱,True,8:49,264.6,跌,153.0,16,True,2.0,-0.1616,-0.1939,-0.2747,True,True,-3.29,-0.65,19.03,-0.63,-0.13,7.5,OHLC,↓,LH/LL,自然回檔,False,265,4,universe
DJT,2026-09-21,9.12,0.44,False,8.95,-0.032,-0.47,True,64.2,0.99,63.2,False,4.87,3.9,19.1,-0.4,D 趨勢弱,True,7:47,233.5,跌,80.0,9,True,2.0,-0.0134,-0.0469,-0.2565,True,True,1.87,0.38,8.85,2.96,0.61,30.9,OHLC,—,LH/LL,UT,True,265,4,universe
NIQ,2026-09-21,18.39,0.65,True,17.32,0.183,1.25,True,64.2,0.97,63.3,False,3.55,5.22,81.4,5.3,A 待突破,True,8:49,264.6,跌,162.0,14,True,2.0,-0.2841,-0.3186,-0.398,True,False,5.81,1.64,18.63,-1.31,-0.37,21.6,OHLC,—,LH/LL,次級反彈,True,265,4,universe
KSS,2026-09-21,17.43,0.93,False,17.92,-0.049,-0.4,True,63.8,0.35,63.4,False,5.35,3.5,42.5,23.9,C 基底修復,True,6:03,181.7,跌,51.0,9,True,2.0,-0.1103,-0.1892,-0.2712,True,True,-2.83,-0.53,16.63,4.59,0.86,83.8,OHLC,↑,HH/HL,次級反彈,False,265,4,universe
PLUG,2026-09-21,2.09,0.12,False,2.2,-0.0,-0.03,True,62.5,0.7,61.8,False,5.66,3.45,20.0,1.7,D 趨勢弱,True,8:49,264.6,跌,108.0,7,True,2.0,-0.0014,-0.0032,-0.0108,True,True,-5.03,-0.89,2.19,-4.78,-0.84,107.2,OHLC,↓,LH/LL,自然反彈,False,265,4,universe
AG,2026-09-21,19.31,1.04,True,20.12,0.044,0.39,False,62.4,-0.8,63.2,False,5.36,3.78,41.7,-4.1,D 趨勢弱,True,8:49,264.6,跌,170.0,14,True,2.0,-0.258,-0.2852,-0.4293,True,True,-4.18,-0.78,19.84,-2.74,-0.51,178.7,OHLC,↓,LH/LL,自然回檔,False,265,4,universe
ACRS,2026-09-21,5.57,0.33,False,5.81,-0.011,-0.47,True,61.8,1.13,60.6,False,5.9,3.37,49.1,3.8,D 趨勢弱,True,8:49,264.6,跌,148.0,17,True,2.0,-0.0603,-0.0798,-0.1199,True,True,-4.34,-0.74,5.64,-1.26,-0.21,14.5,OHLC,↓,LH/LL,自然反彈,False,265,4,universe
ANRO,2026-09-21,30.63,1.86,True,32.96,0.036,0.03,True,60.1,1.36,58.7,False,6.08,3.55,48.1,4.3,D 趨勢弱,True,7:14,217.1,跌,71.0,14,True,2.0,-0.7519,-0.8372,-0.947,True,False,-7.59,-1.25,30.98,-1.14,-0.19,17.0,OHLC,↓,LH/LL,自然回檔,False,265,4,universe
VERA,2026-09-21,34.25,2.08,True,33.55,0.03,0.32,True,59.9,1.07,58.8,False,6.07,3.59,23.4,4.9,D 趨勢弱,False,4:27,133.6,跌,24.0,4,True,2.0,-0.0351,-0.0713,-1.0203,True,True,2.05,0.34,35.05,-2.34,-0.38,93.2,OHLC,↓,LH/LL,自然反彈,False,265,4,universe
AUGO,2026-09-21,89.15,4.46,True,84.4,0.614,1.02,True,59.8,0.98,58.8,False,5.0,4.68,65.4,4.1,B 上升結構,True,8:49,264.6,跌,117.0,14,True,2.0,-0.5013,-0.5995,-0.844,True,False,5.33,1.06,84.91,4.76,0.95,90.3,OHLC,↑,HH/HL,UT,False,265,4,universe
PMTS,2026-09-21,24.65,1.41,False,25.62,-0.078,-0.2,True,59.7,1.4,58.3,False,5.7,4.0,43.7,3.0,D 趨勢弱,True,8:49,264.6,跌,171.0,21,True,2.0,-0.5951,-0.71,-0.8503,True,True,-3.95,-0.69,29.56,-19.94,-3.5,5.9,OHLC,—,LH/LL,UT,False,265,4,universe
CATX,2026-09-21,2.97,0.18,False,3.01,-0.002,-0.46,True,58.0,1.07,57.0,False,5.93,4.13,12.5,7.5,D 趨勢弱,True,8:49,264.6,跌,144.0,16,True,2.0,-0.0125,-0.0265,-0.0491,True,True,-1.46,-0.25,2.92,1.68,0.28,5.2,OHLC,—,LH/LL,UT,False,265,4,universe
SRPT,2026-09-21,20.14,1.3,True,20.26,0.114,0.61,True,56.9,1.54,55.4,False,6.44,3.88,44.6,-3.7,C 基底修復,True,6:02,180.9,跌,51.0,7,False,2.0,-0.2888,-0.2828,-0.3592,False,True,-0.62,-0.1,20.94,-3.97,-0.62,65.6,OHLC,—,HH/HL,自然回檔,False,265,4,universe
VRT,2026-09-21,250.86,14.28,False,261.02,-0.717,-0.33,True,56.9,1.19,55.7,False,5.69,4.62,27.5,-1.3,D 趨勢弱,True,6:06,182.9,跌,52.0,6,True,2.0,-0.6492,-1.3911,-7.8139,True,True,-4.05,-0.71,257.06,-2.47,-0.43,1359.5,OHLC,↓,LH/LL,自然反彈,False,265,4,universe
OMER,2026-09-21,18.49,0.88,True,17.56,0.094,0.59,True,55.3,1.05,54.3,False,4.78,5.88,86.5,4.0,B 上升結構,True,8:32,255.8,跌,92.0,14,True,2.0,-0.3215,-0.3839,-0.476,True,False,5.02,1.05,18.22,1.46,0.31,27.6,OHLC,—,HH/HL,自然反彈,False,265,4,universe
ACHR,2026-09-21,5.43,0.32,True,6.08,0.005,0.07,True,54.5,1.37,53.2,False,5.84,5.01,14.2,4.2,D 趨勢弱,True,8:49,264.6,跌,205.0,19,True,2.0,-0.0547,-0.0702,-0.1098,True,False,-12.01,-2.06,5.4,0.55,0.09,132.7,OHLC,—,LH/LL,自然反彈,True,265,4,universe
INBX,2026-09-21,112.04,7.78,True,109.05,0.948,0.27,True,53.9,1.73,52.2,False,6.95,4.04,54.4,-4.1,C 基底修復,False,5:34,167.1,跌,43.0,9,True,2.0,-1.8766,-2.3968,-2.8294,True,True,2.67,0.38,128.54,-14.73,-2.12,42.7,OHLC,—,LH/LL,UT,False,265,4,universe
STX,2026-09-21,877.33,52.34,True,853.17,3.18,-0.03,True,53.1,0.44,52.7,False,5.97,5.21,64.9,-9.0,C 基底修復,True,9:31,285.3,升,9.0,1,False,2.0,2.8246,-1.239,,False,True,2.75,0.46,856.13,2.42,0.41,3223.6,OHLC,—,LH/LL,UT,False,265,4,universe
SMCI,2026-09-21,41.2,2.45,True,37.49,0.261,0.44,True,51.8,1.06,50.8,False,5.94,5.55,52.1,-1.4,C 基底修復,True,8:49,264.6,跌,114.0,9,True,2.0,-0.0275,-0.1953,-0.4679,True,False,9.01,1.52,39.09,5.12,0.86,1580.2,OHLC,↑,HH/HL,UT,False,265,4,universe
TMC,2026-09-21,4.14,0.28,False,4.36,-0.02,-0.17,True,51.8,0.87,50.9,False,6.68,4.82,30.7,10.5,D 趨勢弱,True,8:49,264.6,跌,130.0,12,True,2.0,-0.0595,-0.097,-0.1197,True,True,-5.42,-0.81,3.65,11.84,1.77,24.1,OHLC,—,HH/HL,自然反彈,False,265,4,universe
GENB,2026-09-21,17.38,1.15,True,16.7,0.053,0.15,True,51.7,1.42,50.3,False,6.61,4.9,50.8,-6.5,B 上升結構,True,9:48,294.0,升,13.0,2,False,2.0,0.0882,0.0422,,False,True,3.9,0.59,15.99,8.0,1.21,29.8,OHLC,—,HH/HL,UT,True,142,4,universe
USAR,2026-09-21,16.78,1.11,False,17.76,-0.107,-0.27,True,51.4,0.81,50.6,False,6.62,4.98,19.0,19.0,D 趨勢弱,True,7:47,233.6,跌,80.0,15,True,2.0,-0.1195,-0.2474,-0.3301,True,True,-5.83,-0.88,17.85,-6.38,-0.96,223.0,OHLC,↓,LH/LL,自然反彈,False,265,4,universe
WDC,2026-09-21,448.17,28.22,True,458.56,0.811,-0.46,True,49.8,0.86,48.9,False,6.3,5.71,50.5,-7.8,D 趨勢弱,True,9:30,285.0,升,8.0,1,False,2.0,0.6318,-0.9006,,False,True,-2.32,-0.37,407.12,9.16,1.45,2847.8,OHLC,—,HH/HL,自然反彈,False,265,4,universe
MRAM,2026-09-21,17.17,1.19,True,16.9,0.021,-0.08,True,46.1,0.71,45.4,False,6.91,6.07,73.8,31.8,D 趨勢弱,True,9:21,280.3,升,6.0,1,False,2.0,0.0376,-0.1294,,False,True,1.59,0.23,16.72,2.62,0.38,15.5,OHLC,—,LH/LL,UT,False,265,4,universe
STIM,2026-09-21,2.85,0.22,True,3.02,0.008,0.25,True,39.8,0.48,39.4,False,7.69,7.16,64.1,-1.2,B 上升結構,True,8:49,264.6,跌,196.0,20,False,2.0,-0.0394,-0.0391,-0.0819,False,True,-6.01,-0.78,2.97,-4.21,-0.55,3.7,OHLC,↓,LH/LL,DT,False,265,4,universe
NBIS,2026-09-21,232.8,17.24,True,228.85,1.552,0.17,True,36.8,0.85,36.0,False,7.4,8.48,73.0,-3.7,C 基底修復,True,9:40,290.0,升,11.0,1,False,2.0,0.3875,-0.6055,,False,True,1.7,0.23,213.93,8.11,1.09,3459.8,OHLC,↑,HH/HL,UT,False,265,4,universe
MRNA,2026-09-21,172.94,12.56,True,143.89,1.436,0.36,True,24.5,0.52,23.9,False,7.26,14.41,74.5,3.2,E 延伸,True,7:30,225.0,跌,75.0,10,True,2.0,-0.5418,-1.8066,-2.7603,True,False,16.8,2.31,158.83,8.16,1.12,3231.4,OHLC,—,LH/LL,自然反彈,False,265,4,universe
PTA,2026-09-21,18.02,0.24,False,18.27,-0.023,-0.78,True,96.9,0.03,96.9,True,1.34,0.6,19.6,0.5,D 趨勢弱,True,9:50,294.8,升,14.0,1,False,3.0,0.0104,-0.0034,,False,True,-1.39,-1.04,18.22,-1.11,-0.83,4.1,OHLC,↓,LH/LL,自然反彈,False,265,4,universe
GDOT,2026-09-21,13.15,0.19,False,13.31,-0.003,-0.12,True,95.7,0.04,95.7,True,1.43,0.88,39.5,1.4,C 基底修復,True,8:49,264.6,跌,203.0,20,False,3.0,-0.0122,-0.011,-0.0486,False,True,-1.19,-0.83,13.45,-2.28,-1.59,3.9,OHLC,—,LH/LL,次級反彈,True,265,4,universe
FTS,2026-09-21,53.61,0.78,False,55.21,-0.062,-0.52,True,95.6,0.07,95.5,True,1.46,0.89,36.0,-1.4,D 趨勢弱,True,7:00,210.0,跌,67.0,7,False,3.0,-0.0497,-0.0345,-0.3153,False,True,-2.98,-2.04,54.66,-1.96,-1.34,37.4,OHLC,↓,LH/LL,DT,False,265,4,universe
NWN,2026-09-21,48.07,0.88,False,49.41,-0.081,-0.42,True,92.9,0.07,92.8,True,1.83,1.25,23.0,-0.8,D 趨勢弱,True,8:49,264.6,跌,179.0,21,False,3.0,-0.0872,-0.0785,-0.3166,False,True,-2.79,-1.52,50.02,-4.06,-2.22,12.1,OHLC,—,LH/LL,DT,True,265,4,universe
ACP,2026-09-21,4.7,0.09,False,4.84,-0.009,-1.44,True,92.8,0.21,92.6,True,1.88,1.21,10.2,3.4,D 趨勢弱,True,8:49,264.6,跌,116.0,12,False,3.0,-0.0245,-0.0331,-0.0458,True,True,-2.9,-1.54,4.74,-0.85,-0.45,4.0,OHLC,↓,LH/LL,自然反彈,False,265,4,universe
CPK,2026-09-21,131.15,2.57,False,132.85,-0.068,-0.25,True,92.2,0.24,92.0,True,1.96,1.27,38.5,-0.3,C 基底修復,True,8:49,264.6,跌,143.0,21,False,3.0,-0.0862,-0.1882,-0.6678,True,True,-1.3,-0.66,133.86,-2.07,-1.05,23.0,OHLC,—,LH/LL,自然反彈,True,265,4,universe
CTAS,2026-09-21,196.88,3.73,False,201.09,-0.172,-0.27,True,90.7,0.06,90.6,True,1.89,1.69,38.2,-10.6,C 基底修復,True,8:49,264.6,跌,344.0,35,False,3.0,-0.6232,-0.593,-1.8832,False,True,-2.14,-1.13,201.38,-2.29,-1.21,363.1,OHLC,↓,LH/LL,DT,False,265,4,universe
UGI,2026-09-21,37.23,0.76,True,37.61,0.051,0.37,False,90.4,-0.05,90.4,True,2.05,1.6,50.6,0.4,C 基底修復,True,8:49,264.6,跌,99.0,11,False,3.0,-0.1565,-0.1148,-0.3729,False,True,-1.01,-0.49,38.6,-3.68,-1.79,76.5,OHLC,—,LH/LL,自然回檔,False,265,4,universe
GEF,2026-09-21,83.32,2.14,False,84.64,-0.141,-0.58,True,88.2,0.4,87.8,True,2.56,1.56,52.3,2.9,C 基底修復,True,8:49,264.6,跌,183.0,28,False,3.0,-0.2546,-0.3541,-1.0361,True,True,-1.59,-0.62,84.94,-1.94,-0.76,29.4,OHLC,↓,LH/LL,自然反彈,False,265,4,universe
EQIX,2026-09-21,1057.26,28.22,True,1048.63,0.038,-0.11,False,86.4,-0.28,86.7,True,2.67,1.83,70.0,16.2,A 待突破,True,9:20,280.0,升,6.0,1,False,3.0,0.622,-2.3721,,False,True,0.82,0.31,1055.2,0.19,0.07,560.3,OHLC,↑,HH/HL,UT,False,265,4,universe
EXPO,2026-09-21,67.12,1.87,False,68.52,-0.003,-0.02,True,86.0,0.01,86.0,True,2.78,1.79,42.3,2.3,C 基底修復,True,8:49,264.6,跌,162.0,14,False,3.0,-0.3583,-0.3339,-0.6342,False,True,-2.09,-0.75,69.19,-3.08,-1.11,32.2,OHLC,—,LH/LL,自然回檔,True,265,4,universe
INCY,2026-09-21,124.65,3.3,True,124.87,0.216,0.39,False,85.4,-0.03,85.4,True,2.65,2.05,72.5,0.4,A 待突破,True,8:49,264.6,跌,132.0,16,False,3.0,-0.3011,-0.3169,-0.952,True,True,-0.18,-0.07,128.83,-3.35,-1.27,173.9,OHLC,—,LH/LL,次級回檔,False,265,4,universe
OPCH,2026-09-21,23.95,0.69,True,23.9,0.013,0.18,True,84.5,0.07,84.4,True,2.89,1.98,23.0,2.1,D 趨勢弱,False,3:22,101.2,跌,6.0,1,False,3.0,-0.0064,0.0142,-0.094,False,True,0.21,0.07,23.41,2.25,0.78,50.9,OHLC,—,HH/HL,次級回檔,True,265,4,universe
IPAR,2026-09-21,112.76,3.38,False,114.55,-0.356,-0.85,True,83.9,0.7,83.2,True,2.99,2.0,56.8,2.2,C 基底修復,True,8:49,264.6,跌,371.0,43,False,3.0,-0.0665,-0.2054,-2.0202,True,True,-1.59,-0.53,113.36,-0.53,-0.18,24.3,OHLC,—,LH/LL,自然反彈,True,265,4,universe
GRC,2026-09-21,73.75,2.45,False,75.66,-0.245,-1.16,True,82.3,1.52,80.8,True,3.32,1.98,44.6,2.4,C 基底修復,True,9:27,283.3,升,7.0,1,False,3.0,0.074,-0.0644,,False,True,-2.59,-0.78,75.49,-2.36,-0.71,13.8,OHLC,↓,LH/LL,自然反彈,False,265,4,universe
HALO,2026-09-21,111.45,2.83,True,106.85,1.111,1.68,True,81.9,0.02,81.9,True,2.54,2.83,74.0,-1.4,A 待突破,True,8:49,264.6,跌,143.0,16,False,3.0,-0.51,-0.6198,-1.1605,True,False,4.13,1.62,106.25,4.67,1.83,221.3,OHLC,↑,HH/HL,UT,False,265,4,universe
SBH,2026-09-21,16.12,0.57,False,16.29,-0.017,-0.12,True,80.4,0.39,80.0,True,3.55,2.11,59.6,16.6,A 待突破,True,8:49,264.6,跌,263.0,25,False,3.0,-0.0736,-0.1039,-0.1359,True,True,-1.03,-0.29,16.39,-1.67,-0.47,19.4,OHLC,—,LH/LL,自然反彈,True,265,4,universe
PRDO,2026-09-21,32.33,0.99,False,32.68,-0.067,-0.04,True,79.7,0.3,79.4,True,3.06,2.75,20.7,-10.5,D 趨勢弱,True,8:03,241.6,跌,84.0,8,False,3.0,-0.0959,-0.0686,-0.4775,False,True,-1.09,-0.36,34.28,-6.03,-1.97,19.6,OHLC,↓,LH/LL,DT,False,265,4,universe
SHOO,2026-09-21,42.83,1.45,False,44.03,-0.178,-0.96,True,79.7,0.69,79.0,True,3.37,2.42,46.1,7.3,C 基底修復,True,8:49,264.6,跌,204.0,26,False,3.0,-0.0121,-0.1207,-0.7046,True,True,-2.8,-0.83,43.17,-0.79,-0.24,45.7,OHLC,—,LH/LL,次級反彈,False,265,4,universe
SENEA,2026-09-21,180.86,6.88,True,190.97,0.597,0.29,True,78.3,0.07,78.3,True,3.81,2.25,59.4,-2.9,C 基底修復,True,8:18,248.8,跌,88.0,10,False,3.0,-2.3594,-2.3473,-2.7711,False,False,-5.59,-1.47,186.31,-3.01,-0.79,16.3,OHLC,↓,LH/LL,自然回檔,False,265,4,universe
NRIX,2026-09-21,25.41,1.03,False,26.13,-0.015,0.07,True,77.7,4.13,73.6,True,4.04,2.13,68.8,2.3,A 待突破,True,8:49,264.6,跌,126.0,20,False,3.0,-0.1545,-0.1806,-0.3228,True,True,-2.85,-0.71,26.26,-3.35,-0.83,33.5,OHLC,—,LH/LL,自然反彈,True,265,4,universe
TRNS,2026-09-21,88.16,3.48,False,89.05,-0.28,-0.4,True,76.5,1.06,75.5,True,3.94,2.45,57.2,4.9,C 基底修復,True,9:49,294.7,升,14.0,2,False,3.0,0.3887,0.0946,,False,True,-1.01,-0.26,79.68,9.62,2.44,8.7,OHLC,↑,HH/HL,UT,False,265,4,universe
SNPS,2026-09-21,401.85,14.77,False,405.72,-0.411,-0.33,True,75.2,0.13,75.1,True,3.67,2.96,24.1,13.2,D 趨勢弱,True,6:58,208.8,跌,66.0,11,False,3.0,-1.26,-3.0883,-4.9426,True,True,-0.96,-0.26,388.99,3.2,0.87,844.1,OHLC,—,LH/LL,UT,False,265,4,universe
KYMR,2026-09-21,117.67,4.78,True,117.28,0.242,0.35,True,74.6,4.01,70.6,False,4.07,2.69,72.3,4.7,A 待突破,True,7:20,219.8,跌,72.0,15,False,3.0,-0.3587,-0.4769,-2.2632,True,True,0.33,0.08,120.66,-2.55,-0.63,82.5,OHLC,—,LH/LL,自然反彈,True,265,4,universe
KNSA,2026-09-21,78.13,2.62,True,78.27,0.004,0.13,True,72.9,0.31,72.6,False,3.35,3.72,82.5,4.6,A 待突破,True,8:49,264.6,跌,223.0,27,False,3.0,-0.3737,-0.4622,-0.8782,True,True,-0.18,-0.05,79.33,-1.54,-0.46,42.0,OHLC,—,LH/LL,自然回檔,True,265,4,universe
SCCO,2026-09-21,198.06,8.12,True,201.23,0.015,0.04,True,72.5,0.78,71.8,False,4.1,3.05,69.4,2.5,B 上升結構,True,8:49,264.6,跌,147.0,14,False,3.0,-1.4387,-1.9495,-2.9928,True,True,-1.6,-0.39,192.04,3.04,0.74,223.2,OHLC,—,LH/LL,UT,False,265,4,universe
ZYME,2026-09-21,26.81,1.23,True,27.39,0.076,0.34,True,69.8,0.66,69.1,False,4.58,3.09,60.2,2.2,B 上升結構,True,7:05,212.3,跌,68.0,9,False,3.0,-0.3299,-0.3716,-0.4911,True,True,-2.17,-0.47,28.27,-5.45,-1.19,21.4,OHLC,—,HH/HL,自然回檔,False,265,4,universe
SNOW,2026-09-21,339.39,15.58,True,333.83,0.296,0.22,True,69.5,1.09,68.4,False,4.59,3.14,76.8,-2.2,B 上升結構,True,8:49,264.6,跌,263.0,24,False,3.0,-0.9044,-1.3651,-4.0714,True,True,1.64,0.36,321.29,5.33,1.16,1884.5,OHLC,—,HH/HL,UT,True,265,4,universe
CGEM,2026-09-21,21.35,1.04,True,21.01,0.054,0.37,True,68.6,1.01,67.6,False,4.87,3.03,75.7,7.0,B 上升結構,True,8:49,264.6,跌,113.0,13,False,3.0,-0.196,-0.2426,-0.3598,True,True,1.61,0.33,18.51,13.3,2.73,19.4,OHLC,—,HH/HL,自然反彈,False,265,4,universe
XNCR,2026-09-21,25.03,1.25,True,25.6,0.111,0.25,True,61.6,0.95,60.7,False,4.99,4.31,64.0,3.5,B 上升結構,True,8:49,264.6,跌,152.0,15,False,3.0,-0.4325,-0.5288,-0.7225,True,True,-2.29,-0.46,28.98,-15.78,-3.16,38.9,OHLC,—,LH/LL,UT,False,265,4,universe
EMBC,2026-09-21,5.3,0.27,True,5.13,0.089,0.87,True,58.3,0.4,57.9,False,5.08,4.92,36.9,-0.7,D 趨勢弱,True,8:44,261.8,跌,95.0,9,False,3.0,-0.0574,-0.0677,-0.095,True,True,3.13,0.62,4.96,6.42,1.26,7.0,OHLC,↑,HH/HL,UT,False,265,4,universe
LITE,2026-09-21,954.49,66.15,True,900.82,2.244,0.21,True,45.4,1.01,44.4,False,6.93,6.22,62.9,8.2,B 上升結構,True,7:30,225.0,跌,75.0,6,False,3.0,-0.3055,-3.5116,-11.5408,True,True,5.62,0.81,895.0,6.23,0.9,4216.7,OHLC,↑,HH/HL,UT,False,265,4,universe
ACA,2026-09-21,146.22,0.43,True,145.35,0.037,0.15,False,99.8,-0.01,99.8,True,0.3,0.2,78.6,-0.2,A 待突破,True,9:20,280.0,升,6.0,1,False,4.0,0.0006,-0.0515,,False,True,0.6,2.02,145.0,0.83,2.81,91.6,OHLC,↑,HH/HL,UT,False,265,4,universe
OGN,2026-09-21,13.68,0.04,True,13.72,0.004,0.3,False,99.8,-0.02,99.8,True,0.3,0.19,76.7,-0.6,A 待突破,True,7:40,229.8,跌,78.0,16,False,4.0,-0.0124,-0.0144,-0.0239,True,True,-0.27,-0.91,13.63,0.37,1.23,44.7,OHLC,↑,HH/HL,UT,False,265,4,universe
BKU,2026-09-21,44.45,0.95,False,45.63,-0.051,-0.65,True,91.4,0.21,91.2,True,2.15,1.28,20.2,-0.6,C 基底修復,True,8:49,264.6,跌,218.0,21,False,4.0,-0.0441,-0.0501,-0.3094,True,True,-2.66,-1.24,46.38,-4.34,-2.02,41.3,OHLC,↓,LH/LL,DT,False,265,4,universe
GCMG,2026-09-21,13.29,0.35,False,13.45,-0.007,-0.34,True,85.7,0.49,85.2,True,2.66,1.98,63.0,5.2,A 待突破,True,8:49,264.6,跌,164.0,22,False,4.0,-0.0119,-0.0468,-0.2476,True,True,-1.17,-0.44,13.35,-0.45,-0.17,6.1,OHLC,↓,LH/LL,自然反彈,False,265,4,universe
SCL,2026-09-21,61.81,1.65,False,62.58,-0.083,-0.35,True,85.3,0.22,85.0,True,2.66,2.06,52.2,0.2,C 基底修復,True,8:49,264.6,跌,312.0,25,False,4.0,-0.1026,-0.112,-0.6002,True,True,-1.25,-0.47,63.05,-2.01,-0.75,9.1,OHLC,—,LH/LL,自然反彈,True,265,4,universe
IRM,2026-09-21,116.89,3.58,False,118.0,-0.165,-0.64,True,83.9,0.5,83.4,True,3.06,1.93,53.1,4.6,C 基底修復,True,9:55,297.7,升,15.0,2,False,4.0,0.3026,0.0068,,False,True,-0.95,-0.31,116.86,0.03,0.01,195.6,OHLC,↓,LH/LL,自然反彈,False,265,4,universe
CVE,2026-09-21,31.57,0.96,True,32.16,0.089,0.84,False,82.3,-0.89,83.2,True,3.04,2.27,66.3,-10.9,A 待突破,True,6:18,188.8,跌,55.0,7,False,4.0,-0.2504,-0.1596,-0.2504,False,True,-1.86,-0.61,34.16,-8.2,-2.7,212.1,OHLC,↓,LH/LL,DT,False,265,4,universe
EPC,2026-09-21,27.08,0.99,False,27.87,-0.041,-0.39,True,78.8,0.58,78.2,True,3.66,2.32,53.9,3.6,C 基底修復,True,8:49,264.6,跌,528.0,44,False,4.0,-0.1174,-0.147,-0.3007,True,True,-2.93,-0.8,27.51,-1.59,-0.43,15.3,OHLC,↓,LH/LL,自然反彈,False,265,4,universe
OIS,2026-09-21,8.31,0.32,True,8.67,0.003,0.12,True,76.9,0.46,76.4,True,3.82,2.51,29.6,0.2,D 趨勢弱,True,8:32,256.2,跌,92.0,9,False,4.0,-0.0528,-0.0485,-0.0678,False,False,-4.34,-1.14,8.39,-0.96,-0.25,4.2,OHLC,—,HH/HL,自然回檔,True,265,4,universe
MYE,2026-09-21,31.18,1.05,False,32.03,-0.105,-1.1,True,76.5,0.68,75.8,True,3.36,3.03,62.9,0.0,C 基底修復,True,9:20,280.1,升,6.0,1,False,4.0,0.0032,-0.0504,,False,True,-2.72,-0.81,31.78,-1.92,-0.57,10.8,OHLC,↓,LH/LL,自然反彈,False,265,4,universe
MAGN,2026-09-21,11.83,0.46,False,12.19,-0.051,-0.58,True,75.7,0.66,75.0,True,3.88,2.68,40.6,7.2,C 基底修復,True,7:05,212.3,跌,68.0,10,False,4.0,-0.0131,-0.0404,-0.2056,True,True,-3.03,-0.78,11.97,-1.18,-0.31,4.3,OHLC,↓,LH/LL,自然反彈,False,265,4,universe
DGII,2026-09-21,72.74,2.61,False,74.6,-0.434,-0.45,True,75.5,0.66,74.8,True,3.59,3.0,69.1,14.3,B 上升結構,True,9:49,294.5,升,14.0,2,False,4.0,0.2206,0.0387,,False,True,-2.55,-0.71,67.69,6.94,1.93,26.4,OHLC,—,LH/LL,UT,False,265,4,universe
BWMN,2026-09-21,42.45,0.38,True,42.43,0.139,2.03,True,74.6,0.3,74.3,False,0.89,5.86,82.1,-0.3,A 待突破,True,8:49,264.6,跌,113.0,16,False,4.0,-0.485,-0.5027,-0.5468,True,True,0.05,0.05,42.43,0.05,0.05,12.1,OHLC,—,HH/HL,UT,True,265,4,universe
FET,2026-09-21,80.86,3.35,True,81.07,0.27,0.73,True,68.0,0.38,67.6,False,4.14,3.88,72.1,-7.5,A 待突破,True,8:49,264.6,跌,251.0,21,False,4.0,-0.6435,-0.586,-1.3724,False,True,-0.26,-0.06,79.86,1.24,0.3,15.8,OHLC,—,HH/HL,自然回檔,True,265,4,universe
ACHV,2026-09-21,8.05,0.39,True,7.72,0.021,0.3,True,66.3,1.43,64.8,False,4.88,3.48,76.2,6.6,B 上升結構,True,7:20,220.1,跌,72.0,10,False,4.0,-0.0423,-0.0738,-0.1893,True,True,4.06,0.83,8.11,-0.75,-0.15,12.9,OHLC,—,LH/LL,UT,False,265,4,universe
ESTC,2026-09-21,89.71,4.42,True,88.52,0.429,0.47,True,64.2,2.25,61.9,False,4.93,3.85,69.4,-2.3,B 上升結構,True,8:49,264.6,跌,131.0,10,False,4.0,-0.8399,-1.1083,-1.6023,True,True,1.33,0.27,86.96,3.07,0.62,270.5,OHLC,—,HH/HL,自然反彈,True,265,4,universe
CADL,2026-09-21,11.21,0.76,True,11.93,0.012,0.04,True,54.8,0.04,54.8,False,6.79,3.99,49.7,7.3,C 基底修復,True,8:49,264.6,跌,128.0,13,False,4.0,-0.2371,-0.2829,-0.3942,True,True,-6.39,-0.94,10.85,3.21,0.47,13.9,OHLC,—,HH/HL,次級反彈,False,265,4,universe
PEN,2026-09-21,318.78,2.04,False,321.71,-0.197,-0.82,True,99.0,0.0,99.0,True,0.64,0.41,29.0,1.5,C 基底修復,True,8:49,264.6,跌,139.0,22,False,5.0,-0.2845,-0.3956,-0.7832,True,True,-0.92,-1.43,325.0,-1.95,-3.04,114.0,OHLC,↓,LH/LL,DT,False,265,4,universe
OBDC,2026-09-21,11.19,0.21,False,11.4,-0.019,0.11,True,92.3,0.12,92.2,True,1.87,1.33,27.2,0.8,D 趨勢弱,True,8:49,264.6,跌,374.0,22,False,5.0,-0.012,-0.0162,-0.0512,True,True,-1.87,-1.0,11.47,-2.5,-1.34,32.4,OHLC,—,LH/LL,自然反彈,True,265,4,universe
WTM,2026-09-21,2056.85,41.38,False,2098.64,-2.958,-0.31,True,92.2,0.21,92.0,True,2.01,1.23,22.1,-0.0,C 基底修復,True,7:57,238.6,跌,83.0,15,False,5.0,-1.6424,-2.4012,-14.0885,True,True,-2.03,-1.01,2065.14,-0.4,-0.2,45.9,OHLC,—,LH/LL,DT,True,265,4,universe
CHD,2026-09-21,95.49,1.82,False,98.32,-0.269,-0.79,True,92.1,0.2,91.9,True,1.91,1.36,38.0,13.0,C 基底修復,True,8:49,264.6,跌,343.0,15,False,5.0,-0.2338,-0.3592,-0.8335,True,True,-2.96,-1.55,96.28,-0.83,-0.43,178.9,OHLC,↓,LH/LL,DT,False,265,4,universe
BATRA,2026-09-21,57.34,1.19,True,56.0,0.097,0.48,False,91.1,-0.21,91.3,True,2.07,1.41,71.4,4.8,A 待突破,True,9:48,294.0,升,13.0,2,False,5.0,0.1138,0.0047,,False,True,2.34,1.13,56.12,2.13,1.03,4.0,OHLC,↑,HH/HL,UT,False,265,4,universe
INVA,2026-09-21,21.04,0.44,True,21.02,0.027,0.08,True,91.0,0.26,90.7,True,2.1,1.42,22.5,0.8,C 基底修復,False,10:09,304.7,升,19.0,4,False,5.0,0.0207,0.0216,,False,True,0.11,0.05,21.35,-1.47,-0.7,16.2,OHLC,—,LH/LL,次級反彈,True,265,4,universe
EW,2026-09-21,88.34,2.07,False,89.54,-0.05,-0.15,True,89.6,0.51,89.1,True,2.34,1.48,52.3,2.9,C 基底修復,True,9:28,284.2,升,8.0,1,False,5.0,0.0003,-0.082,,False,True,-1.36,-0.58,89.7,-1.54,-0.66,275.3,OHLC,↓,LH/LL,自然反彈,False,265,4,universe
PSTL,2026-09-21,23.62,0.61,True,23.47,0.021,0.43,True,89.4,0.38,89.0,True,2.57,1.3,64.0,1.1,A 待突破,False,11:03,331.5,升,34.0,5,False,5.0,0.0208,0.0413,,False,True,0.62,0.24,23.15,1.99,0.78,9.8,OHLC,↑,HH/HL,自然回檔,False,265,4,universe
TTC,2026-09-21,93.39,2.4,False,95.64,-0.119,-0.43,True,87.7,0.62,87.0,True,2.57,1.66,42.3,-0.5,C 基底修復,True,8:49,264.6,跌,145.0,15,False,5.0,-0.2877,-0.3996,-0.7707,True,True,-2.4,-0.93,91.46,2.07,0.8,96.8,OHLC,—,HH/HL,DT,True,265,4,universe
NTNX,2026-09-21,70.04,2.12,True,67.58,0.212,0.65,True,83.3,0.74,82.6,True,3.03,2.07,58.9,-8.0,A 待突破,True,8:49,264.6,跌,222.0,20,False,5.0,-0.0508,-0.105,-0.6365,True,False,3.51,1.16,65.78,6.08,2.01,201.8,OHLC,↑,HH/HL,UT,False,265,4,universe
BMI,2026-09-21,131.5,4.27,False,131.27,-0.14,-0.36,True,78.1,0.69,77.4,True,3.25,2.86,12.4,-1.2,D 趨勢弱,True,9:50,294.8,升,14.0,2,False,5.0,0.2646,0.0387,,False,True,0.17,0.05,136.02,-3.44,-1.06,45.0,OHLC,↓,LH/LL,自然反彈,False,265,4,universe
RYAN,2026-09-21,40.06,1.46,False,41.24,-0.127,-0.76,True,77.1,0.79,76.3,True,3.65,2.63,21.2,-2.4,D 趨勢弱,True,8:49,264.6,跌,324.0,32,False,5.0,-0.1073,-0.1628,-0.612,True,True,-2.94,-0.8,40.62,-1.4,-0.38,74.7,OHLC,↓,LH/LL,自然反彈,False,265,4,universe
GO,2026-09-21,11.23,0.46,True,11.35,0.044,0.5,True,75.0,0.76,74.2,False,4.09,2.6,63.9,-0.8,D 趨勢弱,True,8:49,264.6,跌,104.0,10,False,5.0,-0.1356,-0.1317,-0.166,False,True,-1.11,-0.27,11.66,-3.83,-0.94,27.4,OHLC,↓,LH/LL,DT,False,265,4,universe
MANH,2026-09-21,209.35,7.27,True,207.87,0.403,0.59,True,72.9,0.21,72.7,False,3.47,3.6,75.3,1.2,A 待突破,True,8:49,264.6,跌,182.0,13,False,5.0,-1.8537,-1.9134,-3.4951,True,True,0.71,0.2,214.62,-2.52,-0.72,141.3,OHLC,—,LH/LL,自然反彈,True,265,4,universe
PAYC,2026-09-21,226.24,7.71,True,224.67,0.451,1.03,True,72.7,0.81,71.8,False,3.41,3.72,66.7,1.5,A 待突破,True,8:49,264.6,跌,162.0,16,False,5.0,-2.5713,-2.8191,-4.9629,True,True,0.69,0.2,215.58,4.71,1.38,173.3,OHLC,—,HH/HL,UT,True,265,4,universe
HNGE,2026-09-21,94.45,4.21,True,90.86,0.254,0.65,True,71.0,0.92,70.1,False,4.46,2.98,66.0,-3.4,E 延伸,True,9:42,291.0,升,12.0,2,False,5.0,0.0482,0.0613,,False,True,3.8,0.85,87.35,7.52,1.69,196.5,OHLC,—,HH/HL,UT,True,265,4,universe
FDS,2026-09-21,284.1,11.97,True,289.62,0.138,0.04,True,70.8,0.81,70.0,False,4.21,3.26,56.2,-0.5,B 上升結構,True,8:49,264.6,跌,112.0,11,False,5.0,-2.0627,-2.8223,-6.4308,True,True,-1.94,-0.46,284.89,-0.28,-0.07,269.9,OHLC,↓,LH/LL,自然反彈,False,265,4,universe
CRM,2026-09-21,236.42,9.35,True,233.61,1.109,0.79,True,69.9,0.63,69.3,False,3.96,3.7,52.5,-0.5,E 延伸,True,7:14,217.1,跌,71.0,8,False,5.0,-3.8636,-3.2222,-3.8636,False,True,1.19,0.3,259.43,-9.73,-2.46,3978.5,OHLC,↓,LH/LL,DT,False,265,4,universe
TMDX,2026-09-21,87.29,4.2,True,87.74,0.188,0.69,True,68.0,0.73,67.3,False,4.81,3.21,26.1,4.1,D 趨勢弱,True,8:49,264.6,跌,142.0,16,False,5.0,-0.357,-0.4557,-1.4641,True,True,-0.51,-0.11,90.11,-3.23,-0.67,63.8,OHLC,—,LH/LL,UT,False,265,4,universe
CRSP,2026-09-21,58.33,2.71,True,56.24,0.156,0.22,True,67.9,0.66,67.2,False,4.64,3.4,45.5,11.8,C 基底修復,True,9:32,286.2,升,9.0,1,False,5.0,0.1211,-0.1374,,False,True,3.57,0.77,51.83,11.14,2.4,89.3,OHLC,↑,HH/HL,UT,False,265,4,universe
NOW,2026-09-21,137.68,6.2,True,133.48,0.603,0.6,True,66.8,1.11,65.7,False,4.5,3.74,53.8,1.4,C 基底修復,True,7:48,234.0,跌,80.0,10,False,5.0,-0.9824,-0.9703,-1.4944,False,True,3.05,0.68,142.35,-3.39,-0.75,2145.4,OHLC,↓,LH/LL,自然回檔,False,265,4,universe
WDAY,2026-09-21,191.92,8.64,True,195.28,0.382,0.35,True,64.6,0.7,63.9,False,4.5,4.18,62.0,-1.8,C 基底修復,True,8:49,264.6,跌,153.0,19,False,5.0,-1.5101,-1.5606,-3.4876,True,True,-1.75,-0.39,187.76,2.17,0.48,708.4,OHLC,—,HH/HL,次級回檔,True,265,4,universe
APPN,2026-09-21,38.62,2.01,True,37.6,0.228,0.84,True,60.2,1.45,58.8,False,5.2,4.39,58.8,-1.4,B 上升結構,True,8:49,264.6,跌,100.0,13,False,5.0,-0.3533,-0.4685,-1.1783,True,True,2.64,0.51,39.89,-3.29,-0.63,37.5,OHLC,—,HH/HL,自然反彈,False,265,4,universe
FROG,2026-09-21,92.0,5.33,True,92.41,0.175,0.28,True,58.9,0.51,58.4,False,5.79,4.08,78.9,-2.2,B 上升結構,True,8:49,264.6,跌,109.0,13,False,5.0,-0.0483,-0.0025,-2.3224,False,True,-0.44,-0.08,92.13,-0.14,-0.02,176.9,OHLC,—,LH/LL,自然回檔,False,265,4,universe
MRVI,2026-09-21,7.17,0.42,True,7.5,0.043,0.13,True,56.2,1.46,54.7,False,5.86,4.61,64.3,-8.7,D 趨勢弱,True,8:49,264.6,跌,112.0,13,False,5.0,-0.0592,-0.0841,-0.1849,True,True,-4.58,-0.78,8.43,-17.57,-3.0,25.2,OHLC,—,HH/HL,自然反彈,True,265,4,universe
CNXC,2026-09-21,27.53,1.79,True,27.81,0.027,0.29,True,52.7,0.23,52.5,False,6.49,4.78,20.8,-0.9,D 趨勢弱,True,6:24,191.8,跌,57.0,8,False,5.0,-0.3575,-0.3091,-0.3575,False,True,-1.02,-0.16,27.0,1.93,0.3,41.8,OHLC,↑,HH/HL,自然回檔,False,265,4,universe
GRML,2026-09-21,9.42,1.43,True,8.9,3.363,1.67,True,11.6,3.23,8.4,False,15.15,19.81,16.5,16.5,D 趨勢弱,True,9:29,284.5,升,8.0,1,False,5.0,0.4357,-0.0207,,False,True,5.53,0.36,3.26,65.39,4.32,112.2,OHLC,↓,LH/LL,自然反彈,False,265,4,universe
PG,2026-09-21,146.08,2.27,True,144.96,0.019,0.02,True,94.5,0.35,94.1,True,1.55,1.11,20.5,-10.9,D 趨勢弱,False,11:51,355.5,升,48.0,6,False,6.0,0.217,0.2801,,False,True,0.76,0.49,148.23,-1.47,-0.95,1226.0,OHLC,—,LH/LL,次級反彈,False,265,4,universe
TD,2026-09-21,124.04,2.02,True,120.61,0.008,0.03,True,93.7,0.11,93.6,True,1.63,1.25,81.3,-0.9,A 待突破,False,1:43,51.6,升,79.0,6,False,6.0,0.2821,0.1431,,False,True,2.77,1.7,119.14,3.95,2.43,227.8,OHLC,↑,HH/HL,UT,False,265,4,universe
MAIN,2026-09-21,56.28,0.95,False,57.86,-0.077,0.01,True,93.2,0.32,92.9,True,1.69,1.3,33.2,0.4,D 趨勢弱,True,8:49,264.6,跌,259.0,23,False,6.0,-0.215,-0.2401,-0.4689,True,True,-2.8,-1.66,57.73,-2.58,-1.53,24.7,OHLC,—,LH/LL,自然反彈,True,265,4,universe
J,2026-09-21,143.76,3.09,False,146.25,-0.059,0.04,True,90.4,0.15,90.3,True,2.15,1.49,62.0,-0.0,B 上升結構,True,8:49,264.6,跌,143.0,15,False,6.0,-0.6549,-0.7584,-1.5828,True,True,-1.74,-0.81,145.71,-1.36,-0.63,117.5,OHLC,—,LH/LL,UT,True,265,4,universe
VZ,2026-09-21,47.68,1.03,True,49.39,0.043,0.51,True,89.6,0.09,89.5,True,2.16,1.67,38.5,-10.9,C 基底修復,True,8:01,240.7,跌,84.0,11,False,6.0,-0.4468,-0.3681,-0.4468,False,False,-3.59,-1.66,51.67,-8.37,-3.87,987.8,OHLC,↓,LH/LL,DT,False,265,4,universe
ADP,2026-09-21,269.94,5.46,False,275.22,-0.09,0.02,True,89.3,0.22,89.1,True,2.02,1.87,57.7,-1.3,A 待突破,True,8:49,264.6,跌,187.0,14,False,6.0,-1.4833,-1.4982,-3.0643,True,True,-1.96,-0.97,276.63,-2.48,-1.22,599.2,OHLC,—,LH/LL,次級回檔,True,265,4,universe
AMT,2026-09-21,174.6,3.89,True,175.11,0.03,0.28,True,89.1,0.61,88.5,True,2.23,1.71,33.2,-10.2,D 趨勢弱,False,5:40,170.0,跌,44.0,4,False,6.0,-0.309,-0.2534,-0.309,False,True,-0.29,-0.13,172.92,0.96,0.43,400.1,OHLC,—,HH/HL,次級回檔,True,265,4,universe
PGR,2026-09-21,212.24,4.22,False,215.66,-0.041,0.12,True,88.2,0.12,88.1,True,1.99,2.13,43.5,-2.7,C 基底修復,True,7:00,210.0,跌,67.0,10,False,6.0,-0.8539,-0.6319,-2.4398,False,True,-1.61,-0.81,222.08,-4.64,-2.33,435.6,OHLC,↓,LH/LL,DT,False,265,4,universe
SHC,2026-09-21,18.7,0.46,False,18.93,-0.015,0.19,True,88.2,0.18,88.0,True,2.47,1.65,79.0,-1.1,A 待突破,True,8:49,264.6,跌,120.0,16,False,6.0,-0.0376,-0.0324,-0.1622,False,True,-1.23,-0.5,19.21,-2.73,-1.1,38.6,OHLC,—,LH/LL,自然回檔,False,265,4,universe
LAUR,2026-09-21,36.28,0.92,False,36.98,-0.041,-0.34,True,87.7,0.61,87.1,True,2.52,1.71,39.4,3.1,C 基底修復,True,8:49,264.6,跌,124.0,14,False,6.0,-0.0366,-0.0773,-0.4101,True,True,-1.94,-0.77,36.76,-1.32,-0.52,35.3,OHLC,—,LH/LL,DT,True,265,4,universe
WAT,2026-09-21,423.92,11.13,True,412.63,0.822,0.65,True,87.4,0.52,86.9,True,2.63,1.67,81.6,-2.9,A 待突破,False,11:03,331.7,升,34.0,3,False,6.0,0.7574,0.6366,,False,True,2.66,1.01,404.24,4.64,1.77,263.9,OHLC,↑,HH/HL,UT,False,265,4,universe
OKE,2026-09-21,91.8,2.5,True,94.56,0.12,0.56,True,87.1,0.09,87.0,True,2.73,1.63,46.6,-17.2,C 基底修復,True,6:17,188.6,跌,55.0,5,False,6.0,-0.6016,-0.4929,-0.6016,False,False,-3.0,-1.1,99.3,-8.17,-3.0,347.1,OHLC,—,LH/LL,自然回檔,False,265,4,universe
DHI,2026-09-21,139.25,3.86,False,143.11,-0.453,-0.58,True,84.8,0.48,84.3,True,2.77,2.05,13.2,5.0,D 趨勢弱,True,8:49,264.6,跌,117.0,16,False,6.0,-0.0379,-0.1591,-1.23,True,True,-2.77,-1.0,142.98,-2.68,-0.97,346.3,OHLC,—,LH/LL,自然反彈,True,265,4,universe
HSTM,2026-09-21,29.08,0.81,True,28.99,0.015,0.12,False,84.7,-0.18,84.9,True,2.77,2.07,70.4,0.4,A 待突破,True,8:49,264.6,跌,114.0,10,False,6.0,-0.0477,-0.0316,-0.3152,False,True,0.31,0.11,28.67,1.41,0.51,5.8,OHLC,—,HH/HL,UT,True,265,4,universe
ZD,2026-09-21,57.47,1.71,True,56.32,0.139,0.73,True,84.4,0.33,84.1,True,2.97,1.92,71.4,-0.4,A 待突破,False,11:28,344.2,升,41.0,5,False,6.0,0.0828,0.1608,,False,True,2.0,0.67,55.29,3.79,1.28,40.1,OHLC,↑,HH/HL,自然回檔,False,265,4,universe
USPH,2026-09-21,82.45,2.59,True,79.9,0.127,0.49,True,84.1,0.54,83.6,True,3.14,1.81,60.0,-1.6,B 上升結構,False,10:32,316.2,升,26.0,5,False,6.0,0.3487,0.3868,,False,True,3.1,0.99,84.49,-2.47,-0.79,14.1,OHLC,—,LH/LL,UT,False,265,4,universe
CBRE,2026-09-21,143.21,4.22,False,145.24,-0.239,-0.49,True,83.3,0.31,83.0,True,2.95,2.15,16.1,6.4,D 趨勢弱,True,8:49,264.6,跌,217.0,19,False,6.0,-0.3794,-0.7668,-1.4979,True,True,-1.42,-0.48,143.63,-0.29,-0.1,249.9,OHLC,—,LH/LL,自然反彈,True,265,4,universe
HAE,2026-09-21,108.73,2.92,True,102.49,0.566,1.56,True,83.1,0.93,82.2,True,2.68,2.46,94.5,-0.3,A 待突破,True,8:18,248.8,跌,88.0,15,False,6.0,-0.258,-0.3453,-1.2149,True,False,5.74,2.14,,,,67.1,OHLC,—,LH/LL,UT,False,265,4,universe
URI,2026-09-21,1029.92,29.81,False,1055.26,-3.995,-0.83,True,83.0,0.95,82.1,True,2.89,2.27,47.0,5.0,C 基底修復,True,9:46,292.9,升,13.0,2,False,6.0,4.0652,1.7872,,False,True,-2.46,-0.85,1028.77,0.11,0.04,441.0,OHLC,↓,LH/LL,自然反彈,False,265,4,universe
FIZZ,2026-09-21,31.39,0.98,False,31.7,-0.018,-0.05,True,82.0,0.58,81.4,True,3.11,2.26,17.0,-0.6,D 趨勢弱,True,8:04,242.1,跌,85.0,10,False,6.0,-0.013,-0.0022,-0.1616,False,True,-0.99,-0.32,32.18,-2.52,-0.81,12.7,OHLC,↓,LH/LL,自然回檔,False,265,4,universe
KRT,2026-09-21,50.61,1.73,True,48.48,0.153,0.58,True,80.8,0.25,80.6,True,3.42,2.16,78.6,-2.3,A 待突破,True,8:49,264.6,跌,236.0,22,False,6.0,-0.0293,-0.0859,-0.6284,True,False,4.21,1.23,,,,7.2,OHLC,—,LH/LL,UT,False,265,4,universe
ABNB,2026-09-21,166.84,4.71,True,180.31,0.413,0.43,True,80.5,0.47,80.1,True,2.82,2.82,52.0,1.6,C 基底修復,True,8:49,264.6,跌,116.0,17,False,6.0,-2.3468,-2.6571,-3.4493,True,False,-8.07,-2.86,165.83,0.61,0.21,750.0,OHLC,—,HH/HL,DT,False,265,4,universe
SKY,2026-09-21,86.49,3.01,False,89.03,-0.266,-0.08,True,79.1,0.24,78.9,True,3.48,2.43,44.6,-2.8,C 基底修復,True,8:49,264.6,跌,147.0,22,False,6.0,-0.0906,-0.2959,-1.1946,True,True,-2.93,-0.84,87.76,-1.47,-0.42,48.7,OHLC,↓,LH/LL,自然反彈,False,265,4,universe
ENR,2026-09-21,21.63,0.8,False,21.47,-0.033,-0.11,True,78.9,0.52,78.4,True,3.72,2.22,57.9,9.1,C 基底修復,True,9:47,293.7,升,13.0,3,False,6.0,0.0846,0.0436,,False,True,0.72,0.19,20.69,4.35,1.17,20.9,OHLC,—,LH/LL,UT,False,265,4,universe
TNET,2026-09-21,66.66,2.31,False,68.27,-0.017,-0.03,True,76.8,0.5,76.3,True,3.47,2.88,72.8,-0.2,A 待突破,True,8:49,264.6,跌,291.0,32,False,6.0,-0.3544,-0.3081,-0.7786,False,True,-2.41,-0.7,69.68,-4.53,-1.31,22.0,OHLC,—,LH/LL,次級回檔,True,265,4,universe
DDS,2026-09-21,639.11,23.78,True,628.23,1.042,0.21,False,76.5,-0.15,76.7,True,3.72,2.68,42.8,2.1,C 基底修復,True,7:24,222.2,跌,73.0,9,False,6.0,-2.0352,-1.8994,-5.0393,False,True,1.7,0.46,623.66,2.42,0.65,115.8,OHLC,—,HH/HL,自然回檔,True,265,4,universe
RGEN,2026-09-21,180.71,6.5,True,173.19,0.536,0.65,True,76.3,0.78,75.5,True,3.6,2.83,88.9,1.0,A 待突破,True,9:31,285.7,升,9.0,1,False,6.0,0.0676,-0.3543,,False,False,4.16,1.16,176.27,2.46,0.68,173.4,OHLC,—,HH/HL,自然反彈,False,265,4,universe
ARE,2026-09-21,53.34,1.96,True,51.58,0.139,0.45,True,75.9,0.98,74.9,True,3.68,2.84,46.8,5.7,D 趨勢弱,False,10:17,308.6,升,21.0,4,False,6.0,0.2121,0.2694,,False,True,3.3,0.9,54.12,-1.46,-0.4,103.0,OHLC,—,LH/LL,自然回檔,False,265,4,universe
HRB,2026-09-21,44.5,1.56,True,49.77,0.111,-0.1,True,75.4,0.55,74.8,True,3.51,3.1,32.3,-0.4,D 趨勢弱,True,8:49,264.6,跌,182.0,17,False,6.0,-0.7055,-0.8027,-1.2778,True,False,-11.84,-3.37,45.84,-3.01,-0.86,77.7,OHLC,↓,LH/LL,DT,False,265,4,universe
AVAH,2026-09-21,13.44,0.54,True,12.91,0.047,0.91,True,69.6,0.2,69.3,False,4.0,3.72,68.3,-6.7,A 待突破,True,8:00,240.0,跌,83.0,13,False,6.0,-0.1739,-0.133,-0.1739,False,True,3.94,0.99,13.2,1.79,0.45,44.7,OHLC,—,HH/HL,自然回檔,True,265,4,universe
OVID,2026-09-21,2.71,0.12,True,2.76,0.001,0.21,True,69.2,0.53,68.7,False,4.57,3.22,64.5,4.8,A 待突破,True,8:49,264.6,跌,119.0,15,False,6.0,-0.0149,-0.0178,-0.0294,True,True,-1.8,-0.39,2.8,-3.14,-0.69,4.3,OHLC,—,LH/LL,自然回檔,True,265,4,universe
HURN,2026-09-21,159.18,5.62,True,155.92,0.305,0.23,True,64.4,0.77,63.6,False,3.53,5.21,65.0,-1.8,B 上升結構,True,8:49,264.6,跌,242.0,26,False,6.0,-0.4861,-0.7574,-2.6096,True,True,2.05,0.58,,,,36.7,OHLC,—,LH/LL,UT,False,265,4,universe
SPT,2026-09-21,10.33,0.55,True,10.6,0.035,0.58,True,57.9,0.88,57.0,False,5.3,4.8,52.4,-1.2,C 基底修復,True,7:37,228.5,跌,77.0,10,False,6.0,-0.1634,-0.1401,-0.1634,False,True,-2.61,-0.49,10.13,1.94,0.37,13.7,OHLC,↑,HH/HL,自然回檔,False,265,4,universe
ASAN,2026-09-21,9.54,0.59,True,9.44,0.013,0.33,True,54.6,1.26,53.3,False,6.21,4.63,53.3,0.4,D 趨勢弱,True,8:49,264.6,跌,99.0,13,False,6.0,-0.0111,-0.0092,-0.232,False,True,1.04,0.17,9.8,-2.67,-0.43,76.9,OHLC,↓,LH/LL,自然回檔,False,265,4,universe
BY,2026-09-21,37.47,0.64,False,38.33,-0.033,-0.46,True,94.0,0.19,93.8,True,1.72,1.08,51.8,-1.1,C 基底修復,True,8:49,264.6,跌,203.0,32,False,7.0,-0.1092,-0.1017,-0.2196,False,True,-2.28,-1.33,,,,10.8,OHLC,—,HH/HL,DT,False,265,4,universe
CTBI,2026-09-21,75.56,1.37,False,76.95,-0.058,-0.36,True,93.4,0.12,93.3,True,1.81,1.13,70.1,-1.3,C 基底修復,True,6:29,194.7,跌,58.0,4,False,7.0,-0.2074,-0.1636,-0.5158,False,True,-1.84,-1.02,77.47,-2.53,-1.4,7.2,OHLC,—,HH/HL,DT,False,265,4,universe
EXR,2026-09-21,137.46,2.65,False,141.11,-0.38,-0.93,True,92.3,0.27,92.1,True,1.93,1.28,23.4,2.2,D 趨勢弱,True,9:27,283.6,升,8.0,1,False,7.0,0.0119,-0.0689,,False,True,-2.66,-1.38,139.4,-1.41,-0.73,183.4,OHLC,—,LH/LL,自然回檔,True,265,4,universe
PFBC,2026-09-21,106.36,2.14,True,104.71,0.034,0.06,True,92.3,0.31,92.0,True,2.02,1.19,61.1,0.4,C 基底修復,False,11:43,351.5,升,45.0,6,False,7.0,0.369,0.342,,False,True,1.55,0.77,101.91,4.18,2.08,13.7,OHLC,↑,HH/HL,UT,False,265,4,universe
HBCP,2026-09-21,68.13,1.41,False,69.82,-0.131,-0.52,True,91.9,0.21,91.7,True,2.07,1.24,59.3,-1.7,C 基底修復,True,6:09,184.4,跌,52.0,4,False,7.0,-0.1006,-0.0708,-0.4346,False,True,-2.49,-1.2,70.36,-3.27,-1.58,4.7,OHLC,↓,LH/LL,DT,False,265,4,universe
HBT,2026-09-21,35.69,0.71,False,36.13,-0.008,-0.02,True,91.7,0.0,91.7,True,1.99,1.36,72.6,-0.3,A 待突破,True,8:49,264.6,跌,244.0,25,False,7.0,-0.1219,-0.0931,-0.2769,False,True,-1.24,-0.62,36.89,-3.36,-1.69,4.2,OHLC,—,LH/LL,自然回檔,False,265,4,universe
SMA,2026-09-21,32.66,0.7,False,33.13,-0.041,-0.46,True,90.7,0.2,90.5,True,2.13,1.46,32.4,1.5,C 基底修復,True,9:57,298.5,升,16.0,2,False,7.0,0.0405,0.0122,,False,True,-1.43,-0.67,33.27,-1.87,-0.88,26.0,OHLC,—,LH/LL,自然反彈,True,265,4,universe
ABBV,2026-09-21,264.48,5.47,True,257.87,0.641,0.64,True,90.5,0.29,90.2,True,2.07,1.55,81.4,10.0,A 待突破,False,11:00,330.0,升,33.0,4,False,7.0,0.5066,0.4528,,False,True,2.5,1.21,261.72,1.04,0.5,1122.3,OHLC,—,LH/LL,UT,False,265,4,universe
WST,2026-09-21,361.78,8.06,True,351.1,0.337,0.47,True,89.7,0.35,89.4,True,2.23,1.57,76.1,0.4,A 待突破,False,11:49,354.7,升,47.0,6,False,7.0,2.3997,2.6722,,False,True,2.95,1.32,370.67,-2.46,-1.1,200.8,OHLC,—,LH/LL,UT,False,265,4,universe
JOE,2026-09-21,64.56,1.56,False,66.03,-0.096,-0.41,True,88.8,0.45,88.4,True,2.42,1.58,24.7,3.4,C 基底修復,True,8:49,264.6,跌,156.0,17,False,7.0,-0.2482,-0.3322,-0.6583,True,True,-2.28,-0.94,65.86,-2.01,-0.83,17.9,OHLC,—,LH/LL,自然回檔,False,265,4,universe
TMP,2026-09-21,98.48,2.37,True,98.47,0.01,-0.08,False,88.7,-0.17,88.8,True,2.41,1.62,72.3,-0.3,A 待突破,True,9:56,298.0,升,16.0,2,False,7.0,0.0094,0.0227,,False,True,0.01,0.0,100.21,-1.76,-0.73,12.3,OHLC,—,LH/LL,UT,True,265,4,universe
XHR,2026-09-21,17.86,0.42,False,18.39,-0.068,-1.42,True,88.5,0.3,88.2,True,2.33,1.74,38.3,2.1,C 基底修復,True,9:34,287.1,升,10.0,1,False,7.0,0.0232,-0.0092,,False,True,-2.94,-1.26,19.68,-10.19,-4.37,15.2,OHLC,—,LH/LL,自然反彈,True,265,4,universe
BABA,2026-09-21,115.75,3.16,False,118.79,-0.266,-0.72,True,81.7,0.75,81.0,True,2.73,2.68,13.7,0.8,D 趨勢弱,True,9:28,284.0,升,8.0,1,False,7.0,0.3248,-0.1617,,False,True,-2.63,-0.96,118.9,-2.72,-1.0,1157.1,OHLC,↓,LH/LL,自然反彈,False,265,4,universe
BAH,2026-09-21,77.38,2.36,True,76.35,0.058,0.36,True,81.4,1.17,80.2,True,3.06,2.42,33.7,0.9,C 基底修復,False,10:48,324.0,升,30.0,6,False,7.0,0.176,0.2596,,False,True,1.33,0.44,81.19,-4.92,-1.61,122.8,OHLC,—,LH/LL,自然回檔,False,265,4,universe
LFST,2026-09-21,12.67,0.47,True,12.52,0.044,0.84,True,77.1,0.7,76.4,True,3.7,2.59,76.7,2.3,A 待突破,False,5:12,156.1,跌,37.0,5,False,7.0,-0.0874,-0.0806,-0.1874,False,True,1.21,0.33,12.62,0.39,0.11,69.0,OHLC,↑,HH/HL,自然回檔,False,265,4,universe
BWIN,2026-09-21,31.89,1.04,True,31.68,0.046,0.72,True,76.8,1.38,75.4,True,3.25,3.1,67.1,0.5,B 上升結構,False,10:37,318.5,升,27.0,4,False,7.0,0.0656,0.0732,,False,True,0.65,0.2,32.7,-2.56,-0.79,134.9,OHLC,—,LH/LL,UT,False,265,4,universe
MDB,2026-09-21,407.3,21.78,True,405.59,0.217,0.13,True,60.1,0.73,59.4,False,5.35,4.26,71.5,25.2,B 上升結構,True,8:49,264.6,跌,132.0,20,False,7.0,-0.3031,-2.5146,-11.9742,True,True,0.42,0.08,373.87,8.21,1.53,812.2,OHLC,—,LH/LL,UT,True,265,4,universe
ET,2026-09-21,20.9,0.33,True,21.22,0.036,0.56,False,94.7,-0.13,94.8,True,1.57,1.04,70.2,-7.3,C 基底修復,True,8:49,264.6,跌,110.0,12,False,8.0,-0.1104,-0.0959,-0.1104,False,True,-1.54,-0.98,20.13,3.68,2.34,157.1,OHLC,↑,HH/HL,自然回檔,False,265,4,universe
APLE,2026-09-21,15.68,0.31,False,15.85,-0.024,-0.73,True,92.0,0.35,91.7,True,2.0,1.28,49.6,0.7,C 基底修復,True,9:29,284.5,升,8.0,1,False,8.0,0.0107,-0.007,,False,True,-1.07,-0.53,15.84,-1.05,-0.53,37.6,OHLC,—,LH/LL,UT,True,265,4,universe
RLJ,2026-09-21,10.94,0.28,False,11.06,-0.032,-0.86,True,87.7,0.54,87.2,True,2.54,1.69,51.1,1.7,C 基底修復,True,9:29,284.3,升,8.0,1,False,8.0,0.0093,-0.0007,,False,True,-1.13,-0.45,11.08,-1.28,-0.5,18.7,OHLC,—,LH/LL,UT,True,265,4,universe
ANGO,2026-09-21,15.42,0.48,False,15.59,-0.004,0.12,True,82.7,0.76,82.0,True,3.08,2.13,73.5,1.6,A 待突破,True,8:49,264.6,跌,409.0,22,False,8.0,-0.0632,-0.0696,-0.1622,True,True,-1.07,-0.35,15.89,-3.05,-0.99,6.0,OHLC,—,LH/LL,UT,True,265,4,universe
HCA,2026-09-21,425.97,12.63,True,418.72,0.529,0.35,True,82.7,0.12,82.6,True,2.96,2.26,22.7,-0.1,D 趨勢弱,False,12:57,28.6,升,66.0,7,False,8.0,0.6777,0.9555,,False,True,1.7,0.57,433.8,-1.84,-0.62,648.8,OHLC,—,LH/LL,UT,False,265,4,universe
DBX,2026-09-21,36.01,1.17,True,35.22,0.058,0.49,True,80.5,0.5,80.0,True,3.24,2.4,66.8,5.6,A 待突破,False,11:58,358.9,升,49.0,6,False,8.0,0.0097,0.1045,,False,True,2.2,0.68,34.26,4.86,1.5,144.8,OHLC,↑,HH/HL,自然回檔,False,265,4,universe
BSM,2026-09-21,14.86,0.25,True,14.76,0.09,0.5,True,93.3,0.3,93.0,True,1.7,1.28,58.6,1.2,C 基底修復,False,5:30,164.8,跌,42.0,4,False,9.0,-0.0218,-0.0214,-0.0874,False,True,0.68,0.4,14.67,1.28,0.75,5.7,OHLC,—,HH/HL,自然回檔,True,265,4,universe
PBT,2026-09-21,33.26,1.22,True,34.3,0.062,0.81,False,76.8,-2.83,79.6,True,3.66,2.68,71.1,-7.5,A 待突破,True,8:49,264.6,跌,158.0,18,False,9.0,-0.2655,-0.1291,-0.2655,False,True,-3.13,-0.85,37.0,-11.24,-3.07,3.5,OHLC,↓,LH/LL,DT,False,265,4,universe
WAB,2026-09-21,283.38,6.04,False,289.07,-0.437,-0.48,True,88.8,0.51,88.3,True,2.13,1.87,61.4,1.8,C 基底修復,True,8:49,264.6,跌,308.0,30,False,10.0,-0.3699,-0.8486,-2.8834,True,True,-2.01,-0.94,286.12,-0.97,-0.45,213.0,OHLC,—,LH/LL,自然反彈,True,265,4,universe
UNFI,2026-09-21,46.23,1.69,True,45.94,0.0,-0.22,True,79.6,0.21,79.4,True,3.66,2.15,47.7,-2.0,C 基底修復,False,12:13,6.4,升,54.0,5,False,10.0,0.3273,0.3253,,False,True,0.63,0.17,47.73,-3.24,-0.89,31.7,OHLC,—,LH/LL,自然反彈,True,265,4,universe
LIFE,2026-09-21,36.49,2.62,True,36.85,0.186,1.27,True,50.8,1.07,49.7,False,7.18,4.56,53.2,1.4,B 上升結構,True,8:18,248.8,跌,88.0,15,False,10.0,-0.8768,-0.829,-0.8768,False,True,-0.98,-0.14,38.85,-6.47,-0.9,58.9,OHLC,—,HH/HL,DT,False,162,4,universe
EGP,2026-09-21,202.57,3.26,True,200.68,0.082,-0.3,True,94.2,0.03,94.2,True,1.61,1.13,42.9,-0.3,C 基底修復,False,1:00,30.0,升,67.0,7,False,11.0,0.7572,0.6299,,False,True,0.93,0.58,195.71,3.39,2.1,91.6,OHLC,—,HH/HL,自然反彈,False,265,4,universe
FAST,2026-09-21,49.65,1.04,False,50.21,-0.083,-0.11,True,91.1,0.04,91.0,True,2.09,1.41,63.1,4.2,C 基底修復,True,8:49,264.6,跌,157.0,22,False,11.0,-0.0571,-0.1096,-0.5111,True,True,-1.12,-0.54,49.91,-0.52,-0.25,304.3,OHLC,—,LH/LL,UT,True,265,4,universe
ARMK,2026-09-21,56.48,1.28,True,58.56,0.031,0.09,True,89.7,0.39,89.3,True,2.27,1.54,53.5,0.9,C 基底修復,True,8:49,264.6,跌,200.0,20,False,11.0,-0.1551,-0.1303,-0.5171,False,False,-3.68,-1.62,56.31,0.3,0.13,128.3,OHLC,↑,HH/HL,次級回檔,False,265,4,universe
GRMN,2026-09-21,280.31,6.69,False,287.32,-0.974,-0.91,True,84.4,0.12,84.3,True,2.39,2.5,65.3,15.1,B 上升結構,True,8:49,264.6,跌,190.0,24,False,11.0,-0.5795,-1.0717,-4.6801,True,True,-2.5,-1.05,272.18,2.9,1.21,249.0,OHLC,—,HH/HL,次級反彈,True,265,4,universe
NHC,2026-09-21,223.31,6.49,True,224.05,0.215,0.2,True,84.3,0.62,83.6,True,2.91,2.02,67.8,9.2,A 待突破,False,4:53,146.5,跌,31.0,2,False,11.0,-0.1863,-0.1172,-1.9736,False,True,-0.33,-0.11,219.88,1.54,0.53,24.2,OHLC,—,HH/HL,自然回檔,True,265,4,universe
LQDT,2026-09-21,42.83,1.27,True,42.09,0.021,0.43,True,82.4,0.33,82.1,True,2.95,2.32,78.9,1.0,A 待突破,False,11:43,351.5,升,45.0,6,False,11.0,0.0732,0.1007,,False,True,1.72,0.58,40.91,4.48,1.52,9.7,OHLC,—,HH/HL,UT,True,265,4,universe
OBK,2026-09-21,53.64,0.98,True,53.66,0.003,-0.14,True,93.5,0.2,93.3,True,1.83,1.09,72.9,-9.8,A 待突破,False,4:26,133.2,跌,24.0,3,False,12.0,-0.0579,-0.0398,-0.3287,False,True,-0.03,-0.02,53.22,0.78,0.43,8.7,OHLC,—,HH/HL,次級反彈,True,265,4,universe
CFR,2026-09-21,158.74,3.05,False,163.28,-0.14,-0.49,True,93.3,0.19,93.2,True,1.92,1.03,48.7,-1.8,C 基底修復,True,8:49,264.6,跌,412.0,33,False,12.0,-0.4327,-0.3754,-1.206,False,True,-2.86,-1.49,157.55,0.75,0.39,82.6,OHLC,—,HH/HL,DT,False,265,4,universe
DCOM,2026-09-21,40.89,0.75,True,40.59,0.01,-0.21,True,93.3,0.23,93.1,True,1.83,1.14,70.7,0.9,A 待突破,False,2:30,75.0,升,92.0,11,False,12.0,0.0111,0.001,,False,True,0.74,0.41,40.14,1.83,1.0,11.3,OHLC,—,HH/HL,次級回檔,True,265,4,universe
GGG,2026-09-21,76.59,1.41,False,78.6,-0.139,-0.45,True,92.4,0.23,92.2,True,1.84,1.35,22.2,1.7,D 趨勢弱,True,8:49,264.6,跌,286.0,25,False,12.0,-0.0875,-0.1441,-0.7226,True,True,-2.62,-1.43,77.88,-1.68,-0.92,200.9,OHLC,—,LH/LL,DT,True,265,4,universe
RRBI,2026-09-21,101.62,2.08,True,101.94,0.046,0.08,True,91.9,0.12,91.8,True,2.05,1.25,71.4,-9.2,A 待突破,False,5:40,170.0,跌,44.0,5,False,12.0,-0.201,-0.1565,-0.3989,False,True,-0.32,-0.16,100.95,0.65,0.32,6.3,OHLC,—,HH/HL,UT,True,265,4,universe
FBIZ,2026-09-21,71.1,1.45,True,70.88,0.003,-0.06,True,91.6,0.39,91.2,True,2.04,1.34,81.2,0.1,A 待突破,False,4:50,144.8,跌,30.0,4,False,12.0,-0.2398,-0.204,-0.5933,False,True,0.31,0.15,70.98,0.17,0.08,4.3,OHLC,—,HH/HL,自然回檔,True,265,4,universe
GATX,2026-09-21,180.4,4.08,True,177.7,0.078,-0.06,True,91.2,0.2,91.0,True,2.26,1.2,44.2,20.0,C 基底修復,False,1:55,57.7,升,82.0,8,False,12.0,0.3976,0.2868,,False,True,1.5,0.66,176.34,2.25,1.0,36.7,OHLC,—,HH/HL,自然反彈,True,265,4,universe
NBBK,2026-09-21,22.74,0.49,True,22.58,0.007,-0.14,True,90.8,0.17,90.6,True,2.15,1.42,74.3,0.2,A 待突破,False,5:09,154.6,跌,36.0,4,False,12.0,-0.0254,-0.0218,-0.1793,False,True,0.69,0.32,22.57,0.74,0.34,6.2,OHLC,—,HH/HL,自然回檔,True,265,4,universe
BHB,2026-09-21,40.28,0.94,True,39.94,0.018,0.01,True,90.5,0.14,90.4,True,2.34,1.29,69.8,-0.5,A 待突破,False,3:50,115.0,跌,14.0,2,False,12.0,-0.0146,-0.0019,-0.2081,False,True,0.84,0.36,39.5,1.94,0.83,3.3,OHLC,—,HH/HL,自然回檔,True,265,4,universe
MSGS,2026-09-21,400.09,9.48,True,398.21,0.239,0.04,True,89.5,0.62,88.9,True,2.37,1.47,77.2,1.8,A 待突破,False,12:26,12.9,升,57.0,5,False,12.0,0.8573,0.5908,,False,True,0.47,0.2,401.88,-0.45,-0.19,111.0,OHLC,—,LH/LL,自然反彈,True,265,4,universe
ABM,2026-09-21,49.43,1.31,True,48.44,0.032,0.2,True,87.8,0.32,87.5,True,2.65,1.55,65.9,-0.3,A 待突破,False,1:00,30.0,升,67.0,10,False,12.0,0.1127,0.1686,,False,True,2.0,0.75,50.6,-2.37,-0.89,27.3,OHLC,↓,LH/LL,次級回檔,False,265,4,universe
CHMG,2026-09-21,82.38,2.09,True,83.11,0.031,0.11,True,87.6,0.22,87.4,True,2.54,1.72,77.9,0.3,A 待突破,False,4:53,146.5,跌,31.0,4,False,12.0,-0.3161,-0.2373,-0.5653,False,True,-0.89,-0.35,79.89,3.02,1.19,5.6,OHLC,—,HH/HL,自然回檔,True,265,4,universe
TKO,2026-09-21,191.12,5.58,True,191.51,0.065,0.15,True,83.9,0.23,83.7,True,2.92,2.07,29.0,4.7,D 趨勢弱,False,12:43,21.7,升,62.0,9,False,12.0,0.1039,0.0655,,False,True,-0.2,-0.07,193.72,-1.36,-0.47,223.9,OHLC,↓,LH/LL,DT,False,265,4,universe
HIFS,2026-09-21,308.55,9.83,True,303.43,0.197,0.11,True,83.1,0.58,82.5,True,3.19,1.96,60.6,-1.9,C 基底修復,False,2:13,66.5,升,87.0,10,False,12.0,0.1859,0.0652,,False,True,1.66,0.52,301.87,2.16,0.68,12.2,OHLC,—,HH/HL,自然反彈,True,265,4,universe
MSGE,2026-09-21,81.2,2.59,True,80.16,0.11,0.05,True,81.7,0.4,81.3,True,3.19,2.23,70.0,5.4,A 待突破,False,12:26,12.9,升,57.0,5,False,12.0,0.2148,0.057,,False,True,1.28,0.4,81.82,-0.76,-0.24,35.7,OHLC,—,LH/LL,UT,False,265,4,universe
REX,2026-09-21,43.13,1.44,True,42.73,0.025,-0.11,True,82.9,0.08,82.9,True,3.35,1.83,44.0,-0.8,C 基底修復,False,1:29,44.6,升,75.0,10,False,13.0,0.2192,0.1996,,False,True,0.92,0.27,42.74,0.9,0.27,9.4,OHLC,—,LH/LL,UT,True,265,4,universe
PNTG,2026-09-21,38.96,1.47,True,39.4,0.004,0.43,True,79.7,0.11,79.6,True,3.76,2.03,55.8,-10.0,C 基底修復,False,1:45,52.6,升,79.0,10,False,13.0,0.109,0.2232,,False,True,-1.13,-0.3,39.81,-2.18,-0.58,14.2,OHLC,—,HH/HL,DT,False,265,4,universe
AES,2026-09-21,14.83,0.05,True,14.77,0.003,0.48,True,99.7,0.01,99.7,True,0.31,0.24,48.6,0.1,C 基底修復,False,2:49,84.6,升,110.0,14,False,14.0,0.0038,0.0045,,False,True,0.38,1.21,14.78,0.34,1.07,113.7,OHLC,—,HH/HL,UT,True,265,4,universe
SD,2026-09-21,13.98,0.38,True,14.31,0.013,0.47,True,86.6,0.14,86.5,True,2.68,1.77,15.9,-13.0,C 基底修復,False,4:38,139.1,跌,27.0,3,False,14.0,-0.0631,-0.0361,-0.0631,False,True,-2.33,-0.87,15.1,-8.01,-2.98,4.8,OHLC,—,LH/LL,自然回檔,False,265,4,universe
FTI,2026-09-21,71.31,2.38,True,75.92,0.095,0.16,True,81.3,0.74,80.6,True,3.34,2.15,45.3,-2.3,C 基底修復,True,7:01,210.6,跌,67.0,9,False,14.0,-0.8858,-0.8579,-0.8858,False,False,-6.46,-1.93,74.57,-4.57,-1.37,212.9,OHLC,↓,LH/LL,DT,False,265,4,universe
VST,2026-09-21,140.78,4.94,True,143.02,0.144,-0.12,True,78.0,0.61,77.4,True,3.51,2.61,13.7,0.1,D 趨勢弱,False,4:10,125.1,跌,20.0,2,False,14.0,-0.1164,-0.0088,-1.9035,False,True,-1.59,-0.45,140.39,0.28,0.08,618.2,OHLC,↑,HH/HL,次級回檔,False,265,4,universe
ARW,2026-09-21,219.1,7.79,True,211.65,0.781,-0.05,True,76.8,0.23,76.6,True,3.55,2.78,67.8,0.0,C 基底修復,False,2:26,73.0,升,91.0,12,False,14.0,0.6954,0.6315,,False,True,3.4,0.96,211.7,3.38,0.95,120.2,OHLC,↑,HH/HL,自然反彈,False,265,4,universe
SLAB,2026-09-21,220.87,1.13,True,219.26,0.085,0.22,True,99.5,0.02,99.5,True,0.51,0.23,70.8,-11.1,A 待突破,False,10:14,307.1,升,21.0,2,False,,0.0495,0.0053,,False,True,0.73,1.42,218.19,1.21,2.37,66.8,OHLC,↑,HH/HL,UT,False,265,4,universe
TXNM,2026-09-21,58.57,0.36,True,57.92,0.036,0.66,True,99.2,0.0,99.1,True,0.61,0.36,52.6,-0.2,C 基底修復,False,2:49,84.6,升,151.0,17,False,,0.0768,0.075,,False,True,1.1,1.81,58.07,0.85,1.4,94.0,OHLC,—,HH/HL,自然反彈,False,265,4,universe
HAFC,2026-09-21,32.22,0.55,True,31.73,0.013,0.0,True,93.6,0.14,93.4,True,1.72,1.18,67.6,0.0,A 待突破,False,2:49,84.6,升,102.0,12,False,,0.0938,0.1047,,False,True,1.52,0.88,31.4,2.55,1.48,6.8,OHLC,—,HH/HL,自然反彈,False,265,4,universe
PAGP,2026-09-21,27.33,0.5,True,27.27,0.096,0.76,False,93.1,-0.17,93.3,True,1.82,1.2,68.4,3.0,A 待突破,True,7:38,228.8,跌,77.0,8,False,,-0.1486,-0.1218,-0.2091,False,True,0.2,0.11,28.5,-4.28,-2.36,46.4,OHLC,—,LH/LL,自然回檔,False,265,4,universe
DSGR,2026-09-21,34.87,0.13,False,34.79,-0.0,0.07,True,91.8,0.08,91.7,True,0.38,2.95,82.5,0.7,A 待突破,True,8:49,264.6,跌,361.0,33,False,,-0.0753,-0.0836,-0.2637,True,True,0.22,0.57,34.87,0.0,0.0,7.4,OHLC,—,LH/LL,UT,True,265,4,universe
CWBC,2026-09-21,25.94,0.53,True,25.96,0.018,0.13,True,91.3,0.28,91.0,True,2.04,1.41,60.4,0.1,C 基底修復,False,4:05,122.4,跌,18.0,4,False,,-0.0308,-0.0224,-0.3141,False,True,-0.08,-0.04,25.67,1.04,0.51,4.6,OHLC,—,HH/HL,DT,False,265,4,universe
NRP,2026-09-21,107.74,2.3,True,107.97,0.131,0.71,False,90.4,-0.77,91.2,True,2.14,1.5,39.0,0.2,D 趨勢弱,True,7:13,216.6,跌,70.0,8,False,,-0.7785,-0.6718,-0.7785,False,True,-0.22,-0.1,115.29,-7.01,-3.28,3.1,OHLC,—,LH/LL,自然回檔,False,265,4,universe
GNW,2026-09-21,10.03,0.25,True,10.13,0.012,0.14,True,89.2,0.09,89.1,True,2.53,1.38,56.7,-0.8,C 基底修復,False,5:14,157.0,跌,37.0,4,False,,-0.0445,-0.0347,-0.0651,False,True,-0.98,-0.39,10.01,0.2,0.08,43.6,OHLC,↑,HH/HL,自然反彈,False,265,4,universe
SBRA,2026-09-21,19.87,0.43,False,20.45,-0.031,-0.36,True,88.7,0.18,88.6,True,2.18,1.83,25.9,1.3,D 趨勢弱,True,6:04,181.9,跌,51.0,7,False,,-0.107,-0.1042,-0.2226,False,True,-2.93,-1.35,19.85,0.1,0.05,43.9,OHLC,↑,HH/HL,自然回檔,False,265,4,universe
MO,2026-09-21,68.53,1.46,True,67.69,0.023,0.17,True,88.4,0.07,88.4,True,2.13,1.94,39.5,-7.9,C 基底修復,False,2:49,84.6,升,186.0,21,False,,0.084,0.1915,,False,True,1.23,0.58,67.89,0.93,0.44,567.6,OHLC,↑,HH/HL,自然回檔,False,265,4,universe
KR,2026-09-21,59.69,1.49,True,58.23,0.12,0.53,True,87.7,0.18,87.6,True,2.5,1.72,21.4,0.4,D 趨勢弱,False,12:44,22.0,升,62.0,7,False,,0.2381,0.3386,,False,True,2.44,0.97,62.55,-4.79,-1.91,424.4,OHLC,—,LH/LL,自然回檔,False,265,4,universe
LOPE,2026-09-21,150.55,3.79,True,149.38,0.01,0.15,True,85.8,0.31,85.5,True,2.52,2.1,22.1,0.0,D 趨勢弱,False,3:24,102.1,跌,7.0,1,False,,-0.1175,0.0469,-0.7555,False,True,0.77,0.31,148.13,1.61,0.64,52.0,OHLC,—,HH/HL,自然回檔,True,265,4,universe
PRSU,2026-09-21,48.38,1.44,True,48.36,0.078,-0.03,True,85.8,0.15,85.6,True,2.97,1.66,52.8,0.1,C 基底修復,False,2:49,84.6,升,171.0,21,False,,0.1132,0.1645,,False,True,0.05,0.02,47.07,2.71,0.91,11.8,OHLC,—,HH/HL,DT,True,265,4,universe
ELV,2026-09-21,409.31,10.2,True,405.77,0.501,0.57,True,85.1,0.42,84.7,True,2.49,2.26,70.3,-0.9,A 待突破,False,3:33,106.7,跌,9.0,1,False,,-0.1368,0.3598,-3.7329,False,True,0.86,0.35,396.9,3.03,1.22,463.3,OHLC,↑,HH/HL,自然回檔,False,265,4,universe
CFFI,2026-09-21,93.0,2.65,True,91.98,0.06,0.58,True,83.3,0.41,82.9,True,2.85,2.25,62.0,0.9,B 上升結構,False,4:44,142.0,跌,29.0,3,False,,-0.3679,-0.2357,-0.3832,False,True,1.1,0.38,92.21,0.85,0.3,7.8,OHLC,—,HH/HL,自然回檔,True,265,4,universe
PLMR,2026-09-21,134.09,4.02,True,132.65,0.057,0.11,True,81.0,0.32,80.6,True,3.0,2.56,55.7,1.4,A 待突破,False,2:49,84.6,升,160.0,16,False,,0.1654,0.4588,,False,True,1.08,0.36,132.92,0.87,0.29,26.4,OHLC,↑,HH/HL,自然回檔,False,265,4,universe
WMG,2026-09-21,27.69,0.89,True,27.43,0.042,0.55,True,80.9,0.04,80.8,True,3.21,2.36,28.9,-0.0,D 趨勢弱,False,4:34,137.0,跌,26.0,3,False,,-0.0966,-0.0531,-0.1978,False,True,0.95,0.29,29.24,-5.62,-1.75,51.4,OHLC,—,LH/LL,自然回檔,False,265,4,universe
CNR,2026-09-21,90.75,3.14,True,95.9,0.157,0.53,True,79.9,0.47,79.4,True,3.46,2.3,21.6,-11.1,C 基底修復,True,7:43,231.4,跌,79.0,11,False,,-1.4588,-1.3964,-1.4588,False,False,-5.68,-1.64,,,,45.3,OHLC,—,HH/HL,DT,False,265,4,universe
FCFS,2026-09-21,216.12,7.38,True,221.02,0.381,0.21,True,79.3,0.18,79.1,True,3.42,2.47,56.9,-3.4,A 待突破,False,5:53,176.7,跌,48.0,5,False,,-1.1607,-0.9624,-2.114,False,True,-2.27,-0.66,214.47,0.76,0.22,100.6,OHLC,↑,HH/HL,自然回檔,False,265,4,universe
ANDE,2026-09-21,68.48,2.29,True,68.22,0.11,-0.04,True,79.1,0.23,78.9,True,3.34,2.56,46.8,-0.0,C 基底修復,False,2:49,84.6,升,142.0,14,False,,0.1002,0.3258,,False,True,0.38,0.12,63.37,7.46,2.24,27.9,OHLC,—,HH/HL,DT,True,265,4,universe
MQ,2026-09-21,15.59,0.5,False,16.06,-0.022,-0.82,True,78.6,0.73,77.8,True,3.21,2.8,23.7,-0.9,D 趨勢弱,True,6:29,194.7,跌,58.0,4,False,,-0.0744,-0.0636,-0.2853,False,True,-3.03,-0.95,16.58,-6.35,-1.98,10.4,OHLC,—,LH/LL,DT,True,265,4,universe
MOH,2026-09-21,197.8,7.08,True,202.17,0.083,0.23,True,78.0,0.81,77.2,True,3.58,2.54,57.8,-1.2,C 基底修復,False,11:44,351.8,升,45.0,8,False,,0.0748,0.5202,,False,True,-2.21,-0.62,198.84,-0.53,-0.15,118.6,OHLC,—,LH/LL,自然回檔,False,265,4,universe
DVA,2026-09-21,182.34,5.77,True,181.37,0.042,-1.42,True,77.8,0.48,77.3,True,3.17,2.99,39.8,-1.2,C 基底修復,False,2:49,84.6,升,143.0,18,False,,1.5766,2.0147,,False,True,0.53,0.17,180.06,1.25,0.4,134.8,OHLC,↑,HH/HL,自然回檔,False,265,4,universe
AGCO,2026-09-21,119.9,4.47,True,116.06,0.387,0.57,True,76.5,0.55,76.0,True,3.73,2.67,29.0,0.3,E 延伸,False,5:16,157.8,跌,38.0,4,False,,-0.6827,-0.5167,-1.6065,False,True,3.2,0.86,118.0,1.58,0.43,157.5,OHLC,—,HH/HL,DT,False,265,4,universe
AVT,2026-09-21,95.48,3.67,True,92.96,0.006,-0.01,True,75.6,0.11,75.5,True,3.84,2.72,65.4,-2.0,B 上升結構,False,1:17,38.6,升,71.0,10,False,,0.3427,0.3175,,False,True,2.64,0.69,92.34,3.29,0.86,118.3,OHLC,↑,HH/HL,自然反彈,False,265,4,universe
WEAV,2026-09-21,7.32,0.12,True,7.15,0.055,0.68,True,72.9,0.4,72.5,False,1.59,5.49,76.0,0.1,A 待突破,True,6:52,205.9,跌,64.0,7,False,,-0.0348,-0.0333,-0.2323,False,True,2.33,1.47,7.33,-0.14,-0.09,20.7,OHLC,—,LH/LL,UT,True,265,4,universe
SNEX,2026-09-21,67.48,2.39,True,67.78,0.062,-0.4,True,72.3,0.76,71.6,False,3.55,3.64,57.9,-0.9,C 基底修復,True,9:20,280.2,升,6.0,1,False,,0.0099,-0.0114,,False,True,-0.44,-0.12,66.15,1.97,0.56,51.5,OHLC,—,HH/HL,次級反彈,True,265,4,universe
AGIO,2026-09-21,33.95,1.34,True,33.65,0.079,0.27,True,71.6,0.79,70.8,False,3.96,3.38,48.4,5.6,C 基底修復,True,9:22,281.0,升,6.0,1,False,,0.0411,-0.0102,,False,True,0.89,0.22,33.47,1.41,0.36,29.3,OHLC,—,HH/HL,次級反彈,True,265,4,universe
TARS,2026-09-21,77.46,3.14,True,76.59,0.494,0.87,True,70.1,0.55,69.5,False,4.06,3.56,61.2,2.4,B 上升結構,True,6:06,182.9,跌,52.0,6,False,,-0.945,-0.8471,-0.945,False,True,1.13,0.28,77.08,0.49,0.12,60.1,OHLC,↑,HH/HL,自然回檔,False,265,4,universe
PEGA,2026-09-21,34.97,1.46,True,35.35,0.053,0.48,True,68.8,0.62,68.1,False,4.18,3.69,36.0,-0.4,D 趨勢弱,True,6:42,200.8,跌,62.0,4,False,,-0.3261,-0.2404,-0.4591,False,True,-1.07,-0.26,35.03,-0.17,-0.04,85.0,OHLC,↑,HH/HL,自然回檔,False,265,4,universe
ZVRA,2026-09-21,11.67,0.46,True,11.87,0.007,0.51,True,65.3,0.46,64.8,False,3.96,4.59,65.6,12.1,C 基底修復,True,6:56,208.0,跌,66.0,5,False,,-0.0699,-0.0663,-0.4804,False,True,-1.7,-0.43,12.04,-3.17,-0.8,10.5,OHLC,↓,LH/LL,DT,False,265,4,universe
UTZ,2026-09-21,14.22,0.08,True,14.2,0.005,0.25,True,64.0,0.13,63.8,False,0.54,8.27,85.2,-0.4,A 待突破,True,8:49,264.6,跌,290.0,30,False,,-0.0962,-0.0997,-0.2441,True,True,0.15,0.28,14.18,0.28,0.52,29.0,OHLC,—,HH/HL,UT,True,265,4,universe
ANF,2026-09-21,136.76,6.37,True,136.32,0.294,0.37,True,60.2,0.76,59.5,False,4.66,4.93,64.2,-0.3,E 延伸,True,8:20,250.0,跌,89.0,6,False,,-2.2913,-2.1665,-2.2913,False,True,0.32,0.07,136.6,0.12,0.03,348.4,OHLC,—,HH/HL,自然回檔,False,265,4,universe
PTY,2026-09-21,11.25,0.13,False,11.59,-0.026,-0.84,False,97.3,-0.01,97.3,True,1.14,0.65,12.7,0.5,D 趨勢弱,True,8:11,245.7,跌,86.0,8,True,0.0,-0.0409,-0.0425,-0.0564,True,False,-3.05,-2.67,11.47,-1.96,-1.71,15.8,OHLC,↓,LH/LL,自然反彈,False,265,3,universe
REG,2026-09-21,72.92,1.09,False,75.29,-0.161,-1.15,True,95.2,0.1,95.1,True,1.49,0.97,23.6,-0.3,D 趨勢弱,False,5:47,173.7,跌,47.0,5,True,0.0,-0.1488,-0.1514,-0.6799,True,False,-3.25,-2.18,76.54,-4.96,-3.33,92.5,OHLC,↓,LH/LL,DT,False,265,3,universe
EFC,2026-09-21,12.61,0.2,False,13.22,-0.047,-1.02,False,95.0,-0.01,95.0,True,1.62,0.9,23.9,3.7,D 趨勢弱,True,8:49,264.6,跌,122.0,18,True,0.0,-0.0787,-0.0943,-0.0943,True,False,-4.84,-2.99,13.53,-7.3,-4.51,15.3,OHLC,↓,LH/LL,DT,False,265,3,universe
WEC,2026-09-21,103.48,1.64,False,106.8,-0.174,-0.58,True,94.5,0.33,94.2,True,1.58,1.07,17.6,1.2,D 趨勢弱,False,5:11,155.6,跌,36.0,5,True,0.0,-0.0871,-0.0983,-0.6276,True,False,-3.21,-2.03,107.33,-3.72,-2.35,240.9,OHLC,↓,LH/LL,DT,False,265,3,universe
CRF,2026-09-21,6.12,0.11,False,6.52,-0.02,-1.39,True,93.5,0.25,93.3,True,1.74,1.17,9.0,2.0,D 趨勢弱,False,5:17,158.6,跌,38.0,5,True,0.0,-0.0081,-0.0122,-0.0722,True,False,-6.51,-3.75,6.49,-6.05,-3.48,10.4,OHLC,↓,LH/LL,DT,False,265,3,universe
NNN,2026-09-21,41.63,0.77,False,44.41,-0.23,-1.7,False,93.4,-0.01,93.4,True,1.84,1.11,15.7,0.6,D 趨勢弱,True,8:49,264.6,跌,510.0,37,True,0.0,-0.2745,-0.2964,-0.4301,True,False,-6.68,-3.63,,,,67.7,OHLC,—,HH/HL,DT,False,265,3,universe
PNC,2026-09-21,233.25,4.64,False,242.98,-0.443,-0.87,True,92.7,0.4,92.3,True,1.99,1.13,45.4,1.9,C 基底修復,False,4:24,132.1,跌,23.0,5,True,0.0,-0.9568,-1.0026,-1.7313,True,False,-4.17,-2.1,227.86,2.31,1.16,380.8,OHLC,↑,HH/HL,自然回檔,False,265,3,universe
CLM,2026-09-21,6.35,0.12,False,6.77,-0.028,-1.29,True,92.5,0.28,92.2,True,1.86,1.3,8.4,2.2,D 趨勢弱,False,5:05,152.6,跌,35.0,5,True,0.0,-0.0073,-0.0127,-0.0718,True,False,-6.68,-3.59,6.75,-6.3,-3.39,15.5,OHLC,↓,LH/LL,DT,False,265,3,universe
TRTX,2026-09-21,7.21,0.15,False,7.7,-0.028,-1.04,False,92.5,-0.17,92.7,True,2.02,1.14,8.2,1.4,D 趨勢弱,True,6:28,193.9,跌,58.0,8,True,0.0,-0.0312,-0.0342,-0.075,True,False,-6.76,-3.35,7.89,-9.43,-4.67,5.8,OHLC,↓,LH/LL,DT,False,265,3,universe
MTB,2026-09-21,226.96,4.54,False,238.86,-0.56,-1.02,True,92.1,0.31,91.8,True,2.0,1.26,38.1,1.8,C 基底修復,False,5:24,162.0,跌,40.0,5,True,0.0,-1.0989,-1.1166,-2.0155,True,False,-5.25,-2.62,240.06,-5.77,-2.89,244.9,OHLC,↓,LH/LL,DT,False,265,3,universe
CIM,2026-09-21,11.02,0.22,False,11.38,-0.038,-1.21,True,91.9,0.05,91.8,True,1.96,1.36,12.1,3.4,D 趨勢弱,False,5:49,174.7,跌,47.0,6,True,0.0,-0.0088,-0.0215,-0.0754,True,False,-3.31,-1.69,11.64,-5.63,-2.88,11.8,OHLC,↓,LH/LL,DT,False,265,3,universe
FITB,2026-09-21,53.31,1.08,False,55.06,-0.106,-0.75,True,91.7,0.55,91.1,True,2.02,1.34,47.3,1.8,C 基底修復,False,4:47,143.3,跌,30.0,4,True,0.0,-0.0802,-0.1023,-0.4179,True,False,-3.28,-1.62,51.71,3.0,1.48,268.9,OHLC,↑,HH/HL,自然回檔,False,265,3,universe
KEY,2026-09-21,20.87,0.44,False,21.84,-0.055,-0.87,True,91.3,0.38,90.9,True,2.11,1.35,25.1,1.2,C 基底修復,False,4:42,141.0,跌,28.0,4,True,0.0,-0.0825,-0.0828,-0.1692,True,False,-4.65,-2.21,21.77,-4.31,-2.05,271.8,OHLC,↓,LH/LL,DT,False,265,3,universe
GBCI,2026-09-21,44.82,0.94,False,46.83,-0.131,-1.1,True,91.0,0.4,90.6,True,2.1,1.43,19.9,-8.3,D 趨勢弱,False,4:55,147.4,跌,32.0,5,True,0.0,-0.0357,-0.0552,-0.5428,True,False,-4.49,-2.14,47.15,-5.2,-2.48,44.1,OHLC,↓,LH/LL,DT,False,265,3,universe
FLG,2026-09-21,12.59,0.27,False,13.4,-0.037,-1.1,True,90.7,0.34,90.4,True,2.14,1.44,18.2,2.0,D 趨勢弱,False,5:40,170.0,跌,44.0,6,True,0.0,-0.051,-0.0558,-0.152,True,False,-6.45,-3.01,13.52,-7.39,-3.44,52.6,OHLC,↓,LH/LL,DT,False,265,3,universe
MGM,2026-09-21,38.73,0.9,False,41.33,-0.249,-1.88,False,90.3,-0.28,90.6,True,2.31,1.37,13.2,4.7,D 趨勢弱,True,8:49,264.6,跌,168.0,17,True,0.0,-0.1733,-0.2446,-0.3478,True,False,-6.71,-2.9,44.31,-14.41,-6.23,91.3,OHLC,↓,LH/LL,自然反彈,False,265,3,universe
HBAN,2026-09-21,16.04,0.36,False,16.81,-0.045,-1.11,True,89.7,0.58,89.1,True,2.27,1.54,20.5,2.6,D 趨勢弱,False,4:47,143.3,跌,30.0,4,True,0.0,-0.0789,-0.0892,-0.1791,True,False,-4.82,-2.12,16.36,-2.0,-0.88,426.1,OHLC,↓,LH/LL,DT,False,265,3,universe
CFG,2026-09-21,67.36,1.57,False,70.26,-0.141,-0.63,True,89.2,0.57,88.6,True,2.33,1.58,46.9,2.0,C 基底修復,False,4:53,146.5,跌,31.0,4,True,0.0,-0.2773,-0.2818,-0.5745,True,False,-4.31,-1.85,70.83,-5.15,-2.21,226.8,OHLC,↓,LH/LL,DT,False,265,3,universe
BA,2026-09-21,201.15,5.46,False,211.39,-0.997,-1.51,True,85.0,0.44,84.5,True,2.71,2.07,12.0,5.6,D 趨勢弱,False,4:23,131.3,跌,23.0,4,True,0.0,-0.6977,-0.8592,-2.5802,True,False,-5.09,-1.88,210.45,-4.62,-1.7,1188.5,OHLC,↓,LH/LL,自然反彈,False,265,3,universe
FBRT,2026-09-21,7.71,0.24,False,8.0,-0.008,-0.63,False,84.4,-0.01,84.4,True,3.1,1.79,10.5,3.2,D 趨勢弱,True,7:21,220.3,跌,72.0,9,True,0.0,-0.0801,-0.0976,-0.0976,True,False,-3.76,-1.21,7.74,-0.39,-0.13,19.7,OHLC,↓,LH/LL,自然反彈,False,265,3,universe
CALY,2026-09-21,14.73,0.46,False,15.66,-0.096,-2.26,True,83.2,0.43,82.8,True,3.1,2.03,26.2,2.7,C 基底修復,False,4:13,126.6,跌,20.0,3,True,0.0,-0.0088,-0.0115,-0.2959,True,False,-6.31,-2.04,15.77,-7.06,-2.28,28.3,OHLC,↓,LH/LL,DT,False,265,3,universe
NXRT,2026-09-21,21.37,0.71,False,22.72,-0.107,-1.7,True,82.5,0.45,82.0,True,3.34,1.93,3.3,0.9,D 趨勢弱,False,5:32,165.8,跌,42.0,8,True,0.0,-0.1436,-0.1684,-0.1684,True,False,-6.34,-1.9,24.1,-12.77,-3.82,15.3,OHLC,↓,LH/LL,DT,False,265,3,universe
CARR,2026-09-21,54.62,1.84,False,58.26,-0.299,-1.28,True,81.8,0.97,80.8,True,3.36,2.04,10.8,2.8,D 趨勢弱,False,4:28,134.1,跌,25.0,5,True,0.0,-0.1671,-0.2207,-0.9256,True,False,-6.67,-1.98,59.71,-9.32,-2.77,380.1,OHLC,↓,LH/LL,DT,False,265,3,universe
CSV,2026-09-21,30.88,0.97,False,33.59,-0.303,-1.39,True,80.6,0.51,80.1,True,3.15,2.47,4.4,1.0,D 趨勢弱,False,4:27,133.4,跌,24.0,3,True,0.0,-0.1062,-0.1144,-0.6891,True,False,-8.76,-2.78,32.84,-6.35,-2.02,4.2,OHLC,↓,LH/LL,DT,False,265,3,universe
EVR,2026-09-21,269.01,9.22,False,288.9,-1.443,-1.05,True,79.7,0.12,79.6,True,3.43,2.36,18.7,5.7,D 趨勢弱,False,5:03,151.5,跌,34.0,5,True,0.0,-1.2367,-1.8061,-2.8618,True,False,-7.39,-2.16,297.92,-10.75,-3.13,128.5,OHLC,↓,LH/LL,自然反彈,False,265,3,universe
PBH,2026-09-21,46.8,1.7,False,49.83,-0.336,-1.07,False,79.2,-0.3,79.5,True,3.63,2.27,7.6,5.6,D 趨勢弱,True,7:46,233.2,跌,80.0,10,True,0.0,-0.4873,-0.6193,-0.6483,True,False,-6.47,-1.78,,,,26.2,OHLC,—,HH/HL,自然反彈,False,265,3,universe
SLB,2026-09-21,51.76,1.86,False,55.0,-0.012,0.03,True,78.4,0.22,78.2,True,3.6,2.44,45.4,2.9,C 基底修復,False,5:33,166.6,跌,43.0,8,True,0.0,-0.8307,-0.8541,-0.8541,True,False,-6.27,-1.74,52.06,-0.58,-0.16,774.0,OHLC,—,HH/HL,DT,False,265,3,universe
WINA,2026-09-21,286.19,11.04,False,316.05,-2.711,-1.97,False,78.0,-0.16,78.1,True,3.86,2.27,0.0,0.0,D 趨勢弱,True,8:49,264.6,跌,116.0,17,True,0.0,-2.1152,-2.2359,-7.5624,True,False,-10.43,-2.7,317.54,-10.95,-2.84,25.8,OHLC,↓,LH/LL,DT,False,265,3,universe
CEG,2026-09-21,262.11,10.28,False,275.89,-0.414,-0.22,False,76.7,-0.36,77.1,True,3.92,2.44,11.0,3.1,D 趨勢弱,True,6:33,196.7,跌,59.0,6,True,0.0,-3.7384,-4.1561,-4.1561,True,False,-5.26,-1.34,,,,753.0,OHLC,—,HH/HL,自然反彈,False,265,3,universe
HGV,2026-09-21,35.56,1.44,False,41.61,-0.499,-1.56,True,74.9,0.44,74.5,False,4.04,2.65,0.0,0.0,D 趨勢弱,True,8:49,264.6,跌,126.0,15,True,0.0,-0.399,-0.4014,-0.5748,True,False,-17.0,-4.2,42.17,-18.59,-4.6,36.3,OHLC,↓,LH/LL,DT,False,265,3,universe
HLNE,2026-09-21,88.34,3.7,False,100.48,-0.461,-0.46,True,74.5,1.1,73.4,False,4.19,2.59,0.0,-10.0,D 趨勢弱,True,8:49,264.6,跌,161.0,20,True,0.0,-2.0268,-2.1798,-2.1798,True,False,-13.75,-3.28,,,,50.3,OHLC,—,HH/HL,DT,False,265,3,universe
VRTS,2026-09-21,129.85,5.68,False,153.68,-1.965,-1.77,True,74.4,0.54,73.9,False,4.37,2.41,5.5,0.5,D 趨勢弱,True,8:49,264.6,跌,370.0,37,True,0.0,-3.3185,-3.7631,-3.7631,True,False,-18.35,-4.2,169.17,-30.28,-6.92,16.6,OHLC,↓,LH/LL,自然反彈,False,265,3,universe
DNUT,2026-09-21,3.01,0.12,False,3.31,-0.012,-0.03,True,74.3,0.8,73.5,False,4.06,2.75,10.0,-1.3,D 趨勢弱,True,8:14,247.1,跌,87.0,12,True,0.0,-0.0385,-0.0395,-0.0395,True,False,-10.12,-2.49,3.48,-15.61,-3.85,6.5,OHLC,↓,LH/LL,DT,False,265,3,universe
GDRX,2026-09-21,3.39,0.13,False,3.55,-0.009,0.08,True,74.3,1.17,73.1,False,3.76,3.06,60.2,-0.3,D 趨勢弱,True,8:49,264.6,跌,252.0,22,True,0.0,-0.0208,-0.0221,-0.0402,True,False,-4.72,-1.26,3.53,-4.13,-1.1,3.9,OHLC,—,LH/LL,DT,True,265,3,universe
GCO,2026-09-21,33.63,1.46,False,34.5,-0.145,-0.5,True,74.0,0.39,73.6,False,4.35,2.52,42.8,7.7,C 基底修復,False,3:43,111.6,跌,12.0,2,True,0.0,-0.0169,-0.0394,-0.4924,True,True,-2.6,-0.6,35.12,-4.43,-1.02,8.8,OHLC,↓,LH/LL,自然反彈,False,265,3,universe
PII,2026-09-21,54.41,2.39,False,62.35,-0.647,-1.36,True,74.0,0.31,73.7,False,4.4,2.47,5.8,0.2,D 趨勢弱,True,8:49,264.6,跌,281.0,38,True,0.0,-0.4714,-0.5068,-0.7515,True,False,-14.58,-3.32,62.52,-14.91,-3.39,45.7,OHLC,↓,LH/LL,DT,False,265,3,universe
KIDS,2026-09-21,22.35,0.94,False,23.69,-0.021,0.32,True,73.9,0.61,73.3,False,4.19,2.7,44.0,11.9,B 上升結構,True,8:49,264.6,跌,178.0,18,True,0.0,-0.1459,-0.1846,-0.4762,True,False,-6.0,-1.43,23.47,-5.01,-1.2,5.0,OHLC,—,LH/LL,自然反彈,False,265,3,universe
LYFT,2026-09-21,15.27,0.62,False,16.64,-0.07,-0.29,True,73.5,1.04,72.5,False,4.07,2.89,10.4,1.2,D 趨勢弱,True,8:49,264.6,跌,132.0,18,True,0.0,-0.1633,-0.1844,-0.3383,True,False,-8.94,-2.2,15.9,-4.13,-1.01,158.4,OHLC,↓,LH/LL,DT,False,265,3,universe
PRKS,2026-09-21,34.01,1.61,False,40.09,-0.352,-1.75,True,73.5,0.63,72.9,False,4.74,2.23,6.8,0.6,D 趨勢弱,True,8:49,264.6,跌,104.0,19,True,0.0,-0.4639,-0.4741,-0.5907,True,False,-17.88,-3.78,40.91,-20.29,-4.28,24.7,OHLC,↓,LH/LL,DT,False,265,3,universe
AGYS,2026-09-21,100.25,4.09,False,110.82,-0.132,-0.23,True,72.8,0.88,71.9,False,4.08,3.02,41.7,2.2,D 趨勢弱,True,8:49,264.6,跌,115.0,14,True,0.0,-1.4438,-1.4632,-2.2428,True,False,-10.54,-2.58,109.07,-8.8,-2.16,21.8,OHLC,↓,LH/LL,DT,False,265,3,universe
TPL,2026-09-21,366.8,15.57,True,363.75,0.479,-0.3,False,72.8,-0.36,73.2,False,4.24,2.85,21.3,10.2,D 趨勢弱,False,5:32,165.8,跌,42.0,4,True,0.0,-0.5062,-1.4511,-7.4422,True,True,0.83,0.2,363.01,1.03,0.24,138.5,OHLC,—,HH/HL,自然反彈,False,265,3,universe
AORT,2026-09-21,23.63,1.05,False,26.51,-0.125,-0.61,True,72.6,0.82,71.8,False,4.45,2.69,0.0,0.0,D 趨勢弱,True,8:49,264.6,跌,172.0,22,True,0.0,-0.2735,-0.2832,-0.376,True,False,-12.21,-2.75,25.38,-7.41,-1.67,16.2,OHLC,↓,LH/LL,DT,False,265,3,universe
NOVT,2026-09-21,134.31,5.59,False,147.06,-1.263,-1.2,True,72.3,1.26,71.1,False,4.16,3.02,25.1,-7.7,C 基底修復,True,6:10,184.9,跌,53.0,6,True,0.0,-1.1069,-1.2406,-2.7376,True,False,-9.49,-2.28,,,,46.2,OHLC,—,HH/HL,DT,False,265,3,universe
ELVN,2026-09-21,48.87,2.33,False,55.37,-0.551,-1.51,True,72.1,0.46,71.7,False,4.76,2.47,43.0,-0.6,D 趨勢弱,True,8:49,264.6,跌,216.0,27,True,0.0,-1.2109,-1.2377,-1.2377,True,False,-13.3,-2.79,50.24,-2.8,-0.59,68.5,OHLC,↓,LH/LL,DT,False,265,3,universe
COGT,2026-09-21,32.0,1.42,False,35.42,-0.467,-1.43,True,72.0,0.75,71.2,False,4.43,2.83,25.6,5.1,C 基底修復,True,8:49,264.6,跌,346.0,29,True,0.0,-0.1596,-0.178,-0.6621,True,False,-10.67,-2.41,35.28,-10.25,-2.32,57.2,OHLC,↓,LH/LL,DT,False,265,3,universe
IRTC,2026-09-21,110.38,4.85,False,119.97,-1.156,-0.58,True,71.6,0.86,70.7,False,4.39,2.94,1.2,-1.4,D 趨勢弱,True,8:49,264.6,跌,162.0,19,True,0.0,-1.1167,-1.2404,-1.3106,True,False,-8.69,-1.98,114.72,-3.93,-0.9,55.2,OHLC,↓,LH/LL,DT,False,265,3,universe
BDC,2026-09-21,110.55,4.55,False,120.69,-0.704,-0.69,True,71.5,0.83,70.6,False,4.11,3.24,4.2,2.9,D 趨勢弱,True,8:49,264.6,跌,171.0,22,True,0.0,-0.906,-0.9359,-2.4921,True,False,-9.18,-2.23,122.26,-10.59,-2.57,47.7,OHLC,↓,LH/LL,DT,False,265,3,universe
PKE,2026-09-21,30.3,1.3,False,33.04,-0.179,-0.98,True,71.5,0.73,70.7,False,4.3,3.05,35.2,4.3,D 趨勢弱,True,8:49,264.6,跌,185.0,23,True,0.0,-0.0319,-0.0406,-0.5983,True,False,-9.06,-2.11,31.76,-4.82,-1.12,7.9,OHLC,—,LH/LL,DT,True,265,3,universe
BLKB,2026-09-21,43.04,1.71,False,45.59,-0.108,-0.26,True,70.5,1.2,69.3,False,3.97,3.57,32.7,-0.2,D 趨勢弱,True,8:49,264.6,跌,143.0,25,True,0.0,-0.7595,-0.7801,-0.8803,True,False,-5.93,-1.49,45.67,-6.11,-1.54,18.1,OHLC,↓,LH/LL,DT,False,265,3,universe
STRT,2026-09-21,67.19,3.28,False,75.92,-0.262,-0.74,True,70.4,0.75,69.7,False,4.88,2.66,15.0,0.0,D 趨勢弱,True,8:49,264.6,跌,320.0,32,True,0.0,-0.257,-0.2658,-1.428,True,False,-13.0,-2.66,75.04,-11.68,-2.39,6.4,OHLC,↓,LH/LL,DT,False,265,3,universe
EAT,2026-09-21,200.3,9.45,False,220.67,-0.696,-1.0,True,70.1,1.24,68.9,False,4.72,2.9,35.6,3.3,D 趨勢弱,True,8:49,264.6,跌,200.0,18,True,0.0,-4.0827,-4.5014,-4.6715,True,False,-10.17,-2.16,210.61,-5.15,-1.09,280.6,OHLC,↓,LH/LL,DT,False,265,3,universe
LAZ,2026-09-21,36.48,1.92,False,40.9,-0.355,-1.37,True,69.1,0.67,68.4,False,5.25,2.56,0.3,0.3,D 趨勢弱,True,6:46,203.0,跌,63.0,9,True,0.0,-0.7886,-0.8631,-0.8631,True,False,-12.13,-2.31,45.21,-23.93,-4.56,63.3,OHLC,↓,LH/LL,自然反彈,False,265,3,universe
HOV,2026-09-21,115.26,5.41,False,124.51,-0.47,-0.5,True,68.7,0.93,67.8,False,4.69,3.19,31.6,10.1,C 基底修復,True,8:49,264.6,跌,209.0,26,True,0.0,-0.1982,-0.3009,-1.7792,True,False,-8.03,-1.71,118.36,-2.69,-0.57,13.5,OHLC,—,LH/LL,自然回檔,True,265,3,universe
SVV,2026-09-21,9.22,0.42,False,10.52,-0.1,-0.63,True,68.7,0.57,68.1,False,4.57,3.31,21.6,4.5,D 趨勢弱,True,8:49,264.6,跌,176.0,25,True,0.0,-0.1183,-0.139,-0.1471,True,False,-14.08,-3.08,9.86,-6.94,-1.52,10.5,OHLC,↓,LH/LL,DT,False,265,3,universe
PRGS,2026-09-21,40.41,1.77,False,43.04,-0.077,-0.17,True,68.6,1.09,67.5,False,4.37,3.53,41.1,3.0,C 基底修復,True,8:49,264.6,跌,333.0,25,True,0.0,-0.4596,-0.4671,-0.7326,True,False,-6.51,-1.49,43.56,-7.8,-1.78,21.7,OHLC,↓,LH/LL,DT,False,265,3,universe
Z,2026-09-21,30.65,1.48,False,33.71,-0.103,-0.39,True,67.6,1.35,66.3,False,4.82,3.27,0.8,0.8,D 趨勢弱,True,8:49,264.6,跌,134.0,15,True,0.0,-0.4179,-0.4754,-0.5012,True,False,-9.97,-2.07,33.18,-8.25,-1.71,105.5,OHLC,↓,LH/LL,自然反彈,False,265,3,universe
IART,2026-09-21,15.59,0.72,False,16.4,-0.072,-0.75,True,67.4,0.47,66.9,False,4.6,3.54,41.2,6.7,C 基底修復,True,8:49,264.6,跌,438.0,45,True,0.0,-0.0519,-0.0819,-0.3559,True,False,-5.17,-1.13,16.06,-3.01,-0.66,13.7,OHLC,—,LH/LL,自然反彈,True,265,3,universe
SGRY,2026-09-21,13.66,0.69,False,14.23,-0.052,-0.36,True,67.3,0.78,66.5,False,5.02,3.14,21.1,1.7,D 趨勢弱,False,3:49,114.5,跌,14.0,3,True,0.0,-0.0181,-0.0321,-0.2007,True,True,-4.21,-0.84,13.93,-1.98,-0.39,31.9,OHLC,↓,LH/LL,自然反彈,False,265,3,universe
ZG,2026-09-21,31.13,1.5,False,34.46,-0.099,-0.34,True,67.3,1.39,66.0,False,4.8,3.34,10.1,0.1,D 趨勢弱,True,8:49,264.6,跌,144.0,15,True,0.0,-0.473,-0.5299,-0.5539,True,False,-10.68,-2.22,33.83,-8.67,-1.81,25.7,OHLC,↓,LH/LL,自然反彈,False,265,3,universe
MITK,2026-09-21,17.14,0.81,False,18.15,-0.088,-0.16,True,67.2,1.17,66.0,False,4.72,3.46,54.5,5.8,C 基底修復,True,8:49,264.6,跌,126.0,14,True,0.0,-0.1167,-0.1255,-0.4502,True,False,-5.91,-1.25,17.98,-4.9,-1.04,11.0,OHLC,—,LH/LL,自然反彈,True,265,3,universe
ADEA,2026-09-21,25.53,1.1,False,26.47,-0.081,-0.83,True,66.9,0.91,66.0,False,4.31,3.92,47.6,5.4,C 基底修復,False,5:02,151.2,跌,34.0,5,True,0.0,-0.0214,-0.0733,-0.337,True,True,-3.69,-0.86,27.13,-6.27,-1.46,22.7,OHLC,↓,LH/LL,自然反彈,False,265,3,universe
CRK,2026-09-21,13.02,0.67,False,14.47,-0.036,-0.1,True,66.5,0.71,65.7,False,5.16,3.16,9.2,-0.6,D 趨勢弱,True,6:21,190.5,跌,56.0,6,True,0.0,-0.289,-0.2926,-0.2926,True,False,-11.11,-2.15,,,,38.4,OHLC,—,HH/HL,DT,False,265,3,universe
CVNA,2026-09-21,67.18,3.18,False,70.84,-0.103,-0.11,True,66.4,0.89,65.5,False,4.74,3.59,22.8,3.2,D 趨勢弱,True,8:49,264.6,跌,300.0,9,True,0.0,-0.9633,-1.1369,-1.1369,True,False,-5.45,-1.15,70.87,-5.49,-1.16,453.1,OHLC,↓,LH/LL,自然反彈,False,265,3,universe
SRRK,2026-09-21,48.16,2.71,False,52.95,-0.301,-0.64,True,65.0,0.95,64.1,False,5.63,2.97,21.7,5.0,D 趨勢弱,True,8:49,264.6,跌,133.0,13,True,0.0,-1.1559,-1.2282,-1.2282,True,False,-9.94,-1.76,55.33,-14.89,-2.64,93.0,OHLC,—,HH/HL,自然反彈,False,265,3,universe
COMP,2026-09-21,10.13,0.53,False,11.12,-0.092,-1.02,True,64.6,0.27,64.3,False,5.26,3.44,16.5,1.1,D 趨勢弱,True,8:49,264.6,跌,197.0,24,True,0.0,-0.0424,-0.0467,-0.2689,True,False,-9.77,-1.86,10.65,-5.13,-0.98,131.2,OHLC,—,LH/LL,DT,True,265,3,universe
NWL,2026-09-21,5.6,0.29,False,5.98,-0.016,-0.36,True,64.3,0.73,63.5,False,5.17,3.59,59.5,8.9,C 基底修復,True,8:49,264.6,跌,209.0,24,True,0.0,-0.073,-0.0804,-0.0804,True,False,-6.72,-1.3,6.16,-10.0,-1.93,38.8,OHLC,↓,LH/LL,自然反彈,False,265,3,universe
COTY,2026-09-21,2.51,0.13,False,2.75,-0.008,-0.36,True,64.0,1.09,63.0,False,5.17,3.63,29.7,7.1,D 趨勢弱,True,7:44,232.1,跌,79.0,10,True,0.0,-0.0446,-0.0483,-0.0483,True,False,-9.45,-1.83,2.72,-8.37,-1.62,14.6,OHLC,↓,LH/LL,自然反彈,False,265,3,universe
CTRN,2026-09-21,55.34,3.29,False,66.18,-0.507,-1.09,True,63.8,2.62,61.2,False,5.94,2.91,31.5,1.6,D 趨勢弱,True,8:49,264.6,跌,312.0,25,True,0.0,-1.4011,-1.4608,-1.541,True,False,-19.59,-3.3,58.55,-5.8,-0.98,12.2,OHLC,↓,LH/LL,DT,False,265,3,universe
GTN,2026-09-21,4.62,0.22,False,4.87,-0.051,0.07,True,63.6,0.65,63.0,False,4.79,4.1,29.5,15.5,C 基底修復,True,8:49,264.6,跌,119.0,20,True,0.0,-0.0593,-0.0635,-0.0635,True,False,-5.36,-1.12,5.01,-8.44,-1.76,4.3,OHLC,↓,LH/LL,自然反彈,False,265,3,universe
RIVN,2026-09-21,15.36,0.71,False,15.84,-0.016,-0.1,True,63.3,0.64,62.6,False,4.61,4.35,12.0,-8.9,D 趨勢弱,False,5:32,165.8,跌,42.0,5,True,0.0,-0.0752,-0.088,-0.2459,True,True,-3.1,-0.67,16.17,-5.27,-1.14,322.5,OHLC,↓,LH/LL,自然反彈,False,265,3,universe
PRAX,2026-09-21,298.87,16.27,False,350.36,-3.025,-0.57,True,63.0,1.12,61.9,False,5.44,3.58,21.5,-0.1,D 趨勢弱,True,8:49,264.6,跌,154.0,19,True,0.0,-6.7804,-6.968,-6.968,True,False,-17.23,-3.16,377.37,-26.27,-4.82,104.6,OHLC,↓,LH/LL,DT,False,265,3,universe
CELC,2026-09-21,84.0,4.2,False,89.36,-0.258,-0.35,True,62.2,0.89,61.3,False,5.0,4.19,28.0,7.2,D 趨勢弱,True,7:59,239.6,跌,83.0,8,True,0.0,-0.7971,-1.0278,-1.7408,True,False,-6.38,-1.28,84.91,-1.08,-0.22,69.9,OHLC,↓,LH/LL,自然反彈,False,265,3,universe
DSGN,2026-09-21,12.55,0.73,False,14.31,-0.037,-0.69,True,62.1,1.35,60.7,False,5.78,3.43,36.6,1.7,D 趨勢弱,True,8:49,264.6,跌,130.0,15,True,0.0,-0.3608,-0.3957,-0.3977,True,False,-14.03,-2.43,12.81,-2.07,-0.36,10.0,OHLC,↓,LH/LL,次級反彈,False,265,3,universe
CAL,2026-09-21,11.91,0.67,False,12.68,-0.067,-0.64,True,61.9,0.99,60.9,False,5.61,3.64,23.1,8.4,C 基底修復,True,8:49,264.6,跌,186.0,25,True,0.0,-0.0289,-0.0326,-0.226,True,False,-6.43,-1.15,12.43,-4.37,-0.78,7.4,OHLC,↓,LH/LL,DT,False,265,3,universe
CRNC,2026-09-21,8.15,0.44,False,8.31,-0.031,-0.39,True,61.4,0.57,60.9,False,5.43,3.91,31.3,9.4,D 趨勢弱,False,3:57,118.3,跌,16.0,2,True,0.0,-0.0033,-0.0183,-0.178,True,True,-1.93,-0.36,8.15,0.0,0.0,5.3,OHLC,—,LH/LL,自然反彈,True,265,3,universe
BXC,2026-09-21,75.51,3.87,False,81.66,-0.759,0.22,True,60.3,1.08,59.3,False,5.12,4.45,60.6,5.8,B 上升結構,True,8:49,264.6,跌,210.0,21,True,0.0,-1.1101,-1.2249,-2.044,True,False,-8.15,-1.59,81.81,-8.34,-1.63,11.0,OHLC,↓,LH/LL,DT,False,265,3,universe
LMND,2026-09-21,47.86,2.23,False,51.45,-0.196,-0.34,True,60.1,0.99,59.1,False,4.67,4.96,19.4,2.5,D 趨勢弱,True,7:13,216.6,跌,70.0,8,True,0.0,-0.2046,-0.2276,-2.5542,True,False,-7.49,-1.6,52.98,-10.7,-2.29,44.8,OHLC,↓,LH/LL,DT,False,265,3,universe
ARWR,2026-09-21,68.79,3.98,False,79.36,-0.71,-1.65,True,60.0,1.23,58.8,False,5.79,3.85,25.5,2.2,D 趨勢弱,True,8:49,264.6,跌,153.0,27,True,0.0,-2.0239,-2.2728,-2.2728,True,False,-15.37,-2.65,86.49,-25.73,-4.44,136.3,OHLC,↓,LH/LL,自然反彈,False,265,3,universe
LRMR,2026-09-21,3.83,0.21,False,4.04,-0.006,-0.21,True,59.4,1.33,58.0,False,5.4,4.38,17.1,2.9,D 趨勢弱,True,8:49,264.6,跌,204.0,23,True,0.0,-0.0148,-0.0179,-0.0561,True,False,-5.56,-1.03,3.93,-2.61,-0.48,3.8,OHLC,—,LH/LL,DT,True,265,3,universe
IONS,2026-09-21,44.9,2.4,False,54.3,-0.476,-1.28,True,58.9,1.38,57.5,False,5.34,4.54,0.0,0.0,D 趨勢弱,True,8:49,264.6,跌,114.0,11,True,0.0,-1.425,-1.5244,-1.5244,True,False,-20.94,-3.92,46.75,-4.12,-0.77,172.5,OHLC,↓,LH/LL,DT,False,265,3,universe
MAMA,2026-09-21,13.5,0.84,False,15.3,-0.1,-1.44,True,58.7,1.64,57.0,False,6.22,3.7,12.9,-0.1,D 趨勢弱,True,8:49,264.6,跌,295.0,31,True,0.0,-0.1705,-0.2047,-0.2526,True,False,-13.3,-2.14,14.25,-5.56,-0.89,11.5,OHLC,↓,LH/LL,自然反彈,False,265,3,universe
RHLD,2026-09-21,118.44,7.07,False,130.38,-0.363,-0.28,True,58.4,1.05,57.3,False,5.97,4.01,31.0,-6.3,D 趨勢弱,True,6:03,181.4,跌,51.0,8,True,0.0,-1.8295,-1.9041,-1.9041,True,False,-10.08,-1.69,138.51,-16.95,-2.84,18.2,OHLC,↓,LH/LL,DT,False,265,3,universe
ENVA,2026-09-21,171.36,9.77,False,215.0,-2.942,-2.96,True,58.3,0.3,58.0,False,5.7,4.3,18.9,-0.8,D 趨勢弱,True,8:49,264.6,跌,170.0,30,True,0.0,-6.1012,-6.2981,-6.2981,True,False,-25.47,-4.47,179.06,-4.49,-0.79,66.1,OHLC,↓,LH/LL,DT,False,265,3,universe
FMC,2026-09-21,10.28,0.63,False,11.15,-0.027,-0.12,True,57.2,1.22,56.0,False,6.1,4.15,9.5,1.1,D 趨勢弱,True,6:22,190.8,跌,56.0,6,True,0.0,-0.2535,-0.2537,-0.2537,True,False,-8.44,-1.38,,,,35.5,OHLC,—,HH/HL,DT,False,265,3,universe
STRZ,2026-09-21,26.49,1.69,False,26.45,-0.034,-0.06,True,56.4,0.65,55.7,False,6.38,4.04,70.8,13.1,B 上升結構,False,4:35,137.5,跌,26.0,4,True,0.0,-0.1235,-0.2044,-0.5806,True,True,0.17,0.03,27.15,-2.49,-0.39,5.3,OHLC,↓,LH/LL,自然反彈,False,265,3,universe
DFH,2026-09-21,11.4,0.74,False,13.3,-0.175,-0.9,True,55.1,1.43,53.6,False,6.49,4.24,0.0,0.0,D 趨勢弱,True,8:49,264.6,跌,169.0,15,True,0.0,-0.1785,-0.1875,-0.338,True,False,-16.66,-2.57,12.7,-11.4,-1.76,9.3,OHLC,↓,LH/LL,DT,False,265,3,universe
RZLT,2026-09-21,3.91,0.27,False,4.55,-0.022,-0.66,True,54.7,1.14,53.6,False,7.0,3.8,30.0,10.0,D 趨勢弱,True,8:49,264.6,跌,120.0,15,True,0.0,-0.0581,-0.0654,-0.0741,True,False,-16.48,-2.35,4.25,-8.7,-1.24,5.1,OHLC,↓,LH/LL,DT,False,265,3,universe
KVYO,2026-09-21,15.82,1.02,False,17.9,-0.011,-0.31,True,53.5,1.32,52.2,False,6.43,4.67,2.4,2.4,D 趨勢弱,True,8:49,264.6,跌,109.0,10,True,0.0,-0.3313,-0.3667,-0.415,True,False,-13.12,-2.04,17.4,-9.99,-1.55,101.0,OHLC,↓,LH/LL,自然反彈,False,265,3,universe
CTMX,2026-09-21,2.76,0.2,False,3.27,-0.015,-0.83,True,53.3,1.28,52.1,False,7.13,4.0,8.5,-0.8,D 趨勢弱,True,6:16,187.9,跌,54.0,7,True,0.0,-0.0858,-0.0906,-0.0906,True,False,-18.44,-2.59,2.82,-2.17,-0.3,11.3,OHLC,↓,LH/LL,自然回檔,False,265,3,universe
ERAS,2026-09-21,15.04,1.08,False,16.94,-0.091,-0.59,True,53.1,1.37,51.7,False,7.19,4.0,33.7,3.7,D 趨勢弱,True,8:49,264.6,跌,124.0,15,True,0.0,-0.1498,-0.1653,-0.3499,True,False,-12.66,-1.76,16.25,-8.05,-1.12,71.4,OHLC,↓,LH/LL,DT,False,265,3,universe
ABAT,2026-09-21,2.33,0.16,False,2.49,-0.012,-0.22,True,53.0,1.25,51.7,False,6.81,4.4,15.0,9.2,D 趨勢弱,True,6:26,192.9,跌,57.0,7,True,0.0,-0.0478,-0.0603,-0.0603,True,False,-7.04,-1.03,2.18,6.44,0.95,8.4,OHLC,—,HH/HL,自然反彈,False,265,3,universe
RXST,2026-09-21,5.14,0.37,False,6.38,-0.025,-0.32,True,52.5,0.25,52.3,False,7.25,4.07,10.0,0.0,D 趨勢弱,True,8:29,254.3,跌,91.0,12,True,0.0,-0.1768,-0.1793,-0.1793,True,False,-24.22,-3.34,,,,4.1,OHLC,—,HH/HL,DT,False,265,3,universe
VYX,2026-09-21,7.29,0.52,False,8.07,-0.055,-0.79,True,52.5,1.25,51.2,False,7.12,4.21,12.7,9.1,D 趨勢弱,True,6:58,208.8,跌,66.0,8,True,0.0,-0.195,-0.2255,-0.2255,True,False,-10.68,-1.5,8.55,-17.28,-2.43,23.1,OHLC,↓,LH/LL,自然反彈,False,265,3,universe
NNBR,2026-09-21,3.35,0.2,False,3.66,-0.021,-0.61,True,50.4,1.06,49.4,False,6.07,5.77,51.4,-0.7,D 趨勢弱,True,8:49,264.6,跌,233.0,22,True,0.0,-0.0292,-0.0335,-0.0654,True,False,-9.15,-1.51,3.74,-11.64,-1.92,4.0,OHLC,↓,LH/LL,自然反彈,False,265,3,universe
AIRO,2026-09-21,7.18,0.48,False,8.62,-0.017,-0.32,True,49.7,1.16,48.5,False,6.64,5.38,2.1,2.1,D 趨勢弱,True,8:49,264.6,跌,132.0,20,True,0.0,-0.0201,-0.032,-0.2327,True,False,-20.04,-3.02,7.4,-3.06,-0.46,3.0,OHLC,—,LH/LL,次級反彈,True,265,3,universe
CTEV,2026-09-21,31.62,2.4,False,36.2,-0.017,0.03,True,45.7,2.23,43.4,False,7.59,5.5,37.8,5.7,D 趨勢弱,True,8:49,264.6,跌,111.0,11,True,0.0,-1.1094,-1.1317,-1.2825,True,False,-14.49,-1.91,42.0,-32.83,-4.32,4.1,OHLC,↓,LH/LL,自然反彈,False,265,3,universe
IMSR,2026-09-21,4.5,0.35,False,5.09,-0.042,-0.72,True,44.9,1.02,43.9,False,7.86,5.45,0.4,0.4,D 趨勢弱,True,7:16,217.8,跌,71.0,7,True,0.0,-0.0726,-0.0988,-0.1002,True,False,-13.2,-1.68,4.38,2.56,0.33,6.3,OHLC,↓,LH/LL,自然反彈,False,265,3,universe
RCAT,2026-09-21,6.95,0.57,False,8.86,-0.084,-0.83,True,44.2,1.56,42.7,False,8.24,5.26,0.0,0.0,D 趨勢弱,True,8:03,241.6,跌,84.0,20,True,0.0,-0.1598,-0.1726,-0.1785,True,False,-27.5,-3.34,7.96,-14.6,-1.77,55.4,OHLC,↓,LH/LL,自然反彈,False,265,3,universe
SMR,2026-09-21,8.79,0.74,False,9.3,-0.03,-0.22,True,42.1,1.72,40.4,False,8.45,5.67,11.9,7.9,D 趨勢弱,False,5:50,174.9,跌,47.0,6,True,0.0,-0.1431,-0.172,-0.1829,True,True,-5.81,-0.69,9.04,-2.84,-0.34,352.1,OHLC,↓,LH/LL,自然反彈,False,265,3,universe
METC,2026-09-21,9.37,0.89,False,11.91,-0.004,0.27,True,40.2,1.58,38.6,False,9.5,5.24,10.0,10.0,D 趨勢弱,True,8:11,245.3,跌,86.0,9,True,0.0,-0.42,-0.4427,-0.4427,True,False,-27.07,-2.85,,,,21.0,OHLC,—,HH/HL,DT,False,265,3,universe
BRX,2026-09-21,28.09,0.43,False,29.03,-0.071,-1.33,True,95.1,0.1,95.0,True,1.53,0.96,21.9,1.2,D 趨勢弱,False,5:30,165.0,跌,42.0,5,True,1.0,-0.0372,-0.0489,-0.2758,True,False,-3.36,-2.2,29.72,-5.8,-3.8,83.1,OHLC,↓,LH/LL,DT,False,265,3,universe
ABCB,2026-09-21,83.0,1.47,False,85.24,-0.163,-0.9,True,93.9,0.12,93.8,True,1.77,1.05,28.0,-10.7,D 趨勢弱,False,5:07,153.3,跌,35.0,4,False,1.0,-0.0845,-0.0653,-0.6366,False,True,-2.69,-1.52,86.62,-4.36,-2.46,36.4,OHLC,↓,LH/LL,DT,False,265,3,universe
IVT,2026-09-21,30.8,0.58,False,32.33,-0.068,-1.22,True,93.5,0.27,93.2,True,1.89,1.02,18.6,0.2,D 趨勢弱,False,5:46,173.1,跌,46.0,6,True,1.0,-0.0989,-0.1107,-0.4063,True,False,-4.95,-2.62,33.05,-7.31,-3.86,19.9,OHLC,↓,LH/LL,DT,False,265,3,universe
MTG,2026-09-21,29.45,0.62,False,30.54,-0.022,-0.5,True,92.4,0.08,92.3,True,2.1,1.1,40.3,-0.9,C 基底修復,True,8:49,264.6,跌,282.0,32,False,1.0,-0.2221,-0.2193,-0.2224,False,False,-3.68,-1.76,31.21,-5.98,-2.85,58.6,OHLC,↓,LH/LL,DT,False,265,3,universe
PLBC,2026-09-21,62.08,1.3,True,62.08,0.019,0.15,False,92.3,-0.11,92.5,True,2.09,1.11,82.6,10.5,A 待突破,False,5:26,162.9,跌,41.0,4,False,1.0,-0.058,-0.0182,-0.2764,False,True,-0.0,-0.0,61.42,1.06,0.51,3.3,OHLC,—,HH/HL,自然回檔,True,265,3,universe
NFG,2026-09-21,80.0,1.63,False,81.91,-0.043,-0.2,False,91.8,-0.02,91.9,True,2.04,1.28,15.2,-2.1,D 趨勢弱,True,8:49,264.6,跌,104.0,11,False,1.0,-0.374,-0.3706,-0.4283,False,True,-2.39,-1.17,83.67,-4.59,-2.25,53.0,OHLC,↓,LH/LL,DT,False,265,3,universe
LOB,2026-09-21,38.02,0.92,False,40.31,-0.115,-1.0,True,89.1,0.53,88.6,True,2.42,1.51,24.6,-16.0,C 基底修復,True,8:49,264.6,跌,346.0,32,False,1.0,-0.071,-0.0679,-0.4245,False,False,-6.03,-2.49,39.61,-4.18,-1.73,7.5,OHLC,↓,LH/LL,DT,False,265,3,universe
USAC,2026-09-21,26.18,0.65,True,26.77,0.005,0.02,False,88.3,-0.13,88.4,True,2.47,1.63,26.9,-22.2,D 趨勢弱,False,5:58,179.1,跌,49.0,6,False,1.0,-0.1426,-0.125,-0.1587,False,True,-2.27,-0.92,26.36,-0.69,-0.28,12.8,OHLC,↑,HH/HL,次級回檔,False,265,3,universe
CWST,2026-09-21,87.05,2.65,True,91.42,0.03,-0.06,False,84.9,-0.36,85.2,True,3.04,1.76,14.6,-17.4,D 趨勢弱,True,8:12,246.1,跌,87.0,9,False,1.0,-0.5458,-0.4456,-1.2631,False,False,-5.02,-1.65,92.52,-6.28,-2.06,42.2,OHLC,↓,LH/LL,DT,False,265,3,universe
MNR,2026-09-21,10.97,0.33,False,11.62,-0.051,-3.49,True,84.9,0.13,84.7,True,3.04,1.76,2.0,-6.1,D 趨勢弱,False,5:25,162.7,跌,40.0,5,True,1.0,-0.1641,-0.1668,-0.1697,True,False,-5.92,-1.95,10.77,1.82,0.6,13.2,OHLC,—,HH/HL,自然反彈,False,265,3,universe
ZBH,2026-09-21,94.32,2.81,False,97.53,-0.029,-0.09,True,83.5,0.14,83.4,True,2.98,2.08,36.2,0.3,C 基底修復,True,8:49,264.6,跌,164.0,19,False,1.0,-0.4534,-0.4453,-1.1287,False,False,-3.41,-1.14,99.18,-5.15,-1.73,174.9,OHLC,—,LH/LL,自然回檔,False,265,3,universe
CMI,2026-09-21,534.78,16.94,False,568.46,-3.613,-1.42,True,82.7,0.91,81.8,True,3.17,2.05,17.7,2.3,C 基底修復,True,9:34,287.1,升,10.0,1,False,1.0,0.4888,-0.2211,,False,False,-6.3,-1.99,561.55,-5.01,-1.58,604.1,OHLC,↓,LH/LL,自然反彈,False,265,3,universe
WWD,2026-09-21,325.16,10.15,False,337.97,-1.158,-1.2,True,82.5,0.76,81.8,True,3.12,2.13,18.6,0.6,C 基底修復,True,9:39,289.7,升,11.0,1,False,1.0,0.0193,-0.4885,,False,False,-3.94,-1.26,329.36,-1.29,-0.41,242.6,OHLC,↓,LH/LL,自然反彈,False,265,3,universe
PCRX,2026-09-21,24.11,0.81,False,24.89,-0.023,-0.46,False,80.8,-0.8,81.6,True,3.35,2.23,48.0,8.9,C 基底修復,True,8:49,264.6,跌,100.0,7,False,1.0,-0.1832,-0.1629,-0.4418,False,True,-3.23,-0.96,24.36,-1.04,-0.31,12.7,OHLC,—,LH/LL,次級回檔,False,265,3,universe
JCAP,2026-09-21,20.25,0.69,True,21.92,0.008,0.01,False,79.9,-0.36,80.3,True,3.42,2.33,33.1,-7.7,C 基底修復,True,8:49,264.6,跌,125.0,20,False,1.0,-0.1797,-0.1704,-0.317,False,False,-8.23,-2.4,21.67,-7.01,-2.05,5.1,OHLC,↓,LH/LL,DT,False,265,3,universe
AVO,2026-09-21,12.8,0.47,False,12.91,-0.014,0.05,False,79.1,-0.01,79.1,True,3.66,2.24,22.7,-20.9,C 基底修復,False,4:43,141.4,跌,29.0,5,True,1.0,-0.0225,-0.0341,-0.1409,True,True,-0.88,-0.24,12.74,0.47,0.13,10.2,OHLC,—,HH/HL,自然反彈,False,265,3,universe
JEF,2026-09-21,47.85,1.79,False,51.99,-0.234,-1.17,True,78.8,2.19,76.6,True,3.74,2.22,22.5,3.0,D 趨勢弱,False,4:55,147.4,跌,32.0,6,True,1.0,-0.5959,-0.6358,-0.6385,True,False,-8.66,-2.31,46.63,2.55,0.68,99.1,OHLC,—,HH/HL,DT,False,265,3,universe
BWXT,2026-09-21,147.47,5.13,False,156.21,-0.521,-0.88,True,78.5,0.41,78.0,True,3.48,2.55,9.3,3.4,D 趨勢弱,False,5:32,165.8,跌,42.0,5,True,1.0,-0.1403,-0.2829,-1.4849,True,False,-5.92,-1.7,158.9,-7.75,-2.23,174.9,OHLC,↓,LH/LL,DT,False,265,3,universe
GKOS,2026-09-21,161.53,6.75,False,177.44,-0.573,-0.24,False,76.0,-0.11,76.1,True,4.18,2.32,47.3,-0.9,D 趨勢弱,True,8:49,264.6,跌,255.0,21,True,1.0,-2.5537,-2.6422,-2.799,True,False,-9.85,-2.36,182.28,-12.85,-3.07,114.1,OHLC,↓,LH/LL,DT,False,265,3,universe
WFRD,2026-09-21,82.2,3.56,False,90.48,-0.189,-0.44,True,74.0,0.11,73.8,False,4.33,2.55,12.6,0.9,C 基底修復,True,7:05,212.6,跌,68.0,8,True,1.0,-1.4363,-1.5431,-1.5621,True,False,-10.07,-2.33,80.48,2.09,0.48,87.9,OHLC,—,HH/HL,DT,False,265,3,universe
EME,2026-09-21,757.71,26.94,False,770.35,-2.188,-0.56,True,73.9,0.35,73.5,False,3.56,3.34,37.4,9.4,C 基底修復,True,9:25,282.3,升,7.0,1,False,1.0,0.9917,-0.2501,,False,True,-1.67,-0.47,723.87,4.47,1.26,287.0,OHLC,—,HH/HL,自然反彈,True,265,3,universe
KNF,2026-09-21,55.41,2.28,False,61.64,-0.508,-1.56,True,73.5,0.78,72.7,False,4.11,2.86,0.0,0.0,D 趨勢弱,True,8:12,246.1,跌,87.0,9,True,1.0,-0.1388,-0.2652,-1.188,True,False,-11.24,-2.73,62.75,-13.25,-3.22,53.8,OHLC,↓,LH/LL,DT,False,265,3,universe
SE,2026-09-21,102.65,4.09,False,116.34,-0.174,-0.31,True,72.6,0.79,71.8,False,3.99,3.15,28.6,3.0,D 趨勢弱,True,8:49,264.6,跌,275.0,23,True,1.0,-1.3664,-1.5859,-1.6953,True,False,-13.33,-3.34,108.68,-5.87,-1.47,364.3,OHLC,↓,LH/LL,DT,False,265,3,universe
CRS,2026-09-21,402.9,18.46,False,470.39,-4.492,-1.51,True,72.4,0.75,71.7,False,4.58,2.58,18.6,0.2,D 趨勢弱,True,8:49,264.6,跌,509.0,56,True,1.0,-3.2596,-3.6757,-10.6321,True,False,-16.75,-3.66,475.33,-17.98,-3.92,341.1,OHLC,↓,LH/LL,DT,False,265,3,universe
SHEN,2026-09-21,12.13,0.51,False,11.96,-0.021,-1.07,False,72.4,-0.22,72.6,False,4.2,2.98,13.5,3.2,C 基底修復,True,6:45,202.3,跌,62.0,9,True,1.0,-0.0161,-0.0621,-0.0701,True,True,1.37,0.33,12.63,-4.12,-0.98,11.8,OHLC,—,LH/LL,自然反彈,True,265,3,universe
ATI,2026-09-21,189.16,8.66,False,206.82,-1.182,-0.56,True,71.9,0.26,71.6,False,4.58,2.7,46.1,1.8,C 基底修復,True,8:49,264.6,跌,160.0,22,True,1.0,-2.0149,-2.3851,-3.0525,True,False,-9.34,-2.04,197.0,-4.14,-0.91,395.9,OHLC,↓,LH/LL,自然反彈,False,265,3,universe
OII,2026-09-21,45.93,1.97,False,50.18,-0.097,-0.38,True,71.0,1.32,69.7,False,4.3,3.14,43.3,-1.3,D 趨勢弱,True,8:49,264.6,跌,298.0,22,True,1.0,-0.708,-0.7364,-0.7576,True,False,-9.25,-2.15,49.25,-7.23,-1.68,43.2,OHLC,↓,LH/LL,DT,False,265,3,universe
SOFI,2026-09-21,16.97,0.71,False,17.94,-0.059,-0.31,True,70.4,0.07,70.3,False,4.21,3.35,19.8,2.7,D 趨勢弱,True,8:49,264.6,跌,136.0,15,True,1.0,-0.124,-0.1449,-0.2562,True,False,-5.71,-1.36,17.65,-4.01,-0.95,675.6,OHLC,↓,LH/LL,DT,False,265,3,universe
AIR,2026-09-21,116.26,5.22,False,131.11,-0.735,-1.47,True,70.2,1.26,69.0,False,4.49,3.1,31.5,15.7,D 趨勢弱,True,8:49,264.6,跌,242.0,23,True,1.0,-1.1304,-1.4893,-2.2135,True,False,-12.78,-2.85,130.73,-12.45,-2.77,43.2,OHLC,↓,LH/LL,自然反彈,False,265,3,universe
HROW,2026-09-21,33.92,1.66,False,37.7,-0.185,-0.82,True,69.2,0.6,68.6,False,4.91,2.88,0.4,0.4,D 趨勢弱,True,8:49,264.6,跌,127.0,17,True,1.0,-0.3459,-0.447,-0.9065,True,False,-11.13,-2.27,39.05,-15.12,-3.08,19.0,OHLC,↓,LH/LL,自然反彈,False,265,3,universe
CDRE,2026-09-21,26.63,1.26,False,29.78,-0.342,-1.75,True,68.9,0.53,68.4,False,4.72,3.13,0.0,0.0,D 趨勢弱,True,8:49,264.6,跌,271.0,20,True,1.0,-0.333,-0.396,-0.6753,True,False,-11.83,-2.51,29.88,-12.2,-2.59,11.6,OHLC,↓,LH/LL,自然反彈,False,265,3,universe
AFRM,2026-09-21,71.05,3.56,False,75.21,-0.121,-0.18,True,68.1,0.2,67.9,False,5.01,2.99,50.9,2.5,C 基底修復,True,8:49,264.6,跌,128.0,15,True,1.0,-0.0811,-0.1292,-1.8687,True,False,-5.85,-1.17,73.38,-3.28,-0.65,424.9,OHLC,—,LH/LL,DT,True,265,3,universe
BOOT,2026-09-21,124.33,6.17,False,148.66,-1.108,-1.57,True,67.9,0.92,67.0,False,4.96,3.08,0.0,0.0,D 趨勢弱,True,8:49,264.6,跌,142.0,19,True,1.0,-2.6661,-3.0032,-3.0631,True,False,-19.57,-3.94,144.39,-16.13,-3.25,84.1,OHLC,↓,LH/LL,DT,False,265,3,universe
BLDR,2026-09-21,58.52,2.85,False,63.06,-0.486,-1.74,True,67.8,0.87,67.0,False,4.88,3.17,0.0,0.0,D 趨勢弱,True,8:49,264.6,跌,157.0,22,True,1.0,-0.2295,-0.3334,-0.7685,True,False,-7.76,-1.59,60.37,-3.16,-0.65,219.0,OHLC,↓,LH/LL,DT,False,265,3,universe
SHAK,2026-09-21,56.96,2.78,False,67.15,-0.642,-0.94,True,67.5,0.96,66.5,False,4.88,3.24,10.0,0.0,D 趨勢弱,True,8:49,264.6,跌,153.0,18,True,1.0,-1.4565,-1.6923,-1.6942,True,False,-17.89,-3.66,63.65,-11.75,-2.41,67.7,OHLC,↓,LH/LL,自然反彈,False,265,3,universe
HLIT,2026-09-21,11.32,0.52,False,12.2,-0.02,-0.44,True,67.2,1.18,66.0,False,4.61,3.56,17.5,4.0,D 趨勢弱,True,8:49,264.6,跌,140.0,15,True,1.0,-0.0523,-0.0729,-0.2699,True,False,-7.76,-1.68,11.62,-2.65,-0.57,16.6,OHLC,↓,LH/LL,自然反彈,False,265,3,universe
CBRL,2026-09-21,44.87,2.32,False,52.69,-0.606,-1.32,True,66.4,0.06,66.3,False,5.17,3.17,30.6,-0.2,D 趨勢弱,True,8:49,264.6,跌,300.0,30,True,1.0,-1.005,-1.1651,-1.3185,True,False,-17.43,-3.37,50.53,-12.61,-2.44,41.4,OHLC,↓,LH/LL,自然反彈,False,265,3,universe
FWRG,2026-09-21,10.14,0.56,False,11.78,-0.067,-1.01,True,66.2,0.95,65.3,False,5.5,2.87,0.0,0.0,D 趨勢弱,True,8:49,264.6,跌,136.0,16,True,1.0,-0.1915,-0.2073,-0.214,True,False,-16.17,-2.94,12.29,-21.2,-3.86,11.6,OHLC,↓,LH/LL,DT,False,265,3,universe
LBRX,2026-09-21,42.99,2.15,False,46.28,-0.191,-0.1,True,65.5,0.74,64.8,False,5.01,3.5,73.2,14.9,B 上升結構,True,8:49,264.6,跌,237.0,21,True,1.0,-0.9327,-1.0431,-1.0906,True,False,-7.64,-1.53,47.78,-11.13,-2.22,12.1,OHLC,↓,LH/LL,自然反彈,False,258,3,universe
VSEC,2026-09-21,180.14,9.7,False,207.8,-1.948,-1.1,True,63.5,1.08,62.4,False,5.39,3.53,5.8,0.2,D 趨勢弱,True,8:49,264.6,跌,148.0,21,True,1.0,-2.6796,-3.306,-4.0858,True,False,-15.36,-2.85,184.81,-2.59,-0.48,65.9,OHLC,↓,LH/LL,自然反彈,False,265,3,universe
KRUS,2026-09-21,35.73,2.03,False,43.51,-0.409,-1.71,True,62.8,1.72,61.1,False,5.69,3.36,0.0,0.0,D 趨勢弱,True,8:49,264.6,跌,154.0,19,True,1.0,-0.8176,-0.9836,-1.0309,True,False,-21.77,-3.83,45.88,-28.41,-4.99,7.9,OHLC,↓,LH/LL,自然反彈,False,265,3,universe
AMAT,2026-09-21,464.24,21.8,False,478.45,-2.007,-0.74,True,61.7,2.06,59.7,False,4.7,4.58,54.6,5.1,D 趨勢弱,True,9:31,285.3,升,9.0,1,False,1.0,2.3874,-0.3561,,False,True,-3.06,-0.65,472.79,-1.84,-0.39,3100.7,OHLC,↓,LH/LL,自然反彈,False,265,3,universe
MBC,2026-09-21,6.82,0.42,False,7.79,-0.107,-1.93,True,61.1,0.96,60.1,False,6.22,3.18,0.0,0.0,D 趨勢弱,True,8:49,264.6,跌,135.0,18,True,1.0,-0.1301,-0.1646,-0.1796,True,False,-14.27,-2.29,8.51,-24.78,-3.98,18.6,OHLC,↓,LH/LL,自然反彈,False,265,3,universe
ATRO,2026-09-21,68.62,3.85,False,76.68,-0.267,-0.73,True,60.5,1.09,59.4,False,5.62,3.92,42.2,8.1,C 基底修復,True,8:49,264.6,跌,200.0,21,True,1.0,-0.9325,-1.2275,-1.2972,True,False,-11.75,-2.09,76.26,-11.13,-1.98,46.5,OHLC,↓,LH/LL,自然反彈,False,265,3,universe
HOOD,2026-09-21,123.3,6.89,True,108.73,0.99,0.51,True,57.6,0.92,56.7,False,5.59,4.58,43.7,1.5,E 延伸,True,9:25,282.5,升,7.0,1,False,1.0,0.2984,-0.2768,,False,False,11.82,2.12,104.42,15.31,2.74,2905.9,OHLC,↑,HH/HL,UT,False,265,3,universe
PWP,2026-09-21,13.45,0.84,False,15.49,-0.171,-1.3,True,56.9,1.05,55.8,False,6.25,4.07,0.0,0.0,D 趨勢弱,True,8:49,264.6,跌,305.0,24,True,1.0,-0.3376,-0.4113,-0.4373,True,False,-15.16,-2.43,16.63,-23.64,-3.78,16.3,OHLC,↓,LH/LL,自然反彈,False,265,3,universe
OPEN,2026-09-21,2.68,0.17,False,3.22,-0.022,-1.24,True,54.2,1.13,53.0,False,6.51,4.42,10.0,0.0,D 趨勢弱,True,8:49,264.6,跌,102.0,14,True,1.0,-0.0144,-0.0283,-0.0989,True,False,-20.12,-3.09,3.15,-17.54,-2.69,82.2,OHLC,↓,LH/LL,自然反彈,False,265,3,universe
ASYS,2026-09-21,14.98,0.87,False,15.17,-0.017,-0.32,True,53.6,1.0,52.6,False,5.84,5.22,40.7,4.1,D 趨勢弱,True,9:36,288.0,升,10.0,1,False,1.0,0.0505,-0.02,,False,True,-1.24,-0.21,15.49,-3.4,-0.58,5.3,OHLC,↓,LH/LL,自然反彈,False,265,3,universe
ASMB,2026-09-21,25.44,1.78,False,30.93,-0.063,-0.8,True,53.5,1.93,51.6,False,7.0,4.09,6.4,-0.7,D 趨勢弱,True,6:07,183.5,跌,52.0,9,True,1.0,-1.2582,-1.3721,-1.3935,True,False,-21.57,-3.08,,,,9.6,OHLC,—,HH/HL,DT,False,265,3,universe
SBET,2026-09-21,9.98,0.63,True,8.06,0.123,0.61,True,53.4,1.23,52.2,False,6.28,4.83,32.0,2.6,E 延伸,True,9:23,281.6,升,6.0,1,False,1.0,0.0173,-0.0591,,False,False,19.23,3.06,8.2,17.84,2.84,93.1,OHLC,↑,HH/HL,UT,False,265,3,universe
CTNM,2026-09-21,13.55,0.96,False,15.06,-0.051,-0.55,True,53.1,1.39,51.7,False,7.09,4.09,14.4,-0.1,D 趨勢弱,True,8:31,255.5,跌,92.0,10,True,1.0,-0.3611,-0.3993,-0.4233,True,False,-11.17,-1.58,14.73,-8.71,-1.23,7.0,OHLC,↓,LH/LL,自然反彈,False,265,3,universe
GLW,2026-09-21,158.98,8.96,False,154.67,-0.358,-0.13,True,52.9,1.68,51.3,False,5.64,5.58,65.5,10.0,D 趨勢弱,True,9:32,286.0,升,9.0,1,False,1.0,0.3312,-0.3556,,False,True,2.71,0.48,142.35,10.46,1.86,1450.4,OHLC,—,HH/HL,自然反彈,False,265,3,universe
CMCO,2026-09-21,15.53,0.88,False,17.73,-0.177,-1.37,True,52.0,0.38,51.7,False,5.68,5.75,22.0,-5.0,D 趨勢弱,True,8:49,264.6,跌,266.0,27,True,1.0,-0.2936,-0.297,-0.4343,True,False,-14.15,-2.49,17.74,-14.23,-2.5,6.7,OHLC,↓,LH/LL,DT,False,265,3,universe
FIP,2026-09-21,3.07,0.21,False,3.53,-0.043,-0.73,True,52.0,1.31,50.7,False,6.96,4.5,0.0,0.0,D 趨勢弱,True,8:49,264.6,跌,183.0,22,True,1.0,-0.0165,-0.0353,-0.0827,True,False,-15.13,-2.18,3.44,-12.05,-1.73,4.0,OHLC,↓,LH/LL,自然反彈,False,265,3,universe
TECX,2026-09-21,26.63,1.92,False,32.76,-0.049,-0.25,True,49.1,0.59,48.5,False,7.23,4.95,27.0,-0.9,D 趨勢弱,True,8:49,264.6,跌,140.0,15,True,1.0,-0.5082,-0.5361,-0.8163,True,False,-23.03,-3.19,37.71,-41.61,-5.76,5.6,OHLC,↓,LH/LL,DT,False,265,3,universe
STRO,2026-09-21,16.35,1.36,False,19.15,-0.203,-1.3,True,47.4,1.3,46.1,False,8.31,4.31,13.2,0.1,D 趨勢弱,True,8:06,243.2,跌,85.0,9,True,1.0,-0.1808,-0.2874,-0.556,True,False,-17.12,-2.06,20.82,-27.34,-3.29,5.0,OHLC,↓,LH/LL,自然反彈,False,265,3,universe
BKKT,2026-09-21,9.14,0.67,True,7.93,0.067,0.16,True,46.6,1.02,45.6,False,7.38,5.45,16.4,2.6,E 延伸,True,9:30,285.2,升,8.0,1,False,1.0,0.0686,-0.0074,,False,False,13.28,1.8,6.99,23.52,3.19,12.1,OHLC,↑,HH/HL,UT,False,265,3,universe
CRWV,2026-09-21,85.43,5.83,False,91.92,-0.272,-0.33,True,44.8,0.92,43.9,False,6.83,6.51,26.1,16.4,D 趨勢弱,True,6:54,206.8,跌,65.0,6,True,1.0,-0.6466,-0.9646,-1.4841,True,False,-7.59,-1.11,83.35,2.43,0.36,2281.6,OHLC,↓,LH/LL,自然反彈,False,265,3,universe
CRCL,2026-09-21,94.49,6.99,True,87.34,0.845,0.62,True,44.7,0.44,44.2,False,7.4,5.97,27.1,2.1,D 趨勢弱,False,5:38,168.9,跌,44.0,8,True,1.0,-1.1188,-1.5789,-1.9703,True,False,7.57,1.02,90.32,4.41,0.6,1553.9,OHLC,—,HH/HL,自然反彈,False,265,3,universe
PLAY,2026-09-21,6.79,0.58,False,8.28,-0.093,-1.99,True,44.3,1.73,42.6,False,8.61,4.87,0.0,0.0,D 趨勢弱,True,8:49,264.6,跌,155.0,17,True,1.0,-0.1731,-0.2008,-0.2128,True,False,-21.99,-2.56,8.47,-24.74,-2.88,21.7,OHLC,↓,LH/LL,自然反彈,False,265,3,universe
FWDI,2026-09-21,8.17,0.59,True,6.16,0.121,0.68,True,44.1,1.35,42.7,False,7.26,6.29,35.0,0.0,E 延伸,True,9:48,294.0,升,13.0,1,False,1.0,0.0749,-0.0047,,False,False,24.57,3.38,5.89,27.91,3.84,21.4,OHLC,↑,HH/HL,UT,False,265,3,universe
UAMY,2026-09-21,4.91,0.36,False,5.21,-0.051,-0.52,True,43.4,1.47,41.9,False,7.27,6.48,18.2,8.2,D 趨勢弱,True,9:54,297.2,升,15.0,1,False,1.0,0.0043,-0.0191,,False,True,-6.02,-0.83,5.29,-7.74,-1.06,31.3,OHLC,↓,LH/LL,自然反彈,False,265,3,universe
WOLF,2026-09-21,27.71,2.34,False,27.92,-0.228,-0.07,True,38.0,1.54,36.5,False,8.44,7.02,44.8,16.9,D 趨勢弱,True,9:19,279.5,升,5.0,1,False,1.0,0.1806,-0.0509,,False,True,-0.77,-0.09,26.31,5.05,0.6,69.2,OHLC,↑,HH/HL,UT,False,246,3,universe
EIKN,2026-09-21,8.83,0.87,False,10.34,-0.005,-0.39,True,37.5,0.52,37.0,False,9.89,5.74,0.0,0.0,D 趨勢弱,True,8:49,264.6,跌,110.0,15,True,1.0,-0.227,-0.2591,-0.2977,True,False,-17.06,-1.72,9.49,-7.47,-0.76,5.5,OHLC,↓,LH/LL,自然反彈,False,157,3,universe
MOVE,2026-09-21,11.29,1.43,False,12.05,-0.017,-0.99,True,25.7,1.39,24.3,False,12.66,8.26,26.9,1.3,E 延伸,False,5:44,171.8,跌,45.0,5,True,1.0,-0.1209,-0.1589,-0.389,True,True,-6.76,-0.53,10.95,3.01,0.24,6.7,OHLC,—,HH/HL,自然反彈,False,265,3,universe
EVV,2026-09-21,8.63,0.08,False,8.96,-0.03,-1.81,False,98.3,-0.02,98.3,True,0.93,0.49,16.1,-0.2,D 趨勢弱,True,8:49,264.6,跌,156.0,14,True,2.0,-0.0317,-0.0331,-0.0417,True,False,-3.78,-4.08,9.18,-6.37,-6.89,4.4,OHLC,↓,LH/LL,DT,False,265,3,universe
MYI,2026-09-21,10.02,0.11,False,10.5,-0.032,-1.47,False,97.7,-0.07,97.7,True,1.1,0.56,16.7,-0.4,D 趨勢弱,True,8:49,264.6,跌,147.0,14,True,2.0,-0.0377,-0.0379,-0.0499,True,False,-4.74,-4.32,10.8,-7.78,-7.09,3.8,OHLC,↓,LH/LL,DT,False,265,3,universe
MUA,2026-09-21,9.69,0.1,False,9.94,-0.015,-0.7,True,97.6,0.04,97.5,True,1.05,0.65,17.4,0.5,D 趨勢弱,False,10:26,313.0,升,24.0,2,False,2.0,0.0021,0.0009,,False,True,-2.56,-2.44,10.3,-6.3,-6.0,3.7,OHLC,↓,LH/LL,DT,False,265,3,universe
NEA,2026-09-21,10.31,0.13,False,10.91,-0.049,-1.91,True,96.8,0.08,96.7,True,1.24,0.74,14.5,1.6,D 趨勢弱,True,8:49,264.6,跌,153.0,14,False,2.0,-0.0631,-0.0613,-0.0631,False,False,-5.81,-4.68,11.28,-9.41,-7.58,15.7,OHLC,↓,LH/LL,DT,False,265,3,universe
PML,2026-09-21,6.83,0.09,False,7.16,-0.025,-1.22,False,96.8,-0.08,96.9,True,1.31,0.67,14.5,-0.0,D 趨勢弱,True,8:49,264.6,跌,138.0,14,True,2.0,-0.0289,-0.0321,-0.0438,True,False,-4.8,-3.66,7.0,-2.49,-1.9,3.1,OHLC,↓,LH/LL,DT,False,265,3,universe
SOMN,2026-09-21,45.74,0.57,False,47.55,-0.011,-0.43,True,96.5,0.08,96.4,True,1.24,0.82,14.4,-0.1,D 趨勢弱,True,8:04,242.1,跌,84.0,7,False,2.0,-0.1477,-0.1468,-0.1488,False,False,-3.96,-3.19,48.24,-5.47,-4.4,16.5,OHLC,↓,LH/LL,DT,False,220,3,universe
RQI,2026-09-21,11.57,0.17,False,12.06,-0.027,-1.09,False,95.6,-0.03,95.6,True,1.51,0.84,15.1,3.0,D 趨勢弱,True,8:49,264.6,跌,171.0,29,True,2.0,-0.0477,-0.0661,-0.07,True,False,-4.23,-2.8,12.1,-4.58,-3.03,7.1,OHLC,↓,LH/LL,DT,False,265,3,universe
FSCO,2026-09-21,5.39,0.08,True,5.18,0.015,0.68,False,95.5,-0.35,95.8,True,1.49,0.9,31.7,-2.5,C 基底修復,True,9:24,281.8,升,7.0,1,False,2.0,0.0044,-0.0029,,False,False,3.9,2.62,5.13,4.82,3.25,4.5,OHLC,↑,HH/HL,UT,False,265,3,universe
NEE,2026-09-21,79.63,1.28,False,83.37,-0.134,-0.76,True,95.0,0.01,95.0,True,1.61,0.91,13.7,-0.7,D 趨勢弱,True,6:00,180.0,跌,50.0,7,False,2.0,-0.18,-0.1361,-0.4923,False,False,-4.69,-2.92,84.06,-5.56,-3.46,860.9,OHLC,↓,LH/LL,DT,False,265,3,universe
SO,2026-09-21,85.46,1.31,False,88.89,-0.316,-1.18,True,94.9,0.11,94.8,True,1.54,1.01,14.9,0.7,D 趨勢弱,True,6:02,180.9,跌,51.0,7,False,2.0,-0.0844,-0.078,-0.4703,False,False,-4.01,-2.61,87.22,-2.06,-1.34,543.7,OHLC,↓,LH/LL,DT,False,265,3,universe
PDO,2026-09-21,11.96,0.21,False,12.47,-0.035,-0.92,False,94.6,-0.22,94.9,True,1.76,0.86,15.8,0.9,D 趨勢弱,True,6:16,188.2,跌,55.0,6,True,2.0,-0.0421,-0.0452,-0.0541,True,False,-4.24,-2.42,12.73,-6.44,-3.67,13.3,OHLC,↓,LH/LL,DT,False,265,3,universe
DX,2026-09-21,12.07,0.2,False,12.73,-0.028,-0.77,True,94.5,0.04,94.5,True,1.66,0.98,10.2,-0.7,D 趨勢弱,True,8:49,264.6,跌,140.0,18,False,2.0,-0.0691,-0.0681,-0.0771,False,False,-5.49,-3.29,12.69,-5.14,-3.09,66.9,OHLC,↓,LH/LL,DT,False,265,3,universe
AEE,2026-09-21,101.83,1.65,False,106.34,-0.258,-0.73,True,94.0,0.25,93.8,True,1.62,1.16,20.6,-0.2,D 趨勢弱,True,6:39,199.7,跌,61.0,8,False,2.0,-0.2683,-0.2358,-0.4448,False,False,-4.43,-2.73,107.4,-5.47,-3.38,148.4,OHLC,↓,LH/LL,DT,False,265,3,universe
PPL,2026-09-21,33.05,0.54,False,34.79,-0.047,-0.4,True,94.0,0.05,94.0,True,1.63,1.15,23.7,-0.5,D 趨勢弱,True,7:00,210.0,跌,67.0,8,False,2.0,-0.1145,-0.1057,-0.1293,False,False,-5.28,-3.23,35.11,-6.23,-3.81,231.9,OHLC,↓,LH/LL,DT,False,265,3,universe
AEP,2026-09-21,120.03,2.03,False,123.07,-0.306,-0.74,True,93.9,0.19,93.7,True,1.69,1.13,18.7,0.6,D 趨勢弱,False,4:32,135.8,跌,25.0,4,False,2.0,-0.1528,-0.1216,-0.9056,False,True,-2.53,-1.5,125.42,-4.49,-2.65,450.4,OHLC,↓,LH/LL,DT,False,265,3,universe
CNI,2026-09-21,117.51,2.12,False,124.0,-0.296,-0.53,True,93.6,0.05,93.6,True,1.81,1.09,47.1,2.7,C 基底修復,True,8:49,264.6,跌,405.0,37,False,2.0,-0.5036,-0.4292,-0.8509,False,False,-5.53,-3.06,123.09,-4.75,-2.63,163.5,OHLC,↓,LH/LL,DT,False,265,3,universe
EXC,2026-09-21,41.98,0.74,False,43.93,-0.112,-0.76,True,93.2,0.25,93.0,True,1.77,1.21,13.3,0.2,D 趨勢弱,True,8:49,264.6,跌,247.0,37,False,2.0,-0.1048,-0.1034,-0.211,False,False,-4.64,-2.62,44.59,-6.22,-3.51,312.9,OHLC,↓,LH/LL,DT,False,265,3,universe
PFS,2026-09-21,22.93,0.42,False,23.65,-0.044,-1.03,True,93.1,0.15,93.0,True,1.81,1.2,40.1,-1.4,C 基底修復,True,8:49,264.6,跌,279.0,30,False,2.0,-0.0226,-0.015,-0.1921,False,False,-3.12,-1.72,23.64,-3.1,-1.71,18.8,OHLC,—,LH/LL,DT,True,265,3,universe
XEL,2026-09-21,71.85,1.34,False,76.07,-0.156,-0.71,True,93.1,0.21,92.9,True,1.87,1.14,12.7,-0.1,D 趨勢弱,True,8:49,264.6,跌,237.0,21,False,2.0,-0.3306,-0.3096,-0.3348,False,False,-5.88,-3.15,77.06,-7.25,-3.88,416.5,OHLC,↓,LH/LL,DT,False,265,3,universe
ETR,2026-09-21,101.58,1.97,False,105.83,-0.182,-0.56,True,92.9,0.12,92.7,True,1.94,1.14,23.2,0.3,D 趨勢弱,True,6:02,180.9,跌,51.0,6,False,2.0,-0.3788,-0.3522,-0.882,False,False,-4.18,-2.16,,,,278.6,OHLC,—,HH/HL,DT,False,265,3,universe
ASB,2026-09-21,29.36,0.57,False,30.59,-0.059,-0.73,True,92.5,0.0,92.5,True,1.96,1.21,40.0,-1.9,C 基底修復,True,8:49,264.6,跌,194.0,23,False,2.0,-0.1059,-0.0906,-0.1762,False,False,-4.17,-2.13,31.2,-6.27,-3.21,63.7,OHLC,↓,LH/LL,DT,False,265,3,universe
HESM,2026-09-21,39.58,0.81,False,39.94,-0.003,-0.08,True,92.4,0.0,92.4,True,2.05,1.14,56.8,-1.5,C 基底修復,False,5:20,160.0,跌,39.0,5,False,2.0,-0.0441,-0.0165,-0.1994,False,True,-0.9,-0.44,39.8,-0.56,-0.27,53.0,OHLC,—,HH/HL,自然回檔,True,265,3,universe
PAG,2026-09-21,212.16,3.13,False,216.9,-0.089,-0.23,False,92.3,-0.02,92.3,True,1.48,1.74,66.8,-4.3,C 基底修復,True,8:49,264.6,跌,373.0,33,False,2.0,-1.0641,-1.0128,-1.4478,False,True,-2.24,-1.51,221.04,-4.19,-2.84,69.5,OHLC,—,LH/LL,自然回檔,False,265,3,universe
FISI,2026-09-21,40.33,0.79,False,40.97,-0.035,-0.46,False,91.9,-0.02,91.9,True,1.96,1.35,56.6,-6.8,C 基底修復,True,8:49,264.6,跌,304.0,30,False,2.0,-0.0859,-0.0725,-0.2565,False,True,-1.58,-0.81,40.38,-0.12,-0.06,5.9,OHLC,—,HH/HL,DT,False,265,3,universe
NHI,2026-09-21,67.87,1.5,False,71.27,-0.238,-0.84,True,90.2,0.24,90.0,True,2.22,1.47,6.8,0.3,D 趨勢弱,True,8:49,264.6,跌,103.0,16,False,2.0,-0.2126,-0.2094,-0.9077,False,False,-5.01,-2.26,72.73,-7.16,-3.23,24.1,OHLC,↓,LH/LL,DT,False,265,3,universe
GNTX,2026-09-21,22.13,0.49,False,23.09,-0.044,-0.5,True,89.7,0.35,89.3,True,2.2,1.6,21.1,-0.1,D 趨勢弱,True,8:49,264.6,跌,137.0,17,False,2.0,-0.0293,-0.0233,-0.1463,False,False,-4.32,-1.96,22.8,-3.03,-1.37,53.5,OHLC,—,LH/LL,DT,True,265,3,universe
SOBO,2026-09-21,35.1,0.84,True,36.97,0.013,0.07,False,89.6,-0.25,89.8,True,2.39,1.44,39.2,-5.9,C 基底修復,True,7:33,226.4,跌,76.0,9,False,2.0,-0.2092,-0.1916,-0.3059,False,False,-5.32,-2.23,37.85,-7.83,-3.28,21.3,OHLC,↓,LH/LL,DT,False,265,3,universe
AGM,2026-09-21,218.97,5.46,False,224.64,-0.44,-0.68,False,88.8,-0.1,88.9,True,2.49,1.52,55.2,1.1,C 基底修復,True,8:49,264.6,跌,337.0,26,False,2.0,-0.8304,-0.6572,-3.0935,False,True,-2.59,-1.04,221.49,-1.15,-0.46,24.2,OHLC,—,HH/HL,自然回檔,True,265,3,universe
KEX,2026-09-21,135.63,3.2,True,138.34,0.299,0.47,False,87.2,-0.26,87.5,True,2.36,1.97,57.7,-4.5,C 基底修復,False,5:22,161.1,跌,40.0,8,False,2.0,-0.3978,-0.2529,-1.8335,False,True,-2.0,-0.85,140.83,-3.83,-1.63,51.4,OHLC,—,LH/LL,DT,True,265,3,universe
TCEHY,2026-09-21,55.85,1.24,False,56.5,-0.23,-0.85,False,86.5,-0.19,86.7,True,2.22,2.25,22.7,4.3,D 趨勢弱,True,9:35,287.3,升,10.0,1,False,2.0,0.0287,-0.0945,,False,True,-1.16,-0.52,55.79,0.11,0.05,159.3,OHLC,—,LH/LL,自然反彈,True,265,3,universe
FSK,2026-09-21,11.43,0.3,False,12.03,-0.036,0.27,True,85.2,0.25,84.9,True,2.62,2.11,23.9,3.1,D 趨勢弱,True,8:49,264.6,跌,284.0,22,False,2.0,-0.1252,-0.1249,-0.1252,False,False,-5.29,-2.02,12.56,-9.93,-3.79,18.9,OHLC,↓,LH/LL,DT,False,265,3,universe
UVE,2026-09-21,43.62,1.04,False,43.41,-0.024,-0.06,True,85.0,0.06,84.9,True,2.38,2.39,83.3,-0.2,A 待突破,False,5:40,170.0,跌,44.0,4,False,2.0,-0.0796,-0.031,-0.2742,False,True,0.48,0.2,43.71,-0.21,-0.09,6.6,OHLC,—,HH/HL,次級回檔,True,265,3,universe
TEL,2026-09-21,210.01,6.14,False,206.58,-0.307,-0.25,True,84.4,0.33,84.1,True,2.92,1.97,37.3,8.0,D 趨勢弱,False,10:07,303.5,升,19.0,2,False,2.0,0.3478,0.0014,,False,True,1.63,0.56,211.78,-0.84,-0.29,438.7,OHLC,—,LH/LL,次級反彈,True,265,3,universe
FAF,2026-09-21,69.26,1.99,False,72.64,-0.149,-0.44,True,84.3,0.63,83.7,True,2.88,2.03,38.4,0.7,C 基底修復,True,6:57,208.7,跌,66.0,10,False,2.0,-0.4035,-0.3239,-0.6028,False,False,-4.88,-1.7,74.06,-6.93,-2.41,58.5,OHLC,↓,LH/LL,DT,False,265,3,universe
TSM,2026-09-21,445.14,10.83,True,423.49,0.78,0.24,True,84.0,0.22,83.8,True,2.43,2.54,72.5,1.2,B 上升結構,False,10:15,307.4,升,21.0,2,False,2.0,1.552,0.528,,False,False,4.86,2.0,434.16,2.47,1.01,4383.5,OHLC,↑,HH/HL,UT,False,265,3,universe
MAT,2026-09-21,13.08,0.41,False,14.27,-0.05,-0.91,False,83.2,-0.14,83.3,True,3.12,2.01,3.9,-2.4,D 趨勢弱,True,8:49,264.6,跌,122.0,14,True,2.0,-0.1382,-0.1419,-0.1558,True,False,-9.13,-2.93,14.24,-8.87,-2.84,50.2,OHLC,↓,LH/LL,DT,False,265,3,universe
BWA,2026-09-21,63.32,1.91,False,65.86,-0.182,-0.24,True,83.1,0.7,82.4,True,3.02,2.12,45.5,2.1,C 基底修復,False,5:44,172.2,跌,46.0,6,True,2.0,-0.2352,-0.2637,-0.4317,True,False,-4.01,-1.33,67.54,-6.66,-2.2,122.6,OHLC,↓,LH/LL,自然反彈,False,265,3,universe
MGA,2026-09-21,63.01,1.83,False,66.97,-0.204,-0.62,True,82.9,0.55,82.3,True,2.9,2.28,48.7,0.4,D 趨勢弱,True,8:49,264.6,跌,174.0,20,False,2.0,-0.2933,-0.2849,-0.8239,False,False,-6.28,-2.17,64.82,-2.87,-0.99,78.5,OHLC,↓,LH/LL,DT,False,265,3,universe
F,2026-09-21,13.17,0.44,False,13.88,-0.025,-0.39,True,82.3,0.52,81.8,True,3.33,1.97,18.5,3.0,D 趨勢弱,True,8:41,260.5,跌,95.0,9,False,2.0,-0.0809,-0.0721,-0.0857,False,False,-5.41,-1.63,14.26,-8.28,-2.49,635.9,OHLC,↓,LH/LL,DT,False,265,3,universe
MCHPP,2026-09-21,64.36,1.96,False,63.99,-0.069,-0.23,True,78.4,0.74,77.6,True,3.05,3.0,31.8,13.9,C 基底修復,False,10:06,303.1,升,18.0,2,False,2.0,0.2726,0.085,,False,True,0.57,0.19,64.04,0.5,0.16,19.9,OHLC,—,LH/LL,自然反彈,True,265,3,universe
PHIN,2026-09-21,60.34,2.12,False,67.84,-0.391,-1.91,False,77.9,-0.22,78.1,True,3.52,2.61,5.2,-0.3,D 趨勢弱,True,8:49,264.6,跌,405.0,37,True,2.0,-0.4075,-0.4157,-0.52,True,False,-12.42,-3.53,69.04,-14.42,-4.1,22.9,OHLC,↓,LH/LL,DT,False,265,3,universe
MDGL,2026-09-21,521.96,18.21,True,528.91,0.794,0.36,False,77.6,-0.52,78.1,True,3.49,2.7,51.9,-10.5,C 基底修復,False,4:55,147.3,跌,32.0,5,False,2.0,-1.8048,-1.2023,-9.1609,False,True,-1.33,-0.38,534.16,-2.34,-0.67,111.5,OHLC,—,HH/HL,DT,True,265,3,universe
ARVN,2026-09-21,8.3,0.33,False,8.84,-0.012,-0.27,True,74.9,0.53,74.3,False,3.99,2.72,7.7,6.1,D 趨勢弱,True,8:49,264.6,跌,217.0,16,True,2.0,-0.1138,-0.131,-0.1595,True,False,-6.46,-1.62,9.59,-15.54,-3.89,6.6,OHLC,↓,LH/LL,DT,False,265,3,universe
WLDN,2026-09-21,80.22,2.94,False,84.36,-0.096,0.38,True,74.6,0.8,73.8,False,3.66,3.11,30.0,-0.4,D 趨勢弱,True,7:47,233.5,跌,80.0,11,True,2.0,-0.8847,-1.0301,-1.2692,True,False,-5.16,-1.41,85.58,-6.68,-1.83,15.3,OHLC,↓,LH/LL,自然反彈,False,265,3,universe
SPXC,2026-09-21,181.19,7.06,False,196.47,-1.084,-1.13,True,74.3,0.38,73.9,False,3.9,2.92,3.6,1.2,D 趨勢弱,True,8:49,264.6,跌,150.0,22,True,2.0,-0.7223,-1.0165,-2.3243,True,False,-8.43,-2.16,191.82,-5.87,-1.51,87.9,OHLC,↓,LH/LL,DT,False,265,3,universe
ADBE,2026-09-21,249.52,9.9,False,264.82,-0.581,-0.17,True,73.3,0.54,72.7,False,3.97,3.04,6.8,0.2,D 趨勢弱,True,8:49,264.6,跌,246.0,12,True,2.0,-3.4084,-3.6912,-5.1951,True,False,-6.13,-1.54,265.6,-6.44,-1.62,1379.2,OHLC,—,LH/LL,DT,True,265,3,universe
IPI,2026-09-21,36.92,1.76,True,38.61,0.026,0.38,False,73.0,-0.91,73.9,False,4.78,2.28,44.7,-3.1,C 基底修復,True,6:11,185.7,跌,53.0,6,False,2.0,-0.4705,-0.3835,-0.4705,False,True,-4.58,-0.96,38.17,-3.39,-0.71,7.9,OHLC,—,HH/HL,DT,False,265,3,universe
NKTR,2026-09-21,66.84,2.85,False,71.67,-0.292,-0.6,True,72.4,0.04,72.3,False,4.26,2.92,26.1,-0.3,D 趨勢弱,True,8:49,264.6,跌,130.0,25,True,2.0,-0.7486,-0.7943,-0.9143,True,False,-7.23,-1.7,68.36,-2.27,-0.53,54.0,OHLC,↓,LH/LL,自然回檔,False,265,3,universe
STOK,2026-09-21,28.05,1.3,False,30.99,-0.131,-0.28,True,72.1,0.0,72.1,False,4.64,2.59,6.3,2.7,D 趨勢弱,True,8:49,264.6,跌,151.0,16,True,2.0,-0.2398,-0.2554,-0.3643,True,False,-10.47,-2.26,28.93,-3.14,-0.68,21.9,OHLC,—,LH/LL,自然回檔,True,265,3,universe
ALB,2026-09-21,112.92,5.4,False,127.65,-0.488,-0.42,True,70.7,1.32,69.4,False,4.78,2.71,9.0,0.1,D 趨勢弱,True,8:49,264.6,跌,114.0,12,True,2.0,-1.951,-2.2977,-2.7856,True,False,-13.04,-2.73,115.05,-1.89,-0.39,275.2,OHLC,↓,LH/LL,自然回檔,False,265,3,universe
ESAB,2026-09-21,67.01,2.98,False,75.75,-0.899,-1.53,True,70.7,0.63,70.1,False,4.45,3.04,0.3,0.3,D 趨勢弱,True,8:49,264.6,跌,296.0,27,True,2.0,-0.3285,-0.5286,-1.042,True,False,-13.04,-2.93,70.0,-4.46,-1.0,56.8,OHLC,↓,LH/LL,自然反彈,False,265,3,universe
MBUU,2026-09-21,23.63,1.13,False,26.85,-0.153,-0.82,True,70.6,1.11,69.5,False,4.79,2.72,0.0,0.0,D 趨勢弱,True,8:49,264.6,跌,235.0,20,True,2.0,-0.3066,-0.37,-0.4154,True,False,-13.61,-2.84,27.88,-17.99,-3.76,6.9,OHLC,↓,LH/LL,DT,False,265,3,universe
TLRY,2026-09-21,4.08,0.19,False,4.46,-0.017,-0.49,True,69.9,1.35,68.6,False,4.63,3.01,12.4,2.4,D 趨勢弱,True,8:49,264.6,跌,186.0,16,True,2.0,-0.0395,-0.0553,-0.0704,True,False,-9.2,-1.99,3.87,5.15,1.11,14.3,OHLC,—,HH/HL,自然反彈,False,265,3,universe
GTLB,2026-09-21,49.79,2.17,True,46.25,0.509,0.73,True,69.3,1.33,67.9,False,4.36,3.41,63.5,0.7,E 延伸,True,8:49,264.6,跌,119.0,8,False,2.0,-0.1497,-0.1331,-0.355,False,False,7.11,1.63,46.33,6.95,1.59,289.5,OHLC,—,HH/HL,自然回檔,True,265,3,universe
EZPW,2026-09-21,30.11,1.33,True,31.25,0.16,0.22,True,68.8,0.14,68.6,False,4.4,3.47,56.6,-0.2,C 基底修復,False,5:41,170.4,跌,45.0,7,False,2.0,-0.3478,-0.3042,-0.4393,False,True,-3.78,-0.86,31.64,-5.08,-1.15,26.3,OHLC,↓,LH/LL,DT,False,265,3,universe
PCOR,2026-09-21,51.69,2.31,False,58.58,-0.095,0.01,True,68.8,0.94,67.8,False,4.48,3.39,15.0,0.0,D 趨勢弱,True,8:49,264.6,跌,157.0,19,True,2.0,-1.0789,-1.2083,-1.5357,True,False,-13.33,-2.98,56.74,-9.77,-2.18,135.9,OHLC,↓,LH/LL,DT,False,265,3,universe
IMNM,2026-09-21,25.07,1.19,False,26.61,-0.029,-0.22,True,68.5,0.8,67.7,False,4.76,3.16,44.8,8.5,D 趨勢弱,True,8:49,264.6,跌,128.0,16,True,2.0,-0.3669,-0.5033,-0.6148,True,False,-6.14,-1.29,29.38,-17.21,-3.62,27.7,OHLC,↓,LH/LL,自然反彈,False,265,3,universe
MCFT,2026-09-21,19.68,1.08,False,22.4,-0.242,-1.05,True,68.3,0.74,67.5,False,5.51,2.46,5.0,0.0,D 趨勢弱,True,8:49,264.6,跌,195.0,18,True,2.0,-0.2876,-0.3467,-0.5024,True,False,-13.82,-2.51,20.07,-1.98,-0.36,5.4,OHLC,↓,LH/LL,自然回檔,False,265,3,universe
GT,2026-09-21,5.02,0.25,False,5.8,-0.069,-1.42,True,68.2,0.21,67.9,False,5.04,2.95,1.0,1.0,D 趨勢弱,True,6:51,205.7,跌,64.0,9,True,2.0,-0.0698,-0.0749,-0.1594,True,False,-15.63,-3.1,6.18,-23.11,-4.58,47.3,OHLC,↓,LH/LL,DT,False,265,3,universe
AEO,2026-09-21,15.46,0.72,False,16.1,-0.046,-0.47,True,67.8,1.19,66.6,False,4.67,3.39,11.6,6.3,D 趨勢弱,False,5:37,168.3,跌,43.0,8,True,2.0,-0.1028,-0.1607,-0.2087,True,True,-4.13,-0.89,15.43,0.19,0.04,120.8,OHLC,↓,LH/LL,自然反彈,False,265,3,universe
AVBP,2026-09-21,29.74,1.42,False,29.73,-0.028,-0.24,False,67.6,-1.1,68.7,False,4.76,3.33,52.5,4.5,C 基底修復,True,6:12,186.0,跌,53.0,8,True,2.0,-0.0363,-0.1459,-0.3978,True,True,0.03,0.01,31.03,-4.34,-0.91,15.8,OHLC,↓,LH/LL,自然反彈,False,265,3,universe
CAR,2026-09-21,117.26,5.74,False,132.46,-0.931,-1.0,True,67.6,1.06,66.6,False,4.9,3.19,8.5,0.0,D 趨勢弱,True,8:49,264.6,跌,101.0,10,True,2.0,-1.3399,-1.654,-1.982,True,False,-12.96,-2.65,141.3,-20.5,-4.19,48.0,OHLC,↓,LH/LL,自然反彈,False,265,3,universe
CCC,2026-09-21,6.5,0.31,False,7.01,-0.006,-0.1,True,67.0,0.29,66.7,False,4.83,3.38,23.2,-1.3,D 趨勢弱,True,8:49,264.6,跌,135.0,16,True,2.0,-0.1161,-0.1261,-0.1506,True,False,-7.77,-1.61,7.51,-15.54,-3.22,69.6,OHLC,↓,LH/LL,自然反彈,False,265,3,universe
CRVS,2026-09-21,12.42,0.65,False,13.69,-0.032,-0.68,True,66.6,0.09,66.6,False,5.23,3.05,16.7,-3.3,D 趨勢弱,True,8:49,264.6,跌,112.0,20,True,2.0,-0.1642,-0.181,-0.3058,True,False,-10.25,-1.96,14.65,-17.95,-3.43,13.3,OHLC,↓,LH/LL,自然反彈,False,265,3,universe
PTLO,2026-09-21,3.73,0.19,False,4.47,-0.014,-0.7,True,66.5,0.84,65.7,False,5.02,3.29,0.0,0.0,D 趨勢弱,True,8:49,264.6,跌,175.0,17,True,2.0,-0.0677,-0.0761,-0.0859,True,False,-19.74,-3.93,4.5,-20.64,-4.11,4.7,OHLC,↓,LH/LL,DT,False,265,3,universe
BNED,2026-09-21,10.74,0.52,False,11.72,-0.036,-0.53,True,66.3,4.47,61.8,False,4.81,3.55,32.3,1.3,D 趨勢弱,True,7:17,218.3,跌,71.0,9,True,2.0,-0.112,-0.1389,-0.1682,True,False,-9.14,-1.9,11.23,-4.56,-0.95,3.5,OHLC,↓,LH/LL,自然反彈,False,265,3,universe
BL,2026-09-21,28.57,1.4,False,30.57,-0.048,-0.31,True,65.6,1.29,64.3,False,4.9,3.59,14.5,-0.0,D 趨勢弱,True,7:54,236.9,跌,82.0,10,True,2.0,-0.3704,-0.4317,-0.5186,True,False,-6.99,-1.43,30.29,-6.02,-1.23,26.5,OHLC,↓,LH/LL,DT,False,265,3,universe
BBAI,2026-09-21,2.9,0.14,False,3.05,-0.014,-0.24,True,65.5,1.15,64.4,False,4.98,3.53,19.5,6.1,D 趨勢弱,True,8:48,263.8,跌,97.0,14,True,2.0,-0.0024,-0.0118,-0.0258,True,False,-5.08,-1.02,2.88,0.69,0.14,46.2,OHLC,—,LH/LL,自然反彈,True,265,3,universe
WHR,2026-09-21,32.64,1.7,False,37.61,-0.352,-1.44,True,65.4,0.32,65.1,False,5.2,3.33,0.0,0.0,D 趨勢弱,True,8:49,264.6,跌,232.0,24,True,2.0,-0.5695,-0.6707,-0.749,True,False,-15.24,-2.93,39.3,-20.4,-3.92,87.6,OHLC,↓,LH/LL,自然反彈,False,265,3,universe
INSM,2026-09-21,121.0,5.11,False,125.74,-0.512,0.49,True,65.3,0.38,64.9,False,4.22,4.33,36.7,4.9,D 趨勢弱,True,8:49,264.6,跌,168.0,20,False,2.0,-1.0439,-1.016,-1.2975,False,True,-3.92,-0.93,130.83,-8.12,-1.92,243.3,OHLC,—,LH/LL,自然回檔,True,265,3,universe
NVAX,2026-09-21,10.41,0.56,True,9.34,0.094,0.64,True,65.3,0.8,64.5,False,5.35,3.2,39.7,2.6,E 延伸,True,9:22,281.2,升,6.0,1,False,2.0,0.0061,-0.0285,,False,False,10.28,1.92,9.3,10.66,1.99,59.6,OHLC,↑,HH/HL,UT,False,265,3,universe
PDYN,2026-09-21,5.65,0.29,False,5.97,-0.008,-0.13,True,65.2,0.37,64.8,False,5.2,3.38,12.6,-18.5,D 趨勢弱,True,8:49,264.6,跌,225.0,20,True,2.0,-0.0071,-0.0075,-0.0941,True,False,-5.66,-1.09,5.77,-2.12,-0.41,4.3,OHLC,—,LH/LL,次級反彈,True,265,3,universe
TRVI,2026-09-21,14.89,0.72,False,16.96,-0.152,-1.04,True,65.2,0.52,64.7,False,4.84,3.74,46.3,-1.4,D 趨勢弱,True,8:49,264.6,跌,143.0,22,True,2.0,-0.1797,-0.1985,-0.2396,True,False,-13.94,-2.88,17.26,-15.92,-3.29,23.2,OHLC,↓,LH/LL,DT,False,265,3,universe
MNKD,2026-09-21,3.5,0.18,False,3.92,-0.023,-0.34,True,64.9,0.06,64.8,False,5.02,3.61,23.3,0.2,D 趨勢弱,True,8:49,264.6,跌,105.0,16,True,2.0,-0.0527,-0.0546,-0.0578,True,False,-12.12,-2.41,4.16,-18.86,-3.76,10.9,OHLC,↓,LH/LL,DT,False,265,3,universe
ZUMZ,2026-09-21,13.86,0.79,False,16.18,-0.177,-1.7,True,64.9,1.08,63.8,False,5.69,2.94,0.0,0.0,D 趨勢弱,True,8:49,264.6,跌,233.0,28,True,2.0,-0.3563,-0.4437,-0.4755,True,False,-16.74,-2.94,18.51,-33.55,-5.9,4.9,OHLC,↓,LH/LL,自然反彈,False,265,3,universe
ARXS,2026-09-21,51.21,2.56,False,53.45,-0.261,-0.71,False,64.7,-0.76,65.4,False,5.0,3.67,46.6,1.2,B 上升結構,True,8:49,264.6,跌,288.0,23,True,2.0,-0.2925,-0.39,-0.9813,True,True,-4.38,-0.88,54.75,-6.91,-1.38,38.1,OHLC,↓,LH/LL,自然反彈,False,109,3,universe
QXO,2026-09-21,12.2,0.62,False,13.28,-0.155,-1.37,True,64.6,0.35,64.2,False,5.06,3.64,6.5,6.5,D 趨勢弱,True,8:49,264.6,跌,213.0,24,True,2.0,-0.0651,-0.1365,-0.1687,True,False,-8.89,-1.76,11.64,4.59,0.91,189.8,OHLC,↓,LH/LL,自然反彈,False,265,3,universe
HBM,2026-09-21,26.65,1.36,False,27.76,-0.027,0.04,False,64.2,-0.21,64.4,False,5.09,3.68,74.2,-3.1,B 上升結構,True,8:44,261.8,跌,95.0,14,True,2.0,-0.2857,-0.3548,-0.5571,True,True,-4.15,-0.82,27.44,-2.96,-0.58,102.8,OHLC,↓,LH/LL,自然反彈,False,265,3,universe
OPRT,2026-09-21,8.32,0.33,True,7.76,0.009,0.88,True,63.8,0.75,63.1,False,3.99,4.86,58.2,-5.7,E 延伸,True,9:27,283.5,升,7.0,1,False,2.0,0.0126,-0.0013,,False,False,6.69,1.68,,,,3.7,OHLC,—,LH/LL,UT,True,265,3,universe
CAVA,2026-09-21,52.0,2.73,False,61.73,-0.392,-1.21,True,63.5,1.03,62.5,False,5.25,3.66,0.0,0.0,D 趨勢弱,True,8:49,264.6,跌,144.0,16,True,2.0,-0.7577,-1.0089,-1.408,True,False,-18.71,-3.56,55.88,-7.46,-1.42,172.7,OHLC,↓,LH/LL,自然反彈,False,265,3,universe
NUVB,2026-09-21,6.07,0.33,False,6.51,-0.008,-0.17,True,63.3,2.58,60.8,False,5.47,3.47,51.8,16.4,D 趨勢弱,True,8:49,264.6,跌,168.0,16,True,2.0,-0.0853,-0.1101,-0.1408,True,False,-7.22,-1.32,6.07,0.0,0.0,27.4,OHLC,↓,LH/LL,自然反彈,False,265,3,universe
SOUN,2026-09-21,6.17,0.32,False,6.87,-0.091,-0.54,True,63.2,1.07,62.1,False,5.17,3.81,13.5,3.5,D 趨勢弱,True,8:49,264.6,跌,199.0,19,True,2.0,-0.0732,-0.0976,-0.1053,True,False,-11.37,-2.2,6.47,-4.86,-0.94,141.9,OHLC,↓,LH/LL,自然反彈,False,265,3,universe
LSCC,2026-09-21,117.24,5.84,False,117.56,-0.539,-0.96,True,62.6,0.16,62.5,False,4.98,4.11,47.9,8.6,C 基底修復,True,9:42,291.2,升,12.0,1,False,2.0,0.4566,-0.1571,,False,True,-0.27,-0.06,117.49,-0.21,-0.04,184.0,OHLC,↓,LH/LL,自然反彈,False,265,3,universe
SGMT,2026-09-21,10.8,0.56,True,10.46,0.061,1.21,False,62.6,-0.74,63.4,False,5.18,3.92,82.9,-4.9,A 待突破,True,8:49,264.6,跌,126.0,15,False,2.0,-0.0898,-0.0813,-0.1319,False,True,3.18,0.61,10.71,0.83,0.16,10.6,OHLC,—,HH/HL,自然回檔,True,265,3,universe
FIGS,2026-09-21,13.13,0.65,False,14.19,-0.115,0.55,True,62.4,0.92,61.5,False,4.92,4.21,44.8,1.0,C 基底修復,True,6:34,197.2,跌,60.0,14,True,2.0,-0.2538,-0.2865,-0.3739,True,False,-8.09,-1.64,14.29,-8.83,-1.79,33.5,OHLC,↓,LH/LL,DT,False,265,3,universe
LEGN,2026-09-21,18.53,0.99,False,20.1,-0.09,-0.45,True,62.4,0.94,61.5,False,5.32,3.82,3.4,3.4,D 趨勢弱,True,6:05,182.3,跌,51.0,8,True,2.0,-0.1732,-0.2751,-0.5258,True,False,-8.49,-1.6,21.89,-18.13,-3.41,37.8,OHLC,↓,LH/LL,自然反彈,False,265,3,universe
KLAC,2026-09-21,183.97,8.55,False,184.26,-0.493,-0.41,True,62.3,1.17,61.1,False,4.65,4.52,46.1,5.3,D 趨勢弱,True,10:00,300.0,升,17.0,2,False,2.0,1.1664,0.3066,,False,True,-0.16,-0.03,186.78,-1.53,-0.33,1759.6,OHLC,↓,LH/LL,自然反彈,False,265,3,universe
IDR,2026-09-21,29.05,1.55,False,31.42,-0.204,-0.46,True,62.0,1.22,60.8,False,5.35,3.88,10.1,7.9,D 趨勢弱,True,8:49,264.6,跌,190.0,14,True,2.0,-0.2945,-0.3616,-0.4389,True,False,-8.16,-1.53,32.85,-13.08,-2.45,6.5,OHLC,↓,LH/LL,自然反彈,False,265,3,universe
DNN,2026-09-21,2.89,0.16,False,3.27,-0.007,-0.15,True,61.5,0.93,60.6,False,5.67,3.66,18.3,3.2,D 趨勢弱,True,8:49,264.6,跌,118.0,14,True,2.0,-0.0587,-0.0678,-0.0783,True,False,-13.32,-2.35,3.22,-11.42,-2.02,72.0,OHLC,↓,LH/LL,自然反彈,False,265,3,universe
CPS,2026-09-21,22.87,1.25,False,25.77,-0.385,-1.17,True,61.3,0.77,60.5,False,5.46,3.9,0.0,0.0,D 趨勢弱,True,8:49,264.6,跌,331.0,29,True,2.0,-0.2043,-0.2518,-0.3079,True,False,-12.67,-2.32,24.3,-6.25,-1.14,5.3,OHLC,↓,LH/LL,DT,False,265,3,universe
QS,2026-09-21,5.1,0.28,False,5.71,-0.027,-0.25,True,61.0,0.36,60.6,False,5.42,4.01,14.5,4.0,D 趨勢弱,True,8:49,264.6,跌,125.0,15,True,2.0,-0.0191,-0.0283,-0.1334,True,False,-11.94,-2.2,5.17,-1.37,-0.25,64.9,OHLC,↓,LH/LL,自然回檔,False,265,3,universe
HL,2026-09-21,18.35,1.03,True,19.34,0.058,0.41,False,60.3,-1.06,61.4,False,5.62,3.96,26.5,-14.3,D 趨勢弱,True,8:49,264.6,跌,140.0,14,False,2.0,-0.3697,-0.3687,-0.4361,False,True,-5.4,-0.96,18.96,-3.32,-0.59,599.6,OHLC,↓,LH/LL,自然回檔,False,265,3,universe
SGP,2026-09-21,27.96,1.59,True,27.64,0.101,0.75,False,59.9,-2.42,62.3,False,5.67,3.98,51.4,-3.2,B 上升結構,True,8:49,264.6,跌,100.0,9,False,2.0,-0.122,-0.0401,-0.1396,False,True,1.15,0.2,27.31,2.32,0.41,3.8,OHLC,—,HH/HL,自然回檔,True,156,3,universe
VCYT,2026-09-21,41.52,2.18,False,42.39,-0.155,-0.55,True,59.9,0.61,59.3,False,5.25,4.42,32.9,6.8,D 趨勢弱,True,9:23,281.7,升,6.0,1,False,2.0,0.0823,-0.0504,,False,True,-2.1,-0.4,43.86,-5.64,-1.07,56.4,OHLC,↓,LH/LL,自然反彈,False,265,3,universe
ARHS,2026-09-21,8.73,0.48,False,8.86,-0.049,-0.29,False,59.8,-0.41,60.2,False,5.52,4.16,41.2,24.2,C 基底修復,True,8:49,264.6,跌,132.0,20,True,2.0,-0.0392,-0.1314,-0.1926,True,True,-1.45,-0.26,8.12,6.99,1.27,9.7,OHLC,—,LH/LL,UT,False,265,3,universe
MU,2026-09-21,1043.96,49.22,True,954.96,6.509,0.47,True,59.5,2.17,57.3,False,4.71,5.04,74.5,2.6,C 基底修復,True,9:53,296.4,升,15.0,2,False,2.0,4.538,0.3668,,False,False,8.53,1.81,924.03,11.49,2.44,26246.3,OHLC,↑,HH/HL,UT,False,265,3,universe
RXRX,2026-09-21,3.97,0.21,True,3.44,0.043,0.48,True,59.3,1.15,58.1,False,5.35,4.44,29.4,-3.9,E 延伸,True,9:49,294.4,升,14.0,2,False,2.0,0.0532,0.026,,False,False,13.46,2.52,,,,70.4,OHLC,—,LH/LL,UT,False,265,3,universe
KYTX,2026-09-21,7.12,0.41,False,8.01,-0.026,-0.31,True,58.6,0.84,57.8,False,5.72,4.21,21.8,0.5,D 趨勢弱,True,8:49,264.6,跌,104.0,12,True,2.0,-0.1134,-0.1371,-0.177,True,False,-12.45,-2.18,8.78,-23.31,-4.08,5.1,OHLC,↓,LH/LL,自然反彈,False,265,3,universe
UPB,2026-09-21,5.36,0.34,False,6.44,-0.044,-0.62,True,58.3,1.27,57.0,False,6.41,3.6,0.0,0.0,D 趨勢弱,True,8:49,264.6,跌,172.0,17,True,2.0,-0.0786,-0.0955,-0.1105,True,False,-20.12,-3.14,6.19,-15.38,-2.4,3.3,OHLC,↓,LH/LL,DT,False,265,3,universe
UEC,2026-09-21,10.08,0.63,False,11.5,-0.036,-0.2,True,58.0,1.08,56.9,False,6.22,3.85,5.4,5.4,D 趨勢弱,True,8:49,264.6,跌,121.0,13,True,2.0,-0.2328,-0.2676,-0.2877,True,False,-14.06,-2.26,11.89,-17.96,-2.88,90.5,OHLC,↓,LH/LL,自然反彈,False,265,3,universe
GPCR,2026-09-21,36.81,2.37,False,44.56,-0.392,-1.11,True,57.8,1.56,56.3,False,6.43,3.67,10.8,-0.3,D 趨勢弱,True,8:49,264.6,跌,132.0,22,True,2.0,-0.7722,-1.0167,-1.1738,True,False,-21.06,-3.27,41.23,-12.01,-1.87,40.9,OHLC,↓,LH/LL,自然反彈,False,265,3,universe
FUN,2026-09-21,12.37,0.77,False,14.96,-0.151,-1.16,True,56.5,1.5,55.0,False,6.21,4.19,0.0,0.0,D 趨勢弱,True,8:41,260.5,跌,95.0,9,True,2.0,-0.1686,-0.2052,-0.2329,True,False,-20.95,-3.37,15.47,-25.06,-4.03,24.9,OHLC,↓,LH/LL,DT,False,265,3,universe
PLPC,2026-09-21,421.59,21.48,False,428.21,-1.715,-0.22,True,56.2,1.27,54.9,False,5.09,5.38,82.6,6.2,B 上升結構,True,9:32,286.2,升,9.0,1,False,2.0,0.3714,-0.644,,False,True,-1.57,-0.31,420.97,0.15,0.03,30.1,OHLC,—,LH/LL,自然反彈,True,265,3,universe
ATEX,2026-09-21,83.62,5.14,False,86.81,-0.386,-0.69,False,56.1,-0.1,56.2,False,6.15,4.34,54.4,12.6,C 基底修復,True,8:49,264.6,跌,136.0,14,True,2.0,-0.3682,-0.9728,-2.9253,True,True,-3.81,-0.62,93.25,-11.52,-1.87,27.4,OHLC,—,LH/LL,自然反彈,True,265,3,universe
LTBR,2026-09-21,6.79,0.43,False,7.5,-0.108,-1.55,True,55.9,0.53,55.4,False,6.35,4.18,3.2,3.2,D 趨勢弱,True,8:49,264.6,跌,233.0,24,True,2.0,-0.056,-0.0829,-0.1098,True,False,-10.51,-1.66,6.82,-0.44,-0.07,5.5,OHLC,↓,LH/LL,次級反彈,False,265,3,universe
PCT,2026-09-21,5.67,0.36,False,6.51,-0.053,-0.77,True,55.9,0.3,55.6,False,6.32,4.21,0.0,-10.0,D 趨勢弱,True,8:49,264.6,跌,101.0,18,True,2.0,-0.0425,-0.0542,-0.0814,True,False,-14.88,-2.35,6.02,-6.17,-0.98,18.5,OHLC,↓,LH/LL,自然反彈,False,265,3,universe
UUUU,2026-09-21,12.3,0.8,False,14.02,-0.077,-0.24,True,55.6,1.34,54.3,False,6.47,4.14,3.5,3.5,D 趨勢弱,True,8:49,264.6,跌,122.0,14,True,2.0,-0.2934,-0.362,-0.3957,True,False,-13.99,-2.16,11.98,2.6,0.4,82.2,OHLC,↓,LH/LL,自然反彈,False,265,3,universe
AEIS,2026-09-21,262.74,14.97,False,284.67,-2.134,-1.09,True,55.4,0.96,54.4,False,5.7,4.96,15.3,-10.4,D 趨勢弱,True,6:14,187.1,跌,54.0,6,True,2.0,-0.6329,-1.2933,-5.2808,True,False,-8.35,-1.47,287.09,-9.27,-1.63,149.1,OHLC,↓,LH/LL,自然反彈,False,265,3,universe
HTFL,2026-09-21,50.33,2.49,True,45.9,0.264,0.8,False,55.4,-0.28,55.7,False,4.96,5.69,67.5,2.9,B 上升結構,True,7:40,230.0,跌,78.0,11,True,2.0,-0.5553,-0.6032,-0.9079,True,False,8.81,1.78,49.88,0.89,0.18,104.0,OHLC,—,LH/LL,UT,False,265,3,universe
HPK,2026-09-21,7.95,0.51,True,8.14,0.021,0.5,False,54.2,-1.09,55.3,False,6.46,4.46,55.4,-11.4,A 待突破,True,6:19,189.3,跌,55.0,4,False,2.0,-0.0514,-0.0261,-0.0985,False,True,-2.39,-0.37,8.38,-5.41,-0.84,3.7,OHLC,↑,HH/HL,次級回檔,False,265,3,universe
NB,2026-09-21,3.72,0.23,False,4.42,-0.068,-1.14,True,53.9,0.95,52.9,False,6.29,4.71,11.7,1.7,D 趨勢弱,True,8:49,264.6,跌,216.0,23,True,2.0,-0.0215,-0.0399,-0.0777,True,False,-18.71,-2.97,4.14,-11.29,-1.79,9.6,OHLC,↓,LH/LL,自然反彈,False,265,3,universe
RNA,2026-09-21,9.19,0.66,False,11.44,-0.136,-1.25,True,53.2,1.64,51.6,False,7.19,3.97,0.0,0.0,D 趨勢弱,True,7:17,218.6,跌,71.0,10,True,2.0,-0.3945,-0.4395,-0.4689,True,False,-24.49,-3.41,,,,3.4,OHLC,—,HH/HL,自然反彈,False,142,3,universe
COIN,2026-09-21,201.05,12.68,True,176.2,1.969,0.43,True,52.9,0.85,52.0,False,6.31,4.93,25.4,0.4,E 延伸,True,9:30,285.2,升,8.0,1,False,2.0,0.8405,-0.4561,,False,False,12.36,1.96,,,,2135.5,OHLC,—,LH/LL,UT,False,265,3,universe
VIAV,2026-09-21,36.2,2.3,False,37.9,-0.178,-0.42,True,51.4,1.29,50.1,False,6.35,5.24,41.9,15.0,D 趨勢弱,True,9:47,293.6,升,13.0,1,False,2.0,0.0472,-0.0602,,False,True,-4.7,-0.74,33.3,8.01,1.26,160.1,OHLC,—,HH/HL,自然反彈,False,265,3,universe
SANA,2026-09-21,3.1,0.22,False,3.5,-0.008,-0.5,True,51.0,1.02,50.0,False,7.17,4.52,0.0,-0.2,D 趨勢弱,True,8:49,264.6,跌,130.0,14,True,2.0,-0.0667,-0.0807,-0.1153,True,False,-13.0,-1.81,3.2,-3.23,-0.45,10.8,OHLC,↓,LH/LL,自然反彈,False,265,3,universe
JACK,2026-09-21,13.34,0.91,False,16.63,-0.122,-0.65,True,50.9,1.21,49.7,False,6.79,4.92,24.3,0.9,D 趨勢弱,True,8:49,264.6,跌,208.0,25,True,2.0,-0.2565,-0.3007,-0.3113,True,False,-24.66,-3.63,16.14,-20.99,-3.09,7.5,OHLC,↓,LH/LL,自然反彈,False,265,3,universe
AMBA,2026-09-21,68.85,4.22,False,68.66,-0.543,-0.73,True,50.6,1.37,49.3,False,6.13,5.65,35.5,18.2,C 基底修復,True,9:55,297.4,升,15.0,2,False,2.0,0.3671,0.083,,False,True,0.28,0.05,68.8,0.07,0.01,127.1,OHLC,—,LH/LL,自然反彈,True,265,3,universe
SPRY,2026-09-21,4.35,0.32,False,5.41,-0.05,-0.7,True,50.2,5.54,44.7,False,7.37,4.51,10.0,0.0,D 趨勢弱,True,6:51,205.7,跌,64.0,9,True,2.0,-0.0939,-0.1242,-0.1938,True,False,-24.32,-3.3,5.46,-25.52,-3.46,6.7,OHLC,↓,LH/LL,自然反彈,False,265,3,universe
LEU,2026-09-21,154.85,11.39,False,170.01,-1.202,-0.8,True,48.8,1.27,47.6,False,7.36,4.88,2.9,2.9,D 趨勢弱,True,8:49,264.6,跌,213.0,16,True,2.0,-2.4132,-3.5162,-4.643,True,False,-9.79,-1.33,149.85,3.23,0.44,123.9,OHLC,↓,LH/LL,自然反彈,False,265,3,universe
ONTO,2026-09-21,275.98,17.29,False,287.34,-1.63,-0.32,True,48.8,1.65,47.1,False,6.26,6.0,44.9,6.8,C 基底修復,True,9:33,286.6,升,9.0,1,False,2.0,0.4266,-1.3304,,False,True,-4.12,-0.66,281.11,-1.86,-0.3,254.1,OHLC,↓,LH/LL,自然反彈,False,265,3,universe
OKLO,2026-09-21,40.18,2.87,False,41.18,-0.462,-0.39,True,48.2,1.49,46.7,False,7.14,5.28,11.4,8.0,D 趨勢弱,True,9:51,295.7,升,14.0,1,False,2.0,0.1091,-0.0999,,False,True,-2.5,-0.35,39.65,1.32,0.18,445.5,OHLC,↓,LH/LL,自然反彈,False,265,3,universe
SRZN,2026-09-21,16.53,1.43,False,21.96,-0.305,-0.58,True,47.8,0.68,47.1,False,8.63,3.88,18.8,-0.5,D 趨勢弱,True,8:49,264.6,跌,112.0,16,True,2.0,-0.5075,-0.5628,-0.6117,True,False,-32.82,-3.8,23.18,-40.23,-4.66,3.2,OHLC,↓,LH/LL,DT,False,265,3,universe
ACMR,2026-09-21,72.77,4.82,False,75.24,-0.681,-0.55,True,46.6,1.4,45.2,False,6.63,6.2,47.7,5.0,D 趨勢弱,True,9:29,284.7,升,8.0,1,False,2.0,0.1737,-0.2858,,False,True,-3.4,-0.51,76.91,-5.69,-0.86,65.3,OHLC,↓,LH/LL,自然反彈,False,265,3,universe
BHVN,2026-09-21,14.22,1.13,False,14.52,-0.016,-0.19,True,46.6,1.56,45.0,False,7.92,4.92,41.8,0.3,C 基底修復,False,5:52,176.2,跌,48.0,9,True,2.0,-0.098,-0.1973,-0.4009,True,True,-2.1,-0.27,14.14,0.56,0.07,57.6,OHLC,↓,LH/LL,自然反彈,False,265,3,universe
INDI,2026-09-21,3.21,0.24,False,3.85,-0.023,-0.24,True,44.9,1.72,43.2,False,7.46,5.85,10.1,-3.4,D 趨勢弱,True,8:49,264.6,跌,107.0,18,True,2.0,-0.0342,-0.0525,-0.1019,True,False,-19.86,-2.66,3.35,-4.36,-0.58,15.8,OHLC,↓,LH/LL,自然反彈,False,265,3,universe
SIMO,2026-09-21,269.0,18.99,True,249.21,0.486,-0.02,True,44.0,0.08,43.9,False,7.06,6.52,70.2,3.8,C 基底修復,True,9:56,298.2,升,16.0,2,False,2.0,1.7663,1.1467,,False,False,7.36,1.04,236.81,11.97,1.7,213.5,OHLC,↑,HH/HL,UT,False,265,3,universe
GEMI,2026-09-21,5.99,0.48,True,4.57,0.074,0.59,True,41.7,0.51,41.2,False,7.97,6.29,15.1,0.1,E 延伸,True,9:44,292.0,升,12.0,2,False,2.0,0.1315,0.0688,,False,False,23.71,2.97,4.39,26.71,3.35,19.3,OHLC,↑,HH/HL,UT,False,257,3,universe
DFDV,2026-09-21,6.51,0.55,True,5.02,0.123,0.7,True,40.1,1.71,38.4,False,8.39,6.37,35.0,1.1,E 延伸,True,9:27,283.4,升,7.0,1,False,2.0,0.0095,-0.0635,,False,False,22.93,2.73,5.87,9.83,1.17,16.8,OHLC,↑,HH/HL,UT,False,265,3,universe
XE,2026-09-21,16.37,1.53,False,17.97,-0.154,-0.48,True,38.6,1.72,36.9,False,9.35,5.91,4.5,4.5,D 趨勢弱,True,8:49,264.6,跌,440.0,22,True,2.0,-0.1232,-0.2196,-0.4126,True,False,-9.75,-1.04,15.64,4.46,0.48,119.2,OHLC,↓,LH/LL,自然反彈,False,103,3,universe
UMAC,2026-09-21,24.25,2.04,False,26.92,-0.006,-0.02,True,36.5,1.42,35.1,False,8.41,7.59,68.3,23.4,C 基底修復,True,8:49,264.6,跌,128.0,20,True,2.0,-0.1049,-0.2164,-0.7621,True,False,-11.0,-1.31,23.88,1.53,0.18,69.6,OHLC,—,LH/LL,自然反彈,True,265,3,universe
EVMN,2026-09-21,9.45,0.76,False,11.95,-0.128,-0.83,True,36.2,0.46,35.7,False,7.99,8.13,0.0,0.0,D 趨勢弱,True,8:49,264.6,跌,111.0,15,True,2.0,-0.2361,-0.2737,-0.3266,True,False,-26.45,-3.31,9.65,-2.12,-0.26,6.5,OHLC,↓,LH/LL,自然回檔,False,218,3,universe
ABTC,2026-09-21,10.3,0.86,True,8.39,0.133,0.63,True,35.7,0.3,35.4,False,8.32,7.97,15.0,0.0,E 延伸,True,9:28,284.2,升,8.0,2,False,2.0,0.1692,0.1005,,False,False,18.56,2.23,8.18,20.58,2.47,20.5,OHLC,↑,HH/HL,UT,False,265,3,universe
SHAZ,2026-09-21,59.93,5.51,True,60.18,0.438,0.13,True,33.0,0.66,32.4,False,9.19,8.17,48.5,20.5,D 趨勢弱,False,10:47,323.3,升,30.0,2,False,2.0,0.5526,0.2238,,False,True,-0.41,-0.05,54.86,8.46,0.92,89.0,OHLC,—,LH/LL,UT,True,149,3,universe
DAIC,2026-09-21,3.6,1.02,False,3.95,-0.0,0.44,True,5.0,0.14,4.9,False,28.34,28.21,15.0,0.0,E 延伸,True,9:30,285.1,升,8.0,2,False,2.0,0.0138,0.0074,,False,True,-9.85,-0.35,3.04,15.42,0.54,85.1,OHLC,—,HH/HL,次級回檔,False,265,3,universe
RAMP,2026-09-21,37.61,0.16,False,37.72,-0.004,-0.07,True,99.5,0.01,99.4,True,0.43,0.33,66.4,0.5,C 基底修復,False,3:41,110.3,跌,11.0,2,False,3.0,-0.0097,-0.0012,-0.118,False,True,-0.3,-0.69,37.81,-0.53,-1.23,45.3,OHLC,—,LH/LL,UT,False,265,3,universe
WDI,2026-09-21,12.26,0.13,False,12.68,-0.023,-1.39,True,97.6,0.07,97.6,True,1.04,0.63,12.9,0.7,D 趨勢弱,True,8:49,264.6,跌,158.0,21,False,3.0,-0.0146,-0.0214,-0.0771,True,False,-3.46,-3.32,12.39,-1.06,-1.02,3.7,OHLC,↓,LH/LL,DT,False,265,3,universe
RVT,2026-09-21,17.46,0.29,False,18.36,-0.051,-0.77,True,94.9,0.24,94.6,True,1.66,0.9,36.4,3.1,D 趨勢弱,True,8:49,264.6,跌,168.0,22,False,3.0,-0.1,-0.121,-0.1445,True,False,-5.15,-3.1,18.66,-6.87,-4.14,3.1,OHLC,↓,LH/LL,DT,False,265,3,universe
POR,2026-09-21,47.07,0.8,False,49.08,-0.079,-0.59,True,94.0,0.25,93.7,True,1.69,1.1,17.0,-0.7,D 趨勢弱,True,7:11,215.6,跌,70.0,15,False,3.0,-0.131,-0.1149,-0.4164,False,False,-4.28,-2.53,49.28,-4.7,-2.77,48.4,OHLC,↓,LH/LL,DT,False,265,3,universe
YORW,2026-09-21,32.19,0.59,True,33.35,0.062,0.42,False,93.0,-0.17,93.2,True,1.83,1.2,37.0,-13.6,C 基底修復,True,8:49,264.6,跌,193.0,14,False,3.0,-0.2618,-0.2368,-0.2618,False,False,-3.61,-1.97,34.43,-6.96,-3.8,4.2,OHLC,—,LH/LL,自然回檔,False,265,3,universe
AWR,2026-09-21,84.85,1.59,False,88.06,-0.048,0.11,True,92.9,0.03,92.9,True,1.88,1.19,51.1,-1.6,C 基底修復,True,8:49,264.6,跌,146.0,17,False,3.0,-0.4896,-0.4396,-0.5383,False,False,-3.78,-2.02,88.06,-3.78,-2.01,18.2,OHLC,↓,LH/LL,DT,False,265,3,universe
DOC,2026-09-21,20.72,0.39,False,20.78,-0.023,-0.79,True,92.8,0.15,92.6,True,1.86,1.23,47.7,-2.8,C 基底修復,False,10:05,302.7,升,18.0,1,False,3.0,0.0109,-0.0221,,False,True,-0.29,-0.16,20.74,-0.1,-0.05,96.2,OHLC,—,LH/LL,自然反彈,True,265,3,universe
ALX,2026-09-21,247.41,5.68,False,261.95,-0.698,-0.79,True,89.5,0.37,89.1,True,2.3,1.56,18.9,0.9,C 基底修復,True,8:49,264.6,跌,167.0,14,False,3.0,-1.3227,-1.6432,-3.0829,True,False,-5.88,-2.56,,,,10.3,OHLC,—,HH/HL,DT,False,265,3,universe
HCI,2026-09-21,184.19,4.3,False,186.05,-0.3,0.21,False,89.5,-0.29,89.8,True,2.33,1.52,51.7,-0.1,C 基底修復,True,8:35,257.4,跌,93.0,10,False,3.0,-0.4168,-0.2069,-1.1828,False,True,-1.01,-0.43,187.99,-2.06,-0.88,29.0,OHLC,—,LH/LL,自然回檔,True,265,3,universe
ADAM,2026-09-21,8.92,0.21,False,9.54,-0.071,-0.97,True,89.4,0.1,89.3,True,2.37,1.5,38.5,4.0,D 趨勢弱,True,8:49,264.6,跌,154.0,20,False,3.0,-0.0854,-0.0961,-0.1185,True,False,-6.92,-2.93,9.1,-2.02,-0.85,9.0,OHLC,—,LH/LL,自然回檔,False,265,3,universe
TR,2026-09-21,37.26,0.91,False,39.54,-0.068,-0.53,True,88.7,0.52,88.1,True,2.43,1.6,14.3,-2.2,D 趨勢弱,True,8:49,264.6,跌,118.0,15,False,3.0,-0.2459,-0.251,-0.3899,True,False,-6.11,-2.51,39.45,-5.88,-2.42,5.8,OHLC,↓,LH/LL,DT,False,265,3,universe
HEI/A,2026-09-21,226.67,6.33,False,244.2,-0.771,-1.44,True,88.0,0.88,87.1,True,2.79,1.38,13.8,4.8,D 趨勢弱,True,8:49,264.6,跌,239.0,23,False,3.0,-1.2069,-1.8801,-3.2172,True,False,-7.73,-2.77,,,,80.1,OHLC,—,HH/HL,自然反彈,False,265,3,universe
ADUS,2026-09-21,115.36,3.07,False,117.91,-0.098,0.07,False,87.8,-0.33,88.2,True,2.66,1.54,45.8,-18.2,C 基底修復,True,8:49,264.6,跌,269.0,35,False,3.0,-0.4413,-0.3319,-1.0119,False,True,-2.21,-0.83,115.88,-0.45,-0.17,24.1,OHLC,—,HH/HL,自然回檔,True,265,3,universe
VRTX,2026-09-21,510.72,12.06,True,530.75,0.566,0.57,False,87.7,-0.01,87.7,True,2.36,1.86,55.1,3.1,C 基底修復,True,8:49,264.6,跌,121.0,11,False,3.0,-4.8076,-5.2244,-5.9548,True,False,-3.92,-1.66,,,,502.7,OHLC,—,HH/HL,DT,False,265,3,universe
SFD,2026-09-21,19.86,0.51,False,21.63,-0.128,-1.84,True,87.4,0.38,87.0,True,2.57,1.72,4.1,1.2,D 趨勢弱,True,7:45,232.4,跌,79.0,9,False,3.0,-0.0502,-0.076,-0.417,True,False,-8.91,-3.47,22.4,-12.79,-4.98,40.9,OHLC,↓,LH/LL,DT,False,265,3,universe
HASI,2026-09-21,37.03,1.02,False,39.3,-0.115,-0.43,True,87.1,0.58,86.5,True,2.75,1.61,26.2,4.5,C 基底修復,True,8:49,264.6,跌,125.0,21,False,3.0,-0.2237,-0.2891,-0.4138,True,False,-6.13,-2.23,40.27,-8.75,-3.18,41.5,OHLC,↓,LH/LL,自然反彈,False,265,3,universe
HEI,2026-09-21,303.03,8.71,False,336.01,-1.71,-1.16,True,86.8,0.56,86.3,True,2.88,1.53,12.0,2.7,D 趨勢弱,True,8:49,264.6,跌,222.0,23,False,3.0,-1.5996,-2.4742,-4.9152,True,False,-10.88,-3.78,351.59,-16.02,-5.57,163.7,OHLC,↓,LH/LL,自然反彈,False,265,3,universe
JCI,2026-09-21,145.18,3.71,False,144.47,-0.239,-0.59,True,86.7,0.42,86.2,True,2.55,1.89,60.6,11.4,A 待突破,False,10:02,301.0,升,17.0,2,False,3.0,0.2797,0.0152,,False,True,0.49,0.19,145.41,-0.16,-0.06,462.4,OHLC,↓,LH/LL,次級反彈,False,265,3,universe
MTX,2026-09-21,66.67,1.92,False,70.65,-0.321,-0.99,True,86.7,0.27,86.5,True,2.88,1.54,18.6,1.0,C 基底修復,True,8:49,264.6,跌,99.0,10,False,3.0,-0.2386,-0.2062,-0.382,False,False,-5.97,-2.07,71.65,-7.47,-2.59,12.9,OHLC,↓,LH/LL,DT,False,265,3,universe
PFGC,2026-09-21,92.41,2.51,False,100.95,-0.589,-1.53,True,86.7,0.32,86.4,True,2.72,1.72,14.2,1.0,D 趨勢弱,True,8:49,264.6,跌,714.0,50,False,3.0,-0.2062,-0.4306,-1.4002,True,False,-9.24,-3.4,105.78,-14.47,-5.33,142.1,OHLC,↓,LH/LL,自然反彈,False,265,3,universe
DEI,2026-09-21,10.41,0.29,False,11.18,-0.045,-1.15,True,86.5,0.52,85.9,True,2.78,1.7,10.2,2.2,D 趨勢弱,True,8:49,264.6,跌,132.0,14,False,3.0,-0.075,-0.0989,-0.1167,True,False,-7.43,-2.67,11.89,-14.22,-5.11,17.8,OHLC,↓,LH/LL,DT,False,265,3,universe
BKE,2026-09-21,40.79,1.11,False,42.49,-0.152,-0.95,True,86.3,0.96,85.3,True,2.72,1.8,10.7,2.5,D 趨勢弱,True,8:49,264.6,跌,281.0,26,False,3.0,-0.1064,-0.1921,-0.3477,True,False,-4.17,-1.53,42.69,-4.66,-1.71,20.9,OHLC,↓,LH/LL,自然反彈,False,265,3,universe
GE,2026-09-21,319.01,8.72,False,337.93,-1.347,-1.5,True,86.0,0.25,85.8,True,2.73,1.83,20.8,5.7,D 趨勢弱,True,8:49,264.6,跌,171.0,27,False,3.0,-0.8709,-1.6507,-3.5052,True,False,-5.93,-2.17,337.12,-5.68,-2.08,1314.4,OHLC,↓,LH/LL,自然反彈,False,265,3,universe
EPAC,2026-09-21,35.29,0.87,False,36.39,-0.058,-0.5,True,85.8,0.18,85.6,True,2.48,2.14,14.6,-0.9,D 趨勢弱,True,8:49,264.6,跌,275.0,24,False,3.0,-0.1588,-0.1849,-0.3554,True,False,-3.13,-1.26,36.4,-3.15,-1.27,14.5,OHLC,↓,LH/LL,自然反彈,False,265,3,universe
CR,2026-09-21,198.96,5.6,False,206.11,-0.737,-0.84,True,85.7,1.06,84.7,True,2.82,1.81,38.6,-7.0,C 基底修復,True,9:27,283.7,升,8.0,1,False,3.0,0.0235,-0.1911,,False,False,-3.6,-1.28,201.82,-1.44,-0.51,82.3,OHLC,—,LH/LL,DT,True,265,3,universe
HNI,2026-09-21,46.21,1.3,False,47.95,-0.136,-0.34,True,85.3,0.25,85.1,True,2.82,1.9,46.7,1.7,C 基底修復,True,8:49,264.6,跌,169.0,25,False,3.0,-0.4029,-0.4533,-0.5654,True,False,-3.77,-1.34,49.66,-7.47,-2.65,26.2,OHLC,↓,LH/LL,DT,False,265,3,universe
OTF,2026-09-21,10.64,0.29,False,11.17,-0.038,0.12,True,85.2,0.35,84.9,True,2.7,2.03,20.8,0.9,D 趨勢弱,True,8:49,264.6,跌,144.0,11,False,3.0,-0.0767,-0.086,-0.1182,True,False,-5.03,-1.86,10.86,-2.07,-0.77,24.9,OHLC,↓,LH/LL,自然回檔,False,265,3,universe
WDFC,2026-09-21,191.54,4.9,False,208.89,-1.441,-2.04,True,85.2,0.54,84.7,True,2.56,2.18,10.4,5.4,D 趨勢弱,True,8:49,264.6,跌,480.0,48,False,3.0,-0.7834,-1.2285,-3.7354,True,False,-9.06,-3.54,218.92,-14.29,-5.59,21.9,OHLC,↓,LH/LL,DT,False,265,3,universe
ASGI,2026-09-21,20.0,0.57,False,22.22,-0.097,-1.92,True,84.6,0.23,84.4,True,2.85,2.0,6.8,-0.3,D 趨勢弱,True,8:49,264.6,跌,160.0,18,False,3.0,-0.2385,-0.2636,-0.324,True,False,-11.08,-3.89,20.53,-2.65,-0.93,6.4,OHLC,↓,LH/LL,DT,False,265,3,universe
SBGSY,2026-09-21,67.75,1.67,False,67.97,-0.064,-0.29,False,84.3,-0.07,84.4,True,2.47,2.44,62.6,21.4,A 待突破,True,8:49,264.6,跌,177.0,22,False,3.0,-0.1641,-0.3981,-0.6864,True,True,-0.33,-0.13,69.07,-1.95,-0.79,16.5,OHLC,↓,LH/LL,自然反彈,False,265,3,universe
USFD,2026-09-21,94.22,2.85,False,101.8,-0.565,-0.98,True,84.3,0.35,84.0,True,3.03,1.88,30.9,0.7,D 趨勢弱,True,8:49,264.6,跌,159.0,22,False,3.0,-1.0664,-1.368,-1.8196,True,False,-8.04,-2.66,109.62,-16.34,-5.4,223.8,OHLC,↓,LH/LL,自然反彈,False,265,3,universe
RCL,2026-09-21,250.25,7.6,False,275.34,-2.036,-1.68,True,84.2,0.39,83.8,True,3.04,1.91,7.0,2.0,D 趨勢弱,True,8:49,264.6,跌,282.0,29,False,3.0,-0.798,-1.273,-4.1654,True,False,-10.03,-3.3,258.2,-3.18,-1.05,491.4,OHLC,↓,LH/LL,DT,False,265,3,universe
DLR,2026-09-21,186.33,5.06,False,188.42,-0.299,-0.42,False,84.1,-0.04,84.1,True,2.72,2.23,48.1,3.9,C 基底修復,True,8:49,264.6,跌,111.0,23,False,3.0,-0.2709,-0.6462,-1.5739,True,True,-1.12,-0.41,189.5,-1.7,-0.63,401.6,OHLC,↓,LH/LL,自然反彈,False,265,3,universe
BDN,2026-09-21,2.93,0.09,False,3.05,-0.013,-0.69,True,83.0,0.57,82.4,True,3.05,2.12,17.8,3.2,D 趨勢弱,True,8:49,264.6,跌,152.0,15,False,3.0,-0.0109,-0.014,-0.0205,True,False,-3.96,-1.3,3.12,-6.48,-2.12,5.7,OHLC,↓,LH/LL,DT,False,265,3,universe
GFF,2026-09-21,95.12,2.71,False,98.66,-0.343,-0.48,True,82.7,0.48,82.2,True,2.85,2.38,48.5,6.7,C 基底修復,True,8:49,264.6,跌,207.0,22,False,3.0,-0.4703,-0.6885,-1.1917,True,False,-3.72,-1.31,96.4,-1.35,-0.47,31.5,OHLC,↓,LH/LL,自然反彈,False,265,3,universe
BFH,2026-09-21,108.0,3.41,False,107.75,-0.005,-0.14,True,82.4,0.3,82.1,True,3.16,2.11,73.3,-6.2,A 待突破,False,10:51,325.4,升,31.0,3,False,3.0,0.0222,0.0417,,False,True,0.23,0.07,108.01,-0.01,-0.0,54.4,OHLC,—,HH/HL,自然反彈,True,265,3,universe
JBSS,2026-09-21,66.44,2.18,False,75.53,-0.436,-1.18,True,82.0,0.22,81.8,True,3.28,2.08,18.0,2.5,D 趨勢弱,True,8:49,264.6,跌,183.0,23,False,3.0,-0.2478,-0.2551,-1.1894,True,False,-13.68,-4.17,72.43,-9.02,-2.75,9.2,OHLC,↓,LH/LL,DT,False,265,3,universe
HLIO,2026-09-21,68.26,2.39,False,73.92,-0.428,-1.05,True,81.5,0.58,81.0,True,3.5,1.95,18.4,-2.2,D 趨勢弱,True,9:29,284.5,升,8.0,1,False,3.0,0.0428,-0.0432,,False,False,-8.3,-2.37,70.66,-3.52,-1.01,21.9,OHLC,↓,LH/LL,自然反彈,False,265,3,universe
POOL,2026-09-21,167.92,5.5,False,181.89,-1.277,-1.33,True,81.3,0.43,80.9,True,3.27,2.21,3.2,2.5,D 趨勢弱,True,8:49,264.6,跌,183.0,25,False,3.0,-0.8764,-1.1194,-3.4563,True,False,-8.32,-2.54,195.99,-16.72,-5.1,129.3,OHLC,↓,LH/LL,DT,False,265,3,universe
CHDN,2026-09-21,81.92,2.72,False,86.64,-0.212,-0.37,True,81.2,0.39,80.8,True,3.32,2.19,3.0,-1.3,D 趨勢弱,True,8:49,264.6,跌,152.0,18,False,3.0,-0.5301,-0.6196,-0.8732,True,False,-5.76,-1.74,85.48,-4.35,-1.31,86.3,OHLC,↓,LH/LL,自然反彈,False,265,3,universe
FLS,2026-09-21,74.67,2.44,False,77.41,-0.134,-0.4,True,81.2,0.97,80.3,True,3.26,2.24,33.1,12.0,C 基底修復,True,7:51,235.5,跌,81.0,16,False,3.0,-0.3512,-0.555,-1.0637,True,False,-3.68,-1.13,74.46,0.28,0.09,126.7,OHLC,↓,LH/LL,自然反彈,False,265,3,universe
PTCT,2026-09-21,65.26,2.11,False,69.56,-0.25,-0.47,True,80.6,0.53,80.1,True,3.24,2.39,7.9,3.4,D 趨勢弱,True,6:24,191.9,跌,57.0,10,False,3.0,-0.1673,-0.145,-1.4221,False,False,-6.59,-2.03,68.0,-4.2,-1.3,67.7,OHLC,—,LH/LL,DT,True,265,3,universe
DECK,2026-09-21,80.23,2.66,False,85.45,-0.415,-1.21,True,80.2,0.29,79.9,True,3.31,2.39,5.3,4.6,D 趨勢弱,True,9:27,283.4,升,7.0,1,False,3.0,0.1341,-0.0682,,False,False,-6.51,-1.97,85.81,-6.96,-2.1,270.9,OHLC,↓,LH/LL,自然反彈,False,265,3,universe
ALGN,2026-09-21,146.88,5.0,False,159.22,-0.873,-0.94,True,79.7,0.68,79.0,True,3.4,2.4,8.5,1.6,D 趨勢弱,True,8:49,264.6,跌,204.0,24,False,3.0,-0.273,-0.2874,-1.6623,True,False,-8.4,-2.47,150.45,-2.43,-0.71,128.9,OHLC,—,LH/LL,DT,True,265,3,universe
ATMU,2026-09-21,44.59,1.57,False,47.5,-0.269,-1.35,True,79.6,0.84,78.7,True,3.53,2.29,5.3,1.0,D 趨勢弱,True,8:49,264.6,跌,340.0,31,False,3.0,-0.1422,-0.2271,-0.4773,True,False,-6.52,-1.85,48.34,-8.41,-2.38,31.8,OHLC,↓,LH/LL,DT,False,265,3,universe
GVA,2026-09-21,116.2,3.65,False,120.6,-0.611,-0.66,True,79.5,0.9,78.6,True,3.14,2.7,20.1,2.3,D 趨勢弱,True,8:49,264.6,跌,144.0,14,False,3.0,-0.002,-0.1275,-0.801,True,False,-3.78,-1.2,118.92,-2.34,-0.74,58.2,OHLC,—,LH/LL,DT,True,265,3,universe
IMVT,2026-09-21,37.18,1.42,False,40.41,-0.075,-0.42,True,79.5,0.65,78.9,True,3.83,2.0,44.6,0.3,D 趨勢弱,True,8:49,264.6,跌,117.0,16,False,3.0,-0.3269,-0.4103,-0.6787,True,False,-8.7,-2.27,36.12,2.86,0.75,47.3,OHLC,—,HH/HL,自然反彈,False,265,3,universe
CMC,2026-09-21,63.98,2.18,False,68.16,-0.296,-0.69,True,78.8,0.91,77.9,True,3.41,2.55,16.1,2.9,D 趨勢弱,True,6:52,205.9,跌,64.0,7,False,3.0,-0.3639,-0.3019,-0.9621,False,False,-6.53,-1.91,67.1,-4.88,-1.43,69.3,OHLC,↓,LH/LL,DT,False,265,3,universe
LPX,2026-09-21,65.05,2.34,False,70.05,-0.437,-0.93,True,78.7,0.41,78.3,True,3.59,2.38,3.2,2.2,D 趨勢弱,True,8:49,264.6,跌,297.0,26,False,3.0,-0.138,-0.1803,-0.5468,True,False,-7.68,-2.14,67.29,-3.44,-0.96,69.7,OHLC,—,LH/LL,DT,True,265,3,universe
KAI,2026-09-21,265.84,10.12,False,294.05,-1.642,-1.24,True,78.5,0.99,77.6,True,3.81,2.21,0.9,0.0,D 趨勢弱,True,8:49,264.6,跌,267.0,24,False,3.0,-2.2734,-2.764,-3.9632,True,False,-10.61,-2.79,275.4,-3.6,-0.94,46.8,OHLC,↓,LH/LL,DT,False,265,3,universe
CDNS,2026-09-21,294.9,10.36,False,307.38,-1.5,-0.92,True,78.4,0.06,78.3,True,3.51,2.53,9.8,5.0,D 趨勢弱,True,9:36,288.2,升,10.0,1,False,3.0,0.1481,-1.3089,,False,False,-4.23,-1.2,347.55,-17.85,-5.08,763.4,OHLC,—,LH/LL,自然反彈,True,265,3,universe
NWPX,2026-09-21,102.51,3.94,False,109.02,-0.444,-1.04,True,78.4,0.41,78.0,True,3.84,2.19,56.5,2.7,D 趨勢弱,True,9:36,288.2,升,10.0,1,False,3.0,0.0975,-0.0416,,False,False,-6.35,-1.65,105.66,-3.07,-0.8,15.7,OHLC,—,LH/LL,自然反彈,True,265,3,universe
RPC,2026-09-21,7.89,0.29,False,8.46,-0.035,-0.74,True,78.3,0.26,78.0,True,3.65,2.41,7.3,0.9,D 趨勢弱,True,8:49,264.6,跌,178.0,29,False,3.0,-0.0489,-0.0576,-0.0881,True,False,-7.21,-1.97,8.11,-2.79,-0.76,4.3,OHLC,↓,LH/LL,DT,False,265,3,universe
ENS,2026-09-21,178.58,6.04,False,186.11,-0.387,-0.52,True,77.8,0.63,77.2,True,3.38,2.76,26.6,2.1,C 基底修復,True,9:20,280.1,升,6.0,1,False,3.0,0.2296,-0.1534,,False,False,-4.22,-1.25,194.29,-8.8,-2.6,103.5,OHLC,↓,LH/LL,自然反彈,False,265,3,universe
FLYW,2026-09-21,17.12,0.61,False,18.26,-0.008,0.09,True,77.4,0.07,77.3,True,3.55,2.69,55.3,-2.0,C 基底修復,True,8:49,264.6,跌,108.0,15,False,3.0,-0.1687,-0.1546,-0.3507,False,False,-6.64,-1.87,18.42,-7.56,-2.13,22.4,OHLC,—,LH/LL,DT,True,265,3,universe
NPO,2026-09-21,296.19,10.66,False,307.75,-1.1,-0.91,True,77.4,1.0,76.4,True,3.6,2.63,37.5,-6.1,C 基底修復,True,9:59,299.4,升,16.0,2,False,3.0,0.8352,0.1661,,False,False,-3.9,-1.08,301.08,-1.65,-0.46,46.9,OHLC,—,LH/LL,自然反彈,True,265,3,universe
URBN,2026-09-21,74.21,2.74,False,77.84,-0.033,-0.1,True,77.4,0.48,77.0,True,3.69,2.54,50.3,-1.8,C 基底修復,True,8:49,264.6,跌,103.0,9,False,3.0,-0.6306,-0.567,-0.6306,False,False,-4.89,-1.33,78.58,-5.89,-1.6,98.9,OHLC,↓,LH/LL,DT,False,265,3,universe
ERII,2026-09-21,7.03,0.27,False,7.61,-0.053,-1.15,True,77.2,0.78,76.4,True,3.91,2.37,5.7,2.3,D 趨勢弱,True,7:16,217.9,跌,71.0,9,False,3.0,-0.0296,-0.0372,-0.0938,True,False,-8.19,-2.09,7.55,-7.4,-1.89,7.7,OHLC,↓,LH/LL,DT,False,265,3,universe
LOAR,2026-09-21,64.73,2.58,False,69.91,-0.234,-0.82,True,76.7,1.01,75.7,True,3.98,2.38,11.3,3.8,D 趨勢弱,True,8:49,264.6,跌,116.0,20,False,3.0,-0.3131,-0.445,-0.8911,True,False,-8.0,-2.01,66.51,-2.75,-0.69,45.7,OHLC,—,LH/LL,DT,True,265,3,universe
ORA,2026-09-21,96.52,3.57,False,102.74,-0.266,-0.57,True,76.0,0.45,75.5,True,3.7,2.8,4.4,0.6,D 趨勢弱,True,7:02,211.1,跌,67.0,9,False,3.0,-0.3694,-0.6067,-1.4916,True,False,-6.44,-1.74,90.62,6.11,1.65,95.6,OHLC,—,HH/HL,自然反彈,False,265,3,universe
DXPE,2026-09-21,188.19,6.38,False,189.58,-0.41,0.17,True,75.0,0.73,74.3,False,3.39,3.29,81.1,4.7,A 待突破,True,8:49,264.6,跌,184.0,21,False,3.0,-0.3707,-0.7498,-2.2581,True,True,-0.74,-0.22,189.04,-0.45,-0.13,19.5,OHLC,—,LH/LL,次級反彈,True,265,3,universe
OWL,2026-09-21,10.02,0.4,False,11.47,-0.057,-0.42,True,75.0,0.96,74.0,True,4.0,2.68,14.9,13.3,D 趨勢弱,True,8:49,264.6,跌,158.0,23,False,3.0,-0.2016,-0.2304,-0.2417,True,False,-14.45,-3.61,11.84,-18.16,-4.54,187.9,OHLC,↓,LH/LL,DT,False,265,3,universe
CRMD,2026-09-21,7.77,0.28,True,8.06,0.007,0.06,True,74.0,1.41,72.6,False,3.57,3.3,24.3,4.2,D 趨勢弱,True,7:38,228.9,跌,77.0,9,False,3.0,-0.0673,-0.0746,-0.1245,True,False,-3.75,-1.05,,,,7.0,OHLC,—,HH/HL,DT,False,265,3,universe
MATV,2026-09-21,12.2,0.45,False,12.28,-0.009,0.63,True,71.4,0.66,70.7,False,3.69,3.68,56.7,-8.6,B 上升結構,True,8:49,264.6,跌,184.0,20,False,3.0,-0.1345,-0.1557,-0.1891,True,True,-0.64,-0.17,12.32,-0.98,-0.27,6.9,OHLC,—,LH/LL,次級反彈,True,265,3,universe
MPWR,2026-09-21,1277.68,52.49,False,1265.46,-4.494,-0.74,True,70.1,0.27,69.8,False,4.11,3.51,40.7,15.8,C 基底修復,True,9:27,283.7,升,8.0,1,False,3.0,7.1974,-0.3588,,False,True,0.96,0.23,1234.46,3.38,0.82,868.4,OHLC,—,LH/LL,UT,False,265,3,universe
PLAB,2026-09-21,29.34,1.31,False,30.11,-0.067,-0.3,True,69.4,1.3,68.1,False,4.45,3.3,27.9,0.6,D 趨勢弱,True,9:49,294.5,升,14.0,2,False,3.0,0.1564,0.0822,,False,True,-2.64,-0.59,29.36,-0.07,-0.02,48.1,OHLC,—,LH/LL,次級反彈,True,265,3,universe
MTW,2026-09-21,22.76,0.85,True,20.25,0.266,1.06,True,67.2,0.93,66.3,False,3.72,4.46,65.0,0.0,E 延伸,True,9:23,281.4,升,6.0,1,False,3.0,0.0483,-0.0114,,False,False,11.01,2.96,20.18,11.34,3.05,9.1,OHLC,↑,HH/HL,UT,False,265,3,universe
VIA,2026-09-21,27.33,1.28,True,26.69,0.223,1.17,False,67.2,-0.55,67.7,False,4.67,3.51,52.1,3.2,D 趨勢弱,True,8:49,264.6,跌,204.0,14,False,3.0,-0.2044,-0.2199,-0.511,True,True,2.33,0.5,,,,22.4,OHLC,—,LH/LL,自然回檔,True,257,3,universe
EOLS,2026-09-21,7.99,0.37,True,8.42,0.039,0.71,True,65.7,1.09,64.6,False,4.65,3.82,59.7,5.5,B 上升結構,True,7:17,218.6,跌,71.0,10,False,3.0,-0.1608,-0.181,-0.2127,True,False,-5.35,-1.15,7.75,3.0,0.65,7.9,OHLC,—,HH/HL,自然反彈,False,265,3,universe
IRWD,2026-09-21,4.41,0.21,True,4.25,0.006,-0.05,False,65.2,-0.52,65.8,False,4.69,3.88,61.6,-3.9,B 上升結構,True,9:34,287.1,升,10.0,2,False,3.0,0.016,0.0036,,False,True,3.65,0.78,4.17,5.44,1.16,8.3,OHLC,—,LH/LL,UT,False,265,3,universe
PBF,2026-09-21,72.48,4.43,True,73.43,0.39,0.54,False,56.1,-2.9,59.0,False,6.11,4.38,70.7,-4.0,B 上升結構,True,7:18,219.0,跌,72.0,6,False,3.0,-0.5058,-0.2285,-1.0895,False,True,-1.31,-0.21,71.85,0.87,0.14,267.0,OHLC,↑,HH/HL,自然回檔,False,265,3,universe
ETON,2026-09-21,55.31,2.9,True,57.68,0.144,0.38,False,54.0,-0.21,54.2,False,5.25,5.73,73.8,1.9,B 上升結構,True,8:49,264.6,跌,214.0,15,False,3.0,-1.1151,-1.1484,-1.3132,True,True,-4.28,-0.82,57.07,-3.18,-0.61,27.4,OHLC,—,LH/LL,DT,True,265,3,universe
EDIT,2026-09-21,2.83,0.19,False,2.95,-0.004,-0.34,True,52.0,1.17,50.8,False,6.79,4.66,35.4,12.5,D 趨勢弱,True,7:41,230.3,跌,78.0,10,False,3.0,-0.0269,-0.0414,-0.0823,True,True,-4.12,-0.61,2.94,-4.06,-0.6,8.8,OHLC,—,LH/LL,UT,False,265,3,universe
ABSI,2026-09-21,9.82,0.64,True,9.07,0.043,0.17,True,51.1,0.43,50.7,False,6.53,5.13,64.9,-1.5,B 上升結構,True,9:48,293.8,升,13.0,2,False,3.0,0.1082,0.0462,,False,False,7.61,1.17,9.63,1.93,0.3,33.3,OHLC,—,LH/LL,UT,False,265,3,universe
LUNR,2026-09-21,15.72,1.09,False,16.53,-0.035,0.09,True,50.1,0.85,49.2,False,6.93,5.0,34.1,14.1,D 趨勢弱,True,9:22,281.2,升,6.0,1,False,3.0,0.0405,-0.0875,,False,True,-5.16,-0.74,14.79,5.92,0.85,105.4,OHLC,—,LH/LL,自然反彈,True,265,3,universe
QDEL,2026-09-21,10.86,0.84,True,13.16,0.033,-1.19,True,42.3,1.62,40.7,False,7.74,6.34,0.0,0.0,D 趨勢弱,True,8:01,240.3,跌,83.0,13,False,3.0,-0.2018,-0.2519,-0.4885,True,False,-21.21,-2.74,11.09,-2.12,-0.27,14.7,OHLC,↓,LH/LL,自然反彈,False,265,3,universe
OUST,2026-09-21,38.12,2.56,False,39.29,-0.397,-0.7,True,41.6,0.99,40.6,False,6.72,7.58,55.5,11.6,D 趨勢弱,True,9:55,297.4,升,15.0,2,False,3.0,0.3467,0.0822,,False,True,-3.06,-0.46,36.54,4.14,0.62,75.5,OHLC,—,LH/LL,UT,True,265,3,universe
QMCO,2026-09-21,26.1,1.79,True,21.66,0.184,0.54,True,39.3,1.17,38.1,False,6.85,8.19,75.0,2.3,E 延伸,True,8:49,264.6,跌,160.0,16,False,3.0,-0.1763,-0.282,-0.4772,True,False,17.02,2.48,23.03,11.76,1.72,26.4,OHLC,↑,HH/HL,UT,False,265,3,universe
FELE,2026-09-21,95.21,2.02,False,99.85,-0.304,-1.57,True,90.7,0.6,90.1,True,2.13,1.45,20.3,0.4,D 趨勢弱,True,8:49,264.6,跌,309.0,27,False,4.0,-0.1802,-0.208,-0.7481,True,False,-4.87,-2.29,99.76,-4.78,-2.25,25.3,OHLC,↓,LH/LL,DT,False,265,3,universe
DD,2026-09-21,129.79,3.13,False,134.88,-0.442,-0.95,True,89.6,0.39,89.2,True,2.41,1.42,32.7,1.9,C 基底修復,True,9:39,289.5,升,11.0,1,False,4.0,0.0914,-0.1391,,False,False,-3.92,-1.63,138.8,-6.94,-2.88,160.4,OHLC,↓,LH/LL,自然反彈,False,265,3,universe
MAC,2026-09-21,22.58,0.53,False,23.59,-0.109,-0.86,True,89.1,0.16,88.9,True,2.36,1.57,40.2,1.2,C 基底修復,True,8:49,264.6,跌,302.0,37,False,4.0,-0.0146,-0.0371,-0.2565,True,False,-4.47,-1.89,23.58,-4.43,-1.87,75.3,OHLC,↓,LH/LL,DT,False,265,3,universe
AMCR,2026-09-21,42.15,0.96,False,45.42,-0.139,-0.82,True,88.5,0.55,88.0,True,2.28,1.78,15.3,0.5,D 趨勢弱,True,8:49,264.6,跌,173.0,19,False,4.0,-0.3334,-0.4053,-0.6016,True,False,-7.75,-3.4,41.7,1.07,0.47,146.0,OHLC,—,HH/HL,DT,False,265,3,universe
SSD,2026-09-21,173.8,4.17,False,181.23,-1.049,-1.27,True,88.4,0.24,88.2,True,2.4,1.68,18.0,5.4,D 趨勢弱,True,8:49,264.6,跌,253.0,24,False,4.0,-0.1061,-0.3914,-1.4814,True,False,-4.27,-1.78,175.78,-1.14,-0.48,51.2,OHLC,↓,LH/LL,DT,False,265,3,universe
SPB,2026-09-21,85.22,2.19,False,87.57,-0.394,-0.38,False,88.0,-0.01,88.0,True,2.57,1.6,65.2,1.0,C 基底修復,True,8:49,264.6,跌,324.0,32,False,4.0,-0.1582,-0.1195,-0.4712,False,True,-2.76,-1.07,87.8,-3.03,-1.18,24.9,OHLC,—,LH/LL,DT,True,265,3,universe
PPG,2026-09-21,104.93,2.6,False,110.18,-0.428,-0.96,True,87.2,0.39,86.8,True,2.48,1.86,17.8,2.1,D 趨勢弱,True,8:49,264.6,跌,122.0,15,False,4.0,-0.3201,-0.4302,-0.7384,True,False,-5.01,-2.02,107.2,-2.16,-0.87,166.9,OHLC,↓,LH/LL,DT,False,265,3,universe
KFY,2026-09-21,76.77,2.03,False,81.43,-0.186,-0.78,True,86.3,0.56,85.7,True,2.65,1.87,34.5,-0.4,C 基底修復,True,8:49,264.6,跌,400.0,30,False,4.0,-0.8177,-0.9118,-1.0873,True,False,-6.07,-2.3,76.63,0.18,0.07,41.2,OHLC,—,HH/HL,DT,False,265,3,universe
CNQ,2026-09-21,48.28,1.34,True,49.95,0.079,0.51,False,85.4,-0.78,86.2,True,2.78,1.92,55.4,-12.0,A 待突破,True,8:42,261.1,跌,95.0,11,False,4.0,-0.4108,-0.293,-0.4108,False,False,-3.45,-1.24,51.55,-6.77,-2.44,350.3,OHLC,↓,LH/LL,DT,False,265,3,universe
HHH,2026-09-21,65.6,1.86,False,64.19,-0.121,-0.62,False,85.1,-2.93,88.0,True,2.83,1.93,12.9,9.6,D 趨勢弱,True,9:31,285.7,升,9.0,1,False,4.0,0.1447,-0.1873,,False,True,2.15,0.76,65.55,0.08,0.03,42.5,OHLC,—,HH/HL,自然反彈,False,265,3,universe
KWR,2026-09-21,155.42,4.7,False,162.83,-0.556,-0.54,True,84.4,0.62,83.7,True,3.02,1.88,43.9,3.6,C 基底修復,True,8:49,264.6,跌,247.0,24,False,4.0,-0.673,-0.8828,-1.5224,True,False,-4.77,-1.58,157.94,-1.62,-0.54,23.4,OHLC,—,LH/LL,DT,True,265,3,universe
CNM,2026-09-21,43.06,1.3,False,43.3,-0.069,-0.46,True,84.0,0.57,83.4,True,3.01,1.96,11.9,2.8,D 趨勢弱,False,10:08,303.9,升,19.0,2,False,4.0,0.1285,0.0574,,False,True,-0.55,-0.18,43.48,-0.99,-0.33,124.5,OHLC,↓,LH/LL,自然反彈,False,265,3,universe
APG,2026-09-21,37.46,1.24,False,39.61,-0.101,-0.68,True,83.6,0.37,83.3,True,3.31,1.73,5.4,1.2,D 趨勢弱,True,8:49,264.6,跌,183.0,21,False,4.0,-0.1455,-0.2189,-0.3991,True,False,-5.74,-1.73,39.93,-6.59,-1.99,139.4,OHLC,↓,LH/LL,DT,False,265,3,universe
MLI,2026-09-21,59.93,1.68,False,62.34,-0.176,-1.09,True,83.6,0.38,83.2,True,2.8,2.25,27.0,1.0,C 基底修復,True,8:49,264.6,跌,184.0,26,False,4.0,-0.19,-0.2138,-0.7775,True,False,-4.03,-1.44,61.65,-2.87,-1.02,108.7,OHLC,↓,LH/LL,DT,False,265,3,universe
LECO,2026-09-21,258.32,7.72,False,273.45,-0.549,-0.47,True,83.2,0.69,82.5,True,2.99,2.14,21.6,2.0,D 趨勢弱,True,8:49,264.6,跌,147.0,16,False,4.0,-1.74,-2.3041,-4.0677,True,False,-5.86,-1.96,261.24,-1.13,-0.38,121.3,OHLC,—,LH/LL,UT,False,265,3,universe
ACCO,2026-09-21,4.17,0.13,False,4.28,-0.004,-0.2,False,82.9,-0.22,83.1,True,3.02,2.16,54.2,2.9,C 基底修復,True,6:14,186.9,跌,54.0,9,False,4.0,-0.015,-0.0111,-0.0264,False,True,-2.57,-0.85,4.2,-0.72,-0.24,3.0,OHLC,—,HH/HL,自然回檔,True,265,3,universe
WMS,2026-09-21,126.88,3.99,False,135.74,-0.65,-1.24,True,82.7,0.86,81.8,True,3.15,2.09,4.1,3.0,D 趨勢弱,True,8:49,264.6,跌,180.0,22,False,4.0,-0.3572,-0.5743,-1.448,True,False,-6.98,-2.22,131.1,-3.32,-1.06,95.8,OHLC,↓,LH/LL,DT,False,265,3,universe
GPOR,2026-09-21,156.16,5.09,True,171.94,0.302,0.48,False,82.0,-0.34,82.3,True,3.26,2.1,4.6,-2.7,D 趨勢弱,True,8:37,258.3,跌,94.0,9,False,4.0,-2.9606,-2.6576,-2.9606,False,False,-10.1,-3.1,159.12,-1.9,-0.58,40.8,OHLC,—,LH/LL,自然回檔,False,265,3,universe
FSS,2026-09-21,115.09,3.52,False,118.72,-0.384,-1.0,True,81.3,0.81,80.5,True,3.06,2.44,22.7,2.3,D 趨勢弱,True,8:49,264.6,跌,264.0,26,False,4.0,-0.0774,-0.2341,-1.213,True,False,-3.16,-1.03,117.19,-1.82,-0.6,47.8,OHLC,↓,LH/LL,DT,False,265,3,universe
HRMY,2026-09-21,42.1,1.23,True,41.01,0.115,0.93,False,81.0,-0.03,81.0,True,2.91,2.64,61.3,-5.4,E 延伸,False,4:19,129.4,跌,22.0,2,False,4.0,-0.0643,-0.0341,-0.2042,False,True,2.59,0.89,41.1,2.38,0.82,44.2,OHLC,—,HH/HL,UT,True,265,3,universe
AVNT,2026-09-21,40.44,1.17,False,43.59,-0.162,0.12,True,80.6,0.61,80.0,True,2.9,2.72,51.3,1.4,C 基底修復,True,8:49,264.6,跌,262.0,20,False,4.0,-0.4424,-0.4866,-0.5694,True,False,-7.79,-2.69,41.95,-3.73,-1.29,27.9,OHLC,↓,LH/LL,DT,False,265,3,universe
PR,2026-09-21,21.97,0.73,True,23.03,0.045,0.68,False,80.4,-1.07,81.5,True,3.35,2.31,53.9,-10.3,B 上升結構,True,7:51,235.6,跌,81.0,11,False,4.0,-0.2637,-0.1877,-0.2637,False,False,-4.83,-1.44,24.64,-12.18,-3.64,236.9,OHLC,↓,LH/LL,DT,False,265,3,universe
LYB,2026-09-21,60.24,2.16,True,64.2,0.087,0.28,False,79.6,-0.39,80.0,True,3.59,2.22,14.9,-15.5,D 趨勢弱,True,8:49,264.6,跌,123.0,18,False,4.0,-0.5061,-0.3168,-0.5061,False,False,-6.57,-1.83,65.43,-8.62,-2.4,213.7,OHLC,↓,LH/LL,DT,False,265,3,universe
GEO,2026-09-21,30.25,1.19,False,31.43,-0.011,0.06,False,79.1,-2.69,81.8,True,3.94,1.98,54.5,-19.8,C 基底修復,True,8:49,264.6,跌,120.0,14,False,4.0,-0.1127,-0.0256,-0.2097,False,True,-3.92,-1.0,30.33,-0.26,-0.07,65.5,OHLC,—,LH/LL,自然回檔,False,265,3,universe
IRDM,2026-09-21,48.21,1.15,False,47.85,-0.051,-0.38,True,79.1,0.02,79.1,True,2.38,3.53,71.4,15.0,B 上升結構,False,10:29,314.5,升,25.0,3,False,4.0,0.0938,0.0115,,False,True,0.74,0.31,47.64,1.18,0.5,50.1,OHLC,—,LH/LL,自然反彈,True,265,3,universe
SVC,2026-09-21,6.66,0.26,False,7.5,-0.044,-1.23,True,79.0,0.74,78.3,True,3.91,2.01,0.0,0.0,D 趨勢弱,True,8:49,264.6,跌,206.0,24,False,4.0,-0.0596,-0.0828,-0.1043,True,False,-12.55,-3.21,7.87,-18.17,-4.65,10.3,OHLC,↓,LH/LL,自然反彈,False,265,3,universe
WLK,2026-09-21,67.77,2.38,False,75.27,-0.279,-0.37,True,78.8,0.03,78.8,True,3.52,2.45,10.9,-1.0,D 趨勢弱,True,8:49,264.6,跌,208.0,19,False,4.0,-0.4684,-0.4207,-0.6483,False,False,-11.06,-3.15,70.66,-4.26,-1.21,45.3,OHLC,↓,LH/LL,DT,False,265,3,universe
SXI,2026-09-21,262.51,9.48,False,290.98,-2.646,-1.35,True,78.4,1.23,77.2,True,3.61,2.43,13.1,5.1,D 趨勢弱,True,8:49,264.6,跌,173.0,23,False,4.0,-0.8119,-1.5725,-4.5949,True,False,-10.84,-3.0,259.19,1.26,0.35,33.1,OHLC,—,LH/LL,UT,True,265,3,universe
BGS,2026-09-21,2.93,0.11,False,3.34,-0.019,-0.88,True,78.1,0.73,77.4,True,3.81,2.29,3.0,3.0,D 趨勢弱,True,8:49,264.6,跌,140.0,11,False,4.0,-0.0343,-0.0338,-0.0343,False,False,-14.03,-3.68,3.52,-20.14,-5.28,6.2,OHLC,↓,LH/LL,DT,False,265,3,universe
ITRI,2026-09-21,92.43,2.52,False,96.72,-0.443,-1.19,True,77.6,0.28,77.3,True,2.73,3.46,34.2,12.7,D 趨勢弱,True,8:49,264.6,跌,193.0,26,False,4.0,-0.5926,-0.7701,-1.0808,True,False,-4.64,-1.7,99.04,-7.15,-2.62,48.7,OHLC,↓,LH/LL,自然反彈,False,265,3,universe
MLAB,2026-09-21,131.87,4.79,True,119.62,0.643,0.66,True,74.8,0.44,74.3,False,3.63,3.09,78.4,-8.4,E 延伸,True,8:49,264.6,跌,118.0,10,False,4.0,-0.391,-0.7887,-1.4914,True,False,9.29,2.56,125.47,4.85,1.34,17.6,OHLC,↑,HH/HL,UT,False,265,3,universe
TDW,2026-09-21,85.57,3.51,True,92.32,0.092,0.68,True,69.7,0.49,69.2,False,4.1,3.59,38.3,-13.6,D 趨勢弱,True,8:49,264.6,跌,167.0,18,False,4.0,-1.4465,-1.3865,-1.4465,False,False,-7.89,-1.92,,,,53.6,OHLC,—,HH/HL,DT,False,265,3,universe
ANAB,2026-09-21,54.92,2.36,False,56.51,-0.054,-0.04,True,66.8,0.25,66.6,False,4.29,3.95,60.5,14.3,C 基底修復,True,8:49,264.6,跌,154.0,15,False,4.0,-0.099,-0.1389,-1.2579,True,True,-2.89,-0.67,57.46,-4.62,-1.08,27.5,OHLC,—,LH/LL,自然反彈,True,265,3,universe
P,2026-09-21,113.66,5.97,True,104.49,0.445,0.46,True,59.5,0.44,59.1,False,5.25,4.49,67.4,9.4,B 上升結構,True,9:27,283.6,升,8.0,1,False,4.0,0.7874,-0.0561,,False,False,8.07,1.54,100.44,11.63,2.21,785.4,OHLC,↑,HH/HL,UT,False,265,3,universe
SENS,2026-09-21,9.78,0.51,True,8.9,0.243,1.29,True,56.7,0.95,55.8,False,5.2,5.15,51.8,-4.6,B 上升結構,True,8:44,262.2,跌,96.0,11,False,4.0,-0.0786,-0.1159,-0.2155,True,False,8.95,1.72,9.23,5.62,1.08,6.5,OHLC,↑,HH/HL,UT,False,265,3,universe
BBNX,2026-09-21,22.04,1.48,True,19.35,0.173,1.35,True,51.1,1.61,49.5,False,6.73,4.95,41.9,-3.7,D 趨勢弱,True,9:59,299.5,升,16.0,3,False,4.0,0.2956,0.2377,,False,False,12.22,1.82,22.66,-2.81,-0.42,30.4,OHLC,—,LH/LL,UT,False,265,3,universe
CCXI,2026-09-21,13.58,0.86,False,14.43,-0.095,-0.8,True,50.9,1.31,49.6,False,6.31,5.4,23.2,4.5,C 基底修復,True,9:37,288.5,升,10.0,1,False,4.0,0.0292,-0.0755,,False,True,-6.23,-0.99,13.82,-1.77,-0.28,26.3,OHLC,↓,LH/LL,自然反彈,False,155,3,universe
RCEL,2026-09-21,10.84,0.59,True,9.59,0.904,2.04,True,43.7,0.07,43.7,False,5.48,8.16,80.1,-1.1,B 上升結構,True,8:49,264.6,跌,140.0,14,False,4.0,-0.1196,-0.1234,-0.2379,True,False,11.57,2.11,11.25,-3.78,-0.69,3.0,OHLC,—,LH/LL,自然回檔,False,265,3,universe
REPL,2026-09-21,12.87,0.87,True,14.35,0.176,0.7,True,29.6,0.21,29.4,False,6.76,12.09,69.9,2.6,B 上升結構,True,8:49,264.6,跌,121.0,15,False,4.0,-0.3553,-0.389,-0.7159,True,False,-11.51,-1.7,12.4,3.65,0.54,26.3,OHLC,—,HH/HL,DT,False,265,3,universe
INVH,2026-09-21,27.08,0.46,False,28.61,-0.096,-1.61,True,94.1,0.15,93.9,True,1.7,1.08,19.8,1.4,D 趨勢弱,True,8:49,264.6,跌,137.0,18,False,5.0,-0.1246,-0.1514,-0.2123,True,False,-5.65,-3.33,,,,136.2,OHLC,—,HH/HL,DT,False,265,3,universe
AMH,2026-09-21,31.24,0.54,False,32.74,-0.12,-1.57,True,93.9,0.21,93.7,True,1.72,1.1,22.6,1.7,D 趨勢弱,True,8:49,264.6,跌,155.0,17,False,5.0,-0.136,-0.1692,-0.2609,True,False,-4.81,-2.8,,,,80.5,OHLC,—,HH/HL,DT,False,265,3,universe
ELS,2026-09-21,60.44,1.01,False,62.99,-0.135,-0.92,True,93.5,0.17,93.4,True,1.67,1.24,20.4,0.5,D 趨勢弱,True,8:49,264.6,跌,209.0,18,False,5.0,-0.1215,-0.1456,-0.4422,True,False,-4.23,-2.53,61.99,-2.56,-1.53,92.3,OHLC,↓,LH/LL,自然反彈,False,265,3,universe
CPT,2026-09-21,98.82,1.73,False,105.34,-0.539,-1.25,True,93.3,0.3,93.0,True,1.75,1.21,17.3,0.3,D 趨勢弱,True,8:49,264.6,跌,384.0,37,False,5.0,-0.4286,-0.3787,-0.5615,False,False,-6.6,-3.77,106.54,-7.81,-4.46,96.9,OHLC,↓,LH/LL,DT,False,265,3,universe
MAA,2026-09-21,118.86,2.21,False,127.6,-0.551,-1.36,True,93.0,0.39,92.6,True,1.86,1.18,10.2,-0.5,D 趨勢弱,True,8:49,264.6,跌,229.0,18,False,5.0,-0.7945,-0.758,-0.7945,False,False,-7.35,-3.95,130.02,-9.39,-5.05,121.4,OHLC,↓,LH/LL,DT,False,265,3,universe
HIG,2026-09-21,130.73,2.35,False,136.75,-0.428,-0.97,True,92.9,0.14,92.7,True,1.8,1.28,24.2,-1.2,D 趨勢弱,True,6:30,194.9,跌,58.0,10,False,5.0,-0.6409,-0.5075,-0.9988,False,False,-4.61,-2.56,132.14,-1.08,-0.6,198.5,OHLC,↓,LH/LL,DT,False,265,3,universe
CNO,2026-09-21,54.4,1.11,False,55.02,-0.003,0.03,False,92.6,-0.58,93.2,True,2.03,1.1,61.2,-10.4,C 基底修復,True,6:07,183.3,跌,52.0,8,False,5.0,-0.1255,-0.057,-0.3262,False,True,-1.14,-0.56,56.33,-3.55,-1.75,60.2,OHLC,—,LH/LL,自然回檔,False,265,3,universe
COSO,2026-09-21,26.74,0.57,False,27.49,-0.032,-0.17,False,92.4,-0.48,92.9,True,2.15,1.04,49.4,-1.7,C 基底修復,True,8:09,244.3,跌,86.0,9,False,5.0,-0.0938,-0.0692,-0.0938,False,True,-2.81,-1.31,28.07,-4.97,-2.32,3.3,OHLC,↓,LH/LL,DT,False,265,3,universe
PEP,2026-09-21,129.59,2.3,False,137.75,-0.461,-0.81,True,92.4,0.09,92.3,True,1.78,1.42,6.8,0.2,D 趨勢弱,True,8:49,264.6,跌,125.0,15,False,5.0,-0.9753,-0.8775,-0.9753,False,False,-6.29,-3.54,138.8,-7.11,-4.0,1150.4,OHLC,↓,LH/LL,DT,False,265,3,universe
BCPC,2026-09-21,167.34,3.66,False,172.65,-0.406,-0.75,True,91.4,0.3,91.1,True,2.19,1.24,24.3,0.6,D 趨勢弱,True,8:49,264.6,跌,203.0,20,False,5.0,-0.6588,-0.8847,-1.7965,True,False,-3.17,-1.45,170.37,-1.81,-0.83,35.9,OHLC,—,LH/LL,DT,True,265,3,universe
MFIC,2026-09-21,9.06,0.2,False,9.52,-0.041,-0.54,True,91.1,0.29,90.8,True,2.2,1.3,17.3,10.3,D 趨勢弱,True,8:49,264.6,跌,107.0,12,False,5.0,-0.0262,-0.0333,-0.0717,True,False,-5.08,-2.32,9.01,0.55,0.25,4.3,OHLC,—,HH/HL,DT,True,265,3,universe
WBD,2026-09-21,30.8,0.57,True,28.85,0.71,1.84,False,90.7,-4.39,95.1,True,1.85,1.74,54.8,-8.8,E 延伸,True,9:31,285.7,升,9.0,1,False,5.0,0.0727,-0.1142,,False,False,6.32,3.42,28.32,8.05,4.36,913.5,OHLC,—,HH/HL,自然反彈,False,265,3,universe
HMN,2026-09-21,48.2,1.1,False,50.34,-0.124,-0.9,True,90.5,0.22,90.3,True,2.28,1.35,37.7,-0.8,C 基底修復,True,7:37,228.5,跌,77.0,10,False,5.0,-0.21,-0.204,-0.319,False,False,-4.44,-1.95,49.78,-3.28,-1.44,14.8,OHLC,↓,LH/LL,DT,False,265,3,universe
GIC,2026-09-21,40.8,0.92,True,39.47,0.064,0.42,False,90.4,-0.52,90.9,True,2.26,1.41,67.8,-0.9,A 待突破,True,9:22,281.0,升,6.0,1,False,5.0,0.0208,-0.022,,False,False,3.26,1.44,,,,5.0,OHLC,—,LH/LL,UT,False,265,3,universe
FTV,2026-09-21,55.09,1.18,False,58.03,-0.198,-0.96,True,89.7,0.44,89.3,True,2.13,1.67,30.6,-0.7,D 趨勢弱,True,8:49,264.6,跌,291.0,24,False,5.0,-0.0675,-0.1125,-0.433,True,False,-5.34,-2.5,56.45,-2.47,-1.16,130.5,OHLC,—,LH/LL,DT,True,265,3,universe
BATRK,2026-09-21,52.22,1.25,True,51.55,0.077,0.25,False,89.1,-0.25,89.3,True,2.4,1.54,79.7,22.7,A 待突破,False,10:21,310.4,升,22.0,3,False,5.0,0.1574,0.0325,,False,True,1.28,0.53,51.93,0.56,0.23,23.2,OHLC,↑,HH/HL,UT,False,265,3,universe
KMB,2026-09-21,97.74,2.27,False,103.9,-0.31,-1.08,True,89.0,0.32,88.7,True,2.32,1.63,12.0,1.1,D 趨勢弱,True,8:49,264.6,跌,158.0,16,False,5.0,-0.5956,-0.7305,-1.3186,True,False,-6.3,-2.72,109.29,-11.82,-5.09,455.6,OHLC,↓,LH/LL,DT,False,265,3,universe
MMSI,2026-09-21,85.49,2.07,False,89.32,-0.029,0.21,True,89.0,0.47,88.5,True,2.42,1.53,65.5,2.5,A 待突破,True,8:49,264.6,跌,190.0,24,False,5.0,-0.7435,-0.8138,-1.045,True,False,-4.47,-1.85,92.0,-7.61,-3.15,51.3,OHLC,—,LH/LL,DT,True,265,3,universe
AVBC,2026-09-21,21.92,0.49,True,22.04,0.014,0.28,False,88.8,-0.85,89.7,True,2.22,1.78,70.1,-0.2,A 待突破,False,3:30,105.2,跌,8.0,1,False,5.0,-0.0045,0.0211,-0.0762,False,True,-0.53,-0.24,22.41,-2.24,-1.01,4.0,OHLC,—,LH/LL,自然回檔,True,265,3,universe
GILD,2026-09-21,150.56,3.54,True,145.45,0.753,1.21,False,88.1,-0.01,88.1,True,2.35,1.8,63.2,-2.5,A 待突破,True,8:13,246.5,跌,87.0,10,False,5.0,-0.1959,-0.2984,-0.9237,True,False,3.39,1.44,145.68,3.24,1.38,883.9,OHLC,↑,HH/HL,UT,False,265,3,universe
STE,2026-09-21,206.97,5.05,False,224.73,-1.341,-1.07,True,88.1,0.32,87.8,True,2.44,1.71,4.0,1.7,D 趨勢弱,True,8:49,264.6,跌,339.0,25,False,5.0,-1.9903,-2.3097,-3.1416,True,False,-8.58,-3.52,221.13,-6.84,-2.81,140.5,OHLC,↓,LH/LL,DT,False,265,3,universe
ABT,2026-09-21,102.98,2.43,False,108.6,-0.085,-0.44,True,87.3,0.6,86.7,True,2.36,1.95,10.4,0.7,C 基底修復,True,8:49,264.6,跌,140.0,17,False,5.0,-0.8184,-1.0164,-1.6482,True,False,-5.46,-2.31,113.91,-10.61,-4.49,875.6,OHLC,↓,LH/LL,DT,False,265,3,universe
RLI,2026-09-21,59.07,1.38,False,62.7,-0.224,-0.53,True,87.3,0.27,87.0,True,2.33,1.98,29.3,-12.0,C 基底修復,True,8:49,264.6,跌,119.0,18,False,5.0,-0.4271,-0.4156,-0.6032,False,False,-6.14,-2.64,61.71,-4.47,-1.92,34.8,OHLC,—,LH/LL,DT,True,265,3,universe
IRMD,2026-09-21,82.46,2.15,False,85.7,-0.29,-0.92,True,87.1,0.44,86.7,True,2.61,1.74,13.6,1.2,C 基底修復,True,9:31,285.6,升,9.0,1,False,5.0,0.0455,-0.0133,,False,False,-3.94,-1.51,84.36,-2.3,-0.88,9.4,OHLC,—,LH/LL,DT,True,265,3,universe
FCN,2026-09-21,140.74,3.71,False,149.44,-0.346,-0.85,True,86.4,0.57,85.8,True,2.64,1.86,6.8,-0.3,D 趨勢弱,True,7:41,230.5,跌,78.0,8,False,5.0,-1.0073,-0.9505,-1.5388,False,False,-6.18,-2.34,152.94,-8.67,-3.29,54.4,OHLC,↓,LH/LL,DT,False,265,3,universe
IDXX,2026-09-21,515.3,14.26,False,540.53,-2.78,-1.29,True,86.1,0.23,85.8,True,2.77,1.8,9.4,-6.6,D 趨勢弱,True,8:49,264.6,跌,229.0,26,False,5.0,-0.6378,-1.5531,-4.8224,True,False,-4.9,-1.77,520.41,-0.99,-0.36,261.2,OHLC,—,LH/LL,自然反彈,True,265,3,universe
MHO,2026-09-21,140.34,3.91,False,147.15,-0.291,-0.44,True,86.0,0.35,85.7,True,2.79,1.78,33.6,5.1,C 基底修復,True,8:49,264.6,跌,137.0,17,False,5.0,-0.508,-0.6636,-1.2952,True,False,-4.85,-1.74,142.33,-1.42,-0.51,29.0,OHLC,—,LH/LL,DT,True,265,3,universe
GEHC,2026-09-21,64.81,1.63,False,69.07,-0.244,-0.96,True,84.7,0.26,84.5,True,2.51,2.32,12.5,1.6,D 趨勢弱,True,8:49,264.6,跌,192.0,19,False,5.0,-0.5016,-0.6773,-1.2343,True,False,-6.58,-2.62,68.02,-4.95,-1.97,209.6,OHLC,—,HH/HL,自然反彈,False,265,3,universe
SWK,2026-09-21,88.68,2.63,False,95.58,-0.623,-1.04,True,84.3,0.26,84.1,True,2.97,1.94,38.4,-0.4,D 趨勢弱,True,8:49,264.6,跌,339.0,25,False,5.0,-0.6511,-0.766,-1.3075,True,False,-7.78,-2.62,89.25,-0.64,-0.22,149.5,OHLC,↓,LH/LL,DT,False,265,3,universe
MAS,2026-09-21,67.74,1.83,False,71.38,-0.254,-0.98,True,83.7,0.31,83.4,True,2.7,2.34,19.5,1.9,D 趨勢弱,True,8:49,264.6,跌,284.0,38,False,5.0,-0.1364,-0.1588,-1.0001,True,False,-5.38,-1.99,69.41,-2.47,-0.91,154.3,OHLC,↓,LH/LL,自然回檔,False,265,3,universe
CVCO,2026-09-21,543.39,17.34,False,565.19,-2.152,-0.35,True,83.6,0.28,83.3,True,3.19,1.86,19.2,-2.7,D 趨勢弱,True,8:49,264.6,跌,169.0,21,False,5.0,-0.7749,-1.9643,-5.3524,True,False,-4.01,-1.26,556.7,-2.45,-0.77,54.0,OHLC,↓,LH/LL,自然反彈,False,265,3,universe
STC,2026-09-21,62.87,1.82,False,67.33,-0.184,-0.48,True,83.4,0.9,82.5,True,2.89,2.21,17.0,0.2,D 趨勢弱,True,6:53,206.5,跌,65.0,11,False,5.0,-0.5392,-0.4716,-0.5392,False,False,-7.09,-2.46,69.63,-10.75,-3.72,15.1,OHLC,↓,LH/LL,DT,False,265,3,universe
AON,2026-09-21,290.82,8.58,False,319.87,-1.965,-1.59,True,83.2,0.05,83.1,True,2.95,2.18,5.8,-0.8,D 趨勢弱,True,8:49,264.6,跌,430.0,36,False,5.0,-2.3767,-2.4779,-4.3365,True,False,-9.99,-3.38,311.54,-7.12,-2.41,557.2,OHLC,↓,LH/LL,DT,False,265,3,universe
CHH,2026-09-21,99.05,3.09,False,102.49,-0.352,-0.84,True,83.2,0.5,82.7,True,3.12,2.0,14.6,3.4,D 趨勢弱,True,8:49,264.6,跌,138.0,15,False,5.0,-0.0184,-0.2213,-0.9602,True,False,-3.47,-1.11,100.08,-1.04,-0.33,55.5,OHLC,—,LH/LL,自然反彈,True,265,3,universe
AJG,2026-09-21,236.61,6.91,False,255.45,-0.375,-0.16,True,83.0,0.29,82.7,True,2.92,2.24,23.9,-13.2,C 基底修復,True,8:41,260.3,跌,95.0,14,False,5.0,-2.456,-2.3934,-3.2277,False,False,-7.96,-2.73,253.3,-7.05,-2.42,326.3,OHLC,↓,LH/LL,DT,False,265,3,universe
SLGN,2026-09-21,37.09,1.1,False,40.4,-0.256,-0.73,True,82.3,0.39,82.0,True,2.98,2.32,20.7,-0.2,D 趨勢弱,True,7:40,229.8,跌,78.0,11,False,5.0,-0.2517,-0.2498,-0.8343,False,False,-8.92,-3.0,38.09,-2.7,-0.91,41.1,OHLC,↓,LH/LL,DT,False,265,3,universe
RVTY,2026-09-21,143.59,4.53,True,129.28,0.854,1.63,True,81.6,1.22,80.4,True,3.15,2.27,60.1,-0.4,E 延伸,False,12:00,0.0,升,50.0,5,False,5.0,1.4632,1.5792,,False,False,9.97,3.16,126.59,11.84,3.75,287.1,OHLC,↑,HH/HL,自然回檔,False,265,3,universe
UBER,2026-09-21,70.84,2.15,False,74.93,-0.066,0.22,True,81.5,0.65,80.9,True,3.03,2.42,5.2,-0.2,D 趨勢弱,True,8:49,264.6,跌,150.0,15,False,5.0,-0.5541,-0.6415,-0.8536,True,False,-5.77,-1.91,72.63,-2.53,-0.83,1260.4,OHLC,↓,LH/LL,DT,False,265,3,universe
MD,2026-09-21,25.77,0.88,False,26.44,-0.035,0.06,True,80.4,0.07,80.4,True,3.4,2.25,56.4,-1.4,C 基底修復,False,5:57,178.4,跌,49.0,8,False,5.0,-0.1592,-0.1512,-0.1804,False,True,-2.59,-0.76,27.56,-6.95,-2.04,18.7,OHLC,↓,LH/LL,DT,False,265,3,universe
PNR,2026-09-21,55.78,1.67,False,60.97,-0.347,-1.09,True,80.4,0.22,80.1,True,2.99,2.69,12.5,2.2,D 趨勢弱,True,8:49,264.6,跌,223.0,22,False,5.0,-0.0691,-0.1292,-1.0738,True,False,-9.3,-3.12,65.59,-17.59,-5.89,222.9,OHLC,↓,LH/LL,DT,False,265,3,universe
ICFI,2026-09-21,84.1,2.56,False,88.55,-0.41,-0.01,True,80.3,0.38,79.9,True,3.04,2.65,51.9,-0.7,C 基底修復,True,8:49,264.6,跌,282.0,25,False,5.0,-0.65,-0.546,-0.8189,False,False,-5.29,-1.74,90.01,-7.03,-2.31,14.5,OHLC,↓,LH/LL,DT,False,265,3,universe
BSX,2026-09-21,43.72,1.58,False,47.34,-0.199,-0.66,True,79.1,0.62,78.5,True,3.61,2.29,3.6,3.6,D 趨勢弱,True,8:49,264.6,跌,219.0,20,False,5.0,-0.2968,-0.3804,-0.7453,True,False,-8.27,-2.29,45.05,-3.04,-0.84,964.2,OHLC,↓,LH/LL,DT,False,265,3,universe
VSNT,2026-09-21,34.7,1.28,False,38.25,-0.121,-0.35,True,79.0,0.74,78.3,True,3.69,2.24,4.8,0.2,D 趨勢弱,True,8:30,255.0,跌,92.0,11,False,5.0,-0.5302,-0.4756,-0.5302,False,False,-10.24,-2.77,37.24,-7.32,-1.98,57.0,OHLC,↓,LH/LL,DT,False,192,3,universe
DT,2026-09-21,56.4,1.86,True,51.69,0.26,0.69,True,78.1,0.64,77.5,True,3.3,2.8,56.6,-1.2,E 延伸,False,10:41,320.5,升,28.0,4,False,5.0,0.2394,0.1879,,False,False,8.35,2.53,50.86,9.82,2.98,377.6,OHLC,↑,HH/HL,UT,False,265,3,universe
AVTR,2026-09-21,15.1,0.47,True,14.69,0.058,0.99,False,78.0,-0.69,78.6,True,3.1,3.03,67.9,7.8,A 待突破,False,4:10,125.1,跌,20.0,2,False,5.0,-0.0422,-0.0025,-0.117,False,True,2.75,0.89,14.81,1.92,0.62,121.3,OHLC,↑,HH/HL,自然回檔,False,265,3,universe
LRN,2026-09-21,79.5,2.47,False,82.58,-0.135,-0.03,True,77.9,0.48,77.4,True,3.1,3.03,29.6,5.8,D 趨勢弱,True,6:54,207.1,跌,65.0,9,False,5.0,-0.4557,-0.4259,-0.8072,False,False,-3.88,-1.25,83.56,-5.11,-1.65,56.2,OHLC,↓,LH/LL,DT,False,265,3,universe
TPG,2026-09-21,46.52,1.75,False,50.96,-0.019,0.03,True,77.8,0.92,76.8,True,3.76,2.4,8.4,3.4,D 趨勢弱,True,8:49,264.6,跌,182.0,18,False,5.0,-0.7642,-0.8608,-1.0018,True,False,-9.55,-2.54,47.98,-3.14,-0.83,118.7,OHLC,↓,LH/LL,DT,False,265,3,universe
VRSK,2026-09-21,172.02,6.42,False,183.1,-0.611,-0.41,True,77.3,0.04,77.3,True,3.73,2.52,16.7,-2.4,D 趨勢弱,True,7:46,233.2,跌,80.0,10,False,5.0,-1.014,-0.7807,-2.9032,False,False,-6.44,-1.73,185.94,-8.09,-2.17,209.2,OHLC,↓,LH/LL,DT,False,265,3,universe
SN,2026-09-21,167.5,6.66,False,176.3,-0.6,-0.3,True,75.9,0.96,74.9,True,3.97,2.54,49.5,1.9,C 基底修復,True,8:49,264.6,跌,182.0,23,False,5.0,-1.5323,-1.8703,-3.7614,True,False,-5.26,-1.32,174.79,-4.35,-1.1,356.2,OHLC,↓,LH/LL,DT,False,265,3,universe
CPRT,2026-09-21,28.91,1.11,False,31.52,-0.037,-0.01,True,75.4,0.45,75.0,True,3.83,2.77,0.0,-1.5,D 趨勢弱,True,8:49,264.6,跌,115.0,13,False,5.0,-0.4891,-0.4618,-0.4891,False,False,-9.01,-2.35,31.73,-9.75,-2.54,288.0,OHLC,↓,LH/LL,DT,False,265,3,universe
HLMN,2026-09-21,7.11,0.27,False,7.73,-0.059,-1.82,True,75.3,0.76,74.6,True,3.85,2.77,0.6,0.6,D 趨勢弱,True,8:49,264.6,跌,224.0,25,False,5.0,-0.015,-0.0222,-0.154,True,False,-8.69,-2.26,7.32,-2.95,-0.77,13.1,OHLC,↓,LH/LL,DT,False,265,3,universe
CMG,2026-09-21,33.14,1.18,True,35.25,0.043,-0.07,True,75.0,0.17,74.8,False,3.55,3.13,25.8,-3.3,D 趨勢弱,True,6:41,200.5,跌,61.0,9,False,5.0,-0.5635,-0.5513,-0.5635,False,False,-6.37,-1.79,37.22,-12.31,-3.47,408.4,OHLC,—,HH/HL,DT,False,265,3,universe
BILL,2026-09-21,47.06,1.92,False,48.61,-0.015,0.03,True,73.1,0.13,72.9,False,4.08,2.97,53.0,-10.6,C 基底修復,True,8:49,264.6,跌,240.0,25,False,5.0,-0.3243,-0.2708,-0.4754,False,True,-3.3,-0.81,50.33,-6.95,-1.7,89.2,OHLC,—,LH/LL,自然回檔,True,265,3,universe
PODD,2026-09-21,140.53,5.16,True,143.2,0.023,0.0,True,71.6,0.77,70.8,False,3.67,3.66,10.7,2.9,D 趨勢弱,False,10:22,310.8,升,23.0,3,False,5.0,0.289,0.177,,False,True,-1.9,-0.52,143.45,-2.08,-0.57,257.8,OHLC,↓,LH/LL,自然反彈,False,265,3,universe
RWT,2026-09-21,4.04,0.19,False,3.88,-0.004,-0.13,True,68.6,0.27,68.3,False,4.77,3.13,0.1,0.1,D 趨勢弱,True,8:49,264.6,跌,129.0,16,False,5.0,-0.0138,-0.0332,-0.1022,True,True,3.97,0.83,4.51,-11.63,-2.44,28.8,OHLC,↓,LH/LL,自然反彈,False,265,3,universe
INTA,2026-09-21,36.7,1.64,True,39.75,0.021,0.41,True,67.7,1.63,66.1,False,4.47,3.6,46.1,-8.2,C 基底修復,True,8:49,264.6,跌,179.0,20,False,5.0,-0.8221,-0.9087,-0.9869,True,False,-8.32,-1.86,37.98,-3.49,-0.78,22.7,OHLC,↓,LH/LL,DT,False,265,3,universe
WAY,2026-09-21,25.71,1.13,True,25.23,0.06,0.62,True,67.4,0.36,67.0,False,4.41,3.73,37.9,-9.5,D 趨勢弱,False,11:55,357.3,升,48.0,4,False,5.0,0.0369,0.0568,,False,True,1.88,0.43,24.17,5.99,1.36,62.7,OHLC,↑,HH/HL,自然回檔,False,265,3,universe
PLTR,2026-09-21,183.09,7.05,True,175.69,0.73,1.12,True,66.0,1.02,65.0,False,3.85,4.56,62.4,-1.0,B 上升結構,True,8:49,264.6,跌,106.0,14,False,5.0,-0.5825,-1.1965,-3.1552,True,False,4.04,1.05,172.73,5.66,1.47,5100.0,OHLC,—,HH/HL,自然反彈,False,265,3,universe
AXGN,2026-09-21,45.93,2.36,False,46.57,-0.019,-0.03,True,65.7,1.08,64.6,False,5.14,3.33,72.0,21.9,B 上升結構,True,8:49,264.6,跌,108.0,14,False,5.0,-0.3597,-0.5283,-1.1182,True,True,-1.4,-0.27,45.44,1.07,0.21,54.6,OHLC,↓,LH/LL,自然反彈,False,265,3,universe
MASS,2026-09-21,10.88,0.57,True,10.25,0.047,0.44,True,63.5,0.9,62.6,False,5.25,3.66,79.6,-0.6,B 上升結構,True,9:44,291.8,升,12.0,1,False,5.0,0.0137,-0.025,,False,False,5.75,1.1,11.22,-3.12,-0.6,4.4,OHLC,—,LH/LL,自然反彈,False,265,3,universe
CHYM,2026-09-21,29.92,1.49,True,32.36,0.156,0.53,True,63.2,0.29,63.0,False,4.97,4.0,58.4,1.2,B 上升結構,True,8:49,264.6,跌,111.0,18,False,5.0,-0.721,-0.6675,-0.721,False,False,-8.17,-1.64,,,,235.6,OHLC,—,HH/HL,DT,False,265,3,universe
CELH,2026-09-21,28.02,1.34,True,29.94,0.339,0.69,True,61.1,0.88,60.2,False,4.77,4.64,11.1,-0.7,D 趨勢弱,True,8:49,264.6,跌,126.0,13,False,5.0,-0.2841,-0.3455,-0.7418,True,False,-6.84,-1.44,28.45,-1.53,-0.32,219.9,OHLC,↓,LH/LL,次級反彈,False,265,3,universe
KMTS,2026-09-21,24.77,1.4,False,25.59,-0.024,-0.24,True,60.4,1.38,59.0,False,5.67,3.88,39.2,4.7,C 基底修復,True,8:49,264.6,跌,267.0,20,False,5.0,-0.0781,-0.1399,-0.6931,True,True,-3.31,-0.58,25.18,-1.66,-0.29,9.3,OHLC,↓,LH/LL,次級反彈,False,265,3,universe
ORIC,2026-09-21,12.67,0.65,False,13.17,-0.013,0.14,True,59.6,0.15,59.5,False,5.14,4.59,47.4,2.5,B 上升結構,True,8:49,264.6,跌,242.0,20,False,5.0,-0.0585,-0.0741,-0.2619,True,True,-3.94,-0.77,12.65,0.16,0.03,16.2,OHLC,—,LH/LL,自然反彈,True,265,3,universe
QLYS,2026-09-21,181.03,9.75,False,178.06,-0.122,0.12,True,59.6,1.19,58.4,False,5.38,4.35,68.1,7.6,B 上升結構,True,9:28,284.1,升,8.0,1,False,5.0,0.0236,-0.3565,,False,True,1.64,0.3,174.35,3.69,0.69,136.3,OHLC,↓,LH/LL,自然反彈,False,265,3,universe
TEAM,2026-09-21,195.67,8.7,True,175.87,4.431,1.77,True,58.4,1.51,56.9,False,4.45,5.54,69.7,-0.5,E 延伸,True,8:49,264.6,跌,103.0,11,False,5.0,-1.6651,-1.9201,-3.2948,True,False,10.12,2.28,186.44,4.72,1.06,729.9,OHLC,↑,HH/HL,UT,False,265,3,universe
GTM,2026-09-21,3.9,0.23,False,4.01,-0.014,0.14,True,58.0,2.04,55.9,False,5.79,4.29,39.5,-0.5,D 趨勢弱,True,8:49,264.6,跌,134.0,14,False,5.0,-0.0338,-0.0307,-0.06,False,True,-2.93,-0.51,4.28,-9.87,-1.71,20.6,OHLC,↓,LH/LL,自然反彈,False,265,3,universe
SAIL,2026-09-21,20.32,1.2,True,19.16,0.065,0.34,True,57.9,1.23,56.6,False,5.9,4.2,51.8,-5.2,B 上升結構,False,10:47,323.6,升,30.0,4,False,5.0,0.0931,0.0711,,False,True,5.71,0.97,20.56,-1.18,-0.2,94.5,OHLC,—,LH/LL,次級反彈,False,265,3,universe
FDMT,2026-09-21,15.24,0.94,True,14.43,0.061,0.39,False,55.3,-0.12,55.4,False,6.2,4.48,79.2,3.9,B 上升結構,True,8:49,264.6,跌,115.0,15,False,5.0,-0.0413,-0.102,-0.3226,True,True,5.32,0.86,14.97,1.77,0.29,13.1,OHLC,—,LH/LL,UT,False,265,3,universe
IONQ,2026-09-21,40.51,2.6,False,40.95,-0.137,-0.11,True,52.3,1.66,50.7,False,6.42,4.94,33.5,18.7,D 趨勢弱,True,9:56,298.0,升,16.0,2,False,5.0,0.2495,0.0951,,False,True,-1.08,-0.17,40.34,0.42,0.07,762.8,OHLC,↓,LH/LL,自然反彈,False,265,3,universe
TENB,2026-09-21,36.2,2.37,True,35.31,0.0,0.08,True,51.4,1.41,50.0,False,6.54,5.06,56.7,5.4,B 上升結構,False,11:53,356.7,升,48.0,5,False,5.0,0.2207,0.1925,,False,True,2.46,0.38,36.34,-0.39,-0.06,219.6,OHLC,↓,LH/LL,自然反彈,False,265,3,universe
RUM,2026-09-21,9.17,0.64,True,8.4,0.049,0.35,True,51.1,1.03,50.1,False,7.03,4.63,56.8,0.7,B 上升結構,True,9:25,282.7,升,7.0,1,False,5.0,0.0128,-0.029,,False,False,8.44,1.2,,,,57.5,OHLC,—,LH/LL,UT,False,265,3,universe
ALMR,2026-09-21,35.05,2.35,True,32.63,0.156,0.29,True,50.3,1.51,48.8,False,6.71,5.16,56.3,1.1,B 上升結構,True,9:42,291.2,升,12.0,2,False,5.0,0.4058,0.1756,,False,False,6.89,1.03,32.7,6.7,1.0,14.8,OHLC,↑,HH/HL,UT,False,108,3,universe
HUBS,2026-09-21,213.86,13.9,True,232.47,1.008,0.23,True,50.1,0.7,49.4,False,6.5,5.42,4.2,-0.3,D 趨勢弱,True,7:31,225.5,跌,75.0,10,False,5.0,-3.973,-3.3367,-3.973,False,False,-8.7,-1.34,250.61,-17.18,-2.64,353.7,OHLC,↓,LH/LL,DT,False,265,3,universe
OABI,2026-09-21,4.58,0.28,True,4.21,0.062,0.48,True,49.3,1.59,47.7,False,6.2,5.92,78.0,1.5,B 上升結構,True,6:57,208.5,跌,66.0,11,False,5.0,-0.0575,-0.0723,-0.1392,True,False,8.09,1.3,4.35,5.02,0.81,7.2,OHLC,↑,HH/HL,UT,False,265,3,universe
FR,2026-09-21,62.0,0.99,False,62.18,-0.041,-0.65,True,94.4,0.08,94.3,True,1.59,1.09,41.6,1.4,C 基底修復,False,11:19,339.4,升,39.0,4,False,6.0,0.1427,0.1204,,False,True,-0.29,-0.18,61.13,1.4,0.88,57.1,OHLC,—,LH/LL,自然反彈,True,265,3,universe
CHCO,2026-09-21,140.24,2.39,False,144.24,-0.181,-0.24,False,94.2,-0.57,94.8,True,1.7,1.04,44.2,-19.6,C 基底修復,True,8:49,264.6,跌,343.0,30,False,6.0,-0.4835,-0.2869,-0.7869,False,True,-2.85,-1.68,145.57,-3.8,-2.23,16.9,OHLC,—,LH/LL,自然回檔,False,265,3,universe
SPG,2026-09-21,204.98,3.38,False,212.91,-0.498,-1.28,True,94.0,0.31,93.7,True,1.65,1.13,33.8,2.0,C 基底修復,True,8:49,264.6,跌,333.0,35,False,6.0,-0.0693,-0.2564,-1.7103,True,False,-3.87,-2.34,206.94,-0.96,-0.58,266.5,OHLC,↓,LH/LL,DT,False,265,3,universe
SNA,2026-09-21,369.75,6.58,False,387.3,-1.881,-1.58,True,93.8,0.25,93.5,True,1.78,1.07,24.0,-0.6,D 趨勢弱,True,8:49,264.6,跌,381.0,30,False,6.0,-0.5275,-0.575,-3.0221,True,False,-4.75,-2.67,374.46,-1.27,-0.72,108.1,OHLC,↓,LH/LL,DT,False,265,3,universe
AAT,2026-09-21,21.98,0.37,False,22.29,-0.021,-0.62,True,93.6,0.2,93.4,True,1.69,1.2,36.7,0.6,C 基底修復,False,10:33,316.5,升,26.0,3,False,6.0,0.066,0.0521,,False,True,-1.43,-0.85,22.23,-1.14,-0.67,11.1,OHLC,—,LH/LL,自然反彈,True,265,3,universe
AIG,2026-09-21,74.54,1.32,False,76.05,-0.147,-0.46,True,93.0,0.02,93.0,True,1.78,1.26,25.1,-2.0,D 趨勢弱,False,3:53,116.7,跌,15.0,1,False,6.0,-0.0191,0.0439,-0.4915,False,True,-2.03,-1.14,76.29,-2.35,-1.32,312.7,OHLC,—,LH/LL,DT,True,265,3,universe
IEX,2026-09-21,222.53,4.61,False,229.58,-0.474,-0.5,True,92.4,0.18,92.2,True,2.07,1.12,58.6,-0.5,C 基底修復,True,8:49,264.6,跌,122.0,23,False,6.0,-0.273,-0.3886,-1.8265,True,False,-3.17,-1.53,227.37,-2.17,-1.05,119.3,OHLC,—,LH/LL,DT,True,265,3,universe
OZK,2026-09-21,47.75,0.88,False,49.57,-0.087,-0.76,True,92.3,0.2,92.1,True,1.85,1.38,27.6,0.2,D 趨勢弱,True,6:33,196.7,跌,59.0,4,False,6.0,-0.1119,-0.1053,-0.3368,False,False,-3.81,-2.06,49.24,-3.12,-1.69,49.4,OHLC,↓,LH/LL,DT,False,265,3,universe
ALRS,2026-09-21,32.44,0.69,False,33.11,-0.02,-0.32,False,92.2,-0.07,92.2,True,2.14,1.1,63.2,-1.5,C 基底修復,True,8:49,264.6,跌,407.0,31,False,6.0,-0.1,-0.0739,-0.2241,False,True,-2.08,-0.97,33.6,-3.58,-1.67,4.9,OHLC,—,LH/LL,DT,True,265,3,universe
CNOB,2026-09-21,31.52,0.58,False,32.03,-0.035,-0.68,True,92.2,0.19,92.0,True,1.84,1.39,49.5,-1.4,C 基底修復,False,11:52,355.9,升,48.0,6,False,6.0,0.0066,0.01,,False,True,-1.62,-0.88,32.39,-2.76,-1.5,11.6,OHLC,—,LH/LL,DT,True,265,3,universe
AIZ,2026-09-21,277.38,5.42,False,283.48,-0.536,-0.37,False,91.9,-0.47,92.4,True,1.95,1.35,52.9,-12.0,C 基底修復,True,8:49,264.6,跌,254.0,29,False,6.0,-0.6318,-0.2841,-1.5337,False,True,-2.2,-1.13,287.44,-3.63,-1.86,89.7,OHLC,—,LH/LL,自然回檔,False,265,3,universe
ACGL,2026-09-21,95.78,1.88,False,97.84,-0.077,-0.29,False,91.5,-0.13,91.6,True,1.97,1.43,27.0,-13.0,D 趨勢弱,True,8:49,264.6,跌,119.0,15,False,6.0,-0.1096,-0.0696,-0.74,False,True,-2.15,-1.09,96.84,-1.11,-0.56,354.6,OHLC,—,LH/LL,自然回檔,True,265,3,universe
CUZ,2026-09-21,28.66,0.61,False,28.99,-0.052,-0.94,True,91.5,0.38,91.1,True,2.12,1.28,56.4,2.9,C 基底修復,False,10:02,301.0,升,17.0,2,False,6.0,0.0445,0.0003,,False,True,-1.14,-0.54,28.8,-0.49,-0.23,37.4,OHLC,—,LH/LL,自然反彈,True,265,3,universe
MMM,2026-09-21,164.97,3.45,False,172.83,-0.472,-0.87,True,90.5,0.3,90.2,True,2.09,1.54,35.5,0.6,C 基底修復,True,8:49,264.6,跌,188.0,26,False,6.0,-0.3553,-0.5607,-2.0229,True,False,-4.77,-2.28,166.29,-0.8,-0.38,461.3,OHLC,—,LH/LL,自然反彈,True,265,3,universe
ZWS,2026-09-21,46.2,1.01,False,47.92,-0.15,-1.24,True,90.3,0.53,89.8,True,2.19,1.47,22.9,2.1,D 趨勢弱,True,8:49,264.6,跌,245.0,26,False,6.0,-0.0351,-0.0868,-0.3915,True,False,-3.73,-1.7,46.91,-1.54,-0.7,42.3,OHLC,↓,LH/LL,DT,False,265,3,universe
DGX,2026-09-21,244.88,5.13,True,240.53,0.229,0.43,False,90.2,-0.01,90.3,True,2.1,1.59,71.3,-0.4,A 待突破,False,10:10,305.0,升,19.0,3,False,6.0,0.3291,0.4002,,False,True,1.78,0.85,231.14,5.61,2.68,241.5,OHLC,↑,HH/HL,UT,False,265,3,universe
BBDC,2026-09-21,8.8,0.18,False,9.2,-0.008,0.16,True,90.1,0.34,89.8,True,2.03,1.68,46.1,12.0,C 基底修復,True,8:49,264.6,跌,151.0,17,False,6.0,-0.0415,-0.0509,-0.1067,True,False,-4.54,-2.23,8.94,-1.59,-0.78,5.9,OHLC,—,LH/LL,次級回檔,False,265,3,universe
SCI,2026-09-21,77.56,1.79,False,81.88,-0.268,-0.82,True,89.7,0.39,89.3,True,2.31,1.5,21.6,-0.5,D 趨勢弱,True,8:49,264.6,跌,295.0,30,False,6.0,-0.4869,-0.4291,-0.5366,False,False,-5.57,-2.41,82.21,-6.0,-2.6,66.2,OHLC,↓,LH/LL,DT,False,265,3,universe
DEO,2026-09-21,86.82,1.75,False,91.05,-0.63,-0.55,True,89.2,0.01,89.2,True,2.02,1.89,32.0,1.7,C 基底修復,True,8:49,264.6,跌,325.0,24,False,6.0,-0.451,-0.5755,-1.1268,True,False,-4.87,-2.42,88.38,-1.8,-0.89,85.4,OHLC,↓,LH/LL,DT,False,265,3,universe
CENT,2026-09-21,40.1,0.98,False,42.88,-0.192,-0.72,True,88.9,0.41,88.4,True,2.44,1.55,46.8,1.5,C 基底修復,True,8:49,264.6,跌,282.0,27,False,6.0,-0.0917,-0.1282,-0.4701,True,False,-6.93,-2.84,40.98,-2.19,-0.9,4.0,OHLC,—,LH/LL,自然反彈,True,265,3,universe
OMF,2026-09-21,60.44,1.42,False,63.06,-0.144,-0.49,True,88.9,0.19,88.7,True,2.35,1.64,37.3,-7.5,C 基底修復,True,8:49,264.6,跌,145.0,24,False,6.0,-0.3477,-0.3406,-0.4452,False,False,-4.34,-1.85,59.97,0.78,0.33,53.2,OHLC,—,HH/HL,DT,False,265,3,universe
BXP,2026-09-21,64.13,1.49,False,66.66,-0.159,-0.95,True,88.7,0.44,88.3,True,2.33,1.68,34.6,13.2,C 基底修復,True,8:49,264.6,跌,160.0,14,False,6.0,-0.2722,-0.3706,-0.5728,True,False,-3.95,-1.7,63.19,1.47,0.63,88.7,OHLC,—,HH/HL,DT,False,265,3,universe
PH,2026-09-21,958.17,23.03,False,989.47,-5.205,-0.85,True,88.5,0.41,88.1,True,2.4,1.66,43.4,4.8,C 基底修復,True,8:49,264.6,跌,219.0,23,False,6.0,-0.9678,-3.6882,-12.2061,True,False,-3.27,-1.36,1039.49,-8.49,-3.53,609.6,OHLC,↓,LH/LL,自然反彈,False,265,3,universe
ALLE,2026-09-21,151.36,3.41,False,157.82,-0.535,-0.61,True,88.2,0.41,87.8,True,2.25,1.88,40.4,-0.2,C 基底修復,True,8:49,264.6,跌,203.0,26,False,6.0,-0.5581,-0.5491,-2.0732,False,False,-4.27,-1.89,155.39,-2.66,-1.18,219.1,OHLC,—,LH/LL,DT,True,265,3,universe
TMO,2026-09-21,658.76,15.33,True,621.9,2.652,1.13,True,88.2,0.46,87.8,True,2.33,1.79,71.5,1.8,A 待突破,False,10:32,315.8,升,25.0,4,False,6.0,2.8893,2.4109,,False,False,5.6,2.4,663.57,-0.73,-0.31,1360.4,OHLC,—,LH/LL,UT,False,265,3,universe
EHC,2026-09-21,121.56,2.69,False,122.22,-0.123,0.46,False,88.1,-0.13,88.2,True,2.21,1.93,72.2,-0.1,C 基底修復,True,8:49,264.6,跌,155.0,23,False,6.0,-0.2492,-0.1872,-0.7783,False,True,-0.54,-0.25,119.7,1.53,0.69,100.4,OHLC,—,HH/HL,UT,True,265,3,universe
AOS,2026-09-21,56.96,1.38,False,60.02,-0.227,-0.82,True,88.0,0.26,87.7,True,2.42,1.75,6.2,2.0,D 趨勢弱,True,8:49,264.6,跌,257.0,25,False,6.0,-0.1922,-0.2513,-0.5102,True,False,-5.38,-2.22,58.12,-2.04,-0.84,80.9,OHLC,↓,LH/LL,DT,False,265,3,universe
PAYX,2026-09-21,115.01,2.64,False,120.4,-0.198,-0.32,True,87.7,0.04,87.6,True,2.3,1.94,41.3,-1.9,C 基底修復,True,8:49,264.6,跌,178.0,14,False,6.0,-0.9251,-0.9584,-1.707,True,False,-4.69,-2.04,118.51,-3.04,-1.33,307.9,OHLC,—,LH/LL,自然回檔,True,265,3,universe
SHW,2026-09-21,321.31,7.5,False,338.99,-1.488,-1.06,True,87.6,0.34,87.3,True,2.33,1.9,30.5,2.5,D 趨勢弱,True,8:49,264.6,跌,190.0,25,False,6.0,-0.7783,-1.1059,-3.4417,True,False,-5.5,-2.36,328.44,-2.22,-0.95,514.2,OHLC,—,LH/LL,自然反彈,True,265,3,universe
WY,2026-09-21,21.01,0.51,False,23.2,-0.206,-1.79,True,87.6,0.17,87.4,True,2.43,1.82,1.9,-1.3,D 趨勢弱,True,8:49,264.6,跌,173.0,26,False,6.0,-0.157,-0.147,-0.1933,False,False,-10.41,-4.28,22.44,-6.81,-2.8,121.8,OHLC,↓,LH/LL,DT,False,265,3,universe
MTD,2026-09-21,1430.44,37.78,True,1382.75,0.209,-0.2,True,87.5,0.27,87.3,True,2.64,1.62,59.2,1.7,A 待突破,False,10:31,315.5,升,25.0,3,False,6.0,8.8743,4.8319,,False,False,3.33,1.26,1440.22,-0.68,-0.26,283.8,OHLC,—,LH/LL,UT,False,265,3,universe
WTS,2026-09-21,350.62,8.22,False,364.48,-1.251,-0.53,True,87.0,1.04,86.0,True,2.34,2.02,44.9,1.3,C 基底修復,True,8:49,264.6,跌,248.0,22,False,6.0,-1.23,-1.526,-3.8028,True,False,-3.95,-1.69,363.13,-3.57,-1.52,72.7,OHLC,↓,LH/LL,DT,False,265,3,universe
CENTA,2026-09-21,34.55,1.03,False,36.71,-0.145,-0.82,True,86.4,0.62,85.8,True,2.99,1.5,34.6,1.3,C 基底修復,True,8:49,264.6,跌,358.0,30,False,6.0,-0.0715,-0.1003,-0.3898,True,False,-6.25,-2.09,37.18,-7.61,-2.55,11.0,OHLC,↓,LH/LL,自然反彈,False,265,3,universe
GOOG,2026-09-21,350.87,8.1,False,340.58,-0.079,-0.55,True,86.4,0.08,86.3,True,2.31,2.18,56.4,-0.9,B 上升結構,False,12:07,3.3,升,52.0,6,False,6.0,1.9134,1.4455,,False,True,2.93,1.27,325.63,7.19,3.11,6009.4,OHLC,↑,HH/HL,UT,False,265,3,universe
GOOGL,2026-09-21,354.97,8.41,True,343.54,0.105,-0.5,True,86.0,0.13,85.8,True,2.37,2.22,56.4,-1.1,B 上升結構,False,12:02,1.1,升,51.0,6,False,6.0,2.0019,1.5445,,False,False,3.22,1.36,327.74,7.67,3.24,9190.3,OHLC,↑,HH/HL,UT,False,265,3,universe
RPM,2026-09-21,99.01,2.65,False,105.42,-0.317,-0.62,True,86.0,0.26,85.8,True,2.68,1.9,24.5,3.5,D 趨勢弱,True,8:49,264.6,跌,208.0,25,False,6.0,-0.245,-0.3359,-1.1829,True,False,-6.47,-2.42,101.73,-2.75,-1.03,158.6,OHLC,↓,LH/LL,DT,False,265,3,universe
PHM,2026-09-21,118.97,3.21,False,123.91,-0.402,-0.87,True,85.7,0.26,85.5,True,2.7,1.93,19.0,4.9,D 趨勢弱,True,8:49,264.6,跌,210.0,28,False,6.0,-0.2743,-0.4672,-1.2094,True,False,-4.15,-1.54,120.46,-1.25,-0.46,182.1,OHLC,↓,LH/LL,自然反彈,False,265,3,universe
VNO,2026-09-21,35.58,1.04,False,36.96,-0.132,-1.25,True,85.3,0.58,84.7,True,2.93,1.79,41.2,4.0,C 基底修復,True,8:49,264.6,跌,485.0,54,False,6.0,-0.016,-0.1082,-0.4075,True,False,-3.88,-1.33,35.44,0.39,0.13,44.7,OHLC,↓,LH/LL,自然反彈,False,265,3,universe
ODC,2026-09-21,89.88,2.65,False,89.15,-0.253,-0.84,True,85.2,0.53,84.7,True,2.95,1.79,61.1,2.5,C 基底修復,False,10:32,316.0,升,26.0,3,False,6.0,0.3967,0.2242,,False,True,0.81,0.27,92.19,-2.57,-0.87,9.3,OHLC,—,LH/LL,自然反彈,True,265,3,universe
MEDP,2026-09-21,624.2,15.6,True,602.01,0.85,0.44,True,84.5,0.28,84.3,True,2.5,2.37,83.1,0.7,A 待突破,False,10:19,309.3,升,22.0,4,False,6.0,1.5715,0.8449,,False,False,3.56,1.42,625.0,-0.13,-0.05,136.8,OHLC,—,LH/LL,UT,False,265,3,universe
NGVT,2026-09-21,68.96,2.08,False,70.3,-0.299,-0.81,True,84.5,0.28,84.2,True,3.01,1.87,36.2,4.9,C 基底修復,False,10:11,305.3,升,20.0,3,False,6.0,0.1345,0.055,,False,True,-1.95,-0.65,69.41,-0.65,-0.22,17.9,OHLC,—,LH/LL,自然回檔,True,265,3,universe
TOL,2026-09-21,135.5,3.92,False,141.7,-0.459,-0.88,True,84.4,0.12,84.3,True,2.89,2.01,17.8,5.2,D 趨勢弱,True,8:49,264.6,跌,189.0,28,False,6.0,-0.1683,-0.4549,-1.2306,True,False,-4.57,-1.58,136.99,-1.1,-0.38,127.3,OHLC,↓,LH/LL,自然反彈,False,265,3,universe
LW,2026-09-21,47.29,1.43,False,51.21,-0.203,-0.86,True,84.2,0.46,83.7,True,3.02,1.92,32.1,2.5,D 趨勢弱,True,8:49,264.6,跌,381.0,31,False,6.0,-0.4762,-0.6011,-0.9551,True,False,-8.3,-2.75,55.7,-17.78,-5.89,67.1,OHLC,↓,LH/LL,DT,False,265,3,universe
TAP,2026-09-21,37.56,1.1,False,39.49,-0.151,-1.55,True,84.2,0.2,84.0,True,2.92,2.01,3.1,-0.2,D 趨勢弱,True,8:49,264.6,跌,220.0,19,False,6.0,-0.2046,-0.184,-0.3896,False,False,-5.15,-1.76,39.27,-4.55,-1.56,200.9,OHLC,↓,LH/LL,DT,False,265,3,universe
ACIW,2026-09-21,49.59,1.43,False,52.22,-0.217,-0.85,True,84.1,0.04,84.0,True,2.87,2.08,45.7,-6.5,C 基底修復,True,6:45,202.5,跌,62.0,5,False,6.0,-0.2119,-0.1398,-1.0184,False,False,-5.3,-1.84,53.6,-8.09,-2.81,38.7,OHLC,↓,LH/LL,DT,False,265,3,universe
HAYW,2026-09-21,12.88,0.37,False,13.74,-0.126,-2.24,True,84.1,0.09,84.0,True,2.89,2.07,2.5,1.4,D 趨勢弱,True,8:49,264.6,跌,140.0,26,False,6.0,-0.0186,-0.0348,-0.2235,True,False,-6.66,-2.3,13.32,-3.42,-1.18,35.8,OHLC,↓,LH/LL,DT,False,265,3,universe
SON,2026-09-21,49.25,1.49,False,53.05,-0.228,-1.13,True,83.9,0.5,83.4,True,3.02,1.97,9.3,0.6,D 趨勢弱,True,8:49,264.6,跌,333.0,36,False,6.0,-0.1953,-0.3494,-1.0284,True,False,-7.71,-2.56,59.48,-20.77,-6.89,60.8,OHLC,↓,LH/LL,自然反彈,False,265,3,universe
CBT,2026-09-21,76.59,2.28,False,82.3,-0.41,-0.72,True,83.5,0.18,83.3,True,2.97,2.09,22.0,-1.3,C 基底修復,True,8:49,264.6,跌,423.0,37,False,6.0,-0.2668,-0.2392,-0.7428,False,False,-7.46,-2.51,80.76,-5.44,-1.83,28.9,OHLC,↓,LH/LL,DT,False,265,3,universe
JLL,2026-09-21,340.07,10.32,False,362.07,-0.865,-0.52,True,83.4,0.74,82.7,True,3.03,2.05,29.2,3.6,D 趨勢弱,True,8:49,264.6,跌,146.0,17,False,6.0,-2.9883,-3.6497,-5.4642,True,False,-6.47,-2.13,367.78,-8.15,-2.68,108.8,OHLC,↓,LH/LL,DT,False,265,3,universe
MTCH,2026-09-21,43.16,1.23,True,41.14,0.231,0.93,True,83.3,0.33,83.0,True,2.84,2.26,65.3,6.8,A 待突破,False,12:36,18.0,升,60.0,6,False,6.0,0.0282,0.0801,,False,False,4.67,1.64,41.15,4.66,1.64,150.2,OHLC,↑,HH/HL,自然回檔,False,265,3,universe
MMS,2026-09-21,55.97,1.61,False,56.94,-0.253,-0.51,True,83.1,0.62,82.4,True,2.88,2.27,11.9,1.1,D 趨勢弱,False,5:00,150.0,跌,33.0,3,False,6.0,-0.1416,-0.0925,-0.8039,False,True,-1.73,-0.6,59.19,-5.75,-1.99,34.2,OHLC,—,LH/LL,自然回檔,False,265,3,universe
GMED,2026-09-21,74.29,2.14,False,80.06,-0.458,-0.73,True,82.8,0.72,82.1,True,2.88,2.33,10.8,1.8,D 趨勢弱,True,8:49,264.6,跌,227.0,19,False,6.0,-0.3701,-0.4838,-1.2671,True,False,-7.77,-2.7,75.77,-1.99,-0.69,102.7,OHLC,↓,LH/LL,DT,False,265,3,universe
TILE,2026-09-21,34.24,1.04,False,36.73,-0.175,-0.47,True,82.8,0.61,82.2,True,3.03,2.17,39.3,0.9,D 趨勢弱,True,8:49,264.6,跌,191.0,18,False,6.0,-0.2914,-0.3438,-0.6487,True,False,-7.27,-2.4,37.49,-9.49,-3.13,18.9,OHLC,—,HH/HL,自然反彈,False,265,3,universe
SLG,2026-09-21,52.94,1.64,False,55.16,-0.113,-0.42,True,82.7,0.64,82.1,True,3.09,2.12,40.9,-5.3,C 基底修復,True,8:49,264.6,跌,203.0,16,False,6.0,-0.2956,-0.4288,-0.8307,True,False,-4.2,-1.36,53.08,-0.26,-0.09,42.8,OHLC,↓,LH/LL,自然反彈,False,265,3,universe
ICUI,2026-09-21,155.22,4.66,False,171.91,-2.143,-0.79,True,82.5,0.6,81.9,True,3.0,2.26,41.2,1.4,D 趨勢弱,True,8:49,264.6,跌,277.0,21,False,6.0,-1.5928,-2.0201,-3.1136,True,False,-10.75,-3.58,189.3,-21.96,-7.32,35.8,OHLC,↓,LH/LL,DT,False,265,3,universe
ALH,2026-09-21,21.66,0.74,False,23.42,-0.063,-0.56,True,82.4,0.38,82.0,True,3.4,1.89,27.2,3.7,D 趨勢弱,True,10:00,300.0,升,17.0,2,False,6.0,0.0544,0.0163,,False,False,-8.14,-2.39,21.61,0.23,0.07,27.4,OHLC,↓,LH/LL,自然反彈,False,238,3,universe
BCC,2026-09-21,75.66,2.26,False,78.58,-0.386,-1.08,True,81.8,0.43,81.4,True,2.99,2.4,19.6,1.9,D 趨勢弱,True,8:49,264.6,跌,274.0,25,False,6.0,-0.1272,-0.199,-0.9878,True,False,-3.86,-1.29,77.03,-1.81,-0.61,24.5,OHLC,—,LH/LL,DT,True,265,3,universe
KARO,2026-09-21,65.43,2.01,True,64.48,0.053,0.13,False,81.5,-0.28,81.8,True,3.07,2.39,78.3,8.2,A 待突破,False,3:30,105.0,跌,8.0,1,False,6.0,-0.0443,0.0967,-0.73,False,True,1.45,0.47,68.76,-5.09,-1.66,3.6,OHLC,—,LH/LL,自然回檔,False,265,3,universe
COKE,2026-09-21,189.9,6.27,True,192.27,0.02,0.42,False,81.3,-0.01,81.3,True,3.3,2.19,58.3,1.7,B 上升結構,False,4:16,127.9,跌,21.0,1,False,6.0,-0.4108,0.022,-0.8643,False,True,-1.25,-0.38,197.4,-3.95,-1.2,107.5,OHLC,↓,LH/LL,DT,False,265,3,universe
STRA,2026-09-21,78.53,2.41,False,81.83,-0.168,-0.31,True,81.3,0.22,81.1,True,3.07,2.42,24.1,-2.0,D 趨勢弱,True,8:49,264.6,跌,156.0,14,False,6.0,-0.4575,-0.3457,-0.7644,False,False,-4.21,-1.37,78.85,-0.41,-0.13,23.3,OHLC,↓,LH/LL,DT,False,265,3,universe
CCS,2026-09-21,61.66,2.04,False,65.41,-0.23,-0.84,True,80.9,0.47,80.5,True,3.3,2.26,15.4,4.8,D 趨勢弱,True,8:49,264.6,跌,293.0,30,False,6.0,-0.1991,-0.3658,-1.0149,True,False,-6.08,-1.84,62.47,-1.31,-0.4,18.6,OHLC,—,LH/LL,自然反彈,True,265,3,universe
SUPN,2026-09-21,42.78,1.41,False,44.6,-0.176,-0.79,True,80.9,0.38,80.5,True,3.3,2.26,15.2,3.7,D 趨勢弱,True,9:36,288.2,升,10.0,1,False,6.0,0.0623,-0.032,,False,False,-4.26,-1.29,42.92,-0.33,-0.1,25.6,OHLC,—,LH/LL,自然回檔,True,265,3,universe
MTH,2026-09-21,64.35,2.18,False,67.91,-0.376,-1.09,True,80.6,0.45,80.1,True,3.38,2.25,12.8,6.5,D 趨勢弱,True,8:49,264.6,跌,134.0,17,False,6.0,-0.0625,-0.1653,-0.8703,True,False,-5.54,-1.64,65.78,-2.22,-0.66,51.2,OHLC,—,LH/LL,DT,True,265,3,universe
NFLX,2026-09-21,73.36,2.41,False,77.53,-0.085,-0.14,True,80.3,0.51,79.8,True,3.28,2.41,6.5,2.0,D 趨勢弱,True,8:49,264.6,跌,107.0,11,False,6.0,-0.9091,-0.8924,-0.9091,False,False,-5.68,-1.73,80.32,-9.49,-2.89,2312.9,OHLC,↓,LH/LL,自然反彈,False,265,3,universe
NRDS,2026-09-21,9.08,0.29,False,9.71,-0.009,0.09,True,79.7,0.44,79.3,True,3.18,2.61,5.7,1.3,D 趨勢弱,True,8:49,264.6,跌,129.0,17,False,6.0,-0.0868,-0.0865,-0.0909,False,False,-6.98,-2.19,9.52,-4.85,-1.52,5.6,OHLC,↓,LH/LL,DT,False,265,3,universe
NIO,2026-09-21,3.67,0.13,False,4.09,-0.024,-1.0,True,79.6,0.91,78.7,True,3.58,2.24,0.0,0.0,D 趨勢弱,True,9:33,286.4,升,9.0,1,False,6.0,0.004,-0.0071,,False,False,-11.5,-3.22,3.69,-0.54,-0.15,147.5,OHLC,—,LH/LL,自然反彈,True,265,3,universe
SLVM,2026-09-21,36.11,1.24,False,36.69,-0.221,-0.55,True,79.6,0.45,79.1,True,3.44,2.38,13.3,2.6,D 趨勢弱,False,11:22,341.1,升,40.0,4,False,6.0,0.1597,0.1354,,False,True,-1.6,-0.47,35.97,0.39,0.11,9.2,OHLC,—,LH/LL,自然回檔,True,265,3,universe
RUSHB,2026-09-21,53.61,2.06,True,53.86,0.032,0.92,False,79.2,-1.28,80.5,True,3.83,2.06,62.9,-1.1,B 上升結構,False,11:58,358.9,升,49.0,5,False,6.0,0.4755,0.6015,,False,True,-0.47,-0.12,51.71,3.54,0.92,12.4,OHLC,↑,HH/HL,自然回檔,False,265,3,universe
UPBD,2026-09-21,16.89,0.59,False,18.64,-0.1,-0.94,True,79.0,0.18,78.8,True,3.49,2.45,21.1,3.3,D 趨勢弱,True,7:56,237.9,跌,82.0,10,False,6.0,-0.1153,-0.09,-0.2858,False,False,-10.34,-2.97,18.98,-12.37,-3.55,13.8,OHLC,↓,LH/LL,DT,False,265,3,universe
CNC,2026-09-21,64.99,2.37,False,65.88,-0.016,0.17,True,78.6,0.95,77.7,True,3.65,2.35,64.9,-0.8,C 基底修復,False,3:53,116.7,跌,15.0,2,False,6.0,-0.1253,-0.0264,-0.8436,False,True,-1.37,-0.38,63.89,1.69,0.46,306.6,OHLC,↑,HH/HL,自然回檔,False,265,3,universe
CYRX,2026-09-21,17.62,0.64,True,16.02,0.132,0.56,True,78.5,0.53,77.9,True,3.62,2.41,72.1,-2.4,B 上升結構,False,10:45,322.4,升,29.0,4,False,6.0,0.1679,0.1126,,False,False,9.09,2.51,16.72,5.11,1.41,9.0,OHLC,—,LH/LL,UT,False,265,3,universe
SCHL,2026-09-21,34.91,1.31,False,38.1,-0.277,-1.27,True,78.1,0.95,77.1,True,3.74,2.36,15.0,1.5,D 趨勢弱,True,8:49,264.6,跌,464.0,47,False,6.0,-0.032,-0.0891,-0.8316,True,False,-9.15,-2.45,37.0,-5.99,-1.6,12.7,OHLC,↓,LH/LL,DT,False,265,3,universe
SW,2026-09-21,45.41,1.54,False,46.78,-0.053,-0.37,False,78.1,-0.19,78.3,True,3.4,2.71,42.2,-4.2,C 基底修復,True,9:24,282.2,升,7.0,1,False,6.0,0.0413,-0.0705,,False,True,-3.02,-0.89,44.33,2.38,0.7,204.8,OHLC,—,HH/HL,次級反彈,False,265,3,universe
SYK,2026-09-21,274.19,9.46,False,305.94,-1.755,-1.08,True,78.0,0.64,77.4,True,3.45,2.66,0.0,0.0,D 趨勢弱,True,8:49,264.6,跌,310.0,26,False,6.0,-1.5607,-1.9214,-6.5941,True,False,-11.58,-3.35,284.76,-3.85,-1.12,825.3,OHLC,↓,LH/LL,DT,False,265,3,universe
BKNG,2026-09-21,168.52,6.18,False,190.32,-1.67,-1.34,True,77.9,0.67,77.2,True,3.67,2.47,5.3,0.2,D 趨勢弱,True,8:49,264.6,跌,167.0,24,False,6.0,-2.3916,-2.8126,-4.619,True,False,-12.94,-3.52,181.25,-7.55,-2.06,1210.1,OHLC,↓,LH/LL,DT,False,265,3,universe
DASH,2026-09-21,193.83,7.2,False,214.16,-1.0,-0.3,True,77.8,0.3,77.5,True,3.71,2.44,26.9,-9.9,D 趨勢弱,True,8:49,264.6,跌,101.0,14,False,6.0,-3.261,-3.6455,-4.9417,True,False,-10.49,-2.82,191.74,1.08,0.29,729.1,OHLC,—,HH/HL,DT,False,265,3,universe
HWM,2026-09-21,227.37,8.54,False,249.91,-1.315,-1.05,True,77.7,0.33,77.4,True,3.76,2.42,8.5,-1.0,D 趨勢弱,True,8:49,264.6,跌,166.0,23,False,6.0,-0.9495,-1.4801,-4.0146,True,False,-9.91,-2.64,260.49,-14.57,-3.88,922.4,OHLC,↓,LH/LL,自然反彈,False,265,3,universe
APA,2026-09-21,43.81,1.55,True,43.33,0.229,1.15,False,77.5,-0.34,77.9,True,3.54,2.67,64.9,-0.8,B 上升結構,False,4:49,144.7,跌,30.0,4,False,6.0,-0.2321,-0.1118,-0.2321,False,True,1.1,0.31,42.77,2.37,0.67,240.5,OHLC,↑,HH/HL,自然回檔,False,265,3,universe
TRU,2026-09-21,71.41,2.69,False,79.22,-0.217,-0.65,True,77.3,0.26,77.0,True,3.76,2.49,7.9,-1.0,D 趨勢弱,True,8:32,256.2,跌,92.0,14,False,6.0,-1.1815,-1.1528,-1.1815,False,False,-10.94,-2.91,78.83,-10.39,-2.76,166.5,OHLC,↓,LH/LL,DT,False,265,3,universe
KODK,2026-09-21,9.76,0.33,False,9.5,-0.005,0.14,True,77.2,0.31,76.9,True,3.4,2.87,49.9,1.8,D 趨勢弱,False,10:07,303.4,升,19.0,3,False,6.0,0.0485,0.0311,,False,True,2.68,0.79,9.92,-1.64,-0.48,8.7,OHLC,—,LH/LL,UT,False,265,3,universe
CROX,2026-09-21,123.69,4.37,False,121.5,-0.308,-0.75,True,77.0,0.58,76.4,True,3.53,2.77,57.5,3.1,C 基底修復,False,10:14,307.2,升,21.0,3,False,6.0,1.4568,1.0984,,False,True,1.77,0.5,125.57,-1.52,-0.43,138.1,OHLC,↓,LH/LL,自然反彈,False,265,3,universe
MLKN,2026-09-21,20.32,0.84,False,22.22,-0.215,-1.0,True,76.7,0.16,76.5,True,4.12,2.24,31.9,-1.1,D 趨勢弱,True,8:49,264.6,跌,341.0,29,False,6.0,-0.2044,-0.1999,-0.2961,False,False,-9.37,-2.27,21.26,-4.63,-1.12,13.3,OHLC,↓,LH/LL,DT,False,265,3,universe
ERIE,2026-09-21,235.95,7.78,False,254.02,-0.57,-0.08,True,76.6,0.11,76.5,True,3.3,3.08,15.0,0.6,D 趨勢弱,True,8:49,264.6,跌,232.0,18,False,6.0,-2.1321,-1.8672,-3.244,False,False,-7.66,-2.32,242.04,-2.58,-0.78,72.4,OHLC,↓,LH/LL,DT,False,265,3,universe
NTRA,2026-09-21,370.64,11.82,True,333.59,2.935,1.56,True,76.4,0.36,76.0,True,3.19,3.23,65.9,-0.5,E 延伸,False,10:34,317.0,升,26.0,3,False,6.0,2.684,2.2707,,False,False,10.0,3.14,320.76,13.46,4.22,499.8,OHLC,↑,HH/HL,UT,False,265,3,universe
PTC,2026-09-21,135.28,4.93,False,142.65,-0.315,-0.51,True,76.4,0.42,76.0,True,3.64,2.78,3.1,-1.0,D 趨勢弱,True,8:49,264.6,跌,168.0,19,False,6.0,-1.1846,-1.5667,-3.8468,True,False,-5.45,-1.5,136.65,-1.01,-0.28,224.5,OHLC,↓,LH/LL,自然反彈,False,265,3,universe
M,2026-09-21,22.19,0.89,False,22.46,-0.063,-0.54,True,76.1,0.52,75.6,True,4.01,2.46,46.5,5.6,C 基底修復,False,10:36,317.9,升,27.0,5,False,6.0,0.0577,0.0274,,False,True,-1.24,-0.31,22.58,-1.76,-0.44,153.6,OHLC,↓,LH/LL,自然反彈,False,265,3,universe
CSW,2026-09-21,289.58,9.87,False,313.38,-1.896,-1.36,True,76.0,0.61,75.4,True,3.41,3.09,17.9,2.5,D 趨勢弱,True,8:49,264.6,跌,267.0,24,False,6.0,-1.8589,-2.3752,-5.6237,True,False,-8.22,-2.41,300.71,-3.84,-1.13,39.5,OHLC,↓,LH/LL,DT,False,265,3,universe
FBIN,2026-09-21,39.6,1.5,False,44.04,-0.406,-1.71,True,75.4,0.58,74.8,True,3.78,2.83,3.5,3.5,D 趨勢弱,True,8:49,264.6,跌,339.0,50,False,6.0,-0.094,-0.1574,-0.7442,True,False,-11.2,-2.96,40.74,-2.88,-0.76,83.9,OHLC,↓,LH/LL,DT,False,265,3,universe
ACN,2026-09-21,186.11,7.27,True,183.75,0.455,0.48,False,74.1,-0.52,74.7,False,3.91,2.93,37.4,-1.6,D 趨勢弱,True,8:49,264.6,跌,160.0,14,False,6.0,-1.0269,-0.9841,-2.2022,False,True,1.27,0.32,181.38,2.54,0.65,929.7,OHLC,↑,HH/HL,自然反彈,False,265,3,universe
APPF,2026-09-21,209.84,8.41,True,214.91,0.514,0.59,False,73.1,-0.27,73.4,False,4.01,3.02,56.1,-4.5,C 基底修復,True,8:48,263.8,跌,97.0,12,False,6.0,-1.9769,-1.5661,-3.9525,False,True,-2.41,-0.6,205.65,2.0,0.5,67.4,OHLC,↑,HH/HL,自然回檔,False,265,3,universe
CRCT,2026-09-21,5.65,0.2,False,5.69,-0.013,-0.03,True,72.6,0.26,72.4,False,3.58,3.54,62.6,-0.6,B 上升結構,True,8:49,264.6,跌,185.0,24,False,6.0,-0.0269,-0.0302,-0.0776,True,True,-0.63,-0.18,5.73,-1.42,-0.39,3.9,OHLC,—,LH/LL,自然反彈,True,265,3,universe
UI,2026-09-21,586.17,27.56,True,573.45,0.427,0.08,False,72.4,-0.06,72.5,False,4.7,2.47,22.9,-1.9,D 趨勢弱,True,9:40,290.0,升,11.0,2,False,6.0,1.5087,1.0105,,False,True,2.17,0.46,539.61,7.94,1.69,109.0,OHLC,—,LH/LL,UT,False,265,3,universe
UPWK,2026-09-21,8.37,0.33,False,8.69,-0.04,-0.5,True,71.0,1.08,69.9,False,3.96,3.48,21.7,0.6,D 趨勢弱,True,8:49,264.6,跌,100.0,10,False,6.0,-0.0278,-0.0251,-0.1554,False,True,-3.77,-0.95,8.72,-4.18,-1.06,22.4,OHLC,—,LH/LL,次級回檔,True,265,3,universe
MGNI,2026-09-21,25.31,1.02,False,24.31,-0.011,0.5,True,70.7,1.26,69.4,False,4.05,3.45,70.8,-7.5,E 延伸,True,9:38,288.8,升,10.0,2,False,6.0,0.0434,0.0102,,False,True,3.93,0.97,24.21,4.35,1.07,57.6,OHLC,—,HH/HL,自然反彈,False,265,3,universe
EPAM,2026-09-21,113.13,4.91,True,111.3,0.773,0.77,True,68.5,0.09,68.4,False,4.34,3.59,34.0,0.2,D 趨勢弱,False,4:38,139.1,跌,27.0,4,False,6.0,-1.0556,-0.7539,-1.0556,False,True,1.62,0.37,114.52,-1.23,-0.28,127.5,OHLC,—,HH/HL,DT,False,265,3,universe
CDNA,2026-09-21,54.33,2.11,True,49.64,0.22,0.57,True,63.8,0.72,63.1,False,3.88,4.98,75.0,0.5,E 延伸,True,8:49,264.6,跌,274.0,26,False,6.0,-0.0066,-0.0264,-0.4834,True,False,8.63,2.23,48.97,9.87,2.54,59.5,OHLC,↑,HH/HL,UT,False,265,3,universe
DOCS,2026-09-21,26.84,1.18,False,25.69,-2.319,-1.05,True,62.7,1.4,61.3,False,4.41,4.67,38.5,-1.1,D 趨勢弱,True,8:49,264.6,跌,160.0,11,False,6.0,-0.0218,-0.0694,-0.3038,True,True,4.29,0.97,25.81,3.84,0.87,72.3,OHLC,↑,HH/HL,UT,False,265,3,universe
PESI,2026-09-21,17.34,0.94,False,18.25,-0.01,0.08,True,59.0,1.45,57.6,False,5.45,4.4,68.3,-13.2,C 基底修復,True,8:49,264.6,跌,176.0,27,False,6.0,-0.2051,-0.1748,-0.3003,False,True,-5.22,-0.96,18.77,-8.25,-1.51,5.3,OHLC,—,LH/LL,DT,True,265,3,universe
MNDY,2026-09-21,87.96,5.39,False,90.08,-0.26,-0.03,True,55.8,1.59,54.3,False,6.13,4.42,30.2,3.8,D 趨勢弱,True,8:49,264.6,跌,101.0,11,False,6.0,-0.7575,-0.7394,-1.8335,False,True,-2.41,-0.39,96.1,-9.26,-1.51,107.5,OHLC,↓,LH/LL,自然反彈,False,265,3,universe
HIMS,2026-09-21,29.35,1.64,False,29.67,-0.05,-0.2,True,54.0,1.11,52.9,False,5.58,5.39,43.8,5.6,D 趨勢弱,True,9:53,296.7,升,15.0,2,False,6.0,0.1128,0.0021,,False,True,-1.09,-0.19,28.81,1.84,0.33,275.2,OHLC,—,LH/LL,自然反彈,True,265,3,universe
FLY,2026-09-21,22.82,1.56,False,23.24,-0.154,-0.37,True,50.7,1.18,49.5,False,6.82,4.96,26.6,26.6,D 趨勢弱,True,9:43,291.4,升,12.0,3,False,6.0,0.1519,0.0171,,False,True,-1.83,-0.27,21.36,6.42,0.94,61.5,OHLC,—,LH/LL,自然反彈,True,265,3,universe
FIG,2026-09-21,22.33,1.45,True,25.31,0.043,-0.18,True,50.2,1.16,49.0,False,6.5,5.4,15.0,0.0,D 趨勢弱,True,8:49,264.6,跌,111.0,13,False,6.0,-0.3317,-0.3443,-0.8003,True,False,-13.36,-2.05,23.91,-7.08,-1.09,340.0,OHLC,—,LH/LL,DT,True,265,3,universe
RPD,2026-09-21,12.47,0.93,True,12.23,0.033,0.3,True,43.6,1.54,42.0,False,7.43,6.27,49.7,-3.4,D 趨勢弱,False,10:03,301.3,升,17.0,4,False,6.0,0.0574,0.0344,,False,True,1.9,0.26,11.47,8.02,1.08,26.0,OHLC,↓,LH/LL,次級反彈,False,265,3,universe
GSAT,2026-09-21,83.04,0.7,False,82.35,-0.034,-0.45,True,97.8,0.09,97.7,True,0.85,0.74,91.0,0.7,A 待突破,False,10:55,327.3,升,32.0,3,False,7.0,0.083,0.0452,,False,True,0.83,0.97,81.57,1.77,2.09,50.1,OHLC,↑,HH/HL,自然反彈,False,265,3,universe
TOWN,2026-09-21,36.7,0.6,False,37.35,-0.022,-0.4,False,94.5,-0.2,94.7,True,1.64,1.01,52.4,-7.8,C 基底修復,True,8:49,264.6,跌,302.0,31,False,7.0,-0.0505,-0.0256,-0.1683,False,True,-1.78,-1.08,37.67,-2.64,-1.61,19.1,OHLC,—,LH/LL,自然回檔,True,265,3,universe
UBSI,2026-09-21,46.76,0.78,False,47.59,-0.046,-0.44,True,94.4,0.01,94.4,True,1.66,1.01,50.8,-6.8,C 基底修復,False,4:21,130.6,跌,23.0,3,False,7.0,-0.0514,-0.0269,-0.2587,False,True,-1.78,-1.07,46.48,0.6,0.36,48.0,OHLC,—,HH/HL,自然回檔,True,265,3,universe
AFG,2026-09-21,141.24,2.28,False,143.41,-0.11,-0.2,False,94.3,-0.17,94.5,True,1.61,1.08,43.1,-6.7,C 基底修復,True,8:49,264.6,跌,391.0,23,False,7.0,-0.1153,-0.0343,-0.4886,False,True,-1.54,-0.95,144.84,-2.55,-1.58,54.1,OHLC,—,LH/LL,UT,True,265,3,universe
PB,2026-09-21,69.91,1.18,False,72.14,-0.137,-0.9,True,94.3,0.16,94.1,True,1.68,1.03,28.5,-0.2,D 趨勢弱,True,8:49,264.6,跌,314.0,31,False,7.0,-0.1784,-0.1767,-0.3472,False,False,-3.18,-1.89,72.72,-4.02,-2.39,65.5,OHLC,↓,LH/LL,DT,False,265,3,universe
BFST,2026-09-21,30.7,0.5,False,31.36,-0.03,-0.41,True,94.0,0.22,93.8,True,1.63,1.16,56.7,-1.2,C 基底修復,False,4:11,125.6,跌,20.0,4,False,7.0,-0.0797,-0.0665,-0.1725,False,True,-2.14,-1.31,30.68,0.07,0.04,6.1,OHLC,↑,HH/HL,自然回檔,False,265,3,universe
TRNO,2026-09-21,66.38,1.09,False,66.88,-0.099,-0.8,True,93.9,0.15,93.8,True,1.64,1.17,38.4,2.4,C 基底修復,False,10:35,317.5,升,26.0,3,False,7.0,0.1714,0.1106,,False,True,-0.75,-0.45,69.16,-4.19,-2.55,47.5,OHLC,—,LH/LL,自然反彈,True,265,3,universe
FULT,2026-09-21,23.28,0.42,False,23.74,-0.03,-0.64,True,93.8,0.16,93.6,True,1.79,1.05,49.7,-1.3,C 基底修復,False,4:02,121.2,跌,17.0,3,False,7.0,-0.0192,-0.0102,-0.1371,False,True,-1.98,-1.11,23.9,-2.66,-1.49,37.0,OHLC,—,LH/LL,DT,True,265,3,universe
SRCE,2026-09-21,85.81,1.47,False,86.64,-0.118,-0.56,True,93.8,0.27,93.5,True,1.71,1.13,65.4,-0.4,C 基底修復,False,4:42,140.9,跌,28.0,4,False,7.0,-0.1234,-0.1087,-0.6968,False,True,-0.97,-0.57,85.35,0.54,0.31,9.0,OHLC,↑,HH/HL,UT,False,265,3,universe
NBTB,2026-09-21,51.22,0.9,False,51.86,-0.043,-0.44,True,93.6,0.11,93.5,True,1.76,1.12,52.1,-1.6,C 基底修復,False,4:12,126.0,跌,20.0,2,False,7.0,-0.0236,-0.0003,-0.3284,False,True,-1.26,-0.71,50.77,0.88,0.5,16.4,OHLC,—,HH/HL,自然回檔,True,265,3,universe
OSBC,2026-09-21,24.83,0.46,False,25.38,-0.016,-0.29,False,93.5,-0.03,93.5,True,1.86,1.07,60.1,-12.1,C 基底修復,True,8:49,264.6,跌,380.0,29,False,7.0,-0.1094,-0.099,-0.1514,False,True,-2.2,-1.19,25.84,-4.07,-2.19,10.6,OHLC,—,LH/LL,自然回檔,False,265,3,universe
GD,2026-09-21,353.9,6.52,False,370.06,-1.188,-1.0,True,93.3,0.27,93.1,True,1.84,1.12,21.7,2.1,D 趨勢弱,True,8:49,264.6,跌,541.0,25,False,7.0,-0.669,-0.8711,-3.7351,True,False,-4.57,-2.48,362.39,-2.4,-1.3,400.7,OHLC,—,LH/LL,自然反彈,True,265,3,universe
ONB,2026-09-21,25.25,0.46,False,25.87,-0.04,-0.7,True,93.3,0.28,93.0,True,1.84,1.14,43.2,-0.2,C 基底修復,False,4:47,143.3,跌,30.0,4,False,7.0,-0.0292,-0.026,-0.1861,False,True,-2.46,-1.34,26.13,-3.49,-1.9,95.3,OHLC,↓,LH/LL,DT,False,265,3,universe
CUBE,2026-09-21,39.72,0.71,False,40.16,-0.047,-0.51,True,93.2,0.25,92.9,True,1.79,1.22,39.2,2.3,C 基底修復,False,11:12,336.1,升,37.0,5,False,7.0,0.0683,0.0649,,False,True,-1.1,-0.61,40.21,-1.23,-0.69,98.7,OHLC,—,LH/LL,自然反彈,True,265,3,universe
CB,2026-09-21,337.26,5.29,False,342.23,-0.288,-0.31,True,93.1,0.06,93.0,True,1.57,1.46,52.2,7.5,C 基底修復,False,12:26,12.9,升,57.0,6,False,7.0,0.1395,0.3844,,False,True,-1.47,-0.94,344.52,-2.15,-1.37,554.9,OHLC,—,LH/LL,DT,True,265,3,universe
FMBH,2026-09-21,49.68,0.89,False,50.62,-0.046,-0.47,True,93.1,0.18,93.0,True,1.8,1.21,53.0,-6.7,C 基底修復,False,4:29,134.5,跌,25.0,4,False,7.0,-0.1259,-0.0934,-0.3748,False,True,-1.89,-1.06,,,,6.1,OHLC,↑,HH/HL,自然回檔,False,265,3,universe
FFIN,2026-09-21,32.74,0.6,False,33.65,-0.048,-0.72,True,92.9,0.36,92.6,True,1.84,1.22,37.1,-0.9,C 基底修復,False,11:10,334.9,升,36.0,5,False,7.0,0.0031,0.0148,,False,True,-2.77,-1.5,33.67,-2.84,-1.54,22.7,OHLC,—,LH/LL,自然回檔,True,265,3,universe
UCB,2026-09-21,34.59,0.67,False,35.43,-0.021,-0.31,True,92.9,0.33,92.5,True,1.92,1.15,42.0,-0.4,C 基底修復,False,4:44,142.0,跌,29.0,4,False,7.0,-0.0573,-0.0476,-0.21,False,True,-2.43,-1.26,35.69,-3.18,-1.65,26.2,OHLC,—,LH/LL,DT,True,265,3,universe
RNST,2026-09-21,40.52,0.82,False,41.4,-0.088,-0.76,True,92.7,0.19,92.5,True,2.01,1.1,40.5,-0.4,C 基底修復,False,11:37,348.5,升,44.0,6,False,7.0,0.0429,0.0427,,False,True,-2.16,-1.07,41.38,-2.12,-1.05,26.4,OHLC,—,LH/LL,自然回檔,True,265,3,universe
SSB,2026-09-21,103.11,1.95,False,106.97,-0.1,-0.43,True,92.7,0.21,92.5,True,1.89,1.23,50.9,0.3,C 基底修復,True,8:49,264.6,跌,279.0,23,False,7.0,-0.4182,-0.3976,-0.7788,False,False,-3.74,-1.98,107.25,-4.02,-2.13,69.2,OHLC,—,LH/LL,自然回檔,False,265,3,universe
MET,2026-09-21,96.64,1.75,False,96.49,-0.067,-0.02,True,92.6,0.11,92.4,True,1.81,1.34,80.0,-1.8,A 待突破,False,4:20,130.0,跌,22.0,2,False,7.0,-0.0759,-0.0229,-0.7013,False,True,0.15,0.08,95.5,1.18,0.65,284.1,OHLC,—,HH/HL,UT,True,265,3,universe
ITW,2026-09-21,267.52,4.96,False,276.25,-0.953,-0.93,True,92.5,0.24,92.3,True,1.85,1.3,24.1,-10.6,D 趨勢弱,True,8:49,264.6,跌,233.0,28,False,7.0,-0.0344,-0.152,-2.5487,True,False,-3.26,-1.76,270.79,-1.22,-0.66,314.6,OHLC,—,LH/LL,自然反彈,True,265,3,universe
BHRB,2026-09-21,69.55,1.41,False,71.76,-0.097,-0.56,True,92.3,0.08,92.3,True,2.03,1.17,42.7,-1.1,C 基底修復,True,8:49,264.6,跌,235.0,31,False,7.0,-0.2276,-0.1875,-0.4782,False,False,-3.17,-1.56,72.7,-4.53,-2.23,8.1,OHLC,—,LH/LL,DT,True,265,3,universe
ORRF,2026-09-21,42.04,0.87,False,42.29,-0.023,-0.3,True,92.1,0.34,91.8,True,2.07,1.18,68.5,0.2,C 基底修復,False,4:34,137.1,跌,26.0,4,False,7.0,-0.0458,-0.0451,-0.2561,False,True,-0.59,-0.28,42.52,-1.14,-0.55,3.6,OHLC,—,HH/HL,DT,False,265,3,universe
WSBC,2026-09-21,39.1,0.78,False,40.68,-0.058,-0.66,True,92.0,0.22,91.8,True,2.01,1.28,46.3,-1.0,C 基底修復,True,8:49,264.6,跌,300.0,36,False,7.0,-0.1546,-0.1437,-0.3421,False,False,-4.05,-2.02,40.77,-4.27,-2.13,39.9,OHLC,↓,LH/LL,DT,False,265,3,universe
CNA,2026-09-21,47.79,0.93,False,48.88,-0.155,-1.31,True,91.8,0.0,91.8,True,1.95,1.38,34.8,-0.3,C 基底修復,False,10:52,326.0,升,31.0,4,False,7.0,0.058,0.0618,,False,True,-2.29,-1.18,48.7,-1.89,-0.97,23.2,OHLC,—,LH/LL,自然反彈,True,265,3,universe
QCRH,2026-09-21,99.55,2.17,False,101.86,-0.072,-0.29,True,91.5,0.23,91.3,True,2.18,1.22,61.5,-1.1,C 基底修復,False,4:45,142.5,跌,29.0,4,False,7.0,-0.255,-0.1738,-0.8396,False,True,-2.32,-1.07,99.0,0.55,0.25,11.9,OHLC,↑,HH/HL,自然回檔,False,265,3,universe
PSA,2026-09-21,296.67,6.17,False,309.4,-1.083,-0.95,True,91.4,0.28,91.1,True,2.08,1.35,33.6,1.8,D 趨勢弱,True,8:49,264.6,跌,341.0,26,False,7.0,-0.0123,-0.229,-2.6991,True,False,-4.29,-2.06,324.5,-9.38,-4.51,254.2,OHLC,—,LH/LL,自然反彈,True,265,3,universe
SMBK,2026-09-21,51.54,1.11,False,51.52,-0.014,-0.18,True,91.4,0.34,91.1,True,2.15,1.28,73.3,0.6,A 待突破,False,3:30,105.0,跌,8.0,1,False,7.0,-0.0202,0.0069,-0.4228,False,True,0.03,0.01,51.27,0.52,0.24,5.6,OHLC,—,HH/HL,UT,True,265,3,universe
COLB,2026-09-21,29.9,0.64,False,30.7,-0.03,-0.39,True,91.3,0.24,91.0,True,2.13,1.33,39.3,0.3,C 基底修復,False,11:15,337.5,升,38.0,3,False,7.0,0.0191,0.0141,,False,True,-2.69,-1.27,30.55,-2.17,-1.02,87.8,OHLC,↓,LH/LL,DT,False,265,3,universe
GL,2026-09-21,172.16,3.48,False,175.04,-0.414,-0.63,True,91.2,0.06,91.1,True,2.02,1.46,61.7,-0.4,C 基底修復,False,11:27,343.5,升,41.0,5,False,7.0,0.2225,0.2485,,False,True,-1.67,-0.83,176.19,-2.34,-1.16,67.9,OHLC,—,LH/LL,UT,True,265,3,universe
CCK,2026-09-21,108.73,2.3,False,115.53,-0.397,-0.97,True,90.9,0.11,90.8,True,2.12,1.41,34.7,-0.4,C 基底修復,True,8:49,264.6,跌,376.0,32,False,7.0,-0.6787,-0.6578,-0.9358,False,False,-6.25,-2.95,114.28,-5.1,-2.41,96.0,OHLC,↓,LH/LL,DT,False,265,3,universe
CLH,2026-09-21,311.43,6.73,True,317.56,0.093,0.17,False,90.7,-0.31,91.0,True,2.16,1.43,64.7,-10.6,C 基底修復,False,4:38,139.1,跌,27.0,3,False,7.0,-0.8522,-0.4617,-1.5098,False,True,-1.97,-0.91,325.92,-4.65,-2.15,116.2,OHLC,—,LH/LL,自然回檔,False,265,3,universe
CBAN,2026-09-21,20.8,0.47,False,21.37,-0.045,-0.65,True,90.5,1.03,89.4,True,2.25,1.39,46.6,-9.1,C 基底修復,False,4:35,137.5,跌,26.0,4,False,7.0,-0.0719,-0.0664,-0.1549,False,True,-2.74,-1.22,21.71,-4.38,-1.95,3.0,OHLC,↓,LH/LL,DT,False,265,3,universe
SYBT,2026-09-21,78.81,1.77,False,80.74,-0.1,-0.59,True,90.5,0.33,90.2,True,2.24,1.38,40.2,-1.7,C 基底修復,False,12:52,26.1,升,65.0,5,False,7.0,0.0208,0.0614,,False,True,-2.45,-1.09,80.28,-1.87,-0.83,12.7,OHLC,↓,LH/LL,DT,False,265,3,universe
MSBI,2026-09-21,33.55,0.75,False,33.17,-0.007,-0.19,True,90.4,0.35,90.1,True,2.24,1.4,88.3,0.1,A 待突破,False,12:02,0.9,升,51.0,6,False,7.0,0.0004,0.0044,,False,True,1.13,0.51,33.28,0.8,0.36,4.7,OHLC,—,HH/HL,UT,True,265,3,universe
YUMC,2026-09-21,41.47,0.87,False,45.26,-0.218,-1.23,True,90.4,0.38,90.0,True,2.1,1.56,10.0,-1.4,D 趨勢弱,True,8:49,264.6,跌,158.0,19,False,7.0,-0.2709,-0.3441,-0.5946,True,False,-9.15,-4.36,43.39,-4.63,-2.21,63.0,OHLC,↓,LH/LL,DT,False,265,3,universe
MBWM,2026-09-21,59.67,1.43,False,60.63,-0.011,-0.14,True,90.0,0.3,89.7,True,2.39,1.35,59.3,0.4,C 基底修復,False,5:19,159.4,跌,39.0,4,False,7.0,-0.1926,-0.1364,-0.3483,False,True,-1.6,-0.67,60.33,-1.11,-0.46,6.6,OHLC,—,HH/HL,DT,False,265,3,universe
IMKTA,2026-09-21,83.1,1.9,False,84.06,-0.168,-0.72,True,89.9,0.49,89.4,True,2.29,1.48,27.1,0.9,C 基底修復,False,11:43,351.3,升,45.0,7,False,7.0,0.3197,0.3011,,False,True,-1.16,-0.51,80.96,2.58,1.13,9.4,OHLC,—,HH/HL,自然反彈,True,265,3,universe
TJX,2026-09-21,130.96,3.02,False,135.34,-0.752,-1.93,True,89.9,0.54,89.4,True,2.3,1.45,9.7,6.4,D 趨勢弱,True,9:41,290.6,升,11.0,2,False,7.0,0.743,0.2636,,False,False,-3.35,-1.45,154.26,-17.79,-7.72,1191.9,OHLC,↓,LH/LL,自然反彈,False,265,3,universe
EGBN,2026-09-21,27.96,0.65,True,27.97,0.011,0.05,False,89.7,-0.17,89.9,True,2.31,1.49,68.5,0.6,A 待突破,False,11:42,351.0,升,45.0,6,False,7.0,0.0551,0.0778,,False,True,-0.04,-0.02,27.33,2.25,0.97,7.5,OHLC,—,HH/HL,自然反彈,False,265,3,universe
UHAL,2026-09-21,63.43,1.5,False,68.36,-0.469,-1.36,True,89.4,0.23,89.2,True,2.37,1.5,40.4,-0.7,D 趨勢弱,True,8:49,264.6,跌,367.0,41,False,7.0,-0.1196,-0.1748,-0.8864,True,False,-7.77,-3.28,76.45,-20.53,-8.66,9.4,OHLC,↓,LH/LL,DT,False,265,3,universe
IDT,2026-09-21,68.84,1.82,True,68.49,0.113,0.45,False,89.2,-0.54,89.7,True,2.65,1.27,69.8,1.6,A 待突破,False,5:04,152.2,跌,35.0,4,False,7.0,-0.1977,-0.1215,-0.4098,False,True,0.5,0.19,67.97,1.26,0.48,15.9,OHLC,↑,HH/HL,自然回檔,False,265,3,universe
LYV,2026-09-21,169.18,4.06,False,177.45,-0.382,-0.64,True,89.1,0.42,88.6,True,2.4,1.54,39.8,4.2,C 基底修復,True,8:49,264.6,跌,259.0,24,False,7.0,-0.6144,-0.8152,-1.5696,True,False,-4.89,-2.04,174.37,-3.07,-1.28,329.1,OHLC,—,LH/LL,DT,True,265,3,universe
MCY,2026-09-21,100.34,2.49,False,103.63,-0.227,-0.62,True,89.0,0.53,88.5,True,2.48,1.46,46.5,-0.7,C 基底修復,True,7:32,225.8,跌,75.0,10,False,7.0,-0.1738,-0.1399,-0.6429,False,False,-3.28,-1.32,103.44,-3.09,-1.25,29.6,OHLC,↓,LH/LL,DT,False,265,3,universe
PKG,2026-09-21,238.31,5.91,False,240.84,-0.433,-0.58,False,87.6,-0.43,88.1,True,2.48,1.76,40.7,5.6,C 基底修復,True,9:22,281.0,升,6.0,1,False,7.0,0.3814,-0.0984,,False,True,-1.06,-0.43,228.84,3.97,1.6,147.8,OHLC,↑,HH/HL,UT,False,265,3,universe
VRSN,2026-09-21,308.18,7.63,True,290.68,0.888,0.2,True,87.4,0.36,87.1,True,2.48,1.81,54.7,1.3,E 延伸,False,10:55,327.3,升,32.0,6,False,7.0,1.4503,1.1109,,False,False,5.68,2.29,293.52,4.76,1.92,226.2,OHLC,↑,HH/HL,UT,False,265,3,universe
CAC,2026-09-21,57.19,1.7,False,57.34,-0.021,-0.16,True,87.1,0.41,86.7,True,2.97,1.38,70.2,-0.6,A 待突破,False,4:05,122.4,跌,18.0,3,False,7.0,-0.0579,-0.0258,-0.422,False,True,-0.26,-0.09,57.38,-0.33,-0.11,5.4,OHLC,—,HH/HL,自然回檔,True,265,3,universe
BJ,2026-09-21,92.31,2.37,False,93.06,-0.086,-0.19,True,86.7,0.56,86.2,True,2.56,1.86,37.8,4.3,D 趨勢弱,False,12:28,14.1,升,58.0,6,False,7.0,0.124,0.1683,,False,True,-0.82,-0.32,90.49,1.97,0.77,149.4,OHLC,↑,HH/HL,自然回檔,False,265,3,universe
AMTB,2026-09-21,29.54,0.77,True,29.1,0.033,0.03,False,86.2,-0.03,86.3,True,2.62,1.91,71.5,-0.6,A 待突破,False,3:31,105.3,跌,9.0,1,False,7.0,-0.005,0.0083,-0.2497,False,True,1.49,0.57,28.88,2.23,0.85,9.9,OHLC,—,HH/HL,UT,True,265,3,universe
IR,2026-09-21,72.31,2.02,False,77.16,-0.671,-1.93,True,85.8,0.91,84.9,True,2.79,1.82,6.2,2.6,D 趨勢弱,True,8:49,264.6,跌,233.0,29,False,7.0,-0.0939,-0.2036,-1.06,True,False,-6.71,-2.41,74.67,-3.26,-1.17,283.6,OHLC,↓,LH/LL,DT,False,265,3,universe
STZ,2026-09-21,118.39,3.2,False,127.93,-0.605,-0.76,True,85.8,0.3,85.5,True,2.7,1.92,3.3,-0.8,D 趨勢弱,True,8:49,264.6,跌,149.0,16,False,7.0,-0.6749,-0.615,-1.2279,False,False,-8.06,-2.98,125.0,-5.58,-2.07,281.8,OHLC,↓,LH/LL,DT,False,265,3,universe
LLY,2026-09-21,1164.89,30.01,False,1184.73,-0.81,0.0,False,85.6,-0.09,85.7,True,2.58,2.09,59.2,4.8,C 基底修復,True,9:35,287.7,升,10.0,1,False,7.0,1.7614,-0.2016,,False,True,-1.7,-0.66,1113.29,4.43,1.72,2764.4,OHLC,—,HH/HL,自然反彈,False,265,3,universe
SAIC,2026-09-21,133.35,3.89,True,128.82,0.193,0.49,True,85.4,0.6,84.8,True,2.92,1.77,69.8,-1.8,A 待突破,False,11:07,333.7,升,35.0,5,False,7.0,0.2415,0.2848,,False,False,3.4,1.16,136.08,-2.05,-0.7,71.9,OHLC,—,LH/LL,UT,False,265,3,universe
KBR,2026-09-21,35.74,0.99,False,37.28,-0.075,-0.22,True,84.7,0.66,84.0,True,2.78,2.07,9.3,0.7,D 趨勢弱,True,8:49,264.6,跌,279.0,23,False,7.0,-0.1763,-0.1601,-0.2433,False,False,-4.3,-1.55,36.18,-1.23,-0.44,42.7,OHLC,↓,LH/LL,DT,False,265,3,universe
RL,2026-09-21,339.82,10.02,False,356.69,-2.023,-1.02,True,84.7,0.52,84.2,True,2.95,1.88,16.9,3.7,D 趨勢弱,True,9:36,288.0,升,10.0,1,False,7.0,0.5438,-0.0184,,False,False,-4.96,-1.68,346.73,-2.03,-0.69,237.2,OHLC,↓,LH/LL,自然反彈,False,265,3,universe
CALM,2026-09-21,72.53,2.12,False,78.57,-0.331,-0.94,True,83.7,0.41,83.3,True,2.92,2.12,8.0,-2.5,D 趨勢弱,True,8:49,264.6,跌,118.0,17,False,7.0,-0.136,-0.1471,-1.0742,True,False,-8.33,-2.85,75.02,-3.43,-1.18,66.9,OHLC,—,LH/LL,DT,True,265,3,universe
FUL,2026-09-21,49.63,1.5,False,55.74,-0.332,-1.25,True,83.4,0.95,82.4,True,3.03,2.06,0.1,0.1,D 趨勢弱,True,8:49,264.6,跌,148.0,21,False,7.0,-0.3024,-0.3547,-0.7271,True,False,-12.31,-4.06,57.11,-15.07,-4.97,31.0,OHLC,↓,LH/LL,DT,False,265,3,universe
CLX,2026-09-21,84.88,2.67,False,96.48,-0.753,-1.34,True,83.3,0.0,83.3,True,3.15,1.96,0.0,0.0,D 趨勢弱,True,8:49,264.6,跌,195.0,21,False,7.0,-0.9748,-1.2117,-1.8261,True,False,-13.67,-4.34,107.9,-27.12,-8.62,289.2,OHLC,↓,LH/LL,自然反彈,False,265,3,universe
SKWD,2026-09-21,56.3,1.63,False,57.97,-0.232,-0.67,True,83.1,0.56,82.5,True,2.89,2.26,59.7,-0.8,C 基底修復,False,3:27,103.3,跌,7.0,1,False,7.0,-0.0192,0.0047,-0.931,False,True,-2.98,-1.03,58.09,-3.19,-1.1,21.7,OHLC,—,LH/LL,自然回檔,True,265,3,universe
CALX,2026-09-21,35.42,1.1,False,37.2,-0.096,-0.58,True,82.6,0.77,81.8,True,3.1,2.14,2.7,0.8,D 趨勢弱,True,8:49,264.6,跌,253.0,18,False,7.0,-0.077,-0.1362,-0.5138,True,False,-5.03,-1.62,36.46,-2.94,-0.95,36.4,OHLC,—,LH/LL,自然反彈,True,265,3,universe
MTN,2026-09-21,140.43,4.52,False,141.26,-0.13,-0.32,True,82.4,1.59,80.8,True,3.22,2.07,32.0,3.2,C 基底修復,False,12:56,28.0,升,66.0,5,False,7.0,0.6396,0.5005,,False,True,-0.59,-0.18,136.3,2.94,0.91,107.6,OHLC,—,LH/LL,UT,False,265,3,universe
OSPN,2026-09-21,17.6,0.55,True,16.74,0.029,0.77,True,82.3,0.64,81.7,True,3.13,2.16,56.7,-1.9,E 延伸,False,11:14,336.8,升,37.0,7,False,7.0,0.1056,0.1312,,False,False,4.86,1.55,16.1,8.52,2.72,8.8,OHLC,↑,HH/HL,自然回檔,False,265,3,universe
HQY,2026-09-21,94.52,2.83,False,98.4,-0.213,-0.45,True,82.1,0.49,81.6,True,2.99,2.35,32.1,-1.7,C 基底修復,True,8:49,264.6,跌,473.0,26,False,7.0,-0.1706,-0.1967,-1.4475,True,False,-4.11,-1.37,98.02,-3.7,-1.24,90.6,OHLC,—,LH/LL,次級回檔,True,265,3,universe
OSIS,2026-09-21,200.4,6.99,False,207.86,-0.447,-0.44,True,82.1,0.62,81.5,True,3.49,1.85,6.9,2.4,D 趨勢弱,True,9:31,285.3,升,9.0,1,False,7.0,0.0285,-0.147,,False,False,-3.72,-1.07,204.29,-1.94,-0.56,61.2,OHLC,—,LH/LL,DT,True,265,3,universe
LDOS,2026-09-21,128.23,3.87,False,135.98,-0.221,0.13,True,81.7,0.97,80.8,True,3.02,2.39,15.7,3.4,D 趨勢弱,True,8:49,264.6,跌,203.0,20,False,7.0,-1.1175,-1.2157,-2.311,True,False,-6.04,-2.0,132.83,-3.59,-1.19,162.1,OHLC,—,LH/LL,DT,True,265,3,universe
WEX,2026-09-21,187.31,5.63,True,194.14,0.078,0.27,False,81.7,-1.19,82.9,True,3.0,2.41,65.0,-13.3,A 待突破,True,8:49,264.6,跌,320.0,26,False,7.0,-1.1155,-0.629,-2.3598,False,False,-3.64,-1.21,203.97,-8.89,-2.96,101.8,OHLC,—,LH/LL,自然回檔,False,265,3,universe
COLD,2026-09-21,14.73,0.5,False,14.73,-0.005,0.12,True,79.9,1.17,78.7,True,3.43,2.33,50.0,5.3,C 基底修復,False,10:42,320.9,升,28.0,5,False,7.0,0.0317,0.0234,,False,True,-0.03,-0.01,14.98,-1.7,-0.5,56.6,OHLC,↓,LH/LL,次級反彈,False,265,3,universe
CARG,2026-09-21,33.17,1.14,False,35.24,-0.378,-0.72,True,79.0,0.5,78.5,True,3.44,2.48,15.9,0.2,D 趨勢弱,True,8:49,264.6,跌,228.0,28,False,7.0,-0.1148,-0.0957,-0.5308,False,False,-6.25,-1.82,35.0,-5.52,-1.6,31.2,OHLC,↓,LH/LL,DT,False,265,3,universe
HGTY,2026-09-21,13.59,0.47,True,13.22,0.003,0.25,False,78.8,-0.35,79.1,True,3.46,2.51,63.5,3.9,A 待突破,False,3:29,104.7,跌,8.0,1,False,7.0,-0.0119,0.0155,-0.1162,False,True,2.71,0.78,13.9,-2.28,-0.66,8.3,OHLC,—,LH/LL,自然回檔,False,265,3,universe
PVH,2026-09-21,73.4,2.72,False,75.31,-0.322,-0.93,True,78.4,0.74,77.6,True,3.7,2.34,19.7,3.9,C 基底修復,False,11:03,331.3,升,34.0,4,False,7.0,0.4562,0.369,,False,True,-2.6,-0.7,74.33,-1.27,-0.34,82.6,OHLC,↓,LH/LL,自然反彈,False,265,3,universe
ISRG,2026-09-21,401.65,11.93,True,380.34,0.842,0.24,True,78.1,0.22,77.9,True,2.97,3.13,27.7,-6.2,D 趨勢弱,False,12:47,23.7,升,63.0,6,False,7.0,4.0488,3.1207,,False,False,5.3,1.79,,,,951.3,OHLC,—,LH/LL,UT,False,265,3,universe
PYPL,2026-09-21,52.62,1.57,False,56.35,-0.168,-0.61,True,77.5,0.65,76.8,True,2.98,3.24,33.9,-0.4,D 趨勢弱,True,8:49,264.6,跌,268.0,33,False,7.0,-0.3136,-0.3789,-1.4183,True,False,-7.09,-2.38,54.6,-3.76,-1.26,691.1,OHLC,—,LH/LL,DT,True,265,3,universe
KFRC,2026-09-21,51.58,1.88,False,55.23,-0.242,-0.58,True,77.2,0.51,76.6,True,3.64,2.64,46.7,-0.5,D 趨勢弱,True,8:49,264.6,跌,607.0,41,False,7.0,-0.1986,-0.2596,-0.8565,True,False,-7.07,-1.94,52.76,-2.29,-0.63,14.5,OHLC,—,LH/LL,自然反彈,True,265,3,universe
RDNT,2026-09-21,72.67,2.78,True,75.62,0.243,0.68,False,76.2,-1.73,78.0,True,3.83,2.63,49.6,-8.2,B 上升結構,True,8:49,264.6,跌,155.0,20,False,7.0,-0.3478,-0.1132,-1.0105,False,False,-4.06,-1.06,76.86,-5.77,-1.51,55.2,OHLC,↓,LH/LL,DT,False,265,3,universe
VVX,2026-09-21,77.27,2.95,False,77.19,-0.258,-0.74,True,75.8,0.7,75.1,True,3.82,2.71,44.6,4.7,C 基底修復,False,10:09,304.5,升,19.0,3,False,7.0,0.4778,0.3508,,False,True,0.11,0.03,78.45,-1.53,-0.4,56.2,OHLC,↓,LH/LL,自然反彈,False,265,3,universe
AZTA,2026-09-21,33.75,1.28,True,32.78,0.063,0.43,True,74.1,0.89,73.2,False,3.79,3.07,52.7,-0.2,B 上升結構,False,10:13,306.3,升,20.0,3,False,7.0,0.0975,0.0439,,False,True,2.87,0.76,34.04,-0.86,-0.23,29.4,OHLC,—,LH/LL,UT,False,265,3,universe
BETA,2026-09-21,22.07,1.6,False,22.13,-0.035,-0.33,True,50.0,1.02,49.0,False,7.23,4.72,41.6,15.2,D 趨勢弱,True,9:25,282.6,升,7.0,1,False,7.0,0.0235,-0.0741,,False,True,-0.25,-0.04,20.9,5.3,0.73,85.5,OHLC,—,HH/HL,自然反彈,False,220,3,universe
KOPN,2026-09-21,4.85,0.31,True,4.75,0.013,0.24,True,46.5,1.34,45.2,False,6.36,6.5,62.7,-8.0,C 基底修復,False,10:13,306.5,升,20.0,2,False,7.0,0.0302,0.0119,,False,True,1.97,0.31,4.89,-0.82,-0.13,17.2,OHLC,↑,HH/HL,UT,False,265,3,universe
SHO,2026-09-21,11.09,0.21,False,11.01,-0.007,-0.5,True,92.8,0.17,92.6,True,1.88,1.22,55.3,0.3,C 基底修復,False,11:10,334.9,升,36.0,5,False,8.0,0.017,0.0113,,False,True,0.7,0.37,11.19,-0.9,-0.48,24.1,OHLC,—,LH/LL,自然反彈,True,265,3,universe
BANR,2026-09-21,69.72,1.32,True,71.38,0.008,0.01,False,92.7,-0.19,92.9,True,1.9,1.21,53.1,-8.6,C 基底修復,False,3:34,106.9,跌,9.0,1,False,8.0,-0.0852,0.0023,-0.4646,False,True,-2.37,-1.25,72.59,-4.12,-2.17,20.2,OHLC,—,LH/LL,自然回檔,False,265,3,universe
EBC,2026-09-21,21.48,0.46,False,22.2,-0.036,-0.82,True,91.4,0.35,91.0,True,2.12,1.31,38.7,-0.2,C 基底修復,True,8:49,264.6,跌,474.0,44,False,8.0,-0.0266,-0.0287,-0.1998,True,False,-3.36,-1.58,22.1,-2.89,-1.36,49.4,OHLC,—,LH/LL,DT,True,265,3,universe
DRH,2026-09-21,12.27,0.29,False,12.36,-0.01,-0.75,True,89.7,0.38,89.3,True,2.32,1.48,52.5,0.5,C 基底修復,False,11:19,339.4,升,39.0,4,False,8.0,0.0099,0.0067,,False,True,-0.7,-0.3,12.29,-0.16,-0.07,36.0,OHLC,—,LH/LL,自然反彈,True,265,3,universe
MAR,2026-09-21,342.66,7.42,False,344.62,-0.626,-0.46,True,89.6,0.23,89.3,True,2.16,1.67,31.6,3.1,C 基底修復,False,11:58,358.9,升,49.0,5,False,8.0,1.3304,0.8109,,False,True,-0.57,-0.26,320.91,6.35,2.93,549.9,OHLC,—,HH/HL,自然反彈,False,265,3,universe
FWONA,2026-09-21,88.15,2.1,False,90.36,-0.193,-0.51,False,88.8,-0.09,88.9,True,2.39,1.6,34.1,5.4,C 基底修復,True,8:49,264.6,跌,137.0,17,False,8.0,-0.3042,-0.525,-1.0569,True,True,-2.51,-1.05,88.34,-0.22,-0.09,15.3,OHLC,—,LH/LL,自然反彈,True,265,3,universe
XOM,2026-09-21,158.3,3.84,True,162.29,0.296,0.45,False,88.6,-1.05,89.6,True,2.42,1.62,54.6,-11.8,A 待突破,False,4:25,132.4,跌,24.0,3,False,8.0,-0.6795,-0.2699,-1.0846,False,True,-2.52,-1.04,169.64,-7.16,-2.95,2355.7,OHLC,—,LH/LL,自然回檔,False,265,3,universe
FWONK,2026-09-21,96.43,2.39,False,99.55,-0.234,-0.26,True,88.4,0.02,88.4,True,2.48,1.59,34.7,4.5,C 基底修復,True,8:49,264.6,跌,126.0,18,False,8.0,-0.23,-0.4372,-1.1927,True,False,-3.24,-1.3,107.31,-11.28,-4.54,188.3,OHLC,—,LH/LL,自然反彈,True,265,3,universe
PM,2026-09-21,187.48,4.48,False,189.14,-0.07,0.08,True,88.4,0.25,88.2,True,2.39,1.69,43.7,-16.6,C 基底修復,False,3:31,105.5,跌,9.0,1,False,8.0,-0.0485,0.1827,-1.1222,False,True,-0.88,-0.37,190.39,-1.55,-0.65,769.7,OHLC,—,LH/LL,自然回檔,False,265,3,universe
PEB,2026-09-21,18.23,0.52,False,18.05,-0.003,-0.35,True,86.6,0.57,86.1,True,2.83,1.62,58.5,1.0,C 基底修復,False,11:46,352.8,升,46.0,5,False,8.0,0.0366,0.0193,,False,True,0.97,0.34,18.19,0.22,0.08,38.9,OHLC,—,LH/LL,自然反彈,True,265,3,universe
HCSG,2026-09-21,21.3,0.59,False,21.94,-0.036,-0.42,True,86.1,0.19,85.9,True,2.76,1.79,48.9,-1.9,C 基底修復,False,4:04,122.1,跌,18.0,3,False,8.0,-0.0394,-0.0234,-0.3214,False,True,-2.99,-1.08,21.25,0.23,0.08,12.8,OHLC,—,HH/HL,DT,True,265,3,universe
NTCT,2026-09-21,38.94,1.04,False,38.4,-0.018,-0.26,True,85.7,0.35,85.4,True,2.67,1.96,50.6,-0.2,C 基底修復,False,2:20,70.0,升,89.0,7,False,8.0,0.2232,0.1978,,False,True,1.4,0.52,39.27,-0.85,-0.32,25.9,OHLC,↓,LH/LL,自然回檔,False,265,3,universe
COP,2026-09-21,127.53,3.53,True,132.1,0.464,0.89,False,85.2,-1.03,86.3,True,2.77,1.96,52.5,-7.6,A 待突破,True,6:12,186.0,跌,53.0,4,False,8.0,-1.3551,-0.945,-1.3551,False,False,-3.58,-1.29,,,,874.3,OHLC,—,HH/HL,DT,False,265,3,universe
CON,2026-09-21,34.77,0.94,True,34.88,0.078,0.99,False,84.9,-0.32,85.3,True,2.69,2.1,78.8,0.2,A 待突破,False,3:32,106.2,跌,9.0,1,False,8.0,-0.0334,0.0331,-0.2897,False,True,-0.31,-0.11,36.71,-5.58,-2.07,32.4,OHLC,—,LH/LL,自然回檔,False,265,3,universe
DVN,2026-09-21,47.59,1.38,True,48.14,0.153,0.76,False,83.6,-0.54,84.1,True,2.89,2.16,55.0,-3.9,A 待突破,False,5:00,150.0,跌,33.0,4,False,8.0,-0.2782,-0.1709,-0.2782,False,True,-1.15,-0.4,48.06,-0.99,-0.34,573.9,OHLC,↑,HH/HL,自然回檔,False,265,3,universe
GIII,2026-09-21,27.66,0.93,False,29.96,-0.19,-1.28,True,80.9,0.71,80.2,True,3.37,2.2,6.0,0.5,D 趨勢弱,True,9:25,282.7,升,7.0,1,False,8.0,0.0081,-0.0479,,False,False,-8.32,-2.47,28.17,-1.84,-0.55,25.0,OHLC,—,LH/LL,自然回檔,True,265,3,universe
REXR,2026-09-21,38.72,0.74,True,37.5,0.063,0.58,True,90.2,0.39,89.8,True,1.92,1.77,45.8,-1.3,C 基底修復,False,1:56,58.2,升,82.0,7,False,9.0,0.1245,0.1274,,False,False,3.16,1.64,36.63,5.4,2.81,101.4,OHLC,↑,HH/HL,UT,False,265,3,universe
NOC,2026-09-21,526.66,11.81,False,543.28,-1.464,-0.48,True,89.5,0.13,89.4,True,2.24,1.61,8.4,2.9,D 趨勢弱,True,9:40,290.0,升,11.0,2,False,9.0,0.491,0.2215,,False,False,-3.16,-1.41,536.62,-1.89,-0.84,411.6,OHLC,—,LH/LL,自然反彈,True,265,3,universe
UTHR,2026-09-21,493.1,12.47,False,504.91,-2.589,-0.57,True,89.1,0.43,88.7,True,2.53,1.4,16.3,0.8,D 趨勢弱,False,3:27,103.6,跌,8.0,1,False,9.0,-0.0232,0.1009,-2.4422,False,True,-2.4,-0.95,506.82,-2.78,-1.1,357.9,OHLC,—,LH/LL,DT,True,265,3,universe
LMT,2026-09-21,535.4,12.89,False,557.08,-1.282,-0.74,True,86.7,0.54,86.2,True,2.41,2.02,12.5,3.4,C 基底修復,True,9:18,279.1,升,5.0,1,False,9.0,0.224,-0.2629,,False,False,-4.05,-1.68,536.15,-0.14,-0.06,614.0,OHLC,—,LH/LL,自然反彈,True,265,3,universe
EQNR,2026-09-21,42.49,1.15,True,42.97,0.123,0.87,False,82.6,-1.22,83.9,True,2.72,2.52,62.6,-5.0,A 待突破,False,4:58,149.2,跌,33.0,3,False,9.0,-0.2377,-0.0892,-0.2377,False,True,-1.12,-0.41,42.09,0.94,0.35,131.6,OHLC,↑,HH/HL,自然回檔,False,265,3,universe
MCS,2026-09-21,27.78,0.79,False,28.82,-0.13,-0.97,True,79.2,0.61,78.6,True,2.86,3.03,74.6,2.7,B 上升結構,True,8:49,264.6,跌,225.0,26,False,9.0,-0.0836,-0.1202,-0.5335,True,False,-3.73,-1.3,31.15,-12.13,-4.24,5.9,OHLC,—,LH/LL,UT,True,265,3,universe
PANW,2026-09-21,371.76,18.89,True,360.53,0.109,0.13,True,63.1,0.78,62.4,False,5.08,3.9,68.1,-3.9,B 上升結構,False,11:00,330.0,升,33.0,5,False,9.0,2.4635,2.3824,,False,True,3.02,0.59,338.49,8.95,1.76,2618.4,OHLC,—,LH/LL,自然反彈,False,265,3,universe
BFLY,2026-09-21,8.14,0.57,False,8.45,-0.019,-0.17,True,47.6,1.69,45.9,False,6.99,5.56,69.1,14.4,B 上升結構,True,9:22,281.2,升,6.0,1,False,9.0,0.0306,-0.0089,,False,True,-3.81,-0.54,,,,36.5,OHLC,—,LH/LL,UT,True,265,3,universe
CRDO,2026-09-21,187.27,14.2,False,193.12,-1.487,-0.74,True,42.0,1.55,40.4,False,7.58,6.59,30.9,0.2,D 趨勢弱,True,9:38,288.9,升,11.0,1,False,9.0,1.59,-0.504,,False,True,-3.13,-0.41,170.57,8.92,1.18,1638.0,OHLC,—,LH/LL,UT,False,265,3,universe
SUN,2026-09-21,74.42,2.05,True,76.42,0.141,0.45,False,85.9,-1.61,87.5,True,2.76,1.84,52.3,-18.6,C 基底修復,False,3:37,108.5,跌,10.0,1,False,10.0,-0.1836,0.1194,-0.7558,False,True,-2.69,-0.97,74.6,-0.24,-0.09,42.4,OHLC,↑,HH/HL,自然回檔,False,265,3,universe
CSCO,2026-09-21,111.46,2.81,False,112.45,-0.32,-0.62,True,85.1,0.21,84.9,True,2.52,2.23,64.7,1.0,C 基底修復,False,12:23,11.4,升,56.0,7,False,10.0,0.3326,0.1958,,False,True,-0.89,-0.35,112.13,-0.6,-0.24,1717.8,OHLC,—,LH/LL,次級反彈,True,265,3,universe
LINE,2026-09-21,37.52,1.1,False,39.53,-0.188,-0.69,True,84.5,0.8,83.7,True,2.93,1.95,16.8,4.6,D 趨勢弱,True,9:48,294.0,升,13.0,1,False,10.0,0.0014,-0.021,,False,False,-5.36,-1.83,38.71,-3.17,-1.08,31.8,OHLC,—,LH/LL,DT,True,265,3,universe
SWBI,2026-09-21,13.81,0.44,False,13.37,-0.008,-0.34,True,83.9,0.79,83.1,True,3.19,1.81,43.5,3.4,C 基底修復,False,2:49,84.6,升,120.0,9,False,10.0,0.1382,0.1129,,False,True,3.18,1.0,13.4,2.97,0.93,9.7,OHLC,—,LH/LL,UT,False,265,3,universe
UHS,2026-09-21,174.74,5.55,True,174.17,0.144,0.34,False,83.1,-0.26,83.4,True,3.18,1.97,23.9,1.4,C 基底修復,False,10:58,328.8,升,33.0,4,False,10.0,0.028,0.3038,,False,True,0.33,0.1,169.04,3.26,1.03,128.2,OHLC,↑,HH/HL,自然回檔,False,265,3,universe
NPKI,2026-09-21,12.48,0.42,False,13.37,-0.025,-0.26,True,78.7,0.36,78.3,True,3.37,2.62,17.5,-1.6,D 趨勢弱,True,6:21,190.5,跌,56.0,6,False,10.0,-0.0541,-0.0383,-0.2227,False,False,-7.13,-2.11,13.5,-8.17,-2.42,10.0,OHLC,↓,LH/LL,DT,False,265,3,universe
CCSI,2026-09-21,35.58,1.69,True,37.09,0.032,-0.09,True,69.8,0.72,69.1,False,4.75,2.92,48.0,6.6,C 基底修復,False,5:00,150.0,跌,33.0,3,False,10.0,-0.1382,-0.1299,-0.4938,False,True,-4.25,-0.89,37.19,-4.53,-0.95,6.4,OHLC,—,HH/HL,DT,False,265,3,universe
SEPN,2026-09-21,38.54,1.94,True,41.86,0.0,0.04,True,61.2,0.53,60.7,False,5.02,4.37,72.5,6.2,C 基底修復,True,8:49,264.6,跌,117.0,21,False,10.0,-0.0237,-0.0215,-0.892,False,False,-8.6,-1.71,39.55,-2.62,-0.52,12.4,OHLC,—,LH/LL,次級回檔,True,265,3,universe
MGRC,2026-09-21,111.76,2.31,False,114.1,-0.248,-0.96,True,92.0,0.15,91.8,True,2.07,1.22,26.6,3.0,D 趨勢弱,False,10:39,319.4,升,27.0,4,False,11.0,0.2659,0.1802,,False,True,-2.1,-1.01,111.97,-0.19,-0.09,15.2,OHLC,—,LH/LL,自然反彈,True,265,3,universe
RTX,2026-09-21,194.34,3.9,False,208.17,-0.912,-1.35,True,90.8,0.31,90.5,True,2.01,1.56,40.5,13.6,C 基底修復,True,8:49,264.6,跌,195.0,27,False,11.0,-0.7837,-0.9967,-2.6008,True,False,-7.12,-3.55,213.5,-9.86,-4.92,760.9,OHLC,—,LH/LL,自然回檔,False,265,3,universe
GTY,2026-09-21,29.47,0.68,False,32.2,-0.138,-1.05,True,90.7,0.04,90.7,True,2.32,1.27,12.2,-1.6,D 趨勢弱,True,6:39,199.6,跌,61.0,7,False,11.0,-0.3034,-0.2861,-0.3266,False,False,-9.26,-3.99,32.93,-11.74,-5.07,18.0,OHLC,↓,LH/LL,DT,False,265,3,universe
MSM,2026-09-21,121.63,2.87,False,120.46,-0.079,-0.22,True,89.8,0.13,89.6,True,2.36,1.43,60.5,-12.1,C 基底修復,False,2:37,78.3,升,94.0,9,False,11.0,0.379,0.3776,,False,True,0.96,0.41,122.36,-0.6,-0.25,78.8,OHLC,—,LH/LL,自然反彈,True,265,3,universe
GHC,2026-09-21,1146.11,30.46,False,1151.68,-0.852,-0.25,True,88.5,0.64,87.9,True,2.66,1.4,42.3,2.8,C 基底修復,False,12:04,1.9,升,51.0,6,False,11.0,2.4453,2.1909,,False,True,-0.49,-0.18,1152.5,-0.56,-0.21,45.9,OHLC,—,HH/HL,DT,True,265,3,universe
PCAR,2026-09-21,114.73,2.95,False,124.26,-0.901,-1.56,True,88.1,0.22,87.9,True,2.57,1.58,15.7,-2.8,D 趨勢弱,True,8:49,264.6,跌,253.0,32,False,11.0,-0.8425,-0.7406,-1.1366,False,False,-8.3,-3.22,124.7,-8.69,-3.37,328.4,OHLC,↓,LH/LL,DT,False,265,3,universe
DLB,2026-09-21,57.33,1.72,False,61.89,-0.121,-0.27,True,82.0,0.08,81.9,True,3.0,2.37,6.6,-2.9,D 趨勢弱,True,8:49,264.6,跌,172.0,17,False,11.0,-0.887,-0.8717,-0.887,False,False,-7.95,-2.65,,,,61.2,OHLC,—,HH/HL,DT,False,265,3,universe
SNDA,2026-09-21,38.12,1.45,False,39.2,-0.043,-0.09,True,78.1,0.09,78.0,True,3.8,2.3,58.4,13.5,C 基底修復,False,3:22,100.8,跌,6.0,1,False,11.0,-0.0233,0.0325,-0.3742,False,True,-2.84,-0.75,41.01,-7.58,-2.0,18.7,OHLC,↓,LH/LL,DT,False,265,3,universe
NTAP,2026-09-21,198.15,8.08,True,192.19,0.19,0.15,True,74.4,0.56,73.9,False,4.08,2.71,75.3,-1.2,A 待突破,False,10:16,308.2,升,21.0,3,False,11.0,0.7439,0.5701,,False,True,3.01,0.74,199.28,-0.57,-0.14,505.0,OHLC,—,LH/LL,次級反彈,True,265,3,universe
WLTH,2026-09-21,10.06,0.45,True,9.94,0.01,0.43,True,70.0,0.09,69.9,False,4.46,3.18,25.0,0.3,C 基底修復,False,2:49,84.6,升,131.0,11,False,11.0,0.0353,0.0635,,False,True,1.15,0.26,10.38,-3.18,-0.71,34.6,OHLC,—,HH/HL,DT,False,192,3,universe
ATEC,2026-09-21,10.17,0.48,True,9.77,0.032,0.27,True,64.4,0.8,63.6,False,4.69,4.03,20.5,-5.1,D 趨勢弱,False,11:45,352.4,升,46.0,7,False,11.0,0.0719,0.0968,,False,True,3.9,0.83,10.02,1.47,0.31,23.1,OHLC,↑,HH/HL,自然回檔,False,265,3,universe
GNRC,2026-09-21,204.96,11.61,True,201.38,0.038,0.01,True,60.8,0.42,60.3,False,5.66,3.82,30.8,0.3,D 趨勢弱,False,10:20,310.0,升,22.0,3,False,11.0,3.5727,2.9747,,False,True,1.75,0.31,231.89,-13.14,-2.32,305.4,OHLC,—,LH/LL,UT,False,265,3,universe
RDW,2026-09-21,11.6,0.78,False,11.77,-0.128,-0.03,True,50.0,1.39,48.6,False,6.7,5.25,58.3,25.7,D 趨勢弱,True,9:57,298.4,升,16.0,3,False,11.0,0.0699,0.0213,,False,True,-1.46,-0.22,10.74,7.41,1.11,138.8,OHLC,↑,HH/HL,UT,False,265,3,universe
FORM,2026-09-21,119.31,7.28,True,112.77,0.204,-0.04,True,46.1,0.73,45.4,False,6.1,6.87,57.8,0.9,C 基底修復,False,1:21,40.3,升,72.0,9,False,11.0,1.7454,1.3064,,False,True,5.48,0.9,112.47,5.73,0.94,140.1,OHLC,↑,HH/HL,UT,False,265,3,universe
APPS,2026-09-21,12.05,0.84,False,11.56,-0.158,-0.41,True,42.3,0.64,41.7,False,6.94,7.12,67.7,-2.2,B 上升結構,True,9:27,283.4,升,7.0,1,False,11.0,0.0149,-0.055,,False,True,4.08,0.59,11.3,6.22,0.9,32.2,OHLC,—,LH/LL,UT,True,265,3,universe
IBOC,2026-09-21,70.16,1.15,False,71.34,-0.131,-0.94,True,94.7,0.19,94.5,True,1.64,0.96,28.0,-0.5,D 趨勢弱,False,2:49,84.6,升,112.0,12,False,12.0,0.0659,0.1002,,False,True,-1.68,-1.02,69.87,0.41,0.25,24.9,OHLC,—,HH/HL,DT,True,265,3,universe
HOMB,2026-09-21,29.61,0.46,False,30.13,-0.024,-0.56,True,94.6,0.05,94.6,True,1.54,1.08,42.2,-0.6,C 基底修復,False,3:25,102.7,跌,7.0,1,False,12.0,-0.0036,0.0085,-0.2335,False,True,-1.75,-1.13,29.42,0.64,0.42,44.4,OHLC,—,HH/HL,自然反彈,True,265,3,universe
FCF,2026-09-21,21.03,0.36,False,21.19,-0.011,-0.28,True,94.2,0.12,94.0,True,1.73,1.02,58.2,-1.5,C 基底修復,False,3:29,104.7,跌,8.0,1,False,12.0,-0.0053,0.008,-0.1389,False,True,-0.75,-0.43,20.87,0.76,0.44,18.0,OHLC,—,HH/HL,UT,True,265,3,universe
UVSP,2026-09-21,42.15,0.7,False,42.27,-0.054,-0.5,True,94.0,0.05,94.0,True,1.66,1.12,53.9,-0.1,C 基底修復,False,1:14,36.9,升,71.0,11,False,12.0,0.0834,0.1255,,False,True,-0.29,-0.18,41.85,0.71,0.43,9.8,OHLC,—,HH/HL,自然反彈,True,265,3,universe
HTH,2026-09-21,38.76,0.68,False,38.7,-0.002,-0.33,True,93.6,0.16,93.5,True,1.77,1.11,51.3,0.2,C 基底修復,False,1:25,42.4,升,74.0,8,False,12.0,0.0188,0.0172,,False,True,0.15,0.09,38.77,-0.03,-0.01,12.8,OHLC,—,HH/HL,自然回檔,True,265,3,universe
CFFN,2026-09-21,8.85,0.16,False,8.74,-0.001,-0.23,True,93.4,0.11,93.3,True,1.85,1.08,67.4,-0.2,A 待突破,False,1:51,55.4,升,81.0,12,False,12.0,0.0106,0.0147,,False,True,1.24,0.67,8.68,1.86,1.01,7.8,OHLC,—,HH/HL,UT,True,265,3,universe
ACT,2026-09-21,48.05,0.95,False,49.19,-0.002,0.08,False,93.1,-0.13,93.3,True,1.98,1.03,56.8,-10.4,C 基底修復,True,8:49,264.6,跌,153.0,22,False,12.0,-0.2188,-0.1791,-0.2839,False,True,-2.38,-1.2,48.54,-1.02,-0.52,21.4,OHLC,—,HH/HL,自然回檔,True,265,3,universe
HWC,2026-09-21,74.51,1.46,False,75.75,-0.076,-0.4,True,93.1,0.19,92.9,True,1.96,1.06,50.4,-0.8,C 基底修復,False,12:31,15.4,升,59.0,6,False,12.0,0.0087,0.0311,,False,True,-1.67,-0.85,73.38,1.52,0.78,56.4,OHLC,—,HH/HL,UT,True,265,3,universe
INDB,2026-09-21,81.2,1.54,False,83.09,-0.067,-0.4,True,93.1,0.01,93.1,True,1.89,1.12,41.0,-3.1,C 基底修復,False,3:26,103.1,跌,7.0,1,False,12.0,-0.0378,0.0496,-0.4894,False,True,-2.33,-1.23,81.31,-0.14,-0.07,27.3,OHLC,—,HH/HL,自然回檔,True,265,3,universe
HBNC,2026-09-21,19.37,0.36,False,19.8,-0.038,-0.61,True,92.8,0.08,92.8,True,1.86,1.22,45.8,-1.2,C 基底修復,False,3:38,108.9,跌,11.0,1,False,12.0,-0.0105,0.0003,-0.1491,False,True,-2.22,-1.19,19.31,0.31,0.17,9.5,OHLC,—,HH/HL,DT,False,265,3,universe
BCAL,2026-09-21,21.51,0.44,True,21.6,0.009,0.22,False,92.4,-0.08,92.5,True,2.05,1.14,69.0,0.9,A 待突破,False,3:28,103.8,跌,8.0,1,False,12.0,-0.0169,0.0098,-0.0744,False,True,-0.41,-0.2,21.33,0.84,0.41,4.4,OHLC,—,HH/HL,自然回檔,True,265,3,universe
SHBI,2026-09-21,23.19,0.47,False,23.34,-0.029,-0.58,True,92.4,0.31,92.1,True,2.02,1.16,55.7,0.3,C 基底修復,False,3:29,104.5,跌,8.0,1,False,12.0,-0.0017,0.0045,-0.1826,False,True,-0.65,-0.32,22.91,1.21,0.6,4.0,OHLC,—,HH/HL,自然回檔,True,265,3,universe
CCNE,2026-09-21,33.95,0.7,False,34.26,-0.022,-0.39,True,92.1,0.23,91.8,True,2.06,1.21,59.0,-0.5,C 基底修復,False,3:51,115.7,跌,14.0,2,False,12.0,-0.0287,-0.0098,-0.2141,False,True,-0.92,-0.45,33.83,0.35,0.17,5.1,OHLC,—,HH/HL,自然回檔,True,265,3,universe
NIC,2026-09-21,165.77,3.8,False,171.96,-0.149,-0.28,True,91.2,0.09,91.1,True,2.29,1.19,58.0,-2.0,C 基底修復,True,8:49,264.6,跌,166.0,24,False,12.0,-0.5909,-0.4624,-1.3246,False,False,-3.73,-1.63,173.21,-4.49,-1.96,24.2,OHLC,—,LH/LL,DT,True,265,3,universe
PGC,2026-09-21,45.17,0.97,False,45.58,-0.011,-0.23,True,91.0,0.11,90.9,True,2.15,1.37,68.4,0.4,C 基底修復,False,3:45,112.5,跌,12.0,2,False,12.0,-0.0287,-0.014,-0.1956,False,True,-0.9,-0.42,46.71,-3.41,-1.58,5.5,OHLC,—,LH/LL,自然回檔,False,265,3,universe
PFG,2026-09-21,116.47,2.55,True,114.61,0.11,0.24,False,90.8,-0.0,90.8,True,2.19,1.38,70.2,-0.9,A 待突破,False,2:49,84.6,升,130.0,12,False,12.0,0.2256,0.3241,,False,True,1.59,0.73,114.02,2.1,0.96,166.7,OHLC,—,HH/HL,自然回檔,True,265,3,universe
TRST,2026-09-21,56.34,1.32,True,57.11,0.035,0.02,False,90.8,-0.04,90.9,True,2.35,1.2,61.2,-2.0,C 基底修復,False,4:52,146.1,跌,31.0,3,False,12.0,-0.2155,-0.1611,-0.3262,False,True,-1.36,-0.58,59.26,-5.18,-2.21,9.1,OHLC,—,LH/LL,自然回檔,False,265,3,universe
UNTY,2026-09-21,58.56,1.26,False,59.42,-0.034,-0.2,True,90.8,0.44,90.4,True,2.15,1.4,45.5,1.0,C 基底修復,False,4:33,136.5,跌,26.0,3,False,12.0,-0.0964,-0.0783,-0.3719,False,True,-1.47,-0.68,58.26,0.51,0.24,3.4,OHLC,↑,HH/HL,自然回檔,False,265,3,universe
PFIS,2026-09-21,69.96,1.66,False,70.57,-0.006,-0.02,True,90.3,0.04,90.2,True,2.38,1.3,63.3,-10.2,C 基底修復,False,4:48,144.0,跌,30.0,3,False,12.0,-0.1428,-0.0671,-0.399,False,True,-0.87,-0.36,73.34,-4.83,-2.03,4.0,OHLC,—,LH/LL,自然回檔,False,265,3,universe
AROW,2026-09-21,37.65,0.9,False,38.58,-0.047,-0.35,True,90.2,0.24,89.9,True,2.39,1.32,47.4,-2.2,C 基底修復,False,3:51,115.3,跌,14.0,2,False,12.0,-0.0682,-0.0298,-0.3292,False,True,-2.47,-1.04,,,,3.3,OHLC,—,HH/HL,DT,False,265,3,universe
SFST,2026-09-21,61.23,1.55,False,62.75,-0.059,-0.26,True,89.0,0.07,88.9,True,2.53,1.43,61.4,-7.3,C 基底修復,False,5:20,160.2,跌,39.0,4,False,12.0,-0.1769,-0.1352,-0.3703,False,True,-2.48,-0.98,61.57,-0.56,-0.22,5.8,OHLC,—,HH/HL,DT,False,265,3,universe
CRBG,2026-09-21,34.8,0.8,True,33.74,0.036,0.62,True,88.1,0.1,88.0,True,2.31,1.85,60.9,-7.6,E 延伸,False,2:46,82.8,升,96.0,12,False,12.0,0.0522,0.0797,,False,False,3.03,1.31,33.75,3.02,1.31,133.1,OHLC,↑,HH/HL,UT,False,265,3,universe
WAL,2026-09-21,78.65,2.07,False,79.57,-0.095,-0.35,True,88.1,0.41,87.7,True,2.64,1.5,21.9,1.9,D 趨勢弱,False,4:16,127.9,跌,21.0,2,False,12.0,-0.0038,-0.0035,-0.3988,False,True,-1.17,-0.44,81.0,-2.99,-1.13,87.7,OHLC,—,LH/LL,自然反彈,True,265,3,universe
EQH,2026-09-21,53.87,1.26,True,52.07,0.072,0.85,True,87.6,0.06,87.6,True,2.33,1.91,57.9,-2.6,E 延伸,False,2:09,64.3,升,86.0,12,False,12.0,0.119,0.1644,,False,False,3.35,1.44,52.04,3.4,1.46,168.2,OHLC,↑,HH/HL,UT,False,265,3,universe
BANC,2026-09-21,18.29,0.42,False,18.76,-0.009,-0.49,True,86.1,0.43,85.7,True,2.3,2.25,25.8,0.8,D 趨勢弱,False,2:49,84.6,升,135.0,12,False,12.0,0.0191,0.0234,,False,True,-2.57,-1.12,18.78,-2.68,-1.16,46.5,OHLC,↓,LH/LL,DT,False,265,3,universe
PLUS,2026-09-21,92.25,2.7,True,89.34,0.035,-0.13,True,85.1,0.13,85.0,True,2.93,1.83,63.0,5.5,A 待突破,False,2:49,84.6,升,152.0,12,False,12.0,0.3017,0.3286,,False,False,3.15,1.08,90.99,1.37,0.47,21.5,OHLC,↑,HH/HL,UT,False,265,3,universe
DLX,2026-09-21,23.45,0.65,False,23.76,-0.073,-0.84,True,84.9,0.35,84.5,True,2.78,2.02,19.9,-0.8,C 基底修復,False,1:10,35.0,升,69.0,12,False,12.0,0.0371,0.0462,,False,True,-1.31,-0.47,23.45,0.0,0.0,10.2,OHLC,—,HH/HL,自然回檔,True,265,3,universe
NBN,2026-09-21,132.5,3.85,False,131.54,-0.006,0.0,True,84.0,0.48,83.5,True,2.9,2.07,66.4,-0.6,A 待突破,False,2:49,84.6,升,124.0,11,False,12.0,0.3101,0.3724,,False,True,0.72,0.25,127.65,3.66,1.26,14.2,OHLC,—,HH/HL,自然反彈,False,265,3,universe
LUV,2026-09-21,41.77,1.24,False,40.69,-0.121,-1.2,True,83.3,0.71,82.6,True,2.97,2.13,20.2,-6.6,C 基底修復,False,1:36,47.9,升,77.0,9,False,12.0,0.5434,0.4471,,False,True,2.6,0.87,38.67,7.42,2.5,234.5,OHLC,↑,HH/HL,UT,False,265,3,universe
CCL,2026-09-21,22.31,0.73,False,24.58,-0.176,-1.63,True,82.0,0.47,81.5,True,3.25,2.11,2.9,2.9,D 趨勢弱,True,8:49,264.6,跌,190.0,25,False,12.0,-0.0109,-0.0625,-0.3938,True,False,-10.19,-3.13,22.95,-2.87,-0.88,454.5,OHLC,↓,LH/LL,自然反彈,False,265,3,universe
GNK,2026-09-21,27.83,0.89,True,26.76,0.057,0.36,True,81.6,0.26,81.3,True,3.2,2.24,68.3,0.5,A 待突破,False,2:49,84.6,升,213.0,12,False,12.0,0.0701,0.0857,,False,False,3.84,1.2,27.42,1.47,0.46,21.5,OHLC,↑,HH/HL,自然反彈,False,265,3,universe
CAT,2026-09-21,816.5,24.74,False,817.25,-1.063,-0.61,True,81.1,0.95,80.1,True,3.03,2.5,57.3,1.2,C 基底修復,False,2:11,65.3,升,86.0,11,False,12.0,3.4414,2.1711,,False,True,-0.09,-0.03,822.48,-0.73,-0.24,1922.3,OHLC,—,LH/LL,自然反彈,True,265,3,universe
TXN,2026-09-21,270.87,8.96,False,265.82,-0.701,-0.32,True,80.0,0.29,79.7,True,3.31,2.44,50.8,-0.2,C 基底修復,False,1:51,55.5,升,81.0,10,False,12.0,1.8793,1.4303,,False,True,1.86,0.56,266.54,1.6,0.48,1634.6,OHLC,—,LH/LL,自然反彈,True,265,3,universe
VSTS,2026-09-21,14.23,0.54,True,13.36,0.0,-0.02,True,77.6,0.16,77.5,True,3.81,2.38,60.7,6.4,B 上升結構,False,2:26,73.1,升,91.0,11,False,12.0,0.198,0.176,,False,False,6.11,1.6,13.85,2.67,0.7,21.7,OHLC,↑,HH/HL,UT,False,265,3,universe
ALK,2026-09-21,41.9,1.51,False,42.31,-0.272,-1.24,True,77.0,0.72,76.3,True,3.61,2.69,13.4,-1.3,D 趨勢弱,False,1:22,40.9,升,73.0,7,False,12.0,0.2433,0.1134,,False,True,-0.99,-0.27,41.16,1.77,0.49,97.9,OHLC,—,LH/LL,UT,True,265,3,universe
ADC,2026-09-21,67.62,1.19,False,72.61,-0.228,-1.26,True,94.0,0.09,93.9,True,1.76,1.03,10.4,-1.0,D 趨勢弱,True,6:48,204.1,跌,63.0,8,False,13.0,-0.3667,-0.3573,-0.7792,False,False,-7.38,-4.2,73.54,-8.75,-4.98,94.2,OHLC,↓,LH/LL,DT,False,265,3,universe
ENSG,2026-09-21,174.47,3.76,False,176.19,-0.248,-0.21,True,90.7,0.36,90.3,True,2.16,1.44,16.0,1.8,D 趨勢弱,False,11:07,333.3,升,35.0,4,False,13.0,0.1715,0.1595,,False,True,-0.98,-0.46,178.78,-2.47,-1.15,62.2,OHLC,—,LH/LL,自然回檔,False,265,3,universe
DHC,2026-09-21,8.12,0.26,False,7.95,-0.021,-0.95,True,82.4,0.56,81.8,True,3.23,2.06,52.2,2.9,C 基底修復,False,12:57,28.6,升,66.0,7,False,13.0,0.1,0.0925,,False,True,2.09,0.65,8.38,-3.2,-0.99,13.8,OHLC,↓,LH/LL,自然反彈,False,265,3,universe
BBY,2026-09-21,93.22,3.06,True,87.13,0.332,0.56,True,81.3,0.67,80.6,True,3.28,2.21,62.6,-3.5,E 延伸,False,2:49,84.6,升,144.0,11,False,13.0,0.4858,0.5965,,False,False,6.53,1.99,92.45,0.83,0.25,417.4,OHLC,↑,HH/HL,自然反彈,False,265,3,universe
INSW,2026-09-21,109.1,3.87,True,101.96,0.627,0.92,True,78.9,0.13,78.8,True,3.54,2.39,69.1,0.6,E 延伸,False,1:05,32.3,升,68.0,12,False,13.0,0.479,0.6405,,False,False,6.54,1.85,102.14,6.38,1.8,81.5,OHLC,↑,HH/HL,UT,False,265,3,universe
MOD,2026-09-21,197.62,10.62,True,191.33,0.172,-0.15,True,59.4,0.67,58.8,False,5.37,4.38,29.0,-0.1,D 趨勢弱,False,2:49,84.6,升,112.0,12,False,13.0,2.2951,1.5044,,False,True,3.18,0.59,195.92,0.86,0.16,243.3,OHLC,↑,HH/HL,UT,False,265,3,universe
IRD,2026-09-21,5.22,0.48,True,5.49,0.012,0.16,True,40.1,0.65,39.4,False,9.12,5.65,50.4,1.6,E 延伸,False,2:49,84.6,升,103.0,13,False,13.0,0.0038,0.0379,,False,True,-5.14,-0.56,4.34,16.86,1.85,26.5,OHLC,↑,HH/HL,自然回檔,False,265,3,universe
CVX,2026-09-21,203.67,4.61,True,206.55,0.473,0.92,False,89.6,-0.76,90.4,True,2.26,1.56,58.1,-6.7,A 待突破,False,5:36,167.8,跌,43.0,4,False,14.0,-1.1817,-0.596,-1.1817,False,True,-1.41,-0.62,217.78,-6.93,-3.06,2006.7,OHLC,—,LH/LL,自然回檔,False,265,3,universe
CNX,2026-09-21,32.78,0.92,False,35.56,-0.109,-0.69,True,87.1,0.22,86.9,True,2.81,1.54,6.6,-2.1,D 趨勢弱,True,7:00,210.0,跌,67.0,8,False,14.0,-0.5411,-0.5189,-0.5411,False,False,-8.47,-3.02,35.34,-7.81,-2.78,58.6,OHLC,—,HH/HL,DT,False,265,3,universe
LNN,2026-09-21,115.0,3.3,False,117.28,-0.032,0.06,True,86.3,0.71,85.6,True,2.87,1.65,17.7,-0.4,D 趨勢弱,False,5:18,159.0,跌,38.0,4,False,14.0,-0.5217,-0.3944,-0.5217,False,True,-1.98,-0.69,116.35,-1.17,-0.41,20.5,OHLC,—,HH/HL,DT,False,265,3,universe
SU,2026-09-21,67.24,1.84,True,67.13,0.296,0.66,False,85.5,-0.91,86.4,True,2.74,1.94,62.0,-6.2,A 待突破,False,4:10,125.1,跌,20.0,2,False,14.0,-0.1839,-0.006,-0.5478,False,True,0.16,0.06,67.33,-0.13,-0.05,312.5,OHLC,↑,HH/HL,自然回檔,False,265,3,universe
RAL,2026-09-21,68.91,2.44,True,66.21,0.048,0.11,True,80.0,0.91,79.1,True,3.54,2.2,64.1,-5.3,B 上升結構,False,2:49,84.6,升,97.0,9,False,14.0,0.6762,0.625,,False,False,3.92,1.11,65.15,5.46,1.54,103.0,OHLC,↑,HH/HL,UT,False,265,3,universe
CRUS,2026-09-21,119.98,4.26,False,116.03,-0.204,-0.28,True,79.6,0.73,78.9,True,3.55,2.26,12.4,-2.0,D 趨勢弱,False,2:49,84.6,升,140.0,14,False,14.0,1.6748,1.7672,,False,True,3.29,0.93,118.0,1.65,0.46,119.4,OHLC,↑,HH/HL,自然反彈,False,265,3,universe
EGY,2026-09-21,5.96,0.21,True,6.0,0.018,0.81,False,78.0,-0.58,78.5,True,3.56,2.56,56.3,-0.4,B 上升結構,False,4:13,126.5,跌,20.0,2,False,14.0,-0.0304,-0.0109,-0.0304,False,True,-0.6,-0.17,6.0,-0.67,-0.19,8.1,OHLC,↑,HH/HL,自然回檔,False,265,3,universe
QRVO,2026-09-21,117.21,4.59,True,105.22,0.546,1.22,True,75.5,0.56,74.9,True,3.92,2.67,56.9,-0.3,E 延伸,False,2:49,84.6,升,100.0,13,False,14.0,1.2434,1.4831,,False,False,10.23,2.61,120.52,-2.82,-0.72,162.5,OHLC,—,LH/LL,UT,False,265,3,universe
HP,2026-09-21,40.29,1.61,True,43.14,0.14,0.63,True,72.9,0.2,72.7,False,4.0,3.08,53.2,-4.2,B 上升結構,True,7:43,231.4,跌,79.0,11,False,14.0,-0.7344,-0.6831,-0.7344,False,False,-7.08,-1.77,48.17,-19.56,-4.89,53.9,OHLC,↓,LH/LL,DT,False,265,3,universe
MLYS,2026-09-21,28.31,1.43,True,27.76,0.014,0.17,True,67.8,1.55,66.3,False,5.04,3.01,18.6,-6.5,D 趨勢弱,False,4:18,128.9,跌,22.0,2,False,14.0,-0.0555,-0.043,-0.2234,False,True,1.94,0.39,27.33,3.46,0.69,37.4,OHLC,—,HH/HL,次級反彈,False,265,3,universe
CZR,2026-09-21,29.65,0.12,False,29.69,-0.017,-0.58,True,99.2,0.19,99.1,True,0.39,0.52,56.9,0.3,C 基底修復,False,2:49,84.6,升,136.0,9,False,,0.0022,0.0024,,False,True,-0.13,-0.33,29.75,-0.34,-0.86,103.4,OHLC,—,LH/LL,自然回檔,True,265,3,universe
CCO,2026-09-21,2.38,0.02,False,2.36,-0.001,-0.29,True,97.4,0.03,97.4,True,0.97,0.79,69.6,-1.0,C 基底修復,False,2:49,84.6,升,384.0,12,False,,0.0016,0.0019,,False,True,0.82,0.84,2.39,-0.42,-0.43,12.6,OHLC,—,LH/LL,自然反彈,True,265,3,universe
LNTH,2026-09-21,100.28,0.77,False,100.66,-0.021,-0.37,True,95.4,0.28,95.1,True,0.76,1.64,69.9,0.0,C 基底修復,False,2:49,84.6,升,151.0,20,False,,0.0616,0.0847,,False,True,-0.38,-0.5,101.02,-0.74,-0.97,99.7,OHLC,—,LH/LL,DT,True,265,3,universe
STAG,2026-09-21,37.51,0.56,True,37.13,0.019,-0.09,False,94.1,-0.04,94.1,True,1.48,1.29,36.4,0.3,D 趨勢弱,False,2:49,84.6,升,137.0,19,False,,0.0879,0.0843,,False,True,1.01,0.68,36.69,2.19,1.48,57.2,OHLC,—,HH/HL,自然回檔,True,265,3,universe
MKL,2026-09-21,1774.64,27.1,False,1806.48,-3.071,-0.72,True,93.7,0.11,93.6,True,1.53,1.34,17.8,0.2,D 趨勢弱,False,2:49,84.6,升,123.0,16,False,,1.0295,1.3552,,False,True,-1.79,-1.17,1807.0,-1.82,-1.19,118.2,OHLC,—,LH/LL,DT,True,265,3,universe
NI,2026-09-21,40.52,0.67,False,41.36,-0.111,-0.91,True,93.7,0.17,93.5,True,1.66,1.21,16.9,-10.4,D 趨勢弱,False,2:49,84.6,升,127.0,15,False,,0.0613,0.0771,,False,True,-2.07,-1.25,41.9,-3.41,-2.05,208.7,OHLC,↓,LH/LL,DT,False,265,3,universe
NNI,2026-09-21,126.29,2.35,False,126.79,-0.137,-0.57,True,93.4,0.29,93.1,True,1.86,1.08,22.3,-0.2,D 趨勢弱,False,2:49,84.6,升,132.0,13,False,,0.2029,0.2331,,False,True,-0.39,-0.21,128.63,-1.85,-0.99,19.0,OHLC,—,LH/LL,DT,True,265,3,universe
STRF,2026-09-21,103.32,1.42,True,100.63,0.23,0.86,False,93.4,-0.07,93.4,True,1.38,1.57,48.8,1.3,C 基底修復,False,4:56,148.1,跌,32.0,5,False,,-0.2341,-0.1831,-0.2341,False,True,2.6,1.89,100.66,2.57,1.87,6.9,OHLC,↑,HH/HL,UT,False,265,3,universe
FPI,2026-09-21,10.95,0.21,True,10.4,0.031,0.79,True,93.0,0.36,92.7,True,1.88,1.15,32.4,1.0,C 基底修復,False,2:49,84.6,升,187.0,35,False,,0.012,0.0126,,False,False,5.04,2.68,10.13,7.49,3.98,6.7,OHLC,—,HH/HL,UT,True,265,3,universe
RSG,2026-09-21,213.93,3.81,False,220.07,-0.029,0.4,False,93.0,-0.29,93.2,True,1.78,1.27,27.7,-12.3,D 趨勢弱,True,6:23,191.4,跌,56.0,5,False,,-1.0714,-0.7137,-1.6299,False,True,-2.87,-1.61,217.34,-1.59,-0.89,371.6,OHLC,—,HH/HL,DT,False,265,3,universe
GSBC,2026-09-21,78.55,1.58,False,79.45,-0.072,-0.27,True,92.4,0.25,92.2,True,2.02,1.17,70.1,-0.5,C 基底修復,False,4:09,124.7,跌,19.0,2,False,,-0.0936,-0.0368,-0.4319,False,True,-1.14,-0.57,78.08,0.6,0.3,7.2,OHLC,—,HH/HL,次級回檔,True,265,3,universe
WABC,2026-09-21,59.48,1.22,True,59.31,0.028,0.23,False,92.4,-0.48,92.8,True,2.06,1.15,66.1,0.6,A 待突破,False,2:26,73.0,升,91.0,12,False,,0.1703,0.2433,,False,True,0.29,0.14,58.54,1.58,0.77,12.7,OHLC,↑,HH/HL,自然回檔,False,265,3,universe
OHI,2026-09-21,46.83,0.92,False,46.76,-0.037,-0.3,True,92.3,0.23,92.0,True,1.96,1.26,41.3,1.5,C 基底修復,False,2:49,84.6,升,121.0,14,False,,0.0771,0.0968,,False,True,0.16,0.08,45.76,2.28,1.16,91.3,OHLC,—,HH/HL,UT,True,265,3,universe
HTB,2026-09-21,47.1,0.97,False,47.55,-0.041,-0.59,True,92.1,0.32,91.7,True,2.05,1.22,42.4,-1.0,C 基底修復,False,2:11,65.3,升,86.0,11,False,,0.0302,0.048,,False,True,-0.96,-0.47,49.56,-5.22,-2.55,11.1,OHLC,—,LH/LL,自然回檔,False,265,3,universe
PAA,2026-09-21,24.99,0.48,True,25.02,0.115,0.8,False,92.1,-0.22,92.3,True,1.93,1.33,68.2,2.8,A 待突破,False,5:46,172.8,跌,46.0,5,False,,-0.1411,-0.1056,-0.2281,False,True,-0.13,-0.07,26.39,-5.6,-2.9,67.7,OHLC,—,LH/LL,自然回檔,False,265,3,universe
LKFN,2026-09-21,59.93,1.17,False,60.49,-0.052,-0.49,True,92.0,0.28,91.8,True,1.96,1.32,40.5,11.0,C 基底修復,False,2:49,84.6,升,135.0,11,False,,0.0393,0.0433,,False,True,-0.93,-0.47,59.08,1.42,0.72,10.4,OHLC,—,HH/HL,自然反彈,True,265,3,universe
CINF,2026-09-21,166.85,2.95,False,170.75,-0.257,-0.7,True,91.9,0.01,91.9,True,1.77,1.55,28.1,-11.8,D 趨勢弱,False,3:22,100.9,跌,6.0,1,False,,-0.0853,0.1095,-1.0621,False,True,-2.34,-1.32,173.2,-3.81,-2.16,99.1,OHLC,↓,LH/LL,DT,False,265,3,universe
SBSI,2026-09-21,31.52,0.68,False,32.09,-0.041,-0.37,True,91.7,0.14,91.5,True,2.15,1.21,27.6,1.0,D 趨勢弱,False,3:57,118.3,跌,16.0,2,False,,-0.0176,-0.0138,-0.3287,False,True,-1.82,-0.85,,,,4.0,OHLC,—,HH/HL,DT,False,265,3,universe
AWK,2026-09-21,133.97,2.64,False,137.55,-0.018,0.22,False,91.6,-0.09,91.7,True,1.97,1.42,47.9,-1.1,C 基底修復,True,7:52,236.1,跌,81.0,7,False,,-0.6843,-0.4852,-0.6843,False,True,-2.67,-1.36,,,,265.1,OHLC,—,HH/HL,DT,False,265,3,universe
OXLC,2026-09-21,9.04,0.19,False,9.48,-0.005,-0.11,True,91.4,0.1,91.3,True,2.11,1.3,23.3,-0.7,D 趨勢弱,True,7:05,212.7,跌,68.0,10,False,,-0.087,-0.0854,-0.087,False,False,-4.82,-2.28,8.99,0.55,0.26,7.0,OHLC,—,HH/HL,DT,False,265,3,universe
IIPR,2026-09-21,56.16,1.18,False,56.58,-0.092,-0.5,True,91.0,0.25,90.7,True,2.1,1.41,37.9,1.5,C 基底修復,False,2:49,84.6,升,175.0,19,False,,0.0683,0.0569,,False,True,-0.75,-0.35,57.11,-1.69,-0.8,19.4,OHLC,—,LH/LL,DT,True,265,3,universe
FSBC,2026-09-21,44.35,1.06,False,45.65,-0.041,-0.44,True,90.8,0.37,90.4,True,2.4,1.18,49.6,-0.3,C 基底修復,False,4:15,127.5,跌,21.0,4,False,,-0.1583,-0.1286,-0.3898,False,True,-2.93,-1.22,,,,8.7,OHLC,—,HH/HL,DT,False,265,3,universe
RBCAA,2026-09-21,93.77,2.07,False,95.57,-0.136,-0.5,True,90.5,0.41,90.1,True,2.21,1.41,55.5,0.1,C 基底修復,False,5:04,151.9,跌,34.0,4,False,,-0.3187,-0.2861,-0.9649,False,True,-1.92,-0.87,,,,11.2,OHLC,—,HH/HL,DT,False,265,3,universe
CAH,2026-09-21,225.75,5.14,False,235.27,-0.287,-0.33,True,90.3,0.2,90.1,True,2.28,1.4,60.1,3.2,C 基底修復,True,7:28,224.0,跌,74.0,8,False,,-1.924,-1.8737,-1.924,False,False,-4.22,-1.85,228.46,-1.2,-0.53,361.8,OHLC,—,HH/HL,DT,False,265,3,universe
WMT,2026-09-21,107.44,2.03,False,107.54,-0.111,-0.32,True,90.2,0.3,89.9,True,1.89,1.8,24.9,3.6,D 趨勢弱,False,2:09,64.3,升,86.0,12,False,,0.3614,0.3624,,False,True,-0.09,-0.05,105.16,2.12,1.12,2616.2,OHLC,—,HH/HL,DT,True,265,3,universe
AM,2026-09-21,21.04,0.49,False,22.07,-0.003,-0.21,True,89.9,0.43,89.4,True,2.34,1.43,24.3,-10.5,C 基底修復,True,6:25,192.6,跌,57.0,7,False,,-0.1644,-0.1639,-0.1658,False,False,-4.9,-2.1,21.03,0.05,0.02,48.9,OHLC,—,HH/HL,DT,False,265,3,universe
WFC,2026-09-21,86.54,2.01,False,87.43,-0.009,-0.06,True,89.7,0.46,89.3,True,2.32,1.48,38.1,-3.2,C 基底修復,False,4:49,144.7,跌,30.0,3,False,,-0.2986,-0.2449,-0.5693,False,True,-1.03,-0.44,85.79,0.87,0.37,1180.7,OHLC,—,HH/HL,DT,False,265,3,universe
WMK,2026-09-21,73.04,1.72,False,71.67,-0.011,-0.34,True,89.4,0.39,89.0,True,2.36,1.52,36.2,-0.3,C 基底修復,False,2:49,84.6,升,148.0,17,False,,0.3984,0.3956,,False,True,1.87,0.8,69.46,4.9,2.08,15.1,OHLC,↑,HH/HL,UT,False,265,3,universe
AD,2026-09-21,35.56,0.92,True,36.76,0.003,0.25,True,89.2,0.46,88.7,True,2.57,1.35,14.9,0.8,D 趨勢弱,False,5:46,173.1,跌,46.0,3,False,,-0.2781,-0.1849,-0.2781,False,False,-3.39,-1.32,35.05,1.43,0.56,9.7,OHLC,↑,HH/HL,自然回檔,False,265,3,universe
AAPL,2026-09-21,338.98,7.26,True,319.04,0.661,0.66,True,88.9,1.05,87.8,True,2.14,1.84,62.5,-6.8,E 延伸,False,2:49,84.6,升,105.0,18,False,,1.6126,1.6027,,False,False,5.88,2.75,315.34,6.97,3.26,14536.8,OHLC,↑,HH/HL,UT,False,265,3,universe
UNM,2026-09-21,93.56,2.21,True,93.21,0.128,0.64,False,88.5,-0.41,88.9,True,2.37,1.69,58.6,-0.7,B 上升結構,False,3:37,108.7,跌,10.0,1,False,,-0.0946,0.0574,-0.549,False,True,0.38,0.16,93.07,0.52,0.22,179.6,OHLC,—,HH/HL,次級回檔,True,265,3,universe
AIV,2026-09-21,2.16,0.06,False,2.47,-0.024,-1.28,True,88.3,0.06,88.3,True,2.85,1.25,0.0,0.0,D 趨勢弱,True,8:03,241.6,跌,84.0,8,False,,-0.0278,-0.027,-0.0278,False,False,-14.26,-5.01,2.59,-19.91,-6.99,3.4,OHLC,↓,LH/LL,DT,False,265,3,universe
CI,2026-09-21,274.47,6.44,False,279.56,-0.17,0.24,True,88.1,0.41,87.7,True,2.34,1.81,38.8,0.7,D 趨勢弱,False,4:18,128.9,跌,22.0,2,False,,-0.6059,-0.301,-2.2878,False,True,-1.85,-0.79,275.83,-0.5,-0.21,403.8,OHLC,↑,HH/HL,自然回檔,False,265,3,universe
BMRC,2026-09-21,28.1,0.71,False,27.63,-0.004,-0.12,True,87.8,0.43,87.4,True,2.51,1.69,50.8,-1.0,C 基底修復,False,2:49,84.6,升,107.0,11,False,,0.1438,0.1597,,False,True,1.66,0.66,27.36,2.63,1.05,4.9,OHLC,↑,HH/HL,UT,False,265,3,universe
RGR,2026-09-21,41.52,1.03,True,38.62,0.261,0.68,True,87.3,0.32,87.0,True,2.48,1.83,45.4,-0.7,B 上升結構,False,12:04,1.9,升,51.0,3,False,,0.3944,0.2709,,False,False,6.97,2.81,37.71,9.18,3.69,7.4,OHLC,↑,HH/HL,UT,False,265,3,universe
COLM,2026-09-21,56.73,1.48,False,57.63,-0.03,-0.17,True,86.9,0.18,86.7,True,2.62,1.79,16.6,-4.1,D 趨勢弱,False,1:44,52.0,升,79.0,7,False,,0.085,0.0906,,False,True,-1.59,-0.61,57.67,-1.66,-0.63,38.6,OHLC,—,LH/LL,自然回檔,True,265,3,universe
DE,2026-09-21,684.73,16.91,True,651.78,1.633,0.62,True,86.1,0.75,85.4,True,2.47,2.08,57.4,5.0,E 延伸,False,5:22,161.1,跌,40.0,4,False,,-1.0351,-0.8129,-3.9742,False,False,4.81,1.95,669.47,2.23,0.9,885.0,OHLC,—,HH/HL,自然反彈,True,265,3,universe
CHCT,2026-09-21,14.38,0.33,False,14.79,-0.044,-1.38,True,85.9,0.26,85.6,True,2.31,2.29,12.1,1.3,D 趨勢弱,False,2:49,84.6,升,167.0,18,False,,0.0445,0.0448,,False,True,-2.85,-1.23,15.11,-5.08,-2.2,5.6,OHLC,↓,LH/LL,DT,False,265,3,universe
UAN,2026-09-21,129.1,3.58,True,126.13,0.029,0.1,False,85.3,-1.54,86.8,True,2.77,1.94,66.4,3.1,A 待突破,False,3:20,100.1,跌,6.0,1,False,,-0.3633,0.0721,-0.9588,False,True,2.3,0.83,132.61,-2.72,-0.98,4.5,OHLC,↑,HH/HL,自然回檔,False,265,3,universe
CTS,2026-09-21,58.67,1.65,False,58.32,-0.192,-1.13,True,84.2,0.34,83.8,True,2.82,2.12,49.2,-0.3,C 基底修復,False,11:27,343.4,升,41.0,7,False,,0.4066,0.34,,False,True,0.6,0.21,55.04,6.19,2.19,12.4,OHLC,—,HH/HL,UT,True,265,3,universe
NTR,2026-09-21,74.54,2.28,True,74.4,0.398,0.81,False,84.0,-1.7,85.7,True,3.06,1.91,54.6,4.9,B 上升結構,False,5:05,152.3,跌,35.0,6,False,,-0.6549,-0.4054,-0.6549,False,True,0.18,0.06,82.55,-10.75,-3.51,200.4,OHLC,↓,LH/LL,DT,False,265,3,universe
OPLN,2026-09-21,34.77,0.97,False,34.9,-0.048,-0.75,True,83.9,0.26,83.6,True,2.78,2.22,54.9,0.1,C 基底修復,False,2:49,84.6,升,147.0,17,False,,0.0858,0.0775,,False,True,-0.38,-0.14,34.63,0.4,0.14,39.0,OHLC,—,HH/HL,自然回檔,True,265,3,universe
VTS,2026-09-21,16.88,0.53,True,17.35,0.036,0.75,False,83.9,-1.37,85.3,True,3.16,1.82,23.4,2.5,D 趨勢弱,False,4:30,135.0,跌,25.0,3,False,,-0.1556,-0.0871,-0.1556,False,True,-2.81,-0.89,19.04,-12.8,-4.04,9.4,OHLC,—,LH/LL,自然回檔,False,265,3,universe
PBR,2026-09-21,20.63,0.59,True,19.64,0.101,0.63,True,83.8,0.22,83.6,True,2.88,2.12,55.7,4.1,B 上升結構,False,3:23,101.4,跌,6.0,1,False,,-0.0311,0.0203,-0.1269,False,False,4.81,1.67,20.12,2.47,0.86,478.4,OHLC,—,HH/HL,自然回檔,True,265,3,universe
ADM,2026-09-21,83.38,2.75,True,83.01,0.196,0.55,False,83.4,-0.67,84.0,True,3.3,1.79,63.6,2.3,B 上升結構,False,3:30,104.8,跌,8.0,1,False,,-0.1082,0.1388,-0.949,False,True,0.44,0.13,85.0,-1.94,-0.59,333.1,OHLC,—,HH/HL,DT,True,265,3,universe
PGNY,2026-09-21,26.86,0.78,False,26.53,-0.078,-0.66,True,83.4,0.19,83.2,True,2.9,2.18,47.9,1.5,C 基底修復,False,2:49,84.6,升,98.0,15,False,,0.1588,0.2094,,False,True,1.23,0.42,25.59,4.73,1.63,30.0,OHLC,↑,HH/HL,自然回檔,False,265,3,universe
CRC,2026-09-21,52.76,1.74,True,54.16,0.053,0.27,False,83.2,-0.39,83.5,True,3.29,1.85,13.9,-11.8,C 基底修復,False,4:09,124.3,跌,19.0,2,False,,-0.2132,-0.0495,-0.2132,False,True,-2.65,-0.81,52.18,1.1,0.33,46.9,OHLC,↑,HH/HL,自然回檔,False,265,3,universe
HAL,2026-09-21,33.39,1.06,True,35.23,0.027,0.35,True,82.8,0.15,82.6,True,3.16,2.05,20.1,-3.0,C 基底修復,False,5:33,166.7,跌,43.0,7,False,,-0.4318,-0.3938,-0.4318,False,False,-5.5,-1.74,33.8,-1.23,-0.39,391.0,OHLC,—,HH/HL,DT,False,265,3,universe
ECVT,2026-09-21,10.39,0.32,False,10.29,-0.008,-0.44,True,82.5,0.91,81.6,True,3.09,2.17,20.4,-0.8,D 趨勢弱,False,2:49,84.6,升,195.0,19,False,,0.1016,0.117,,False,True,0.96,0.31,10.45,-0.58,-0.19,14.0,OHLC,—,LH/LL,自然回檔,False,265,3,universe
CTVA,2026-09-21,79.11,2.39,True,82.48,0.082,0.37,False,82.4,-0.17,82.6,True,3.02,2.27,38.7,-4.3,C 基底修復,True,6:33,196.5,跌,59.0,6,False,,-0.7564,-0.6345,-1.5408,False,False,-4.26,-1.41,83.86,-6.0,-1.99,403.0,OHLC,—,HH/HL,DT,False,265,3,universe
GME,2026-09-21,22.76,0.66,True,19.62,0.156,0.8,True,82.2,0.29,81.9,True,2.91,2.4,24.5,0.4,E 延伸,False,2:49,84.6,升,148.0,18,False,,0.4501,0.4798,,False,False,13.82,4.74,21.68,4.75,1.63,185.7,OHLC,↑,HH/HL,UT,False,265,3,universe
JBTM,2026-09-21,110.52,3.47,False,115.84,-0.443,-1.08,True,82.2,0.82,81.3,True,3.14,2.19,10.1,-0.5,D 趨勢弱,True,9:30,285.2,升,8.0,1,False,,0.0106,-0.0442,,False,False,-4.82,-1.53,119.28,-7.93,-2.53,59.7,OHLC,↓,LH/LL,DT,False,265,3,universe
NBIX,2026-09-21,143.96,4.43,False,154.0,-0.618,-0.7,True,82.2,0.18,82.1,True,3.07,2.24,18.2,-10.9,D 趨勢弱,True,6:19,189.3,跌,55.0,4,False,,-0.7182,-0.3976,-2.4817,False,False,-6.97,-2.27,158.35,-10.0,-3.25,161.4,OHLC,↓,LH/LL,DT,False,265,3,universe
NYT,2026-09-21,70.53,1.93,True,67.82,0.312,0.43,True,82.2,0.61,81.6,True,2.74,2.58,23.3,-1.3,C 基底修復,False,2:49,84.6,升,372.0,20,False,,0.4926,0.5492,,False,False,3.85,1.41,73.45,-4.14,-1.51,173.5,OHLC,—,LH/LL,自然回檔,False,265,3,universe
TDS,2026-09-21,36.73,1.12,True,35.72,0.236,0.48,False,82.0,-0.1,82.1,True,3.05,2.3,20.5,-1.2,D 趨勢弱,False,4:02,121.0,跌,17.0,2,False,,-0.0442,-0.0216,-0.0442,False,True,2.75,0.9,38.04,-3.57,-1.17,51.5,OHLC,—,LH/LL,自然反彈,True,265,3,universe
AMPH,2026-09-21,24.48,0.8,True,22.47,0.188,0.99,False,81.3,-1.57,82.9,True,3.27,2.23,37.2,-1.6,C 基底修復,True,9:20,279.8,升,5.0,1,False,,0.0042,-0.0235,,False,False,8.2,2.51,22.93,6.33,1.94,11.5,OHLC,↑,HH/HL,UT,False,265,3,universe
HUM,2026-09-21,378.58,12.8,True,390.08,0.249,0.36,False,81.3,-0.09,81.4,True,3.38,2.11,69.2,0.4,C 基底修復,False,5:01,150.7,跌,34.0,4,False,,-2.7767,-2.1165,-6.6213,False,True,-3.04,-0.9,383.23,-1.23,-0.36,362.0,OHLC,—,HH/HL,DT,False,265,3,universe
KOP,2026-09-21,45.61,1.58,False,46.33,-0.334,-0.64,True,81.2,0.58,80.6,True,3.45,2.07,53.2,2.4,C 基底修復,False,3:50,115.2,跌,14.0,2,False,,-0.033,-0.0186,-0.7708,False,True,-1.58,-0.46,45.27,0.75,0.22,8.0,OHLC,—,HH/HL,DT,True,265,3,universe
MDXG,2026-09-21,4.81,0.17,True,4.51,0.017,0.68,True,81.0,0.85,80.1,True,3.55,2.01,31.5,-4.2,D 趨勢弱,False,2:49,84.6,升,127.0,18,False,,0.012,0.0099,,False,False,6.31,1.78,4.57,4.99,1.41,5.4,OHLC,↑,HH/HL,UT,False,265,3,universe
WSO,2026-09-21,317.69,9.64,False,311.94,-0.463,-0.31,True,80.9,0.06,80.8,True,3.03,2.54,24.0,1.4,D 趨勢弱,False,2:49,84.6,升,103.0,24,False,,1.7761,1.1796,,False,True,1.81,0.6,316.02,0.53,0.17,163.9,OHLC,—,LH/LL,自然反彈,True,265,3,universe
DEC,2026-09-21,13.71,0.45,False,14.61,-0.008,0.18,True,80.8,0.55,80.3,True,3.25,2.33,8.2,-2.0,D 趨勢弱,True,7:00,210.0,跌,67.0,8,False,,-0.2222,-0.2095,-0.2222,False,False,-6.58,-2.02,,,,12.5,OHLC,—,HH/HL,DT,False,265,3,universe
FFIV,2026-09-21,450.1,14.54,True,407.93,1.634,0.37,True,80.6,0.02,80.6,True,3.23,2.4,58.6,-1.3,E 延伸,False,2:49,84.6,升,126.0,9,False,,5.4162,4.539,,False,False,9.37,2.9,394.24,12.41,3.84,240.2,OHLC,↑,HH/HL,UT,False,265,3,universe
KMT,2026-09-21,29.47,0.98,False,30.16,-0.105,-1.16,True,80.6,0.8,79.8,True,3.34,2.28,22.8,1.0,D 趨勢弱,False,2:49,84.6,升,137.0,13,False,,0.1469,0.1625,,False,True,-2.34,-0.7,28.75,2.44,0.73,41.4,OHLC,—,HH/HL,自然反彈,True,265,3,universe
TIGO,2026-09-21,95.11,2.77,False,93.89,-0.316,-0.37,True,80.6,0.41,80.2,True,2.91,2.72,75.8,12.6,A 待突破,False,3:36,108.2,跌,10.0,1,False,,-0.0154,0.0111,-1.048,False,True,1.28,0.44,93.57,1.62,0.56,76.5,OHLC,—,HH/HL,次級回檔,True,265,3,universe
GXO,2026-09-21,45.4,1.49,False,46.75,-0.07,-0.53,True,80.5,0.07,80.5,True,3.28,2.36,14.9,0.9,D 趨勢弱,False,12:02,0.9,升,51.0,6,False,,0.0158,0.0624,,False,True,-2.98,-0.91,47.37,-4.34,-1.32,60.9,OHLC,—,LH/LL,自然回檔,True,265,3,universe
DJCO,2026-09-21,668.25,26.02,True,620.25,3.028,0.56,True,79.0,0.08,79.0,True,3.89,2.03,63.0,3.3,E 延伸,False,2:49,84.6,升,164.0,25,False,,1.1899,1.6841,,False,False,7.18,1.84,651.53,2.5,0.64,44.5,OHLC,↑,HH/HL,自然反彈,False,265,3,universe
BIDU,2026-09-21,92.21,2.79,False,94.81,-0.348,-0.8,True,78.9,0.47,78.4,True,3.02,2.93,14.7,2.9,D 趨勢弱,False,10:09,304.7,升,19.0,3,False,,0.2887,0.0823,,False,True,-2.82,-0.93,89.82,2.59,0.86,231.9,OHLC,—,HH/HL,自然反彈,True,265,3,universe
REPX,2026-09-21,40.62,1.52,True,41.07,0.12,1.29,False,78.8,-4.11,82.9,True,3.74,2.22,55.1,0.4,B 上升結構,False,3:28,104.2,跌,8.0,1,False,,-0.1967,0.0563,-0.1967,False,True,-1.11,-0.3,37.36,8.03,2.15,16.4,OHLC,↑,HH/HL,自然回檔,False,265,3,universe
CHRW,2026-09-21,152.84,4.28,True,149.37,0.139,0.15,False,78.7,-0.16,78.8,True,2.8,3.19,19.9,-0.6,C 基底修復,False,2:49,84.6,升,173.0,22,False,,1.2694,1.5093,,False,True,2.27,0.81,144.02,5.77,2.06,207.0,OHLC,—,HH/HL,DT,True,265,3,universe
PPIH,2026-09-21,30.24,1.11,True,28.37,0.089,0.64,True,78.7,0.33,78.4,True,3.68,2.29,38.3,2.5,C 基底修復,False,2:49,84.6,升,487.0,48,False,,0.1335,0.1822,,False,False,6.17,1.67,29.73,1.69,0.46,3.1,OHLC,↑,HH/HL,自然反彈,False,265,3,universe
FIS,2026-09-21,35.19,1.28,False,40.06,-0.255,-1.14,True,78.6,0.16,78.5,True,3.63,2.37,1.7,-0.9,D 趨勢弱,True,8:13,246.5,跌,87.0,10,False,,-0.4534,-0.4374,-0.4534,False,False,-13.84,-3.81,40.18,-14.18,-3.9,212.9,OHLC,↓,LH/LL,DT,False,265,3,universe
LPG,2026-09-21,56.64,1.94,True,51.87,0.429,1.38,True,78.6,0.42,78.2,True,3.42,2.58,61.7,-1.2,E 延伸,False,12:54,27.2,升,65.0,14,False,,0.1704,0.3282,,False,False,8.43,2.46,53.49,5.56,1.63,33.6,OHLC,↑,HH/HL,自然回檔,False,265,3,universe
YETI,2026-09-21,42.79,1.56,False,43.32,-0.193,-0.85,True,78.3,0.04,78.2,True,3.64,2.43,32.0,3.1,C 基底修復,False,12:14,6.9,升,54.0,7,False,,0.5014,0.3869,,False,True,-1.23,-0.34,,,,74.0,OHLC,—,LH/LL,UT,False,265,3,universe
PLXS,2026-09-21,252.36,8.5,False,249.34,-0.635,-0.67,True,78.2,0.91,77.3,True,3.37,2.71,59.1,-1.0,C 基底修復,False,1:54,56.9,升,82.0,10,False,,1.3122,0.8518,,False,True,1.2,0.36,236.58,6.25,1.86,54.4,OHLC,—,HH/HL,UT,True,265,3,universe
SLDE,2026-09-21,24.22,0.82,True,24.07,0.069,1.07,False,78.1,-0.81,78.9,True,3.37,2.73,63.3,-0.7,B 上升結構,False,3:41,110.6,跌,11.0,2,False,,-0.1188,-0.0222,-0.165,False,True,0.62,0.18,23.06,4.79,1.42,35.5,OHLC,↑,HH/HL,自然回檔,False,265,3,universe
NXPI,2026-09-21,232.41,7.94,False,227.6,-0.211,-0.14,True,78.0,0.51,77.4,True,3.42,2.71,15.3,-2.8,D 趨勢弱,False,2:49,84.6,升,181.0,26,False,,1.76,1.4544,,False,True,2.07,0.61,231.15,0.54,0.16,789.4,OHLC,—,HH/HL,自然反彈,False,265,3,universe
HWKN,2026-09-21,125.39,4.39,False,123.83,-0.136,-0.41,True,77.8,0.41,77.4,True,3.5,2.65,10.0,-3.6,D 趨勢弱,False,2:49,84.6,升,148.0,14,False,,0.5252,0.3266,,False,True,1.24,0.35,129.33,-3.14,-0.9,23.9,OHLC,↓,LH/LL,自然反彈,False,265,3,universe
ATRC,2026-09-21,58.32,2.0,True,53.05,0.341,2.52,True,77.2,0.01,77.2,True,3.44,2.84,60.1,-0.5,E 延伸,False,12:03,1.4,升,51.0,13,False,,0.1961,0.2569,,False,False,9.04,2.63,51.52,11.66,3.39,83.0,OHLC,↑,HH/HL,UT,False,265,3,universe
SGI,2026-09-21,63.36,2.44,False,65.48,-0.025,-0.14,True,77.1,0.46,76.6,True,3.85,2.44,13.6,2.6,D 趨勢弱,False,4:11,125.3,跌,20.0,3,False,,-0.2753,-0.1919,-0.7313,False,True,-3.35,-0.87,62.75,0.96,0.25,251.5,OHLC,—,HH/HL,DT,False,265,3,universe
LYTS,2026-09-21,20.69,0.75,False,20.86,-0.054,-0.62,True,77.0,0.48,76.5,True,3.64,2.67,22.6,16.2,D 趨勢弱,False,11:00,330.0,升,33.0,7,False,,0.2337,0.2034,,False,True,-0.84,-0.23,20.23,2.22,0.61,10.0,OHLC,—,LH/LL,UT,True,265,3,universe
MEOH,2026-09-21,58.7,2.19,True,59.86,0.14,0.89,False,76.3,-1.23,77.5,True,3.73,2.71,59.4,4.3,B 上升結構,False,3:53,116.5,跌,15.0,2,False,,-0.3358,-0.1011,-0.3358,False,True,-1.98,-0.53,58.72,-0.03,-0.01,48.9,OHLC,↑,HH/HL,自然回檔,False,265,3,universe
SAIA,2026-09-21,348.04,13.3,False,356.46,-0.44,-0.19,True,75.9,0.37,75.5,True,3.82,2.7,29.7,2.0,C 基底修復,False,2:49,84.6,升,148.0,12,False,,1.5461,1.327,,False,True,-2.42,-0.63,353.8,-1.65,-0.43,127.8,OHLC,—,LH/LL,DT,True,265,3,universe
ASTE,2026-09-21,41.67,1.57,False,42.43,-0.133,-1.27,True,75.8,1.06,74.7,True,3.76,2.78,24.5,10.3,D 趨勢弱,False,2:49,84.6,升,136.0,20,False,,0.2309,0.1873,,False,True,-1.83,-0.49,42.63,-2.3,-0.61,9.9,OHLC,↓,LH/LL,DT,False,265,3,universe
BBSI,2026-09-21,32.86,1.09,False,33.02,-0.02,-0.91,True,75.6,0.7,74.9,True,3.32,3.25,32.4,-0.2,C 基底修復,False,1:45,52.5,升,79.0,19,False,,0.0733,0.104,,False,True,-0.5,-0.15,31.67,3.62,1.09,5.7,OHLC,—,HH/HL,DT,True,265,3,universe
CE,2026-09-21,44.38,1.79,True,45.43,0.02,0.34,False,75.3,-0.59,75.9,True,4.02,2.6,9.5,-13.8,D 趨勢弱,False,2:49,84.6,升,480.0,36,False,,0.0272,0.161,,False,True,-2.37,-0.59,44.52,-0.32,-0.08,78.0,OHLC,—,HH/HL,次級回檔,True,265,3,universe
KN,2026-09-21,36.01,1.25,False,35.38,-0.117,-0.59,True,75.3,0.68,74.6,True,3.47,3.15,60.2,-2.2,C 基底修復,False,1:34,47.2,升,76.0,11,False,,0.1773,0.1464,,False,True,1.76,0.51,34.61,3.89,1.12,26.8,OHLC,—,HH/HL,UT,True,265,3,universe
CF,2026-09-21,123.27,5.45,True,128.59,0.207,0.4,False,73.8,-1.02,74.8,False,4.42,2.48,45.8,-7.4,C 基底修復,True,6:36,198.0,跌,60.0,6,False,,-1.3995,-0.8579,-1.3995,False,True,-4.31,-0.98,133.35,-8.18,-1.85,329.0,OHLC,—,HH/HL,DT,False,265,3,universe
MOS,2026-09-21,24.07,1.1,True,24.19,0.016,0.34,False,73.4,-1.55,74.9,False,4.56,2.42,22.3,7.4,D 趨勢弱,True,7:10,215.2,跌,70.0,4,False,,-0.2035,-0.1376,-0.2206,False,True,-0.48,-0.11,25.39,-5.48,-1.2,198.6,OHLC,↓,LH/LL,DT,False,265,3,universe
ASIX,2026-09-21,16.25,0.61,True,16.68,0.04,-0.45,True,72.3,0.68,71.6,False,3.76,3.42,8.8,-1.3,D 趨勢弱,False,2:49,84.6,升,209.0,18,False,,0.0445,0.061,,False,True,-2.62,-0.7,16.78,-3.26,-0.87,4.3,OHLC,—,LH/LL,DT,True,265,3,universe
CDW,2026-09-21,146.41,6.11,True,143.91,0.391,0.29,True,71.8,0.36,71.5,False,4.17,3.11,58.1,-3.1,B 上升結構,False,4:01,120.3,跌,17.0,2,False,,-0.4902,-0.2746,-1.1491,False,True,1.71,0.41,142.37,2.76,0.66,242.8,OHLC,—,HH/HL,次級回檔,True,265,3,universe
ASO,2026-09-21,48.49,2.15,True,47.82,0.018,0.19,True,71.0,1.14,69.8,False,4.43,3.01,21.3,-4.9,D 趨勢弱,False,2:49,84.6,升,119.0,10,False,,0.182,0.3716,,False,True,1.38,0.31,56.88,-17.3,-3.91,122.5,OHLC,↓,LH/LL,DT,False,265,3,universe
MIR,2026-09-21,16.21,0.71,True,15.67,0.026,0.12,True,69.9,0.52,69.4,False,4.36,3.29,28.6,4.6,D 趨勢弱,False,2:49,84.6,升,160.0,15,False,,0.0345,0.0222,,False,True,3.31,0.76,15.38,5.12,1.18,60.4,OHLC,↑,HH/HL,次級反彈,False,265,3,universe
MMED,2026-09-21,21.12,1.04,True,21.63,0.059,0.38,False,68.0,-1.29,69.2,False,4.94,3.08,54.0,1.4,B 上升結構,True,8:49,264.6,跌,114.0,6,False,,-0.2712,-0.2044,-0.2712,False,True,-2.39,-0.48,23.74,-12.41,-2.51,51.9,OHLC,—,LH/LL,自然回檔,False,137,3,universe
BTU,2026-09-21,25.07,1.26,True,27.12,0.038,0.41,True,67.3,0.46,66.8,False,5.03,3.13,9.8,-0.9,D 趨勢弱,True,6:54,206.8,跌,65.0,8,False,,-0.5713,-0.5025,-0.5713,False,False,-8.18,-1.63,27.35,-9.09,-1.81,64.4,OHLC,↓,LH/LL,DT,False,265,3,universe
SLDP,2026-09-21,2.48,0.12,True,2.41,0.007,0.55,True,66.4,0.32,66.1,False,4.95,3.37,26.7,-1.8,D 趨勢弱,False,10:05,302.3,升,18.0,3,False,,0.0015,0.0025,,False,True,2.66,0.54,2.54,-2.62,-0.53,6.7,OHLC,—,LH/LL,次級回檔,True,265,3,universe
LUMN,2026-09-21,6.46,0.37,True,6.47,0.012,0.18,True,61.9,1.17,60.7,False,5.69,3.55,18.7,6.7,D 趨勢弱,False,4:08,123.9,跌,19.0,2,False,,-0.0161,-0.0024,-0.0191,False,True,-0.22,-0.04,,,,87.9,OHLC,—,HH/HL,DT,False,265,3,universe
TTD,2026-09-21,13.88,0.68,True,13.93,0.032,-1.01,True,61.7,0.66,61.0,False,4.86,4.43,10.8,-1.4,D 趨勢弱,False,2:49,84.6,升,107.0,17,False,,0.1179,0.1603,,False,True,-0.38,-0.08,13.71,1.22,0.25,338.2,OHLC,—,HH/HL,DT,True,265,3,universe
SANM,2026-09-21,209.47,10.82,True,198.82,0.138,-0.02,True,58.2,0.19,58.1,False,5.17,4.85,62.7,-6.9,C 基底修復,False,2:49,84.6,升,114.0,12,False,,0.9681,0.2827,,False,True,5.08,0.98,199.15,4.93,0.95,124.0,OHLC,↑,HH/HL,UT,False,265,3,universe
MNRO,2026-09-21,12.9,0.67,True,12.35,0.008,-0.12,True,57.8,0.42,57.4,False,5.16,4.95,7.1,-4.1,D 趨勢弱,False,2:49,84.6,升,130.0,23,False,,0.0667,0.029,,False,True,4.3,0.83,12.97,-0.54,-0.11,13.8,OHLC,—,LH/LL,自然反彈,True,265,3,universe
LZ,2026-09-21,5.95,0.29,True,5.91,0.008,-0.37,True,55.6,0.81,54.8,False,4.91,5.7,13.5,-0.7,D 趨勢弱,False,2:49,84.6,升,123.0,17,False,,0.0151,0.022,,False,True,0.63,0.13,5.87,1.34,0.27,14.8,OHLC,↑,HH/HL,自然回檔,False,265,3,universe
DAVE,2026-09-21,350.65,21.27,True,350.1,0.905,-0.26,True,55.2,1.49,53.7,False,6.07,4.63,58.3,-0.9,C 基底修復,False,4:21,130.6,跌,23.0,3,False,,-1.9358,-1.795,-15.169,False,True,0.16,0.03,389.34,-11.03,-1.82,114.2,OHLC,—,LH/LL,自然反彈,True,265,3,universe
MSTR,2026-09-21,168.5,9.8,True,125.5,3.124,0.77,True,52.6,1.39,51.2,False,5.82,5.49,29.8,2.6,E 延伸,True,9:22,281.2,升,6.0,2,False,,1.9172,0.2057,,False,False,25.52,4.39,126.91,24.68,4.24,4630.9,OHLC,↑,HH/HL,UT,False,265,3,universe
FUBO,2026-09-21,10.3,0.72,True,10.48,0.03,0.29,True,48.5,2.24,46.3,False,7.0,5.33,32.3,0.1,D 趨勢弱,False,4:49,144.7,跌,30.0,4,False,,-0.1655,-0.1625,-0.1655,False,True,-1.74,-0.25,12.32,-19.56,-2.8,12.9,OHLC,↓,LH/LL,自然反彈,False,265,3,universe
BLLN,2026-09-21,103.86,5.78,True,98.39,0.612,-0.42,True,47.4,0.25,47.1,False,5.56,7.06,43.3,14.7,D 趨勢弱,False,2:49,84.6,升,151.0,16,False,,1.7609,2.0693,,False,True,5.27,0.95,95.22,8.31,1.49,64.1,OHLC,↑,HH/HL,次級回檔,False,218,3,universe
EOSE,2026-09-21,4.07,0.32,True,3.81,0.003,0.04,True,41.7,1.41,40.2,False,7.96,6.31,15.0,-9.1,E 延伸,False,2:05,62.6,升,85.0,13,False,,0.0589,0.0607,,False,True,6.46,0.81,3.82,6.14,0.77,103.3,OHLC,↑,HH/HL,次級反彈,False,265,3,universe
BAND,2026-09-21,54.31,4.24,True,50.25,0.097,0.25,True,38.9,1.27,37.7,False,7.81,7.34,52.2,1.2,D 趨勢弱,False,1:17,38.3,升,71.0,9,False,,0.7066,0.4912,,False,True,7.48,0.96,48.93,9.91,1.27,45.4,OHLC,↑,HH/HL,自然反彈,False,265,3,universe
ULS,2026-09-21,66.32,2.21,False,71.78,-0.612,-2.49,False,77.9,-0.04,77.9,True,3.34,2.8,3.1,3.1,D 趨勢弱,False,5:37,168.3,跌,43.0,5,True,0.0,-0.4104,-0.6167,-1.0608,True,False,-8.23,-2.46,75.49,-13.83,-4.14,49.2,OHLC,↓,LH/LL,自然反彈,False,265,2,universe
ARCB,2026-09-21,129.75,5.39,False,136.47,-0.299,-0.43,True,74.9,0.68,74.2,False,4.15,2.55,58.3,2.6,C 基底修復,False,5:08,154.0,跌,36.0,4,True,0.0,-0.5253,-0.5649,-2.1443,True,False,-5.18,-1.25,139.12,-7.22,-1.74,32.7,OHLC,↓,LH/LL,DT,False,265,2,universe
ESRT,2026-09-21,4.14,0.16,False,4.36,-0.028,-1.29,False,74.3,-0.37,74.6,False,3.96,2.87,1.4,1.4,D 趨勢弱,True,8:49,264.6,跌,132.0,14,True,0.0,-0.0103,-0.02,-0.0868,True,False,-5.22,-1.32,4.54,-9.66,-2.44,17.9,OHLC,↓,LH/LL,自然反彈,False,265,2,universe
MPT,2026-09-21,3.65,0.16,False,3.9,-0.027,-1.09,False,71.7,-0.49,72.2,False,4.46,2.84,4.5,4.5,D 趨勢弱,True,6:00,180.0,跌,50.0,8,True,0.0,-0.0164,-0.0344,-0.0754,True,False,-6.83,-1.53,3.6,1.37,0.31,38.6,OHLC,↓,LH/LL,自然反彈,False,265,2,universe
YOU,2026-09-21,39.26,1.83,False,43.47,-0.479,-1.99,True,70.9,0.32,70.6,False,4.67,2.78,17.1,10.8,D 趨勢弱,False,5:05,152.6,跌,35.0,3,True,0.0,-0.1549,-0.1606,-1.1537,True,False,-10.73,-2.3,44.59,-13.58,-2.9,77.0,OHLC,↓,LH/LL,自然反彈,False,265,2,universe
BKV,2026-09-21,22.95,1.07,False,24.64,-0.028,-0.11,True,70.2,0.38,69.8,False,4.68,2.92,3.3,0.8,D 趨勢弱,False,5:58,179.2,跌,50.0,7,True,0.0,-0.2368,-0.2489,-0.2598,True,False,-7.38,-1.58,22.69,1.13,0.24,53.4,OHLC,—,HH/HL,DT,False,265,2,universe
MDLN,2026-09-21,31.96,1.37,False,34.08,-0.134,-0.89,True,70.2,1.23,68.9,False,4.29,3.31,13.1,4.8,D 趨勢弱,False,5:47,173.7,跌,47.0,8,True,0.0,-0.1718,-0.1991,-0.6754,True,False,-6.64,-1.55,32.99,-3.22,-0.75,250.9,OHLC,↓,LH/LL,DT,False,190,2,universe
FSLR,2026-09-21,199.84,9.95,False,211.99,-3.924,-1.13,True,68.5,0.94,67.6,False,4.98,2.94,9.1,6.0,D 趨勢弱,False,5:08,154.0,跌,36.0,4,True,0.0,-0.1911,-0.4036,-2.2569,True,False,-6.08,-1.22,201.16,-0.66,-0.13,408.3,OHLC,↓,LH/LL,自然回檔,False,265,2,universe
CC,2026-09-21,14.53,0.59,False,15.2,-0.04,-0.43,True,68.4,0.96,67.5,False,4.06,3.88,22.6,2.5,D 趨勢弱,False,5:49,174.7,跌,47.0,5,True,0.0,-0.0179,-0.0333,-0.1178,True,False,-4.6,-1.13,15.68,-7.91,-1.95,25.7,OHLC,↓,LH/LL,DT,False,265,2,universe
VKTX,2026-09-21,30.11,1.53,False,32.54,-0.286,-0.62,False,67.7,-0.23,67.9,False,5.08,3.0,9.2,1.6,D 趨勢弱,True,6:37,198.7,跌,60.0,8,True,0.0,-0.3539,-0.4429,-0.8298,True,False,-8.08,-1.59,34.95,-16.07,-3.17,64.3,OHLC,↓,LH/LL,自然反彈,False,265,2,universe
MAX,2026-09-21,10.79,0.59,False,12.2,-0.098,-0.58,False,65.9,-0.44,66.3,False,5.47,2.97,22.9,1.2,D 趨勢弱,True,8:49,264.6,跌,229.0,44,True,0.0,-0.1458,-0.169,-0.3086,True,False,-13.07,-2.39,12.2,-13.07,-2.39,7.1,OHLC,↓,LH/LL,自然反彈,False,265,2,universe
KALU,2026-09-21,150.94,6.95,False,163.15,-1.226,-0.61,True,65.6,1.03,64.6,False,4.6,3.88,63.5,5.5,C 基底修復,False,5:58,179.1,跌,49.0,6,True,0.0,-0.6389,-0.6874,-3.291,True,False,-8.09,-1.76,155.08,-2.74,-0.6,32.8,OHLC,↓,LH/LL,自然回檔,False,265,2,universe
OI,2026-09-21,6.09,0.3,False,6.74,-0.035,-0.86,True,62.4,0.91,61.5,False,5.01,4.13,10.5,3.2,D 趨勢弱,False,5:45,172.4,跌,46.0,7,True,0.0,-0.0422,-0.046,-0.2325,True,False,-10.67,-2.13,6.58,-8.05,-1.61,19.7,OHLC,↓,LH/LL,DT,False,265,2,universe
CENX,2026-09-21,39.1,2.31,False,45.27,-0.445,-0.63,True,61.9,1.64,60.3,False,5.91,3.32,14.6,-9.7,D 趨勢弱,False,5:52,176.2,跌,48.0,7,True,0.0,-0.7163,-0.7347,-0.7347,True,False,-15.79,-2.67,40.75,-4.22,-0.71,64.2,OHLC,↓,LH/LL,DT,False,265,2,universe
GPGI,2026-09-21,12.39,0.73,False,13.24,-0.056,-0.51,True,60.2,1.28,58.9,False,5.86,3.73,11.9,5.1,D 趨勢弱,False,5:45,172.3,跌,46.0,6,True,0.0,-0.105,-0.1303,-0.2126,True,False,-6.9,-1.18,11.98,3.31,0.56,22.0,OHLC,—,HH/HL,自然反彈,False,265,2,universe
ASPI,2026-09-21,3.18,0.26,False,3.75,-0.036,-0.95,True,45.7,1.52,44.2,False,8.1,4.99,0.0,0.0,D 趨勢弱,False,5:55,177.5,跌,49.0,7,True,0.0,-0.0516,-0.0643,-0.0703,True,False,-17.97,-2.22,3.24,-2.04,-0.25,12.9,OHLC,↓,LH/LL,自然反彈,False,265,2,universe
CABO,2026-09-21,18.01,2.78,False,24.92,-0.808,-1.25,True,21.4,1.39,20.0,False,15.45,8.34,0.0,0.0,D 趨勢弱,False,5:27,163.3,跌,41.0,5,True,0.0,-0.0548,-0.1256,-1.3731,True,False,-38.38,-2.48,26.34,-46.25,-2.99,5.6,OHLC,↓,LH/LL,自然反彈,False,265,2,universe
SWMR,2026-09-21,23.45,3.95,False,31.65,-0.476,-1.62,True,20.0,0.27,19.7,False,16.84,8.03,0.0,0.0,D 趨勢弱,False,4:57,148.7,跌,33.0,5,True,0.0,-1.0652,-1.0942,-1.143,True,False,-34.97,-2.08,25.11,-7.08,-0.42,19.9,OHLC,↓,LH/LL,DT,False,130,2,universe
BUSE,2026-09-21,29.96,0.5,False,30.47,-0.022,-0.45,False,94.3,-0.12,94.4,True,1.66,1.05,52.5,-7.0,C 基底修復,False,4:23,131.5,跌,23.0,4,False,1.0,-0.0432,-0.0233,-0.1974,False,True,-1.69,-1.02,30.68,-2.4,-1.45,21.2,OHLC,—,LH/LL,次級回檔,True,265,2,universe
SMBC,2026-09-21,72.03,1.36,False,74.26,-0.123,-0.71,True,93.2,0.07,93.1,True,1.89,1.11,47.9,-1.4,C 基底修復,False,5:09,154.7,跌,36.0,4,False,1.0,-0.044,-0.0232,-0.5692,False,False,-3.09,-1.64,74.17,-2.97,-1.58,7.0,OHLC,—,LH/LL,DT,True,265,2,universe
NMIH,2026-09-21,42.52,0.94,False,44.38,-0.057,-0.45,False,91.6,-0.02,91.7,True,2.22,1.15,38.4,-1.0,C 基底修復,True,8:49,264.6,跌,182.0,24,False,1.0,-0.2961,-0.2889,-0.2961,False,False,-4.39,-1.98,45.39,-6.76,-3.05,22.6,OHLC,↓,LH/LL,DT,False,265,2,universe
FBNC,2026-09-21,62.75,1.36,False,64.14,-0.038,-0.36,False,91.1,-0.06,91.1,True,2.17,1.34,49.7,-6.8,C 基底修復,False,5:27,163.5,跌,41.0,5,False,1.0,-0.1787,-0.1582,-0.3558,False,True,-2.22,-1.02,62.28,0.75,0.35,14.1,OHLC,↑,HH/HL,次級回檔,False,265,2,universe
VOYA,2026-09-21,100.53,2.42,False,101.13,-0.016,0.05,False,90.6,-0.03,90.7,True,2.41,1.2,72.4,-0.5,A 待突破,False,4:40,140.0,跌,28.0,5,False,1.0,-0.4048,-0.3737,-0.6207,False,True,-0.6,-0.25,104.19,-3.64,-1.51,118.0,OHLC,—,LH/LL,自然回檔,False,265,2,universe
RDN,2026-09-21,34.32,0.73,False,36.06,-0.073,-0.96,False,90.3,-0.3,90.6,True,2.13,1.53,21.6,-4.0,D 趨勢弱,True,6:42,200.8,跌,62.0,7,False,1.0,-0.1401,-0.1062,-0.4179,False,False,-5.06,-2.37,36.81,-7.26,-3.4,38.1,OHLC,↓,LH/LL,DT,False,265,2,universe
AZO,2026-09-21,2803.25,70.12,False,2953.54,-12.69,-0.49,False,86.9,-0.32,87.2,True,2.5,1.89,9.6,1.8,D 趨勢弱,True,8:49,264.6,跌,226.0,22,False,1.0,-10.0925,-8.157,-10.0925,False,False,-5.36,-2.14,2965.52,-5.79,-2.31,930.9,OHLC,↓,LH/LL,DT,False,265,2,universe
ROP,2026-09-21,365.4,10.15,False,396.7,-1.418,-0.7,False,84.1,-0.34,84.4,True,2.78,2.18,9.7,-2.9,D 趨勢弱,True,8:39,259.6,跌,94.0,13,False,1.0,-5.5494,-5.4169,-5.5494,False,False,-8.57,-3.08,403.36,-10.39,-3.74,296.5,OHLC,↓,LH/LL,DT,False,265,2,universe
PRG,2026-09-21,34.86,1.3,False,38.67,-0.233,-1.45,False,78.0,-0.09,78.1,True,3.74,2.38,21.4,5.2,C 基底修復,True,8:49,264.6,跌,679.0,45,False,1.0,-0.1672,-0.1481,-0.5895,False,False,-10.94,-2.93,39.29,-12.71,-3.4,19.7,OHLC,↓,LH/LL,DT,False,265,2,universe
JBL,2026-09-21,303.67,12.2,False,318.35,-1.613,-0.72,True,71.8,0.4,71.4,False,4.02,3.27,40.7,4.7,C 基底修復,True,9:58,298.8,升,16.0,1,False,1.0,0.2112,-0.3036,,False,False,-4.83,-1.2,302.8,0.29,0.07,322.5,OHLC,—,HH/HL,自然反彈,True,265,2,universe
EVER,2026-09-21,22.83,1.13,False,24.59,-0.114,-0.07,True,67.4,0.21,67.2,False,4.94,3.19,40.6,-1.2,C 基底修復,True,8:22,250.9,跌,89.0,14,False,1.0,-0.2224,-0.2202,-0.487,False,False,-7.7,-1.56,24.47,-7.18,-1.45,13.9,OHLC,↓,LH/LL,DT,False,265,2,universe
UNCY,2026-09-21,4.77,0.24,False,5.23,-0.006,-0.32,True,46.9,0.78,46.1,False,5.07,7.68,4.2,1.3,D 趨勢弱,False,5:37,168.3,跌,43.0,5,True,1.0,-0.0404,-0.043,-0.0449,True,False,-9.63,-1.9,5.3,-11.11,-2.19,3.8,OHLC,↓,LH/LL,DT,False,265,2,universe
NUV,2026-09-21,8.47,0.09,False,8.83,-0.028,-1.37,False,97.8,-0.07,97.9,True,1.03,0.56,19.2,-0.2,D 趨勢弱,True,8:49,264.6,跌,107.0,13,False,2.0,-0.0282,-0.0272,-0.0358,False,False,-4.23,-4.11,9.0,-6.26,-6.09,4.8,OHLC,↓,LH/LL,DT,False,265,2,universe
DNP,2026-09-21,9.96,0.15,False,10.63,-0.048,-1.13,False,96.2,-0.25,96.4,True,1.48,0.69,19.4,-2.2,D 趨勢弱,True,8:49,264.6,跌,126.0,15,False,2.0,-0.0732,-0.0687,-0.0732,False,False,-6.74,-4.56,11.01,-10.54,-7.13,7.6,OHLC,↓,LH/LL,DT,False,265,2,universe
PPLC,2026-09-21,45.07,0.56,False,46.75,-0.005,-0.1,False,96.2,-0.0,96.2,True,1.25,0.92,28.0,-0.2,D 趨勢弱,True,8:49,264.6,跌,100.0,6,False,2.0,-0.0724,-0.0608,-0.2183,False,False,-3.72,-2.99,47.14,-4.59,-3.69,4.7,OHLC,↓,LH/LL,DT,False,145,2,universe
NAD,2026-09-21,10.5,0.16,False,11.22,-0.069,-1.71,False,96.1,-0.06,96.1,True,1.48,0.73,11.3,-0.6,D 趨勢弱,True,8:49,264.6,跌,149.0,14,False,2.0,-0.0737,-0.0717,-0.0854,False,False,-6.9,-4.65,11.76,-12.0,-8.09,11.6,OHLC,↓,LH/LL,DT,False,265,2,universe
ATO,2026-09-21,158.27,2.41,False,166.72,-0.393,-0.94,False,94.9,-0.06,95.0,True,1.52,1.01,12.2,-1.4,D 趨勢弱,True,6:00,180.0,跌,50.0,8,False,2.0,-0.5747,-0.4469,-1.0166,False,False,-5.34,-3.51,169.58,-7.15,-4.7,151.8,OHLC,↓,LH/LL,DT,False,265,2,universe
DUK,2026-09-21,116.74,1.7,False,120.94,-0.242,-0.74,True,94.8,0.04,94.7,True,1.46,1.12,17.6,-0.3,D 趨勢弱,False,5:56,177.9,跌,49.0,7,False,2.0,-0.1733,-0.1315,-0.6368,False,False,-3.6,-2.47,121.98,-4.49,-3.08,438.3,OHLC,↓,LH/LL,DT,False,265,2,universe
FE,2026-09-21,44.97,0.71,False,46.4,-0.068,-0.68,True,94.8,0.14,94.6,True,1.58,1.0,17.6,-0.9,D 趨勢弱,False,4:57,148.7,跌,33.0,5,False,2.0,-0.072,-0.0517,-0.315,False,False,-3.18,-2.01,46.78,-4.02,-2.54,184.0,OHLC,↓,LH/LL,DT,False,265,2,universe
PDI,2026-09-21,14.21,0.24,False,15.1,-0.049,-1.12,False,94.5,-0.13,94.6,True,1.71,0.96,9.8,-0.1,D 趨勢弱,True,7:09,214.4,跌,69.0,7,False,2.0,-0.0562,-0.0522,-0.0953,False,False,-6.23,-3.64,14.62,-2.89,-1.69,53.2,OHLC,↓,LH/LL,DT,False,265,2,universe
PEG,2026-09-21,69.31,1.15,False,73.0,-0.219,-1.14,True,94.5,0.09,94.5,True,1.66,0.99,10.7,-0.1,D 趨勢弱,False,5:55,177.3,跌,48.0,6,False,2.0,-0.2158,-0.1838,-0.4025,False,False,-5.33,-3.21,74.24,-7.11,-4.29,219.7,OHLC,↓,LH/LL,DT,False,265,2,universe
PNW,2026-09-21,93.31,1.58,False,97.68,-0.341,-0.89,True,94.3,0.07,94.3,True,1.69,1.01,20.9,-11.4,D 趨勢弱,False,5:44,172.2,跌,46.0,6,False,2.0,-0.1581,-0.0919,-0.8904,False,False,-4.68,-2.77,98.83,-5.92,-3.5,90.9,OHLC,↓,LH/LL,DT,False,265,2,universe
CMS,2026-09-21,64.7,1.09,False,68.6,-0.184,-0.92,True,94.2,0.0,94.2,True,1.69,1.05,21.2,-0.4,D 趨勢弱,False,4:55,147.3,跌,32.0,5,False,2.0,-0.1661,-0.1219,-0.3994,False,False,-6.03,-3.58,69.36,-7.2,-4.27,193.5,OHLC,↓,LH/LL,DT,False,265,2,universe
D,2026-09-21,62.82,1.13,False,65.96,-0.155,-0.71,False,94.2,-0.35,94.5,True,1.8,0.95,22.4,-0.5,D 趨勢弱,True,8:49,264.6,跌,550.0,44,False,2.0,-0.1688,-0.1392,-0.5079,False,False,-5.0,-2.78,66.92,-6.53,-3.63,300.9,OHLC,↓,LH/LL,DT,False,265,2,universe
LNT,2026-09-21,64.97,1.09,False,68.24,-0.177,-0.76,True,94.0,0.02,94.0,True,1.68,1.11,23.7,-0.6,D 趨勢弱,False,5:49,174.7,跌,47.0,5,False,2.0,-0.1085,-0.0578,-0.5605,False,False,-5.03,-3.0,69.04,-6.26,-3.74,137.3,OHLC,↓,LH/LL,DT,False,265,2,universe
DTE,2026-09-21,126.13,2.32,False,134.81,-0.581,-1.15,False,93.6,-0.25,93.8,True,1.84,1.06,10.3,-2.0,D 趨勢弱,True,6:28,194.1,跌,58.0,6,False,2.0,-0.5885,-0.4271,-0.8763,False,False,-6.88,-3.74,138.01,-9.42,-5.12,193.9,OHLC,↓,LH/LL,DT,False,265,2,universe
IDA,2026-09-21,130.47,2.37,False,136.96,-0.33,-0.9,True,93.3,0.16,93.2,True,1.82,1.14,19.2,-0.9,D 趨勢弱,False,4:26,132.9,跌,24.0,5,False,2.0,-0.2426,-0.1608,-1.002,False,False,-4.97,-2.73,137.89,-5.69,-3.13,71.0,OHLC,↓,LH/LL,DT,False,265,2,universe
CNP,2026-09-21,37.99,0.7,False,39.43,-0.088,-0.86,True,93.0,0.26,92.7,True,1.84,1.21,15.1,-0.5,D 趨勢弱,False,5:23,161.3,跌,40.0,5,False,2.0,-0.0422,-0.0311,-0.3545,False,False,-3.78,-2.05,40.12,-5.61,-3.04,239.6,OHLC,↓,LH/LL,DT,False,265,2,universe
OGS,2026-09-21,74.31,1.56,False,78.96,-0.137,-0.41,False,91.5,-0.18,91.7,True,2.1,1.3,10.5,-1.7,D 趨勢弱,True,8:49,264.6,跌,143.0,17,False,2.0,-0.542,-0.4924,-0.542,False,False,-6.26,-2.98,77.78,-4.67,-2.23,38.3,OHLC,↓,LH/LL,DT,False,265,2,universe
SRE,2026-09-21,81.2,1.75,False,84.08,-0.092,-0.43,True,90.7,0.42,90.3,True,2.16,1.42,21.8,-2.1,D 趨勢弱,False,5:42,170.9,跌,45.0,5,False,2.0,-0.1143,-0.1034,-0.8388,False,False,-3.55,-1.65,85.28,-5.02,-2.33,324.9,OHLC,↓,LH/LL,DT,False,265,2,universe
THFF,2026-09-21,75.94,1.86,False,78.65,-0.157,-0.64,False,90.3,-0.25,90.6,True,2.45,1.21,48.9,-2.0,C 基底修復,True,8:49,264.6,跌,295.0,28,False,2.0,-0.2526,-0.2156,-0.5524,False,False,-3.56,-1.45,78.16,-2.92,-1.19,9.2,OHLC,—,LH/LL,DT,True,265,2,universe
R,2026-09-21,237.14,5.49,False,248.89,-0.834,-0.86,True,90.2,0.19,90.0,True,2.31,1.38,53.9,-0.0,C 基底修復,False,5:21,160.7,跌,39.0,6,False,2.0,-0.1697,-0.1504,-2.0005,False,False,-4.96,-2.14,248.44,-4.77,-2.06,60.1,OHLC,↓,LH/LL,DT,False,265,2,universe
APD,2026-09-21,279.46,5.86,False,298.48,-1.064,-0.58,False,89.8,-0.11,89.9,True,2.1,1.68,21.4,-11.6,C 基底修復,True,8:49,264.6,跌,123.0,12,False,2.0,-2.2894,-2.1401,-2.3348,False,False,-6.81,-3.25,300.2,-7.42,-3.54,313.2,OHLC,↓,LH/LL,DT,False,265,2,universe
DTM,2026-09-21,125.05,3.19,False,130.12,-0.189,-0.48,True,89.1,0.33,88.8,True,2.55,1.38,22.5,0.8,D 趨勢弱,False,4:32,136.2,跌,26.0,4,False,2.0,-0.0882,-0.0798,-1.1078,False,False,-4.05,-1.59,132.54,-5.99,-2.35,123.1,OHLC,↓,LH/LL,DT,False,265,2,universe
FDX,2026-09-21,295.79,7.58,False,321.15,-1.059,-0.33,False,88.3,-0.64,88.9,True,2.56,1.55,29.7,-14.3,C 基底修復,True,8:49,264.6,跌,146.0,15,False,2.0,-2.4716,-2.2015,-2.6156,False,False,-8.57,-3.35,321.02,-8.53,-3.33,449.6,OHLC,↓,LH/LL,DT,False,265,2,universe
BHF,2026-09-21,49.84,1.39,False,53.32,-0.484,-1.43,True,87.9,0.58,87.3,True,2.79,1.41,9.7,0.0,D 趨勢弱,False,10:05,302.3,升,18.0,2,False,2.0,0.1069,0.0404,,False,False,-6.98,-2.51,54.16,-8.67,-3.11,47.0,OHLC,↓,LH/LL,自然反彈,False,265,2,universe
ORLY,2026-09-21,82.88,1.86,False,87.63,-0.341,-0.96,False,87.8,-0.39,88.2,True,2.24,1.96,9.2,-0.9,D 趨勢弱,True,8:49,264.6,跌,206.0,25,False,2.0,-0.3404,-0.2769,-0.4792,False,False,-5.73,-2.56,87.46,-5.53,-2.46,513.5,OHLC,↓,LH/LL,DT,False,265,2,universe
VNT,2026-09-21,31.24,0.83,False,32.72,-0.186,-0.75,False,86.9,-0.04,87.0,True,2.64,1.75,10.2,0.1,D 趨勢弱,True,8:49,264.6,跌,170.0,26,False,2.0,-0.1666,-0.1601,-0.2536,False,False,-4.73,-1.79,32.79,-4.96,-1.88,41.0,OHLC,↓,LH/LL,DT,False,265,2,universe
LEVI,2026-09-21,19.82,0.55,False,21.16,-0.104,-1.31,True,86.1,0.11,86.0,True,2.79,1.78,17.0,3.7,D 趨勢弱,False,10:12,306.0,升,20.0,2,False,2.0,0.029,0.0137,,False,False,-6.77,-2.43,21.06,-6.26,-2.25,45.2,OHLC,↓,LH/LL,DT,False,265,2,universe
GPC,2026-09-21,126.45,3.24,False,133.91,-0.217,-0.15,False,84.5,-0.31,84.8,True,2.56,2.3,52.2,-0.3,C 基底修復,True,8:49,264.6,跌,142.0,25,False,2.0,-1.3518,-1.225,-1.3518,False,False,-5.9,-2.3,136.38,-7.85,-3.07,136.6,OHLC,↓,LH/LL,DT,False,265,2,universe
LTH,2026-09-21,39.91,1.25,False,42.98,-0.084,-0.66,False,84.4,-0.41,84.8,True,3.12,1.77,45.7,-3.7,D 趨勢弱,True,8:49,264.6,跌,318.0,35,False,2.0,-0.295,-0.2764,-0.4972,False,False,-7.7,-2.47,43.49,-8.97,-2.87,121.6,OHLC,↓,LH/LL,DT,False,265,2,universe
XIFR,2026-09-21,10.84,0.33,False,11.52,-0.03,-0.37,False,82.4,-0.06,82.4,True,3.02,2.27,33.7,-9.1,C 基底修復,True,6:39,199.6,跌,61.0,7,False,2.0,-0.0902,-0.0826,-0.1151,False,False,-6.31,-2.09,11.27,-3.97,-1.31,8.0,OHLC,↓,LH/LL,DT,False,265,2,universe
VC,2026-09-21,91.89,3.06,False,101.09,-0.437,-0.77,False,80.4,-0.25,80.7,True,3.33,2.33,8.8,-2.9,D 趨勢弱,True,8:49,264.6,跌,178.0,20,False,2.0,-0.7454,-0.5049,-0.7454,False,False,-10.01,-3.01,103.41,-12.54,-3.77,44.0,OHLC,↓,LH/LL,DT,False,265,2,universe
NVO,2026-09-21,39.8,1.42,False,44.84,-0.818,-0.83,False,78.2,-4.8,83.0,True,3.56,2.51,8.0,-18.3,D 趨勢弱,True,6:33,196.6,跌,59.0,9,False,2.0,-0.3875,-0.2391,-0.7798,False,False,-12.66,-3.55,43.24,-8.64,-2.43,472.9,OHLC,↓,LH/LL,DT,False,265,2,universe
ETN,2026-09-21,435.43,15.43,False,418.8,-0.371,-0.42,True,75.8,0.77,75.0,True,3.54,2.99,58.1,-2.6,A 待突破,False,10:41,320.5,升,28.0,2,False,2.0,2.6982,1.068,,False,False,3.82,1.08,408.67,6.15,1.73,905.4,OHLC,↑,HH/HL,UT,False,265,2,universe
CRI,2026-09-21,30.69,1.33,False,33.18,-0.234,-1.45,True,75.0,0.34,74.6,False,4.35,2.34,0.0,0.0,D 趨勢弱,True,9:25,282.5,升,7.0,1,False,2.0,0.0104,-0.1226,,False,False,-8.1,-1.86,33.55,-9.32,-2.14,50.1,OHLC,↓,LH/LL,自然反彈,False,265,2,universe
MG,2026-09-21,20.99,0.77,True,19.58,0.147,1.39,True,74.1,0.85,73.2,False,3.69,3.17,72.3,-0.3,B 上升結構,False,10:16,307.9,升,21.0,2,False,2.0,0.0672,0.0203,,False,False,6.7,1.82,19.35,7.81,2.12,8.6,OHLC,↑,HH/HL,UT,False,265,2,universe
ESI,2026-09-21,33.42,1.37,False,35.08,-0.083,-0.64,True,73.5,1.06,72.4,False,4.1,2.87,23.0,4.5,D 趨勢弱,False,5:58,179.1,跌,49.0,6,True,2.0,-0.065,-0.1518,-0.3081,True,False,-4.97,-1.21,36.21,-8.35,-2.04,183.5,OHLC,↓,LH/LL,自然反彈,False,265,2,universe
DNLI,2026-09-21,20.47,0.82,False,22.7,-0.254,-1.28,False,73.1,-0.11,73.2,False,4.03,3.01,16.0,0.9,D 趨勢弱,True,8:49,264.6,跌,222.0,20,True,2.0,-0.2289,-0.3078,-0.3802,True,False,-10.92,-2.71,25.7,-25.55,-6.34,29.6,OHLC,↓,LH/LL,自然反彈,False,265,2,universe
DRVN,2026-09-21,12.11,0.51,False,12.68,-0.027,-0.59,True,72.4,0.45,72.0,False,4.22,2.95,10.4,-0.9,D 趨勢弱,True,6:54,207.2,跌,65.0,7,False,2.0,-0.0287,-0.0264,-0.2825,False,False,-4.72,-1.12,12.52,-3.39,-0.8,14.7,OHLC,↓,LH/LL,DT,False,265,2,universe
MCHP,2026-09-21,74.78,2.83,False,74.95,-0.677,-0.56,True,72.4,0.61,71.8,False,3.78,3.39,33.7,4.3,C 基底修復,False,10:04,302.0,升,18.0,2,False,2.0,0.3885,0.1676,,False,True,-0.23,-0.06,74.17,0.82,0.22,627.0,OHLC,—,LH/LL,自然反彈,True,265,2,universe
PAAS,2026-09-21,48.75,2.09,False,51.06,-0.039,0.12,False,71.1,-0.56,71.7,False,4.29,3.14,38.6,-5.6,C 基底修復,True,8:49,264.6,跌,114.0,14,True,2.0,-0.4718,-0.4877,-0.7141,True,False,-4.75,-1.11,46.74,4.12,0.96,195.9,OHLC,—,HH/HL,自然回檔,False,265,2,universe
AA,2026-09-21,44.64,1.98,False,49.95,-0.11,-0.16,True,71.0,1.37,69.6,False,4.43,3.02,22.0,2.2,D 趨勢弱,True,6:48,204.1,跌,63.0,8,False,2.0,-0.6209,-0.6031,-0.6209,False,False,-11.89,-2.68,51.28,-14.87,-3.36,170.2,OHLC,↓,LH/LL,DT,False,265,2,universe
RIG,2026-09-21,5.45,0.25,True,5.78,0.003,0.22,False,70.3,-0.62,70.9,False,4.66,2.91,16.4,-26.7,C 基底修復,True,7:17,218.6,跌,71.0,10,False,2.0,-0.05,-0.0408,-0.0562,False,False,-6.05,-1.3,5.94,-8.99,-1.93,227.8,OHLC,—,LH/LL,自然回檔,True,265,2,universe
Q,2026-09-21,121.82,5.44,False,125.43,-0.443,-0.72,True,70.0,1.58,68.5,False,4.46,3.16,18.9,-12.8,D 趨勢弱,False,10:15,307.6,升,21.0,2,False,2.0,0.4854,0.1679,,False,True,-2.96,-0.66,126.4,-3.76,-0.84,208.5,OHLC,↓,LH/LL,自然反彈,False,226,2,universe
TLN,2026-09-21,299.97,14.15,False,315.32,-1.492,-0.6,True,67.9,0.37,67.5,False,4.72,3.32,9.6,4.0,D 趨勢弱,True,9:36,288.0,升,10.0,1,False,2.0,0.5659,-0.1808,,False,False,-5.12,-1.09,325.77,-8.6,-1.82,227.6,OHLC,↓,LH/LL,自然反彈,False,265,2,universe
IIIV,2026-09-21,14.75,0.73,False,15.81,-0.291,-1.71,True,64.7,0.43,64.3,False,4.96,3.7,3.6,-1.0,D 趨勢弱,True,9:24,281.9,升,7.0,1,False,2.0,0.0058,-0.0005,,False,False,-7.21,-1.45,15.65,-6.1,-1.23,9.3,OHLC,↓,LH/LL,自然反彈,False,265,2,universe
BBWI,2026-09-21,16.91,0.93,False,18.52,-0.097,-0.55,False,63.7,-0.2,63.9,False,5.49,3.39,1.1,-2.4,D 趨勢弱,True,8:49,264.6,跌,97.0,9,True,2.0,-0.1127,-0.116,-0.2302,True,False,-9.54,-1.74,17.4,-2.9,-0.53,122.9,OHLC,↓,LH/LL,自然回檔,False,265,2,universe
ENTG,2026-09-21,143.14,6.85,False,141.76,-0.208,-0.07,True,59.0,0.82,58.2,False,4.79,5.07,65.5,0.5,C 基底修復,False,10:08,303.9,升,19.0,2,False,2.0,0.6592,0.1373,,False,True,0.96,0.2,143.03,0.08,0.02,307.1,OHLC,↓,LH/LL,自然反彈,False,265,2,universe
MKSI,2026-09-21,256.92,13.67,False,269.18,-1.501,-1.07,True,57.8,1.79,56.0,False,5.32,4.79,38.5,12.7,D 趨勢弱,False,10:34,317.2,升,26.0,2,False,2.0,1.6603,0.5816,,False,True,-4.77,-0.9,268.05,-4.33,-0.81,341.8,OHLC,↓,LH/LL,自然反彈,False,265,2,universe
ACLS,2026-09-21,113.15,5.98,False,119.74,-1.154,-1.15,True,57.3,1.61,55.7,False,5.28,4.93,34.1,15.5,D 趨勢弱,True,9:28,284.1,升,8.0,1,False,2.0,0.4773,-0.1051,,False,False,-5.83,-1.1,119.17,-5.32,-1.01,37.8,OHLC,↓,LH/LL,自然反彈,False,265,2,universe
AKTS,2026-09-21,21.43,1.4,False,23.96,-0.138,-0.6,True,56.2,0.22,56.0,False,6.53,3.94,13.5,1.7,D 趨勢弱,True,6:36,198.0,跌,60.0,9,False,2.0,-0.4408,-0.4236,-0.6536,False,False,-11.8,-1.81,22.86,-6.67,-1.02,10.6,OHLC,↓,LH/LL,DT,False,175,2,universe
SERV,2026-09-21,4.44,0.27,False,4.76,-0.025,-0.68,False,56.2,-0.13,56.4,False,6.1,4.36,18.7,1.4,D 趨勢弱,True,7:00,210.0,跌,67.0,7,True,2.0,-0.0075,-0.0185,-0.0377,True,False,-7.27,-1.19,4.98,-12.16,-1.99,14.8,OHLC,↓,LH/LL,自然反彈,False,265,2,universe
VECO,2026-09-21,44.22,2.46,False,46.42,-0.424,-0.93,True,55.6,1.33,54.3,False,5.56,5.05,43.1,5.1,D 趨勢弱,False,10:09,304.7,升,19.0,2,False,2.0,0.2768,0.0837,,False,True,-4.98,-0.9,45.59,-3.1,-0.56,22.8,OHLC,↓,LH/LL,自然反彈,False,265,2,universe
EQPT,2026-09-21,18.17,1.09,False,18.73,-0.069,-0.42,True,55.3,1.84,53.4,False,5.97,4.71,14.5,7.8,D 趨勢弱,False,10:12,306.0,升,20.0,2,False,2.0,0.0256,0.0072,,False,True,-3.09,-0.52,18.02,0.83,0.14,49.4,OHLC,↓,LH/LL,自然反彈,False,166,2,universe
JBIO,2026-09-21,16.74,1.24,False,20.17,-0.101,-0.87,False,54.9,-0.27,55.2,False,7.41,3.35,23.9,-0.1,D 趨勢弱,True,8:49,264.6,跌,187.0,21,True,2.0,-0.3286,-0.3669,-0.4442,True,False,-20.47,-2.76,17.14,-2.39,-0.32,15.6,OHLC,↓,LH/LL,自然回檔,False,265,2,universe
AMPX,2026-09-21,9.61,0.59,False,10.48,-0.074,-0.6,True,54.1,0.77,53.3,False,6.09,4.85,19.2,4.8,D 趨勢弱,True,9:59,299.3,升,16.0,2,False,2.0,0.0389,0.0151,,False,False,-9.05,-1.49,9.71,-1.04,-0.17,41.6,OHLC,↓,LH/LL,自然反彈,False,265,2,universe
DDD,2026-09-21,3.48,0.21,False,3.44,-0.008,-0.07,False,54.1,-2.21,56.3,False,6.15,4.79,67.8,-8.1,B 上升結構,True,9:47,293.6,升,13.0,2,False,2.0,0.0143,0.0111,,False,True,1.23,0.2,3.53,-1.44,-0.23,7.9,OHLC,—,LH/LL,自然回檔,False,265,2,universe
TER,2026-09-21,381.54,21.13,False,370.6,-0.237,-0.28,True,53.6,1.84,51.8,False,5.54,5.53,63.1,4.7,C 基底修復,False,10:09,304.7,升,19.0,2,False,2.0,2.1801,0.363,,False,True,2.87,0.52,372.06,2.48,0.45,988.6,OHLC,↓,LH/LL,自然反彈,False,265,2,universe
PDFS,2026-09-21,46.71,2.79,False,45.78,-0.07,-0.32,True,53.1,1.55,51.5,False,5.97,5.22,49.3,0.3,D 趨勢弱,False,10:10,305.1,升,20.0,2,False,2.0,0.2608,0.0481,,False,True,2.0,0.34,41.12,11.97,2.01,31.3,OHLC,↑,HH/HL,UT,False,265,2,universe
GRAL,2026-09-21,107.97,6.34,True,80.41,4.002,0.95,False,51.9,-7.5,59.4,False,5.87,5.6,60.8,5.0,E 延伸,True,9:26,282.9,升,7.0,1,False,2.0,1.5861,-0.3136,,False,False,25.53,4.35,79.59,26.29,4.48,107.6,OHLC,↑,HH/HL,UT,False,265,2,universe
POET,2026-09-21,8.41,0.53,False,8.24,-0.035,-0.16,True,49.1,0.45,48.6,False,6.28,5.89,62.7,30.1,D 趨勢弱,False,10:13,306.5,升,20.0,2,False,2.0,0.0711,0.0144,,False,True,1.98,0.32,7.18,14.63,2.33,68.6,OHLC,↑,HH/HL,UT,False,265,2,universe
ACDC,2026-09-21,4.96,0.36,True,5.01,0.016,0.48,False,47.9,-0.96,48.9,False,7.31,5.16,31.6,-2.3,D 趨勢弱,False,5:47,173.7,跌,47.0,5,False,2.0,-0.0193,-0.0133,-0.0794,False,True,-1.04,-0.14,5.14,-3.63,-0.5,6.6,OHLC,—,HH/HL,自然回檔,False,265,2,universe
SITM,2026-09-21,638.32,41.02,False,619.68,-5.749,-0.27,True,47.6,1.35,46.2,False,6.43,6.15,58.4,-5.9,C 基底修復,False,10:09,304.3,升,19.0,2,False,2.0,5.0175,1.7643,,False,True,2.92,0.45,539.54,15.47,2.41,272.5,OHLC,↑,HH/HL,UT,False,265,2,universe
NVTS,2026-09-21,12.16,0.83,False,12.37,-0.066,-0.28,True,47.3,1.18,46.1,False,6.85,5.79,49.6,17.9,D 趨勢弱,False,10:12,306.0,升,20.0,2,False,2.0,0.1035,0.0239,,False,True,-1.71,-0.25,11.63,4.36,0.64,144.8,OHLC,—,LH/LL,UT,False,265,2,universe
LODE,2026-09-21,2.62,0.21,False,3.11,-0.02,-0.73,False,46.4,-0.86,47.3,False,7.91,4.96,0.0,0.0,D 趨勢弱,True,8:49,264.6,跌,132.0,13,True,2.0,-0.045,-0.0556,-0.1586,True,False,-18.54,-2.34,3.11,-18.7,-2.36,3.1,OHLC,↓,LH/LL,自然反彈,False,265,2,universe
CABA,2026-09-21,2.46,0.22,False,2.97,-0.01,-0.27,False,45.6,-0.93,46.5,False,8.89,4.23,1.3,-2.0,D 趨勢弱,True,7:39,229.4,跌,77.0,9,True,2.0,-0.0869,-0.0887,-0.0952,True,False,-20.82,-2.34,2.58,-4.88,-0.55,13.8,OHLC,↓,LH/LL,DT,False,265,2,universe
RGNX,2026-09-21,7.88,0.61,False,9.16,-0.09,-0.83,False,42.6,-0.26,42.9,False,7.76,6.22,5.0,-10.0,D 趨勢弱,True,8:49,264.6,跌,229.0,20,True,2.0,-0.0687,-0.0747,-0.5599,True,False,-16.26,-2.1,8.22,-4.25,-0.55,12.1,OHLC,—,LH/LL,DT,True,265,2,universe
SNDK,2026-09-21,1766.64,115.21,True,1578.59,18.679,0.58,True,41.6,1.29,40.3,False,6.52,7.76,65.0,3.2,C 基底修復,False,10:14,306.9,升,21.0,2,False,2.0,10.8105,4.9612,,False,False,10.64,1.63,1568.87,11.19,1.72,19229.2,OHLC,↑,HH/HL,UT,False,265,2,universe
PURR,2026-09-21,13.55,1.18,True,11.4,0.156,0.57,False,39.0,-1.25,40.2,False,8.68,6.45,52.7,-2.3,E 延伸,True,9:51,295.7,升,14.0,2,False,2.0,0.0474,0.0138,,False,False,15.9,1.83,,,,384.2,OHLC,—,LH/LL,自然回檔,False,200,2,universe
BTZ,2026-09-21,9.56,0.1,False,9.94,-0.04,-1.61,False,97.8,-0.11,97.9,True,1.01,0.59,14.9,-0.4,D 趨勢弱,True,8:49,264.6,跌,135.0,20,False,3.0,-0.0322,-0.0339,-0.0489,True,False,-3.97,-3.95,10.01,-4.71,-4.68,3.7,OHLC,↓,LH/LL,DT,False,265,2,universe
MUC,2026-09-21,10.12,0.11,False,10.47,-0.016,-0.98,False,97.8,-0.04,97.9,True,1.05,0.54,20.5,0.1,D 趨勢弱,True,8:49,264.6,跌,173.0,22,False,3.0,-0.0219,-0.0241,-0.0431,True,False,-3.49,-3.31,10.63,-5.05,-4.79,5.0,OHLC,↓,LH/LL,DT,False,265,2,universe
PCN,2026-09-21,11.08,0.12,False,11.56,-0.032,-1.11,False,97.8,-0.06,97.8,True,1.05,0.56,14.5,0.3,D 趨勢弱,True,8:49,264.6,跌,103.0,14,False,3.0,-0.0554,-0.0548,-0.0572,False,False,-4.32,-4.1,11.8,-6.5,-6.16,4.8,OHLC,↓,LH/LL,DT,False,265,2,universe
JPC,2026-09-21,6.98,0.09,False,7.33,-0.035,-1.45,False,96.8,-0.39,97.2,True,1.32,0.66,14.2,-0.9,D 趨勢弱,True,8:49,264.6,跌,219.0,26,False,3.0,-0.0127,-0.0108,-0.0312,False,False,-4.97,-3.78,7.13,-2.15,-1.63,12.1,OHLC,↓,LH/LL,DT,False,265,2,universe
PFN,2026-09-21,6.42,0.08,False,6.8,-0.023,-1.52,False,96.8,-0.1,96.9,True,1.28,0.7,13.1,0.4,D 趨勢弱,True,8:49,264.6,跌,260.0,26,False,3.0,-0.0376,-0.0379,-0.0456,True,False,-5.99,-4.69,6.79,-5.76,-4.51,3.2,OHLC,↓,LH/LL,DT,False,265,2,universe
NVG,2026-09-21,11.35,0.15,False,11.92,-0.037,-1.34,False,96.7,-0.24,96.9,True,1.32,0.7,13.2,-0.8,D 趨勢弱,True,8:49,264.6,跌,235.0,22,False,3.0,-0.0327,-0.0349,-0.0661,True,False,-4.99,-3.8,12.29,-8.28,-6.29,8.5,OHLC,↓,LH/LL,自然反彈,False,265,2,universe
NMZ,2026-09-21,9.32,0.13,False,9.8,-0.036,-1.26,False,96.6,-0.05,96.6,True,1.37,0.68,14.3,-1.4,D 趨勢弱,True,8:49,264.6,跌,126.0,23,False,3.0,-0.0272,-0.0269,-0.0556,False,False,-5.16,-3.76,9.53,-2.25,-1.64,9.3,OHLC,↓,LH/LL,自然回檔,False,265,2,universe
NZF,2026-09-21,11.35,0.16,False,11.83,-0.039,-1.46,False,96.4,-0.04,96.4,True,1.39,0.72,14.9,-0.6,D 趨勢弱,True,8:49,264.6,跌,185.0,21,False,3.0,-0.0318,-0.0366,-0.0707,True,False,-4.22,-3.03,11.56,-1.85,-1.33,9.6,OHLC,↓,LH/LL,自然反彈,False,265,2,universe
PHK,2026-09-21,4.25,0.06,False,4.46,-0.013,-1.29,False,96.3,-0.06,96.3,True,1.38,0.76,15.5,0.6,D 趨勢弱,True,8:49,264.6,跌,198.0,27,False,3.0,-0.0184,-0.0172,-0.0211,False,False,-4.91,-3.57,4.38,-3.06,-2.22,4.4,OHLC,↓,LH/LL,DT,False,265,2,universe
NAC,2026-09-21,10.56,0.19,False,11.27,-0.04,-1.08,False,94.7,-0.34,95.1,True,1.81,0.79,12.4,-0.2,D 趨勢弱,True,8:49,264.6,跌,202.0,22,False,3.0,-0.0626,-0.0632,-0.0784,True,False,-6.76,-3.73,11.78,-11.55,-6.38,8.2,OHLC,↓,LH/LL,DT,False,265,2,universe
AVA,2026-09-21,36.1,0.6,False,37.55,-0.07,-0.99,True,94.2,0.16,94.0,True,1.67,1.06,14.7,-0.4,D 趨勢弱,False,4:09,124.7,跌,19.0,2,False,3.0,-0.0158,-0.0026,-0.3901,False,False,-4.02,-2.4,37.91,-5.01,-3.0,26.3,OHLC,↓,LH/LL,DT,False,265,2,universe
ES,2026-09-21,66.89,1.28,False,70.21,-0.182,-0.79,False,92.6,-0.05,92.6,True,1.92,1.23,20.9,-2.2,D 趨勢弱,True,7:22,220.9,跌,73.0,8,False,3.0,-0.2416,-0.2072,-0.4512,False,False,-4.97,-2.59,68.99,-3.14,-1.64,145.9,OHLC,↓,LH/LL,DT,False,265,2,universe
MSEX,2026-09-21,55.23,1.2,False,57.76,-0.086,-0.26,False,91.5,-0.17,91.6,True,2.18,1.23,34.9,0.1,C 基底修復,True,8:49,264.6,跌,411.0,19,False,3.0,-0.3434,-0.3382,-0.3434,False,False,-4.58,-2.1,58.93,-6.7,-3.08,6.4,OHLC,↓,LH/LL,DT,False,265,2,universe
AQN,2026-09-21,5.24,0.11,False,5.58,-0.013,-0.64,False,90.5,-0.42,91.0,True,2.05,1.57,5.1,-2.8,D 趨勢弱,True,8:49,264.6,跌,262.0,21,False,3.0,-0.024,-0.0225,-0.0386,False,False,-6.54,-3.2,5.4,-3.05,-1.49,22.6,OHLC,↓,LH/LL,DT,False,265,2,universe
MSA,2026-09-21,177.25,3.75,False,186.42,-0.909,-0.93,False,90.3,-0.16,90.5,True,2.11,1.56,32.7,-1.7,C 基底修復,True,8:49,264.6,跌,359.0,26,False,3.0,-1.247,-1.2679,-1.5528,True,False,-5.17,-2.45,190.83,-7.66,-3.63,44.5,OHLC,↓,LH/LL,DT,False,265,2,universe
OTIS,2026-09-21,66.64,1.48,False,70.47,-0.208,-0.72,False,90.3,-0.66,91.0,True,2.23,1.45,7.9,-2.4,D 趨勢弱,True,8:49,264.6,跌,235.0,25,False,3.0,-0.2464,-0.147,-0.3079,False,False,-5.75,-2.58,70.18,-5.31,-2.39,293.7,OHLC,↓,LH/LL,DT,False,265,2,universe
SBUX,2026-09-21,94.9,2.41,False,103.16,-0.399,-0.84,False,89.3,-0.28,89.6,True,2.54,1.35,20.6,-0.2,C 基底修復,True,8:49,264.6,跌,154.0,15,False,3.0,-0.8855,-0.9159,-1.0737,True,False,-8.71,-3.43,105.85,-11.54,-4.55,613.4,OHLC,↓,LH/LL,DT,False,265,2,universe
AIT,2026-09-21,320.39,8.1,False,333.84,-0.831,-0.85,False,88.6,-0.04,88.6,True,2.53,1.52,44.7,0.9,C 基底修復,True,9:22,281.1,升,6.0,1,False,3.0,0.04,-0.2945,,False,False,-4.2,-1.66,326.66,-1.96,-0.77,97.9,OHLC,—,LH/LL,自然反彈,True,265,2,universe
CHE,2026-09-21,499.62,13.99,False,524.17,-1.666,-0.59,False,87.8,-0.01,87.8,True,2.8,1.42,45.0,-11.0,C 基底修復,True,8:49,264.6,跌,308.0,29,False,3.0,-2.7189,-2.6295,-4.793,False,False,-4.91,-1.76,530.18,-6.12,-2.18,77.2,OHLC,—,LH/LL,DT,True,265,2,universe
AXTA,2026-09-21,31.86,0.84,False,35.17,-0.336,-1.31,False,86.1,-0.12,86.2,True,2.65,1.92,20.2,-9.4,D 趨勢弱,True,8:49,264.6,跌,179.0,25,False,3.0,-0.4045,-0.3983,-0.4045,False,False,-10.37,-3.92,36.27,-13.84,-5.23,59.1,OHLC,↓,LH/LL,DT,False,265,2,universe
HE,2026-09-21,9.57,0.29,False,10.99,-0.095,-1.56,False,85.8,-1.17,87.0,True,3.08,1.54,0.0,0.0,D 趨勢弱,True,6:34,196.8,跌,59.0,9,False,3.0,-0.0584,-0.0436,-0.1429,False,False,-14.83,-4.82,11.6,-21.21,-6.89,26.3,OHLC,↓,LH/LL,DT,False,265,2,universe
WH,2026-09-21,67.15,2.03,False,71.89,-0.276,-0.74,False,85.1,-0.55,85.6,True,3.02,1.74,4.2,-1.0,D 趨勢弱,True,8:49,264.6,跌,137.0,14,False,3.0,-0.2261,-0.2189,-0.6485,False,False,-7.05,-2.34,69.17,-3.01,-1.0,85.7,OHLC,↓,LH/LL,DT,False,265,2,universe
ACAD,2026-09-21,26.4,0.85,False,28.57,-0.065,-0.18,False,81.5,-1.11,82.6,True,3.2,2.25,38.8,-2.7,C 基底修復,True,8:49,264.6,跌,156.0,18,False,3.0,-0.2542,-0.2259,-0.3795,False,False,-8.22,-2.56,27.54,-4.32,-1.35,40.8,OHLC,↓,LH/LL,DT,False,265,2,universe
OSK,2026-09-21,143.38,4.7,False,151.37,-0.44,-0.34,False,81.5,-0.02,81.5,True,3.28,2.18,28.2,-5.4,C 基底修復,True,8:49,264.6,跌,158.0,16,False,3.0,-1.0088,-1.0318,-1.5487,True,False,-5.57,-1.7,146.61,-2.25,-0.69,70.3,OHLC,↓,LH/LL,自然回檔,False,265,2,universe
JKHY,2026-09-21,151.56,5.15,False,161.08,-0.14,-0.11,False,80.6,-0.33,80.9,True,3.4,2.23,9.0,-4.2,C 基底修復,True,8:49,264.6,跌,117.0,12,False,3.0,-1.8887,-1.7261,-1.8887,False,False,-6.28,-1.85,164.55,-8.57,-2.52,160.3,OHLC,—,LH/LL,自然回檔,False,265,2,universe
KEYS,2026-09-21,342.03,11.05,False,329.92,-0.03,-0.11,True,77.5,0.76,76.8,True,3.23,2.97,70.9,-0.6,C 基底修復,False,10:49,324.7,升,30.0,3,False,3.0,1.682,0.8479,,False,False,3.54,1.1,312.76,8.56,2.65,385.9,OHLC,↑,HH/HL,自然反彈,False,265,2,universe
AMRX,2026-09-21,20.16,0.78,True,17.99,0.201,0.21,False,76.9,-3.07,80.0,True,3.88,2.44,67.4,-7.6,E 延伸,False,10:38,319.1,升,27.0,3,False,3.0,0.243,0.1116,,False,False,10.76,2.77,,,,46.1,OHLC,—,LH/LL,UT,False,265,2,universe
CWK,2026-09-21,12.9,0.51,False,13.67,-0.032,-0.44,True,74.3,0.39,73.9,False,3.99,2.82,4.5,4.1,D 趨勢弱,True,8:49,264.6,跌,155.0,17,False,3.0,-0.081,-0.1299,-0.1876,True,False,-5.97,-1.5,13.5,-4.65,-1.17,21.7,OHLC,↓,LH/LL,自然反彈,False,265,2,universe
WS,2026-09-21,33.34,1.4,False,34.81,-0.094,-0.59,True,73.5,1.32,72.2,False,4.19,2.77,14.3,5.5,D 趨勢弱,True,6:12,186.0,跌,53.0,8,False,3.0,-0.0698,-0.098,-0.4688,True,False,-4.4,-1.05,34.17,-2.48,-0.59,9.8,OHLC,↓,LH/LL,自然反彈,False,265,2,universe
DIN,2026-09-21,28.41,1.24,False,31.59,-0.273,-1.52,True,73.3,0.87,72.4,False,4.38,2.63,6.7,0.2,D 趨勢弱,True,8:49,264.6,跌,489.0,53,False,3.0,-0.2261,-0.3517,-0.6337,True,False,-11.21,-2.56,29.01,-2.11,-0.48,8.7,OHLC,↓,LH/LL,自然反彈,False,265,2,universe
PTON,2026-09-21,4.95,0.18,False,5.23,-0.033,-1.46,True,73.3,0.49,72.8,False,3.63,3.37,19.5,-0.9,D 趨勢弱,True,9:28,284.1,升,8.0,1,False,3.0,0.0037,-0.0046,,False,False,-5.72,-1.58,5.4,-9.09,-2.5,40.4,OHLC,↓,LH/LL,自然反彈,False,265,2,universe
TPC,2026-09-21,86.02,3.26,False,89.78,-0.628,-0.5,True,72.9,0.52,72.4,False,3.79,3.3,55.1,2.6,C 基底修復,True,8:49,264.6,跌,248.0,23,False,3.0,-0.403,-0.5122,-1.2071,True,False,-4.37,-1.15,88.01,-2.31,-0.61,40.9,OHLC,—,LH/LL,DT,True,265,2,universe
BIRK,2026-09-21,31.34,1.34,False,35.68,-0.183,-0.67,True,72.6,0.85,71.8,False,4.29,2.84,5.7,5.7,D 趨勢弱,True,9:28,284.2,升,8.0,1,False,3.0,0.0578,-0.045,,False,False,-13.84,-3.23,31.76,-1.36,-0.32,74.9,OHLC,↓,LH/LL,自然反彈,False,265,2,universe
FRPT,2026-09-21,61.37,2.48,False,69.5,-0.208,-0.07,True,72.1,0.46,71.6,False,4.04,3.19,16.8,0.3,D 趨勢弱,True,8:49,264.6,跌,138.0,17,False,3.0,-1.164,-1.2945,-1.483,True,False,-13.25,-3.28,66.73,-8.73,-2.16,68.8,OHLC,—,HH/HL,DT,False,265,2,universe
ENTA,2026-09-21,12.11,0.57,False,13.29,-0.044,-0.31,True,71.6,0.62,71.0,False,4.73,2.6,17.7,1.2,C 基底修復,True,7:36,227.9,跌,77.0,9,False,3.0,-0.1598,-0.1554,-0.1598,False,False,-9.74,-2.06,12.7,-4.87,-1.03,3.2,OHLC,↓,LH/LL,DT,False,265,2,universe
AVR,2026-09-21,8.15,0.39,False,8.83,-0.023,0.02,True,69.6,0.96,68.6,False,4.74,2.97,48.6,5.0,D 趨勢弱,True,8:49,264.6,跌,115.0,17,False,3.0,-0.0512,-0.048,-0.1841,False,False,-8.31,-1.75,8.72,-6.99,-1.48,5.4,OHLC,↓,LH/LL,DT,False,265,2,universe
GEV,2026-09-21,946.22,40.52,False,951.74,-1.431,-0.37,True,69.6,0.99,68.6,False,4.28,3.43,44.0,4.0,C 基底修復,False,10:44,321.8,升,29.0,3,False,3.0,4.3406,2.6567,,False,True,-0.58,-0.14,953.83,-0.8,-0.19,2169.5,OHLC,↓,LH/LL,自然反彈,False,265,2,universe
CASY,2026-09-21,585.34,28.12,False,696.47,-6.634,-1.59,True,69.5,0.45,69.1,False,4.8,2.92,5.8,0.0,D 趨勢弱,True,8:49,264.6,跌,412.0,34,False,3.0,-9.716,-11.6046,-18.6555,True,False,-18.99,-3.95,607.45,-3.78,-0.79,391.9,OHLC,↓,LH/LL,DT,False,265,2,universe
RCUS,2026-09-21,25.95,1.27,False,27.73,-0.073,-0.62,True,69.1,1.43,67.6,False,4.88,2.93,41.2,5.7,D 趨勢弱,True,8:49,264.6,跌,111.0,15,False,3.0,-0.3365,-0.4721,-0.7392,True,False,-6.87,-1.41,28.8,-10.98,-2.25,41.1,OHLC,↓,LH/LL,自然反彈,False,265,2,universe
XRAY,2026-09-21,9.44,0.46,False,10.76,-0.185,-2.09,True,67.9,0.76,67.1,False,4.84,3.2,7.6,1.1,D 趨勢弱,True,6:43,201.6,跌,62.0,7,False,3.0,-0.109,-0.1086,-0.3597,False,False,-14.01,-2.89,9.36,0.85,0.17,40.5,OHLC,—,HH/HL,DT,False,265,2,universe
RELY,2026-09-21,21.59,1.05,False,24.42,-0.111,-0.61,True,67.8,0.58,67.2,False,4.84,3.22,36.1,-0.8,D 趨勢弱,True,8:49,264.6,跌,109.0,11,False,3.0,-0.4242,-0.4698,-0.6104,True,False,-13.11,-2.71,22.92,-6.18,-1.28,88.1,OHLC,↓,LH/LL,DT,False,265,2,universe
SMPL,2026-09-21,9.96,0.47,False,10.69,-0.029,-0.48,True,67.5,0.37,67.1,False,4.73,3.39,5.6,2.2,D 趨勢弱,True,8:44,261.8,跌,95.0,9,False,3.0,-0.0615,-0.0689,-0.2981,True,False,-7.29,-1.54,10.19,-2.31,-0.49,23.4,OHLC,↓,LH/LL,自然回檔,False,265,2,universe
WOOF,2026-09-21,2.37,0.13,False,2.64,-0.009,-0.51,True,66.8,1.22,65.6,False,5.36,2.89,0.0,0.0,D 趨勢弱,True,8:49,264.6,跌,167.0,19,False,3.0,-0.0196,-0.0241,-0.0336,True,False,-11.26,-2.1,2.59,-9.28,-1.73,7.0,OHLC,↓,LH/LL,自然反彈,False,265,2,universe
MLTX,2026-09-21,12.55,0.69,False,14.88,-0.128,-1.29,True,65.5,1.16,64.3,False,5.48,3.03,5.0,0.0,D 趨勢弱,True,7:19,219.6,跌,72.0,9,False,3.0,-0.0743,-0.1251,-0.2272,True,False,-18.6,-3.39,16.86,-34.31,-6.26,18.0,OHLC,—,LH/LL,次級反彈,False,265,2,universe
CLPT,2026-09-21,13.97,0.66,False,14.73,-0.0,0.37,True,64.6,0.88,63.7,False,4.72,3.97,49.3,4.6,D 趨勢弱,True,8:49,264.6,跌,122.0,14,False,3.0,-0.0285,-0.074,-0.4643,True,False,-5.42,-1.15,14.6,-4.51,-0.96,8.0,OHLC,—,LH/LL,自然反彈,True,265,2,universe
CLF,2026-09-21,12.07,0.6,True,11.91,0.006,0.07,False,63.9,-1.43,65.3,False,5.0,3.84,53.2,-2.3,C 基底修復,False,10:14,307.2,升,21.0,3,False,3.0,0.0137,0.0375,,False,True,1.29,0.26,12.23,-1.33,-0.27,153.6,OHLC,—,HH/HL,DT,False,265,2,universe
JOBY,2026-09-21,6.41,0.33,False,7.17,-0.087,-0.98,True,63.8,0.65,63.1,False,5.07,3.79,10.0,0.0,D 趨勢弱,True,8:49,264.6,跌,180.0,21,False,3.0,-0.0023,-0.0321,-0.0918,True,False,-11.89,-2.35,6.87,-7.18,-1.42,164.7,OHLC,↓,LH/LL,自然反彈,False,265,2,universe
BELFA,2026-09-21,197.66,8.99,False,216.89,-0.761,-0.64,True,63.6,0.86,62.7,False,4.55,4.35,32.2,0.8,D 趨勢弱,True,9:42,290.9,升,12.0,1,False,3.0,0.3105,-0.0131,,False,False,-9.73,-2.14,208.72,-5.6,-1.23,19.0,OHLC,—,LH/LL,自然反彈,True,265,2,universe
FTAI,2026-09-21,192.74,9.94,False,198.11,-0.8,-0.7,True,62.5,1.08,61.5,False,5.16,3.95,13.3,6.9,D 趨勢弱,False,10:52,326.1,升,31.0,3,False,3.0,1.4412,1.0536,,False,True,-2.78,-0.54,186.06,3.47,0.67,264.9,OHLC,—,LH/LL,自然回檔,False,265,2,universe
OXM,2026-09-21,28.04,1.63,False,32.9,-0.286,-0.84,True,62.2,0.58,61.6,False,5.82,3.36,0.0,0.0,D 趨勢弱,True,7:45,232.7,跌,79.0,11,False,3.0,-0.5184,-0.5578,-0.7105,True,False,-17.35,-2.98,31.53,-12.45,-2.14,15.0,OHLC,↓,LH/LL,DT,False,265,2,universe
DFTX,2026-09-21,39.28,2.21,False,41.56,-0.263,-0.48,True,62.0,1.35,60.7,False,5.62,3.6,45.2,2.1,D 趨勢弱,True,9:22,280.8,升,6.0,1,False,3.0,0.053,-0.0503,,False,False,-5.79,-1.03,40.25,-2.47,-0.44,84.4,OHLC,↓,LH/LL,自然反彈,False,265,2,universe
OMDA,2026-09-21,20.61,1.09,False,22.5,-0.072,-0.24,True,61.7,1.11,60.6,False,5.31,3.98,33.1,3.0,D 趨勢弱,True,8:49,264.6,跌,163.0,16,False,3.0,-0.2593,-0.35,-0.6194,True,False,-9.15,-1.72,20.5,0.53,0.1,29.1,OHLC,↓,LH/LL,自然反彈,False,265,2,universe
SLDB,2026-09-21,8.54,0.49,True,9.17,0.004,-0.15,False,61.1,-1.2,62.3,False,5.78,3.63,39.8,-0.9,C 基底修復,True,7:58,239.0,跌,83.0,9,False,3.0,-0.1446,-0.1442,-0.3591,False,False,-7.36,-1.27,8.16,4.45,0.77,9.7,OHLC,↑,HH/HL,自然回檔,False,265,2,universe
RH,2026-09-21,127.2,7.56,False,147.19,-1.476,-1.33,True,60.7,1.25,59.5,False,5.94,3.54,5.0,0.0,D 趨勢弱,True,8:49,264.6,跌,265.0,28,False,3.0,-0.7218,-1.0627,-5.2971,True,False,-15.72,-2.64,124.41,2.19,0.37,109.8,OHLC,—,HH/HL,DT,False,265,2,universe
HPP,2026-09-21,12.26,0.73,False,13.12,-0.119,-0.71,True,59.7,0.88,58.8,False,5.96,3.75,40.0,0.0,D 趨勢弱,True,8:49,264.6,跌,123.0,16,False,3.0,-0.016,-0.0892,-0.2549,True,False,-7.0,-1.17,12.23,0.24,0.04,7.5,OHLC,—,LH/LL,自然反彈,True,265,2,universe
CAMT,2026-09-21,149.63,7.76,False,149.07,-0.207,-0.07,True,59.0,1.08,58.0,False,5.19,4.66,44.0,-1.7,C 基底修復,False,11:15,337.5,升,38.0,3,False,3.0,1.2596,0.878,,False,True,0.37,0.07,133.84,10.55,2.03,54.1,OHLC,↑,HH/HL,UT,False,265,2,universe
BEAM,2026-09-21,25.26,1.51,False,26.96,-0.069,-0.4,True,58.5,1.27,57.2,False,5.99,3.97,4.6,2.6,D 趨勢弱,True,8:39,259.4,跌,94.0,10,False,3.0,-0.2361,-0.3714,-0.9427,True,False,-6.73,-1.12,22.67,10.25,1.71,47.8,OHLC,—,HH/HL,自然反彈,False,265,2,universe
TNDM,2026-09-21,17.62,1.1,False,20.32,-0.151,-0.54,True,57.4,1.03,56.4,False,6.27,3.93,8.3,-0.5,D 趨勢弱,True,8:49,264.6,跌,124.0,21,False,3.0,-0.3442,-0.4571,-0.697,True,False,-15.31,-2.44,17.53,0.51,0.08,29.6,OHLC,↓,LH/LL,自然反彈,False,265,2,universe
MTSI,2026-09-21,279.11,15.38,False,276.25,-1.494,-0.23,True,56.6,1.11,55.5,False,5.51,4.86,55.6,-1.8,D 趨勢弱,False,10:06,303.1,升,18.0,2,False,3.0,2.0144,0.8542,,False,True,1.02,0.19,273.31,2.08,0.38,374.5,OHLC,—,LH/LL,UT,False,265,2,universe
AXON,2026-09-21,452.06,27.53,False,535.34,-4.024,-1.27,True,54.1,1.4,52.7,False,6.09,4.86,10.0,5.0,D 趨勢弱,True,8:49,264.6,跌,120.0,20,False,3.0,-7.9595,-9.564,-15.117,True,False,-18.42,-3.03,468.42,-3.62,-0.59,450.7,OHLC,↓,LH/LL,DT,False,265,2,universe
BLMN,2026-09-21,8.43,0.51,False,9.81,-0.106,-1.57,True,53.1,0.93,52.2,False,6.05,5.13,31.3,2.5,D 趨勢弱,True,8:49,264.6,跌,238.0,19,False,3.0,-0.1844,-0.2405,-0.2888,True,False,-16.32,-2.7,8.91,-5.69,-0.94,17.8,OHLC,↓,LH/LL,自然反彈,False,265,2,universe
IPX,2026-09-21,21.05,1.36,False,21.2,-0.07,-0.66,True,52.2,0.94,51.3,False,6.45,4.95,13.0,1.4,D 趨勢弱,False,10:14,306.9,升,21.0,2,False,3.0,0.161,0.0721,,False,True,-0.73,-0.11,20.73,1.52,0.24,7.5,OHLC,—,HH/HL,自然反彈,False,265,2,universe
TSEM,2026-09-21,233.82,13.79,False,224.75,-0.557,-0.21,True,51.4,0.61,50.8,False,5.9,5.69,59.1,8.4,C 基底修復,False,11:19,339.7,升,39.0,3,False,3.0,3.0536,1.6609,,False,True,3.88,0.66,190.55,18.51,3.14,430.4,OHLC,↑,HH/HL,UT,False,265,2,universe
BBW,2026-09-21,24.75,1.67,False,31.13,-0.217,-0.68,True,51.1,0.99,50.1,False,6.73,4.94,0.0,0.0,D 趨勢弱,True,8:49,264.6,跌,100.0,17,False,3.0,-0.4402,-0.5098,-1.1172,True,False,-25.77,-3.83,26.37,-6.55,-0.97,25.0,OHLC,↓,LH/LL,DT,False,265,2,universe
IMUX,2026-09-21,10.83,0.89,False,13.44,-0.183,-1.0,True,50.7,1.5,49.2,False,8.23,3.53,12.9,0.1,D 趨勢弱,True,8:49,264.6,跌,111.0,16,False,3.0,-0.2861,-0.3783,-0.5165,True,False,-24.07,-2.92,13.11,-21.05,-2.56,3.6,OHLC,↓,LH/LL,自然反彈,False,265,2,universe
WW,2026-09-21,16.39,1.35,False,15.95,-0.056,-0.07,True,45.2,0.75,44.4,False,8.21,5.02,20.7,2.9,D 趨勢弱,False,5:38,168.9,跌,44.0,8,False,3.0,-0.0503,-0.105,-0.2443,True,True,2.67,0.33,16.69,-1.83,-0.22,3.6,OHLC,↓,LH/LL,自然反彈,False,265,2,universe
CRBP,2026-09-21,7.65,0.7,False,8.91,-0.033,-0.76,True,44.4,1.81,42.6,False,9.09,4.35,5.0,0.0,D 趨勢弱,True,8:19,249.5,跌,89.0,10,False,3.0,-0.3317,-0.4022,-0.4871,True,False,-16.52,-1.82,6.32,17.32,1.9,10.5,OHLC,—,HH/HL,自然反彈,False,265,2,universe
ALAB,2026-09-21,340.74,23.27,True,296.99,0.56,-0.47,True,44.1,0.83,43.2,False,6.83,6.72,43.5,1.3,E 延伸,False,12:26,12.9,升,57.0,3,False,3.0,5.717,2.1663,,False,False,12.84,1.88,284.53,16.5,2.42,1288.6,OHLC,↑,HH/HL,UT,False,265,2,universe
ALIT,2026-09-21,11.91,0.88,False,13.57,-0.105,-1.18,True,42.0,1.09,40.9,False,7.42,6.73,13.8,3.3,D 趨勢弱,True,6:44,202.2,跌,62.0,8,False,3.0,-0.0588,-0.084,-0.7783,True,False,-13.93,-1.88,12.29,-3.19,-0.43,5.1,OHLC,↓,LH/LL,DT,False,265,2,universe
MEI,2026-09-21,13.4,1.12,False,15.82,-0.065,-0.29,True,40.7,4.7,36.0,False,8.34,6.22,53.7,8.9,D 趨勢弱,True,8:05,242.3,跌,85.0,11,False,3.0,-0.2632,-0.3142,-0.443,True,False,-18.08,-2.17,14.65,-9.33,-1.12,10.8,OHLC,↓,LH/LL,自然反彈,False,265,2,universe
VELO,2026-09-21,11.25,0.92,False,13.11,-0.094,-0.29,True,38.9,1.23,37.6,False,8.21,6.96,25.4,0.4,D 趨勢弱,True,9:27,283.6,升,8.0,1,False,3.0,0.0159,-0.0695,,False,False,-16.53,-2.01,11.96,-6.31,-0.77,10.2,OHLC,↓,LH/LL,自然反彈,False,265,2,universe
SLS,2026-09-21,11.37,1.03,False,13.07,-0.014,-0.07,True,36.4,0.72,35.6,False,9.08,6.97,40.0,0.0,D 趨勢弱,True,8:49,264.6,跌,99.0,14,False,3.0,-0.3116,-0.3348,-0.526,True,False,-14.92,-1.64,11.66,-2.55,-0.28,85.6,OHLC,↓,LH/LL,自然回檔,False,265,2,universe
AAOI,2026-09-21,108.67,8.88,False,120.65,-1.876,-0.49,True,36.3,1.55,34.8,False,8.17,7.89,44.8,3.1,D 趨勢弱,True,9:51,295.3,升,14.0,1,False,3.0,0.5572,-0.166,,False,False,-11.02,-1.35,105.36,3.05,0.37,759.2,OHLC,—,LH/LL,UT,False,265,2,universe
OESX,2026-09-21,27.75,2.34,True,24.62,0.432,1.24,True,34.7,0.18,34.5,False,8.44,8.24,59.6,0.5,E 延伸,False,5:48,174.0,跌,47.0,6,False,3.0,-0.2438,-0.228,-0.2438,False,False,11.28,1.34,27.6,0.54,0.06,3.0,OHLC,—,HH/HL,次級反彈,False,265,2,universe
BBOT,2026-09-21,4.66,0.53,False,6.73,-0.097,-1.33,True,34.0,0.54,33.5,False,11.42,5.53,0.0,0.0,D 趨勢弱,True,8:49,264.6,跌,243.0,21,False,3.0,-0.328,-0.38,-0.4988,True,False,-44.4,-3.89,4.89,-4.94,-0.43,3.1,OHLC,↓,LH/LL,DT,False,265,2,universe
AEHR,2026-09-21,96.93,8.95,False,99.01,-0.12,-0.15,True,31.1,1.27,29.8,False,9.23,8.97,66.5,14.9,D 趨勢弱,False,10:25,312.4,升,24.0,2,False,3.0,0.9911,0.4442,,False,True,-2.15,-0.23,123.3,-27.21,-2.95,267.4,OHLC,—,HH/HL,UT,True,265,2,universe
SDOT,2026-09-21,11.26,2.33,True,20.02,0.002,-0.01,True,6.9,0.37,6.5,False,20.65,26.64,15.0,0.0,E 延伸,False,5:43,171.3,跌,45.0,6,False,3.0,-0.0779,-0.0629,-1.5044,False,False,-77.76,-3.76,12.44,-10.48,-0.51,20.9,OHLC,—,LH/LL,DT,True,265,2,universe
KRP,2026-09-21,14.44,0.25,False,15.03,-0.017,-0.04,False,93.4,-0.13,93.5,True,1.77,1.18,36.3,-3.3,C 基底修復,True,8:49,264.6,跌,107.0,16,False,4.0,-0.0644,-0.0535,-0.0644,False,False,-4.06,-2.3,15.3,-5.96,-3.37,13.8,OHLC,↓,LH/LL,DT,False,265,2,universe
SWX,2026-09-21,84.65,1.6,False,88.17,-0.202,-0.95,False,93.3,-0.24,93.5,True,1.89,1.08,22.7,-1.5,D 趨勢弱,True,8:49,264.6,跌,206.0,24,False,4.0,-0.2463,-0.1868,-0.4832,False,False,-4.16,-2.2,88.08,-4.05,-2.14,58.9,OHLC,↓,LH/LL,DT,False,265,2,universe
ACEL,2026-09-21,11.1,0.24,False,11.82,-0.041,-0.73,False,91.2,-0.26,91.4,True,2.15,1.33,16.7,-3.3,D 趨勢弱,True,8:49,264.6,跌,155.0,23,False,4.0,-0.0363,-0.0215,-0.0784,False,False,-6.44,-3.0,11.88,-7.03,-3.27,3.2,OHLC,↓,LH/LL,DT,False,265,2,universe
TRS,2026-09-21,37.86,0.94,False,39.09,-0.098,-0.45,True,89.2,0.36,88.8,True,2.48,1.44,35.8,-11.0,C 基底修復,False,4:20,130.0,跌,22.0,2,False,4.0,-0.0327,-0.0036,-0.2368,False,False,-3.24,-1.3,39.07,-3.2,-1.29,12.4,OHLC,↓,LH/LL,DT,False,265,2,universe
WKC,2026-09-21,35.59,0.95,False,35.8,-0.035,-0.66,False,87.4,-0.14,87.5,True,2.67,1.62,55.4,-0.5,C 基底修復,False,10:47,323.3,升,30.0,4,False,4.0,0.0734,0.078,,False,True,-0.6,-0.23,36.19,-1.69,-0.63,41.1,OHLC,—,LH/LL,自然反彈,True,265,2,universe
SJM,2026-09-21,119.88,3.04,False,124.84,-0.046,0.07,False,87.0,-0.68,87.7,True,2.53,1.84,47.1,-14.7,C 基底修復,True,8:49,264.6,跌,117.0,11,False,4.0,-0.9167,-0.8163,-1.3388,False,False,-4.14,-1.63,121.07,-0.99,-0.39,184.7,OHLC,—,HH/HL,自然回檔,True,265,2,universe
RRC,2026-09-21,37.82,1.16,False,40.66,-0.059,-0.07,False,83.2,-0.43,83.7,True,3.07,2.05,16.3,-3.2,D 趨勢弱,True,7:47,233.5,跌,80.0,9,False,4.0,-0.5452,-0.4792,-0.5452,False,False,-7.51,-2.44,,,,94.0,OHLC,—,HH/HL,DT,False,265,2,universe
PSX,2026-09-21,261.75,8.31,True,250.06,2.06,1.58,False,83.1,-2.38,85.5,True,3.18,1.96,68.0,0.9,B 上升結構,False,3:41,110.6,跌,11.0,1,False,4.0,-0.3495,0.4113,-1.4932,False,False,4.47,1.41,253.41,3.19,1.0,820.7,OHLC,↑,HH/HL,自然回檔,False,265,2,universe
AR,2026-09-21,33.96,1.15,False,37.63,-0.071,0.06,False,80.5,-0.57,81.0,True,3.4,2.26,11.0,-5.2,D 趨勢弱,True,8:49,264.6,跌,121.0,8,False,4.0,-0.6766,-0.5829,-0.6766,False,False,-10.8,-3.18,,,,123.5,OHLC,—,HH/HL,DT,False,265,2,universe
DOW,2026-09-21,28.27,1.02,False,30.38,-0.049,-0.15,False,79.2,-0.06,79.2,True,3.6,2.3,7.7,-4.5,D 趨勢弱,True,8:49,264.6,跌,110.0,18,False,4.0,-0.1501,-0.1061,-0.2147,False,False,-7.45,-2.07,30.08,-6.4,-1.78,250.6,OHLC,↓,LH/LL,DT,False,265,2,universe
SMG,2026-09-21,51.42,1.9,False,58.87,-0.619,-1.27,False,78.2,-0.08,78.3,True,3.7,2.37,10.0,-5.7,D 趨勢弱,True,8:49,264.6,跌,133.0,10,False,4.0,-0.4779,-0.3966,-1.0121,False,False,-14.49,-3.91,,,,42.2,OHLC,—,HH/HL,DT,False,265,2,universe
MTUS,2026-09-21,18.64,0.72,False,19.88,-0.106,-0.65,True,76.9,0.1,76.8,True,3.86,2.47,37.3,-16.4,C 基底修復,False,3:24,102.0,跌,7.0,1,False,4.0,-0.0256,0.001,-0.357,False,False,-6.67,-1.73,19.69,-5.63,-1.46,6.2,OHLC,—,LH/LL,自然回檔,False,265,2,universe
COO,2026-09-21,54.12,2.32,False,61.69,-0.479,-1.65,True,73.2,0.27,72.9,False,4.29,2.74,0.0,0.0,D 趨勢弱,True,8:49,264.6,跌,107.0,22,False,4.0,-1.0684,-1.3213,-2.1587,True,False,-13.99,-3.26,52.78,2.48,0.58,236.0,OHLC,—,HH/HL,自然回檔,False,265,2,universe
IBP,2026-09-21,202.48,9.69,False,223.51,-1.315,-0.93,True,71.6,0.97,70.6,False,4.78,2.54,0.0,0.0,D 趨勢弱,True,8:49,264.6,跌,185.0,18,False,4.0,-2.9028,-3.7905,-5.2998,True,False,-10.39,-2.17,206.03,-1.75,-0.37,84.0,OHLC,↓,LH/LL,自然反彈,False,265,2,universe
INVX,2026-09-21,27.33,1.22,True,29.66,0.116,-0.06,False,71.3,-2.15,73.5,False,4.47,2.91,44.2,-19.0,C 基底修復,True,7:51,235.3,跌,81.0,11,False,4.0,-0.3217,-0.2187,-0.3217,False,False,-8.52,-1.91,29.95,-9.59,-2.15,25.1,OHLC,↓,LH/LL,DT,False,265,2,universe
ANET,2026-09-21,205.42,8.16,True,195.81,0.429,0.15,True,70.8,0.91,69.8,False,3.97,3.51,70.8,-2.4,E 延伸,False,10:29,314.3,升,25.0,2,False,4.0,0.6454,0.1613,,False,False,4.68,1.18,187.81,8.57,2.16,1037.2,OHLC,↑,HH/HL,UT,False,265,2,universe
XERS,2026-09-21,8.8,0.38,True,8.3,0.039,0.16,False,70.8,-0.32,71.1,False,4.34,3.14,61.6,18.4,B 上升結構,True,9:13,276.7,升,4.0,1,False,4.0,0.0328,-0.0313,,False,False,5.74,1.32,8.6,2.27,0.52,15.9,OHLC,↑,HH/HL,UT,False,265,2,universe
BCRX,2026-09-21,8.76,0.39,False,9.19,-0.021,-0.51,True,70.3,0.73,69.6,False,4.4,3.17,29.0,4.7,C 基底修復,True,8:00,240.0,跌,83.0,10,False,4.0,-0.0575,-0.0932,-0.2119,True,False,-4.96,-1.13,10.17,-16.1,-3.66,39.1,OHLC,↓,LH/LL,自然反彈,False,265,2,universe
THRM,2026-09-21,36.28,1.42,False,39.9,-0.253,-0.75,True,69.9,0.57,69.4,False,3.91,3.74,43.3,1.8,D 趨勢弱,True,8:49,264.6,跌,246.0,32,False,4.0,-0.3365,-0.3117,-0.5166,False,False,-9.97,-2.55,40.18,-10.75,-2.75,10.5,OHLC,↓,LH/LL,DT,False,265,2,universe
PI,2026-09-21,184.04,8.26,False,172.9,-0.2,0.27,True,69.4,1.41,68.0,False,4.49,3.26,40.6,-4.5,E 延伸,True,9:56,298.2,升,16.0,3,False,4.0,0.5655,0.3097,,False,False,6.06,1.35,174.14,5.38,1.2,67.5,OHLC,↑,HH/HL,UT,False,265,2,universe
TBBK,2026-09-21,50.28,2.21,False,56.98,-0.432,-2.07,True,67.4,1.16,66.2,False,4.39,3.75,5.0,0.0,D 趨勢弱,True,8:49,264.6,跌,348.0,30,False,4.0,-0.9678,-1.2111,-1.9946,True,False,-13.33,-3.04,54.78,-8.95,-2.04,30.3,OHLC,↓,LH/LL,DT,False,265,2,universe
IMRX,2026-09-21,4.44,0.21,True,4.83,0.002,-0.02,False,67.3,-0.01,67.4,False,4.77,3.38,0.0,0.0,D 趨勢弱,True,8:49,264.6,跌,136.0,15,False,4.0,-0.0464,-0.0557,-0.102,True,False,-8.88,-1.86,5.11,-14.98,-3.14,3.1,OHLC,—,LH/LL,UT,False,265,2,universe
LXRX,2026-09-21,2.04,0.1,False,2.21,-0.013,-0.77,True,67.3,0.31,67.0,False,4.68,3.48,42.8,7.0,C 基底修復,True,8:49,264.6,跌,156.0,28,False,4.0,-0.0118,-0.0164,-0.0345,True,False,-8.57,-1.83,2.11,-3.43,-0.73,5.3,OHLC,↓,LH/LL,自然反彈,False,265,2,universe
XMTR,2026-09-21,99.53,4.57,True,90.79,0.418,0.24,True,66.9,0.79,66.1,False,4.59,3.64,60.9,1.4,E 延伸,False,10:42,320.8,升,28.0,3,False,4.0,1.0857,0.7388,,False,False,8.78,1.91,,,,68.6,OHLC,—,LH/LL,UT,False,265,2,universe
ABEO,2026-09-21,5.67,0.27,False,6.04,-0.039,-0.8,True,66.1,1.5,64.6,False,4.72,3.67,36.3,5.9,C 基底修復,True,9:48,294.0,升,13.0,1,False,4.0,0.0036,-0.0143,,False,False,-6.5,-1.38,6.0,-5.82,-1.23,7.9,OHLC,↓,LH/LL,自然反彈,False,265,2,universe
BRKR,2026-09-21,61.58,2.91,True,57.73,0.265,0.61,True,62.0,0.7,61.3,False,4.72,4.49,73.2,1.5,B 上升結構,False,11:24,342.0,升,40.0,4,False,4.0,0.687,0.6137,,False,False,6.26,1.32,56.03,9.01,1.91,133.6,OHLC,↑,HH/HL,自然回檔,False,265,2,universe
TSHA,2026-09-21,5.04,0.28,False,5.66,-0.029,-0.93,True,60.8,2.33,58.5,False,5.62,3.85,19.8,0.4,D 趨勢弱,True,8:49,264.6,跌,175.0,21,False,4.0,-0.0344,-0.0449,-0.0928,True,False,-12.3,-2.19,5.16,-2.38,-0.42,14.8,OHLC,—,LH/LL,自然回檔,True,265,2,universe
VGZ,2026-09-21,2.74,0.14,True,2.36,0.084,1.02,False,59.7,-4.38,64.1,False,5.23,4.47,48.5,11.3,C 基底修復,True,9:27,283.7,升,8.0,1,False,4.0,0.0203,-0.0145,,False,False,13.99,2.67,2.42,11.68,2.23,4.3,OHLC,↑,HH/HL,UT,False,265,2,universe
TROX,2026-09-21,4.31,0.26,False,5.19,-0.123,-1.64,True,59.5,0.93,58.6,False,6.09,3.65,5.0,0.0,D 趨勢弱,True,8:49,264.6,跌,259.0,24,False,4.0,-0.0204,-0.037,-0.0682,True,False,-20.48,-3.36,4.45,-3.25,-0.53,10.3,OHLC,↓,LH/LL,自然反彈,False,265,2,universe
RMIX,2026-09-21,13.48,0.94,False,16.24,-0.118,-0.68,True,57.0,1.3,55.7,False,6.98,3.3,0.0,0.0,D 趨勢弱,True,7:33,226.6,跌,76.0,22,False,4.0,-0.152,-0.2195,-0.4046,True,False,-20.48,-2.94,14.07,-4.38,-0.63,5.6,OHLC,↓,LH/LL,自然反彈,False,118,2,universe
ANNX,2026-09-21,4.22,0.26,False,4.71,-0.043,-1.01,True,56.9,0.13,56.8,False,6.04,4.27,11.0,-0.8,D 趨勢弱,True,8:49,264.6,跌,163.0,21,False,4.0,-0.0209,-0.0425,-0.1162,True,False,-11.68,-1.93,5.25,-24.41,-4.04,12.9,OHLC,↓,LH/LL,自然反彈,False,265,2,universe
NAVN,2026-09-21,21.53,1.44,False,24.6,-0.254,-0.84,True,51.4,0.94,50.4,False,6.7,4.91,30.0,0.0,D 趨勢弱,True,8:49,264.6,跌,223.0,23,False,4.0,-0.5222,-0.6112,-1.0167,True,False,-14.25,-2.13,22.53,-4.64,-0.69,100.6,OHLC,↓,LH/LL,自然回檔,False,223,2,universe
OSS,2026-09-21,9.32,0.63,False,10.9,-0.124,-1.42,True,50.3,1.64,48.7,False,6.75,5.12,24.9,1.1,D 趨勢弱,True,9:49,294.3,升,13.0,2,False,4.0,0.0639,0.0109,,False,False,-17.0,-2.52,9.19,1.39,0.21,6.7,OHLC,—,LH/LL,UT,False,265,2,universe
CIEN,2026-09-21,365.96,25.76,False,369.58,-1.226,-0.39,True,50.2,1.92,48.3,False,7.04,4.86,23.2,0.9,D 趨勢弱,False,11:24,342.0,升,40.0,3,False,4.0,3.3792,1.4143,,False,True,-0.99,-0.14,319.64,12.66,1.8,998.1,OHLC,—,HH/HL,自然反彈,True,265,2,universe
SIDU,2026-09-21,2.07,0.14,False,2.26,-0.005,-0.0,True,49.8,1.27,48.5,False,6.87,5.13,27.6,4.0,D 趨勢弱,True,6:33,196.7,跌,59.0,16,False,4.0,-0.0018,-0.0112,-0.027,True,False,-9.41,-1.37,2.02,2.42,0.35,7.0,OHLC,—,LH/LL,自然反彈,True,265,2,universe
AGPU,2026-09-21,12.58,1.06,True,10.47,0.112,0.56,True,34.7,0.57,34.1,False,8.44,8.25,50.0,-3.7,E 延伸,False,10:39,319.7,升,28.0,3,False,4.0,0.1369,0.1136,,False,False,16.79,1.99,12.13,3.58,0.42,3.7,OHLC,↑,HH/HL,自然反彈,False,265,2,universe
FMNB,2026-09-21,15.32,0.28,False,15.79,-0.012,-0.22,False,92.6,-0.16,92.8,True,1.83,1.32,43.1,-3.5,C 基底修復,True,8:49,264.6,跌,315.0,24,False,5.0,-0.0594,-0.039,-0.1011,False,False,-3.09,-1.7,16.0,-4.44,-2.43,5.8,OHLC,—,LH/LL,自然回檔,False,265,2,universe
WM,2026-09-21,207.04,3.76,False,219.66,-0.673,-0.66,False,92.5,-0.3,92.8,True,1.82,1.35,17.4,-2.7,D 趨勢弱,True,8:49,264.6,跌,500.0,40,False,5.0,-0.6704,-0.3673,-2.0666,False,False,-6.1,-3.36,218.09,-5.34,-2.94,471.2,OHLC,↓,LH/LL,DT,False,265,2,universe
CL,2026-09-21,86.26,1.63,False,89.56,-0.257,-0.75,False,92.4,-0.07,92.5,True,1.88,1.29,24.2,-1.1,D 趨勢弱,True,8:49,264.6,跌,173.0,26,False,5.0,-0.1655,-0.1398,-0.3997,False,False,-3.83,-2.03,90.54,-4.96,-2.63,429.2,OHLC,↓,LH/LL,DT,False,265,2,universe
NSC,2026-09-21,309.07,5.99,False,333.51,-1.257,-0.65,False,92.2,-0.3,92.5,True,1.94,1.3,19.6,-13.5,D 趨勢弱,True,8:49,264.6,跌,103.0,15,False,5.0,-2.2508,-2.108,-3.056,False,False,-7.91,-4.08,355.99,-15.18,-7.84,364.3,OHLC,↓,LH/LL,DT,False,265,2,universe
BALL,2026-09-21,59.71,1.17,False,61.97,-0.111,-0.5,False,92.0,-0.02,92.0,True,1.96,1.32,36.3,-0.7,C 基底修復,True,8:49,264.6,跌,130.0,15,False,5.0,-0.1996,-0.1834,-0.4986,False,False,-3.79,-1.93,61.94,-3.73,-1.9,111.9,OHLC,—,LH/LL,自然回檔,True,265,2,universe
KVUE,2026-09-21,17.67,0.35,False,18.5,-0.042,-0.81,False,92.0,-0.0,92.0,True,1.97,1.32,22.1,-0.3,C 基底修復,True,8:49,264.6,跌,132.0,15,False,5.0,-0.0701,-0.0773,-0.1566,True,False,-4.68,-2.38,19.13,-8.26,-4.2,484.3,OHLC,↓,LH/LL,DT,False,265,2,universe
EG,2026-09-21,369.42,7.69,False,374.29,-0.006,0.19,False,90.7,-0.44,91.1,True,2.08,1.5,44.7,1.3,C 基底修復,False,4:22,131.1,跌,23.0,2,False,5.0,-0.5419,-0.0306,-2.9168,False,True,-1.32,-0.63,381.08,-3.16,-1.52,151.8,OHLC,—,LH/LL,自然回檔,False,265,2,universe
CASH,2026-09-21,75.9,1.78,False,81.18,-0.283,-1.22,True,89.0,0.26,88.7,True,2.35,1.61,6.0,-0.8,D 趨勢弱,False,5:51,175.7,跌,48.0,10,False,5.0,-0.3081,-0.2726,-0.7748,False,False,-6.96,-2.96,83.19,-9.6,-4.09,18.8,OHLC,↓,LH/LL,DT,False,265,2,universe
HG,2026-09-21,33.87,0.86,False,35.1,-0.072,-0.19,False,88.5,-0.9,89.4,True,2.54,1.52,49.5,-4.7,C 基底修復,True,7:48,234.0,跌,80.0,10,False,5.0,-0.0988,-0.0269,-0.2004,False,False,-3.64,-1.43,36.11,-6.61,-2.6,13.1,OHLC,—,LH/LL,自然回檔,False,265,2,universe
LHX,2026-09-21,246.93,5.84,False,263.94,-1.023,-1.03,True,87.6,0.38,87.2,True,2.36,1.88,6.3,2.1,D 趨勢弱,False,10:18,309.0,升,22.0,3,False,5.0,0.1707,0.0776,,False,False,-6.89,-2.91,253.12,-2.51,-1.06,414.8,OHLC,—,LH/LL,自然反彈,True,265,2,universe
ADT,2026-09-21,6.62,0.17,False,7.25,-0.05,-1.18,False,87.4,-1.58,89.0,True,2.57,1.73,5.2,-6.0,D 趨勢弱,True,8:49,264.6,跌,257.0,28,False,5.0,-0.0663,-0.0503,-0.0663,False,False,-9.5,-3.7,7.06,-6.65,-2.59,49.5,OHLC,↓,LH/LL,DT,False,265,2,universe
IMO,2026-09-21,126.17,3.39,False,131.97,-0.05,0.18,False,87.0,-0.83,87.8,True,2.69,1.68,40.3,-15.6,C 基底修復,True,8:49,264.6,跌,117.0,18,False,5.0,-0.728,-0.4775,-0.8156,False,False,-4.6,-1.71,135.35,-7.28,-2.7,80.8,OHLC,—,LH/LL,自然回檔,False,265,2,universe
AMGN,2026-09-21,393.16,10.19,False,409.94,-0.666,-0.4,False,85.4,-0.05,85.4,True,2.59,2.11,40.6,5.3,C 基底修復,True,8:49,264.6,跌,145.0,16,False,5.0,-4.3049,-6.0082,-9.2005,True,False,-4.27,-1.65,445.82,-13.39,-5.17,1152.8,OHLC,—,LH/LL,UT,False,265,2,universe
RUSHA,2026-09-21,48.09,1.43,False,50.99,-0.162,-0.73,False,85.0,-0.11,85.1,True,2.96,1.81,41.4,-1.9,C 基底修復,True,8:49,264.6,跌,231.0,30,False,5.0,-0.0825,-0.0526,-0.5486,False,False,-6.04,-2.04,49.68,-3.31,-1.12,29.7,OHLC,—,LH/LL,DT,True,265,2,universe
ZTS,2026-09-21,71.33,2.01,False,74.56,-0.089,-0.35,False,84.9,-0.13,85.0,True,2.82,1.98,20.1,2.0,D 趨勢弱,True,6:49,204.3,跌,63.0,10,False,5.0,-0.363,-0.3414,-0.4071,False,False,-4.53,-1.61,74.82,-4.89,-1.73,338.2,OHLC,—,LH/LL,DT,True,265,2,universe
CAG,2026-09-21,14.86,0.41,False,15.51,-0.005,0.06,False,84.6,-0.36,84.9,True,2.73,2.13,6.3,-12.3,D 趨勢弱,True,8:49,264.6,跌,154.0,15,False,5.0,-0.0911,-0.0928,-0.2251,True,False,-4.37,-1.6,15.35,-3.3,-1.21,159.2,OHLC,—,LH/LL,自然回檔,False,265,2,universe
GIS,2026-09-21,35.41,1.1,False,38.46,-0.044,0.02,False,81.9,-0.5,82.4,True,3.1,2.28,4.4,-1.4,D 趨勢弱,True,8:49,264.6,跌,127.0,12,False,5.0,-0.3851,-0.3739,-0.6443,False,False,-8.61,-2.78,36.81,-3.95,-1.28,326.8,OHLC,↓,LH/LL,DT,False,265,2,universe
CRAI,2026-09-21,161.97,5.44,False,169.4,-0.276,-0.49,False,81.3,-0.21,81.5,True,3.36,2.14,23.3,-2.6,D 趨勢弱,True,8:49,264.6,跌,367.0,33,False,5.0,-0.705,-0.6183,-2.2685,False,False,-4.59,-1.37,166.37,-2.72,-0.81,19.4,OHLC,—,LH/LL,自然回檔,True,265,2,universe
CPB,2026-09-21,19.93,0.75,False,22.3,-0.102,-0.35,False,78.4,-1.41,79.8,True,3.74,2.3,0.0,-1.9,D 趨勢弱,True,8:49,264.6,跌,117.0,12,False,5.0,-0.2255,-0.1881,-0.3182,False,False,-11.91,-3.18,21.39,-7.33,-1.96,170.8,OHLC,↓,LH/LL,DT,False,265,2,universe
KMPR,2026-09-21,26.55,1.03,False,27.29,-0.063,-0.37,False,75.5,-0.05,75.6,True,3.89,2.69,12.4,-1.7,D 趨勢弱,False,4:44,142.0,跌,29.0,3,False,5.0,-0.1045,-0.0842,-0.4081,False,True,-2.79,-0.72,27.65,-4.14,-1.06,24.0,OHLC,—,HH/HL,DT,False,265,2,universe
WLY,2026-09-21,47.29,1.97,False,50.41,-0.135,-0.38,False,75.4,-0.02,75.4,True,4.17,2.44,39.4,-3.0,C 基底修復,True,8:49,264.6,跌,175.0,14,False,5.0,-0.2164,-0.1774,-0.7044,False,False,-6.6,-1.58,46.8,1.04,0.25,28.7,OHLC,—,HH/HL,DT,True,265,2,universe
BSY,2026-09-21,31.96,1.27,False,34.31,-0.128,-0.79,False,75.1,-0.15,75.2,True,3.97,2.69,2.8,-2.9,D 趨勢弱,True,8:49,264.6,跌,190.0,15,False,5.0,-0.2482,-0.3297,-0.7724,True,False,-7.36,-1.85,31.1,2.69,0.68,84.1,OHLC,—,HH/HL,自然反彈,True,265,2,universe
TYL,2026-09-21,332.46,13.25,True,352.4,0.51,0.33,False,74.2,-0.38,74.6,False,3.98,2.84,20.5,-11.8,D 趨勢弱,True,8:49,264.6,跌,110.0,10,False,5.0,-4.3651,-4.0089,-4.8763,False,False,-6.0,-1.51,359.54,-8.15,-2.04,347.0,OHLC,—,LH/LL,自然回檔,False,265,2,universe
CTKB,2026-09-21,5.28,0.22,True,4.78,0.033,0.91,True,73.8,0.96,72.9,False,4.22,2.68,47.1,-1.3,B 上升結構,False,11:24,342.0,升,40.0,5,False,5.0,0.0634,0.0577,,False,False,9.4,2.23,4.49,15.06,3.57,5.5,OHLC,↑,HH/HL,UT,False,265,2,universe
WU,2026-09-21,6.2,0.23,False,6.99,-0.039,-0.59,True,72.2,0.04,72.1,False,3.67,3.55,10.0,-0.8,D 趨勢弱,True,6:02,180.8,跌,50.0,9,False,5.0,-0.0804,-0.0709,-0.2047,False,False,-12.81,-3.49,7.03,-13.39,-3.65,53.5,OHLC,↓,LH/LL,DT,False,265,2,universe
NCNO,2026-09-21,20.43,0.88,True,21.41,0.014,0.33,False,71.8,-1.02,72.8,False,4.31,2.98,51.5,1.1,D 趨勢弱,True,7:24,221.9,跌,73.0,9,False,5.0,-0.3313,-0.2814,-0.3313,False,False,-4.79,-1.11,22.18,-8.57,-1.99,57.9,OHLC,↓,LH/LL,DT,False,265,2,universe
AMN,2026-09-21,34.24,1.32,False,34.13,-0.046,0.23,True,71.4,0.76,70.7,False,3.85,3.51,82.3,1.1,A 待突破,False,11:34,346.8,升,43.0,4,False,5.0,0.0298,0.0385,,False,True,0.33,0.08,33.91,0.96,0.25,20.1,OHLC,—,HH/HL,UT,True,265,2,universe
CSTL,2026-09-21,34.99,1.55,True,33.17,0.105,0.8,True,69.9,0.23,69.7,False,4.43,3.22,65.4,1.8,B 上升結構,False,10:07,303.4,升,19.0,3,False,5.0,0.0303,0.0796,,False,False,5.19,1.17,36.85,-5.32,-1.2,11.6,OHLC,—,LH/LL,自然回檔,False,265,2,universe
LGIH,2026-09-21,49.91,2.32,False,54.39,-0.363,-0.98,True,69.3,0.81,68.5,False,4.64,3.12,22.6,6.4,D 趨勢弱,True,8:49,264.6,跌,395.0,54,False,5.0,-0.3241,-0.4759,-0.8041,True,False,-8.98,-1.93,50.94,-2.06,-0.44,14.2,OHLC,↓,LH/LL,自然反彈,False,265,2,universe
PSKY,2026-09-21,9.91,0.52,True,10.45,0.022,0.85,False,69.3,-5.24,74.5,False,5.26,2.51,23.0,-6.1,D 趨勢弱,True,7:17,218.3,跌,71.0,9,False,5.0,-0.1286,-0.0855,-0.1286,False,False,-5.48,-1.04,11.28,-13.77,-2.62,179.2,OHLC,↓,LH/LL,DT,False,265,2,universe
CHWY,2026-09-21,20.51,0.99,False,22.35,-0.077,-0.48,True,69.0,0.8,68.2,False,4.84,2.98,0.9,-0.1,D 趨勢弱,True,8:49,264.6,跌,157.0,17,False,5.0,-0.278,-0.3019,-0.4337,True,False,-8.97,-1.85,19.75,3.71,0.77,195.4,OHLC,—,HH/HL,DT,False,265,2,universe
RKT,2026-09-21,12.36,0.63,False,13.62,-0.064,-0.46,True,67.7,0.69,67.0,False,5.1,2.97,2.9,2.9,D 趨勢弱,True,8:49,264.6,跌,123.0,18,False,5.0,-0.1382,-0.1344,-0.2244,False,False,-10.17,-1.99,13.82,-11.85,-2.32,359.1,OHLC,↓,LH/LL,DT,False,265,2,universe
GH,2026-09-21,173.87,8.24,True,166.03,0.453,0.38,False,67.6,-0.77,68.3,False,4.74,3.37,83.4,4.4,B 上升結構,False,11:47,353.7,升,47.0,5,False,5.0,1.3613,1.7387,,False,True,4.51,0.95,163.18,6.15,1.3,319.3,OHLC,↑,HH/HL,自然回檔,False,265,2,universe
COUR,2026-09-21,5.16,0.24,False,5.72,-0.031,-0.57,True,66.9,1.01,65.9,False,4.58,3.64,13.2,2.1,D 趨勢弱,True,8:49,264.6,跌,232.0,11,False,5.0,-0.0815,-0.0958,-0.1254,True,False,-10.86,-2.37,5.42,-5.04,-1.1,24.8,OHLC,↓,LH/LL,自然反彈,False,265,2,universe
RHI,2026-09-21,36.96,1.58,False,41.87,-0.119,-0.4,True,66.5,0.19,66.3,False,4.28,4.04,44.4,-1.6,D 趨勢弱,True,8:49,264.6,跌,229.0,18,False,5.0,-0.6298,-0.7041,-1.0764,True,False,-13.27,-3.1,38.73,-4.79,-1.12,76.2,OHLC,↓,LH/LL,DT,False,265,2,universe
TRI,2026-09-21,95.43,4.31,False,102.65,-0.194,-0.22,True,66.4,1.02,65.4,False,4.52,3.8,20.6,0.4,D 趨勢弱,True,7:30,225.0,跌,75.0,11,False,5.0,-1.1427,-1.0638,-1.5766,False,False,-7.57,-1.67,105.82,-10.89,-2.41,149.0,OHLC,↓,LH/LL,DT,False,265,2,universe
MAN,2026-09-21,56.55,2.21,True,58.99,0.051,0.25,False,65.2,-0.38,65.6,False,3.91,4.66,71.9,-5.3,B 上升結構,True,8:49,264.6,跌,496.0,34,False,5.0,-0.71,-0.7091,-1.164,False,False,-4.32,-1.1,60.27,-6.58,-1.68,42.4,OHLC,↑,HH/HL,自然回檔,False,265,2,universe
MBX,2026-09-21,60.94,3.19,False,63.9,-0.287,-0.47,False,63.9,-1.7,65.6,False,5.23,3.6,53.6,-1.8,C 基底修復,True,8:49,264.6,跌,218.0,48,False,5.0,-0.0891,-0.0486,-1.2497,False,True,-4.86,-0.93,62.99,-3.36,-0.64,29.6,OHLC,—,LH/LL,自然回檔,True,265,2,universe
BRBR,2026-09-21,8.95,0.5,False,10.25,-0.09,-1.56,True,63.3,0.81,62.5,False,5.58,3.37,10.6,0.6,D 趨勢弱,True,7:51,235.5,跌,81.0,10,False,5.0,-0.0433,-0.0559,-0.3066,True,False,-14.5,-2.6,8.85,1.12,0.2,26.0,OHLC,—,HH/HL,DT,False,265,2,universe
AURA,2026-09-21,6.36,0.36,False,7.33,-0.039,-0.7,True,63.2,0.12,63.1,False,5.66,3.31,5.2,-0.4,D 趨勢弱,True,8:49,264.6,跌,323.0,19,False,5.0,-0.1139,-0.1104,-0.1139,False,False,-15.28,-2.7,7.01,-10.22,-1.8,5.4,OHLC,↓,LH/LL,DT,False,265,2,universe
SWIM,2026-09-21,6.4,0.31,False,6.88,-0.046,-0.3,True,63.0,1.19,61.8,False,4.87,4.15,31.5,6.1,C 基底修復,True,8:49,264.6,跌,162.0,21,False,5.0,-0.0742,-0.0973,-0.1253,True,False,-7.55,-1.55,7.1,-10.94,-2.25,5.5,OHLC,↓,LH/LL,自然反彈,False,265,2,universe
CAI,2026-09-21,30.65,1.45,True,25.88,0.394,1.83,True,61.5,1.39,60.2,False,4.73,4.59,50.8,2.0,E 延伸,False,10:02,301.0,升,17.0,4,False,5.0,0.3658,0.3176,,False,False,15.55,3.29,31.36,-2.32,-0.49,176.9,OHLC,—,LH/LL,自然反彈,False,265,2,universe
ROOT,2026-09-21,49.78,2.54,False,53.09,-0.06,-0.09,True,60.8,0.33,60.5,False,5.11,4.36,13.5,-2.0,D 趨勢弱,True,6:36,198.0,跌,60.0,9,False,5.0,-0.4911,-0.4412,-1.0652,False,False,-6.65,-1.3,54.33,-9.14,-1.79,9.0,OHLC,↓,LH/LL,DT,False,265,2,universe
IBRX,2026-09-21,8.45,0.47,True,8.07,0.042,0.58,False,60.7,-0.68,61.4,False,5.62,3.86,47.2,-3.5,C 基底修復,False,10:21,310.4,升,22.0,3,False,5.0,0.0304,0.0249,,False,True,4.54,0.81,7.91,6.39,1.14,81.4,OHLC,↑,HH/HL,UT,False,265,2,universe
LOVE,2026-09-21,13.56,0.83,False,15.37,-0.106,-0.88,True,60.1,1.11,58.9,False,6.09,3.54,10.7,0.5,D 趨勢弱,True,6:58,208.8,跌,66.0,8,False,5.0,-0.1772,-0.1676,-0.2107,False,False,-13.36,-2.19,14.94,-10.18,-1.67,4.3,OHLC,↓,LH/LL,DT,False,265,2,universe
SPCE,2026-09-21,3.31,0.18,True,3.1,0.006,0.21,True,60.0,1.53,58.5,False,5.38,4.25,49.8,-0.4,D 趨勢弱,False,10:33,316.5,升,26.0,3,False,5.0,0.0226,0.0057,,False,False,6.28,1.17,2.93,11.48,2.13,19.4,OHLC,↑,HH/HL,UT,False,265,2,universe
VRRM,2026-09-21,3.52,0.2,False,3.93,-0.051,-2.89,True,59.5,1.34,58.1,False,5.71,4.05,0.0,0.0,D 趨勢弱,True,8:49,264.6,跌,110.0,25,False,5.0,-0.0312,-0.0457,-0.0787,True,False,-11.51,-2.02,3.63,-3.12,-0.55,22.8,OHLC,↓,LH/LL,自然反彈,False,265,2,universe
RBRK,2026-09-21,112.96,6.13,True,98.0,0.673,0.57,True,58.2,1.15,57.0,False,5.43,4.61,59.5,-7.4,E 延伸,False,10:43,321.4,升,29.0,5,False,5.0,1.6969,1.2887,,False,False,13.25,2.44,,,,447.9,OHLC,—,LH/LL,UT,False,265,2,universe
SDGR,2026-09-21,30.24,1.62,True,23.17,0.56,2.69,True,57.9,0.59,57.3,False,5.35,4.75,60.4,2.6,E 延伸,False,10:39,319.6,升,28.0,5,False,5.0,1.0352,0.9025,,False,False,23.38,4.37,29.02,4.03,0.75,57.3,OHLC,↑,HH/HL,自然反彈,False,265,2,universe
FIVN,2026-09-21,37.01,2.01,True,33.1,0.324,0.59,False,57.6,-0.62,58.2,False,5.42,4.73,69.3,-8.7,E 延伸,True,9:35,287.6,升,10.0,1,False,5.0,0.1275,-0.1364,,False,False,10.57,1.95,32.47,12.27,2.26,72.5,OHLC,↑,HH/HL,UT,False,265,2,universe
DYN,2026-09-21,17.12,1.23,False,21.52,-0.277,-1.12,True,55.4,0.81,54.6,False,7.18,3.47,12.3,-0.7,D 趨勢弱,True,8:49,264.6,跌,474.0,32,False,5.0,-0.5491,-0.6402,-0.9681,True,False,-25.72,-3.58,18.06,-5.49,-0.76,56.7,OHLC,↓,LH/LL,DT,False,265,2,universe
FATE,2026-09-21,2.53,0.15,False,2.54,-0.016,-0.17,True,55.2,0.88,54.3,False,5.91,4.79,65.5,1.3,C 基底修復,False,10:28,314.0,升,24.0,3,False,5.0,0.018,0.0137,,False,True,-0.2,-0.03,2.5,1.19,0.2,3.6,OHLC,—,LH/LL,UT,False,265,2,universe
GWRE,2026-09-21,149.38,8.91,False,169.81,-0.451,-0.33,True,54.9,1.44,53.5,False,5.97,4.8,10.0,0.0,D 趨勢弱,True,8:09,244.3,跌,86.0,11,False,5.0,-3.5973,-4.5832,-8.2291,True,False,-13.68,-2.29,153.0,-2.42,-0.41,256.5,OHLC,↓,LH/LL,自然反彈,False,265,2,universe
PATH,2026-09-21,13.59,0.87,False,15.79,-0.02,0.06,True,54.2,1.68,52.5,False,6.4,4.53,34.1,0.9,D 趨勢弱,True,6:50,205.1,跌,64.0,11,False,5.0,-0.3909,-0.4414,-0.6325,True,False,-16.21,-2.53,15.58,-14.64,-2.29,829.1,OHLC,—,HH/HL,DT,True,265,2,universe
BRZE,2026-09-21,25.4,1.6,False,28.76,-0.034,-0.09,True,52.0,1.2,50.8,False,6.3,5.14,27.7,12.3,D 趨勢弱,True,8:42,261.1,跌,95.0,11,False,5.0,-0.6952,-0.8549,-1.2612,True,False,-13.23,-2.1,25.97,-2.24,-0.36,78.5,OHLC,↓,LH/LL,自然反彈,False,265,2,universe
PHAT,2026-09-21,7.45,0.5,False,8.71,-0.016,-0.29,True,50.8,0.71,50.1,False,6.73,5.0,1.6,1.6,D 趨勢弱,True,6:49,204.5,跌,64.0,7,False,5.0,-0.1276,-0.1229,-0.378,False,False,-16.93,-2.51,8.68,-16.51,-2.45,8.7,OHLC,↓,LH/LL,DT,False,265,2,universe
TEM,2026-09-21,78.03,4.81,True,65.55,0.691,0.86,True,50.5,0.86,49.7,False,6.17,5.64,40.3,0.1,E 延伸,False,10:34,317.0,升,26.0,3,False,5.0,1.3196,1.191,,False,False,16.0,2.59,66.17,15.2,2.46,559.6,OHLC,↑,HH/HL,自然回檔,False,265,2,universe
TYRA,2026-09-21,25.65,2.06,False,24.35,-0.014,-0.23,True,44.2,0.44,43.7,False,8.02,5.5,29.8,3.9,D 趨勢弱,False,12:35,17.5,升,60.0,5,False,5.0,0.2421,0.1871,,False,True,5.07,0.63,23.54,8.23,1.03,31.4,OHLC,—,LH/LL,UT,False,265,2,universe
BYND,2026-09-21,11.92,0.98,False,12.59,-0.165,-0.86,True,42.7,0.53,42.2,False,8.24,5.7,10.0,0.0,D 趨勢弱,False,10:28,314.1,升,24.0,3,False,5.0,0.2275,0.1553,,False,True,-5.63,-0.68,9.81,17.7,2.15,12.4,OHLC,↑,HH/HL,UT,False,265,2,universe
TTAN,2026-09-21,56.53,4.85,False,68.04,-0.949,-0.98,True,40.7,1.48,39.2,False,8.57,6.0,5.0,0.0,D 趨勢弱,True,8:49,264.6,跌,114.0,14,False,5.0,-2.8197,-3.4494,-5.3784,True,False,-20.36,-2.38,58.99,-4.35,-0.51,224.2,OHLC,↓,LH/LL,自然反彈,False,265,2,universe
TRAX,2026-09-21,38.99,3.03,False,42.38,-0.219,-0.5,True,38.1,0.91,37.2,False,7.77,7.67,16.9,8.5,C 基底修復,True,8:49,264.6,跌,258.0,31,False,5.0,-0.3958,-0.5086,-1.132,True,False,-8.69,-1.12,41.8,-7.21,-0.93,26.7,OHLC,↓,LH/LL,自然反彈,False,117,2,universe
ALOY,2026-09-21,9.33,0.82,False,11.06,-0.126,-0.4,True,36.4,2.44,34.0,False,8.77,7.27,19.4,1.7,D 趨勢弱,True,8:49,264.6,跌,127.0,19,False,5.0,-0.0915,-0.2007,-0.5632,True,False,-18.56,-2.12,10.21,-9.43,-1.08,19.1,OHLC,↓,LH/LL,自然反彈,False,265,2,universe
AGEN,2026-09-21,8.33,0.56,True,7.54,0.04,-0.12,False,35.4,-0.07,35.5,False,6.73,9.69,76.9,-1.8,E 延伸,True,8:49,264.6,跌,231.0,30,False,5.0,-0.0141,-0.0847,-0.218,True,False,9.44,1.4,8.36,-0.36,-0.05,7.8,OHLC,—,LH/LL,UT,False,265,2,universe
AFL,2026-09-21,115.18,1.87,False,117.51,-0.318,-0.92,False,94.0,-0.05,94.1,True,1.62,1.16,39.8,-1.2,C 基底修復,False,11:36,347.9,升,43.0,6,False,6.0,0.1972,0.2797,,False,True,-2.02,-1.25,117.55,-2.06,-1.27,269.2,OHLC,—,LH/LL,自然回檔,True,265,2,universe
LAMR,2026-09-21,146.08,2.5,False,151.05,-0.487,-1.2,True,93.5,0.11,93.4,True,1.71,1.2,50.2,1.6,C 基底修復,False,5:16,157.9,跌,38.0,5,False,6.0,-0.1527,-0.1259,-1.0164,False,False,-3.4,-1.99,152.61,-4.47,-2.61,69.5,OHLC,—,LH/LL,DT,True,265,2,universe
MGEE,2026-09-21,72.86,1.4,False,77.9,-0.341,-1.01,False,93.3,-0.22,93.5,True,1.91,1.06,15.8,-1.5,D 趨勢弱,True,8:49,264.6,跌,659.0,48,False,6.0,-0.3345,-0.2562,-0.4463,False,False,-6.92,-3.61,78.43,-7.64,-3.99,12.0,OHLC,↓,LH/LL,DT,False,265,2,universe
FIBK,2026-09-21,36.83,0.71,False,37.46,-0.015,-0.31,False,92.9,-0.17,93.1,True,1.93,1.13,40.9,-3.2,C 基底修復,False,1:00,30.0,升,67.0,6,False,6.0,0.0243,0.0474,,False,True,-1.72,-0.89,36.43,1.09,0.56,41.4,OHLC,—,HH/HL,自然回檔,True,265,2,universe
ORI,2026-09-21,39.22,0.76,False,41.52,-0.119,-0.9,False,92.4,-0.41,92.8,True,1.93,1.27,20.0,-3.0,D 趨勢弱,True,8:49,264.6,跌,280.0,32,False,6.0,-0.199,-0.1402,-0.2591,False,False,-5.87,-3.04,40.05,-2.12,-1.1,50.8,OHLC,↓,LH/LL,DT,False,265,2,universe
ATR,2026-09-21,123.4,2.46,False,129.29,-0.534,-1.06,False,91.9,-0.06,92.0,True,1.99,1.31,19.0,-0.9,D 趨勢弱,True,8:49,264.6,跌,382.0,31,False,6.0,-0.3267,-0.3553,-1.3597,True,False,-4.77,-2.39,126.25,-2.31,-1.16,50.8,OHLC,↓,LH/LL,自然反彈,False,265,2,universe
EQBK,2026-09-21,48.61,1.04,False,50.19,-0.048,-0.34,False,91.7,-0.05,91.7,True,2.14,1.23,52.9,8.4,C 基底修復,True,7:16,218.0,跌,71.0,4,False,6.0,-0.1422,-0.1073,-0.2849,False,False,-3.25,-1.52,50.8,-4.51,-2.11,4.9,OHLC,—,LH/LL,DT,True,265,2,universe
THG,2026-09-21,223.21,4.49,False,226.29,-0.101,0.02,False,91.5,-0.36,91.8,True,2.01,1.4,61.6,-7.9,C 基底修復,False,4:03,121.6,跌,18.0,2,False,6.0,-0.4654,-0.0564,-1.6073,False,True,-1.38,-0.69,223.9,-0.31,-0.15,68.8,OHLC,↑,HH/HL,自然回檔,False,265,2,universe
SBCF,2026-09-21,33.29,0.71,False,34.49,-0.033,-0.34,False,91.3,-0.12,91.4,True,2.13,1.32,39.4,-11.7,C 基底修復,True,8:49,264.6,跌,222.0,23,False,6.0,-0.0975,-0.0737,-0.2783,False,False,-3.62,-1.7,34.61,-3.97,-1.87,26.3,OHLC,↓,LH/LL,DT,False,265,2,universe
HD,2026-09-21,297.2,6.7,False,323.84,-2.085,-1.3,False,90.0,-0.05,90.0,True,2.25,1.49,3.9,1.7,D 趨勢弱,True,8:49,264.6,跌,155.0,26,False,6.0,-1.4872,-1.526,-2.6522,True,False,-8.96,-3.98,344.3,-15.85,-7.03,1196.9,OHLC,↓,LH/LL,DT,False,265,2,universe
DOV,2026-09-21,186.09,4.2,False,195.85,-0.755,-0.9,False,89.2,-0.17,89.3,True,2.26,1.66,11.7,-0.0,D 趨勢弱,True,8:49,264.6,跌,202.0,23,False,6.0,-0.0488,-0.0303,-1.4576,False,False,-5.25,-2.33,191.66,-2.99,-1.33,248.3,OHLC,↓,LH/LL,DT,False,265,2,universe
LOW,2026-09-21,190.98,4.51,False,206.56,-0.995,-0.94,False,89.0,-0.16,89.1,True,2.36,1.6,2.9,0.4,D 趨勢弱,True,8:49,264.6,跌,117.0,21,False,6.0,-0.7394,-0.7596,-1.9819,True,False,-8.16,-3.45,204.45,-7.05,-2.98,601.3,OHLC,↓,LH/LL,DT,False,265,2,universe
ALL,2026-09-21,242.86,5.54,False,257.11,-1.155,-0.55,False,88.2,-1.11,89.4,True,2.28,1.83,38.8,-9.0,C 基底修復,True,8:49,264.6,跌,376.0,31,False,6.0,-1.3654,-0.8413,-2.2414,False,False,-5.87,-2.57,258.48,-6.43,-2.82,393.6,OHLC,↓,LH/LL,DT,False,265,2,universe
ALRM,2026-09-21,53.14,1.36,False,55.84,-0.144,-0.34,False,87.6,-0.36,88.0,True,2.56,1.69,37.4,-1.1,C 基底修復,True,8:49,264.6,跌,210.0,28,False,6.0,-0.4343,-0.3826,-0.4343,False,False,-5.09,-1.98,56.73,-6.76,-2.64,22.9,OHLC,↓,LH/LL,DT,False,265,2,universe
HON,2026-09-21,206.48,4.82,False,215.55,-1.237,-1.74,True,87.6,0.34,87.2,True,2.33,1.92,12.2,1.5,D 趨勢弱,False,10:48,323.8,升,30.0,4,False,6.0,0.7978,0.609,,False,False,-4.39,-1.88,210.59,-1.99,-0.85,650.6,OHLC,↓,LH/LL,自然反彈,False,265,2,universe
A,2026-09-21,161.94,4.28,True,152.58,0.507,0.5,False,86.9,-0.13,87.1,True,2.64,1.74,68.2,-5.5,B 上升結構,False,10:01,300.4,升,17.0,2,False,6.0,0.757,0.237,,False,False,5.78,2.19,153.43,5.26,1.99,416.8,OHLC,↑,HH/HL,UT,False,265,2,universe
MOV,2026-09-21,32.97,0.99,False,34.37,-0.113,-1.01,True,85.3,0.4,84.9,True,2.99,1.72,47.0,1.7,C 基底修復,False,10:45,322.5,升,29.0,4,False,6.0,0.0899,0.0776,,False,False,-4.24,-1.42,33.54,-1.73,-0.58,6.8,OHLC,—,LH/LL,UT,True,265,2,universe
UFCS,2026-09-21,53.44,1.62,False,54.18,-0.01,0.06,False,85.2,-0.19,85.4,True,3.04,1.69,77.6,0.5,A 待突破,False,5:03,151.5,跌,34.0,5,False,6.0,-0.2127,-0.1364,-0.3751,False,True,-1.38,-0.46,53.67,-0.43,-0.14,8.5,OHLC,↑,HH/HL,自然回檔,False,265,2,universe
MIDD,2026-09-21,111.25,3.29,False,113.96,-0.554,-0.98,False,84.0,-0.01,84.0,True,2.96,2.01,20.8,-1.2,C 基底修復,False,12:54,26.8,升,65.0,6,False,6.0,0.9533,0.9593,,False,True,-2.44,-0.82,113.85,-2.34,-0.79,65.5,OHLC,↓,LH/LL,自然反彈,False,265,2,universe
RRR,2026-09-21,50.3,1.68,False,57.04,-0.576,-1.6,False,82.5,-0.26,82.7,True,3.35,1.92,5.0,-0.4,D 趨勢弱,True,8:49,264.6,跌,652.0,53,False,6.0,-0.4151,-0.3516,-0.6185,False,False,-13.4,-4.0,55.9,-11.13,-3.33,50.3,OHLC,↓,LH/LL,DT,False,265,2,universe
LNC,2026-09-21,41.68,1.26,False,43.63,-0.117,-0.59,False,82.2,-0.04,82.2,True,3.02,2.31,42.6,0.9,C 基底修復,True,8:49,264.6,跌,136.0,10,False,6.0,-0.2828,-0.2433,-0.6391,False,False,-4.68,-1.55,,,,83.1,OHLC,—,HH/HL,DT,False,265,2,universe
OMC,2026-09-21,75.59,2.34,False,82.25,-0.337,-0.78,False,81.9,-0.25,82.2,True,3.1,2.27,13.0,-1.5,D 趨勢弱,True,8:49,264.6,跌,158.0,16,False,6.0,-0.8529,-0.8073,-1.2123,False,False,-8.81,-2.84,81.07,-7.25,-2.34,244.2,OHLC,↓,LH/LL,DT,False,265,2,universe
VCEL,2026-09-21,39.55,1.34,False,41.4,-0.161,-0.77,True,81.4,0.05,81.4,True,3.39,2.09,40.6,1.3,C 基底修復,False,11:28,343.8,升,41.0,4,False,6.0,0.1592,0.1564,,False,False,-4.67,-1.38,40.87,-3.34,-0.99,20.5,OHLC,↓,LH/LL,自然反彈,False,265,2,universe
MZTI,2026-09-21,102.5,3.51,False,108.73,-0.259,-0.69,False,81.0,-0.16,81.1,True,3.42,2.13,5.8,5.3,D 趨勢弱,True,8:49,264.6,跌,192.0,17,False,6.0,-0.5035,-0.7507,-1.553,True,False,-6.07,-1.77,104.05,-1.51,-0.44,51.4,OHLC,↓,LH/LL,自然反彈,False,265,2,universe
NSSC,2026-09-21,35.82,1.32,False,37.4,-0.095,-0.37,True,80.9,0.5,80.4,True,3.68,1.88,10.3,-1.1,D 趨勢弱,False,10:29,314.5,升,25.0,4,False,6.0,0.0217,0.0294,,False,False,-4.41,-1.2,36.24,-1.17,-0.32,20.6,OHLC,—,LH/LL,自然反彈,True,265,2,universe
ETD,2026-09-21,20.97,0.7,False,22.82,-0.067,-0.49,False,80.2,-0.04,80.3,True,3.32,2.38,21.5,6.8,D 趨勢弱,True,8:49,264.6,跌,126.0,12,False,6.0,-0.1696,-0.1584,-0.2336,False,False,-8.83,-2.66,22.43,-6.96,-2.1,14.2,OHLC,↓,LH/LL,DT,False,265,2,universe
DORM,2026-09-21,120.42,3.58,False,129.12,-0.747,-1.93,False,79.9,-0.02,79.9,True,2.97,2.79,26.0,-0.4,D 趨勢弱,True,8:49,264.6,跌,667.0,45,False,6.0,-0.556,-0.4265,-1.374,False,False,-7.22,-2.43,131.3,-9.04,-3.04,21.8,OHLC,↓,LH/LL,DT,False,265,2,universe
TMUS,2026-09-21,165.27,5.43,False,178.47,-0.705,-0.38,False,79.0,-0.56,79.5,True,3.29,2.65,6.2,-1.0,D 趨勢弱,True,8:09,244.3,跌,86.0,9,False,6.0,-1.8251,-1.5255,-1.8251,False,False,-7.99,-2.43,177.21,-7.22,-2.2,772.0,OHLC,↓,LH/LL,DT,False,265,2,universe
HOG,2026-09-21,26.21,0.96,False,27.34,-0.007,0.13,False,78.2,-0.22,78.4,True,3.68,2.4,59.1,3.6,C 基底修復,True,8:49,264.6,跌,153.0,14,False,6.0,-0.2292,-0.2222,-0.2824,False,False,-4.29,-1.17,27.87,-6.33,-1.72,44.2,OHLC,↓,LH/LL,DT,False,265,2,universe
PLNT,2026-09-21,47.05,1.78,False,50.73,-0.131,-0.52,False,78.1,-2.05,80.1,True,3.78,2.32,3.6,-3.2,D 趨勢弱,True,7:37,228.5,跌,77.0,14,False,6.0,-0.2715,-0.1116,-0.9057,False,False,-7.81,-2.07,52.2,-10.95,-2.89,84.6,OHLC,↓,LH/LL,DT,False,265,2,universe
BFAM,2026-09-21,63.28,2.45,False,69.66,-0.34,-0.79,False,77.8,-1.44,79.2,True,3.87,2.29,1.0,-3.9,D 趨勢弱,True,7:52,236.2,跌,81.0,13,False,6.0,-0.4129,-0.2854,-0.9888,False,False,-10.09,-2.61,68.68,-8.53,-2.21,56.4,OHLC,↓,LH/LL,DT,False,265,2,universe
JBGS,2026-09-21,11.21,0.36,False,11.64,-0.022,-0.76,True,77.6,0.19,77.4,True,3.19,3.01,5.6,-1.6,D 趨勢弱,False,10:46,322.8,升,29.0,4,False,6.0,0.0284,0.025,,False,False,-3.85,-1.21,11.48,-2.41,-0.75,11.4,OHLC,—,LH/LL,自然反彈,True,265,2,universe
MHK,2026-09-21,117.27,4.41,False,130.7,-0.875,-0.41,False,77.1,-3.77,80.9,True,3.76,2.51,27.5,-25.4,D 趨勢弱,True,8:49,264.6,跌,180.0,23,False,6.0,-1.2368,-0.6767,-1.9008,False,False,-11.45,-3.04,129.42,-10.36,-2.75,120.7,OHLC,↓,LH/LL,DT,False,265,2,universe
FISV,2026-09-21,46.47,1.82,False,51.44,-0.248,-0.63,False,76.5,-0.38,76.9,True,3.93,2.48,5.4,-0.2,D 趨勢弱,True,8:49,264.6,跌,230.0,25,False,6.0,-0.4793,-0.383,-0.4793,False,False,-10.69,-2.72,51.58,-11.0,-2.8,315.9,OHLC,↓,LH/LL,DT,False,264,2,universe
IP,2026-09-21,35.33,1.34,False,37.55,-0.168,-1.12,False,76.3,-0.03,76.3,True,3.8,2.64,8.5,3.2,D 趨勢弱,True,8:49,264.6,跌,272.0,31,False,6.0,-0.0687,-0.1844,-0.6563,True,False,-6.29,-1.66,35.55,-0.62,-0.16,177.9,OHLC,↓,LH/LL,次級反彈,False,265,2,universe
KTB,2026-09-21,66.41,2.67,False,74.54,-0.311,-1.17,True,74.8,0.86,74.0,False,4.03,2.69,5.2,0.0,D 趨勢弱,True,8:49,264.6,跌,153.0,19,False,6.0,-0.2768,-0.4163,-1.3902,True,False,-12.24,-3.04,68.37,-2.95,-0.73,52.5,OHLC,↓,LH/LL,DT,False,265,2,universe
ETSY,2026-09-21,73.48,2.94,False,78.25,-0.552,-0.75,True,74.5,0.77,73.7,False,4.0,2.78,40.3,1.5,C 基底修復,True,8:49,264.6,跌,118.0,15,False,6.0,-0.3907,-0.5611,-1.3761,True,False,-6.5,-1.62,74.46,-1.33,-0.33,234.9,OHLC,—,LH/LL,自然回檔,True,265,2,universe
FLO,2026-09-21,5.96,0.26,False,6.68,-0.037,-0.86,True,74.1,0.32,73.8,False,4.31,2.54,0.0,0.0,D 趨勢弱,True,8:49,264.6,跌,188.0,15,False,6.0,-0.0142,-0.0207,-0.1587,True,False,-12.09,-2.8,6.15,-3.19,-0.74,48.3,OHLC,—,LH/LL,DT,True,265,2,universe
GPK,2026-09-21,9.25,0.4,False,10.45,-0.109,-1.28,True,73.7,0.35,73.4,False,4.37,2.55,0.8,0.8,D 趨勢弱,True,8:49,264.6,跌,263.0,26,False,6.0,-0.0916,-0.0975,-0.2395,True,False,-13.01,-2.98,9.84,-6.38,-1.46,56.9,OHLC,↓,LH/LL,DT,False,265,2,universe
NCLH,2026-09-21,14.24,0.58,False,16.2,-0.169,-1.7,True,73.6,0.44,73.1,False,4.06,2.89,0.0,0.0,D 趨勢弱,True,8:49,264.6,跌,241.0,32,False,6.0,-0.0081,-0.0317,-0.2728,True,False,-13.79,-3.39,15.03,-5.55,-1.36,224.1,OHLC,↓,LH/LL,DT,False,265,2,universe
CVSA,2026-09-21,125.79,4.35,False,130.36,-0.456,-0.14,True,73.5,0.22,73.2,False,3.46,3.51,50.7,1.8,C 基底修復,True,8:49,264.6,跌,99.0,14,False,6.0,-0.4818,-0.5503,-1.5596,True,False,-3.63,-1.05,129.04,-2.58,-0.75,42.7,OHLC,—,LH/LL,自然反彈,True,265,2,universe
SRTA,2026-09-21,5.4,0.22,False,5.68,-0.01,-0.09,True,73.4,0.89,72.5,False,4.12,2.86,46.6,1.6,C 基底修復,True,8:49,264.6,跌,107.0,15,False,6.0,-0.0107,-0.0239,-0.1059,True,False,-5.26,-1.28,5.36,0.74,0.18,4.2,OHLC,—,LH/LL,自然反彈,True,265,2,universe
ACI,2026-09-21,12.12,0.39,True,12.31,0.005,0.39,False,73.3,-0.04,73.4,False,3.25,3.75,13.8,0.7,D 趨勢弱,False,12:04,1.9,升,51.0,6,False,6.0,0.0257,0.0533,,False,True,-1.6,-0.49,12.69,-4.7,-1.45,93.6,OHLC,—,LH/LL,自然回檔,False,265,2,universe
ARQT,2026-09-21,25.96,1.19,False,25.13,-0.006,-0.04,True,71.8,1.02,70.8,False,4.57,2.72,55.6,23.9,B 上升結構,False,11:53,356.4,升,48.0,6,False,6.0,0.3206,0.2981,,False,True,3.2,0.7,,,,82.3,OHLC,—,LH/LL,自然反彈,False,265,2,universe
PD,2026-09-21,14.46,0.56,True,13.27,0.063,0.81,True,71.6,1.13,70.5,False,3.89,3.43,47.2,1.7,E 延伸,False,4:12,126.0,跌,20.0,2,False,6.0,-0.0464,-0.042,-0.2564,False,False,8.21,2.11,14.0,3.18,0.82,24.8,OHLC,↑,HH/HL,自然反彈,False,265,2,universe
PHR,2026-09-21,10.03,0.42,False,11.28,-0.106,-0.66,True,71.6,0.87,70.7,False,4.19,3.13,0.0,0.0,D 趨勢弱,True,8:49,264.6,跌,325.0,24,False,6.0,-0.1171,-0.1313,-0.2499,True,False,-12.44,-2.97,10.42,-3.89,-0.93,7.4,OHLC,—,LH/LL,DT,True,265,2,universe
CSGP,2026-09-21,29.04,1.25,False,31.31,-0.055,-0.07,True,71.2,0.81,70.4,False,4.32,3.08,5.0,-6.2,D 趨勢弱,True,8:49,264.6,跌,251.0,16,False,6.0,-0.2762,-0.2578,-0.3802,False,False,-7.83,-1.81,31.56,-8.68,-2.01,214.9,OHLC,—,LH/LL,DT,True,265,2,universe
CERT,2026-09-21,8.52,0.35,True,8.14,0.009,0.44,True,70.9,0.9,70.0,False,4.16,3.3,60.3,-0.4,D 趨勢弱,False,10:04,302.1,升,18.0,3,False,6.0,0.0393,0.0264,,False,False,4.43,1.07,8.13,4.58,1.1,19.1,OHLC,↑,HH/HL,UT,False,265,2,universe
INTU,2026-09-21,304.12,13.79,False,339.31,-0.689,-0.16,True,70.9,0.75,70.2,False,4.53,2.92,10.0,0.0,D 趨勢弱,True,8:49,264.6,跌,118.0,17,False,6.0,-4.6509,-4.6128,-6.8665,False,False,-11.57,-2.55,342.31,-12.56,-2.77,1252.8,OHLC,↓,LH/LL,DT,False,265,2,universe
PINS,2026-09-21,19.36,0.83,False,20.88,-0.143,-1.65,True,70.9,0.58,70.4,False,4.28,3.17,5.7,0.7,D 趨勢弱,True,8:49,264.6,跌,261.0,32,False,6.0,-0.1036,-0.2063,-0.4851,True,False,-7.85,-1.83,19.69,-1.7,-0.4,283.0,OHLC,↓,LH/LL,自然反彈,False,265,2,universe
OLLI,2026-09-21,79.71,3.54,True,75.29,0.018,-0.03,True,70.7,0.54,70.2,False,4.44,3.05,18.4,-2.2,D 趨勢弱,False,10:31,315.5,升,25.0,3,False,6.0,0.388,0.0957,,False,False,5.55,1.25,73.23,8.13,1.83,153.3,OHLC,↑,HH/HL,UT,False,265,2,universe
TBCH,2026-09-21,12.69,0.51,False,12.65,-0.091,-0.31,True,70.3,0.66,69.7,False,4.02,3.55,48.0,-1.8,C 基底修復,False,12:15,7.3,升,54.0,5,False,6.0,0.042,0.036,,False,True,0.3,0.08,12.52,1.34,0.33,5.0,OHLC,—,LH/LL,次級反彈,True,265,2,universe
COCO,2026-09-21,57.25,2.55,False,58.02,-0.122,-0.6,True,69.5,0.22,69.3,False,4.45,3.28,19.1,5.2,D 趨勢弱,False,11:49,354.7,升,47.0,4,False,6.0,0.5788,0.4183,,False,True,-1.34,-0.3,64.84,-13.26,-2.98,84.9,OHLC,↓,LH/LL,自然反彈,False,265,2,universe
DXC,2026-09-21,10.89,0.49,False,11.09,-0.0,0.1,True,69.2,0.55,68.7,False,4.47,3.32,38.2,-1.1,C 基底修復,False,3:51,115.5,跌,14.0,2,False,6.0,-0.0856,-0.0551,-0.099,False,True,-1.79,-0.4,10.87,0.18,0.04,28.3,OHLC,—,HH/HL,DT,False,265,2,universe
UPST,2026-09-21,25.58,1.27,False,28.19,-0.183,-0.83,True,68.3,1.04,67.2,False,4.96,3.01,3.6,3.6,D 趨勢弱,True,8:49,264.6,跌,133.0,15,False,6.0,-0.1662,-0.2608,-0.6567,True,False,-10.21,-2.06,26.1,-2.03,-0.41,101.5,OHLC,↓,LH/LL,自然反彈,False,265,2,universe
ROAD,2026-09-21,94.46,4.06,False,108.09,-1.567,-0.6,True,68.2,0.65,67.6,False,4.3,3.67,10.0,0.0,D 趨勢弱,True,8:49,264.6,跌,122.0,21,False,6.0,-0.7773,-0.9563,-1.7528,True,False,-14.43,-3.35,98.22,-3.98,-0.93,50.9,OHLC,↓,LH/LL,DT,False,265,2,universe
ROCK,2026-09-21,41.72,1.95,False,45.68,-0.321,-1.11,True,67.8,0.58,67.2,False,4.67,3.4,11.4,4.0,D 趨勢弱,True,8:49,264.6,跌,222.0,26,False,6.0,-0.4469,-0.3745,-0.6355,False,False,-9.48,-2.03,46.16,-10.64,-2.28,12.6,OHLC,↓,LH/LL,DT,False,265,2,universe
LULU,2026-09-21,101.3,4.81,False,108.76,-0.533,-0.57,True,67.4,0.82,66.6,False,4.75,3.38,2.6,2.6,D 趨勢弱,True,8:30,255.0,跌,92.0,11,False,6.0,-0.6614,-1.1556,-2.5032,True,False,-7.37,-1.55,100.3,0.99,0.21,812.5,OHLC,—,LH/LL,自然反彈,True,265,2,universe
PGEN,2026-09-21,7.7,0.34,True,7.1,0.013,0.57,True,67.3,0.08,67.3,False,4.45,3.69,75.2,-5.4,B 上升結構,False,11:13,336.5,升,37.0,3,False,6.0,0.0521,0.0461,,False,False,7.8,1.75,,,,32.7,OHLC,—,LH/LL,自然回檔,False,265,2,universe
TRUP,2026-09-21,25.0,1.16,False,28.49,-0.005,0.01,True,66.6,0.67,65.9,False,4.64,3.65,0.0,0.0,D 趨勢弱,True,8:49,264.6,跌,115.0,17,False,6.0,-0.3225,-0.3582,-0.7611,True,False,-13.98,-3.01,26.32,-5.28,-1.14,11.3,OHLC,↓,LH/LL,DT,False,265,2,universe
FTRE,2026-09-21,20.02,1.0,True,18.51,0.047,0.38,True,66.3,0.73,65.5,False,5.02,3.34,66.8,-0.5,E 延伸,False,11:11,335.5,升,36.0,5,False,6.0,0.2844,0.2806,,False,False,7.54,1.5,17.41,13.04,2.6,27.9,OHLC,↑,HH/HL,UT,False,265,2,universe
GDDY,2026-09-21,104.77,4.39,True,97.61,0.415,0.53,False,66.3,-0.08,66.4,False,4.19,4.17,43.0,0.3,C 基底修復,True,9:33,286.7,升,9.0,1,False,6.0,0.06,-0.3183,,False,False,6.83,1.63,104.9,-0.12,-0.03,214.6,OHLC,—,LH/LL,UT,False,265,2,universe
SHOP,2026-09-21,137.92,6.14,False,141.42,-0.997,-0.15,False,66.3,-0.45,66.8,False,4.45,3.89,43.6,29.9,C 基底修復,True,8:49,264.6,跌,248.0,22,False,6.0,-1.0618,-1.9381,-3.5747,True,True,-2.54,-0.57,133.89,2.92,0.66,1173.2,OHLC,↓,LH/LL,自然反彈,False,265,2,universe
PUBM,2026-09-21,17.88,0.73,False,17.03,-0.078,0.46,True,65.9,0.82,65.1,False,4.09,4.35,70.9,-18.7,E 延伸,True,9:29,284.3,升,8.0,1,False,6.0,0.0317,-0.013,,False,False,4.75,1.16,19.19,-7.33,-1.79,11.1,OHLC,—,LH/LL,UT,False,265,2,universe
SONO,2026-09-21,16.36,0.7,True,15.53,0.02,-0.0,True,65.7,0.41,65.3,False,4.27,4.2,49.8,7.4,C 基底修復,False,10:52,326.1,升,31.0,4,False,6.0,0.0934,0.0485,,False,False,5.07,1.19,15.6,4.65,1.09,30.0,OHLC,—,LH/LL,UT,False,265,2,universe
ZS,2026-09-21,207.13,10.01,True,180.3,0.882,0.55,True,64.7,0.48,64.2,False,4.83,3.84,37.3,-1.2,E 延伸,False,11:03,331.5,升,34.0,5,False,6.0,2.6733,1.9908,,False,False,12.96,2.68,,,,755.6,OHLC,—,LH/LL,UT,False,265,2,universe
DOMO,2026-09-21,3.72,0.15,False,3.83,-0.005,-0.05,True,63.2,0.9,62.3,False,4.14,4.84,29.5,-10.0,D 趨勢弱,False,4:38,139.1,跌,27.0,3,False,6.0,-0.0145,-0.0075,-0.0371,False,True,-2.94,-0.71,3.91,-5.11,-1.23,5.1,OHLC,—,LH/LL,次級回檔,True,265,2,universe
KOD,2026-09-21,32.42,1.85,False,36.81,-0.385,-1.16,True,63.1,0.68,62.5,False,5.71,3.27,29.1,0.3,D 趨勢弱,True,8:49,264.6,跌,160.0,29,False,6.0,-0.1698,-0.2256,-0.7037,True,False,-13.53,-2.37,39.46,-21.71,-3.8,22.0,OHLC,—,LH/LL,DT,True,265,2,universe
MAZE,2026-09-21,22.39,1.37,False,26.13,-0.205,-0.69,True,63.1,0.37,62.8,False,6.1,2.89,0.0,0.0,D 趨勢弱,True,8:49,264.6,跌,115.0,16,False,6.0,-0.3611,-0.3597,-0.4162,False,False,-16.7,-2.74,30.42,-35.86,-5.88,11.8,OHLC,↓,LH/LL,DT,False,265,2,universe
ULCC,2026-09-21,6.12,0.3,False,5.99,-0.053,-1.61,True,63.0,1.14,61.8,False,4.82,4.2,50.9,-2.0,C 基底修復,False,11:29,344.5,升,41.0,6,False,6.0,0.0702,0.0446,,False,True,2.08,0.43,5.79,5.39,1.12,15.1,OHLC,↑,HH/HL,UT,False,265,2,universe
CXM,2026-09-21,5.39,0.3,False,6.75,-0.026,-0.58,True,62.9,1.65,61.2,False,5.52,3.51,5.0,0.0,D 趨勢弱,True,8:49,264.6,跌,120.0,13,False,6.0,-0.1288,-0.1493,-0.312,True,False,-25.15,-4.55,5.85,-8.53,-1.54,24.1,OHLC,—,LH/LL,DT,True,265,2,universe
IT,2026-09-21,183.32,8.69,False,187.54,-0.035,0.29,False,62.1,-0.42,62.5,False,4.74,4.46,47.4,-2.3,D 趨勢弱,True,8:49,264.6,跌,163.0,17,False,6.0,-1.2256,-1.0188,-4.509,False,True,-2.3,-0.49,197.07,-7.5,-1.58,212.3,OHLC,↓,LH/LL,DT,False,265,2,universe
PAR,2026-09-21,15.17,0.9,False,18.15,-0.065,-0.38,True,62.1,0.74,61.4,False,5.92,3.27,1.8,0.1,D 趨勢弱,True,8:49,264.6,跌,142.0,15,False,6.0,-0.4517,-0.4397,-0.4517,False,False,-19.63,-3.31,18.09,-19.25,-3.25,13.4,OHLC,↓,LH/LL,DT,False,265,2,universe
W,2026-09-21,104.95,4.73,False,101.89,-0.137,-0.31,True,62.0,0.65,61.3,False,4.51,4.72,72.2,6.8,B 上升結構,False,10:23,311.5,升,23.0,4,False,6.0,0.2332,0.0928,,False,True,2.91,0.65,104.79,0.15,0.03,236.5,OHLC,—,LH/LL,自然反彈,True,265,2,universe
FNKO,2026-09-21,5.43,0.32,False,6.03,-0.026,-0.1,True,61.2,1.0,60.2,False,5.81,3.57,48.9,6.9,D 趨勢弱,True,8:49,264.6,跌,135.0,13,False,6.0,-0.0628,-0.0831,-0.1509,True,False,-11.04,-1.9,5.48,-0.92,-0.16,6.4,OHLC,—,LH/LL,自然反彈,True,265,2,universe
GLOB,2026-09-21,35.84,1.96,False,38.44,-0.013,0.03,True,61.2,0.65,60.5,False,5.48,3.91,15.4,0.4,D 趨勢弱,True,8:49,264.6,跌,129.0,14,False,6.0,-0.4636,-0.3946,-0.5746,False,False,-7.25,-1.32,40.49,-12.97,-2.37,37.0,OHLC,↓,LH/LL,DT,False,265,2,universe
FOSL,2026-09-21,5.86,0.34,True,5.32,0.001,-0.25,True,58.8,1.17,57.6,False,5.73,4.17,80.6,7.2,B 上升結構,False,10:51,325.4,升,31.0,3,False,6.0,0.0694,0.0362,,False,False,9.29,1.62,,,,4.3,OHLC,—,LH/LL,UT,False,265,2,universe
SABR,2026-09-21,2.33,0.14,True,2.18,0.005,0.34,True,58.6,0.96,57.6,False,5.87,4.07,60.2,-3.4,E 延伸,False,11:20,340.2,升,39.0,4,False,6.0,0.0112,0.0076,,False,False,6.26,1.07,2.07,11.16,1.9,13.0,OHLC,↑,HH/HL,自然反彈,False,265,2,universe
PDEX,2026-09-21,72.52,4.23,True,66.44,0.205,0.2,True,57.5,0.96,56.5,False,5.84,4.34,69.9,-0.6,E 延伸,False,12:23,11.4,升,56.0,5,False,6.0,0.8623,0.7713,,False,False,8.39,1.44,67.98,6.26,1.07,5.6,OHLC,—,LH/LL,UT,False,265,2,universe
STTK,2026-09-21,6.11,0.37,False,6.76,-0.038,-1.22,True,57.4,0.54,56.9,False,5.98,4.21,30.5,0.5,D 趨勢弱,True,8:49,264.6,跌,145.0,16,False,6.0,-0.078,-0.108,-0.1644,True,False,-10.61,-1.77,7.66,-25.37,-4.24,7.2,OHLC,↓,LH/LL,自然反彈,False,265,2,universe
NUTX,2026-09-21,201.48,10.99,True,192.98,2.036,0.79,False,56.3,-1.01,57.3,False,5.45,5.0,68.8,0.7,B 上升結構,False,11:15,337.5,升,38.0,6,False,6.0,0.0018,0.9888,,False,True,4.22,0.77,190.66,5.37,0.98,32.1,OHLC,↑,HH/HL,自然回檔,False,265,2,universe
DUOT,2026-09-21,8.86,0.54,False,9.92,-0.003,-0.14,True,55.1,1.61,53.5,False,6.08,4.64,20.8,1.6,D 趨勢弱,True,8:49,264.6,跌,108.0,15,False,6.0,-0.0094,-0.0559,-0.1783,True,False,-11.91,-1.96,9.05,-2.14,-0.35,6.8,OHLC,—,LH/LL,自然反彈,True,265,2,universe
PL,2026-09-21,17.07,1.13,False,19.06,-0.16,-0.76,True,54.8,1.6,53.2,False,6.63,4.15,11.1,0.0,D 趨勢弱,True,9:37,288.7,升,10.0,1,False,6.0,0.0416,-0.0559,,False,False,-11.68,-1.76,16.99,0.47,0.07,194.4,OHLC,↓,LH/LL,自然反彈,False,265,2,universe
SPIR,2026-09-21,11.96,0.79,False,12.77,-0.067,-0.44,True,52.9,1.16,51.7,False,6.6,4.64,8.0,1.6,D 趨勢弱,True,9:24,282.1,升,7.0,1,False,6.0,0.022,-0.0211,,False,False,-6.75,-1.02,11.66,2.51,0.38,7.7,OHLC,—,LH/LL,次級反彈,True,265,2,universe
XFOR,2026-09-21,3.5,0.24,False,3.84,-0.047,-0.6,True,52.4,0.36,52.1,False,6.91,4.43,7.5,-1.3,D 趨勢弱,True,8:49,264.6,跌,376.0,23,False,6.0,-0.0271,-0.032,-0.0802,True,False,-9.82,-1.42,3.58,-2.43,-0.35,3.1,OHLC,↓,LH/LL,DT,False,265,2,universe
ZIP,2026-09-21,3.88,0.28,False,4.34,-0.057,-0.38,True,50.8,3.74,47.0,False,7.14,4.61,40.0,10.0,D 趨勢弱,True,8:49,264.6,跌,207.0,21,False,6.0,-0.0283,-0.0445,-0.106,True,False,-11.79,-1.65,3.95,-1.8,-0.25,3.9,OHLC,—,LH/LL,自然反彈,True,265,2,universe
BLZE,2026-09-21,13.6,0.96,False,15.94,-0.125,-1.18,True,45.5,1.91,43.6,False,7.09,6.06,44.0,0.2,D 趨勢弱,True,9:20,279.8,升,5.0,1,False,6.0,0.0346,-0.0218,,False,False,-17.17,-2.42,13.79,-1.4,-0.2,24.7,OHLC,—,LH/LL,次級反彈,True,265,2,universe
ELMT,2026-09-21,21.83,2.09,True,20.74,0.076,0.16,False,36.4,-1.65,38.0,False,9.58,6.47,42.0,-3.0,E 延伸,False,11:00,330.0,升,33.0,6,False,6.0,0.5819,0.6104,,False,True,5.0,0.52,17.66,19.1,1.99,26.4,OHLC,↑,HH/HL,自然回檔,False,104,2,universe
QTTB,2026-09-21,10.47,0.8,False,13.07,-0.149,-1.17,True,32.9,0.58,32.3,False,7.64,9.78,50.0,0.0,D 趨勢弱,True,8:49,264.6,跌,397.0,45,False,6.0,-0.1951,-0.2366,-0.5753,True,False,-24.85,-3.25,11.17,-6.69,-0.87,6.4,OHLC,—,LH/LL,DT,True,265,2,universe
CATY,2026-09-21,61.48,1.06,False,62.42,-0.05,-0.36,False,94.1,-0.13,94.2,True,1.73,1.03,53.2,-7.9,C 基底修復,False,3:32,106.2,跌,9.0,1,False,7.0,-0.0025,0.0389,-0.3554,False,True,-1.52,-0.88,61.36,0.2,0.11,29.5,OHLC,—,HH/HL,自然回檔,True,265,2,universe
PEBO,2026-09-21,39.04,0.64,False,39.93,-0.066,-0.74,False,94.1,-0.09,94.2,True,1.64,1.11,50.5,-2.3,C 基底修復,False,4:30,135.0,跌,25.0,3,False,7.0,-0.0509,-0.0208,-0.3162,False,True,-2.27,-1.38,40.24,-3.07,-1.87,10.8,OHLC,—,LH/LL,自然回檔,False,265,2,universe
STBA,2026-09-21,49.56,0.86,False,50.16,-0.047,-0.54,False,94.0,-0.06,94.0,True,1.74,1.05,51.7,-2.7,C 基底修復,False,3:36,108.0,跌,10.0,1,False,7.0,-0.0136,0.015,-0.3304,False,True,-1.22,-0.7,49.2,0.73,0.42,13.8,OHLC,—,HH/HL,次級回檔,True,265,2,universe
CVBF,2026-09-21,22.43,0.4,False,22.6,-0.001,-0.04,False,93.8,-0.1,93.9,True,1.8,1.05,52.6,-10.8,C 基底修復,False,11:53,356.4,升,48.0,6,False,7.0,0.0287,0.0529,,False,True,-0.76,-0.42,22.08,1.56,0.87,27.7,OHLC,↑,HH/HL,自然回檔,False,265,2,universe
FNB,2026-09-21,17.91,0.33,False,18.49,-0.034,-0.77,True,93.1,0.27,92.8,True,1.82,1.19,50.0,-0.2,C 基底修復,False,4:34,136.8,跌,26.0,4,False,7.0,-0.0266,-0.0252,-0.1115,False,False,-3.24,-1.78,18.0,-0.5,-0.28,65.6,OHLC,—,HH/HL,DT,False,265,2,universe
HOPE,2026-09-21,13.82,0.26,False,14.02,-0.002,-0.21,False,92.9,-0.08,93.0,True,1.88,1.19,58.9,-12.4,C 基底修復,False,5:00,150.0,跌,33.0,4,False,7.0,-0.014,-0.0046,-0.0773,False,True,-1.48,-0.79,14.11,-2.1,-1.12,11.5,OHLC,—,LH/LL,自然回檔,True,265,2,universe
FFBC,2026-09-21,31.74,0.57,False,32.79,-0.049,-0.78,True,92.8,0.01,92.8,True,1.8,1.3,44.8,-2.5,C 基底修復,False,4:05,122.7,跌,18.0,3,False,7.0,-0.0407,-0.0171,-0.2784,False,False,-3.31,-1.84,32.98,-3.91,-2.18,25.0,OHLC,↓,LH/LL,DT,False,265,2,universe
CIVB,2026-09-21,27.08,0.53,False,27.59,-0.026,-0.52,False,92.7,-0.03,92.8,True,1.96,1.15,51.3,-1.7,C 基底修復,False,11:58,359.1,升,49.0,7,False,7.0,0.0044,0.0159,,False,True,-1.87,-0.96,27.72,-2.36,-1.21,4.3,OHLC,—,LH/LL,DT,True,265,2,universe
MCHB,2026-09-21,15.27,0.32,False,15.99,-0.038,-1.01,False,91.3,-0.04,91.3,True,2.08,1.38,34.3,-0.1,C 基底修復,True,8:49,264.6,跌,331.0,24,False,7.0,-0.0213,-0.0224,-0.1506,True,False,-4.71,-2.27,15.84,-3.73,-1.8,7.5,OHLC,—,LH/LL,DT,True,265,2,universe
CSX,2026-09-21,45.99,1.01,False,49.47,-0.196,-0.71,False,90.8,-0.63,91.4,True,2.2,1.35,39.9,-14.9,C 基底修復,True,8:49,264.6,跌,121.0,15,False,7.0,-0.3238,-0.2457,-0.3262,False,False,-7.56,-3.43,49.65,-7.96,-3.61,475.2,OHLC,↓,LH/LL,DT,False,265,2,universe
UNP,2026-09-21,269.63,5.92,False,293.52,-1.747,-0.65,False,90.8,-1.08,91.9,True,2.2,1.37,41.0,-7.3,D 趨勢弱,True,8:45,262.3,跌,96.0,15,False,7.0,-2.154,-1.6871,-2.7173,False,False,-8.86,-4.03,314.15,-16.51,-7.52,660.0,OHLC,↓,LH/LL,DT,False,265,2,universe
HIW,2026-09-21,31.08,0.67,False,30.97,-0.019,-0.51,False,90.5,-0.06,90.5,True,2.17,1.47,53.0,4.4,C 基底修復,False,11:45,352.3,升,46.0,4,False,7.0,0.0387,0.0025,,False,True,0.35,0.16,31.09,-0.03,-0.01,34.1,OHLC,—,LH/LL,自然反彈,True,265,2,universe
AMP,2026-09-21,535.72,12.51,False,554.66,-0.613,-0.23,False,89.6,-0.54,90.2,True,2.33,1.48,44.6,-6.2,C 基底修復,True,8:49,264.6,跌,295.0,31,False,7.0,-3.073,-2.5453,-3.7965,False,False,-3.54,-1.51,542.64,-1.29,-0.55,277.7,OHLC,—,HH/HL,DT,False,265,2,universe
BBT,2026-09-21,28.75,0.74,False,31.3,-0.221,-0.49,False,88.4,-3.6,92.0,True,2.57,1.51,20.1,-26.9,C 基底修復,True,8:49,264.6,跌,181.0,22,False,7.0,-0.2138,-0.0764,-0.2138,False,False,-8.88,-3.45,29.22,-1.63,-0.64,26.6,OHLC,↓,LH/LL,DT,False,265,2,universe
INN,2026-09-21,5.66,0.18,False,5.91,-0.025,-0.98,True,83.2,0.79,82.4,True,3.23,1.89,37.1,-6.8,C 基底修復,False,11:37,348.3,升,43.0,5,False,7.0,0.0157,0.0126,,False,False,-4.33,-1.34,5.74,-1.41,-0.44,4.5,OHLC,—,LH/LL,自然回檔,True,265,2,universe
SNDR,2026-09-21,32.33,1.03,False,34.34,-0.123,-0.66,True,83.0,0.22,82.8,True,3.19,1.97,53.3,-2.0,C 基底修復,False,4:38,138.8,跌,27.0,4,False,7.0,-0.1559,-0.1369,-0.4027,False,False,-6.23,-1.95,34.75,-7.49,-2.35,21.5,OHLC,↓,LH/LL,DT,False,265,2,universe
TME,2026-09-21,8.17,0.25,False,8.55,-0.035,-0.81,False,80.7,-1.0,81.7,True,3.06,2.56,17.3,6.3,D 趨勢弱,True,9:18,279.0,升,5.0,1,False,7.0,0.0045,-0.0284,,False,False,-4.67,-1.53,8.11,0.73,0.24,72.7,OHLC,—,LH/LL,自然反彈,True,265,2,universe
SAM,2026-09-21,171.4,6.18,False,175.35,-0.501,-0.57,False,78.4,-0.06,78.5,True,3.6,2.43,4.8,-1.9,D 趨勢弱,False,10:16,307.9,升,21.0,2,False,7.0,0.155,0.0127,,False,True,-2.31,-0.64,176.8,-3.15,-0.87,43.6,OHLC,↓,LH/LL,自然反彈,False,265,2,universe
AMTM,2026-09-21,19.9,0.68,False,20.89,-0.107,-0.69,True,77.0,0.84,76.2,True,3.44,2.87,21.6,3.4,D 趨勢弱,False,11:13,336.3,升,37.0,5,False,7.0,0.0721,0.0611,,False,False,-4.97,-1.44,20.19,-1.46,-0.42,36.1,OHLC,—,LH/LL,自然回檔,True,265,2,universe
SBGI,2026-09-21,13.21,0.5,False,13.99,-0.062,-0.45,True,76.7,0.75,76.0,True,3.82,2.54,8.7,2.8,D 趨勢弱,False,4:58,149.2,跌,33.0,3,False,7.0,-0.0829,-0.065,-0.1081,False,False,-5.94,-1.55,14.52,-9.92,-2.59,5.7,OHLC,—,LH/LL,自然回檔,False,265,2,universe
NXDR,2026-09-21,2.64,0.1,True,2.4,0.001,0.06,False,76.3,-0.29,76.6,True,3.75,2.69,58.4,-5.2,B 上升結構,False,1:00,30.0,升,67.0,6,False,7.0,0.0397,0.0302,,False,False,9.13,2.44,,,,6.1,OHLC,—,LH/LL,UT,False,265,2,universe
TPR,2026-09-21,113.07,3.9,False,127.15,-1.129,-1.27,True,76.2,0.04,76.2,True,3.45,3.01,2.1,-0.7,D 趨勢弱,False,10:47,323.7,升,30.0,4,False,7.0,0.1945,0.2568,,False,False,-12.45,-3.61,118.49,-4.79,-1.39,397.8,OHLC,↓,LH/LL,DT,False,265,2,universe
RVLV,2026-09-21,21.15,0.89,False,22.2,-0.118,-1.3,True,74.7,0.85,73.9,False,4.19,2.54,2.6,1.0,D 趨勢弱,True,9:20,280.1,升,6.0,1,False,7.0,0.0547,-0.0028,,False,False,-4.95,-1.18,20.43,3.4,0.81,18.5,OHLC,—,LH/LL,UT,False,265,2,universe
CRGY,2026-09-21,13.26,0.53,True,13.69,0.082,1.21,False,74.4,-1.86,76.3,False,3.97,2.81,53.8,-5.5,B 上升結構,False,5:11,155.5,跌,36.0,4,False,7.0,-0.1764,-0.1045,-0.1764,False,True,-3.27,-0.82,15.47,-16.67,-4.19,85.2,OHLC,↓,LH/LL,DT,False,265,2,universe
UFPT,2026-09-21,281.69,8.8,False,299.51,-1.395,-0.91,True,74.1,0.25,73.8,False,3.12,3.74,56.5,6.9,C 基底修復,True,8:49,264.6,跌,251.0,22,False,7.0,-1.7268,-2.4798,-5.097,True,False,-6.33,-2.02,284.84,-1.12,-0.36,33.2,OHLC,—,LH/LL,自然反彈,True,265,2,universe
EXPE,2026-09-21,281.02,11.54,False,303.42,-0.979,-0.49,True,74.0,1.37,72.6,False,4.11,2.77,33.0,2.2,D 趨勢弱,True,8:49,264.6,跌,207.0,22,False,7.0,-2.4988,-2.9091,-7.9078,True,False,-7.97,-1.94,293.08,-4.29,-1.05,517.2,OHLC,↓,LH/LL,DT,False,265,2,universe
FTNT,2026-09-21,175.23,7.19,True,162.6,0.285,0.23,True,73.6,0.43,73.2,False,4.1,2.85,65.0,-2.9,E 延伸,False,12:39,19.4,升,61.0,6,False,7.0,1.4746,1.3155,,False,False,7.21,1.76,166.0,5.27,1.28,816.4,OHLC,↑,HH/HL,UT,False,265,2,universe
NOG,2026-09-21,23.78,0.92,True,25.59,0.164,0.92,False,72.5,-2.14,74.6,False,3.88,3.29,29.7,-20.2,D 趨勢弱,True,8:49,264.6,跌,136.0,15,False,7.0,-0.4027,-0.3057,-0.4027,False,False,-7.62,-1.97,,,,48.9,OHLC,—,HH/HL,DT,False,265,2,universe
ADSK,2026-09-21,218.85,9.23,False,237.82,-0.784,-0.43,True,72.4,0.71,71.7,False,4.22,2.95,2.2,0.8,D 趨勢弱,True,8:49,264.6,跌,132.0,15,False,7.0,-1.7054,-2.1677,-6.728,True,False,-8.67,-2.05,232.64,-6.3,-1.49,536.6,OHLC,↓,LH/LL,DT,False,265,2,universe
AVNW,2026-09-21,20.3,0.94,False,20.54,-0.016,-0.12,True,71.4,0.82,70.5,False,4.61,2.76,18.6,-1.2,C 基底修復,False,11:04,331.8,升,34.0,5,False,7.0,0.0985,0.1,,False,True,-1.21,-0.26,19.78,2.56,0.56,4.1,OHLC,—,LH/LL,UT,True,265,2,universe
YELP,2026-09-21,19.41,0.89,False,22.18,-0.379,-1.35,True,70.8,0.71,70.1,False,4.6,2.87,0.0,0.0,D 趨勢弱,True,8:49,264.6,跌,216.0,34,False,7.0,-0.131,-0.1032,-0.3891,False,False,-14.26,-3.1,21.83,-12.47,-2.71,23.8,OHLC,↓,LH/LL,DT,False,265,2,universe
REAL,2026-09-21,9.65,0.48,False,10.66,-0.313,-1.55,True,69.7,1.34,68.3,False,4.97,2.73,12.3,1.9,D 趨勢弱,True,8:49,264.6,跌,247.0,29,False,7.0,-0.0032,-0.0313,-0.1667,True,False,-10.39,-2.09,9.83,-1.81,-0.36,21.7,OHLC,—,LH/LL,自然反彈,True,265,2,universe
PTRN,2026-09-21,20.24,0.98,False,20.59,-0.08,-0.91,True,66.3,1.13,65.2,False,4.86,3.48,44.0,4.6,D 趨勢弱,False,10:52,325.8,升,31.0,7,False,7.0,0.0896,0.0332,,False,True,-1.74,-0.36,20.05,0.94,0.19,31.2,OHLC,—,LH/LL,自然反彈,True,252,2,universe
DKNG,2026-09-21,21.97,1.11,True,24.36,0.009,0.23,True,66.2,1.37,64.8,False,5.06,3.32,2.8,-8.2,D 趨勢弱,False,4:16,128.2,跌,21.0,3,False,7.0,-0.2614,-0.2163,-0.3591,False,False,-10.89,-2.15,24.21,-10.2,-2.02,229.5,OHLC,↓,LH/LL,DT,False,265,2,universe
QNST,2026-09-21,17.26,0.76,False,19.47,-0.23,-0.27,True,61.5,0.21,61.3,False,4.42,4.9,32.0,-0.7,D 趨勢弱,True,8:49,264.6,跌,227.0,19,False,7.0,-0.2393,-0.2284,-0.3962,False,False,-12.81,-2.9,18.48,-7.07,-1.6,16.5,OHLC,↓,LH/LL,DT,False,265,2,universe
TWST,2026-09-21,165.83,10.09,True,138.37,1.902,1.09,True,51.9,0.04,51.9,False,6.09,5.38,64.6,-0.4,E 延伸,False,10:01,300.7,升,17.0,3,False,7.0,2.5456,1.8483,,False,False,16.56,2.72,140.8,15.09,2.48,290.0,OHLC,↑,HH/HL,UT,False,265,2,universe
FOUR,2026-09-21,39.37,2.73,True,44.23,0.055,-0.35,True,50.6,1.65,49.0,False,6.94,4.85,0.0,0.0,D 趨勢弱,False,5:38,168.9,跌,44.0,4,False,7.0,-0.3456,-0.2793,-1.5872,False,False,-12.35,-1.78,43.16,-9.63,-1.39,82.4,OHLC,↓,LH/LL,DT,False,265,2,universe
KRMN,2026-09-21,35.21,2.78,False,43.81,-0.986,-1.69,True,48.7,0.08,48.6,False,7.9,4.39,0.0,0.0,D 趨勢弱,True,8:49,264.6,跌,171.0,22,False,7.0,-0.1201,-0.2496,-2.0422,True,False,-24.42,-3.09,37.47,-6.42,-0.81,130.4,OHLC,↓,LH/LL,DT,False,265,2,universe
EAF,2026-09-21,9.36,0.81,True,7.27,0.122,0.45,True,40.3,0.55,39.7,False,8.66,6.05,25.0,3.3,E 延伸,False,11:03,331.4,升,34.0,5,False,7.0,0.2875,0.2015,,False,False,22.29,2.57,,,,5.4,OHLC,—,LH/LL,UT,False,265,2,universe
LCID,2026-09-21,4.3,0.37,False,4.95,-0.071,-1.57,True,37.2,1.59,35.6,False,8.5,7.25,10.0,0.0,D 趨勢弱,True,9:46,293.0,升,13.0,2,False,7.0,0.0322,0.0086,,False,False,-15.05,-1.77,4.28,0.47,0.05,55.1,OHLC,—,LH/LL,自然反彈,True,265,2,universe
RARE,2026-09-21,14.65,1.42,False,17.77,-0.334,-1.56,True,32.1,1.03,31.0,False,9.66,8.09,0.0,0.0,D 趨勢弱,True,8:24,252.0,跌,90.0,12,False,7.0,-0.1769,-0.3684,-1.28,True,False,-21.32,-2.21,15.3,-4.44,-0.46,91.1,OHLC,—,LH/LL,自然反彈,True,265,2,universe
L,2026-09-21,106.75,1.72,False,109.85,-0.197,-0.87,False,95.1,-0.27,95.3,True,1.62,0.89,26.3,-1.3,D 趨勢弱,False,3:26,103.0,跌,7.0,1,False,8.0,-0.0303,0.0537,-0.6843,False,True,-2.91,-1.8,108.08,-1.25,-0.77,97.5,OHLC,↓,LH/LL,DT,False,265,2,universe
SYY,2026-09-21,78.43,1.71,False,81.59,-0.188,-0.87,True,91.3,0.22,91.1,True,2.18,1.27,21.0,-1.8,D 趨勢弱,False,4:46,142.9,跌,29.0,5,False,8.0,-0.3325,-0.2978,-0.4065,False,False,-4.03,-1.85,83.54,-6.52,-2.99,297.5,OHLC,↓,LH/LL,DT,False,265,2,universe
TRV,2026-09-21,371.13,6.73,False,370.73,-0.287,-0.08,False,90.9,-0.01,90.9,True,1.81,1.73,72.6,0.6,A 待突破,False,11:14,336.8,升,37.0,6,False,8.0,0.1636,0.6369,,False,True,0.11,0.06,373.82,-0.72,-0.4,548.6,OHLC,↑,HH/HL,自然回檔,False,265,2,universe
MCRI,2026-09-21,119.86,2.81,False,122.12,-0.073,-0.11,False,89.8,-0.12,89.9,True,2.34,1.45,45.6,-3.0,C 基底修復,False,10:37,318.5,升,27.0,6,False,8.0,0.073,0.2262,,False,True,-1.88,-0.8,123.43,-2.98,-1.27,23.0,OHLC,↓,LH/LL,自然回檔,False,265,2,universe
MATX,2026-09-21,234.72,6.13,True,224.6,0.808,0.99,False,86.2,-0.29,86.5,True,2.61,1.92,70.7,-5.6,E 延伸,False,12:39,19.7,升,61.0,8,False,8.0,0.3719,0.5389,,False,False,4.31,1.65,220.03,6.26,2.4,69.3,OHLC,↑,HH/HL,自然回檔,False,265,2,universe
EOG,2026-09-21,141.38,3.87,True,146.28,0.263,0.39,False,84.4,-0.32,84.7,True,2.73,2.16,40.4,-5.2,C 基底修復,False,5:07,153.5,跌,35.0,4,False,8.0,-0.7503,-0.4605,-1.1968,False,False,-3.46,-1.27,154.16,-9.04,-3.31,473.0,OHLC,↓,LH/LL,DT,False,265,2,universe
OXY,2026-09-21,57.25,1.6,True,59.93,0.042,0.58,False,83.9,-0.71,84.7,True,2.8,2.19,37.0,-16.7,C 基底修復,False,5:28,163.8,跌,41.0,4,False,8.0,-0.518,-0.3544,-0.518,False,False,-4.68,-1.67,58.41,-2.03,-0.72,457.6,OHLC,—,HH/HL,DT,False,265,2,universe
CHRD,2026-09-21,139.43,4.97,True,145.37,0.37,0.58,False,77.9,-1.09,79.0,True,3.57,2.58,41.5,-17.3,C 基底修復,False,5:19,159.4,跌,39.0,4,False,8.0,-1.4356,-0.9033,-1.4356,False,False,-4.26,-1.19,,,,98.9,OHLC,—,HH/HL,DT,False,265,2,universe
TALO,2026-09-21,16.42,0.67,True,16.99,0.058,1.05,False,72.9,-1.17,74.1,False,4.1,2.98,54.7,-11.1,B 上升結構,False,5:08,154.0,跌,36.0,4,False,8.0,-0.167,-0.1047,-0.167,False,True,-3.46,-0.84,18.73,-14.04,-3.42,33.1,OHLC,↓,LH/LL,DT,False,265,2,universe
INSP,2026-09-21,75.72,3.36,True,66.58,0.698,1.2,True,66.7,0.15,66.5,False,4.44,3.84,33.2,0.1,E 延伸,False,12:01,0.7,升,50.0,8,False,8.0,0.7723,0.8642,,False,False,12.07,2.72,72.74,3.94,0.89,57.9,OHLC,↑,HH/HL,UT,False,265,2,universe
ACHC,2026-09-21,28.37,1.37,False,28.91,-0.073,-0.45,True,64.4,1.01,63.4,False,4.84,3.88,50.4,-1.4,C 基底修復,False,10:21,310.4,升,22.0,4,False,8.0,0.1087,0.0996,,False,True,-1.91,-0.39,26.97,4.93,1.02,40.5,OHLC,—,HH/HL,自然反彈,True,265,2,universe
S,2026-09-21,23.8,1.21,True,21.68,0.059,0.37,True,63.0,0.81,62.2,False,5.07,3.95,59.0,-4.4,E 延伸,False,11:16,337.9,升,38.0,5,False,8.0,0.2938,0.2464,,False,False,8.9,1.76,22.71,4.58,0.9,229.3,OHLC,—,LH/LL,UT,False,265,2,universe
DDOG,2026-09-21,245.05,12.42,False,233.61,-0.207,-0.45,True,60.4,0.28,60.2,False,5.07,4.48,73.6,10.1,B 上升結構,False,12:00,0.0,升,50.0,6,False,8.0,3.0791,2.2407,,False,True,4.67,0.92,214.76,12.36,2.44,900.9,OHLC,—,LH/LL,UT,False,265,2,universe
MDLZ,2026-09-21,60.17,1.25,False,62.3,-0.085,-0.14,False,90.2,-0.0,90.2,True,2.07,1.63,35.8,-1.8,C 基底修復,True,8:49,264.6,跌,167.0,18,False,9.0,-0.2141,-0.1299,-0.3062,False,False,-3.55,-1.71,63.03,-4.75,-2.3,481.6,OHLC,↓,LH/LL,DT,False,265,2,universe
XYL,2026-09-21,107.24,2.6,False,110.73,-0.346,-0.76,True,88.6,0.85,87.8,True,2.43,1.61,9.5,2.0,D 趨勢弱,False,10:48,324.2,升,30.0,4,False,9.0,0.2712,0.2313,,False,False,-3.25,-1.34,108.81,-1.46,-0.6,277.2,OHLC,—,LH/LL,自然回檔,True,265,2,universe
TSN,2026-09-21,52.02,1.34,False,54.54,-0.205,-0.87,False,87.3,-0.12,87.4,True,2.58,1.73,4.5,-1.7,D 趨勢弱,True,9:51,295.5,升,14.0,2,False,9.0,0.0159,0.0034,,False,False,-4.84,-1.88,53.16,-2.19,-0.85,195.2,OHLC,—,LH/LL,自然回檔,True,265,2,universe
NET,2026-09-21,351.67,18.4,True,306.02,1.214,0.33,True,63.4,0.15,63.2,False,5.23,3.71,60.7,-10.9,E 延伸,False,1:08,33.9,升,69.0,8,False,9.0,4.2916,3.1572,,False,False,12.98,2.48,323.6,7.98,1.53,1115.1,OHLC,↑,HH/HL,UT,False,265,2,universe
TXG,2026-09-21,79.1,4.16,True,64.25,1.261,1.21,True,60.2,1.11,59.1,False,5.26,4.34,65.0,-9.7,E 延伸,False,11:06,332.9,升,35.0,6,False,9.0,0.8302,0.7172,,False,False,18.77,3.57,72.68,8.12,1.54,216.4,OHLC,↑,HH/HL,UT,False,265,2,universe
HPE,2026-09-21,61.75,3.62,True,55.49,0.254,0.32,True,57.7,0.65,57.0,False,5.87,4.28,64.7,0.3,E 延伸,False,11:48,353.8,升,47.0,9,False,9.0,0.5258,0.4373,,False,False,10.13,1.73,55.41,10.27,1.75,1672.2,OHLC,↑,HH/HL,UT,False,265,2,universe
NTSK,2026-09-21,18.4,1.03,True,15.58,0.139,0.78,True,57.6,1.36,56.2,False,5.59,4.57,40.0,0.0,E 延伸,False,11:25,342.7,升,40.0,6,False,9.0,0.3178,0.2772,,False,False,15.35,2.75,14.99,18.53,3.32,133.6,OHLC,↑,HH/HL,UT,False,253,2,universe
PPHC,2026-09-21,11.78,0.9,True,11.99,0.013,1.07,False,49.7,-6.62,56.3,False,7.61,4.42,33.4,-5.9,E 延伸,False,2:33,76.4,升,92.0,7,False,9.0,0.0803,0.1424,,False,True,-1.75,-0.23,10.48,11.04,1.45,3.4,OHLC,↑,HH/HL,自然回檔,False,163,2,universe
ENOV,2026-09-21,18.04,1.3,False,20.77,-0.376,-1.76,True,47.7,1.01,46.7,False,7.2,5.35,5.0,0.0,D 趨勢弱,True,8:49,264.6,跌,256.0,32,False,9.0,-0.0975,-0.1702,-0.7904,True,False,-15.12,-2.1,18.66,-3.44,-0.48,35.7,OHLC,—,LH/LL,DT,True,265,2,universe
REYN,2026-09-21,22.09,0.54,False,23.52,-0.109,-1.13,True,89.2,0.42,88.8,True,2.42,1.49,11.6,1.6,D 趨勢弱,False,10:29,314.5,升,25.0,3,False,10.0,0.086,0.0712,,False,False,-6.46,-2.67,22.69,-2.72,-1.12,36.6,OHLC,↓,LH/LL,DT,False,265,2,universe
GBX,2026-09-21,41.96,1.04,False,44.03,-0.166,-1.1,True,86.3,0.38,85.9,True,2.48,2.03,6.6,-0.3,D 趨勢弱,False,11:45,352.3,升,46.0,4,False,10.0,0.0166,0.0153,,False,False,-4.94,-1.99,,,,16.0,OHLC,—,HH/HL,DT,True,265,2,universe
EVLV,2026-09-21,4.93,0.19,False,5.31,-0.028,-0.75,True,75.7,0.06,75.6,True,3.8,2.76,6.3,2.5,D 趨勢弱,False,10:59,329.4,升,33.0,6,False,10.0,0.0129,0.0175,,False,False,-7.74,-2.04,5.07,-2.84,-0.75,10.3,OHLC,—,LH/LL,DT,True,265,2,universe
JILL,2026-09-21,23.95,1.06,True,22.02,0.144,0.81,True,73.3,0.09,73.2,False,4.42,2.59,57.3,-0.4,E 延伸,False,1:30,45.0,升,75.0,9,False,10.0,0.2308,0.2884,,False,False,8.07,1.83,24.29,-1.42,-0.32,4.7,OHLC,—,LH/LL,UT,False,265,2,universe
VAC,2026-09-21,103.03,4.11,False,108.38,-1.375,-0.69,True,68.6,0.6,68.0,False,3.99,3.91,56.3,15.4,C 基底修復,True,8:49,264.6,跌,165.0,22,False,10.0,-0.1562,-0.2703,-2.5939,True,False,-5.19,-1.3,103.59,-0.54,-0.14,51.5,OHLC,—,LH/LL,自然反彈,True,265,2,universe
EWTX,2026-09-21,44.64,2.09,True,44.18,0.053,0.21,False,65.4,-0.19,65.6,False,4.67,3.86,72.3,-1.6,B 上升結構,False,12:00,0.0,升,50.0,4,False,10.0,0.1519,0.2275,,False,True,1.03,0.22,43.63,2.26,0.48,55.9,OHLC,↑,HH/HL,自然回檔,False,265,2,universe
EIX,2026-09-21,54.95,2.63,False,60.58,-0.264,-0.78,True,63.4,0.92,62.4,False,4.79,4.15,5.0,0.0,D 趨勢弱,True,8:49,264.6,跌,142.0,15,False,10.0,-0.0203,-0.1468,-1.8841,True,False,-10.24,-2.14,58.8,-7.01,-1.46,400.9,OHLC,—,LH/LL,自然回檔,True,265,2,universe
GOLD,2026-09-21,43.8,2.42,True,45.12,0.012,0.2,False,63.3,-1.02,64.4,False,5.52,3.42,32.8,-14.9,D 趨勢弱,False,4:09,124.5,跌,19.0,2,False,10.0,-0.3072,-0.1107,-0.4638,False,True,-3.0,-0.54,45.88,-4.75,-0.86,33.8,OHLC,—,HH/HL,DT,False,265,2,universe
ACVA,2026-09-21,10.48,0.42,True,9.28,0.06,0.9,True,60.3,1.31,59.0,False,4.01,5.57,55.1,-0.1,E 延伸,False,10:42,321.2,升,28.0,7,False,10.0,0.3309,0.3734,,False,False,11.48,2.86,7.49,28.53,7.12,134.9,OHLC,↑,HH/HL,UT,False,265,2,universe
MRVL,2026-09-21,257.38,14.68,True,228.74,1.201,0.31,True,53.1,0.82,52.3,False,5.7,5.48,76.3,2.9,C 基底修復,False,10:47,323.3,升,30.0,4,False,10.0,2.8736,1.6905,,False,False,11.13,1.95,218.82,14.98,2.63,5668.7,OHLC,↑,HH/HL,UT,False,265,2,universe
AGL,2026-09-21,88.03,6.17,False,91.97,-0.408,-0.36,True,47.5,0.12,47.3,False,7.01,5.59,59.9,-0.3,D 趨勢弱,False,12:49,24.5,升,64.0,10,False,10.0,0.1593,0.2766,,False,True,-4.48,-0.64,96.75,-9.91,-1.41,17.7,OHLC,—,LH/LL,次級回檔,True,265,2,universe
COHR,2026-09-21,321.52,22.52,False,305.67,-2.971,-0.25,True,44.4,0.9,43.5,False,7.0,6.45,49.7,2.1,C 基底修復,False,2:49,84.6,升,127.0,10,False,10.0,4.7926,3.4913,,False,True,4.93,0.7,266.5,17.11,2.44,1994.1,OHLC,↑,HH/HL,UT,False,265,2,universe
LPTH,2026-09-21,10.2,0.91,False,11.44,-0.063,-0.4,True,36.2,1.63,34.5,False,8.88,7.24,11.1,1.3,D 趨勢弱,True,9:52,296.2,升,15.0,1,False,10.0,0.0398,-0.0229,,False,False,-12.13,-1.37,10.11,0.88,0.1,38.0,OHLC,—,LH/LL,自然反彈,True,265,2,universe
FCEL,2026-09-21,17.96,1.7,False,18.35,-0.072,-0.35,True,29.6,0.74,28.9,False,9.45,9.43,62.8,8.6,D 趨勢弱,False,10:57,328.4,升,32.0,3,False,10.0,0.3589,0.2814,,False,True,-2.19,-0.23,17.76,1.11,0.12,125.5,OHLC,—,LH/LL,UT,True,265,2,universe
ALMS,2026-09-21,7.9,1.35,False,11.54,-0.219,-1.18,True,16.0,1.07,15.0,False,17.13,11.53,13.4,-0.4,D 趨勢弱,True,8:49,264.6,跌,168.0,47,False,10.0,-0.1286,-0.277,-1.5114,True,False,-46.06,-2.69,11.36,-43.8,-2.56,37.8,OHLC,↓,LH/LL,DT,False,265,2,universe
DBGI,2026-09-21,4.51,1.74,False,5.98,-0.041,-0.61,True,5.6,0.31,5.3,False,38.61,14.49,0.0,0.0,D 趨勢弱,False,10:47,323.7,升,30.0,8,False,10.0,0.4951,0.4796,,False,True,-32.54,-0.84,3.77,16.41,0.42,8.7,OHLC,—,LH/LL,次級反彈,True,265,2,universe
EVRG,2026-09-21,79.26,1.23,False,81.69,-0.115,-0.42,True,94.9,0.08,94.9,True,1.55,0.98,25.5,-0.4,D 趨勢弱,False,4:13,126.5,跌,20.0,2,False,11.0,-0.0977,-0.0434,-0.4614,False,False,-3.07,-1.97,82.63,-4.25,-2.73,175.9,OHLC,↓,LH/LL,DT,False,265,2,universe
EBF,2026-09-21,21.49,0.39,False,21.64,-0.025,-0.39,False,93.7,-0.09,93.8,True,1.8,1.06,52.0,7.2,C 基底修復,False,11:09,334.5,升,36.0,3,False,11.0,0.0225,0.0087,,False,True,-0.71,-0.39,21.49,0.0,0.0,3.3,OHLC,—,LH/LL,自然回檔,True,265,2,universe
TXT,2026-09-21,79.41,1.79,False,82.42,-0.235,-0.71,True,89.0,0.55,88.4,True,2.26,1.7,11.4,1.6,D 趨勢弱,False,1:18,39.2,升,72.0,7,False,11.0,0.2716,0.3162,,False,False,-3.79,-1.68,81.24,-2.3,-1.02,142.7,OHLC,↓,LH/LL,自然反彈,False,265,2,universe
VMI,2026-09-21,469.15,12.39,False,480.54,-0.818,-0.32,False,86.7,-0.17,86.9,True,2.64,1.79,37.0,-16.5,C 基底修復,False,2:02,60.9,升,84.0,11,False,11.0,0.5901,0.9352,,False,True,-2.43,-0.92,468.22,0.2,0.08,83.3,OHLC,—,HH/HL,DT,True,265,2,universe
ADI,2026-09-21,383.0,11.57,False,371.01,-0.162,-0.09,True,82.4,0.09,82.3,True,3.02,2.26,58.3,-1.1,C 基底修復,False,11:53,356.5,升,48.0,7,False,11.0,2.3293,1.3683,,False,False,3.13,1.04,361.02,5.74,1.9,1360.9,OHLC,—,HH/HL,自然反彈,False,265,2,universe
CW,2026-09-21,568.02,17.88,False,613.13,-3.832,-1.38,True,81.5,0.68,80.8,True,3.15,2.3,3.7,2.3,D 趨勢弱,False,12:07,3.5,升,52.0,5,False,11.0,4.9442,4.3254,,False,False,-7.94,-2.52,579.27,-1.98,-0.63,243.8,OHLC,—,LH/LL,自然反彈,True,265,2,universe
FND,2026-09-21,47.25,2.0,False,51.61,-0.511,-1.41,True,73.1,0.81,72.2,False,4.24,2.81,1.4,1.4,D 趨勢弱,True,9:23,281.5,升,6.0,1,False,11.0,0.0287,-0.0677,,False,False,-9.22,-2.17,48.13,-1.86,-0.44,118.3,OHLC,—,LH/LL,自然反彈,True,265,2,universe
DCO,2026-09-21,168.09,7.29,False,179.08,-1.188,-0.87,True,72.2,0.97,71.2,False,4.34,2.87,43.0,5.7,D 趨勢弱,True,8:49,264.6,跌,298.0,22,False,11.0,-0.0697,-0.3247,-4.1099,True,False,-6.54,-1.51,164.08,2.39,0.55,40.4,OHLC,—,HH/HL,DT,False,265,2,universe
MYRG,2026-09-21,288.45,13.01,False,300.7,-1.396,-0.77,True,70.6,0.84,69.8,False,4.51,3.01,33.6,6.7,D 趨勢弱,False,2:49,84.6,升,98.0,11,False,11.0,2.7412,1.808,,False,True,-4.25,-0.94,291.26,-0.97,-0.22,83.3,OHLC,—,LH/LL,自然反彈,True,265,2,universe
LIND,2026-09-21,28.29,1.28,False,28.83,-0.116,-1.13,True,69.9,1.53,68.4,False,4.51,3.14,49.6,5.1,C 基底修復,False,10:48,324.0,升,30.0,3,False,11.0,0.2391,0.1333,,False,True,-1.92,-0.43,28.99,-2.47,-0.55,25.2,OHLC,—,LH/LL,UT,False,265,2,universe
CVLT,2026-09-21,145.72,5.74,True,138.22,0.278,0.51,True,68.1,0.89,67.2,False,3.94,4.05,44.3,-5.4,C 基底修復,False,10:37,318.7,升,27.0,6,False,11.0,1.4673,1.5176,,False,False,5.15,1.31,140.24,3.76,0.95,76.9,OHLC,↑,HH/HL,自然回檔,False,265,2,universe
SYRE,2026-09-21,92.03,4.47,False,94.59,-0.271,-0.38,True,66.4,0.56,65.9,False,4.86,3.47,46.1,1.4,D 趨勢弱,False,10:43,321.4,升,29.0,3,False,11.0,0.3625,0.2257,,False,True,-2.78,-0.57,90.79,1.35,0.28,125.1,OHLC,—,LH/LL,自然回檔,True,265,2,universe
KTOS,2026-09-21,48.59,2.45,False,53.34,-0.434,-0.63,True,64.4,1.09,63.3,False,5.05,3.68,1.5,1.5,D 趨勢弱,True,9:31,285.7,升,9.0,1,False,11.0,0.0286,-0.1281,,False,False,-9.79,-1.94,49.45,-1.77,-0.35,164.1,OHLC,—,LH/LL,自然反彈,True,265,2,universe
PCG,2026-09-21,12.94,0.68,False,14.92,-0.119,-0.72,True,63.6,0.37,63.2,False,5.22,3.68,0.0,0.0,D 趨勢弱,True,8:16,248.2,跌,88.0,16,False,11.0,-0.0891,-0.1046,-0.5219,True,False,-15.32,-2.94,14.06,-8.66,-1.66,724.7,OHLC,↓,LH/LL,DT,False,265,2,universe
POWL,2026-09-21,187.56,9.22,False,188.39,-0.967,-0.86,True,63.2,1.46,61.7,False,4.91,4.06,35.3,2.6,D 趨勢弱,False,2:35,77.4,升,93.0,10,False,11.0,2.4762,1.8608,,False,True,-0.44,-0.09,170.7,8.99,1.83,105.1,OHLC,↑,HH/HL,UT,False,265,2,universe
INOD,2026-09-21,61.05,3.14,False,59.07,-1.109,-1.0,True,62.9,1.5,61.4,False,5.15,3.89,55.2,28.5,D 趨勢弱,False,11:14,336.8,升,37.0,6,False,11.0,0.8882,0.5666,,False,True,3.24,0.63,,,,61.6,OHLC,—,LH/LL,UT,False,265,2,universe
FLEX,2026-09-21,111.61,5.53,False,113.11,-0.419,-0.48,True,61.7,1.52,60.2,False,4.96,4.32,63.0,12.8,D 趨勢弱,False,2:49,84.6,升,103.0,10,False,11.0,0.5751,0.3799,,False,True,-1.34,-0.27,108.01,3.23,0.65,361.6,OHLC,—,HH/HL,次級反彈,True,265,2,universe
MWH,2026-09-21,26.89,1.45,False,27.85,-0.04,-0.24,True,60.0,1.09,58.9,False,5.39,4.24,18.0,4.7,D 趨勢弱,False,12:06,3.1,升,52.0,5,False,11.0,0.2611,0.1898,,False,True,-3.58,-0.66,25.24,6.14,1.14,38.0,OHLC,↑,HH/HL,UT,False,152,2,universe
CLS,2026-09-21,344.4,19.53,True,319.19,0.891,-0.06,True,54.4,1.18,53.3,False,5.67,5.2,45.2,-1.2,C 基底修復,False,2:49,84.6,升,154.0,11,False,11.0,3.7963,3.1568,,False,False,7.32,1.29,316.08,8.22,1.45,726.7,OHLC,—,HH/HL,UT,True,265,2,universe
RGTI,2026-09-21,16.53,0.98,False,16.47,-0.059,-0.2,True,54.3,1.64,52.6,False,5.92,4.99,24.3,6.2,D 趨勢弱,False,10:29,314.5,升,25.0,3,False,11.0,0.134,0.0604,,False,True,0.37,0.06,15.81,4.36,0.74,268.3,OHLC,—,LH/LL,UT,False,265,2,universe
PSIX,2026-09-21,45.91,2.55,True,40.7,0.214,0.94,True,52.5,0.48,52.0,False,5.56,5.77,15.0,0.0,E 延伸,False,1:13,36.7,升,70.0,11,False,11.0,0.65,0.5802,,False,False,11.36,2.04,40.29,12.24,2.2,17.1,OHLC,↑,HH/HL,UT,False,265,2,universe
QBTS,2026-09-21,17.7,1.1,False,18.21,-0.096,-0.6,True,50.9,1.39,49.5,False,6.19,5.53,16.7,6.8,D 趨勢弱,False,10:04,301.8,升,18.0,3,False,11.0,0.1488,0.0915,,False,True,-2.86,-0.46,17.67,0.17,0.03,286.3,OHLC,—,LH/LL,自然反彈,True,265,2,universe
DOCN,2026-09-21,146.16,10.13,True,123.91,0.995,0.17,True,47.3,0.49,46.8,False,6.93,5.71,53.4,-0.1,E 延伸,False,1:57,58.5,升,82.0,10,False,11.0,2.9079,1.9376,,False,False,15.22,2.2,130.14,10.96,1.58,407.6,OHLC,↑,HH/HL,UT,False,265,2,universe
FSLY,2026-09-21,27.42,2.1,True,24.77,0.159,0.08,True,45.3,0.53,44.8,False,7.66,5.53,45.9,-8.3,E 延伸,False,11:27,343.4,升,41.0,6,False,11.0,0.3951,0.1883,,False,False,9.65,1.26,23.54,14.15,1.85,143.5,OHLC,↑,HH/HL,自然反彈,False,265,2,universe
IGR,2026-09-21,12.21,0.49,True,7.09,0.21,2.2,True,31.3,0.21,31.1,False,4.02,14.08,69.4,-0.6,E 延伸,False,2:33,76.7,升,93.0,11,False,11.0,0.2111,0.3289,,False,False,41.92,10.43,13.47,-10.32,-2.57,5.9,OHLC,↓,LH/LL,次級回檔,False,265,2,universe
AMIX,2026-09-21,4.05,0.76,False,7.02,-0.058,-8.8,True,7.9,0.01,7.9,False,18.72,24.96,15.0,0.0,D 趨勢弱,True,8:49,264.6,跌,146.0,26,False,11.0,-0.0065,-0.0147,-0.4231,True,False,-73.37,-3.92,4.28,-5.68,-0.3,9.7,OHLC,—,LH/LL,DT,True,265,2,universe
BRK/A,2026-09-21,752180.0,9327.33,False,763053.14,-648.626,-0.07,False,96.2,-0.17,96.4,True,1.24,0.92,41.9,-15.5,C 基底修復,False,3:32,105.8,跌,9.0,1,False,12.0,-441.4888,743.9003,-4360.1343,False,True,-1.45,-1.17,752464.0,-0.04,-0.03,165.5,OHLC,↑,HH/HL,自然回檔,False,265,2,universe
CBSH,2026-09-21,56.55,0.91,False,58.35,-0.072,-0.51,True,95.2,0.01,95.2,True,1.61,0.87,41.1,-1.7,C 基底修復,False,4:28,134.1,跌,24.0,4,False,12.0,-0.151,-0.1004,-0.2775,False,False,-3.18,-1.98,59.1,-4.51,-2.81,57.4,OHLC,↓,LH/LL,DT,False,265,2,universe
NWBI,2026-09-21,15.3,0.25,False,15.45,-0.006,-0.33,False,94.7,-0.03,94.7,True,1.62,0.98,59.3,-0.2,C 基底修復,False,3:38,108.9,跌,11.0,1,False,12.0,-0.0106,0.0003,-0.0804,False,True,-0.99,-0.61,15.23,0.46,0.28,16.2,OHLC,—,HH/HL,自然回檔,True,265,2,universe
WSFS,2026-09-21,77.79,1.38,False,79.5,-0.124,-0.37,False,93.8,-0.08,93.9,True,1.78,1.06,52.4,-8.0,C 基底修復,False,3:24,102.2,跌,7.0,1,False,12.0,-0.086,0.0232,-0.5511,False,True,-2.19,-1.23,81.26,-4.46,-2.51,28.2,OHLC,↓,LH/LL,DT,False,265,2,universe
FHB,2026-09-21,25.5,0.47,False,26.19,-0.054,-0.89,False,93.0,-0.1,93.1,True,1.84,1.21,22.7,-11.4,D 趨勢弱,False,2:01,60.7,升,84.0,11,False,12.0,0.073,0.0878,,False,True,-2.72,-1.48,26.05,-2.16,-1.17,50.5,OHLC,—,LH/LL,自然回檔,True,265,2,universe
TCBI,2026-09-21,95.0,1.72,False,97.9,-0.076,-0.54,True,93.0,0.39,92.6,True,1.81,1.24,26.3,-0.0,C 基底修復,False,4:55,147.6,跌,32.0,4,False,12.0,-0.2591,-0.2468,-0.7546,False,False,-3.05,-1.69,,,,44.9,OHLC,—,HH/HL,DT,False,265,2,universe
WTFC,2026-09-21,147.08,2.84,False,154.1,-0.437,-0.9,True,92.9,0.26,92.6,True,1.93,1.14,37.2,-0.1,C 基底修復,False,5:17,158.6,跌,38.0,4,False,12.0,-0.2616,-0.2154,-1.1985,False,False,-4.78,-2.47,153.36,-4.27,-2.21,65.4,OHLC,↓,LH/LL,DT,False,265,2,universe
FHN,2026-09-21,23.93,0.45,False,24.75,-0.059,-0.79,True,92.8,0.32,92.5,True,1.86,1.22,28.9,0.3,C 基底修復,False,4:49,144.3,跌,30.0,4,False,12.0,-0.0438,-0.0432,-0.1754,False,False,-3.44,-1.85,24.96,-4.3,-2.31,111.2,OHLC,↓,LH/LL,DT,False,265,2,universe
IBCP,2026-09-21,35.89,0.64,False,37.11,-0.071,-0.65,True,92.8,0.02,92.8,True,1.79,1.29,40.7,-2.3,C 基底修復,False,5:22,161.1,跌,40.0,4,False,12.0,-0.0998,-0.0684,-0.2665,False,False,-3.4,-1.89,36.11,-0.61,-0.34,6.1,OHLC,↑,HH/HL,自然回檔,False,265,2,universe
SFNC,2026-09-21,22.65,0.44,False,23.17,-0.025,-0.44,False,92.6,-0.03,92.6,True,1.96,1.18,49.9,-2.4,C 基底修復,False,4:00,120.0,跌,17.0,2,False,12.0,-0.0229,-0.0039,-0.1609,False,True,-2.31,-1.18,23.99,-5.92,-3.02,28.3,OHLC,↓,LH/LL,DT,False,265,2,universe
TRMK,2026-09-21,46.44,0.93,False,46.77,-0.018,-0.22,False,92.5,-0.18,92.7,True,2.0,1.17,51.2,-0.7,C 基底修復,False,1:41,50.5,升,78.0,8,False,12.0,0.0522,0.0922,,False,True,-0.7,-0.35,45.39,2.26,1.13,17.7,OHLC,↑,HH/HL,自然回檔,False,265,2,universe
CPF,2026-09-21,36.99,0.83,False,37.79,-0.05,-0.53,False,91.8,-0.33,92.2,True,2.24,1.09,50.2,-1.7,C 基底修復,False,3:27,103.6,跌,8.0,1,False,12.0,-0.0183,0.0167,-0.2867,False,True,-2.16,-0.97,38.19,-3.24,-1.45,6.3,OHLC,↓,LH/LL,DT,False,265,2,universe
OCFC,2026-09-21,17.57,0.39,False,18.89,-0.065,-0.81,False,90.7,-0.35,91.0,True,2.21,1.38,18.9,-1.8,D 趨勢弱,True,6:54,206.9,跌,65.0,9,False,12.0,-0.1214,-0.0947,-0.1214,False,False,-7.49,-3.39,19.43,-10.59,-4.79,17.4,OHLC,↓,LH/LL,DT,False,265,2,universe
HST,2026-09-21,22.31,0.44,False,22.45,-0.046,-1.18,False,90.6,-0.02,90.7,True,1.96,1.64,45.7,4.7,C 基底修復,False,1:05,32.6,升,68.0,8,False,12.0,0.0584,0.0289,,False,True,-0.62,-0.32,21.83,2.15,1.1,181.9,OHLC,—,HH/HL,自然反彈,True,265,2,universe
ZION,2026-09-21,64.98,1.49,False,68.24,-0.188,-0.84,True,90.1,0.17,89.9,True,2.29,1.43,43.9,-0.4,C 基底修復,False,4:51,145.4,跌,31.0,4,False,12.0,-0.3216,-0.2776,-0.5233,False,False,-5.02,-2.2,64.14,1.29,0.57,96.1,OHLC,—,HH/HL,DT,False,265,2,universe
BWFG,2026-09-21,65.94,1.6,False,66.74,-0.007,-0.07,False,89.2,-0.2,89.4,True,2.43,1.47,75.2,-0.1,A 待突破,False,5:19,159.4,跌,39.0,4,False,12.0,-0.2011,-0.1296,-0.5673,False,True,-1.21,-0.5,65.46,0.73,0.3,4.9,OHLC,—,HH/HL,自然回檔,True,265,2,universe
ALLY,2026-09-21,39.89,1.0,False,42.33,-0.11,-0.79,True,88.9,0.48,88.4,True,2.5,1.49,20.7,1.2,D 趨勢弱,False,5:26,162.9,跌,40.0,7,False,12.0,-0.2184,-0.201,-0.367,False,False,-6.12,-2.45,43.73,-9.63,-3.86,137.9,OHLC,↓,LH/LL,DT,False,265,2,universe
DAL,2026-09-21,82.5,2.3,False,81.5,-0.191,-1.08,False,85.6,-0.15,85.7,True,2.79,1.88,51.0,6.3,C 基底修復,False,11:55,357.3,升,48.0,6,False,12.0,0.5078,0.2709,,False,True,1.21,0.43,77.87,5.61,2.01,537.9,OHLC,—,HH/HL,自然反彈,False,265,2,universe
NEWT,2026-09-21,11.64,0.34,False,12.31,-0.115,-1.58,True,83.4,0.62,82.7,True,2.91,2.18,23.9,2.0,C 基底修復,False,2:49,84.6,升,104.0,12,False,12.0,0.0152,0.0242,,False,False,-5.72,-1.97,12.44,-6.87,-2.36,3.0,OHLC,↓,LH/LL,DT,False,265,2,universe
SNX,2026-09-21,279.59,8.25,True,260.01,1.164,0.33,False,82.9,-0.47,83.4,True,2.95,2.23,64.9,-2.4,E 延伸,False,2:49,84.6,升,109.0,12,False,12.0,1.6286,0.7652,,False,False,7.0,2.37,260.5,6.83,2.31,184.1,OHLC,↑,HH/HL,UT,False,265,2,universe
SKYW,2026-09-21,100.2,2.9,False,99.5,-0.351,-1.39,False,82.5,-0.14,82.7,True,2.89,2.36,39.1,18.5,C 基底修復,False,11:05,332.6,升,35.0,4,False,12.0,0.4244,0.1285,,False,True,0.69,0.24,94.98,5.21,1.8,33.9,OHLC,—,HH/HL,自然反彈,False,265,2,universe
ESE,2026-09-21,262.41,8.81,False,277.69,-2.107,-1.35,True,81.2,0.33,80.8,True,3.36,2.16,19.4,0.4,C 基底修復,False,10:38,319.1,升,27.0,3,False,12.0,0.7158,0.5353,,False,False,-5.82,-1.73,274.02,-4.42,-1.32,62.0,OHLC,↓,LH/LL,自然反彈,False,265,2,universe
UAL,2026-09-21,114.39,3.91,False,112.81,-0.34,-0.97,False,79.9,-0.15,80.1,True,3.42,2.33,44.3,24.1,C 基底修復,False,11:53,356.4,升,48.0,6,False,12.0,0.7923,0.3154,,False,True,1.38,0.4,104.59,8.57,2.5,413.5,OHLC,↑,HH/HL,UT,False,265,2,universe
AAL,2026-09-21,13.57,0.46,False,13.56,-0.051,-1.19,False,78.0,-0.12,78.2,True,3.39,2.72,41.4,13.5,C 基底修復,False,11:38,348.8,升,44.0,6,False,12.0,0.1039,0.053,,False,True,0.09,0.03,12.55,7.52,2.22,936.8,OHLC,—,HH/HL,自然反彈,False,265,2,universe
ABG,2026-09-21,184.55,7.06,False,204.85,-1.148,-1.24,True,77.9,0.28,77.6,True,3.83,2.31,5.7,-0.3,D 趨勢弱,False,4:46,143.1,跌,29.0,7,False,12.0,-3.0813,-2.902,-3.3812,False,False,-11.0,-2.87,194.75,-5.53,-1.44,41.9,OHLC,↓,LH/LL,DT,False,265,2,universe
PENN,2026-09-21,16.13,0.62,False,17.75,-0.136,-0.87,True,77.6,0.0,77.6,True,3.84,2.36,16.1,-0.8,D 趨勢弱,False,1:07,33.3,升,68.0,9,False,12.0,0.0126,0.0813,,False,False,-10.02,-2.61,18.0,-11.59,-3.02,45.5,OHLC,↓,LH/LL,DT,False,265,2,universe
PACS,2026-09-21,42.06,1.74,False,43.85,-0.236,-0.43,True,76.0,0.39,75.6,True,4.14,2.36,53.8,2.1,C 基底修復,False,3:58,118.8,跌,16.0,4,False,12.0,-0.1592,-0.1447,-0.5245,False,False,-4.25,-1.03,45.61,-8.43,-2.04,29.8,OHLC,↓,LH/LL,DT,False,265,2,universe
JBHT,2026-09-21,236.17,9.02,False,259.8,-1.023,-1.13,True,75.7,0.74,75.0,True,3.82,2.73,24.6,0.7,D 趨勢弱,False,4:48,143.8,跌,30.0,4,False,12.0,-3.5232,-3.2929,-3.5232,False,False,-10.01,-2.62,265.47,-12.41,-3.25,268.2,OHLC,↓,LH/LL,DT,False,265,2,universe
CGNX,2026-09-21,61.99,2.28,False,61.85,-0.252,-0.79,True,74.0,0.81,73.1,False,3.68,3.2,56.2,-1.8,C 基底修復,False,11:15,337.5,升,38.0,3,False,12.0,0.1515,0.0791,,False,True,0.23,0.06,58.58,5.5,1.5,89.2,OHLC,—,HH/HL,自然反彈,False,265,2,universe
ROG,2026-09-21,129.85,5.01,False,130.77,-0.094,0.01,True,73.8,0.94,72.9,False,3.85,3.05,45.9,-11.8,C 基底修復,False,1:29,44.6,升,75.0,10,False,12.0,0.3924,0.4925,,False,True,-0.71,-0.18,128.41,1.11,0.29,26.1,OHLC,—,HH/HL,自然回檔,True,265,2,universe
ARLO,2026-09-21,13.33,0.57,False,13.61,-0.125,-0.64,True,72.8,0.9,71.9,False,4.31,2.79,17.8,0.2,D 趨勢弱,False,1:40,50.2,升,78.0,11,False,12.0,0.0197,0.022,,False,True,-2.07,-0.48,12.92,3.08,0.71,17.0,OHLC,—,HH/HL,DT,False,265,2,universe
TCMD,2026-09-21,22.85,0.86,False,23.55,-0.093,-0.79,True,72.7,0.32,72.4,False,3.76,3.35,23.7,3.5,D 趨勢弱,False,1:19,39.4,升,72.0,8,False,12.0,0.2265,0.1897,,False,True,-3.08,-0.82,23.0,-0.66,-0.17,6.9,OHLC,—,LH/LL,自然反彈,True,265,2,universe
ALGT,2026-09-21,80.49,3.64,False,80.31,-0.527,-1.04,True,69.9,1.04,68.9,False,4.52,3.12,18.4,-4.0,D 趨勢弱,False,2:23,71.6,升,90.0,11,False,12.0,1.1005,0.9938,,False,True,0.23,0.05,76.06,5.5,1.22,41.8,OHLC,—,HH/HL,UT,True,265,2,universe
PRIM,2026-09-21,76.91,3.39,False,77.03,-0.165,-0.55,True,68.5,0.8,67.7,False,4.4,3.52,12.1,0.6,D 趨勢弱,False,1:45,52.7,升,79.0,11,False,12.0,0.827,0.8394,,False,True,-0.16,-0.04,71.41,7.15,1.62,96.7,OHLC,↑,HH/HL,UT,False,265,2,universe
SYM,2026-09-21,43.96,1.95,True,41.7,0.114,-0.04,True,66.7,0.75,66.0,False,4.43,3.84,19.0,4.3,D 趨勢弱,False,2:33,76.7,升,93.0,11,False,12.0,0.291,0.254,,False,False,5.14,1.16,41.89,4.71,1.06,74.4,OHLC,↑,HH/HL,自然反彈,False,265,2,universe
AMSC,2026-09-21,30.24,1.41,False,29.71,-0.114,-0.51,True,65.3,0.72,64.6,False,4.68,3.87,15.4,3.5,D 趨勢弱,False,12:47,23.7,升,63.0,12,False,12.0,0.2972,0.2191,,False,True,1.76,0.38,29.53,2.35,0.5,20.7,OHLC,—,LH/LL,UT,False,265,2,universe
DCH,2026-09-21,5.91,0.3,False,6.47,-0.009,-0.03,True,63.7,1.1,62.6,False,5.15,3.72,10.0,4.3,D 趨勢弱,True,7:19,219.4,跌,72.0,8,False,12.0,-0.102,-0.1011,-0.102,False,False,-9.53,-1.85,6.88,-16.41,-3.19,15.6,OHLC,↓,LH/LL,DT,False,265,2,universe
ELMD,2026-09-21,27.0,1.44,False,31.78,-0.423,-1.39,True,63.4,0.49,63.0,False,5.33,3.59,9.0,-9.6,D 趨勢弱,True,9:56,298.2,升,16.0,3,False,12.0,0.2423,0.1158,,False,False,-17.71,-3.32,27.25,-0.93,-0.17,3.4,OHLC,—,LH/LL,自然反彈,True,265,2,universe
NX,2026-09-21,20.1,1.03,False,20.87,-0.042,-0.0,True,62.3,0.87,61.5,False,5.11,4.04,59.1,1.4,B 上升結構,False,4:47,143.3,跌,30.0,3,False,12.0,-0.1195,-0.0817,-0.3125,False,True,-3.84,-0.75,21.09,-4.93,-0.96,10.3,OHLC,—,HH/HL,DT,False,265,2,universe
OSCR,2026-09-21,31.29,1.87,True,31.34,0.27,0.5,False,59.9,-0.7,60.5,False,5.97,3.7,71.0,-3.6,B 上升結構,False,4:05,122.4,跌,18.0,2,False,12.0,-0.1045,-0.0214,-0.5223,False,True,-0.18,-0.03,31.76,-1.5,-0.25,162.5,OHLC,—,HH/HL,DT,True,265,2,universe
PAY,2026-09-21,34.5,1.63,False,37.55,-0.087,-0.66,True,59.8,0.47,59.4,False,4.72,4.96,44.6,0.0,D 趨勢弱,True,8:49,264.6,跌,180.0,24,False,12.0,-0.3212,-0.2707,-1.0298,False,False,-8.84,-1.87,37.08,-7.48,-1.59,36.1,OHLC,↓,LH/LL,DT,False,265,2,universe
LTRX,2026-09-21,6.18,0.37,True,5.75,0.009,-0.02,True,57.6,0.85,56.7,False,5.94,4.23,44.2,14.1,C 基底修復,False,10:57,328.4,升,32.0,3,False,12.0,0.1033,0.0672,,False,False,6.97,1.17,,,,8.9,OHLC,—,LH/LL,UT,False,265,2,universe
VSAT,2026-09-21,76.38,4.11,False,75.22,-0.151,-0.54,True,55.5,0.9,54.6,False,5.38,5.24,67.9,-12.1,B 上升結構,False,11:19,339.7,升,39.0,3,False,12.0,0.5413,0.3749,,False,True,1.52,0.28,71.48,6.42,1.19,131.8,OHLC,—,LH/LL,UT,False,265,2,universe
RKLB,2026-09-21,69.89,4.01,False,69.85,-0.559,-0.46,True,55.4,1.02,54.3,False,5.74,4.92,31.4,22.8,D 趨勢弱,False,10:54,326.8,升,32.0,5,False,12.0,0.9591,0.6116,,False,True,0.05,0.01,64.57,7.61,1.33,1289.3,OHLC,↑,HH/HL,UT,False,265,2,universe
DELL,2026-09-21,575.31,32.65,True,502.83,3.479,0.65,True,55.0,1.04,53.9,False,5.68,5.07,63.7,0.7,E 延伸,False,2:49,84.6,升,108.0,12,False,12.0,5.554,6.3664,,False,False,12.6,2.22,,,,5991.6,OHLC,—,LH/LL,自然回檔,False,265,2,universe
ASPN,2026-09-21,5.19,0.26,False,5.34,-0.099,-2.65,True,54.6,1.22,53.4,False,5.1,5.73,63.4,15.4,D 趨勢弱,False,11:02,331.0,升,34.0,3,False,12.0,0.043,0.0299,,False,True,-2.89,-0.57,5.08,2.12,0.42,3.6,OHLC,—,LH/LL,UT,True,265,2,universe
ONDS,2026-09-21,7.38,0.44,False,8.24,-0.045,-0.53,True,54.2,0.45,53.7,False,5.93,4.99,19.2,2.1,D 趨勢弱,True,9:35,287.3,升,10.0,1,False,12.0,0.0,-0.016,,False,False,-11.59,-1.95,7.63,-3.39,-0.57,442.0,OHLC,—,LH/LL,自然反彈,True,265,2,universe
ANGX,2026-09-21,5.22,0.34,True,4.79,0.028,0.61,True,53.3,1.23,52.1,False,6.44,4.69,40.0,-0.4,E 延伸,False,1:24,42.1,升,73.0,10,False,12.0,0.017,0.0269,,False,False,8.18,1.27,4.9,6.13,0.95,9.4,OHLC,↑,HH/HL,自然反彈,False,258,2,universe
STRL,2026-09-21,512.64,29.95,False,507.38,-0.647,-0.49,True,53.1,0.35,52.7,False,5.84,5.35,43.7,1.5,D 趨勢弱,False,1:55,57.4,升,82.0,11,False,12.0,9.3491,8.8293,,False,True,1.03,0.18,484.86,5.42,0.93,300.3,OHLC,—,HH/HL,UT,True,265,2,universe
NVEC,2026-09-21,103.94,5.01,False,107.79,-1.019,-0.99,True,52.1,0.39,51.7,False,4.82,6.61,56.4,5.8,C 基底修復,False,10:07,303.5,升,19.0,2,False,12.0,0.5213,0.1376,,False,True,-3.7,-0.77,94.15,9.42,1.96,11.2,OHLC,↑,HH/HL,UT,False,265,2,universe
VOYG,2026-09-21,37.66,2.35,False,37.58,-0.151,0.18,True,51.4,1.55,49.8,False,6.24,5.37,56.5,10.3,C 基底修復,False,10:43,321.4,升,29.0,3,False,12.0,0.2943,0.1431,,False,True,0.22,0.04,36.59,2.84,0.46,49.2,OHLC,—,LH/LL,UT,True,265,2,universe
SHLS,2026-09-21,7.84,0.51,False,7.4,-0.037,-0.86,True,51.0,1.02,50.0,False,6.49,5.21,29.8,-1.4,D 趨勢弱,False,11:55,357.6,升,49.0,11,False,12.0,0.1598,0.1353,,False,True,5.53,0.85,7.06,9.89,1.52,36.4,OHLC,↑,HH/HL,UT,False,265,2,universe
CORZ,2026-09-21,18.36,1.16,False,18.13,-0.07,-0.77,True,50.7,0.72,50.0,False,6.3,5.47,24.0,-5.0,D 趨勢弱,False,2:49,84.6,升,171.0,12,False,12.0,0.2487,0.1838,,False,True,1.23,0.2,16.01,12.8,2.03,208.7,OHLC,↑,HH/HL,UT,False,265,2,universe
IESC,2026-09-21,321.69,19.76,False,339.29,-1.811,-0.58,True,50.0,0.62,49.4,False,6.14,5.79,59.3,1.8,C 基底修復,False,11:12,336.2,升,37.0,4,False,12.0,0.5479,0.4019,,False,True,-5.47,-0.89,308.99,3.95,0.64,92.7,OHLC,—,HH/HL,自然回檔,True,265,2,universe
SEI,2026-09-21,69.09,4.32,True,60.45,0.359,0.5,True,50.0,0.42,49.5,False,6.25,5.71,41.4,-0.1,E 延伸,False,2:49,84.6,升,111.0,11,False,12.0,1.4384,1.5219,,False,False,12.5,2.0,64.15,7.15,1.14,189.5,OHLC,↑,HH/HL,UT,False,265,2,universe
AMKR,2026-09-21,52.19,2.96,False,50.56,-0.079,-0.29,True,49.8,1.4,48.4,False,5.67,6.33,38.1,-0.6,D 趨勢弱,False,2:49,84.6,升,154.0,11,False,12.0,0.7167,0.489,,False,True,3.11,0.55,49.53,5.1,0.9,229.4,OHLC,—,HH/HL,自然反彈,False,265,2,universe
AIP,2026-09-21,24.16,1.52,False,23.41,-0.398,-1.22,True,49.5,1.06,48.4,False,6.31,5.76,44.2,11.4,D 趨勢弱,False,2:24,71.8,升,90.0,10,False,12.0,0.5358,0.3818,,False,True,3.09,0.49,20.02,17.14,2.71,18.2,OHLC,↑,HH/HL,UT,False,265,2,universe
APLD,2026-09-21,28.19,1.83,False,27.45,-0.015,-0.37,True,49.5,0.8,48.7,False,6.48,5.6,44.3,-0.6,D 趨勢弱,False,10:34,317.0,升,26.0,3,False,12.0,0.3745,0.2446,,False,True,2.61,0.4,26.42,6.28,0.97,444.1,OHLC,—,LH/LL,UT,False,265,2,universe
AIRJ,2026-09-21,4.39,0.28,False,5.13,-0.073,-0.91,True,48.1,0.94,47.1,False,6.31,6.12,40.7,3.6,D 趨勢弱,True,8:49,264.6,跌,174.0,23,False,12.0,-0.0036,-0.0246,-0.1672,True,False,-16.8,-2.66,4.39,0.0,0.0,4.2,OHLC,↓,LH/LL,自然反彈,False,265,2,universe
COHU,2026-09-21,60.62,3.76,True,53.48,0.319,0.17,True,48.0,1.23,46.7,False,6.19,6.27,57.2,-5.1,C 基底修復,False,12:32,16.0,升,59.0,9,False,12.0,1.0008,0.6779,,False,False,11.77,1.9,54.73,9.72,1.57,59.1,OHLC,↑,HH/HL,UT,False,265,2,universe
ASTS,2026-09-21,61.89,4.22,False,64.1,-0.427,-0.37,True,46.5,1.48,45.0,False,6.82,6.04,30.1,7.8,D 趨勢弱,False,10:31,315.5,升,25.0,3,False,12.0,0.2237,0.0681,,False,True,-3.58,-0.52,61.44,0.73,0.11,611.1,OHLC,—,LH/LL,自然反彈,True,265,2,universe
PENG,2026-09-21,54.91,3.36,False,53.07,-0.189,-0.23,True,45.9,1.22,44.7,False,6.12,6.89,67.5,3.1,D 趨勢弱,False,1:42,51.2,升,78.0,10,False,12.0,0.8431,0.6002,,False,True,3.35,0.55,46.59,15.15,2.47,76.5,OHLC,↑,HH/HL,UT,False,265,2,universe
ICHR,2026-09-21,56.14,3.7,False,58.77,-0.467,-1.27,True,45.5,1.59,43.9,False,6.58,6.55,44.3,8.4,D 趨勢弱,False,1:49,54.4,升,80.0,11,False,12.0,0.861,0.6533,,False,True,-4.69,-0.71,58.17,-3.62,-0.55,37.3,OHLC,—,LH/LL,自然反彈,True,265,2,universe
ALMU,2026-09-21,13.61,1.04,False,13.93,-0.151,-1.34,True,45.1,1.55,43.5,False,7.62,5.64,6.7,6.7,D 趨勢弱,False,12:52,25.9,升,64.0,8,False,12.0,0.1405,0.0629,,False,True,-2.38,-0.31,13.41,1.47,0.19,8.8,OHLC,—,LH/LL,UT,False,265,2,universe
NRGV,2026-09-21,4.7,0.33,True,3.9,0.097,0.77,True,44.9,1.2,43.7,False,6.98,6.32,40.7,2.5,E 延伸,False,2:08,63.8,升,85.0,11,False,12.0,0.0588,0.0396,,False,False,16.94,2.43,4.21,10.43,1.49,19.2,OHLC,↑,HH/HL,UT,False,265,2,universe
VICR,2026-09-21,223.9,15.58,True,207.74,0.61,-0.03,True,44.5,0.84,43.7,False,6.96,6.45,54.4,-1.6,D 趨勢弱,False,2:27,73.6,升,91.0,10,False,12.0,6.0653,5.1438,,False,False,7.22,1.04,174.0,22.29,3.2,173.6,OHLC,↑,HH/HL,UT,False,265,2,universe
IREN,2026-09-21,47.23,3.1,True,42.3,0.225,0.24,True,44.0,0.78,43.2,False,6.57,7.0,45.0,-0.8,D 趨勢弱,False,2:49,84.6,升,126.0,11,False,12.0,0.479,0.3501,,False,False,10.44,1.59,42.0,11.07,1.69,1927.6,OHLC,↑,HH/HL,UT,False,265,2,universe
UCTT,2026-09-21,73.05,4.95,False,75.75,-0.618,-0.74,True,43.4,1.91,41.5,False,6.78,6.96,60.3,8.5,D 趨勢弱,False,2:49,84.6,升,119.0,10,False,12.0,0.8653,0.55,,False,True,-3.69,-0.54,74.75,-2.33,-0.34,57.2,OHLC,—,LH/LL,自然反彈,True,265,2,universe
CBRS,2026-09-21,208.49,14.23,False,207.87,-0.26,-0.18,True,42.5,1.4,41.1,False,6.83,7.17,34.4,17.4,D 趨勢弱,False,10:51,325.4,升,31.0,4,False,12.0,2.2167,1.2137,,False,True,0.3,0.04,184.24,11.63,1.7,1288.6,OHLC,—,LH/LL,UT,False,89,2,universe
MXL,2026-09-21,85.98,6.15,True,70.44,0.777,0.28,True,37.6,0.96,36.7,False,7.15,8.45,50.0,-10.0,E 延伸,False,2:24,71.8,升,90.0,10,False,12.0,2.5741,2.0257,,False,False,18.07,2.53,64.79,24.65,3.45,214.3,OHLC,↑,HH/HL,UT,False,265,2,universe
PECO,2026-09-21,37.0,0.64,False,38.88,-0.132,-1.43,True,94.4,0.05,94.3,True,1.74,0.95,19.8,0.4,D 趨勢弱,False,5:38,169.1,跌,44.0,5,False,13.0,-0.1081,-0.0943,-0.4102,False,False,-5.08,-2.91,39.61,-7.05,-4.05,33.4,OHLC,↓,LH/LL,DT,False,265,2,universe
WRB,2026-09-21,68.79,1.34,False,69.68,-0.059,-0.19,False,92.2,-0.19,92.4,True,1.94,1.29,28.0,-11.1,D 趨勢弱,False,2:08,63.8,升,85.0,11,False,13.0,0.0955,0.2107,,False,True,-1.3,-0.67,68.76,0.04,0.02,240.3,OHLC,—,LH/LL,自然回檔,True,265,2,universe
TDY,2026-09-21,609.08,11.68,False,629.48,-3.194,-1.49,True,91.9,0.38,91.5,True,1.92,1.38,34.8,3.4,C 基底修復,False,10:13,306.6,升,20.0,2,False,13.0,1.3484,0.4848,,False,False,-3.35,-1.75,611.46,-0.39,-0.2,151.1,OHLC,—,LH/LL,自然反彈,True,265,2,universe
CSR,2026-09-21,55.37,1.4,False,56.35,-0.029,0.14,False,87.7,-0.06,87.8,True,2.53,1.69,26.0,0.8,D 趨勢弱,False,12:34,16.8,升,59.0,9,False,13.0,0.1912,0.3461,,False,True,-1.77,-0.7,59.31,-7.12,-2.81,19.7,OHLC,↓,LH/LL,DT,False,265,2,universe
SEB,2026-09-21,4168.88,138.0,False,4250.72,-0.682,-0.04,False,84.0,-0.54,84.5,True,3.31,1.67,21.5,-6.8,D 趨勢弱,False,2:49,84.6,升,100.0,13,False,13.0,10.4507,19.8135,,False,True,-1.96,-0.59,4324.94,-3.74,-1.13,66.2,OHLC,↓,LH/LL,自然回檔,False,265,2,universe
VIK,2026-09-21,86.05,2.89,False,90.35,-0.303,-0.87,True,81.4,0.33,81.0,True,3.36,2.12,41.8,5.3,C 基底修復,False,1:08,34.1,升,69.0,5,False,13.0,0.386,0.2395,,False,False,-4.99,-1.49,86.42,-0.43,-0.13,335.9,OHLC,—,LH/LL,次級反彈,True,265,2,universe
CXT,2026-09-21,45.77,1.78,False,49.51,-0.341,-0.88,True,78.3,1.0,77.3,True,3.88,2.18,15.2,-0.7,D 趨勢弱,False,5:28,164.2,跌,41.0,5,False,13.0,-0.4977,-0.4886,-0.7424,False,False,-8.16,-2.1,,,,24.0,OHLC,—,HH/HL,DT,False,265,2,universe
AXSM,2026-09-21,205.49,8.04,False,211.61,-0.153,-0.06,False,76.0,-0.13,76.1,True,3.91,2.59,50.6,2.6,C 基底修復,False,2:49,84.6,升,108.0,13,False,13.0,0.6001,1.045,,False,True,-2.98,-0.76,204.07,0.69,0.18,121.4,OHLC,↑,HH/HL,次級回檔,False,265,2,universe
LAD,2026-09-21,316.15,12.73,False,357.47,-1.784,-1.22,True,72.1,1.0,71.1,False,4.03,3.21,26.3,0.7,D 趨勢弱,True,8:49,264.6,跌,163.0,31,False,13.0,-7.0776,-6.8563,-7.0776,False,False,-13.07,-3.25,356.55,-12.78,-3.17,79.4,OHLC,—,HH/HL,DT,False,265,2,universe
HPQ,2026-09-21,32.95,1.67,True,31.48,0.143,0.59,False,66.9,-2.06,68.9,False,5.08,3.17,55.6,-0.0,B 上升結構,False,3:27,103.6,跌,8.0,1,False,13.0,-0.0193,0.1001,-0.2105,False,True,4.47,0.88,32.7,0.76,0.15,603.4,OHLC,↑,HH/HL,次級回檔,False,265,2,universe
FIX,2026-09-21,1632.59,79.49,False,1644.6,-2.247,-0.3,True,64.6,0.26,64.4,False,4.87,3.82,59.1,0.9,C 基底修復,False,1:12,36.0,升,70.0,10,False,13.0,8.8654,7.5624,,False,True,-0.74,-0.15,1615.69,1.04,0.21,585.7,OHLC,—,LH/LL,自然反彈,True,265,2,universe
NXT,2026-09-21,83.15,4.58,False,87.27,-0.663,-0.79,True,61.0,1.04,59.9,False,5.51,3.93,21.4,7.4,D 趨勢弱,False,2:39,79.4,升,94.0,10,False,13.0,0.6023,0.4027,,False,True,-4.96,-0.9,83.36,-0.25,-0.05,176.5,OHLC,—,LH/LL,次級反彈,True,265,2,universe
MTZ,2026-09-21,222.9,13.76,False,250.05,-1.632,-0.76,True,54.0,1.18,52.8,False,6.17,4.81,1.2,0.1,D 趨勢弱,True,9:33,286.4,升,9.0,1,False,13.0,0.5927,-0.0729,,False,False,-12.18,-1.97,235.0,-5.43,-0.88,356.7,OHLC,↓,LH/LL,自然反彈,False,265,2,universe
HR,2026-09-21,18.27,0.31,False,19.01,-0.085,-1.4,True,94.1,0.15,94.0,True,1.71,1.05,20.6,0.5,D 趨勢弱,False,4:55,147.6,跌,32.0,4,False,14.0,-0.0394,-0.0367,-0.2626,False,False,-4.07,-2.38,19.22,-5.2,-3.04,66.5,OHLC,↓,LH/LL,DT,False,265,2,universe
HRL,2026-09-21,20.46,0.46,False,22.34,-0.101,-1.17,False,87.7,-0.01,87.7,True,2.27,1.96,6.3,-1.2,D 趨勢弱,True,9:48,294.0,升,13.0,2,False,14.0,0.0084,0.0035,,False,False,-9.17,-4.04,21.47,-4.94,-2.18,122.9,OHLC,↓,LH/LL,DT,False,265,2,universe
PWR,2026-09-21,642.61,24.09,False,642.2,-0.819,-0.36,True,73.5,0.59,72.9,False,3.75,3.21,65.7,14.1,C 基底修復,False,1:33,46.6,升,76.0,9,False,14.0,2.9899,1.8894,,False,True,0.06,0.02,621.83,3.23,0.86,607.8,OHLC,—,LH/LL,UT,True,265,2,universe
SWKS,2026-09-21,88.74,4.85,True,76.26,0.394,1.06,True,61.7,0.53,61.2,False,5.46,3.81,54.8,-0.4,E 延伸,False,2:37,78.6,升,94.0,13,False,14.0,1.3443,1.6027,,False,False,14.07,2.58,92.3,-4.01,-0.73,723.4,OHLC,—,LH/LL,自然回檔,False,265,2,universe
WTI,2026-09-21,3.74,0.21,True,3.86,0.021,0.6,False,60.9,-0.21,61.1,False,5.5,3.95,53.1,-8.8,C 基底修復,False,5:09,154.5,跌,36.0,3,False,14.0,-0.0284,-0.0141,-0.0284,False,True,-3.32,-0.6,4.0,-6.95,-1.26,13.0,OHLC,—,HH/HL,DT,False,265,2,universe
ALGM,2026-09-21,35.5,1.97,False,37.18,-0.263,-0.78,True,57.0,1.4,55.6,False,5.55,4.74,25.3,8.2,D 趨勢弱,False,2:49,84.5,升,97.0,12,False,14.0,0.2725,0.122,,False,True,-4.74,-0.85,36.31,-2.28,-0.41,76.0,OHLC,↓,LH/LL,自然反彈,False,265,2,universe
WYFI,2026-09-21,19.86,1.83,False,21.46,-0.086,-0.35,True,33.3,1.44,31.9,False,9.2,8.03,37.5,8.7,D 趨勢弱,False,11:44,351.8,升,45.0,10,False,14.0,0.3654,0.2311,,False,True,-8.03,-0.87,18.92,4.73,0.51,38.0,OHLC,—,LH/LL,UT,True,265,2,universe
BRK/B,2026-09-21,502.01,6.62,False,508.09,-0.449,-0.1,False,95.9,-0.17,96.0,True,1.32,0.95,42.0,-15.3,C 基底修復,False,3:32,105.8,跌,9.0,1,False,,-0.2375,0.5372,-2.9348,False,True,-1.21,-0.92,501.12,0.18,0.13,2314.3,OHLC,↑,HH/HL,自然回檔,False,265,2,universe
FRT,2026-09-21,110.63,1.73,False,115.75,-0.594,-1.24,False,95.1,-0.13,95.2,True,1.57,0.92,24.1,0.3,D 趨勢弱,True,7:16,218.0,跌,71.0,8,False,,-0.421,-0.3909,-1.0732,False,False,-4.62,-2.95,118.33,-6.96,-4.44,84.6,OHLC,↓,LH/LL,DT,False,265,2,universe
NJR,2026-09-21,52.92,1.0,False,53.99,-0.049,-0.71,False,92.8,-0.09,92.8,True,1.89,1.22,25.7,-0.9,D 趨勢弱,False,2:42,81.1,升,95.0,12,False,,0.0777,0.1006,,False,True,-2.02,-1.07,54.31,-2.63,-1.39,32.9,OHLC,—,LH/LL,DT,True,265,2,universe
GNL,2026-09-21,8.74,0.15,False,9.03,-0.011,-0.02,False,92.2,-0.1,92.3,True,1.72,1.52,19.5,-1.5,D 趨勢弱,True,8:09,244.3,跌,86.0,9,False,,-0.0449,-0.0397,-0.0449,False,False,-3.3,-1.92,,,,18.1,OHLC,—,HH/HL,DT,False,265,2,universe
EIG,2026-09-21,48.45,1.04,False,49.01,-0.039,-0.25,False,91.2,-0.03,91.2,True,2.14,1.33,51.4,0.3,C 基底修復,False,3:29,104.5,跌,8.0,1,False,,-0.0616,0.0102,-0.365,False,True,-1.16,-0.54,50.84,-4.93,-2.3,7.3,OHLC,↓,LH/LL,DT,False,265,2,universe
LTC,2026-09-21,42.88,0.93,True,41.27,0.092,0.9,False,90.6,-0.2,90.8,True,2.17,1.43,59.3,2.1,C 基底修復,False,2:49,84.6,升,155.0,23,False,,0.0712,0.1093,,False,False,3.74,1.73,40.82,4.8,2.21,24.0,OHLC,↑,HH/HL,自然回檔,False,265,2,universe
IEP,2026-09-21,7.15,0.16,False,7.0,-0.02,-0.64,False,90.1,-0.43,90.5,True,2.18,1.54,19.4,-1.5,D 趨勢弱,False,1:55,57.3,升,82.0,12,False,,0.0504,0.0432,,False,True,2.11,0.97,6.51,8.95,4.1,5.7,OHLC,↑,HH/HL,UT,False,265,2,universe
NRIM,2026-09-21,25.22,0.6,False,26.01,-0.034,-0.53,True,90.1,0.24,89.9,True,2.39,1.32,27.4,-1.5,C 基底修復,False,4:26,132.8,跌,24.0,3,False,,-0.0407,-0.018,-0.2264,False,False,-3.14,-1.31,26.45,-4.88,-2.04,3.4,OHLC,↓,LH/LL,DT,False,265,2,universe
VTRS,2026-09-21,17.1,0.41,True,16.54,0.019,-0.18,False,87.8,-0.05,87.9,True,2.4,1.8,79.6,4.3,A 待突破,False,11:37,348.5,升,44.0,6,False,,0.0571,0.0506,,False,False,3.25,1.36,16.38,4.21,1.76,135.4,OHLC,↑,HH/HL,UT,False,265,2,universe
CVS,2026-09-21,87.6,2.3,False,93.73,-0.386,-0.95,True,87.7,0.25,87.5,True,2.62,1.6,32.3,-12.4,C 基底修復,False,4:43,141.4,跌,29.0,3,False,,-0.5913,-0.4104,-1.7679,False,False,-7.0,-2.67,,,,597.7,OHLC,—,HH/HL,DT,False,265,2,universe
BXMT,2026-09-21,13.27,0.33,False,13.89,-0.028,-0.67,True,87.5,0.24,87.3,True,2.46,1.8,7.5,0.7,D 趨勢弱,False,2:49,84.6,升,260.0,26,False,,0.0219,0.0196,,False,False,-4.68,-1.9,13.61,-2.56,-1.04,29.6,OHLC,↓,LH/LL,自然反彈,False,265,2,universe
CNXN,2026-09-21,85.9,2.4,True,82.06,0.094,0.02,False,87.4,-0.2,87.6,True,2.79,1.49,62.4,0.1,E 延伸,False,2:02,61.2,升,84.0,12,False,,0.3522,0.4674,,False,False,4.47,1.6,82.59,3.85,1.38,11.5,OHLC,↑,HH/HL,UT,False,265,2,universe
ALG,2026-09-21,164.87,5.03,False,166.77,-0.09,0.02,False,85.8,-0.36,86.2,True,3.05,1.57,14.4,-9.1,D 趨勢弱,False,5:52,176.0,跌,48.0,4,False,,-0.5217,-0.2973,-0.8432,False,True,-1.15,-0.38,166.17,-0.79,-0.26,30.1,OHLC,—,HH/HL,自然回檔,True,265,2,universe
RBC,2026-09-21,492.56,14.15,False,504.46,-1.69,-1.04,False,85.6,-0.17,85.7,True,2.87,1.79,21.0,0.2,C 基底修復,False,1:09,34.4,升,69.0,7,False,,3.7734,3.7229,,False,True,-2.42,-0.84,478.81,2.79,0.97,155.4,OHLC,—,HH/HL,自然反彈,True,265,2,universe
VNOM,2026-09-21,41.72,1.13,True,43.74,0.014,0.15,False,85.6,-0.03,85.7,True,2.7,1.95,17.8,-4.5,D 趨勢弱,False,4:47,143.3,跌,30.0,4,False,,-0.3915,-0.3074,-0.3915,False,False,-4.85,-1.8,,,,65.8,OHLC,—,HH/HL,DT,False,265,2,universe
ROL,2026-09-21,32.35,0.89,False,35.32,-0.205,-1.2,True,85.5,0.3,85.2,True,2.75,1.93,3.9,-0.5,D 趨勢弱,False,4:29,134.6,跌,25.0,4,False,,-0.1522,-0.1303,-0.4443,False,False,-9.18,-3.34,35.31,-9.15,-3.33,178.9,OHLC,↓,LH/LL,DT,False,265,2,universe
GOLF,2026-09-21,81.92,2.33,False,87.06,-0.41,-1.55,True,85.2,0.41,84.7,True,2.85,1.89,7.6,-3.2,D 趨勢弱,False,12:57,28.7,升,66.0,15,False,,0.081,0.0323,,False,False,-6.27,-2.2,86.68,-5.81,-2.04,29.7,OHLC,↓,LH/LL,DT,False,265,2,universe
SBAC,2026-09-21,176.28,5.02,False,184.24,-0.211,0.03,False,85.0,-0.11,85.1,True,2.85,1.92,15.2,-0.6,D 趨勢弱,True,7:25,222.4,跌,74.0,8,False,,-1.2245,-1.0448,-1.2245,False,False,-4.52,-1.59,191.52,-8.65,-3.04,161.8,OHLC,↓,LH/LL,自然回檔,False,265,2,universe
AMSF,2026-09-21,24.56,0.66,False,25.81,-0.075,-1.4,True,84.6,0.09,84.5,True,2.69,2.17,10.6,1.5,D 趨勢弱,False,2:49,84.6,升,103.0,17,False,,0.0912,0.0857,,False,False,-5.09,-1.89,25.43,-3.54,-1.32,13.2,OHLC,↓,LH/LL,DT,False,265,2,universe
PBI,2026-09-21,16.54,0.5,False,16.94,-0.029,-0.41,False,84.6,-0.8,85.4,True,3.04,1.81,55.6,0.8,C 基底修復,False,3:32,105.8,跌,9.0,1,False,,-0.0319,0.0096,-0.2328,False,True,-2.4,-0.79,17.33,-4.78,-1.57,28.8,OHLC,↓,LH/LL,DT,False,265,2,universe
DKL,2026-09-21,55.75,1.38,False,55.06,-0.005,0.4,False,84.5,-1.15,85.6,True,2.47,2.4,45.0,-16.1,C 基底修復,False,2:33,76.4,升,92.0,14,False,,0.0746,0.1741,,False,True,1.23,0.5,57.96,-3.96,-1.6,12.0,OHLC,—,LH/LL,次級回檔,False,265,2,universe
ESQ,2026-09-21,122.06,3.4,False,120.82,-0.045,-0.1,False,84.4,-0.21,84.6,True,2.78,2.11,52.4,-3.0,B 上升結構,False,2:48,84.1,升,97.0,11,False,,0.9182,1.0363,,False,True,1.02,0.37,,,,26.2,OHLC,—,LH/LL,UT,False,265,2,universe
SIRI,2026-09-21,27.44,0.79,False,28.63,-0.081,-0.59,True,84.1,0.47,83.6,True,2.88,2.07,44.1,2.3,C 基底修復,False,4:36,138.0,跌,27.0,3,False,,-0.1328,-0.0964,-0.3806,False,False,-4.33,-1.5,29.13,-6.16,-2.14,106.2,OHLC,↓,LH/LL,DT,False,265,2,universe
TRN,2026-09-21,27.89,0.73,False,28.79,-0.086,-1.1,True,84.1,0.68,83.4,True,2.63,2.32,8.8,-0.8,D 趨勢弱,False,2:49,84.6,升,136.0,20,False,,0.1462,0.1631,,False,False,-3.23,-1.23,27.77,0.43,0.16,15.6,OHLC,—,HH/HL,自然回檔,True,265,2,universe
EXEL,2026-09-21,57.22,1.64,True,55.41,0.17,0.41,False,83.5,-0.55,84.1,True,2.86,2.2,68.4,3.7,A 待突破,False,3:31,105.7,跌,9.0,1,False,,-0.0206,0.04,-0.6624,False,False,3.16,1.11,56.12,1.92,0.67,126.5,OHLC,↑,HH/HL,次級回檔,False,265,2,universe
RTO,2026-09-21,21.36,0.48,False,23.28,-0.101,-1.2,True,83.4,0.1,83.3,True,2.23,2.86,6.5,0.8,D 趨勢弱,False,5:03,151.5,跌,34.0,5,False,,-0.0693,-0.0653,-0.6606,False,False,-8.98,-4.03,24.3,-13.76,-6.18,31.8,OHLC,↓,LH/LL,DT,False,265,2,universe
EBAY,2026-09-21,108.3,3.49,False,106.28,-0.116,0.16,False,82.5,-0.96,83.4,True,3.22,2.04,57.5,3.0,A 待突破,False,2:49,84.6,升,109.0,19,False,,0.783,1.0388,,False,True,1.87,0.58,103.41,4.52,1.4,567.6,OHLC,↑,HH/HL,自然回檔,False,265,2,universe
LEA,2026-09-21,120.22,3.64,False,124.99,-0.064,-0.11,True,81.6,0.6,81.0,True,3.03,2.41,21.7,-1.5,C 基底修復,False,4:31,135.5,跌,25.0,3,False,,-0.6548,-0.4795,-2.6767,False,False,-3.97,-1.31,,,,81.5,OHLC,—,HH/HL,DT,False,265,2,universe
MPC,2026-09-21,402.38,14.07,True,379.81,3.929,1.64,False,80.4,-3.35,83.8,True,3.5,2.16,64.5,-0.5,B 上升結構,False,3:32,106.2,跌,9.0,1,False,,-0.0362,1.4961,-3.4554,False,False,5.61,1.6,388.16,3.53,1.01,1184.3,OHLC,↑,HH/HL,自然回檔,False,265,2,universe
VLO,2026-09-21,393.27,14.01,True,369.83,4.407,1.69,False,80.2,-2.58,82.8,True,3.56,2.14,62.1,-2.9,E 延伸,False,2:49,84.6,升,146.0,15,False,,0.8532,2.3646,,False,False,5.96,1.67,375.1,4.62,1.3,1274.2,OHLC,↑,HH/HL,自然回檔,False,265,2,universe
BKD,2026-09-21,11.38,0.42,False,12.28,-0.071,-0.95,True,78.4,1.05,77.3,True,3.73,2.32,30.6,0.9,D 趨勢弱,False,2:38,78.9,升,94.0,13,False,,0.0207,0.0347,,False,False,-7.89,-2.12,12.2,-7.21,-1.93,50.5,OHLC,↓,LH/LL,DT,False,265,2,universe
AROC,2026-09-21,30.73,1.12,False,32.06,-0.054,-0.59,True,78.3,0.53,77.7,True,3.64,2.43,22.8,-3.4,C 基底修復,False,2:40,79.9,升,94.0,14,False,,0.0087,0.0384,,False,False,-4.34,-1.19,31.56,-2.7,-0.74,63.9,OHLC,↓,LH/LL,自然回檔,False,265,2,universe
FG,2026-09-21,22.86,0.83,False,24.21,-0.119,-1.28,True,78.3,0.21,78.1,True,3.63,2.43,14.0,1.0,D 趨勢弱,False,1:16,38.2,升,71.0,13,False,,0.0852,0.1026,,False,False,-5.92,-1.63,22.7,0.7,0.19,15.1,OHLC,—,HH/HL,DT,False,265,2,universe
UNIT,2026-09-21,9.46,0.34,False,9.85,-0.004,-0.09,True,78.3,0.52,77.8,True,3.56,2.51,28.0,3.3,C 基底修復,False,5:21,160.6,跌,39.0,5,False,,-0.0456,-0.0411,-0.1445,False,False,-4.12,-1.16,10.05,-6.24,-1.75,18.1,OHLC,↓,LH/LL,DT,False,265,2,universe
HSHP,2026-09-21,18.86,0.65,True,17.42,0.148,1.04,False,78.1,-1.03,79.2,True,3.42,2.68,63.5,-0.8,E 延伸,False,2:49,84.6,升,200.0,25,False,,0.082,0.1117,,False,False,7.66,2.24,17.95,4.83,1.41,8.6,OHLC,↑,HH/HL,自然回檔,False,265,2,universe
RES,2026-09-21,5.68,0.22,False,6.27,-0.02,-0.13,False,78.1,-0.55,78.6,True,3.81,2.29,11.6,-3.8,D 趨勢弱,True,7:00,210.0,跌,67.0,7,False,,-0.0993,-0.0865,-0.0993,False,False,-10.33,-2.71,6.14,-8.1,-2.13,9.9,OHLC,—,HH/HL,DT,False,265,2,universe
EEFT,2026-09-21,66.1,2.31,False,70.41,-0.196,-0.46,True,77.7,0.75,76.9,True,3.5,2.68,25.3,-1.0,D 趨勢弱,False,4:22,131.1,跌,23.0,3,False,,-0.4366,-0.3382,-1.2015,False,False,-6.52,-1.86,72.18,-9.2,-2.63,39.2,OHLC,↓,LH/LL,DT,False,265,2,universe
STLD,2026-09-21,229.99,8.63,False,239.98,-0.779,-0.47,True,77.6,0.1,77.5,True,3.75,2.44,48.3,-5.1,C 基底修復,False,3:31,105.7,跌,9.0,1,False,,-0.1886,0.384,-4.7695,False,False,-4.35,-1.16,245.35,-6.68,-1.78,255.4,OHLC,↓,LH/LL,DT,False,265,2,universe
PRLB,2026-09-21,87.68,2.98,True,83.32,0.075,-0.08,False,77.2,-0.19,77.4,True,3.4,2.87,62.9,-5.0,B 上升結構,False,11:47,353.5,升,46.0,4,False,,0.9183,0.7797,,False,False,4.97,1.46,87.91,-0.26,-0.08,17.4,OHLC,↑,HH/HL,UT,False,265,2,universe
BG,2026-09-21,112.61,4.57,True,117.23,0.144,0.41,False,77.0,-0.8,77.8,True,4.05,2.25,32.1,-13.6,C 基底修復,False,5:08,153.8,跌,35.0,4,False,,-0.9178,-0.5188,-1.4504,False,False,-4.1,-1.01,109.82,2.48,0.61,225.6,OHLC,—,HH/HL,DT,False,265,2,universe
FLGT,2026-09-21,21.54,0.66,True,20.09,0.088,1.2,False,76.7,-0.58,77.3,True,3.07,3.29,39.6,1.6,D 趨勢弱,False,2:49,84.6,升,145.0,23,False,,0.1746,0.202,,False,False,6.72,2.19,19.58,9.1,2.96,7.1,OHLC,↑,HH/HL,UT,False,265,2,universe
LZB,2026-09-21,29.7,1.04,False,33.2,-0.291,-1.45,True,76.5,0.34,76.1,True,3.49,2.92,3.3,0.3,D 趨勢弱,False,12:32,15.9,升,59.0,5,False,,0.0668,0.0426,,False,False,-11.79,-3.38,32.73,-10.2,-2.92,24.8,OHLC,↓,LH/LL,DT,False,265,2,universe
BV,2026-09-21,10.64,0.34,False,11.22,-0.029,-0.21,True,76.3,0.69,75.6,True,3.17,3.27,20.4,2.9,D 趨勢弱,False,2:49,84.6,升,133.0,18,False,,0.0112,0.0216,,False,False,-5.5,-1.73,11.36,-6.77,-2.14,9.3,OHLC,↓,LH/LL,DT,False,265,2,universe
OMCL,2026-09-21,32.43,1.18,False,34.68,-0.142,-0.67,True,75.7,0.85,74.9,True,3.62,2.92,16.6,2.7,D 趨勢弱,False,2:49,84.6,升,114.0,14,False,,0.0699,0.0536,,False,False,-6.93,-1.91,33.51,-3.33,-0.92,19.6,OHLC,↓,LH/LL,DT,False,265,2,universe
APTV,2026-09-21,43.57,1.49,False,46.03,-0.158,-0.83,True,75.6,0.55,75.1,True,3.43,3.14,7.6,3.5,D 趨勢弱,False,2:49,84.6,升,243.0,14,False,,0.1255,0.1144,,False,False,-5.64,-1.65,45.69,-4.87,-1.42,231.5,OHLC,↓,LH/LL,DT,False,265,2,universe
META,2026-09-21,741.25,25.95,True,617.46,10.504,0.91,False,75.3,-3.1,78.4,True,3.5,3.12,42.1,14.0,E 延伸,False,2:49,84.6,升,257.0,18,False,,10.8703,7.7982,,False,False,16.7,4.77,665.75,10.19,2.91,15134.8,OHLC,↑,HH/HL,UT,False,265,2,universe
MTDR,2026-09-21,54.09,2.1,True,57.25,0.269,0.91,False,75.0,-2.41,77.4,True,3.88,2.8,33.6,-18.4,C 基底修復,False,4:32,136.0,跌,26.0,4,False,,-0.8002,-0.5127,-0.8002,False,False,-5.84,-1.51,63.82,-17.99,-4.64,98.1,OHLC,↓,LH/LL,DT,False,265,2,universe
RDVT,2026-09-21,75.5,2.79,True,72.39,0.278,0.61,True,75.0,0.41,74.6,False,3.7,2.99,76.2,1.0,B 上升結構,False,3:30,105.2,跌,8.0,1,False,,-0.1019,0.011,-1.2438,False,False,4.12,1.11,73.05,3.25,0.88,17.1,OHLC,↑,HH/HL,自然回檔,False,265,2,universe
WLFC,2026-09-21,54.74,2.12,False,55.72,-0.235,-1.03,True,74.5,1.21,73.3,False,3.88,2.9,29.9,-4.5,D 趨勢弱,False,2:49,84.6,升,119.0,15,False,,0.3218,0.3291,,False,True,-1.79,-0.46,52.81,3.53,0.91,9.4,OHLC,—,HH/HL,DT,False,265,2,universe
NTGR,2026-09-21,22.22,0.88,False,22.0,-0.107,-0.39,True,74.3,0.42,73.9,False,3.98,2.84,11.0,-3.8,D 趨勢弱,False,11:05,332.6,升,35.0,8,False,,0.2028,0.2131,,False,True,1.0,0.25,21.71,2.3,0.58,7.8,OHLC,↑,HH/HL,次級反彈,False,265,2,universe
LMAT,2026-09-21,79.2,2.15,False,80.84,-0.046,-0.89,True,74.2,0.55,73.7,False,2.71,4.11,21.2,2.2,D 趨勢弱,False,2:49,84.6,升,122.0,16,False,,0.4302,0.464,,False,True,-2.07,-0.76,80.77,-1.98,-0.73,22.4,OHLC,—,LH/LL,自然回檔,True,265,2,universe
NGVC,2026-09-21,30.9,1.22,True,28.19,0.123,0.06,True,73.7,0.58,73.1,False,3.94,2.98,36.6,-0.3,C 基底修復,False,2:49,84.6,升,206.0,16,False,,0.4719,0.4374,,False,False,8.77,2.22,27.16,12.1,3.07,4.6,OHLC,↑,HH/HL,UT,False,265,2,universe
BHE,2026-09-21,77.16,2.9,False,74.78,-0.091,-0.41,True,73.0,1.21,71.8,False,3.76,3.3,59.2,-0.2,C 基底修復,False,2:16,68.2,升,88.0,10,False,,0.7534,0.62,,False,True,3.08,0.82,73.69,4.5,1.2,26.4,OHLC,—,LH/LL,UT,True,265,2,universe
MUR,2026-09-21,36.18,1.44,True,36.81,0.134,0.39,False,73.0,-0.9,73.9,False,3.98,3.08,38.7,-16.3,C 基底修復,False,3:42,111.2,跌,12.0,1,False,,-0.1224,0.0241,-0.4983,False,True,-1.74,-0.44,36.44,-0.72,-0.18,57.9,OHLC,↑,HH/HL,自然回檔,False,265,2,universe
IMXI,2026-09-21,12.27,0.42,False,13.68,-0.011,-0.14,True,72.8,0.67,72.1,False,3.43,3.67,13.5,2.9,D 趨勢弱,True,7:44,232.2,跌,79.0,8,False,,-0.2852,-0.2688,-0.2852,False,False,-11.53,-3.36,12.3,-0.24,-0.07,5.1,OHLC,↓,LH/LL,DT,False,265,2,universe
TSLA,2026-09-21,375.3,13.27,True,355.5,1.598,0.49,True,72.7,0.36,72.3,False,3.53,3.59,17.6,-3.6,C 基底修復,False,10:54,326.8,升,32.0,3,False,,0.8218,0.1733,,False,False,5.28,1.49,356.09,5.12,1.45,14765.6,OHLC,—,HH/HL,自然反彈,True,265,2,universe
ATEN,2026-09-21,26.94,1.09,False,26.07,-0.037,-0.55,True,72.6,0.63,72.0,False,4.05,3.09,49.5,-2.5,C 基底修復,False,12:24,12.0,升,57.0,17,False,,0.4601,0.4451,,False,True,3.22,0.79,26.12,3.04,0.75,31.9,OHLC,—,LH/LL,自然反彈,False,265,2,universe
TDAY,2026-09-21,6.39,0.28,False,6.58,-0.045,-1.22,True,72.6,0.53,72.0,False,4.45,2.7,37.6,15.3,C 基底修復,False,2:49,84.6,升,171.0,12,False,,0.0635,0.0632,,False,True,-2.99,-0.67,6.47,-1.25,-0.28,14.8,OHLC,—,LH/LL,自然反彈,True,265,2,universe
CYH,2026-09-21,2.89,0.1,False,2.93,-0.003,-0.06,True,72.4,0.21,72.2,False,3.62,3.56,22.0,-1.3,D 趨勢弱,False,12:45,22.7,升,63.0,9,False,,0.0017,0.0037,,False,True,-1.22,-0.34,2.89,0.0,0.0,3.4,OHLC,—,HH/HL,自然回檔,True,265,2,universe
SITC,2026-09-21,3.02,0.09,False,2.95,-0.004,-0.68,True,71.6,0.27,71.3,False,3.04,4.29,15.0,2.6,D 趨勢弱,False,2:20,70.0,升,89.0,22,False,,0.0525,0.0472,,False,True,2.2,0.73,3.07,-1.66,-0.54,3.1,OHLC,↓,LH/LL,自然反彈,False,265,2,universe
INR,2026-09-21,12.74,0.59,False,14.27,-0.053,-0.26,True,71.4,0.04,71.4,False,4.65,2.72,1.8,-1.3,D 趨勢弱,True,8:49,264.6,跌,121.0,8,False,,-0.3819,-0.3718,-0.3819,False,False,-11.98,-2.58,,,,3.8,OHLC,—,HH/HL,DT,False,265,2,universe
DOCU,2026-09-21,68.57,2.78,True,64.98,0.302,0.79,True,71.3,0.64,70.7,False,4.06,3.32,47.4,0.9,B 上升結構,False,3:44,111.8,跌,12.0,1,False,,-0.0388,0.1174,-0.3793,False,False,5.23,1.29,64.64,5.73,1.41,262.4,OHLC,↑,HH/HL,自然回檔,False,265,2,universe
VRNS,2026-09-21,48.46,1.98,True,44.96,0.149,0.46,True,71.1,0.67,70.4,False,4.09,3.33,40.9,-1.7,E 延伸,False,2:31,75.5,升,92.0,16,False,,0.2599,0.2429,,False,False,7.21,1.76,45.12,6.88,1.68,97.5,OHLC,↑,HH/HL,UT,False,265,2,universe
WTTR,2026-09-21,20.6,0.8,False,20.3,-0.004,-0.0,True,71.1,0.27,70.8,False,3.88,3.54,70.9,-1.9,A 待突破,False,2:49,84.6,升,104.0,10,False,,0.0415,0.0458,,False,True,1.46,0.38,20.37,1.12,0.29,30.6,OHLC,—,HH/HL,UT,True,265,2,universe
IBM,2026-09-21,231.93,7.46,False,235.69,-0.208,0.12,True,70.4,0.38,70.0,False,3.22,4.34,34.2,12.5,D 趨勢弱,False,3:45,112.7,跌,13.0,2,False,,-0.4071,-0.0138,-6.4153,False,True,-1.62,-0.5,229.1,1.22,0.38,1279.5,OHLC,↑,HH/HL,自然回檔,False,265,2,universe
PZZA,2026-09-21,20.29,0.89,False,22.47,-0.207,-2.08,True,69.7,0.98,68.7,False,4.4,3.29,2.0,2.0,D 趨勢弱,True,9:34,286.9,升,9.0,1,False,,0.0263,-0.0106,,False,False,-10.77,-2.45,21.82,-7.54,-1.71,28.4,OHLC,↓,LH/LL,自然反彈,False,265,2,universe
EXTR,2026-09-21,22.73,0.87,False,22.8,-0.059,-1.52,True,69.5,0.78,68.7,False,3.83,3.9,53.2,0.6,D 趨勢弱,False,2:49,84.6,升,130.0,17,False,,0.3224,0.2877,,False,True,-0.33,-0.09,22.2,2.33,0.61,30.6,OHLC,—,LH/LL,UT,True,265,2,universe
LXU,2026-09-21,10.44,0.51,True,10.85,0.044,0.57,False,69.4,-2.6,72.0,False,4.89,2.86,20.1,-7.1,D 趨勢弱,False,3:57,118.5,跌,16.0,2,False,,-0.0642,-0.0095,-0.1863,False,True,-3.96,-0.81,11.23,-7.57,-1.55,8.4,OHLC,—,HH/HL,DT,False,265,2,universe
BMBL,2026-09-21,2.85,0.13,False,2.81,-0.0,-0.16,True,68.9,1.41,67.4,False,4.72,3.13,13.2,-11.8,D 趨勢弱,False,2:49,84.6,升,119.0,21,False,,0.0002,0.0069,,False,True,1.45,0.31,2.79,2.11,0.45,6.4,OHLC,↑,HH/HL,自然反彈,False,265,2,universe
TDC,2026-09-21,29.36,1.05,True,28.07,0.053,-0.12,True,67.9,0.82,67.1,False,3.58,4.45,40.1,8.3,C 基底修復,False,2:49,84.6,升,197.0,24,False,,0.206,0.2051,,False,False,4.4,1.23,27.36,6.81,1.9,53.3,OHLC,↑,HH/HL,UT,False,265,2,universe
TH,2026-09-21,21.28,0.97,True,18.75,0.148,0.75,True,67.1,0.88,66.2,False,4.55,3.65,65.0,0.0,E 延伸,False,10:06,302.9,升,18.0,3,False,,0.1978,0.1523,,False,False,11.89,2.61,18.55,12.83,2.82,48.7,OHLC,↑,HH/HL,UT,False,265,2,universe
GPRE,2026-09-21,14.85,0.69,False,15.1,-0.0,-0.29,True,66.8,0.16,66.7,False,4.63,3.61,33.5,-4.1,C 基底修復,False,2:11,65.7,升,87.0,11,False,,0.0284,0.0421,,False,True,-1.66,-0.36,15.51,-4.44,-0.96,27.2,OHLC,—,LH/LL,自然反彈,True,265,2,universe
ASX,2026-09-21,43.73,1.78,True,38.52,0.198,0.38,True,66.3,0.25,66.1,False,4.07,4.28,63.2,2.8,E 延伸,False,10:16,308.2,升,21.0,3,False,,0.4813,0.2581,,False,False,11.92,2.93,37.08,15.21,3.74,294.5,OHLC,↑,HH/HL,UT,False,265,2,universe
UMC,2026-09-21,25.43,1.02,True,20.85,0.229,1.02,True,66.0,0.56,65.5,False,4.0,4.41,59.5,1.8,E 延伸,False,2:49,84.6,升,169.0,29,False,,0.48,0.4267,,False,False,18.02,4.51,22.12,13.02,3.26,315.1,OHLC,↑,HH/HL,UT,False,265,2,universe
GFS,2026-09-21,48.57,2.25,False,47.36,-0.217,-0.51,True,65.6,1.16,64.4,False,4.63,3.87,24.5,-0.8,D 趨勢弱,False,2:49,84.6,升,587.0,33,False,,0.8239,0.6514,,False,True,2.48,0.54,42.15,13.22,2.86,197.4,OHLC,↑,HH/HL,UT,False,265,2,universe
IPGP,2026-09-21,77.75,3.63,False,78.04,-0.266,-0.63,True,65.3,0.94,64.4,False,4.67,3.87,20.5,-4.4,D 趨勢弱,False,2:49,84.6,升,144.0,16,False,,0.6878,0.636,,False,True,-0.38,-0.08,74.9,3.67,0.79,40.5,OHLC,—,HH/HL,次級反彈,True,265,2,universe
SYNA,2026-09-21,95.36,4.81,False,97.65,-0.302,-0.42,True,64.9,0.54,64.4,False,5.05,3.59,32.0,-3.9,D 趨勢弱,False,2:49,84.6,升,99.0,13,False,,0.3855,0.1861,,False,True,-2.4,-0.47,101.03,-5.95,-1.18,71.6,OHLC,↓,LH/LL,次級反彈,False,265,2,universe
ORN,2026-09-21,9.18,0.39,False,9.38,-0.043,-0.71,True,64.4,0.49,63.9,False,4.29,4.44,26.3,5.6,D 趨勢弱,False,2:49,84.6,升,127.0,27,False,,0.0967,0.0915,,False,True,-2.19,-0.51,9.28,-1.09,-0.25,3.5,OHLC,—,LH/LL,DT,True,265,2,universe
TCI,2026-09-21,39.67,1.91,True,38.36,0.028,-0.49,False,64.4,-0.33,64.7,False,4.81,3.92,22.7,-10.7,D 趨勢弱,False,2:49,84.6,升,140.0,21,False,,0.3332,0.4276,,False,True,3.29,0.68,37.34,5.87,1.22,3.1,OHLC,—,HH/HL,自然回檔,True,265,2,universe
WBTN,2026-09-21,11.11,0.56,True,9.81,0.071,0.41,True,64.2,0.53,63.7,False,5.0,3.76,20.9,7.0,E 延伸,False,2:49,84.6,升,219.0,23,False,,0.0553,0.0317,,False,False,11.7,2.34,10.34,6.93,1.39,5.6,OHLC,↑,HH/HL,自然反彈,False,265,2,universe
CLOV,2026-09-21,4.54,0.23,False,4.45,-0.018,0.02,True,64.0,1.31,62.7,False,5.02,3.79,54.4,-3.9,C 基底修復,False,1:28,43.8,升,74.0,14,False,,0.0159,0.0242,,False,True,2.0,0.4,4.15,8.59,1.71,18.6,OHLC,↑,HH/HL,自然回檔,False,265,2,universe
CLFD,2026-09-21,30.88,1.32,True,29.04,0.11,0.03,True,63.7,0.66,63.0,False,4.27,4.6,25.1,-3.0,D 趨勢弱,False,2:49,84.6,升,250.0,29,False,,0.3523,0.3237,,False,False,5.97,1.4,27.76,10.1,2.37,5.1,OHLC,↑,HH/HL,UT,False,265,2,universe
RUN,2026-09-21,8.79,0.49,False,9.12,-0.065,-0.74,True,62.3,0.8,61.5,False,5.54,3.62,18.9,6.9,D 趨勢弱,False,2:49,84.6,升,107.0,13,False,,0.0731,0.0512,,False,True,-3.71,-0.67,8.72,0.74,0.13,62.6,OHLC,—,LH/LL,自然反彈,True,265,2,universe
DK,2026-09-21,74.37,4.25,True,73.16,0.389,0.84,False,61.6,-1.82,63.4,False,5.72,3.59,59.7,-2.8,E 延伸,False,3:50,114.8,跌,14.0,1,False,,-0.0976,0.2875,-1.3322,False,True,1.62,0.28,74.47,-0.13,-0.02,178.0,OHLC,—,HH/HL,自然回檔,True,265,2,universe
AESI,2026-09-21,13.27,0.76,True,13.0,0.053,0.81,False,60.7,-0.38,61.1,False,5.72,3.77,39.9,-8.4,D 趨勢弱,False,3:32,105.8,跌,9.0,1,False,,-0.0172,0.0145,-0.3444,False,True,2.06,0.36,13.87,-4.52,-0.79,37.2,OHLC,—,HH/HL,次級回檔,True,265,2,universe
TDOC,2026-09-21,6.27,0.27,False,6.47,-0.031,-0.33,True,60.6,0.55,60.0,False,4.27,5.25,35.0,2.6,D 趨勢弱,False,2:49,84.6,升,120.0,17,False,,0.0611,0.0684,,False,True,-3.13,-0.73,6.47,-3.19,-0.75,21.0,OHLC,↓,LH/LL,DT,False,265,2,universe
PARR,2026-09-21,82.0,4.51,True,80.03,0.668,0.51,False,60.2,-0.99,61.2,False,5.5,4.1,60.4,-7.8,B 上升結構,False,3:21,100.3,跌,6.0,1,False,,-0.0305,0.2229,-2.1783,False,True,2.4,0.44,81.7,0.37,0.07,76.3,OHLC,—,HH/HL,自然回檔,True,265,2,universe
MNPR,2026-09-21,95.72,5.74,False,111.97,-0.619,-0.49,True,59.9,0.74,59.2,False,6.0,3.65,47.2,0.9,D 趨勢弱,True,8:49,264.6,跌,345.0,42,False,,-2.2688,-2.1336,-2.2688,False,False,-16.98,-2.83,,,,14.1,OHLC,—,HH/HL,DT,False,265,2,universe
OKTA,2026-09-21,191.33,9.5,True,163.7,1.053,0.67,True,59.9,0.58,59.3,False,4.97,4.7,65.0,2.5,E 延伸,False,2:49,84.6,升,135.0,17,False,,1.5291,1.5866,,False,False,14.44,2.91,182.37,4.68,0.94,878.9,OHLC,↑,HH/HL,UT,False,265,2,universe
AMR,2026-09-21,175.49,10.78,True,198.58,0.851,0.61,True,59.8,1.56,58.3,False,6.14,3.53,6.0,0.4,C 基底修復,False,5:40,170.0,跌,44.0,8,False,,-7.6699,-7.5836,-7.6699,False,False,-13.16,-2.14,,,,60.7,OHLC,—,HH/HL,DT,False,265,2,universe
INTG,2026-09-21,38.04,2.28,True,35.34,0.172,0.54,True,59.4,1.38,58.0,False,5.99,3.77,51.2,-2.4,E 延伸,False,2:49,84.6,升,257.0,30,False,,0.117,0.0984,,False,False,7.11,1.19,35.94,5.52,0.92,3.8,OHLC,—,HH/HL,UT,True,265,2,universe
WING,2026-09-21,107.33,6.5,False,111.81,-0.297,-0.62,True,59.4,1.99,57.4,False,6.06,3.7,9.5,8.1,D 趨勢弱,False,2:49,84.6,升,165.0,25,False,,0.2635,0.0114,,False,True,-4.17,-0.69,100.13,6.71,1.11,133.0,OHLC,—,HH/HL,自然反彈,False,265,2,universe
CRWD,2026-09-21,249.35,13.32,True,219.33,1.102,0.52,True,59.2,0.15,59.0,False,5.34,4.48,64.8,1.8,E 延伸,False,12:14,7.1,升,54.0,6,False,,3.2688,3.0054,,False,False,12.04,2.25,237.65,4.69,0.88,3232.0,OHLC,↑,HH/HL,UT,False,265,2,universe
MTRN,2026-09-21,254.63,11.44,False,252.66,-2.088,-0.4,True,59.0,1.15,57.8,False,4.49,5.36,72.0,-6.2,C 基底修復,False,1:02,31.0,升,67.0,10,False,,1.1863,0.9079,,False,True,0.77,0.17,234.87,7.76,1.73,66.1,OHLC,—,HH/HL,UT,True,265,2,universe
PSN,2026-09-21,45.33,1.74,False,46.98,-0.071,-0.23,True,57.9,0.82,57.1,False,3.84,6.24,23.4,3.3,D 趨勢弱,False,3:58,119.1,跌,16.0,2,False,,-0.0171,-0.0017,-1.5853,False,True,-3.63,-0.95,47.59,-4.99,-1.3,52.5,OHLC,—,LH/LL,次級回檔,True,265,2,universe
TITN,2026-09-21,23.8,1.32,True,21.44,0.079,0.42,True,57.8,0.84,57.0,False,5.53,4.58,51.9,0.1,E 延伸,False,2:49,84.6,升,156.0,21,False,,0.0056,0.0652,,False,False,9.93,1.79,23.22,2.44,0.44,8.1,OHLC,↑,HH/HL,自然回檔,False,265,2,universe
ON,2026-09-21,71.72,3.76,False,73.85,-0.396,-0.79,True,57.7,0.54,57.2,False,5.24,4.89,24.0,0.0,D 趨勢弱,False,2:49,84.6,升,192.0,17,False,,0.3371,0.1694,,False,True,-2.98,-0.57,76.14,-6.16,-1.18,734.6,OHLC,↓,LH/LL,次級反彈,False,265,2,universe
RBLX,2026-09-21,51.25,2.41,True,41.41,0.494,0.86,True,57.2,0.33,56.9,False,4.71,5.53,25.0,0.0,E 延伸,False,2:49,84.6,升,211.0,24,False,,0.877,0.8147,,False,False,19.2,4.08,47.43,7.45,1.58,514.7,OHLC,↑,HH/HL,自然反彈,False,265,2,universe
RDDT,2026-09-21,158.73,8.18,False,159.94,-0.077,-0.02,True,56.3,0.73,55.6,False,5.15,5.28,27.1,0.8,D 趨勢弱,False,2:49,84.6,升,128.0,13,False,,0.8745,0.6508,,False,True,-0.76,-0.15,149.21,6.0,1.16,748.0,OHLC,—,HH/HL,自然反彈,False,265,2,universe
AVAV,2026-09-21,160.9,9.21,False,156.15,-0.71,-0.13,True,56.1,1.16,55.0,False,5.73,4.76,24.3,6.7,D 趨勢弱,False,1:07,33.4,升,69.0,6,False,,2.1392,2.0629,,False,True,2.95,0.52,,,,370.3,OHLC,—,LH/LL,自然回檔,False,265,2,universe
PLTK,2026-09-21,2.31,0.13,False,2.38,-0.036,-1.53,True,55.9,1.07,54.8,False,5.77,4.76,23.3,4.3,D 趨勢弱,False,2:49,84.6,升,149.0,16,False,,0.0501,0.0501,,False,True,-3.1,-0.54,2.38,-3.03,-0.53,3.1,OHLC,—,LH/LL,自然反彈,True,265,2,universe
AMBQ,2026-09-21,71.09,3.99,True,62.22,0.203,0.1,True,55.7,0.71,55.0,False,5.61,4.96,52.1,-2.1,E 延伸,False,2:45,82.4,升,96.0,13,False,,1.4587,1.0042,,False,False,12.47,2.22,59.61,16.15,2.88,40.7,OHLC,↑,HH/HL,UT,False,265,2,universe
USNA,2026-09-21,14.49,0.67,False,14.16,-0.031,-0.7,True,55.3,1.05,54.2,False,4.65,6.03,5.1,-3.2,D 趨勢弱,False,2:49,84.6,升,130.0,18,False,,0.1592,0.1772,,False,True,2.29,0.49,14.83,-2.35,-0.5,3.2,OHLC,—,HH/HL,自然反彈,False,265,2,universe
SG,2026-09-21,7.48,0.44,True,6.57,0.158,0.68,True,54.3,0.97,53.3,False,5.84,5.07,44.7,0.1,C 基底修復,False,2:49,84.6,升,154.0,28,False,,0.0507,0.0238,,False,False,12.15,2.08,6.64,11.16,1.91,35.7,OHLC,↑,HH/HL,UT,False,265,2,universe
VSH,2026-09-21,32.62,1.87,False,31.86,-0.099,-0.51,True,54.1,1.12,53.0,False,5.73,5.22,62.5,-0.8,D 趨勢弱,False,2:49,84.6,升,139.0,34,False,,0.4571,0.4394,,False,True,2.33,0.41,30.8,5.58,0.97,123.3,OHLC,—,HH/HL,UT,True,265,2,universe
AMRC,2026-09-21,24.08,1.39,False,23.49,-0.043,-0.65,True,53.9,0.99,52.9,False,5.77,5.23,21.5,2.8,D 趨勢弱,False,1:37,48.5,升,77.0,10,False,,0.2054,0.1667,,False,True,2.44,0.42,22.79,5.36,0.93,17.0,OHLC,—,HH/HL,UT,True,265,2,universe
TSSI,2026-09-21,8.77,0.53,False,9.29,-0.041,-0.48,True,53.9,0.86,53.1,False,6.05,4.94,14.8,7.2,D 趨勢弱,False,1:07,33.5,升,69.0,10,False,,0.1205,0.1038,,False,True,-5.94,-0.98,8.33,5.02,0.83,7.2,OHLC,—,HH/HL,UT,True,265,2,universe
ANGI,2026-09-21,5.48,0.31,True,4.82,0.013,-0.0,True,52.6,0.66,52.0,False,5.66,5.63,10.0,-4.6,E 延伸,False,2:49,84.6,升,178.0,20,False,,0.1028,0.0928,,False,False,12.06,2.13,4.67,14.78,2.61,4.5,OHLC,↑,HH/HL,UT,False,265,2,universe
XRX,2026-09-21,3.33,0.2,True,3.22,0.004,0.34,False,52.2,-0.4,52.6,False,5.97,5.44,43.4,-1.3,E 延伸,False,2:49,84.6,升,126.0,15,False,,0.0158,0.0304,,False,True,3.44,0.58,2.78,16.52,2.77,8.8,OHLC,↑,HH/HL,自然回檔,False,265,2,universe
LMB,2026-09-21,52.21,2.76,True,46.52,0.039,-0.48,True,51.1,0.75,50.4,False,5.28,6.38,0.0,0.0,E 延伸,False,2:49,84.6,升,118.0,18,False,,1.2976,1.3781,,False,False,10.9,2.06,50.05,4.14,0.78,23.6,OHLC,↑,HH/HL,UT,False,265,2,universe
BRR,2026-09-18,3.76,0.23,True,2.87,0.339,2.54,True,50.6,0.15,50.5,False,6.2,5.58,32.2,4.7,E 延伸,False,2:49,84.6,升,103.0,22,False,,0.1014,0.0784,,False,False,23.72,3.83,3.14,16.49,2.66,7.9,OHLC,↑,HH/HL,UT,False,263,2,universe
HYLN,2026-09-21,4.38,0.3,True,3.91,0.012,0.08,True,50.0,1.3,48.7,False,6.74,5.21,60.0,-0.6,E 延伸,False,2:49,84.6,升,133.0,15,False,,0.0889,0.0771,,False,False,10.8,1.6,3.82,12.79,1.9,8.2,OHLC,↑,HH/HL,UT,False,265,2,universe
TTMI,2026-09-21,124.02,8.19,False,123.03,-0.849,-0.42,True,49.0,0.84,48.2,False,6.6,5.59,53.7,5.7,D 趨勢弱,False,2:49,84.6,升,153.0,17,False,,0.7806,0.2617,,False,True,0.8,0.12,109.94,11.35,1.72,244.5,OHLC,—,HH/HL,自然反彈,False,265,2,universe
SEZL,2026-09-21,116.55,6.46,False,121.26,-0.204,-1.14,True,48.9,0.77,48.2,False,5.54,6.68,57.3,1.1,D 趨勢弱,False,2:49,84.6,升,192.0,17,False,,0.8557,0.8349,,False,True,-4.04,-0.73,121.57,-4.31,-0.78,47.6,OHLC,—,LH/LL,自然反彈,True,265,2,universe
CCB,2026-09-21,45.14,2.13,True,48.27,0.097,0.52,True,47.6,0.15,47.4,False,4.72,7.85,22.9,1.1,D 趨勢弱,False,1:44,51.8,升,79.0,26,False,,0.2574,0.337,,False,False,-6.93,-1.47,44.82,0.71,0.15,7.9,OHLC,—,HH/HL,DT,False,265,2,universe
CLSK,2026-09-21,14.76,0.99,True,12.54,0.085,0.01,True,47.0,1.03,46.0,False,6.68,6.04,51.0,-1.1,E 延伸,False,2:14,67.1,升,87.0,12,False,,0.2624,0.2118,,False,False,15.03,2.25,12.8,13.28,1.99,259.1,OHLC,↑,HH/HL,UT,False,265,2,universe
RIOT,2026-09-21,24.18,1.6,True,20.64,0.135,0.07,True,47.0,0.77,46.2,False,6.62,6.11,59.4,1.2,E 延伸,False,2:49,84.6,升,108.0,12,False,,0.3956,0.2866,,False,False,14.65,2.21,20.95,13.36,2.02,373.1,OHLC,↑,HH/HL,UT,False,265,2,universe
WULF,2026-09-21,17.45,1.21,False,16.24,-0.026,-0.31,True,46.7,1.39,45.3,False,6.95,5.85,32.7,5.8,D 趨勢弱,False,2:49,84.6,升,350.0,35,False,,0.2499,0.1825,,False,True,6.95,1.0,16.14,7.51,1.08,494.0,OHLC,↑,HH/HL,UT,False,265,2,universe
MARA,2026-09-21,13.28,0.93,True,11.07,0.113,0.25,True,46.2,0.31,45.9,False,7.0,5.96,40.0,1.3,E 延伸,False,2:49,84.6,升,284.0,22,False,,0.2105,0.1527,,False,False,16.68,2.38,11.43,13.93,1.99,647.6,OHLC,↑,HH/HL,UT,False,265,2,universe
AHCO,2026-09-21,5.75,0.35,False,5.77,-0.003,-0.88,True,45.8,0.38,45.4,False,6.03,7.02,8.3,-5.8,D 趨勢弱,False,2:49,84.6,升,146.0,19,False,,0.0997,0.109,,False,True,-0.3,-0.05,5.7,0.87,0.14,16.8,OHLC,↑,HH/HL,自然回檔,False,265,2,universe
CMRC,2026-09-21,3.33,0.21,True,2.64,0.042,0.64,True,45.6,0.38,45.3,False,6.33,6.77,29.9,0.3,E 延伸,False,2:49,84.6,升,169.0,19,False,,0.0803,0.1027,,False,False,20.75,3.28,2.36,29.13,4.6,4.5,OHLC,↑,HH/HL,自然回檔,False,265,2,universe
FEIM,2026-09-21,89.0,5.26,True,74.69,0.338,0.64,True,45.4,1.4,44.0,False,5.91,7.27,65.0,1.9,E 延伸,False,1:39,49.4,升,77.0,8,False,,2.5952,2.6389,,False,False,16.07,2.72,89.76,-0.85,-0.14,30.8,OHLC,—,LH/LL,UT,False,265,2,universe
VPG,2026-09-21,64.95,4.25,False,65.72,-0.176,-0.78,True,44.3,1.38,42.9,False,6.54,6.94,50.3,-2.3,D 趨勢弱,False,2:49,84.6,升,133.0,21,False,,1.3882,1.2296,,False,True,-1.19,-0.18,64.68,0.42,0.06,22.3,OHLC,—,LH/LL,自然反彈,True,265,2,universe
CCOI,2026-09-21,9.29,0.79,False,9.62,-0.039,-0.71,True,43.0,0.73,42.3,False,8.54,5.33,7.8,5.9,D 趨勢弱,False,2:34,77.1,升,93.0,13,False,,0.0656,0.0445,,False,True,-3.56,-0.42,9.21,0.86,0.1,20.1,OHLC,—,LH/LL,自然反彈,True,265,2,universe
BE,2026-09-21,272.89,18.79,True,243.37,1.638,0.68,True,41.9,0.87,41.1,False,6.89,7.3,52.3,1.3,E 延伸,False,2:49,84.6,升,166.0,19,False,,2.9081,3.4593,,False,False,10.82,1.57,270.89,0.73,0.11,4548.0,OHLC,—,HH/HL,次級反彈,True,265,2,universe
NABL,2026-09-21,3.92,0.27,False,3.74,-0.012,-0.15,True,41.6,0.8,40.8,False,6.95,7.35,5.7,1.7,D 趨勢弱,False,2:49,84.6,升,136.0,17,False,,0.01,0.0128,,False,True,4.66,0.67,4.02,-2.55,-0.37,13.4,OHLC,—,LH/LL,次級反彈,True,265,2,universe
OCC,2026-09-21,14.78,1.21,False,14.46,-0.028,-0.2,True,41.3,1.19,40.1,False,8.19,6.21,56.8,-2.6,D 趨勢弱,False,12:11,5.3,升,53.0,9,False,,0.2227,0.1976,,False,True,2.16,0.26,13.84,6.36,0.78,4.1,OHLC,—,LH/LL,UT,False,265,2,universe
HUT,2026-09-21,103.42,8.24,True,88.09,0.536,-0.05,True,40.7,0.88,39.8,False,7.97,6.6,51.6,1.6,E 延伸,False,2:49,84.6,升,204.0,13,False,,1.7539,1.2868,,False,False,14.82,1.86,85.71,17.12,2.15,488.3,OHLC,↑,HH/HL,UT,False,265,2,universe
MYGN,2026-09-21,4.01,0.25,True,3.39,0.023,0.92,True,38.8,1.05,37.8,False,6.26,8.93,15.0,10.0,E 延伸,False,2:49,84.6,升,183.0,22,False,,0.1362,0.1439,,False,False,15.4,2.46,3.89,2.99,0.48,8.2,OHLC,↑,HH/HL,自然反彈,False,265,2,universe
CIFR,2026-09-21,18.9,1.66,True,16.76,0.04,-0.32,True,34.2,1.36,32.9,False,8.78,8.09,43.1,28.2,D 趨勢弱,False,2:49,84.6,升,176.0,13,False,,0.4055,0.3099,,False,False,11.3,1.29,16.62,12.06,1.37,651.8,OHLC,↑,HH/HL,UT,False,265,2,universe
CUE,2026-09-21,28.27,4.52,True,29.97,0.784,0.49,False,20.8,-13.35,34.1,False,16.0,8.23,33.0,-27.8,C 基底修復,False,2:49,84.6,升,164.0,17,False,,0.5408,1.1076,,False,True,-6.02,-0.38,28.0,0.96,0.06,9.5,OHLC,↑,HH/HL,自然回檔,False,265,2,universe
EMAT,2026-09-21,3.43,0.61,True,3.51,0.018,0.26,False,18.3,-5.11,23.5,False,17.65,8.65,17.0,2.0,D 趨勢弱,False,2:49,84.6,升,160.0,25,False,,0.0982,0.1314,,False,True,-2.33,-0.13,3.17,7.58,0.43,5.2,OHLC,↑,HH/HL,自然回檔,False,177,2,universe
CAPR,2026-09-21,8.9,0.94,True,7.55,0.058,0.35,True,17.2,0.25,17.0,False,10.61,16.79,18.9,-2.5,E 延伸,False,2:49,84.6,升,426.0,28,False,,0.1785,0.2036,,False,False,15.2,1.43,9.59,-7.75,-0.73,52.1,OHLC,—,HH/HL,次級回檔,True,265,2,universe
SION,2026-09-21,6.0,1.38,False,5.55,-0.304,-1.04,True,5.3,0.23,5.0,False,23.06,31.85,21.3,-4.1,D 趨勢弱,False,2:49,84.6,升,144.0,16,False,,1.1026,1.2059,,False,True,7.48,0.32,,,,9.1,OHLC,—,HH/HL,自然回檔,True,265,2,universe
NGL,2026-09-21,16.28,0.76,False,17.47,-0.022,-0.01,False,70.1,-0.13,70.2,False,4.69,2.92,64.1,1.0,C 基底修復,False,5:48,174.1,跌,47.0,10,True,0.0,-0.2523,-0.2581,-0.2581,True,False,-7.3,-1.56,16.88,-3.69,-0.79,3.7,OHLC,—,HH/HL,DT,False,265,1,universe
LWAY,2026-09-21,23.65,0.98,False,25.4,-0.106,-0.75,False,72.3,-0.04,72.3,False,4.15,3.05,22.9,-4.4,C 基底修復,True,6:24,191.9,跌,57.0,10,False,1.0,-0.0343,-0.0285,-0.7437,False,False,-7.38,-1.78,25.75,-8.88,-2.14,3.2,OHLC,—,LH/LL,DT,True,265,1,universe
ALKT,2026-09-21,18.51,0.85,False,19.73,-0.032,-0.02,False,71.6,-0.62,72.3,False,4.57,2.75,25.0,-18.2,C 基底修復,True,8:49,264.6,跌,243.0,21,False,1.0,-0.1822,-0.1614,-0.2414,False,False,-6.61,-1.45,20.5,-10.75,-2.35,27.8,OHLC,↓,LH/LL,DT,False,265,1,universe
MIAX,2026-09-21,37.84,1.79,False,41.44,-0.156,-0.97,False,71.6,-1.08,72.7,False,4.74,2.59,6.6,-4.1,D 趨勢弱,True,8:49,264.6,跌,119.0,16,False,1.0,-0.4919,-0.486,-0.5305,False,False,-9.52,-2.01,38.79,-2.51,-0.53,61.0,OHLC,↓,LH/LL,自然回檔,False,265,1,universe
HY,2026-09-21,32.6,1.34,False,34.08,-0.167,-0.73,False,70.7,-0.79,71.5,False,4.1,3.39,19.7,-1.4,C 基底修復,True,7:36,228.1,跌,77.0,7,False,1.0,-0.1458,-0.1024,-0.2741,False,False,-4.55,-1.11,33.05,-1.38,-0.34,3.2,OHLC,—,LH/LL,自然回檔,False,265,1,universe
SFM,2026-09-21,68.66,3.25,False,78.26,-0.567,-0.92,False,70.1,-0.27,70.3,False,4.73,2.89,7.6,-1.6,D 趨勢弱,True,8:49,264.6,跌,129.0,16,False,1.0,-0.8613,-0.8561,-1.1525,False,False,-13.98,-2.96,75.09,-9.36,-1.98,124.3,OHLC,↓,LH/LL,DT,False,265,1,universe
KGS,2026-09-21,56.24,2.74,True,60.59,0.009,-0.05,False,67.1,-0.98,68.0,False,4.87,3.33,24.4,-17.9,C 基底修復,False,5:16,157.9,跌,38.0,5,False,1.0,-0.4102,-0.2818,-1.3039,False,False,-7.74,-1.59,58.73,-4.43,-0.91,106.8,OHLC,↓,LH/LL,DT,False,265,1,universe
GSHD,2026-09-21,51.7,3.31,False,62.96,-0.803,-0.85,False,55.0,-1.65,56.6,False,6.4,4.35,14.4,-11.5,D 趨勢弱,True,8:49,264.6,跌,255.0,17,False,1.0,-1.5585,-1.5363,-2.0855,False,False,-21.77,-3.4,54.55,-5.51,-0.86,17.5,OHLC,↓,LH/LL,DT,False,265,1,universe
ARTV,2026-09-21,7.83,0.63,False,10.24,-0.144,-1.56,False,48.9,-4.25,53.1,False,7.99,4.24,39.4,-0.6,D 趨勢弱,True,8:49,264.6,跌,223.0,22,False,1.0,-0.3583,-0.3375,-0.3583,False,False,-30.83,-3.86,,,,3.3,OHLC,—,HH/HL,DT,False,265,1,universe
ED,2026-09-21,103.86,1.68,False,107.31,-0.101,-0.26,False,94.4,-0.27,94.6,True,1.62,1.07,35.6,-2.7,D 趨勢弱,False,5:51,175.6,跌,48.0,7,False,2.0,-0.2022,-0.0946,-0.5733,False,False,-3.32,-2.05,108.54,-4.51,-2.78,206.4,OHLC,↓,LH/LL,DT,False,265,1,universe
VLY,2026-09-21,13.4,0.3,False,14.04,-0.03,-0.8,False,91.1,-0.14,91.3,True,2.24,1.25,42.7,-0.7,C 基底修復,False,4:34,137.1,跌,26.0,4,False,2.0,-0.018,-0.0069,-0.1228,False,False,-4.78,-2.14,14.03,-4.7,-2.1,88.0,OHLC,↓,LH/LL,DT,False,265,1,universe
UPS,2026-09-21,94.75,2.32,False,102.21,-0.549,-0.69,False,87.4,-1.62,89.0,True,2.45,1.85,15.9,-17.2,D 趨勢弱,False,4:59,149.4,跌,33.0,4,False,2.0,-0.3933,-0.1094,-1.4973,False,False,-7.88,-3.22,102.46,-8.14,-3.32,426.0,OHLC,↓,LH/LL,DT,False,265,1,universe
VAL,2026-09-21,81.79,3.65,False,85.97,-0.016,0.15,False,72.1,-0.16,72.2,False,4.47,2.77,32.4,-14.9,C 基底修復,True,7:32,225.8,跌,75.0,10,False,2.0,-0.6887,-0.6051,-0.844,False,False,-5.11,-1.14,88.23,-7.87,-1.76,94.4,OHLC,—,LH/LL,DT,True,265,1,universe
SNDX,2026-09-21,18.07,0.82,False,19.2,-0.088,-0.64,False,70.3,-0.03,70.4,False,4.56,3.01,13.2,6.2,C 基底修復,False,5:40,170.0,跌,44.0,8,True,2.0,-0.1788,-0.2333,-0.5382,True,False,-6.23,-1.37,20.16,-11.57,-2.54,29.7,OHLC,↓,LH/LL,自然反彈,False,265,1,universe
RYZ,2026-09-21,23.94,1.02,False,25.8,-0.11,-0.65,True,70.2,0.33,69.9,False,4.27,3.32,24.7,4.0,C 基底修復,False,5:29,164.5,跌,41.0,6,False,2.0,-0.06,-0.0463,-0.4921,False,False,-7.78,-1.82,24.68,-3.09,-0.72,10.5,OHLC,↓,LH/LL,DT,False,265,1,universe
HMY,2026-09-21,19.0,0.86,False,20.47,-0.036,0.15,False,67.1,-1.45,68.5,False,4.55,3.65,42.5,-10.4,D 趨勢弱,True,8:49,264.6,跌,242.0,16,False,2.0,-0.2625,-0.2336,-0.3958,False,False,-7.71,-1.69,20.22,-6.42,-1.41,87.5,OHLC,—,LH/LL,自然回檔,False,265,1,universe
TWFG,2026-09-21,25.72,1.34,False,28.23,-0.048,-0.09,False,67.0,-0.74,67.8,False,5.19,3.01,38.1,-10.8,C 基底修復,True,8:49,264.6,跌,147.0,14,False,2.0,-0.3557,-0.3006,-0.4384,False,False,-9.74,-1.88,28.13,-9.37,-1.8,4.5,OHLC,↓,LH/LL,DT,False,265,1,universe
ADNT,2026-09-21,17.46,0.87,False,18.97,-0.067,-0.6,True,66.8,0.37,66.4,False,4.96,3.3,4.6,-0.5,D 趨勢弱,False,5:35,167.4,跌,43.0,5,False,2.0,-0.113,-0.079,-0.24,False,False,-8.65,-1.74,19.06,-9.16,-1.85,16.5,OHLC,↓,LH/LL,DT,False,265,1,universe
RILY,2026-09-21,5.8,0.29,False,6.84,-0.053,-1.02,False,66.2,-0.51,66.7,False,5.07,3.31,5.0,0.0,D 趨勢弱,True,8:09,244.3,跌,86.0,9,False,2.0,-0.0941,-0.0925,-0.0981,False,False,-17.87,-3.52,7.1,-22.41,-4.42,3.1,OHLC,↓,LH/LL,DT,False,265,1,universe
RAPP,2026-09-21,39.66,2.19,False,46.01,-0.379,-0.4,False,65.1,-1.33,66.4,False,5.52,3.07,34.1,-2.0,D 趨勢弱,True,8:49,264.6,跌,218.0,15,False,2.0,-0.9162,-0.9095,-0.9747,False,False,-16.0,-2.9,42.78,-7.87,-1.42,14.2,OHLC,↓,LH/LL,DT,False,265,1,universe
YSWY,2026-09-21,20.4,1.15,False,23.63,-0.08,-0.0,False,63.7,-1.22,64.9,False,5.63,3.24,0.0,-0.6,D 趨勢弱,True,8:49,264.6,跌,125.0,15,False,2.0,-0.4543,-0.4119,-0.4543,False,False,-15.85,-2.82,22.95,-12.5,-2.22,5.9,OHLC,↓,LH/LL,DT,False,105,1,universe
OLMA,2026-09-21,9.63,0.56,False,10.45,-0.058,-0.63,False,62.3,-0.34,62.7,False,5.79,3.36,4.7,0.2,D 趨勢弱,True,7:03,211.7,跌,68.0,6,False,2.0,-0.0679,-0.0627,-0.128,False,False,-8.53,-1.47,10.91,-13.29,-2.3,10.0,OHLC,↓,LH/LL,DT,False,265,1,universe
HUBG,2026-09-21,31.68,1.73,False,37.99,-0.305,-0.93,False,62.2,-0.23,62.5,False,5.46,3.71,0.0,-5.0,D 趨勢弱,True,8:49,264.6,跌,438.0,40,False,2.0,-0.2187,-0.1837,-1.0125,False,False,-19.93,-3.65,36.68,-15.78,-2.89,39.1,OHLC,↓,LH/LL,DT,False,265,1,universe
WRBY,2026-09-21,23.25,1.41,False,25.01,-0.192,-0.71,True,60.2,0.78,59.4,False,6.08,3.52,11.5,1.5,D 趨勢弱,False,4:54,147.0,跌,32.0,4,False,2.0,-0.1101,-0.1076,-0.5551,False,False,-7.58,-1.25,24.18,-4.0,-0.66,59.6,OHLC,—,LH/LL,自然反彈,True,265,1,universe
CWH,2026-09-21,5.48,0.34,False,6.25,-0.034,-0.55,False,58.1,-0.83,58.9,False,6.27,3.78,0.0,0.0,D 趨勢弱,True,6:22,191.2,跌,56.0,9,False,2.0,-0.1028,-0.0996,-0.1031,False,False,-14.0,-2.23,5.79,-5.66,-0.9,9.3,OHLC,↓,LH/LL,DT,False,265,1,universe
KLRA,2026-09-21,11.99,1.1,False,15.72,-0.179,-1.09,False,45.6,-2.67,48.3,False,9.16,3.95,0.0,0.0,D 趨勢弱,True,8:49,264.6,跌,178.0,16,False,2.0,-0.2814,-0.2695,-0.3133,False,False,-31.14,-3.4,16.41,-36.86,-4.02,11.4,OHLC,↓,LH/LL,DT,False,108,1,universe
TKR,2026-09-21,114.84,3.49,False,122.98,-0.443,-0.95,False,83.4,-0.03,83.4,True,3.04,2.05,38.3,-2.5,C 基底修復,False,3:27,103.7,跌,8.0,1,False,3.0,-0.0455,0.0076,-1.4683,False,False,-7.09,-2.33,119.92,-4.42,-1.45,102.7,OHLC,↓,LH/LL,DT,False,265,1,universe
SSYS,2026-09-21,7.91,0.31,False,8.1,-0.015,-0.37,False,74.9,-0.6,75.5,False,3.94,2.77,15.2,6.6,D 趨勢弱,False,10:21,310.5,升,22.0,3,False,3.0,0.0506,0.0437,,False,True,-2.34,-0.59,7.51,5.06,1.28,5.8,OHLC,—,HH/HL,自然反彈,True,265,1,universe
IRON,2026-09-21,68.49,3.04,False,76.16,-0.253,-0.66,False,74.8,-0.18,75.0,False,4.44,2.28,11.4,-0.1,D 趨勢弱,True,8:49,264.6,跌,138.0,16,False,3.0,-1.0002,-1.1351,-1.5619,True,False,-11.2,-2.52,72.07,-5.23,-1.18,37.5,OHLC,↓,LH/LL,自然反彈,False,265,1,universe
WSC,2026-09-21,18.1,0.81,False,20.96,-0.333,-1.5,False,73.2,-0.65,73.8,False,4.45,2.58,16.3,-0.1,D 趨勢弱,True,9:57,298.6,升,16.0,2,False,3.0,0.0284,0.0006,,False,False,-15.78,-3.55,19.98,-10.39,-2.33,46.0,OHLC,↓,LH/LL,DT,False,265,1,universe
EE,2026-09-21,33.92,1.62,False,37.72,-0.216,-0.37,False,72.8,-2.99,75.8,False,4.78,2.31,18.1,-22.4,D 趨勢弱,True,7:06,212.9,跌,68.0,8,False,3.0,-0.545,-0.4029,-0.545,False,False,-11.21,-2.34,36.04,-6.25,-1.31,15.4,OHLC,↓,LH/LL,DT,False,265,1,universe
TGTX,2026-09-21,57.16,2.39,True,53.86,0.258,0.76,False,72.8,-0.27,73.0,False,4.17,2.93,72.5,-3.0,E 延伸,False,10:03,301.3,升,17.0,2,False,3.0,0.0969,0.0309,,False,False,5.78,1.38,53.93,5.65,1.35,106.5,OHLC,↑,HH/HL,UT,False,265,1,universe
FOXF,2026-09-21,18.47,0.78,False,20.53,-0.083,-0.08,False,71.2,-0.31,71.5,False,4.25,3.15,34.6,0.1,D 趨勢弱,True,8:49,264.6,跌,262.0,18,False,3.0,-0.2531,-0.2387,-0.2615,False,False,-11.13,-2.62,19.09,-3.36,-0.79,7.5,OHLC,↓,LH/LL,DT,False,265,1,universe
MGPI,2026-09-21,13.39,0.64,False,16.08,-0.293,-1.27,False,70.3,-2.3,72.6,False,4.8,2.77,0.0,0.0,D 趨勢弱,True,8:49,264.6,跌,169.0,26,False,3.0,-0.2153,-0.1948,-0.2503,False,False,-20.06,-4.18,17.06,-27.41,-5.71,3.5,OHLC,↓,LH/LL,DT,False,265,1,universe
BH,2026-09-21,343.13,18.12,False,378.0,-0.835,-0.39,True,68.5,0.77,67.7,False,5.28,2.65,16.2,-0.6,D 趨勢弱,False,5:40,170.0,跌,44.0,11,False,3.0,-3.3746,-3.3249,-5.6287,False,False,-10.16,-1.92,355.72,-3.67,-0.69,54.1,OHLC,↓,LH/LL,DT,False,265,1,universe
BELFB,2026-09-21,243.46,10.66,False,257.0,-1.719,-1.1,True,65.0,1.19,63.8,False,4.38,4.23,47.8,1.8,C 基底修復,False,10:07,303.5,升,19.0,2,False,3.0,0.8427,0.2991,,False,False,-5.56,-1.27,250.36,-2.83,-0.65,36.3,OHLC,—,LH/LL,自然反彈,True,265,1,universe
QUBT,2026-09-21,8.96,0.42,False,8.47,-0.005,-0.22,True,63.5,0.96,62.6,False,4.71,4.19,35.7,-5.2,D 趨勢弱,False,10:31,315.5,升,25.0,3,False,3.0,0.1089,0.0695,,False,False,5.47,1.16,,,,57.3,OHLC,—,LH/LL,UT,False,265,1,universe
ECG,2026-09-21,116.77,5.71,False,122.92,-0.674,-0.96,True,63.1,0.87,62.3,False,4.89,4.09,33.5,4.3,D 趨勢弱,False,10:45,322.7,升,29.0,3,False,3.0,0.6354,0.3521,,False,False,-5.27,-1.08,119.42,-2.27,-0.46,53.6,OHLC,—,LH/LL,自然反彈,True,265,1,universe
LXEO,2026-09-21,4.08,0.25,False,4.66,-0.02,-0.32,False,60.3,-1.14,61.4,False,6.16,3.42,0.0,0.0,D 趨勢弱,True,8:49,264.6,跌,194.0,15,False,3.0,-0.0635,-0.0677,-0.0923,True,False,-14.24,-2.31,4.38,-7.35,-1.19,3.2,OHLC,↓,LH/LL,DT,False,265,1,universe
AVTX,2026-09-21,16.17,1.0,False,18.37,-0.042,-0.56,False,58.6,-0.37,59.0,False,6.19,3.74,17.7,-0.2,D 趨勢弱,True,8:49,264.6,跌,120.0,16,False,3.0,-0.2627,-0.2895,-0.4529,True,False,-13.61,-2.2,16.69,-3.22,-0.52,16.9,OHLC,↓,LH/LL,自然回檔,False,265,1,universe
RCKT,2026-09-21,3.27,0.22,False,3.56,-0.008,0.01,False,57.3,-0.16,57.4,False,6.64,3.59,9.3,0.8,D 趨勢弱,True,7:03,211.4,跌,67.0,8,False,3.0,-0.0461,-0.0399,-0.0831,False,False,-8.88,-1.34,3.76,-14.83,-2.23,5.1,OHLC,—,LH/LL,自然回檔,False,265,1,universe
TNXP,2026-09-21,10.72,0.68,False,12.63,-0.048,-0.11,False,56.0,-0.01,56.0,False,6.37,4.14,11.5,1.1,D 趨勢弱,True,8:08,244.0,跌,86.0,11,False,3.0,-0.3037,-0.2934,-0.3037,False,False,-17.86,-2.8,,,,4.8,OHLC,—,HH/HL,DT,False,265,1,universe
FN,2026-09-21,401.57,24.49,False,449.64,-4.055,-0.81,True,52.4,1.34,51.0,False,6.1,5.26,15.9,4.6,D 趨勢弱,False,10:45,322.4,升,29.0,2,False,3.0,1.999,0.4507,,False,False,-11.97,-1.96,392.68,2.21,0.36,336.3,OHLC,—,LH/LL,自然反彈,True,265,1,universe
CLYM,2026-09-21,13.64,1.08,False,15.09,-0.013,0.02,False,48.4,-0.12,48.6,False,7.93,4.41,40.9,-1.4,D 趨勢弱,True,8:49,264.6,跌,146.0,17,False,3.0,-0.2295,-0.2258,-0.3352,False,False,-10.63,-1.34,16.4,-20.23,-2.55,24.7,OHLC,—,HH/HL,DT,False,265,1,universe
LWLG,2026-09-21,5.48,0.4,False,6.02,-0.095,-1.23,True,43.2,0.85,42.4,False,7.28,6.52,24.7,2.7,D 趨勢弱,False,10:21,310.6,升,23.0,3,False,3.0,0.0701,0.0276,,False,False,-9.92,-1.36,5.6,-2.19,-0.3,13.6,OHLC,↓,LH/LL,自然反彈,False,265,1,universe
AEVA,2026-09-21,15.28,1.25,False,17.83,-0.554,-1.75,True,36.7,1.25,35.5,False,8.21,7.72,21.7,1.7,D 趨勢弱,False,10:48,324.0,升,30.0,3,False,3.0,0.1119,0.0517,,False,False,-16.67,-2.03,15.25,0.2,0.02,23.3,OHLC,—,LH/LL,自然反彈,True,265,1,universe
AXTI,2026-09-21,79.93,7.13,False,71.11,-0.633,-0.06,True,29.6,1.3,28.3,False,8.92,9.95,55.2,-9.3,D 趨勢弱,False,10:12,306.0,升,20.0,3,False,3.0,1.52,0.6331,,False,False,11.03,1.24,73.78,7.69,0.86,696.5,OHLC,↑,HH/HL,UT,False,265,1,universe
RS,2026-09-21,384.65,11.55,False,398.13,-0.849,-0.35,False,84.8,-0.13,84.9,True,3.0,1.82,62.6,0.2,C 基底修復,False,3:32,106.2,跌,9.0,1,False,4.0,-0.2401,0.2811,-5.8201,False,False,-3.5,-1.17,381.87,0.72,0.24,120.6,OHLC,—,HH/HL,DT,True,265,1,universe
FLOC,2026-09-21,19.87,0.9,False,21.61,-0.05,-0.15,False,71.7,-0.14,71.8,False,4.55,2.75,10.0,-2.5,D 趨勢弱,True,8:49,264.6,跌,173.0,19,False,4.0,-0.1248,-0.1174,-0.2185,False,False,-8.78,-1.93,20.54,-3.37,-0.74,11.5,OHLC,—,LH/LL,自然回檔,True,265,1,universe
LQDA,2026-09-21,66.43,3.23,False,72.74,-0.352,-0.84,True,65.3,0.77,64.5,False,4.86,3.7,48.5,4.7,C 基底修復,False,11:09,334.7,升,36.0,4,False,4.0,0.3097,0.3248,,False,False,-9.5,-1.96,68.45,-3.04,-0.63,79.4,OHLC,—,LH/LL,DT,True,265,1,universe
GHM,2026-09-21,85.87,4.53,False,94.73,-0.888,-0.78,True,63.7,1.91,61.8,False,5.27,3.59,28.2,1.8,D 趨勢弱,False,10:33,316.5,升,26.0,3,False,4.0,0.3671,0.1503,,False,False,-10.32,-1.96,88.74,-3.34,-0.63,15.4,OHLC,—,LH/LL,自然反彈,True,265,1,universe
HYMC,2026-09-21,20.53,1.6,False,23.98,-0.159,-0.45,False,45.6,-0.66,46.3,False,7.81,5.29,15.0,0.0,D 趨勢弱,True,8:49,264.6,跌,99.0,18,False,4.0,-0.2285,-0.2513,-0.5368,True,False,-16.81,-2.15,21.51,-4.77,-0.61,43.1,OHLC,↓,LH/LL,自然回檔,False,265,1,universe
NEOG,2026-09-21,13.61,0.46,True,12.11,0.106,0.75,False,74.8,-0.21,75.0,False,3.36,3.36,65.0,-7.9,E 延伸,False,10:41,320.5,升,28.0,4,False,5.0,0.1277,0.0778,,False,False,11.03,3.29,11.37,16.46,4.9,35.0,OHLC,↑,HH/HL,UT,False,265,1,universe
VRDN,2026-09-21,21.58,0.89,False,22.88,-0.053,0.23,False,73.0,-0.46,73.5,False,4.12,2.94,9.1,-11.4,D 趨勢弱,True,8:49,264.6,跌,140.0,17,False,5.0,-0.238,-0.2378,-0.3759,False,False,-6.01,-1.46,22.97,-6.44,-1.56,30.3,OHLC,↓,LH/LL,DT,False,265,1,universe
CLDX,2026-09-21,37.89,1.7,False,40.35,-0.083,-0.13,False,72.9,-2.83,75.8,False,4.48,2.59,44.7,0.7,C 基底修復,True,8:49,264.6,跌,159.0,23,False,5.0,-0.1669,-0.1581,-0.5446,False,False,-6.49,-1.45,39.18,-3.4,-0.76,28.3,OHLC,↓,LH/LL,DT,False,265,1,universe
ILMN,2026-09-21,238.82,10.33,True,224.91,1.331,1.81,False,72.4,-0.03,72.4,False,4.33,2.85,66.4,2.8,E 延伸,False,11:12,336.2,升,37.0,4,False,5.0,2.424,2.2871,,False,False,5.82,1.35,,,,879.2,OHLC,—,LH/LL,自然回檔,False,265,1,universe
NEO,2026-09-21,19.41,0.81,True,17.74,0.086,0.95,False,71.3,-0.19,71.5,False,4.15,3.22,73.5,-1.5,E 延伸,False,11:11,335.6,升,36.0,5,False,5.0,0.1305,0.1547,,False,False,8.6,2.07,17.32,10.77,2.59,35.6,OHLC,↑,HH/HL,自然回檔,False,265,1,universe
MGTX,2026-09-21,13.08,0.59,False,13.68,-0.021,-0.06,False,69.5,-0.56,70.0,False,4.54,3.2,48.8,-10.9,D 趨勢弱,True,8:49,264.6,跌,107.0,15,False,5.0,-0.1101,-0.134,-0.2611,True,False,-4.61,-1.02,14.19,-8.49,-1.87,10.2,OHLC,—,LH/LL,自然反彈,True,265,1,universe
SM,2026-09-21,34.75,1.6,True,36.47,0.198,1.09,False,67.7,-2.83,70.5,False,4.6,3.48,48.7,-12.9,B 上升結構,False,5:11,155.5,跌,36.0,3,False,5.0,-0.4834,-0.2736,-0.4834,False,False,-4.96,-1.08,41.56,-19.6,-4.26,144.4,OHLC,↓,LH/LL,DT,False,265,1,universe
TWLO,2026-09-21,266.06,11.73,True,237.57,0.552,0.74,False,66.0,-0.43,66.4,False,4.41,4.0,65.0,-12.3,E 延伸,False,10:51,325.4,升,31.0,3,False,5.0,2.09,0.6404,,False,False,10.71,2.43,,,,488.9,OHLC,—,LH/LL,UT,False,265,1,universe
WGS,2026-09-21,97.83,5.15,True,87.31,1.414,1.67,False,62.7,-0.44,63.1,False,5.27,3.82,43.0,0.3,E 延伸,False,10:39,319.7,升,28.0,4,False,5.0,0.8892,1.1347,,False,False,10.75,2.04,85.19,12.92,2.45,53.8,OHLC,↑,HH/HL,自然回檔,False,265,1,universe
IOT,2026-09-21,38.05,2.26,False,40.02,-0.055,0.09,False,59.0,-0.35,59.4,False,5.95,3.9,41.1,-14.2,C 基底修復,False,4:14,126.9,跌,21.0,2,False,5.0,-0.2029,-0.0618,-0.588,False,True,-5.16,-0.87,39.14,-2.86,-0.48,302.5,OHLC,—,HH/HL,DT,False,265,1,universe
PRCT,2026-09-21,18.51,1.11,False,20.94,-0.046,0.5,False,58.5,-0.95,59.5,False,6.0,3.95,4.3,1.2,D 趨勢弱,True,8:49,264.6,跌,111.0,9,False,5.0,-0.2981,-0.2601,-0.2981,False,False,-13.14,-2.19,21.5,-16.15,-2.69,21.4,OHLC,↓,LH/LL,DT,False,265,1,universe
HUYA,2026-09-21,2.25,0.06,False,2.17,-0.001,-0.36,False,84.0,-2.43,86.4,True,2.88,2.1,11.3,2.6,D 趨勢弱,False,11:25,342.6,升,40.0,6,False,6.0,0.0198,0.0069,,False,False,3.34,1.16,2.02,10.22,3.56,3.0,OHLC,—,HH/HL,自然反彈,False,265,1,universe
OC,2026-09-21,121.59,4.68,False,137.55,-1.727,-1.2,False,74.6,-0.23,74.9,False,3.85,2.9,10.2,-0.5,D 趨勢弱,True,8:49,264.6,跌,259.0,23,False,6.0,-1.1199,-1.1155,-2.3435,False,False,-13.13,-3.41,131.9,-8.48,-2.2,136.9,OHLC,↓,LH/LL,DT,False,265,1,universe
CNMD,2026-09-21,44.69,1.58,False,48.69,-0.164,-0.66,False,74.0,-0.12,74.2,False,3.54,3.32,43.6,-2.3,D 趨勢弱,True,8:49,264.6,跌,300.0,27,False,6.0,-0.5566,-0.5366,-0.8104,False,False,-8.94,-2.52,47.94,-7.27,-2.05,14.1,OHLC,↓,LH/LL,DT,False,265,1,universe
PRAA,2026-09-21,20.6,0.84,True,19.61,0.018,0.47,False,73.7,-0.51,74.2,False,4.07,2.85,50.5,-4.3,B 上升結構,False,10:12,306.0,升,20.0,4,False,6.0,0.158,0.1536,,False,False,4.81,1.18,,,,8.4,OHLC,—,LH/LL,UT,False,265,1,universe
FA,2026-09-21,20.49,0.85,False,21.19,-0.146,-0.31,False,67.3,-0.35,67.7,False,4.16,3.99,60.6,-2.3,C 基底修復,False,3:30,105.2,跌,8.0,1,False,6.0,-0.045,0.0011,-0.299,False,True,-3.39,-0.82,20.3,0.93,0.22,27.8,OHLC,—,HH/HL,次級回檔,False,265,1,universe
KD,2026-09-21,12.2,0.61,False,12.96,-0.052,-0.49,True,67.2,0.63,66.6,False,5.04,3.13,14.1,1.6,D 趨勢弱,False,5:34,166.8,跌,43.0,4,False,6.0,-0.1071,-0.081,-0.2244,False,False,-6.27,-1.24,,,,43.8,OHLC,—,HH/HL,DT,False,265,1,universe
SFIX,2026-09-21,2.85,0.14,False,3.18,-0.044,-1.82,True,66.3,0.82,65.5,False,4.81,3.54,0.3,0.3,D 趨勢弱,False,11:12,336.1,升,37.0,6,False,6.0,0.0107,0.0104,,False,False,-11.42,-2.37,3.09,-8.42,-1.75,4.6,OHLC,—,LH/LL,DT,True,265,1,universe
TPB,2026-09-21,61.31,3.37,False,77.68,-2.79,-1.4,False,65.3,-7.94,73.3,False,5.5,3.04,0.0,-10.0,D 趨勢弱,True,8:49,264.6,跌,144.0,17,False,6.0,-1.2203,-0.9079,-1.3862,False,False,-26.71,-4.86,88.26,-43.96,-8.0,18.8,OHLC,↓,LH/LL,DT,False,265,1,universe
BROS,2026-09-21,39.15,1.96,False,47.04,-0.725,-2.02,False,64.7,-0.88,65.6,False,5.0,3.67,0.0,0.0,D 趨勢弱,True,6:16,188.2,跌,55.0,9,False,6.0,-0.2419,-0.2257,-1.8481,False,False,-20.16,-4.03,48.13,-22.94,-4.59,165.1,OHLC,↓,LH/LL,DT,False,265,1,universe
DNTH,2026-09-21,96.47,5.28,False,107.06,-0.51,-0.48,False,64.5,-0.02,64.5,False,5.47,3.23,42.8,3.4,D 趨勢弱,True,8:49,264.6,跌,166.0,23,False,6.0,-1.3762,-1.2312,-1.3762,False,False,-10.97,-2.0,107.69,-11.63,-2.12,72.3,OHLC,↓,LH/LL,DT,False,265,1,universe
LMRI,2026-09-21,10.68,0.6,False,11.74,-0.025,0.02,False,63.4,-1.76,65.1,False,5.58,3.36,21.4,-2.1,D 趨勢弱,True,8:49,264.6,跌,147.0,18,False,6.0,-0.1068,-0.069,-0.199,False,False,-9.9,-1.77,11.05,-3.46,-0.62,3.4,OHLC,—,LH/LL,DT,True,194,1,universe
CERS,2026-09-21,2.56,0.11,True,2.68,0.017,1.14,False,62.3,-0.38,62.7,False,4.38,4.78,58.0,-3.4,C 基底修復,False,10:10,305.0,升,19.0,3,False,6.0,0.0096,0.0111,,False,False,-4.88,-1.11,2.66,-3.91,-0.89,3.6,OHLC,—,LH/LL,自然回檔,True,265,1,universe
CHTR,2026-09-21,123.35,6.95,False,146.37,-0.867,-0.49,False,61.9,-0.93,62.9,False,5.63,3.6,0.0,0.0,D 趨勢弱,True,8:49,264.6,跌,200.0,24,False,6.0,-2.7359,-2.3443,-2.7359,False,False,-18.66,-3.31,148.34,-20.26,-3.6,336.5,OHLC,↓,LH/LL,DT,False,265,1,universe
CCCC,2026-09-21,3.3,0.19,False,3.86,-0.013,-0.09,False,61.3,-0.77,62.0,False,5.84,3.53,34.4,-1.6,D 趨勢弱,True,8:49,264.6,跌,128.0,16,False,6.0,-0.0371,-0.0377,-0.0761,True,False,-16.95,-2.9,3.51,-6.36,-1.09,6.5,OHLC,↓,LH/LL,DT,False,265,1,universe
FICO,2026-09-21,924.52,49.03,False,1021.46,-4.407,-0.37,False,59.9,-0.63,60.6,False,5.3,4.35,0.0,0.0,D 趨勢弱,True,7:53,236.7,跌,81.0,11,False,6.0,-7.0909,-6.1969,-27.2758,False,False,-10.49,-1.98,983.19,-6.35,-1.2,360.0,OHLC,—,LH/LL,DT,True,265,1,universe
AMC,2026-09-21,2.89,0.17,True,2.62,0.022,-0.02,False,52.0,-0.13,52.1,False,5.94,5.51,60.2,-4.1,E 延伸,False,10:06,303.1,升,18.0,3,False,6.0,0.0233,0.0081,,False,False,9.51,1.6,2.61,9.69,1.63,77.0,OHLC,↑,HH/HL,UT,False,265,1,universe
IOVA,2026-09-21,10.19,0.55,True,8.37,0.182,1.9,False,48.7,-0.28,49.0,False,5.44,6.83,76.3,1.3,E 延伸,False,11:24,342.0,升,40.0,4,False,6.0,0.0683,0.0673,,False,False,17.81,3.27,8.14,20.12,3.7,134.1,OHLC,↑,HH/HL,UT,False,265,1,universe
BOH,2026-09-21,72.82,1.41,False,76.72,-0.278,-0.87,False,92.6,-0.72,93.4,True,1.94,1.19,31.1,-4.1,C 基底修復,False,4:27,133.6,跌,24.0,3,False,7.0,-0.1386,-0.0315,-0.6912,False,False,-5.35,-2.76,77.19,-6.0,-3.1,22.5,OHLC,↓,LH/LL,DT,False,265,1,universe
PRI,2026-09-21,285.51,5.68,False,297.58,-1.162,-1.12,False,92.0,-0.44,92.5,True,1.99,1.29,37.1,-2.2,C 基底修復,False,3:33,106.4,跌,9.0,1,False,7.0,-0.0078,0.2896,-3.422,False,False,-4.23,-2.12,295.4,-3.46,-1.74,55.7,OHLC,—,LH/LL,自然回檔,False,265,1,universe
BYD,2026-09-21,72.58,1.66,False,78.45,-0.327,-1.2,False,90.4,-0.01,90.4,True,2.29,1.36,7.4,1.1,D 趨勢弱,False,4:22,130.8,跌,23.0,3,False,7.0,-0.216,-0.1512,-0.7046,False,False,-8.09,-3.53,77.15,-6.3,-2.75,68.9,OHLC,↓,LH/LL,DT,False,265,1,universe
MNST,2026-09-21,44.0,0.94,False,45.58,-0.051,-0.46,False,90.4,-0.11,90.5,True,2.13,1.53,43.0,-2.7,C 基底修復,False,11:03,331.7,升,34.0,3,False,7.0,0.0734,0.0806,,False,False,-3.59,-1.69,46.82,-6.41,-3.01,419.0,OHLC,↓,LH/LL,自然反彈,False,265,1,universe
ONON,2026-09-21,27.32,1.05,False,29.5,-0.24,-1.11,True,71.0,0.2,70.8,False,3.86,3.57,6.4,4.2,D 趨勢弱,False,12:32,16.1,升,59.0,7,False,7.0,0.2576,0.2315,,False,False,-7.97,-2.06,27.47,-0.55,-0.14,233.1,OHLC,—,LH/LL,自然反彈,True,265,1,universe
JBLU,2026-09-21,4.57,0.21,False,4.87,-0.052,-1.75,True,66.9,0.93,66.0,False,4.7,3.52,29.1,8.6,D 趨勢弱,False,10:26,313.2,升,24.0,3,False,7.0,0.0318,0.0124,,False,False,-6.48,-1.38,4.64,-1.53,-0.33,89.9,OHLC,—,LH/LL,自然反彈,True,265,1,universe
CRSR,2026-09-21,13.52,0.67,False,12.5,-0.173,0.21,True,56.7,0.51,56.2,False,4.94,5.42,67.1,0.4,E 延伸,False,12:39,19.6,升,61.0,7,False,7.0,0.0576,0.063,,False,False,7.51,1.52,12.83,5.1,1.03,15.9,OHLC,—,HH/HL,次級反彈,False,265,1,universe
FWRD,2026-09-21,14.59,0.88,False,17.24,-0.233,-0.3,False,54.2,-0.35,54.6,False,6.02,4.9,15.0,0.0,D 趨勢弱,True,8:49,264.6,跌,197.0,22,False,7.0,-0.3139,-0.2909,-0.4241,False,False,-18.19,-3.02,18.36,-25.84,-4.29,8.0,OHLC,↓,LH/LL,DT,False,265,1,universe
ANIP,2026-09-21,78.85,2.3,False,74.34,-0.062,-0.4,False,85.1,-0.85,85.9,True,2.91,1.85,28.0,13.2,D 趨勢弱,False,12:38,19.1,升,61.0,5,False,8.0,0.9589,0.6871,,False,False,5.72,1.96,78.02,1.05,0.36,34.4,OHLC,—,LH/LL,UT,False,265,1,universe
FANG,2026-09-21,189.27,6.54,False,199.68,-0.279,-0.17,False,79.8,-0.0,79.8,True,3.46,2.33,36.3,-3.9,D 趨勢弱,False,5:28,163.8,跌,41.0,4,False,8.0,-1.712,-1.2618,-1.712,False,False,-5.5,-1.59,,,,605.0,OHLC,—,HH/HL,DT,False,265,1,universe
GRNT,2026-09-21,4.64,0.17,False,5.08,-0.002,0.12,False,78.9,-2.52,81.4,True,3.67,2.28,5.1,-7.6,D 趨勢弱,False,4:48,143.8,跌,30.0,4,False,9.0,-0.0521,-0.0315,-0.0521,False,False,-9.4,-2.56,,,,7.9,OHLC,—,HH/HL,DT,False,265,1,universe
ADPT,2026-09-21,27.86,1.2,True,25.79,0.098,0.8,False,70.6,-0.35,71.0,False,4.3,3.21,68.9,1.2,E 延伸,False,11:45,352.3,升,46.0,4,False,9.0,0.3234,0.3439,,False,False,7.44,1.73,28.72,-3.09,-0.72,56.0,OHLC,—,LH/LL,自然回檔,False,265,1,universe
VITL,2026-09-21,12.23,0.59,False,10.93,-0.009,-0.34,True,65.0,0.41,64.6,False,4.86,3.74,15.0,-4.7,E 延伸,False,10:18,309.1,升,22.0,5,False,9.0,0.306,0.2431,,False,False,10.66,2.19,,,,19.7,OHLC,—,LH/LL,UT,False,265,1,universe
MPTI,2026-09-21,74.27,3.58,False,80.81,-0.607,-0.58,True,68.2,0.88,67.4,False,4.82,3.15,46.9,5.9,C 基底修復,False,12:42,20.8,升,62.0,8,False,10.0,0.022,0.0353,,False,False,-8.81,-1.83,78.47,-5.66,-1.17,6.1,OHLC,—,LH/LL,DT,True,265,1,universe
COLL,2026-09-21,23.04,1.06,False,25.18,-0.209,-1.51,True,67.0,0.83,66.1,False,4.61,3.61,0.0,0.0,D 趨勢弱,False,11:15,337.5,升,38.0,4,False,10.0,0.2197,0.145,,False,False,-9.28,-2.01,28.25,-22.61,-4.91,21.8,OHLC,—,LH/LL,自然反彈,True,265,1,universe
DBI,2026-09-21,6.22,0.35,False,5.83,-0.002,0.02,True,59.6,1.44,58.2,False,5.64,4.09,29.0,-3.9,D 趨勢弱,False,11:47,353.7,升,47.0,8,False,10.0,0.0923,0.0928,,False,False,6.3,1.12,6.67,-7.23,-1.28,4.9,OHLC,↓,LH/LL,自然反彈,False,265,1,universe
IBTA,2026-09-21,41.09,1.87,True,38.43,0.092,1.03,False,53.4,-0.01,53.4,False,4.56,6.55,70.9,-3.8,E 延伸,False,12:05,2.5,升,51.0,8,False,10.0,0.0484,0.1424,,False,False,6.48,1.42,36.48,11.22,2.46,7.9,OHLC,↑,HH/HL,自然回檔,False,265,1,universe
BKSY,2026-09-21,23.17,1.6,False,24.77,-0.237,-0.55,True,50.7,1.51,49.2,False,6.9,4.86,8.6,2.3,D 趨勢弱,False,10:05,302.5,升,18.0,3,False,10.0,0.2325,0.1043,,False,False,-6.91,-1.0,21.67,6.47,0.94,21.6,OHLC,↑,HH/HL,UT,False,265,1,universe
MRTN,2026-09-21,13.22,0.36,False,14.22,-0.065,-1.11,False,87.4,-0.58,88.0,True,2.73,1.55,18.2,-2.2,D 趨勢弱,False,3:56,118.2,跌,16.0,2,False,11.0,-0.0248,-0.0065,-0.3165,False,False,-7.57,-2.77,14.4,-8.93,-3.27,8.7,OHLC,↓,LH/LL,DT,False,265,1,universe
CYTK,2026-09-21,67.56,2.57,False,73.45,-0.431,-0.79,False,78.2,-0.15,78.3,True,3.81,2.27,19.6,-2.5,D 趨勢弱,False,5:58,178.9,跌,49.0,5,False,11.0,-0.4434,-0.3698,-0.8255,False,False,-8.72,-2.29,75.35,-11.53,-3.03,132.4,OHLC,↓,LH/LL,DT,False,265,1,universe
CXW,2026-09-21,32.41,1.44,True,33.9,0.016,0.45,False,73.6,-5.13,78.7,False,4.45,2.5,56.9,-9.5,C 基底修復,False,3:53,116.7,跌,15.0,1,False,11.0,-0.1612,0.0366,-0.4532,False,False,-4.61,-1.04,33.99,-4.88,-1.1,60.7,OHLC,—,LH/LL,自然回檔,False,265,1,universe
ENPH,2026-09-21,34.76,1.98,False,37.46,-0.32,-0.5,True,61.7,0.68,61.0,False,5.7,3.59,10.6,2.6,D 趨勢弱,False,3:47,113.5,跌,13.0,2,False,11.0,-0.0532,-0.0181,-0.4193,False,False,-7.75,-1.36,34.65,0.32,0.06,152.0,OHLC,—,HH/HL,DT,False,265,1,universe
TNGX,2026-09-21,22.33,1.43,False,24.19,-0.226,-0.63,True,57.5,1.34,56.1,False,6.4,3.79,43.0,9.2,D 趨勢弱,False,2:49,84.6,升,111.0,9,False,11.0,0.0346,0.0697,,False,False,-8.33,-1.3,24.0,-7.48,-1.17,55.4,OHLC,↓,LH/LL,自然反彈,False,265,1,universe
ARM,2026-09-21,322.9,18.83,True,261.35,4.905,0.2,False,53.4,-1.03,54.4,False,5.83,5.29,50.0,-2.4,E 延伸,False,1:40,50.2,升,78.0,11,False,11.0,7.1322,3.4279,,False,False,19.06,3.27,239.01,25.98,4.45,1464.1,OHLC,↑,HH/HL,UT,False,265,1,universe
KDK,2026-09-21,3.27,0.27,False,3.85,-0.043,-0.68,True,48.7,0.43,48.2,False,8.21,4.08,0.6,0.6,D 趨勢弱,False,3:24,102.1,跌,7.0,1,False,11.0,-0.0179,0.0003,-0.0179,False,False,-17.6,-2.14,3.83,-17.13,-2.09,4.5,OHLC,↓,LH/LL,DT,False,248,1,universe
VISN,2026-09-21,6.48,0.43,False,8.44,-0.173,-2.21,True,37.5,0.66,36.8,False,6.59,9.06,0.0,0.0,D 趨勢弱,False,11:19,339.4,升,39.0,4,False,11.0,0.1128,0.0862,,False,False,-30.27,-4.59,6.58,-1.54,-0.23,66.9,OHLC,—,LH/LL,DT,True,265,1,universe
CBU,2026-09-21,61.09,1.13,False,63.1,-0.12,-0.81,False,92.9,-0.26,93.1,True,1.86,1.22,25.1,-2.9,D 趨勢弱,False,3:33,106.7,跌,9.0,1,False,12.0,-0.0527,0.0231,-0.5301,False,False,-3.3,-1.78,63.63,-4.16,-2.24,15.4,OHLC,↓,LH/LL,DT,False,265,1,universe
NBHC,2026-09-21,40.23,0.75,False,41.88,-0.1,-0.56,False,92.8,-0.49,93.3,True,1.86,1.22,24.3,-13.1,D 趨勢弱,False,3:27,103.7,跌,8.0,1,False,12.0,-0.0423,0.0187,-0.4113,False,False,-4.09,-2.2,42.07,-4.57,-2.46,14.1,OHLC,↓,LH/LL,DT,False,265,1,universe
TCBK,2026-09-21,53.03,0.95,False,54.7,-0.169,-0.93,False,90.5,-0.24,90.7,True,1.8,1.84,51.3,-1.9,C 基底修復,False,12:42,20.8,升,62.0,6,False,12.0,0.0481,0.0749,,False,False,-3.14,-1.75,54.07,-1.96,-1.09,13.5,OHLC,—,LH/LL,自然回檔,True,265,1,universe
NPB,2026-09-21,16.16,0.42,False,16.97,-0.034,-0.45,False,86.9,-0.34,87.2,True,2.58,1.82,13.5,-4.1,D 趨勢弱,False,5:01,150.6,跌,34.0,4,False,12.0,-0.0621,-0.0336,-0.2303,False,False,-5.02,-1.95,17.28,-6.93,-2.69,4.1,OHLC,↓,LH/LL,DT,False,265,1,universe
BURL,2026-09-21,251.8,10.62,False,280.15,-2.96,-1.53,False,74.3,-0.16,74.4,False,4.22,2.6,5.0,0.0,D 趨勢弱,True,9:24,282.1,升,7.0,1,False,12.0,1.5947,-0.2976,,False,False,-11.26,-2.67,265.33,-5.37,-1.27,491.1,OHLC,↓,LH/LL,自然反彈,False,265,1,universe
VFC,2026-09-21,13.05,0.46,False,13.65,-0.067,-0.94,True,74.1,0.67,73.4,False,3.54,3.32,18.5,14.5,D 趨勢弱,False,1:52,56.1,升,81.0,7,False,12.0,0.0691,0.046,,False,False,-4.58,-1.29,13.16,-0.84,-0.24,85.0,OHLC,↓,LH/LL,次級反彈,False,265,1,universe
AIN,2026-09-21,59.33,2.27,False,60.51,-0.101,-0.46,False,73.8,-0.01,73.8,False,3.82,3.08,30.4,-10.5,C 基底修復,False,2:05,62.7,升,85.0,12,False,12.0,0.3889,0.4776,,False,True,-1.99,-0.52,58.52,1.37,0.36,16.4,OHLC,—,HH/HL,DT,True,265,1,universe
ATLC,2026-09-21,91.03,3.87,False,94.85,-0.68,-0.76,False,71.7,-0.2,71.9,False,4.25,3.07,58.8,2.0,C 基底修復,False,1:24,42.1,升,73.0,10,False,12.0,0.1228,0.2982,,False,True,-4.2,-0.99,95.19,-4.57,-1.08,11.2,OHLC,—,LH/LL,DT,True,265,1,universe
RLAY,2026-09-21,18.19,0.84,False,19.25,-0.032,-0.13,False,70.7,-1.61,72.3,False,4.62,2.88,54.9,-0.4,C 基底修復,True,8:49,264.6,跌,171.0,22,False,12.0,-0.0558,-0.0139,-0.3147,False,False,-5.85,-1.27,19.19,-5.5,-1.19,61.4,OHLC,↓,LH/LL,DT,False,265,1,universe
SPHR,2026-09-21,145.14,6.38,False,154.01,-0.461,-0.24,True,69.6,0.76,68.8,False,4.4,3.31,59.3,3.3,C 基底修復,False,11:09,334.7,升,36.0,4,False,12.0,0.4493,0.3618,,False,False,-6.11,-1.39,137.78,5.07,1.15,81.4,OHLC,—,HH/HL,自然回檔,True,265,1,universe
NRG,2026-09-21,103.28,4.63,False,113.38,-0.768,-0.97,True,67.9,0.53,67.4,False,4.48,3.56,4.5,3.6,D 趨勢弱,False,4:59,149.4,跌,33.0,4,False,12.0,-0.4739,-0.3864,-1.8245,False,False,-9.78,-2.18,116.14,-12.45,-2.78,293.1,OHLC,↓,LH/LL,DT,False,265,1,universe
FINV,2026-09-21,3.25,0.17,False,3.68,-0.018,-1.0,True,65.3,0.41,64.9,False,5.2,3.35,0.0,0.0,D 趨勢弱,False,10:45,322.4,升,29.0,4,False,12.0,0.0195,0.0179,,False,False,-13.28,-2.55,3.38,-4.0,-0.77,5.2,OHLC,—,LH/LL,DT,True,265,1,universe
TREE,2026-09-21,26.96,1.27,False,29.23,-0.283,-0.97,True,65.0,0.7,64.3,False,4.7,3.91,13.1,3.1,D 趨勢弱,False,12:00,0.0,升,50.0,12,False,12.0,0.2,0.1232,,False,False,-8.41,-1.79,27.76,-2.97,-0.63,11.2,OHLC,—,LH/LL,自然反彈,True,265,1,universe
ORKA,2026-09-21,93.38,4.91,False,99.22,-0.258,-0.16,True,64.5,0.11,64.4,False,5.26,3.45,48.6,1.6,D 趨勢弱,False,10:05,302.4,升,18.0,2,False,12.0,0.0184,0.0552,,False,False,-6.25,-1.19,91.5,2.01,0.38,79.9,OHLC,—,HH/HL,次級回檔,True,265,1,universe
MRCY,2026-09-21,85.65,4.21,False,92.68,-0.381,-0.81,True,63.0,1.03,62.0,False,4.92,4.1,14.2,5.7,D 趨勢弱,False,11:40,350.0,升,44.0,5,False,12.0,0.9891,0.9201,,False,False,-8.2,-1.67,85.77,-0.14,-0.03,65.0,OHLC,—,LH/LL,自然回檔,False,265,1,universe
TTI,2026-09-21,6.09,0.33,False,7.11,-0.066,-1.14,True,61.9,1.17,60.8,False,5.45,3.78,1.6,-0.4,D 趨勢弱,False,4:20,129.8,跌,22.0,3,False,12.0,-0.0188,-0.017,-0.202,False,False,-16.71,-3.06,6.61,-8.54,-1.57,12.0,OHLC,↓,LH/LL,DT,False,265,1,universe
AUR,2026-09-21,6.51,0.35,False,6.26,-0.018,-0.17,False,61.0,-0.6,61.7,False,5.41,4.01,51.1,7.1,C 基底修復,False,2:27,73.3,升,91.0,11,False,12.0,0.0446,0.0435,,False,True,3.79,0.7,6.31,3.07,0.57,206.0,OHLC,—,HH/HL,UT,True,265,1,universe
DIOD,2026-09-21,90.73,4.77,False,94.84,-0.395,-0.05,False,58.3,-0.02,58.3,False,5.26,4.75,59.1,-8.6,C 基底修復,False,12:12,6.0,升,53.0,7,False,12.0,0.1634,0.1875,,False,True,-4.53,-0.86,87.1,4.0,0.76,49.2,OHLC,—,HH/HL,自然反彈,True,265,1,universe
AGX,2026-09-21,380.12,26.0,False,448.38,-6.68,-1.19,True,51.9,0.08,51.8,False,6.84,4.64,9.6,-6.6,D 趨勢弱,False,1:29,44.4,升,75.0,7,False,12.0,2.7175,2.5504,,False,False,-17.96,-2.62,413.13,-8.68,-1.27,173.4,OHLC,↓,LH/LL,DT,False,265,1,universe
BW,2026-09-21,7.34,0.63,False,8.39,-0.033,-0.41,True,40.7,1.05,39.7,False,8.63,5.94,17.1,2.1,D 趨勢弱,False,1:40,49.8,升,78.0,10,False,12.0,0.1233,0.1127,,False,False,-14.32,-1.66,7.92,-7.9,-0.92,32.8,OHLC,—,LH/LL,自然反彈,True,265,1,universe
FRMI,2026-09-21,5.06,0.4,False,5.75,-0.027,-0.53,True,39.9,1.53,38.4,False,7.9,6.93,0.0,-1.5,D 趨勢弱,False,12:38,19.1,升,61.0,10,False,12.0,0.0252,0.0131,,False,False,-13.67,-1.73,5.5,-8.7,-1.1,85.5,OHLC,↓,LH/LL,自然反彈,False,244,1,universe
OGE,2026-09-21,45.05,0.77,False,46.42,-0.051,-0.31,False,93.9,-0.04,94.0,True,1.71,1.1,25.8,-1.2,D 趨勢弱,False,4:14,126.9,跌,21.0,2,False,13.0,-0.0787,-0.0263,-0.2719,False,False,-3.04,-1.77,47.39,-5.19,-3.04,69.6,OHLC,↓,LH/LL,DT,False,265,1,universe
DY,2026-09-21,291.55,15.28,False,325.35,-1.876,-0.98,True,63.1,0.94,62.2,False,5.24,3.75,0.8,-0.4,D 趨勢弱,False,12:57,28.4,升,66.0,6,False,13.0,2.9962,2.2972,,False,False,-11.59,-2.21,299.02,-2.56,-0.49,249.8,OHLC,—,LH/LL,自然反彈,True,265,1,universe
GOGO,2026-09-21,2.51,0.17,False,2.69,-0.039,-1.52,True,50.9,1.48,49.5,False,6.7,5.01,20.4,14.1,D 趨勢弱,False,2:05,62.7,升,85.0,12,False,13.0,0.0185,0.0176,,False,False,-7.13,-1.06,2.67,-6.37,-0.95,5.0,OHLC,↓,LH/LL,自然反彈,False,265,1,universe
NUAI,2026-09-21,7.65,0.63,True,5.71,0.257,0.53,False,34.6,-0.23,34.9,False,8.28,8.42,61.9,11.6,E 延伸,False,2:49,84.6,升,102.0,11,False,13.0,0.129,0.0149,,False,False,25.42,3.07,5.41,29.28,3.53,53.1,OHLC,↑,HH/HL,UT,False,265,1,universe
MUSA,2026-09-21,508.98,17.62,False,534.71,-0.101,-0.43,False,79.0,-0.94,79.9,True,3.46,2.47,33.1,-5.3,D 趨勢弱,False,12:20,9.8,升,55.0,7,False,14.0,1.3051,2.0938,,False,False,-5.05,-1.46,527.17,-3.57,-1.03,147.5,OHLC,↓,LH/LL,自然回檔,False,265,1,universe
RRX,2026-09-21,150.73,6.57,False,162.5,-0.961,-1.46,True,68.5,1.31,67.2,False,4.36,3.57,6.3,3.4,D 趨勢弱,False,1:59,59.4,升,83.0,13,False,14.0,0.2355,0.0415,,False,False,-7.81,-1.79,162.29,-7.67,-1.76,189.5,OHLC,↓,LH/LL,DT,False,265,1,universe
HMH,2026-09-21,18.61,0.97,False,19.8,-0.029,-0.25,True,67.0,0.58,66.4,False,5.23,2.98,8.0,1.6,D 趨勢弱,False,5:03,151.4,跌,34.0,3,False,14.0,-0.1128,-0.0725,-0.1965,False,False,-6.39,-1.22,,,,3.4,OHLC,—,HH/HL,DT,False,119,1,universe
STAA,2026-09-21,20.32,1.06,False,23.16,-0.08,-0.7,True,65.6,0.58,65.0,False,5.23,3.25,11.3,2.4,D 趨勢弱,False,5:19,159.7,跌,39.0,3,False,14.0,-0.2233,-0.1581,-0.4569,False,False,-14.0,-2.68,24.16,-18.9,-3.61,21.3,OHLC,↓,LH/LL,DT,False,265,1,universe
AMD,2026-09-21,615.52,26.35,True,500.68,8.561,0.54,False,64.5,-0.74,65.2,False,4.28,4.44,65.0,2.2,E 延伸,False,2:08,64.0,升,86.0,11,False,14.0,12.5822,8.4273,,False,False,18.66,4.36,493.41,19.84,4.63,12654.8,OHLC,↑,HH/HL,UT,False,265,1,universe
MEC,2026-09-21,17.07,1.24,False,20.49,-0.285,-1.79,True,55.9,0.68,55.2,False,7.26,3.27,12.1,-10.0,D 趨勢弱,False,2:29,74.3,升,91.0,12,False,14.0,0.0678,0.0593,,False,False,-20.04,-2.76,19.86,-16.34,-2.25,8.6,OHLC,↓,LH/LL,DT,False,265,1,universe
KRG,2026-09-21,25.2,0.38,False,26.05,-0.051,-1.39,False,95.0,-0.05,95.1,True,1.52,0.99,33.4,-0.5,D 趨勢弱,False,3:32,105.8,跌,9.0,1,False,,-0.0098,0.0081,-0.3405,False,False,-3.38,-2.22,26.37,-4.64,-3.05,53.1,OHLC,↓,LH/LL,DT,False,265,1,universe
EFSC,2026-09-21,60.98,1.17,False,63.48,-0.124,-1.16,False,93.2,-0.04,93.2,True,1.93,1.08,36.7,-2.7,C 基底修復,False,5:01,150.6,跌,34.0,4,False,,-0.227,-0.1656,-0.4067,False,False,-4.11,-2.13,64.6,-5.94,-3.08,17.2,OHLC,↓,LH/LL,DT,False,265,1,universe
UHT,2026-09-21,39.03,0.92,False,41.04,-0.127,-0.49,False,89.7,-0.34,90.0,True,2.37,1.44,20.6,-3.3,D 趨勢弱,False,4:03,121.6,跌,18.0,2,False,,-0.1268,-0.0505,-0.3804,False,False,-5.15,-2.18,40.46,-3.66,-1.55,4.0,OHLC,↓,LH/LL,DT,False,265,1,universe
UVV,2026-09-21,43.31,1.01,False,45.46,-0.266,-1.31,False,89.3,-0.45,89.8,True,2.32,1.56,10.1,-2.6,D 趨勢弱,False,3:31,105.5,跌,9.0,1,False,,-0.0015,0.0588,-0.9324,False,False,-4.97,-2.14,46.36,-7.04,-3.03,14.0,OHLC,↓,LH/LL,DT,False,265,1,universe
NHIC,2026-09-18,8.67,0.22,False,10.19,-0.431,-2.01,False,88.0,-5.76,93.7,True,2.56,1.61,5.5,-7.2,D 趨勢弱,False,3:49,114.5,跌,14.0,3,False,,-0.1774,-0.1022,-0.1774,False,False,-17.52,-6.84,10.64,-22.72,-8.88,7.5,OHLC,—,LH/LL,自然回檔,False,263,1,universe
CACC,2026-09-21,564.27,17.33,False,591.03,-0.602,-0.01,False,85.4,-0.4,85.8,True,3.07,1.62,45.2,-4.0,C 基底修復,False,4:55,147.6,跌,32.0,3,False,,-3.6481,-2.0071,-11.439,False,False,-4.74,-1.54,,,,66.1,OHLC,—,HH/HL,DT,False,265,1,universe
HXL,2026-09-21,86.94,2.65,False,93.87,-0.486,-1.16,False,85.2,-0.43,85.7,True,3.04,1.69,25.7,0.9,C 基底修復,False,4:17,128.6,跌,21.0,3,False,,-0.1637,-0.0759,-1.3923,False,False,-7.97,-2.62,92.74,-6.67,-2.19,70.5,OHLC,—,LH/LL,DT,True,265,1,universe
LOGI,2026-09-21,105.12,3.04,False,100.39,-0.06,-0.26,False,82.4,-0.01,82.4,True,2.89,2.4,48.4,4.2,C 基底修復,False,2:32,76.2,升,92.0,12,False,,0.5934,0.3789,,False,False,4.5,1.56,99.53,5.32,1.84,76.4,OHLC,↑,HH/HL,UT,False,265,1,universe
PRVA,2026-09-21,19.54,0.66,False,20.93,-0.113,-0.79,False,82.4,-1.05,83.5,True,3.37,1.91,7.2,-0.2,D 趨勢弱,False,2:49,84.6,升,116.0,16,False,,0.0288,0.0621,,False,False,-7.1,-2.11,20.88,-6.86,-2.04,23.6,OHLC,↓,LH/LL,DT,False,265,1,universe
NUE,2026-09-21,242.4,8.63,False,255.81,-0.917,-0.37,False,79.0,-0.1,79.1,True,3.56,2.37,70.2,-1.3,C 基底修復,False,3:59,119.7,跌,16.0,2,False,,-1.2007,-0.2799,-4.3092,False,False,-5.53,-1.55,268.08,-10.59,-2.97,293.1,OHLC,↓,LH/LL,DT,False,265,1,universe
HTLD,2026-09-21,11.64,0.44,False,12.29,-0.021,-0.24,False,78.6,-0.31,78.9,True,3.81,2.2,27.0,-0.6,C 基底修復,False,3:30,104.8,跌,8.0,1,False,,-0.0124,0.0102,-0.3147,False,False,-5.58,-1.47,12.52,-7.56,-1.99,8.3,OHLC,↓,LH/LL,DT,False,265,1,universe
POST,2026-09-21,75.26,2.53,False,80.17,-0.224,-0.78,False,78.6,-0.51,79.1,True,3.36,2.65,10.8,-1.3,D 趨勢弱,False,5:48,173.9,跌,47.0,6,False,,-0.4949,-0.401,-1.535,False,False,-6.52,-1.94,,,,74.0,OHLC,—,HH/HL,DT,False,265,1,universe
NGS,2026-09-21,34.65,1.28,False,36.19,-0.051,-0.12,False,77.7,-0.29,77.9,True,3.7,2.48,22.3,-3.5,C 基底修復,False,3:28,103.8,跌,8.0,1,False,,-0.0524,0.0356,-0.4477,False,False,-4.46,-1.2,,,,3.9,OHLC,—,HH/HL,DT,False,265,1,universe
WERN,2026-09-21,35.02,1.4,False,37.76,-0.081,-0.23,False,76.7,-0.7,77.4,True,4.01,2.36,35.5,-2.9,C 基底修復,False,5:49,174.7,跌,47.0,5,False,,-0.3061,-0.2567,-1.1267,False,False,-7.83,-1.96,38.88,-11.02,-2.75,30.1,OHLC,↓,LH/LL,DT,False,265,1,universe
MATW,2026-09-21,19.78,0.75,False,21.16,-0.219,-1.42,False,76.2,-1.13,77.3,True,3.81,2.65,6.3,-1.9,D 趨勢弱,False,1:58,59.0,升,83.0,12,False,,0.1517,0.169,,False,False,-6.96,-1.83,20.48,-3.54,-0.93,21.7,OHLC,—,LH/LL,DT,True,265,1,universe
TNC,2026-09-21,65.83,2.54,False,68.94,-0.588,-0.9,False,76.1,-0.25,76.3,True,3.85,2.63,22.0,7.1,D 趨勢弱,False,2:49,84.6,升,200.0,19,False,,0.0285,0.1352,,False,False,-4.72,-1.22,,,,12.7,OHLC,—,HH/HL,DT,False,265,1,universe
MGY,2026-09-21,24.26,0.93,False,26.87,-0.015,0.29,False,75.8,-1.04,76.9,True,3.83,2.69,1.0,-17.5,D 趨勢弱,False,5:49,174.7,跌,47.0,4,False,,-0.3692,-0.2614,-0.3692,False,False,-10.75,-2.8,,,,95.3,OHLC,—,HH/HL,DT,False,265,1,universe
DINO,2026-09-21,109.29,4.62,True,101.59,1.136,1.26,False,74.9,-3.84,78.8,False,4.23,2.47,61.2,-3.4,E 延伸,False,2:49,84.6,升,150.0,25,False,,0.1424,0.6597,,False,False,7.05,1.67,105.23,3.71,0.88,281.3,OHLC,↑,HH/HL,自然回檔,False,265,1,universe
KE,2026-09-21,25.64,1.0,False,24.55,-0.024,-0.2,True,74.7,0.18,74.5,False,3.9,2.84,21.3,9.9,D 趨勢弱,False,2:49,84.6,升,274.0,12,False,,0.1104,0.0625,,False,False,4.24,1.09,23.95,6.59,1.69,5.1,OHLC,—,HH/HL,UT,True,265,1,universe
LII,2026-09-21,363.64,12.12,False,390.0,-2.699,-1.33,True,74.6,0.74,73.8,False,3.33,3.43,4.6,3.9,D 趨勢弱,False,2:49,84.6,升,134.0,18,False,,1.8823,1.3961,,False,False,-7.25,-2.18,372.0,-2.3,-0.69,181.6,OHLC,↓,LH/LL,DT,False,265,1,universe
CVLG,2026-09-21,33.88,1.42,False,34.75,-0.022,-0.13,False,74.4,-1.02,75.4,False,4.19,2.61,44.1,-1.3,D 趨勢弱,False,2:49,84.6,升,171.0,22,False,,0.0781,0.1235,,False,True,-2.58,-0.62,35.54,-4.9,-1.17,8.2,OHLC,—,LH/LL,自然回檔,False,265,1,universe
WD,2026-09-21,38.38,1.5,False,40.77,-0.273,-1.1,True,74.4,0.73,73.7,False,3.9,2.9,10.5,4.6,D 趨勢弱,False,3:55,117.7,跌,15.0,2,False,,-0.0354,-0.026,-0.7689,False,False,-6.23,-1.6,,,,18.0,OHLC,—,HH/HL,DT,False,265,1,universe
CLMT,2026-09-21,58.12,2.28,True,51.85,0.923,1.54,False,74.1,-0.68,74.8,False,3.92,2.92,64.1,-0.9,E 延伸,False,2:49,84.6,升,101.0,13,False,,0.2088,0.3449,,False,False,10.8,2.76,47.72,17.89,4.57,77.6,OHLC,↑,HH/HL,UT,False,265,1,universe
CMP,2026-09-21,23.57,0.93,False,25.19,-0.155,-0.81,True,73.5,0.51,73.0,False,3.94,3.03,35.7,2.8,C 基底修復,False,3:31,105.3,跌,9.0,1,False,,-0.0128,0.0011,-0.3377,False,False,-6.87,-1.74,24.43,-3.65,-0.93,9.6,OHLC,↓,LH/LL,DT,False,265,1,universe
ARI,2026-09-21,6.43,0.12,False,6.78,-0.007,-0.38,True,72.5,0.19,72.3,False,1.83,5.32,17.7,-0.4,D 趨勢弱,False,2:49,84.6,升,230.0,34,False,,0.0011,0.0011,,False,False,-5.39,-2.94,6.81,-5.91,-3.22,14.6,OHLC,↓,LH/LL,DT,False,265,1,universe
AN,2026-09-21,168.76,8.03,False,196.01,-1.495,-1.32,True,71.9,0.69,71.2,False,4.76,2.51,5.0,0.0,D 趨勢弱,False,4:21,130.4,跌,22.0,4,False,,-4.2605,-3.6315,-4.2605,False,False,-16.15,-3.39,191.68,-13.58,-2.85,98.5,OHLC,↓,LH/LL,DT,False,265,1,universe
ARDX,2026-09-21,3.5,0.15,False,3.77,-0.044,-1.55,True,70.7,0.31,70.4,False,4.22,3.28,4.7,4.7,D 趨勢弱,False,2:49,84.6,升,174.0,17,False,,0.0149,0.0058,,False,False,-7.82,-1.85,3.8,-8.57,-2.03,14.4,OHLC,↓,LH/LL,自然反彈,False,265,1,universe
MIRM,2026-09-21,92.0,4.15,False,97.94,-0.242,-0.19,True,70.2,0.39,69.8,False,4.52,3.07,22.8,5.2,C 基底修復,False,3:48,114.2,跌,13.0,2,False,,-0.3037,-0.1127,-2.3133,False,False,-6.46,-1.43,98.82,-7.41,-1.64,57.0,OHLC,↓,LH/LL,DT,False,265,1,universe
QCOM,2026-09-21,194.23,8.94,True,172.99,1.028,0.75,False,70.2,-0.72,70.9,False,4.6,3.0,37.9,-0.2,E 延伸,False,2:49,84.6,升,200.0,32,False,,1.9851,1.569,,False,False,10.94,2.38,177.72,8.5,1.85,2820.1,OHLC,↑,HH/HL,UT,False,265,1,universe
BTSG,2026-09-21,55.86,2.43,False,59.28,-0.199,-0.41,True,68.2,0.32,67.9,False,4.35,3.63,56.9,-1.3,C 基底修復,False,4:22,131.1,跌,23.0,3,False,,-0.2365,-0.1413,-1.4426,False,False,-6.12,-1.41,61.91,-10.83,-2.49,146.4,OHLC,↓,LH/LL,DT,False,265,1,universe
CVI,2026-09-21,53.15,2.46,True,43.7,0.703,1.56,False,67.5,-0.31,67.8,False,4.63,3.49,59.6,-1.1,E 延伸,False,2:49,84.6,升,155.0,27,False,,0.5883,0.7523,,False,False,17.78,3.84,48.63,8.5,1.84,62.9,OHLC,↑,HH/HL,UT,False,265,1,universe
GPI,2026-09-21,250.87,11.52,False,269.52,-0.566,-0.43,True,67.0,1.14,65.8,False,4.59,3.63,10.1,1.7,D 趨勢弱,False,4:21,130.6,跌,23.0,3,False,,-2.5524,-2.1182,-6.6823,False,False,-7.43,-1.62,,,,58.4,OHLC,—,HH/HL,DT,False,265,1,universe
AAON,2026-09-21,76.4,3.69,False,80.56,-0.556,-0.67,True,66.8,0.94,65.8,False,4.82,3.44,9.5,-0.3,D 趨勢弱,False,2:49,84.6,升,164.0,18,False,,0.8441,0.8467,,False,False,-5.45,-1.13,79.4,-3.93,-0.81,85.0,OHLC,—,LH/LL,自然反彈,True,265,1,universe
SOLS,2026-09-21,57.69,2.47,False,60.83,-0.09,-0.23,True,66.8,0.98,65.8,False,4.27,3.98,28.1,-1.8,D 趨勢弱,False,5:58,178.9,跌,49.0,5,False,,-0.2909,-0.2773,-0.2909,False,False,-5.44,-1.27,58.8,-1.92,-0.45,185.2,OHLC,↓,LH/LL,自然回檔,False,231,1,universe
PTEN,2026-09-21,11.42,0.54,True,12.13,0.025,0.68,False,66.6,-0.59,67.2,False,4.69,3.6,56.8,-6.6,B 上升結構,False,5:39,169.6,跌,44.0,7,False,,-0.2104,-0.1725,-0.2104,False,False,-6.19,-1.32,,,,102.1,OHLC,—,HH/HL,DT,False,265,1,universe
SAH,2026-09-21,65.92,3.33,False,75.19,-0.715,-1.61,True,64.9,0.63,64.3,False,5.05,3.58,7.0,1.1,D 趨勢弱,False,5:32,165.8,跌,42.0,4,False,,-0.986,-0.9462,-2.8263,False,False,-14.07,-2.79,78.86,-19.63,-3.89,19.1,OHLC,↓,LH/LL,自然反彈,False,265,1,universe
REZI,2026-09-21,18.81,0.86,False,20.22,-0.135,-1.27,True,64.1,0.51,63.6,False,4.55,4.23,8.9,8.6,D 趨勢弱,False,1:34,47.0,升,76.0,10,False,,0.074,0.044,,False,False,-7.48,-1.64,19.43,-3.3,-0.72,44.7,OHLC,—,LH/LL,自然反彈,True,265,1,universe
WNC,2026-09-21,11.79,0.66,False,12.71,-0.02,-0.1,True,64.1,1.12,63.0,False,5.59,3.2,58.4,0.4,C 基底修復,False,5:35,167.4,跌,43.0,8,False,,-0.1881,-0.186,-0.2419,False,False,-7.82,-1.4,12.77,-8.31,-1.49,7.8,OHLC,—,HH/HL,DT,False,265,1,universe
TRIP,2026-09-21,8.8,0.4,False,9.63,-0.095,-1.86,True,62.3,0.47,61.8,False,4.6,4.57,2.7,2.7,D 趨勢弱,False,1:56,57.8,升,82.0,13,False,,0.0805,0.0792,,False,False,-9.39,-2.04,9.23,-4.89,-1.06,33.6,OHLC,—,LH/LL,DT,True,265,1,universe
ADTN,2026-09-21,7.21,0.37,False,7.66,-0.01,-0.73,True,62.0,0.89,61.1,False,5.19,4.02,16.7,1.8,D 趨勢弱,False,2:49,84.6,升,189.0,28,False,,0.0882,0.0821,,False,False,-6.28,-1.21,7.54,-4.58,-0.88,12.2,OHLC,—,LH/LL,自然反彈,True,265,1,universe
RLMD,2026-09-21,4.16,0.24,False,4.46,-0.042,-0.74,True,60.7,0.95,59.7,False,5.79,3.71,19.7,4.4,D 趨勢弱,False,12:47,23.3,升,63.0,7,False,,0.0177,0.0195,,False,False,-7.1,-1.23,4.52,-8.65,-1.5,5.1,OHLC,↓,LH/LL,DT,False,265,1,universe
GRPN,2026-09-21,22.05,1.16,False,20.05,-0.318,-1.58,True,59.9,2.61,57.3,False,5.26,4.4,33.8,-15.0,C 基底修復,False,12:56,27.8,升,65.0,10,False,,0.4318,0.2348,,False,False,9.07,1.72,18.81,14.69,2.79,24.7,OHLC,↑,HH/HL,UT,False,265,1,universe
APP,2026-09-21,330.17,17.35,False,316.63,-1.058,-0.89,False,59.1,-0.1,59.2,False,5.26,4.57,18.1,-6.1,D 趨勢弱,False,2:49,84.6,升,171.0,19,False,,4.6703,4.313,,False,True,4.1,0.78,315.44,4.46,0.85,1600.2,OHLC,—,LH/LL,自然反彈,True,265,1,universe
ARRY,2026-09-21,4.07,0.26,False,4.63,-0.065,-1.43,True,58.6,0.71,57.8,False,6.35,3.6,1.4,1.4,D 趨勢弱,False,3:23,101.5,跌,6.0,1,False,,-0.0017,0.0041,-0.083,False,False,-13.64,-2.15,,,,25.2,OHLC,—,HH/HL,DT,False,265,1,universe
EVC,2026-09-21,7.99,0.45,False,8.84,-0.132,-1.13,True,58.4,1.2,57.2,False,5.58,4.41,64.5,7.0,D 趨勢弱,False,2:49,84.6,升,137.0,13,False,,0.042,0.036,,False,False,-10.59,-1.9,8.67,-8.51,-1.52,8.9,OHLC,↓,LH/LL,自然反彈,False,265,1,universe
ARKO,2026-09-21,4.24,0.22,False,4.59,-0.093,-1.78,True,58.3,1.23,57.0,False,5.2,4.81,7.4,2.6,D 趨勢弱,False,2:49,84.6,升,117.0,18,False,,0.0555,0.0609,,False,False,-8.31,-1.6,4.57,-7.78,-1.5,4.2,OHLC,↓,LH/LL,DT,False,265,1,universe
OPFI,2026-09-21,6.45,0.35,False,7.15,-0.05,-0.63,True,58.3,0.95,57.3,False,5.35,4.66,5.1,-0.9,D 趨勢弱,False,3:41,110.4,跌,11.0,2,False,,-0.0347,-0.0005,-0.3276,False,False,-10.9,-2.04,,,,6.2,OHLC,—,HH/HL,DT,False,265,1,universe
STUB,2026-09-21,5.95,0.34,False,6.8,-0.083,-1.21,True,58.1,0.89,57.2,False,5.79,4.25,2.1,1.8,D 趨勢弱,False,12:45,22.5,升,62.0,12,False,,0.0792,0.0718,,False,False,-14.32,-2.47,6.09,-2.35,-0.41,38.4,OHLC,—,LH/LL,DT,True,254,1,universe
INTC,2026-09-21,121.78,6.58,True,99.24,1.275,0.41,False,57.4,-1.2,58.6,False,5.4,4.79,56.8,5.6,E 延伸,False,2:49,84.6,升,97.0,12,False,,2.5573,1.702,,False,False,18.51,3.43,100.32,17.62,3.26,12520.8,OHLC,↑,HH/HL,UT,False,265,1,universe
SMMT,2026-09-21,16.9,0.99,True,15.35,0.077,0.64,False,57.2,-3.31,60.5,False,5.88,4.36,26.8,-0.9,E 延伸,False,2:49,84.6,升,155.0,18,False,,0.0691,0.1716,,False,False,9.15,1.56,17.3,-2.37,-0.4,111.1,OHLC,—,HH/HL,自然回檔,True,265,1,universe
AIOT,2026-09-21,2.85,0.13,False,3.02,-0.033,-0.87,True,57.0,0.03,56.9,False,4.51,5.79,19.8,0.4,D 趨勢弱,False,2:49,84.6,升,117.0,16,False,,0.0204,0.0279,,False,False,-5.86,-1.3,,,,3.9,OHLC,—,HH/HL,自然回檔,True,265,1,universe
PRTH,2026-09-21,7.8,0.38,True,6.87,1.325,3.41,False,56.7,-9.58,66.3,False,4.89,5.46,55.4,25.1,E 延伸,False,2:49,84.6,升,118.0,21,False,,0.1893,0.0766,,False,False,11.92,2.44,5.83,25.26,5.16,10.2,OHLC,↑,HH/HL,UT,False,265,1,universe
DKS,2026-09-21,123.63,6.5,False,140.44,-0.999,-0.96,True,56.2,1.14,55.0,False,5.25,5.23,0.0,0.0,D 趨勢弱,False,1:09,34.4,升,69.0,7,False,,1.0994,0.8069,,False,False,-13.6,-2.59,,,,743.4,OHLC,—,HH/HL,自然反彈,False,265,1,universe
LIF,2026-09-21,41.07,2.19,False,46.69,-0.509,-1.14,True,54.9,1.08,53.8,False,5.34,5.42,15.3,-1.7,D 趨勢弱,False,12:05,2.5,升,51.0,7,False,,0.0887,0.0195,,False,False,-13.69,-2.56,44.17,-7.55,-1.41,23.5,OHLC,↓,LH/LL,自然反彈,False,265,1,universe
CEVA,2026-09-21,32.25,1.73,False,29.23,-0.443,-0.58,True,53.7,0.62,53.1,False,5.36,5.68,52.6,-3.4,D 趨勢弱,False,2:49,84.6,升,176.0,13,False,,0.8081,0.6537,,False,False,9.35,1.74,27.78,13.86,2.58,20.0,OHLC,↑,HH/HL,UT,False,265,1,universe
EBS,2026-09-21,6.55,0.36,True,5.56,0.074,0.48,False,53.3,-1.07,54.4,False,5.46,5.68,15.0,0.0,E 延伸,False,2:49,84.6,升,198.0,21,False,,0.1197,0.149,,False,False,15.15,2.77,5.5,16.03,2.94,8.1,OHLC,—,HH/HL,DT,False,265,1,universe
DNA,2026-09-21,7.98,0.49,False,7.22,-0.001,-0.39,True,52.6,0.43,52.2,False,6.08,5.23,19.1,-11.5,D 趨勢弱,False,2:49,84.6,升,238.0,19,False,,0.1688,0.147,,False,False,9.48,1.56,8.14,-2.01,-0.33,9.4,OHLC,—,LH/LL,UT,False,265,1,universe
ASST,2026-09-21,30.33,1.97,True,23.61,0.56,1.05,False,51.0,-0.19,51.2,False,6.5,5.18,40.0,0.0,E 延伸,False,2:49,84.6,升,104.0,52,False,,0.05,0.0442,,False,False,22.16,3.41,27.41,9.63,1.48,350.6,OHLC,↑,HH/HL,UT,False,265,1,universe
GLUE,2026-09-21,12.26,0.8,False,14.14,-0.122,-0.95,True,50.6,1.76,48.8,False,6.55,5.24,12.7,-1.4,D 趨勢弱,False,3:22,100.8,跌,6.0,1,False,,-0.0083,0.0027,-1.0458,False,False,-15.38,-2.35,14.38,-17.29,-2.64,14.8,OHLC,↓,LH/LL,DT,False,265,1,universe
FTK,2026-09-21,30.71,1.86,False,28.28,-0.156,-0.49,True,48.5,0.21,48.3,False,6.07,6.25,62.5,-1.1,E 延伸,False,2:37,78.3,升,94.0,9,False,,0.7757,0.7709,,False,False,7.91,1.3,26.34,14.23,2.34,13.3,OHLC,↑,HH/HL,自然回檔,False,265,1,universe
ENVX,2026-09-21,2.98,0.21,False,3.51,-0.033,-0.81,True,46.8,1.0,45.8,False,7.09,5.69,16.1,3.2,D 趨勢弱,False,2:49,84.6,升,173.0,16,False,,0.0209,0.0157,,False,False,-17.77,-2.51,3.4,-14.09,-1.99,17.4,OHLC,↓,LH/LL,自然反彈,False,265,1,universe
SMTC,2026-09-21,177.37,11.88,True,147.4,1.76,0.75,False,46.0,-1.5,47.5,False,6.7,6.29,62.5,-2.5,E 延伸,False,2:49,84.6,升,145.0,18,False,,3.4065,3.6928,,False,False,16.9,2.52,159.13,10.28,1.53,690.2,OHLC,↑,HH/HL,自然回檔,False,265,1,universe
LASR,2026-09-21,40.19,2.63,False,44.8,-1.711,-1.91,True,44.7,1.2,43.5,False,6.55,6.81,18.0,-0.4,D 趨勢弱,False,2:49,84.6,升,174.0,10,False,,0.763,0.6402,,False,False,-11.48,-1.75,40.37,-0.45,-0.07,50.1,OHLC,—,LH/LL,自然反彈,True,265,1,universe
SSTK,2026-09-21,4.53,0.35,False,5.37,-0.048,-0.69,True,41.3,0.84,40.5,False,7.71,6.66,10.0,0.0,D 趨勢弱,False,3:16,97.9,跌,4.0,1,False,,-0.0104,0.0009,-0.1341,False,False,-18.55,-2.41,5.26,-16.11,-2.09,4.5,OHLC,↓,LH/LL,DT,False,265,1,universe
AMPG,2026-09-21,3.39,0.26,False,4.19,-0.058,-0.72,True,38.3,0.8,37.5,False,7.79,7.58,39.3,2.8,D 趨勢弱,False,12:08,3.9,升,52.0,12,False,,0.0836,0.0836,,False,False,-23.53,-3.02,3.56,-4.87,-0.62,3.6,OHLC,—,LH/LL,自然反彈,True,265,1,universe
FLNC,2026-09-21,7.39,0.78,False,10.12,-0.268,-2.73,True,37.0,1.66,35.4,False,10.62,5.19,0.0,0.0,D 趨勢弱,False,5:14,157.0,跌,37.0,4,False,,-0.1741,-0.1576,-0.1741,False,False,-36.93,-3.48,9.93,-34.37,-3.24,58.8,OHLC,↓,LH/LL,DT,False,265,1,universe
CHPT,2026-09-21,9.41,0.71,True,8.64,0.04,0.26,False,36.6,-3.11,39.7,False,7.57,8.39,40.8,-4.4,E 延伸,False,2:49,84.6,升,107.0,12,False,,0.1609,0.2257,,False,False,8.21,1.08,8.82,6.27,0.83,38.8,OHLC,↑,HH/HL,自然回檔,False,265,1,universe
ALHC,2026-09-21,8.33,0.88,False,11.3,-0.264,-2.56,True,35.9,1.34,34.6,False,10.54,5.68,0.0,0.0,D 趨勢弱,False,4:31,135.4,跌,25.0,5,False,,-0.4067,-0.3984,-0.7982,False,False,-35.71,-3.39,,,,76.3,OHLC,—,HH/HL,DT,False,265,1,universe
RXT,2026-09-21,4.04,0.34,False,3.65,-0.021,-0.49,True,34.2,1.41,32.8,False,8.37,8.51,50.0,6.1,E 延伸,False,12:42,21.2,升,62.0,11,False,,0.1423,0.1257,,False,False,9.78,1.17,3.8,5.94,0.71,30.9,OHLC,↑,HH/HL,UT,False,265,1,universe
TDUP,2026-09-21,2.41,0.19,False,2.76,-0.044,-2.3,True,33.2,0.14,33.1,False,7.75,9.53,2.6,2.6,D 趨勢弱,False,1:57,58.5,升,83.0,17,False,,0.0745,0.0798,,False,False,-14.39,-1.86,2.48,-2.9,-0.37,5.6,OHLC,—,LH/LL,DT,True,265,1,universe
CDNL,2026-09-21,31.52,3.09,False,38.8,-0.443,-1.05,True,32.5,1.38,31.1,False,9.81,7.77,15.0,0.0,D 趨勢弱,False,2:49,84.6,升,119.0,19,False,,0.3906,0.3587,,False,False,-23.11,-2.36,35.65,-13.1,-1.34,17.1,OHLC,↓,LH/LL,自然反彈,False,195,1,universe
CYPH,2026-09-21,3.4,0.41,True,2.26,0.086,0.86,False,25.5,-2.21,27.7,False,12.02,9.01,61.7,-3.3,E 延伸,False,2:49,84.6,升,221.0,34,False,,0.0991,0.0905,,False,False,33.44,2.78,2.22,34.71,2.89,57.2,OHLC,↑,HH/HL,自然回檔,False,265,1,universe
SOC,2026-09-21,4.33,0.39,False,4.64,-0.009,-0.05,False,24.3,-0.54,24.9,False,8.94,12.82,5.4,-20.0,D 趨勢弱,False,4:23,131.5,跌,23.0,3,False,,-0.0311,-0.0126,-0.0311,False,True,-7.21,-0.81,4.56,-5.31,-0.59,32.7,OHLC,↓,LH/LL,DT,False,265,1,universe
BIOA,2026-09-21,8.09,0.69,False,9.41,-0.175,-1.19,True,23.7,0.5,23.2,False,8.48,13.69,20.5,-0.6,D 趨勢弱,False,2:49,84.6,升,225.0,20,False,,0.1778,0.1677,,False,False,-16.34,-1.93,10.11,-24.97,-2.94,5.1,OHLC,↓,LH/LL,自然反彈,False,265,1,universe
SKYQ,2026-09-21,2.67,0.37,False,3.14,-0.015,-0.35,True,18.6,0.14,18.5,False,13.87,12.15,19.6,8.3,D 趨勢弱,False,2:09,64.3,升,86.0,12,False,,0.0234,0.0439,,False,False,-17.75,-1.28,3.11,-16.48,-1.19,7.3,OHLC,—,HH/HL,DT,False,265,1,universe
MPLT,2026-09-21,10.9,1.12,False,12.21,-0.047,-0.3,True,16.7,0.4,16.3,False,10.24,17.66,22.1,7.2,D 趨勢弱,False,2:49,84.6,升,187.0,25,False,,0.1241,0.1747,,False,False,-12.0,-1.17,12.54,-15.05,-1.47,7.0,OHLC,—,HH/HL,DT,False,226,1,universe
EYPT,2026-09-21,4.02,0.59,False,5.16,-0.104,-1.18,True,15.0,0.93,14.1,False,14.61,15.27,0.0,-10.0,D 趨勢弱,False,1:17,38.6,升,71.0,10,False,,0.2397,0.2143,,False,False,-28.45,-1.95,3.99,0.75,0.05,16.0,OHLC,—,LH/LL,自然反彈,True,265,1,universe
NFE,2026-09-21,10.82,1.05,True,0.88,0.138,0.56,False,5.0,-0.22,5.2,False,9.7,47.16,65.8,-6.6,E 延伸,False,11:52,355.9,升,48.0,7,False,,1.3096,1.4685,,False,False,91.86,9.47,0.33,96.95,9.99,18.6,OHLC,↑,HH/HL,自然回檔,False,263,1,universe
DFNS,2026-09-21,8.2,3.21,False,14.47,-0.661,-5.47,True,3.4,0.42,3.0,False,39.13,30.78,15.0,0.0,D 趨勢弱,False,10:12,306.0,升,20.0,4,False,,0.3534,0.2366,,False,False,-76.42,-1.95,7.88,3.9,0.1,11.4,OHLC,—,LH/LL,自然反彈,True,265,1,universe
PUMP,2026-09-21,10.16,0.58,False,11.19,-0.029,-0.34,False,60.7,-0.22,60.9,False,5.67,3.82,19.7,1.6,D 趨勢弱,False,5:56,177.8,跌,49.0,5,False,1.0,-0.093,-0.0815,-0.2193,False,False,-10.15,-1.79,10.3,-1.38,-0.24,36.9,OHLC,—,HH/HL,DT,False,265,0,universe
BCAX,2026-09-21,22.01,1.25,False,23.98,-0.148,-0.6,False,62.4,-0.98,63.4,False,5.66,3.48,39.1,2.4,C 基底修復,False,5:21,160.6,跌,39.0,5,False,2.0,-0.0316,-0.0131,-0.4681,False,False,-8.96,-1.58,22.64,-2.86,-0.51,11.6,OHLC,—,LH/LL,自然回檔,True,265,0,universe
EYE,2026-09-21,16.45,0.85,False,18.23,-0.117,-1.06,False,67.5,-0.29,67.8,False,5.16,2.96,4.5,0.3,D 趨勢弱,False,10:40,320.2,升,28.0,3,False,3.0,0.0574,0.063,,False,False,-10.81,-2.1,16.88,-2.58,-0.5,38.5,OHLC,—,LH/LL,自然回檔,True,265,0,universe
ALNT,2026-09-21,109.35,5.39,False,100.31,-0.505,-0.17,False,60.7,-0.29,61.0,False,4.93,4.56,77.4,-4.0,B 上升結構,False,10:40,320.2,升,28.0,3,False,3.0,1.365,0.6139,,False,False,8.26,1.68,90.55,17.19,3.49,22.7,OHLC,↑,HH/HL,UT,False,265,0,universe
RXO,2026-09-21,19.72,1.12,False,20.98,-0.058,-0.27,False,62.8,-0.25,63.0,False,5.66,3.39,37.1,-0.9,D 趨勢弱,False,10:33,316.5,升,26.0,3,False,6.0,0.1008,0.0931,,False,False,-6.41,-1.13,20.26,-2.74,-0.48,32.6,OHLC,—,LH/LL,自然回檔,True,265,0,universe
VG,2026-09-21,13.66,0.67,False,14.43,-0.01,0.25,False,63.8,-0.51,64.4,False,4.91,3.94,32.3,-14.0,C 基底修復,False,5:34,166.8,跌,43.0,4,False,9.0,-0.1867,-0.1291,-0.1867,False,False,-5.66,-1.15,,,,192.2,OHLC,—,HH/HL,DT,False,265,0,universe
AKAM,2026-09-21,117.41,5.42,False,110.81,-0.247,-0.43,False,67.6,-1.32,68.9,False,4.61,3.49,44.8,23.4,C 基底修復,False,2:01,60.7,升,84.0,9,False,11.0,1.0286,0.2276,,False,False,5.63,1.22,104.52,10.98,2.38,377.9,OHLC,—,HH/HL,自然反彈,False,265,0,universe
RMBS,2026-09-21,96.96,4.84,False,89.43,-0.032,-0.47,False,60.5,-1.04,61.5,False,4.99,4.55,20.9,9.5,D 趨勢弱,False,2:49,84.6,升,114.0,10,False,11.0,1.4156,0.6329,,False,False,7.77,1.56,81.41,16.04,3.21,242.8,OHLC,↑,HH/HL,UT,False,265,0,universe
LGN,2026-09-21,54.59,3.24,False,59.24,-0.143,-0.49,False,54.9,-0.04,55.0,False,5.93,4.83,31.6,2.2,D 趨勢弱,False,2:13,66.5,升,87.0,10,False,11.0,0.6128,0.6129,,False,False,-8.53,-1.44,55.8,-2.22,-0.37,47.8,OHLC,—,LH/LL,自然回檔,True,257,0,universe
WRLD,2026-09-21,171.09,6.48,False,187.82,-0.787,-0.24,False,74.9,-3.25,78.1,False,3.79,2.91,45.0,-10.7,C 基底修復,False,5:47,173.7,跌,47.0,5,False,12.0,-1.5106,-0.6875,-2.495,False,False,-9.78,-2.58,192.0,-12.22,-3.23,11.4,OHLC,↓,LH/LL,DT,False,265,0,universe
POWI,2026-09-21,49.51,2.71,False,53.2,-0.394,-0.83,False,60.4,-0.1,60.5,False,5.47,4.1,17.5,-0.8,D 趨勢弱,False,12:53,26.4,升,65.0,8,False,12.0,0.4533,0.401,,False,False,-7.46,-1.36,51.7,-4.42,-0.81,42.0,OHLC,—,LH/LL,自然反彈,True,265,0,universe
PAL,2026-09-21,4.01,0.35,False,5.0,-0.146,-1.2,False,41.8,-0.9,42.7,False,8.66,5.56,0.0,0.0,D 趨勢弱,False,4:20,130.0,跌,22.0,3,False,12.0,-0.058,-0.0438,-0.1924,False,False,-24.79,-2.86,4.95,-23.44,-2.71,3.2,OHLC,↓,LH/LL,DT,False,265,0,universe
CTRI,2026-09-21,20.34,0.82,False,21.19,-0.195,-1.49,False,67.2,-0.16,67.3,False,4.01,4.17,8.4,-2.2,D 趨勢弱,False,2:49,84.6,升,119.0,12,False,14.0,0.1518,0.067,,False,False,-4.17,-1.04,20.92,-2.85,-0.71,32.1,OHLC,—,LH/LL,自然反彈,True,265,0,universe
DBD,2026-09-21,63.37,2.28,False,67.82,-0.355,-1.11,False,74.9,-0.12,75.1,False,3.6,3.09,19.0,-0.4,D 趨勢弱,False,2:49,84.6,升,152.0,16,False,,0.066,0.0581,,False,False,-7.02,-1.95,66.17,-4.42,-1.23,15.5,OHLC,↓,LH/LL,DT,False,265,0,universe
BLBD,2026-09-21,58.64,2.36,False,62.3,-0.354,-0.81,False,74.0,-0.37,74.4,False,4.02,2.85,27.6,-1.4,C 基底修復,False,2:09,64.7,升,86.0,14,False,,0.1714,0.3475,,False,False,-6.23,-1.55,60.5,-3.17,-0.79,31.6,OHLC,↓,LH/LL,DT,False,265,0,universe
GRDN,2026-09-21,44.16,1.86,False,42.1,-0.061,0.78,False,72.7,-0.4,73.1,False,4.21,2.9,51.7,-2.3,E 延伸,False,2:49,84.6,升,132.0,14,False,,0.3867,0.5931,,False,False,4.66,1.11,43.83,0.75,0.18,30.1,OHLC,—,LH/LL,自然回檔,False,265,0,universe
APEI,2026-09-21,43.43,1.72,False,45.54,-0.275,-0.89,False,72.5,-0.15,72.7,False,3.96,3.18,29.8,-0.5,C 基底修復,False,2:49,84.6,升,156.0,19,False,,0.0192,0.0616,,False,False,-4.86,-1.23,46.05,-6.03,-1.52,10.9,OHLC,—,LH/LL,DT,True,265,0,universe
UA,2026-09-21,4.68,0.2,False,5.05,-0.077,-1.75,False,72.1,-0.84,73.0,False,4.27,2.96,15.9,-2.7,D 趨勢弱,False,1:40,50.0,升,78.0,13,False,,0.0256,0.0344,,False,False,-7.81,-1.83,4.99,-6.62,-1.55,10.7,OHLC,↓,LH/LL,DT,False,265,0,universe
OLN,2026-09-21,16.54,0.65,False,17.73,-0.066,-0.59,False,72.0,-0.0,72.0,False,3.96,3.29,13.8,-1.2,D 趨勢弱,False,2:49,84.6,升,121.0,13,False,,0.0549,0.078,,False,False,-7.17,-1.81,17.66,-6.77,-1.71,46.7,OHLC,↓,LH/LL,DT,False,265,0,universe
UAA,2026-09-21,4.77,0.22,False,5.18,-0.067,-1.26,False,70.5,-0.68,71.1,False,4.58,2.96,5.0,-3.0,D 趨勢弱,False,1:52,56.2,升,81.0,13,False,,0.024,0.0342,,False,False,-8.68,-1.89,5.11,-7.13,-1.56,38.2,OHLC,↓,LH/LL,DT,False,265,0,universe
HUN,2026-09-21,8.86,0.35,False,9.66,-0.044,-0.75,False,69.2,-0.47,69.7,False,4.01,3.77,2.2,-12.1,D 趨勢弱,False,3:33,106.4,跌,9.0,1,False,,-0.0022,0.0128,-0.1781,False,False,-9.06,-2.26,9.71,-9.59,-2.39,22.9,OHLC,↓,LH/LL,DT,False,265,0,universe
FLUT,2026-09-21,86.86,4.3,False,97.61,-0.177,-0.06,False,66.7,-0.59,67.3,False,4.95,3.32,2.2,-3.1,D 趨勢弱,False,4:37,138.5,跌,27.0,4,False,,-1.2622,-0.8706,-1.3837,False,False,-12.38,-2.5,102.34,-17.82,-3.6,245.7,OHLC,↓,LH/LL,DT,False,265,0,universe
ABX,2026-09-21,8.05,0.44,False,9.21,-0.098,-0.74,False,63.3,-6.38,69.7,False,5.46,3.5,15.3,-18.7,D 趨勢弱,False,4:10,125.0,跌,19.0,4,False,,-0.1152,-0.0556,-0.2469,False,False,-14.43,-2.64,9.27,-15.16,-2.78,4.0,OHLC,↓,LH/LL,DT,False,265,0,universe
ASTH,2026-09-21,33.55,1.91,False,37.25,-0.064,-0.1,False,62.9,-0.92,63.8,False,5.7,3.34,30.6,-1.9,D 趨勢弱,False,3:57,118.4,跌,16.0,3,False,,-0.453,-0.331,-1.3652,False,False,-11.04,-1.94,,,,13.6,OHLC,—,HH/HL,DT,False,265,0,universe
ALTO,2026-09-21,3.91,0.19,False,4.11,-0.02,-0.93,False,62.7,-0.18,62.9,False,4.89,4.18,38.5,-1.9,D 趨勢弱,False,2:49,84.6,升,329.0,21,False,,0.0242,0.0308,,False,False,-5.07,-1.04,4.09,-4.6,-0.94,5.4,OHLC,—,LH/LL,DT,True,265,0,universe
RSI,2026-09-21,21.57,1.22,False,25.52,-0.257,-0.55,False,62.5,-3.79,66.3,False,5.65,3.47,10.8,-7.7,D 趨勢弱,False,3:59,119.6,跌,16.0,2,False,,-0.3372,-0.1338,-0.8224,False,False,-18.3,-3.24,,,,55.9,OHLC,—,HH/HL,DT,False,265,0,universe
AAP,2026-09-21,41.01,2.08,False,45.63,-0.248,-0.64,False,59.5,-1.03,60.5,False,5.06,4.69,21.7,11.7,D 趨勢弱,False,12:30,15.0,升,58.0,9,False,,0.2505,0.334,,False,False,-11.27,-2.22,44.18,-7.73,-1.53,70.8,OHLC,↓,LH/LL,DT,False,265,0,universe
LBRT,2026-09-21,18.85,0.97,False,20.09,-0.027,0.01,False,58.9,-0.03,58.9,False,5.16,4.71,34.9,1.2,D 趨勢弱,False,4:16,127.9,跌,21.0,3,False,,-0.0877,-0.0528,-0.6538,False,False,-6.57,-1.27,17.7,6.1,1.18,64.4,OHLC,↓,LH/LL,DT,False,265,0,universe
LINC,2026-09-21,25.18,1.5,False,27.42,-0.577,-1.31,False,54.2,-0.23,54.4,False,5.95,4.97,28.0,-0.4,D 趨勢弱,False,2:49,84.6,升,144.0,16,False,,0.6897,0.7155,,False,False,-8.89,-1.49,25.61,-1.71,-0.29,21.0,OHLC,—,LH/LL,自然反彈,True,265,0,universe
UTI,2026-09-21,20.72,1.47,False,22.64,-0.481,-1.48,False,44.0,-1.4,45.4,False,7.1,6.48,5.4,2.0,D 趨勢弱,False,2:49,84.6,升,324.0,15,False,,0.5889,0.6108,,False,False,-9.25,-1.3,21.47,-3.62,-0.51,37.7,OHLC,—,LH/LL,自然回檔,True,265,0,universe
CBIO,2026-09-21,16.25,1.46,False,17.94,-0.038,-0.15,False,43.9,-0.96,44.8,False,8.97,4.64,47.3,1.5,D 趨勢弱,False,4:45,142.5,跌,29.0,4,False,,-0.4117,-0.3414,-0.4117,False,False,-10.41,-1.16,16.69,-2.71,-0.3,7.9,OHLC,—,HH/HL,DT,False,265,0,universe
TNON,2026-09-21,3.73,1.39,False,6.9,-0.004,-0.06,False,5.2,-0.18,5.4,False,37.3,18.22,5.0,0.0,D 趨勢弱,False,1:03,31.3,升,67.0,8,False,,0.077,0.1141,,False,False,-84.99,-2.28,4.2,-12.6,-0.34,52.1,OHLC,↓,LH/LL,DT,False,265,0,universe
