ticker,date,close,atr,c1,grav,grav_slope,grav_shift5atr,c2,volidx,volidx_slope,volidx_prev,c3,atr_pct,sd60_pct,vcp,vcp_slope,vcp_grade,c4,clock,theta,cycle,cyc_prog,cyc_days,c5,c5_days,hist,hist_prev,hist_trough,still_light,c6,dist_grav_pct,dist_grav_atr,lr_line,dist_lr_pct,dist_lr_atr,turnover20_m,data_warn,bar_src,lr_dir,struct,mk,inBox,bars,score,symbol_used,lists
BOW,2026-10-01,33.8,0.19,True,33.69,0.004,0.21,True,95.4,0.11,95.2,True,0.56,1.86,86.8,0.1,A 待突破,True,8:49,264.6,跌,377.0,33,True,0.0,-0.0521,-0.0547,-0.1375,True,True,0.32,0.58,33.66,0.41,0.74,10.5,,OHLC,—,HH/HL,UT,True,273,6,BOW,HM_R23_熱錢板塊
DSGR,2026-10-01,34.94,0.11,True,34.82,0.005,0.28,True,92.3,0.02,92.3,True,0.3,2.9,71.9,-1.2,A 待突破,True,8:49,264.6,跌,426.0,41,True,0.0,-0.0419,-0.0429,-0.2637,True,True,0.33,1.09,34.75,0.54,1.78,7.3,,OHLC,↑,HH/HL,UT,False,273,6,DSGR,HM_R23_熱錢板塊
GEO,2026-10-01,30.79,1.32,True,31.3,0.017,-0.02,True,77.0,0.44,76.5,True,4.27,2.03,60.5,4.5,C 基底修復,True,8:49,264.6,跌,189.0,22,True,0.0,-0.0763,-0.0944,-0.2097,True,True,-1.64,-0.38,30.85,-0.19,-0.05,71.7,10-01 高低價為 Yahoo 暫定值（開/收落在高低區間外，已放寬校正）,OHLC,—,HH/HL,自然反彈,True,273,6,GEO,Combined_R22
MATX,2026-10-01,225.5,6.94,True,226.85,0.12,0.08,True,84.2,0.31,83.9,True,3.08,1.86,71.2,1.5,A 待突破,True,7:13,216.6,跌,70.0,8,True,0.0,-1.5022,-1.7644,-1.7644,True,True,-0.6,-0.19,221.91,1.59,0.52,71.8,,OHLC,↑,HH/HL,次級反彈,False,273,6,MATX,Combined_R22
BBCP,2026-10-01,9.88,0.36,True,9.8,0.01,0.06,True,76.3,0.52,75.8,True,3.69,2.75,61.3,9.3,C 基底修復,True,7:12,216.0,跌,70.0,7,True,0.0,-0.0217,-0.0328,-0.1214,True,True,0.82,0.22,9.9,-0.2,-0.05,2.5,,OHLC,—,LH/LL,DT,True,255,6,BBCP,HM_R23_差一項
HSHP,2026-10-01,18.05,0.63,True,17.89,0.023,0.3,True,78.0,0.42,77.6,True,3.49,2.63,66.4,0.2,B 上升結構,True,6:42,200.8,跌,62.0,7,True,0.0,-0.1871,-0.2362,-0.2362,True,True,0.89,0.25,17.95,0.55,0.16,10.2,,OHLC,—,HH/HL,自然反彈,False,273,6,HSHP,Combined_R22
PSX,2026-10-01,264.23,8.54,True,256.65,0.553,0.34,True,83.3,0.3,83.0,True,3.23,1.88,77.4,8.5,A 待突破,True,8:49,264.6,跌,103.0,9,True,1.0,-1.9923,-2.7448,-2.9126,True,True,2.87,0.89,253.41,4.09,1.27,873.2,,OHLC,↑,HH/HL,自然反彈,False,273,6,PSX,SubSector_R12+RateHike_R2_受惠
SU,2026-10-01,69.1,1.75,True,68.1,0.028,0.16,True,86.9,0.38,86.5,True,2.54,1.85,80.3,8.5,A 待突破,True,8:49,264.6,跌,98.0,10,True,1.0,-0.1909,-0.2781,-0.5478,True,True,1.45,0.57,69.89,-1.14,-0.45,325.1,,OHLC,—,LH/LL,UT,True,273,6,SU,Combined_R22
BEN,2026-10-01,32.5,0.78,False,33.46,-0.081,-0.33,True,89.4,0.08,89.3,True,2.41,1.47,54.3,5.4,C 基底修復,True,8:49,264.6,跌,188.0,23,True,0.0,-0.0898,-0.1073,-0.1716,True,True,-2.97,-1.23,33.33,-2.55,-1.06,131.7,,OHLC,↓,LH/LL,DT,False,273,5,BEN,SubSector_R12
CCBG,2026-10-01,48.8,0.99,False,50.23,-0.12,-0.54,True,92.4,0.12,92.3,True,2.02,1.17,41.7,2.2,C 基底修復,True,8:49,264.6,跌,319.0,41,True,0.0,-0.1401,-0.1625,-0.2574,True,True,-2.92,-1.44,49.86,-2.17,-1.07,4.0,,OHLC,↓,LH/LL,DT,False,273,5,CCBG,Combined_R22
CLH,2026-10-01,312.51,5.83,False,315.65,-0.602,-0.34,True,92.2,0.1,92.1,True,1.87,1.38,66.6,1.2,C 基底修復,True,8:49,264.6,跌,100.0,11,True,0.0,-0.7635,-0.904,-1.5098,True,True,-1.0,-0.54,318.78,-2.01,-1.08,118.1,,OHLC,—,LH/LL,自然回檔,True,273,5,CLH,SubSector_R12
DVN,2026-10-01,47.16,1.4,False,48.42,-0.033,0.02,True,83.3,0.35,82.9,True,2.98,2.14,53.9,13.0,A 待突破,True,8:49,264.6,跌,100.0,12,True,0.0,-0.373,-0.4453,-0.4453,True,True,-2.67,-0.9,49.71,-5.41,-1.82,637.3,,OHLC,↓,LH/LL,自然反彈,False,273,5,DVN,SubSector_R12
EBC,2026-10-01,21.08,0.43,False,21.7,-0.091,-0.81,True,92.2,0.05,92.2,True,2.05,1.18,39.5,3.1,C 基底修復,True,8:49,264.6,跌,560.0,52,True,0.0,-0.0215,-0.0331,-0.1998,True,True,-2.94,-1.43,22.1,-4.84,-2.36,53.4,,OHLC,↓,LH/LL,DT,False,273,5,EBC,Combined_R22
EOG,2026-10-01,141.31,3.57,False,145.36,-0.289,-0.24,True,85.7,0.0,85.7,True,2.53,2.11,43.1,2.2,C 基底修復,True,8:49,264.6,跌,106.0,12,True,0.0,-0.6739,-0.9128,-1.1968,True,True,-2.87,-1.14,142.86,-1.1,-0.43,476.8,,OHLC,—,LH/LL,自然反彈,True,273,5,EOG,SubSector_R12+Combined_R22
EXPD,2026-10-01,187.74,3.87,False,188.77,-0.045,-0.03,True,90.4,0.1,90.3,True,2.06,1.59,74.4,4.1,A 待突破,True,8:49,264.6,跌,137.0,12,True,0.0,-0.7373,-0.8799,-1.0374,True,True,-0.55,-0.27,189.03,-0.69,-0.33,195.7,,OHLC,—,LH/LL,自然回檔,False,273,5,EXPD,Combined_R22
MCK,2026-10-01,898.82,24.44,True,886.2,1.718,0.08,False,85.1,-1.84,86.9,True,2.72,2.04,50.5,6.4,C 基底修復,True,8:49,264.6,跌,216.0,17,True,0.0,-2.3863,-5.3719,-5.4753,True,True,1.4,0.52,907.07,-0.92,-0.34,781.1,,OHLC,↓,LH/LL,自然反彈,False,273,5,MCK,SubSector_R12
TEAM,2026-10-01,189.91,9.42,True,184.08,0.834,0.38,True,55.8,0.85,54.9,False,4.96,5.61,83.6,15.4,A 待突破,True,8:49,264.6,跌,171.0,19,True,0.0,-2.9572,-3.7025,-3.7025,True,True,3.07,0.62,188.65,0.66,0.13,591.0,,OHLC,—,HH/HL,自然反彈,False,273,5,TEAM,SubSector_R12
APA,2026-10-01,43.34,1.54,False,43.75,-0.042,0.04,True,77.3,0.09,77.2,True,3.55,2.71,61.5,5.6,B 上升結構,True,8:28,254.1,跌,91.0,12,True,0.0,-0.4416,-0.5584,-0.5584,True,True,-0.94,-0.26,43.7,-0.83,-0.23,272.4,,OHLC,↓,LH/LL,自然反彈,False,273,5,APA,RateHike_R2_索引
MEOH,2026-10-01,58.55,1.98,True,60.6,0.078,0.21,True,80.1,0.53,79.6,True,3.38,2.34,65.6,-2.2,B 上升結構,True,7:25,222.6,跌,74.0,10,True,0.0,-0.4424,-0.444,-0.5623,True,False,-3.5,-1.04,60.61,-3.52,-1.04,54.1,,OHLC,—,LH/LL,自然回檔,True,273,5,MEOH,Combined_R22
PGC,2026-10-01,44.03,1.0,False,45.03,-0.064,-0.45,True,91.5,0.01,91.5,True,2.27,1.14,54.0,1.7,C 基底修復,True,6:45,202.5,跌,62.0,10,True,0.0,-0.1455,-0.1692,-0.1756,True,True,-2.27,-1.0,45.93,-4.32,-1.9,6.1,,OHLC,↓,LH/LL,DT,False,273,5,PGC,Combined_R22
EQH,2026-10-01,51.95,1.39,True,52.24,0.009,0.04,False,86.0,-0.21,86.2,True,2.68,1.89,65.3,3.0,A 待突破,True,6:33,196.7,跌,59.0,8,True,0.0,-0.3139,-0.3149,-0.5039,True,True,-0.56,-0.21,53.84,-3.64,-1.36,173.2,,OHLC,↓,LH/LL,DT,False,273,5,EQH,SubSector_R12
TRV,2026-10-01,361.64,6.77,False,368.74,-0.056,-0.12,True,90.8,0.01,90.8,True,1.87,1.7,61.8,3.2,C 基底修復,True,6:28,193.9,跌,58.0,8,True,0.0,-1.4716,-1.7206,-4.0307,True,True,-1.96,-1.05,383.99,-6.18,-3.3,516.6,,OHLC,↓,LH/LL,DT,False,273,5,TRV,SubSector_R12+RateHike_R2_受惠
APPS,2026-10-01,11.55,0.85,True,11.13,0.005,-0.17,True,42.7,0.96,41.7,False,7.36,6.6,51.2,-10.6,E 延伸,True,6:23,191.6,跌,56.0,6,True,0.0,-0.0094,-0.0255,-0.2808,True,True,3.6,0.49,10.88,5.8,0.79,33.8,,OHLC,—,HH/HL,次級反彈,True,273,5,APPS,HM_R23_熱錢板塊
RAMP,2026-10-01,37.7,0.17,True,37.68,0.001,-0.13,False,99.5,-0.01,99.5,True,0.45,0.3,66.5,1.2,C 基底修復,True,6:23,191.4,跌,56.0,10,True,0.0,-0.002,-0.0135,-0.0627,True,True,0.06,0.12,37.81,-0.29,-0.65,51.2,,OHLC,—,LH/LL,UT,True,273,5,RAMP,HM_R23_熱錢板塊
CRM,2026-10-01,236.69,9.04,True,241.94,1.4,0.58,True,70.8,0.46,70.3,False,3.82,3.67,60.5,5.0,B 上升結構,True,8:49,264.6,跌,130.0,16,True,1.0,-3.4757,-4.3122,-4.6542,True,True,-2.22,-0.58,238.22,-0.65,-0.17,3034.2,,OHLC,↓,LH/LL,自然反彈,False,273,5,CRM,SubSector_R12+Combined_R22+AI_R13
EQNR,2026-10-01,42.17,1.12,False,43.05,-0.019,-0.04,True,83.2,0.31,82.8,True,2.67,2.47,58.8,10.3,A 待突破,True,8:49,264.6,跌,121.0,11,True,1.0,-0.3777,-0.4356,-0.4402,True,True,-2.08,-0.78,44.1,-4.58,-1.72,163.7,,OHLC,↓,LH/LL,自然反彈,False,273,5,EQNR,Combined_R22
GNK,2026-10-01,27.22,0.84,True,26.9,0.017,0.05,False,81.8,-0.13,81.9,True,3.09,2.31,77.2,13.9,A 待突破,True,8:49,264.6,跌,152.0,8,True,1.0,-0.1274,-0.2149,-0.231,True,True,1.19,0.38,28.1,-3.23,-1.04,17.3,,OHLC,↓,LH/LL,自然反彈,False,273,5,GNK,Combined_R22
LNG,2026-10-01,272.4,7.12,False,278.1,-0.152,-0.07,True,86.3,0.33,86.0,True,2.61,1.9,49.3,11.2,B 上升結構,True,8:49,264.6,跌,215.0,18,True,1.0,-0.8322,-1.1997,-2.9031,True,True,-2.09,-0.8,281.0,-3.16,-1.21,614.5,,OHLC,—,LH/LL,自然回檔,True,273,5,LNG,SubSector_R12
NOW,2026-10-01,137.76,6.03,True,137.02,0.632,0.41,True,68.5,0.45,68.0,False,4.38,3.55,57.9,6.7,C 基底修復,True,8:49,264.6,跌,144.0,18,True,1.0,-1.1092,-1.4912,-1.6345,True,True,0.54,0.12,142.1,-3.15,-0.72,1684.4,,OHLC,↓,LH/LL,自然反彈,False,273,5,NOW,SubSector_R12+Combined_R22+AI_R13
RRBI,2026-10-01,101.42,1.95,True,101.54,0.008,-0.16,False,93.0,-0.39,93.3,True,1.92,1.13,70.1,10.0,A 待突破,True,8:49,264.6,跌,116.0,13,True,1.0,-0.2334,-0.3618,-0.3989,True,True,-0.12,-0.06,104.87,-3.4,-1.77,6.9,,OHLC,—,LH/LL,自然回檔,False,273,5,RRBI,Combined_R22
SNOW,2026-10-01,341.99,14.56,True,334.73,0.46,0.04,True,72.1,0.94,71.2,False,4.26,2.97,75.8,-4.0,B 上升結構,True,8:49,264.6,跌,351.0,32,True,1.0,-0.531,-1.0296,-4.0714,True,True,2.12,0.5,328.12,4.06,0.95,1810.6,,OHLC,—,HH/HL,UT,True,273,5,SNOW,SubSector_R12+Combined_R22+AI_R13
DINO,2026-10-01,112.7,4.66,True,106.11,0.472,0.46,True,76.0,0.94,75.0,True,4.13,2.37,69.6,-0.0,E 延伸,True,6:28,193.9,跌,58.0,8,True,1.0,-0.7907,-1.2311,-1.5866,True,False,5.85,1.42,105.59,6.31,1.53,305.4,,OHLC,↑,HH/HL,自然反彈,False,273,5,DINO,SubSector_R12+Combined_R22+RateHike_R2_受惠
PBR,2026-10-01,20.98,0.57,True,20.2,0.064,0.55,True,84.7,0.69,84.0,True,2.74,2.09,66.4,11.1,A 待突破,True,6:24,192.2,跌,57.0,9,True,1.0,-0.103,-0.1201,-0.1337,True,False,3.74,1.36,21.14,-0.76,-0.28,447.4,,OHLC,—,LH/LL,次級反彈,True,273,5,PBR,Combined_R22
CXW,2026-10-01,32.49,1.67,True,33.63,0.005,-0.08,True,69.1,0.93,68.1,False,5.16,2.66,60.1,3.6,C 基底修復,True,8:49,264.6,跌,133.0,9,True,2.0,-0.2751,-0.3181,-0.3934,True,True,-3.5,-0.68,34.23,-5.36,-1.04,72.6,10-01 高低價為 Yahoo 暫定值（開/收落在高低區間外，已放寬校正）,OHLC,—,HH/HL,自然反彈,False,273,5,CXW,Combined_R22
DUOL,2026-10-01,146.57,7.17,True,147.57,0.061,0.12,True,63.5,1.37,62.1,False,4.89,4.03,57.3,-2.6,D 趨勢弱,True,8:49,264.6,跌,544.0,17,True,2.0,-0.897,-1.3278,-1.6792,True,True,-0.68,-0.14,149.42,-1.94,-0.4,166.6,,OHLC,↓,LH/LL,自然反彈,False,273,5,DUOL,Combined_R22+AI_R13
MTCH,2026-10-01,40.13,1.23,True,41.81,0.044,0.24,True,83.0,0.32,82.7,True,3.06,2.1,47.1,-3.1,C 基底修復,True,8:49,264.6,跌,105.0,8,True,2.0,-0.4251,-0.4609,-0.4931,True,False,-4.19,-1.37,41.15,-2.54,-0.83,146.9,,OHLC,—,HH/HL,DT,False,273,5,MTCH,SubSector_R12
SNAP,2026-10-01,5.65,0.27,True,5.54,0.011,0.14,True,65.3,0.63,64.7,False,4.84,3.71,47.5,6.7,D 趨勢弱,True,8:47,263.5,跌,96.0,10,True,2.0,-0.0275,-0.0503,-0.0597,True,True,1.92,0.4,5.29,6.37,1.32,182.9,,OHLC,↑,HH/HL,次級反彈,False,273,5,SNAP,SubSector_R12
GILD,2026-10-01,147.5,3.41,True,148.46,0.048,0.37,True,89.3,0.14,89.1,True,2.31,1.59,59.5,-5.7,A 待突破,True,8:49,264.6,跌,157.0,18,False,3.0,-0.5405,-0.3194,-0.9237,False,True,-0.65,-0.28,154.2,-4.54,-1.97,878.7,,OHLC,—,LH/LL,自然回檔,False,273,5,GILD,SubSector_R12+Combined_R22
MO,2026-10-01,66.95,1.35,True,68.7,0.089,0.49,True,89.2,0.09,89.1,True,2.02,1.9,35.4,-12.5,C 基底修復,True,7:03,211.4,跌,67.0,7,False,3.0,-0.2343,-0.1545,-0.7315,False,True,-2.62,-1.3,70.29,-4.99,-2.47,535.6,,OHLC,↓,LH/LL,DT,False,273,5,MO,SubSector_R12
AVTR,2026-10-01,15.03,0.45,True,15.0,0.028,0.4,True,78.8,0.04,78.8,True,3.0,2.95,63.1,-3.1,A 待突破,True,8:49,264.6,跌,98.0,10,False,5.0,-0.106,-0.0993,-0.117,False,True,0.23,0.08,14.81,1.46,0.49,139.1,,OHLC,↑,HH/HL,次級回檔,False,273,5,AVTR,HM_R23_第二梯隊
CVX,2026-10-01,207.1,4.18,True,208.01,0.018,0.11,True,91.1,0.06,91.1,True,2.02,1.47,64.5,6.1,A 待突破,True,8:49,264.6,跌,130.0,12,False,5.0,-1.0124,-1.2882,-1.6293,True,True,-0.44,-0.22,208.25,-0.56,-0.28,2053.9,,OHLC,—,LH/LL,自然反彈,False,273,5,CVX,SubSector_R12+Combined_R22+RateHike_R2_迴避
HUM,2026-10-01,379.68,13.46,True,390.64,0.143,0.09,True,80.4,0.21,80.2,True,3.54,2.12,56.3,-4.0,C 基底修復,True,8:49,264.6,跌,101.0,12,False,5.0,-1.1718,-1.0048,-5.5078,False,True,-2.89,-0.81,413.57,-8.93,-2.52,410.3,,OHLC,—,LH/LL,自然回檔,False,273,5,HUM,SubSector_R12
TGT,2026-10-01,156.7,3.86,True,160.45,0.227,0.23,True,87.9,0.59,87.4,True,2.46,1.71,74.5,-1.7,A 待突破,True,8:49,264.6,跌,279.0,23,False,5.0,-0.5145,-0.5622,-1.7752,True,True,-2.39,-0.97,153.96,1.75,0.71,530.6,,OHLC,—,HH/HL,DT,True,273,5,TGT,Combined_R22
CHEF,2026-10-01,112.56,3.66,True,111.7,0.111,0.11,True,81.1,0.61,80.5,True,3.25,2.28,90.2,-2.0,A 待突破,True,9:25,282.4,升,7.0,1,False,6.0,0.0727,-0.0121,,False,True,0.76,0.23,110.85,1.52,0.47,69.9,,OHLC,—,LH/LL,UT,True,273,5,CHEF,SubSector_R12
PAYO,2026-10-01,7.14,0.03,True,7.13,0.002,0.15,True,99.5,0.03,99.4,True,0.46,0.29,85.5,0.3,A 待突破,True,8:49,264.6,跌,582.0,65,False,7.0,-0.0016,-0.0015,-0.0414,False,True,0.16,0.35,7.1,0.56,1.23,20.9,,OHLC,↑,HH/HL,UT,False,273,5,PAYO,HM_R23_熱錢板塊
MSFT,2026-10-01,512.8,11.73,True,500.2,0.941,0.38,True,85.4,0.14,85.3,True,2.29,2.4,72.2,-1.2,A 待突破,True,9:28,283.8,升,8.0,1,False,10.0,0.0601,-0.0474,,False,True,2.46,1.07,496.82,3.12,1.36,10815.3,,OHLC,↑,HH/HL,UT,False,273,5,MSFT,SubSector_R12+Combined_R22+AI_R13
BWMN,2026-10-01,42.59,0.24,True,42.56,0.004,0.31,True,76.6,0.19,76.4,True,0.57,5.81,71.4,-1.3,A 待突破,True,8:49,264.6,跌,190.0,24,False,12.0,-0.3052,-0.322,-0.5468,True,True,0.08,0.13,42.39,0.47,0.82,15.7,,OHLC,—,HH/HL,UT,True,273,5,BWMN,HM_R23_差一項
HZO,2026-10-01,52.33,0.3,True,52.27,0.004,0.13,True,80.4,0.15,80.3,True,0.57,5.09,94.3,-0.1,A 待突破,True,8:49,264.6,跌,290.0,25,False,13.0,-0.3747,-0.3957,-0.6256,True,True,0.11,0.19,52.24,0.17,0.3,43.2,,OHLC,—,HH/HL,UT,True,273,5,HZO,HM_R23_差一項
VREX,2026-10-01,18.49,0.1,True,18.49,0.0,-0.02,True,80.0,0.11,79.9,True,0.53,5.2,89.5,-0.1,A 待突破,True,8:49,264.6,跌,260.0,25,False,13.0,-0.1542,-0.1662,-0.279,True,True,0.01,0.02,18.53,-0.22,-0.41,12.3,,OHLC,—,LH/LL,UT,True,273,5,VREX,HM_R23_差一項
ATKR,2026-10-01,94.77,0.39,True,94.16,0.037,0.45,True,89.2,0.13,89.1,True,0.41,3.5,88.9,-0.6,A 待突破,True,8:49,264.6,跌,197.0,29,False,,-0.2736,-0.2909,-0.6839,True,True,0.64,1.56,93.5,1.34,3.28,73.8,,OHLC,—,HH/HL,UT,True,273,5,ATKR,HM_R23_熱錢板塊
ITGR,2026-10-01,126.42,0.44,True,125.96,0.027,0.47,True,93.5,0.1,93.4,True,0.35,2.58,85.6,0.4,A 待突破,True,8:49,264.6,跌,382.0,31,False,,-0.4395,-0.469,-1.1148,True,True,0.37,1.06,126.16,0.21,0.59,103.2,,OHLC,—,HH/HL,UT,True,273,5,ITGR,HM_R23_差一項
SAFT,2026-10-01,103.81,0.33,True,103.52,0.01,0.09,True,84.9,0.01,84.8,True,0.32,4.49,87.9,-0.0,A 待突破,True,8:49,264.6,跌,285.0,35,False,,-0.2737,-0.308,-1.0391,True,True,0.28,0.88,103.43,0.37,1.16,13.2,,OHLC,—,HH/HL,UT,True,273,5,SAFT,HM_R23_差一項
ALRS,2026-10-01,31.73,0.74,False,32.61,-0.079,-0.5,False,91.5,-0.24,91.8,True,2.33,1.07,54.3,1.8,C 基底修復,True,8:49,264.6,跌,511.0,39,True,0.0,-0.1259,-0.1402,-0.2241,True,True,-2.77,-1.19,33.6,-5.89,-2.53,6.1,,OHLC,↓,LH/LL,DT,False,273,4,ALRS,Combined_R22
BC,2026-10-01,64.22,2.22,False,71.13,-0.601,-1.18,True,82.9,0.32,82.6,True,3.45,1.73,2.7,2.7,D 趨勢弱,True,8:49,264.6,跌,276.0,29,True,0.0,-0.0242,-0.0414,-0.8949,True,False,-10.75,-3.11,74.43,-15.9,-4.6,55.3,,OHLC,↓,LH/LL,DT,False,273,4,BC,SubSector_R12
BKR,2026-10-01,55.62,1.63,False,59.47,-0.22,-0.69,True,85.1,0.78,84.3,True,2.92,1.83,11.7,2.2,D 趨勢弱,True,8:49,264.6,跌,205.0,29,True,0.0,-0.2338,-0.2649,-0.9547,True,False,-6.93,-2.37,57.78,-3.88,-1.33,493.0,,OHLC,↓,LH/LL,DT,False,273,4,BKR,SubSector_R12
CBRE,2026-10-01,130.53,4.12,False,140.83,-0.73,-0.84,True,82.3,0.38,81.9,True,3.16,2.15,6.0,2.9,D 趨勢弱,True,8:49,264.6,跌,309.0,27,True,0.0,-1.0114,-1.1441,-1.4979,True,False,-7.89,-2.5,,,,282.0,,OHLC,—,HH/HL,DT,False,273,4,CBRE,SubSector_R12
COF,2026-10-01,194.48,4.69,False,207.4,-0.86,-0.89,True,88.6,0.73,87.9,True,2.41,1.62,13.3,2.2,D 趨勢弱,True,8:49,264.6,跌,226.0,31,True,0.0,-0.8891,-1.0373,-1.7423,True,False,-6.64,-2.75,200.2,-2.94,-1.22,719.3,,OHLC,↓,LH/LL,DT,False,273,4,COF,SubSector_R12
COR,2026-10-01,309.78,8.19,False,318.06,-0.497,-0.24,False,86.9,-0.33,87.2,True,2.64,1.75,13.2,2.3,C 基底修復,True,8:49,264.6,跌,234.0,17,True,0.0,-1.5303,-2.1597,-2.6931,True,True,-2.67,-1.01,316.49,-2.17,-0.82,419.8,,OHLC,↓,LH/LL,自然反彈,False,273,4,COR,SubSector_R12
DLR,2026-10-01,176.49,4.56,False,184.54,-0.608,-0.67,True,85.5,0.13,85.3,True,2.59,2.1,33.4,1.9,D 趨勢弱,True,8:49,264.6,跌,149.0,31,True,0.0,-0.6622,-0.7387,-1.5739,True,False,-4.56,-1.76,186.33,-5.58,-2.16,340.5,,OHLC,↓,LH/LL,DT,False,273,4,DLR,SubSector_R12+AI_R13
DRI,2026-10-01,197.41,5.4,False,210.4,-0.92,-0.91,True,85.5,0.38,85.2,True,2.74,1.93,19.4,3.3,D 趨勢弱,True,8:49,264.6,跌,248.0,26,True,0.0,-1.7786,-2.0361,-2.0361,True,False,-6.58,-2.4,213.69,-8.25,-3.01,277.3,,OHLC,↓,LH/LL,自然反彈,False,273,4,DRI,SubSector_R12
EPD,2026-10-01,35.67,0.64,False,38.03,-0.126,-0.94,True,93.8,0.09,93.7,True,1.8,1.04,21.0,-0.8,D 趨勢弱,True,8:49,264.6,跌,124.0,15,True,0.0,-0.3372,-0.3407,-0.3407,True,False,-6.61,-3.67,38.89,-9.03,-5.01,114.8,,OHLC,↓,LH/LL,DT,False,273,4,EPD,SubSector_R12
F,2026-10-01,12.27,0.39,False,13.51,-0.074,-0.69,True,83.0,0.24,82.8,True,3.2,1.96,9.9,2.5,D 趨勢弱,True,8:49,264.6,跌,179.0,17,True,0.0,-0.1161,-0.1342,-0.1342,True,False,-10.14,-3.17,14.26,-16.22,-5.06,639.6,,OHLC,↓,LH/LL,DT,False,273,4,F,SubSector_R12
FIZZ,2026-10-01,29.69,0.91,False,31.32,-0.074,-0.35,True,83.5,0.44,83.0,True,3.07,2.01,10.9,2.2,D 趨勢弱,True,8:49,264.6,跌,154.0,18,True,0.0,-0.1865,-0.2265,-0.2265,True,False,-5.49,-1.79,32.18,-8.39,-2.73,13.8,,OHLC,↓,LH/LL,DT,False,273,4,FIZZ,HM_R23_熱錢板塊
FTI,2026-10-01,68.85,2.08,False,74.36,-0.285,-0.67,True,83.6,0.63,83.0,True,3.02,2.03,37.0,2.1,D 趨勢弱,True,8:49,264.6,跌,127.0,17,True,0.0,-0.5717,-0.6512,-0.8898,True,False,-8.0,-2.65,74.57,-8.31,-2.75,220.8,,OHLC,↓,LH/LL,DT,False,273,4,FTI,Combined_R22
GM,2026-10-01,79.31,2.64,False,84.3,-0.249,-0.38,True,81.5,0.2,81.3,True,3.33,2.12,29.5,5.8,C 基底修復,True,8:49,264.6,跌,257.0,36,True,0.0,-0.6766,-0.7451,-0.7451,True,False,-6.29,-1.89,82.63,-4.19,-1.26,638.2,,OHLC,↓,LH/LL,自然反彈,False,273,4,GM,SubSector_R12
GS,2026-10-01,896.67,24.47,False,980.5,-5.666,-0.82,True,84.0,0.14,83.9,True,2.73,2.24,13.2,1.1,D 趨勢弱,True,8:49,264.6,跌,211.0,14,True,0.0,-5.4298,-5.6118,-9.2206,True,False,-9.35,-3.43,959.39,-6.99,-2.56,2054.1,,OHLC,↓,LH/LL,DT,False,273,4,GS,SubSector_R12+Combined_R22+RateHike_R2_迴避
HSY,2026-10-01,159.3,3.56,False,172.18,-1.212,-1.12,True,90.5,0.03,90.4,True,2.24,1.4,5.5,1.1,D 趨勢弱,True,8:49,264.6,跌,188.0,25,True,0.0,-0.9521,-0.9662,-1.5522,True,False,-8.08,-3.61,174.72,-9.68,-4.33,257.9,,OHLC,↓,LH/LL,DT,False,273,4,HSY,SubSector_R12
JAZZ,2026-10-01,233.01,6.02,False,245.2,-0.481,-0.33,True,87.4,0.31,87.1,True,2.58,1.71,51.5,3.6,C 基底修復,True,8:49,264.6,跌,341.0,26,True,0.0,-0.7618,-0.8388,-2.0631,True,False,-5.23,-2.03,245.87,-5.52,-2.14,173.4,,OHLC,↓,LH/LL,DT,False,273,4,JAZZ,Combined_R22
JLL,2026-10-01,308.07,9.61,False,343.94,-4.715,-1.53,True,83.2,0.3,82.9,True,3.12,2.01,9.4,2.5,D 趨勢弱,True,8:49,264.6,跌,230.0,25,True,0.0,-3.2168,-3.5347,-5.4642,True,False,-11.64,-3.73,367.78,-19.38,-6.21,127.1,,OHLC,↓,LH/LL,DT,False,273,4,JLL,SubSector_R12
JPM,2026-10-01,333.18,6.58,False,348.27,-0.943,-0.69,True,92.6,0.13,92.5,True,1.98,1.16,36.7,1.5,C 基底修復,True,8:49,264.6,跌,343.0,33,True,0.0,-1.8209,-1.993,-2.02,True,False,-4.53,-2.29,360.05,-8.06,-4.08,2884.4,,OHLC,↓,LH/LL,DT,False,273,4,JPM,SubSector_R12+Combined_R22
KNSA,2026-10-01,75.22,2.56,False,77.49,-0.281,-0.28,True,73.9,0.13,73.8,False,3.41,3.48,60.0,0.6,C 基底修復,True,8:49,264.6,跌,289.0,35,True,0.0,-0.4262,-0.4683,-0.8782,True,True,-3.01,-0.88,79.33,-5.46,-1.6,45.2,,OHLC,↓,LH/LL,DT,False,273,4,KNSA,Combined_R22
LEA,2026-10-01,121.37,3.68,False,124.27,-0.139,-0.18,False,81.2,-0.45,81.7,True,3.03,2.48,18.0,4.2,C 基底修復,True,8:49,264.6,跌,98.0,11,True,0.0,-0.2531,-0.4796,-2.6767,True,True,-2.39,-0.79,122.71,-1.1,-0.36,82.3,,OHLC,—,LH/LL,自然反彈,True,273,4,LEA,SubSector_R12
MCD,2026-10-01,231.83,4.67,False,250.88,-1.28,-1.2,True,91.8,0.26,91.5,True,2.02,1.31,3.8,1.2,D 趨勢弱,True,8:49,264.6,跌,267.0,27,True,0.0,-1.2743,-1.4602,-1.5222,True,False,-8.22,-4.08,252.06,-8.73,-4.33,1473.2,,OHLC,↓,LH/LL,DT,False,273,4,MCD,SubSector_R12
MDT,2026-10-01,86.44,2.04,False,90.5,-0.45,-0.73,True,89.3,0.32,88.9,True,2.36,1.53,18.2,-1.1,D 趨勢弱,True,8:49,264.6,跌,270.0,26,True,0.0,-0.7836,-0.7896,-0.7896,True,False,-4.7,-1.99,93.8,-8.51,-3.6,1120.3,,OHLC,↓,LH/LL,DT,False,273,4,MDT,SubSector_R12
NE,2026-10-01,41.72,1.53,False,45.04,-0.124,-0.28,True,76.9,0.06,76.9,True,3.68,2.65,30.3,-1.3,D 趨勢弱,True,8:49,264.6,跌,143.0,19,True,0.0,-0.4295,-0.4415,-0.4415,True,False,-7.96,-2.17,45.82,-9.83,-2.67,53.3,,OHLC,↓,LH/LL,DT,False,273,4,NE,SubSector_R12
OFG,2026-10-01,50.69,0.95,False,52.07,-0.063,-0.38,False,92.9,-0.29,93.2,True,1.88,1.18,50.0,1.9,C 基底修復,True,8:49,264.6,跌,395.0,40,True,0.0,-0.2378,-0.2612,-0.2786,True,True,-2.73,-1.45,,,,14.6,,OHLC,—,HH/HL,DT,False,273,4,OFG,Combined_R22
RCEL,2026-10-01,12.01,0.63,True,10.81,0.134,1.04,True,45.3,0.63,44.7,False,5.25,7.94,75.0,1.2,E 延伸,True,8:49,264.6,跌,220.0,22,True,0.0,-0.0187,-0.0228,-0.2379,True,False,10.0,1.9,10.95,8.83,1.68,3.3,,OHLC,↑,HH/HL,UT,False,273,4,RCEL,HM_R23_熱錢板塊
RNR,2026-10-01,322.99,6.66,False,327.22,-0.008,0.04,False,91.0,-0.14,91.2,True,2.06,1.45,54.8,7.1,C 基底修復,True,8:49,264.6,跌,125.0,18,True,0.0,-0.9939,-1.074,-1.5356,True,True,-1.31,-0.64,330.62,-2.36,-1.15,102.6,,OHLC,—,LH/LL,自然回檔,False,273,4,RNR,SubSector_R12+RateHike_R2_受惠
SCI,2026-10-01,76.5,1.6,False,80.19,-0.208,-0.69,True,91.4,0.18,91.2,True,2.1,1.33,21.3,0.9,D 趨勢弱,True,8:49,264.6,跌,374.0,38,True,0.0,-0.2533,-0.2975,-0.5366,True,False,-4.82,-2.3,78.73,-2.92,-1.39,78.6,,OHLC,—,LH/LL,DT,True,273,4,SCI,SubSector_R12
SPOT,2026-10-01,491.4,17.2,False,529.41,-1.26,-0.07,True,79.1,0.69,78.4,True,3.5,2.41,21.2,1.5,D 趨勢弱,True,8:49,264.6,跌,248.0,18,True,0.0,-5.2752,-5.714,-5.8401,True,False,-7.74,-2.21,511.38,-4.07,-1.16,749.8,,OHLC,—,LH/LL,DT,True,273,4,SPOT,Combined_R22
TOST,2026-10-01,29.23,1.06,False,32.59,-0.188,-0.78,True,79.0,0.88,78.1,True,3.64,2.3,14.4,7.5,D 趨勢弱,True,8:49,264.6,跌,333.0,25,True,0.0,-0.1483,-0.1569,-0.5718,True,False,-11.48,-3.16,30.6,-4.69,-1.29,258.7,,OHLC,—,LH/LL,DT,True,273,4,TOST,SubSector_R12
TRST,2026-10-01,54.75,1.35,False,56.9,-0.063,-0.19,True,90.6,0.0,90.6,True,2.47,1.15,53.0,2.5,C 基底修復,True,8:49,264.6,跌,114.0,11,True,0.0,-0.3283,-0.3578,-0.3578,True,False,-3.92,-1.59,59.28,-8.27,-3.35,8.5,,OHLC,↓,LH/LL,DT,False,273,4,TRST,Combined_R22
UNF,2026-10-01,252.32,6.97,False,270.25,-0.883,-0.59,True,89.4,0.0,89.4,True,2.76,1.1,26.3,0.8,C 基底修復,True,8:49,264.6,跌,342.0,43,True,0.0,-0.8714,-0.963,-1.9871,True,False,-7.1,-2.57,263.13,-4.28,-1.55,99.0,,OHLC,↓,LH/LL,DT,False,273,4,UNF,Combined_R22
VAL,2026-10-01,79.56,3.06,False,84.65,-0.307,-0.32,True,76.1,0.81,75.2,True,3.85,2.63,21.7,-0.1,C 基底修復,True,8:49,264.6,跌,136.0,18,True,0.0,-0.6441,-0.7554,-0.844,True,False,-6.4,-1.66,88.23,-10.9,-2.83,110.6,,OHLC,↓,LH/LL,DT,False,273,4,VAL,SubSector_R12
NWBI,2026-10-01,14.99,0.28,False,15.32,-0.019,-0.33,False,93.7,-0.23,94.0,True,1.87,0.98,50.5,2.5,C 基底修復,True,8:41,260.5,跌,95.0,9,True,0.0,-0.0492,-0.0557,-0.0804,True,True,-2.19,-1.17,15.74,-5.0,-2.67,17.7,,OHLC,↓,LH/LL,DT,False,273,4,NWBI,Combined_R22
HIW,2026-10-01,29.09,0.72,False,30.54,-0.067,-0.47,True,89.0,0.18,88.9,True,2.48,1.47,43.6,1.0,C 基底修復,True,8:10,245.1,跌,86.0,7,True,0.0,-0.1462,-0.158,-0.4684,True,False,-4.99,-2.01,,,,36.9,,OHLC,—,HH/HL,DT,False,273,4,HIW,SubSector_R12
UBSI,2026-10-01,46.4,0.79,False,47.09,-0.069,-0.42,False,94.5,-0.2,94.7,True,1.7,0.94,50.9,3.1,C 基底修復,True,7:58,239.0,跌,83.0,11,True,0.0,-0.0681,-0.0919,-0.2587,True,True,-1.48,-0.87,47.21,-1.75,-1.02,53.7,,OHLC,↓,LH/LL,DT,False,273,4,UBSI,Combined_R22
NUE,2026-10-01,235.98,7.63,False,249.68,-0.852,-0.53,True,81.4,0.27,81.1,True,3.23,2.24,49.8,0.3,C 基底修復,True,7:57,238.5,跌,82.0,10,True,0.0,-2.0843,-2.1455,-4.3092,True,False,-5.81,-1.8,247.96,-5.08,-1.57,316.2,,OHLC,↓,LH/LL,DT,False,273,4,NUE,SubSector_R12+RateHike_R2_受惠
STLD,2026-10-01,226.17,7.72,False,234.14,-0.406,-0.43,True,79.9,0.21,79.7,True,3.41,2.34,45.6,2.7,C 基底修復,True,7:42,230.9,跌,78.0,9,True,0.0,-1.1372,-1.3152,-4.7695,True,False,-3.53,-1.03,235.2,-3.99,-1.17,240.8,,OHLC,↓,LH/LL,自然反彈,False,273,4,STLD,SubSector_R12+RateHike_R2_受惠
KARO,2026-10-01,60.76,2.24,False,64.16,-0.042,-0.18,True,79.0,0.71,78.2,True,3.69,2.25,41.1,4.4,C 基底修復,True,7:30,225.0,跌,75.0,9,True,0.0,-0.7355,-0.807,-0.807,True,False,-5.59,-1.52,64.12,-5.53,-1.5,4.7,,OHLC,↓,LH/LL,DT,False,273,4,KARO,Combined_R22
ADM,2026-10-01,79.52,2.21,False,83.25,-0.028,-0.06,True,86.1,0.53,85.6,True,2.78,1.77,53.5,6.8,C 基底修復,True,7:27,223.6,跌,74.0,9,True,0.0,-0.7838,-0.8277,-0.949,True,False,-4.69,-1.69,85.0,-6.89,-2.48,306.0,,OHLC,—,HH/HL,DT,False,273,4,ADM,SubSector_R12
TCBK,2026-10-01,51.8,1.03,False,53.28,-0.168,-0.85,False,89.7,-0.09,89.8,True,1.99,1.82,37.0,13.3,C 基底修復,True,7:25,222.4,跌,74.0,8,True,0.0,-0.0595,-0.0995,-0.5177,True,True,-2.86,-1.43,54.07,-4.38,-2.2,15.2,,OHLC,↓,LH/LL,DT,False,273,4,TCBK,HM_R23_熱錢板塊
EXR,2026-10-01,133.08,2.72,False,137.79,-0.435,-0.72,True,92.1,0.23,91.9,True,2.04,1.22,22.3,2.4,D 趨勢弱,True,6:53,206.4,跌,65.0,8,True,0.0,-0.1001,-0.2291,-0.8188,True,False,-3.54,-1.73,139.4,-4.75,-2.33,211.8,,OHLC,↓,LH/LL,DT,False,273,4,EXR,SubSector_R12
CB,2026-10-01,331.3,5.2,False,339.07,-0.412,-0.44,False,93.6,-0.11,93.7,True,1.57,1.31,39.5,13.1,C 基底修復,True,6:42,200.8,跌,62.0,8,True,0.0,-0.8277,-1.0488,-1.8985,True,True,-2.34,-1.49,344.52,-3.99,-2.54,558.7,,OHLC,↓,LH/LL,DT,False,273,4,CB,SubSector_R12
WSFS,2026-10-01,76.62,1.38,False,78.44,-0.133,-0.5,False,94.0,-0.29,94.3,True,1.8,0.99,53.2,3.5,C 基底修復,True,6:40,200.1,跌,61.0,9,True,0.0,-0.264,-0.3367,-0.5511,True,True,-2.37,-1.31,81.26,-6.06,-3.36,28.8,,OHLC,↓,LH/LL,DT,False,273,4,WSFS,Combined_R22
RDDT,2026-10-01,149.53,7.68,False,152.57,-0.21,-0.93,True,57.8,0.93,56.8,False,5.13,4.99,23.6,1.1,D 趨勢弱,True,6:37,198.7,跌,60.0,4,True,0.0,-0.5953,-0.9683,-3.5702,True,True,-2.03,-0.4,158.73,-6.15,-1.2,735.7,,OHLC,↓,LH/LL,自然反彈,False,273,4,RDDT,SubSector_R12+Combined_R22
SLDE,2026-10-01,23.63,0.82,False,24.24,-0.03,0.04,False,77.9,-0.47,78.3,True,3.48,2.66,63.5,17.1,B 上升結構,True,6:26,192.9,跌,57.0,10,True,0.0,-0.3215,-0.4192,-0.4192,True,True,-2.57,-0.74,22.96,2.84,0.81,37.1,,OHLC,—,HH/HL,自然反彈,False,273,4,SLDE,Combined_R22
MLM,2026-10-01,479.17,13.7,False,503.21,-1.856,-0.64,True,85.9,0.4,85.5,True,2.86,1.75,9.9,2.4,D 趨勢弱,True,6:06,182.9,跌,52.0,6,True,0.0,-0.2771,-0.3623,-1.4312,True,False,-5.02,-1.76,490.77,-2.42,-0.85,440.8,,OHLC,↓,LH/LL,DT,False,273,4,MLM,SubSector_R12
MNST,2026-10-01,42.14,1.02,False,44.48,-0.208,-0.9,True,88.8,0.21,88.6,True,2.41,1.59,24.9,3.9,C 基底修復,True,6:00,180.0,跌,50.0,6,True,0.0,-0.138,-0.1742,-0.4621,True,False,-5.55,-2.31,44.71,-6.1,-2.53,447.3,,OHLC,↓,LH/LL,DT,False,273,4,MNST,SubSector_R12
NHC,2026-10-01,223.35,6.27,False,224.19,-0.383,-0.05,True,84.9,0.45,84.4,True,2.81,2.0,61.3,1.6,C 基底修復,False,5:46,173.1,跌,46.0,3,True,0.0,-0.3081,-0.3512,-1.9736,True,True,-0.38,-0.13,227.36,-1.8,-0.64,23.7,,OHLC,—,LH/LL,自然回檔,True,273,4,NHC,Combined_R22
CLF,2026-10-01,11.47,0.6,True,11.86,0.006,-0.16,True,62.6,0.79,61.8,False,5.27,3.83,52.1,15.7,C 基底修復,False,5:09,154.7,跌,36.0,4,True,0.0,-0.1555,-0.1716,-0.1716,True,True,-3.38,-0.64,11.83,-3.14,-0.6,168.9,,OHLC,↓,LH/LL,自然反彈,False,273,4,CLF,SubSector_R12
EQIX,2026-10-01,1012.33,26.44,False,1036.45,-2.147,-0.47,True,87.2,0.17,87.0,True,2.61,1.73,46.2,-8.4,C 基底修復,False,4:28,133.8,跌,24.0,4,True,0.0,-1.4127,-1.4194,-6.6056,True,True,-2.38,-0.91,1043.06,-3.04,-1.16,524.9,,OHLC,↓,LH/LL,DT,False,273,4,EQIX,SubSector_R12+AI_R13
KR,2026-10-01,59.48,1.62,True,58.89,0.078,0.26,False,86.5,-0.05,86.6,True,2.73,1.75,24.5,-0.1,D 趨勢弱,False,4:23,131.7,跌,23.0,2,True,0.0,-0.0513,-0.0546,-0.1222,True,True,1.0,0.37,57.64,3.09,1.13,497.8,,OHLC,—,HH/HL,自然回檔,True,273,4,KR,SubSector_R12
AMS,2026-10-01,1.43,0.05,False,1.45,-0.007,-0.9,True,79.9,1.13,78.7,True,3.19,2.57,24.1,0.5,D 趨勢弱,False,3:50,115.2,跌,14.0,2,True,0.0,-0.0003,-0.0004,-0.0087,True,True,-1.57,-0.49,1.49,-4.2,-1.32,0.0,,OHLC,—,LH/LL,次級回檔,True,273,4,AMS,AI_R13
ACM,2026-10-01,59.6,2.16,False,64.39,-0.081,-0.21,True,76.8,0.3,76.5,True,3.62,2.72,15.0,2.6,D 趨勢弱,True,8:49,264.6,跌,145.0,16,True,1.0,-0.2364,-0.325,-1.3742,True,False,-8.04,-2.22,60.89,-2.16,-0.6,99.1,,OHLC,↓,LH/LL,DT,False,273,4,ACM,SubSector_R12
AIRT,2026-10-01,29.86,1.93,False,30.44,-0.013,-0.25,True,54.1,1.25,52.9,False,6.46,4.49,45.6,9.3,C 基底修復,True,8:49,264.6,跌,161.0,17,True,1.0,-0.2041,-0.3202,-0.4304,True,True,-1.95,-0.3,32.95,-10.35,-1.6,1.9,,OHLC,—,LH/LL,次級反彈,False,255,4,AIRT,HM_R23_熱錢板塊
AMZN,2026-10-01,248.23,5.66,False,254.4,-0.501,-0.45,False,84.9,-0.04,84.9,True,2.28,2.52,39.7,1.0,C 基底修復,True,8:49,264.6,跌,220.0,33,True,1.0,-0.3748,-0.4741,-1.6831,True,True,-2.48,-1.09,258.45,-4.12,-1.81,8773.7,,OHLC,↓,LH/LL,DT,False,273,4,AMZN,SubSector_R12+Combined_R22+AI_R13
GTLB,2026-10-01,49.95,2.09,True,47.75,0.16,0.37,True,70.1,0.52,69.6,False,4.18,3.43,69.0,-5.1,E 延伸,True,8:49,264.6,跌,237.0,16,True,1.0,-0.4579,-0.6661,-0.6946,True,False,4.41,1.06,50.67,-1.44,-0.34,209.9,,OHLC,—,LH/LL,UT,False,273,4,GTLB,HM_R23_差一項
LRN,2026-10-01,77.52,2.42,False,81.9,-0.183,-0.35,True,77.7,0.04,77.6,True,3.13,3.05,13.8,-1.1,D 趨勢弱,True,8:49,264.6,跌,121.0,17,True,1.0,-0.2875,-0.3786,-0.8072,True,False,-5.66,-1.81,83.56,-7.79,-2.49,57.3,,OHLC,↓,LH/LL,自然反彈,False,273,4,LRN,SubSector_R12
OABI,2026-10-01,4.99,0.29,True,4.58,0.048,1.0,True,51.1,0.57,50.5,False,5.73,5.94,77.0,1.2,E 延伸,True,8:49,264.6,跌,114.0,19,True,1.0,-0.0045,-0.0121,-0.1392,True,False,8.24,1.44,4.61,7.62,1.33,6.1,,OHLC,↑,HH/HL,UT,False,273,4,OABI,HM_R23_差一項
OXY,2026-10-01,57.84,1.57,False,59.2,-0.131,-0.36,False,84.8,-0.21,85.0,True,2.72,2.1,39.5,6.0,C 基底修復,True,8:49,264.6,跌,123.0,12,True,1.0,-0.4194,-0.6308,-0.661,True,True,-2.36,-0.87,58.05,-0.36,-0.13,548.1,,OHLC,↓,LH/LL,自然反彈,False,273,4,OXY,SubSector_R12+Combined_R22
SLG,2026-10-01,48.77,1.69,False,53.32,-0.403,-0.81,True,81.2,0.22,81.0,True,3.47,2.04,34.3,1.9,D 趨勢弱,True,8:49,264.6,跌,305.0,24,True,1.0,-0.3234,-0.3422,-0.8307,True,False,-9.32,-2.68,51.01,-4.59,-1.32,44.5,,OHLC,↓,LH/LL,DT,False,273,4,SLG,SubSector_R12
TECK,2026-10-01,65.22,2.26,False,67.61,-0.034,0.01,True,77.9,0.4,77.5,True,3.46,2.68,51.4,-10.4,C 基底修復,True,8:49,264.6,跌,188.0,22,True,1.0,-0.2833,-0.2934,-0.8188,True,False,-3.67,-1.06,69.38,-6.38,-1.84,199.0,,OHLC,—,LH/LL,DT,True,273,4,TECK,SubSector_R12
TFC,2026-10-01,46.28,1.02,False,49.13,-0.193,-0.91,True,91.0,0.06,91.0,True,2.2,1.31,18.5,0.1,D 趨勢弱,True,8:49,264.6,跌,99.0,17,True,1.0,-0.2222,-0.2426,-0.321,True,False,-6.17,-2.8,48.68,-5.19,-2.35,381.2,,OHLC,↓,LH/LL,DT,False,273,4,TFC,SubSector_R12
VZ,2026-10-01,45.98,0.93,False,48.92,-0.111,-0.35,True,91.1,0.42,90.7,True,2.03,1.46,20.5,-0.3,D 趨勢弱,True,8:49,264.6,跌,145.0,19,True,1.0,-0.4116,-0.4558,-0.5974,True,False,-6.39,-3.15,46.73,-1.63,-0.81,1029.1,,OHLC,↓,LH/LL,DT,False,273,4,VZ,SubSector_R12+RateHike_R2_迴避
HAL,2026-10-01,31.88,0.9,False,34.8,-0.097,-0.44,True,84.9,0.79,84.1,True,2.82,1.98,9.6,0.6,D 趨勢弱,True,8:29,254.3,跌,91.0,15,True,1.0,-0.3367,-0.3842,-0.4703,True,False,-9.15,-3.24,,,,364.2,,OHLC,—,HH/HL,DT,False,273,4,HAL,SubSector_R12+RateHike_R2_迴避
WTTR,2026-10-01,20.03,0.88,False,20.03,-0.023,-0.14,True,68.7,0.52,68.2,False,4.4,3.49,69.1,12.9,B 上升結構,True,7:40,230.0,跌,78.0,7,True,1.0,-0.0617,-0.0898,-0.2258,True,True,-0.01,-0.0,21.02,-4.94,-1.12,36.7,,OHLC,—,LH/LL,UT,True,273,4,WTTR,Combined_R22
AGL,2026-10-01,82.28,5.93,False,87.87,-0.536,-0.46,True,47.0,0.81,46.2,False,7.21,5.52,49.1,-6.5,D 趨勢弱,True,6:14,186.9,跌,54.0,7,True,1.0,-0.4824,-0.8178,-2.2579,True,True,-6.8,-0.94,80.73,1.88,0.26,19.5,,OHLC,↓,LH/LL,自然反彈,False,273,4,AGL,HM_R23_熱錢板塊
CBOE,2026-10-01,277.19,11.05,False,284.59,-0.2,-0.47,True,77.0,0.47,76.6,True,3.99,2.31,11.8,-1.2,D 趨勢弱,True,9:31,285.7,升,9.0,1,False,2.0,0.3057,-0.8054,,False,True,-2.67,-0.67,272.86,1.56,0.39,315.4,,OHLC,—,LH/LL,UT,False,273,4,CBOE,SubSector_R12
BWXT,2026-10-01,136.79,5.07,False,148.91,-0.871,-1.03,True,78.2,0.48,77.7,True,3.71,2.38,0.0,-5.0,D 趨勢弱,True,8:49,264.6,跌,109.0,13,True,2.0,-0.3929,-0.5493,-1.4849,True,False,-8.86,-2.39,143.0,-4.54,-1.22,165.8,,OHLC,↓,LH/LL,自然反彈,False,273,4,BWXT,AI_R13
CCI,2026-10-01,66.12,1.86,False,72.9,-0.279,-0.76,True,86.1,0.21,85.9,True,2.81,1.74,2.2,-0.4,D 趨勢弱,True,8:49,264.6,跌,187.0,14,True,2.0,-0.6569,-0.6928,-0.7338,True,False,-10.26,-3.65,75.62,-14.37,-5.12,258.5,,OHLC,↓,LH/LL,DT,False,273,4,CCI,SubSector_R12
CHRD,2026-10-01,136.85,4.4,False,144.47,-0.413,-0.24,True,80.3,0.58,79.7,True,3.22,2.46,37.1,1.4,C 基底修復,True,8:49,264.6,跌,116.0,12,True,2.0,-1.485,-1.8287,-2.0727,True,False,-5.57,-1.73,140.02,-2.32,-0.72,104.0,,OHLC,↓,LH/LL,自然反彈,False,273,4,CHRD,Combined_R22
CME,2026-10-01,265.1,5.88,False,275.33,-0.027,-0.09,True,90.4,0.11,90.3,True,2.22,1.43,11.3,-8.6,C 基底修復,True,8:49,264.6,跌,169.0,19,True,2.0,-1.659,-1.9872,-2.0427,True,False,-3.86,-1.74,277.74,-4.77,-2.15,477.7,,OHLC,↓,LH/LL,DT,False,273,4,CME,SubSector_R12+Combined_R22
CTSH,2026-10-01,60.88,2.4,True,61.0,0.106,-0.05,False,74.4,-2.42,76.8,False,3.94,2.85,26.0,17.1,C 基底修復,True,8:49,264.6,跌,109.0,22,True,2.0,-0.3889,-0.7074,-1.0182,True,True,-0.19,-0.05,64.61,-6.13,-1.55,406.6,,OHLC,↓,LH/LL,自然反彈,False,273,4,CTSH,SubSector_R12
EXFY,2026-10-01,2.37,0.13,False,2.38,-0.002,-0.0,True,56.5,1.5,55.0,False,5.37,5.03,70.3,9.7,B 上升結構,True,8:49,264.6,跌,192.0,23,True,2.0,-0.008,-0.0193,-0.0668,True,True,-0.62,-0.12,2.4,-1.05,-0.2,1.3,,OHLC,—,LH/LL,UT,False,273,4,EXFY,HM_R23_熱錢板塊
GD,2026-10-01,332.72,6.26,False,356.07,-1.754,-1.45,True,93.4,0.28,93.1,True,1.88,1.07,15.5,0.8,D 趨勢弱,True,8:49,264.6,跌,714.0,33,True,2.0,-1.3446,-1.6695,-3.7351,True,False,-7.02,-3.73,360.0,-8.2,-4.36,452.3,,OHLC,↓,LH/LL,DT,False,273,4,GD,SubSector_R12+Combined_R22
IMO,2026-10-01,124.53,2.99,False,129.66,-0.403,-0.61,True,89.0,0.5,88.5,True,2.4,1.55,40.0,-0.4,C 基底修復,True,8:49,264.6,跌,170.0,26,True,2.0,-0.6628,-0.9185,-1.1113,True,False,-4.12,-1.72,135.35,-8.69,-3.62,85.3,,OHLC,↓,LH/LL,自然反彈,False,273,4,IMO,Combined_R22
IOT,2026-10-01,40.04,2.02,False,39.77,-0.005,-0.09,True,64.3,0.61,63.7,False,5.05,3.7,66.5,18.3,B 上升結構,True,8:49,264.6,跌,103.0,10,True,2.0,-0.1138,-0.2656,-0.3744,True,True,0.67,0.13,39.32,1.8,0.36,307.1,,OHLC,—,LH/LL,自然反彈,True,273,4,IOT,Combined_R22
PAYX,2026-10-01,100.84,3.09,False,113.78,-0.858,-1.34,True,82.7,0.4,82.3,True,3.07,2.16,9.2,1.9,D 趨勢弱,True,8:49,264.6,跌,279.0,22,True,2.0,-1.6716,-2.0366,-2.2214,True,False,-12.84,-4.19,118.51,-17.52,-5.72,403.4,,OHLC,↓,LH/LL,自然反彈,False,273,4,PAYX,SubSector_R12
PSA,2026-10-01,284.0,5.78,False,299.39,-1.366,-1.06,True,91.9,0.16,91.8,True,2.04,1.27,20.9,1.5,D 趨勢弱,True,8:49,264.6,跌,446.0,34,True,2.0,-0.2825,-0.4457,-2.6991,True,False,-5.42,-2.66,300.76,-5.9,-2.9,256.9,,OHLC,↓,LH/LL,DT,False,273,4,PSA,SubSector_R12
MPC,2026-10-01,420.15,15.23,True,392.52,1.325,0.33,False,79.5,-0.23,79.8,True,3.62,2.2,69.6,-0.3,E 延伸,True,7:51,235.6,跌,81.0,9,True,2.0,-2.2398,-4.1476,-4.5824,True,False,6.58,1.81,388.38,7.56,2.09,1213.9,,OHLC,↑,HH/HL,自然反彈,False,273,4,MPC,SubSector_R12+RateHike_R2_受惠
CHPT,2026-10-01,10.2,0.71,True,8.81,0.026,0.14,True,38.4,0.4,38.0,False,6.98,8.36,54.6,0.6,E 延伸,True,6:47,203.7,跌,63.0,6,True,2.0,-0.0257,-0.0571,-0.118,True,False,13.66,1.96,9.41,7.75,1.11,41.2,,OHLC,↑,HH/HL,UT,False,273,4,CHPT,HM_R23_熱錢板塊
CBL,2026-10-01,54.37,1.42,False,54.13,-0.071,-0.45,True,87.9,0.31,87.6,True,2.62,1.58,58.7,2.1,C 基底修復,True,9:49,294.4,升,14.0,1,False,3.0,0.0778,-0.0365,,False,True,0.45,0.17,54.34,0.06,0.02,14.4,,OHLC,↓,LH/LL,自然反彈,False,273,4,CBL,Combined_R22
INSW,2026-10-01,114.6,4.31,True,104.93,0.325,0.36,True,78.0,0.29,77.7,True,3.76,2.36,65.1,-2.7,E 延伸,True,9:21,280.7,升,6.0,1,False,3.0,0.2488,-0.0895,,False,False,8.44,2.25,102.14,10.87,2.89,85.7,,OHLC,↑,HH/HL,UT,False,273,4,INSW,Combined_R22
CVE,2026-10-01,31.65,0.92,False,32.16,-0.067,-0.1,True,83.6,0.7,82.9,True,2.92,2.14,64.7,1.6,A 待突破,True,8:49,264.6,跌,118.0,15,False,3.0,-0.2306,-0.3032,-0.3781,True,True,-1.62,-0.56,30.54,3.51,1.2,227.8,,OHLC,—,HH/HL,自然反彈,False,273,4,CVE,Combined_R22
PLSE,2026-10-01,49.83,3.47,True,51.94,0.064,0.2,True,53.7,0.61,53.0,False,6.97,4.08,69.8,-3.6,B 上升結構,True,8:49,264.6,跌,222.0,18,False,3.0,-0.827,-0.7949,-0.827,False,True,-4.23,-0.61,53.11,-6.58,-0.94,34.4,,OHLC,—,HH/HL,自然回檔,True,273,4,PLSE,HM_R23_第二梯隊
VLO,2026-10-01,408.46,15.44,True,381.37,1.282,0.34,True,79.2,0.4,78.8,True,3.78,2.11,66.5,-1.8,E 延伸,True,8:49,264.6,跌,105.0,8,False,3.0,-1.8434,-3.2476,-3.4752,True,False,6.63,1.75,375.84,7.99,2.11,1549.3,,OHLC,↑,HH/HL,UT,False,273,4,VLO,SubSector_R12+RateHike_R2_受惠
PGR,2026-10-01,210.96,4.51,False,213.8,-0.145,-0.04,True,87.9,0.2,87.7,True,2.14,2.05,33.8,12.5,C 基底修復,True,8:49,264.6,跌,120.0,18,False,4.0,-0.4246,-0.8004,-2.0008,True,True,-1.34,-0.63,222.08,-5.27,-2.46,604.0,,OHLC,↓,LH/LL,自然反彈,False,273,4,PGR,SubSector_R12
VST,2026-10-01,139.75,4.68,False,141.48,-0.06,-0.22,True,79.3,0.19,79.1,True,3.35,2.51,13.8,-0.5,D 趨勢弱,True,8:49,264.6,跌,98.0,10,False,4.0,-0.0963,-0.2137,-1.9035,True,True,-1.24,-0.37,143.51,-2.69,-0.8,682.5,,OHLC,—,LH/LL,自然反彈,True,273,4,VST,SubSector_R12+Combined_R22+AI_R13
BNS,2026-10-01,90.67,1.58,True,92.26,0.051,0.13,False,92.2,-0.06,92.3,True,1.75,1.48,71.3,-10.2,C 基底修復,True,7:48,234.0,跌,80.0,8,False,4.0,-0.4897,-0.4206,-0.4897,False,True,-1.76,-1.01,95.74,-5.59,-3.2,174.9,,OHLC,↓,LH/LL,DT,False,273,4,BNS,Combined_R22
ASO,2026-10-01,47.85,1.84,True,47.89,0.006,0.04,True,74.3,0.56,73.7,False,3.85,2.98,25.1,-0.1,D 趨勢弱,True,7:25,222.6,跌,74.0,7,False,4.0,-0.2619,-0.2406,-0.5472,False,True,-0.09,-0.02,47.74,0.23,0.06,104.0,,OHLC,—,HH/HL,DT,True,273,4,ASO,HM_R23_第二梯隊
DELL,2026-10-01,541.74,29.16,True,517.83,2.334,0.27,True,56.6,0.18,56.4,False,5.38,4.99,60.2,0.4,E 延伸,True,6:39,199.4,跌,61.0,6,False,4.0,-5.4178,-5.168,-5.4178,False,True,4.41,0.82,536.02,1.06,0.2,5069.9,,OHLC,↑,HH/HL,次級回檔,False,273,4,DELL,SubSector_R12+Combined_R22+AI_R13+HM_R23_差一項
MHK,2026-10-01,125.12,4.22,False,127.21,-0.307,-0.46,True,79.5,0.25,79.2,True,3.38,2.46,48.7,2.7,C 基底修復,True,9:18,279.0,升,5.0,1,False,5.0,0.036,-0.1182,,False,True,-1.67,-0.5,126.38,-1.01,-0.3,142.6,,OHLC,↓,LH/LL,自然反彈,False,273,4,MHK,SubSector_R12
CTAS,2026-10-01,195.6,3.89,False,199.71,-0.216,-0.09,True,90.4,0.38,90.0,True,1.99,1.66,39.5,0.7,C 基底修復,True,8:49,264.6,跌,423.0,43,False,5.0,-0.2667,-0.2125,-1.8832,False,True,-2.1,-1.06,201.38,-2.96,-1.49,414.8,,OHLC,—,LH/LL,自然回檔,False,273,4,CTAS,SubSector_R12
XOM,2026-10-01,163.82,3.56,False,162.4,-0.098,-0.02,True,90.0,0.14,89.8,True,2.17,1.57,66.8,6.7,A 待突破,True,8:11,245.3,跌,86.0,11,False,6.0,-0.2243,-0.3878,-1.0846,True,True,0.87,0.4,164.91,-0.67,-0.31,2316.5,,OHLC,—,LH/LL,UT,False,273,4,XOM,SubSector_R12+Combined_R22+RateHike_R2_迴避
BSVN,2026-10-01,54.99,1.42,True,54.24,0.115,0.31,True,86.9,0.38,86.6,True,2.58,1.81,64.4,4.4,A 待突破,False,4:10,125.2,跌,20.0,3,False,6.0,-0.1148,-0.0921,-0.135,False,True,1.36,0.53,56.69,-3.09,-1.2,3.2,,OHLC,—,LH/LL,自然回檔,True,273,4,BSVN,HM_R23
URBN,2026-10-01,78.77,2.55,True,77.6,0.104,0.01,False,80.1,-0.39,80.5,True,3.24,2.48,62.1,12.5,A 待突破,True,9:39,289.7,升,11.0,1,False,7.0,0.1276,-0.1064,,False,True,1.48,0.46,78.58,0.24,0.07,77.6,,OHLC,↓,LH/LL,自然反彈,False,273,4,URBN,Combined_R22
KO,2026-10-01,86.1,1.23,False,88.61,-0.13,-0.19,True,94.4,0.11,94.3,True,1.42,1.26,49.6,0.7,C 基底修復,True,8:49,264.6,跌,320.0,24,False,7.0,-0.3033,-0.2821,-0.4411,False,True,-2.91,-2.05,89.35,-3.77,-2.65,1351.1,,OHLC,↓,LH/LL,DT,False,273,4,KO,SubSector_R12+Combined_R22
DE,2026-10-01,667.26,17.34,True,670.09,2.799,0.6,False,86.1,-0.63,86.8,True,2.6,1.95,63.1,0.6,A 待突破,True,6:09,184.7,跌,53.0,5,False,7.0,-4.7476,-3.7338,-4.7476,False,True,-0.42,-0.16,669.47,-0.33,-0.13,889.7,,OHLC,↑,HH/HL,自然回檔,False,273,4,DE,SubSector_R12
CLDT,2026-10-01,13.56,0.34,True,13.19,0.008,0.22,True,88.8,0.01,88.8,True,2.47,1.53,80.3,0.3,A 待突破,False,1:38,48.8,升,77.0,8,False,9.0,0.0563,0.0501,,False,True,2.71,1.1,13.35,1.55,0.63,3.8,,OHLC,—,HH/HL,自然反彈,False,273,4,CLDT,Combined_R22
AMG,2026-10-01,371.95,10.93,True,361.87,0.276,0.05,True,84.7,0.28,84.4,True,2.94,1.9,72.9,-0.4,A 待突破,False,2:49,84.5,升,97.0,8,False,10.0,1.5832,1.5348,,False,True,2.71,0.92,356.47,4.16,1.42,107.3,,OHLC,↑,HH/HL,自然回檔,False,273,4,AMG,SubSector_R12
NDSN,2026-10-01,329.02,6.05,True,321.5,0.845,0.54,True,91.8,0.18,91.6,True,1.84,1.49,68.5,-2.5,A 待突破,False,11:26,343.2,升,41.0,6,False,12.0,1.3636,1.4571,,False,True,2.29,1.24,332.93,-1.19,-0.65,113.7,,OHLC,—,LH/LL,UT,False,273,4,NDSN,SubSector_R12
RLGT,2026-10-01,9.01,0.32,True,9.0,0.001,-0.03,True,75.7,0.17,75.5,True,3.56,2.99,66.8,6.2,C 基底修復,False,2:49,84.6,升,137.0,13,False,13.0,0.0262,0.0088,,False,True,0.15,0.04,8.49,5.77,1.62,3.7,,OHLC,—,HH/HL,UT,True,255,4,RLGT,HM_R23
TD,2026-10-01,117.61,2.02,False,120.06,-0.077,-0.23,True,93.4,0.01,93.4,True,1.72,1.23,64.5,0.9,C 基底修復,True,6:47,203.7,跌,63.0,6,False,14.0,-0.456,-0.4044,-0.7353,False,True,-2.09,-1.22,124.4,-5.77,-3.37,181.9,,OHLC,↓,LH/LL,DT,False,273,4,TD,Combined_R22
PG,2026-10-01,143.95,2.44,True,145.59,0.004,0.18,True,94.3,0.27,94.0,True,1.7,1.02,30.1,-2.0,D 趨勢弱,False,3:34,107.1,跌,10.0,1,False,14.0,-0.156,0.0569,-0.3002,False,True,-1.14,-0.67,149.48,-3.84,-2.27,1165.0,,OHLC,—,LH/LL,次級回檔,False,273,4,PG,SubSector_R12
UTMD,2026-10-01,74.35,1.39,True,72.43,0.025,0.23,True,89.6,0.56,89.0,True,1.86,1.97,75.0,0.5,A 待突破,False,2:49,84.6,升,97.0,13,False,14.0,0.0115,0.0645,,False,True,2.58,1.39,73.75,0.81,0.43,2.6,,OHLC,—,HH/HL,自然回檔,True,273,4,UTMD,HM_R23_第二梯隊
NATH,2026-10-01,101.4,1.39,True,98.71,0.08,0.8,True,94.5,0.31,94.2,True,1.38,1.28,40.4,-0.1,C 基底修復,False,11:56,357.8,升,49.0,5,False,,0.5033,0.4921,,False,True,2.65,1.93,97.44,3.91,2.84,3.2,,OHLC,—,HH/HL,自然反彈,False,273,4,NATH,HM_R23_熱錢板塊
SMTI,2026-10-01,34.88,0.28,True,34.8,0.036,0.62,False,91.7,-0.0,91.7,True,0.8,2.56,85.1,0.0,A 待突破,True,8:49,264.6,跌,400.0,33,False,,-0.1656,-0.1575,-0.3321,False,True,0.24,0.31,35.34,-1.32,-1.66,7.7,,OHLC,—,LH/LL,UT,False,273,4,SMTI,HM_R23_差一項
UTZ,2026-10-01,14.26,0.05,True,14.22,0.002,0.22,True,65.2,0.19,65.0,False,0.38,8.19,86.3,-0.2,A 待突破,True,8:49,264.6,跌,355.0,38,False,,-0.056,-0.0608,-0.2441,True,True,0.27,0.72,14.21,0.35,0.93,22.2,,OHLC,—,HH/HL,UT,True,273,4,UTZ,HM_R23_熱錢板塊
BBY,2026-10-01,87.7,3.03,False,88.11,-0.043,0.08,True,80.0,0.2,79.8,True,3.46,2.27,68.2,3.3,A 待突破,True,7:18,219.0,跌,72.0,6,False,,-0.7611,-0.6676,-1.1105,False,True,-0.47,-0.13,92.45,-5.42,-1.57,311.7,,OHLC,—,HH/HL,DT,False,273,4,BBY,SubSector_R12
TSLA,2026-10-01,354.11,11.82,True,362.06,0.343,0.25,True,76.0,0.69,75.3,True,3.34,3.15,34.4,13.0,D 趨勢弱,False,5:57,178.6,跌,49.0,4,False,,-2.4288,-2.086,-2.4288,False,True,-2.24,-0.67,354.08,0.01,0.0,14055.3,,OHLC,↑,HH/HL,自然回檔,False,273,4,TSLA,SubSector_R12+Combined_R22+AI_R13
UHS,2026-10-01,175.07,5.28,True,175.85,0.033,0.14,True,84.4,0.56,83.9,True,3.02,1.87,22.5,-0.2,C 基底修復,False,4:52,145.9,跌,31.0,4,False,,-0.6445,-0.5583,-1.3446,False,True,-0.45,-0.15,174.74,0.19,0.06,138.4,,OHLC,—,HH/HL,自然回檔,True,273,4,UHS,SubSector_R12
EBAY,2026-10-01,105.89,3.33,True,107.12,0.083,0.19,True,83.2,0.11,83.1,True,3.15,1.99,46.9,0.9,C 基底修復,False,4:16,128.2,跌,21.0,3,False,,-0.3223,-0.2712,-1.1465,False,True,-1.16,-0.37,103.41,2.34,0.74,557.0,,OHLC,↑,HH/HL,自然回檔,False,273,4,EBAY,SubSector_R12
HCA,2026-10-01,423.39,12.51,True,423.36,0.467,0.22,True,82.9,0.09,82.8,True,2.95,2.24,24.2,0.1,D 趨勢弱,False,4:09,124.3,跌,19.0,2,False,,-0.9073,-0.333,-2.6952,False,True,0.01,0.0,423.48,-0.02,-0.01,640.9,,OHLC,—,HH/HL,自然回檔,True,273,4,HCA,SubSector_R12+RateHike_R2_受惠
REX,2026-10-01,43.75,1.39,True,42.69,0.007,-0.08,True,83.9,0.26,83.6,True,3.19,1.81,51.4,2.1,B 上升結構,False,2:49,84.6,升,135.0,18,False,,0.1261,0.0988,,False,True,2.42,0.76,42.59,2.65,0.83,11.1,,OHLC,—,HH/HL,UT,True,273,4,REX,Combined_R22
ADP,2026-10-01,263.96,5.75,False,273.37,-0.287,-0.24,False,89.3,-0.16,89.5,True,2.18,1.7,43.4,5.1,C 基底修復,True,8:49,264.6,跌,293.0,22,True,0.0,-1.3568,-1.7882,-3.0643,True,False,-3.57,-1.64,276.63,-4.8,-2.2,613.4,,OHLC,↓,LH/LL,自然反彈,False,273,3,ADP,SubSector_R12
AG,2026-10-01,17.66,0.93,False,19.9,-0.094,-0.27,True,62.3,1.15,61.2,False,5.29,3.86,13.3,3.1,D 趨勢弱,True,8:49,264.6,跌,267.0,22,True,0.0,-0.271,-0.2726,-0.4293,True,False,-12.7,-2.4,19.84,-12.34,-2.33,179.0,,OHLC,↓,LH/LL,DT,False,273,3,AG,SubSector_R12
BX,2026-10-01,112.24,3.81,False,127.41,-1.252,-1.73,False,80.9,-0.23,81.1,True,3.39,2.18,5.0,0.0,D 趨勢弱,True,8:49,264.6,跌,236.0,30,True,0.0,-1.2548,-1.3738,-2.334,True,False,-13.52,-3.99,126.41,-12.62,-3.72,531.4,,OHLC,↓,LH/LL,DT,False,273,3,BX,SubSector_R12+Combined_R22
CDE,2026-10-01,17.56,0.94,False,20.09,-0.094,-0.2,True,60.3,1.37,59.0,False,5.35,4.22,1.9,1.9,D 趨勢弱,True,8:49,264.6,跌,244.0,22,True,0.0,-0.3677,-0.3757,-0.3799,True,False,-14.43,-2.69,19.98,-13.78,-2.57,671.9,,OHLC,↓,LH/LL,DT,False,273,3,CDE,SubSector_R12
CEG,2026-10-01,258.92,10.12,False,271.87,-0.519,-0.27,False,77.6,-0.7,78.3,True,3.91,2.28,7.4,-0.1,D 趨勢弱,True,8:49,264.6,跌,138.0,14,True,0.0,-1.1544,-1.401,-4.1561,True,False,-5.0,-1.28,250.55,3.23,0.83,815.1,,OHLC,—,HH/HL,自然回檔,True,273,3,CEG,SubSector_R12+Combined_R22+AI_R13
ET,2026-10-01,20.1,0.36,False,20.96,-0.07,-0.7,False,93.7,-0.23,94.0,True,1.8,1.05,37.2,3.7,C 基底修復,True,8:49,264.6,跌,184.0,20,True,0.0,-0.1503,-0.1811,-0.1811,True,False,-4.26,-2.36,20.13,-0.15,-0.08,182.9,,OHLC,—,HH/HL,DT,False,273,3,ET,SubSector_R12
FBP,2026-10-01,26.66,0.53,False,27.58,-0.105,-0.79,False,92.3,-0.25,92.6,True,1.99,1.21,46.4,2.1,C 基底修復,True,8:49,264.6,跌,289.0,41,True,0.0,-0.0931,-0.1221,-0.2538,True,False,-3.46,-1.74,28.43,-6.64,-3.34,39.7,,OHLC,↓,LH/LL,DT,False,273,3,FBP,Combined_R22
FLR,2026-10-01,49.33,1.99,False,53.16,-0.219,-0.4,True,71.1,0.2,70.9,False,4.04,3.37,26.6,12.1,D 趨勢弱,True,8:49,264.6,跌,203.0,16,True,0.0,-0.6985,-0.7783,-0.7783,True,False,-7.77,-1.92,56.0,-13.52,-3.34,125.7,,OHLC,↓,LH/LL,自然反彈,False,273,3,FLR,SubSector_R12+Combined_R22
GLNG,2026-10-01,48.3,1.31,False,51.0,-0.2,-0.55,False,88.4,-0.07,88.5,True,2.71,1.37,24.8,1.0,C 基底修復,True,8:49,264.6,跌,167.0,14,True,0.0,-0.3826,-0.422,-0.422,True,False,-5.59,-2.06,51.79,-7.23,-2.67,69.8,,OHLC,↓,LH/LL,DT,False,273,3,GLNG,SubSector_R12
HMY,2026-10-01,17.52,0.77,False,20.13,-0.086,-0.34,True,68.0,1.22,66.7,False,4.41,3.62,17.8,-0.4,D 趨勢弱,True,8:49,264.6,跌,362.0,24,True,0.0,-0.2935,-0.2967,-0.3958,True,False,-14.92,-3.38,18.97,-8.28,-1.88,76.1,,OHLC,↓,LH/LL,DT,False,273,3,HMY,Combined_R22
J,2026-10-01,139.79,3.61,False,144.54,-0.27,-0.33,False,87.8,-0.33,88.1,True,2.59,1.62,38.3,11.9,C 基底修復,True,8:49,264.6,跌,219.0,23,True,0.0,-0.7201,-1.0486,-1.5828,True,False,-3.4,-1.31,138.37,1.02,0.39,114.3,,OHLC,↓,LH/LL,自然反彈,False,273,3,J,SubSector_R12
KKR,2026-10-01,91.24,3.13,False,101.47,-1.0,-1.39,False,80.0,-0.28,80.3,True,3.44,2.31,5.7,-9.3,D 趨勢弱,True,8:49,264.6,跌,259.0,30,True,0.0,-0.862,-0.8867,-1.3745,True,False,-11.21,-3.26,100.83,-10.51,-3.06,397.2,,OHLC,↓,LH/LL,DT,False,273,3,KKR,SubSector_R12+Combined_R22
KMX,2026-10-01,55.89,2.62,False,59.25,-0.156,-0.22,True,73.8,0.97,72.9,False,4.69,2.21,44.0,4.0,C 基底修復,True,8:49,264.6,跌,178.0,22,True,0.0,-0.3721,-0.383,-0.6951,True,False,-6.01,-1.28,59.23,-5.98,-1.27,190.2,,OHLC,↓,LH/LL,DT,False,273,3,KMX,Combined_R22
LOB,2026-10-01,36.39,0.89,False,38.61,-0.246,-1.4,False,89.3,-0.06,89.3,True,2.45,1.46,21.2,2.7,C 基底修復,True,8:49,264.6,跌,432.0,40,True,0.0,-0.1107,-0.1269,-0.4245,True,False,-6.11,-2.5,39.61,-8.85,-3.62,8.3,,OHLC,↓,LH/LL,DT,False,273,3,LOB,Combined_R22
MAN,2026-10-01,56.28,2.37,False,58.57,-0.3,-0.21,False,65.4,-1.62,67.0,False,4.22,4.31,50.5,-5.4,C 基底修復,True,8:49,264.6,跌,612.0,42,True,0.0,-0.3748,-0.4161,-1.164,True,True,-4.07,-0.96,60.27,-7.09,-1.68,48.8,10-01 高低價為 Yahoo 暫定值（開/收落在高低區間外，已放寬校正）,OHLC,—,HH/HL,DT,False,273,3,MAN,SubSector_R12
MGM,2026-10-01,30.47,1.18,False,36.52,-0.381,-2.28,False,79.7,-0.26,79.9,True,3.89,1.92,5.0,0.0,D 趨勢弱,True,8:49,264.6,跌,247.0,25,True,0.0,-0.7108,-0.7271,-0.7271,True,False,-19.87,-5.11,38.9,-27.67,-7.12,168.4,,OHLC,↓,LH/LL,DT,False,273,3,MGM,SubSector_R12
MMED,2026-10-01,19.6,0.9,False,21.37,-0.067,-0.26,True,69.6,1.3,68.3,False,4.59,3.11,18.8,-7.4,D 趨勢弱,True,8:49,264.6,跌,233.0,14,True,0.0,-0.385,-0.4013,-0.418,True,False,-9.02,-1.97,20.49,-4.54,-0.99,60.8,,OHLC,—,LH/LL,自然回檔,False,145,3,MMED,HM_R23_熱錢板塊
MS,2026-10-01,188.01,4.84,False,205.17,-1.604,-1.0,False,87.6,-0.1,87.7,True,2.57,1.67,17.9,0.8,D 趨勢弱,True,8:49,264.6,跌,104.0,14,True,0.0,-1.6124,-1.6202,-1.6202,True,False,-9.13,-3.55,206.75,-9.97,-3.88,1100.8,,OHLC,↓,LH/LL,DT,False,273,3,MS,SubSector_R12+Combined_R22+RateHike_R2_迴避
NSC,2026-10-01,310.26,5.27,False,327.8,-1.603,-0.8,False,93.2,-0.0,93.2,True,1.7,1.29,32.9,3.4,D 趨勢弱,True,8:49,264.6,跌,158.0,23,True,0.0,-0.2269,-0.3644,-3.056,True,False,-5.65,-3.33,355.99,-14.74,-8.68,332.0,,OHLC,↓,LH/LL,DT,False,273,3,NSC,SubSector_R12+Combined_R22
NWL,2026-10-01,5.31,0.25,False,5.85,-0.021,-0.41,True,67.8,1.65,66.2,False,4.74,3.32,49.6,4.4,D 趨勢弱,True,8:49,264.6,跌,280.0,32,True,0.0,-0.0513,-0.0555,-0.0804,True,False,-10.1,-2.13,5.77,-8.66,-1.83,34.1,,OHLC,↓,LH/LL,DT,False,273,3,NWL,HM_R23_熱錢板塊
OKE,2026-10-01,87.16,2.5,False,93.29,-0.305,-0.52,False,86.4,-0.11,86.6,True,2.86,1.62,36.7,13.7,C 基底修復,True,8:49,264.6,跌,142.0,13,True,0.0,-0.8852,-1.0041,-1.0041,True,False,-7.03,-2.46,90.81,-4.19,-1.46,344.7,,OHLC,↓,LH/LL,自然反彈,False,273,3,OKE,SubSector_R12
SBAC,2026-10-01,158.02,4.85,False,179.84,-0.552,-0.67,False,84.1,-0.08,84.1,True,3.07,1.89,0.0,0.0,D 趨勢弱,True,8:49,264.6,跌,147.0,16,True,0.0,-2.2144,-2.223,-2.2368,True,False,-13.81,-4.5,191.52,-21.2,-6.91,171.5,,OHLC,↓,LH/LL,DT,False,273,3,SBAC,SubSector_R12
SOBO,2026-10-01,33.51,0.79,False,35.9,-0.146,-1.09,False,90.4,-0.14,90.5,True,2.37,1.29,23.2,2.2,D 趨勢弱,True,8:49,264.6,跌,143.0,17,True,0.0,-0.2201,-0.2631,-0.3059,True,False,-7.14,-3.02,37.85,-12.95,-5.47,26.7,,OHLC,↓,LH/LL,DT,False,273,3,SOBO,Combined_R22
SOFI,2026-10-01,15.84,0.65,False,17.42,-0.075,-0.57,True,71.3,0.53,70.7,False,4.09,3.3,8.2,5.3,D 趨勢弱,True,8:49,264.6,跌,209.0,23,True,0.0,-0.1301,-0.1415,-0.1633,True,False,-9.97,-2.44,17.16,-8.33,-2.04,757.3,,OHLC,↓,LH/LL,DT,False,273,3,SOFI,SubSector_R12
TRGP,2026-10-01,279.31,7.78,False,289.25,-0.81,-0.25,False,85.3,-0.39,85.7,True,2.78,1.93,49.3,6.0,C 基底修復,True,8:49,264.6,跌,141.0,19,True,0.0,-1.8196,-2.3699,-2.3699,True,False,-3.56,-1.28,296.06,-6.0,-2.15,320.8,,OHLC,↓,LH/LL,自然反彈,False,273,3,TRGP,Combined_R22
WMB,2026-10-01,69.22,1.76,False,72.34,-0.155,-0.46,False,88.1,-0.02,88.2,True,2.55,1.59,20.2,2.7,C 基底修復,True,8:49,264.6,跌,105.0,15,True,0.0,-0.3612,-0.4547,-0.4547,True,False,-4.5,-1.77,73.29,-5.88,-2.31,533.5,,OHLC,↓,LH/LL,DT,False,273,3,WMB,SubSector_R12
DKNG,2026-10-01,19.35,1.15,False,22.83,-0.183,-0.88,True,62.2,1.11,61.1,False,5.96,3.21,0.0,0.0,D 趨勢弱,True,8:14,246.8,跌,87.0,11,True,0.0,-0.37,-0.3794,-0.3794,True,False,-17.99,-3.02,22.02,-13.8,-2.31,302.8,,OHLC,↓,LH/LL,DT,False,273,3,DKNG,SubSector_R12
FA,2026-10-01,18.34,0.82,False,19.97,-0.147,-1.29,True,66.5,0.85,65.7,False,4.45,3.86,38.5,6.6,C 基底修復,True,7:33,226.4,跌,76.0,9,True,0.0,-0.3309,-0.3692,-0.3692,True,False,-8.91,-2.0,,,,34.6,,OHLC,—,HH/HL,自然反彈,False,273,3,FA,HM_R23_熱錢板塊
VOYA,2026-10-01,95.38,2.44,False,100.29,-0.147,-0.26,False,89.9,-0.21,90.2,True,2.56,1.19,50.2,2.7,C 基底修復,True,7:20,220.0,跌,72.0,13,True,0.0,-0.7338,-0.8344,-0.8344,True,False,-5.15,-2.02,104.19,-9.24,-3.61,118.7,,OHLC,↓,LH/LL,DT,False,273,3,VOYA,Combined_R22
BA,2026-10-01,192.28,6.45,False,201.46,-1.252,-1.07,False,81.0,-0.08,81.1,True,3.35,2.19,9.2,4.7,D 趨勢弱,True,7:08,213.9,跌,69.0,12,True,0.0,-0.8729,-1.345,-2.5802,True,False,-4.77,-1.42,201.15,-4.61,-1.38,1605.7,,OHLC,↓,LH/LL,自然反彈,False,273,3,BA,SubSector_R12+Combined_R22
CRSR,2026-10-01,13.85,0.6,True,12.57,0.116,0.27,False,60.4,-0.17,60.6,False,4.33,5.23,68.4,-2.6,E 延伸,True,6:26,192.9,跌,57.0,4,True,0.0,-0.026,-0.0379,-0.2867,True,False,9.25,2.14,13.06,5.7,1.32,14.1,,OHLC,—,HH/HL,UT,True,273,3,CRSR,HM_R23_第二梯隊
KMI,2026-10-01,30.53,0.67,False,31.31,-0.058,-0.42,False,91.0,-0.01,91.0,True,2.21,1.31,24.3,2.4,D 趨勢弱,False,5:46,172.8,跌,46.0,5,True,0.0,-0.0844,-0.0963,-0.1423,True,True,-2.56,-1.16,31.84,-4.29,-1.94,403.4,,OHLC,↓,LH/LL,DT,False,273,3,KMI,SubSector_R12
CRSP,2026-10-01,55.44,2.7,False,56.45,-0.152,-0.02,True,67.3,0.79,66.5,False,4.88,3.28,40.3,-0.1,C 基底修復,False,5:44,171.8,跌,45.0,5,True,0.0,-0.0691,-0.0751,-0.886,True,True,-1.83,-0.37,60.72,-9.52,-1.95,90.6,,OHLC,—,LH/LL,自然反彈,False,273,3,CRSP,SubSector_R12
FNLC,2026-10-01,33.69,0.94,False,34.6,-0.044,-0.29,False,88.9,-0.02,89.0,True,2.8,1.17,52.5,2.9,C 基底修復,False,5:33,166.5,跌,42.0,8,True,0.0,-0.1565,-0.1655,-0.1956,True,True,-2.7,-0.97,34.8,-3.29,-1.18,1.3,,OHLC,—,HH/HL,DT,False,255,3,FNLC,HM_R23_熱錢板塊
CMRC,2026-10-01,3.24,0.18,True,2.82,0.02,0.55,True,48.3,0.92,47.4,False,5.64,6.73,39.0,0.3,E 延伸,False,5:08,154.0,跌,36.0,4,True,0.0,-0.03,-0.0314,-0.1127,True,False,13.01,2.3,3.15,2.78,0.49,3.4,,OHLC,—,HH/HL,次級反彈,True,273,3,CMRC,HM_R23_第二梯隊
SNX,2026-10-01,271.76,11.78,True,264.2,0.599,0.05,False,74.5,-0.63,75.2,False,4.34,2.44,63.9,6.9,B 上升結構,False,4:53,146.5,跌,31.0,4,True,0.0,-0.8656,-1.6283,-1.6283,True,True,2.78,0.64,260.5,4.14,0.96,301.5,10-01 高低價為 Yahoo 暫定值（開/收落在高低區間外，已放寬校正）,OHLC,—,HH/HL,自然反彈,False,273,3,SNX,Combined_R22
RNG,2026-10-01,78.31,3.35,True,72.62,0.33,0.48,True,65.2,0.63,64.6,False,4.28,4.29,78.2,-0.6,E 延伸,False,4:50,144.9,跌,30.0,4,True,0.0,-0.4269,-0.5569,-0.8268,True,False,7.27,1.7,74.43,4.95,1.16,117.7,,OHLC,↑,HH/HL,自然反彈,False,273,3,RNG,HM_R23_第二梯隊
ASST,2026-10-01,30.11,1.8,True,25.49,0.349,0.63,True,54.4,1.0,53.4,False,5.98,4.9,40.0,0.0,E 延伸,False,4:30,135.0,跌,25.0,8,True,0.0,-0.3995,-0.4203,-0.4203,True,False,15.35,2.57,28.99,3.72,0.62,256.1,,OHLC,—,HH/HL,自然反彈,True,273,3,ASST,HM_R23_第二梯隊
SYM,2026-10-01,43.17,1.78,True,42.16,0.072,0.07,False,69.5,-0.01,69.5,False,4.11,3.61,12.0,-6.9,D 趨勢弱,False,4:28,134.1,跌,24.0,3,True,0.0,-0.0976,-0.1418,-0.2448,True,True,2.34,0.57,41.89,2.97,0.72,71.2,,OHLC,—,HH/HL,自然反彈,True,273,3,SYM,SubSector_R12+AI_R13
CECO,2026-10-01,71.87,3.76,False,72.27,-0.142,-0.35,True,62.1,0.38,61.7,False,5.23,3.97,40.5,0.5,C 基底修復,False,4:01,120.3,跌,17.0,2,True,0.0,-0.0689,-0.1285,-0.5508,True,True,-0.56,-0.11,74.99,-4.34,-0.83,51.3,,OHLC,—,LH/LL,自然反彈,True,273,3,CECO,HM_R23_差一項
AI,2026-10-01,11.11,0.51,True,10.57,0.028,0.21,False,71.2,-0.15,71.4,False,4.55,2.85,48.8,-5.7,D 趨勢弱,True,8:49,264.6,跌,117.0,12,True,1.0,-0.0109,-0.0391,-0.0712,True,False,4.88,1.07,10.86,2.25,0.49,54.4,,OHLC,—,LH/LL,UT,True,273,3,AI,Combined_R22+AI_R13
BTU,2026-10-01,24.74,1.2,False,27.25,-0.032,-0.01,True,67.7,0.56,67.1,False,4.83,3.24,0.0,0.0,D 趨勢弱,True,8:49,264.6,跌,130.0,16,True,1.0,-0.3783,-0.4289,-0.5713,True,False,-10.14,-2.1,26.79,-8.29,-1.71,67.5,,OHLC,↓,LH/LL,DT,False,273,3,BTU,SubSector_R12
CENX,2026-10-01,35.99,1.85,False,42.09,-0.425,-0.98,True,66.9,0.89,66.0,False,5.13,3.11,7.3,0.0,D 趨勢弱,True,8:49,264.6,跌,103.0,15,True,1.0,-0.3973,-0.448,-0.7347,True,False,-16.94,-3.3,40.75,-13.23,-2.58,69.1,,OHLC,↓,LH/LL,DT,False,273,3,CENX,SubSector_R12
CNR,2026-10-01,87.6,3.18,False,94.76,-0.203,-0.3,False,78.9,-0.53,79.4,True,3.63,2.32,8.4,2.9,D 趨勢弱,True,8:49,264.6,跌,136.0,19,True,1.0,-1.0737,-1.2606,-1.4588,True,False,-8.17,-2.25,,,,47.4,,OHLC,—,HH/HL,自然反彈,False,273,3,CNR,SubSector_R12
DOW,2026-10-01,27.59,0.89,False,29.63,-0.137,-0.62,False,82.0,-0.12,82.1,True,3.24,2.12,12.6,0.3,D 趨勢弱,True,8:49,264.6,跌,159.0,26,True,1.0,-0.1246,-0.1417,-0.2147,True,False,-7.38,-2.28,29.12,-5.56,-1.72,264.9,,OHLC,↓,LH/LL,DT,False,273,3,DOW,SubSector_R12
HL,2026-10-01,17.0,0.9,False,19.22,-0.097,-0.19,True,61.8,1.15,60.7,False,5.27,3.99,13.0,3.0,D 趨勢弱,True,8:49,264.6,跌,220.0,22,True,1.0,-0.3085,-0.3304,-0.4361,True,False,-13.06,-2.48,18.96,-11.53,-2.19,681.6,,OHLC,↓,LH/LL,DT,False,273,3,HL,SubSector_R12
HLIT,2026-10-01,10.72,0.43,False,11.51,-0.099,-1.52,True,72.5,0.34,72.2,False,4.04,3.11,15.6,3.4,D 趨勢弱,True,8:49,264.6,跌,214.0,23,True,1.0,-0.0408,-0.0582,-0.0739,True,False,-7.41,-1.83,11.32,-5.6,-1.38,16.5,,OHLC,—,LH/LL,DT,True,273,3,HLIT,HM_R23_差一項
LEU,2026-10-01,139.11,9.16,False,161.96,-1.073,-0.61,True,52.5,0.89,51.6,False,6.59,4.75,0.0,0.0,D 趨勢弱,True,8:49,264.6,跌,320.0,24,True,1.0,-0.8388,-1.0067,-4.643,True,False,-16.42,-2.49,149.85,-7.72,-1.17,115.9,,OHLC,↓,LH/LL,DT,False,273,3,LEU,SubSector_R12+AI_R13
MNDY,2026-10-01,80.31,5.21,False,88.67,-0.291,-0.4,True,54.7,0.78,53.9,False,6.49,4.32,18.6,0.9,D 趨勢弱,True,8:49,264.6,跌,175.0,19,True,1.0,-1.2475,-1.4871,-1.8335,True,False,-10.41,-1.6,87.96,-9.53,-1.47,103.9,,OHLC,↓,LH/LL,自然反彈,False,273,3,MNDY,Combined_R22
RIG,2026-10-01,5.24,0.21,False,5.67,-0.024,-0.42,True,74.6,0.53,74.0,False,4.0,2.77,15.3,-1.7,D 趨勢弱,True,8:49,264.6,跌,129.0,18,True,1.0,-0.05,-0.0552,-0.0581,True,False,-8.19,-2.05,5.94,-13.36,-3.34,248.6,,OHLC,↓,LH/LL,DT,False,273,3,RIG,SubSector_R12
SMR,2026-10-01,7.79,0.59,False,9.05,-0.031,-0.29,True,45.1,0.64,44.5,False,7.6,5.65,0.0,-0.2,D 趨勢弱,True,8:49,264.6,跌,117.0,14,True,1.0,-0.1205,-0.1268,-0.1829,True,False,-16.19,-2.13,8.89,-14.12,-1.86,335.8,,OHLC,—,LH/LL,DT,True,273,3,SMR,SubSector_R12+Combined_R22+RateHike_R2_迴避+AI_R13
TDW,2026-10-01,82.18,3.08,False,90.68,-0.397,-0.48,True,71.6,0.45,71.2,False,3.75,3.57,39.9,-0.6,D 趨勢弱,True,8:49,264.6,跌,242.0,26,True,1.0,-1.0675,-1.2087,-1.4465,True,False,-10.34,-2.76,91.79,-11.69,-3.12,51.6,,OHLC,↓,LH/LL,DT,False,273,3,TDW,SubSector_R12
TMC,2026-10-01,3.76,0.26,True,4.37,0.006,0.08,True,50.0,0.22,49.8,False,7.03,4.92,10.0,0.0,D 趨勢弱,True,8:49,264.6,跌,216.0,20,False,1.0,-0.0211,-0.0196,-0.1197,False,False,-16.09,-2.29,3.84,-2.13,-0.3,18.1,,OHLC,↓,LH/LL,自然回檔,False,273,3,TMC,SubSector_R12
UPST,2026-10-01,22.95,1.15,False,26.5,-0.312,-1.0,True,68.1,0.68,67.4,False,5.01,2.99,0.0,0.0,D 趨勢弱,True,8:49,264.6,跌,202.0,23,True,1.0,-0.1342,-0.1545,-0.4251,True,False,-15.49,-3.09,25.97,-13.16,-2.63,110.6,,OHLC,↓,LH/LL,DT,False,273,3,UPST,AI_R13
WFC,2026-10-01,80.25,1.93,False,85.73,-0.265,-0.6,False,89.3,-0.07,89.4,True,2.41,1.48,17.2,-0.4,D 趨勢弱,True,8:49,264.6,跌,111.0,11,True,1.0,-0.7591,-0.8322,-0.8461,True,False,-6.83,-2.84,91.99,-14.63,-6.08,1182.0,,OHLC,↓,LH/LL,DT,False,273,3,WFC,SubSector_R12
WHR,2026-10-01,30.48,1.56,False,35.37,-0.323,-0.98,True,66.3,0.42,65.8,False,5.13,3.23,0.0,0.0,D 趨勢弱,True,8:49,264.6,跌,339.0,32,True,1.0,-0.1572,-0.1842,-0.749,True,False,-16.03,-3.12,33.56,-10.1,-1.97,98.2,,OHLC,↓,LH/LL,DT,False,273,3,WHR,SubSector_R12
FLUT,2026-10-01,76.47,4.21,False,92.82,-0.674,-0.9,True,63.7,1.53,62.2,False,5.51,3.35,0.0,0.0,D 趨勢弱,True,8:18,249.2,跌,88.0,12,True,1.0,-1.8104,-2.0999,-2.1308,True,False,-21.38,-3.88,88.62,-15.89,-2.88,264.7,,OHLC,↓,LH/LL,自然反彈,False,273,3,FLUT,SubSector_R12
ASPI,2026-10-01,2.7,0.24,False,3.39,-0.046,-1.14,True,43.2,0.44,42.8,False,8.78,5.01,0.0,0.0,D 趨勢弱,True,8:12,245.8,跌,87.0,15,True,1.0,-0.032,-0.0434,-0.0703,True,False,-25.54,-2.91,3.18,-17.78,-2.03,14.9,,OHLC,↓,LH/LL,自然反彈,False,273,3,ASPI,SubSector_R12
EWTX,2026-10-01,40.48,2.2,False,42.94,-0.202,-0.46,True,61.9,1.04,60.9,False,5.42,3.81,50.5,-2.9,C 基底修復,True,6:54,207.2,跌,65.0,7,True,1.0,-0.4941,-0.5772,-0.6708,True,False,-6.08,-1.12,43.82,-8.25,-1.52,71.6,,OHLC,↓,LH/LL,自然反彈,False,273,3,EWTX,HM_R23_熱錢板塊
TTRX,2026-10-01,13.31,1.29,True,13.21,0.032,0.18,False,37.4,-2.4,39.8,False,9.7,5.99,47.1,-4.2,E 延伸,True,6:17,188.4,跌,55.0,5,False,1.0,-0.1688,-0.1308,-0.1842,False,True,0.77,0.08,12.69,4.66,0.48,2.5,,OHLC,↑,HH/HL,自然回檔,False,247,3,TTRX,HM_R23_熱錢板塊
WYY,2026-10-01,7.86,1.13,False,7.93,-0.023,-2.34,True,19.9,0.62,19.2,False,14.37,10.59,25.9,0.1,D 趨勢弱,False,5:24,162.0,跌,40.0,5,True,1.0,-0.4606,-0.5286,-0.5913,True,True,-0.87,-0.06,4.35,44.66,3.11,3.0,,OHLC,—,HH/HL,自然反彈,False,273,3,WYY,HM_R23_熱錢板塊
AIG,2026-10-01,75.43,1.46,False,75.5,-0.023,-0.25,True,92.6,0.25,92.4,True,1.93,1.2,21.7,2.6,D 趨勢弱,False,10:09,304.3,升,19.0,1,False,2.0,0.0362,-0.047,,False,True,-0.09,-0.05,76.29,-1.14,-0.59,383.9,,OHLC,↓,LH/LL,自然反彈,False,273,3,AIG,SubSector_R12
DOCS,2026-10-01,28.5,1.19,True,26.16,0.131,0.33,True,64.2,0.75,63.4,False,4.16,4.61,46.7,-1.5,D 趨勢弱,True,9:45,292.5,升,12.0,2,False,2.0,0.1384,0.0601,,False,False,8.2,1.97,26.04,8.63,2.07,78.2,,OHLC,↑,HH/HL,UT,False,273,3,DOCS,SubSector_R12
ATI,2026-10-01,191.14,7.77,False,198.72,-0.662,-0.61,True,74.7,0.46,74.2,False,4.07,2.68,49.9,2.0,C 基底修復,True,9:26,283.1,升,7.0,1,False,2.0,0.4295,-0.0397,,False,True,-3.97,-0.98,191.63,-0.26,-0.06,310.4,,OHLC,—,LH/LL,自然反彈,True,273,3,ATI,Combined_R22
HII,2026-10-01,274.33,7.52,False,279.85,-1.45,-1.36,False,82.8,-0.06,82.9,True,2.74,2.45,8.8,2.1,D 趨勢弱,True,9:21,280.4,升,6.0,1,False,2.0,0.2518,-0.7515,,False,True,-2.01,-0.73,283.25,-3.25,-1.19,137.7,,OHLC,↓,LH/LL,自然反彈,False,273,3,HII,Combined_R22
AU,2026-10-01,94.2,3.68,False,107.77,-0.23,-0.24,True,71.5,1.13,70.4,False,3.91,3.43,15.5,2.0,D 趨勢弱,True,8:49,264.6,跌,275.0,22,True,2.0,-1.4069,-1.5469,-2.4275,True,False,-14.4,-3.68,104.01,-10.41,-2.66,245.4,,OHLC,↓,LH/LL,自然反彈,False,273,3,AU,SubSector_R12
AWK,2026-10-01,127.86,2.6,False,136.47,-0.451,-0.39,False,92.0,-0.15,92.2,True,2.03,1.25,30.8,-1.3,D 趨勢弱,True,8:49,264.6,跌,174.0,15,True,2.0,-1.0041,-1.0094,-1.1361,True,False,-6.73,-3.31,,,,252.7,10-01 高低價為 Yahoo 暫定值（開/收落在高低區間外，已放寬校正）,OHLC,—,HH/HL,DT,False,273,3,AWK,SubSector_R12
AWR,2026-10-01,81.19,1.54,False,86.42,-0.248,-0.79,False,93.0,-0.29,93.2,True,1.89,1.16,31.9,-2.8,C 基底修復,True,8:49,264.6,跌,215.0,25,True,2.0,-0.4869,-0.5126,-0.6656,True,False,-6.44,-3.4,88.06,-8.46,-4.47,19.5,,OHLC,↓,LH/LL,DT,False,273,3,AWR,SubSector_R12+Combined_R22
CCJ,2026-10-01,85.69,3.31,False,95.81,-0.565,-0.53,False,76.2,-0.29,76.5,True,3.87,2.59,4.2,1.2,D 趨勢弱,True,8:49,264.6,跌,139.0,22,True,2.0,-0.8024,-0.8483,-1.3342,True,False,-11.81,-3.06,94.59,-10.39,-2.69,268.6,,OHLC,↓,LH/LL,DT,False,273,3,CCJ,SubSector_R12+Combined_R22+RateHike_R2_迴避+AI_R13
COMP,2026-10-01,9.12,0.51,False,10.23,-0.137,-1.1,True,64.2,0.66,63.6,False,5.56,3.21,20.0,4.9,D 趨勢弱,True,8:49,264.6,跌,241.0,32,True,2.0,-0.0683,-0.0952,-0.2689,True,False,-12.14,-2.18,9.38,-2.85,-0.51,157.9,,OHLC,↓,LH/LL,自然反彈,False,273,3,COMP,SubSector_R12
DASH,2026-10-01,182.18,7.93,False,205.22,-1.274,-0.76,True,73.4,0.38,73.1,False,4.36,2.62,9.2,-0.2,D 趨勢弱,True,8:49,264.6,跌,159.0,22,True,2.0,-1.4741,-1.6546,-4.9417,True,False,-12.65,-2.9,187.1,-2.7,-0.62,832.9,,OHLC,↓,LH/LL,自然回檔,False,273,3,DASH,Combined_R22
DNN,2026-10-01,2.54,0.14,False,3.13,-0.015,-0.69,True,61.7,0.19,61.5,False,5.53,3.74,0.0,0.0,D 趨勢弱,True,8:49,264.6,跌,185.0,22,True,2.0,-0.0379,-0.0418,-0.0783,True,False,-23.2,-4.19,2.93,-15.35,-2.78,70.3,,OHLC,↓,LH/LL,DT,False,273,3,DNN,SubSector_R12
DNTH,2026-10-01,88.32,4.78,False,101.07,-0.86,-0.85,True,65.7,0.59,65.2,False,5.41,3.05,31.6,0.0,D 趨勢弱,True,8:49,264.6,跌,224.0,31,True,2.0,-1.2683,-1.5341,-1.8097,True,False,-14.44,-2.67,107.69,-21.93,-4.05,88.3,,OHLC,↓,LH/LL,DT,False,273,3,DNTH,Combined_R22
HRB,2026-10-01,42.32,1.56,False,46.18,-0.398,-1.54,True,74.3,0.54,73.8,False,3.69,3.13,28.5,2.5,D 趨勢弱,True,8:49,264.6,跌,216.0,25,True,2.0,-0.3319,-0.5157,-1.2778,True,False,-9.12,-2.47,45.84,-8.32,-2.26,91.5,,OHLC,↓,LH/LL,自然反彈,False,273,3,HRB,SubSector_R12
KGC,2026-10-01,24.06,1.15,False,29.0,-0.15,-0.53,True,66.9,1.19,65.8,False,4.79,3.44,0.0,0.0,D 趨勢弱,True,8:49,264.6,跌,232.0,22,True,2.0,-0.5602,-0.6162,-0.6636,True,False,-20.55,-4.29,25.05,-4.11,-0.86,208.5,,OHLC,↓,LH/LL,DT,False,273,3,KGC,SubSector_R12
LOW,2026-10-01,182.38,4.44,False,198.88,-1.74,-1.21,True,88.8,0.03,88.8,True,2.43,1.56,6.2,1.1,D 趨勢弱,True,8:49,264.6,跌,183.0,29,False,2.0,-0.5502,-0.4353,-1.9819,False,False,-9.05,-3.72,196.08,-7.51,-3.09,643.7,,OHLC,↓,LH/LL,DT,False,273,3,LOW,SubSector_R12
NEE,2026-10-01,76.35,1.34,False,80.67,-0.471,-1.43,False,94.5,-0.24,94.7,True,1.76,0.9,9.0,0.6,D 趨勢弱,True,8:49,264.6,跌,107.0,15,True,2.0,-0.2783,-0.3999,-0.5326,True,False,-5.66,-3.22,84.06,-10.1,-5.75,967.8,,OHLC,↓,LH/LL,DT,False,273,3,NEE,SubSector_R12+Combined_R22+RateHike_R2_迴避
NEOV,2026-10-01,2.52,0.3,False,3.38,-0.016,-0.6,True,28.7,0.1,28.6,False,11.95,7.38,5.0,0.0,D 趨勢弱,True,8:49,264.6,跌,117.0,16,True,2.0,-0.1223,-0.1416,-0.1881,True,False,-34.2,-2.86,2.6,-3.17,-0.27,4.6,,OHLC,↓,LH/LL,自然回檔,False,273,3,NEOV,HM_R23_熱錢板塊
NRG,2026-10-01,96.93,4.03,False,108.22,-0.665,-0.85,True,69.7,0.61,69.1,False,4.16,3.54,3.5,1.7,D 趨勢弱,True,8:49,264.6,跌,99.0,12,True,2.0,-0.4454,-0.6124,-1.8245,True,False,-11.65,-2.8,100.37,-3.55,-0.85,301.7,,OHLC,↓,LH/LL,DT,False,273,3,NRG,SubSector_R12+AI_R13
ORCL,2026-10-01,138.07,6.88,False,147.31,-0.096,-0.29,True,65.8,0.7,65.1,False,4.98,3.48,12.7,5.6,D 趨勢弱,True,8:49,264.6,跌,165.0,14,True,2.0,-1.3833,-1.6377,-1.9824,True,False,-6.69,-1.34,143.67,-4.06,-0.81,5229.6,,OHLC,↓,LH/LL,自然反彈,False,273,3,ORCL,Combined_R22+AI_R13
RLAY,2026-10-01,18.49,0.93,False,18.81,-0.052,-0.29,False,69.2,-0.11,69.3,False,5.02,2.77,63.5,3.1,C 基底修復,True,8:49,264.6,跌,233.0,30,True,2.0,-0.0254,-0.0717,-0.2619,True,True,-1.74,-0.35,17.22,6.87,1.37,67.5,,OHLC,—,HH/HL,自然反彈,False,273,3,RLAY,Combined_R22+HM_R23_熱錢板塊
RNAC,2026-10-01,7.22,0.48,False,8.48,-0.266,-1.08,True,59.7,1.12,58.6,False,6.67,3.02,7.6,-0.8,D 趨勢弱,True,8:49,264.6,跌,183.0,22,True,2.0,-0.0801,-0.0954,-0.2216,True,False,-17.39,-2.61,8.08,-11.91,-1.79,1.0,,OHLC,↓,LH/LL,DT,False,273,3,RNAC,HM_R23_熱錢板塊
Z,2026-10-01,27.75,1.35,False,31.51,-0.31,-1.1,True,67.1,0.45,66.6,False,4.88,3.32,0.0,0.0,D 趨勢弱,True,8:49,264.6,跌,221.0,23,True,2.0,-0.3137,-0.4061,-0.5012,True,False,-13.57,-2.78,30.95,-11.53,-2.36,129.2,,OHLC,↓,LH/LL,自然反彈,False,273,3,Z,SubSector_R12
SO,2026-10-01,83.47,1.34,False,86.8,-0.274,-1.09,False,95.1,-0.06,95.1,True,1.6,0.9,15.0,0.9,D 趨勢弱,True,8:48,264.2,跌,97.0,15,True,2.0,-0.0523,-0.1443,-0.4703,True,False,-3.99,-2.49,87.22,-4.49,-2.81,553.6,,OHLC,↓,LH/LL,DT,False,273,3,SO,SubSector_R12
GOLD,2026-10-01,42.09,1.95,False,44.99,-0.06,-0.06,True,68.2,0.61,67.6,False,4.63,3.35,23.9,2.1,D 趨勢弱,True,8:03,241.6,跌,84.0,10,True,2.0,-0.509,-0.5103,-0.5248,True,False,-6.88,-1.49,48.22,-14.56,-3.15,33.7,,OHLC,↓,LH/LL,DT,False,273,3,GOLD,SubSector_R12
ENPH,2026-10-01,32.82,1.78,False,35.47,-0.201,-0.67,True,63.7,0.01,63.6,False,5.43,3.45,7.3,1.8,D 趨勢弱,True,6:45,202.5,跌,62.0,10,True,2.0,-0.1166,-0.2074,-0.3621,True,False,-8.07,-1.49,30.54,6.95,1.28,165.1,,OHLC,—,HH/HL,自然反彈,False,273,3,ENPH,SubSector_R12
FSLR,2026-10-01,172.11,9.03,False,196.53,-1.585,-0.9,True,65.7,0.08,65.6,False,5.25,3.22,1.2,-0.5,D 趨勢弱,True,6:39,199.6,跌,61.0,7,True,2.0,-2.0005,-2.1149,-2.5215,True,False,-14.19,-2.7,177.71,-3.25,-0.62,478.8,,OHLC,↓,LH/LL,自然回檔,False,273,3,FSLR,SubSector_R12+RateHike_R2_迴避
NI,2026-10-01,39.5,0.68,False,40.53,-0.1,-0.74,False,93.8,-0.28,94.1,True,1.73,1.1,14.7,1.7,D 趨勢弱,False,5:55,177.7,跌,49.0,7,True,2.0,-0.0264,-0.0709,-0.3459,True,True,-2.61,-1.51,41.9,-6.08,-3.51,230.3,,OHLC,↓,LH/LL,DT,False,273,3,NI,SubSector_R12
W,2026-10-01,101.37,4.77,False,101.19,-0.19,-0.09,True,61.0,0.49,60.5,False,4.71,4.72,61.4,-5.7,B 上升結構,False,5:27,163.4,跌,41.0,6,True,2.0,-0.1989,-0.2379,-1.6216,True,True,0.17,0.04,100.34,1.02,0.22,246.0,,OHLC,↑,HH/HL,次級反彈,False,273,3,W,SubSector_R12
CSCO,2026-10-01,108.76,2.55,False,109.12,-0.093,-0.45,True,86.6,0.31,86.3,True,2.35,2.11,53.1,2.4,C 基底修復,False,10:01,300.3,升,17.0,2,False,3.0,0.137,0.0006,,False,True,-0.33,-0.14,111.5,-2.52,-1.07,1974.2,,OHLC,↓,LH/LL,自然反彈,False,273,3,CSCO,AI_R13
CF,2026-10-01,114.54,4.6,False,128.08,-0.214,-0.18,True,76.0,0.19,75.8,True,4.02,2.48,27.1,-3.8,D 趨勢弱,True,8:49,264.6,跌,140.0,14,False,3.0,-1.9428,-2.1413,-2.5088,True,False,-11.82,-2.94,,,,329.4,,OHLC,—,HH/HL,DT,False,273,3,CF,SubSector_R12+Combined_R22
CMG,2026-10-01,32.32,1.15,False,34.91,-0.101,-0.34,True,75.5,0.87,74.6,True,3.57,3.03,1.9,1.7,D 趨勢弱,True,8:49,264.6,跌,112.0,17,False,3.0,-0.2557,-0.3521,-0.5756,True,False,-8.02,-2.25,33.6,-3.96,-1.11,470.7,,OHLC,—,LH/LL,自然反彈,True,273,3,CMG,SubSector_R12
CNQ,2026-10-01,47.79,1.19,False,49.94,-0.059,-0.07,True,87.4,0.46,87.0,True,2.48,1.8,53.1,-0.0,C 基底修復,True,8:49,264.6,跌,164.0,19,False,3.0,-0.3637,-0.4534,-0.5504,True,False,-4.5,-1.81,51.55,-7.87,-3.17,339.1,,OHLC,↓,LH/LL,DT,False,273,3,CNQ,Combined_R22
HG,2026-10-01,33.75,0.84,False,34.62,-0.023,-0.35,False,89.3,-1.26,90.5,True,2.49,1.4,46.8,4.0,C 基底修復,True,8:49,264.6,跌,144.0,18,False,3.0,-0.1136,-0.1755,-0.2103,True,True,-2.58,-1.04,36.11,-6.99,-2.8,14.1,,OHLC,↓,LH/LL,自然反彈,False,273,3,HG,Combined_R22
KFY,2026-10-01,72.37,1.99,False,78.16,-0.355,-1.09,True,87.0,0.04,86.9,True,2.74,1.64,24.3,1.5,D 趨勢弱,True,8:49,264.6,跌,507.0,38,False,3.0,-0.5009,-0.6742,-1.0873,True,False,-8.0,-2.92,85.59,-18.27,-6.66,50.6,10-01 高低價為 Yahoo 暫定值（開/收落在高低區間外，已放寬校正）,OHLC,↓,LH/LL,DT,False,273,3,KFY,Combined_R22
LYB,2026-10-01,57.78,1.95,False,62.94,-0.33,-0.54,True,81.0,0.0,81.0,True,3.38,2.16,25.4,10.4,D 趨勢弱,True,8:49,264.6,跌,196.0,26,False,3.0,-0.589,-0.6632,-0.7241,True,False,-8.93,-2.64,65.43,-13.24,-3.92,224.4,,OHLC,↓,LH/LL,DT,False,273,3,LYB,SubSector_R12
ROKU,2026-10-01,151.26,1.86,False,155.37,-0.157,-0.33,False,96.4,-0.04,96.4,True,1.23,0.87,69.2,-5.3,C 基底修復,True,8:49,264.6,跌,213.0,25,False,3.0,-0.5805,-0.5689,-1.0296,False,True,-2.72,-2.21,157.45,-4.09,-3.33,325.3,,OHLC,↓,LH/LL,DT,False,273,3,ROKU,SubSector_R12+HM_R23_差一項
STZ,2026-10-01,112.99,2.77,False,123.98,-0.557,-0.99,True,88.0,0.2,87.8,True,2.45,1.72,1.5,-0.1,D 趨勢弱,True,8:49,264.6,跌,223.0,24,False,3.0,-0.457,-0.6103,-1.2279,True,False,-9.73,-3.97,125.0,-10.63,-4.34,276.3,,OHLC,↓,LH/LL,DT,False,273,3,STZ,SubSector_R12
TAP,2026-10-01,37.11,1.03,False,38.58,-0.14,-0.59,True,85.5,0.17,85.4,True,2.77,1.9,8.3,1.6,D 趨勢弱,True,8:49,264.6,跌,313.0,27,False,3.0,-0.046,-0.1478,-0.3896,True,False,-3.96,-1.43,39.27,-5.82,-2.1,213.7,,OHLC,↓,LH/LL,自然反彈,False,273,3,TAP,SubSector_R12
JBHT,2026-10-01,227.2,7.66,False,248.69,-1.149,-1.04,True,78.2,0.69,77.5,True,3.37,2.71,22.5,4.7,D 趨勢弱,True,8:23,251.5,跌,90.0,12,False,3.0,-1.5917,-2.1517,-3.5232,True,False,-9.46,-2.81,265.47,-16.84,-5.0,303.7,,OHLC,—,LH/LL,DT,True,273,3,JBHT,SubSector_R12
DUK,2026-10-01,113.74,1.59,False,118.21,-0.374,-1.19,True,95.6,0.06,95.5,True,1.4,0.96,15.6,-0.7,D 趨勢弱,True,8:05,242.4,跌,85.0,15,False,3.0,-0.1729,-0.2438,-0.6368,True,False,-3.93,-2.8,121.98,-7.24,-5.17,480.8,,OHLC,↓,LH/LL,DT,False,273,3,DUK,SubSector_R12
EPAM,2026-10-01,114.35,5.32,True,114.2,0.705,0.33,False,67.6,-1.74,69.3,False,4.65,3.45,38.3,6.3,D 趨勢弱,True,7:55,237.3,跌,82.0,12,False,3.0,-1.049,-1.6268,-1.8902,True,True,0.13,0.03,104.33,8.76,1.88,128.5,,OHLC,—,HH/HL,自然反彈,False,273,3,EPAM,SubSector_R12
BG,2026-10-01,106.61,3.71,False,115.71,-0.496,-0.32,True,80.6,0.44,80.1,True,3.48,2.15,14.9,-4.0,D 趨勢弱,True,7:46,232.8,跌,79.0,12,False,3.0,-1.3034,-1.3833,-1.5162,True,False,-8.53,-2.45,,,,234.1,,OHLC,—,HH/HL,DT,False,273,3,BG,SubSector_R12
PARR,2026-10-01,86.21,4.4,True,80.5,0.182,-0.02,True,62.9,1.99,60.9,False,5.11,3.92,70.0,-0.5,B 上升結構,True,6:05,182.6,跌,51.0,9,False,3.0,-0.0833,-0.592,-2.1783,True,False,6.62,1.3,81.7,5.23,1.02,79.1,,OHLC,↑,HH/HL,UT,False,273,3,PARR,Combined_R22
MGA,2026-10-01,64.46,1.73,False,65.56,-0.163,-0.47,True,84.4,0.51,83.8,True,2.69,2.21,58.1,2.3,C 基底修復,False,10:58,328.8,升,33.0,4,False,4.0,0.1497,0.1057,,False,True,-1.71,-0.64,64.82,-0.56,-0.21,72.5,,OHLC,—,LH/LL,自然回檔,True,273,3,MGA,SubSector_R12
CGNX,2026-10-01,62.22,2.09,False,60.44,-0.021,-0.39,True,77.0,0.5,76.5,True,3.37,2.95,66.9,9.1,C 基底修復,False,10:49,324.3,升,30.0,2,False,4.0,0.2291,0.0384,,False,True,2.86,0.85,61.99,0.37,0.11,91.9,,OHLC,↓,LH/LL,自然反彈,False,273,3,CGNX,Combined_R22
EVR,2026-10-01,259.0,8.31,False,276.33,-1.221,-0.95,True,81.6,0.42,81.2,True,3.21,2.23,5.5,0.6,D 趨勢弱,True,9:56,298.2,升,16.0,2,False,4.0,0.3393,0.0684,,False,False,-6.69,-2.09,262.91,-1.51,-0.47,132.2,,OHLC,↓,LH/LL,自然回檔,False,273,3,EVR,SubSector_R12
LHX,2026-10-01,238.4,5.37,False,252.51,-0.938,-1.37,True,88.4,0.39,88.0,True,2.25,1.84,5.5,1.5,D 趨勢弱,True,9:29,284.4,升,8.0,1,False,4.0,0.2623,-0.0221,,False,False,-5.92,-2.63,250.74,-5.18,-2.3,405.2,,OHLC,↓,LH/LL,DT,False,273,3,LHX,SubSector_R12
AEP,2026-10-01,119.75,1.99,False,121.47,-0.202,-0.52,False,94.3,-0.1,94.4,True,1.66,1.04,19.8,0.8,D 趨勢弱,True,9:29,284.3,升,8.0,1,False,4.0,0.056,-0.069,,False,True,-1.44,-0.87,125.42,-4.73,-2.85,492.0,,OHLC,—,LH/LL,DT,True,273,3,AEP,SubSector_R12
INFY,2026-10-01,11.35,0.36,False,11.32,-0.016,-0.6,False,80.5,-2.28,82.8,True,3.14,2.5,19.6,5.4,D 趨勢弱,True,9:24,281.8,升,7.0,1,False,4.0,0.0352,-0.0214,,False,True,0.26,0.08,11.6,-2.2,-0.7,189.9,,OHLC,↓,LH/LL,自然反彈,False,273,3,INFY,SubSector_R12
AA,2026-10-01,42.06,1.65,False,47.47,-0.431,-0.82,True,75.1,0.62,74.5,True,3.93,2.73,2.8,0.4,D 趨勢弱,True,8:49,264.6,跌,127.0,16,False,4.0,-0.3793,-0.4632,-0.6209,True,False,-12.86,-3.27,51.28,-21.92,-5.57,173.5,,OHLC,↓,LH/LL,DT,False,273,3,AA,SubSector_R12
AJG,2026-10-01,231.82,6.37,False,247.9,-1.351,-0.73,True,84.9,0.24,84.7,True,2.75,2.04,9.9,1.8,D 趨勢弱,True,8:49,264.6,跌,149.0,22,False,4.0,-0.9553,-1.5268,-3.2277,True,False,-6.94,-2.53,253.3,-9.27,-3.37,353.8,,OHLC,↓,LH/LL,自然反彈,False,273,3,AJG,SubSector_R12
ANGO,2026-10-01,15.12,0.51,False,15.47,-0.029,-0.14,False,81.4,-0.41,81.8,True,3.34,2.12,50.4,-18.5,C 基底修復,True,8:49,264.6,跌,558.0,30,False,4.0,-0.0462,-0.0259,-0.1622,False,True,-2.32,-0.69,15.6,-3.17,-0.95,8.1,,OHLC,—,LH/LL,DT,True,273,3,ANGO,Combined_R22
AON,2026-10-01,275.95,7.7,False,304.51,-1.468,-1.17,True,84.8,0.38,84.4,True,2.79,2.03,0.0,-1.1,D 趨勢弱,True,8:49,264.6,跌,525.0,44,False,4.0,-0.4928,-1.0287,-4.3365,True,False,-10.35,-3.71,311.54,-12.9,-4.62,661.5,,OHLC,↓,LH/LL,DT,False,273,3,AON,SubSector_R12
BRO,2026-10-01,61.77,1.72,False,66.67,-0.341,-0.98,True,85.0,0.41,84.6,True,2.78,2.0,5.7,0.7,D 趨勢弱,True,8:49,264.6,跌,274.0,25,False,4.0,-0.307,-0.4952,-0.9092,True,False,-7.93,-2.85,68.33,-10.62,-3.82,148.0,,OHLC,↓,LH/LL,自然反彈,False,273,3,BRO,SubSector_R12
BXP,2026-10-01,60.24,1.47,False,65.3,-0.232,-0.6,True,88.5,0.02,88.5,True,2.43,1.62,15.8,-0.7,D 趨勢弱,True,8:49,264.6,跌,251.0,22,False,4.0,-0.2394,-0.186,-0.5728,False,False,-8.4,-3.45,69.18,-14.84,-6.1,90.4,,OHLC,↓,LH/LL,DT,False,273,3,BXP,SubSector_R12
CVS,2026-10-01,85.2,2.22,False,91.21,-0.266,-0.71,True,87.4,0.01,87.4,True,2.61,1.68,13.3,-4.6,D 趨勢弱,True,8:49,264.6,跌,105.0,11,False,4.0,-0.3027,-0.3105,-1.7679,True,False,-7.05,-2.7,89.13,-4.61,-1.77,686.8,,OHLC,↓,LH/LL,DT,False,273,3,CVS,SubSector_R12
EE,2026-10-01,32.11,1.32,False,37.06,-0.173,-0.38,True,76.6,0.76,75.8,True,4.12,2.27,7.7,-0.2,D 趨勢弱,True,8:49,264.6,跌,135.0,16,False,4.0,-0.45,-0.51,-0.5866,True,False,-15.4,-3.74,36.04,-12.24,-2.97,16.5,,OHLC,↓,LH/LL,DT,False,273,3,EE,SubSector_R12
EHC,2026-10-01,119.06,2.87,False,121.84,-0.06,0.0,False,87.6,-0.64,88.3,True,2.41,1.83,43.2,-18.2,C 基底修復,True,8:49,264.6,跌,209.0,31,False,4.0,-0.4144,-0.1796,-0.7783,False,True,-2.33,-0.97,125.28,-5.22,-2.17,105.7,,OHLC,—,LH/LL,自然回檔,False,273,3,EHC,SubSector_R12
FCFS,2026-10-01,208.15,6.28,False,221.47,-0.26,-0.04,True,81.5,0.2,81.3,True,3.02,2.44,54.4,-3.8,C 基底修復,True,8:49,264.6,跌,125.0,13,False,4.0,-1.491,-1.2581,-1.491,False,False,-6.4,-2.12,220.87,-6.11,-2.03,82.2,,OHLC,↓,LH/LL,DT,False,273,3,FCFS,Combined_R22
FDX,2026-10-01,287.07,6.85,False,308.88,-1.422,-1.2,True,89.2,0.4,88.8,True,2.39,1.52,24.2,1.8,D 趨勢弱,True,8:49,264.6,跌,224.0,23,False,4.0,-1.2777,-1.7444,-3.248,True,False,-7.6,-3.18,321.02,-11.83,-4.95,511.9,,OHLC,↓,LH/LL,自然反彈,False,273,3,FDX,SubSector_R12+RateHike_R2_迴避
GLPI,2026-10-01,37.59,0.69,False,41.11,-0.139,-0.79,True,92.9,0.1,92.8,True,1.84,1.23,5.2,-0.8,D 趨勢弱,True,8:49,264.6,跌,230.0,25,False,4.0,-0.145,-0.1353,-0.1937,False,False,-9.36,-5.09,41.05,-9.2,-5.01,139.6,,OHLC,↓,LH/LL,DT,False,273,3,GLPI,SubSector_R12
INVH,2026-10-01,26.4,0.43,False,27.83,-0.087,-1.1,True,94.6,0.12,94.5,True,1.62,1.01,18.7,0.5,D 趨勢弱,True,8:49,264.6,跌,198.0,26,False,4.0,-0.0146,-0.0302,-0.2123,True,False,-5.43,-3.36,27.9,-5.68,-3.52,150.4,,OHLC,↓,LH/LL,DT,False,273,3,INVH,SubSector_R12
MRK,2026-10-01,143.81,3.52,False,148.68,-0.255,0.29,True,86.2,0.33,85.8,True,2.45,2.1,62.1,-4.7,A 待突破,True,8:49,264.6,跌,181.0,19,False,4.0,-0.7924,-0.5716,-1.5538,False,False,-3.39,-1.38,152.8,-6.25,-2.55,1424.6,,OHLC,↓,LH/LL,DT,False,273,3,MRK,SubSector_R12+Combined_R22
NWSA,2026-10-01,28.64,0.71,False,29.81,-0.024,-0.16,True,87.9,0.27,87.6,True,2.48,1.71,36.8,0.4,C 基底修復,True,8:49,264.6,跌,271.0,20,False,4.0,-0.1667,-0.1932,-0.2879,True,False,-4.08,-1.65,29.13,-1.71,-0.69,134.6,,OHLC,↓,LH/LL,自然反彈,False,273,3,NWSA,SubSector_R12
PCAR,2026-10-01,109.94,2.68,False,118.72,-0.597,-1.14,True,89.5,0.13,89.4,True,2.43,1.42,13.7,1.6,D 趨勢弱,True,8:49,264.6,跌,316.0,40,False,4.0,-0.4812,-0.5839,-1.1366,True,False,-7.98,-3.28,124.7,-13.43,-5.51,413.7,,OHLC,↓,LH/LL,DT,False,273,3,PCAR,SubSector_R12+Combined_R22
PEP,2026-10-01,125.6,2.31,False,135.04,-0.487,-0.82,True,92.9,0.11,92.8,True,1.84,1.22,4.8,-0.4,D 趨勢弱,True,8:49,264.6,跌,190.0,23,False,4.0,-0.5585,-0.5426,-0.9753,False,False,-7.52,-4.08,138.8,-10.51,-5.71,1246.8,,OHLC,↓,LH/LL,DT,False,273,3,PEP,SubSector_R12
POOL,2026-10-01,160.67,4.85,False,173.68,-0.869,-0.93,True,82.9,0.2,82.7,True,3.02,2.16,2.9,1.1,D 趨勢弱,True,8:49,264.6,跌,241.0,33,False,4.0,-0.0652,-0.1056,-1.4671,True,False,-8.1,-2.68,195.99,-21.98,-7.29,145.1,,OHLC,↓,LH/LL,DT,False,273,3,POOL,SubSector_R12
RTX,2026-10-01,185.01,3.73,False,198.97,-1.547,-1.68,True,91.2,0.42,90.8,True,2.02,1.45,15.5,0.3,D 趨勢弱,True,8:49,264.6,跌,253.0,35,False,4.0,-0.5022,-0.5433,-2.6008,True,False,-7.54,-3.74,213.5,-15.4,-7.63,760.8,,OHLC,↓,LH/LL,DT,False,273,3,RTX,SubSector_R12+Combined_R22
SR,2026-10-01,76.44,1.68,False,80.48,-0.2,-0.56,True,91.9,0.05,91.8,True,2.19,1.12,10.5,-0.4,D 趨勢弱,True,8:49,264.6,跌,164.0,17,False,4.0,-0.3457,-0.4076,-0.5114,True,False,-5.29,-2.41,80.86,-5.78,-2.64,44.3,,OHLC,↓,LH/LL,DT,False,273,3,SR,SubSector_R12
UHAL,2026-10-01,60.99,1.35,False,65.2,-0.453,-1.44,True,90.4,0.17,90.2,True,2.21,1.44,45.5,2.6,C 基底修復,True,8:49,264.6,跌,394.0,49,False,4.0,-0.0338,-0.1183,-0.8864,True,False,-6.9,-3.12,64.49,-5.74,-2.6,9.2,,OHLC,↓,LH/LL,DT,False,273,3,UHAL,Combined_R22
UPS,2026-10-01,93.89,2.04,False,99.45,-0.298,-0.77,True,88.5,0.45,88.0,True,2.18,1.89,9.6,2.2,D 趨勢弱,True,8:49,264.6,跌,99.0,12,False,4.0,-0.2582,-0.3724,-1.0023,True,False,-5.92,-2.72,102.46,-9.13,-4.19,467.7,,OHLC,↓,LH/LL,自然反彈,False,273,3,UPS,SubSector_R12+RateHike_R2_迴避
VICI,2026-10-01,22.73,0.41,False,24.76,-0.097,-1.24,True,93.6,0.02,93.6,True,1.78,1.12,4.0,-0.6,D 趨勢弱,True,8:49,264.6,跌,303.0,25,False,4.0,-0.0957,-0.0934,-0.1406,False,False,-8.92,-5.0,25.93,-14.08,-7.89,268.3,,OHLC,↓,LH/LL,DT,False,273,3,VICI,SubSector_R12
WTW,2026-10-01,291.6,7.01,False,317.71,-1.308,-1.16,True,88.0,0.22,87.8,True,2.4,1.77,12.3,2.9,D 趨勢弱,True,8:49,264.6,跌,422.0,35,False,4.0,-2.2944,-2.9085,-4.663,True,False,-8.96,-3.72,323.71,-11.01,-4.58,170.0,,OHLC,↓,LH/LL,DT,False,273,3,WTW,SubSector_R12
XEL,2026-10-01,70.55,1.32,False,74.09,-0.238,-1.05,True,93.4,0.1,93.3,True,1.86,1.08,13.4,-0.1,D 趨勢弱,True,8:49,264.6,跌,327.0,29,False,4.0,-0.0857,-0.1745,-0.4164,True,False,-5.01,-2.69,77.06,-9.23,-4.95,431.5,,OHLC,↓,LH/LL,DT,False,273,3,XEL,SubSector_R12
MDGL,2026-10-01,499.71,16.71,False,526.49,-1.073,-0.09,True,79.3,0.45,78.8,True,3.34,2.53,28.4,-1.5,C 基底修復,True,7:58,238.9,跌,83.0,13,False,4.0,-3.2278,-2.9564,-5.9155,False,False,-5.36,-1.6,534.4,-6.94,-2.08,119.8,,OHLC,↓,LH/LL,DT,False,273,3,MDGL,SubSector_R12
BFH,2026-10-01,96.94,3.56,False,105.11,-0.523,-0.44,True,80.8,1.33,79.5,True,3.67,1.92,50.0,1.8,C 基底修復,True,7:03,211.3,跌,67.0,8,False,4.0,-1.0045,-0.9337,-1.0195,False,False,-8.43,-2.29,102.91,-6.16,-1.68,64.6,,OHLC,↓,LH/LL,DT,False,273,3,BFH,Combined_R22
TLYS,2026-10-01,4.52,0.32,True,4.52,0.003,0.05,True,52.8,0.07,52.7,False,6.98,4.29,57.1,-1.7,B 上升結構,False,10:11,305.7,升,20.0,3,False,5.0,0.0234,0.0286,,False,True,0.03,0.0,3.93,13.05,1.87,5.7,,OHLC,↑,HH/HL,自然回檔,False,255,3,TLYS,HM_R23_差一項
BTSG,2026-10-01,57.26,2.02,False,58.42,-0.101,-0.26,True,72.4,0.54,71.9,False,3.54,3.64,50.5,0.0,C 基底修復,True,9:51,295.7,升,14.0,2,False,5.0,0.1022,0.0034,,False,True,-2.02,-0.57,57.69,-0.75,-0.21,151.2,,OHLC,—,LH/LL,自然反彈,True,273,3,BTSG,HM_R23_熱錢板塊
AMAL,2026-10-01,47.84,1.1,False,47.83,-0.066,-0.42,False,90.8,-0.2,91.0,True,2.29,1.26,57.2,0.5,C 基底修復,True,9:47,293.6,升,13.0,2,False,5.0,0.0605,0.0137,,False,True,0.03,0.01,48.02,-0.38,-0.16,14.8,,OHLC,—,LH/LL,自然反彈,True,273,3,AMAL,Combined_R22
PBF,2026-10-01,82.34,4.55,True,74.18,0.239,0.09,True,59.6,1.65,58.0,False,5.53,4.19,70.2,-8.3,E 延伸,True,9:37,288.5,升,10.0,1,False,5.0,0.2661,-0.2211,,False,False,9.91,1.79,70.47,14.42,2.61,295.1,,OHLC,↑,HH/HL,UT,False,273,3,PBF,Combined_R22
RS,2026-10-01,393.04,10.1,False,390.24,-0.95,-0.46,False,87.6,-0.06,87.7,True,2.57,1.68,63.9,1.0,C 基底修復,True,9:28,283.8,升,8.0,1,False,5.0,0.3829,-0.1036,,False,True,0.71,0.28,381.79,2.86,1.11,109.1,,OHLC,—,HH/HL,自然反彈,False,273,3,RS,SubSector_R12+RateHike_R2_受惠
ATO,2026-10-01,156.38,2.21,False,162.96,-0.514,-1.12,True,95.8,0.01,95.8,True,1.41,0.88,12.0,-0.9,D 趨勢弱,True,8:49,264.6,跌,101.0,16,False,5.0,-0.13,-0.2104,-1.0166,True,False,-4.2,-2.97,169.58,-8.44,-5.97,167.6,,OHLC,↓,LH/LL,DT,False,273,3,ATO,SubSector_R12
AXP,2026-10-01,302.09,5.93,False,318.27,-1.359,-0.97,True,91.6,0.06,91.5,True,1.96,1.42,10.3,0.7,D 趨勢弱,True,8:49,264.6,跌,357.0,53,False,5.0,-0.4701,-0.528,-1.8631,True,False,-5.36,-2.73,308.89,-2.25,-1.15,1032.1,,OHLC,↓,LH/LL,自然回檔,False,273,3,AXP,SubSector_R12+Combined_R22
BRBS,2026-10-01,3.87,0.09,False,3.95,-0.003,-0.15,False,89.4,-0.06,89.5,True,2.28,1.59,38.7,0.8,C 基底修復,True,8:49,264.6,跌,142.0,13,False,5.0,-0.0224,-0.0269,-0.0337,True,True,-2.19,-0.96,3.8,1.94,0.85,5.5,,OHLC,—,HH/HL,DT,True,273,3,BRBS,HM_R23_熱錢板塊
CAH,2026-10-01,230.09,5.66,False,230.97,-0.105,-0.34,False,89.1,-1.14,90.2,True,2.46,1.48,48.0,4.0,C 基底修復,True,8:49,264.6,跌,149.0,16,False,5.0,-0.2577,-0.9944,-2.1365,True,True,-0.38,-0.16,228.46,0.71,0.29,426.2,,OHLC,—,HH/HL,自然反彈,False,273,3,CAH,SubSector_R12+Combined_R22
CORT,2026-10-01,114.02,5.23,False,114.1,-0.109,0.01,True,64.9,0.16,64.7,False,4.59,4.05,68.5,0.5,A 待突破,True,8:49,264.6,跌,212.0,26,False,5.0,-0.1968,-0.1025,-1.9139,False,True,-0.07,-0.01,112.94,0.95,0.21,195.8,,OHLC,—,HH/HL,自然回檔,True,273,3,CORT,Combined_R22
FANG,2026-10-01,185.51,5.44,False,196.35,-0.556,-0.37,True,83.0,0.88,82.2,True,2.93,2.23,36.4,10.3,C 基底修復,True,8:49,264.6,跌,123.0,12,False,5.0,-1.2429,-1.5644,-2.3395,True,False,-5.84,-1.99,186.6,-0.59,-0.2,629.0,,OHLC,↓,LH/LL,DT,False,273,3,FANG,SubSector_R12+Combined_R22
LH,2026-10-01,304.6,7.23,False,320.54,-0.526,-0.3,True,89.1,0.19,88.9,True,2.37,1.56,34.8,-1.3,C 基底修復,True,8:49,264.6,跌,357.0,25,False,5.0,-1.6737,-1.6781,-4.2,True,False,-5.23,-2.21,327.95,-7.67,-3.23,260.8,,OHLC,—,LH/LL,自然回檔,False,273,3,LH,Combined_R22
NVO,2026-10-01,37.4,1.12,False,42.42,-0.349,-1.17,True,81.5,0.34,81.2,True,2.98,2.46,0.5,-0.1,D 趨勢弱,True,8:49,264.6,跌,112.0,17,False,5.0,-0.3047,-0.3348,-0.7798,True,False,-13.42,-4.5,43.24,-15.61,-5.23,567.3,,OHLC,↓,LH/LL,DT,False,273,3,NVO,SubSector_R12
SENEA,2026-10-01,177.03,6.15,False,189.16,-0.559,-0.35,True,80.3,0.33,79.9,True,3.48,2.21,37.0,-4.6,D 趨勢弱,True,8:49,264.6,跌,159.0,18,False,5.0,-1.193,-1.1561,-2.7711,False,False,-6.85,-1.97,,,,18.0,,OHLC,—,HH/HL,DT,True,273,3,SENEA,Combined_R22
SYF,2026-10-01,71.51,1.96,False,76.23,-0.288,-0.67,True,86.6,2.19,84.4,True,2.75,1.71,17.8,1.8,D 趨勢弱,True,8:49,264.6,跌,250.0,30,False,5.0,-0.3178,-0.4029,-0.6659,True,False,-6.6,-2.4,72.94,-2.0,-0.73,216.1,,OHLC,↓,LH/LL,自然回檔,False,273,3,SYF,SubSector_R12
V,2026-10-01,359.85,5.82,False,371.55,-0.159,0.15,True,94.0,0.06,94.0,True,1.62,1.16,42.4,2.2,C 基底修復,True,8:49,264.6,跌,295.0,21,False,5.0,-1.3142,-1.2135,-1.8904,False,False,-3.25,-2.01,370.5,-2.96,-1.83,2253.5,,OHLC,↓,LH/LL,DT,False,273,3,V,SubSector_R12+Combined_R22
SYY,2026-10-01,77.77,1.56,False,80.14,-0.133,-0.44,True,92.2,0.13,92.1,True,2.01,1.22,22.5,-1.9,D 趨勢弱,True,7:35,227.6,跌,76.0,13,False,5.0,-0.0791,-0.0935,-0.4065,True,False,-3.05,-1.52,79.3,-1.97,-0.98,387.0,,OHLC,—,LH/LL,DT,True,273,3,SYY,SubSector_R12
BJ,2026-10-01,94.36,2.79,True,92.91,0.053,0.06,False,84.4,-0.13,84.6,True,2.96,1.93,47.1,19.8,C 基底修復,False,12:02,1.1,升,51.0,5,False,5.0,0.2689,0.2531,,False,True,1.54,0.52,92.0,2.5,0.85,164.6,,OHLC,↑,HH/HL,自然反彈,False,273,3,BJ,SubSector_R12
COP,2026-10-01,127.06,3.24,False,132.18,-0.125,-0.06,True,86.6,0.27,86.4,True,2.55,1.9,40.7,0.0,C 基底修復,True,8:49,264.6,跌,160.0,12,False,6.0,-1.1553,-1.3908,-1.714,True,False,-4.03,-1.58,130.97,-3.08,-1.21,902.1,,OHLC,↓,LH/LL,DT,False,273,3,COP,SubSector_R12
ICE,2026-10-01,151.47,3.38,False,157.74,-0.153,-0.09,True,90.6,0.1,90.5,True,2.23,1.38,31.8,5.1,C 基底修復,True,8:49,264.6,跌,210.0,22,False,6.0,-0.7342,-0.7311,-1.2654,False,False,-4.14,-1.85,158.08,-4.36,-1.95,475.2,,OHLC,—,LH/LL,DT,True,273,3,ICE,SubSector_R12+Combined_R22
MA,2026-10-01,550.0,9.28,False,574.02,-0.852,-0.22,True,93.5,0.02,93.5,True,1.69,1.22,37.0,1.2,C 基底修復,True,8:49,264.6,跌,314.0,22,False,6.0,-2.1292,-1.7344,-4.315,False,False,-4.37,-2.59,569.57,-3.56,-2.11,1549.8,,OHLC,↓,LH/LL,DT,False,273,3,MA,SubSector_R12+Combined_R22
MET,2026-10-01,94.35,1.89,False,96.3,-0.055,-0.1,False,92.3,-0.03,92.3,True,2.0,1.22,54.5,1.0,C 基底修復,True,8:49,264.6,跌,111.0,10,False,6.0,-0.3967,-0.3518,-0.7013,False,True,-2.06,-1.03,98.45,-4.35,-2.17,299.3,,OHLC,↓,LH/LL,DT,False,273,3,MET,SubSector_R12+Combined_R22
PRU,2026-10-01,113.13,2.41,False,118.73,-0.309,-0.53,True,91.6,0.2,91.4,True,2.13,1.25,49.8,-0.4,C 基底修復,True,8:49,264.6,跌,475.0,41,False,6.0,-0.5463,-0.4456,-0.9553,False,False,-4.95,-2.32,119.45,-5.59,-2.62,181.9,,OHLC,↓,LH/LL,DT,False,273,3,PRU,SubSector_R12
T,2026-10-01,24.3,0.53,False,25.57,-0.017,-0.01,True,89.9,0.27,89.6,True,2.2,1.57,23.6,-1.0,D 趨勢弱,True,8:49,264.6,跌,160.0,19,False,6.0,-0.2224,-0.2155,-0.2224,False,False,-5.21,-2.37,25.81,-6.21,-2.83,972.2,,OHLC,↓,LH/LL,DT,False,273,3,T,SubSector_R12+RateHike_R2_迴避
TMUS,2026-10-01,161.73,4.47,False,173.94,-0.668,-0.58,True,82.7,0.42,82.3,True,2.76,2.46,3.8,-1.6,D 趨勢弱,True,8:49,264.6,跌,162.0,17,False,6.0,-0.8532,-0.9374,-2.0895,True,False,-7.55,-2.73,166.45,-2.92,-1.06,876.2,,OHLC,—,LH/LL,DT,True,273,3,TMUS,SubSector_R12
CSX,2026-10-01,46.54,0.88,False,48.54,-0.164,-0.67,True,92.2,0.14,92.1,True,1.89,1.34,43.6,3.4,C 基底修復,True,8:49,264.6,跌,185.0,23,False,7.0,-0.0474,-0.0692,-0.3262,True,False,-4.29,-2.27,49.65,-6.68,-3.54,507.4,,OHLC,—,LH/LL,自然反彈,True,273,3,CSX,SubSector_R12+Combined_R22
MAA,2026-10-01,116.38,2.04,False,123.72,-0.397,-1.12,True,93.8,0.2,93.6,True,1.75,1.08,9.1,-2.0,D 趨勢弱,True,8:49,264.6,跌,330.0,26,False,7.0,-0.1367,-0.1433,-0.7945,True,False,-6.3,-3.6,119.51,-2.69,-1.53,147.7,,OHLC,↓,LH/LL,DT,False,273,3,MAA,SubSector_R12
UNP,2026-10-01,272.42,4.96,False,287.51,-1.163,-0.82,True,92.6,0.14,92.4,True,1.82,1.33,35.3,3.3,C 基底修復,True,8:49,264.6,跌,147.0,23,False,7.0,-0.3967,-0.5689,-2.7173,True,False,-5.54,-3.04,314.15,-15.32,-8.41,678.8,,OHLC,↓,LH/LL,自然反彈,False,273,3,UNP,SubSector_R12+Combined_R22
NKTX,2026-10-01,2.56,0.18,True,2.79,0.004,0.13,True,52.8,0.6,52.2,False,7.06,4.21,35.6,-13.6,D 趨勢弱,True,7:37,228.6,跌,77.0,11,False,7.0,-0.0477,-0.0438,-0.0477,False,False,-9.06,-1.28,2.85,-11.33,-1.6,1.8,,OHLC,↓,LH/LL,DT,False,273,3,NKTX,SubSector_R12
PM,2026-10-01,188.18,4.48,True,190.13,0.019,0.13,False,88.6,-0.52,89.2,True,2.38,1.65,51.4,-13.7,C 基底修復,False,3:32,105.8,跌,9.0,1,False,7.0,-0.0726,0.21,-1.1222,False,True,-1.03,-0.43,190.39,-1.17,-0.49,844.9,,OHLC,—,LH/LL,自然回檔,True,273,3,PM,SubSector_R12
CARR,2026-10-01,55.22,1.56,False,56.65,-0.168,-0.55,True,84.8,0.44,84.4,True,2.82,2.0,11.5,2.2,D 趨勢弱,False,11:03,331.5,升,34.0,7,False,8.0,0.257,0.2472,,False,True,-2.58,-0.92,56.37,-2.08,-0.74,403.7,,OHLC,—,LH/LL,自然回檔,True,273,3,CARR,SubSector_R12
RVMD,2026-10-01,205.89,7.56,False,203.87,-0.175,-0.09,True,78.8,0.05,78.7,True,3.67,2.3,74.0,-1.6,A 待突破,False,10:51,325.6,升,31.0,3,False,8.0,0.6885,0.4508,,False,True,0.98,0.27,211.51,-2.73,-0.74,406.8,,OHLC,—,LH/LL,UT,False,273,3,RVMD,SubSector_R12+Combined_R22
CMCSA,2026-10-01,21.7,0.65,False,24.22,-0.124,-1.12,True,82.7,0.41,82.3,True,3.01,2.21,0.0,0.0,D 趨勢弱,True,8:49,264.6,跌,252.0,23,False,8.0,-0.1939,-0.2424,-0.4638,True,False,-11.6,-3.86,25.2,-16.13,-5.37,752.2,,OHLC,↓,LH/LL,DT,False,273,3,CMCSA,SubSector_R12
GPN,2026-10-01,80.29,2.53,False,88.75,-0.351,-0.52,True,81.8,0.07,81.7,True,3.15,2.25,29.5,-16.1,D 趨勢弱,True,8:49,264.6,跌,210.0,26,False,8.0,-0.7249,-0.6219,-1.0125,False,False,-10.54,-3.35,86.49,-7.72,-2.45,211.1,,OHLC,↓,LH/LL,DT,False,273,3,GPN,SubSector_R12
SLB,2026-10-01,48.66,1.66,False,54.15,-0.186,-0.45,True,79.4,0.61,78.8,True,3.41,2.43,17.9,0.4,D 趨勢弱,True,8:06,243.2,跌,85.0,16,False,8.0,-0.601,-0.5934,-0.8541,False,False,-11.28,-3.31,52.42,-7.73,-2.27,724.7,,OHLC,↓,LH/LL,DT,False,273,3,SLB,SubSector_R12+RateHike_R2_迴避
BIIB,2026-10-01,222.82,5.56,True,220.71,0.281,0.48,False,85.4,-0.11,85.6,True,2.49,2.19,70.5,-0.5,A 待突破,False,2:49,84.6,升,100.0,8,False,8.0,0.1586,0.548,,False,True,0.95,0.38,216.04,3.04,1.22,233.9,,OHLC,↑,HH/HL,自然回檔,False,273,3,BIIB,SubSector_R12
H,2026-10-01,160.94,4.66,False,163.65,-0.639,-0.7,True,85.4,0.81,84.6,True,2.89,1.81,25.5,5.4,D 趨勢弱,False,1:10,35.2,升,70.0,6,False,8.0,1.0107,0.9115,,False,True,-1.68,-0.58,155.33,3.49,1.2,131.2,,OHLC,—,HH/HL,自然回檔,True,273,3,H,Combined_R22
WT,2026-10-01,24.03,0.9,True,23.69,0.032,0.16,False,76.4,-0.7,77.1,True,3.75,2.67,73.1,-1.6,B 上升結構,False,10:04,301.8,升,18.0,3,False,9.0,0.0079,0.0213,,False,True,1.43,0.38,24.86,-3.45,-0.92,69.7,10-01 高低價為 Yahoo 暫定值（開/收落在高低區間外，已放寬校正）,OHLC,—,LH/LL,UT,False,273,3,WT,Combined_R22
TXRH,2026-10-01,156.7,4.46,False,175.5,-1.334,-1.79,True,86.1,0.68,85.4,True,2.85,1.71,5.0,0.0,D 趨勢弱,True,8:49,264.6,跌,322.0,35,False,9.0,-0.6926,-0.9588,-2.7495,True,False,-12.0,-4.22,205.29,-31.01,-10.89,200.5,,OHLC,↓,LH/LL,DT,False,273,3,TXRH,Combined_R22
WFRD,2026-10-01,78.44,3.19,False,88.11,-0.394,-0.5,True,75.3,0.36,75.0,True,4.07,2.55,1.5,-0.0,D 趨勢弱,True,8:49,264.6,跌,136.0,16,False,9.0,-0.6798,-0.6373,-1.5621,False,False,-12.32,-3.03,85.08,-8.47,-2.08,83.7,,OHLC,↓,LH/LL,DT,False,273,3,WFRD,SubSector_R12
YUM,2026-10-01,136.69,3.36,False,145.13,-0.242,-0.41,True,87.3,0.55,86.7,True,2.46,1.86,8.7,1.1,D 趨勢弱,True,8:49,264.6,跌,187.0,18,False,9.0,-0.1359,-0.1996,-1.518,True,False,-6.18,-2.51,140.63,-2.88,-1.17,326.1,,OHLC,—,LH/LL,DT,True,273,3,YUM,SubSector_R12
CRCL,2026-10-01,82.91,5.97,True,90.53,0.475,0.26,True,47.9,1.16,46.7,False,7.2,5.3,32.7,16.7,D 趨勢弱,True,8:16,247.8,跌,88.0,16,False,9.0,-1.735,-1.7063,-1.9703,False,False,-9.19,-1.28,94.59,-14.09,-1.96,1320.3,,OHLC,↓,LH/LL,DT,False,273,3,CRCL,SubSector_R12
HOOD,2026-10-01,111.15,6.11,True,113.05,0.592,0.4,True,59.0,0.62,58.4,False,5.5,4.36,47.6,-0.0,C 基底修復,False,5:08,154.0,跌,36.0,4,False,9.0,-1.1912,-0.8333,-1.4869,False,True,-1.71,-0.31,104.42,6.05,1.1,2746.8,,OHLC,↑,HH/HL,自然回檔,False,273,3,HOOD,SubSector_R12+Combined_R22+RateHike_R2_迴避
ROK,2026-10-01,442.45,9.97,True,426.53,0.244,-0.09,True,89.2,0.05,89.1,True,2.25,1.67,64.3,7.2,C 基底修復,False,2:49,84.6,升,136.0,9,False,9.0,2.9238,2.5268,,False,False,3.6,1.6,406.92,8.03,3.57,294.6,,OHLC,↑,HH/HL,UT,False,273,3,ROK,SubSector_R12
GLW,2026-10-01,160.42,8.29,True,152.49,0.059,-0.18,True,58.6,0.51,58.1,False,5.16,4.78,56.9,-6.5,D 趨勢弱,False,1:48,54.0,升,80.0,9,False,9.0,0.7893,0.503,,False,True,4.94,0.96,153.76,4.15,0.8,1301.5,,OHLC,—,HH/HL,自然反彈,True,273,3,GLW,Combined_R22+AI_R13
EME,2026-10-01,769.03,22.76,False,753.79,-1.832,-0.46,True,78.3,0.45,77.8,True,2.96,3.1,21.4,-1.1,C 基底修復,False,12:42,20.8,升,62.0,9,False,9.0,3.275,2.7894,,False,True,1.98,0.67,730.0,5.08,1.71,267.4,,OHLC,—,HH/HL,自然反彈,True,273,3,EME,SubSector_R12
HLT,2026-10-01,315.44,6.56,False,314.61,-0.934,-0.35,True,91.1,0.16,90.9,True,2.08,1.42,30.6,-21.4,C 基底修復,False,12:39,19.7,升,61.0,8,False,9.0,1.843,2.1579,,False,True,0.26,0.13,302.11,4.23,2.03,530.0,,OHLC,↑,HH/HL,自然回檔,False,273,3,HLT,SubSector_R12+Combined_R22
GAP,2026-10-01,22.73,0.84,True,21.79,0.061,0.38,True,76.1,0.81,75.3,True,3.71,2.76,34.1,8.8,C 基底修復,False,11:53,356.7,升,48.0,5,False,10.0,0.1772,0.1979,,False,False,4.13,1.12,,,,142.8,,OHLC,—,LH/LL,自然回檔,False,273,3,GAP,Combined_R22
PK,2026-10-01,15.42,0.39,False,15.42,-0.014,0.14,True,88.2,0.32,87.9,True,2.53,1.59,84.5,0.4,A 待突破,False,10:48,323.8,升,30.0,4,False,10.0,0.0264,0.0317,,False,True,0.01,0.0,15.56,-0.91,-0.36,48.4,10-01 高低價為 Yahoo 暫定值（開/收落在高低區間外，已放寬校正）,OHLC,—,LH/LL,UT,False,273,3,PK,Combined_R22
BF.B,2026-10-01,25.97,0.71,False,26.73,-0.073,-0.33,True,84.8,0.01,84.7,True,2.73,2.1,24.0,-0.5,D 趨勢弱,False,10:27,313.3,升,24.0,5,False,10.0,0.027,0.035,,False,True,-2.92,-1.07,25.96,0.04,0.01,65.5,,OHLC,—,LH/LL,次級回檔,True,273,3,BF/B,SubSector_R12
GWW,2026-10-01,1281.68,25.81,False,1281.39,-1.29,-0.45,False,91.5,-0.41,91.9,True,2.01,1.39,49.3,4.9,C 基底修復,True,9:52,296.2,升,15.0,1,False,10.0,1.111,-1.2598,,False,True,0.02,0.01,1296.34,-1.14,-0.57,346.6,,OHLC,—,LH/LL,自然反彈,True,273,3,GWW,Combined_R22
SNDK,2026-10-01,1787.69,102.32,True,1639.71,5.672,0.15,True,46.6,0.85,45.8,False,5.72,7.1,60.9,-3.0,E 延伸,True,9:36,288.2,升,10.0,1,False,10.0,0.2068,-0.6985,,False,False,8.28,1.45,1712.89,4.18,0.73,16200.0,,OHLC,↑,HH/HL,自然反彈,False,273,3,SNDK,SubSector_R12+AI_R13
FCX,2026-10-01,69.28,2.73,True,73.74,0.068,0.16,True,74.5,0.48,74.0,False,3.94,2.84,57.9,0.3,C 基底修復,True,8:49,264.6,跌,215.0,21,False,10.0,-0.4442,-0.3632,-1.0898,False,False,-6.43,-1.63,74.9,-8.11,-2.06,813.1,,OHLC,↓,LH/LL,DT,False,273,3,FCX,SubSector_R12+Combined_R22
NEM,2026-10-01,114.67,3.91,False,125.61,-0.236,-0.02,True,77.9,0.79,77.1,True,3.41,2.72,48.2,0.5,C 基底修復,True,8:49,264.6,跌,215.0,22,False,10.0,-1.7181,-1.7043,-1.7257,False,False,-9.54,-2.8,128.09,-11.7,-3.43,840.1,,OHLC,↓,LH/LL,DT,False,273,3,NEM,SubSector_R12+Combined_R22
RGLD,2026-10-01,232.33,7.16,False,254.14,-0.266,0.19,True,81.9,0.33,81.6,True,3.08,2.3,13.8,0.1,C 基底修復,True,8:49,264.6,跌,200.0,21,False,10.0,-3.4037,-3.104,-3.6054,False,False,-9.39,-3.05,258.29,-11.17,-3.63,165.4,,OHLC,↓,LH/LL,DT,False,273,3,RGLD,SubSector_R12
DAIC,2026-10-01,2.83,0.74,True,4.01,0.01,0.07,True,5.4,0.46,4.9,False,26.07,28.22,25.0,10.0,D 趨勢弱,True,7:27,223.6,跌,74.0,7,False,10.0,-0.1247,-0.1192,-0.2059,False,False,-41.53,-1.59,,,,34.6,,OHLC,—,HH/HL,自然反彈,False,273,3,DAIC,HM_R23_差一項
PURR,2026-10-01,12.03,1.03,True,12.19,0.261,0.49,True,40.0,0.52,39.5,False,8.57,6.23,55.3,-6.8,B 上升結構,False,5:15,157.5,跌,38.0,5,False,10.0,-0.2707,-0.2402,-0.2707,False,True,-1.36,-0.16,11.83,1.66,0.19,306.0,,OHLC,—,HH/HL,自然反彈,False,208,3,PURR,HM_R23_第二梯隊
COIN,2026-10-01,189.29,10.93,True,184.51,1.504,0.47,True,56.0,1.26,54.8,False,5.77,4.73,34.8,-5.6,D 趨勢弱,False,4:09,124.7,跌,19.0,2,False,10.0,-0.7309,-0.4714,-1.9316,False,True,2.53,0.44,191.45,-1.14,-0.2,1805.1,,OHLC,—,LH/LL,自然回檔,False,273,3,COIN,SubSector_R12+Combined_R22+RateHike_R2_迴避
GEMI,2026-10-01,5.07,0.42,True,4.88,0.037,0.45,True,40.8,0.52,40.3,False,8.36,6.17,18.7,0.0,E 延伸,False,3:41,110.6,跌,11.0,1,False,10.0,-0.0266,0.0008,-0.0438,False,True,3.8,0.45,4.39,13.41,1.6,15.5,,OHLC,↑,HH/HL,自然回檔,False,265,3,GEMI,HM_R23_第二梯隊
PFE,2026-10-01,28.12,0.5,True,28.11,0.006,0.42,False,93.3,-0.19,93.5,True,1.78,1.19,57.7,-3.4,C 基底修復,False,3:29,104.4,跌,8.0,1,False,10.0,-0.0091,0.0263,-0.2063,False,True,0.04,0.02,28.19,-0.25,-0.14,895.4,,OHLC,—,LH/LL,自然回檔,False,273,3,PFE,SubSector_R12
NBIS,2026-10-01,232.28,16.07,True,224.28,0.191,-0.38,True,40.1,0.49,39.6,False,6.92,7.85,63.6,-1.4,E 延伸,False,2:49,84.6,升,100.0,9,False,10.0,0.8099,1.2777,,False,True,3.44,0.5,231.88,0.17,0.02,3551.1,,OHLC,—,HH/HL,次級回檔,True,273,3,NBIS,SubSector_R12+Combined_R22+AI_R13
TSM,2026-10-01,459.2,10.23,True,430.71,1.275,0.47,True,87.5,0.35,87.1,True,2.23,2.04,70.1,-1.1,E 延伸,False,2:49,84.6,升,104.0,10,False,10.0,2.2344,2.3797,,False,False,6.21,2.79,434.16,5.45,2.45,4397.2,,OHLC,↑,HH/HL,UT,False,273,3,TSM,SubSector_R12+Combined_R22+RateHike_R2_受惠+AI_R13
ROST,2026-10-01,234.1,4.81,False,232.15,-0.105,-0.2,True,90.8,0.19,90.6,True,2.05,1.51,59.6,-0.1,C 基底修復,False,2:05,62.5,升,85.0,9,False,10.0,0.8826,1.0179,,False,True,0.83,0.41,239.73,-2.4,-1.17,438.9,,OHLC,—,LH/LL,UT,False,273,3,ROST,SubSector_R12+Combined_R22
ASML,2026-10-01,1808.49,49.94,True,1707.77,1.365,-0.09,True,82.2,0.42,81.8,True,2.76,2.55,61.2,-2.9,B 上升結構,False,1:58,59.0,升,83.0,9,False,10.0,18.2882,19.1501,,False,False,5.57,2.02,1841.77,-1.84,-0.67,2332.5,,OHLC,—,LH/LL,UT,False,273,3,ASML,SubSector_R12+Combined_R22+AI_R13
NVDA,2026-10-01,230.86,5.82,True,221.8,0.298,0.16,True,84.2,0.62,83.6,True,2.52,2.41,76.2,-2.2,A 待突破,False,1:19,39.4,升,72.0,8,False,10.0,0.6141,0.5017,,False,False,3.93,1.56,221.09,4.23,1.68,24583.3,,OHLC,↑,HH/HL,UT,False,273,3,NVDA,SubSector_R12+Combined_R22+AI_R13
XPO,2026-10-01,179.73,6.13,False,182.85,-0.765,-0.77,True,81.5,0.18,81.3,True,3.41,2.04,23.2,2.5,C 基底修復,False,12:08,4.2,升,52.0,7,False,10.0,0.8954,0.5897,,False,True,-1.74,-0.51,179.92,-0.11,-0.03,201.1,,OHLC,—,LH/LL,自然反彈,True,273,3,XPO,SubSector_R12+Combined_R22
SBUX,2026-10-01,94.88,2.11,False,99.97,-0.341,-0.9,True,91.0,0.39,90.6,True,2.22,1.3,19.0,1.7,D 趨勢弱,True,9:31,285.7,升,9.0,1,False,11.0,0.0023,-0.1112,,False,False,-5.37,-2.42,96.2,-1.39,-0.63,672.1,,OHLC,—,LH/LL,DT,True,273,3,SBUX,SubSector_R12+Combined_R22
USFD,2026-10-01,93.93,2.63,False,98.0,-0.411,-0.82,True,86.4,0.2,86.2,True,2.8,1.69,31.8,2.0,D 趨勢弱,True,9:25,282.5,升,7.0,1,False,11.0,0.127,-0.0127,,False,False,-4.33,-1.55,94.22,-0.31,-0.11,245.0,,OHLC,—,LH/LL,自然回檔,True,273,3,USFD,SubSector_R12
QUBT,2026-10-01,8.39,0.41,True,8.49,0.003,-0.06,True,64.1,0.54,63.6,False,4.86,3.92,19.1,-12.9,D 趨勢弱,False,3:35,107.6,跌,10.0,1,False,11.0,-0.001,0.0227,-0.0753,False,True,-1.15,-0.24,9.76,-16.33,-3.36,58.5,,OHLC,—,LH/LL,自然回檔,False,273,3,QUBT,SubSector_R12
SBGSY,2026-10-01,65.86,1.46,False,66.97,-0.033,-0.35,True,86.1,0.5,85.6,True,2.22,2.34,55.0,12.5,C 基底修復,False,3:26,103.2,跌,7.0,1,False,11.0,-0.0048,0.0301,-0.6864,False,True,-1.68,-0.76,67.93,-3.14,-1.41,17.3,,OHLC,—,LH/LL,DT,True,273,3,SBGSY,AI_R13
AMRX,2026-10-01,20.07,0.8,True,18.66,0.065,0.55,True,75.8,0.24,75.6,True,4.01,2.52,65.2,1.3,E 延伸,False,2:49,84.6,升,100.0,11,False,11.0,0.1841,0.2266,,False,False,7.01,1.75,20.78,-3.54,-0.88,54.3,,OHLC,—,LH/LL,自然回檔,False,273,3,AMRX,Combined_R22
NWPX,2026-10-01,104.77,3.37,False,106.19,-0.297,-0.51,True,83.4,0.05,83.4,True,3.22,1.86,57.0,2.1,D 趨勢弱,False,2:28,74.1,升,91.0,9,False,11.0,0.7888,0.6419,,False,True,-1.35,-0.42,105.66,-0.85,-0.26,13.5,,OHLC,—,LH/LL,自然反彈,True,273,3,NWPX,HM_R23_熱錢板塊
JCI,2026-10-01,151.77,3.46,True,143.53,0.077,-0.05,True,88.9,0.15,88.7,True,2.28,1.7,66.2,-0.4,E 延伸,False,2:10,64.8,升,86.0,10,False,11.0,0.9735,0.8799,,False,False,5.43,2.38,137.76,9.23,4.05,481.1,,OHLC,↑,HH/HL,UT,False,273,3,JCI,SubSector_R12
BIRK,2026-10-01,32.97,1.24,False,33.21,-0.168,-1.65,True,75.2,0.44,74.8,True,3.77,2.87,21.3,3.4,D 趨勢弱,False,1:36,47.9,升,77.0,9,False,11.0,0.4763,0.4771,,False,True,-0.72,-0.19,29.93,9.22,2.44,71.6,,OHLC,—,HH/HL,自然回檔,False,273,3,BIRK,Combined_R22
ANET,2026-10-01,204.49,7.07,True,196.69,0.502,0.13,True,76.4,1.34,75.0,True,3.46,2.97,74.3,-8.9,E 延伸,False,2:49,84.6,升,123.0,10,False,12.0,0.1031,0.2175,,False,False,3.81,1.1,198.76,2.8,0.81,951.6,,OHLC,—,HH/HL,UT,True,273,3,ANET,SubSector_R12+Combined_R22+AI_R13
DD,2026-10-01,129.2,2.61,False,131.67,-0.308,-0.76,True,91.5,0.14,91.4,True,2.02,1.38,36.2,0.8,C 基底修復,False,2:49,84.6,升,97.0,9,False,12.0,0.4522,0.5497,,False,True,-1.91,-0.94,132.22,-2.34,-1.16,148.6,,OHLC,—,LH/LL,自然反彈,True,273,3,DD,Combined_R22
IRDM,2026-10-01,47.87,1.01,False,47.51,-0.016,-0.21,True,89.1,0.22,88.9,True,2.11,1.81,69.1,-0.5,C 基底修復,False,2:27,73.3,升,91.0,11,False,12.0,0.0625,0.099,,False,True,0.74,0.35,49.35,-3.09,-1.46,52.5,,OHLC,—,LH/LL,自然回檔,False,273,3,IRDM,HM_R23_熱錢板塊
WKC,2026-10-01,35.68,0.95,False,35.58,-0.028,-0.12,True,87.9,0.14,87.7,True,2.67,1.53,55.8,1.6,C 基底修復,False,2:20,70.0,升,89.0,12,False,12.0,0.0191,0.0094,,False,True,0.27,0.1,36.04,-1.01,-0.38,40.8,,OHLC,—,LH/LL,DT,True,273,3,WKC,Combined_R22
AMH,2026-10-01,30.53,0.5,False,31.77,-0.106,-1.18,True,94.6,0.1,94.5,True,1.63,1.01,20.7,0.2,D 趨勢弱,True,8:49,264.6,跌,227.0,25,False,13.0,-0.0206,-0.0412,-0.2609,True,False,-4.07,-2.5,31.96,-4.68,-2.88,104.6,,OHLC,↓,LH/LL,DT,False,273,3,AMH,SubSector_R12
DHR,2026-10-01,211.76,6.09,True,214.19,0.269,0.49,False,82.2,-1.83,84.1,True,2.88,2.44,53.0,-3.4,B 上升結構,False,1:48,54.0,升,80.0,9,False,13.0,0.1529,1.1717,,False,True,-1.15,-0.4,228.38,-7.85,-2.73,926.9,,OHLC,—,LH/LL,自然回檔,False,273,3,DHR,SubSector_R12+RateHike_R2_受惠
WBD,2026-10-01,30.95,0.36,True,29.91,0.065,1.2,True,93.8,0.32,93.5,True,1.15,1.69,59.1,-1.4,E 延伸,False,1:42,50.9,升,78.0,9,False,13.0,0.1473,0.1817,,False,False,3.36,2.91,28.32,8.5,7.36,1466.2,,OHLC,↑,HH/HL,UT,False,273,3,WBD,SubSector_R12
IONQ,2026-10-01,43.99,2.74,True,41.39,0.031,0.07,True,54.0,0.97,53.0,False,6.22,4.75,35.0,-3.4,E 延伸,False,1:37,48.5,升,77.0,10,False,13.0,0.6068,0.7052,,False,True,5.9,0.95,47.91,-8.91,-1.43,1014.6,,OHLC,—,LH/LL,自然回檔,False,273,3,IONQ,SubSector_R12+RateHike_R2_迴避
HAE,2026-10-01,104.37,2.66,False,105.63,-0.149,0.48,False,83.9,-0.27,84.2,True,2.55,2.43,90.2,-0.7,A 待突破,True,8:28,254.0,跌,91.0,23,False,14.0,-0.8289,-0.7586,-1.2149,False,True,-1.21,-0.47,110.45,-5.83,-2.28,59.7,,OHLC,—,LH/LL,自然回檔,False,273,3,HAE,HM_R23_第二梯隊
BLFS,2026-10-01,36.78,1.07,True,36.85,0.035,0.45,False,83.4,-2.42,85.8,True,2.9,2.19,67.0,-13.5,B 上升結構,False,3:38,109.2,跌,11.0,1,False,14.0,-0.0049,0.167,-0.4556,False,True,-0.19,-0.07,34.92,5.06,1.74,33.4,,OHLC,↑,HH/HL,自然回檔,False,273,3,BLFS,Combined_R22
TMO,2026-10-01,652.51,15.9,True,639.55,1.932,0.7,False,87.7,-1.05,88.7,True,2.44,1.8,58.8,-3.5,E 延伸,False,3:26,103.1,跌,7.0,1,False,14.0,-0.1283,2.1254,-4.8803,False,True,1.99,0.82,600.5,7.97,3.27,1500.6,,OHLC,—,HH/HL,自然回檔,True,273,3,TMO,SubSector_R12+RateHike_R2_受惠
MEDP,2026-10-01,598.08,16.41,True,608.94,0.046,0.23,False,83.5,-1.7,85.2,True,2.74,2.33,50.5,-17.3,C 基底修復,False,3:24,102.2,跌,7.0,1,False,14.0,-1.4481,0.3071,-4.7129,False,True,-1.82,-0.66,637.64,-6.62,-2.41,147.5,,OHLC,—,LH/LL,自然回檔,False,273,3,MEDP,Combined_R22
RUSHB,2026-10-01,54.33,1.79,True,54.11,0.031,0.08,False,82.6,-0.1,82.7,True,3.3,1.94,56.6,-5.4,B 上升結構,False,2:49,84.6,升,128.0,13,False,14.0,0.0143,0.0678,,False,True,0.41,0.12,53.61,1.33,0.4,12.5,,OHLC,—,HH/HL,自然回檔,True,273,3,RUSHB,Combined_R22
MOV,2026-10-01,33.95,0.95,False,33.79,-0.049,-0.29,True,86.8,0.15,86.6,True,2.8,1.62,56.7,2.9,C 基底修復,False,2:29,74.6,升,91.0,12,False,14.0,0.2026,0.1809,,False,True,0.48,0.17,33.28,1.97,0.7,6.4,,OHLC,—,HH/HL,自然反彈,True,273,3,MOV,HM_R23_熱錢板塊
HON,2026-10-01,213.8,4.39,False,210.0,-0.269,-0.59,True,90.2,0.07,90.1,True,2.06,1.64,17.8,0.1,D 趨勢弱,False,2:23,71.5,升,90.0,12,False,14.0,1.5512,1.4795,,False,True,1.78,0.86,209.02,2.24,1.09,623.8,,OHLC,—,HH/HL,自然反彈,False,273,3,HON,SubSector_R12
CYRX,2026-10-01,17.36,0.57,True,16.64,0.057,0.58,True,80.7,0.08,80.6,True,3.3,2.31,65.8,-3.2,E 延伸,False,2:14,67.1,升,87.0,12,False,14.0,0.0417,0.0646,,False,False,4.15,1.26,16.72,3.69,1.12,10.5,,OHLC,—,LH/LL,UT,False,273,3,CYRX,Combined_R22
TOL,2026-10-01,136.36,3.68,False,138.1,-0.799,-0.62,True,86.1,0.13,85.9,True,2.7,1.87,16.5,3.9,D 趨勢弱,False,12:24,11.8,升,57.0,8,False,14.0,0.5865,0.5395,,False,True,-1.28,-0.47,131.4,3.64,1.35,155.1,,OHLC,—,HH/HL,自然回檔,True,273,3,TOL,SubSector_R12
DHI,2026-10-01,137.06,3.76,False,140.93,-0.598,-0.42,True,85.1,0.12,85.0,True,2.74,2.01,14.0,2.6,D 趨勢弱,False,12:17,8.5,升,55.0,8,False,14.0,0.0168,0.1146,,False,True,-2.83,-1.03,136.32,0.54,0.2,407.2,,OHLC,—,HH/HL,DT,False,273,3,DHI,SubSector_R12+RateHike_R2_迴避
KFRC,2026-10-01,54.05,1.82,False,53.67,-0.126,-0.57,True,81.6,0.09,81.5,True,3.36,2.08,70.1,19.4,C 基底修復,False,11:07,333.7,升,35.0,5,False,,0.3168,0.1636,,False,True,0.7,0.21,50.36,6.83,2.03,13.8,10-01 高低價為 Yahoo 暫定值（開/收落在高低區間外，已放寬校正）,OHLC,↑,HH/HL,UT,False,273,3,KFRC,Combined_R22
COHR,2026-10-01,319.19,21.37,True,292.84,0.959,-0.34,True,45.8,0.62,45.1,False,6.7,6.37,45.8,0.2,E 延伸,True,9:46,292.9,升,13.0,1,False,,1.5359,-0.2258,,False,False,8.26,1.23,282.45,11.51,1.72,1990.8,,OHLC,↑,HH/HL,自然反彈,False,273,3,COHR,SubSector_R12+Combined_R22+AI_R13
UNM,2026-10-01,88.08,2.32,False,93.09,-0.004,-0.13,True,87.0,0.12,86.9,True,2.63,1.73,41.0,2.0,C 基底修復,True,8:37,258.3,跌,94.0,9,False,,-0.931,-0.9153,-0.931,False,False,-5.69,-2.16,95.88,-8.86,-3.36,189.7,,OHLC,↓,LH/LL,DT,False,273,3,UNM,Combined_R22
NTR,2026-10-01,69.73,2.13,True,75.79,0.016,0.12,False,84.1,-0.13,84.2,True,3.05,1.9,16.5,-8.9,D 趨勢弱,True,7:51,235.4,跌,81.0,14,False,,-1.1526,-1.1513,-1.1526,False,False,-8.69,-2.85,82.55,-18.39,-6.02,208.6,,OHLC,↓,LH/LL,DT,False,273,3,NTR,SubSector_R12
NOC,2026-10-01,482.0,11.86,False,524.6,-3.44,-1.12,True,88.8,0.46,88.3,True,2.46,1.54,5.4,0.9,D 趨勢弱,True,6:42,200.8,跌,62.0,8,False,,-3.072,-2.4014,-5.7269,False,False,-8.84,-3.59,531.25,-10.22,-4.15,451.0,,OHLC,↓,LH/LL,DT,False,273,3,NOC,SubSector_R12
IREN,2026-10-01,40.65,2.69,False,42.35,-0.048,-0.16,True,45.5,0.83,44.7,False,6.62,6.52,23.4,-0.3,D 趨勢弱,True,6:06,182.9,跌,52.0,4,False,,-0.6256,-0.5272,-0.6256,False,True,-4.19,-0.63,,,,1587.9,,OHLC,—,HH/HL,DT,False,273,3,IREN,SubSector_R12+Combined_R22+AI_R13
RBLX,2026-10-01,43.0,2.44,True,43.99,0.156,0.3,True,53.8,0.95,52.8,False,5.67,5.36,19.3,6.9,D 趨勢弱,False,5:52,176.0,跌,48.0,4,False,,-0.8462,-0.8431,-1.9244,False,True,-2.3,-0.41,,,,550.3,,OHLC,—,HH/HL,自然反彈,False,273,3,RBLX,SubSector_R12
MARA,2026-10-01,11.21,0.83,True,11.75,0.094,0.47,True,45.2,0.56,44.7,False,7.4,5.81,43.3,-4.3,D 趨勢弱,False,5:17,158.6,跌,38.0,3,False,,-0.1528,-0.0927,-0.1765,False,True,-4.78,-0.65,11.43,-1.96,-0.27,557.1,,OHLC,—,HH/HL,DT,False,273,3,MARA,SubSector_R12
JILL,2026-10-01,24.4,0.97,True,22.84,0.123,0.56,True,76.3,0.74,75.6,True,3.96,2.48,58.7,0.2,E 延伸,False,5:00,150.0,跌,33.0,3,False,,-0.0852,-0.055,-0.1865,False,False,6.39,1.61,24.05,1.43,0.36,5.7,,OHLC,—,HH/HL,UT,True,273,3,JILL,HM_R23_熱錢板塊
ABBV,2026-10-01,259.93,5.07,False,260.89,-0.159,0.3,True,91.9,0.17,91.8,True,1.95,1.35,79.0,1.2,A 待突破,False,4:15,127.4,跌,21.0,2,False,,-0.4782,-0.1866,-2.5748,False,True,-0.37,-0.19,261.72,-0.69,-0.35,1075.2,,OHLC,—,LH/LL,自然回檔,True,273,3,ABBV,SubSector_R12+Combined_R22
WMT,2026-10-01,104.26,2.24,False,106.1,-0.422,-0.53,True,89.2,0.33,88.8,True,2.15,1.78,15.2,-0.5,D 趨勢弱,False,4:09,124.3,跌,19.0,2,False,,-0.2121,-0.0609,-1.0341,False,True,-1.76,-0.82,,,,2389.4,,OHLC,—,HH/HL,DT,False,273,3,WMT,SubSector_R12
AAPL,2026-10-01,330.32,7.25,True,326.15,0.538,0.58,False,89.2,-0.08,89.3,True,2.2,1.72,80.3,2.5,A 待突破,False,3:57,118.4,跌,16.0,3,False,,-0.99,-0.6014,-3.6338,False,True,1.26,0.57,315.34,4.53,2.07,14022.9,,OHLC,↑,HH/HL,自然回檔,False,273,3,AAPL,SubSector_R12+AI_R13
QCOM,2026-10-01,182.09,8.46,True,179.12,0.431,0.44,True,70.4,0.63,69.8,False,4.65,2.9,45.3,-1.5,C 基底修復,False,3:41,110.4,跌,11.0,2,False,,-1.0842,-0.5095,-1.0842,False,True,1.63,0.35,194.26,-6.68,-1.44,2735.5,,OHLC,—,HH/HL,DT,False,273,3,QCOM,Combined_R22+AI_R13
EGP,2026-10-01,194.84,3.17,False,200.53,-0.219,-0.13,True,94.5,0.03,94.5,True,1.63,1.02,27.0,-13.0,D 趨勢弱,False,3:28,104.0,跌,8.0,1,False,,-0.2261,0.1884,-1.8986,False,True,-2.92,-1.79,203.44,-4.41,-2.71,111.7,,OHLC,↓,LH/LL,DT,False,273,3,EGP,SubSector_R12
FSTR,2026-10-01,36.36,1.11,False,37.37,-0.07,-0.23,True,85.7,0.38,85.4,True,3.05,1.57,56.4,2.9,C 基底修復,False,3:24,101.9,跌,7.0,1,False,,-0.0124,0.0257,-0.4005,False,True,-2.79,-0.91,,,,1.6,,OHLC,—,HH/HL,自然回檔,False,273,3,FSTR,HM_R23_熱錢板塊
AAL,2026-10-01,13.13,0.47,False,13.32,-0.032,-0.27,True,77.1,0.04,77.0,True,3.57,2.73,23.9,-7.3,C 基底修復,False,2:49,84.6,升,102.0,14,False,,0.0893,0.1241,,False,True,-1.44,-0.4,13.1,0.23,0.06,923.6,,OHLC,—,HH/HL,DT,True,273,3,AAL,SubSector_R12
AAON,2026-10-01,82.28,4.12,True,79.39,0.039,0.03,True,66.3,0.47,65.8,False,5.01,3.35,5.8,-0.3,D 趨勢弱,False,2:49,84.6,升,159.0,26,False,,1.2002,1.4928,,False,True,3.51,0.7,74.08,9.97,1.99,99.0,,OHLC,—,HH/HL,DT,False,273,3,AAON,SubSector_R12
ADI,2026-10-01,404.6,10.86,True,372.27,0.687,0.13,True,85.6,0.11,85.5,True,2.68,1.96,62.1,-3.0,B 上升結構,False,2:49,84.6,升,103.0,15,False,,3.6882,3.5646,,False,False,7.99,2.98,361.02,10.77,4.01,1235.7,,OHLC,↑,HH/HL,UT,False,273,3,ADI,SubSector_R12
APTV,2026-10-01,43.97,1.45,False,45.01,-0.097,-0.43,True,76.1,0.07,76.0,True,3.31,3.17,23.0,11.9,D 趨勢弱,False,2:49,84.6,升,383.0,22,False,,0.2191,0.1844,,False,True,-2.36,-0.71,45.17,-2.73,-0.83,175.4,,OHLC,—,LH/LL,自然反彈,True,273,3,APTV,SubSector_R12
ARM,2026-10-01,292.34,18.48,True,276.85,1.014,0.32,True,51.2,1.17,50.0,False,6.32,5.32,50.0,0.0,E 延伸,False,2:49,84.6,升,135.0,19,False,,1.0303,1.9834,,False,True,5.3,0.84,283.33,3.08,0.49,1678.4,,OHLC,↑,HH/HL,自然反彈,False,273,3,ARM,SubSector_R12+Combined_R22+AI_R13
BCBP,2026-10-01,8.63,0.23,False,8.61,-0.003,-0.08,True,86.0,0.53,85.4,True,2.62,1.96,13.3,-1.3,D 趨勢弱,False,2:49,84.6,升,257.0,28,False,,0.0294,0.0303,,False,True,0.25,0.1,8.7,-0.81,-0.31,3.7,,OHLC,—,LH/LL,自然回檔,True,273,3,BCBP,HM_R23_熱錢板塊
FTNT,2026-10-01,178.72,6.46,True,165.81,0.619,0.32,True,76.6,0.37,76.2,True,3.61,2.78,79.6,-5.9,E 延伸,False,2:49,84.6,升,142.0,14,False,,0.5413,0.6371,,False,False,7.22,2.0,173.46,2.94,0.81,672.6,,OHLC,—,HH/HL,UT,True,273,3,FTNT,SubSector_R12+Combined_R22+AI_R13
GSAT,2026-10-01,82.88,0.66,False,82.21,-0.002,-0.04,True,98.0,0.03,98.0,True,0.79,0.73,86.2,-1.0,A 待突破,False,2:49,84.6,升,110.0,11,False,,0.0334,0.0286,,False,True,0.81,1.02,81.95,1.12,1.41,45.9,,OHLC,—,HH/HL,自然反彈,True,273,3,GSAT,Combined_R22
HST,2026-10-01,22.51,0.43,False,22.32,-0.032,-0.18,True,91.4,0.33,91.1,True,1.92,1.49,45.7,-1.1,C 基底修復,False,2:49,84.6,升,136.0,16,False,,0.1011,0.103,,False,True,0.84,0.44,21.83,3.02,1.57,193.6,,OHLC,↑,HH/HL,UT,False,273,3,HST,Combined_R22
LUV,2026-10-01,41.84,1.27,True,40.38,0.012,-0.06,True,82.9,0.52,82.4,True,3.03,2.15,14.8,-2.6,C 基底修復,False,2:49,84.6,升,145.0,17,False,,0.3611,0.4196,,False,False,3.5,1.15,41.04,1.91,0.63,248.9,,OHLC,—,HH/HL,自然回檔,True,273,3,LUV,SubSector_R12
MAR,2026-10-01,354.79,7.38,False,344.48,-0.201,0.01,True,90.0,0.3,89.7,True,2.08,1.66,51.7,-2.3,B 上升結構,False,2:49,84.6,升,128.0,13,False,,2.7639,3.2124,,False,True,2.91,1.4,332.35,6.32,3.04,551.0,,OHLC,—,HH/HL,自然反彈,False,273,3,MAR,SubSector_R12+Combined_R22
META,2026-10-01,725.93,26.17,True,665.74,4.345,0.99,True,75.4,0.76,74.6,True,3.6,3.0,41.1,-0.2,E 延伸,False,2:49,84.6,升,371.0,26,False,,0.7619,2.8474,,False,False,8.29,2.3,715.62,1.42,0.39,16757.3,,OHLC,↑,HH/HL,自然反彈,False,273,3,META,SubSector_R12+Combined_R22+AI_R13
NXPI,2026-10-01,239.19,7.3,True,228.25,0.276,0.1,True,80.9,0.38,80.6,True,3.05,2.51,32.4,8.5,C 基底修復,False,2:49,84.6,升,276.0,34,False,,1.7663,1.8105,,False,False,4.58,1.5,231.15,3.36,1.1,822.2,,OHLC,—,HH/HL,自然反彈,False,273,3,NXPI,SubSector_R12
PEB,2026-10-01,18.81,0.49,True,18.19,0.015,0.2,True,88.5,0.37,88.2,True,2.59,1.46,72.3,2.9,A 待突破,False,2:49,84.6,升,120.0,13,False,,0.0981,0.0996,,False,False,3.27,1.26,18.71,0.53,0.2,40.9,,OHLC,↑,HH/HL,UT,False,273,3,PEB,Combined_R22
SWBI,2026-10-01,14.41,0.39,True,13.36,0.004,-0.0,True,86.6,0.17,86.4,True,2.69,1.77,53.7,9.1,B 上升結構,False,2:49,84.6,升,227.0,17,False,,0.1274,0.1229,,False,False,7.29,2.71,12.9,10.48,3.9,9.1,,OHLC,↑,HH/HL,UT,False,273,3,SWBI,HM_R23_差一項
TXN,2026-10-01,281.31,7.56,True,264.86,0.126,-0.01,True,85.5,0.49,85.0,True,2.69,1.99,53.7,-3.6,B 上升結構,False,2:49,84.6,升,145.0,18,False,,2.4137,2.5651,,False,False,5.85,2.18,277.72,1.28,0.47,1557.9,,OHLC,↑,HH/HL,UT,False,273,3,TXN,SubSector_R12
UAL,2026-10-01,111.78,3.91,False,110.55,-0.16,-0.34,True,79.3,0.56,78.7,True,3.5,2.38,37.5,-4.0,C 基底修復,False,2:49,84.6,升,112.0,14,False,,0.6547,0.7305,,False,True,1.1,0.31,110.72,0.95,0.27,426.8,,OHLC,↑,HH/HL,次級回檔,False,273,3,UAL,SubSector_R12
WST,2026-10-01,365.01,8.35,True,357.38,0.47,0.4,False,89.4,-0.15,89.5,True,2.29,1.59,63.2,-1.0,B 上升結構,False,2:49,84.6,升,110.0,14,False,,0.5372,1.4406,,False,True,2.09,0.91,382.71,-4.85,-2.12,226.2,,OHLC,—,LH/LL,自然回檔,False,273,3,WST,Combined_R22
LLY,2026-10-01,1149.85,32.21,False,1170.6,-6.875,-0.29,True,85.7,0.4,85.3,True,2.8,1.84,52.2,-3.1,C 基底修復,False,1:48,54.0,升,80.0,9,False,,2.4458,4.3578,,False,True,-1.8,-0.64,1184.78,-3.04,-1.08,2628.5,,OHLC,↓,LH/LL,DT,False,273,3,LLY,SubSector_R12+Combined_R22
NTAP,2026-10-01,215.05,7.75,True,192.43,0.429,0.07,True,77.2,0.51,76.7,True,3.6,2.66,63.2,-1.2,E 延伸,False,1:40,50.2,升,78.0,11,False,,1.9281,1.5919,,False,False,10.52,2.92,190.89,11.23,3.12,502.3,,OHLC,↑,HH/HL,UT,False,273,3,NTAP,AI_R13
TPR,2026-10-01,119.24,3.53,False,120.09,-0.428,-0.85,True,78.7,0.08,78.6,True,2.96,3.03,13.2,4.6,C 基底修復,False,1:36,47.9,升,77.0,12,False,,1.2424,0.8596,,False,True,-0.71,-0.24,118.49,0.63,0.21,369.3,,OHLC,↓,LH/LL,自然反彈,False,273,3,TPR,Combined_R22
APLE,2026-10-01,16.37,0.31,False,15.9,-0.003,0.1,True,92.6,0.07,92.5,True,1.89,1.26,69.4,2.4,A 待突破,False,1:22,40.9,升,73.0,9,False,,0.1031,0.1012,,False,True,2.89,1.53,16.07,1.83,0.97,40.7,,OHLC,↑,HH/HL,UT,False,273,3,APLE,Combined_R22
TJX,2026-10-01,133.59,2.96,False,131.57,-0.625,-0.81,True,90.5,0.24,90.3,True,2.21,1.41,17.4,1.4,D 趨勢弱,False,12:26,12.9,升,57.0,10,False,,1.5113,1.4912,,False,True,1.52,0.68,128.57,3.76,1.7,1194.6,,OHLC,—,HH/HL,自然反彈,False,273,3,TJX,SubSector_R12+Combined_R22
UFPT,2026-10-01,294.99,8.05,False,291.86,-0.574,-0.52,True,76.5,0.76,75.7,True,2.73,3.67,77.3,-0.4,B 上升結構,False,12:16,8.2,升,55.0,6,False,,1.7895,2.047,,False,True,1.06,0.39,300.23,-1.78,-0.65,31.9,,OHLC,↓,LH/LL,自然反彈,False,273,3,UFPT,Combined_R22
QTTB,2026-10-01,8.25,0.88,False,10.76,-0.36,-1.88,False,26.5,-0.39,26.9,False,10.66,9.8,27.0,1.2,D 趨勢弱,True,8:49,264.6,跌,391.0,53,True,0.0,-0.1101,-0.1105,-0.5753,True,False,-30.46,-2.86,9.53,-15.52,-1.45,10.5,,OHLC,↓,LH/LL,DT,False,273,2,QTTB,HM_R23_熱錢板塊
IBM,2026-10-01,225.62,7.05,False,233.67,-0.376,-0.23,False,71.4,-1.01,72.4,False,3.12,4.25,12.5,-6.5,D 趨勢弱,True,6:47,203.5,跌,63.0,10,True,0.0,-1.4835,-1.9568,-1.9568,True,False,-3.57,-1.14,239.94,-6.35,-2.03,1342.7,,OHLC,↓,LH/LL,自然反彈,False,273,2,IBM,SubSector_R12
GL,2026-10-01,165.83,3.22,False,171.03,-0.47,-0.76,False,91.6,-0.07,91.7,True,1.94,1.43,39.9,-9.8,C 基底修復,False,5:44,172.0,跌,46.0,7,True,0.0,-0.4215,-0.47,-1.6899,True,False,-3.14,-1.61,176.22,-6.27,-3.22,74.5,10-01 高低價為 Yahoo 暫定值（開/收落在高低區間外，已放寬校正）,OHLC,↓,LH/LL,DT,False,273,2,GL,Combined_R22
MTW,2026-10-01,22.4,0.96,True,21.02,0.092,0.46,False,64.9,-0.25,65.1,False,4.28,4.35,64.1,-2.0,E 延伸,False,5:36,167.8,跌,43.0,6,True,0.0,-0.1256,-0.1471,-0.2406,True,False,6.15,1.44,21.46,4.2,0.98,10.8,,OHLC,—,HH/HL,UT,True,273,2,MTW,HM_R23_差一項
KPLT,2026-10-01,4.5,0.69,False,7.27,-0.093,-1.27,True,23.3,1.47,21.9,False,15.37,7.03,5.0,0.0,D 趨勢弱,False,5:11,155.6,跌,36.0,7,True,0.0,-0.5473,-0.5796,-0.5796,True,False,-61.63,-4.01,9.43,-109.56,-7.13,2.6,,OHLC,↓,LH/LL,自然反彈,False,255,2,KPLT,HM_R23_熱錢板塊
AIRJ,2026-10-01,3.96,0.23,False,4.45,-0.063,-1.88,True,52.5,0.19,52.3,False,5.93,5.41,35.8,4.7,D 趨勢弱,False,5:01,150.5,跌,34.0,6,True,0.0,-0.0076,-0.0114,-0.1672,True,False,-12.49,-2.11,4.39,-10.86,-1.83,3.6,,OHLC,↓,LH/LL,DT,False,273,2,AIRJ,HM_R23_熱錢板塊
KALU,2026-10-01,148.39,6.56,False,155.13,-0.52,-0.66,True,67.3,0.01,67.3,False,4.42,3.74,28.3,-1.0,C 基底修復,False,4:00,120.0,跌,17.0,2,True,0.0,-0.2459,-0.286,-3.291,True,False,-4.54,-1.03,155.08,-4.51,-1.02,33.0,,OHLC,↓,LH/LL,自然反彈,False,273,2,KALU,SubSector_R12
BJRI,2026-10-01,59.25,2.35,False,61.91,-0.197,-0.45,True,74.8,0.15,74.6,False,3.96,2.76,63.2,8.0,C 基底修復,False,3:59,119.4,跌,16.0,2,True,0.0,-0.0693,-0.0992,-1.0323,True,False,-4.49,-1.13,61.96,-4.57,-1.15,24.2,,OHLC,↓,LH/LL,自然反彈,False,273,2,BJRI,Combined_R22
SYRE,2026-10-01,89.93,4.84,False,91.3,-0.534,-0.41,False,64.0,-0.57,64.5,False,5.38,3.44,57.9,-0.8,C 基底修復,True,9:38,289.2,升,11.0,1,False,1.0,0.2088,-0.0321,,False,True,-1.52,-0.28,90.79,-0.96,-0.18,114.7,,OHLC,↓,LH/LL,自然反彈,False,273,2,SYRE,Combined_R22
CWST,2026-10-01,78.07,2.71,False,88.68,-0.594,-0.76,False,83.1,-1.99,85.1,True,3.47,1.67,0.0,-2.4,D 趨勢弱,True,8:49,264.6,跌,164.0,17,False,1.0,-1.0192,-0.9703,-1.0192,False,False,-13.59,-3.91,92.52,-18.51,-5.33,47.3,,OHLC,↓,LH/LL,DT,False,273,2,CWST,SubSector_R12
DEO,2026-10-01,84.42,1.62,False,88.87,-0.284,-0.71,False,90.4,-0.02,90.4,True,1.92,1.73,31.0,-10.5,D 趨勢弱,True,8:49,264.6,跌,434.0,32,False,1.0,-0.1612,-0.103,-1.1268,False,False,-5.27,-2.74,87.52,-3.67,-1.91,83.1,,OHLC,↓,LH/LL,DT,False,273,2,DEO,SubSector_R12
MP,2026-10-01,46.09,2.67,False,52.48,-0.405,-0.73,False,59.2,-0.6,59.8,False,5.79,4.02,0.8,-10.6,D 趨勢弱,True,8:49,264.6,跌,117.0,23,True,1.0,-0.4132,-0.4348,-1.0128,True,False,-13.87,-2.4,47.29,-2.6,-0.45,265.1,,OHLC,↓,LH/LL,自然回檔,False,273,2,MP,SubSector_R12+RateHike_R2_迴避
REGN,2026-10-01,734.81,22.26,False,796.37,-3.749,-0.49,False,84.2,-2.08,86.3,True,3.03,1.9,24.0,-17.8,D 趨勢弱,True,8:49,264.6,跌,226.0,26,False,1.0,-7.8171,-6.6913,-10.1122,False,False,-8.38,-2.77,813.53,-10.71,-3.54,587.3,,OHLC,↓,LH/LL,DT,False,273,2,REGN,SubSector_R12+Combined_R22
SPGI,2026-10-01,388.16,9.85,False,418.6,-1.611,-0.57,False,88.0,-0.54,88.5,True,2.54,1.64,3.2,-3.1,D 趨勢弱,True,8:49,264.6,跌,132.0,17,False,1.0,-2.0209,-1.8959,-4.1561,False,False,-7.84,-3.09,422.67,-8.89,-3.5,789.9,,OHLC,↓,LH/LL,DT,False,273,2,SPGI,SubSector_R12
LUMN,2026-10-01,5.59,0.31,False,6.31,-0.042,-0.46,False,64.2,-0.14,64.4,False,5.54,3.22,2.6,-2.0,D 趨勢弱,True,8:39,259.4,跌,94.0,10,True,1.0,-0.1125,-0.1243,-0.1324,True,False,-12.82,-2.31,6.72,-20.21,-3.65,84.8,,OHLC,↓,LH/LL,DT,False,273,2,LUMN,Combined_R22
NRXP,2026-10-01,2.85,0.17,False,3.34,-0.017,-0.46,False,57.7,-0.35,58.1,False,6.09,4.04,26.4,-1.0,D 趨勢弱,True,7:37,228.5,跌,77.0,12,True,1.0,-0.0449,-0.0459,-0.1212,True,False,-17.08,-2.8,3.49,-22.46,-3.69,2.2,,OHLC,↓,LH/LL,DT,False,273,2,NRXP,HM_R23_熱錢板塊
ACI,2026-10-01,11.72,0.37,False,12.2,-0.015,-0.26,False,73.9,-0.25,74.1,False,3.14,3.76,19.1,0.1,D 趨勢弱,True,6:44,202.0,跌,62.0,7,True,1.0,-0.0512,-0.0641,-0.0871,True,False,-4.13,-1.32,11.95,-1.96,-0.63,97.4,,OHLC,↓,LH/LL,DT,False,273,2,ACI,SubSector_R12
ZD,2026-10-01,54.42,1.69,False,56.76,-0.029,0.07,False,83.9,-1.97,85.9,True,3.1,1.88,53.7,-17.5,C 基底修復,True,6:14,186.9,跌,54.0,7,False,1.0,-0.3814,-0.2626,-0.3814,False,False,-4.3,-1.39,60.48,-11.14,-3.59,41.7,,OHLC,↓,LH/LL,DT,False,273,2,ZD,Combined_R22
AMWL,2026-10-01,12.82,0.7,True,12.94,0.043,0.21,False,55.8,-2.62,58.4,False,5.44,5.12,79.2,3.9,B 上升結構,False,5:48,174.0,跌,47.0,7,False,1.0,-0.0923,-0.0512,-0.1979,False,True,-0.9,-0.17,13.58,-5.93,-1.09,1.3,,OHLC,↓,LH/LL,DT,False,273,2,AMWL,HM_R23_差一項
PTRN,2026-10-01,17.4,1.0,False,19.55,-0.113,-0.76,True,62.7,0.75,62.0,False,5.77,3.3,33.0,3.0,D 趨勢弱,False,5:21,160.4,跌,39.0,6,True,1.0,-0.1688,-0.2174,-0.5026,True,False,-12.38,-2.15,20.05,-15.23,-2.64,33.2,,OHLC,↓,LH/LL,自然反彈,False,260,2,PTRN,HM_R23_熱錢板塊
ACN,2026-10-01,212.3,9.58,True,189.9,5.414,0.59,False,69.0,-6.48,75.4,False,4.51,3.32,28.7,2.0,C 基底修復,True,9:28,284.0,升,8.0,1,False,2.0,0.771,-1.4976,,False,False,10.55,2.34,181.29,14.61,3.24,1258.5,,OHLC,↑,HH/HL,UT,False,273,2,ACN,SubSector_R12+AI_R13
AFRM,2026-10-01,70.43,3.43,False,73.97,-0.164,-0.2,True,68.0,0.53,67.5,False,4.87,3.14,48.6,7.2,C 基底修復,True,9:25,282.4,升,7.0,1,False,2.0,0.0176,-0.0914,,False,False,-5.02,-1.03,71.57,-1.62,-0.33,290.3,,OHLC,—,LH/LL,自然反彈,True,273,2,AFRM,SubSector_R12
SOUN,2026-10-01,6.05,0.27,False,6.57,-0.039,-0.67,True,67.5,0.63,66.9,False,4.44,3.67,13.3,3.3,D 趨勢弱,True,9:25,282.3,升,7.0,1,False,2.0,0.0036,-0.0105,,False,False,-8.67,-1.95,6.17,-1.98,-0.45,120.1,,OHLC,—,LH/LL,自然反彈,True,273,2,SOUN,Combined_R22+AI_R13
NTLA,2026-10-01,12.12,0.67,False,12.33,-0.036,-0.1,False,60.5,-0.32,60.9,False,5.49,4.04,25.5,0.8,D 趨勢弱,True,9:24,282.0,升,7.0,1,False,2.0,0.0004,-0.0152,,False,True,-1.7,-0.31,11.33,6.52,1.19,53.6,,OHLC,—,HH/HL,自然反彈,True,273,2,NTLA,SubSector_R12
ADBE,2026-10-01,241.28,9.33,False,258.5,-0.876,-0.44,False,73.9,-0.09,74.0,False,3.87,3.02,0.0,0.0,D 趨勢弱,True,8:49,264.6,跌,410.0,20,True,2.0,-1.4217,-2.2055,-5.1951,True,False,-7.14,-1.85,254.67,-5.55,-1.44,1410.3,,OHLC,↓,LH/LL,自然反彈,False,273,2,ADBE,SubSector_R12+AI_R13
APD,2026-10-01,273.33,5.8,False,292.61,-1.215,-0.65,False,92.0,-0.63,92.7,True,2.12,1.15,16.7,-1.6,D 趨勢弱,True,8:49,264.6,跌,205.0,20,False,2.0,-1.1204,-0.949,-2.3348,False,False,-7.05,-3.33,287.86,-5.32,-2.51,341.8,,OHLC,↓,LH/LL,DT,False,273,2,APD,SubSector_R12+AI_R13
APO,2026-10-01,114.34,3.98,False,127.31,-0.88,-0.97,False,81.0,-0.85,81.8,True,3.48,2.08,7.6,1.1,D 趨勢弱,True,8:49,264.6,跌,181.0,30,False,2.0,-1.2377,-1.1373,-1.2377,False,False,-11.34,-3.26,127.91,-11.87,-3.41,360.1,,OHLC,↓,LH/LL,DT,False,273,2,APO,SubSector_R12
ARVN,2026-10-01,7.43,0.36,False,8.51,-0.056,-0.62,False,69.2,-1.39,70.6,False,4.82,2.96,0.0,0.0,D 趨勢弱,True,8:49,264.6,跌,325.0,24,True,2.0,-0.0885,-0.0928,-0.1595,True,False,-14.57,-3.03,7.74,-4.17,-0.87,7.4,,OHLC,↓,LH/LL,DT,False,273,2,ARVN,SubSector_R12
CRH,2026-10-01,81.7,2.48,False,88.87,-0.406,-0.98,False,84.5,-0.07,84.6,True,3.04,1.83,4.6,1.8,D 趨勢弱,True,8:49,264.6,跌,171.0,22,False,2.0,-0.1628,-0.1014,-0.4343,False,False,-8.77,-2.89,88.04,-7.76,-2.55,478.9,,OHLC,↓,LH/LL,DT,False,273,2,CRH,SubSector_R12
GIS,2026-10-01,31.67,1.13,False,36.99,-0.384,-1.0,False,80.8,-0.16,81.0,True,3.58,2.0,0.0,0.0,D 趨勢弱,True,8:49,264.6,跌,212.0,20,False,2.0,-0.4563,-0.4176,-0.6443,False,False,-16.81,-4.7,36.81,-16.23,-4.54,381.7,,OHLC,↓,LH/LL,DT,False,273,2,GIS,SubSector_R12
HTO,2026-10-01,60.2,1.31,False,62.87,-0.109,-0.26,False,92.0,-0.69,92.7,True,2.18,1.1,42.5,-5.1,C 基底修復,True,8:49,264.6,跌,237.0,16,False,2.0,-0.2559,-0.1843,-0.4526,False,False,-4.44,-2.04,62.66,-4.09,-1.88,29.5,,OHLC,↓,LH/LL,DT,False,273,2,HTO,SubSector_R12+Combined_R22
KHC,2026-10-01,22.46,0.63,False,24.67,-0.084,-0.33,False,85.9,-0.26,86.2,True,2.8,1.79,20.8,-2.3,D 趨勢弱,True,8:49,264.6,跌,230.0,19,False,2.0,-0.1745,-0.1457,-0.2905,False,False,-9.82,-3.51,22.59,-0.58,-0.21,543.3,10-01 高低價為 Yahoo 暫定值（開/收落在高低區間外，已放寬校正）,OHLC,↓,LH/LL,DT,False,273,2,KHC,SubSector_R12
NFLX,2026-10-01,67.85,2.04,False,75.67,-0.448,-0.73,False,82.6,-0.39,82.9,True,3.01,2.24,0.0,-0.8,D 趨勢弱,True,8:49,264.6,跌,185.0,19,False,2.0,-0.7383,-0.7226,-0.9755,False,False,-11.53,-3.83,73.36,-8.12,-2.7,2578.4,,OHLC,↓,LH/LL,DT,False,273,2,NFLX,SubSector_R12+Combined_R22
RIVN,2026-10-01,14.76,0.64,False,15.71,-0.037,-0.06,True,71.5,0.16,71.4,False,4.32,3.02,10.1,2.0,D 趨勢弱,True,8:49,264.6,跌,109.0,13,False,2.0,-0.047,-0.0425,-0.2107,False,False,-6.41,-1.48,15.36,-4.07,-0.94,339.1,,OHLC,↓,LH/LL,DT,False,273,2,RIVN,SubSector_R12
WTRG,2026-10-01,38.67,0.78,False,40.83,-0.1,-0.29,False,92.2,-0.33,92.6,True,2.01,1.22,24.3,-11.9,D 趨勢弱,True,8:49,264.6,跌,169.0,15,False,2.0,-0.3002,-0.2959,-0.3255,False,False,-5.58,-2.78,40.18,-3.9,-1.95,105.5,,OHLC,—,HH/HL,DT,False,273,2,WTRG,SubSector_R12
TIGO,2026-09-30,87.14,2.78,False,93.16,-0.274,-0.23,False,78.9,-1.24,80.2,True,3.19,2.75,55.3,-9.4,C 基底修復,True,7:15,217.6,跌,71.0,7,False,2.0,-0.7355,-0.4521,-1.048,False,False,-6.9,-2.17,96.68,-10.95,-3.43,73.3,近 20 個交易日缺 1 天（09-28）；近 5 根有 3 根只有收盤（Nasdaq 快照補）,收盤快照,↓,LH/LL,DT,False,271,2,TIGO,Combined_R22
PLD,2026-10-01,128.18,2.25,False,136.19,-0.565,-0.79,False,93.1,-0.12,93.3,True,1.76,1.26,19.2,-11.9,D 趨勢弱,True,6:34,197.2,跌,60.0,7,False,2.0,-0.4449,-0.2763,-0.9361,False,False,-6.25,-3.56,136.49,-6.48,-3.69,481.8,,OHLC,↓,LH/LL,DT,False,273,2,PLD,SubSector_R12
NJR,2026-10-01,51.15,1.02,False,52.78,-0.159,-0.92,False,92.7,-0.21,92.9,True,1.99,1.12,21.3,0.3,D 趨勢弱,False,5:46,173.1,跌,46.0,6,True,2.0,-0.1231,-0.1841,-0.6849,True,False,-3.19,-1.6,54.31,-6.18,-3.1,39.8,,OHLC,↓,LH/LL,DT,False,273,2,NJR,SubSector_R12
AFL,2026-10-01,111.18,1.76,False,115.84,-0.194,-0.57,True,94.5,0.07,94.4,True,1.58,1.08,22.6,-1.1,D 趨勢弱,False,5:16,157.9,跌,38.0,5,False,2.0,-0.2538,-0.171,-1.1141,False,False,-4.19,-2.65,117.55,-5.73,-3.62,239.8,,OHLC,↓,LH/LL,DT,False,273,2,AFL,SubSector_R12
TSN,2026-10-01,50.47,1.11,False,53.11,-0.246,-0.94,True,89.4,0.31,89.1,True,2.2,1.67,6.7,0.0,D 趨勢弱,False,10:14,307.2,升,21.0,3,False,3.0,0.0182,0.0134,,False,False,-5.23,-2.38,53.16,-5.33,-2.43,206.0,,OHLC,↓,LH/LL,DT,False,273,2,TSN,SubSector_R12
TTWO,2026-10-01,203.62,6.76,False,217.21,-1.184,-0.72,False,81.5,-0.4,81.9,True,3.32,2.13,16.1,-1.8,D 趨勢弱,True,9:47,293.3,升,13.0,2,False,3.0,0.4021,0.2891,,False,False,-6.68,-2.01,209.92,-3.09,-0.93,525.3,,OHLC,—,LH/LL,自然反彈,True,273,2,TTWO,SubSector_R12
AVAH,2026-10-01,12.43,0.52,False,13.43,-0.011,0.53,True,68.5,0.32,68.2,False,4.17,3.76,58.2,-0.0,B 上升結構,True,8:49,264.6,跌,126.0,21,False,3.0,-0.2544,-0.2706,-0.3249,True,False,-8.04,-1.93,12.09,2.74,0.66,44.7,,OHLC,↑,HH/HL,自然回檔,False,273,2,AVAH,HM_R23_熱錢板塊
CELH,2026-10-01,27.41,1.26,False,30.12,-0.143,-0.14,True,62.9,0.95,62.0,False,4.61,4.42,14.2,2.3,D 趨勢弱,True,8:49,264.6,跌,173.0,21,False,3.0,-0.0803,-0.0798,-0.7418,False,False,-9.89,-2.15,29.39,-7.22,-1.57,202.3,,OHLC,↓,LH/LL,自然回檔,False,273,2,CELH,SubSector_R12
CLDX,2026-10-01,32.18,1.83,False,35.08,-0.305,-0.88,True,65.0,1.08,63.9,False,5.68,2.93,13.0,-9.8,D 趨勢弱,True,8:49,264.6,跌,215.0,31,False,3.0,-0.4648,-0.597,-0.9079,True,False,-9.02,-1.59,39.18,-21.75,-3.83,68.3,,OHLC,↓,LH/LL,自然反彈,False,273,2,CLDX,Combined_R22
DTIL,2026-10-01,6.33,0.39,False,7.32,-0.095,-0.59,True,59.7,1.24,58.5,False,6.22,3.48,23.7,8.7,D 趨勢弱,True,8:49,264.6,跌,194.0,23,False,3.0,-0.03,-0.0494,-0.1423,True,False,-15.59,-2.51,7.19,-13.59,-2.18,1.7,,OHLC,↓,LH/LL,自然反彈,False,273,2,DTIL,SubSector_R12+HM_R23_差一項
EL,2026-10-01,90.19,3.29,False,98.81,-0.053,0.22,False,76.5,-0.85,77.4,True,3.65,2.75,21.2,-12.3,C 基底修復,True,8:49,264.6,跌,173.0,18,False,3.0,-0.9992,-0.8208,-1.46,False,False,-9.55,-2.62,100.29,-11.2,-3.07,289.1,,OHLC,↓,LH/LL,DT,False,273,2,EL,SubSector_R12
GALT,2026-10-01,3.76,0.25,True,4.01,0.007,0.37,False,49.5,-1.68,51.2,False,6.65,5.4,53.2,-7.8,D 趨勢弱,True,8:49,264.6,跌,180.0,16,False,3.0,-0.0291,-0.021,-0.1323,False,False,-6.77,-1.02,4.24,-12.77,-1.92,1.2,,OHLC,↓,LH/LL,DT,False,273,2,GALT,HM_R23_差一項
IMMX,2026-10-01,10.23,0.89,False,12.56,-0.086,-0.39,True,44.3,0.62,43.6,False,8.67,4.82,33.7,0.9,D 趨勢弱,True,8:49,264.6,跌,158.0,19,False,3.0,-0.3172,-0.3116,-0.3508,False,False,-22.75,-2.62,11.47,-12.12,-1.4,20.2,,OHLC,↓,LH/LL,DT,False,273,2,IMMX,HM_R23_熱錢板塊
NRIX,2026-10-01,23.34,0.98,False,25.24,-0.158,-0.71,False,75.9,-0.04,76.0,True,4.2,2.31,50.0,-3.1,D 趨勢弱,True,8:49,264.6,跌,177.0,28,False,3.0,-0.2168,-0.2316,-0.3228,True,False,-8.15,-1.94,25.67,-9.98,-2.38,38.0,,OHLC,↓,LH/LL,自然反彈,False,273,2,NRIX,HM_R23_差一項
PAY,2026-10-01,30.81,1.55,False,34.7,-0.299,-0.91,True,58.5,0.58,58.0,False,5.04,4.92,27.6,2.4,D 趨勢弱,True,8:49,264.6,跌,240.0,32,False,3.0,-0.4463,-0.5744,-1.0298,True,False,-12.64,-2.51,29.28,4.97,0.99,38.1,,OHLC,—,HH/HL,自然反彈,False,273,2,PAY,HM_R23_差一項
PESI,2026-10-01,15.41,0.89,False,17.23,-0.078,-0.47,True,60.1,0.21,59.9,False,5.77,3.85,36.7,-2.8,D 趨勢弱,True,8:49,264.6,跌,250.0,35,False,3.0,-0.2826,-0.3146,-0.3939,True,False,-11.83,-2.05,18.77,-21.8,-3.78,5.6,,OHLC,↓,LH/LL,DT,False,273,2,PESI,HM_R23_差一項
RAPP,2026-10-01,32.83,2.36,False,41.19,-0.345,-1.11,True,53.9,0.42,53.4,False,7.19,3.82,11.8,-1.7,D 趨勢弱,True,8:49,264.6,跌,335.0,23,False,3.0,-0.8306,-0.9573,-1.241,True,False,-25.45,-3.54,41.47,-26.32,-3.66,19.6,,OHLC,↓,LH/LL,DT,False,273,2,RAPP,Combined_R22
VG,2026-10-01,12.77,0.65,False,14.26,-0.026,-0.21,True,63.0,1.07,62.0,False,5.11,3.9,20.0,-1.3,D 趨勢弱,True,8:49,264.6,跌,128.0,12,False,3.0,-0.2185,-0.2567,-0.3012,True,False,-11.64,-2.28,12.89,-0.94,-0.18,206.2,,OHLC,↓,LH/LL,DT,False,273,2,VG,SubSector_R12
CBIO,2026-10-01,14.26,1.31,False,17.22,-0.064,-0.28,True,42.4,0.48,41.9,False,9.2,4.86,12.0,-2.8,D 趨勢弱,True,8:39,259.4,跌,94.0,12,False,3.0,-0.3688,-0.4183,-0.6295,True,False,-20.77,-2.26,14.76,-3.51,-0.38,9.5,,OHLC,↓,LH/LL,自然回檔,False,273,2,CBIO,Combined_R22
OSCR,2026-10-01,29.9,1.66,False,31.32,-0.036,-0.14,False,62.9,-0.51,63.4,False,5.56,3.48,58.6,-9.3,C 基底修復,True,8:24,251.8,跌,90.0,10,False,3.0,-0.2384,-0.2599,-0.445,True,True,-4.74,-0.85,28.3,5.35,0.96,173.5,,OHLC,—,HH/HL,自然回檔,False,273,2,OSCR,SubSector_R12
CNC,2026-10-01,60.99,2.18,False,64.93,-0.157,-0.28,False,79.8,-0.77,80.6,True,3.57,2.2,53.3,-4.6,C 基底修復,True,7:27,223.3,跌,74.0,10,False,3.0,-0.4553,-0.4427,-0.5923,False,False,-6.45,-1.81,68.02,-11.53,-3.23,305.6,,OHLC,↓,LH/LL,DT,False,273,2,CNC,SubSector_R12+Combined_R22
CSR,2026-10-01,54.35,1.2,False,56.18,-0.012,-0.11,True,89.3,0.38,88.9,True,2.22,1.67,13.6,-0.1,D 趨勢弱,False,5:02,151.0,跌,34.0,6,False,3.0,-0.215,-0.1808,-0.215,False,False,-3.37,-1.52,54.6,-0.46,-0.21,23.8,,OHLC,↓,LH/LL,DT,False,273,2,CSR,HM_R23
RHI,2026-10-01,37.79,1.48,False,40.54,-0.185,-0.64,True,70.0,0.22,69.8,False,3.93,3.7,47.9,4.6,D 趨勢弱,True,9:35,287.3,升,10.0,1,False,4.0,0.0109,-0.1092,,False,False,-7.27,-1.85,37.99,-0.53,-0.13,68.4,,OHLC,—,LH/LL,自然反彈,True,273,2,RHI,SubSector_R12
RGNX,2026-10-01,7.42,0.54,False,8.43,-0.126,-0.91,True,46.0,0.02,46.0,False,7.23,5.76,5.0,0.0,D 趨勢弱,True,9:31,285.7,升,9.0,1,False,4.0,0.0061,-0.0075,,False,False,-13.65,-1.89,8.15,-9.84,-1.36,11.3,,OHLC,—,LH/LL,自然反彈,True,273,2,RGNX,HM_R23_熱錢板塊
ABT,2026-10-01,96.69,2.28,False,106.1,-0.537,-0.83,False,87.5,-0.57,88.0,True,2.36,1.92,8.8,-0.8,D 趨勢弱,True,8:49,264.6,跌,205.0,25,False,4.0,-0.5418,-0.3955,-1.6482,False,False,-9.73,-4.13,104.54,-8.12,-3.44,888.3,,OHLC,↓,LH/LL,DT,False,273,2,ABT,SubSector_R12
AEM,2026-10-01,180.59,6.82,False,203.1,-0.558,0.06,True,74.1,0.58,73.6,False,3.78,3.07,24.1,2.8,C 基底修復,True,8:49,264.6,跌,226.0,22,False,4.0,-3.0001,-2.878,-3.0001,False,False,-12.47,-3.3,203.6,-12.74,-3.37,356.2,,OHLC,↓,LH/LL,DT,False,273,2,AEM,SubSector_R12
ALB,2026-10-01,105.03,4.67,False,122.13,-0.723,-0.76,True,72.8,0.25,72.5,False,4.44,2.66,3.0,-4.2,D 趨勢弱,True,8:49,264.6,跌,190.0,20,False,4.0,-0.7189,-0.7929,-2.7856,True,False,-16.28,-3.66,115.05,-9.54,-2.15,309.2,,OHLC,↓,LH/LL,DT,False,273,2,ALB,SubSector_R12
CI,2026-10-01,267.96,7.49,False,277.05,-0.387,-0.23,False,86.1,-0.99,87.1,True,2.79,1.76,16.4,-4.9,D 趨勢弱,True,8:49,264.6,跌,108.0,10,False,4.0,-0.6734,-0.5428,-2.2878,False,False,-3.39,-1.21,275.26,-2.72,-0.98,456.0,,OHLC,—,LH/LL,自然回檔,True,273,2,CI,SubSector_R12
CWT,2026-10-01,45.05,0.94,False,48.68,-0.153,-0.66,False,91.9,-0.8,92.7,True,2.09,1.23,27.1,-4.0,D 趨勢弱,True,8:49,264.6,跌,727.0,50,False,4.0,-0.1907,-0.1727,-0.3644,False,False,-8.05,-3.85,50.85,-12.87,-6.15,21.1,10-01 高低價為 Yahoo 暫定值（開/收落在高低區間外，已放寬校正）,OHLC,↓,LH/LL,DT,False,273,2,CWT,SubSector_R12
D,2026-10-01,60.76,1.1,False,64.23,-0.238,-0.97,False,94.3,-0.15,94.5,True,1.8,0.9,17.4,0.1,D 趨勢弱,True,8:49,264.6,跌,650.0,52,False,4.0,-0.1489,-0.2246,-0.5079,True,False,-5.71,-3.16,66.92,-10.14,-5.62,318.4,,OHLC,↓,LH/LL,DT,False,273,2,D,SubSector_R12
ELVN,2026-10-01,46.21,2.09,False,52.74,-0.327,-0.74,True,73.3,0.67,72.6,False,4.51,2.49,34.8,1.4,D 趨勢弱,True,8:49,264.6,跌,280.0,35,False,4.0,-0.4146,-0.5909,-1.2377,True,False,-14.13,-3.13,50.24,-8.72,-1.93,75.6,,OHLC,↓,LH/LL,自然反彈,False,273,2,ELVN,Combined_R22
ETR,2026-10-01,100.4,2.02,False,103.53,-0.309,-0.79,False,92.6,-0.2,92.8,True,2.01,1.13,15.7,1.2,D 趨勢弱,True,8:49,264.6,跌,118.0,14,False,4.0,-0.0922,-0.2663,-0.7859,True,False,-3.11,-1.55,106.17,-5.75,-2.85,328.1,,OHLC,↓,LH/LL,自然反彈,False,273,2,ETR,Combined_R22
HD,2026-10-01,282.46,6.69,False,307.96,-2.955,-1.57,False,89.5,-0.02,89.5,True,2.37,1.49,3.3,1.6,D 趨勢弱,True,8:49,264.6,跌,232.0,34,False,4.0,-1.043,-0.9937,-2.6522,False,False,-9.03,-3.81,305.35,-8.1,-3.42,1513.7,,OHLC,↓,LH/LL,DT,False,273,2,HD,SubSector_R12
HSBC,2026-10-01,95.82,1.84,False,102.27,-0.58,-0.59,False,92.0,-1.46,93.5,True,1.92,1.36,41.9,-7.8,C 基底修復,True,8:49,264.6,跌,133.0,16,False,4.0,-0.609,-0.3847,-0.609,False,False,-6.73,-3.51,101.85,-6.29,-3.28,154.5,,OHLC,↓,LH/LL,DT,False,273,2,HSBC,Combined_R22
IMXI,2026-10-01,11.49,0.48,False,12.66,-0.187,-1.82,True,67.6,0.51,67.1,False,4.21,3.89,0.0,0.0,D 趨勢弱,True,8:49,264.6,跌,158.0,16,False,4.0,-0.1365,-0.1748,-0.38,True,False,-10.22,-2.43,12.3,-7.05,-1.67,7.8,,OHLC,↓,LH/LL,自然反彈,False,273,2,IMXI,HM_R23_熱錢板塊
KDP,2026-10-01,30.69,0.86,False,31.63,-0.034,0.01,False,86.0,-0.11,86.1,True,2.79,1.78,42.1,2.7,C 基底修復,True,8:49,264.6,跌,149.0,16,False,4.0,-0.1255,-0.1215,-0.1929,False,False,-3.06,-1.1,31.44,-2.44,-0.88,340.9,,OHLC,—,LH/LL,DT,True,273,2,KDP,SubSector_R12
LVS,2026-10-01,36.69,1.04,False,42.13,-0.308,-1.03,False,86.8,-0.99,87.8,True,2.83,1.57,0.0,-1.3,D 趨勢弱,True,8:49,264.6,跌,200.0,25,False,4.0,-0.2425,-0.2016,-0.3659,False,False,-14.81,-5.23,46.48,-26.68,-9.41,236.4,,OHLC,↓,LH/LL,DT,False,273,2,LVS,SubSector_R12
MAX,2026-10-01,9.68,0.56,False,11.11,-0.151,-1.1,True,65.1,0.41,64.7,False,5.73,2.86,11.3,0.7,D 趨勢弱,True,8:49,264.6,跌,302.0,52,False,4.0,-0.0664,-0.1176,-0.3086,True,False,-14.75,-2.57,10.79,-11.47,-2.0,8.9,,OHLC,↓,LH/LL,自然反彈,False,273,2,MAX,Combined_R22
MTB,2026-10-01,217.35,4.29,False,231.77,-1.119,-1.1,False,92.3,-0.13,92.4,True,1.97,1.25,21.8,0.4,C 基底修復,True,8:49,264.6,跌,104.0,13,False,4.0,-0.7866,-0.9528,-2.0155,True,False,-6.64,-3.36,240.06,-10.45,-5.29,246.0,,OHLC,↓,LH/LL,DT,False,273,2,MTB,SubSector_R12
PAAS,2026-10-01,44.98,1.9,False,50.83,-0.091,0.02,True,71.0,0.88,70.1,False,4.22,3.22,21.6,2.2,D 趨勢弱,True,8:49,264.6,跌,179.0,22,False,4.0,-0.5681,-0.5536,-0.7141,False,False,-13.01,-3.08,50.85,-13.05,-3.09,162.7,,OHLC,↓,LH/LL,DT,False,273,2,PAAS,SubSector_R12
RSG,2026-10-01,206.98,3.46,False,219.3,-0.374,-0.19,False,93.9,-0.33,94.2,True,1.67,1.15,21.2,-3.0,D 趨勢弱,True,8:49,264.6,跌,146.0,13,False,4.0,-1.2744,-1.1542,-1.6299,False,False,-5.95,-3.57,217.34,-5.01,-3.0,346.6,,OHLC,—,HH/HL,DT,False,273,2,RSG,SubSector_R12
THC,2026-10-01,253.97,7.99,False,264.42,-0.38,-0.17,False,77.5,-0.14,77.6,True,3.14,3.07,59.0,-1.5,C 基底修復,True,8:49,264.6,跌,246.0,33,False,4.0,-1.4289,-1.4373,-3.6651,True,False,-4.12,-1.31,259.71,-2.26,-0.72,198.9,,OHLC,—,LH/LL,自然回檔,True,273,2,THC,SubSector_R12
UEC,2026-10-01,9.36,0.59,False,10.95,-0.067,-0.64,True,57.5,0.43,57.1,False,6.33,3.84,0.0,0.0,D 趨勢弱,True,8:49,264.6,跌,195.0,21,False,4.0,-0.093,-0.1177,-0.2877,True,False,-17.02,-2.69,9.94,-6.2,-0.98,95.0,,OHLC,—,LH/LL,自然反彈,True,273,2,UEC,SubSector_R12+RateHike_R2_迴避
USB,2026-10-01,57.36,1.16,False,60.83,-0.268,-0.88,False,92.3,-0.13,92.4,True,2.02,1.2,24.9,-10.8,C 基底修復,True,8:49,264.6,跌,626.0,54,False,4.0,-0.2793,-0.2763,-0.43,False,False,-6.06,-2.99,60.75,-5.91,-2.92,482.9,,OHLC,↓,LH/LL,DT,False,273,2,USB,SubSector_R12+RateHike_R2_迴避
ZION,2026-10-01,62.65,1.41,False,66.25,-0.331,-0.9,False,90.5,-0.11,90.6,True,2.25,1.37,28.3,0.3,C 基底修復,True,8:32,256.2,跌,92.0,12,False,4.0,-0.2474,-0.305,-0.5172,True,False,-5.75,-2.55,70.13,-11.94,-5.3,102.3,,OHLC,↓,LH/LL,DT,False,273,2,ZION,SubSector_R12+RateHike_R2_迴避
C,2026-10-01,127.0,3.39,False,133.28,-0.364,-0.34,False,87.0,-0.93,87.9,True,2.67,1.7,42.7,-4.4,C 基底修復,True,8:06,242.9,跌,85.0,12,False,4.0,-0.701,-0.5166,-0.701,False,False,-4.95,-1.85,,,,1340.5,,OHLC,—,HH/HL,DT,False,273,2,C,SubSector_R12
PNC,2026-10-01,220.75,4.63,False,235.44,-1.023,-1.0,False,92.5,-0.15,92.6,True,2.1,1.08,21.6,-0.4,C 基底修復,True,6:39,199.3,跌,61.0,13,False,4.0,-0.9979,-1.1176,-1.7313,True,False,-6.66,-3.17,221.12,-0.17,-0.08,415.1,,OHLC,↓,LH/LL,DT,False,273,2,PNC,SubSector_R12+Combined_R22+RateHike_R2_迴避
CL,2026-10-01,84.53,1.51,False,88.15,-0.21,-0.54,True,93.2,0.21,93.0,True,1.79,1.19,21.0,-1.2,D 趨勢弱,False,3:47,113.3,跌,13.0,2,False,4.0,-0.0811,-0.0259,-0.3788,False,False,-4.29,-2.39,90.54,-7.11,-3.97,471.5,,OHLC,↓,LH/LL,DT,False,273,2,CL,SubSector_R12
PKE,2026-10-01,29.72,1.1,False,31.22,-0.151,-1.0,True,77.0,0.43,76.6,True,3.69,2.61,26.1,1.8,C 基底修復,False,11:01,330.6,升,34.0,4,False,5.0,0.0674,0.046,,False,False,-5.05,-1.37,30.28,-1.88,-0.51,8.0,,OHLC,—,LH/LL,DT,True,273,2,PKE,Combined_R22
RCL,2026-10-01,269.99,10.32,False,256.55,-0.488,-0.48,True,78.2,0.68,77.5,True,3.82,2.26,14.9,0.2,D 趨勢弱,False,10:47,323.3,升,30.0,4,False,5.0,4.1168,3.0369,,False,False,4.98,1.3,222.22,17.69,4.63,813.8,,OHLC,—,HH/HL,自然反彈,False,273,2,RCL,SubSector_R12
BAC,2026-10-01,53.73,1.18,False,59.45,-0.421,-1.17,False,91.0,-0.21,91.2,True,2.21,1.31,13.6,-2.3,D 趨勢弱,True,8:49,264.6,跌,290.0,33,False,5.0,-0.4405,-0.4396,-0.6324,False,False,-10.64,-4.83,63.83,-18.8,-8.52,2252.4,,OHLC,↓,LH/LL,DT,False,273,2,BAC,SubSector_R12+Combined_R22
BMY,2026-10-01,61.46,1.42,False,64.07,-0.235,-0.38,False,89.3,-0.17,89.5,True,2.31,1.58,39.6,-3.5,C 基底修復,True,8:49,264.6,跌,310.0,24,False,5.0,-0.1545,-0.1171,-0.6275,False,False,-4.24,-1.83,65.29,-6.23,-2.69,744.8,,OHLC,—,LH/LL,DT,True,273,2,BMY,SubSector_R12
BNY,2026-10-01,143.92,3.03,False,155.4,-0.803,-0.91,False,91.3,-0.13,91.4,True,2.1,1.34,39.1,-0.8,D 趨勢弱,True,8:49,264.6,跌,285.0,31,False,5.0,-1.1721,-1.1691,-1.4223,False,False,-7.98,-3.8,160.39,-11.44,-5.44,608.4,,OHLC,↓,LH/LL,DT,False,273,2,BNY,Combined_R22
CDP,2026-10-01,33.27,0.73,False,35.02,-0.155,-0.78,False,92.6,-0.2,92.8,True,2.21,0.93,33.9,0.6,C 基底修復,True,8:49,264.6,跌,434.0,59,False,5.0,-0.0485,-0.0369,-0.3,False,False,-5.26,-2.38,34.4,-3.4,-1.54,33.5,,OHLC,↓,LH/LL,DT,False,273,2,CDP,Combined_R22
CHTR,2026-10-01,111.37,6.0,False,135.06,-2.892,-1.17,True,64.0,0.92,63.1,False,5.39,3.41,0.0,0.0,D 趨勢弱,True,8:49,264.6,跌,267.0,32,False,5.0,-1.9516,-2.408,-3.355,True,False,-21.27,-3.95,148.34,-33.2,-6.16,396.8,,OHLC,↓,LH/LL,DT,False,273,2,CHTR,SubSector_R12
DIS,2026-10-01,101.33,2.17,False,106.26,-0.132,-0.04,False,89.8,-1.13,90.9,True,2.14,1.65,23.5,-24.8,D 趨勢弱,True,8:49,264.6,跌,166.0,22,False,5.0,-0.3897,-0.1703,-0.7072,False,False,-4.86,-2.27,106.58,-5.18,-2.42,907.0,,OHLC,—,LH/LL,自然回檔,False,273,2,DIS,SubSector_R12
FRT,2026-10-01,108.03,1.73,False,113.13,-0.346,-1.03,False,95.4,-0.19,95.6,True,1.6,0.82,19.3,-1.3,D 趨勢弱,True,8:49,264.6,跌,142.0,16,False,5.0,-0.1941,-0.1937,-1.0732,False,False,-4.72,-2.96,110.99,-2.74,-1.71,107.7,,OHLC,↓,LH/LL,DT,False,273,2,FRT,SubSector_R12
LNC,2026-10-01,39.73,1.17,False,42.62,-0.18,-0.57,False,83.1,-0.41,83.5,True,2.94,2.2,31.2,-2.4,C 基底修復,True,8:49,264.6,跌,244.0,18,False,5.0,-0.2746,-0.2495,-0.6391,False,False,-7.28,-2.47,45.9,-15.53,-5.28,85.2,,OHLC,↓,LH/LL,DT,False,273,2,LNC,SubSector_R12
O,2026-10-01,53.53,0.86,False,58.16,-0.43,-1.75,False,94.9,-0.16,95.1,True,1.61,0.93,4.8,-2.1,D 趨勢弱,True,8:49,264.6,跌,226.0,26,False,5.0,-0.2451,-0.2229,-0.4354,False,False,-8.65,-5.36,61.97,-15.77,-9.77,501.7,,OHLC,↓,LH/LL,DT,False,273,2,O,SubSector_R12
OESX,2026-10-01,30.72,2.13,True,26.6,0.274,0.5,False,40.3,-0.21,40.5,False,6.92,7.77,75.0,0.2,E 延伸,True,8:49,264.6,跌,119.0,14,False,5.0,-0.0894,-0.0735,-0.2438,False,False,13.42,1.94,27.6,10.17,1.47,2.3,,OHLC,—,HH/HL,UT,True,273,2,OESX,HM_R23_差一項
RPRX,2026-10-01,57.63,1.28,False,59.89,-0.119,-0.19,False,90.1,-0.08,90.2,True,2.22,1.5,46.6,-4.0,C 基底修復,True,8:49,264.6,跌,231.0,17,False,5.0,-0.1398,-0.1339,-0.5731,False,False,-3.92,-1.77,64.38,-11.71,-5.29,196.9,,OHLC,—,LH/LL,自然回檔,True,273,2,RPRX,Combined_R22
STT,2026-10-01,174.62,4.05,False,184.94,-0.532,-0.54,False,90.1,-0.06,90.2,True,2.32,1.4,49.2,1.6,C 基底修復,True,8:49,264.6,跌,263.0,23,False,5.0,-1.23,-1.222,-1.4808,False,False,-5.91,-2.55,195.4,-11.9,-5.14,392.6,,OHLC,↓,LH/LL,DT,False,273,2,STT,Combined_R22
TRVI,2026-10-01,14.18,0.65,False,15.87,-0.228,-1.25,True,67.8,0.17,67.7,False,4.55,3.5,20.6,-10.7,D 趨勢弱,True,8:49,264.6,跌,195.0,30,False,5.0,-0.0358,-0.0476,-0.2396,True,False,-11.95,-2.62,15.24,-7.48,-1.64,26.0,,OHLC,—,LH/LL,DT,True,273,2,TRVI,Combined_R22
LMT,2026-10-01,505.5,11.8,False,537.28,-2.441,-1.07,True,87.6,0.21,87.4,True,2.33,1.92,8.0,1.7,D 趨勢弱,False,5:41,170.7,跌,45.0,8,False,5.0,-1.3473,-1.0944,-7.4496,False,False,-6.29,-2.69,536.15,-6.06,-2.6,635.8,,OHLC,↓,LH/LL,DT,False,273,2,LMT,SubSector_R12+Combined_R22
REG,2026-10-01,71.8,1.04,False,74.39,-0.156,-0.55,True,95.8,0.04,95.7,True,1.45,0.85,16.5,-6.8,D 趨勢弱,False,4:09,124.7,跌,19.0,2,False,5.0,-0.0422,-0.0197,-0.6799,False,False,-3.6,-2.49,73.58,-2.48,-1.71,101.1,,OHLC,↓,LH/LL,DT,False,273,2,REG,SubSector_R12
YDES,2026-10-01,7.81,0.93,True,4.21,0.061,0.38,True,23.8,0.44,23.3,False,11.86,10.25,26.4,1.4,E 延伸,False,11:23,341.3,升,40.0,5,False,6.0,0.467,0.4427,,False,False,46.13,3.89,,,,3.0,,OHLC,—,LH/LL,UT,False,255,2,YDES,HM_R23_熱錢板塊
WELL,2026-10-01,226.94,4.75,False,235.08,-0.268,-0.11,False,91.8,-0.01,91.8,True,2.09,1.25,44.0,-4.6,C 基底修復,True,8:49,264.6,跌,154.0,19,False,6.0,-0.4148,-0.1804,-2.181,False,False,-3.59,-1.71,233.61,-2.94,-1.4,610.7,,OHLC,↓,LH/LL,DT,False,273,2,WELL,SubSector_R12
WM,2026-10-01,201.9,3.32,False,215.06,-0.808,-0.89,False,93.8,-0.05,93.9,True,1.65,1.19,11.0,-1.8,D 趨勢弱,True,8:49,264.6,跌,600.0,48,False,6.0,-0.5226,-0.4187,-2.0666,False,False,-6.52,-3.96,218.09,-8.02,-4.87,468.5,,OHLC,↓,LH/LL,DT,False,273,2,WM,SubSector_R12
AMT,2026-10-01,161.06,3.86,False,173.59,-0.427,-0.38,False,89.1,-0.18,89.2,True,2.4,1.55,11.3,-2.5,D 趨勢弱,True,8:49,264.6,跌,133.0,12,False,7.0,-1.4779,-1.2665,-1.4779,False,False,-7.78,-3.25,,,,455.0,,OHLC,—,HH/HL,DT,False,273,2,AMT,SubSector_R12
AMR,2026-10-01,170.29,10.09,False,201.19,-0.215,0.15,True,59.9,0.92,59.0,False,5.92,3.73,0.4,-9.7,D 趨勢弱,True,8:20,250.0,跌,89.0,16,False,7.0,-3.7605,-4.4232,-7.6699,True,False,-18.15,-3.06,175.54,-3.08,-0.52,61.1,,OHLC,↓,LH/LL,自然反彈,False,273,2,AMR,SubSector_R12
VMC,2026-10-01,243.98,6.8,False,253.84,-1.284,-0.8,True,86.4,0.16,86.3,True,2.79,1.7,9.0,3.2,D 趨勢弱,False,11:24,342.0,升,40.0,5,False,8.0,0.8097,0.6951,,False,False,-4.04,-1.45,247.87,-1.59,-0.57,317.2,,OHLC,—,LH/LL,自然回檔,True,273,2,VMC,SubSector_R12
ECL,2026-10-01,271.26,5.23,False,278.67,-0.524,-0.07,False,92.6,-0.07,92.7,True,1.93,1.22,24.7,-21.4,D 趨勢弱,False,10:53,326.7,升,31.0,5,False,8.0,0.0438,0.4082,,False,True,-2.73,-1.42,275.71,-1.64,-0.85,331.0,,OHLC,↓,LH/LL,DT,False,273,2,ECL,SubSector_R12
ARWR,2026-10-01,64.79,3.34,False,74.67,-0.589,-0.83,True,62.8,0.95,61.8,False,5.15,3.91,19.4,-0.9,D 趨勢弱,True,8:49,264.6,跌,198.0,35,False,8.0,-0.4357,-0.5792,-2.2728,True,False,-15.25,-2.96,71.86,-10.91,-2.12,166.5,,OHLC,↓,LH/LL,DT,False,273,2,ARWR,Combined_R22
ENVA,2026-10-01,171.49,7.81,False,196.75,-2.039,-1.46,True,64.2,0.94,63.3,False,4.56,4.21,20.0,1.6,D 趨勢弱,True,8:49,264.6,跌,245.0,38,False,8.0,-0.2164,-1.0607,-6.2981,True,False,-14.73,-3.23,173.48,-1.16,-0.25,75.7,,OHLC,—,LH/LL,自然反彈,True,273,2,ENVA,Combined_R22
HCC,2026-10-01,89.08,3.89,False,97.09,-0.499,-0.41,True,73.9,0.78,73.1,False,4.37,2.53,17.5,0.6,D 趨勢弱,True,8:49,264.6,跌,155.0,20,False,8.0,-0.7126,-0.9089,-2.523,True,False,-8.99,-2.06,91.75,-3.0,-0.69,61.8,,OHLC,—,LH/LL,DT,True,273,2,HCC,SubSector_R12
INGR,2026-10-01,94.91,1.76,False,100.29,-0.405,-0.9,False,93.1,-0.1,93.2,True,1.86,1.16,7.9,-1.8,D 趨勢弱,True,8:49,264.6,跌,167.0,26,False,8.0,-0.2254,-0.2079,-0.6673,False,False,-5.66,-3.05,100.0,-5.36,-2.89,64.1,,OHLC,↓,LH/LL,DT,False,273,2,INGR,SubSector_R12
LAZ,2026-10-01,36.44,1.62,False,38.95,-0.272,-0.76,True,74.0,0.4,73.6,False,4.45,2.43,1.1,1.1,D 趨勢弱,True,8:49,264.6,跌,131.0,17,False,8.0,-0.0472,-0.1439,-0.8631,True,False,-6.9,-1.55,35.35,2.99,0.67,72.5,,OHLC,—,HH/HL,自然回檔,True,273,2,LAZ,SubSector_R12
METC,2026-10-01,8.33,0.74,False,11.33,-0.129,-0.59,True,41.9,0.89,41.0,False,8.92,5.28,10.0,0.0,D 趨勢弱,True,8:49,264.6,跌,132.0,17,False,8.0,-0.1866,-0.2153,-0.4427,True,False,-35.97,-4.03,9.7,-16.45,-1.84,21.5,,OHLC,↓,LH/LL,DT,False,273,2,METC,SubSector_R12
RCAT,2026-10-01,6.33,0.44,False,7.69,-0.086,-1.64,True,50.3,0.39,49.9,False,6.92,4.94,0.0,0.0,D 趨勢弱,True,8:49,264.6,跌,118.0,28,False,8.0,-0.0442,-0.0551,-0.1785,True,False,-21.48,-3.11,6.8,-7.42,-1.07,62.9,,OHLC,↓,LH/LL,DT,False,273,2,RCAT,SubSector_R12
VTR,2026-10-01,83.73,1.68,False,89.18,-0.274,-0.42,False,90.8,-0.12,90.9,True,2.01,1.56,18.3,-3.8,C 基底修復,True,8:49,264.6,跌,141.0,23,False,8.0,-0.2632,-0.1602,-1.0942,False,False,-6.51,-3.24,88.49,-5.68,-2.83,330.8,10-01 高低價為 Yahoo 暫定值（開/收落在高低區間外，已放寬校正）,OHLC,↓,LH/LL,DT,False,273,2,VTR,SubSector_R12
WCN,2026-10-01,150.66,2.87,False,159.89,-0.717,-0.8,False,93.3,-0.77,94.1,True,1.9,1.06,12.6,-2.3,D 趨勢弱,True,8:49,264.6,跌,230.0,25,False,8.0,-0.2907,-0.0996,-1.0223,False,False,-6.13,-3.22,157.87,-4.79,-2.51,197.0,,OHLC,↓,LH/LL,DT,False,273,2,WCN,SubSector_R12
NVR,2026-10-01,6126.38,140.57,False,6255.18,-12.466,-0.13,False,89.4,-0.01,89.4,True,2.29,1.58,12.6,0.0,D 趨勢弱,False,3:27,103.6,跌,8.0,1,False,8.0,-3.8452,2.0736,-24.609,False,True,-2.1,-0.92,6338.92,-3.47,-1.51,255.5,,OHLC,↓,LH/LL,自然回檔,False,273,2,NVR,SubSector_R12
FLXS,2026-10-01,86.46,3.45,True,82.51,0.418,0.52,False,78.5,-0.29,78.8,True,3.99,2.04,67.6,-0.5,E 延伸,False,12:42,20.8,升,62.0,6,False,8.0,0.1186,0.1708,,False,False,4.57,1.15,90.65,-4.85,-1.22,8.3,,OHLC,—,LH/LL,自然反彈,False,273,2,FLXS,HM_R23_第二梯隊
APH,2026-10-01,85.67,2.8,True,80.81,0.209,0.17,False,79.9,-0.07,80.0,True,3.27,2.48,69.0,2.3,A 待突破,False,12:24,11.9,升,57.0,8,False,8.0,0.5599,0.5216,,False,False,5.67,1.73,80.25,6.33,1.93,1000.2,,OHLC,↑,HH/HL,UT,False,273,2,APH,SubSector_R12+AI_R13
LEN,2026-10-01,82.11,2.73,False,81.42,-0.175,-0.15,False,81.2,-0.31,81.6,True,3.33,2.17,14.2,2.2,D 趨勢弱,False,12:14,6.9,升,54.0,7,False,8.0,0.4608,0.4757,,False,True,0.84,0.25,83.37,-1.53,-0.46,432.9,,OHLC,—,LH/LL,UT,False,273,2,LEN,SubSector_R12+RateHike_R2_迴避
MPAA,2026-10-01,10.34,0.4,False,11.08,-0.041,-0.73,True,77.8,0.37,77.4,True,3.89,2.27,4.1,-1.1,D 趨勢弱,False,11:36,348.1,升,43.0,7,False,9.0,0.0312,0.0373,,False,False,-7.12,-1.83,10.85,-4.93,-1.27,1.4,,OHLC,↓,LH/LL,DT,False,273,2,MPAA,HM_R23_熱錢板塊
ALEC,2026-10-01,1.86,0.15,False,2.17,-0.025,-0.23,True,41.2,0.88,40.3,False,8.21,6.21,20.0,0.0,D 趨勢弱,True,8:49,264.6,跌,99.0,17,False,9.0,-0.0301,-0.0341,-0.0851,True,False,-16.58,-2.02,2.02,-8.6,-1.05,3.1,,OHLC,—,LH/LL,DT,True,273,2,ALEC,SubSector_R12
BOOT,2026-10-01,120.98,5.65,False,138.73,-1.431,-1.11,True,69.5,0.68,68.8,False,4.67,3.06,10.0,10.0,D 趨勢弱,True,8:49,264.6,跌,199.0,27,False,9.0,-0.146,-0.3135,-3.0631,True,False,-14.67,-3.14,126.16,-4.28,-0.92,91.8,,OHLC,—,LH/LL,DT,True,273,2,BOOT,Combined_R22
JEF,2026-10-01,45.25,1.74,False,49.57,-0.369,-0.94,False,80.2,-0.31,80.5,True,3.85,1.85,3.9,-0.1,D 趨勢弱,True,7:28,224.0,跌,74.0,14,False,9.0,-0.2317,-0.2318,-0.6385,True,False,-9.54,-2.48,47.68,-5.37,-1.39,124.8,,OHLC,↓,LH/LL,DT,False,273,2,JEF,SubSector_R12
FWDI,2026-10-01,7.83,0.57,True,6.85,0.071,0.72,True,45.3,0.84,44.5,False,7.31,5.88,40.0,0.0,E 延伸,False,4:22,131.1,跌,23.0,1,False,9.0,-0.0252,0.0093,-0.0905,False,False,12.57,1.72,8.06,-2.94,-0.4,16.9,,OHLC,—,HH/HL,DT,False,273,2,FWDI,HM_R23_熱錢板塊
JBL,2026-10-01,299.79,14.44,False,305.44,-1.32,-0.51,True,68.0,0.85,67.2,False,4.82,3.2,32.3,8.3,C 基底修復,False,2:49,84.6,升,144.0,9,False,9.0,0.4412,0.9163,,False,True,-1.88,-0.39,293.6,2.06,0.43,446.7,,OHLC,—,HH/HL,自然反彈,False,273,2,JBL,SubSector_R12+Combined_R22
LRCX,2026-10-01,340.1,13.94,True,300.71,0.678,-0.1,True,66.3,0.75,65.5,False,4.1,4.25,52.1,-4.4,E 延伸,False,2:11,65.7,升,86.0,8,False,9.0,5.7529,4.9672,,False,False,11.58,2.82,320.42,5.79,1.41,2866.7,,OHLC,—,LH/LL,UT,False,273,2,LRCX,SubSector_R12+Combined_R22+AI_R13
LIN,2026-10-01,469.45,7.84,False,473.28,-0.555,-0.17,False,93.8,-0.28,94.1,True,1.67,1.18,18.0,-1.1,C 基底修復,False,1:56,58.2,升,82.0,7,False,9.0,1.9673,2.224,,False,True,-0.81,-0.49,472.59,-0.67,-0.4,975.7,,OHLC,—,LH/LL,UT,False,273,2,LIN,SubSector_R12+AI_R13
CRWV,2026-10-01,88.57,5.23,False,86.54,-0.144,-0.65,True,49.8,0.96,48.9,False,5.91,6.08,24.4,-5.5,D 趨勢弱,False,1:39,49.4,升,77.0,6,False,9.0,0.3513,0.2328,,False,True,2.29,0.39,83.35,5.89,1.0,2636.8,,OHLC,—,LH/LL,UT,True,273,2,CRWV,SubSector_R12+Combined_R22+AI_R13
AMAT,2026-10-01,529.3,19.65,True,463.76,0.761,-0.41,True,69.8,0.41,69.4,False,3.71,3.96,49.9,-3.4,E 延伸,False,1:36,47.9,升,77.0,9,False,9.0,11.3665,10.3896,,False,False,12.38,3.34,,,,2926.4,,OHLC,—,LH/LL,UT,False,273,2,AMAT,SubSector_R12+Combined_R22+AI_R13
BVS,2026-10-01,13.45,0.49,False,13.68,-0.034,-0.14,True,74.6,0.33,74.2,False,3.66,3.1,70.7,-12.6,C 基底修復,False,1:08,34.1,升,69.0,5,False,9.0,0.0255,0.0503,,False,True,-1.73,-0.47,13.67,-1.64,-0.45,6.5,,OHLC,↓,LH/LL,DT,False,273,2,BVS,HM_R23_第二梯隊
TROW,2026-10-01,105.83,2.12,False,107.05,-0.232,-0.5,False,91.0,-0.06,91.1,True,2.0,1.51,38.2,5.2,C 基底修復,False,12:45,22.5,升,62.0,5,False,9.0,0.3061,0.1705,,False,True,-1.15,-0.58,102.91,2.76,1.38,162.0,,OHLC,—,HH/HL,自然反彈,False,273,2,TROW,SubSector_R12
SRZN,2026-10-01,30.0,2.97,True,30.09,0.046,0.29,False,26.6,-1.09,27.7,False,9.88,10.53,43.8,-4.8,E 延伸,False,11:21,340.7,升,39.0,6,False,10.0,1.5533,1.751,,False,True,-0.29,-0.03,33.68,-12.27,-1.24,29.4,,OHLC,—,LH/LL,自然回檔,False,273,2,SRZN,HM_R23_熱錢板塊
AEO,2026-10-01,17.97,0.74,True,16.19,0.04,0.26,True,70.4,0.74,69.6,False,4.12,3.44,17.9,-1.8,D 趨勢弱,False,10:55,327.7,升,32.0,7,False,10.0,0.3399,0.3292,,False,False,9.93,2.41,,,,131.5,,OHLC,—,LH/LL,UT,False,273,2,AEO,Combined_R22
BLK,2026-10-01,1064.36,22.63,False,1104.34,-3.337,-0.59,True,89.6,0.24,89.4,True,2.13,1.69,44.7,23.3,C 基底修復,False,10:47,323.4,升,30.0,5,False,10.0,0.3733,0.143,,False,False,-3.76,-1.77,1086.31,-2.06,-0.97,562.3,,OHLC,—,LH/LL,DT,True,273,2,BLK,SubSector_R12
ARES,2026-10-01,116.57,4.5,False,130.63,-0.961,-0.95,False,77.8,-0.41,78.2,True,3.86,2.29,7.0,0.7,D 趨勢弱,True,8:49,264.6,跌,259.0,30,False,10.0,-1.0495,-1.1724,-2.1017,True,False,-12.06,-3.13,126.67,-8.66,-2.25,290.8,,OHLC,↓,LH/LL,DT,False,273,2,ARES,SubSector_R12
HBM,2026-10-01,26.18,1.27,False,27.58,-0.048,-0.06,True,66.4,0.2,66.2,False,4.86,3.47,47.2,-9.1,C 基底修復,True,8:49,264.6,跌,150.0,22,False,10.0,-0.0719,-0.0442,-0.5571,False,False,-5.35,-1.1,27.01,-3.17,-0.65,110.8,,OHLC,—,LH/LL,DT,True,273,2,HBM,SubSector_R12
USAR,2026-10-01,13.8,0.95,False,16.77,-0.134,-0.73,True,50.8,0.04,50.8,False,6.91,4.83,0.0,0.0,D 趨勢弱,True,8:49,264.6,跌,122.0,23,False,10.0,-0.1873,-0.1763,-0.3301,False,False,-21.49,-3.11,16.99,-23.12,-3.35,214.7,,OHLC,↓,LH/LL,DT,False,273,2,USAR,SubSector_R12
UUUU,2026-10-01,10.71,0.64,False,13.18,-0.126,-0.88,True,58.1,0.01,58.1,False,5.96,4.09,0.0,0.0,D 趨勢弱,True,8:49,264.6,跌,163.0,22,False,10.0,-0.1355,-0.1465,-0.3957,True,False,-23.02,-3.86,11.98,-11.86,-1.99,86.0,,OHLC,↓,LH/LL,DT,False,273,2,UUUU,SubSector_R12
BIAF,2026-10-01,6.14,1.68,True,9.87,0.001,0.08,False,8.4,-0.24,8.7,False,27.35,14.82,23.2,18.2,D 趨勢弱,True,7:16,218.1,跌,71.0,6,False,10.0,-0.2,-0.1528,-0.2,False,False,-60.56,-2.21,8.93,-45.32,-1.66,52.5,,OHLC,—,HH/HL,DT,False,255,2,BIAF,HM_R23_差一項
NDAQ,2026-10-01,91.67,2.08,False,94.65,-0.164,-0.32,True,89.9,0.28,89.6,True,2.27,1.48,35.3,0.3,C 基底修復,False,5:17,158.6,跌,38.0,3,False,10.0,-0.1346,-0.0986,-1.2119,False,False,-3.25,-1.43,95.44,-4.11,-1.81,299.2,,OHLC,↓,LH/LL,DT,False,273,2,NDAQ,SubSector_R12
OMER,2026-10-01,18.47,0.89,True,18.89,0.046,0.7,False,59.3,-0.47,59.7,False,4.79,5.0,81.2,-1.8,B 上升結構,False,4:37,138.5,跌,27.0,4,False,10.0,-0.1976,-0.1293,-0.476,False,True,-2.29,-0.48,18.22,1.35,0.28,28.1,,OHLC,↑,HH/HL,自然回檔,False,273,2,OMER,HM_R23_第二梯隊
PKOH,2026-10-01,46.54,1.68,False,45.94,-0.017,-0.35,False,75.3,-0.49,75.8,True,3.62,3.01,77.9,-2.6,B 上升結構,False,4:08,123.9,跌,19.0,2,False,10.0,-0.0715,-0.0329,-0.6375,False,True,1.28,0.35,47.69,-2.47,-0.68,3.2,,OHLC,—,HH/HL,自然回檔,True,273,2,PKOH,HM_R23_第二梯隊
SMCI,2026-10-01,41.92,2.26,True,39.01,0.128,0.18,True,55.3,1.05,54.3,False,5.39,5.28,50.8,-4.0,C 基底修復,False,3:42,110.9,跌,12.0,1,False,10.0,-0.011,0.0019,-0.4679,False,False,6.93,1.29,41.02,2.15,0.4,1519.9,,OHLC,—,HH/HL,自然反彈,True,273,2,SMCI,SubSector_R12+Combined_R22+AI_R13
TCEHY,2026-10-01,54.09,1.24,False,55.92,-0.076,-0.18,True,86.4,0.3,86.1,True,2.3,2.2,11.4,1.6,D 趨勢弱,False,3:22,101.0,跌,6.0,1,False,10.0,-0.0244,0.0333,-0.6014,False,False,-3.38,-1.47,55.79,-3.14,-1.37,173.4,,OHLC,↓,LH/LL,DT,False,273,2,TCEHY,AI_R13
ETN,2026-10-01,437.28,13.64,True,416.15,0.165,-0.09,False,79.4,-0.02,79.4,True,3.12,2.74,50.7,-4.1,B 上升結構,False,2:49,84.6,升,140.0,10,False,10.0,1.928,2.0899,,False,False,4.83,1.55,423.83,3.08,0.99,874.8,,OHLC,↑,HH/HL,自然回檔,False,273,2,ETN,SubSector_R12+Combined_R22+RateHike_R2_受惠+AI_R13
NVTS,2026-10-01,12.12,0.82,False,11.85,-0.027,-0.43,True,49.3,1.06,48.2,False,6.75,5.38,34.4,1.9,D 趨勢弱,False,2:49,84.6,升,100.0,10,False,10.0,0.1166,0.1034,,False,True,2.2,0.33,11.84,2.31,0.34,157.7,,OHLC,—,HH/HL,自然反彈,True,273,2,NVTS,HM_R23_熱錢板塊
PDFS,2026-10-01,53.39,2.57,True,45.82,0.178,0.11,True,61.1,0.32,60.7,False,4.81,4.61,50.3,0.5,E 延伸,False,2:49,84.6,升,98.0,10,False,10.0,0.9391,0.8112,,False,False,14.17,2.95,47.63,10.79,2.24,28.4,,OHLC,↑,HH/HL,UT,False,273,2,PDFS,HM_R23_差一項
POET,2026-10-01,7.64,0.46,False,7.82,-0.026,-0.73,True,51.2,0.77,50.5,False,6.06,5.58,33.5,-5.1,D 趨勢弱,False,2:49,84.6,升,101.0,10,False,10.0,0.0043,0.0016,,False,True,-2.3,-0.38,7.48,2.09,0.35,64.7,,OHLC,—,HH/HL,次級反彈,False,273,2,POET,SubSector_R12+AI_R13
VIAV,2026-10-01,44.78,2.54,True,37.54,0.199,0.01,True,54.8,0.19,54.6,False,5.66,5.13,48.9,3.3,E 延伸,False,2:49,84.6,升,118.0,9,False,10.0,1.0563,0.8886,,False,False,16.18,2.86,36.95,17.49,3.09,219.5,,OHLC,↑,HH/HL,UT,False,273,2,VIAV,AI_R13
TER,2026-10-01,415.79,19.27,True,366.8,0.327,-0.19,True,61.8,0.84,61.0,False,4.63,4.63,63.2,1.0,E 延伸,False,2:47,83.5,升,96.0,10,False,10.0,5.3632,5.0179,,False,False,11.78,2.54,387.7,6.76,1.46,913.0,,OHLC,↑,HH/HL,UT,False,273,2,TER,SubSector_R12+Combined_R22+AI_R13
VECO,2026-10-01,53.19,2.58,True,45.56,0.051,0.04,True,62.7,0.07,62.6,False,4.85,4.22,47.5,0.4,E 延伸,False,2:47,83.5,升,96.0,10,False,10.0,1.4106,1.3376,,False,False,14.34,2.95,,,,30.0,,OHLC,—,LH/LL,UT,False,273,2,VECO,AI_R13+HM_R23_熱錢板塊
TEL,2026-10-01,217.76,6.02,True,206.77,0.272,0.07,False,85.0,-0.62,85.7,True,2.76,2.01,48.4,10.1,C 基底修復,False,2:35,77.4,升,93.0,10,False,10.0,0.8279,0.6645,,False,False,5.05,1.83,211.96,2.66,0.96,393.3,,OHLC,—,LH/LL,自然反彈,False,273,2,TEL,SubSector_R12+AI_R13
MCHP,2026-10-01,78.5,2.7,False,74.08,-0.024,-0.07,True,75.2,0.33,74.8,True,3.44,3.21,37.1,6.4,C 基底修復,False,2:20,70.0,升,89.0,10,False,10.0,0.8565,0.9049,,False,False,5.63,1.64,71.58,8.82,2.56,616.0,,OHLC,↑,HH/HL,UT,False,273,2,MCHP,Combined_R22
KLAC,2026-10-01,200.33,7.58,True,180.84,0.252,-0.22,True,72.3,0.62,71.7,False,3.79,3.41,54.9,-3.8,E 延伸,False,2:00,60.0,升,83.0,10,False,10.0,3.1696,2.968,,False,False,9.73,2.57,,,,1736.5,,OHLC,—,LH/LL,UT,False,273,2,KLAC,SubSector_R12+Combined_R22+AI_R13
COST,2026-10-01,914.94,15.96,False,918.15,-1.246,-0.35,False,93.2,-0.08,93.3,True,1.74,1.25,17.5,1.1,D 趨勢弱,False,1:48,54.0,升,80.0,5,False,10.0,3.2035,3.3137,,False,True,-0.35,-0.2,931.09,-1.77,-1.01,2187.7,,OHLC,↓,LH/LL,自然反彈,False,273,2,COST,SubSector_R12+Combined_R22
SIMO,2026-10-01,275.24,15.82,True,258.7,1.064,0.13,True,50.0,0.58,49.5,False,5.75,6.19,64.0,-2.4,E 延伸,False,1:42,51.2,升,78.0,10,False,10.0,1.528,2.0731,,False,False,6.01,1.05,236.81,13.96,2.43,197.5,,OHLC,—,HH/HL,自然回檔,True,273,2,SIMO,AI_R13
STX,2026-10-01,945.57,48.24,True,853.26,1.392,-0.15,True,60.1,0.5,59.6,False,5.1,4.52,66.9,-2.4,E 延伸,False,1:36,47.9,升,77.0,9,False,10.0,9.7614,9.3946,,False,False,9.76,1.91,870.38,7.95,1.56,3261.7,,OHLC,↑,HH/HL,UT,False,273,2,STX,SubSector_R12+AI_R13
AMBA,2026-10-01,70.3,4.02,False,67.13,-0.097,-0.16,True,59.0,1.22,57.7,False,5.72,4.13,48.9,-2.9,C 基底修復,False,1:34,47.1,升,76.0,10,False,10.0,0.712,0.7134,,False,True,4.51,0.79,68.68,2.3,0.4,134.4,,OHLC,↑,HH/HL,自然反彈,False,273,2,AMBA,HM_R23_第二梯隊
WDC,2026-10-01,462.56,26.13,False,449.32,-0.711,-0.4,True,55.9,0.71,55.2,False,5.65,4.89,52.3,-1.8,D 趨勢弱,False,1:30,45.0,升,75.0,9,False,10.0,3.5839,3.3203,,False,True,2.86,0.51,468.88,-1.37,-0.24,3043.7,,OHLC,—,LH/LL,次級反彈,True,273,2,WDC,SubSector_R12+Combined_R22+AI_R13
VRT,2026-10-01,246.12,12.15,False,254.09,-0.637,-0.37,True,62.3,0.75,61.5,False,4.94,4.23,32.5,2.4,D 趨勢弱,False,1:05,32.6,升,68.0,8,False,10.0,0.5428,0.4039,,False,True,-3.24,-0.66,253.46,-2.98,-0.6,1346.5,,OHLC,—,LH/LL,DT,True,273,2,VRT,SubSector_R12+Combined_R22+AI_R13
HUBB,2026-10-01,466.98,13.01,False,457.73,-0.776,-0.41,False,85.5,-0.44,86.0,True,2.79,1.88,25.7,6.4,D 趨勢弱,False,12:51,25.7,升,64.0,9,False,10.0,2.4782,2.1767,,False,True,1.98,0.71,464.75,0.48,0.17,224.6,,OHLC,—,LH/LL,自然反彈,True,273,2,HUBB,SubSector_R12+Combined_R22
VCYT,2026-10-01,44.19,2.45,True,43.28,0.131,0.29,False,57.3,-1.52,58.8,False,5.54,4.68,43.4,-8.0,C 基底修復,False,12:43,21.7,升,62.0,9,False,10.0,0.6002,0.7808,,False,True,2.05,0.37,38.24,13.45,2.43,63.6,,OHLC,—,HH/HL,DT,False,273,2,VCYT,Combined_R22+HM_R23_熱錢板塊
CNTN,2026-10-01,2.18,0.2,True,2.28,0.007,0.43,False,43.4,-2.59,46.0,False,8.98,4.75,20.8,0.0,D 趨勢弱,False,12:32,16.0,升,59.0,9,False,10.0,0.0028,0.0236,,False,True,-4.26,-0.47,2.24,-2.52,-0.28,2.0,,OHLC,—,HH/HL,DT,False,273,2,CNTN,HM_R23_熱錢板塊
ODFL,2026-10-01,178.1,5.29,False,183.97,-0.874,-0.95,True,84.2,0.18,84.0,True,2.97,1.96,17.9,8.6,C 基底修復,False,12:26,12.9,升,57.0,8,False,10.0,1.2305,0.9744,,False,False,-3.29,-1.11,177.72,0.21,0.07,347.0,,OHLC,—,LH/LL,自然反彈,True,273,2,ODFL,SubSector_R12
EMR,2026-10-01,158.57,3.82,True,153.09,0.077,-0.11,False,87.9,-0.27,88.2,True,2.41,1.77,51.5,-4.0,C 基底修復,False,12:07,3.3,升,52.0,8,False,10.0,0.8476,0.8209,,False,False,3.46,1.43,160.29,-1.08,-0.45,366.0,10-01 高低價為 Yahoo 暫定值（開/收落在高低區間外，已放寬校正）,OHLC,—,LH/LL,自然反彈,False,273,2,EMR,SubSector_R12
ATEX,2026-10-01,82.48,4.73,False,84.28,-0.231,-0.32,True,60.2,0.08,60.1,False,5.74,3.86,47.8,-3.5,C 基底修復,False,12:01,0.7,升,50.0,8,False,10.0,0.4112,0.2214,,False,True,-2.19,-0.38,85.24,-3.35,-0.58,24.6,,OHLC,—,LH/LL,自然反彈,True,273,2,ATEX,HM_R23_熱錢板塊
SCCO,2026-10-01,199.22,7.67,True,203.66,0.271,0.24,False,74.1,-0.01,74.1,False,3.85,3.0,73.2,-0.7,A 待突破,False,11:37,348.3,升,43.0,5,False,11.0,0.0161,0.2671,,False,True,-2.23,-0.58,192.04,3.6,0.94,213.1,,OHLC,—,LH/LL,自然回檔,True,273,2,SCCO,SubSector_R12
DFTX,2026-10-01,37.6,2.07,False,39.51,-0.225,-0.57,True,62.5,0.14,62.3,False,5.5,3.62,54.2,1.3,C 基底修復,False,10:41,320.4,升,28.0,4,False,11.0,0.0962,0.1002,,False,True,-5.09,-0.93,38.41,-2.15,-0.39,92.7,,OHLC,—,LH/LL,自然回檔,True,273,2,DFTX,HM_R23_熱錢板塊
GOSS,2026-10-01,10.93,1.35,False,12.24,-0.034,-0.17,False,25.5,-1.75,27.2,False,12.38,8.68,10.0,-2.1,D 趨勢弱,True,9:45,292.3,升,12.0,3,False,11.0,0.066,0.0936,,False,True,-12.01,-0.97,11.94,-9.24,-0.75,3.4,,OHLC,—,LH/LL,次級回檔,True,255,2,GOSS,HM_R23_差一項
AXON,2026-10-01,422.21,22.62,False,490.05,-5.97,-1.17,True,59.8,0.74,59.1,False,5.36,4.32,5.0,0.0,D 趨勢弱,True,8:49,264.6,跌,169.0,28,False,11.0,-1.4465,-2.3185,-15.117,True,False,-16.07,-3.0,459.32,-8.79,-1.64,486.8,,OHLC,—,LH/LL,DT,True,273,2,AXON,Combined_R22
TGTX,2026-10-01,53.62,2.3,True,55.4,0.05,0.37,False,72.4,-1.25,73.7,False,4.3,2.87,54.9,-14.2,C 基底修復,False,4:52,146.1,跌,31.0,3,False,11.0,-0.3217,-0.1351,-1.0746,False,True,-3.32,-0.77,57.52,-7.27,-1.69,100.0,,OHLC,↓,LH/LL,DT,False,273,2,TGTX,Combined_R22
AAOI,2026-10-01,107.32,8.29,False,106.49,-1.291,-1.24,True,38.4,1.1,37.3,False,7.72,7.61,46.1,5.4,D 趨勢弱,False,2:49,84.6,升,126.0,9,False,11.0,0.9258,0.408,,False,True,0.77,0.1,105.36,1.83,0.24,748.1,,OHLC,—,LH/LL,UT,True,273,2,AAOI,SubSector_R12+Combined_R22
ALAB,2026-10-01,356.42,21.95,True,307.49,2.367,0.29,True,49.2,0.83,48.4,False,6.16,5.98,48.2,0.3,E 延伸,False,2:49,84.6,升,210.0,11,False,11.0,6.0061,7.2522,,False,False,13.73,2.23,342.0,4.05,0.66,1316.5,,OHLC,↑,HH/HL,自然回檔,False,273,2,ALAB,Combined_R22+AI_R13+HM_R23_差一項
CXDO,2026-10-01,5.93,0.22,False,5.93,-0.017,-0.44,True,74.9,0.44,74.5,False,3.64,3.05,24.7,3.9,D 趨勢弱,False,2:49,84.6,升,107.0,11,False,11.0,0.0585,0.0584,,False,True,0.01,0.0,5.92,0.17,0.05,1.7,,OHLC,↓,LH/LL,自然回檔,False,273,2,CXDO,HM_R23_熱錢板塊
TSEM,2026-10-01,241.3,13.81,True,219.08,0.53,-0.18,True,52.8,0.33,52.5,False,5.72,5.53,46.5,-3.5,E 延伸,False,2:49,84.6,升,142.0,11,False,11.0,2.9217,2.4626,,False,False,9.21,1.61,227.43,5.75,1.0,434.0,,OHLC,↑,HH/HL,UT,False,273,2,TSEM,AI_R13
MTSI,2026-10-01,301.63,14.02,True,269.84,0.331,-0.27,True,61.9,0.16,61.7,False,4.65,4.59,56.3,3.6,E 延伸,False,2:31,75.5,升,92.0,10,False,11.0,3.7975,2.9672,,False,False,10.54,2.27,278.56,7.65,1.65,363.2,,OHLC,↑,HH/HL,UT,False,273,2,MTSI,AI_R13
LWLG,2026-10-01,5.44,0.37,False,5.33,-0.042,-1.06,True,47.6,0.57,47.0,False,6.72,5.85,18.6,3.1,D 趨勢弱,False,2:30,75.0,升,92.0,11,False,11.0,0.0814,0.0626,,False,True,2.02,0.3,5.17,4.96,0.74,14.7,,OHLC,—,LH/LL,自然反彈,True,273,2,LWLG,AI_R13
CDNS,2026-10-01,350.73,12.19,True,307.97,1.526,0.18,False,77.5,-1.03,78.5,True,3.48,2.74,38.5,-0.3,C 基底修復,False,2:28,74.1,升,91.0,9,False,11.0,7.3915,6.3393,,False,False,12.19,3.51,332.76,5.12,1.47,845.2,,OHLC,—,HH/HL,自然反彈,False,273,2,CDNS,SubSector_R12+Combined_R22+RateHike_R2_受惠+AI_R13
MPWR,2026-10-01,1360.97,51.61,True,1260.46,0.797,-0.08,True,73.3,0.75,72.5,False,3.79,3.21,46.4,-5.0,B 上升結構,False,1:07,33.3,升,68.0,9,False,11.0,18.0832,19.9595,,False,False,7.39,1.95,1387.46,-1.95,-0.51,910.7,,OHLC,—,LH/LL,自然反彈,False,273,2,MPWR,SubSector_R12+Combined_R22
DECK,2026-10-01,79.57,2.24,False,82.28,-0.298,-0.82,True,83.6,0.56,83.1,True,2.82,2.23,9.1,4.3,D 趨勢弱,False,1:01,30.6,升,67.0,9,False,11.0,0.5335,0.413,,False,False,-3.4,-1.21,80.23,-0.83,-0.29,276.7,,OHLC,↓,LH/LL,自然反彈,False,273,2,DECK,SubSector_R12
ABSI,2026-10-01,10.75,0.76,True,9.42,0.045,0.23,True,47.8,0.08,47.7,False,7.05,5.47,60.5,-0.1,E 延伸,False,12:58,29.0,升,66.0,10,False,11.0,0.1615,0.1514,,False,False,12.36,1.75,9.74,9.35,1.33,38.2,,OHLC,↑,HH/HL,UT,False,273,2,ABSI,HM_R23_熱錢板塊
PFGC,2026-10-01,91.84,2.22,False,95.9,-0.399,-1.17,True,88.8,0.44,88.4,True,2.42,1.58,16.6,0.9,D 趨勢弱,False,12:37,18.4,升,60.0,7,False,11.0,0.5392,0.4834,,False,False,-4.42,-1.83,92.41,-0.62,-0.26,139.9,,OHLC,—,LH/LL,自然回檔,True,273,2,PFGC,SubSector_R12
LITE,2026-10-01,1045.78,67.15,True,922.8,8.687,0.19,True,48.0,0.28,47.7,False,6.42,6.04,61.9,-4.9,E 延伸,False,12:16,8.2,升,55.0,3,False,11.0,7.6958,2.5731,,False,False,11.76,1.83,921.32,11.9,1.85,4519.5,,OHLC,↑,HH/HL,UT,False,273,2,LITE,SubSector_R12+Combined_R22+AI_R13
JNJ,2026-10-01,258.66,5.21,False,269.3,-0.552,0.01,False,92.0,-0.43,92.4,True,2.01,1.28,46.3,-11.6,C 基底修復,True,8:49,264.6,跌,148.0,18,False,12.0,-1.1819,-0.6195,-1.1986,False,False,-4.11,-2.04,,,,1699.8,,OHLC,—,HH/HL,DT,False,273,2,JNJ,SubSector_R12+Combined_R22
BBNX,2026-10-01,18.87,1.4,False,20.03,-0.025,0.2,True,48.9,0.55,48.3,False,7.41,4.83,64.0,13.8,D 趨勢弱,False,4:29,134.5,跌,25.0,3,False,12.0,-0.3288,-0.2433,-0.4779,False,True,-6.17,-0.83,21.43,-13.57,-1.83,32.5,,OHLC,—,HH/HL,DT,False,273,2,BBNX,HM_R23_第二梯隊
BRKR,2026-10-01,61.94,2.98,True,59.22,0.132,0.33,False,61.2,-1.24,62.4,False,4.82,4.57,65.9,-2.5,B 上升結構,False,2:49,84.6,升,120.0,12,False,12.0,0.4219,0.6658,,False,True,4.39,0.91,59.67,3.66,0.76,137.7,,OHLC,↑,HH/HL,自然回檔,False,273,2,BRKR,Combined_R22
HHH,2026-10-01,72.06,2.53,True,66.07,0.232,0.78,False,79.7,-0.97,80.7,True,3.5,2.29,26.8,-0.8,C 基底修復,False,1:42,50.9,升,78.0,9,False,12.0,1.3418,1.5002,,False,False,8.31,2.37,63.75,11.53,3.29,58.8,,OHLC,↑,HH/HL,自然回檔,False,273,2,HHH,HM_R23_熱錢板塊
MYE,2026-10-01,31.29,1.0,False,31.62,-0.105,-0.29,False,82.6,-0.09,82.7,True,3.2,2.05,68.6,5.0,C 基底修復,False,12:03,1.5,升,51.0,9,False,12.0,0.0705,0.0673,,False,True,-1.06,-0.33,29.14,6.87,2.15,10.3,,OHLC,—,HH/HL,自然回檔,True,273,2,MYE,HM_R23_熱錢板塊
BSX,2026-10-01,43.23,1.36,False,45.8,-0.223,-0.75,True,81.9,0.17,81.8,True,3.16,2.21,14.9,9.5,D 趨勢弱,False,11:29,344.5,升,41.0,6,False,13.0,0.0353,0.059,,False,False,-5.94,-1.88,44.92,-3.91,-1.24,947.0,,OHLC,—,LH/LL,DT,True,273,2,BSX,SubSector_R12
AMGN,2026-10-01,407.27,10.5,False,408.77,-0.757,-0.05,False,85.1,-1.16,86.2,True,2.58,2.18,45.5,-18.9,C 基底修復,False,11:18,339.1,升,38.0,6,False,13.0,2.5927,3.5299,,False,True,-0.37,-0.14,415.76,-2.08,-0.81,1292.9,,OHLC,—,LH/LL,自然回檔,False,273,2,AMGN,SubSector_R12
ACRE,2026-10-01,3.87,0.12,False,4.31,-0.049,-1.45,False,81.4,-0.08,81.5,True,3.18,2.28,1.6,1.6,D 趨勢弱,True,8:49,264.6,跌,204.0,25,False,13.0,-0.0452,-0.0404,-0.0452,False,False,-11.28,-3.55,4.42,-14.21,-4.47,2.1,,OHLC,↓,LH/LL,DT,False,273,2,ACRE,HM_R23_熱錢板塊
CAG,2026-10-01,13.2,0.45,False,14.97,-0.183,-1.14,False,82.0,-0.64,82.6,True,3.4,1.96,0.0,0.0,D 趨勢弱,True,8:49,264.6,跌,236.0,23,False,13.0,-0.1839,-0.1545,-0.2251,False,False,-13.44,-3.95,13.74,-4.09,-1.2,198.0,,OHLC,↓,LH/LL,DT,False,273,2,CAG,SubSector_R12
NEO,2026-10-01,17.78,0.85,True,18.39,0.037,0.34,False,67.4,-1.24,68.6,False,4.8,3.33,71.7,-1.1,B 上升結構,False,5:15,157.3,跌,37.0,5,False,13.0,-0.205,-0.1317,-0.205,False,True,-3.44,-0.72,19.56,-10.01,-2.09,39.6,,OHLC,—,LH/LL,自然回檔,False,273,2,NEO,Combined_R22+HM_R23_差一項
CAI,2026-10-01,28.35,1.54,True,27.8,0.248,0.68,False,58.0,-3.85,61.8,False,5.43,4.64,46.9,-4.1,B 上升結構,False,3:22,101.0,跌,6.0,1,False,13.0,-0.2417,0.0202,-0.4388,False,True,1.95,0.36,29.98,-5.75,-1.06,149.1,,OHLC,—,HH/HL,DT,False,273,2,CAI,HM_R23_熱錢板塊
AMN,2026-10-01,35.86,1.21,True,34.3,0.026,0.12,True,75.0,0.17,74.8,False,3.39,3.3,75.4,-3.2,A 待突破,False,2:49,84.6,升,128.0,12,False,13.0,0.1616,0.1229,,False,False,4.36,1.29,33.91,5.44,1.61,21.4,,OHLC,—,HH/HL,UT,True,273,2,AMN,Combined_R22
CHD,2026-10-01,94.11,1.65,False,96.99,-0.217,-0.49,True,93.2,0.38,92.8,True,1.75,1.25,24.3,-10.0,D 趨勢弱,False,2:49,84.6,升,122.0,7,False,13.0,0.0074,0.0463,,False,False,-3.06,-1.75,93.04,1.14,0.65,179.0,,OHLC,—,HH/HL,DT,True,273,2,CHD,SubSector_R12
VNCE,2026-10-01,10.15,1.11,True,8.38,0.051,0.41,True,29.3,0.65,28.7,False,10.92,8.09,58.0,0.4,E 延伸,False,2:41,80.6,升,95.0,13,False,13.0,0.0609,0.1345,,False,False,17.44,1.6,9.13,10.05,0.92,5.3,,OHLC,↑,HH/HL,自然回檔,False,255,2,VNCE,HM_R23_差一項
PLTR,2026-10-01,190.04,6.25,True,178.86,0.452,0.28,True,69.4,0.53,68.9,False,3.29,4.45,65.8,-4.1,B 上升結構,False,12:26,12.9,升,57.0,7,False,13.0,0.2214,0.2468,,False,False,5.88,1.79,184.81,2.75,0.84,4319.0,,OHLC,↑,HH/HL,自然回檔,False,273,2,PLTR,SubSector_R12+Combined_R22+AI_R13
MRVI,2026-10-01,7.5,0.39,True,7.76,0.062,0.46,False,59.3,-0.55,59.8,False,5.19,4.61,77.3,-3.5,B 上升結構,False,12:10,4.9,升,53.0,6,False,13.0,0.033,0.0471,,False,True,-3.42,-0.66,8.43,-12.4,-2.39,17.7,,OHLC,—,HH/HL,自然回檔,True,273,2,MRVI,HM_R23_差一項
AGEN,2026-10-01,8.33,0.66,True,8.15,0.038,0.65,False,31.9,-5.91,37.8,False,7.93,9.92,66.1,1.1,B 上升結構,False,12:07,3.3,升,52.0,8,False,13.0,0.1128,0.2156,,False,True,2.17,0.27,8.4,-0.84,-0.11,9.4,,OHLC,↑,HH/HL,自然回檔,False,273,2,AGEN,HM_R23_熱錢板塊
PHM,2026-10-01,116.35,3.1,False,120.94,-0.667,-0.62,True,86.4,0.42,86.0,True,2.66,1.83,18.5,2.7,D 趨勢弱,False,11:58,359.2,升,50.0,8,False,14.0,0.0391,0.1035,,False,False,-3.94,-1.48,121.09,-4.07,-1.53,203.2,,OHLC,↓,LH/LL,DT,False,273,2,PHM,SubSector_R12
KOD,2026-10-01,98.46,7.24,True,71.25,1.746,4.91,True,25.8,0.11,25.7,False,7.35,13.5,65.0,0.0,E 延伸,False,11:44,352.2,升,46.0,6,False,14.0,7.9263,7.2831,,False,False,27.64,3.76,,,,267.1,,OHLC,—,LH/LL,UT,False,273,2,KOD,HM_R23_熱錢板塊
KRT,2026-10-01,53.37,1.72,True,50.04,0.137,0.5,False,82.0,-0.14,82.1,True,3.23,2.14,66.6,-1.3,E 延伸,False,11:40,350.0,升,44.0,8,False,14.0,0.0681,0.0923,,False,False,6.24,1.93,54.66,-2.43,-0.75,9.1,,OHLC,—,LH/LL,自然回檔,False,273,2,KRT,HM_R23_差一項
PINS,2026-10-01,19.46,0.77,False,19.87,-0.087,-0.66,True,73.5,0.22,73.3,False,3.95,3.02,12.9,5.2,D 趨勢弱,False,10:13,306.6,升,20.0,5,False,14.0,0.1764,0.1113,,False,True,-2.1,-0.53,19.36,0.51,0.13,290.1,,OHLC,↓,LH/LL,自然反彈,False,273,2,PINS,SubSector_R12
ZS,2026-10-01,198.78,9.61,True,185.3,0.22,0.21,True,64.1,1.01,63.1,False,4.84,3.95,42.6,-4.9,D 趨勢弱,False,4:27,133.6,跌,24.0,2,False,14.0,-0.5336,-0.1419,-3.1423,False,False,6.78,1.4,193.05,2.88,0.6,730.0,,OHLC,↑,HH/HL,UT,False,273,2,ZS,SubSector_R12+Combined_R22
BDSX,2026-10-01,27.33,2.15,True,27.74,0.172,0.44,False,47.9,-4.62,52.5,False,7.87,4.63,64.6,-0.7,B 上升結構,False,3:35,107.3,跌,10.0,1,False,14.0,-0.1626,0.0106,-0.2227,False,True,-1.49,-0.19,29.14,-6.62,-0.84,2.7,,OHLC,↑,HH/HL,自然回檔,False,273,2,BDSX,HM_R23_熱錢板塊
GOOGL,2026-10-01,338.24,9.12,False,343.14,-0.058,-0.02,False,84.5,-1.22,85.7,True,2.7,2.17,36.1,-21.8,C 基底修復,False,3:23,101.7,跌,7.0,1,False,14.0,-0.2882,0.0548,-0.829,False,True,-1.45,-0.54,336.02,0.66,0.24,9330.6,,OHLC,↑,HH/HL,自然回檔,False,273,2,GOOGL,SubSector_R12+Combined_R22+AI_R13
A,2026-10-01,166.68,4.96,True,157.86,0.511,0.62,False,84.6,-1.05,85.7,True,2.98,1.87,58.0,-2.7,B 上升結構,False,2:31,75.5,升,92.0,10,False,14.0,1.0636,1.8095,,False,False,5.29,1.78,153.43,7.95,2.67,395.5,,OHLC,↑,HH/HL,自然回檔,False,273,2,A,SubSector_R12+RateHike_R2_受惠
CDNA,2026-10-01,66.23,2.86,True,54.5,0.933,1.16,True,60.8,0.36,60.5,False,4.31,5.15,65.0,0.0,E 延伸,False,1:25,42.4,升,74.0,8,False,14.0,0.9436,0.9519,,False,False,17.71,4.11,54.31,18.0,4.17,74.8,,OHLC,↑,HH/HL,UT,False,273,2,CDNA,HM_R23_熱錢板塊
SHOP,2026-10-01,149.09,6.63,True,140.44,0.012,-0.11,True,66.3,0.71,65.6,False,4.45,3.9,48.5,-5.5,B 上升結構,False,1:22,40.9,升,73.0,8,False,14.0,1.5866,1.5591,,False,False,5.8,1.3,126.39,15.23,3.42,1447.9,,OHLC,↑,HH/HL,UT,False,273,2,SHOP,SubSector_R12
SPG,2026-10-01,200.81,3.02,False,208.63,-0.617,-0.86,True,95.0,0.32,94.7,True,1.51,1.01,22.7,-0.0,D 趨勢弱,False,1:19,39.4,升,72.0,8,False,14.0,0.1703,0.2722,,False,False,-3.89,-2.58,206.2,-2.68,-1.78,257.5,,OHLC,↓,LH/LL,DT,False,273,2,SPG,SubSector_R12
HIMS,2026-10-01,29.3,1.71,False,29.54,-0.03,0.05,True,53.3,0.09,53.2,False,5.84,5.3,51.5,-11.5,D 趨勢弱,False,1:12,36.0,升,70.0,10,False,14.0,0.1851,0.198,,False,True,-0.81,-0.14,28.7,2.05,0.35,277.6,,OHLC,↑,HH/HL,UT,False,273,2,HIMS,SubSector_R12
NCLH,2026-10-01,14.64,0.6,False,15.18,-0.08,-0.95,True,73.6,0.47,73.1,False,4.12,2.82,9.9,4.0,D 趨勢弱,False,12:37,18.7,升,60.0,8,False,14.0,0.1817,0.1736,,False,True,-3.7,-0.9,14.61,0.2,0.05,285.1,,OHLC,↓,LH/LL,自然反彈,False,273,2,NCLH,SubSector_R12
BLZE,2026-10-01,14.18,0.88,False,14.34,-0.234,-1.05,True,49.2,1.2,48.0,False,6.22,5.93,55.5,-3.0,D 趨勢弱,False,12:09,4.6,升,53.0,9,False,14.0,0.1635,0.1342,,False,True,-1.14,-0.18,13.16,7.19,1.16,23.7,,OHLC,—,HH/HL,次級反彈,True,273,2,BLZE,HM_R23_熱錢板塊
PYPL,2026-10-01,53.06,1.63,False,54.8,-0.205,-0.61,True,77.2,0.67,76.5,True,3.08,3.2,37.5,-0.5,D 趨勢弱,False,10:47,323.4,升,30.0,5,False,,0.1182,0.1264,,False,False,-3.29,-1.07,51.81,2.35,0.77,658.5,,OHLC,—,HH/HL,DT,True,273,2,PYPL,SubSector_R12
PRIM,2026-10-01,76.25,3.41,False,75.16,-0.113,-0.36,True,69.1,0.36,68.7,False,4.47,3.33,9.5,-2.2,D 趨勢弱,False,10:19,309.6,升,22.0,3,False,,0.3459,0.1719,,False,True,1.43,0.32,75.45,1.05,0.23,99.0,,OHLC,—,LH/LL,UT,True,273,2,PRIM,SubSector_R12
TNON,2026-10-01,4.04,1.04,False,5.54,-0.966,-1.3,True,7.7,0.2,7.5,False,25.69,18.56,19.4,-0.9,D 趨勢弱,True,9:56,298.2,升,16.0,2,False,,0.1086,0.0496,,False,False,-37.18,-1.45,3.13,22.52,0.88,84.6,,OHLC,—,LH/LL,自然反彈,True,273,2,TNON,HM_R23_差一項
ELV,2026-10-01,381.67,10.06,False,404.62,-0.579,-0.14,False,85.7,-0.74,86.4,True,2.64,2.0,45.7,-6.7,C 基底修復,True,8:01,240.7,跌,84.0,9,False,,-3.3992,-2.9617,-3.3992,False,False,-6.01,-2.28,,,,514.6,,OHLC,—,HH/HL,DT,False,273,2,ELV,SubSector_R12
VSAT,2026-10-01,70.35,3.97,False,72.76,-0.203,-0.39,True,61.4,0.02,61.4,False,5.65,3.69,50.9,-1.5,C 基底修復,False,5:43,171.5,跌,45.0,3,False,,-0.2949,-0.2678,-1.6121,False,True,-3.42,-0.61,71.48,-1.61,-0.28,121.9,,OHLC,↓,LH/LL,DT,False,273,2,VSAT,Combined_R22
MDB,2026-10-01,351.73,27.16,False,371.21,-1.616,-1.26,True,47.5,1.35,46.1,False,7.72,4.87,29.5,0.1,D 趨勢弱,False,4:31,135.4,跌,25.0,4,False,,-6.1048,-5.9938,-11.9742,False,True,-5.54,-0.72,373.87,-6.29,-0.82,1121.8,,OHLC,↓,LH/LL,自然反彈,False,273,2,MDB,SubSector_R12+Combined_R22+AI_R13
STAG,2026-10-01,35.72,0.6,False,37.09,-0.028,-0.14,True,93.4,0.17,93.2,True,1.67,1.27,16.0,-1.5,D 趨勢弱,False,4:04,121.8,跌,18.0,3,False,,-0.1277,-0.0819,-0.4892,False,False,-3.83,-2.29,37.7,-5.54,-3.32,61.7,,OHLC,↓,LH/LL,DT,False,273,2,STAG,SubSector_R12
BNC,2026-10-01,5.98,0.47,True,5.16,0.01,0.09,True,37.4,1.35,36.0,False,7.81,7.88,50.0,5.0,E 延伸,False,3:59,119.6,跌,16.0,2,False,,-0.0449,-0.027,-0.0612,False,False,13.71,1.76,6.11,-2.17,-0.28,29.6,,OHLC,—,HH/HL,自然反彈,False,255,2,BNC,HM_R23_差一項
BABA,2026-10-01,107.45,2.84,False,115.44,-0.623,-0.76,True,83.7,1.8,81.9,True,2.64,2.39,20.2,0.9,D 趨勢弱,False,3:57,118.5,跌,16.0,2,False,,-0.1063,-0.072,-1.8376,False,False,-7.43,-2.81,111.25,-3.54,-1.34,906.5,,OHLC,↓,LH/LL,DT,False,273,2,BABA,AI_R13
ADPT,2026-10-01,27.37,1.27,True,26.86,0.133,0.54,False,69.0,-2.39,71.3,False,4.65,3.18,61.4,-2.3,B 上升結構,False,3:56,118.2,跌,16.0,1,False,,-0.0105,0.1319,-0.3108,False,True,1.87,0.4,27.86,-1.79,-0.39,68.2,,OHLC,—,HH/HL,DT,False,273,2,ADPT,Combined_R22
CYPH,2026-10-01,2.92,0.46,True,2.74,0.043,0.5,False,19.0,-2.43,21.4,False,15.89,9.81,50.0,-3.5,E 延伸,False,3:46,113.2,跌,13.0,2,False,,-0.0728,-0.0224,-0.0728,False,True,6.21,0.39,3.61,-23.63,-1.49,61.5,,OHLC,—,HH/HL,DT,False,273,2,CYPH,HM_R23_熱錢板塊
RDW,2026-10-01,10.57,0.74,False,11.11,-0.062,-0.56,True,49.7,0.89,48.8,False,7.02,4.99,27.0,-1.8,D 趨勢弱,False,3:44,112.2,跌,12.0,2,False,,-0.0519,-0.0287,-0.2722,False,True,-5.1,-0.73,11.27,-6.62,-0.94,146.0,,OHLC,—,HH/HL,DT,True,273,2,RDW,SubSector_R12+Combined_R22
PKG,2026-10-01,229.71,5.27,False,236.72,-0.741,-0.53,True,88.8,0.09,88.7,True,2.29,1.71,40.6,1.9,C 基底修復,False,3:34,107.1,跌,10.0,1,False,,-0.175,0.0453,-3.1818,False,False,-3.05,-1.33,228.84,0.38,0.17,144.6,,OHLC,—,HH/HL,DT,False,273,2,PKG,SubSector_R12
AOUT,2026-10-01,16.04,0.79,True,14.33,0.046,0.33,True,56.9,0.12,56.7,False,4.94,5.38,68.3,-0.7,E 延伸,False,3:29,104.4,跌,8.0,1,False,,-0.0626,0.0264,-0.219,False,False,10.68,2.16,15.23,5.05,1.02,5.7,,OHLC,—,HH/HL,自然回檔,True,255,2,AOUT,HM_R23_差一項
BIDU,2026-10-01,85.59,2.4,False,91.9,-0.162,-0.73,True,81.8,0.09,81.7,True,2.8,2.6,15.2,-0.9,D 趨勢弱,False,3:29,104.3,跌,8.0,1,False,,-0.0278,0.0195,-1.5993,False,False,-7.38,-2.63,92.43,-7.99,-2.85,233.0,,OHLC,↓,LH/LL,DT,False,273,2,BIDU,AI_R13
FEIM,2026-10-01,85.97,5.0,True,77.48,0.394,0.32,True,45.7,0.46,45.3,False,5.82,7.25,63.0,1.0,E 延伸,False,3:25,102.4,跌,7.0,1,False,,-0.0124,0.0868,-2.008,False,False,9.88,1.7,88.43,-2.86,-0.49,33.0,,OHLC,—,LH/LL,次級反彈,True,273,2,FEIM,HM_R23_差一項
ACVA,2026-10-01,10.45,0.25,True,9.87,0.039,1.02,True,68.9,0.99,67.9,False,2.36,5.48,55.4,0.0,E 延伸,False,3:24,102.1,跌,7.0,1,False,,-0.0123,0.0159,-0.117,False,False,5.58,2.36,10.42,0.24,0.1,158.4,,OHLC,—,HH/HL,UT,True,273,2,ACVA,HM_R23_差一項
BE,2026-10-01,277.58,20.99,True,255.66,1.645,0.42,True,41.8,0.75,41.1,False,7.56,6.65,53.2,0.1,E 延伸,False,3:23,101.4,跌,6.0,1,False,,-0.3056,0.145,-0.345,False,False,7.9,1.04,270.89,2.41,0.32,4831.0,,OHLC,—,HH/HL,自然回檔,True,273,2,BE,Combined_R22+AI_R13
ALMU,2026-10-01,12.58,0.93,False,13.12,-0.081,-0.53,True,47.3,1.25,46.0,False,7.37,5.29,14.0,4.7,D 趨勢弱,False,2:49,84.6,升,129.0,16,False,,0.0741,0.0866,,False,True,-4.33,-0.59,12.54,0.32,0.04,8.2,,OHLC,—,HH/HL,DT,False,273,2,ALMU,HM_R23_熱錢板塊
AMBQ,2026-10-01,69.15,3.92,True,63.07,0.24,0.12,True,57.1,1.53,55.6,False,5.67,4.59,50.9,0.6,E 延伸,False,2:49,84.6,升,155.0,21,False,,0.5435,0.5849,,False,False,8.8,1.55,64.81,6.28,1.11,37.6,,OHLC,↑,HH/HL,UT,False,273,2,AMBQ,HM_R23_熱錢板塊
AMD,2026-10-01,615.73,23.78,True,535.28,4.137,0.8,True,68.6,0.52,68.1,False,3.86,4.04,63.6,0.4,E 延伸,False,2:49,84.6,升,148.0,19,False,,4.8069,6.4784,,False,False,13.07,3.38,596.07,3.19,0.83,12580.8,,OHLC,↑,HH/HL,自然回檔,False,273,2,AMD,SubSector_R12+Combined_R22+AI_R13
BAND,2026-10-01,62.44,4.38,True,52.87,0.253,0.32,True,42.1,0.54,41.5,False,7.02,7.12,52.8,1.3,E 延伸,False,2:49,84.6,升,135.0,17,False,,1.0925,1.2071,,False,False,15.33,2.18,60.71,2.77,0.39,52.8,,OHLC,↑,HH/HL,UT,False,273,2,BAND,HM_R23_熱錢板塊
CAT,2026-10-01,826.35,22.6,False,807.12,-0.545,-0.25,False,84.5,-0.21,84.8,True,2.73,2.13,60.5,6.4,C 基底修復,False,2:49,84.6,升,149.0,19,False,,4.3364,4.0848,,False,True,2.33,0.85,822.48,0.47,0.17,1879.3,,OHLC,—,LH/LL,自然反彈,True,273,2,CAT,SubSector_R12+Combined_R22
CEVA,2026-10-01,35.52,1.75,True,29.81,0.127,0.34,True,57.8,0.78,57.0,False,4.92,5.2,53.4,-0.1,E 延伸,False,2:49,84.6,升,285.0,21,False,,0.7543,0.8391,,False,False,16.07,3.26,34.48,2.93,0.59,20.6,,OHLC,↑,HH/HL,UT,False,273,2,CEVA,HM_R23_熱錢板塊
CLS,2026-10-01,373.09,20.0,True,330.06,2.778,0.32,True,56.7,0.54,56.2,False,5.36,5.0,48.4,2.1,E 延伸,False,2:49,84.6,升,267.0,19,False,,3.5382,3.6072,,False,False,11.53,2.15,356.53,4.44,0.83,813.2,,OHLC,↑,HH/HL,UT,False,273,2,CLS,Combined_R22
CRWD,2026-10-01,266.09,11.75,True,227.63,1.447,0.44,True,63.8,0.41,63.4,False,4.42,4.44,65.0,-0.4,E 延伸,False,2:49,84.6,升,126.0,14,False,,1.7828,2.0602,,False,False,14.45,3.27,252.13,5.25,1.19,2617.4,,OHLC,↑,HH/HL,UT,False,273,2,CRWD,SubSector_R12+Combined_R22+AI_R13
DAL,2026-10-01,84.13,2.32,False,80.95,-0.007,-0.11,True,85.5,0.44,85.1,True,2.76,1.92,53.5,7.4,C 基底修復,False,2:49,84.6,升,113.0,14,False,,0.6727,0.7437,,False,False,3.77,1.37,81.75,2.83,1.03,582.8,,OHLC,↑,HH/HL,UT,False,273,2,DAL,SubSector_R12
DDOG,2026-10-01,276.46,12.19,True,235.78,1.022,0.28,True,64.4,0.68,63.7,False,4.41,4.33,72.0,1.1,E 延伸,False,2:49,84.6,升,122.0,14,False,,5.1526,5.3386,,False,False,14.72,3.34,229.92,16.83,3.82,832.8,,OHLC,↑,HH/HL,UT,False,273,2,DDOG,SubSector_R12+Combined_R22
DRH,2026-10-01,12.51,0.28,False,12.38,-0.006,0.03,False,90.4,-0.03,90.5,True,2.2,1.44,54.3,-2.4,C 基底修復,False,2:49,84.6,升,116.0,12,False,,0.0346,0.0337,,False,True,1.08,0.49,11.85,5.28,2.4,38.5,,OHLC,—,HH/HL,自然回檔,True,273,2,DRH,Combined_R22
EXTR,2026-10-01,21.97,0.76,False,22.04,-0.05,-0.72,True,72.4,0.48,71.9,False,3.45,3.72,43.7,4.3,D 趨勢弱,False,2:49,84.6,升,190.0,25,False,,0.1352,0.096,,False,True,-0.34,-0.1,22.2,-1.05,-0.3,30.9,,OHLC,↓,LH/LL,自然反彈,False,273,2,EXTR,HM_R23_熱錢板塊
FCEL,2026-10-01,16.57,1.41,False,16.98,-0.199,-0.74,True,36.3,1.1,35.2,False,8.49,7.57,62.0,1.7,D 趨勢弱,False,2:49,84.6,升,119.0,11,False,,0.1373,0.1466,,False,True,-2.46,-0.29,15.75,4.95,0.58,100.0,,OHLC,—,HH/HL,自然回檔,True,273,2,FCEL,HM_R23_差一項
FLEX,2026-10-01,112.78,5.35,False,110.57,-0.134,-0.27,True,65.9,0.52,65.4,False,4.74,3.69,58.9,5.5,D 趨勢弱,False,2:49,84.6,升,185.0,18,False,,0.6051,0.6337,,False,True,1.96,0.41,108.01,4.23,0.89,367.8,,OHLC,—,HH/HL,次級反彈,True,273,2,FLEX,SubSector_R12
FORM,2026-10-01,148.44,7.43,True,116.15,1.024,0.39,True,54.4,0.61,53.8,False,5.01,5.87,60.1,-0.9,E 延伸,False,2:49,84.6,升,143.0,17,False,,3.8364,3.6729,,False,False,21.75,4.34,112.47,24.23,4.84,148.9,,OHLC,↑,HH/HL,UT,False,273,2,FORM,AI_R13
GCTS,2026-10-01,2.14,0.13,True,1.97,0.003,0.06,True,55.0,0.36,54.6,False,5.9,4.85,54.1,0.1,E 延伸,False,2:49,84.6,升,131.0,17,False,,0.0178,0.0235,,False,False,7.99,1.35,1.87,12.62,2.14,3.0,,OHLC,—,HH/HL,自然回檔,True,255,2,GCTS,HM_R23_差一項
GLND,2026-10-01,4.4,0.71,True,3.92,0.014,0.85,False,12.7,-1.82,14.5,False,16.19,16.93,15.0,0.0,E 延伸,False,2:49,84.6,升,226.0,26,False,,0.3145,0.3987,,False,True,10.84,0.67,4.49,-2.05,-0.13,139.1,,OHLC,↑,HH/HL,自然回檔,False,134,2,GLND,HM_R23_熱錢板塊
GRPN,2026-10-01,19.53,1.12,False,19.53,-0.022,-0.13,True,57.5,0.86,56.7,False,5.75,4.43,39.2,-2.8,D 趨勢弱,False,2:49,84.6,升,131.0,18,False,,0.1351,0.1992,,False,True,0.02,0.0,20.04,-2.61,-0.45,23.4,,OHLC,—,HH/HL,DT,False,273,2,GRPN,HM_R23_熱錢板塊
INTC,2026-10-01,120.0,6.07,True,104.85,0.891,0.51,True,60.7,0.34,60.3,False,5.06,4.43,56.1,-0.1,E 延伸,False,2:49,84.6,升,167.0,20,False,,0.7549,1.0528,,False,False,12.63,2.49,115.93,3.39,0.67,12342.3,,OHLC,↑,HH/HL,自然反彈,False,273,2,INTC,SubSector_R12+Combined_R22+AI_R13
KN,2026-10-01,38.23,1.17,True,35.16,0.083,-0.05,False,79.5,-0.16,79.6,True,3.05,2.79,67.8,-0.5,B 上升結構,False,2:49,84.6,升,133.0,19,False,,0.2795,0.2482,,False,False,8.02,2.63,34.61,9.47,3.1,23.5,,OHLC,↑,HH/HL,UT,False,273,2,KN,HM_R23_第二梯隊
LASR,2026-10-01,39.93,2.17,False,41.41,-0.247,-0.81,True,49.8,0.64,49.2,False,5.44,6.54,32.5,7.0,D 趨勢弱,False,2:49,84.6,升,313.0,18,False,,0.7033,0.6963,,False,True,-3.71,-0.68,40.37,-1.1,-0.2,36.4,,OHLC,—,LH/LL,自然反彈,True,273,2,LASR,AI_R13
LII,2026-10-01,360.46,10.72,False,376.03,-1.793,-0.83,True,76.4,0.31,76.0,True,2.98,3.45,20.5,2.8,D 趨勢弱,False,2:49,84.6,升,219.0,26,False,,2.3977,2.5135,,False,False,-4.32,-1.45,372.0,-3.2,-1.08,186.9,,OHLC,—,LH/LL,DT,True,273,2,LII,SubSector_R12
LPTH,2026-10-01,10.85,0.74,False,10.53,-0.078,-0.92,True,44.0,0.69,43.3,False,6.79,6.78,20.3,-10.4,D 趨勢弱,False,2:49,84.6,升,131.0,9,False,,0.193,0.1465,,False,True,2.97,0.44,9.81,9.59,1.41,28.9,,OHLC,—,HH/HL,UT,True,273,2,LPTH,AI_R13
MOD,2026-10-01,189.21,10.92,False,187.71,-0.265,-0.3,True,58.0,0.71,57.3,False,5.77,4.3,18.7,0.4,D 趨勢弱,False,2:49,84.6,升,186.0,20,False,,0.7097,0.6327,,False,True,0.79,0.14,195.92,-3.55,-0.61,252.0,,OHLC,↑,HH/HL,次級反彈,False,273,2,MOD,SubSector_R12+Combined_R22+AI_R13
MSGS,2026-10-01,399.19,11.38,False,396.85,-0.303,-0.1,False,87.4,-1.56,89.0,True,2.85,1.43,70.6,-0.3,A 待突破,False,2:49,84.6,升,149.0,13,False,,0.9937,1.7967,,False,True,0.59,0.21,398.52,0.17,0.06,124.1,,OHLC,↑,HH/HL,自然回檔,False,273,2,MSGS,Combined_R22
MXL,2026-10-01,92.12,6.42,True,74.83,0.681,0.42,True,41.1,0.76,40.3,False,6.97,7.49,50.0,0.0,E 延伸,False,2:49,84.6,升,162.0,18,False,,1.7712,2.0482,,False,False,18.76,2.69,90.0,2.3,0.33,233.7,,OHLC,↑,HH/HL,次級反彈,False,273,2,MXL,HM_R23_熱錢板塊
NET,2026-10-01,351.0,16.47,True,316.3,1.754,0.34,True,66.8,0.8,66.0,False,4.69,3.55,70.0,-0.1,E 延伸,False,2:49,84.6,升,138.0,16,False,,0.6865,1.3181,,False,False,9.89,2.11,338.67,3.51,0.75,1030.2,,OHLC,↑,HH/HL,自然回檔,False,273,2,NET,Combined_R22+AI_R13
NXT,2026-10-01,79.48,3.82,False,82.73,-0.464,-0.7,True,65.8,0.25,65.5,False,4.81,3.65,21.4,1.2,D 趨勢弱,False,2:49,84.6,升,169.0,18,False,,0.3518,0.3091,,False,True,-4.09,-0.85,83.36,-4.88,-1.02,168.2,,OHLC,—,LH/LL,DT,True,273,2,NXT,SubSector_R12
OCC,2026-10-01,17.35,1.09,True,13.92,0.002,-0.32,True,50.3,1.45,48.8,False,6.26,5.62,60.0,0.0,E 延伸,False,2:49,84.6,升,101.0,17,False,,0.3904,0.3128,,False,False,19.8,3.16,14.16,18.39,2.94,3.9,,OHLC,↑,HH/HL,UT,False,273,2,OCC,HM_R23_差一項
ON,2026-10-01,80.08,3.4,True,72.72,0.06,-0.1,True,69.8,0.32,69.5,False,4.25,3.43,31.8,5.2,D 趨勢弱,False,2:49,84.6,升,282.0,25,False,,1.2706,1.0983,,False,False,9.19,2.16,66.6,16.83,3.96,843.7,,OHLC,—,HH/HL,自然反彈,False,273,2,ON,SubSector_R12
PLTK,2026-10-01,2.17,0.11,False,2.28,-0.008,-0.33,True,59.5,0.71,58.8,False,5.11,4.64,23.6,4.4,D 趨勢弱,False,2:49,84.6,升,223.0,24,False,,0.0199,0.0184,,False,True,-4.95,-0.97,2.32,-6.91,-1.35,2.5,,OHLC,↓,LH/LL,DT,False,273,2,PLTK,SubSector_R12
POWI,2026-10-01,51.5,2.38,False,51.25,-0.153,-0.42,True,66.6,0.42,66.2,False,4.63,3.67,19.4,-3.2,D 趨勢弱,False,2:49,84.6,升,129.0,16,False,,0.6961,0.7432,,False,True,0.48,0.1,49.08,4.7,1.02,38.6,,OHLC,—,HH/HL,自然回檔,True,273,2,POWI,HM_R23_熱錢板塊
PRTH,2026-10-01,7.78,0.22,True,7.42,0.031,0.78,True,67.5,1.05,66.5,False,2.85,5.26,56.2,-0.2,E 延伸,False,2:49,84.6,升,163.0,29,False,,0.1326,0.1666,,False,False,4.63,1.62,7.76,0.26,0.09,16.3,,OHLC,↑,HH/HL,UT,False,273,2,PRTH,HM_R23_差一項
PWR,2026-10-01,662.6,21.57,False,629.63,-1.231,-0.44,True,76.9,0.17,76.7,True,3.25,3.07,61.9,-0.5,B 上升結構,False,2:49,84.6,升,145.0,17,False,,3.9967,3.2965,,False,False,4.98,1.53,626.41,5.46,1.68,524.5,,OHLC,↑,HH/HL,UT,False,273,2,PWR,SubSector_R12+Combined_R22+AI_R13
RGR,2026-10-01,43.71,0.97,True,40.07,0.247,0.96,False,88.3,-0.11,88.4,True,2.22,1.88,42.1,-1.3,E 延伸,False,2:49,84.6,升,187.0,11,False,,0.3476,0.3235,,False,False,8.34,3.76,37.71,13.73,6.19,9.2,,OHLC,↑,HH/HL,UT,False,273,2,RGR,HM_R23_差一項
RMBS,2026-10-01,107.29,5.16,True,91.29,0.196,0.15,True,63.7,0.98,62.7,False,4.81,4.07,19.2,-0.9,E 延伸,False,2:49,84.6,升,206.0,18,False,,2.1456,2.2925,,False,False,14.91,3.1,102.12,4.82,1.0,249.3,,OHLC,↑,HH/HL,UT,False,273,2,RMBS,AI_R13
RXT,2026-10-01,3.86,0.31,True,3.49,0.006,-0.11,True,36.1,1.2,34.9,False,7.97,8.17,60.0,10.0,E 延伸,False,2:49,84.6,升,114.0,19,False,,0.0409,0.0521,,False,False,9.51,1.19,3.8,1.55,0.2,25.2,,OHLC,—,HH/HL,次級反彈,True,273,2,RXT,AI_R13+HM_R23_差一項
S,2026-10-01,24.67,1.13,True,21.97,0.093,0.13,True,65.5,0.61,64.9,False,4.57,3.94,59.0,-5.8,E 延伸,False,2:49,84.6,升,98.0,13,False,,0.1065,0.0535,,False,False,10.95,2.39,22.38,9.28,2.03,200.3,,OHLC,↑,HH/HL,UT,False,273,2,S,SubSector_R12
SMTC,2026-10-01,186.59,11.35,True,155.51,1.661,0.47,True,49.8,0.72,49.1,False,6.08,5.9,65.0,2.2,E 延伸,False,2:49,84.6,升,210.0,26,False,,0.5537,0.3583,,False,False,16.66,2.74,174.78,6.33,1.04,569.0,,OHLC,↑,HH/HL,UT,False,273,2,SMTC,AI_R13
STRL,2026-10-01,505.12,26.02,False,493.12,-1.673,-0.44,True,57.9,0.87,57.0,False,5.15,4.95,28.1,-5.8,D 趨勢弱,False,2:49,84.6,升,150.0,19,False,,3.9241,4.1535,,False,True,2.38,0.46,491.78,2.64,0.51,263.7,,OHLC,—,HH/HL,次級反彈,True,273,2,STRL,HM_R23_熱錢板塊
UMC,2026-10-01,25.21,0.93,True,22.06,0.204,0.83,True,69.6,0.74,68.9,False,3.68,4.03,69.0,1.5,E 延伸,False,2:49,84.6,升,255.0,37,False,,0.0348,0.0284,,False,False,12.51,3.4,23.85,5.39,1.47,254.1,,OHLC,↑,HH/HL,UT,False,273,2,UMC,SubSector_R12
VPG,2026-10-01,75.09,4.03,True,65.15,0.279,-0.11,True,50.9,0.32,50.5,False,5.37,6.36,60.0,0.0,E 延伸,False,2:49,84.6,升,183.0,29,False,,1.9207,1.8861,,False,False,13.24,2.47,68.13,9.27,1.73,21.5,,OHLC,↑,HH/HL,UT,False,273,2,VPG,HM_R23_熱錢板塊
VSH,2026-10-01,34.27,1.64,True,31.54,0.04,-0.11,True,59.7,0.46,59.2,False,4.79,4.92,60.0,2.0,E 延伸,False,2:49,84.6,升,171.0,42,False,,0.3505,0.262,,False,False,7.96,1.66,31.8,7.21,1.5,102.5,,OHLC,↑,HH/HL,UT,False,273,2,VSH,HM_R23_熱錢板塊
PANW,2026-10-01,396.25,17.55,True,362.29,0.84,0.09,True,67.6,0.86,66.7,False,4.43,3.67,69.9,-5.6,E 延伸,False,2:37,78.6,升,94.0,13,False,,2.7769,2.9553,,False,False,8.57,1.93,374.74,5.43,1.23,2341.9,,OHLC,↑,HH/HL,UT,False,273,2,PANW,SubSector_R12+Combined_R22+AI_R13
RGTI,2026-10-01,15.62,0.92,False,15.98,-0.052,-0.36,True,55.2,0.79,54.4,False,5.87,4.84,23.9,7.0,D 趨勢弱,False,2:27,73.3,升,91.0,11,False,,0.0358,0.0674,,False,True,-2.29,-0.39,15.6,0.13,0.02,267.9,,OHLC,—,HH/HL,DT,False,273,2,RGTI,SubSector_R12
RL,2026-10-01,362.66,10.24,False,348.05,-0.132,-0.3,True,85.1,0.28,84.8,True,2.82,1.93,18.2,-3.0,D 趨勢弱,False,2:24,72.0,升,90.0,9,False,,3.8592,3.5918,,False,False,4.03,1.43,,,,238.7,,OHLC,—,LH/LL,UT,False,273,2,RL,SubSector_R12
MNTK,2026-10-01,2.79,0.23,True,2.53,0.016,0.72,True,41.5,1.23,40.3,False,8.29,6.03,55.8,1.7,E 延伸,False,2:20,70.0,升,89.0,6,False,,0.0263,0.035,,False,False,9.48,1.14,2.8,-0.36,-0.04,2.0,,OHLC,↑,HH/HL,自然反彈,False,255,2,MNTK,HM_R23_熱錢板塊
MRVL,2026-10-01,268.08,13.09,True,236.37,0.754,0.33,True,58.9,0.37,58.5,False,4.88,5.0,65.8,0.7,E 延伸,False,2:20,70.0,升,89.0,12,False,,2.1495,2.2242,,False,False,11.83,2.42,251.9,6.04,1.24,4296.7,,OHLC,↑,HH/HL,UT,False,273,2,MRVL,SubSector_R12+Combined_R22+AI_R13
ASPN,2026-10-01,5.56,0.3,True,5.16,0.004,-0.27,True,54.1,0.04,54.1,False,5.33,5.61,40.1,-3.7,D 趨勢弱,False,1:59,59.4,升,83.0,11,False,,0.0559,0.0479,,False,False,7.28,1.37,5.02,9.71,1.82,4.9,,OHLC,↑,HH/HL,UT,False,273,2,ASPN,HM_R23_熱錢板塊
RKLB,2026-10-01,70.46,3.93,False,67.47,-0.104,-0.26,True,59.2,0.64,58.6,False,5.58,4.23,23.6,-4.0,D 趨勢弱,False,1:56,57.8,升,82.0,13,False,,0.7676,0.9183,,False,True,4.25,0.76,75.46,-7.1,-1.27,1408.2,,OHLC,—,LH/LL,自然回檔,False,273,2,RKLB,SubSector_R12+RateHike_R2_受惠
CURI,2026-10-01,2.93,0.15,False,2.8,-0.004,-3.59,True,52.9,0.79,52.1,False,5.05,6.18,30.0,3.6,D 趨勢弱,False,1:53,56.7,升,81.0,11,False,,0.0108,0.0151,,False,True,4.46,0.88,2.76,5.8,1.15,1.9,,OHLC,↑,HH/HL,自然回檔,False,273,2,CURI,HM_R23_熱錢板塊
GNRC,2026-10-01,207.91,9.87,False,199.76,-0.044,-0.07,True,67.1,0.61,66.5,False,4.75,3.44,18.7,-3.3,C 基底修復,False,1:53,56.7,升,81.0,11,False,,2.5977,2.9151,,False,True,3.92,0.83,198.05,4.74,1.0,290.2,,OHLC,—,HH/HL,自然回檔,True,273,2,GNRC,AI_R13
ASX,2026-10-01,44.73,1.69,True,40.06,0.289,0.68,True,69.6,0.5,69.1,False,3.78,3.94,64.2,0.4,E 延伸,False,1:40,50.2,升,78.0,11,False,,0.34,0.4141,,False,False,10.44,2.77,43.5,2.75,0.73,286.3,,OHLC,↑,HH/HL,UT,False,273,2,ASX,AI_R13
QBTS,2026-10-01,16.56,1.01,False,17.49,-0.07,-0.44,True,51.6,0.98,50.6,False,6.11,5.45,19.1,4.8,D 趨勢弱,False,12:53,26.5,升,65.0,11,False,,0.0358,0.0485,,False,True,-5.6,-0.92,16.47,0.54,0.09,273.5,,OHLC,—,HH/HL,DT,False,273,2,QBTS,SubSector_R12
DBGI,2026-10-01,5.11,1.33,False,5.71,-0.028,-0.09,True,8.9,0.77,8.1,False,25.95,14.84,25.5,10.5,D 趨勢弱,False,12:35,17.5,升,60.0,16,False,,0.4922,0.4891,,False,True,-11.75,-0.45,3.77,26.22,1.01,13.2,,OHLC,—,LH/LL,次級反彈,True,273,2,DBGI,HM_R23_熱錢板塊
CCL,2026-10-01,25.07,0.92,False,23.62,-0.027,-0.34,True,77.0,1.05,75.9,True,3.68,2.62,7.1,-5.2,D 趨勢弱,False,12:16,7.9,升,54.0,8,False,,0.4884,0.4133,,False,False,5.8,1.57,24.54,2.11,0.57,607.3,,OHLC,↑,HH/HL,自然反彈,False,273,2,CCL,SubSector_R12
BBAI,2026-10-01,2.74,0.13,False,2.93,-0.018,-0.6,False,66.0,-0.56,66.6,False,4.93,3.48,17.9,7.9,D 趨勢弱,False,4:40,139.9,跌,28.0,4,True,0.0,-0.0067,-0.0126,-0.0258,True,False,-6.76,-1.37,2.88,-5.11,-1.04,41.1,,OHLC,—,LH/LL,自然反彈,True,273,1,BBAI,Combined_R22
OLN,2026-10-01,15.96,0.63,False,17.02,-0.139,-0.84,False,72.6,-0.57,73.2,False,3.94,3.19,8.2,-5.9,D 趨勢弱,False,4:20,130.0,跌,22.0,3,True,0.0,-0.0288,-0.0555,-0.3531,True,False,-6.65,-1.69,17.19,-7.71,-1.96,45.7,,OHLC,↓,LH/LL,自然反彈,False,273,1,OLN,Combined_R22
UNCY,2026-10-01,4.55,0.24,False,5.02,-0.038,-0.74,False,64.7,-0.7,65.4,False,5.33,3.34,5.5,-1.1,D 趨勢弱,True,8:49,264.6,跌,113.0,13,False,1.0,-0.0188,-0.0173,-0.0449,False,False,-10.32,-1.94,4.7,-3.19,-0.6,4.4,,OHLC,↓,LH/LL,自然回檔,False,273,1,UNCY,HM_R23_熱錢板塊
RUN,2026-10-01,7.64,0.46,False,8.57,-0.083,-0.76,False,59.6,-0.56,60.1,False,5.96,3.77,6.3,0.6,D 趨勢弱,True,6:26,192.9,跌,57.0,4,False,1.0,-0.0301,-0.0279,-0.0301,False,False,-12.2,-2.05,8.11,-6.15,-1.03,63.4,,OHLC,↓,LH/LL,DT,False,273,1,RUN,SubSector_R12
IMDX,2026-10-01,3.47,0.38,False,3.88,-0.037,-0.39,False,34.4,-0.98,35.4,False,11.01,5.8,11.0,-3.6,D 趨勢弱,False,5:07,153.3,跌,35.0,4,True,1.0,-0.0363,-0.0371,-0.0608,True,False,-11.91,-1.08,3.07,11.53,1.05,1.2,,OHLC,—,HH/HL,自然回檔,False,255,1,IMDX,HM_R23_熱錢板塊
EVC,2026-10-01,7.38,0.37,False,7.99,-0.046,-0.81,False,62.7,-0.06,62.8,False,5.07,4.0,56.9,-0.1,D 趨勢弱,False,4:48,143.8,跌,30.0,4,True,1.0,-0.0077,-0.0147,-0.3327,True,False,-8.3,-1.64,8.1,-9.76,-1.93,9.2,,OHLC,↓,LH/LL,DT,False,273,1,EVC,HM_R23_熱錢板塊
CTVA,2026-10-01,12.57,6.79,False,55.94,-26.969,-3.96,False,2.8,-80.34,83.2,False,54.05,23.4,5.0,-24.7,D 趨勢弱,True,8:49,264.6,跌,142.0,14,False,2.0,-4.6929,-0.6066,-4.6929,False,False,-345.02,-6.38,78.67,-525.86,-9.73,410.9,,OHLC,↓,LH/LL,DT,False,273,1,CTVA,SubSector_R12
PYXS,2026-10-01,2.19,0.29,False,3.04,-0.074,-1.18,False,25.5,-0.29,25.8,False,13.1,7.93,29.8,-0.8,D 趨勢弱,True,8:49,264.6,跌,120.0,16,False,2.0,-0.131,-0.1087,-0.131,False,False,-38.7,-2.95,,,,4.2,,OHLC,—,HH/HL,DT,False,273,1,PYXS,HM_R23_熱錢板塊
WDAY,2026-10-01,186.75,8.0,False,194.83,-0.227,-0.23,False,67.0,-1.23,68.3,False,4.28,3.93,58.7,-3.6,C 基底修復,True,8:49,264.6,跌,217.0,27,False,2.0,-1.256,-1.1681,-3.4876,False,False,-4.33,-1.01,187.76,-0.54,-0.13,489.5,,OHLC,—,HH/HL,自然回檔,True,273,1,WDAY,SubSector_R12
SSTK,2026-10-01,4.12,0.31,False,5.02,-0.043,-0.76,False,46.9,-1.59,48.5,False,7.61,5.15,10.0,0.0,D 趨勢弱,False,5:10,154.8,跌,36.0,9,True,2.0,-0.0036,-0.0151,-0.0385,True,False,-21.74,-2.86,4.22,-2.43,-0.32,4.4,10-01 高低價為 Yahoo 暫定值（開/收落在高低區間外，已放寬校正）,OHLC,↓,LH/LL,自然回檔,False,273,1,SSTK,HM_R23_熱錢板塊
AMLX,2026-10-01,28.08,1.64,False,34.86,-0.474,0.26,False,45.3,-0.87,46.2,False,5.85,7.35,50.0,-10.8,D 趨勢弱,True,8:49,264.6,跌,159.0,22,False,3.0,-0.7882,-0.7781,-0.9837,False,False,-24.16,-4.13,33.94,-20.87,-3.57,46.1,,OHLC,↓,LH/LL,DT,False,273,1,AMLX,HM_R23_差一項
CRVS,2026-10-01,10.93,0.73,False,12.99,-0.143,-0.71,False,58.7,-2.04,60.7,False,6.71,3.22,9.8,-1.0,D 趨勢弱,True,8:49,264.6,跌,157.0,28,False,3.0,-0.1392,-0.1131,-0.2163,False,False,-18.84,-2.81,11.87,-8.6,-1.28,15.6,,OHLC,↓,LH/LL,DT,False,273,1,CRVS,SubSector_R12
FHTX,2026-10-01,2.92,0.38,False,3.83,-1.234,-3.96,False,31.2,-18.14,49.4,False,13.15,4.97,5.0,0.0,D 趨勢弱,True,8:49,264.6,跌,184.0,25,False,3.0,-0.0687,-0.0466,-0.2641,False,False,-31.26,-2.38,3.57,-22.26,-1.69,3.6,,OHLC,↓,LH/LL,DT,False,273,1,FHTX,HM_R23_熱錢板塊
LBRX,2026-10-01,37.28,2.03,False,43.39,-0.267,-1.06,False,62.4,-0.3,62.7,False,5.46,3.69,40.2,-1.3,D 趨勢弱,True,8:49,264.6,跌,327.0,29,False,3.0,-0.7237,-0.8149,-1.1247,True,False,-16.39,-3.0,38.38,-2.95,-0.54,14.1,,OHLC,↓,LH/LL,自然回檔,False,266,1,LBRX,HM_R23_差一項
LIFE,2026-10-01,32.57,2.69,False,36.85,-0.228,-0.07,False,46.7,-1.45,48.1,False,8.26,4.56,24.6,-25.8,C 基底修復,True,8:49,264.6,跌,135.0,23,False,3.0,-0.8927,-0.8945,-1.0392,True,False,-13.13,-1.59,35.31,-8.41,-1.02,63.7,,OHLC,↓,LH/LL,DT,False,170,1,LIFE,HM_R23_熱錢板塊
MBX,2026-10-01,56.55,3.38,False,61.37,-0.348,-0.53,False,59.7,-1.52,61.2,False,5.98,3.73,50.8,-4.1,C 基底修復,True,8:49,264.6,跌,255.0,56,False,3.0,-0.3127,-0.3248,-1.2497,True,False,-8.52,-1.42,58.62,-3.66,-0.61,31.9,,OHLC,↓,LH/LL,自然回檔,False,273,1,MBX,Combined_R22+HM_R23_熱錢板塊
NVCT,2026-10-01,20.72,1.53,False,22.84,-0.037,0.01,False,51.0,-0.31,51.3,False,7.4,4.28,44.9,-3.1,D 趨勢弱,True,8:49,264.6,跌,147.0,18,False,3.0,-0.2644,-0.294,-0.4313,True,False,-10.23,-1.38,21.63,-4.39,-0.59,4.6,,OHLC,—,LH/LL,自然反彈,True,273,1,NVCT,HM_R23_熱錢板塊
PRPO,2026-10-01,22.73,1.51,False,27.28,-0.003,0.28,False,55.8,-1.14,57.0,False,6.64,3.91,22.8,-0.6,D 趨勢弱,True,8:49,264.6,跌,198.0,21,False,3.0,-0.4415,-0.4278,-0.4894,False,False,-20.01,-3.01,27.04,-18.94,-2.85,3.6,,OHLC,↓,LH/LL,DT,False,273,1,PRPO,HM_R23_差一項
TRAX,2026-10-01,33.92,2.89,False,40.09,-0.359,-0.46,False,36.3,-0.66,37.0,False,8.51,7.55,5.0,0.0,D 趨勢弱,True,8:49,264.6,跌,325.0,39,False,3.0,-0.4233,-0.3712,-1.132,False,False,-18.18,-2.14,36.65,-8.05,-0.95,27.0,,OHLC,↓,LH/LL,DT,False,125,1,TRAX,HM_R23_熱錢板塊
IRD,2026-10-01,4.51,0.44,False,5.48,-0.004,0.0,False,37.9,-2.01,39.9,False,9.74,5.77,50.0,-4.1,E 延伸,True,7:16,218.0,跌,71.0,8,False,3.0,-0.1262,-0.1058,-0.1262,False,False,-21.6,-2.22,5.05,-11.97,-1.23,28.8,,OHLC,—,LH/LL,自然回檔,False,273,1,IRD,HM_R23_熱錢板塊
OHI,2026-10-01,45.23,0.81,False,46.72,-0.037,-0.04,False,93.1,-0.53,93.7,True,1.78,1.23,25.3,-4.5,D 趨勢弱,False,4:08,123.9,跌,19.0,2,False,3.0,-0.0766,-0.0048,-0.6424,False,False,-3.3,-1.85,48.0,-6.12,-3.44,97.1,,OHLC,↓,LH/LL,DT,False,273,1,OHI,SubSector_R12
PTCT,2026-10-01,64.13,2.15,False,67.07,-0.385,-0.64,False,79.8,-0.19,79.9,True,3.35,2.44,6.3,-2.5,D 趨勢弱,False,10:13,306.7,升,20.0,3,False,4.0,0.1168,0.0944,,False,False,-4.58,-1.37,65.95,-2.84,-0.85,83.0,,OHLC,↓,LH/LL,自然回檔,False,273,1,PTCT,HM_R23_熱錢板塊
CHWY,2026-10-01,17.72,0.93,False,21.2,-0.138,-0.68,False,66.8,-0.74,67.5,False,5.26,2.99,0.0,0.0,D 趨勢弱,True,8:49,264.6,跌,230.0,25,False,4.0,-0.2495,-0.2674,-0.4337,True,False,-19.65,-3.74,21.35,-20.49,-3.89,222.1,,OHLC,↓,LH/LL,DT,False,273,1,CHWY,SubSector_R12
OWL,2026-10-01,8.95,0.39,False,10.71,-0.111,-1.15,False,73.5,-0.9,74.4,False,4.34,2.62,10.6,0.6,D 趨勢弱,True,8:49,264.6,跌,214.0,31,False,4.0,-0.1109,-0.1212,-0.2417,True,False,-19.67,-4.53,11.84,-32.29,-7.44,188.5,,OHLC,↓,LH/LL,DT,False,273,1,OWL,SubSector_R12
SANA,2026-10-01,2.89,0.21,False,3.33,-0.049,-0.56,False,51.6,-0.11,51.7,False,7.18,4.36,0.0,-0.2,D 趨勢弱,True,8:49,264.6,跌,205.0,22,False,4.0,-0.0196,-0.0241,-0.1153,True,False,-15.12,-2.11,3.06,-5.71,-0.8,12.8,,OHLC,—,LH/LL,DT,True,273,1,SANA,SubSector_R12
CM,2026-10-01,109.95,2.2,False,114.28,-0.318,-0.83,False,91.5,-0.05,91.6,True,2.0,1.4,47.7,0.1,C 基底修復,False,5:54,176.9,跌,48.0,7,False,4.0,-0.3176,-0.2681,-0.8661,False,False,-3.94,-1.97,116.26,-5.74,-2.87,177.1,,OHLC,↓,LH/LL,DT,False,273,1,CM,Combined_R22
LAMR,2026-10-01,143.34,2.6,False,148.05,-0.423,-0.7,False,93.2,-0.43,93.6,True,1.81,1.19,36.7,-2.3,C 基底修復,False,3:30,105.2,跌,8.0,1,False,4.0,-0.0252,0.0024,-1.0164,False,False,-3.28,-1.81,152.61,-6.47,-3.57,73.6,,OHLC,—,LH/LL,DT,True,273,1,LAMR,SubSector_R12
KIM,2026-10-01,22.21,0.34,False,23.2,-0.059,-0.74,False,95.2,-0.01,95.2,True,1.53,0.94,17.8,-1.7,D 趨勢弱,False,10:24,311.9,升,23.0,3,False,5.0,0.0075,0.0023,,False,False,-4.45,-2.9,22.63,-1.89,-1.24,129.3,,OHLC,—,LH/LL,DT,True,273,1,KIM,SubSector_R12
AXGN,2026-10-01,39.92,2.14,False,45.24,-0.321,-0.46,False,65.0,-1.72,66.7,False,5.36,3.25,35.1,-3.9,D 趨勢弱,True,8:49,264.6,跌,169.0,22,False,5.0,-0.4362,-0.3208,-1.1182,False,False,-13.34,-2.49,45.44,-13.83,-2.58,59.3,,OHLC,↓,LH/LL,DT,False,273,1,AXGN,Combined_R22
FENC,2026-10-01,10.33,0.54,False,11.55,-0.033,-0.26,False,63.2,-0.7,63.9,False,5.27,3.69,45.4,-2.5,D 趨勢弱,True,8:49,264.6,跌,200.0,17,False,5.0,-0.0567,-0.0442,-0.2468,False,False,-11.8,-2.24,10.95,-6.0,-1.14,2.0,,OHLC,—,LH/LL,DT,True,273,1,FENC,HM_R23_熱錢板塊
FRD,2026-10-01,39.63,1.96,False,42.26,-0.207,-0.55,False,66.0,-0.74,66.8,False,4.96,3.45,57.7,4.5,C 基底修復,True,8:49,264.6,跌,193.0,29,False,5.0,-0.3851,-0.5144,-0.7933,True,False,-6.63,-1.34,41.78,-5.43,-1.09,2.5,,OHLC,—,LH/LL,自然反彈,True,273,1,FRD,HM_R23_差一項
FWONK,2026-10-01,91.6,2.39,False,96.85,-0.443,-0.6,False,88.1,-0.16,88.2,True,2.61,1.54,21.7,-8.7,D 趨勢弱,False,4:11,125.4,跌,20.0,3,False,5.0,-0.1805,-0.1082,-1.1927,False,False,-5.73,-2.19,96.43,-5.27,-2.02,218.0,,OHLC,↓,LH/LL,DT,False,273,1,FWONK,SubSector_R12
VNO,2026-10-01,33.56,1.02,False,35.79,-0.161,-0.72,False,85.3,-0.0,85.3,True,3.03,1.69,36.6,0.6,C 基底修復,False,3:25,102.5,跌,7.0,1,False,5.0,-0.0098,0.0029,-0.4075,False,False,-6.64,-2.19,35.44,-5.6,-1.85,49.4,10-01 高低價為 Yahoo 暫定值（開/收落在高低區間外，已放寬校正）,OHLC,↓,LH/LL,DT,False,273,1,VNO,SubSector_R12
TPB,2026-10-01,55.32,3.15,False,68.74,-0.997,-1.3,False,64.4,-3.22,67.6,False,5.69,3.05,0.0,0.0,D 趨勢弱,True,8:49,264.6,跌,216.0,25,False,6.0,-0.6357,-0.5565,-1.3882,False,False,-24.26,-4.27,62.07,-12.2,-2.15,27.3,,OHLC,↓,LH/LL,DT,False,273,1,TPB,SubSector_R12
FLNC,2026-10-01,7.57,0.62,False,8.98,-0.107,-1.03,True,45.2,0.47,44.7,False,8.22,5.0,0.0,0.0,D 趨勢弱,False,10:26,313.2,升,24.0,3,False,7.0,0.1012,0.0814,,False,False,-18.69,-2.27,7.85,-3.7,-0.45,73.6,,OHLC,—,LH/LL,次級回檔,True,273,1,FLNC,HM_R23_熱錢板塊
MOS,2026-10-01,21.55,1.07,False,24.31,-0.073,0.03,False,71.3,-0.41,71.7,False,4.95,2.44,2.0,-2.8,D 趨勢弱,True,8:49,264.6,跌,209.0,12,False,7.0,-0.4616,-0.4532,-0.4616,False,False,-12.8,-2.58,24.73,-14.76,-2.98,203.9,,OHLC,↓,LH/LL,DT,False,273,1,MOS,SubSector_R12
CNI,2026-10-01,117.16,2.07,False,122.35,-0.318,-0.5,False,93.7,-0.26,93.9,True,1.76,1.11,51.2,-4.5,C 基底修復,False,3:26,103.2,跌,7.0,1,False,7.0,-0.0325,0.1162,-0.8509,False,False,-4.43,-2.51,121.54,-3.74,-2.12,172.5,,OHLC,—,LH/LL,自然回檔,True,273,1,CNI,Combined_R22
NNBR,2026-10-01,3.63,0.24,False,3.63,-0.005,-0.16,False,53.9,-0.06,53.9,False,6.55,4.45,61.6,-2.4,B 上升結構,False,11:58,359.2,升,50.0,7,False,8.0,0.0288,0.0382,,False,True,0.12,0.02,3.74,-3.03,-0.46,7.4,,OHLC,—,LH/LL,自然回檔,False,273,1,NNBR,HM_R23_熱錢板塊
NKE,2026-10-01,35.15,0.99,False,37.11,-0.256,-0.92,False,85.7,-0.34,86.1,True,2.81,1.82,7.2,1.6,D 趨勢弱,False,11:39,349.3,升,44.0,6,False,8.0,0.0664,0.0887,,False,False,-5.57,-1.98,36.39,-3.53,-1.25,1360.6,,OHLC,↓,LH/LL,DT,False,273,1,NKE,SubSector_R12+Combined_R22
ALT,2026-10-01,2.76,0.14,False,3.18,-0.005,-0.02,False,68.3,-0.54,68.9,False,5.02,2.93,4.3,-2.6,D 趨勢弱,True,8:49,264.6,跌,114.0,13,False,8.0,-0.0621,-0.054,-0.0621,False,False,-15.08,-3.0,3.41,-23.55,-4.69,12.1,,OHLC,↓,LH/LL,DT,False,273,1,ALT,SubSector_R12
IONS,2026-10-01,44.0,2.19,False,51.04,-0.371,-0.82,False,60.8,-0.17,61.0,False,4.98,4.49,0.0,0.0,D 趨勢弱,True,8:49,264.6,跌,197.0,19,False,8.0,-0.0429,-0.1149,-1.5244,True,False,-15.99,-3.21,45.75,-3.98,-0.8,227.8,,OHLC,—,LH/LL,DT,True,273,1,IONS,SubSector_R12
WEN,2026-10-01,6.25,0.3,False,7.56,-0.104,-1.27,False,65.0,-0.15,65.2,False,4.74,3.87,15.0,0.0,D 趨勢弱,True,8:49,264.6,跌,256.0,25,False,8.0,-0.0621,-0.0673,-0.1595,True,False,-21.01,-4.43,6.54,-4.64,-0.98,42.5,,OHLC,↓,LH/LL,DT,False,273,1,WEN,HM_R23_熱錢板塊
NNE,2026-10-01,15.73,1.01,False,17.26,-0.098,-0.55,True,52.6,0.56,52.1,False,6.4,4.89,5.0,3.4,D 趨勢弱,False,5:29,164.5,跌,41.0,3,False,8.0,-0.0557,-0.0422,-0.2845,False,False,-9.7,-1.51,16.97,-7.88,-1.23,32.1,,OHLC,—,LH/LL,自然回檔,True,273,1,NNE,SubSector_R12+AI_R13
IART,2026-10-01,16.09,0.67,False,16.07,-0.039,-0.31,False,69.7,-0.01,69.7,False,4.17,3.52,46.7,-0.7,C 基底修復,False,1:16,38.0,升,71.0,8,False,8.0,0.1298,0.1472,,False,True,0.11,0.03,16.38,-1.8,-0.43,14.8,,OHLC,—,LH/LL,自然回檔,False,273,1,IART,HM_R23_熱錢板塊
WOLF,2026-10-01,31.17,2.22,False,26.54,-0.172,-0.44,True,42.7,1.05,41.7,False,7.13,6.81,45.9,-4.2,E 延伸,False,11:58,359.2,升,50.0,9,False,9.0,0.6208,0.4442,,False,False,14.84,2.08,26.3,15.62,2.19,62.6,,OHLC,↑,HH/HL,UT,False,254,1,WOLF,HM_R23_熱錢板塊
UNH,2026-10-01,365.2,8.64,False,385.18,-0.705,-0.4,False,90.3,-0.11,90.4,True,2.37,1.32,39.6,-2.9,C 基底修復,False,4:23,131.7,跌,23.0,2,False,9.0,-0.3838,-0.1013,-3.1185,False,False,-5.47,-2.31,380.98,-4.32,-1.83,1980.8,,OHLC,↓,LH/LL,DT,False,273,1,UNH,SubSector_R12+Combined_R22
CMI,2026-10-01,517.0,14.35,False,545.34,-3.16,-0.93,False,86.5,-0.21,86.7,True,2.78,1.71,11.0,2.2,C 基底修復,False,2:09,64.3,升,86.0,9,False,9.0,1.5599,1.4081,,False,False,-5.48,-1.97,534.78,-3.44,-1.24,623.4,,OHLC,—,LH/LL,DT,True,273,1,CMI,SubSector_R12+AI_R13
MRNA,2026-10-01,188.94,13.65,True,154.43,0.492,0.43,False,24.7,-0.24,24.9,False,7.22,14.32,70.7,-1.1,E 延伸,False,11:57,358.4,升,49.0,8,False,10.0,0.7399,1.8745,,False,False,18.26,2.53,158.83,15.94,2.21,2490.2,,OHLC,—,LH/LL,自然回檔,False,273,1,MRNA,Combined_R22+HM_R23_熱錢板塊
LEGN,2026-10-01,19.32,0.91,False,19.42,-0.132,-0.4,False,65.3,-0.31,65.6,False,4.72,3.82,16.7,-6.0,D 趨勢弱,False,10:56,327.9,升,32.0,6,False,10.0,0.2291,0.2205,,False,True,-0.52,-0.11,19.69,-1.92,-0.41,43.0,,OHLC,↓,LH/LL,次級回檔,False,273,1,LEGN,SubSector_R12+HM_R23_熱錢板塊
IBKR,2026-10-01,85.81,2.79,False,91.09,-0.251,-0.3,False,80.3,-0.31,80.6,True,3.25,2.43,45.1,-2.8,C 基底修復,False,5:25,162.7,跌,40.0,5,False,10.0,-0.5431,-0.5279,-0.6969,False,False,-6.16,-1.89,93.21,-8.62,-2.65,340.9,,OHLC,↓,LH/LL,DT,False,273,1,IBKR,Combined_R22
OKLO,2026-10-01,36.14,2.27,False,39.65,-0.152,-0.38,True,52.0,0.03,52.0,False,6.27,5.17,18.8,12.5,D 趨勢弱,False,3:42,110.9,跌,12.0,1,False,10.0,-0.038,0.0245,-0.4418,False,False,-9.72,-1.55,39.65,-9.71,-1.55,386.4,,OHLC,—,LH/LL,DT,True,273,1,OKLO,SubSector_R12+Combined_R22+RateHike_R2_迴避+AI_R13
AVGO,2026-10-01,343.64,10.66,False,357.74,-0.631,-0.5,False,81.4,-0.05,81.5,True,3.1,2.37,15.3,-2.9,D 趨勢弱,False,2:49,84.6,升,97.0,9,False,10.0,0.5019,1.0405,,False,False,-4.1,-1.32,361.86,-5.3,-1.71,9471.2,,OHLC,↓,LH/LL,DT,False,273,1,AVGO,SubSector_R12+Combined_R22+AI_R13
ONTO,2026-10-01,314.88,14.93,False,274.19,-0.359,-0.57,True,57.7,1.17,56.6,False,4.74,5.39,64.7,0.9,E 延伸,False,1:48,54.0,升,80.0,9,False,10.0,6.3472,5.8095,,False,False,12.92,2.72,,,,226.2,10-01 高低價為 Yahoo 暫定值（開/收落在高低區間外，已放寬校正）,OHLC,—,LH/LL,UT,False,273,1,ONTO,AI_R13
MU,2026-10-01,1097.39,47.29,True,994.35,6.795,0.42,False,62.9,-0.44,63.4,False,4.31,4.72,69.3,-2.3,E 延伸,False,1:24,42.1,升,73.0,10,False,10.0,5.8023,5.3699,,False,False,9.39,2.18,1053.98,3.96,0.92,26769.2,,OHLC,↑,HH/HL,UT,False,273,1,MU,SubSector_R12+Combined_R22+AI_R13
GRAL,2026-10-01,132.56,8.32,True,98.01,1.905,1.22,False,49.0,-1.84,50.8,False,6.28,5.92,61.8,-3.2,E 延伸,False,12:51,25.7,升,64.0,9,False,10.0,4.677,5.5703,,False,False,26.07,4.15,,,,148.0,,OHLC,—,LH/LL,自然回檔,False,273,1,GRAL,HM_R23_熱錢板塊
DNLI,2026-10-01,20.53,0.83,False,21.59,-0.137,-0.74,True,72.4,0.65,71.7,False,4.05,3.13,18.5,0.2,D 趨勢弱,False,12:03,1.4,升,51.0,4,False,10.0,0.1045,0.1018,,False,False,-5.16,-1.27,20.98,-2.19,-0.54,37.5,,OHLC,↓,LH/LL,自然回檔,False,273,1,DNLI,SubSector_R12
TT,2026-10-01,458.94,10.9,False,443.32,-0.031,-0.07,False,89.3,-0.27,89.6,True,2.38,1.51,47.7,8.0,C 基底修復,False,12:00,0.0,升,50.0,8,False,10.0,4.0207,3.7744,,False,False,3.4,1.43,,,,504.9,,OHLC,—,LH/LL,UT,False,273,1,TT,SubSector_R12+AI_R13
SNPS,2026-10-01,490.54,19.22,True,416.14,7.249,0.52,False,71.7,-3.31,75.1,False,3.92,3.38,39.8,10.1,E 延伸,False,11:51,355.4,升,47.0,8,False,11.0,8.2979,4.4802,,False,False,15.17,3.87,415.09,15.38,3.92,936.2,,OHLC,↑,HH/HL,UT,False,273,1,SNPS,SubSector_R12+Combined_R22+RateHike_R2_受惠+AI_R13
QMCO,2026-10-01,31.88,2.48,True,26.53,0.449,0.76,False,37.0,-0.13,37.1,False,7.79,8.05,63.2,0.3,E 延伸,False,11:28,343.8,升,41.0,6,False,11.0,0.4866,0.5582,,False,False,16.8,2.16,23.03,27.77,3.57,47.2,,OHLC,↑,HH/HL,自然回檔,False,273,1,QMCO,HM_R23_熱錢板塊
BEAM,2026-10-01,24.39,1.38,False,26.33,-0.179,-0.29,True,60.5,0.52,60.0,False,5.68,3.86,0.2,-0.6,D 趨勢弱,False,10:40,320.2,升,28.0,3,False,11.0,0.0584,0.0388,,False,False,-7.97,-1.4,25.93,-6.31,-1.11,50.9,,OHLC,—,LH/LL,DT,True,273,1,BEAM,SubSector_R12
ALLO,2026-10-01,1.54,0.09,False,1.83,-0.022,-0.81,False,60.8,-0.93,61.8,False,5.83,3.64,7.4,-0.2,D 趨勢弱,True,8:49,264.6,跌,259.0,24,False,11.0,-0.0104,-0.0082,-0.0389,False,False,-18.51,-3.18,1.73,-12.34,-2.12,10.0,,OHLC,↓,LH/LL,DT,False,273,1,ALLO,SubSector_R12
ETON,2026-10-01,51.98,3.59,False,58.16,-0.627,-0.17,False,46.1,-0.05,46.1,False,6.9,6.08,44.4,1.3,D 趨勢弱,True,8:49,264.6,跌,329.0,23,False,11.0,-0.8251,-0.6169,-1.3132,False,False,-11.9,-1.72,57.07,-9.79,-1.42,32.4,,OHLC,↓,LH/LL,自然回檔,False,273,1,ETON,HM_R23_熱錢板塊
SLS,2026-10-01,11.33,0.94,False,12.95,-0.071,-0.16,False,42.4,-2.92,45.3,False,8.28,5.78,50.7,-9.4,D 趨勢弱,True,8:49,264.6,跌,144.0,22,False,11.0,-0.0382,-0.0225,-0.3703,False,False,-14.33,-1.73,11.37,-0.35,-0.04,77.5,,OHLC,—,HH/HL,自然回檔,True,273,1,SLS,HM_R23_熱錢板塊
DOC,2026-10-01,19.44,0.39,False,20.62,-0.042,-0.3,False,92.3,-0.73,93.1,True,2.0,1.2,33.4,-4.9,C 基底修復,False,5:49,174.7,跌,47.0,4,False,11.0,-0.0563,-0.0184,-0.2453,False,False,-6.09,-3.04,20.72,-6.58,-3.29,106.0,10-01 高低價為 Yahoo 暫定值（開/收落在高低區間外，已放寬校正）,OHLC,↓,LH/LL,DT,False,273,1,DOC,SubSector_R12
VRTX,2026-10-01,506.74,12.14,False,529.6,-1.477,-0.01,False,88.8,-0.43,89.2,True,2.4,1.61,37.6,-21.3,C 基底修復,False,3:36,107.8,跌,10.0,1,False,11.0,-0.9742,0.0271,-5.9548,False,False,-4.51,-1.88,529.89,-4.57,-1.91,520.7,,OHLC,—,LH/LL,自然回檔,True,273,1,VRTX,SubSector_R12+Combined_R22
LUNR,2026-10-01,14.05,1.03,False,15.33,-0.187,-1.1,True,49.2,0.62,48.5,False,7.31,4.85,18.8,2.2,D 趨勢弱,False,3:25,102.7,跌,7.0,1,False,11.0,-0.012,0.0392,-0.2753,False,False,-9.14,-1.25,15.7,-11.74,-1.61,113.0,,OHLC,—,LH/LL,DT,True,273,1,LUNR,SubSector_R12
AEHR,2026-10-01,101.6,8.54,False,91.26,-0.645,-0.67,True,34.3,1.02,33.3,False,8.41,8.43,60.0,0.0,E 延伸,False,2:49,84.6,升,118.0,10,False,11.0,1.3211,1.4074,,False,False,10.18,1.21,123.3,-21.36,-2.54,250.6,,OHLC,—,HH/HL,UT,True,273,1,AEHR,AI_R13
AEVA,2026-10-01,14.29,1.12,False,15.49,-0.199,-1.23,True,40.8,0.83,40.0,False,7.82,6.72,33.3,17.3,D 趨勢弱,False,2:49,84.6,升,110.0,11,False,11.0,0.0734,0.0718,,False,False,-8.38,-1.07,13.74,3.85,0.49,22.0,,OHLC,—,HH/HL,自然反彈,True,273,1,AEVA,HM_R23_熱錢板塊
CHRN,2026-10-01,19.37,1.75,False,20.46,-0.187,-0.21,False,35.2,-0.13,35.3,False,9.06,7.44,55.3,-1.2,D 趨勢弱,False,2:49,84.6,升,128.0,11,False,11.0,0.0218,0.0743,,False,True,-5.65,-0.62,17.76,8.31,0.92,2.4,,OHLC,—,HH/HL,DT,True,255,1,CHRN,HM_R23_熱錢板塊
FN,2026-10-01,451.44,22.33,False,412.34,-2.415,-1.23,True,58.5,0.21,58.2,False,4.95,5.02,25.1,1.2,D 趨勢弱,False,2:49,84.6,升,145.0,10,False,11.0,8.9752,7.2006,,False,False,8.66,1.75,,,,311.5,,OHLC,—,LH/LL,UT,False,273,1,FN,Combined_R22+AI_R13
GEV,2026-10-01,987.45,36.28,True,935.57,0.359,-0.31,False,74.6,-0.56,75.2,False,3.67,3.08,48.7,-1.7,C 基底修復,False,2:14,66.8,升,87.0,11,False,11.0,7.4289,5.8624,,False,False,5.25,1.43,985.03,0.25,0.07,1989.6,,OHLC,↑,HH/HL,UT,False,273,1,GEV,SubSector_R12+Combined_R22+RateHike_R2_受惠+AI_R13
OUST,2026-10-01,40.87,2.62,False,37.36,-0.071,-0.5,True,47.8,0.19,47.6,False,6.42,6.09,45.1,0.5,E 延伸,False,1:34,47.1,升,76.0,10,False,11.0,0.6503,0.736,,False,False,8.58,1.34,40.0,2.13,0.33,83.6,,OHLC,↑,HH/HL,自然反彈,False,273,1,OUST,Combined_R22+HM_R23_熱錢板塊
AXTI,2026-10-01,81.81,7.11,False,68.38,-0.106,-0.3,True,30.7,1.25,29.5,False,8.7,9.66,60.0,2.8,E 延伸,False,1:18,38.8,升,72.0,11,False,11.0,1.298,1.1935,,False,False,16.41,1.89,73.78,9.82,1.13,625.8,,OHLC,↑,HH/HL,UT,False,273,1,AXTI,Combined_R22+AI_R13
BRUN,2026-10-01,15.89,1.49,False,17.03,-0.147,-0.9,False,33.7,-0.97,34.7,False,9.35,7.73,42.9,-0.8,D 趨勢弱,False,12:08,3.9,升,52.0,10,False,11.0,0.1769,0.2276,,False,True,-7.16,-0.77,16.65,-4.78,-0.51,34.3,,OHLC,—,LH/LL,DT,True,255,1,BRUN,HM_R23_差一項
CIEN,2026-10-01,379.14,22.26,False,352.68,-0.593,-0.54,True,55.6,0.98,54.6,False,5.87,4.74,34.8,12.9,D 趨勢弱,False,2:49,84.6,升,147.0,11,False,12.0,4.5132,3.0411,,False,False,6.98,1.19,344.19,9.22,1.57,985.6,,OHLC,↑,HH/HL,UT,False,273,1,CIEN,SubSector_R12+Combined_R22+AI_R13
RTB,2026-10-01,8.47,1.5,False,9.52,-0.255,-0.37,False,19.5,-0.1,19.6,False,17.7,7.53,19.3,-10.7,D 趨勢弱,False,12:35,17.7,升,60.0,8,False,12.0,0.2182,0.2807,,False,True,-12.44,-0.7,8.89,-4.96,-0.28,1.6,,OHLC,↓,LH/LL,DT,False,255,1,RTB,HM_R23_熱錢板塊
HBB,2026-10-01,37.12,1.67,True,33.24,0.297,0.55,False,67.9,-1.99,69.9,False,4.49,3.54,62.4,-1.7,E 延伸,False,11:58,359.2,升,50.0,7,False,13.0,0.4859,0.6248,,False,False,10.45,2.33,,,,2.9,,OHLC,—,LH/LL,自然回檔,False,273,1,HBB,HM_R23_熱錢板塊
ALOY,2026-10-01,8.11,0.69,False,9.56,-0.16,-1.58,True,37.7,0.78,36.9,False,8.49,7.1,18.7,0.3,D 趨勢弱,False,11:01,330.6,升,34.0,6,False,13.0,0.0134,0.0116,,False,False,-17.85,-2.1,8.9,-9.74,-1.15,17.8,,OHLC,↓,LH/LL,自然反彈,False,273,1,ALOY,SubSector_R12
KMB,2026-10-01,94.34,2.2,False,101.63,-0.545,-0.68,False,89.3,-0.7,90.0,True,2.33,1.57,9.0,-3.4,D 趨勢弱,False,10:34,316.8,升,26.0,4,False,13.0,0.0202,0.2101,,False,False,-7.73,-3.32,99.92,-5.91,-2.54,476.3,,OHLC,↓,LH/LL,DT,False,273,1,KMB,SubSector_R12
ILMN,2026-10-01,265.72,11.32,True,237.53,1.329,0.75,False,72.4,-0.43,72.8,False,4.26,2.91,63.2,-1.7,E 延伸,False,2:49,84.6,升,110.0,12,False,13.0,2.8404,3.9914,,False,False,10.61,2.49,238.82,10.12,2.38,995.9,,OHLC,↑,HH/HL,自然回檔,False,273,1,ILMN,SubSector_R12
TEM,2026-10-01,76.5,5.03,True,71.14,1.271,0.73,False,48.7,-2.51,51.2,False,6.58,5.7,40.0,-3.0,E 延伸,False,2:44,82.2,升,96.0,11,False,13.0,0.1417,0.7801,,False,False,7.01,1.06,76.59,-0.12,-0.02,513.3,,OHLC,↑,HH/HL,自然回檔,False,273,1,TEM,Combined_R22
GRML,2026-10-01,9.11,2.43,False,11.53,-0.017,0.07,False,6.7,-0.92,7.7,False,26.71,21.17,15.0,0.0,E 延伸,False,1:22,40.9,升,73.0,9,False,13.0,0.5027,0.7842,,False,True,-26.62,-1.0,11.19,-22.83,-0.85,267.7,,OHLC,—,HH/HL,DT,False,273,1,GRML,HM_R23_差一項
SHW,2026-10-01,320.78,8.14,False,330.45,-1.091,-0.54,False,86.7,-0.08,86.7,True,2.54,1.91,23.9,1.2,D 趨勢弱,False,11:55,357.3,升,49.0,7,False,14.0,0.7569,1.1761,,False,False,-3.02,-1.19,320.4,0.12,0.05,559.6,,OHLC,↑,HH/HL,自然回檔,False,273,1,SHW,SubSector_R12
SGHT,2026-10-01,9.03,0.38,True,8.59,0.027,0.77,False,66.7,-1.46,68.1,False,4.22,4.06,67.6,-2.3,E 延伸,False,11:13,336.7,升,37.0,5,False,14.0,0.0471,0.0692,,False,False,4.82,1.14,8.19,9.3,2.2,2.3,,OHLC,↑,HH/HL,自然回檔,False,273,1,SGHT,HM_R23_熱錢板塊
SYK,2026-10-01,272.96,7.99,False,291.57,-1.688,-1.15,False,81.9,-0.01,81.9,True,2.93,2.45,1.0,0.9,D 趨勢弱,False,10:51,325.4,升,31.0,4,False,14.0,1.4356,1.3799,,False,False,-6.82,-2.33,278.77,-2.13,-0.73,893.6,,OHLC,—,LH/LL,自然回檔,True,273,1,SYK,SubSector_R12
COOK,2026-10-01,52.3,3.19,False,49.15,-0.119,-1.14,False,59.2,-0.22,59.4,False,6.1,3.71,43.1,21.8,D 趨勢弱,False,10:31,315.7,升,25.0,2,False,14.0,0.5891,0.1862,,False,True,6.02,0.99,42.8,18.16,2.98,2.6,,OHLC,↑,HH/HL,UT,False,273,1,COOK,HM_R23_熱錢板塊
FR,2026-10-01,58.87,0.99,False,61.61,-0.151,-0.42,False,94.4,-0.14,94.5,True,1.68,1.01,22.1,-3.1,D 趨勢弱,False,3:52,115.9,跌,14.0,2,False,14.0,-0.1625,-0.0606,-0.5355,False,False,-4.65,-2.77,61.13,-3.84,-2.29,67.1,,OHLC,↓,LH/LL,DT,False,273,1,FR,SubSector_R12
IP,2026-10-01,32.52,1.18,False,35.99,-0.266,-0.89,False,77.2,-0.39,77.6,True,3.62,2.65,9.2,1.7,D 趨勢弱,False,3:48,114.0,跌,13.0,2,False,14.0,-0.0806,-0.0239,-0.6563,False,False,-10.67,-2.95,35.55,-9.32,-2.57,187.2,,OHLC,↓,LH/LL,DT,False,273,1,IP,SubSector_R12
SPIR,2026-10-01,10.97,0.77,False,12.2,-0.078,-0.47,True,52.1,0.16,51.9,False,7.01,4.42,11.3,6.3,D 趨勢弱,False,3:25,102.7,跌,7.0,1,False,14.0,-0.0195,0.0102,-0.1959,False,False,-11.18,-1.59,11.66,-6.29,-0.9,7.6,,OHLC,↓,LH/LL,DT,False,273,1,SPIR,HM_R23_熱錢板塊
IOVA,2026-10-01,14.23,0.85,True,10.42,0.242,1.96,False,44.2,-0.9,45.1,False,5.98,7.54,62.6,-2.4,E 延伸,False,2:49,84.6,升,120.0,12,False,14.0,0.414,0.4015,,False,False,26.81,4.49,10.19,28.39,4.75,210.2,,OHLC,↑,HH/HL,自然回檔,False,273,1,IOVA,SubSector_R12+Combined_R22+HM_R23_熱錢板塊
PL,2026-10-01,16.14,1.0,False,17.93,-0.114,-0.66,True,59.3,0.69,58.6,False,6.21,3.58,7.4,-0.4,D 趨勢弱,False,2:37,78.3,升,94.0,9,False,14.0,0.1854,0.2118,,False,False,-11.06,-1.78,16.38,-1.49,-0.24,228.8,,OHLC,—,HH/HL,自然回檔,True,273,1,PL,SubSector_R12
STTK,2026-10-01,6.84,0.43,False,6.58,-0.004,-0.12,False,57.1,-0.58,57.7,False,6.34,3.92,52.4,3.1,C 基底修復,False,1:26,42.9,升,74.0,6,False,14.0,0.1035,0.0854,,False,True,3.79,0.6,5.85,14.47,2.28,9.3,,OHLC,↑,HH/HL,UT,False,273,1,STTK,HM_R23_熱錢板塊
LULU,2026-10-01,95.86,4.13,False,105.89,-0.385,-0.45,True,70.0,0.38,69.6,False,4.31,3.32,0.0,0.0,D 趨勢弱,False,12:14,6.9,升,54.0,7,False,14.0,0.1075,0.1876,,False,False,-10.47,-2.43,100.3,-4.63,-1.08,811.7,,OHLC,—,LH/LL,DT,True,273,1,LULU,SubSector_R12+Combined_R22
NFE,2026-10-01,5.91,1.95,True,2.55,0.111,0.3,False,1.2,-0.0,1.2,False,32.95,87.78,60.0,0.0,E 延伸,False,5:44,172.2,跌,46.0,6,False,,-0.6354,-0.6041,-0.6354,False,False,56.89,1.73,5.81,1.69,0.05,5.0,單日 +5937%（09-10）且量未放大，疑似未調整分割/重組,OHLC,↑,HH/HL,次級回檔,False,273,1,NFE,RateHike_R2_索引
CLOV,2026-10-01,4.23,0.21,False,4.45,-0.002,-0.01,True,64.9,0.13,64.8,False,4.98,3.64,59.1,1.3,C 基底修復,False,5:17,158.5,跌,38.0,5,False,,-0.0426,-0.0355,-0.0482,False,False,-5.19,-1.04,,,,18.8,,OHLC,—,HH/HL,DT,False,273,1,CLOV,HM_R23_差一項
KTOS,2026-10-01,42.82,2.28,False,48.2,-0.553,-1.47,True,64.2,0.62,63.6,False,5.33,3.43,1.8,1.8,D 趨勢弱,False,5:01,150.6,跌,34.0,4,False,,-0.2748,-0.2739,-1.4353,False,False,-12.57,-2.36,48.59,-13.48,-2.53,190.9,,OHLC,↓,LH/LL,DT,False,273,1,KTOS,SubSector_R12
AVAV,2026-10-01,140.31,8.17,False,150.46,-0.569,-0.45,True,60.2,0.47,59.7,False,5.83,3.77,22.3,1.5,D 趨勢弱,False,5:00,150.0,跌,33.0,3,False,,-1.2524,-0.9106,-4.6195,False,False,-7.23,-1.24,152.28,-8.53,-1.46,350.5,,OHLC,↓,LH/LL,DT,False,273,1,AVAV,SubSector_R12
RIOT,2026-10-01,19.61,1.5,True,21.4,0.032,0.25,False,44.3,-0.73,45.0,False,7.66,5.82,45.1,-4.0,D 趨勢弱,False,4:49,144.7,跌,30.0,3,False,,-0.3384,-0.2027,-0.3384,False,False,-9.12,-1.19,20.95,-6.83,-0.89,362.4,,OHLC,—,HH/HL,DT,False,273,1,RIOT,SubSector_R12
APLD,2026-10-01,24.16,1.64,False,26.35,-0.14,-0.51,True,48.7,0.41,48.2,False,6.8,5.49,25.0,12.6,D 趨勢弱,False,4:08,123.9,跌,19.0,2,False,,-0.1316,-0.0643,-0.3049,False,False,-9.07,-1.33,25.41,-5.17,-0.76,412.0,,OHLC,↓,LH/LL,DT,False,273,1,APLD,Combined_R22+AI_R13
AIP,2026-10-01,24.01,1.29,False,22.61,-0.027,-0.33,True,59.3,1.87,57.4,False,5.39,4.4,27.4,-8.4,E 延伸,False,2:49,84.6,升,162.0,18,False,,0.3952,0.4092,,False,False,5.84,1.08,22.54,6.12,1.14,15.7,,OHLC,—,HH/HL,UT,True,273,1,AIP,HM_R23_差一項
AMKR,2026-10-01,52.9,2.64,False,49.76,-0.064,-0.25,True,54.5,0.64,53.8,False,4.99,5.87,36.4,-4.5,E 延伸,False,2:49,84.6,升,267.0,19,False,,0.6151,0.7226,,False,False,5.93,1.19,52.69,0.4,0.08,194.8,,OHLC,↑,HH/HL,自然回檔,False,273,1,AMKR,AI_R13
CLFD,2026-10-01,32.17,1.22,True,29.57,0.122,0.26,False,68.0,-0.05,68.1,False,3.79,4.23,25.9,-5.3,D 趨勢弱,False,2:49,84.6,升,236.0,37,False,,0.2087,0.1571,,False,False,8.07,2.13,30.46,5.32,1.4,4.2,,OHLC,↑,HH/HL,UT,False,273,1,CLFD,HM_R23_差一項
ELA,2026-10-01,12.19,0.61,False,13.37,-0.094,-0.92,True,67.2,1.18,66.0,False,4.97,3.21,23.8,10.9,D 趨勢弱,False,2:49,84.6,升,392.0,24,False,,0.1122,0.1123,,False,False,-9.64,-1.94,12.95,-6.23,-1.26,1.6,10-01 高低價為 Yahoo 暫定值（開/收落在高低區間外，已放寬校正）,OHLC,—,LH/LL,DT,True,273,1,ELA,HM_R23_熱錢板塊
FTK,2026-10-01,29.79,1.87,True,26.93,0.209,-0.44,False,47.9,-0.6,48.5,False,6.29,6.2,61.0,0.7,E 延伸,False,2:49,84.6,升,177.0,17,False,,0.0618,0.0595,,False,False,9.61,1.53,28.95,2.82,0.45,13.8,,OHLC,—,HH/HL,自然反彈,True,273,1,FTK,HM_R23_熱錢板塊
GFS,2026-10-01,48.68,1.98,False,46.13,-0.043,-0.34,True,70.4,1.04,69.3,False,4.06,3.5,34.8,17.5,D 趨勢弱,False,2:49,84.6,升,729.0,41,False,,0.6039,0.6176,,False,False,5.23,1.29,46.42,4.64,1.14,179.8,,OHLC,—,HH/HL,自然回檔,True,273,1,GFS,SubSector_R12+AI_R13
HPE,2026-10-01,64.58,3.61,True,56.78,0.251,0.22,False,59.9,-0.09,60.0,False,5.6,4.07,75.0,10.0,E 延伸,False,2:49,84.6,升,98.0,17,False,,0.2544,0.2377,,False,False,12.07,2.16,61.49,4.78,0.86,1516.5,,OHLC,—,HH/HL,UT,True,273,1,HPE,Combined_R22+AI_R13
ICHR,2026-10-01,62.48,3.35,False,56.25,-0.076,-0.38,True,52.5,0.49,52.0,False,5.36,5.98,36.1,-0.4,E 延伸,False,2:49,84.6,升,139.0,19,False,,1.5038,1.4536,,False,False,9.97,1.86,55.77,10.74,2.0,39.7,,OHLC,↑,HH/HL,UT,False,273,1,ICHR,HM_R23_熱錢板塊
INTT,2026-10-01,11.97,0.58,False,11.26,-0.057,-0.6,True,64.7,0.55,64.2,False,4.87,3.79,20.9,-4.0,D 趨勢弱,False,2:49,84.6,升,125.0,18,False,,0.1883,0.1794,,False,False,5.91,1.21,11.35,5.18,1.06,1.2,,OHLC,↑,HH/HL,UT,False,273,1,INTT,HM_R23_熱錢板塊
IPGP,2026-10-01,83.66,3.37,True,76.27,0.055,-0.32,False,70.5,-0.2,70.7,False,4.03,3.51,24.3,2.2,D 趨勢弱,False,2:49,84.6,升,216.0,24,False,,0.9287,0.6133,,False,False,8.83,2.19,74.9,10.47,2.6,31.5,,OHLC,↑,HH/HL,UT,False,273,1,IPGP,AI_R13
ISRG,2026-10-01,401.24,10.97,False,380.71,-0.061,0.12,False,79.9,-0.13,80.1,True,2.73,3.02,26.3,-0.8,D 趨勢弱,False,2:49,84.6,升,147.0,14,False,,2.28,3.3146,,False,False,5.12,1.87,391.92,2.32,0.85,927.4,,OHLC,↑,HH/HL,自然回檔,False,273,1,ISRG,SubSector_R12+Combined_R22+AI_R13
MEC,2026-10-01,15.68,1.23,False,18.45,-0.39,-1.05,True,53.1,0.49,52.7,False,7.86,3.32,1.4,0.4,D 趨勢弱,False,2:49,84.6,升,148.0,20,False,,0.0547,0.0564,,False,False,-17.66,-2.25,17.16,-9.44,-1.2,9.9,,OHLC,↓,LH/LL,自然反彈,False,273,1,MEC,HM_R23_熱錢板塊
ONON,2026-10-01,30.2,1.12,False,28.8,-0.009,-0.22,True,71.2,0.78,70.5,False,3.72,3.67,6.1,-5.0,D 趨勢弱,False,2:49,84.6,升,126.0,15,False,,0.479,0.4968,,False,False,4.62,1.24,27.47,9.04,2.43,340.3,,OHLC,—,LH/LL,自然反彈,False,273,1,ONON,SubSector_R12
PENG,2026-10-01,54.98,3.08,False,51.58,-0.046,-0.38,True,53.6,3.67,50.0,False,5.6,5.46,60.0,-3.6,E 延伸,False,2:49,84.6,升,141.0,18,False,,0.602,0.7023,,False,False,6.19,1.11,53.08,3.46,0.62,71.4,,OHLC,—,HH/HL,次級回檔,True,273,1,PENG,HM_R23_熱錢板塊
SVCO,2026-10-01,9.02,0.55,True,7.36,0.149,0.63,False,52.5,-0.19,52.7,False,6.12,5.2,36.8,1.4,E 延伸,False,2:49,84.6,升,238.0,42,False,,0.247,0.2444,,False,False,18.4,3.0,8.15,9.65,1.58,3.2,,OHLC,↑,HH/HL,UT,False,273,1,SVCO,HM_R23_熱錢板塊
TNGX,2026-10-01,24.45,1.54,False,23.94,-0.012,-0.05,False,57.1,-0.45,57.5,False,6.29,3.99,38.6,-1.5,C 基底修復,False,2:49,84.6,升,209.0,17,False,,0.2368,0.2752,,False,True,2.07,0.33,24.3,0.61,0.1,74.4,,OHLC,↑,HH/HL,次級回檔,False,273,1,TNGX,HM_R23_熱錢板塊
VRA,2026-10-01,4.98,0.29,True,3.93,0.044,0.28,False,54.7,-0.67,55.4,False,5.75,5.06,75.0,0.8,E 延伸,False,2:49,84.6,升,120.0,13,False,,0.0939,0.0659,,False,False,21.13,3.67,4.16,16.47,2.86,4.1,,OHLC,↑,HH/HL,UT,False,255,1,VRA,HM_R23_熱錢板塊
WATT,2026-10-01,12.86,0.88,False,11.96,-0.043,-0.87,True,49.4,0.11,49.3,False,6.84,5.26,11.7,-0.1,E 延伸,False,2:49,84.6,升,178.0,18,False,,0.287,0.3465,,False,False,6.99,1.02,12.74,0.93,0.14,1.8,,OHLC,↑,HH/HL,次級回檔,False,273,1,WATT,HM_R23_熱錢板塊
ZSQR,2026-10-01,3.95,0.51,True,3.35,0.025,0.18,False,23.2,-0.65,23.9,False,12.92,9.54,15.0,0.0,E 延伸,False,2:49,84.6,升,345.0,46,False,,0.2402,0.2693,,False,False,15.15,1.17,4.75,-20.25,-1.57,1.5,,OHLC,—,LH/LL,自然回檔,False,273,1,ZSQR,HM_R23_熱錢板塊
CRDO,2026-10-01,210.17,13.71,False,184.18,-0.269,-0.4,True,46.9,1.33,45.5,False,6.52,6.24,57.7,23.3,D 趨勢弱,False,2:41,80.5,升,95.0,9,False,,5.4437,4.8994,,False,False,12.36,1.9,170.57,18.84,2.89,1600.7,,OHLC,↓,LH/LL,自然反彈,False,273,1,CRDO,SubSector_R12+Combined_R22+AI_R13
NVEC,2026-10-01,110.8,4.28,False,103.6,-0.19,-0.58,True,56.9,0.67,56.3,False,3.86,6.44,63.2,-3.0,B 上升結構,False,2:35,77.4,升,93.0,10,False,,1.3883,1.4855,,False,False,6.49,1.68,,,,10.8,,OHLC,—,LH/LL,UT,False,273,1,NVEC,HM_R23_差一項
INOD,2026-10-01,71.85,4.52,True,62.97,0.488,0.25,False,55.8,-0.95,56.7,False,6.28,4.28,35.0,0.0,E 延伸,False,2:27,73.3,升,91.0,14,False,,1.2604,1.172,,False,False,12.35,1.97,74.93,-4.29,-0.68,101.8,,OHLC,—,LH/LL,自然反彈,False,273,1,INOD,HM_R23_熱錢板塊
AMPG,2026-10-01,3.09,0.21,False,3.44,-0.014,-2.3,True,42.5,0.14,42.4,False,6.87,7.13,40.4,2.2,D 趨勢弱,False,2:24,72.2,升,90.0,20,False,,0.034,0.0427,,False,False,-11.47,-1.67,3.22,-4.21,-0.61,2.3,,OHLC,↓,LH/LL,DT,False,273,1,AMPG,HM_R23_熱錢板塊
MTZ,2026-10-01,213.66,11.59,False,231.24,-1.873,-1.21,True,58.7,0.81,57.9,False,5.42,4.49,4.9,0.6,D 趨勢弱,False,1:55,57.3,升,82.0,9,False,,1.6859,1.3166,,False,False,-8.23,-1.52,222.9,-4.32,-0.8,338.7,,OHLC,—,LH/LL,自然反彈,True,273,1,MTZ,SubSector_R12
LYV,2026-10-01,166.85,4.04,False,173.7,-0.556,-0.58,False,89.2,-0.79,90.0,True,2.42,1.48,39.4,-1.2,C 基底修復,False,1:00,30.0,升,67.0,6,False,,0.1833,0.3771,,False,False,-4.1,-1.69,171.68,-2.89,-1.19,347.7,,OHLC,—,LH/LL,自然回檔,True,273,1,LYV,SubSector_R12
DFNS,2026-10-01,6.86,2.05,False,12.19,-0.186,-0.51,True,4.4,0.4,4.0,False,29.92,30.78,15.0,0.0,D 趨勢弱,False,12:36,18.0,升,60.0,12,False,,0.5376,0.524,,False,False,-77.65,-2.6,7.88,-14.87,-0.5,4.0,,OHLC,—,LH/LL,自然反彈,True,273,1,DFNS,HM_R23_熱錢板塊
LCID,2026-10-01,4.19,0.3,False,4.58,-0.038,-0.72,True,43.2,0.81,42.4,False,7.19,6.61,17.1,17.1,D 趨勢弱,False,12:17,8.4,升,55.0,10,False,,0.0673,0.0557,,False,False,-9.28,-1.29,4.28,-2.15,-0.3,46.7,,OHLC,—,LH/LL,自然反彈,True,273,1,LCID,SubSector_R12+HM_R23_熱錢板塊
RARE,2026-10-01,14.75,1.16,False,16.38,-0.202,-0.65,True,37.0,0.35,36.6,False,7.85,7.99,0.0,0.0,D 趨勢弱,False,12:00,0.0,升,50.0,8,False,,0.4688,0.4618,,False,False,-11.06,-1.41,15.3,-3.73,-0.48,105.8,,OHLC,—,LH/LL,自然回檔,True,273,1,RARE,HM_R23_熱錢板塊
KYMR,2026-10-01,110.12,5.17,False,117.25,-0.586,-0.27,False,72.2,-0.67,72.9,False,4.69,2.52,49.8,-2.9,C 基底修復,False,5:07,153.5,跌,35.0,7,False,1.0,-0.9289,-0.8867,-1.7221,False,False,-6.47,-1.38,120.66,-9.58,-2.04,88.6,,OHLC,↓,LH/LL,DT,False,273,0,KYMR,HM_R23_熱錢板塊
RCUS,2026-10-01,25.23,1.27,False,26.85,-0.183,-0.51,False,68.5,-0.42,68.9,False,5.05,2.88,34.6,-6.0,D 趨勢弱,False,10:19,309.5,升,22.0,2,False,3.0,0.0433,0.0382,,False,False,-6.43,-1.27,25.83,-2.38,-0.47,45.3,,OHLC,↓,LH/LL,自然回檔,False,273,0,RCUS,Combined_R22
NUCL,2026-10-01,6.11,0.39,False,6.58,-0.038,-0.49,False,55.8,-0.76,56.5,False,6.37,4.19,16.9,-4.1,D 趨勢弱,False,10:51,325.4,升,31.0,4,False,4.0,0.0236,0.0323,,False,False,-7.71,-1.21,6.36,-4.09,-0.64,1.7,,OHLC,—,LH/LL,自然回檔,True,152,0,NUCL,HM_R23_差一項
NB,2026-10-01,3.43,0.2,False,3.95,-0.035,-1.15,False,56.3,-0.97,57.3,False,5.78,4.65,10.8,-0.2,D 趨勢弱,False,11:34,346.8,升,43.0,4,False,5.0,0.0132,0.0156,,False,False,-15.13,-2.62,3.6,-4.96,-0.86,8.8,,OHLC,—,LH/LL,DT,True,273,0,NB,SubSector_R12
UMAC,2026-10-01,21.78,1.92,False,24.29,-0.325,-1.27,False,35.8,-4.42,40.2,False,8.8,7.48,55.6,-13.7,D 趨勢弱,False,3:22,100.8,跌,6.0,1,False,5.0,-0.0232,0.1457,-0.7621,False,False,-11.51,-1.31,24.94,-14.51,-1.65,61.1,,OHLC,↓,LH/LL,DT,False,273,0,UMAC,HM_R23_第二梯隊
PVLA,2026-10-01,132.73,6.79,False,148.43,-0.781,-0.39,False,59.8,-1.12,60.9,False,5.11,4.57,40.6,-4.3,D 趨勢弱,False,5:57,178.4,跌,49.0,7,False,8.0,-2.1591,-1.8875,-2.1591,False,False,-11.83,-2.31,,,,33.8,,OHLC,—,HH/HL,DT,False,273,0,PVLA,Combined_R22
VKTX,2026-10-01,30.51,2.7,False,35.76,-0.176,-0.18,False,42.5,-1.57,44.0,False,8.85,5.17,12.2,-11.3,D 趨勢弱,False,3:27,103.7,跌,8.0,1,False,8.0,-0.1769,0.0461,-0.5326,False,False,-17.21,-1.95,32.6,-6.85,-0.77,286.2,,OHLC,↓,LH/LL,DT,False,273,0,VKTX,SubSector_R12
RELL,2026-10-01,18.56,0.78,False,17.16,-0.025,-0.61,False,62.2,-0.0,62.2,False,4.22,4.95,68.8,4.1,B 上升結構,False,1:25,42.4,升,74.0,8,False,8.0,0.22,0.1557,,False,False,7.53,1.78,16.06,13.47,3.19,1.7,,OHLC,↑,HH/HL,UT,False,273,0,RELL,HM_R23_熱錢板塊
OPEN,2026-10-01,2.4,0.16,False,2.89,-0.053,-1.69,False,54.9,-0.03,54.9,False,6.47,4.29,10.0,0.0,D 趨勢弱,False,1:31,45.5,升,75.0,8,False,9.0,0.0042,0.0001,,False,False,-20.31,-3.14,2.76,-15.0,-2.32,84.4,,OHLC,↓,LH/LL,DT,False,273,0,OPEN,SubSector_R12
GENB,2026-10-01,13.8,1.05,False,16.63,-0.083,-0.15,False,47.2,-3.21,50.5,False,7.61,5.05,3.1,-19.3,D 趨勢弱,False,5:43,171.5,跌,45.0,6,False,10.0,-0.2969,-0.2156,-0.2969,False,False,-20.54,-2.7,15.42,-11.74,-1.54,19.2,,OHLC,↓,LH/LL,DT,False,150,0,GENB,HM_R23_熱錢板塊
SHAZ,2026-10-01,49.85,4.88,False,56.01,-0.753,-0.84,False,32.9,-2.76,35.6,False,9.79,7.63,34.7,-4.8,D 趨勢弱,False,4:35,137.4,跌,26.0,3,False,10.0,-0.3343,-0.03,-0.9759,False,False,-12.36,-1.26,54.86,-10.05,-1.03,82.7,,OHLC,—,LH/LL,自然回檔,False,157,0,SHAZ,HM_R23_差一項
TLN,2026-10-01,323.09,13.64,False,305.0,-0.285,-0.37,False,71.0,-0.05,71.0,False,4.22,3.23,15.0,5.7,D 趨勢弱,False,2:24,72.0,升,90.0,9,False,10.0,4.2606,3.5329,,False,False,5.6,1.33,325.77,-0.83,-0.2,258.0,,OHLC,↓,LH/LL,自然反彈,False,273,0,TLN,SubSector_R12+Combined_R22+AI_R13
CAMT,2026-10-01,153.79,7.51,False,142.98,-0.048,-0.36,False,62.1,-0.02,62.2,False,4.88,4.31,29.6,-10.8,E 延伸,False,2:49,84.6,升,138.0,11,False,11.0,1.4454,1.3907,,False,False,7.03,1.44,142.61,7.27,1.49,54.5,,OHLC,↑,HH/HL,UT,False,273,0,CAMT,AI_R13
LQDA,2026-10-01,27.99,6.49,False,49.73,-9.28,-3.14,False,11.7,-1.3,13.0,False,23.2,11.52,7.3,-6.0,D 趨勢弱,False,4:12,126.0,跌,20.0,2,False,12.0,-3.3957,-1.7083,-3.3957,False,False,-77.68,-3.35,68.45,-144.55,-6.23,140.8,,OHLC,↓,LH/LL,DT,False,273,0,LQDA,Combined_R22+HM_R23_熱錢板塊
FATE,2026-10-01,2.3,0.15,False,2.46,-0.008,-0.32,False,57.8,-0.24,58.1,False,6.36,3.75,47.9,-7.0,C 基底修復,False,5:28,164.2,跌,41.0,5,False,13.0,-0.0086,-0.0042,-0.0292,False,False,-7.0,-1.1,2.38,-3.48,-0.55,3.7,,OHLC,—,LH/LL,DT,True,273,0,FATE,SubSector_R12+HM_R23_熱錢板塊
ANIX,2026-10-01,2.77,0.17,False,3.01,-0.039,-0.5,False,59.6,-1.95,61.6,False,6.2,3.52,5.4,-4.8,D 趨勢弱,False,10:51,325.3,升,31.0,5,False,14.0,0.0278,0.0316,,False,False,-8.81,-1.42,2.7,2.53,0.41,1.1,,OHLC,—,HH/HL,自然回檔,True,255,0,ANIX,HM_R23_差一項
INTG,2026-10-01,28.16,2.49,False,35.27,-0.018,-0.14,False,47.0,-2.26,49.3,False,8.85,3.87,19.0,-1.9,D 趨勢弱,False,5:26,162.9,跌,40.0,7,False,,-1.016,-0.8225,-1.016,False,False,-25.23,-2.85,31.09,-10.4,-1.18,2.3,,OHLC,↓,LH/LL,DT,False,273,0,INTG,HM_R23_熱錢板塊
CBRS,2026-10-01,169.52,14.2,False,192.61,-2.199,-0.85,False,39.1,-1.5,40.6,False,8.37,6.71,13.2,1.8,D 趨勢弱,False,5:24,162.0,跌,40.0,2,False,,-2.0638,-0.5692,-5.7913,False,False,-13.62,-1.63,184.24,-8.68,-1.04,1302.1,,OHLC,↓,LH/LL,DT,False,97,0,CBRS,Combined_R22
TDOC,2026-10-01,5.67,0.25,False,6.25,-0.029,-0.6,False,61.2,-0.57,61.8,False,4.33,5.05,22.1,-0.7,D 趨勢弱,False,4:16,127.9,跌,21.0,3,False,,-0.0254,-0.0159,-0.3507,False,False,-10.18,-2.35,,,,20.3,,OHLC,—,HH/HL,DT,False,273,0,TDOC,SubSector_R12
MNTS,2026-10-01,3.76,0.27,False,4.15,-0.014,-0.86,False,50.5,-0.34,50.9,False,7.12,4.69,17.5,0.5,D 趨勢弱,False,4:04,122.2,跌,18.0,2,False,,-0.0171,-0.0054,-0.0171,False,False,-10.38,-1.46,3.87,-2.93,-0.41,2.5,,OHLC,↓,LH/LL,自然回檔,False,273,0,MNTS,HM_R23_熱錢板塊
APP,2026-10-01,281.31,15.73,False,313.11,-1.601,-0.17,False,59.5,-0.93,60.4,False,5.59,4.16,5.2,-12.8,D 趨勢弱,False,3:53,116.7,跌,15.0,2,False,,-1.768,-0.4797,-7.798,False,False,-11.3,-2.02,315.44,-12.13,-2.17,1582.8,,OHLC,↓,LH/LL,DT,False,273,0,APP,Combined_R22
PARA,2026-10-01,0.58,0.13,False,0.96,-0.03,-1.12,False,15.1,-1.78,16.9,False,23.11,6.65,0.0,0.0,D 趨勢弱,False,3:33,106.6,跌,9.0,1,False,,-0.0005,0.0042,-0.0005,False,False,-67.28,-2.91,1.01,-75.29,-3.26,0.7,,OHLC,↓,LH/LL,DT,False,273,0,PARA,SubSector_R12
ASTS,2026-10-01,57.04,4.1,False,61.44,-0.254,-0.36,False,47.9,-0.41,48.3,False,7.19,5.29,14.4,-2.2,D 趨勢弱,False,3:32,106.0,跌,9.0,1,False,,-0.0998,0.0835,-1.0083,False,False,-7.71,-1.07,62.71,-9.94,-1.38,602.8,,OHLC,↓,LH/LL,DT,False,273,0,ASTS,SubSector_R12+RateHike_R2_受惠
CDNL,2026-10-01,29.74,2.71,False,33.94,-0.642,-1.06,False,34.8,-0.8,35.6,False,9.13,7.52,5.0,0.0,D 趨勢弱,False,2:49,84.6,升,183.0,27,False,,0.5905,0.4672,,False,False,-14.12,-1.55,30.6,-2.89,-0.32,19.6,,OHLC,—,LH/LL,自然回檔,True,203,0,CDNL,HM_R23_熱錢板塊
QUIK,2026-10-01,11.66,0.55,False,10.84,-0.009,-0.48,False,65.9,-0.13,66.0,False,4.69,3.75,32.2,-5.4,D 趨勢弱,False,2:49,84.6,升,137.0,19,False,,0.206,0.1876,,False,False,7.01,1.5,9.73,16.55,3.53,2.5,,OHLC,↑,HH/HL,UT,False,273,0,QUIK,HM_R23_熱錢板塊
WYFI,2026-10-01,17.48,1.57,False,19.27,-0.464,-1.12,False,35.2,-0.36,35.6,False,9.01,7.48,44.9,4.7,D 趨勢弱,False,2:27,73.6,升,91.0,18,False,,0.1576,0.2499,,False,False,-10.24,-1.14,18.92,-8.24,-0.91,25.3,,OHLC,—,LH/LL,DT,True,273,0,WYFI,HM_R23_熱錢板塊
ONDS,2026-10-01,7.12,0.42,False,7.67,-0.054,-0.75,False,54.8,-0.22,55.0,False,5.93,4.85,28.9,3.1,D 趨勢弱,False,2:12,66.1,升,87.0,9,False,,0.0198,0.0442,,False,False,-7.72,-1.3,7.68,-7.87,-1.33,462.7,,OHLC,↓,LH/LL,DT,False,273,0,ONDS,SubSector_R12
