ticker,date,close,atr,c1,grav,grav_slope,grav_shift5atr,c2,volidx,volidx_slope,volidx_prev,c3,atr_pct,sd60_pct,vcp,vcp_slope,vcp_grade,c4,clock,theta,cycle,cyc_prog,cyc_days,c5,c5_days,hist,hist_prev,hist_trough,still_light,c6,dist_grav_pct,dist_grav_atr,lr_line,dist_lr_pct,dist_lr_atr,turnover20_m,data_warn,bar_src,lr_dir,struct,mk,inBox,bars,score,lists
PAA,2026-09-24,24.64,0.48,True,25.17,0.024,0.72,True,91.9,0.0,91.9,True,1.97,1.35,53.0,2.4,C 基底修復,True,7:25,222.4,跌,74.0,8,True,0.0,-0.2153,-0.2178,-0.2281,True,True,-2.14,-1.09,26.39,-7.1,-3.61,67.2,,OHLC,—,LH/LL,自然回檔,False,268,6,universe
EG,2026-09-24,371.96,7.4,True,374.58,0.225,0.12,True,91.5,0.23,91.2,True,1.99,1.42,44.0,0.1,C 基底修復,True,6:26,192.9,跌,57.0,5,True,0.0,-0.7555,-0.7561,-2.9168,True,True,-0.7,-0.35,368.03,1.06,0.53,160.1,,OHLC,—,HH/HL,自然回檔,True,268,6,universe
CLH,2026-09-24,316.07,6.52,True,317.61,0.043,0.03,True,91.1,0.17,90.9,True,2.06,1.43,76.0,8.4,A 待突破,True,6:16,188.2,跌,55.0,6,True,0.0,-0.7833,-0.998,-1.5098,True,True,-0.49,-0.24,309.81,1.98,0.96,124.2,,OHLC,—,HH/HL,自然回檔,True,268,6,universe
CVX,2026-09-24,205.65,4.51,True,207.53,0.257,0.59,True,90.1,0.32,89.8,True,2.19,1.53,56.9,-1.7,A 待突破,True,7:32,226.2,跌,76.0,7,True,0.0,-1.5815,-1.6293,-1.6293,True,True,-0.92,-0.42,202.41,1.58,0.72,2124.4,,OHLC,↑,HH/HL,自然回檔,False,268,6,universe
DIS,2026-09-24,105.56,2.27,True,106.35,0.052,-0.01,True,89.6,0.26,89.3,True,2.15,1.68,41.2,3.0,C 基底修復,True,8:49,264.6,跌,128.0,17,True,0.0,-0.4498,-0.6097,-0.7072,True,True,-0.75,-0.35,109.2,-3.45,-1.6,860.1,,OHLC,↓,LH/LL,自然反彈,False,268,6,universe
BRBS,2026-09-24,3.88,0.09,True,3.97,0.0,0.03,True,88.9,0.01,88.9,True,2.32,1.64,38.6,12.9,C 基底修復,True,8:16,247.8,跌,88.0,8,True,0.0,-0.0323,-0.0337,-0.0337,True,True,-2.26,-0.97,,,,5.4,,OHLC,—,HH/HL,DT,False,268,6,universe
TGT,2026-09-24,156.15,4.01,True,159.56,0.183,0.27,True,86.9,0.31,86.6,True,2.57,1.82,75.4,3.3,A 待突破,True,8:49,264.6,跌,218.0,18,True,0.0,-0.8962,-0.9082,-1.7752,True,True,-2.18,-0.85,159.83,-2.36,-0.92,536.5,,OHLC,—,LH/LL,DT,True,268,6,universe
TRGP,2026-09-24,283.15,7.26,True,291.05,0.296,0.51,True,86.0,0.43,85.6,True,2.57,2.01,64.6,2.1,A 待突破,True,8:49,264.6,跌,104.0,14,True,0.0,-1.5061,-1.5097,-2.2924,True,True,-2.79,-1.09,296.06,-4.56,-1.78,330.4,,OHLC,—,LH/LL,自然回檔,True,268,6,universe
CFFI,2026-09-24,93.01,2.64,True,92.18,0.054,0.16,True,84.9,0.66,84.3,True,2.83,1.95,67.9,7.7,A 待突破,True,6:28,194.1,跌,58.0,6,True,0.0,-0.5704,-0.5721,-0.5721,True,True,0.9,0.32,92.21,0.86,0.3,7.1,,OHLC,—,HH/HL,自然回檔,True,268,6,universe
VTS,2026-09-24,17.05,0.52,True,17.44,0.02,0.39,True,84.6,0.28,84.4,True,3.03,1.82,24.6,1.2,D 趨勢弱,True,6:00,180.0,跌,50.0,6,True,0.0,-0.2082,-0.2193,-0.2193,True,True,-2.31,-0.76,15.42,9.56,3.15,10.2,,OHLC,↑,HH/HL,自然回檔,False,268,6,universe
ULTA,2026-09-24,548.78,16.81,True,535.61,0.224,0.02,True,83.3,0.75,82.5,True,3.06,2.05,35.8,-1.1,C 基底修復,True,8:49,264.6,跌,101.0,11,True,0.0,-0.9652,-1.0111,-4.2873,True,True,2.4,0.78,555.59,-1.24,-0.41,368.5,,OHLC,—,LH/LL,自然回檔,True,268,6,universe
EQNR,2026-09-24,43.17,1.17,True,43.1,0.065,0.39,True,82.6,0.06,82.6,True,2.71,2.53,60.5,-3.6,A 待突破,True,6:57,208.4,跌,66.0,6,True,0.0,-0.3519,-0.3771,-0.3771,True,True,0.17,0.06,41.98,2.76,1.02,142.7,,OHLC,↑,HH/HL,UT,False,268,6,universe
DG,2026-09-24,122.53,3.89,True,125.14,0.099,-0.03,True,82.2,0.14,82.1,True,3.17,2.14,19.3,4.5,C 基底修復,True,8:49,264.6,跌,110.0,11,True,0.0,-0.7042,-0.817,-1.0101,True,True,-2.13,-0.67,129.17,-5.42,-1.71,355.0,,OHLC,↓,LH/LL,DT,False,268,6,universe
STRK,2026-09-24,73.59,2.59,True,72.77,0.089,0.43,True,79.4,0.85,78.5,True,3.52,2.33,29.7,0.4,C 基底修復,True,6:04,182.0,跌,51.0,9,True,0.0,-0.4494,-0.454,-1.0307,True,True,1.11,0.32,77.2,-4.91,-1.39,7.4,,OHLC,—,LH/LL,自然回檔,False,268,6,universe
AVPT,2026-09-24,13.16,0.44,True,13.36,0.007,0.18,True,79.1,0.56,78.5,True,3.32,2.59,47.9,1.0,C 基底修復,True,8:49,264.6,跌,233.0,16,True,0.0,-0.0452,-0.0461,-0.1419,True,True,-1.54,-0.46,13.6,-3.34,-1.01,22.8,,OHLC,↓,LH/LL,次級回檔,False,268,6,universe
PRDO,2026-09-24,31.68,1.0,True,32.67,0.03,-0.08,True,79.1,0.73,78.4,True,3.17,2.74,14.9,-0.0,D 趨勢弱,True,8:49,264.6,跌,116.0,11,True,0.0,-0.2001,-0.2082,-0.2082,True,True,-3.13,-0.99,,,,21.6,,OHLC,—,HH/HL,DT,False,268,6,universe
EGY,2026-09-24,5.94,0.21,True,6.01,0.006,0.32,True,78.5,0.27,78.3,True,3.46,2.56,53.5,-2.2,B 上升結構,True,6:02,181.1,跌,51.0,5,True,0.0,-0.0598,-0.0612,-0.0612,True,True,-1.15,-0.33,6.0,-1.01,-0.29,8.4,,OHLC,—,HH/HL,DT,False,268,6,universe
ECPG,2026-09-24,97.58,3.58,True,99.42,0.007,0.06,True,77.8,0.34,77.5,True,3.67,2.49,69.3,16.5,A 待突破,True,8:49,264.6,跌,146.0,21,True,0.0,-0.3865,-0.4175,-1.0668,True,True,-1.89,-0.51,95.46,2.17,0.59,39.1,,OHLC,↑,HH/HL,自然反彈,False,268,6,universe
PBT,2026-09-24,33.74,1.19,True,34.36,0.014,0.36,True,77.7,0.21,77.5,True,3.53,2.64,81.5,13.3,A 待突破,True,8:49,264.6,跌,185.0,21,True,0.0,-0.3758,-0.403,-0.403,True,True,-1.85,-0.52,33.68,0.18,0.05,3.5,,OHLC,—,HH/HL,自然反彈,False,268,6,universe
APA,2026-09-24,43.68,1.55,True,43.67,0.152,0.67,True,77.2,0.39,76.8,True,3.54,2.72,59.0,-4.5,B 上升結構,True,6:11,185.7,跌,53.0,7,True,0.0,-0.416,-0.4173,-0.4173,True,True,0.02,0.0,42.77,2.08,0.59,249.7,,OHLC,—,HH/HL,自然反彈,False,268,6,universe
GO,2026-09-24,11.3,0.46,True,11.55,0.08,0.63,True,75.3,0.84,74.5,True,4.06,2.57,58.2,0.5,D 趨勢弱,True,8:49,264.6,跌,115.0,13,True,0.0,-0.1124,-0.1223,-0.166,True,True,-2.21,-0.54,11.49,-1.68,-0.41,27.1,,OHLC,—,LH/LL,DT,True,268,6,universe
SLP,2026-09-24,18.46,0.04,True,18.41,0.006,0.53,True,99.9,0.0,99.9,True,0.2,0.17,75.0,-0.2,B 上升結構,True,8:49,264.6,跌,478.0,59,True,1.0,-0.0076,-0.0103,-0.0791,True,True,0.28,1.37,18.41,0.27,1.33,3.5,,OHLC,↑,HH/HL,UT,False,268,6,universe
MA,2026-09-24,566.08,8.93,True,575.84,0.31,-0.11,True,93.6,0.08,93.5,True,1.58,1.31,38.6,1.8,C 基底修復,True,8:49,264.6,跌,243.0,17,True,1.0,-2.337,-2.9803,-4.315,True,True,-1.72,-1.09,578.9,-2.26,-1.44,1498.4,,OHLC,—,LH/LL,自然回檔,False,268,6,universe
MET,2026-09-24,97.25,1.77,True,96.48,0.035,-0.12,True,92.6,0.3,92.3,True,1.82,1.32,81.7,-0.5,A 待突破,True,6:20,190.0,跌,56.0,5,True,1.0,-0.0948,-0.1216,-0.7013,True,True,0.8,0.44,95.5,1.8,0.99,291.5,,OHLC,—,HH/HL,自然回檔,True,268,6,universe
RNR,2026-09-24,330.42,6.41,True,326.96,0.461,0.17,True,91.5,0.29,91.2,True,1.94,1.45,69.3,0.2,A 待突破,True,8:26,252.8,跌,90.0,13,True,1.0,-0.2223,-0.4352,-1.5356,True,True,1.05,0.54,324.33,1.84,0.95,96.6,,OHLC,—,HH/HL,自然反彈,True,268,6,universe
ICE,2026-09-24,156.93,3.46,True,158.01,0.107,0.26,True,90.1,0.29,89.8,True,2.21,1.51,50.8,1.2,C 基底修復,True,8:49,264.6,跌,162.0,17,True,1.0,-0.5999,-0.8221,-1.2654,True,True,-0.69,-0.31,160.53,-2.29,-1.04,511.1,,OHLC,—,LH/LL,UT,False,268,6,universe
T,2026-09-24,25.45,0.6,True,25.57,0.039,0.45,True,89.2,0.94,88.3,True,2.36,1.55,51.2,0.6,C 基底修復,True,8:49,264.6,跌,118.0,14,True,1.0,-0.1584,-0.174,-0.1743,True,True,-0.47,-0.2,25.52,-0.28,-0.12,982.3,,OHLC,—,HH/HL,DT,False,268,6,universe
COP,2026-09-24,129.34,3.53,True,132.36,0.102,0.4,True,85.3,0.33,85.0,True,2.73,1.98,57.0,2.6,B 上升結構,True,8:36,258.0,跌,93.0,7,True,1.0,-1.5336,-1.6939,-1.714,True,True,-2.34,-0.86,125.27,3.15,1.15,922.2,,OHLC,↑,HH/HL,UT,False,268,6,universe
EOG,2026-09-24,142.86,3.74,True,146.23,0.002,0.15,True,85.0,0.44,84.5,True,2.62,2.16,45.4,3.3,C 基底修復,True,6:43,201.6,跌,62.0,7,True,1.0,-0.8647,-0.9941,-1.1968,True,True,-2.36,-0.9,139.52,2.34,0.89,496.6,,OHLC,—,HH/HL,自然反彈,False,268,6,universe
RMD,2026-09-24,221.89,5.91,True,228.02,0.032,0.31,True,84.2,0.37,83.8,True,2.67,2.27,20.8,-1.9,C 基底修復,True,8:49,264.6,跌,160.0,16,True,1.0,-1.0643,-1.0853,-2.7789,True,True,-2.76,-1.04,234.33,-5.61,-2.1,308.6,,OHLC,—,LH/LL,自然回檔,False,268,6,universe
DVN,2026-09-24,48.9,1.43,True,48.38,0.107,0.45,True,83.3,0.09,83.2,True,2.93,2.17,56.3,-2.9,A 待突破,True,6:30,195.0,跌,58.0,7,True,1.0,-0.2859,-0.3639,-0.3818,True,True,1.06,0.36,48.06,1.72,0.59,637.6,,OHLC,↑,HH/HL,UT,False,268,6,universe
STRA,2026-09-24,79.82,2.46,True,81.5,0.017,-0.36,True,81.2,0.64,80.5,True,3.08,2.43,22.4,0.7,D 趨勢弱,True,8:49,264.6,跌,189.0,17,True,1.0,-0.4373,-0.5966,-0.6343,True,True,-2.11,-0.68,78.85,1.22,0.39,24.9,,OHLC,—,LH/LL,UT,False,268,6,universe
SPOT,2026-09-24,511.38,19.43,True,530.47,0.737,0.15,True,77.2,0.86,76.4,True,3.8,2.46,34.2,-1.8,C 基底修復,True,8:49,264.6,跌,179.0,13,True,1.0,-5.4119,-5.7741,-5.8401,True,True,-3.73,-0.98,564.89,-10.46,-2.75,799.5,,OHLC,↓,LH/LL,自然反彈,False,268,6,universe
OPY,2026-09-24,118.56,4.59,True,117.63,0.1,0.04,True,76.3,0.64,75.7,True,3.87,2.56,72.0,15.3,A 待突破,True,7:16,218.0,跌,71.0,8,True,1.0,-0.6919,-0.9827,-1.0947,True,True,0.78,0.2,117.36,1.01,0.26,13.9,,OHLC,—,HH/HL,自然反彈,False,268,6,universe
PAYO,2026-09-24,7.13,0.04,True,7.12,0.005,0.24,True,99.4,0.01,99.4,True,0.5,0.29,84.3,-0.6,A 待突破,True,8:49,264.6,跌,537.0,60,True,2.0,-0.0035,-0.0038,-0.0521,True,True,0.09,0.17,7.1,0.42,0.84,19.9,,OHLC,—,HH/HL,UT,True,268,6,universe
KO,2026-09-24,88.1,1.31,True,88.86,0.055,0.14,True,93.9,0.09,93.8,True,1.48,1.35,65.2,0.1,A 待突破,True,8:49,264.6,跌,253.0,19,True,2.0,-0.1557,-0.1765,-0.4411,True,True,-0.86,-0.58,89.35,-1.42,-0.96,1393.9,,OHLC,—,LH/LL,自然回檔,True,268,6,universe
SJM,2026-09-24,121.66,2.94,True,125.14,0.157,0.08,True,87.9,0.25,87.6,True,2.42,1.78,48.9,-10.4,C 基底修復,True,8:49,264.6,跌,149.0,14,True,2.0,-0.6179,-0.7022,-1.3388,True,True,-2.86,-1.18,124.66,-2.47,-1.02,176.9,,OHLC,—,LH/LL,自然反彈,True,268,6,universe
KRYS,2026-09-24,344.96,11.06,True,346.21,0.218,0.07,True,79.3,0.44,78.9,True,3.21,2.67,78.6,6.8,A 待突破,True,8:20,250.0,跌,89.0,11,True,2.0,-0.7905,-1.2218,-4.0837,True,True,-0.36,-0.11,332.44,3.63,1.13,94.4,,OHLC,—,HH/HL,自然回檔,True,268,6,universe
DDS,2026-09-24,651.79,22.58,True,629.27,0.138,0.11,True,78.9,0.73,78.1,True,3.46,2.49,49.9,-1.6,C 基底修復,True,8:49,264.6,跌,98.0,12,True,2.0,-0.9043,-1.3239,-5.0393,True,True,3.46,1.0,634.26,2.69,0.78,117.5,,OHLC,—,HH/HL,UT,True,268,6,universe
REG,2026-09-24,72.92,1.04,False,74.96,-0.101,-0.82,True,95.6,0.24,95.3,True,1.43,0.92,23.2,0.3,D 趨勢弱,True,7:28,224.0,跌,74.0,8,True,0.0,-0.0668,-0.0925,-0.6799,True,True,-2.8,-1.95,76.54,-4.96,-3.47,103.2,,OHLC,↓,LH/LL,DT,False,268,5,universe
TOWN,2026-09-24,36.4,0.58,False,37.25,-0.043,-0.3,True,94.6,0.06,94.5,True,1.6,1.03,49.8,1.9,C 基底修復,True,8:49,264.6,跌,332.0,34,True,0.0,-0.1139,-0.12,-0.1683,True,True,-2.33,-1.45,37.67,-3.49,-2.18,18.5,,OHLC,↓,LH/LL,DT,False,268,5,universe
CHCO,2026-09-24,140.09,2.37,False,143.6,-0.225,-0.43,True,94.3,0.15,94.2,True,1.69,1.01,43.5,1.4,C 基底修復,True,8:49,264.6,跌,377.0,33,True,0.0,-0.6677,-0.7072,-0.7869,True,True,-2.51,-1.48,145.57,-3.91,-2.31,18.0,,OHLC,↓,LH/LL,DT,False,268,5,universe
PEBO,2026-09-24,39.07,0.64,False,39.74,-0.077,-0.63,True,94.3,0.04,94.3,True,1.63,1.08,51.5,-6.1,C 基底修復,True,6:00,180.0,跌,50.0,6,True,0.0,-0.0923,-0.1169,-0.3162,True,True,-1.71,-1.05,40.24,-2.99,-1.84,10.9,,OHLC,↓,LH/LL,DT,False,268,5,universe
BY,2026-09-24,37.11,0.62,False,38.2,-0.048,-0.42,True,94.2,0.18,94.0,True,1.67,1.06,50.4,1.9,C 基底修復,True,8:49,264.6,跌,222.0,35,True,0.0,-0.1411,-0.1546,-0.2196,True,True,-2.93,-1.76,,,,11.1,,OHLC,—,HH/HL,DT,False,268,5,universe
NBTB,2026-09-24,51.13,0.88,False,51.69,-0.062,-0.37,True,93.8,0.05,93.7,True,1.72,1.13,52.0,8.3,C 基底修復,True,6:00,180.0,跌,50.0,5,True,0.0,-0.0804,-0.102,-0.3284,True,True,-1.09,-0.63,50.77,0.7,0.41,16.9,,OHLC,—,HH/HL,DT,True,268,5,universe
SMBC,2026-09-24,72.21,1.29,False,73.8,-0.195,-0.66,True,93.8,0.16,93.6,True,1.78,1.06,48.3,2.9,C 基底修復,True,6:47,203.3,跌,63.0,7,True,0.0,-0.0512,-0.1066,-0.5692,True,True,-2.2,-1.23,74.17,-2.71,-1.52,7.2,,OHLC,↓,LH/LL,DT,False,268,5,universe
V,2026-09-24,367.98,5.78,True,370.55,0.094,-0.0,False,93.8,-0.03,93.8,True,1.57,1.27,58.3,18.0,C 基底修復,True,8:49,264.6,跌,225.0,16,True,0.0,-1.4798,-1.8402,-1.8904,True,True,-0.7,-0.45,377.17,-2.5,-1.59,2281.7,,OHLC,↓,LH/LL,DT,False,268,5,universe
GLAD,2026-09-24,19.22,0.34,False,19.69,-0.012,-0.12,True,93.7,0.25,93.5,True,1.76,1.11,35.3,10.5,D 趨勢弱,True,8:44,261.8,跌,95.0,12,True,0.0,-0.0617,-0.0648,-0.1083,True,True,-2.45,-1.4,19.55,-1.72,-0.98,3.2,,OHLC,—,LH/LL,DT,True,268,5,universe
CTBI,2026-09-24,75.29,1.34,False,76.65,-0.111,-0.4,True,93.5,0.21,93.3,True,1.78,1.14,53.9,2.7,C 基底修復,True,8:49,264.6,跌,102.0,7,True,0.0,-0.2803,-0.3159,-0.5158,True,True,-1.8,-1.01,77.84,-3.39,-1.9,7.5,,OHLC,↓,LH/LL,DT,False,268,5,universe
GABC,2026-09-24,49.1,0.9,False,49.72,-0.051,-0.32,True,93.4,0.13,93.2,True,1.83,1.13,57.3,12.9,C 基底修復,True,8:49,264.6,跌,248.0,33,True,0.0,-0.0916,-0.1149,-0.2829,True,True,-1.25,-0.69,48.94,0.33,0.18,6.4,,OHLC,—,HH/HL,DT,False,268,5,universe
HFWA,2026-09-24,28.25,0.51,False,28.65,-0.046,-0.56,True,93.3,0.07,93.2,True,1.81,1.16,46.0,2.8,C 基底修復,True,8:49,264.6,跌,98.0,12,True,0.0,-0.0116,-0.034,-0.1453,True,True,-1.41,-0.78,29.29,-3.68,-2.04,12.1,,OHLC,↓,LH/LL,DT,False,268,5,universe
OSBC,2026-09-24,24.82,0.48,False,25.29,-0.041,-0.32,True,93.2,0.09,93.2,True,1.92,1.06,60.2,8.3,C 基底修復,True,8:49,264.6,跌,420.0,32,True,0.0,-0.1134,-0.1315,-0.1514,True,True,-1.88,-0.98,25.84,-4.11,-2.14,11.4,,OHLC,↓,LH/LL,DT,False,268,5,universe
ONB,2026-09-24,25.09,0.46,False,25.69,-0.064,-0.7,True,93.1,0.05,93.1,True,1.84,1.17,42.3,2.8,C 基底修復,True,6:07,183.3,跌,52.0,7,True,0.0,-0.0507,-0.0644,-0.1861,True,True,-2.37,-1.29,26.13,-4.15,-2.25,101.3,,OHLC,↓,LH/LL,DT,False,268,5,universe
TCBI,2026-09-24,94.63,1.68,False,97.35,-0.239,-0.57,True,93.1,0.03,93.1,True,1.77,1.24,24.7,0.2,C 基底修復,True,6:22,190.8,跌,56.0,7,True,0.0,-0.242,-0.2892,-0.7509,True,True,-2.88,-1.62,93.88,0.79,0.45,47.8,,OHLC,—,HH/HL,DT,False,268,5,universe
FMNB,2026-09-24,15.34,0.27,False,15.73,-0.024,-0.36,True,92.9,0.06,92.8,True,1.78,1.3,43.7,2.4,C 基底修復,True,8:49,264.6,跌,354.0,27,True,0.0,-0.0745,-0.0814,-0.1011,True,True,-2.57,-1.45,16.0,-4.3,-2.42,6.0,,OHLC,↓,LH/LL,DT,False,268,5,universe
BHRB,2026-09-24,69.34,1.37,False,71.33,-0.144,-0.59,True,92.7,0.19,92.6,True,1.97,1.14,41.1,2.7,C 基底修復,True,8:49,264.6,跌,258.0,34,True,0.0,-0.2511,-0.2794,-0.4782,True,True,-2.87,-1.45,72.7,-4.85,-2.46,8.6,,OHLC,↓,LH/LL,DT,False,268,5,universe
COSO,2026-09-24,26.57,0.56,False,27.36,-0.05,-0.37,True,92.5,0.34,92.2,True,2.09,1.06,41.8,1.9,C 基底修復,True,8:49,264.6,跌,114.0,12,True,0.0,-0.1284,-0.136,-0.136,True,True,-2.99,-1.43,28.07,-5.65,-2.7,3.5,,OHLC,↓,LH/LL,DT,False,268,5,universe
HBCP,2026-09-24,67.72,1.33,False,69.49,-0.131,-0.54,True,92.5,0.36,92.1,True,1.97,1.21,58.9,3.2,C 基底修復,True,8:30,255.2,跌,92.0,7,True,0.0,-0.1605,-0.1712,-0.4346,True,True,-2.61,-1.32,70.36,-3.9,-1.98,4.3,,OHLC,↓,LH/LL,DT,False,268,5,universe
QCRH,2026-09-24,100.42,2.04,False,101.54,-0.108,-0.33,True,92.3,0.27,92.0,True,2.03,1.19,62.9,2.4,C 基底修復,True,6:04,181.9,跌,51.0,7,True,0.0,-0.2498,-0.3315,-0.8396,True,True,-1.11,-0.55,99.0,1.41,0.7,10.8,,OHLC,↑,HH/HL,自然回檔,False,268,5,universe
FISI,2026-09-24,40.02,0.77,False,40.84,-0.051,-0.34,True,92.0,0.25,91.8,True,1.91,1.37,55.1,2.1,C 基底修復,True,8:49,264.6,跌,334.0,33,True,0.0,-0.1255,-0.1306,-0.2565,True,True,-2.04,-1.07,41.01,-2.47,-1.29,6.1,,OHLC,↓,LH/LL,DT,False,268,5,universe
CCBG,2026-09-24,49.31,1.04,False,50.75,-0.089,-0.45,True,91.9,0.2,91.7,True,2.12,1.2,41.8,3.0,C 基底修復,True,8:49,264.6,跌,280.0,36,True,0.0,-0.1682,-0.1755,-0.2574,True,True,-2.92,-1.38,51.56,-4.56,-2.16,3.8,,OHLC,↓,LH/LL,DT,False,268,5,universe
HBT,2026-09-24,35.75,0.69,False,36.07,-0.029,-0.14,True,91.8,0.05,91.8,True,1.94,1.39,73.0,19.0,A 待突破,True,8:49,264.6,跌,273.0,28,True,0.0,-0.1606,-0.1878,-0.2769,True,True,-0.89,-0.46,36.89,-3.19,-1.64,4.4,,OHLC,—,LH/LL,自然回檔,False,268,5,universe
NIC,2026-09-24,167.58,3.74,False,170.97,-0.454,-0.4,True,91.4,0.0,91.4,True,2.23,1.19,49.4,-6.1,C 基底修復,True,8:49,264.6,跌,186.0,27,True,0.0,-0.5078,-0.6967,-1.3246,True,True,-2.02,-0.91,173.21,-3.36,-1.51,25.2,,OHLC,↓,LH/LL,DT,False,268,5,universe
TRST,2026-09-24,56.3,1.26,False,57.14,-0.007,-0.01,True,91.4,0.35,91.0,True,2.23,1.2,61.7,8.3,C 基底修復,True,6:44,202.2,跌,62.0,6,True,0.0,-0.2793,-0.3128,-0.3262,True,True,-1.49,-0.67,59.28,-5.29,-2.37,9.0,,OHLC,↓,LH/LL,DT,False,268,5,universe
FBNC,2026-09-24,62.8,1.34,False,63.9,-0.123,-0.38,True,91.2,0.24,91.0,True,2.14,1.33,49.3,3.3,C 基底修復,True,6:55,207.6,跌,65.0,8,True,0.0,-0.1664,-0.1956,-0.3558,True,True,-1.75,-0.82,62.28,0.83,0.39,14.4,,OHLC,↑,HH/HL,自然回檔,False,268,5,universe
RBCAA,2026-09-24,94.13,1.95,False,95.16,-0.175,-0.44,True,91.2,0.29,90.9,True,2.07,1.4,55.8,2.3,C 基底修復,True,6:37,198.4,跌,60.0,7,True,0.0,-0.2783,-0.3396,-0.9649,True,True,-1.09,-0.53,92.0,2.26,1.09,11.3,,OHLC,—,HH/HL,DT,False,268,5,universe
BFC,2026-09-24,150.32,3.14,False,153.15,-0.206,-0.24,True,91.1,0.18,90.9,True,2.09,1.41,54.8,3.4,C 基底修復,True,7:36,227.9,跌,77.0,9,True,0.0,-0.5193,-0.5714,-0.7604,True,True,-1.88,-0.9,149.01,0.87,0.42,10.6,,OHLC,—,HH/HL,DT,False,268,5,universe
AMAL,2026-09-24,47.21,1.05,False,48.27,-0.1,-0.39,True,90.8,0.34,90.5,True,2.23,1.33,54.5,3.6,C 基底修復,True,8:49,264.6,跌,309.0,34,True,0.0,-0.0825,-0.1114,-0.3844,True,True,-2.25,-1.01,48.02,-1.72,-0.77,12.1,,OHLC,↓,LH/LL,DT,False,268,5,universe
MBWM,2026-09-24,59.52,1.32,False,60.51,-0.05,-0.17,True,90.7,0.35,90.4,True,2.22,1.36,58.1,8.1,C 基底修復,True,7:03,211.4,跌,67.0,7,True,0.0,-0.2793,-0.3123,-0.3483,True,True,-1.67,-0.75,59.19,0.55,0.25,6.9,,OHLC,—,HH/HL,DT,False,268,5,universe
WASH,2026-09-24,38.72,0.79,False,39.53,-0.015,-0.07,True,90.2,0.13,90.1,True,2.03,1.66,67.1,7.9,C 基底修復,True,8:49,264.6,跌,373.0,34,True,0.0,-0.1865,-0.1943,-0.2227,True,True,-2.09,-1.03,40.42,-4.39,-2.16,5.5,,OHLC,—,LH/LL,自然回檔,False,268,5,universe
ACNB,2026-09-24,63.44,1.56,False,64.51,-0.039,-0.05,True,89.9,0.08,89.8,True,2.46,1.3,62.0,1.4,C 基底修復,True,8:49,264.6,跌,406.0,33,True,0.0,-0.2864,-0.2939,-0.3447,True,True,-1.68,-0.68,65.89,-3.86,-1.57,4.7,,OHLC,—,LH/LL,自然回檔,False,268,5,universe
BWFG,2026-09-24,66.0,1.57,False,66.6,-0.07,-0.11,True,89.8,0.11,89.7,True,2.38,1.41,74.3,11.8,A 待突破,True,7:03,211.4,跌,67.0,7,True,0.0,-0.2691,-0.2804,-0.5673,True,True,-0.91,-0.38,65.46,0.82,0.34,5.1,,OHLC,—,HH/HL,自然回檔,True,268,5,universe
CBC,2026-09-24,32.0,0.8,False,32.03,-0.05,-0.39,True,89.8,0.04,89.8,True,2.49,1.29,57.3,8.1,C 基底修復,True,8:49,264.6,跌,406.0,33,True,0.0,-0.0574,-0.0948,-0.2689,True,True,-0.08,-0.03,33.07,-3.34,-1.34,52.5,,OHLC,—,LH/LL,自然反彈,False,210,5,universe
AGM,2026-09-24,218.79,5.22,False,223.21,-0.533,-0.51,True,89.4,0.4,89.0,True,2.38,1.49,56.3,1.5,C 基底修復,True,8:49,264.6,跌,273.0,29,True,0.0,-0.9441,-1.0264,-3.0935,True,True,-2.02,-0.85,221.49,-1.23,-0.52,24.7,,OHLC,↑,HH/HL,自然回檔,False,268,5,universe
RPRX,2026-09-24,58.29,1.41,True,60.13,0.019,0.07,True,88.8,0.3,88.5,True,2.42,1.59,49.5,0.0,C 基底修復,True,8:49,264.6,跌,163.0,12,True,0.0,-0.3385,-0.4003,-0.5731,True,False,-3.16,-1.3,64.38,-10.45,-4.32,199.3,,OHLC,—,LH/LL,自然回檔,True,268,5,universe
CHMG,2026-09-24,82.09,1.98,False,83.06,-0.071,-0.0,True,88.2,0.29,88.0,True,2.41,1.71,77.7,11.9,A 待突破,True,6:18,188.8,跌,55.0,7,True,0.0,-0.436,-0.4608,-0.5653,True,True,-1.18,-0.49,86.0,-4.76,-1.98,5.9,,OHLC,—,LH/LL,自然回檔,False,268,5,universe
MMI,2026-09-24,30.3,0.8,False,31.21,-0.036,-0.42,True,87.7,0.15,87.5,True,2.65,1.58,37.2,1.1,C 基底修復,True,8:49,264.6,跌,277.0,18,True,0.0,-0.1185,-0.1245,-0.1707,True,True,-2.99,-1.13,30.93,-2.08,-0.78,4.8,,OHLC,—,LH/LL,DT,True,268,5,universe
OKE,2026-09-24,91.18,2.42,True,94.57,0.0,0.15,True,87.4,0.45,87.0,True,2.65,1.63,48.1,2.4,C 基底修復,True,8:16,247.8,跌,88.0,8,True,0.0,-0.7283,-0.7867,-0.7867,True,False,-3.72,-1.4,90.81,0.41,0.15,355.2,,OHLC,↓,LH/LL,DT,False,268,5,universe
SD,2026-09-24,14.17,0.37,False,14.3,-0.001,0.1,True,87.1,0.14,87.0,True,2.59,1.75,27.6,8.8,C 基底修復,True,6:16,188.2,跌,55.0,6,True,0.0,-0.0691,-0.078,-0.078,True,True,-0.89,-0.34,13.9,1.91,0.73,5.1,,OHLC,↑,HH/HL,自然回檔,False,268,5,universe
FSUN,2026-09-24,39.24,0.86,False,39.95,-0.038,-0.33,True,86.3,0.09,86.2,True,2.2,2.31,55.5,19.2,A 待突破,True,8:49,264.6,跌,147.0,25,True,0.0,-0.1982,-0.2334,-0.2334,True,True,-1.81,-0.82,41.11,-4.77,-2.16,15.5,,OHLC,↓,LH/LL,自然反彈,False,268,5,universe
AMTB,2026-09-24,29.3,0.77,True,29.11,0.003,0.09,True,86.1,0.16,85.9,True,2.63,1.93,71.5,14.6,A 待突破,False,5:03,151.3,跌,34.0,4,True,0.0,-0.0849,-0.0922,-0.2497,True,True,0.63,0.24,28.88,1.43,0.55,10.2,,OHLC,—,HH/HL,自然反彈,True,268,5,universe
HVT,2026-09-24,27.74,0.71,False,27.66,-0.012,-0.38,True,86.0,0.38,85.6,True,2.57,2.01,68.7,3.6,A 待突破,True,8:49,264.6,跌,184.0,26,True,0.0,-0.0188,-0.0271,-0.2533,True,True,0.3,0.12,28.27,-1.91,-0.74,3.7,,OHLC,—,LH/LL,自然回檔,True,268,5,universe
MBIN,2026-09-24,52.23,1.42,False,52.89,-0.059,-0.41,True,85.9,0.3,85.6,True,2.73,1.87,54.7,4.2,C 基底修復,True,8:49,264.6,跌,299.0,28,True,0.0,-0.1292,-0.1713,-0.4611,True,True,-1.27,-0.47,53.15,-1.76,-0.65,12.3,,OHLC,↓,LH/LL,DT,False,268,5,universe
PSEC,2026-09-24,2.18,0.06,False,2.24,-0.003,-0.32,True,85.9,0.51,85.4,True,2.55,2.04,7.8,-0.8,D 趨勢弱,True,8:49,264.6,跌,183.0,19,True,0.0,-0.003,-0.0031,-0.0131,True,True,-2.96,-1.16,,,,8.8,,OHLC,—,HH/HL,DT,True,268,5,universe
SU,2026-09-24,68.65,1.82,True,67.81,0.247,0.75,True,85.9,0.08,85.8,True,2.65,1.94,74.7,1.4,A 待突破,False,5:56,177.8,跌,49.0,5,True,0.0,-0.2818,-0.3258,-0.5478,True,True,1.22,0.46,67.33,1.92,0.72,330.9,,OHLC,↑,HH/HL,自然反彈,False,268,5,universe
CNQ,2026-09-24,47.93,1.29,True,50.02,0.02,0.24,True,85.8,0.32,85.5,True,2.69,1.92,47.1,3.1,C 基底修復,True,8:49,264.6,跌,121.0,14,True,0.0,-0.5379,-0.5504,-0.5504,True,False,-4.36,-1.62,51.55,-7.55,-2.8,357.7,,OHLC,↓,LH/LL,DT,False,268,5,universe
FOXA,2026-09-24,63.84,1.71,True,66.78,0.029,0.16,True,85.1,0.53,84.6,True,2.67,2.08,43.3,-1.6,B 上升結構,True,8:49,264.6,跌,142.0,19,True,0.0,-0.5345,-0.5458,-0.833,True,False,-4.61,-1.72,63.57,0.42,0.16,340.9,,OHLC,—,HH/HL,DT,False,268,5,universe
HUM,2026-09-24,380.32,12.34,False,389.42,-0.064,0.04,True,82.1,0.53,81.6,True,3.24,2.1,68.0,1.7,C 基底修復,True,6:33,196.3,跌,59.0,7,True,0.0,-3.1527,-3.6094,-6.6213,True,True,-2.39,-0.74,383.23,-0.77,-0.24,359.5,,OHLC,—,HH/HL,自然反彈,False,268,5,universe
JXN,2026-09-24,130.15,4.17,False,133.6,-0.011,-0.16,True,82.0,0.66,81.4,True,3.2,2.15,51.3,0.9,C 基底修復,True,7:42,231.2,跌,78.0,10,True,0.0,-1.3162,-1.3692,-1.3692,True,True,-2.65,-0.83,129.38,0.59,0.18,117.7,,OHLC,↑,HH/HL,次級回檔,False,268,5,universe
EPC,2026-09-24,27.33,0.97,False,27.8,-0.042,-0.22,True,80.5,0.67,79.8,True,3.56,2.09,50.9,-0.5,C 基底修復,True,8:49,264.6,跌,514.0,47,True,0.0,-0.0171,-0.036,-0.3007,True,True,-1.73,-0.49,27.51,-0.66,-0.18,16.2,,OHLC,—,LH/LL,自然回檔,True,268,5,universe
PR,2026-09-24,21.85,0.72,True,23.03,0.006,0.23,True,80.5,0.37,80.1,True,3.29,2.35,44.3,2.5,C 基底修復,True,8:40,259.9,跌,94.0,14,True,0.0,-0.3392,-0.3579,-0.3579,True,False,-5.42,-1.65,24.64,-12.79,-3.88,241.5,,OHLC,↓,LH/LL,自然反彈,False,268,5,universe
REPX,2026-09-24,41.69,1.49,True,41.35,0.101,0.79,True,79.7,0.75,79.0,True,3.58,2.21,52.1,-1.5,B 上升結構,False,4:50,144.9,跌,30.0,4,True,0.0,-0.4388,-0.449,-0.449,True,True,0.82,0.23,40.2,3.57,1.0,17.4,,OHLC,↑,HH/HL,UT,False,268,5,universe
LRN,2026-09-24,80.04,2.37,True,82.74,0.101,-0.02,True,78.6,0.52,78.1,True,2.96,3.04,23.5,6.2,D 趨勢弱,True,8:09,244.3,跌,86.0,12,True,0.0,-0.3664,-0.4969,-0.8072,True,False,-3.37,-1.14,83.56,-4.4,-1.49,59.0,,OHLC,↓,LH/LL,DT,False,268,5,universe
CHRD,2026-09-24,140.02,4.83,True,145.48,0.081,0.31,True,78.5,0.54,77.9,True,3.45,2.57,47.0,5.3,C 基底修復,True,7:03,211.4,跌,67.0,7,True,0.0,-1.9142,-2.0727,-2.0727,True,False,-3.9,-1.13,135.89,2.95,0.86,104.3,,OHLC,—,HH/HL,自然反彈,False,268,5,universe
PAHC,2026-09-24,33.93,1.39,True,36.24,0.01,-0.07,True,78.0,0.16,77.9,True,4.11,2.0,9.4,-2.1,D 趨勢弱,True,7:18,219.1,跌,72.0,11,True,0.0,-0.3546,-0.3559,-0.4308,True,False,-6.8,-1.66,35.15,-3.6,-0.88,9.6,,OHLC,↓,LH/LL,DT,False,268,5,universe
MEOH,2026-09-24,59.77,2.17,True,60.16,0.108,0.35,True,77.3,0.81,76.5,True,3.63,2.61,55.6,-3.4,B 上升結構,False,5:13,156.3,跌,37.0,5,True,0.0,-0.5214,-0.5623,-0.5623,True,True,-0.66,-0.18,58.72,1.76,0.48,52.8,,OHLC,↑,HH/HL,UT,False,268,5,universe
PNRG,2026-09-24,210.85,8.67,True,210.12,0.312,0.04,False,77.1,-1.08,78.2,True,4.11,2.18,46.8,25.2,C 基底修復,True,8:49,264.6,跌,99.0,12,True,0.0,-1.8573,-2.5636,-2.5636,True,True,0.34,0.08,212.23,-0.65,-0.16,23.0,,OHLC,↓,LH/LL,自然反彈,False,268,5,universe
CRGY,2026-09-24,13.42,0.52,True,13.8,0.039,0.58,True,74.9,0.46,74.5,False,3.88,2.81,56.9,4.7,B 上升結構,True,6:49,204.5,跌,64.0,7,True,0.0,-0.2379,-0.2511,-0.2511,True,True,-2.82,-0.73,13.01,3.06,0.79,94.2,,OHLC,—,HH/HL,自然反彈,False,268,5,universe
GDYN,2026-09-24,7.71,0.3,True,7.89,0.005,0.18,True,74.3,0.51,73.8,False,3.92,2.9,61.1,-0.1,C 基底修復,True,8:49,264.6,跌,197.0,22,True,0.0,-0.0792,-0.0811,-0.0811,True,True,-2.35,-0.6,8.43,-9.34,-2.38,7.7,,OHLC,↓,LH/LL,自然反彈,False,268,5,universe
WWW,2026-09-24,19.3,0.74,True,19.93,0.074,0.18,True,73.4,0.53,72.8,False,3.85,3.14,42.2,3.0,D 趨勢弱,True,8:49,264.6,跌,281.0,20,True,0.0,-0.0634,-0.0706,-0.2447,True,True,-3.28,-0.85,19.87,-2.95,-0.77,13.6,,OHLC,—,LH/LL,自然回檔,True,268,5,universe
PSKY,2026-09-24,10.18,0.53,True,10.46,0.017,0.11,True,69.6,1.26,68.4,False,5.18,2.52,27.5,4.5,D 趨勢弱,True,8:42,261.1,跌,95.0,12,True,0.0,-0.1361,-0.1494,-0.1494,True,True,-2.78,-0.54,11.28,-10.81,-2.09,222.1,,OHLC,—,LH/LL,UT,False,268,5,universe
TARS,2026-09-24,75.96,3.19,True,77.62,0.331,0.78,True,69.3,0.29,69.0,False,4.2,3.56,60.2,-3.7,B 上升結構,True,7:39,229.4,跌,77.0,9,True,0.0,-1.1893,-1.2094,-1.2094,True,True,-2.18,-0.52,74.29,2.2,0.52,63.2,,OHLC,↑,HH/HL,自然反彈,False,268,5,universe
AQST,2026-09-24,4.82,0.25,True,4.79,0.047,0.47,True,66.6,0.84,65.8,False,5.26,3.02,52.8,-4.4,D 趨勢弱,True,7:56,238.0,跌,82.0,11,True,0.0,-0.0594,-0.069,-0.0982,True,True,0.73,0.14,4.88,-1.24,-0.24,12.1,,OHLC,—,LH/LL,次級反彈,True,268,5,universe
NIQ,2026-09-24,18.14,0.62,True,18.22,0.14,1.94,True,65.3,0.99,64.3,False,3.44,5.12,71.7,3.7,A 待突破,True,8:49,264.6,跌,197.0,17,True,0.0,-0.264,-0.2933,-0.398,True,True,-0.42,-0.12,18.63,-2.7,-0.79,21.4,,OHLC,—,LH/LL,次級反彈,True,268,5,universe
CORT,2026-09-24,118.51,5.38,True,114.09,0.084,-0.13,True,65.1,0.24,64.8,False,4.54,4.05,72.7,12.1,A 待突破,True,8:49,264.6,跌,171.0,21,True,0.0,-0.0583,-0.4019,-1.9139,True,True,3.73,0.82,112.94,4.7,1.03,193.1,,OHLC,↑,HH/HL,UT,False,268,5,universe
WTI,2026-09-24,3.86,0.21,True,3.87,0.006,0.25,True,61.7,0.23,61.5,False,5.32,3.96,55.7,-3.2,C 基底修復,True,7:18,219.0,跌,72.0,6,True,0.0,-0.0357,-0.044,-0.044,True,True,-0.2,-0.04,3.69,4.4,0.83,14.3,,OHLC,—,HH/HL,自然反彈,False,268,5,universe
ANF,2026-09-24,134.3,6.26,True,137.35,0.337,0.27,True,60.2,0.5,59.7,False,4.66,4.94,63.4,1.4,E 延伸,True,8:49,264.6,跌,133.0,9,True,0.0,-2.5575,-2.606,-2.606,True,True,-2.27,-0.49,139.89,-4.16,-0.89,241.4,,OHLC,↓,LH/LL,DT,False,268,5,universe
HNST,2026-09-24,5.28,0.24,True,5.39,0.007,0.03,True,59.9,0.82,59.1,False,4.64,5.02,72.9,-2.2,B 上升結構,True,8:49,264.6,跌,145.0,12,True,0.0,-0.0805,-0.0857,-0.0917,True,True,-2.15,-0.46,5.55,-5.11,-1.1,11.5,,OHLC,—,LH/LL,DT,True,268,5,universe
PBF,2026-09-24,71.9,4.57,True,73.75,0.027,0.33,True,55.4,0.58,54.8,False,6.35,4.3,66.1,-4.6,B 上升結構,True,8:49,264.6,跌,107.0,9,True,0.0,-0.9349,-0.9352,-1.0895,True,True,-2.58,-0.41,71.85,0.07,0.01,293.1,,OHLC,↑,HH/HL,次級反彈,False,268,5,universe
LIFE,2026-09-24,35.31,2.86,True,37.02,0.06,0.27,True,47.2,0.11,47.1,False,8.11,4.58,52.0,1.2,B 上升結構,True,8:49,264.6,跌,106.0,18,True,0.0,-0.9995,-1.0392,-1.0392,True,True,-4.83,-0.6,34.83,1.36,0.17,60.5,,OHLC,—,HH/HL,自然反彈,False,165,5,universe
SUJA,2026-09-24,8.2,0.69,True,8.4,0.245,0.94,True,32.3,1.36,30.9,False,8.4,9.26,17.9,-1.3,D 趨勢弱,True,7:55,237.3,跌,82.0,9,True,0.0,-0.1572,-0.1698,-0.3924,True,True,-2.46,-0.29,9.12,-11.22,-1.34,4.7,,OHLC,—,LH/LL,DT,True,97,5,universe
STRF,2026-09-24,103.28,1.42,True,101.36,0.173,0.82,True,95.7,0.08,95.6,True,1.37,0.95,56.9,14.8,C 基底修復,True,6:06,182.9,跌,52.0,8,False,1.0,-0.2848,-0.2532,-0.2848,False,True,1.86,1.35,104.32,-1.01,-0.73,6.5,,OHLC,—,LH/LL,UT,False,268,5,universe
SEIC,2026-09-24,104.78,1.98,False,107.3,-0.057,-0.35,True,92.6,0.03,92.5,True,1.89,1.26,50.0,0.2,C 基底修復,True,8:49,264.6,跌,168.0,17,True,1.0,-0.6006,-0.6952,-0.9985,True,True,-2.4,-1.27,103.22,1.49,0.79,96.6,,OHLC,—,HH/HL,DT,False,268,5,universe
PRU,2026-09-24,118.75,2.37,False,120.0,-0.113,-0.28,True,92.0,0.2,91.8,True,1.99,1.29,57.2,3.7,C 基底修復,True,8:49,264.6,跌,417.0,36,True,1.0,-0.1214,-0.2173,-0.9553,True,True,-1.05,-0.53,119.77,-0.86,-0.43,188.6,,OHLC,—,LH/LL,DT,True,268,5,universe
WELL,2026-09-24,233.61,5.0,True,235.6,0.255,-0.12,False,91.2,-0.22,91.4,True,2.14,1.33,49.8,2.2,C 基底修復,True,8:49,264.6,跌,113.0,14,True,1.0,-0.5034,-0.8001,-2.4457,True,True,-0.85,-0.4,240.31,-2.87,-1.34,652.2,,OHLC,—,LH/LL,自然反彈,True,268,5,universe
CME,2026-09-24,268.91,5.54,True,275.77,0.224,0.21,True,90.5,0.16,90.3,True,2.06,1.57,36.7,-0.5,C 基底修復,True,8:49,264.6,跌,124.0,14,False,1.0,-1.6979,-1.6851,-1.8126,False,True,-2.55,-1.24,277.74,-3.28,-1.59,534.5,,OHLC,↓,LH/LL,DT,False,268,5,universe
CPAY,2026-09-24,400.32,8.23,False,408.1,-0.31,-0.05,True,90.5,0.36,90.2,True,2.06,1.56,74.4,13.1,A 待突破,True,8:49,264.6,跌,188.0,26,True,1.0,-2.3424,-2.8642,-2.9627,True,True,-1.94,-0.94,416.13,-3.95,-1.92,173.2,,OHLC,↓,LH/LL,DT,False,268,5,universe
AHR,2026-09-24,52.31,1.16,True,54.2,0.04,-0.35,True,89.5,0.11,89.4,True,2.22,1.63,40.1,5.6,C 基底修復,True,8:49,264.6,跌,115.0,15,True,1.0,-0.2468,-0.3169,-0.6238,True,False,-3.62,-1.63,,,,167.7,,OHLC,—,HH/HL,DT,False,268,5,universe
XOM,2026-09-24,162.14,3.8,True,162.49,0.109,0.21,True,88.9,0.08,88.9,True,2.34,1.62,60.0,0.9,A 待突破,False,5:49,174.7,跌,47.0,6,True,1.0,-0.7124,-0.8356,-1.0846,True,True,-0.22,-0.09,159.47,1.65,0.7,2382.5,,OHLC,↑,HH/HL,自然反彈,False,268,5,universe
KNTK,2026-09-24,52.54,1.49,True,54.09,0.015,0.35,True,86.2,0.23,86.0,True,2.84,1.7,62.9,-1.3,A 待突破,True,8:49,264.6,跌,173.0,16,False,1.0,-0.3703,-0.367,-0.3768,False,True,-2.95,-1.04,55.03,-4.74,-1.67,65.8,,OHLC,—,LH/LL,DT,True,268,5,universe
LOPE,2026-09-24,151.19,4.13,True,149.73,0.286,0.14,True,84.6,0.09,84.6,True,2.73,2.11,23.6,0.6,D 趨勢弱,False,4:37,138.5,跌,27.0,4,True,1.0,-0.3511,-0.425,-0.6067,True,True,0.97,0.35,148.13,2.02,0.74,51.8,,OHLC,↑,HH/HL,UT,False,268,5,universe
NHC,2026-09-24,221.6,6.42,True,224.51,0.107,0.12,True,84.4,0.02,84.4,True,2.9,1.99,60.3,-11.3,C 基底修復,True,7:42,231.2,跌,78.0,5,False,1.0,-0.3105,-0.1626,-1.9736,False,True,-1.31,-0.45,220.54,0.48,0.17,24.0,,OHLC,—,HH/HL,自然回檔,True,268,5,universe
OXY,2026-09-24,58.05,1.59,False,59.76,-0.03,0.03,True,84.4,0.32,84.1,True,2.74,2.16,44.5,4.6,C 基底修復,True,7:18,219.2,跌,72.0,7,True,1.0,-0.5777,-0.6551,-0.661,True,True,-2.94,-1.08,58.41,-0.62,-0.23,503.1,,OHLC,—,HH/HL,自然反彈,False,268,5,universe
DNOW,2026-09-24,15.91,0.47,False,15.87,-0.037,-0.32,True,83.3,0.59,82.7,True,2.95,2.16,62.2,1.5,A 待突破,True,8:49,264.6,跌,181.0,25,True,1.0,-0.0552,-0.0787,-0.1131,True,True,0.26,0.09,16.1,-1.19,-0.41,35.4,,OHLC,—,LH/LL,次級反彈,True,268,5,universe
CHEF,2026-09-24,110.36,3.63,False,111.25,-0.001,-0.02,True,80.6,0.65,80.0,True,3.29,2.33,88.9,8.3,A 待突破,True,8:49,264.6,跌,242.0,29,True,1.0,-0.4632,-0.5878,-0.9269,True,True,-0.8,-0.24,110.85,-0.44,-0.13,76.7,,OHLC,↓,LH/LL,自然回檔,False,268,5,universe
AVO,2026-09-24,12.96,0.46,True,12.89,0.004,-0.07,True,79.9,0.04,79.9,True,3.57,2.19,40.5,23.9,C 基底修復,True,9:22,281.2,升,6.0,1,False,1.0,0.0012,-0.0191,,False,True,0.56,0.16,13.06,-0.77,-0.22,10.9,,OHLC,—,LH/LL,UT,True,268,5,universe
WLY,2026-09-24,48.61,1.9,False,50.18,-0.03,-0.31,True,77.5,0.64,76.9,True,3.91,2.3,40.6,1.5,C 基底修復,True,8:49,264.6,跌,212.0,17,True,1.0,-0.085,-0.1892,-0.7044,True,True,-3.24,-0.83,46.8,3.72,0.95,30.4,,OHLC,—,HH/HL,自然反彈,True,268,5,universe
NSIT,2026-09-24,159.73,6.23,True,155.75,0.196,0.26,False,76.6,-0.03,76.6,True,3.9,2.49,70.5,8.8,A 待突破,True,8:49,264.6,跌,289.0,26,True,1.0,-1.0407,-1.219,-1.3199,True,True,2.49,0.64,160.72,-0.62,-0.16,57.6,,OHLC,↑,HH/HL,次級反彈,False,268,5,universe
MANH,2026-09-24,209.63,6.98,True,209.19,0.635,0.37,True,74.2,0.34,73.8,False,3.33,3.51,74.6,-0.5,A 待突破,True,8:49,264.6,跌,225.0,16,True,1.0,-1.5472,-1.6878,-3.4951,True,True,0.21,0.06,212.03,-1.14,-0.34,136.1,,OHLC,—,LH/LL,自然回檔,True,268,5,universe
TALO,2026-09-24,17.02,0.67,True,17.08,0.039,0.4,True,73.9,0.69,73.3,False,3.93,2.96,61.1,0.1,B 上升結構,True,6:44,202.0,跌,62.0,7,True,1.0,-0.1813,-0.2203,-0.2229,True,True,-0.36,-0.09,16.84,1.06,0.27,35.9,,OHLC,↑,HH/HL,UT,False,268,5,universe
WK,2026-09-24,71.48,2.87,True,74.15,0.054,0.3,True,72.8,0.68,72.1,False,4.01,3.09,46.6,2.7,C 基底修復,True,8:49,264.6,跌,160.0,16,True,1.0,-0.9612,-1.05,-1.3067,True,True,-3.74,-0.93,75.89,-6.17,-1.54,72.6,,OHLC,↓,LH/LL,自然反彈,False,268,5,universe
CRM,2026-09-24,238.22,8.95,True,236.6,1.23,0.65,True,71.2,0.73,70.4,False,3.76,3.65,54.9,-1.0,E 延伸,True,8:22,251.2,跌,90.0,11,True,1.0,-4.1402,-4.3354,-4.3913,True,True,0.68,0.18,259.43,-8.9,-2.37,4239.2,,OHLC,↓,LH/LL,自然反彈,False,268,5,universe
FET,2026-09-24,83.64,3.17,True,81.19,0.016,0.22,True,69.9,0.75,69.1,False,3.79,3.87,76.0,-0.1,E 延伸,True,8:49,264.6,跌,287.0,24,True,1.0,-0.4261,-0.56,-1.3724,True,True,2.93,0.77,80.69,3.53,0.93,15.9,,OHLC,—,HH/HL,UT,True,268,5,universe
WDAY,2026-09-24,190.99,8.31,True,196.59,0.708,0.3,True,66.0,0.31,65.7,False,4.35,4.07,64.5,1.5,C 基底修復,True,8:49,264.6,跌,177.0,22,True,1.0,-1.3905,-1.4718,-3.4876,True,True,-2.93,-0.67,187.76,1.69,0.39,675.9,,OHLC,—,HH/HL,次級反彈,True,268,5,universe
FROG,2026-09-24,94.2,5.17,True,92.88,0.218,0.22,True,61.3,0.94,60.4,False,5.49,3.87,77.8,-1.4,B 上升結構,True,8:49,264.6,跌,135.0,16,True,1.0,-0.0069,-0.1606,-2.3224,True,True,1.41,0.26,92.13,2.2,0.4,183.6,,OHLC,—,LH/LL,UT,True,268,5,universe
GTM,2026-09-24,3.92,0.21,True,3.99,0.003,-0.23,True,60.7,0.94,59.7,False,5.4,4.1,38.4,-1.6,D 趨勢弱,True,8:49,264.6,跌,163.0,17,True,1.0,-0.0317,-0.0349,-0.06,True,True,-1.84,-0.34,3.86,1.53,0.28,22.0,,OHLC,↑,HH/HL,UT,False,268,5,universe
APPN,2026-09-24,37.61,1.97,True,37.79,0.1,0.49,True,60.0,0.2,59.8,False,5.23,4.4,55.7,-2.3,B 上升結構,True,8:49,264.6,跌,123.0,16,True,1.0,-0.3055,-0.3263,-1.1783,True,True,-0.48,-0.09,39.89,-6.06,-1.16,34.8,,OHLC,—,HH/HL,次級反彈,False,268,5,universe
MNDY,2026-09-24,86.0,5.08,True,90.72,0.147,0.07,True,57.3,0.72,56.6,False,5.91,4.32,27.1,1.4,D 趨勢弱,True,8:49,264.6,跌,129.0,14,True,1.0,-0.8561,-0.8931,-1.8335,True,True,-5.49,-0.93,87.96,-2.28,-0.39,102.6,,OHLC,↓,LH/LL,DT,False,268,5,universe
CNI,2026-09-24,119.92,2.12,False,123.41,-0.211,-0.52,True,93.7,0.05,93.6,True,1.77,1.1,56.0,0.6,C 基底修復,True,8:49,264.6,跌,438.0,40,True,2.0,-0.1549,-0.2771,-0.8509,True,True,-2.91,-1.65,123.09,-2.64,-1.5,175.3,,OHLC,↓,LH/LL,自然反彈,False,268,5,universe
RGA,2026-09-24,245.41,4.5,True,246.98,0.046,0.1,False,92.7,-0.02,92.7,True,1.84,1.28,69.2,-0.6,A 待突破,True,8:49,264.6,跌,117.0,13,True,2.0,-0.776,-0.7829,-1.267,True,True,-0.64,-0.35,250.98,-2.27,-1.24,78.4,,OHLC,—,LH/LL,自然回檔,True,268,5,universe
MDLZ,2026-09-24,60.86,1.24,False,62.25,-0.011,-0.22,True,90.7,0.15,90.5,True,2.03,1.56,39.0,0.8,C 基底修復,True,8:49,264.6,跌,195.0,21,True,2.0,-0.151,-0.1517,-0.3062,True,True,-2.28,-1.12,63.03,-3.57,-1.76,499.4,,OHLC,↓,LH/LL,自然反彈,False,268,5,universe
ACCO,2026-09-24,4.3,0.12,False,4.28,-0.0,-0.13,True,83.9,0.52,83.3,True,2.9,2.1,70.4,-0.2,A 待突破,True,7:18,219.2,跌,72.0,12,True,2.0,-0.0023,-0.006,-0.0264,True,True,0.57,0.2,4.35,-1.16,-0.4,3.1,,OHLC,—,LH/LL,次級反彈,True,268,5,universe
KOP,2026-09-24,45.96,1.51,True,46.16,0.043,-0.53,True,82.0,0.43,81.6,True,3.29,2.06,52.6,-0.4,C 基底修復,True,9:51,295.7,升,14.0,2,False,2.0,0.0267,0.0249,,False,True,-0.43,-0.13,46.72,-1.65,-0.5,8.1,,OHLC,—,LH/LL,自然反彈,True,268,5,universe
PCRX,2026-09-24,25.56,0.82,True,24.97,0.061,0.03,False,81.4,-0.06,81.5,True,3.22,2.25,67.2,18.4,A 待突破,True,8:49,264.6,跌,143.0,10,True,2.0,-0.0407,-0.1231,-0.4418,True,True,2.29,0.71,24.36,4.69,1.46,13.9,,OHLC,—,LH/LL,自然反彈,False,268,5,universe
FCFS,2026-09-24,216.4,6.97,True,221.75,0.217,0.21,True,80.2,0.69,79.6,True,3.22,2.47,66.5,13.2,A 待突破,True,7:38,228.8,跌,77.0,8,False,2.0,-1.0797,-1.0482,-1.1607,False,True,-2.47,-0.77,215.54,0.4,0.12,87.9,,OHLC,↑,HH/HL,次級回檔,False,268,5,universe
MQ,2026-09-24,16.44,0.5,True,16.13,0.04,-0.05,True,79.9,0.35,79.6,True,3.04,2.71,24.2,0.5,D 趨勢弱,True,9:35,287.3,升,10.0,1,False,2.0,0.0135,-0.0279,,False,True,1.89,0.62,16.58,-0.85,-0.28,11.9,,OHLC,—,LH/LL,自然反彈,True,268,5,universe
SCSC,2026-09-24,58.07,2.04,True,56.47,0.159,0.22,False,79.8,-0.2,80.0,True,3.51,2.27,73.9,9.1,A 待突破,True,8:49,264.6,跌,106.0,7,True,2.0,-0.0284,-0.0322,-0.8167,True,True,2.76,0.78,58.1,-0.05,-0.01,15.4,,OHLC,—,LH/LL,次級反彈,True,268,5,universe
GBTG,2026-09-24,9.47,0.02,True,9.47,0.001,0.08,True,99.9,0.0,99.9,True,0.26,0.11,76.3,0.1,A 待突破,True,8:49,264.6,跌,633.0,87,False,3.0,-0.0033,-0.0042,-0.0154,True,True,0.01,0.05,9.46,0.11,0.4,22.4,,OHLC,—,HH/HL,UT,True,268,5,universe
ROKU,2026-09-24,153.33,1.99,True,155.99,0.069,0.32,True,96.0,0.13,95.9,True,1.3,0.93,84.0,-1.1,A 待突破,True,8:49,264.6,跌,170.0,20,False,3.0,-0.6345,-0.6506,-1.0296,True,True,-1.73,-1.34,157.45,-2.69,-2.07,352.2,,OHLC,—,LH/LL,次級回檔,False,268,5,universe
CGBD,2026-09-24,11.15,0.25,True,11.47,0.003,0.38,True,89.3,0.12,89.2,True,2.27,1.62,38.5,-0.3,D 趨勢弱,True,8:49,264.6,跌,107.0,14,False,3.0,-0.0627,-0.0508,-0.0627,False,True,-2.88,-1.27,11.63,-4.3,-1.89,5.2,,OHLC,↓,LH/LL,DT,False,268,5,universe
FULC,2026-09-24,3.78,0.08,True,3.82,0.001,0.0,True,89.3,0.05,89.2,True,2.11,1.78,33.1,-1.2,D 趨勢弱,True,8:12,246.1,跌,87.0,12,False,3.0,-0.0024,-0.0016,-0.0102,False,True,-0.99,-0.47,3.92,-3.43,-1.62,5.2,,OHLC,—,LH/LL,自然反彈,True,268,5,universe
IFF,2026-09-24,85.85,1.73,True,84.94,0.068,-0.06,True,88.6,0.3,88.3,True,2.01,2.03,70.0,-2.3,A 待突破,True,8:49,264.6,跌,175.0,16,False,3.0,-0.0708,-0.1533,-0.5841,True,True,1.06,0.53,82.96,3.37,1.67,142.0,,OHLC,—,HH/HL,UT,True,268,5,universe
DFIN,2026-09-24,49.22,1.55,True,48.46,0.039,0.02,True,80.8,0.73,80.1,True,3.15,2.44,51.1,0.2,B 上升結構,True,7:51,235.5,跌,81.0,10,False,3.0,-0.0082,-0.0664,-0.5101,True,True,1.55,0.49,49.26,-0.09,-0.03,11.7,,OHLC,—,LH/LL,次級反彈,True,268,5,universe
PANL,2026-09-24,8.15,0.27,True,8.18,0.033,0.88,True,80.8,0.48,80.3,True,3.36,2.23,57.5,-1.6,B 上升結構,True,6:31,195.7,跌,59.0,9,False,3.0,-0.0468,-0.0331,-0.0468,False,True,-0.34,-0.1,8.52,-4.54,-1.35,3.7,,OHLC,↓,LH/LL,DT,False,268,5,universe
WOR,2026-09-24,60.33,2.64,True,58.89,0.088,0.19,True,75.9,0.31,75.6,True,4.38,2.14,52.1,1.8,C 基底修復,True,9:36,288.0,升,10.0,2,False,3.0,0.1255,0.0273,,False,True,2.39,0.55,57.38,4.89,1.12,28.6,,OHLC,↑,HH/HL,UT,False,268,5,universe
SOLV,2026-09-24,88.59,2.17,True,89.38,0.124,0.42,True,87.3,0.62,86.6,True,2.45,1.87,78.7,-0.1,A 待突破,True,8:49,264.6,跌,160.0,16,False,4.0,-0.4064,-0.4504,-0.7118,True,True,-0.89,-0.36,91.87,-3.7,-1.51,80.8,,OHLC,—,LH/LL,自然回檔,True,268,5,universe
BGC,2026-09-24,12.17,0.35,True,11.87,0.056,0.78,True,84.2,0.08,84.1,True,2.9,2.04,68.0,-1.3,A 待突破,True,6:42,200.8,跌,62.0,6,False,4.0,-0.0276,-0.0216,-0.1655,False,True,2.43,0.84,12.48,-2.55,-0.88,42.8,,OHLC,—,LH/LL,自然回檔,True,268,5,universe
STRC,2026-09-24,98.31,0.93,True,97.27,0.077,0.63,True,96.3,0.06,96.3,True,0.95,1.18,57.8,0.1,C 基底修復,True,7:18,218.8,跌,72.0,17,False,5.0,-0.1623,-0.1258,-0.2753,False,True,1.06,1.11,96.99,1.34,1.41,146.3,,OHLC,—,HH/HL,UT,True,268,5,universe
RHP,2026-09-24,121.97,3.0,True,124.44,0.028,0.15,True,89.2,0.19,89.1,True,2.46,1.44,55.0,0.0,C 基底修復,True,9:24,282.1,升,7.0,1,False,5.0,0.0441,-0.0633,,False,True,-2.03,-0.82,124.43,-2.02,-0.82,72.6,,OHLC,—,LH/LL,DT,True,268,5,universe
REGN,2026-09-24,796.02,19.27,True,807.35,0.068,0.0,True,87.3,0.02,87.2,True,2.42,1.9,56.8,-1.5,A 待突破,True,8:49,264.6,跌,183.0,21,False,5.0,-3.1072,-3.55,-10.1122,True,True,-1.42,-0.59,794.19,0.23,0.09,565.3,,OHLC,—,HH/HL,UT,True,268,5,universe
MSFT,2026-09-24,497.93,10.98,True,495.79,0.034,-0.06,True,85.9,0.06,85.8,True,2.21,2.4,70.7,1.1,A 待突破,True,8:49,264.6,跌,193.0,27,False,5.0,-2.0113,-2.0794,-3.9416,True,True,0.43,0.2,505.41,-1.5,-0.68,10676.2,,OHLC,—,LH/LL,自然反彈,True,268,5,universe
LNG,2026-09-24,276.28,7.65,True,278.58,0.212,0.14,True,85.4,0.38,85.0,True,2.77,1.94,56.7,2.1,A 待突破,True,8:49,264.6,跌,155.0,13,False,5.0,-1.1436,-1.5947,-2.9031,True,True,-0.83,-0.3,283.55,-2.63,-0.95,638.5,,OHLC,—,LH/LL,UT,False,268,5,universe
UVE,2026-09-24,42.49,1.01,True,43.38,0.011,-0.06,True,85.3,0.28,85.1,True,2.37,2.34,66.1,1.3,C 基底修復,True,7:40,230.0,跌,78.0,7,False,5.0,-0.2582,-0.2216,-0.2742,False,True,-2.11,-0.89,44.7,-5.2,-2.2,6.5,,OHLC,↓,LH/LL,DT,False,268,5,universe
RGLD,2026-09-24,252.49,7.38,True,252.85,0.65,0.63,True,82.9,0.39,82.5,True,2.92,2.26,43.9,-2.2,C 基底修復,True,8:49,264.6,跌,152.0,16,False,5.0,-1.886,-2.0365,-3.6054,True,True,-0.14,-0.05,258.29,-2.3,-0.79,173.9,,OHLC,—,LH/LL,自然回檔,True,268,5,universe
AII,2026-09-24,25.33,0.94,True,25.8,0.156,0.62,True,77.6,0.7,76.9,True,3.7,2.49,61.0,2.5,A 待突破,True,8:49,264.6,跌,138.0,17,False,5.0,-0.3112,-0.2984,-0.3112,False,True,-1.86,-0.5,26.2,-3.43,-0.93,5.9,,OHLC,—,LH/LL,DT,True,268,5,universe
GAP,2026-09-24,21.69,0.79,True,21.47,0.029,0.07,True,76.6,0.61,76.0,True,3.66,2.72,27.4,-3.1,D 趨勢弱,True,8:49,264.6,跌,111.0,11,False,5.0,-0.0166,-0.0604,-0.2131,True,True,1.03,0.28,21.51,0.83,0.23,187.6,,OHLC,↓,LH/LL,自然反彈,False,268,5,universe
IOSP,2026-09-24,96.87,1.98,True,93.98,0.126,0.25,True,91.9,0.12,91.8,True,2.05,1.26,71.9,-1.7,A 待突破,True,9:40,290.1,升,11.0,2,False,6.0,0.1913,0.0692,,False,True,2.98,1.46,,,,18.8,,OHLC,—,LH/LL,UT,False,268,5,universe
MRK,2026-09-24,147.98,3.55,True,147.66,0.534,0.65,True,86.0,0.0,86.0,True,2.4,2.17,64.6,-4.3,A 待突破,True,8:49,264.6,跌,133.0,14,False,6.0,-0.495,-0.4941,-1.5538,False,True,0.22,0.09,152.8,-3.26,-1.36,1461.3,,OHLC,—,LH/LL,UT,False,268,5,universe
INCY,2026-09-24,124.44,3.31,True,125.28,0.093,0.36,True,85.9,0.26,85.6,True,2.66,1.94,70.1,-2.1,A 待突破,True,8:49,264.6,跌,141.0,19,False,6.0,-0.2202,-0.182,-0.952,False,True,-0.67,-0.25,128.72,-3.44,-1.29,185.8,,OHLC,—,LH/LL,次級回檔,False,268,5,universe
OGN,2026-09-24,13.72,0.04,True,13.72,0.003,0.34,True,99.8,0.01,99.8,True,0.29,0.18,87.5,-0.1,A 待突破,True,8:32,256.0,跌,92.0,19,False,7.0,-0.0032,-0.0053,-0.0239,True,True,-0.03,-0.12,13.76,-0.29,-1.02,39.5,,OHLC,—,LH/LL,UT,False,268,5,universe
JNJ,2026-09-24,270.68,5.34,True,269.26,0.326,0.36,True,91.7,0.02,91.7,True,1.97,1.38,80.3,0.4,A 待突破,True,8:49,264.6,跌,107.0,13,False,7.0,-0.3325,-0.4637,-1.1986,True,True,0.52,0.27,271.55,-0.32,-0.16,1752.1,,OHLC,—,LH/LL,自然回檔,False,268,5,universe
CLBK,2026-09-24,11.26,0.23,True,11.58,0.004,0.47,True,91.1,0.38,90.7,True,2.02,1.48,73.3,7.5,C 基底修復,True,8:49,264.6,跌,200.0,22,False,7.0,-0.0685,-0.0661,-0.0765,False,True,-2.88,-1.43,11.66,-3.55,-1.76,53.4,,OHLC,—,LH/LL,自然回檔,False,268,5,universe
NDSN,2026-09-24,323.26,6.26,True,318.24,0.285,0.08,True,91.1,0.1,91.0,True,1.94,1.57,68.1,1.1,A 待突破,True,9:24,282.2,升,7.0,1,False,7.0,0.4448,-0.0158,,False,True,1.55,0.8,311.56,3.62,1.87,114.2,,OHLC,↑,HH/HL,UT,False,268,5,universe
CVE,2026-09-24,31.28,0.98,True,32.26,0.057,0.4,True,81.7,0.3,81.4,True,3.14,2.27,65.8,1.6,A 待突破,True,7:42,231.2,跌,78.0,10,False,7.0,-0.368,-0.3646,-0.368,False,True,-3.13,-1.0,,,,210.8,,OHLC,—,HH/HL,DT,False,268,5,universe
BWMN,2026-09-24,42.56,0.33,True,42.48,0.016,0.93,True,75.2,0.3,74.9,True,0.79,5.85,71.1,-0.4,A 待突破,True,8:49,264.6,跌,150.0,19,False,7.0,-0.411,-0.434,-0.5468,True,True,0.18,0.24,42.43,0.31,0.39,13.2,,OHLC,—,HH/HL,UT,True,268,5,universe
SATA,2026-09-24,100.01,0.32,True,99.93,0.007,0.23,True,98.5,0.06,98.5,True,0.32,0.97,59.9,-0.2,C 基底修復,True,8:49,264.6,跌,134.0,19,False,8.0,-0.0801,-0.0837,-0.1666,True,True,0.08,0.25,100.07,-0.06,-0.19,54.7,,OHLC,—,LH/LL,UT,True,221,5,universe
KELYA,2026-09-24,16.41,0.46,True,16.5,0.036,0.29,True,83.1,0.49,82.6,True,2.79,2.36,75.5,-6.5,A 待突破,True,8:49,264.6,跌,110.0,17,False,8.0,-0.0429,-0.0493,-0.2148,True,True,-0.53,-0.19,16.48,-0.43,-0.15,5.0,,OHLC,—,HH/HL,自然反彈,True,268,5,universe
HZO,2026-09-24,52.41,0.4,True,52.23,0.006,1.04,True,79.1,0.28,78.8,True,0.77,5.14,84.4,0.1,A 待突破,True,8:49,264.6,跌,232.0,20,False,8.0,-0.4611,-0.4802,-0.6256,True,True,0.33,0.43,52.08,0.63,0.82,42.5,,OHLC,—,HH/HL,UT,True,268,5,universe
CBLL,2026-09-24,23.82,0.9,True,24.24,0.072,1.16,True,75.9,0.63,75.3,True,3.77,2.74,76.6,7.0,A 待突破,True,8:49,264.6,跌,114.0,19,False,8.0,-0.2399,-0.2287,-0.2477,False,True,-1.77,-0.47,24.5,-2.85,-0.76,8.6,,OHLC,—,HH/HL,DT,False,268,5,universe
TECH,2026-09-24,72.57,0.23,True,72.36,0.011,0.32,True,99.7,0.02,99.7,True,0.31,0.24,75.9,-0.2,A 待突破,True,8:49,264.6,跌,229.0,52,False,9.0,-0.0459,-0.0547,-0.6468,True,True,0.29,0.91,72.08,0.68,2.15,209.3,,OHLC,—,HH/HL,UT,True,268,5,universe
HSTM,2026-09-24,28.87,0.75,True,29.01,0.028,0.12,True,85.8,0.54,85.2,True,2.61,2.01,70.3,0.1,A 待突破,True,8:49,264.6,跌,149.0,13,False,9.0,-0.0905,-0.0854,-0.0905,False,True,-0.49,-0.19,28.67,0.69,0.27,5.7,,OHLC,—,HH/HL,自然回檔,True,268,5,universe
HAE,2026-09-24,106.0,2.92,True,104.35,0.613,1.32,True,82.9,0.1,82.8,True,2.75,2.44,91.3,-1.1,A 待突破,True,7:17,218.3,跌,71.0,18,False,9.0,-0.4985,-0.3568,-1.2149,False,True,1.56,0.57,110.45,-4.2,-1.52,63.5,,OHLC,—,LH/LL,自然回檔,False,268,5,universe
COKE,2026-09-24,189.65,6.07,True,192.74,0.165,0.19,True,82.3,0.34,81.9,True,3.2,2.1,55.8,10.1,B 上升結構,True,8:03,241.6,跌,84.0,4,False,9.0,-0.9726,-0.9391,-0.9726,False,True,-1.63,-0.51,197.4,-4.09,-1.28,111.3,,OHLC,↓,LH/LL,DT,False,268,5,universe
NAVI,2026-09-24,9.3,0.36,True,9.46,0.009,0.37,True,76.2,0.48,75.8,True,3.86,2.59,25.8,1.5,D 趨勢弱,True,8:49,264.6,跌,167.0,5,False,9.0,-0.0634,-0.0555,-0.0634,False,True,-1.72,-0.44,9.28,0.22,0.06,14.5,,OHLC,—,HH/HL,DT,False,268,5,universe
DV,2026-09-24,13.37,0.1,True,13.41,0.005,1.1,True,92.7,0.15,92.5,True,0.75,2.37,72.2,0.6,A 待突破,True,8:49,264.6,跌,223.0,22,False,10.0,-0.0621,-0.0605,-0.0793,False,True,-0.3,-0.4,13.34,0.22,0.3,48.1,,OHLC,↑,HH/HL,UT,False,268,5,universe
HRTG,2026-09-24,33.18,1.05,True,34.22,0.04,0.19,True,78.5,0.54,78.0,True,3.16,2.86,60.5,1.9,A 待突破,True,8:49,264.6,跌,160.0,24,False,10.0,-0.3496,-0.3262,-0.3496,False,True,-3.14,-0.99,,,,9.5,,OHLC,—,HH/HL,DT,False,268,5,universe
BSM,2026-09-24,14.69,0.26,True,14.8,0.017,0.62,True,93.0,0.04,93.0,True,1.76,1.29,56.9,17.3,C 基底修復,True,7:22,220.9,跌,73.0,7,False,12.0,-0.0442,-0.0441,-0.0874,False,True,-0.78,-0.44,14.67,0.14,0.08,5.2,,OHLC,—,HH/HL,自然回檔,True,268,5,universe
SMTI,2026-09-24,35.1,0.32,True,34.62,0.018,0.4,True,90.9,0.49,90.4,True,0.92,2.61,84.1,1.1,A 待突破,True,8:49,264.6,跌,339.0,28,False,13.0,-0.179,-0.1809,-0.3321,True,True,1.36,1.47,34.71,1.11,1.2,7.9,,OHLC,—,HH/HL,UT,True,268,5,universe
ATKR,2026-09-24,94.54,0.53,True,93.99,0.021,0.25,True,87.8,0.17,87.6,True,0.57,3.64,89.6,0.1,A 待突破,True,8:49,264.6,跌,163.0,24,False,13.0,-0.3699,-0.3875,-0.6839,True,True,0.58,1.03,93.5,1.1,1.95,71.6,,OHLC,—,HH/HL,UT,True,268,5,universe
ITGR,2026-09-24,126.17,0.61,True,125.75,0.044,0.32,True,92.8,0.12,92.7,True,0.48,2.62,85.5,0.1,A 待突破,True,8:49,264.6,跌,320.0,26,False,14.0,-0.5854,-0.6032,-1.1148,True,True,0.33,0.69,124.84,1.05,2.19,94.3,,OHLC,—,HH/HL,UT,True,268,5,universe
LXP,2026-09-24,60.93,0.2,True,60.8,0.007,0.22,True,98.7,0.15,98.6,True,0.33,0.86,84.1,0.5,A 待突破,True,8:49,264.6,跌,338.0,38,False,,-0.0571,-0.0655,-0.2607,True,True,0.21,0.63,60.96,-0.05,-0.15,50.9,,OHLC,—,LH/LL,UT,True,268,5,universe
BZH,2026-09-24,33.36,0.18,True,33.25,0.007,0.31,True,95.4,0.42,95.0,True,0.53,1.88,76.9,0.3,A 待突破,True,8:49,264.6,跌,396.0,43,False,,-0.0377,-0.0398,-0.2579,True,True,0.32,0.61,33.07,0.87,1.64,22.6,,OHLC,—,HH/HL,自然回檔,True,268,5,universe
BOW,2026-09-24,33.87,0.23,True,33.65,0.006,0.17,True,94.6,0.08,94.5,True,0.68,1.94,86.4,9.6,A 待突破,True,8:49,264.6,跌,320.0,28,False,,-0.0509,-0.0565,-0.1375,True,True,0.64,0.94,33.52,1.03,1.51,10.2,,OHLC,—,HH/HL,UT,True,268,5,universe
PAGP,2026-09-24,26.7,0.48,True,27.36,0.025,0.5,True,93.1,0.14,92.9,True,1.81,1.21,61.2,10.3,C 基底修復,True,8:49,264.6,跌,106.0,11,False,,-0.2343,-0.2232,-0.2343,False,True,-2.48,-1.37,28.5,-6.74,-3.72,47.5,,OHLC,—,LH/LL,自然回檔,False,268,5,universe
DSGR,2026-09-24,34.95,0.12,True,34.8,0.003,0.0,True,92.1,0.06,92.0,True,0.35,2.91,82.3,-0.3,A 待突破,True,8:49,264.6,跌,374.0,36,False,,-0.05,-0.0554,-0.2637,True,True,0.44,1.25,34.75,0.57,1.62,7.5,,OHLC,—,HH/HL,UT,True,268,5,universe
CBZ,2026-09-24,54.68,0.33,True,54.64,0.001,0.06,True,91.5,0.17,91.3,True,0.6,2.8,83.0,0.2,A 待突破,True,8:49,264.6,跌,270.0,31,False,,-0.2726,-0.293,-0.6889,True,True,0.07,0.11,54.75,-0.13,-0.22,61.0,,OHLC,—,LH/LL,UT,True,268,5,universe
MKTX,2026-09-24,163.77,0.72,True,162.87,0.033,0.23,True,89.5,0.16,89.3,True,0.44,3.41,55.0,0.0,C 基底修復,True,8:49,264.6,跌,133.0,26,False,,-0.7852,-0.845,-1.5588,True,True,0.55,1.26,162.97,0.49,1.12,148.3,,OHLC,—,HH/HL,UT,True,268,5,universe
SAFT,2026-09-24,103.51,0.4,True,103.49,0.002,0.03,True,84.4,0.06,84.4,True,0.38,4.5,87.5,0.3,A 待突破,True,8:49,264.6,跌,244.0,30,False,,-0.4076,-0.4318,-1.0391,True,True,0.02,0.06,103.67,-0.15,-0.4,13.1,,OHLC,—,LH/LL,UT,True,268,5,universe
WMG,2026-09-24,27.29,0.85,True,27.69,0.137,0.45,True,81.6,0.52,81.1,True,3.11,2.33,17.3,-0.5,D 趨勢弱,True,6:08,183.9,跌,52.0,6,False,,-0.1865,-0.1784,-0.1978,False,True,-1.47,-0.47,29.24,-7.16,-2.31,53.1,,OHLC,↓,LH/LL,DT,False,268,5,universe
GNK,2026-09-24,26.44,0.87,True,26.85,0.016,0.29,True,81.1,0.35,80.7,True,3.27,2.26,60.2,-1.5,A 待突破,True,6:26,192.9,跌,57.0,3,False,,-0.1412,-0.0942,-0.1412,False,True,-1.56,-0.48,27.42,-3.71,-1.13,18.4,,OHLC,—,HH/HL,DT,False,268,5,universe
NATL,2026-09-24,45.92,0.58,False,46.17,-0.027,-0.21,True,96.5,0.05,96.5,True,1.25,0.82,53.9,0.7,C 基底修復,False,3:55,117.4,跌,15.0,2,True,0.0,-0.0083,-0.0098,-0.1934,True,True,-0.55,-0.44,45.52,0.87,0.7,31.2,,OHLC,—,HH/HL,次級回檔,True,268,4,universe
BRX,2026-09-24,27.73,0.42,False,28.83,-0.073,-0.89,True,95.3,0.14,95.1,True,1.52,0.92,20.0,0.7,D 趨勢弱,True,7:00,210.0,跌,67.0,8,True,0.0,-0.0357,-0.042,-0.2758,True,False,-3.98,-2.62,29.72,-7.18,-4.73,89.2,,OHLC,↓,LH/LL,DT,False,268,4,universe
FRT,2026-09-24,110.35,1.67,False,114.9,-0.276,-1.21,True,95.3,0.18,95.1,True,1.51,0.91,23.2,1.3,D 趨勢弱,True,8:49,264.6,跌,98.0,11,True,0.0,-0.3554,-0.4401,-1.0732,True,False,-4.12,-2.72,118.33,-7.23,-4.78,95.4,,OHLC,↓,LH/LL,DT,False,268,4,universe
ATO,2026-09-24,156.42,2.35,False,165.41,-0.51,-1.01,True,95.1,0.17,94.9,True,1.51,1.0,12.2,0.3,D 趨勢弱,True,7:09,214.7,跌,69.0,11,True,0.0,-0.7055,-0.7345,-1.0166,True,False,-5.75,-3.82,169.58,-8.41,-5.59,162.6,,OHLC,↓,LH/LL,DT,False,268,4,universe
KIM,2026-09-24,22.25,0.35,False,23.45,-0.049,-0.9,True,94.9,0.2,94.7,True,1.58,0.97,18.2,0.8,D 趨勢弱,True,8:49,264.6,跌,114.0,12,True,0.0,-0.0649,-0.0721,-0.2436,True,False,-5.39,-3.4,24.26,-9.03,-5.71,139.4,,OHLC,↓,LH/LL,DT,False,268,4,universe
EFC,2026-09-24,12.37,0.21,False,13.1,-0.047,-1.18,True,94.6,0.02,94.6,True,1.69,0.94,20.1,-0.7,D 趨勢弱,True,8:49,264.6,跌,142.0,21,True,0.0,-0.056,-0.058,-0.0943,True,False,-5.9,-3.5,12.7,-2.67,-1.58,16.5,,OHLC,↓,LH/LL,DT,False,268,4,universe
NWBI,2026-09-24,15.18,0.25,False,15.41,-0.016,-0.27,True,94.6,0.04,94.6,True,1.63,1.0,52.6,2.1,C 基底修復,False,5:32,165.8,跌,42.0,4,True,0.0,-0.0394,-0.0398,-0.0804,True,True,-1.51,-0.93,15.74,-3.69,-2.26,17.2,,OHLC,—,LH/LL,自然回檔,False,268,4,universe
UBSI,2026-09-24,46.53,0.76,False,47.41,-0.065,-0.44,True,94.6,0.11,94.5,True,1.62,1.01,50.0,2.1,C 基底修復,False,5:43,171.3,跌,45.0,6,True,0.0,-0.1007,-0.1085,-0.2587,True,True,-1.9,-1.17,48.25,-3.7,-2.28,49.8,,OHLC,↓,LH/LL,DT,False,268,4,universe
PECO,2026-09-24,37.12,0.63,False,38.55,-0.106,-1.21,True,94.5,0.09,94.4,True,1.7,0.95,19.4,1.2,D 趨勢弱,True,7:13,216.6,跌,70.0,8,True,0.0,-0.0704,-0.1047,-0.4102,True,False,-3.84,-2.26,39.61,-6.71,-3.95,36.7,,OHLC,↓,LH/LL,DT,False,268,4,universe
UE,2026-09-24,19.8,0.33,False,20.98,-0.064,-0.94,True,94.4,0.16,94.2,True,1.67,1.02,15.8,-0.4,D 趨勢弱,True,8:49,264.6,跌,118.0,15,True,0.0,-0.0366,-0.043,-0.1935,True,False,-5.96,-3.58,21.54,-8.79,-5.27,17.0,,OHLC,↓,LH/LL,DT,False,268,4,universe
BFST,2026-09-24,30.63,0.48,False,31.23,-0.05,-0.48,True,94.3,0.12,94.2,True,1.58,1.14,50.8,2.4,C 基底修復,False,5:25,162.7,跌,40.0,7,True,0.0,-0.0926,-0.1047,-0.1725,True,True,-1.95,-1.24,31.9,-4.15,-2.63,6.5,,OHLC,↓,LH/LL,DT,False,268,4,universe
BUSE,2026-09-24,30.0,0.49,False,30.34,-0.046,-0.46,True,94.3,0.06,94.3,True,1.65,1.05,53.4,3.4,C 基底修復,False,5:45,172.4,跌,46.0,7,True,0.0,-0.0692,-0.0864,-0.1974,True,True,-1.13,-0.69,30.68,-2.27,-1.37,22.5,,OHLC,—,LH/LL,自然回檔,False,268,4,universe
O,2026-09-24,55.41,0.94,False,59.67,-0.362,-1.63,True,94.2,0.18,94.0,True,1.71,1.04,7.4,-5.0,D 趨勢弱,True,8:49,264.6,跌,183.0,21,True,0.0,-0.3649,-0.3783,-0.4354,True,False,-7.68,-4.5,61.97,-11.84,-6.94,440.8,,OHLC,↓,LH/LL,DT,False,268,4,universe
CATY,2026-09-24,61.13,1.05,False,62.13,-0.093,-0.44,True,94.1,0.03,94.0,True,1.72,1.05,52.6,2.6,C 基底修復,False,5:09,154.7,跌,36.0,4,True,0.0,-0.1151,-0.1317,-0.3554,True,True,-1.63,-0.95,60.94,0.31,0.18,31.4,,OHLC,—,HH/HL,DT,False,268,4,universe
PDI,2026-09-24,13.86,0.25,False,14.87,-0.067,-1.2,True,94.1,0.08,94.0,True,1.8,0.96,4.7,-0.8,D 趨勢弱,True,8:49,264.6,跌,99.0,10,True,0.0,-0.0731,-0.0738,-0.0953,True,False,-7.32,-4.06,14.62,-5.48,-3.04,63.0,,OHLC,↓,LH/LL,DT,False,268,4,universe
STBA,2026-09-24,49.6,0.84,False,50.0,-0.059,-0.44,True,94.1,0.06,94.0,True,1.7,1.06,51.9,2.4,C 基底修復,False,5:24,162.0,跌,40.0,4,True,0.0,-0.0576,-0.0774,-0.3304,True,True,-0.8,-0.47,49.2,0.81,0.47,14.2,,OHLC,↑,HH/HL,自然回檔,False,268,4,universe
BOKF,2026-09-24,130.8,2.25,False,136.47,-0.411,-1.03,True,93.9,0.12,93.7,True,1.72,1.1,25.7,1.7,C 基底修復,True,8:49,264.6,跌,245.0,27,True,0.0,-0.3405,-0.3615,-1.1084,True,False,-4.33,-2.52,137.35,-5.01,-2.91,36.7,,OHLC,↓,LH/LL,DT,False,268,4,universe
SRCE,2026-09-24,85.41,1.43,False,86.36,-0.135,-0.44,True,93.9,0.12,93.8,True,1.67,1.15,64.4,2.5,C 基底修復,False,5:58,179.1,跌,49.0,7,True,0.0,-0.1986,-0.23,-0.6968,True,True,-1.11,-0.67,88.14,-3.2,-1.91,8.8,,OHLC,—,LH/LL,自然回檔,False,268,4,universe
CVBF,2026-09-24,22.3,0.4,False,22.54,-0.022,-0.17,True,93.8,0.03,93.7,True,1.78,1.07,51.5,7.6,C 基底修復,False,4:10,125.0,跌,19.0,3,True,0.0,-0.0346,-0.0359,-0.1164,True,True,-1.08,-0.61,22.08,0.99,0.56,29.7,,OHLC,↑,HH/HL,自然回檔,False,268,4,universe
ELS,2026-09-24,59.55,0.98,False,62.53,-0.183,-0.89,True,93.7,0.1,93.6,True,1.65,1.21,18.4,0.2,D 趨勢弱,True,8:49,264.6,跌,243.0,21,True,0.0,-0.1138,-0.1138,-0.4422,True,False,-5.01,-3.03,61.58,-3.41,-2.07,96.8,,OHLC,↓,LH/LL,DT,False,268,4,universe
IVT,2026-09-24,30.57,0.57,False,32.11,-0.083,-0.83,True,93.7,0.26,93.4,True,1.88,0.99,18.9,1.6,D 趨勢弱,True,7:27,223.6,跌,74.0,9,True,0.0,-0.0698,-0.0932,-0.4063,True,False,-5.03,-2.67,33.05,-8.11,-4.31,19.9,,OHLC,↓,LH/LL,DT,False,268,4,universe
FULT,2026-09-24,23.05,0.42,False,23.62,-0.042,-0.58,True,93.6,0.0,93.6,True,1.8,1.08,47.4,2.2,C 基底修復,False,5:05,152.3,跌,35.0,6,True,0.0,-0.058,-0.0656,-0.1371,True,True,-2.46,-1.37,23.9,-3.69,-2.05,37.4,,OHLC,↓,LH/LL,DT,False,268,4,universe
OBK,2026-09-24,53.3,0.96,False,53.6,-0.036,-0.08,True,93.6,0.19,93.5,True,1.8,1.09,73.1,11.0,C 基底修復,False,5:53,176.4,跌,48.0,6,True,0.0,-0.1336,-0.1429,-0.3287,True,True,-0.57,-0.32,53.22,0.15,0.08,8.5,,OHLC,—,HH/HL,次級回檔,True,268,4,universe
EFSC,2026-09-24,60.69,1.13,False,62.91,-0.184,-1.17,True,93.5,0.14,93.4,True,1.85,1.06,36.5,12.7,C 基底修復,True,6:32,196.1,跌,59.0,7,True,0.0,-0.2904,-0.3366,-0.4067,True,False,-3.66,-1.97,64.6,-6.44,-3.48,19.1,,OHLC,↓,LH/LL,DT,False,268,4,universe
FMBH,2026-09-24,49.39,0.86,False,50.42,-0.079,-0.46,True,93.3,0.12,93.2,True,1.75,1.23,51.9,3.3,C 基底修復,False,5:36,167.9,跌,43.0,7,True,0.0,-0.1957,-0.22,-0.3748,True,True,-2.09,-1.2,,,,6.3,,OHLC,—,HH/HL,DT,False,268,4,universe
BPOP,2026-09-24,159.59,3.02,False,167.1,-0.371,-0.82,True,93.2,0.25,92.9,True,1.9,1.11,44.5,0.2,C 基底修復,True,8:49,264.6,跌,581.0,49,True,0.0,-0.5448,-0.615,-1.3154,True,False,-4.71,-2.48,166.56,-4.37,-2.3,93.7,,OHLC,↓,LH/LL,DT,False,268,4,universe
PFS,2026-09-24,22.67,0.4,False,23.45,-0.073,-0.88,True,93.2,0.11,93.1,True,1.78,1.22,38.7,2.5,C 基底修復,True,8:49,264.6,跌,307.0,33,True,0.0,-0.0573,-0.0646,-0.1921,True,False,-3.43,-1.93,23.64,-4.28,-2.41,19.5,,OHLC,↓,LH/LL,DT,False,268,4,universe
CFR,2026-09-24,156.21,3.06,False,162.31,-0.394,-0.52,True,93.1,0.1,93.0,True,1.96,1.07,46.3,7.8,C 基底修復,True,8:49,264.6,跌,450.0,36,True,0.0,-0.7463,-0.7994,-1.206,True,False,-3.9,-2.0,166.75,-6.75,-3.45,86.4,,OHLC,↓,LH/LL,DT,False,268,4,universe
GSBC,2026-09-24,78.83,1.51,False,79.26,-0.06,-0.26,True,93.1,0.03,93.0,True,1.91,1.12,70.4,1.8,C 基底修復,False,5:53,176.7,跌,48.0,5,True,0.0,-0.1435,-0.1774,-0.4319,True,True,-0.55,-0.29,78.08,0.95,0.5,6.8,,OHLC,↑,HH/HL,次級回檔,False,268,4,universe
IBCP,2026-09-24,35.62,0.62,False,36.91,-0.068,-0.66,True,93.1,0.15,92.9,True,1.74,1.29,40.4,2.3,C 基底修復,True,7:09,214.4,跌,69.0,7,True,0.0,-0.1499,-0.1613,-0.2665,True,False,-3.63,-2.09,36.11,-1.38,-0.79,6.1,,OHLC,—,HH/HL,DT,False,268,4,universe
CDP,2026-09-24,33.81,0.71,False,35.59,-0.085,-0.76,True,93.0,0.31,92.7,True,2.09,0.95,30.8,0.3,C 基底修復,True,8:49,264.6,跌,397.0,54,True,0.0,-0.0982,-0.1,-0.3,True,False,-5.27,-2.52,35.0,-3.52,-1.69,31.8,,OHLC,↓,LH/LL,DT,False,268,4,universe
EWBC,2026-09-24,125.62,2.39,False,129.03,-0.245,-0.55,True,93.0,0.2,92.8,True,1.91,1.14,47.6,1.1,C 基底修復,False,5:36,168.1,跌,43.0,7,True,0.0,-0.2872,-0.3295,-0.7028,True,True,-2.71,-1.42,131.89,-4.99,-2.62,106.4,,OHLC,↓,LH/LL,DT,False,268,4,universe
SSB,2026-09-24,101.9,1.84,False,106.13,-0.382,-0.72,True,93.0,0.27,92.8,True,1.81,1.23,48.2,1.0,C 基底修復,True,8:49,264.6,跌,315.0,26,True,0.0,-0.4759,-0.4972,-0.7788,True,False,-4.15,-2.3,107.25,-5.25,-2.9,69.6,,OHLC,↓,LH/LL,DT,False,268,4,universe
FIBK,2026-09-24,36.51,0.7,False,37.32,-0.062,-0.3,True,92.9,0.12,92.8,True,1.91,1.16,40.7,12.6,C 基底修復,False,4:37,138.5,跌,27.0,3,True,0.0,-0.0545,-0.059,-0.2636,True,True,-2.22,-1.16,37.7,-3.26,-1.71,43.3,,OHLC,—,LH/LL,DT,True,268,4,universe
RNST,2026-09-24,40.05,0.78,False,41.08,-0.082,-0.75,True,92.9,0.23,92.7,True,1.95,1.12,39.8,12.5,C 基底修復,False,4:23,131.5,跌,23.0,3,True,0.0,-0.0202,-0.0312,-0.291,True,True,-2.56,-1.31,41.38,-3.32,-1.7,28.0,,OHLC,—,LH/LL,DT,True,268,4,universe
WTFC,2026-09-24,144.32,2.76,False,152.15,-0.836,-1.09,True,92.9,0.18,92.7,True,1.91,1.16,34.3,1.2,C 基底修復,True,7:00,210.0,跌,67.0,7,True,0.0,-0.5111,-0.5258,-1.1985,True,False,-5.42,-2.84,153.36,-6.26,-3.27,64.9,,OHLC,↓,LH/LL,DT,False,268,4,universe
CIVB,2026-09-24,27.06,0.53,False,27.47,-0.052,-0.42,True,92.8,0.01,92.8,True,1.97,1.13,51.4,4.0,C 基底修復,False,4:22,131.1,跌,23.0,3,True,0.0,-0.0219,-0.036,-0.1839,True,True,-1.52,-0.77,27.72,-2.44,-1.24,4.1,,OHLC,—,LH/LL,DT,True,268,4,universe
FRME,2026-09-24,40.49,0.74,False,41.47,-0.09,-0.66,True,92.8,0.21,92.6,True,1.82,1.28,27.6,2.9,D 趨勢弱,False,5:15,157.5,跌,38.0,6,True,0.0,-0.0544,-0.0648,-0.1969,True,True,-2.42,-1.33,41.73,-3.06,-1.68,19.5,,OHLC,↓,LH/LL,DT,False,268,4,universe
TFSL,2026-09-24,16.72,0.33,False,17.31,-0.022,-0.45,True,92.8,0.26,92.5,True,1.98,1.13,54.8,1.4,C 基底修復,True,8:49,264.6,跌,185.0,18,True,0.0,-0.0434,-0.0568,-0.1824,True,False,-3.53,-1.79,17.69,-5.8,-2.94,12.4,,OHLC,—,LH/LL,DT,True,268,4,universe
ASB,2026-09-24,29.07,0.56,False,30.36,-0.088,-0.78,True,92.6,0.12,92.5,True,1.93,1.21,37.6,2.4,C 基底修復,True,8:49,264.6,跌,219.0,26,True,0.0,-0.1373,-0.1564,-0.1762,True,False,-4.42,-2.29,31.2,-7.33,-3.8,67.2,,OHLC,↓,LH/LL,DT,False,268,4,universe
AUB,2026-09-24,38.52,0.76,False,40.17,-0.1,-0.84,True,92.5,0.15,92.3,True,1.97,1.2,25.9,2.0,C 基底修復,True,8:49,264.6,跌,632.0,56,True,0.0,-0.0962,-0.1136,-0.2697,True,False,-4.28,-2.17,40.35,-4.75,-2.41,51.2,,OHLC,↓,LH/LL,DT,False,268,4,universe
CURB,2026-09-24,28.44,0.59,False,29.4,-0.037,-0.47,True,92.4,0.39,92.0,True,2.08,1.12,38.1,1.0,C 基底修復,True,8:49,264.6,跌,113.0,16,True,0.0,-0.0662,-0.0783,-0.2252,True,False,-3.39,-1.63,29.86,-4.99,-2.41,43.9,,OHLC,—,LH/LL,DT,True,268,4,universe
CCNE,2026-09-24,33.91,0.68,False,34.18,-0.031,-0.24,True,92.2,0.02,92.2,True,2.01,1.22,54.0,3.1,C 基底修復,False,5:23,161.3,跌,40.0,5,True,0.0,-0.0691,-0.0849,-0.2141,True,True,-0.81,-0.4,35.19,-3.77,-1.88,5.3,,OHLC,—,LH/LL,自然回檔,False,268,4,universe
ALRS,2026-09-24,32.21,0.69,False,32.97,-0.063,-0.37,False,92.1,-0.0,92.1,True,2.14,1.13,54.7,1.9,C 基底修復,True,8:49,264.6,跌,446.0,34,True,0.0,-0.1522,-0.1651,-0.2241,True,True,-2.37,-1.11,33.6,-4.32,-2.02,5.2,,OHLC,↓,LH/LL,DT,False,268,4,universe
CPF,2026-09-24,36.84,0.81,False,37.6,-0.067,-0.45,True,92.0,0.22,91.7,True,2.19,1.1,48.3,3.0,C 基底修復,False,4:49,144.3,跌,30.0,4,True,0.0,-0.0846,-0.0969,-0.2867,True,True,-2.07,-0.94,38.19,-3.66,-1.67,6.5,,OHLC,↓,LH/LL,DT,False,268,4,universe
FBK,2026-09-24,52.81,1.09,False,55.42,-0.189,-1.7,True,92.0,0.21,91.8,True,2.06,1.22,18.6,2.2,D 趨勢弱,True,8:49,264.6,跌,300.0,33,True,0.0,-0.1607,-0.1932,-0.621,True,False,-4.95,-2.4,55.78,-5.62,-2.72,33.3,,OHLC,↓,LH/LL,DT,False,268,4,universe
NFG,2026-09-24,78.98,1.63,False,81.56,-0.138,-0.34,True,91.9,0.32,91.6,True,2.06,1.25,15.4,1.1,D 趨勢弱,True,8:49,264.6,跌,132.0,14,True,0.0,-0.4015,-0.4132,-0.4283,True,False,-3.27,-1.59,83.67,-5.94,-2.88,60.7,,OHLC,↓,LH/LL,DT,False,268,4,universe
OZK,2026-09-24,46.6,0.88,False,49.09,-0.164,-0.89,True,91.9,0.22,91.7,True,1.9,1.41,23.1,2.0,D 趨勢弱,True,8:49,264.6,跌,104.0,7,True,0.0,-0.2179,-0.2232,-0.3368,True,False,-5.34,-2.82,49.24,-5.67,-2.99,53.4,,OHLC,↓,LH/LL,DT,False,268,4,universe
WSBC,2026-09-24,38.42,0.78,False,40.34,-0.115,-0.8,True,91.8,0.11,91.7,True,2.02,1.31,38.5,2.1,C 基底修復,True,8:49,264.6,跌,325.0,39,True,0.0,-0.2113,-0.2253,-0.3421,True,False,-4.99,-2.46,40.77,-6.12,-3.02,43.0,,OHLC,↓,LH/LL,DT,False,268,4,universe
SBCF,2026-09-24,32.82,0.68,False,34.27,-0.093,-0.49,True,91.7,0.2,91.5,True,2.08,1.28,38.5,13.0,C 基底修復,True,8:49,264.6,跌,251.0,26,True,0.0,-0.1678,-0.1779,-0.2783,True,False,-4.41,-2.12,34.61,-5.45,-2.62,26.8,,OHLC,↓,LH/LL,DT,False,268,4,universe
BNY,2026-09-24,150.19,2.97,False,158.12,-0.402,-0.73,True,91.6,0.36,91.3,True,1.98,1.39,45.7,0.1,C 基底修復,True,8:49,264.6,跌,239.0,26,True,0.0,-1.3183,-1.4223,-1.4223,True,False,-5.28,-2.67,160.39,-6.79,-3.44,593.0,,OHLC,↓,LH/LL,DT,False,268,4,universe
FBIZ,2026-09-24,70.2,1.43,False,70.72,-0.106,-0.12,False,91.6,-0.0,91.6,True,2.04,1.35,72.5,2.0,A 待突破,True,6:12,185.9,跌,53.0,7,True,0.0,-0.3944,-0.4066,-0.5933,True,True,-0.74,-0.37,73.74,-5.04,-2.48,4.5,,OHLC,—,LH/LL,自然回檔,False,268,4,universe
PGC,2026-09-24,44.82,0.93,False,45.46,-0.059,-0.19,True,91.6,0.13,91.5,True,2.08,1.3,66.5,2.9,C 基底修復,False,4:52,146.2,跌,31.0,5,True,0.0,-0.0953,-0.1058,-0.1756,True,True,-1.43,-0.69,45.93,-2.48,-1.19,5.8,,OHLC,↓,LH/LL,DT,False,268,4,universe
EBC,2026-09-24,21.31,0.44,False,22.05,-0.042,-0.75,True,91.5,0.24,91.3,True,2.08,1.31,38.2,2.4,C 基底修復,True,8:49,264.6,跌,506.0,47,True,0.0,-0.0321,-0.0402,-0.1998,True,False,-3.47,-1.66,22.1,-3.71,-1.78,52.0,,OHLC,—,LH/LL,DT,True,268,4,universe
HSIC,2026-09-24,85.53,1.84,False,88.13,-0.191,-0.4,True,91.4,0.19,91.2,True,2.15,1.28,47.3,0.6,C 基底修復,True,8:49,264.6,跌,236.0,26,True,0.0,-0.3872,-0.4346,-0.6169,True,False,-3.04,-1.41,87.43,-2.22,-1.03,95.8,,OHLC,↓,LH/LL,自然回檔,False,268,4,universe
GBCI,2026-09-24,44.35,0.91,False,46.31,-0.175,-1.04,True,91.3,0.28,91.0,True,2.05,1.4,17.5,-0.4,D 趨勢弱,True,6:04,181.9,跌,51.0,8,True,0.0,-0.0327,-0.0573,-0.5428,True,False,-4.41,-2.15,44.67,-0.72,-0.35,45.7,,OHLC,↓,LH/LL,DT,False,268,4,universe
MCHB,2026-09-24,15.08,0.31,False,15.82,-0.076,-1.01,True,91.3,0.29,91.0,True,2.07,1.38,33.5,1.4,D 趨勢弱,True,8:49,264.6,跌,372.0,27,True,0.0,-0.029,-0.032,-0.1506,True,False,-4.89,-2.36,15.84,-5.04,-2.44,7.8,,OHLC,↓,LH/LL,DT,False,268,4,universe
CASS,2026-09-24,54.38,1.27,False,56.1,-0.097,-0.36,True,91.0,0.28,90.7,True,2.34,1.17,48.5,1.6,C 基底修復,True,8:49,264.6,跌,169.0,28,True,0.0,-0.1757,-0.1852,-0.4201,True,False,-3.17,-1.35,56.59,-4.06,-1.74,4.6,,OHLC,—,LH/LL,自然回檔,True,268,4,universe
AXP,2026-09-24,305.66,6.0,False,323.78,-1.448,-1.24,True,90.9,0.07,90.9,True,1.96,1.57,9.0,2.4,D 趨勢弱,True,8:49,264.6,跌,324.0,48,True,0.0,-1.6422,-1.8631,-3.5046,True,False,-5.93,-3.02,327.78,-7.24,-3.69,948.9,,OHLC,↓,LH/LL,DT,False,268,4,universe
BAC,2026-09-24,56.03,1.24,False,60.84,-0.287,-0.97,True,90.8,0.4,90.4,True,2.21,1.36,30.4,-0.3,D 趨勢弱,True,8:49,264.6,跌,246.0,28,True,0.0,-0.597,-0.6324,-0.6324,True,False,-8.58,-3.89,63.83,-13.92,-6.31,2306.4,,OHLC,↓,LH/LL,DT,False,268,4,universe
LTC,2026-09-24,43.36,0.91,True,41.68,0.123,0.79,True,90.8,0.05,90.8,True,2.1,1.45,58.8,0.4,C 基底修復,False,3:57,118.3,跌,16.0,2,True,0.0,-0.0068,-0.0304,-0.4927,True,False,3.87,1.84,42.42,2.17,1.03,25.8,,OHLC,—,HH/HL,自然反彈,True,268,4,universe
THFF,2026-09-24,75.22,1.77,False,78.11,-0.211,-0.67,True,90.8,0.42,90.4,True,2.35,1.21,46.4,2.1,C 基底修復,True,8:49,264.6,跌,326.0,31,True,0.0,-0.3192,-0.3439,-0.5524,True,False,-3.85,-1.64,78.16,-3.91,-1.66,9.8,,OHLC,↓,LH/LL,DT,False,268,4,universe
AROW,2026-09-24,37.33,0.85,False,38.43,-0.055,-0.38,True,90.7,0.34,90.4,True,2.28,1.3,45.8,2.3,C 基底修復,False,5:06,153.2,跌,35.0,5,True,0.0,-0.1367,-0.1423,-0.2662,True,True,-2.96,-1.29,37.15,0.48,0.21,3.3,,OHLC,↓,LH/LL,DT,False,268,4,universe
FLG,2026-09-24,12.39,0.27,False,13.21,-0.06,-1.12,True,90.7,0.18,90.5,True,2.16,1.43,16.2,1.2,D 趨勢弱,True,7:00,210.0,跌,67.0,9,True,0.0,-0.0457,-0.0528,-0.1398,True,False,-6.63,-3.07,13.52,-9.12,-4.22,56.3,,OHLC,↓,LH/LL,DT,False,268,4,universe
CTRE,2026-09-24,37.32,0.83,False,38.89,-0.041,-0.58,True,90.6,0.22,90.3,True,2.23,1.39,20.9,-0.2,D 趨勢弱,True,8:49,264.6,跌,111.0,11,True,0.0,-0.1042,-0.1195,-0.451,True,False,-4.22,-1.89,39.93,-6.99,-3.14,80.8,,OHLC,↓,LH/LL,DT,False,268,4,universe
PFLT,2026-09-24,7.0,0.15,False,7.29,-0.016,-0.38,True,90.6,0.18,90.4,True,2.17,1.44,19.3,0.2,D 趨勢弱,True,8:49,264.6,跌,111.0,14,True,0.0,-0.0185,-0.0187,-0.0445,True,False,-4.09,-1.89,7.22,-3.14,-1.45,5.2,,OHLC,↓,LH/LL,DT,False,268,4,universe
CBAN,2026-09-24,20.74,0.48,False,21.25,-0.042,-0.64,True,90.5,0.35,90.1,True,2.3,1.34,46.4,8.5,C 基底修復,False,5:46,173.2,跌,46.0,7,True,0.0,-0.0741,-0.0868,-0.1549,True,True,-2.46,-1.07,20.64,0.48,0.21,3.1,,OHLC,↓,LH/LL,DT,False,268,4,universe
SYBT,2026-09-24,78.06,1.75,False,80.3,-0.181,-0.45,True,90.5,0.41,90.1,True,2.24,1.39,40.5,4.0,C 基底修復,False,4:44,142.0,跌,29.0,3,True,0.0,-0.1254,-0.1348,-0.7776,True,True,-2.87,-1.28,,,,12.8,,OHLC,—,HH/HL,DT,False,268,4,universe
VMRK,2026-09-24,61.05,1.34,False,64.69,-0.074,-0.54,True,90.5,0.13,90.4,True,2.19,1.44,13.4,0.1,D 趨勢弱,True,6:02,181.1,跌,51.0,7,True,0.0,-0.3735,-0.3763,-0.4076,True,False,-5.97,-2.72,60.74,0.51,0.23,408.3,,OHLC,—,HH/HL,DT,False,187,4,universe
CWBC,2026-09-24,26.36,0.57,True,26.0,0.008,0.11,False,90.4,-0.81,91.2,True,2.16,1.49,60.5,9.2,A 待突破,False,5:15,157.7,跌,38.0,7,True,0.0,-0.031,-0.0766,-0.3141,True,True,1.36,0.63,26.79,-1.63,-0.75,4.9,,OHLC,↓,LH/LL,自然反彈,False,268,4,universe
NTRS,2026-09-24,174.5,3.9,False,183.36,-0.63,-0.62,True,90.4,0.27,90.2,True,2.24,1.4,46.4,0.7,C 基底修復,True,8:49,264.6,跌,235.0,25,True,0.0,-1.1265,-1.2287,-1.2287,True,False,-5.07,-2.27,179.85,-3.07,-1.37,176.8,,OHLC,↓,LH/LL,DT,False,268,4,universe
CAH,2026-09-24,222.62,5.05,False,232.8,-0.768,-0.75,True,90.3,0.21,90.1,True,2.27,1.4,42.8,-2.2,C 基底修復,True,8:49,264.6,跌,102.0,11,True,0.0,-1.9577,-2.1365,-2.1365,True,False,-4.57,-2.02,249.29,-11.98,-5.28,409.8,,OHLC,↓,LH/LL,DT,False,268,4,universe
SFBS,2026-09-24,41.25,0.97,False,42.55,-0.102,-0.67,True,90.2,0.09,90.1,True,2.36,1.35,37.1,2.3,C 基底修復,True,8:49,264.6,跌,282.0,35,True,0.0,-0.0484,-0.0548,-0.3357,True,False,-3.14,-1.33,43.38,-5.16,-2.19,28.4,,OHLC,↓,LH/LL,自然反彈,False,268,4,universe
SOBO,2026-09-24,34.32,0.79,False,36.76,-0.081,-0.2,True,90.1,0.4,89.7,True,2.31,1.41,38.8,0.7,C 基底修復,True,8:49,264.6,跌,101.0,12,True,0.0,-0.2557,-0.2571,-0.3059,True,False,-7.12,-3.08,37.85,-10.29,-4.46,21.6,,OHLC,↓,LH/LL,DT,False,268,4,universe
STT,2026-09-24,181.09,4.07,False,187.1,-0.49,-0.53,True,90.1,0.25,89.9,True,2.25,1.46,54.4,0.1,C 基底修復,True,8:49,264.6,跌,206.0,18,True,0.0,-1.3249,-1.4667,-1.4808,True,False,-3.32,-1.48,195.4,-7.9,-3.52,359.9,,OHLC,↓,LH/LL,DT,False,268,4,universe
KRC,2026-09-24,34.05,0.78,False,35.62,-0.055,-0.68,True,90.0,0.45,89.5,True,2.3,1.45,17.2,0.1,C 基底修復,True,8:49,264.6,跌,141.0,12,True,0.0,-0.0536,-0.0599,-0.408,True,False,-4.62,-2.01,33.77,0.82,0.36,49.1,,OHLC,—,HH/HL,DT,True,268,4,universe
VZ,2026-09-24,47.32,1.08,False,49.25,-0.02,-0.12,True,90.0,0.44,89.6,True,2.28,1.46,35.3,2.5,C 基底修復,True,8:49,264.6,跌,107.0,14,True,0.0,-0.5435,-0.5974,-0.5974,True,False,-4.07,-1.79,46.73,1.25,0.55,1050.7,,OHLC,↓,LH/LL,DT,False,268,4,universe
UNF,2026-09-24,257.86,6.77,False,274.33,-0.995,-0.65,True,89.9,0.04,89.8,True,2.62,1.14,36.3,1.7,D 趨勢弱,True,8:49,264.6,跌,302.0,38,True,0.0,-1.1329,-1.1546,-1.9871,True,False,-6.39,-2.43,263.13,-2.04,-0.78,98.7,,OHLC,↓,LH/LL,DT,False,268,4,universe
WAFD,2026-09-24,30.91,0.74,False,33.88,-0.25,-1.75,True,89.8,0.4,89.4,True,2.38,1.39,7.5,0.7,D 趨勢弱,True,8:49,264.6,跌,141.0,26,True,0.0,-0.2806,-0.2951,-0.2951,True,False,-9.62,-4.03,36.3,-17.44,-7.32,42.2,,OHLC,↓,LH/LL,DT,False,268,4,universe
RJF,2026-09-24,158.76,3.68,False,171.63,-0.902,-1.13,True,89.7,0.16,89.5,True,2.32,1.49,20.2,1.5,D 趨勢弱,True,8:49,264.6,跌,293.0,30,True,0.0,-1.7106,-1.8004,-1.8004,True,False,-8.11,-3.5,181.4,-14.26,-6.16,236.8,,OHLC,↓,LH/LL,DT,False,268,4,universe
BMY,2026-09-24,61.5,1.35,False,64.6,-0.148,-0.58,True,89.6,0.33,89.2,True,2.19,1.64,39.3,-0.4,C 基底修復,True,8:49,264.6,跌,245.0,19,True,0.0,-0.5022,-0.5336,-0.6275,True,False,-5.04,-2.3,65.29,-6.16,-2.81,660.2,,OHLC,↓,LH/LL,DT,False,268,4,universe
MCB,2026-09-24,88.62,1.93,False,90.92,-0.161,-0.42,True,89.4,0.29,89.2,True,2.18,1.68,33.2,1.6,C 基底修復,False,5:58,179.2,跌,50.0,7,True,0.0,-0.1736,-0.2178,-0.9058,True,True,-2.6,-1.19,92.36,-4.22,-1.93,10.9,,OHLC,↓,LH/LL,DT,False,268,4,universe
MCY,2026-09-24,98.29,2.38,False,102.82,-0.229,-0.65,True,89.4,0.34,89.1,True,2.43,1.44,36.4,2.6,C 基底修復,True,8:49,264.6,跌,98.0,13,True,0.0,-0.3954,-0.4078,-0.4869,True,False,-4.61,-1.9,103.44,-5.24,-2.16,31.5,,OHLC,↓,LH/LL,DT,False,268,4,universe
ALLY,2026-09-24,38.74,0.95,False,41.77,-0.197,-0.9,True,89.3,0.44,88.8,True,2.45,1.45,15.1,0.3,D 趨勢弱,True,6:50,205.2,跌,64.0,10,True,0.0,-0.2963,-0.3044,-0.3377,True,False,-7.82,-3.2,43.73,-12.88,-5.27,144.9,,OHLC,↓,LH/LL,DT,False,268,4,universe
CTAS,2026-09-24,197.68,4.27,False,200.11,-0.32,-0.35,False,89.1,-0.51,89.6,True,2.16,1.77,38.7,6.4,C 基底修復,True,8:49,264.6,跌,374.0,38,True,0.0,-0.5992,-0.808,-1.8832,True,True,-1.23,-0.57,201.38,-1.87,-0.87,398.9,,OHLC,↓,LH/LL,自然反彈,False,268,4,universe
SBRA,2026-09-24,19.77,0.42,False,20.4,-0.005,-0.37,True,89.1,0.12,89.0,True,2.1,1.83,23.5,-1.1,D 趨勢弱,True,7:57,238.5,跌,82.0,10,True,0.0,-0.0961,-0.1073,-0.2226,True,False,-3.2,-1.52,19.85,-0.4,-0.19,48.3,,OHLC,↑,HH/HL,自然回檔,False,268,4,universe
CASH,2026-09-24,73.5,1.7,False,80.3,-0.29,-1.13,True,89.0,0.42,88.6,True,2.32,1.63,2.9,-0.4,D 趨勢弱,True,6:43,201.4,跌,62.0,13,True,0.0,-0.4718,-0.4735,-0.5228,True,False,-9.25,-3.99,83.19,-13.18,-5.69,19.6,,OHLC,↓,LH/LL,DT,False,268,4,universe
TMP,2026-09-24,98.14,2.3,False,98.35,-0.083,-0.03,True,88.9,0.33,88.5,True,2.35,1.63,62.2,1.9,C 基底修復,False,4:25,132.4,跌,24.0,3,True,0.0,-0.1156,-0.1485,-0.5994,True,True,-0.22,-0.09,100.21,-2.11,-0.9,12.1,,OHLC,—,LH/LL,自然回檔,True,268,4,universe
AX,2026-09-24,88.58,2.19,False,94.37,-0.307,-1.14,True,88.8,0.29,88.5,True,2.47,1.52,15.9,-0.2,D 趨勢弱,True,8:49,264.6,跌,335.0,33,True,0.0,-0.572,-0.6263,-0.8177,True,False,-6.54,-2.65,97.95,-10.58,-4.28,35.8,,OHLC,↓,LH/LL,DT,False,268,4,universe
PNFP,2026-09-24,93.88,2.31,False,99.78,-0.382,-0.9,True,88.8,0.25,88.6,True,2.46,1.53,22.0,1.2,D 趨勢弱,True,8:49,264.6,跌,251.0,27,True,0.0,-0.5082,-0.5187,-0.8874,True,False,-6.29,-2.55,101.08,-7.67,-3.12,100.1,,OHLC,↓,LH/LL,DT,False,268,4,universe
PRK,2026-09-24,180.25,4.26,False,192.23,-0.519,-0.87,True,88.6,0.51,88.1,True,2.37,1.68,29.8,2.6,C 基底修復,True,8:49,264.6,跌,357.0,33,True,0.0,-0.825,-0.9634,-1.9862,True,False,-6.65,-2.81,195.64,-8.54,-3.61,21.7,,OHLC,↓,LH/LL,DT,False,268,4,universe
LH,2026-09-24,308.95,7.65,False,322.8,-0.523,-0.3,True,88.4,0.29,88.2,True,2.48,1.6,35.4,3.3,C 基底修復,True,8:49,264.6,跌,286.0,20,True,0.0,-2.531,-2.5629,-4.2,True,False,-4.48,-1.81,327.95,-6.15,-2.48,261.3,,OHLC,—,LH/LL,自然回檔,False,268,4,universe
CENT,2026-09-24,39.51,1.01,False,42.54,-0.128,-0.82,True,88.3,0.5,87.8,True,2.55,1.55,43.0,-0.0,D 趨勢弱,True,8:49,264.6,跌,289.0,30,True,0.0,-0.0509,-0.0573,-0.4701,True,False,-7.68,-3.02,40.62,-2.81,-1.1,3.6,,OHLC,—,LH/LL,DT,True,268,4,universe
COF,2026-09-24,196.61,4.65,False,211.51,-0.797,-0.83,True,88.2,0.3,87.9,True,2.37,1.76,12.9,0.4,D 趨勢弱,True,8:49,264.6,跌,190.0,26,True,0.0,-1.5273,-1.5408,-1.7423,True,False,-7.58,-3.2,220.5,-12.15,-5.13,733.4,,OHLC,↓,LH/LL,DT,False,268,4,universe
FWONK,2026-09-24,95.08,2.41,False,98.21,-0.336,-0.78,True,88.2,0.1,88.1,True,2.53,1.6,31.5,5.0,C 基底修復,True,8:49,264.6,跌,147.0,21,True,0.0,-0.1182,-0.2337,-1.1927,True,False,-3.29,-1.3,96.43,-1.42,-0.56,214.4,,OHLC,—,LH/LL,DT,True,268,4,universe
CAC,2026-09-24,56.9,1.58,False,57.24,-0.04,-0.11,True,88.1,0.65,87.4,True,2.78,1.36,60.0,6.0,C 基底修復,False,5:10,154.8,跌,36.0,6,True,0.0,-0.146,-0.1531,-0.422,True,True,-0.6,-0.22,57.38,-0.84,-0.3,5.6,,OHLC,—,HH/HL,DT,True,268,4,universe
FCNCA,2026-09-24,2056.83,50.99,False,2157.36,-6.341,-0.57,True,88.0,0.05,87.9,True,2.48,1.7,27.2,2.4,C 基底修復,True,8:49,264.6,跌,155.0,27,True,0.0,-12.0461,-12.1749,-14.4289,True,False,-4.89,-1.97,2197.69,-6.85,-2.76,146.3,,OHLC,↓,LH/LL,DT,False,268,4,universe
CENTA,2026-09-24,34.19,0.96,False,36.29,-0.168,-0.98,True,87.3,0.7,86.6,True,2.81,1.5,22.0,0.3,D 趨勢弱,True,8:49,264.6,跌,394.0,33,True,0.0,-0.0221,-0.0332,-0.3898,True,False,-6.16,-2.19,35.02,-2.43,-0.86,11.2,,OHLC,↓,LH/LL,DT,False,268,4,universe
SFD,2026-09-24,19.01,0.51,False,21.07,-0.162,-1.94,True,87.1,0.61,86.5,True,2.67,1.68,0.4,0.4,D 趨勢弱,True,8:49,264.6,跌,105.0,12,True,0.0,-0.0636,-0.066,-0.417,True,False,-10.83,-4.05,22.4,-17.83,-6.67,44.3,,OHLC,↓,LH/LL,DT,False,268,4,universe
HASI,2026-09-24,36.16,1.0,False,38.85,-0.213,-0.73,True,87.0,0.34,86.6,True,2.75,1.63,23.6,-0.8,C 基底修復,True,8:49,264.6,跌,143.0,24,True,0.0,-0.1531,-0.1605,-0.4138,True,False,-7.44,-2.7,37.21,-2.9,-1.05,43.5,,OHLC,—,LH/LL,DT,True,268,4,universe
BJ,2026-09-24,91.84,2.35,False,92.71,-0.037,-0.23,True,86.9,0.05,86.9,True,2.56,1.83,35.9,7.0,D 趨勢弱,False,4:09,124.3,跌,19.0,2,True,0.0,-0.0842,-0.128,-0.7487,True,True,-0.95,-0.37,90.49,1.47,0.57,141.6,,OHLC,↑,HH/HL,自然反彈,False,268,4,universe
RS,2026-09-24,385.77,10.83,False,394.91,-0.898,-0.5,True,86.6,0.63,85.9,True,2.81,1.65,62.9,0.5,C 基底修復,False,5:09,154.7,跌,36.0,4,True,0.0,-0.5719,-0.5786,-5.8201,True,True,-2.37,-0.84,381.87,1.01,0.36,120.4,,OHLC,—,HH/HL,DT,True,268,4,universe
TW,2026-09-24,101.13,2.46,False,104.36,-0.122,-0.21,True,86.2,1.73,84.4,True,2.43,2.11,11.8,1.8,D 趨勢弱,True,8:49,264.6,跌,149.0,16,True,0.0,-0.4193,-0.4657,-0.7951,True,False,-3.2,-1.31,104.2,-3.04,-1.25,135.3,,OHLC,—,LH/LL,DT,True,268,4,universe
PDM,2026-09-24,9.19,0.27,False,9.47,-0.007,-0.14,True,85.9,0.14,85.7,True,2.96,1.64,46.3,-0.1,C 基底修復,True,8:49,264.6,跌,166.0,18,True,0.0,-0.0342,-0.0354,-0.0815,True,False,-3.07,-1.04,9.21,-0.22,-0.07,18.9,,OHLC,↓,LH/LL,自然回檔,False,268,4,universe
FSK,2026-09-24,11.17,0.29,False,11.95,-0.031,-0.44,True,85.7,0.27,85.4,True,2.56,2.08,19.1,-0.8,D 趨勢弱,True,8:49,264.6,跌,323.0,25,True,0.0,-0.1263,-0.1308,-0.1308,True,False,-6.96,-2.72,12.56,-12.49,-4.89,19.4,,OHLC,↓,LH/LL,DT,False,268,4,universe
RUSHA,2026-09-24,47.98,1.36,False,50.45,-0.178,-0.74,True,85.7,0.48,85.2,True,2.84,1.8,39.2,1.3,C 基底修復,True,8:49,264.6,跌,287.0,33,True,0.0,-0.0719,-0.0792,-0.5486,True,False,-5.14,-1.81,49.68,-3.54,-1.25,31.6,,OHLC,—,LH/LL,DT,True,268,4,universe
SUN,2026-09-24,75.83,2.15,True,76.52,0.016,0.3,False,85.6,-0.16,85.8,True,2.84,1.81,64.0,10.6,A 待突破,False,5:28,163.8,跌,41.0,4,True,0.0,-0.4383,-0.4868,-0.7558,True,True,-0.91,-0.32,73.99,2.43,0.85,47.5,,OHLC,—,HH/HL,自然反彈,False,268,4,universe
BRSP,2026-09-24,4.09,0.12,False,4.5,-0.035,-1.68,True,85.5,0.22,85.2,True,3.02,1.67,0.0,0.0,D 趨勢弱,True,8:49,264.6,跌,200.0,19,True,0.0,-0.0238,-0.0263,-0.0355,True,False,-10.01,-3.32,4.28,-4.65,-1.54,7.1,,OHLC,↓,LH/LL,DT,False,268,4,universe
KHC,2026-09-24,23.86,0.65,False,24.87,-0.011,-0.17,True,85.5,0.69,84.9,True,2.72,1.95,23.3,1.6,D 趨勢弱,True,8:49,264.6,跌,170.0,14,True,0.0,-0.1021,-0.1022,-0.2905,True,False,-4.22,-1.55,24.99,-4.74,-1.74,586.3,,OHLC,↓,LH/LL,DT,False,268,4,universe
VNOM,2026-09-24,41.64,1.14,False,43.53,-0.084,-0.23,True,85.4,0.01,85.4,True,2.73,1.96,14.3,3.6,D 趨勢弱,True,6:07,183.3,跌,52.0,7,True,0.0,-0.4519,-0.5097,-0.5097,True,False,-4.55,-1.66,40.77,2.09,0.76,75.7,,OHLC,—,HH/HL,自然反彈,False,268,4,universe
ACIW,2026-09-24,49.62,1.37,False,51.94,-0.068,-0.55,True,85.3,0.38,84.9,True,2.76,1.96,44.0,1.3,C 基底修復,True,8:49,264.6,跌,100.0,8,True,0.0,-0.2402,-0.2789,-1.0184,True,False,-4.68,-1.69,53.6,-8.02,-2.9,40.0,,OHLC,↓,LH/LL,DT,False,268,4,universe
FOX,2026-09-24,57.2,1.51,False,59.28,-0.001,0.04,True,85.3,0.34,85.0,True,2.64,2.07,34.1,-0.7,C 基底修復,True,8:49,264.6,跌,117.0,18,True,0.0,-0.4693,-0.4918,-0.7226,True,False,-3.64,-1.38,61.27,-7.12,-2.7,79.2,,OHLC,↓,LH/LL,DT,False,268,4,universe
SYF,2026-09-24,71.55,1.96,False,77.5,-0.201,-0.51,True,84.5,0.57,83.9,True,2.74,2.14,23.3,1.0,D 趨勢弱,True,8:49,264.6,跌,208.0,25,True,0.0,-0.6619,-0.6659,-0.6659,True,False,-8.32,-3.03,80.8,-12.92,-4.71,232.4,,OHLC,↓,LH/LL,DT,False,268,4,universe
MNR,2026-09-24,10.52,0.33,False,11.48,-0.051,-0.69,True,84.2,0.64,83.6,True,3.12,1.8,0.0,0.0,D 趨勢弱,True,6:53,206.4,跌,65.0,8,True,0.0,-0.1577,-0.1664,-0.1697,True,False,-9.14,-2.93,11.13,-5.8,-1.86,14.6,,OHLC,↓,LH/LL,DT,False,268,4,universe
SIRI,2026-09-24,26.63,0.78,False,28.3,-0.06,-0.68,True,83.9,0.52,83.4,True,2.93,2.06,36.4,0.8,C 基底修復,True,6:12,186.0,跌,53.0,6,True,0.0,-0.2452,-0.2533,-0.3806,True,False,-6.29,-2.14,29.13,-9.39,-3.2,118.9,,OHLC,↓,LH/LL,DT,False,268,4,universe
EXEL,2026-09-24,57.95,1.67,True,56.04,0.284,0.72,True,83.3,0.42,82.9,True,2.88,2.22,73.3,3.1,A 待突破,False,5:05,152.6,跌,35.0,4,True,0.0,-0.0738,-0.0939,-0.6624,True,False,3.3,1.14,56.12,3.16,1.09,123.8,,OHLC,↑,HH/HL,次級反彈,False,268,4,universe
IQV,2026-09-24,275.02,7.35,True,261.47,0.894,0.74,False,83.3,-0.19,83.5,True,2.67,2.44,73.7,-1.8,A 待突破,True,8:49,264.6,跌,179.0,17,True,0.0,-0.5862,-0.9332,-1.8687,True,False,4.93,1.84,256.98,6.56,2.46,435.5,,OHLC,↑,HH/HL,UT,False,268,4,universe
JLL,2026-09-24,324.4,10.11,False,358.55,-1.278,-0.63,True,83.0,0.61,82.4,True,3.12,2.05,11.5,-0.2,D 趨勢弱,True,8:49,264.6,跌,184.0,20,True,0.0,-3.0388,-3.0415,-5.4642,True,False,-10.53,-3.38,367.78,-13.37,-4.29,115.3,,OHLC,↓,LH/LL,DT,False,268,4,universe
LNC,2026-09-24,41.39,1.2,False,43.28,-0.087,-0.59,True,83.0,0.79,82.2,True,2.9,2.27,38.2,0.4,C 基底修復,True,8:49,264.6,跌,176.0,13,True,0.0,-0.3139,-0.3465,-0.6391,True,False,-4.56,-1.57,,,,85.3,,OHLC,—,HH/HL,DT,False,268,4,universe
GLIBK,2026-09-24,23.77,0.81,False,25.49,-0.049,-0.12,True,82.1,0.81,81.3,True,3.42,1.92,15.1,-1.8,D 趨勢弱,True,8:49,264.6,跌,132.0,20,True,0.0,-0.289,-0.3009,-0.3274,True,False,-7.23,-2.12,24.41,-2.69,-0.79,8.1,,OHLC,↓,LH/LL,DT,False,268,4,universe
NFLX,2026-09-24,71.72,2.21,False,77.16,-0.099,-0.54,True,81.8,1.05,80.7,True,3.08,2.33,2.2,-2.0,D 趨勢弱,True,8:49,264.6,跌,137.0,14,True,0.0,-0.9144,-0.9755,-0.9755,True,False,-7.59,-2.47,73.36,-2.29,-0.74,2488.9,,OHLC,↓,LH/LL,DT,False,268,4,universe
WEX,2026-09-24,185.43,5.6,False,193.69,-0.087,-0.04,True,81.7,0.48,81.2,True,3.02,2.4,53.8,3.5,C 基底修復,True,8:49,264.6,跌,357.0,29,True,0.0,-1.8537,-1.9092,-2.3598,True,False,-4.45,-1.47,203.97,-10.0,-3.31,106.0,,OHLC,↓,LH/LL,自然反彈,False,268,4,universe
NUE,2026-09-24,247.96,8.19,False,253.77,-0.479,-0.48,True,81.2,0.83,80.4,True,3.3,2.21,62.3,1.0,C 基底修復,False,5:28,164.2,跌,41.0,5,True,0.0,-1.4225,-1.5462,-4.3092,True,True,-2.34,-0.71,268.08,-8.11,-2.46,308.3,,OHLC,↓,LH/LL,自然反彈,False,268,4,universe
JKHY,2026-09-24,147.75,4.98,False,160.44,-0.075,-0.22,True,81.1,0.0,81.1,True,3.37,2.17,1.1,-2.1,D 趨勢弱,True,8:49,264.6,跌,146.0,15,True,0.0,-2.0607,-2.1052,-2.1052,True,False,-8.59,-2.55,164.55,-11.37,-3.37,167.4,,OHLC,↓,LH/LL,DT,False,268,4,universe
XYZ,2026-09-24,76.74,2.48,False,80.17,-0.057,-0.2,True,81.1,0.5,80.7,True,3.24,2.28,52.6,3.1,C 基底修復,True,8:49,264.6,跌,110.0,17,True,0.0,-0.4176,-0.5229,-0.6589,True,False,-4.47,-1.38,77.91,-1.52,-0.47,323.2,,OHLC,↓,LH/LL,自然反彈,False,268,4,universe
HALO,2026-09-24,115.22,3.11,True,108.86,0.682,1.6,False,81.0,-0.38,81.3,True,2.7,2.85,74.5,-0.0,A 待突破,True,8:49,264.6,跌,168.0,19,True,0.0,-0.0786,-0.2263,-1.1605,True,False,5.52,2.04,112.44,2.41,0.89,245.5,,OHLC,↑,HH/HL,UT,False,268,4,universe
LYB,2026-09-24,60.18,2.07,False,63.98,-0.05,-0.05,True,80.7,0.45,80.2,True,3.45,2.16,23.2,4.4,C 基底修復,True,8:49,264.6,跌,158.0,21,True,0.0,-0.6512,-0.6868,-0.6868,True,False,-6.31,-1.83,65.43,-8.72,-2.53,224.6,,OHLC,↓,LH/LL,DT,False,268,4,universe
FANG,2026-09-24,189.01,6.36,False,198.34,-0.295,-0.33,True,80.2,0.54,79.7,True,3.37,2.33,40.9,5.1,C 基底修復,True,7:18,219.2,跌,72.0,7,True,0.0,-2.0759,-2.3395,-2.3395,True,False,-4.93,-1.47,,,,656.4,,OHLC,—,HH/HL,自然反彈,False,268,4,universe
QTWO,2026-09-24,56.45,2.01,False,61.79,-0.244,-0.62,True,79.4,0.68,78.7,True,3.56,2.3,37.8,12.2,D 趨勢弱,True,8:49,264.6,跌,179.0,28,True,0.0,-0.7302,-0.7959,-0.9239,True,False,-9.47,-2.66,61.95,-9.74,-2.74,37.3,,OHLC,↓,LH/LL,DT,False,268,4,universe
JCAP,2026-09-24,19.54,0.7,False,21.85,-0.035,-0.11,True,79.0,0.44,78.6,True,3.6,2.33,24.6,5.0,D 趨勢弱,True,8:49,264.6,跌,152.0,23,True,0.0,-0.2423,-0.2524,-0.317,True,False,-11.83,-3.29,21.67,-10.9,-3.03,5.1,,OHLC,↓,LH/LL,自然反彈,False,268,4,universe
GRNT,2026-09-24,4.54,0.17,False,5.03,-0.013,-0.29,True,78.9,0.43,78.5,True,3.7,2.25,4.9,0.6,D 趨勢弱,True,6:08,184.2,跌,52.0,7,True,0.0,-0.0774,-0.0776,-0.0776,True,False,-10.89,-2.94,,,,8.5,,OHLC,—,HH/HL,DT,False,268,4,universe
VSNT,2026-09-24,33.5,1.23,False,37.87,-0.195,-0.77,True,78.9,0.61,78.3,True,3.66,2.29,0.0,0.0,D 趨勢弱,True,8:49,264.6,跌,125.0,14,True,0.0,-0.6166,-0.6563,-0.6563,True,False,-13.04,-3.56,37.24,-11.16,-3.05,64.8,,OHLC,↓,LH/LL,DT,False,195,4,universe
NVO,2026-09-24,38.62,1.32,False,43.72,-0.343,-1.52,True,78.8,0.73,78.1,True,3.42,2.54,6.3,0.6,D 趨勢弱,True,7:44,232.1,跌,79.0,12,True,0.0,-0.5684,-0.5763,-0.7798,True,False,-13.21,-3.86,43.24,-11.96,-3.49,564.3,,OHLC,↓,LH/LL,DT,False,268,4,universe
SENEA,2026-09-24,184.0,6.78,False,191.26,-0.059,0.2,True,78.8,0.31,78.5,True,3.68,2.29,72.7,14.7,B 上升結構,True,8:49,264.6,跌,115.0,13,True,0.0,-1.6931,-2.0923,-2.7711,True,False,-3.95,-1.07,186.31,-1.26,-0.34,18.3,,OHLC,↓,LH/LL,自然反彈,False,268,4,universe
MHK,2026-09-24,119.47,4.22,False,129.15,-0.555,-0.66,True,78.3,0.19,78.1,True,3.53,2.54,28.9,-0.0,D 趨勢弱,True,8:49,264.6,跌,190.0,26,True,0.0,-1.2957,-1.325,-1.9008,True,False,-8.1,-2.29,129.42,-8.33,-2.36,137.7,,OHLC,↓,LH/LL,自然反彈,False,268,4,universe
MTUS,2026-09-24,18.94,0.7,False,19.6,-0.094,-0.76,True,78.2,0.46,77.7,True,3.69,2.39,54.0,13.9,C 基底修復,False,4:36,138.0,跌,27.0,4,True,0.0,-0.0091,-0.021,-0.357,True,True,-3.47,-0.94,19.69,-3.96,-1.07,6.5,,OHLC,—,LH/LL,次級反彈,True,268,4,universe
MTRX,2026-09-24,9.8,0.37,False,10.45,-0.059,-0.69,True,77.8,0.74,77.0,True,3.77,2.39,6.0,-0.4,D 趨勢弱,True,8:16,248.0,跌,88.0,9,True,0.0,-0.0038,-0.0088,-0.1108,True,False,-6.68,-1.77,10.13,-3.37,-0.89,4.8,,OHLC,↓,LH/LL,DT,False,268,4,universe
FLYW,2026-09-24,17.09,0.6,False,18.24,-0.009,-0.11,True,77.7,0.56,77.2,True,3.51,2.66,52.1,3.3,D 趨勢弱,True,8:49,264.6,跌,130.0,18,True,0.0,-0.1545,-0.1721,-0.2747,True,False,-6.75,-1.93,18.42,-7.78,-2.22,23.8,,OHLC,↓,LH/LL,DT,False,268,4,universe
FISV,2026-09-24,45.98,1.74,False,50.77,-0.24,-0.69,True,77.5,0.35,77.2,True,3.79,2.42,2.7,-9.1,D 趨勢弱,True,8:49,264.6,跌,258.0,28,True,0.0,-0.5034,-0.5383,-0.5383,True,False,-10.41,-2.75,51.58,-12.18,-3.21,359.5,,OHLC,↓,LH/LL,DT,False,267,4,universe
TVTX,2026-09-24,60.62,2.41,False,64.2,-0.102,-0.14,True,76.8,0.96,75.8,True,3.98,2.37,54.3,-0.6,C 基底修復,True,8:49,264.6,跌,231.0,17,True,0.0,-0.8974,-0.9391,-0.9391,True,False,-5.9,-1.48,67.51,-11.37,-2.85,96.9,,OHLC,↓,LH/LL,DT,False,268,4,universe
QUAD,2026-09-24,9.26,0.35,False,9.98,-0.012,-0.24,True,76.7,0.69,76.0,True,3.8,2.56,44.3,1.2,C 基底修復,True,8:49,264.6,跌,335.0,31,True,0.0,-0.119,-0.1207,-0.1325,True,False,-7.77,-2.04,9.62,-3.89,-1.02,3.8,,OHLC,↓,LH/LL,DT,False,268,4,universe
ERII,2026-09-24,6.83,0.27,False,7.52,-0.026,-0.8,True,76.6,0.95,75.7,True,3.96,2.41,2.0,-0.2,D 趨勢弱,True,8:15,247.5,跌,88.0,12,True,0.0,-0.0226,-0.0232,-0.0938,True,False,-10.17,-2.57,7.55,-10.54,-2.66,8.1,,OHLC,↓,LH/LL,DT,False,268,4,universe
GKOS,2026-09-24,154.88,6.68,False,174.2,-1.084,-0.71,True,75.0,1.0,74.0,True,4.31,2.36,41.0,0.1,D 趨勢弱,True,8:49,264.6,跌,291.0,24,True,0.0,-2.5729,-2.6825,-2.799,True,False,-12.48,-2.89,182.28,-17.69,-4.1,129.9,,OHLC,↓,LH/LL,DT,False,268,4,universe
MTDR,2026-09-24,52.97,2.02,True,57.34,0.04,0.41,True,75.0,0.7,74.3,True,3.82,2.86,35.2,15.4,C 基底修復,False,5:41,170.4,跌,45.0,7,True,0.0,-1.1864,-1.2182,-1.2182,True,False,-8.25,-2.16,,,,103.5,,OHLC,—,HH/HL,自然反彈,False,268,4,universe
DCTH,2026-09-24,16.08,0.5,False,16.52,-0.042,0.48,True,74.9,0.05,74.9,False,3.12,3.57,75.2,1.0,A 待突破,True,8:49,264.6,跌,215.0,21,True,0.0,-0.1059,-0.1115,-0.2429,True,True,-2.72,-0.87,16.44,-2.24,-0.72,6.1,,OHLC,—,LH/LL,DT,True,268,4,universe
MUR,2026-09-24,37.38,1.43,True,36.93,0.064,0.4,True,73.9,0.81,73.0,False,3.84,3.06,47.8,4.2,B 上升結構,False,5:49,174.7,跌,47.0,4,True,0.0,-0.2186,-0.289,-0.4983,True,True,1.21,0.32,36.44,2.51,0.66,61.3,,OHLC,↑,HH/HL,UT,False,268,4,universe
EZPW,2026-09-24,30.29,1.28,True,31.8,0.127,0.63,True,70.0,0.53,69.5,False,4.21,3.42,47.6,0.8,D 趨勢弱,True,6:50,204.9,跌,64.0,10,True,0.0,-0.2992,-0.3214,-0.4393,True,False,-4.97,-1.18,31.64,-4.46,-1.06,22.0,,OHLC,↓,LH/LL,DT,False,268,4,universe
GCT,2026-09-24,53.91,2.4,True,51.72,0.045,0.12,False,69.9,-0.39,70.3,False,4.45,3.2,68.6,1.0,B 上升結構,True,8:49,264.6,跌,231.0,26,True,0.0,-0.1378,-0.1999,-0.8252,True,True,4.06,0.91,51.64,4.21,0.95,34.7,,OHLC,—,HH/HL,UT,True,268,4,universe
SM,2026-09-24,35.1,1.56,True,36.73,0.05,0.68,True,68.4,0.76,67.6,False,4.45,3.5,54.9,15.1,B 上升結構,True,7:22,220.9,跌,73.0,6,True,0.0,-0.6714,-0.7134,-0.7134,True,False,-4.64,-1.04,33.92,3.36,0.76,159.6,,OHLC,—,HH/HL,自然反彈,False,268,4,universe
INSM,2026-09-24,121.55,5.04,False,124.13,-0.371,-0.67,True,65.6,1.08,64.5,False,4.14,4.34,38.1,17.7,D 趨勢弱,True,8:49,264.6,跌,194.0,23,True,0.0,-0.957,-1.143,-1.2975,True,True,-2.13,-0.51,130.83,-7.63,-1.84,253.1,,OHLC,↓,LH/LL,自然反彈,False,268,4,universe
RIVN,2026-09-24,15.29,0.69,False,15.74,-0.031,-0.21,True,64.7,0.25,64.5,False,4.48,4.18,6.3,0.9,D 趨勢弱,True,7:03,211.3,跌,67.0,8,True,0.0,-0.0574,-0.0787,-0.2459,True,True,-2.97,-0.66,15.36,-0.46,-0.1,337.2,,OHLC,↓,LH/LL,自然回檔,False,268,4,universe
DUOL,2026-09-24,147.75,7.64,True,146.73,0.415,0.53,False,62.5,-0.34,62.8,False,5.17,3.95,63.6,-0.7,D 趨勢弱,True,8:49,264.6,跌,384.0,12,True,0.0,-0.8316,-0.9422,-1.2955,True,True,0.69,0.13,149.42,-1.13,-0.22,175.7,,OHLC,—,LH/LL,次級回檔,True,268,4,universe
MNTN,2026-09-24,10.91,0.57,True,12.33,0.02,0.09,True,62.2,1.48,60.8,False,5.26,3.92,35.3,1.4,D 趨勢弱,True,8:49,264.6,跌,142.0,17,True,0.0,-0.2297,-0.2509,-0.266,True,False,-13.01,-2.48,11.96,-9.62,-1.83,9.1,,OHLC,↓,LH/LL,自然反彈,False,268,4,universe
GDDY,2026-09-24,100.81,5.29,True,98.64,0.738,0.33,False,60.8,-3.01,63.8,False,5.25,4.23,48.7,8.8,C 基底修復,True,6:21,190.5,跌,56.0,3,True,0.0,-0.2494,-0.3844,-0.9446,True,True,2.16,0.41,97.46,3.32,0.63,263.9,,OHLC,—,HH/HL,自然反彈,False,268,4,universe
NVCT,2026-09-24,21.63,1.59,False,22.83,-0.017,0.17,True,51.5,11.13,40.4,False,7.34,4.23,50.5,7.2,D 趨勢弱,True,8:49,264.6,跌,106.0,13,True,0.0,-0.3169,-0.3348,-0.4313,True,True,-5.56,-0.76,23.0,-6.33,-0.86,4.8,,OHLC,↓,LH/LL,自然反彈,False,268,4,universe
EDIT,2026-09-24,2.75,0.21,False,2.94,-0.006,-0.3,True,48.8,0.6,48.2,False,7.72,4.52,23.7,-4.9,D 趨勢弱,True,8:49,264.6,跌,101.0,13,True,0.0,-0.0108,-0.0137,-0.0695,True,True,-6.75,-0.87,2.74,0.36,0.05,8.9,,OHLC,—,LH/LL,自然反彈,False,268,4,universe
RCEL,2026-09-24,11.58,0.63,True,10.16,0.166,2.56,True,43.9,0.54,43.3,False,5.41,8.19,79.7,4.5,E 延伸,True,8:49,264.6,跌,170.0,17,True,0.0,-0.0589,-0.089,-0.2379,True,False,12.26,2.26,10.95,5.44,1.0,3.1,,OHLC,↑,HH/HL,UT,False,268,4,universe
XPON,2026-09-24,4.77,0.78,True,7.26,0.0,-0.01,True,15.8,0.96,14.8,False,16.43,12.54,30.5,5.5,D 趨勢弱,True,8:49,264.6,跌,121.0,13,True,0.0,-0.131,-0.1408,-0.2303,True,False,-52.15,-3.17,5.25,-10.06,-0.61,4.3,,OHLC,—,LH/LL,自然回檔,True,268,4,universe
KRP,2026-09-24,14.79,0.27,False,14.94,-0.028,-0.38,False,93.0,-0.21,93.2,True,1.85,1.19,45.4,11.2,C 基底修復,True,8:49,264.6,跌,127.0,19,True,1.0,-0.0415,-0.0729,-0.0771,True,True,-0.99,-0.54,15.3,-3.45,-1.87,15.1,,OHLC,↓,LH/LL,自然反彈,False,268,4,universe
WM,2026-09-24,207.96,3.63,False,218.03,-0.466,-0.86,True,92.9,0.15,92.7,True,1.74,1.34,14.2,1.8,D 趨勢弱,True,8:49,264.6,跌,538.0,43,True,1.0,-0.6368,-0.7288,-2.0666,True,False,-4.84,-2.78,218.09,-4.87,-2.79,493.3,,OHLC,↓,LH/LL,DT,False,268,4,universe
SFNC,2026-09-24,23.06,0.46,False,23.09,-0.024,-0.36,True,92.3,0.17,92.2,True,2.01,1.2,56.3,4.4,C 基底修復,False,5:30,165.0,跌,42.0,5,True,1.0,-0.0049,-0.0274,-0.1609,True,True,-0.13,-0.07,23.99,-4.03,-2.0,30.6,,OHLC,—,LH/LL,自然反彈,True,268,4,universe
R,2026-09-24,236.25,5.37,False,246.5,-1.091,-0.78,True,90.6,0.22,90.4,True,2.27,1.33,52.4,-1.8,C 基底修復,True,6:32,196.0,跌,59.0,9,True,1.0,-0.0041,-0.0269,-2.0005,True,False,-4.34,-1.91,248.44,-5.16,-2.27,59.2,,OHLC,—,LH/LL,DT,True,268,4,universe
NHI,2026-09-24,67.16,1.47,False,70.75,-0.091,-0.73,True,90.5,0.05,90.5,True,2.18,1.44,6.6,-0.4,D 趨勢弱,True,8:49,264.6,跌,123.0,19,True,1.0,-0.1912,-0.2159,-0.9077,True,False,-5.35,-2.45,72.73,-8.29,-3.8,26.1,,OHLC,↓,LH/LL,DT,False,268,4,universe
MRSH,2026-09-24,169.93,3.58,False,182.2,-0.702,-1.2,True,89.9,0.11,89.8,True,2.1,1.65,12.1,0.2,D 趨勢弱,True,8:49,264.6,跌,562.0,33,True,1.0,-1.2224,-1.3307,-1.9931,True,False,-7.22,-3.43,180.43,-6.18,-2.94,477.1,,OHLC,↓,LH/LL,DT,False,268,4,universe
CHE,2026-09-24,495.65,13.51,False,520.04,-1.273,-0.63,True,88.3,0.25,88.0,True,2.73,1.39,42.3,-1.3,C 基底修復,True,8:49,264.6,跌,371.0,32,True,1.0,-2.419,-2.5756,-4.793,True,False,-4.92,-1.81,530.18,-6.97,-2.56,79.2,,OHLC,↓,LH/LL,DT,False,268,4,universe
ALRM,2026-09-24,53.44,1.37,False,55.52,-0.088,-0.48,True,88.2,0.2,88.0,True,2.56,1.57,39.7,2.0,C 基底修復,True,8:49,264.6,跌,258.0,31,True,1.0,-0.3675,-0.4143,-0.4437,True,False,-3.9,-1.52,56.73,-6.16,-2.41,25.3,,OHLC,↓,LH/LL,DT,False,268,4,universe
HAS,2026-09-24,86.81,2.14,False,91.58,-0.372,-0.85,True,86.9,0.08,86.8,True,2.47,1.92,25.5,-0.8,D 趨勢弱,True,8:49,264.6,跌,230.0,27,True,1.0,-0.5713,-0.6389,-0.9058,True,False,-5.49,-2.23,91.54,-5.45,-2.21,138.5,,OHLC,↓,LH/LL,DT,False,268,4,universe
SAIC,2026-09-24,132.43,3.9,True,129.34,0.213,0.31,True,85.4,0.37,85.1,True,2.94,1.74,71.3,0.4,A 待突破,False,4:42,140.8,跌,28.0,3,False,1.0,-0.0994,-0.0493,-0.5694,False,True,2.33,0.79,136.08,-2.76,-0.94,71.4,,OHLC,—,LH/LL,自然反彈,False,268,4,universe
HAL,2026-09-24,32.76,1.01,False,35.19,-0.01,0.01,True,83.2,0.21,82.9,True,3.08,2.05,21.2,0.2,C 基底修復,True,6:39,199.6,跌,61.0,10,True,1.0,-0.4478,-0.4611,-0.4703,True,False,-7.4,-2.4,,,,389.0,,OHLC,—,HH/HL,DT,False,268,4,universe
FTI,2026-09-24,70.95,2.28,False,75.75,-0.1,-0.13,True,82.3,0.43,81.9,True,3.22,2.07,45.4,-0.6,C 基底修復,True,8:22,250.9,跌,89.0,12,True,1.0,-0.747,-0.8184,-0.8898,True,False,-6.76,-2.1,74.57,-5.1,-1.59,227.0,,OHLC,↓,LH/LL,DT,False,268,4,universe
LDOS,2026-09-24,123.35,3.71,False,134.25,-0.546,-0.65,True,81.6,0.34,81.2,True,3.01,2.43,6.7,1.6,D 趨勢弱,True,8:49,264.6,跌,233.0,23,True,1.0,-1.2739,-1.28,-2.311,True,False,-8.84,-2.93,132.83,-7.69,-2.55,170.9,,OHLC,↓,LH/LL,DT,False,268,4,universe
CRAI,2026-09-24,162.57,5.64,False,168.59,-0.101,-0.32,True,80.7,0.07,80.7,True,3.47,2.13,15.3,-7.4,D 趨勢弱,True,8:49,264.6,跌,400.0,36,True,1.0,-0.606,-0.7817,-2.2685,True,False,-3.7,-1.07,166.37,-2.34,-0.67,21.1,,OHLC,—,LH/LL,自然反彈,True,268,4,universe
DOW,2026-09-24,28.56,0.97,False,30.18,-0.056,-0.34,True,80.6,0.54,80.1,True,3.4,2.23,17.2,3.7,D 趨勢弱,True,8:49,264.6,跌,129.0,21,True,1.0,-0.1215,-0.144,-0.2147,True,False,-5.67,-1.67,30.08,-5.32,-1.57,257.2,,OHLC,↓,LH/LL,DT,False,268,4,universe
DORM,2026-09-24,122.6,3.57,False,127.51,-0.445,-0.96,True,80.4,0.38,80.0,True,2.91,2.76,28.4,1.7,C 基底修復,True,8:49,264.6,跌,711.0,48,True,1.0,-0.3012,-0.478,-1.374,True,False,-4.01,-1.38,131.3,-7.1,-2.44,24.3,,OHLC,↓,LH/LL,DT,False,268,4,universe
TMUS,2026-09-24,165.35,5.27,False,176.5,-0.393,-0.75,True,80.0,0.73,79.3,True,3.19,2.55,6.0,0.3,D 趨勢弱,True,8:49,264.6,跌,114.0,12,True,1.0,-1.7183,-1.9231,-2.0895,True,False,-6.74,-2.11,177.21,-7.17,-2.25,896.8,,OHLC,↓,LH/LL,自然反彈,False,268,4,universe
STLD,2026-09-24,235.2,8.19,False,237.52,-0.552,-0.51,True,79.6,0.8,78.8,True,3.48,2.34,62.4,0.5,C 基底修復,False,5:05,152.6,跌,35.0,4,True,1.0,-0.1667,-0.2602,-4.7695,True,True,-0.99,-0.28,245.35,-4.32,-1.24,235.0,,OHLC,—,LH/LL,自然反彈,True,268,4,universe
RES,2026-09-24,5.9,0.21,False,6.2,-0.022,-0.5,True,79.3,0.85,78.5,True,3.57,2.31,18.7,1.4,C 基底修復,True,8:43,261.4,跌,95.0,10,True,1.0,-0.0704,-0.0866,-0.0998,True,False,-5.15,-1.44,6.14,-4.07,-1.14,11.8,,OHLC,—,HH/HL,自然反彈,False,268,4,universe
GEO,2026-09-24,31.96,1.28,False,31.31,-0.001,-0.05,False,78.5,-0.08,78.6,True,4.02,2.01,77.9,22.4,A 待突破,True,8:49,264.6,跌,146.0,17,True,1.0,-0.0785,-0.1816,-0.2097,True,True,2.04,0.51,30.85,3.47,0.86,73.7,,OHLC,—,HH/HL,UT,True,268,4,universe
OIS,2026-09-24,8.31,0.3,False,8.62,-0.019,-0.19,True,78.0,0.74,77.2,True,3.62,2.5,22.9,-11.5,D 趨勢弱,True,8:49,264.6,跌,123.0,12,True,1.0,-0.0469,-0.053,-0.0678,True,False,-3.75,-1.04,8.6,-3.49,-0.96,4.3,,OHLC,—,LH/LL,DT,True,268,4,universe
MGY,2026-09-24,24.74,0.91,False,26.63,-0.055,-0.23,True,76.8,0.61,76.2,True,3.69,2.66,19.6,4.3,D 趨勢弱,True,7:56,238.2,跌,82.0,7,True,1.0,-0.3798,-0.4274,-0.4343,True,False,-7.64,-2.07,24.02,2.91,0.79,111.5,,OHLC,—,HH/HL,自然反彈,False,268,4,universe
RDVT,2026-09-24,79.06,2.87,True,73.47,0.336,0.74,True,75.7,0.36,75.3,True,3.63,2.92,71.3,-3.6,E 延伸,False,5:01,150.6,跌,34.0,4,True,1.0,-0.0739,-0.279,-0.5193,True,False,7.07,1.95,73.41,7.15,1.97,17.5,,OHLC,↑,HH/HL,UT,False,268,4,universe
AGCO,2026-09-24,116.21,4.55,True,117.3,0.367,0.5,False,75.2,-1.94,77.2,True,3.91,2.73,35.5,2.0,C 基底修復,True,6:57,208.6,跌,66.0,7,False,1.0,-1.0115,-0.6951,-1.6065,False,True,-0.94,-0.24,123.79,-6.52,-1.67,156.7,,OHLC,↓,LH/LL,DT,False,268,4,universe
HRB,2026-09-24,42.61,1.52,False,48.54,-1.07,-0.9,True,75.1,0.38,74.7,True,3.57,3.09,29.9,0.3,D 趨勢弱,True,8:49,264.6,跌,173.0,20,True,1.0,-0.6299,-0.6894,-1.2778,True,False,-13.92,-3.9,45.84,-7.58,-2.12,88.0,,OHLC,↓,LH/LL,DT,False,268,4,universe
INVX,2026-09-24,28.56,1.14,False,29.63,-0.039,-0.01,True,74.0,1.01,73.0,False,3.99,2.88,53.3,0.6,C 基底修復,True,8:49,264.6,跌,103.0,14,True,1.0,-0.2435,-0.2915,-0.3306,True,True,-3.73,-0.94,29.95,-4.87,-1.22,26.7,,OHLC,↓,LH/LL,自然反彈,False,268,4,universe
PD,2026-09-24,14.95,0.57,True,13.52,0.089,0.74,True,72.5,0.22,72.3,False,3.81,3.34,48.9,0.4,E 延伸,True,6:00,180.0,跌,50.0,5,True,1.0,-0.0254,-0.0376,-0.0523,True,False,9.58,2.52,14.0,6.35,1.67,25.2,,OHLC,↑,HH/HL,UT,False,268,4,universe
NOW,2026-09-24,137.78,5.99,True,134.55,0.362,0.4,True,68.4,0.15,68.2,False,4.35,3.59,53.2,1.3,C 基底修復,True,8:49,264.6,跌,104.0,13,False,1.0,-0.847,-0.7996,-1.4944,False,True,2.35,0.54,142.1,-3.14,-0.72,2170.1,,OHLC,↓,LH/LL,次級回檔,False,268,4,universe
VERX,2026-09-24,11.68,0.57,True,13.0,0.038,0.26,True,63.9,0.29,63.6,False,4.91,3.91,11.4,0.8,D 趨勢弱,True,8:49,264.6,跌,139.0,13,True,1.0,-0.1659,-0.1745,-0.2164,True,False,-11.27,-2.29,13.09,-12.07,-2.46,17.9,,OHLC,↓,LH/LL,DT,False,268,4,universe
AMPL,2026-09-24,13.69,0.66,True,13.23,0.057,0.71,False,63.6,-0.36,63.9,False,4.86,4.04,74.7,0.4,B 上升結構,True,8:49,264.6,跌,154.0,16,True,1.0,-0.0681,-0.0845,-0.2954,True,True,3.37,0.69,13.81,-0.88,-0.18,22.5,,OHLC,↓,LH/LL,次級反彈,False,268,4,universe
IOT,2026-09-24,39.32,2.14,False,39.94,-0.018,-0.05,True,61.9,0.81,61.1,False,5.44,3.79,56.6,3.5,B 上升結構,True,6:05,182.3,跌,51.0,5,True,1.0,-0.214,-0.2518,-0.3744,True,True,-1.58,-0.29,39.14,0.46,0.08,317.4,,OHLC,—,HH/HL,自然反彈,False,268,4,universe
ADC,2026-09-24,67.18,1.15,False,71.93,-0.213,-1.16,True,94.3,0.21,94.1,True,1.71,0.99,9.6,0.4,D 趨勢弱,True,8:14,246.8,跌,87.0,11,True,2.0,-0.2821,-0.3341,-0.7792,True,False,-7.07,-4.13,73.54,-9.47,-5.52,104.5,,OHLC,↓,LH/LL,DT,False,268,4,universe
MAA,2026-09-24,117.26,2.2,False,126.0,-0.532,-1.48,True,93.1,0.06,93.0,True,1.88,1.15,8.3,0.2,D 趨勢弱,True,8:49,264.6,跌,267.0,21,True,2.0,-0.689,-0.7252,-0.7945,True,False,-7.46,-3.97,130.02,-10.88,-5.8,141.0,,OHLC,↓,LH/LL,DT,False,268,4,universe
FDUS,2026-09-24,19.09,0.3,False,19.58,-0.015,-0.62,True,92.9,0.04,92.8,True,1.57,1.51,47.9,10.4,C 基底修復,True,8:49,264.6,跌,322.0,33,False,2.0,-0.0376,-0.0339,-0.1076,False,True,-2.55,-1.63,19.57,-2.51,-1.61,6.1,,OHLC,↓,LH/LL,DT,False,268,4,universe
GOOD,2026-09-24,12.56,0.22,False,12.9,-0.012,-0.2,True,92.9,0.21,92.7,True,1.74,1.33,49.9,0.2,C 基底修復,True,8:49,264.6,跌,185.0,19,False,2.0,-0.036,-0.036,-0.0785,False,True,-2.73,-1.57,12.95,-3.11,-1.79,4.5,,OHLC,—,LH/LL,DT,True,268,4,universe
NSC,2026-09-24,313.17,5.72,False,332.05,-0.49,-0.67,True,92.6,0.15,92.5,True,1.83,1.31,30.3,-0.6,D 趨勢弱,True,8:49,264.6,跌,124.0,18,True,2.0,-1.1389,-1.4225,-3.056,True,False,-6.03,-3.3,355.99,-13.67,-7.48,379.9,,OHLC,↓,LH/LL,DT,False,268,4,universe
APD,2026-09-24,284.49,5.62,False,296.52,-0.506,-0.78,True,91.7,1.48,90.2,True,1.97,1.37,23.2,-10.3,C 基底修復,True,8:49,264.6,跌,154.0,15,True,2.0,-1.0711,-1.2772,-2.3348,True,False,-4.23,-2.14,300.2,-5.52,-2.8,347.7,,OHLC,↓,LH/LL,自然反彈,False,268,4,universe
UNP,2026-09-24,274.07,5.62,False,291.66,-0.52,-0.85,True,91.4,0.16,91.2,True,2.05,1.38,31.2,-1.1,D 趨勢弱,True,8:49,264.6,跌,115.0,18,True,2.0,-1.4754,-1.6974,-2.7173,True,False,-6.42,-3.13,314.15,-14.62,-7.14,706.9,,OHLC,↓,LH/LL,自然反彈,False,268,4,universe
CSX,2026-09-24,46.95,1.0,False,49.13,-0.099,-0.8,True,91.1,0.29,90.8,True,2.14,1.37,41.6,-1.8,C 基底修復,True,8:49,264.6,跌,145.0,18,True,2.0,-0.2007,-0.246,-0.3262,True,False,-4.65,-2.18,49.65,-5.75,-2.69,519.4,,OHLC,↓,LH/LL,自然反彈,False,268,4,universe
SCI,2026-09-24,77.75,1.68,False,81.29,-0.244,-0.82,True,90.8,0.25,90.5,True,2.17,1.39,20.2,-0.5,D 趨勢弱,True,8:49,264.6,跌,325.0,33,True,2.0,-0.3838,-0.4263,-0.5366,True,False,-4.56,-2.1,82.21,-5.74,-2.65,71.5,,OHLC,↓,LH/LL,DT,False,268,4,universe
NBBK,2026-09-24,22.5,0.48,False,22.57,-0.015,-0.04,True,90.7,0.14,90.6,True,2.15,1.43,66.6,0.8,C 基底修復,True,6:26,192.9,跌,57.0,7,False,2.0,-0.0566,-0.0497,-0.1793,False,True,-0.31,-0.14,22.57,-0.32,-0.15,6.1,,OHLC,—,HH/HL,自然回檔,True,268,4,universe
AM,2026-09-24,21.23,0.49,False,22.0,-0.023,-0.27,True,90.0,0.14,89.9,True,2.33,1.4,37.0,-0.4,C 基底修復,True,7:53,236.5,跌,81.0,10,True,2.0,-0.0952,-0.1151,-0.1658,True,False,-3.63,-1.56,21.03,0.94,0.4,52.3,,OHLC,—,HH/HL,DT,False,268,4,universe
PM,2026-09-24,191.5,4.43,True,189.59,0.167,0.09,True,88.8,0.17,88.7,True,2.31,1.68,66.0,-1.0,A 待突破,False,10:09,304.3,升,19.0,2,False,2.0,0.1073,0.0361,,False,True,1.0,0.43,190.39,0.58,0.25,836.5,,OHLC,—,LH/LL,自然反彈,True,268,4,universe
ALLE,2026-09-24,152.48,3.35,False,156.94,-0.31,-0.63,False,88.4,-0.04,88.5,True,2.2,1.88,41.6,-0.7,C 基底修復,True,8:49,264.6,跌,226.0,29,True,2.0,-0.1875,-0.2033,-2.0732,True,True,-2.92,-1.33,155.39,-1.91,-0.87,220.2,,OHLC,—,LH/LL,DT,True,268,4,universe
ORLY,2026-09-24,86.24,1.84,False,87.15,-0.111,-0.75,True,88.4,0.21,88.2,True,2.13,1.95,13.5,0.9,D 趨勢弱,True,9:27,283.5,升,7.0,1,False,2.0,0.0883,-0.0299,,False,True,-1.06,-0.5,87.46,-1.41,-0.66,562.5,,OHLC,↓,LH/LL,自然反彈,False,268,4,universe
MTX,2026-09-24,66.35,1.81,False,70.02,-0.191,-0.88,True,88.2,0.66,87.6,True,2.73,1.39,26.2,-0.9,C 基底修復,True,8:49,264.6,跌,128.0,13,True,2.0,-0.1716,-0.1725,-0.382,True,False,-5.54,-2.03,71.65,-7.99,-2.93,13.2,,OHLC,↓,LH/LL,DT,False,268,4,universe
KDP,2026-09-24,30.88,0.73,True,31.62,0.112,0.47,False,88.0,-0.83,88.8,True,2.35,1.81,42.4,-13.7,C 基底修復,True,8:49,264.6,跌,102.0,11,False,2.0,-0.1209,-0.1003,-0.1929,False,True,-2.4,-1.02,31.44,-1.81,-0.77,318.0,,OHLC,—,LH/LL,自然回檔,True,268,4,universe
CNX,2026-09-24,33.41,0.9,False,35.23,-0.087,-0.92,True,87.8,0.59,87.2,True,2.69,1.52,10.9,2.7,D 趨勢弱,True,8:30,255.0,跌,92.0,11,True,2.0,-0.3876,-0.4732,-0.5411,True,False,-5.44,-2.02,35.34,-5.78,-2.15,66.1,,OHLC,—,HH/HL,DT,False,268,4,universe
ITIC,2026-09-24,287.24,7.85,True,295.05,0.26,0.14,False,87.8,-0.21,88.0,True,2.73,1.47,48.9,-9.5,C 基底修復,True,8:49,264.6,跌,146.0,17,False,2.0,-1.6846,-1.5061,-1.9785,False,True,-2.72,-0.99,299.59,-4.3,-1.57,20.6,,OHLC,↓,LH/LL,DT,False,268,4,universe
AXTA,2026-09-24,32.26,0.83,False,34.65,-0.173,-1.37,True,86.2,0.05,86.1,True,2.57,1.98,28.7,-2.1,D 趨勢弱,True,8:49,264.6,跌,228.0,28,True,2.0,-0.2285,-0.2643,-0.4045,True,False,-7.4,-2.89,33.04,-2.42,-0.94,68.3,,OHLC,↓,LH/LL,自然回檔,False,268,4,universe
AZO,2026-09-24,2861.75,77.86,False,2934.72,-4.314,-0.51,False,85.7,-0.17,85.9,True,2.72,1.91,9.5,0.0,D 趨勢弱,True,8:49,264.6,跌,256.0,25,True,2.0,-1.5914,-3.8182,-10.0925,True,True,-2.55,-0.94,2965.52,-3.63,-1.33,1123.5,,OHLC,↓,LH/LL,自然反彈,False,268,4,universe
GPC,2026-09-24,129.26,3.15,False,133.53,-0.11,-0.32,True,85.2,0.33,84.9,True,2.44,2.3,50.3,-1.4,C 基底修復,True,8:49,264.6,跌,159.0,28,True,2.0,-0.8816,-1.0439,-1.3518,True,False,-3.31,-1.36,136.38,-5.51,-2.26,134.2,,OHLC,↓,LH/LL,自然反彈,False,268,4,universe
RRC,2026-09-24,39.14,1.15,False,40.5,-0.039,-0.29,True,84.5,0.54,83.9,True,2.93,1.95,20.7,1.8,D 趨勢弱,True,8:49,264.6,跌,106.0,12,True,2.0,-0.3727,-0.4621,-0.5452,True,False,-3.47,-1.18,37.17,5.03,1.72,102.9,,OHLC,—,HH/HL,自然反彈,False,268,4,universe
GPOR,2026-09-24,161.91,4.99,False,171.02,-0.249,-0.11,True,83.1,0.67,82.4,True,3.08,2.07,8.9,2.9,D 趨勢弱,True,8:49,264.6,跌,125.0,12,True,2.0,-2.1032,-2.5635,-2.9606,True,False,-5.63,-1.83,159.12,1.72,0.56,45.7,,OHLC,—,LH/LL,UT,False,268,4,universe
DEC,2026-09-24,14.05,0.43,False,14.57,-0.02,-0.22,True,82.5,0.5,82.0,True,3.05,2.22,11.8,2.6,D 趨勢弱,True,8:30,255.0,跌,92.0,11,True,2.0,-0.158,-0.1893,-0.2222,True,False,-3.73,-1.23,13.47,4.13,1.35,13.4,,OHLC,—,HH/HL,自然反彈,False,268,4,universe
CTVA,2026-09-24,79.45,2.41,True,82.87,0.192,0.25,False,82.3,-0.19,82.5,True,3.04,2.26,39.8,-2.2,C 基底修復,True,8:28,254.1,跌,91.0,9,True,2.0,-0.643,-0.6546,-1.5408,True,False,-4.31,-1.42,83.86,-5.55,-1.83,414.5,,OHLC,—,HH/HL,DT,False,268,4,universe
OMC,2026-09-24,74.7,2.31,False,81.45,-0.231,-1.13,True,82.0,0.07,81.9,True,3.1,2.26,10.4,-0.7,D 趨勢弱,True,8:49,264.6,跌,188.0,19,True,2.0,-0.7229,-0.7713,-1.2123,True,False,-9.03,-2.92,81.07,-8.53,-2.75,262.0,,OHLC,↓,LH/LL,DT,False,268,4,universe
CMC,2026-09-24,64.22,2.07,False,67.34,-0.218,-0.8,True,81.6,0.54,81.0,True,3.22,2.22,14.2,-3.6,D 趨勢弱,True,8:31,255.5,跌,92.0,10,True,2.0,-0.2609,-0.2772,-0.9621,True,False,-4.86,-1.51,67.1,-4.48,-1.39,68.5,,OHLC,—,LH/LL,DT,True,268,4,universe
ETD,2026-09-24,21.05,0.66,False,22.63,-0.061,-0.52,True,81.2,0.36,80.9,True,3.15,2.36,18.6,-1.7,D 趨勢弱,True,8:49,264.6,跌,158.0,15,True,2.0,-0.1169,-0.1341,-0.2336,True,False,-7.5,-2.38,22.43,-6.56,-2.08,15.2,,OHLC,↓,LH/LL,DT,False,268,4,universe
MD,2026-09-24,25.66,0.85,False,26.42,-0.018,-0.14,True,81.0,0.2,80.8,True,3.3,2.24,51.1,-3.3,C 基底修復,True,7:03,211.6,跌,68.0,11,False,2.0,-0.1267,-0.1199,-0.1804,False,True,-2.97,-0.9,26.35,-2.69,-0.82,19.6,,OHLC,↓,LH/LL,自然回檔,False,268,4,universe
AR,2026-09-24,36.09,1.2,False,37.34,-0.078,-0.35,True,80.7,0.37,80.3,True,3.34,2.27,18.9,1.5,C 基底修復,True,8:49,264.6,跌,166.0,11,True,2.0,-0.4285,-0.5582,-0.6766,True,False,-3.46,-1.04,33.72,6.57,1.97,148.1,,OHLC,↑,HH/HL,UT,False,268,4,universe
FIS,2026-09-24,34.99,1.24,False,39.35,-0.207,-1.04,True,79.1,0.35,78.8,True,3.55,2.36,1.5,1.5,D 趨勢弱,True,8:49,264.6,跌,113.0,13,True,2.0,-0.3547,-0.4228,-0.4534,True,False,-12.47,-3.52,40.18,-14.83,-4.18,230.9,,OHLC,↓,LH/LL,DT,False,268,4,universe
URBN,2026-09-24,74.78,2.61,False,77.57,-0.065,-0.17,True,78.8,0.32,78.5,True,3.49,2.48,52.5,0.3,C 基底修復,True,8:49,264.6,跌,137.0,12,True,2.0,-0.4934,-0.5459,-0.6306,True,False,-3.73,-1.07,78.58,-5.08,-1.46,90.7,,OHLC,—,LH/LL,DT,True,268,4,universe
BGS,2026-09-24,3.02,0.11,False,3.29,-0.03,-1.0,True,78.7,0.23,78.4,True,3.7,2.29,0.8,0.4,D 趨勢弱,True,8:49,264.6,跌,178.0,14,True,2.0,-0.0125,-0.0201,-0.0343,True,False,-8.91,-2.41,3.52,-16.56,-4.47,6.8,,OHLC,↓,LH/LL,自然反彈,False,268,4,universe
BFAM,2026-09-24,66.34,2.49,False,68.98,-0.135,-0.63,True,78.6,0.23,78.4,True,3.75,2.25,4.8,0.0,D 趨勢弱,True,8:49,264.6,跌,115.0,16,True,2.0,-0.0501,-0.1743,-0.9888,True,False,-3.98,-1.06,68.68,-3.53,-0.94,66.7,,OHLC,↓,LH/LL,自然反彈,False,268,4,universe
CXT,2026-09-24,47.16,1.77,False,49.04,-0.145,-0.73,True,78.6,0.0,78.6,True,3.75,2.26,20.9,-13.8,D 趨勢弱,True,6:58,208.8,跌,66.0,8,True,2.0,-0.1333,-0.1577,-0.7424,True,False,-3.99,-1.06,44.84,4.92,1.31,27.6,,OHLC,—,HH/HL,自然回檔,False,268,4,universe
OC,2026-09-24,120.72,4.5,False,135.01,-0.888,-1.27,True,78.5,0.24,78.2,True,3.72,2.3,7.9,-1.4,D 趨勢弱,True,8:49,264.6,跌,293.0,26,True,2.0,-0.596,-0.5974,-2.3435,True,False,-11.83,-3.18,126.66,-4.92,-1.32,150.6,,OHLC,↓,LH/LL,DT,False,268,4,universe
CNMD,2026-09-24,45.18,1.54,False,48.24,-0.12,-0.6,True,75.5,0.46,75.0,True,3.41,3.18,45.0,-2.0,D 趨勢弱,True,8:49,264.6,跌,333.0,30,True,2.0,-0.3473,-0.3741,-0.8104,True,False,-6.78,-1.99,46.17,-2.19,-0.64,15.8,,OHLC,—,LH/LL,自然回檔,True,268,4,universe
WEAV,2026-09-24,7.34,0.1,True,7.24,0.032,1.51,True,74.5,0.42,74.0,False,1.42,5.37,82.3,0.1,A 待突破,True,8:31,255.5,跌,92.0,10,False,2.0,-0.0335,-0.0331,-0.2323,False,True,1.35,0.95,7.29,0.68,0.48,18.0,,OHLC,—,HH/HL,UT,True,268,4,universe
TRI,2026-09-24,100.32,4.17,False,102.18,-0.06,-0.26,True,68.4,1.11,67.3,False,4.16,3.79,44.1,20.9,D 趨勢弱,True,8:39,259.6,跌,94.0,14,True,2.0,-0.5366,-0.8643,-1.5766,True,True,-1.85,-0.45,105.82,-5.48,-1.32,160.1,,OHLC,↓,LH/LL,自然反彈,False,268,4,universe
MAN,2026-09-24,57.02,2.31,True,59.08,0.006,0.12,False,65.3,-0.84,66.1,False,4.05,4.5,61.5,-11.8,C 基底修復,True,8:49,264.6,跌,540.0,37,True,2.0,-0.5023,-0.545,-1.164,True,True,-3.61,-0.89,60.27,-5.7,-1.41,45.1,,OHLC,—,HH/HL,自然回檔,True,268,4,universe
CNXC,2026-09-24,29.39,1.88,True,28.28,0.127,0.3,False,54.3,-0.29,54.6,False,6.38,4.53,24.4,6.6,D 趨勢弱,True,7:40,230.0,跌,78.0,11,True,2.0,-0.0939,-0.0962,-0.3575,True,True,3.79,0.59,27.53,6.33,0.99,50.1,,OHLC,↑,HH/HL,自然回檔,False,268,4,universe
DAVE,2026-09-24,331.46,22.03,True,353.3,0.85,0.09,True,53.0,0.98,52.0,False,6.65,4.57,54.2,3.8,C 基底修復,True,6:02,180.9,跌,51.0,6,False,2.0,-3.6882,-3.2553,-15.169,False,True,-6.59,-0.99,389.34,-17.46,-2.63,124.7,,OHLC,—,LH/LL,自然回檔,False,268,4,universe
HUBS,2026-09-24,221.56,13.89,True,233.25,0.466,0.4,False,51.3,-0.59,51.9,False,6.27,5.34,13.2,0.6,D 趨勢弱,True,8:49,264.6,跌,98.0,13,True,2.0,-2.8251,-3.175,-3.973,True,True,-5.28,-0.84,250.61,-13.11,-2.09,399.0,,OHLC,↓,LH/LL,自然反彈,False,268,4,universe
DBRG,2026-09-24,15.98,0.04,True,15.94,0.001,0.37,True,99.8,0.01,99.8,True,0.23,0.18,68.7,-0.0,A 待突破,False,10:43,321.4,升,29.0,2,False,3.0,0.0059,0.0041,,False,True,0.27,1.17,15.84,0.88,3.78,91.7,,OHLC,↑,HH/HL,UT,False,268,4,universe
USA,2026-09-24,5.83,0.06,False,5.94,-0.007,-0.43,True,97.1,0.05,97.1,True,1.01,0.85,22.3,-0.6,D 趨勢弱,True,8:49,264.6,跌,230.0,25,False,3.0,-0.0079,-0.0062,-0.0194,False,True,-1.95,-1.92,5.87,-0.69,-0.68,6.9,,OHLC,—,LH/LL,DT,True,268,4,universe
ECL,2026-09-24,275.37,5.09,False,279.08,-0.097,-0.31,True,92.7,0.04,92.7,True,1.85,1.27,44.6,-2.0,C 基底修復,True,8:49,264.6,跌,134.0,17,False,3.0,-0.072,-0.2599,-1.736,True,True,-1.35,-0.73,275.71,-0.12,-0.07,335.2,,OHLC,—,LH/LL,自然反彈,True,268,4,universe
HTO,2026-09-24,62.18,1.26,False,63.22,-0.007,-0.01,True,92.5,0.26,92.3,True,2.02,1.14,54.0,0.7,C 基底修復,True,8:49,264.6,跌,163.0,11,False,3.0,-0.1713,-0.1661,-0.4954,False,True,-1.67,-0.83,63.1,-1.48,-0.73,29.3,,OHLC,—,HH/HL,DT,True,268,4,universe
NWE,2026-09-24,68.07,1.43,False,69.97,-0.095,-0.26,True,91.9,0.09,91.8,True,2.1,1.22,29.5,-3.6,D 趨勢弱,True,8:49,264.6,跌,107.0,10,False,3.0,-0.0853,-0.0344,-0.4563,False,True,-2.79,-1.33,69.87,-2.64,-1.26,29.6,,OHLC,↓,LH/LL,自然回檔,False,268,4,universe
CUBI,2026-09-24,76.83,1.75,False,78.95,-0.153,-0.52,True,90.1,0.22,89.9,True,2.28,1.43,42.0,0.8,C 基底修復,True,8:49,264.6,跌,193.0,27,False,3.0,-0.1845,-0.1646,-0.5837,False,True,-2.76,-1.21,79.18,-3.06,-1.34,21.8,,OHLC,—,LH/LL,次級回檔,True,268,4,universe
LAND,2026-09-24,9.49,0.24,True,9.19,0.05,0.77,True,89.1,0.03,89.1,True,2.48,1.45,27.6,-0.5,D 趨勢弱,True,7:40,230.0,跌,78.0,7,False,3.0,-0.0289,-0.0201,-0.0439,False,False,3.17,1.28,9.38,1.21,0.49,7.2,,OHLC,—,HH/HL,自然回檔,True,268,4,universe
EQT,2026-09-24,51.87,1.41,False,53.1,-0.087,-0.52,True,86.4,0.29,86.1,True,2.71,1.79,12.1,1.8,D 趨勢弱,True,8:49,264.6,跌,112.0,12,False,3.0,-0.3287,-0.4697,-0.6508,True,True,-2.36,-0.87,53.01,-2.2,-0.81,391.4,,OHLC,—,HH/HL,自然反彈,False,268,4,universe
CNNE,2026-09-24,15.53,0.45,True,15.4,0.028,0.24,False,85.6,-0.71,86.3,True,2.88,1.78,56.4,-1.0,B 上升結構,True,7:59,239.4,跌,83.0,11,False,3.0,-0.0112,-0.0148,-0.0875,True,True,0.83,0.29,15.66,-0.84,-0.29,8.6,,OHLC,—,LH/LL,自然反彈,True,268,4,universe
MLR,2026-09-24,53.84,1.72,False,55.55,-0.058,-0.04,True,84.8,0.38,84.4,True,3.2,1.61,47.6,-11.8,C 基底修復,True,8:49,264.6,跌,230.0,19,False,3.0,-0.2457,-0.2488,-0.4401,True,True,-3.18,-0.99,55.94,-3.9,-1.22,5.4,,OHLC,—,LH/LL,自然回檔,True,268,4,universe
SMP,2026-09-24,37.33,1.15,False,38.14,-0.042,-0.4,True,83.2,0.33,82.9,True,3.09,2.04,19.5,-0.3,D 趨勢弱,True,7:19,219.4,跌,72.0,8,False,3.0,-0.0939,-0.1126,-0.2693,True,True,-2.17,-0.7,36.32,2.71,0.88,8.3,,OHLC,—,HH/HL,自然反彈,True,268,4,universe
LILA,2026-09-24,8.6,0.26,False,8.55,-0.005,-0.02,True,82.8,0.41,82.3,True,2.99,2.22,88.0,1.5,A 待突破,True,8:49,264.6,跌,441.0,32,False,3.0,-0.0427,-0.0419,-0.0912,False,True,0.6,0.2,8.52,0.93,0.31,3.2,,OHLC,↑,HH/HL,自然回檔,False,268,4,universe
LEN,2026-09-24,81.47,2.58,False,81.89,-0.095,-0.5,True,81.6,0.35,81.3,True,3.17,2.26,7.9,0.4,D 趨勢弱,True,9:55,297.7,升,15.0,2,False,3.0,0.2713,0.1591,,False,True,-0.51,-0.16,,,,364.7,,OHLC,—,LH/LL,UT,False,268,4,universe
LILAK,2026-09-24,8.55,0.29,False,8.48,-0.0,0.05,True,81.5,0.25,81.3,True,3.34,2.11,77.7,2.0,A 待突破,True,8:49,264.6,跌,428.0,31,False,3.0,-0.0457,-0.0442,-0.0754,False,True,0.81,0.24,8.8,-2.92,-0.88,11.2,,OHLC,—,LH/LL,次級回檔,True,268,4,universe
SIBN,2026-09-24,18.52,0.66,False,18.92,-0.014,-0.11,True,80.8,0.57,80.2,True,3.56,2.03,58.4,-0.1,B 上升結構,True,8:49,264.6,跌,207.0,21,False,3.0,-0.0324,-0.041,-0.1929,True,True,-2.18,-0.61,18.7,-0.97,-0.27,10.4,,OHLC,—,LH/LL,自然反彈,True,268,4,universe
PCTY,2026-09-24,143.64,4.61,True,148.96,0.079,-0.15,True,79.6,0.34,79.3,True,3.21,2.61,42.7,0.1,C 基底修復,True,8:49,264.6,跌,197.0,28,False,3.0,-1.016,-1.0948,-2.6087,True,False,-3.7,-1.15,147.97,-3.01,-0.94,97.1,,OHLC,—,LH/LL,DT,True,268,4,universe
IDCC,2026-09-24,328.03,10.42,False,335.97,-0.489,-0.3,True,78.9,0.72,78.2,True,3.18,2.77,45.7,-0.9,B 上升結構,True,8:49,264.6,跌,165.0,24,False,3.0,-2.2419,-2.4997,-4.3999,True,True,-2.42,-0.76,321.43,2.01,0.63,74.2,,OHLC,—,HH/HL,自然回檔,False,268,4,universe
FLXS,2026-09-24,88.37,3.47,True,80.71,0.254,0.2,True,78.1,0.11,78.0,True,3.93,2.18,69.9,-6.9,E 延伸,True,9:37,288.5,升,10.0,1,False,3.0,0.2965,-0.0265,,False,False,8.67,2.21,,,,7.7,,OHLC,—,LH/LL,UT,False,268,4,universe
VEEV,2026-09-24,274.84,8.82,True,265.04,1.104,0.73,True,78.1,0.74,77.3,True,3.21,2.9,52.5,-1.6,B 上升結構,True,8:49,264.6,跌,193.0,13,False,3.0,-1.7955,-2.5918,-3.4728,True,False,3.57,1.11,260.21,5.32,1.66,533.9,,OHLC,↑,HH/HL,UT,False,268,4,universe
EL,2026-09-24,95.37,3.17,True,98.1,0.253,0.33,False,78.0,-1.05,79.1,True,3.33,2.79,45.8,-12.7,C 基底修復,True,8:49,264.6,跌,125.0,13,False,3.0,-0.691,-0.6163,-1.46,False,True,-2.86,-0.86,100.29,-5.16,-1.55,310.9,,OHLC,—,LH/LL,自然回檔,True,268,4,universe
SXC,2026-09-24,9.75,0.35,True,9.77,0.03,0.15,False,77.3,-0.42,77.7,True,3.61,2.64,76.7,1.1,A 待突破,True,8:49,264.6,跌,110.0,11,False,3.0,-0.0562,-0.0636,-0.1219,True,True,-0.21,-0.06,9.46,2.97,0.82,9.3,,OHLC,↑,HH/HL,自然回檔,False,268,4,universe
CACI,2026-09-24,616.82,18.41,False,632.45,-2.413,-0.12,True,76.8,0.14,76.7,True,2.98,3.36,57.5,2.5,A 待突破,True,8:49,264.6,跌,198.0,23,False,3.0,-4.3216,-4.2726,-8.7839,False,True,-2.53,-0.85,633.82,-2.76,-0.92,162.6,,OHLC,—,LH/LL,次級回檔,True,268,4,universe
FRSH,2026-09-24,12.81,0.48,True,12.73,0.039,0.38,True,74.8,0.44,74.3,False,3.74,2.98,74.8,1.8,B 上升結構,True,8:49,264.6,跌,162.0,16,False,3.0,-0.0343,-0.0561,-0.2657,True,True,0.59,0.16,12.25,4.37,1.17,56.1,,OHLC,↑,HH/HL,UT,False,268,4,universe
SPSC,2026-09-24,82.69,3.13,True,81.1,0.334,0.43,True,74.8,0.89,73.9,False,3.79,2.93,52.4,-1.4,C 基底修復,True,8:49,264.6,跌,145.0,16,False,3.0,-0.4028,-0.5347,-1.1829,True,True,1.93,0.51,79.74,3.57,0.94,44.2,,OHLC,↑,HH/HL,UT,False,268,4,universe
RCMT,2026-09-24,40.59,1.41,True,39.89,0.115,0.47,True,73.9,0.79,73.1,False,3.48,3.41,74.8,-0.7,A 待突破,True,8:49,264.6,跌,176.0,15,False,3.0,-0.3728,-0.4184,-0.6783,True,True,1.72,0.5,40.62,-0.07,-0.02,3.5,,OHLC,—,LH/LL,自然反彈,True,268,4,universe
AMCX,2026-09-24,12.03,0.48,True,12.12,0.007,-0.11,True,72.5,0.82,71.7,False,4.02,3.14,65.0,-2.9,A 待突破,True,8:49,264.6,跌,177.0,19,False,3.0,-0.0698,-0.084,-0.1489,True,True,-0.77,-0.19,12.27,-2.0,-0.5,7.4,,OHLC,—,LH/LL,自然反彈,True,268,4,universe
AI,2026-09-24,10.76,0.49,True,10.46,0.011,0.14,True,71.2,0.28,70.9,False,4.53,2.87,46.1,-2.7,D 趨勢弱,True,7:06,212.9,跌,68.0,7,False,3.0,-0.0175,-0.011,-0.0474,False,True,2.8,0.62,10.56,1.86,0.41,58.8,,OHLC,—,HH/HL,自然反彈,True,268,4,universe
YEXT,2026-09-24,6.47,0.3,True,6.45,0.013,0.19,True,71.1,0.73,70.4,False,4.61,2.82,52.9,0.6,C 基底修復,True,8:49,264.6,跌,305.0,16,False,3.0,-0.0334,-0.043,-0.0845,True,True,0.32,0.07,6.63,-2.47,-0.54,8.2,,OHLC,—,LH/LL,UT,True,268,4,universe
ZETA,2026-09-24,29.57,1.42,True,30.13,0.035,0.53,True,66.3,0.15,66.2,False,4.8,3.55,71.9,-1.6,B 上升結構,True,8:49,264.6,跌,114.0,13,False,3.0,-0.382,-0.3521,-0.382,False,True,-1.89,-0.39,31.89,-7.85,-1.63,210.4,,OHLC,—,LH/LL,DT,True,268,4,universe
ALNY,2026-09-24,249.59,10.05,True,243.43,0.797,0.44,True,62.2,0.85,61.4,False,4.03,5.15,31.0,0.5,D 趨勢弱,True,9:28,283.8,升,8.0,1,False,3.0,0.0719,-0.1547,,False,True,2.47,0.61,238.27,4.54,1.13,397.8,,OHLC,—,HH/HL,次級回檔,True,268,4,universe
NMAX,2026-09-24,10.98,0.61,True,10.75,0.023,0.17,True,60.9,1.25,59.7,False,5.54,3.89,59.9,3.1,B 上升結構,True,8:49,264.6,跌,123.0,17,False,3.0,-0.0611,-0.0715,-0.1503,True,True,2.07,0.37,11.0,-0.18,-0.03,13.6,,OHLC,—,LH/LL,自然回檔,False,268,4,universe
SST,2026-09-24,3.08,0.52,True,3.19,0.006,0.07,True,17.6,0.3,17.3,False,16.74,10.28,35.0,0.0,E 延伸,True,6:23,191.6,跌,56.0,7,False,3.0,-0.0825,-0.0594,-0.0825,False,True,-3.57,-0.21,3.1,-0.65,-0.04,4.8,,OHLC,↑,HH/HL,自然回檔,False,187,4,universe
BDJ,2026-09-24,9.58,0.1,False,9.76,-0.011,-0.39,True,97.7,0.06,97.6,True,1.05,0.61,48.1,-0.3,C 基底修復,True,8:49,264.6,跌,138.0,14,False,4.0,-0.0218,-0.0254,-0.0326,True,True,-1.85,-1.76,9.93,-3.65,-3.47,4.1,,OHLC,—,LH/LL,自然回檔,False,268,4,universe
MPB,2026-09-24,36.2,0.73,False,37.08,-0.06,-0.33,True,92.1,0.36,91.7,True,2.01,1.25,59.0,2.1,C 基底修復,True,8:49,264.6,跌,317.0,34,False,4.0,-0.1039,-0.1002,-0.2758,False,True,-2.43,-1.21,,,,3.5,,OHLC,—,HH/HL,DT,False,268,4,universe
FCBC,2026-09-24,47.43,1.06,False,48.0,-0.051,-0.37,True,90.9,0.23,90.7,True,2.24,1.3,54.7,8.1,C 基底修復,True,8:49,264.6,跌,260.0,27,False,4.0,-0.1066,-0.1648,-0.2974,True,True,-1.21,-0.54,49.09,-3.5,-1.56,4.9,,OHLC,↓,LH/LL,DT,False,268,4,universe
EXPD,2026-09-24,183.66,3.79,True,188.83,0.051,0.45,False,90.4,-0.7,91.1,True,2.06,1.58,54.8,-20.5,C 基底修復,True,7:48,234.0,跌,80.0,7,False,4.0,-1.0374,-0.6967,-1.6209,False,True,-2.81,-1.36,194.59,-5.95,-2.88,188.7,,OHLC,↓,LH/LL,DT,False,268,4,universe
BST,2026-09-24,48.73,1.01,False,49.67,-0.02,0.02,True,90.1,0.17,89.9,True,2.08,1.65,68.6,-2.3,A 待突破,True,8:49,264.6,跌,152.0,15,False,4.0,-0.1214,-0.1062,-0.4143,False,True,-1.94,-0.93,51.21,-5.09,-2.45,4.5,,OHLC,—,LH/LL,自然回檔,False,268,4,universe
STRD,2026-09-24,72.1,1.56,True,72.6,0.043,0.58,False,88.6,-0.27,88.9,True,2.17,1.87,44.9,-11.6,C 基底修復,True,6:53,206.5,跌,65.0,11,False,4.0,-0.5504,-0.4965,-0.7379,False,True,-0.7,-0.32,74.95,-3.95,-1.82,6.7,,OHLC,—,LH/LL,自然回檔,False,268,4,universe
FOR,2026-09-24,26.7,0.77,False,27.45,-0.086,-0.66,True,85.6,0.43,85.1,True,2.87,1.79,18.8,-0.6,D 趨勢弱,True,9:47,293.6,升,13.0,2,False,4.0,0.0423,0.0221,,False,True,-2.79,-0.97,27.21,-1.91,-0.66,4.4,,OHLC,↓,LH/LL,自然反彈,False,268,4,universe
BSTZ,2026-09-24,29.55,0.77,False,30.28,-0.028,-0.08,True,84.9,0.04,84.9,True,2.62,2.17,52.8,-2.0,C 基底修復,True,8:49,264.6,跌,144.0,16,False,4.0,-0.103,-0.137,-0.3872,True,True,-2.47,-0.94,30.1,-1.86,-0.71,4.9,,OHLC,—,LH/LL,UT,False,268,4,universe
TRMB,2026-09-24,57.69,1.63,True,58.98,0.028,-0.02,False,84.1,-0.66,84.8,True,2.83,2.12,32.1,-0.7,D 趨勢弱,True,8:49,264.6,跌,164.0,17,False,4.0,-0.1075,-0.0643,-0.4897,False,True,-2.23,-0.79,59.45,-3.05,-1.08,216.2,,OHLC,—,LH/LL,自然回檔,True,268,4,universe
CAKE,2026-09-24,105.05,3.62,False,106.88,-0.46,-0.45,True,76.4,0.59,75.8,True,3.45,2.98,75.6,1.7,B 上升結構,True,8:49,264.6,跌,228.0,27,False,4.0,-0.1941,-0.5745,-2.0903,True,True,-1.75,-0.51,105.17,-0.11,-0.03,147.8,,OHLC,↓,LH/LL,自然反彈,False,268,4,universe
WT,2026-09-24,23.99,0.96,True,23.54,0.027,0.15,True,75.0,0.79,74.2,False,3.98,2.71,73.3,0.8,B 上升結構,True,8:49,264.6,跌,116.0,16,False,4.0,-0.0843,-0.1365,-0.4138,True,True,1.86,0.47,23.74,1.04,0.26,72.9,,OHLC,↑,HH/HL,UT,False,268,4,universe
OOMA,2026-09-24,21.92,0.99,True,22.29,0.064,0.16,True,71.6,0.06,71.5,False,4.5,2.83,67.0,-2.6,B 上升結構,True,7:31,225.5,跌,75.0,8,False,4.0,-0.1573,-0.1304,-0.2308,False,True,-1.69,-0.38,23.04,-5.11,-1.14,13.1,,OHLC,↓,LH/LL,DT,False,268,4,universe
CDZI,2026-09-24,3.71,0.25,True,3.79,0.006,0.12,True,53.7,0.15,53.6,False,6.65,4.38,14.6,-19.1,D 趨勢弱,True,8:49,264.6,跌,118.0,10,False,4.0,-0.0215,-0.0263,-0.0827,True,True,-2.14,-0.32,3.95,-6.47,-0.97,3.3,,OHLC,↑,HH/HL,自然回檔,False,268,4,universe
PLSE,2026-09-24,51.83,3.95,True,51.23,0.189,0.4,True,50.9,1.38,49.5,False,7.62,4.09,70.6,-0.1,B 上升結構,True,8:49,264.6,跌,160.0,13,False,4.0,-0.6784,-0.6415,-0.7161,False,True,1.16,0.15,53.11,-2.47,-0.32,36.2,,OHLC,—,HH/HL,自然回檔,True,268,4,universe
CRCL,2026-09-24,93.0,6.63,True,88.98,0.438,0.51,True,47.9,2.96,45.0,False,7.13,5.34,38.9,3.5,D 趨勢弱,True,6:37,198.5,跌,60.0,11,False,4.0,-0.6838,-0.7841,-1.9703,True,True,4.32,0.61,94.59,-1.71,-0.24,1447.2,,OHLC,↓,LH/LL,次級回檔,False,268,4,universe
NFJ,2026-09-24,15.06,0.19,False,15.41,-0.021,-0.35,True,96.7,0.09,96.6,True,1.27,0.75,49.0,-1.1,C 基底修復,True,8:49,264.6,跌,168.0,23,False,5.0,-0.0493,-0.0485,-0.0709,False,True,-2.29,-1.81,15.38,-2.12,-1.68,3.5,,OHLC,—,LH/LL,自然回檔,False,268,4,universe
ETY,2026-09-24,14.07,0.18,False,14.32,-0.021,-0.47,True,96.6,0.21,96.3,True,1.31,0.74,21.3,-0.4,D 趨勢弱,True,8:49,264.6,跌,192.0,25,False,5.0,-0.0052,-0.0087,-0.0602,True,True,-1.78,-1.36,14.27,-1.42,-1.09,4.4,,OHLC,↓,LH/LL,自然反彈,False,268,4,universe
SPXX,2026-09-24,18.66,0.27,False,18.97,-0.014,-0.18,True,96.0,0.23,95.7,True,1.43,0.81,58.4,-1.8,C 基底修復,True,8:49,264.6,跌,213.0,25,False,5.0,-0.0256,-0.0273,-0.0956,True,True,-1.67,-1.17,18.94,-1.5,-1.05,3.8,,OHLC,—,LH/LL,UT,False,268,4,universe
PFE,2026-09-24,28.41,0.5,True,27.9,0.071,0.56,False,93.1,-0.08,93.2,True,1.78,1.25,70.8,0.6,C 基底修復,True,8:49,264.6,跌,106.0,13,False,5.0,-0.047,-0.0877,-0.2063,True,True,1.8,1.01,27.96,1.58,0.89,946.7,,OHLC,↑,HH/HL,UT,False,268,4,universe
BNS,2026-09-24,92.23,1.61,True,92.05,0.101,0.42,True,92.1,0.17,91.9,True,1.75,1.52,82.8,5.1,A 待突破,False,4:48,144.0,跌,30.0,3,False,5.0,-0.2615,-0.1609,-0.4198,False,True,0.2,0.11,92.11,0.13,0.07,162.6,,OHLC,↑,HH/HL,自然回檔,False,268,4,universe
GWW,2026-09-24,1279.47,25.0,False,1292.72,-0.673,-0.17,True,92.0,0.0,92.0,True,1.95,1.33,49.9,2.6,C 基底修復,True,9:44,291.8,升,12.0,1,False,5.0,0.8191,-0.2476,,False,True,-1.04,-0.53,1250.6,2.26,1.15,327.4,,OHLC,—,HH/HL,DT,False,268,4,universe
XRN,2026-09-24,35.78,0.85,False,36.6,-0.014,0.07,True,89.9,0.31,89.6,True,2.37,1.4,37.9,10.2,C 基底修復,True,8:49,264.6,跌,111.0,11,False,5.0,-0.0798,-0.0788,-0.3093,False,True,-2.29,-0.97,36.54,-2.12,-0.9,3.5,,OHLC,—,LH/LL,DT,True,268,4,universe
PK,2026-09-24,15.21,0.39,True,15.36,0.013,0.26,False,87.8,-0.07,87.8,True,2.59,1.62,72.3,9.4,A 待突破,True,8:49,264.6,跌,166.0,18,False,5.0,-0.0313,-0.0448,-0.1174,True,True,-1.02,-0.39,15.56,-2.3,-0.89,51.1,,OHLC,↓,LH/LL,自然反彈,False,268,4,universe
AMG,2026-09-24,370.71,10.94,True,361.28,0.269,-0.07,True,84.4,0.25,84.2,True,2.95,1.94,73.3,1.4,A 待突破,False,11:11,335.5,升,36.0,3,False,5.0,1.5741,0.9148,,False,True,2.54,0.86,356.47,3.84,1.3,104.0,,OHLC,↑,HH/HL,UT,False,268,4,universe
RIGL,2026-09-24,47.89,1.68,True,45.85,0.176,0.7,True,78.1,0.35,77.8,True,3.5,2.6,68.0,-5.9,A 待突破,True,7:11,215.6,跌,70.0,12,False,5.0,-0.092,-0.1169,-0.6347,True,False,4.26,1.22,48.82,-1.94,-0.55,11.2,,OHLC,—,LH/LL,UT,False,268,4,universe
MDGL,2026-09-24,513.21,18.05,False,527.89,-0.735,0.03,True,77.6,0.61,77.0,True,3.52,2.67,49.7,-0.9,C 基底修復,True,6:03,181.6,跌,51.0,8,False,5.0,-3.1105,-2.8961,-9.1609,False,True,-2.86,-0.81,534.4,-4.13,-1.17,116.8,,OHLC,—,LH/LL,DT,True,268,4,universe
ZBRA,2026-09-24,365.1,10.99,False,357.85,-0.652,-0.34,True,75.6,0.05,75.5,True,3.01,3.56,82.5,-0.2,A 待突破,True,9:55,297.7,升,15.0,2,False,5.0,0.4586,0.016,,False,True,1.99,0.66,354.65,2.86,0.95,200.2,,OHLC,↑,HH/HL,UT,False,268,4,universe
PKOH,2026-09-24,47.52,1.65,False,46.53,-0.214,-0.39,True,75.3,0.51,74.8,True,3.47,3.15,78.9,-0.2,A 待突破,True,9:32,285.8,升,9.0,1,False,5.0,0.0228,-0.0462,,False,True,2.08,0.6,44.0,7.41,2.13,3.1,,OHLC,↑,HH/HL,UT,False,268,4,universe
FCX,2026-09-24,72.08,2.81,True,73.3,0.05,0.14,True,74.2,0.5,73.7,False,3.9,2.93,65.5,-4.1,B 上升結構,True,8:49,264.6,跌,164.0,16,False,5.0,-0.2576,-0.2773,-1.0898,True,True,-1.7,-0.44,74.35,-3.15,-0.81,888.9,,OHLC,—,LH/LL,自然回檔,False,268,4,universe
ELF,2026-09-24,100.57,4.34,True,100.37,0.283,0.36,True,70.3,0.25,70.0,False,4.31,3.26,59.0,-1.0,D 趨勢弱,True,8:49,264.6,跌,179.0,15,False,5.0,-0.5497,-0.7533,-2.2803,True,True,0.2,0.05,,,,153.5,,OHLC,—,LH/LL,UT,False,268,4,universe
GTLB,2026-09-24,48.62,2.06,True,46.97,0.22,0.75,True,70.2,0.49,69.7,False,4.23,3.37,62.2,-0.5,E 延伸,True,8:49,264.6,跌,163.0,11,False,5.0,-0.3622,-0.2944,-0.3622,False,True,3.4,0.8,46.33,4.71,1.11,290.0,,OHLC,—,HH/HL,自然回檔,True,268,4,universe
PSNL,2026-09-24,16.57,0.6,True,16.55,0.037,0.54,True,69.9,0.51,69.4,False,3.63,4.01,80.1,0.9,A 待突破,True,8:49,264.6,跌,114.0,15,False,5.0,-0.1211,-0.1485,-0.5054,True,True,0.13,0.04,15.92,3.95,1.09,43.0,,OHLC,—,HH/HL,自然反彈,False,268,4,universe
PAYS,2026-09-24,12.96,0.66,True,12.96,0.001,0.22,True,61.5,1.12,60.4,False,5.06,4.26,66.6,0.1,B 上升結構,True,8:49,264.6,跌,175.0,21,False,5.0,-0.0901,-0.1248,-0.288,True,True,0.01,0.0,12.88,0.62,0.12,9.8,,OHLC,—,HH/HL,自然反彈,False,268,4,universe
HTFL,2026-09-24,48.66,2.54,True,46.66,0.283,0.65,True,56.1,3.17,53.0,False,5.23,5.26,73.6,8.1,A 待突破,True,8:49,264.6,跌,99.0,14,False,5.0,-0.7253,-0.708,-0.9079,False,True,4.1,0.78,49.88,-2.51,-0.48,101.2,,OHLC,—,LH/LL,次級反彈,False,268,4,universe
UGI,2026-09-24,36.37,0.73,True,37.81,0.04,0.47,True,90.6,0.1,90.5,True,2.01,1.59,24.6,-1.6,D 趨勢弱,True,8:49,264.6,跌,100.0,14,False,6.0,-0.2667,-0.2381,-0.3729,False,False,-3.96,-1.97,38.6,-6.13,-3.05,75.3,,OHLC,↓,LH/LL,DT,False,268,4,universe
MSA,2026-09-24,182.11,3.87,False,185.25,-0.298,-0.85,True,90.2,0.15,90.1,True,2.12,1.56,37.1,-0.2,C 基底修復,True,8:49,264.6,跌,400.0,29,False,6.0,-0.353,-0.6216,-1.5528,True,True,-1.73,-0.81,190.83,-4.79,-2.26,45.9,,OHLC,—,LH/LL,自然反彈,True,268,4,universe
BTX,2026-09-24,8.98,0.2,True,8.92,0.006,0.24,True,88.1,0.28,87.9,True,2.25,1.89,80.3,0.4,A 待突破,False,10:09,304.3,升,19.0,3,False,6.0,0.0118,0.0081,,False,True,0.67,0.3,9.06,-0.89,-0.4,3.4,,OHLC,↓,LH/LL,自然反彈,False,268,4,universe
VRTX,2026-09-24,522.38,12.43,False,529.6,-0.09,-0.05,True,87.8,0.03,87.7,True,2.38,1.84,67.4,1.1,A 待突破,True,8:49,264.6,跌,153.0,14,False,6.0,-2.2616,-3.2873,-5.9548,True,True,-1.38,-0.58,501.01,4.09,1.72,549.7,,OHLC,—,HH/HL,自然反彈,True,268,4,universe
EPAC,2026-09-24,36.04,0.86,False,36.28,-0.03,-0.34,True,86.5,0.31,86.2,True,2.38,2.1,16.9,-0.3,D 趨勢弱,True,9:25,282.5,升,7.0,1,False,6.0,0.0005,-0.0428,,False,True,-0.65,-0.27,36.43,-1.08,-0.45,15.1,,OHLC,↓,LH/LL,自然反彈,False,268,4,universe
DXPE,2026-09-24,193.65,6.15,False,188.84,-0.168,-0.25,True,76.3,0.46,75.9,True,3.17,3.26,74.3,-9.1,A 待突破,True,9:46,293.0,升,13.0,2,False,6.0,0.5994,0.2759,,False,True,2.48,0.78,,,,20.7,,OHLC,—,LH/LL,UT,False,268,4,universe
SCCO,2026-09-24,201.58,7.97,True,201.86,0.138,0.09,True,73.3,0.64,72.7,False,3.95,3.05,70.7,-3.4,B 上升結構,True,8:49,264.6,跌,179.0,17,False,6.0,-0.0415,-0.2205,-2.9928,True,True,-0.14,-0.04,192.04,4.73,1.2,225.0,,OHLC,—,LH/LL,自然回檔,False,268,4,universe
ZYME,2026-09-24,26.81,1.25,True,27.63,0.049,0.33,True,70.2,0.04,70.1,False,4.65,2.95,57.9,-0.7,B 上升結構,True,8:26,253.0,跌,91.0,12,False,6.0,-0.1825,-0.1824,-0.4911,False,True,-3.06,-0.66,28.27,-5.45,-1.17,19.0,,OHLC,—,HH/HL,次級回檔,True,268,4,universe
ETON,2026-09-24,59.49,3.0,True,58.79,0.4,0.51,True,54.6,0.56,54.0,False,5.04,5.79,79.8,11.7,B 上升結構,True,8:49,264.6,跌,257.0,18,False,6.0,-0.5797,-0.8911,-1.3132,True,True,1.18,0.23,57.07,4.07,0.81,28.5,,OHLC,—,LH/LL,自然反彈,True,268,4,universe
ACA,2026-09-24,146.52,0.44,True,145.54,0.054,0.61,True,99.8,0.01,99.8,True,0.3,0.19,76.8,-0.2,A 待突破,False,10:20,310.0,升,22.0,4,False,7.0,0.0858,0.0774,,False,True,0.67,2.23,145.0,1.04,3.46,98.1,,OHLC,↑,HH/HL,UT,False,268,4,universe
BIO,2026-09-24,387.54,10.06,True,377.08,0.905,0.5,False,87.6,-0.08,87.7,True,2.59,1.65,75.9,2.2,A 待突破,True,8:49,264.6,跌,125.0,17,False,7.0,-1.3334,-2.0437,-4.4374,True,True,2.7,1.04,373.47,3.63,1.4,102.4,,OHLC,↑,HH/HL,UT,False,268,4,universe
PPG,2026-09-24,106.32,2.51,False,109.3,-0.263,-0.86,True,87.6,0.08,87.6,True,2.36,1.88,17.0,-2.2,D 趨勢弱,True,9:41,290.3,升,11.0,2,False,7.0,0.196,0.1342,,False,True,-2.8,-1.18,107.2,-0.83,-0.35,179.2,,OHLC,—,LH/LL,自然反彈,True,268,4,universe
SCL,2026-09-24,63.82,1.62,True,62.58,0.004,-0.16,False,85.7,-0.27,85.9,True,2.54,2.1,63.0,-5.9,A 待突破,True,9:53,296.6,升,15.0,3,False,7.0,0.2166,0.2095,,False,True,1.94,0.76,,,,9.6,,OHLC,—,LH/LL,UT,False,268,4,universe
KWR,2026-09-24,159.47,4.51,False,161.52,-0.495,-0.58,True,85.5,0.46,85.1,True,2.83,1.84,46.8,-1.6,C 基底修復,True,9:51,295.5,升,14.0,2,False,7.0,0.2456,0.0291,,False,True,-1.29,-0.46,165.91,-4.04,-1.43,23.7,,OHLC,—,LH/LL,自然反彈,True,268,4,universe
MLI,2026-09-24,60.02,1.6,False,61.71,-0.183,-1.01,True,85.0,0.41,84.6,True,2.67,2.1,27.0,1.8,C 基底修復,True,8:49,264.6,跌,205.0,29,False,7.0,-0.0598,-0.0943,-0.7775,True,True,-2.81,-1.05,61.65,-2.72,-1.02,113.4,,OHLC,—,LH/LL,DT,True,268,4,universe
LECO,2026-09-24,266.4,7.61,False,271.65,-0.812,-0.49,True,84.0,0.12,83.8,True,2.86,2.12,35.6,1.3,C 基底修復,True,9:34,286.9,升,9.0,1,False,7.0,0.3245,-0.2407,,False,True,-1.97,-0.69,,,,114.7,,OHLC,—,LH/LL,UT,False,268,4,universe
PSX,2026-09-24,255.87,8.63,True,253.71,0.93,1.17,True,82.3,0.35,81.9,True,3.37,1.94,65.6,-2.2,B 上升結構,False,5:45,172.3,跌,46.0,4,False,7.0,-2.2513,-1.8333,-2.2513,False,True,0.85,0.25,253.41,0.96,0.29,872.7,,OHLC,↑,HH/HL,自然回檔,False,268,4,universe
CRL,2026-09-24,294.44,10.22,True,284.87,0.317,0.18,False,78.7,-1.08,79.8,True,3.47,2.51,82.7,16.1,A 待突破,True,8:49,264.6,跌,225.0,20,False,7.0,-0.5651,-1.7262,-4.4173,True,True,3.25,0.94,277.33,5.81,1.67,273.2,,OHLC,↑,HH/HL,UT,False,268,4,universe
ESTC,2026-09-24,91.28,4.15,True,89.33,0.23,0.39,True,66.2,0.86,65.4,False,4.54,3.83,61.8,-3.6,B 上升結構,True,8:49,264.6,跌,170.0,13,False,7.0,-0.3086,-0.4531,-1.6023,True,True,2.14,0.47,86.96,4.73,1.04,268.4,,OHLC,—,HH/HL,UT,True,268,4,universe
CADL,2026-09-24,11.55,0.76,True,11.99,0.03,0.07,True,55.6,0.68,54.9,False,6.57,4.03,55.4,8.3,B 上升結構,True,8:49,264.6,跌,158.0,16,False,7.0,-0.0943,-0.1325,-0.3942,True,True,-3.83,-0.58,10.85,6.06,0.92,14.3,,OHLC,—,HH/HL,次級反彈,False,268,4,universe
PEN,2026-09-24,319.72,2.02,False,321.05,-0.2,-0.69,True,99.0,0.0,99.0,True,0.63,0.4,29.5,-0.1,C 基底修復,True,9:25,282.5,升,7.0,1,False,8.0,0.0445,-0.0495,,False,True,-0.42,-0.66,325.0,-1.65,-2.61,126.5,,OHLC,—,LH/LL,DT,True,268,4,universe
CNO,2026-09-24,53.52,1.11,False,54.9,-0.009,-0.13,True,92.7,0.06,92.6,True,2.07,1.06,55.2,-6.7,C 基底修復,True,7:17,218.3,跌,71.0,11,False,8.0,-0.2671,-0.2248,-0.3262,False,True,-2.58,-1.24,56.35,-5.29,-2.55,66.7,,OHLC,—,LH/LL,自然回檔,False,268,4,universe
BCPC,2026-09-24,167.84,3.44,False,171.85,-0.295,-0.66,True,92.0,0.21,91.8,True,2.05,1.23,34.5,-1.6,C 基底修復,True,8:49,264.6,跌,249.0,23,False,8.0,-0.097,-0.2148,-1.7965,True,True,-2.39,-1.17,170.37,-1.51,-0.74,35.4,,OHLC,—,LH/LL,自然反彈,True,268,4,universe
MMSI,2026-09-24,87.3,1.94,False,88.89,-0.156,-0.25,True,90.1,0.42,89.7,True,2.23,1.5,68.1,-0.6,A 待突破,True,8:49,264.6,跌,235.0,27,False,8.0,-0.3043,-0.4207,-1.045,True,True,-1.82,-0.82,92.0,-5.38,-2.42,53.2,,OHLC,—,LH/LL,UT,True,268,4,universe
PSTL,2026-09-24,23.45,0.59,True,23.55,0.028,0.3,True,89.6,0.34,89.3,True,2.52,1.3,66.5,12.1,A 待突破,False,3:59,119.7,跌,16.0,2,False,8.0,-0.0252,-0.0069,-0.157,False,True,-0.44,-0.18,23.15,1.28,0.51,9.8,,OHLC,↑,HH/HL,自然回檔,False,268,4,universe
GILD,2026-09-24,149.69,3.57,True,147.22,0.495,1.08,False,88.1,-0.13,88.2,True,2.38,1.77,66.8,1.3,A 待突破,True,8:49,264.6,跌,113.0,13,False,8.0,-0.1277,-0.002,-0.9237,False,True,1.65,0.69,145.68,2.68,1.12,875.4,,OHLC,↑,HH/HL,UT,False,268,4,universe
AMGN,2026-09-24,406.04,9.98,False,409.47,-0.205,-0.41,True,85.7,0.37,85.4,True,2.46,2.17,53.8,-0.1,B 上升結構,True,9:23,281.5,升,6.0,1,False,8.0,0.4399,-0.4955,,False,True,-0.85,-0.34,445.82,-9.8,-3.99,1218.8,,OHLC,—,LH/LL,UT,False,268,4,universe
NTNX,2026-09-24,68.59,2.05,True,67.96,0.087,0.49,False,84.1,-0.14,84.2,True,2.99,1.97,60.1,0.4,B 上升結構,True,8:49,264.6,跌,256.0,23,False,8.0,-0.1628,-0.0815,-0.6365,False,True,0.92,0.31,70.59,-2.92,-0.98,186.6,,OHLC,—,LH/LL,自然回檔,False,268,4,universe
DXCM,2026-09-24,87.47,2.38,False,88.56,-0.079,0.2,True,82.6,0.83,81.7,True,2.72,2.53,63.9,-3.4,A 待突破,True,8:49,264.6,跌,255.0,22,False,8.0,-0.1031,-0.0524,-1.346,False,True,-1.25,-0.46,89.92,-2.8,-1.03,356.4,,OHLC,↓,LH/LL,DT,False,268,4,universe
VREX,2026-09-24,18.47,0.13,False,18.49,-0.0,0.73,True,79.0,0.24,78.7,True,0.73,5.21,89.7,0.4,A 待突破,True,8:49,264.6,跌,208.0,20,False,8.0,-0.2067,-0.2173,-0.279,True,True,-0.11,-0.15,18.53,-0.32,-0.45,13.2,,OHLC,—,LH/LL,UT,True,268,4,universe
SN,2026-09-24,176.94,6.78,False,174.6,-0.479,-0.56,True,76.5,0.18,76.4,True,3.83,2.56,67.5,17.6,B 上升結構,True,8:49,264.6,跌,233.0,26,False,8.0,-0.082,-0.8543,-3.7614,True,True,1.32,0.35,164.04,7.29,1.9,386.9,,OHLC,—,HH/HL,自然反彈,False,268,4,universe
PAYC,2026-09-24,220.81,7.57,True,226.06,0.424,0.45,True,72.6,0.12,72.5,False,3.43,3.7,60.4,-1.5,A 待突破,True,8:49,264.6,跌,175.0,19,False,8.0,-2.5447,-2.5199,-4.9629,False,True,-2.38,-0.69,215.58,2.37,0.69,179.7,,OHLC,—,HH/HL,自然回檔,True,268,4,universe
MRVI,2026-09-24,7.65,0.42,True,7.58,0.026,0.3,True,57.6,0.78,56.8,False,5.53,4.64,66.0,-0.6,B 上升結構,True,9:32,285.8,升,9.0,1,False,8.0,0.0244,-0.0045,,False,True,0.95,0.17,8.43,-10.2,-1.84,21.0,,OHLC,↑,HH/HL,UT,False,268,4,universe
IEX,2026-09-24,228.5,4.7,False,228.61,-0.446,-0.44,True,92.3,0.19,92.1,True,2.06,1.16,69.4,-9.3,C 基底修復,True,9:57,298.7,升,16.0,3,False,9.0,0.7032,0.4966,,False,True,-0.05,-0.02,234.89,-2.8,-1.36,127.6,,OHLC,—,LH/LL,自然反彈,True,268,4,universe
WTS,2026-09-24,354.4,8.06,False,361.57,-0.78,-0.84,True,89.4,1.91,87.5,True,2.28,1.59,46.1,-1.1,C 基底修復,True,9:23,281.5,升,6.0,1,False,9.0,0.0745,-0.1402,,False,True,-2.02,-0.89,363.13,-2.46,-1.08,74.1,,OHLC,—,LH/LL,自然反彈,True,268,4,universe
SHC,2026-09-24,18.45,0.47,False,18.9,-0.009,-0.1,True,87.8,0.26,87.5,True,2.55,1.66,59.6,0.3,C 基底修復,True,8:49,264.6,跌,141.0,19,False,9.0,-0.0692,-0.0661,-0.1622,False,True,-2.44,-0.96,19.21,-4.12,-1.61,37.8,,OHLC,↓,LH/LL,DT,False,268,4,universe
UFCS,2026-09-24,53.43,1.68,False,54.16,-0.004,-0.06,True,85.3,0.49,84.8,True,3.14,1.58,78.1,0.4,A 待突破,True,6:17,188.5,跌,55.0,8,False,9.0,-0.2617,-0.2525,-0.2617,False,True,-1.37,-0.44,53.67,-0.45,-0.14,8.6,,OHLC,↑,HH/HL,自然回檔,False,268,4,universe
ZD,2026-09-24,56.47,1.67,True,56.67,0.109,0.54,True,84.8,0.35,84.5,True,2.95,1.85,71.7,0.0,A 待突破,False,3:55,117.7,跌,15.0,2,False,9.0,-0.1419,-0.0464,-0.3122,False,True,-0.35,-0.12,55.29,2.09,0.71,40.3,,OHLC,↑,HH/HL,自然回檔,False,268,4,universe
MEDP,2026-09-24,620.59,16.15,True,605.26,0.989,0.35,True,84.0,0.11,83.9,True,2.6,2.38,72.1,-10.4,A 待突破,False,11:25,342.3,升,40.0,7,False,9.0,1.3947,1.6922,,False,True,2.47,0.95,583.16,6.03,2.32,142.0,,OHLC,↑,HH/HL,自然回檔,False,268,4,universe
ICUI,2026-09-24,166.02,4.82,False,169.23,-0.625,-1.15,True,82.7,0.29,82.4,True,2.9,2.32,52.3,2.9,C 基底修復,True,9:28,284.1,升,8.0,1,False,9.0,0.5055,-0.1451,,False,True,-1.93,-0.67,189.3,-14.02,-4.83,42.0,,OHLC,—,LH/LL,UT,False,268,4,universe
MTCH,2026-09-24,40.8,1.28,True,41.49,0.114,0.7,True,82.3,0.4,81.9,True,3.15,2.15,59.8,0.3,A 待突破,False,5:22,160.8,跌,39.0,3,False,9.0,-0.3532,-0.2748,-0.4133,False,True,-1.68,-0.54,41.15,-0.86,-0.27,153.6,,OHLC,—,HH/HL,DT,False,268,4,universe
KRT,2026-09-24,54.16,1.76,True,49.2,0.32,0.63,True,81.8,0.42,81.3,True,3.25,2.15,70.5,-0.2,E 延伸,True,10:00,300.0,升,17.0,3,False,9.0,0.3309,0.212,,False,False,9.15,2.82,,,,8.2,,OHLC,—,LH/LL,UT,False,268,4,universe
ARE,2026-09-24,50.48,1.96,True,51.89,0.046,0.38,True,75.1,0.1,75.0,True,3.88,2.79,26.8,-11.1,D 趨勢弱,False,3:23,101.6,跌,6.0,1,False,9.0,-0.1548,0.0378,-0.4525,False,True,-2.79,-0.72,53.03,-5.05,-1.3,95.2,,OHLC,↓,LH/LL,DT,False,268,4,universe
OFG,2026-09-24,51.74,0.87,False,52.43,-0.028,-0.13,True,93.6,0.18,93.4,True,1.68,1.21,59.2,1.0,C 基底修復,True,8:49,264.6,跌,346.0,35,False,10.0,-0.147,-0.146,-0.2786,False,True,-1.33,-0.79,51.7,0.08,0.05,14.5,,OHLC,—,HH/HL,自然回檔,True,268,4,universe
HOPE,2026-09-24,13.72,0.26,False,13.98,-0.02,-0.22,True,92.9,0.05,92.9,True,1.86,1.2,53.0,1.8,C 基底修復,True,6:30,195.0,跌,58.0,7,False,10.0,-0.0363,-0.0358,-0.0773,False,True,-1.91,-1.02,14.11,-2.84,-1.52,12.0,,OHLC,↓,LH/LL,DT,False,268,4,universe
ITW,2026-09-24,272.0,4.87,False,274.46,-0.566,-0.8,True,92.8,0.11,92.7,True,1.79,1.3,36.9,-0.3,C 基底修復,True,9:58,299.1,升,16.0,3,False,10.0,0.8163,0.6604,,False,True,-0.9,-0.5,,,,337.4,,OHLC,—,LH/LL,UT,True,268,4,universe
ABBV,2026-09-24,265.12,5.41,True,259.4,0.486,0.56,True,91.1,0.17,90.9,True,2.04,1.46,82.1,-0.3,A 待突破,False,12:30,15.0,升,58.0,7,False,10.0,0.4487,0.512,,False,True,2.16,1.06,248.78,6.16,3.02,1086.2,,OHLC,↑,HH/HL,UT,False,268,4,universe
IDT,2026-09-24,67.75,1.94,True,68.69,0.021,0.3,False,88.2,-0.47,88.7,True,2.86,1.26,68.7,-1.3,A 待突破,True,7:00,210.0,跌,67.0,7,False,10.0,-0.3873,-0.3316,-0.4098,False,True,-1.39,-0.48,,,,17.8,,OHLC,↑,HH/HL,自然回檔,False,268,4,universe
NEU,2026-09-24,893.3,23.07,False,907.26,-1.37,-0.11,True,87.0,0.1,86.9,True,2.58,1.8,71.4,1.3,A 待突破,True,8:49,264.6,跌,221.0,23,False,10.0,-1.3824,-2.0463,-12.1353,True,True,-1.56,-0.61,862.47,3.45,1.34,106.7,,OHLC,—,HH/HL,UT,True,268,4,universe
VRSN,2026-09-24,291.88,7.72,True,291.3,0.351,0.31,True,86.3,0.08,86.3,True,2.65,1.86,59.2,-1.4,A 待突破,False,3:32,105.8,跌,9.0,1,False,10.0,-0.3817,0.2329,-2.5553,False,True,0.2,0.07,285.38,2.23,0.84,219.3,,OHLC,↑,HH/HL,自然回檔,False,268,4,universe
BWIN,2026-09-24,31.84,0.92,True,31.76,0.023,0.2,True,79.8,0.91,78.9,True,2.88,2.9,66.4,0.2,B 上升結構,False,11:43,351.3,升,45.0,7,False,10.0,0.0137,0.0349,,False,True,0.26,0.09,32.7,-2.72,-0.94,150.0,,OHLC,—,LH/LL,自然回檔,False,268,4,universe
HGTY,2026-09-24,13.58,0.46,True,13.25,0.012,0.16,True,79.7,0.34,79.4,True,3.38,2.41,68.5,0.1,A 待突破,False,4:58,148.8,跌,33.0,4,False,10.0,-0.05,-0.0387,-0.0848,False,True,2.44,0.72,13.9,-2.36,-0.7,8.6,,OHLC,—,LH/LL,自然回檔,True,268,4,universe
SHO,2026-09-24,11.14,0.2,True,11.05,0.014,0.06,True,93.4,0.16,93.2,True,1.82,1.12,54.7,0.9,C 基底修復,False,12:28,13.8,升,58.0,8,False,11.0,0.0233,0.0181,,False,True,0.78,0.43,11.19,-0.45,-0.25,24.5,,OHLC,—,LH/LL,UT,True,268,4,universe
PEB,2026-09-24,18.6,0.51,True,18.1,0.016,-0.01,True,87.2,0.09,87.1,True,2.72,1.62,70.5,10.8,A 待突破,False,1:25,42.4,升,74.0,8,False,11.0,0.0766,0.052,,False,True,2.71,1.0,17.49,5.97,2.2,39.3,,OHLC,↑,HH/HL,UT,False,268,4,universe
CON,2026-09-24,34.62,0.91,True,34.99,0.043,0.56,True,85.4,0.06,85.3,True,2.62,2.08,78.3,-0.2,A 待突破,False,5:09,154.7,跌,36.0,4,False,11.0,-0.1325,-0.1027,-0.2897,False,True,-1.06,-0.41,36.71,-6.04,-2.3,33.4,,OHLC,—,LH/LL,自然回檔,False,268,4,universe
MATX,2026-09-24,224.82,6.28,True,226.21,0.391,0.62,True,84.9,0.03,84.9,True,2.79,2.0,73.0,0.3,A 待突破,False,4:35,137.5,跌,26.0,3,False,11.0,-1.3513,-1.0704,-2.199,False,True,-0.62,-0.22,220.03,2.13,0.76,70.0,,OHLC,↑,HH/HL,自然回檔,False,268,4,universe
NPK,2026-09-24,144.1,4.81,True,149.37,0.047,0.3,True,81.9,0.26,81.6,True,3.34,2.04,50.6,-4.2,B 上升結構,True,8:49,264.6,跌,148.0,17,False,11.0,-1.2915,-0.9822,-1.2915,False,False,-3.66,-1.1,156.66,-8.72,-2.61,16.8,,OHLC,—,LH/LL,自然回檔,False,268,4,universe
REXR,2026-09-24,37.99,0.74,True,37.68,0.044,0.47,True,90.3,0.07,90.2,True,1.94,1.74,48.2,0.3,C 基底修復,False,2:49,84.6,升,118.0,10,False,12.0,0.0016,0.0422,,False,True,0.81,0.42,39.67,-4.42,-2.28,106.4,,OHLC,—,LH/LL,自然回檔,False,268,4,universe
MCS,2026-09-24,28.26,0.79,False,28.63,-0.044,-0.6,True,80.4,0.07,80.4,True,2.79,2.87,76.3,4.8,A 待突破,True,9:24,281.9,升,7.0,1,False,12.0,0.0132,-0.0322,,False,True,-1.32,-0.47,26.52,6.16,2.21,5.9,,OHLC,↑,HH/HL,UT,False,268,4,universe
EGP,2026-09-24,202.5,3.27,True,200.95,0.134,0.13,True,94.3,0.18,94.2,True,1.61,1.08,43.4,-0.1,C 基底修復,False,2:43,81.4,升,95.0,10,False,14.0,0.7971,0.849,,False,True,0.76,0.47,195.71,3.35,2.08,101.2,,OHLC,—,HH/HL,自然反彈,False,268,4,universe
LQDT,2026-09-24,43.4,1.22,True,42.21,0.016,0.16,True,83.2,0.35,82.9,True,2.81,2.31,78.4,2.0,A 待突破,False,1:05,32.3,升,68.0,9,False,14.0,0.0396,0.022,,False,True,2.75,0.98,42.1,3.0,1.06,9.8,,OHLC,—,HH/HL,UT,True,268,4,universe
ATII,2026-09-24,10.68,0.04,True,10.67,0.008,0.28,True,99.6,0.0,99.6,True,0.38,0.25,52.0,0.1,C 基底修復,False,2:49,84.6,升,123.0,37,False,,0.0061,0.0065,,False,True,0.12,0.32,10.63,0.5,1.32,3.6,,OHLC,↑,HH/HL,自然回檔,False,268,4,universe
SLAB,2026-09-24,221.38,1.13,True,219.51,0.121,0.35,True,99.5,0.01,99.5,True,0.51,0.24,81.4,10.6,A 待突破,False,12:05,2.6,升,51.0,5,False,,0.1372,0.1408,,False,True,0.84,1.65,218.19,1.44,2.82,67.0,,OHLC,↑,HH/HL,UT,False,268,4,universe
CZR,2026-09-24,29.62,0.12,True,29.66,0.002,-0.49,True,99.3,0.03,99.3,True,0.4,0.46,56.6,-0.7,C 基底修復,False,3:52,115.9,跌,14.0,2,False,,-0.0013,-0.0012,-0.0726,False,True,-0.14,-0.34,29.75,-0.44,-1.09,130.0,,OHLC,—,LH/LL,自然回檔,True,268,4,universe
TXNM,2026-09-24,58.17,0.35,True,58.02,0.025,0.59,True,99.2,0.02,99.1,True,0.61,0.35,42.4,0.5,D 趨勢弱,False,2:49,84.6,升,178.0,20,False,,0.0205,0.0505,,False,True,0.25,0.41,58.07,0.17,0.28,105.4,,OHLC,—,HH/HL,自然反彈,False,268,4,universe
STAG,2026-09-24,37.29,0.57,True,37.17,0.009,0.15,True,94.0,0.17,93.9,True,1.53,1.25,24.0,-8.8,D 趨勢弱,False,2:49,84.6,升,159.0,22,False,,0.0356,0.033,,False,True,0.33,0.21,37.7,-1.1,-0.72,57.7,,OHLC,—,LH/LL,DT,True,268,4,universe
RSG,2026-09-24,212.72,3.73,True,219.94,0.005,0.02,True,93.1,0.06,93.1,True,1.75,1.25,26.2,0.6,D 趨勢弱,True,8:25,252.3,跌,90.0,8,False,,-1.3855,-1.3605,-1.6299,False,False,-3.39,-1.93,217.34,-2.17,-1.24,383.4,,OHLC,—,HH/HL,DT,False,268,4,universe
WABC,2026-09-24,59.85,1.14,True,59.32,0.008,0.25,True,92.9,0.25,92.7,True,1.91,1.15,64.6,14.0,A 待突破,False,2:49,84.6,升,113.0,15,False,,0.0478,0.0405,,False,True,0.88,0.46,58.54,2.19,1.15,13.5,,OHLC,—,HH/HL,自然回檔,True,268,4,universe
OHI,2026-09-24,46.33,0.89,True,46.75,0.023,-0.12,True,92.5,0.15,92.3,True,1.91,1.26,29.3,-0.3,D 趨勢弱,False,3:56,118.0,跌,16.0,2,False,,-0.0178,-0.0032,-0.6424,False,True,-0.9,-0.47,,,,95.9,,OHLC,—,HH/HL,自然回檔,True,268,4,universe
RRBI,2026-09-24,100.1,1.98,False,101.86,-0.097,-0.0,True,92.2,0.07,92.2,True,1.98,1.25,59.6,-0.3,C 基底修復,True,7:16,218.0,跌,71.0,8,False,,-0.3731,-0.3151,-0.3989,False,True,-1.75,-0.88,104.87,-4.77,-2.4,6.6,,OHLC,—,LH/LL,自然回檔,False,268,4,universe
PFIS,2026-09-24,69.3,1.61,False,70.49,-0.064,-0.08,True,90.7,0.33,90.3,True,2.32,1.27,61.9,3.7,C 基底修復,True,6:36,198.0,跌,60.0,6,False,,-0.3116,-0.3084,-0.399,False,True,-1.72,-0.74,73.34,-5.83,-2.51,4.0,,OHLC,↓,LH/LL,DT,False,268,4,universe
PFG,2026-09-24,114.15,2.57,True,114.65,0.02,0.12,True,90.5,0.36,90.1,True,2.25,1.39,70.1,-0.6,A 待突破,False,4:49,144.7,跌,30.0,3,False,,-0.2742,-0.1943,-0.5654,False,True,-0.43,-0.19,114.02,0.11,0.05,176.6,,OHLC,↑,HH/HL,自然回檔,False,268,4,universe
MO,2026-09-24,68.88,1.44,True,68.05,0.137,0.32,True,88.8,0.14,88.7,True,2.09,1.91,41.2,-0.6,C 基底修復,False,4:09,124.7,跌,19.0,2,False,,-0.0283,-0.007,-0.7315,False,True,1.21,0.58,67.89,1.44,0.69,572.1,,OHLC,—,HH/HL,自然回檔,True,268,4,universe
RCBC,2026-09-24,50.52,1.34,False,51.79,-0.015,1.56,True,88.8,0.28,88.5,True,2.65,1.35,53.9,-4.5,C 基底修復,True,6:58,208.9,跌,66.0,7,False,,-0.4126,-0.326,-0.4126,False,True,-2.5,-0.94,54.19,-7.26,-2.74,5.0,,OHLC,—,LH/LL,自然回檔,False,187,4,universe
ABM,2026-09-24,49.54,1.27,True,48.57,0.035,0.2,True,88.4,0.28,88.1,True,2.56,1.52,64.1,-0.8,A 待突破,False,2:37,78.6,升,94.0,13,False,,0.024,0.0643,,False,True,1.97,0.77,50.6,-2.14,-0.83,27.1,,OHLC,—,LH/LL,次級回檔,True,268,4,universe
CRBG,2026-09-24,34.09,0.78,True,33.82,0.016,0.24,True,88.0,0.24,87.8,True,2.29,1.88,59.8,-6.3,B 上升結構,False,4:33,136.5,跌,26.0,3,False,,-0.1119,-0.0896,-0.3346,False,True,0.81,0.35,33.75,1.0,0.44,139.4,,OHLC,↑,HH/HL,自然回檔,False,268,4,universe
EQH,2026-09-24,52.61,1.22,True,52.16,0.026,0.4,True,87.4,0.27,87.2,True,2.32,1.96,58.4,-5.9,B 上升結構,False,4:20,130.0,跌,22.0,3,False,,-0.1704,-0.1289,-0.5039,False,True,0.86,0.37,52.04,1.08,0.47,169.5,,OHLC,↑,HH/HL,自然回檔,False,268,4,universe
COLM,2026-09-24,56.97,1.48,True,57.72,0.027,-0.01,True,87.0,0.25,86.8,True,2.59,1.77,18.5,2.6,D 趨勢弱,False,2:49,84.6,升,113.0,10,False,,0.1335,0.1499,,False,True,-1.32,-0.51,56.49,0.84,0.32,37.5,,OHLC,—,HH/HL,次級回檔,True,268,4,universe
PRSU,2026-09-24,48.44,1.38,True,48.57,0.054,0.22,True,86.5,0.69,85.9,True,2.84,1.63,50.7,0.2,C 基底修復,False,2:49,84.6,升,195.0,24,False,,0.0185,0.0125,,False,True,-0.27,-0.09,47.72,1.49,0.52,11.7,,OHLC,—,HH/HL,DT,False,268,4,universe
PLUS,2026-09-24,91.16,2.62,True,89.54,0.086,0.16,True,85.7,0.16,85.5,True,2.87,1.78,57.2,0.7,A 待突破,False,2:49,84.6,升,190.0,15,False,,0.0795,0.178,,False,True,1.78,0.62,90.99,0.19,0.07,21.2,,OHLC,—,HH/HL,UT,True,268,4,universe
NTR,2026-09-24,73.96,2.19,True,75.56,0.389,0.89,False,84.5,-0.14,84.7,True,2.97,1.9,54.4,-1.3,B 上升結構,True,6:07,183.5,跌,52.0,9,False,,-0.8797,-0.7953,-0.8797,False,True,-2.16,-0.73,73.06,1.22,0.41,209.5,,OHLC,—,HH/HL,DT,False,268,4,universe
ADM,2026-09-24,81.88,2.58,True,83.38,0.119,0.41,True,84.1,0.49,83.6,True,3.15,1.8,48.7,1.1,C 基底修復,False,4:59,149.4,跌,33.0,4,False,,-0.5801,-0.4847,-0.949,False,True,-1.83,-0.58,85.0,-3.81,-1.21,327.4,,OHLC,—,HH/HL,DT,False,268,4,universe
BCBP,2026-09-24,8.75,0.26,True,8.63,0.002,0.04,True,83.9,0.3,83.6,True,2.93,2.05,14.8,-0.7,D 趨勢弱,False,2:49,84.6,升,211.0,23,False,,0.0599,0.0572,,False,True,1.39,0.47,8.7,0.57,0.19,3.4,,OHLC,↓,LH/LL,自然反彈,False,268,4,universe
TDS,2026-09-24,36.33,1.08,True,36.03,0.082,0.53,True,82.7,0.06,82.7,True,2.98,2.24,18.4,2.5,D 趨勢弱,False,5:35,167.4,跌,43.0,5,False,,-0.1224,-0.0959,-0.1224,False,True,0.83,0.28,38.04,-4.71,-1.58,54.4,,OHLC,—,LH/LL,自然反彈,True,268,4,universe
WSO,2026-09-24,320.21,9.16,True,312.35,0.229,-0.08,True,81.7,0.05,81.6,True,2.86,2.56,9.1,-1.2,D 趨勢弱,False,2:49,84.6,升,116.0,27,False,,2.8711,3.0467,,False,True,2.45,0.86,302.66,5.48,1.92,151.8,,OHLC,↑,HH/HL,UT,False,268,4,universe
PNTG,2026-09-24,39.63,1.41,True,39.46,0.043,0.06,True,80.9,0.36,80.5,True,3.55,2.02,64.0,-1.7,B 上升結構,False,2:49,84.6,升,103.0,13,False,,0.0181,0.037,,False,True,0.44,0.12,39.81,-0.45,-0.13,14.8,,OHLC,—,HH/HL,DT,False,268,4,universe
DJCO,2026-09-24,655.01,25.04,True,630.75,2.887,0.66,True,80.0,0.19,79.8,True,3.82,1.92,67.7,7.0,A 待突破,False,4:27,133.6,跌,24.0,3,False,,-1.7439,-0.8526,-5.5517,False,True,3.7,0.97,651.53,0.53,0.14,42.5,,OHLC,—,HH/HL,自然反彈,True,268,4,universe
ANDE,2026-09-24,66.79,2.16,True,68.41,0.033,0.19,True,79.8,0.4,79.4,True,3.24,2.55,45.5,0.5,C 基底修復,False,4:48,144.0,跌,30.0,3,False,,-0.374,-0.2706,-1.2307,False,True,-2.42,-0.75,63.37,5.12,1.58,27.3,,OHLC,—,HH/HL,DT,False,268,4,universe
BBY,2026-09-24,91.0,3.27,True,87.86,0.173,0.49,True,79.4,0.36,79.0,True,3.59,2.27,63.3,-2.3,B 上升結構,False,3:43,111.5,跌,12.0,1,False,,-0.0368,0.1698,-1.1105,False,True,3.45,0.96,92.45,-1.59,-0.44,383.5,,OHLC,↑,HH/HL,自然回檔,False,268,4,universe
MPC,2026-09-24,390.95,14.54,True,387.26,1.649,1.35,True,79.0,0.34,78.7,True,3.72,2.2,65.0,-2.7,B 上升結構,False,5:09,154.7,跌,36.0,4,False,,-4.0492,-3.36,-4.0492,False,True,0.94,0.25,388.16,0.71,0.19,1259.5,,OHLC,↑,HH/HL,自然回檔,False,268,4,universe
HSHP,2026-09-24,18.03,0.63,True,17.7,0.145,0.97,True,77.7,0.2,77.5,True,3.47,2.7,66.1,1.6,B 上升結構,False,4:03,121.6,跌,18.0,2,False,,-0.09,-0.0444,-0.09,False,True,1.82,0.52,17.95,0.44,0.13,9.0,,OHLC,↑,HH/HL,自然回檔,False,268,4,universe
SLDE,2026-09-24,23.55,0.84,True,24.2,0.047,0.48,True,77.3,0.33,76.9,True,3.57,2.69,63.8,3.3,B 上升結構,False,4:43,141.4,跌,29.0,5,False,,-0.3356,-0.3136,-0.3356,False,True,-2.77,-0.78,23.06,2.08,0.58,37.5,,OHLC,↑,HH/HL,自然反彈,False,268,4,universe
LPG,2026-09-24,54.05,1.97,True,52.69,0.22,0.97,True,77.1,0.04,77.0,True,3.65,2.65,66.0,-1.9,B 上升結構,False,4:45,142.5,跌,29.0,3,False,,-0.5031,-0.4047,-0.5031,False,True,2.51,0.69,53.49,1.04,0.28,33.2,,OHLC,↑,HH/HL,自然回檔,False,268,4,universe
INSW,2026-09-24,104.85,4.03,True,103.38,0.453,0.79,True,77.0,0.08,77.0,True,3.84,2.46,70.6,-0.3,B 上升結構,False,4:26,133.0,跌,24.0,3,False,,-0.5786,-0.4685,-0.6627,False,True,1.4,0.36,102.14,2.58,0.67,83.7,,OHLC,↑,HH/HL,自然反彈,False,268,4,universe
UTZ,2026-09-24,14.24,0.07,True,14.21,0.004,0.29,True,64.4,0.16,64.2,False,0.49,8.24,86.2,0.4,A 待突破,True,8:49,264.6,跌,308.0,33,False,,-0.0811,-0.0866,-0.2441,True,True,0.21,0.43,14.21,0.21,0.43,21.6,,OHLC,—,HH/HL,UT,True,268,4,universe
PAXS,2026-09-24,13.09,0.19,False,13.69,-0.063,-1.1,False,96.0,-0.05,96.1,True,1.45,0.77,10.3,-0.3,D 趨勢弱,True,7:45,232.6,跌,79.0,10,True,0.0,-0.0624,-0.0672,-0.0801,True,False,-4.61,-3.18,14.17,-8.25,-5.69,4.4,,OHLC,↓,LH/LL,DT,False,268,3,universe
PHK,2026-09-24,4.13,0.07,False,4.38,-0.024,-1.58,False,95.3,-0.18,95.5,True,1.64,0.8,10.2,0.5,D 趨勢弱,True,8:49,264.6,跌,220.0,30,True,0.0,-0.0274,-0.0282,-0.0282,True,False,-6.06,-3.7,4.38,-6.05,-3.69,5.5,,OHLC,↓,LH/LL,DT,False,268,3,universe
CBSH,2026-09-24,55.76,0.88,False,57.98,-0.141,-0.69,True,95.2,0.05,95.2,True,1.58,0.88,39.2,1.1,C 基底修復,False,5:34,167.1,跌,43.0,7,True,0.0,-0.2651,-0.2682,-0.2775,True,False,-3.98,-2.52,59.1,-5.99,-3.79,61.6,,OHLC,↓,LH/LL,DT,False,268,3,universe
FCF,2026-09-24,20.94,0.36,False,21.09,-0.02,-0.36,False,94.1,-0.03,94.2,True,1.71,1.04,57.4,6.8,C 基底修復,False,4:58,148.8,跌,33.0,4,True,0.0,-0.0462,-0.055,-0.1389,True,True,-0.74,-0.43,21.64,-3.34,-1.96,20.0,,OHLC,—,LH/LL,自然回檔,False,268,3,universe
CSWC,2026-09-24,23.04,0.43,False,24.45,-0.065,-0.71,False,93.5,-0.1,93.6,True,1.88,1.04,21.5,-10.7,D 趨勢弱,True,8:49,264.6,跌,142.0,17,True,0.0,-0.1467,-0.1491,-0.1691,True,False,-6.12,-3.26,23.6,-2.43,-1.29,15.9,,OHLC,↓,LH/LL,DT,False,268,3,universe
CPT,2026-09-24,97.41,1.79,False,104.08,-0.525,-1.36,False,93.2,-0.09,93.3,True,1.84,1.16,14.7,0.3,D 趨勢弱,True,8:49,264.6,跌,416.0,40,True,0.0,-0.4256,-0.4267,-0.5615,True,False,-6.85,-3.72,106.54,-9.37,-5.09,110.5,,OHLC,↓,LH/LL,DT,False,268,3,universe
HBNC,2026-09-24,19.22,0.36,False,19.67,-0.045,-0.62,False,93.0,-0.01,93.0,True,1.86,1.18,44.3,2.8,C 基底修復,False,5:32,165.8,跌,42.0,4,True,0.0,-0.0416,-0.0463,-0.1491,True,True,-2.35,-1.26,20.15,-4.84,-2.6,9.8,,OHLC,↓,LH/LL,DT,False,268,3,universe
FFBC,2026-09-24,31.55,0.56,False,32.51,-0.093,-0.87,True,92.9,0.04,92.8,True,1.77,1.31,44.0,2.6,C 基底修復,False,5:11,155.5,跌,36.0,6,True,0.0,-0.0836,-0.0991,-0.274,True,False,-3.05,-1.73,32.98,-4.53,-2.56,28.3,,OHLC,↓,LH/LL,DT,False,268,3,universe
BOH,2026-09-24,71.13,1.39,False,75.37,-0.397,-1.39,True,92.5,0.17,92.3,True,1.96,1.22,18.9,2.5,D 趨勢弱,False,5:55,177.3,跌,48.0,6,True,0.0,-0.4062,-0.4062,-0.6912,True,False,-5.97,-3.05,77.19,-8.52,-4.35,26.7,,OHLC,↓,LH/LL,DT,False,268,3,universe
ORRF,2026-09-24,41.85,0.9,False,42.18,-0.047,-0.23,False,91.7,-0.1,91.8,True,2.14,1.21,58.1,4.3,C 基底修復,False,5:45,172.4,跌,46.0,7,True,0.0,-0.0933,-0.122,-0.2561,True,True,-0.79,-0.37,42.74,-2.13,-0.99,3.7,,OHLC,—,LH/LL,DT,True,268,3,universe
EQBK,2026-09-24,48.17,1.11,False,49.94,-0.079,-0.39,False,91.2,-0.56,91.7,True,2.3,1.18,41.4,2.1,C 基底修復,True,8:49,264.6,跌,124.0,7,True,0.0,-0.2012,-0.2073,-0.2849,True,False,-3.68,-1.6,50.8,-5.46,-2.38,5.2,,OHLC,↓,LH/LL,DT,False,268,3,universe
OXLC,2026-09-24,8.96,0.19,False,9.41,-0.036,-0.39,False,91.2,-0.22,91.4,True,2.18,1.3,8.5,1.2,D 趨勢弱,True,8:19,249.5,跌,89.0,13,True,0.0,-0.084,-0.0945,-0.0945,True,False,-5.05,-2.32,9.19,-2.57,-1.18,8.0,,OHLC,↓,LH/LL,DT,False,268,3,universe
SYY,2026-09-24,78.19,1.72,False,80.83,-0.316,-0.72,True,91.2,0.12,91.1,True,2.2,1.26,20.1,2.4,D 趨勢弱,False,5:49,174.7,跌,47.0,8,True,0.0,-0.3262,-0.3801,-0.4065,True,False,-3.37,-1.53,83.54,-6.84,-3.11,345.7,,OHLC,↓,LH/LL,DT,False,268,3,universe
UHT,2026-09-24,38.68,0.88,False,40.74,-0.092,-0.63,True,90.5,0.4,90.1,True,2.27,1.37,17.4,0.4,D 趨勢弱,False,5:38,169.1,跌,44.0,5,True,0.0,-0.2163,-0.2196,-0.3804,True,False,-5.32,-2.35,40.46,-4.6,-2.03,4.1,,OHLC,↓,LH/LL,DT,False,268,3,universe
GTY,2026-09-24,28.71,0.69,False,31.77,-0.184,-1.11,False,90.3,-0.18,90.4,True,2.4,1.28,8.2,-1.4,D 趨勢弱,True,8:13,246.5,跌,87.0,10,True,0.0,-0.296,-0.3014,-0.3266,True,False,-10.67,-4.44,32.93,-14.7,-6.11,20.9,,OHLC,↓,LH/LL,DT,False,268,3,universe
TCBK,2026-09-24,52.1,0.97,False,54.14,-0.161,-0.96,True,90.1,0.08,90.1,True,1.86,1.85,36.0,13.4,C 基底修復,False,4:39,139.7,跌,28.0,3,True,0.0,-0.0956,-0.0958,-0.5177,True,False,-3.92,-2.11,54.07,-3.78,-2.04,14.3,,OHLC,↓,LH/LL,DT,False,268,3,universe
AHRT,2026-09-24,6.06,0.15,False,6.43,-0.026,-0.99,False,90.0,-0.12,90.1,True,2.48,1.26,16.5,2.6,D 趨勢弱,True,8:49,264.6,跌,478.0,54,True,0.0,-0.0211,-0.0215,-0.0443,True,False,-6.11,-2.46,6.43,-6.11,-2.46,4.7,,OHLC,↓,LH/LL,DT,False,268,3,universe
MSBI,2026-09-24,33.13,0.76,False,33.1,-0.026,-0.12,False,90.0,-0.22,90.2,True,2.3,1.44,79.9,17.2,A 待突破,False,4:13,126.3,跌,20.0,3,True,0.0,-0.0939,-0.1072,-0.2686,True,True,0.09,0.04,32.89,0.72,0.31,4.9,,OHLC,—,HH/HL,自然反彈,True,268,3,universe
LMT,2026-09-24,523.7,12.5,False,549.83,-2.181,-0.92,True,86.8,0.36,86.4,True,2.39,2.04,11.3,0.8,D 趨勢弱,False,4:01,120.3,跌,17.0,3,True,0.0,-0.2703,-0.2778,-7.4496,True,False,-4.99,-2.09,536.15,-2.38,-1.0,617.7,,OHLC,—,LH/LL,DT,True,268,3,universe
VNO,2026-09-24,34.38,1.04,False,36.5,-0.155,-0.83,True,84.7,0.25,84.5,True,3.03,1.79,32.6,-0.6,D 趨勢弱,False,3:44,111.8,跌,12.0,2,True,0.0,-0.0007,-0.0021,-0.4075,True,False,-6.17,-2.04,35.44,-3.08,-1.02,46.6,,OHLC,—,LH/LL,DT,True,268,3,universe
BCO,2026-09-24,105.85,3.23,False,109.29,-0.281,-0.43,True,83.3,0.04,83.3,True,3.05,2.04,17.9,2.6,D 趨勢弱,False,5:33,166.5,跌,42.0,6,True,0.0,-0.1977,-0.2115,-1.535,True,False,-3.25,-1.06,108.87,-2.85,-0.93,45.8,,OHLC,↓,LH/LL,DT,False,268,3,universe
PRVA,2026-09-24,19.39,0.64,False,20.62,-0.109,-0.83,True,83.2,0.52,82.6,True,3.3,1.84,6.5,0.6,D 趨勢弱,False,3:40,110.2,跌,11.0,2,True,0.0,-0.0161,-0.0229,-0.4822,True,False,-6.35,-1.93,20.88,-7.68,-2.33,25.5,,OHLC,↓,LH/LL,DT,False,268,3,universe
SLG,2026-09-24,50.88,1.75,False,54.68,-0.22,-0.48,False,80.9,-0.0,80.9,True,3.43,2.15,32.5,2.1,D 趨勢弱,True,8:49,264.6,跌,241.0,19,True,0.0,-0.2957,-0.3163,-0.8307,True,False,-7.47,-2.18,52.94,-4.05,-1.18,43.3,,OHLC,—,LH/LL,DT,True,268,3,universe
TTAM,2026-09-24,13.53,0.52,False,14.76,-0.072,-0.66,False,78.2,-0.45,78.6,True,3.87,2.22,3.0,-1.4,D 趨勢弱,True,6:11,185.3,跌,53.0,9,True,0.0,-0.0469,-0.0527,-0.1895,True,False,-9.11,-2.35,14.08,-4.07,-1.05,3.9,,OHLC,↓,LH/LL,自然回檔,False,187,3,universe
PACS,2026-09-24,41.46,1.66,False,43.34,-0.124,-0.63,True,78.1,1.6,76.6,True,3.99,2.1,51.1,3.2,C 基底修復,False,4:41,140.4,跌,28.0,7,True,0.0,-0.2085,-0.2275,-0.5245,True,False,-4.53,-1.13,45.61,-10.0,-2.5,31.3,,OHLC,↓,LH/LL,DT,False,268,3,universe
ABG,2026-09-24,179.94,6.96,False,202.14,-0.813,-1.12,True,77.6,0.22,77.3,True,3.87,2.33,0.0,-6.1,D 趨勢弱,False,5:35,167.6,跌,43.0,10,True,0.0,-2.7743,-2.8571,-3.3812,True,False,-12.34,-3.19,187.06,-3.96,-1.02,47.1,,OHLC,↓,LH/LL,DT,False,268,3,universe
AVTR,2026-09-24,15.38,0.49,True,14.81,0.04,0.63,False,77.6,-0.17,77.8,True,3.16,3.03,69.1,4.9,A 待突破,False,5:56,177.8,跌,49.0,5,True,0.0,-0.0984,-0.1166,-0.117,True,False,3.71,1.18,14.81,3.71,1.17,131.7,,OHLC,↑,HH/HL,自然反彈,False,268,3,universe
RCL,2026-09-24,238.98,9.88,False,261.5,-2.795,-1.9,False,77.3,-0.07,77.4,True,4.13,2.11,0.0,0.0,D 趨勢弱,True,8:49,264.6,跌,294.0,32,True,0.0,-1.305,-1.783,-4.1654,True,False,-9.42,-2.28,258.2,-8.04,-1.95,710.8,,OHLC,↓,LH/LL,自然反彈,False,268,3,universe
BKNG,2026-09-24,157.41,6.6,False,183.87,-1.735,-1.7,True,74.8,0.98,73.8,False,4.19,2.54,5.0,0.0,D 趨勢弱,True,8:49,264.6,跌,188.0,27,True,0.0,-2.3298,-2.4675,-4.619,True,False,-16.81,-4.01,181.25,-15.15,-3.61,1464.2,,OHLC,↓,LH/LL,DT,False,268,3,universe
SPXC,2026-09-24,172.48,6.74,False,191.45,-1.35,-1.28,True,74.8,0.49,74.3,False,3.91,2.81,0.8,-0.6,D 趨勢弱,True,8:49,264.6,跌,170.0,25,True,0.0,-0.8739,-0.8926,-2.3243,True,False,-11.0,-2.82,191.82,-11.21,-2.87,99.3,,OHLC,↓,LH/LL,DT,False,268,3,universe
GDRX,2026-09-24,3.36,0.12,False,3.51,-0.009,-0.43,True,74.6,0.65,74.0,False,3.7,3.06,51.7,0.2,D 趨勢弱,True,8:49,264.6,跌,287.0,25,True,0.0,-0.0187,-0.0198,-0.0402,True,False,-4.58,-1.24,3.53,-5.06,-1.37,3.5,,OHLC,—,LH/LL,DT,True,268,3,universe
CVSA,2026-09-24,124.16,4.21,False,129.7,-0.146,-0.27,True,74.0,0.48,73.5,False,3.39,3.49,30.7,-11.8,C 基底修復,True,8:49,264.6,跌,120.0,17,True,0.0,-0.5106,-0.6022,-1.485,True,False,-4.46,-1.32,127.2,-2.45,-0.72,44.0,,OHLC,—,LH/LL,DT,True,268,3,universe
PKE,2026-09-24,29.66,1.26,False,32.31,-0.32,-1.12,True,74.0,0.41,73.6,False,4.26,2.62,23.6,1.4,C 基底修復,True,8:49,264.6,跌,209.0,26,True,0.0,-0.0466,-0.0554,-0.5983,True,False,-8.93,-2.1,31.76,-7.08,-1.66,8.1,,OHLC,↓,LH/LL,DT,False,268,3,universe
CART,2026-09-24,43.26,1.8,False,48.11,-0.169,-0.49,True,73.9,0.85,73.0,False,4.16,2.73,29.1,0.5,D 趨勢弱,True,8:49,264.6,跌,152.0,18,True,0.0,-0.6885,-0.7042,-0.7042,True,False,-11.22,-2.7,49.48,-14.38,-3.46,190.0,,OHLC,↓,LH/LL,DT,False,268,3,universe
NOG,2026-09-24,23.6,0.89,False,25.63,-0.009,0.4,True,73.7,0.74,73.0,False,3.78,3.15,20.3,4.0,D 趨勢弱,True,8:49,264.6,跌,164.0,18,True,0.0,-0.4977,-0.5356,-0.5356,True,False,-8.59,-2.27,,,,52.9,,OHLC,—,HH/HL,自然反彈,False,268,3,universe
HP,2026-09-24,39.82,1.57,False,43.22,-0.058,0.32,True,73.3,0.77,72.5,False,3.94,3.06,54.9,2.2,C 基底修復,True,8:49,264.6,跌,100.0,14,True,0.0,-0.722,-0.7718,-0.7718,True,False,-8.53,-2.16,,,,57.1,,OHLC,—,HH/HL,DT,False,268,3,universe
WU,2026-09-24,6.03,0.22,False,6.89,-0.05,-1.06,True,72.5,0.02,72.5,False,3.64,3.51,0.0,-10.0,D 趨勢弱,True,7:08,213.9,跌,69.0,12,True,0.0,-0.0793,-0.0808,-0.2047,True,False,-14.28,-3.92,7.03,-16.58,-4.55,61.1,,OHLC,↓,LH/LL,DT,False,268,3,universe
CXW,2026-09-24,34.36,1.57,False,33.75,-0.003,0.06,False,72.4,-0.33,72.7,False,4.58,2.6,70.5,15.4,B 上升結構,True,6:33,196.7,跌,59.0,4,True,0.0,-0.2764,-0.3934,-0.4532,True,True,1.78,0.39,34.23,0.38,0.08,68.0,,OHLC,↑,HH/HL,UT,False,268,3,universe
ENTA,2026-09-24,12.0,0.55,False,13.18,-0.042,-0.38,True,72.4,0.81,71.6,False,4.62,2.56,12.0,1.4,D 趨勢弱,True,8:49,264.6,跌,102.0,12,True,0.0,-0.1282,-0.1376,-0.1598,True,False,-9.85,-2.13,12.42,-3.5,-0.76,3.2,,OHLC,↓,LH/LL,DT,False,268,3,universe
PHR,2026-09-24,10.0,0.43,False,11.08,-0.069,-0.94,True,72.2,0.69,71.5,False,4.28,2.94,1.8,1.8,D 趨勢弱,True,8:49,264.6,跌,366.0,27,True,0.0,-0.0758,-0.1008,-0.2499,True,False,-10.77,-2.52,10.42,-4.2,-0.98,8.0,,OHLC,—,LH/LL,自然反彈,True,268,3,universe
NCNO,2026-09-24,19.97,0.89,False,21.37,-0.005,0.03,True,71.7,0.35,71.3,False,4.44,2.87,38.5,5.1,D 趨勢弱,True,8:49,264.6,跌,98.0,12,True,0.0,-0.4205,-0.4537,-0.4537,True,False,-7.02,-1.58,22.18,-11.07,-2.49,55.2,,OHLC,↓,LH/LL,自然反彈,False,268,3,universe
WLTH,2026-09-24,10.19,0.46,True,9.97,0.018,0.21,False,70.6,-0.4,71.0,False,4.5,3.01,24.9,-3.6,C 基底修復,False,4:30,135.0,跌,25.0,2,True,0.0,-0.0162,-0.0208,-0.0593,True,True,2.13,0.47,9.95,2.36,0.52,37.5,,OHLC,—,HH/HL,自然反彈,False,195,3,universe
SOFI,2026-09-24,16.8,0.72,False,17.79,-0.049,-0.35,True,69.9,0.45,69.4,False,4.31,3.35,13.7,-2.0,D 趨勢弱,True,8:49,264.6,跌,164.0,18,True,0.0,-0.0866,-0.1025,-0.2562,True,False,-5.87,-1.36,17.16,-2.14,-0.5,775.4,,OHLC,—,LH/LL,DT,True,268,3,universe
YELP,2026-09-24,18.37,0.92,False,21.41,-0.246,-1.64,True,68.4,1.1,67.3,False,5.0,2.95,0.0,0.0,D 趨勢弱,True,8:49,264.6,跌,223.0,37,True,0.0,-0.2288,-0.2417,-0.3891,True,False,-16.54,-3.31,21.83,-18.84,-3.77,28.3,,OHLC,↓,LH/LL,自然反彈,False,268,3,universe
HMH,2026-09-24,18.62,0.95,False,19.67,-0.036,-0.28,True,68.2,0.38,67.9,False,5.08,2.89,13.6,2.6,D 趨勢弱,True,7:05,212.7,跌,68.0,6,True,0.0,-0.1307,-0.1399,-0.1965,True,False,-5.66,-1.12,20.86,-12.03,-2.37,3.7,,OHLC,↓,LH/LL,DT,False,122,3,universe
LGIH,2026-09-24,48.99,2.35,False,53.58,-0.256,-0.78,True,68.1,0.96,67.2,False,4.79,3.2,14.9,-1.1,D 趨勢弱,True,8:49,264.6,跌,374.0,57,True,0.0,-0.0608,-0.0849,-0.8041,True,False,-9.36,-1.95,50.94,-3.98,-0.83,15.7,,OHLC,—,LH/LL,自然回檔,True,268,3,universe
HNRG,2026-09-24,14.54,0.71,False,15.68,-0.047,-0.08,True,67.9,0.56,67.3,False,4.86,3.18,3.9,-2.0,D 趨勢弱,True,8:49,264.6,跌,113.0,11,True,0.0,-0.1157,-0.118,-0.2289,True,False,-7.85,-1.62,15.17,-4.33,-0.89,10.5,,OHLC,↓,LH/LL,自然回檔,False,268,3,universe
PTEN,2026-09-24,11.18,0.51,False,12.15,-0.004,0.23,True,67.4,0.73,66.6,False,4.58,3.56,48.5,4.3,C 基底修復,True,6:47,203.7,跌,63.0,10,True,0.0,-0.2518,-0.2603,-0.2603,True,False,-8.69,-1.9,,,,108.0,,OHLC,—,HH/HL,DT,False,268,3,universe
UPST,2026-09-24,24.64,1.29,False,27.65,-0.192,-0.75,True,66.9,0.58,66.3,False,5.22,3.02,0.0,0.0,D 趨勢弱,True,8:49,264.6,跌,158.0,18,True,0.0,-0.0688,-0.0831,-0.4948,True,False,-12.23,-2.34,25.97,-5.4,-1.03,113.6,,OHLC,—,LH/LL,DT,True,268,3,universe
AFRM,2026-09-24,71.57,3.71,False,74.63,-0.177,-0.23,True,66.7,0.64,66.1,False,5.19,3.08,41.9,5.7,C 基底修復,False,3:59,119.7,跌,16.0,2,True,0.0,-0.0224,-0.1583,-1.4851,True,True,-4.28,-0.82,71.77,-0.28,-0.05,476.1,,OHLC,—,LH/LL,自然反彈,True,268,3,universe
CVNA,2026-09-24,64.18,3.11,False,70.05,-0.232,-0.37,True,66.3,0.83,65.5,False,4.84,3.5,10.8,-3.9,D 趨勢弱,True,8:49,264.6,跌,400.0,12,True,0.0,-0.8666,-0.9281,-1.1369,True,False,-9.14,-1.89,67.18,-4.67,-0.96,456.7,,OHLC,↓,LH/LL,DT,False,268,3,universe
AXGN,2026-09-24,43.32,2.24,False,46.2,-0.134,-0.19,True,65.5,0.88,64.6,False,5.17,3.35,43.0,-1.8,D 趨勢弱,True,8:49,264.6,跌,131.0,17,True,0.0,-0.3548,-0.3558,-1.1182,True,False,-6.64,-1.28,45.44,-4.89,-0.95,56.4,,OHLC,↓,LH/LL,自然回檔,False,268,3,universe
RELY,2026-09-24,21.16,1.1,False,23.97,-0.132,-0.77,True,65.5,0.88,64.6,False,5.2,3.31,31.2,4.3,D 趨勢弱,True,8:49,264.6,跌,138.0,14,True,0.0,-0.3355,-0.4111,-0.6104,True,False,-13.28,-2.55,21.1,0.28,0.05,102.5,,OHLC,↓,LH/LL,自然反彈,False,268,3,universe
TRVI,2026-09-24,14.68,0.73,False,16.68,-0.113,-0.81,True,64.3,0.35,64.0,False,4.96,3.79,33.3,-0.8,D 趨勢弱,True,8:49,264.6,跌,163.0,25,True,0.0,-0.1153,-0.1377,-0.2396,True,False,-13.69,-2.76,15.24,-3.85,-0.78,24.5,,OHLC,↓,LH/LL,DT,False,268,3,universe
YSWY,2026-09-24,19.45,1.1,False,23.38,-0.028,-0.34,True,64.3,0.83,63.4,False,5.64,3.12,0.0,0.0,D 趨勢弱,True,8:49,264.6,跌,200.0,18,True,0.0,-0.4904,-0.5003,-0.5003,True,False,-20.21,-3.59,22.95,-17.99,-3.19,7.0,,OHLC,↓,LH/LL,DT,False,108,3,universe
SAH,2026-09-24,62.48,3.24,False,73.3,-0.693,-1.45,True,64.1,0.78,63.3,False,5.19,3.61,5.0,0.0,D 趨勢弱,True,7:25,222.6,跌,74.0,7,True,0.0,-1.0267,-1.063,-2.8263,True,False,-17.31,-3.34,65.92,-5.51,-1.06,21.8,,OHLC,↓,LH/LL,DT,False,268,3,universe
PCG,2026-09-24,12.32,0.63,False,14.6,-0.102,-0.83,True,64.0,0.29,63.7,False,5.13,3.68,0.0,0.0,D 趨勢弱,True,8:49,264.6,跌,109.0,19,True,0.0,-0.0716,-0.0753,-0.5219,True,False,-18.52,-3.61,14.06,-14.12,-2.75,849.1,,OHLC,↓,LH/LL,DT,False,268,3,universe
QS,2026-09-24,4.94,0.26,False,5.58,-0.057,-0.66,True,62.3,0.61,61.7,False,5.22,3.93,10.0,-0.8,D 趨勢弱,True,8:49,264.6,跌,150.0,18,True,0.0,-0.0139,-0.0167,-0.0958,True,False,-12.95,-2.48,5.17,-4.66,-0.89,62.8,,OHLC,—,LH/LL,DT,True,268,3,universe
CHTR,2026-09-24,117.55,6.77,False,141.92,-1.195,-1.03,True,62.2,1.31,60.9,False,5.76,3.42,0.0,0.0,D 趨勢弱,True,8:49,264.6,跌,225.0,27,True,0.0,-3.1783,-3.355,-3.355,True,False,-20.73,-3.6,148.34,-26.19,-4.55,409.3,,OHLC,↓,LH/LL,DT,False,268,3,universe
CTRN,2026-09-24,50.07,3.18,False,64.06,-0.582,-1.37,True,62.1,1.13,61.0,False,6.35,2.85,19.0,0.9,D 趨勢弱,True,8:49,264.6,跌,311.0,28,True,0.0,-1.4539,-1.4587,-1.541,True,False,-27.94,-4.4,58.55,-16.94,-2.67,11.8,,OHLC,↓,LH/LL,DT,False,268,3,universe
GLOB,2026-09-24,34.83,1.9,False,38.24,-0.072,-0.12,True,61.9,0.58,61.3,False,5.46,3.77,11.9,-0.1,D 趨勢弱,True,8:49,264.6,跌,156.0,17,True,0.0,-0.5739,-0.5942,-0.5942,True,False,-9.79,-1.79,40.49,-16.25,-2.97,38.9,,OHLC,↓,LH/LL,DT,False,268,3,universe
AURA,2026-09-24,6.15,0.36,False,7.19,-0.048,-0.85,True,61.5,1.08,60.4,False,5.93,3.4,5.0,0.0,D 趨勢弱,True,8:49,264.6,跌,374.0,22,True,0.0,-0.1093,-0.1169,-0.1169,True,False,-16.99,-2.86,7.01,-13.98,-2.36,5.8,,OHLC,↓,LH/LL,自然反彈,False,268,3,universe
NUVB,2026-09-24,5.73,0.33,False,6.45,-0.027,-0.21,True,61.5,0.67,60.8,False,5.78,3.56,24.0,-0.2,D 趨勢弱,True,8:49,264.6,跌,200.0,19,True,0.0,-0.0674,-0.0692,-0.1408,True,False,-12.56,-2.17,6.07,-5.93,-1.03,29.5,,OHLC,↓,LH/LL,DT,False,268,3,universe
ROOT,2026-09-24,47.81,2.43,False,52.72,-0.066,-0.05,True,61.3,1.43,59.9,False,5.08,4.27,0.3,-9.7,D 趨勢弱,True,7:48,234.0,跌,80.0,12,True,0.0,-0.6578,-0.6928,-1.0652,True,False,-10.27,-2.02,54.33,-13.64,-2.68,10.5,,OHLC,↓,LH/LL,自然反彈,False,268,3,universe
PRAX,2026-09-24,281.79,16.68,False,337.02,-4.433,-1.29,True,61.0,1.03,60.0,False,5.92,3.51,20.0,0.0,D 趨勢弱,True,8:49,264.6,跌,178.0,22,True,0.0,-6.4003,-6.5475,-6.968,True,False,-19.6,-3.31,377.37,-33.92,-5.73,128.2,,OHLC,↓,LH/LL,DT,False,268,3,universe
OXM,2026-09-24,26.07,1.6,False,31.99,-0.319,-0.97,True,60.3,0.81,59.5,False,6.15,3.42,0.0,0.0,D 趨勢弱,True,8:49,264.6,跌,101.0,14,True,0.0,-0.463,-0.4723,-0.7105,True,False,-22.69,-3.69,31.53,-20.94,-3.41,17.9,,OHLC,↓,LH/LL,DT,False,268,3,universe
FIGS,2026-09-24,12.49,0.68,False,14.01,-0.072,-0.24,True,60.2,1.31,58.9,False,5.44,4.16,28.3,0.9,D 趨勢弱,True,8:06,243.0,跌,85.0,17,True,0.0,-0.2481,-0.2712,-0.3739,True,False,-12.14,-2.23,14.29,-14.41,-2.65,34.5,,OHLC,↓,LH/LL,自然反彈,False,268,3,universe
ACRS,2026-09-24,5.38,0.35,False,5.77,-0.018,-0.25,True,58.2,1.29,56.9,False,6.53,3.5,44.4,1.1,D 趨勢弱,True,8:49,264.6,跌,174.0,20,True,0.0,-0.0418,-0.0457,-0.1199,True,False,-7.32,-1.12,5.64,-4.83,-0.74,14.9,,OHLC,—,LH/LL,次級反彈,True,268,3,universe
NB,2026-09-24,3.54,0.23,False,4.18,-0.07,-1.58,True,53.6,1.39,52.2,False,6.37,4.7,10.0,0.0,D 趨勢弱,True,8:49,264.6,跌,245.0,26,True,0.0,-0.0047,-0.008,-0.0777,True,False,-17.99,-2.83,3.73,-5.37,-0.84,9.2,,OHLC,—,LH/LL,自然回檔,True,268,3,universe
ERAS,2026-09-24,14.52,1.15,False,16.56,-0.171,-0.58,True,50.9,0.28,50.6,False,7.91,3.82,30.0,0.0,D 趨勢弱,True,8:49,264.6,跌,148.0,18,True,0.0,-0.1371,-0.1517,-0.3499,True,False,-14.06,-1.78,15.55,-7.09,-0.9,78.0,,OHLC,↓,LH/LL,自然反彈,False,268,3,universe
GSHD,2026-09-24,43.65,3.13,False,58.11,-0.973,-2.06,True,50.8,1.14,49.6,False,7.16,4.59,6.2,0.5,D 趨勢弱,True,8:49,264.6,跌,159.0,20,True,0.0,-2.0694,-2.0728,-2.0855,True,False,-33.13,-4.63,54.55,-24.97,-3.49,25.4,,OHLC,↓,LH/LL,DT,False,268,3,universe
NAVN,2026-09-24,19.43,1.41,False,23.94,-0.197,-0.93,True,49.3,0.63,48.7,False,7.24,4.88,30.0,0.0,D 趨勢弱,True,8:49,264.6,跌,252.0,26,True,0.0,-0.4596,-0.4756,-1.0167,True,False,-23.19,-3.2,22.53,-15.95,-2.2,114.2,,OHLC,↓,LH/LL,DT,False,226,3,universe
PHAT,2026-09-24,7.08,0.51,False,8.55,-0.082,-0.44,True,48.4,1.29,47.1,False,7.19,5.16,0.0,0.0,D 趨勢弱,True,8:27,253.6,跌,91.0,10,True,0.0,-0.1235,-0.1248,-0.378,True,False,-20.71,-2.88,7.76,-9.6,-1.34,10.4,,OHLC,↓,LH/LL,DT,False,268,3,universe
LENZ,2026-09-24,3.72,0.3,False,4.7,-0.131,-0.93,True,47.9,0.71,47.2,False,8.03,4.46,0.0,-10.0,D 趨勢弱,True,8:49,264.6,跌,116.0,10,True,0.0,-0.1,-0.1,-0.115,True,False,-26.43,-3.29,,,,3.4,,OHLC,—,HH/HL,DT,False,268,3,universe
TLYS,2026-09-24,4.24,0.34,False,4.51,-0.002,-0.07,True,47.8,2.48,45.3,False,7.99,4.51,43.7,-1.3,C 基底修復,False,4:06,123.2,跌,18.0,4,True,0.0,-0.0264,-0.0276,-0.0276,True,True,-6.27,-0.78,3.93,7.31,0.91,6.4,,OHLC,↑,HH/HL,次級反彈,False,187,3,universe
EVMN,2026-09-24,8.8,0.76,False,11.42,-0.249,-1.25,True,44.8,1.23,43.5,False,8.61,4.73,0.0,0.0,D 趨勢弱,True,8:49,264.6,跌,133.0,18,True,0.0,-0.1654,-0.1846,-0.3266,True,False,-29.77,-3.46,9.65,-9.66,-1.12,8.2,,OHLC,↓,LH/LL,DT,False,221,3,universe
IMUX,2026-09-24,9.32,0.92,False,12.75,-0.272,-1.14,True,43.3,1.11,42.1,False,9.84,3.94,10.5,0.2,D 趨勢弱,True,8:49,264.6,跌,132.0,19,True,0.0,-0.221,-0.2257,-0.5165,True,False,-36.84,-3.74,10.84,-16.31,-1.66,4.4,,OHLC,↓,LH/LL,DT,False,268,3,universe
UMAC,2026-09-24,23.93,1.99,False,26.72,-0.08,-0.09,True,37.3,1.67,35.6,False,8.3,7.43,70.4,17.2,C 基底修復,True,8:49,264.6,跌,147.0,23,True,0.0,-0.0227,-0.0827,-0.7621,True,False,-11.65,-1.4,23.88,0.21,0.03,63.4,,OHLC,—,LH/LL,次級反彈,True,268,3,universe
EIKN,2026-09-24,8.29,0.87,False,10.17,-0.082,-0.4,True,37.0,1.07,36.0,False,10.49,5.32,0.0,0.0,D 趨勢弱,True,8:49,264.6,跌,132.0,18,True,0.0,-0.1823,-0.1972,-0.2977,True,False,-22.66,-2.16,8.98,-8.32,-0.79,6.1,,OHLC,↓,LH/LL,DT,False,160,3,universe
CABO,2026-09-24,15.63,2.57,False,23.33,-0.498,-1.26,True,21.0,0.64,20.4,False,16.47,7.56,0.0,0.0,D 趨勢弱,True,6:54,207.2,跌,65.0,8,True,0.0,-0.0521,-0.0606,-1.3731,True,False,-49.23,-2.99,18.01,-15.23,-0.92,6.6,,OHLC,↓,LH/LL,DT,False,268,3,universe
BRK/A,2026-09-24,759200.0,9217.17,False,760307.22,-163.577,-0.43,True,96.3,0.09,96.2,True,1.21,0.91,58.4,0.2,C 基底修復,False,5:07,153.3,跌,35.0,4,False,1.0,-828.7219,-661.6174,-4360.1343,False,True,-0.15,-0.12,752464.0,0.89,0.73,177.1,,OHLC,↑,HH/HL,自然回檔,False,268,3,universe
BRK/B,2026-09-24,505.18,6.62,False,506.31,-0.144,-0.4,True,96.0,0.08,95.9,True,1.31,0.91,48.5,-9.8,C 基底修復,False,5:07,153.3,跌,35.0,4,False,1.0,-0.7258,-0.6239,-2.9348,False,True,-0.22,-0.17,501.98,0.63,0.48,2431.5,,OHLC,↑,HH/HL,自然回檔,False,268,3,universe
WMB,2026-09-24,70.58,1.85,False,73.14,-0.048,-0.07,True,87.6,0.27,87.4,True,2.62,1.62,29.1,-11.2,C 基底修復,True,7:11,215.6,跌,70.0,10,False,1.0,-0.3007,-0.2953,-0.5386,False,False,-3.63,-1.39,73.36,-3.94,-1.51,593.1,,OHLC,—,HH/HL,DT,True,268,3,universe
LTH,2026-09-24,39.86,1.42,False,42.23,-0.149,-0.86,False,81.6,-0.32,81.9,True,3.55,1.88,46.0,3.2,D 趨勢弱,True,8:49,264.6,跌,345.0,38,True,1.0,-0.2669,-0.339,-0.4972,True,False,-5.94,-1.67,43.49,-9.11,-2.56,142.6,,OHLC,↓,LH/LL,自然反彈,False,268,3,universe
CHDN,2026-09-24,79.41,2.69,False,85.8,-0.288,-0.51,False,81.5,-0.27,81.7,True,3.39,2.07,4.6,0.9,D 趨勢弱,True,8:49,264.6,跌,177.0,21,True,1.0,-0.5088,-0.5241,-0.8732,True,False,-8.04,-2.37,82.65,-4.08,-1.2,91.4,,OHLC,↓,LH/LL,DT,False,268,3,universe
RRR,2026-09-24,51.63,1.84,False,55.15,-0.529,-1.71,False,81.5,-0.23,81.7,True,3.57,1.89,7.5,2.1,D 趨勢弱,True,8:49,264.6,跌,689.0,56,True,1.0,-0.2241,-0.3894,-0.6185,True,False,-6.82,-1.91,55.9,-8.27,-2.32,65.2,,OHLC,↓,LH/LL,自然反彈,False,268,3,universe
MORN,2026-09-24,196.41,7.12,True,206.65,0.03,-0.0,False,78.3,-0.69,79.0,True,3.63,2.44,35.8,-11.4,C 基底修復,True,8:49,264.6,跌,161.0,19,False,1.0,-1.3054,-1.2732,-3.9737,False,False,-5.22,-1.44,203.83,-3.78,-1.04,65.8,,OHLC,↓,LH/LL,次級反彈,False,268,3,universe
LYFT,2026-09-24,14.75,0.6,False,16.39,-0.065,-0.6,True,74.5,0.61,73.9,False,4.05,2.72,17.2,-0.2,D 趨勢弱,True,8:49,264.6,跌,154.0,21,True,1.0,-0.1496,-0.1609,-0.3383,True,False,-11.12,-2.75,15.9,-7.8,-1.93,159.9,,OHLC,↓,LH/LL,DT,False,268,3,universe
ADBE,2026-09-24,238.93,9.78,False,262.59,-0.439,-0.37,True,72.6,0.25,72.3,False,4.09,3.05,2.4,0.1,D 趨勢弱,True,8:49,264.6,跌,308.0,15,True,1.0,-3.4698,-3.6442,-5.1951,True,False,-9.9,-2.42,254.67,-6.59,-1.61,1498.3,,OHLC,↓,LH/LL,DT,False,268,3,universe
FLOC,2026-09-24,19.5,0.86,False,21.25,-0.159,-0.55,True,72.6,0.84,71.7,False,4.41,2.74,16.9,4.5,D 趨勢弱,True,8:49,264.6,跌,200.0,22,True,1.0,-0.1483,-0.17,-0.2185,True,False,-8.95,-2.03,20.54,-5.33,-1.21,11.7,,OHLC,—,LH/LL,自然反彈,True,268,3,universe
BLKB,2026-09-24,43.27,1.62,False,45.31,-0.034,-0.48,True,72.5,0.62,71.9,False,3.74,3.41,48.2,18.0,D 趨勢弱,True,8:49,264.6,跌,161.0,28,True,1.0,-0.5928,-0.6968,-0.8803,True,False,-4.71,-1.26,45.67,-5.55,-1.48,19.7,,OHLC,↓,LH/LL,自然反彈,False,268,3,universe
RIG,2026-09-24,5.43,0.23,False,5.76,-0.008,-0.02,True,72.4,0.52,71.9,False,4.31,2.86,19.8,-1.2,C 基底修復,True,8:34,257.1,跌,93.0,13,True,1.0,-0.0501,-0.0504,-0.0562,True,False,-6.02,-1.4,5.94,-9.39,-2.18,252.8,,OHLC,↓,LH/LL,DT,False,268,3,universe
PEGA,2026-09-24,34.23,1.44,True,35.48,0.062,0.18,False,69.0,-0.96,70.0,False,4.21,3.61,39.3,1.9,D 趨勢弱,True,8:49,264.6,跌,108.0,7,False,1.0,-0.4336,-0.3869,-0.4336,False,True,-3.64,-0.86,38.83,-13.44,-3.19,88.8,,OHLC,↓,LH/LL,DT,False,268,3,universe
VAC,2026-09-24,100.75,4.06,False,106.6,-0.526,-1.14,True,68.4,0.35,68.0,False,4.03,3.92,47.1,-2.0,D 趨勢弱,True,8:49,264.6,跌,190.0,25,True,1.0,-0.2253,-0.2718,-2.5939,True,False,-5.81,-1.44,103.59,-2.82,-0.7,51.2,,OHLC,—,LH/LL,DT,True,268,3,universe
TPB,2026-09-24,60.12,3.31,False,72.81,-0.994,-2.62,True,65.6,0.17,65.4,False,5.51,2.98,0.0,0.0,D 趨勢弱,True,8:49,264.6,跌,173.0,20,True,1.0,-1.281,-1.3738,-1.3882,True,False,-21.11,-3.83,88.26,-46.81,-8.5,25.7,,OHLC,↓,LH/LL,DT,False,268,3,universe
EFOR,2026-09-24,32.43,1.68,True,32.13,0.008,0.06,False,61.7,-0.68,62.4,False,5.2,4.08,37.2,-0.8,D 趨勢弱,True,8:49,264.6,跌,343.0,27,False,1.0,-0.1677,-0.1371,-0.5825,False,True,0.93,0.18,32.28,0.46,0.09,23.9,,OHLC,—,HH/HL,次級回檔,True,268,3,universe
WRBY,2026-09-24,26.27,1.58,True,24.84,0.043,-0.36,False,59.5,-1.76,61.3,False,6.0,3.74,53.4,37.9,B 上升結構,True,9:46,292.9,升,13.0,1,False,1.0,0.1274,-0.089,,False,True,5.43,0.91,22.47,14.47,2.41,73.5,,OHLC,↑,HH/HL,UT,False,268,3,universe
TEAM,2026-09-24,192.61,8.5,True,180.44,1.108,1.62,True,58.4,0.17,58.3,False,4.41,5.56,65.7,-1.7,E 延伸,True,8:49,264.6,跌,126.0,14,False,1.0,-1.8578,-1.7989,-3.2948,False,False,6.32,1.43,198.47,-3.04,-0.69,679.9,,OHLC,—,LH/LL,自然反彈,False,268,3,universe
RXST,2026-09-24,4.73,0.35,False,6.15,-0.102,-0.81,True,52.5,0.17,52.3,False,7.36,3.97,10.0,0.0,D 趨勢弱,True,8:49,264.6,跌,129.0,15,True,1.0,-0.1682,-0.1741,-0.1793,True,False,-30.04,-4.08,,,,4.8,,OHLC,—,HH/HL,DT,False,268,3,universe
FIG,2026-09-24,21.34,1.41,False,25.11,-0.053,-0.1,True,50.5,0.41,50.1,False,6.61,5.21,10.2,0.2,D 趨勢弱,True,8:49,264.6,跌,137.0,16,True,1.0,-0.3155,-0.3206,-0.8003,True,False,-17.68,-2.68,23.91,-12.04,-1.82,383.2,,OHLC,↓,LH/LL,DT,False,268,3,universe
SOMN,2026-09-24,44.77,0.56,False,47.47,-0.018,-0.27,True,96.5,0.13,96.3,True,1.26,0.82,12.4,-0.7,D 趨勢弱,True,8:49,264.6,跌,104.0,10,False,2.0,-0.1806,-0.1674,-0.1806,False,False,-6.02,-4.77,48.24,-7.75,-6.15,17.2,,OHLC,↓,LH/LL,DT,False,223,3,universe
FTS,2026-09-24,53.08,0.76,False,54.9,-0.15,-0.57,True,95.7,0.11,95.6,True,1.43,0.89,26.3,-10.3,D 趨勢弱,True,8:43,261.4,跌,95.0,10,False,2.0,-0.0743,-0.0563,-0.3153,False,False,-3.42,-2.39,54.66,-2.98,-2.08,40.1,,OHLC,↓,LH/LL,DT,False,268,3,universe
ARLP,2026-09-24,25.2,0.52,True,26.01,0.02,0.45,False,92.3,-0.99,93.3,True,2.07,1.13,32.9,-12.8,D 趨勢弱,True,8:49,264.6,跌,120.0,9,False,2.0,-0.1624,-0.1377,-0.1624,False,False,-3.21,-1.55,26.94,-6.9,-3.33,5.8,,OHLC,—,LH/LL,自然回檔,False,268,3,universe
KRNY,2026-09-24,9.3,0.21,False,9.75,-0.007,-0.09,True,90.5,0.3,90.2,True,2.28,1.34,58.7,-1.5,C 基底修復,True,8:49,264.6,跌,114.0,12,False,2.0,-0.0721,-0.0661,-0.0721,False,False,-4.86,-2.13,10.24,-10.11,-4.43,5.5,,OHLC,↓,LH/LL,DT,False,268,3,universe
DTM,2026-09-24,124.75,3.03,False,129.16,-0.303,-0.49,True,89.8,0.25,89.5,True,2.43,1.37,19.3,-2.3,D 趨勢弱,True,9:53,296.7,升,15.0,2,False,2.0,0.0223,0.0153,,False,False,-3.53,-1.46,132.54,-6.24,-2.57,115.1,,OHLC,—,LH/LL,DT,True,268,3,universe
EHC,2026-09-24,122.01,2.74,False,121.85,-0.074,-0.23,False,88.0,-0.15,88.1,True,2.24,1.93,65.7,-1.0,A 待突破,True,8:49,264.6,跌,175.0,26,False,2.0,-0.24,-0.2212,-0.7783,False,True,0.13,0.06,120.07,1.59,0.71,100.9,,OHLC,—,HH/HL,UT,True,268,3,universe
AIV,2026-09-24,2.18,0.06,False,2.4,-0.02,-1.64,False,87.9,-0.38,88.3,True,2.97,1.22,0.0,0.0,D 趨勢弱,True,8:49,264.6,跌,116.0,11,True,2.0,-0.0157,-0.0201,-0.0278,True,False,-9.99,-3.36,2.59,-18.81,-6.34,4.4,,OHLC,↓,LH/LL,DT,False,268,3,universe
DE,2026-09-24,694.94,17.2,True,659.9,1.969,0.73,False,86.1,-0.4,86.5,True,2.47,2.07,57.4,-2.7,E 延伸,True,9:56,298.0,升,16.0,2,False,2.0,0.1462,0.7411,,False,False,5.04,2.04,669.47,3.67,1.48,925.3,,OHLC,↑,HH/HL,自然回檔,False,268,3,universe
WH,2026-09-24,69.25,2.03,False,71.44,-0.181,-0.53,True,85.5,0.09,85.4,True,2.94,1.73,7.5,-2.0,D 趨勢弱,True,9:51,295.7,升,14.0,2,False,2.0,0.1134,0.0015,,False,False,-3.17,-1.08,69.17,0.12,0.04,88.3,,OHLC,—,LH/LL,自然反彈,True,268,3,universe
ROP,2026-09-24,364.02,10.2,False,392.94,-0.933,-0.92,False,84.0,-0.16,84.2,True,2.8,2.17,9.1,-0.3,D 趨勢弱,True,8:49,264.6,跌,116.0,16,True,2.0,-4.4163,-4.8931,-5.5494,True,False,-7.94,-2.84,364.21,-0.05,-0.02,328.4,,OHLC,↓,LH/LL,DT,False,268,3,universe
DLB,2026-09-24,57.56,1.81,False,61.46,-0.099,-0.47,False,81.3,-0.68,82.0,True,3.14,2.34,4.6,-1.2,D 趨勢弱,True,8:49,264.6,跌,203.0,20,True,2.0,-0.6516,-0.7073,-0.887,True,False,-6.78,-2.15,56.87,1.2,0.38,66.4,,OHLC,—,HH/HL,DT,False,268,3,universe
CPB,2026-09-24,19.85,0.72,False,22.13,-0.052,-0.47,False,79.0,-0.35,79.4,True,3.65,2.28,0.0,0.0,D 趨勢弱,True,8:49,264.6,跌,146.0,15,True,2.0,-0.1845,-0.186,-0.3182,True,False,-11.48,-3.14,20.34,-2.47,-0.68,188.2,,OHLC,↓,LH/LL,DT,False,268,3,universe
PTCT,2026-09-24,62.28,2.19,False,68.44,-0.518,-0.88,True,78.8,0.42,78.3,True,3.52,2.46,0.3,-2.7,D 趨勢弱,True,7:42,231.2,跌,78.0,13,False,2.0,-0.3687,-0.2869,-1.4221,False,False,-9.88,-2.81,68.0,-9.18,-2.61,76.5,,OHLC,↓,LH/LL,DT,False,268,3,universe
MLKN,2026-09-24,19.91,0.86,False,21.72,-0.124,-1.1,False,75.9,-0.42,76.4,True,4.32,2.19,25.5,-1.2,D 趨勢弱,True,8:49,264.6,跌,376.0,32,True,2.0,-0.1839,-0.1918,-0.2961,True,False,-9.11,-2.11,21.26,-6.78,-1.57,15.9,,OHLC,↓,LH/LL,DT,False,268,3,universe
MOS,2026-09-24,23.69,1.09,True,24.28,0.02,0.15,False,73.7,-0.47,74.2,False,4.59,2.34,22.6,-0.8,D 趨勢弱,True,8:49,264.6,跌,122.0,7,False,2.0,-0.258,-0.212,-0.258,False,True,-2.47,-0.54,24.73,-4.39,-0.96,203.7,,OHLC,↓,LH/LL,DT,False,268,3,universe
VAL,2026-09-24,81.79,3.44,False,85.67,-0.125,-0.05,True,73.7,0.45,73.2,False,4.21,2.73,36.6,-1.1,C 基底修復,True,8:49,264.6,跌,98.0,13,True,2.0,-0.5978,-0.6058,-0.844,True,False,-4.74,-1.13,88.23,-7.87,-1.87,111.9,,OHLC,—,LH/LL,DT,True,268,3,universe
BH,2026-09-24,348.61,16.73,False,375.14,-0.822,-0.3,True,73.2,1.0,72.2,False,4.8,2.22,29.7,-0.1,C 基底修復,True,6:25,192.4,跌,57.0,14,True,2.0,-1.8262,-2.4532,-4.6657,True,False,-7.61,-1.59,355.72,-2.04,-0.43,59.9,,OHLC,↓,LH/LL,DT,False,268,3,universe
INR,2026-09-24,13.38,0.58,False,14.19,-0.046,-0.4,True,73.0,0.48,72.5,False,4.35,2.72,7.5,4.9,D 趨勢弱,True,8:49,264.6,跌,166.0,11,True,2.0,-0.2506,-0.3133,-0.3819,True,False,-6.04,-1.39,12.24,8.52,1.96,4.4,,OHLC,↑,HH/HL,UT,False,268,3,universe
FOXF,2026-09-24,18.52,0.77,False,20.17,-0.113,-0.56,True,72.7,0.95,71.7,False,4.13,2.99,33.1,0.4,D 趨勢弱,True,8:49,264.6,跌,305.0,21,True,2.0,-0.1883,-0.2031,-0.2615,True,False,-8.91,-2.16,19.09,-3.08,-0.75,8.5,,OHLC,↓,LH/LL,自然反彈,False,268,3,universe
LAD,2026-09-24,309.6,12.09,False,348.99,-2.818,-1.41,True,72.7,0.44,72.2,False,3.91,3.21,9.4,-0.0,D 趨勢弱,True,8:49,264.6,跌,191.0,34,True,2.0,-6.328,-6.9737,-7.0776,True,False,-12.72,-3.26,386.81,-24.94,-6.38,94.7,,OHLC,↓,LH/LL,DT,False,268,3,universe
TDW,2026-09-24,86.82,3.37,False,92.17,-0.086,0.04,True,70.8,0.7,70.1,False,3.88,3.59,53.8,12.1,B 上升結構,True,8:49,264.6,跌,195.0,21,True,2.0,-1.1076,-1.2613,-1.4465,True,False,-6.16,-1.59,84.87,2.25,0.58,55.7,,OHLC,—,HH/HL,DT,False,268,3,universe
BTU,2026-09-24,25.68,1.26,True,27.29,0.015,0.15,False,67.2,-1.31,68.5,False,4.91,3.26,19.3,-1.8,D 趨勢弱,True,8:21,250.5,跌,89.0,11,True,2.0,-0.4232,-0.4281,-0.5713,True,False,-6.26,-1.28,26.79,-4.32,-0.88,74.0,,OHLC,↓,LH/LL,自然回檔,False,268,3,universe
RILY,2026-09-24,5.74,0.29,False,6.68,-0.057,-1.08,True,67.2,0.9,66.3,False,4.99,3.18,5.0,0.0,D 趨勢弱,True,8:49,264.6,跌,114.0,12,True,2.0,-0.0625,-0.0663,-0.0981,True,False,-16.35,-3.27,6.13,-6.79,-1.36,3.4,,OHLC,↓,LH/LL,DT,False,268,3,universe
BROS,2026-09-24,38.51,1.84,False,45.7,-0.329,-1.74,True,66.7,0.98,65.7,False,4.78,3.5,0.0,0.0,D 趨勢弱,True,8:02,241.2,跌,84.0,12,True,2.0,-0.1316,-0.2004,-1.8481,True,False,-18.68,-3.91,48.13,-24.98,-5.23,186.6,,OHLC,↓,LH/LL,DT,False,268,3,universe
WNC,2026-09-24,11.71,0.63,False,12.65,-0.019,-0.18,True,65.0,0.71,64.3,False,5.4,3.22,49.8,-4.5,C 基底修復,True,7:02,211.2,跌,67.0,11,True,2.0,-0.1459,-0.1542,-0.2419,True,False,-8.06,-1.49,12.77,-9.05,-1.68,8.9,,OHLC,—,HH/HL,DT,False,268,3,universe
LOVE,2026-09-24,14.7,0.77,False,15.2,-0.058,-0.54,True,63.6,0.74,62.9,False,5.26,3.62,25.5,2.4,C 基底修復,True,9:45,292.5,升,12.0,1,False,2.0,0.0014,-0.0513,,False,True,-3.39,-0.64,14.94,-1.63,-0.31,4.9,,OHLC,—,LH/LL,自然反彈,True,268,3,universe
HL,2026-09-24,17.94,1.01,True,19.39,0.003,0.2,True,60.0,0.31,59.7,False,5.62,4.02,11.8,-14.4,D 趨勢弱,True,8:49,264.6,跌,170.0,17,False,2.0,-0.3181,-0.311,-0.4361,False,False,-8.1,-1.44,18.96,-5.69,-1.01,694.7,,OHLC,↓,LH/LL,DT,False,268,3,universe
SPTX,2026-09-24,21.12,1.95,False,23.09,-0.064,-0.47,True,43.2,0.45,42.8,False,9.24,4.55,5.6,-3.7,D 趨勢弱,True,8:49,264.6,跌,284.0,18,True,2.0,-0.3342,-0.3454,-0.4403,True,False,-9.35,-1.01,22.39,-6.01,-0.65,5.8,,OHLC,↓,LH/LL,DT,False,101,3,universe
STIM,2026-09-24,2.82,0.2,False,2.99,-0.026,-0.06,True,41.4,0.27,41.1,False,7.23,7.12,66.2,-6.0,B 上升結構,True,8:49,264.6,跌,189.0,23,False,2.0,-0.0346,-0.0328,-0.0819,False,True,-6.18,-0.86,2.91,-3.19,-0.44,3.7,,OHLC,↓,LH/LL,DT,False,268,3,universe
FLNC,2026-09-24,7.46,0.7,False,9.63,-0.138,-1.95,True,40.5,0.8,39.7,False,9.44,5.2,0.0,0.0,D 趨勢弱,True,6:54,207.2,跌,65.0,7,True,2.0,-0.0961,-0.132,-0.1741,True,False,-29.02,-3.08,9.93,-33.11,-3.51,73.5,,OHLC,↓,LH/LL,自然反彈,False,268,3,universe
ARCC,2026-09-24,19.13,0.28,False,19.73,-0.028,-0.36,True,95.2,0.03,95.2,True,1.46,1.01,26.8,0.3,D 趨勢弱,True,8:49,264.6,跌,294.0,25,False,3.0,-0.0863,-0.0838,-0.0933,False,False,-3.15,-2.16,19.9,-4.03,-2.76,91.2,,OHLC,↓,LH/LL,DT,False,268,3,universe
WPC,2026-09-24,65.95,1.08,False,69.12,-0.152,-1.04,True,94.6,0.11,94.5,True,1.64,1.0,18.5,-1.4,D 趨勢弱,True,8:49,264.6,跌,113.0,12,False,3.0,-0.2178,-0.2347,-0.5269,True,False,-4.8,-2.93,67.89,-2.94,-1.79,105.9,,OHLC,↓,LH/LL,DT,False,268,3,universe
WEC,2026-09-24,100.9,1.63,False,105.94,-0.494,-0.81,True,94.5,0.11,94.4,True,1.61,1.05,15.5,0.4,D 趨勢弱,True,6:09,184.4,跌,52.0,8,False,3.0,-0.258,-0.203,-0.6276,False,False,-4.99,-3.1,107.33,-6.37,-3.96,267.8,,OHLC,↓,LH/LL,DT,False,268,3,universe
CTO,2026-09-24,20.55,0.35,False,21.18,-0.043,-0.99,True,94.4,0.03,94.3,True,1.69,1.01,43.6,3.0,C 基底修復,True,8:49,264.6,跌,542.0,44,False,3.0,-0.0496,-0.0807,-0.1101,True,False,-3.05,-1.81,21.68,-5.5,-3.26,8.5,,OHLC,↓,LH/LL,DT,False,268,3,universe
KYN,2026-09-24,14.11,0.24,False,14.72,-0.016,-0.1,True,94.2,0.19,94.0,True,1.67,1.07,49.8,9.6,C 基底修復,True,7:24,222.0,跌,73.0,11,False,3.0,-0.089,-0.0871,-0.089,False,False,-4.35,-2.6,,,,4.5,,OHLC,—,HH/HL,DT,False,268,3,universe
CRF,2026-09-24,6.15,0.1,False,6.45,-0.026,-1.08,True,94.0,0.11,93.9,True,1.62,1.17,9.9,0.5,D 趨勢弱,True,9:56,298.0,升,16.0,2,False,3.0,0.007,0.0005,,False,False,-4.9,-3.03,6.49,-5.53,-3.42,10.1,,OHLC,↓,LH/LL,DT,False,268,3,universe
MSDL,2026-09-24,14.33,0.25,False,15.1,-0.03,-0.42,True,93.7,0.14,93.6,True,1.75,1.12,21.5,-0.8,D 趨勢弱,True,8:49,264.6,跌,276.0,20,False,3.0,-0.0478,-0.0409,-0.087,False,False,-5.4,-3.09,15.05,-5.02,-2.87,5.7,,OHLC,↓,LH/LL,DT,False,268,3,universe
NNN,2026-09-24,41.18,0.76,False,43.86,-0.144,-1.45,True,93.6,0.03,93.6,True,1.84,1.05,14.1,-0.1,D 趨勢弱,True,8:49,264.6,跌,552.0,40,False,3.0,-0.1862,-0.2138,-0.4301,True,False,-6.51,-3.54,46.34,-12.53,-6.81,77.4,,OHLC,↓,LH/LL,DT,False,268,3,universe
UTG,2026-09-24,34.95,0.63,False,37.59,-0.154,-0.96,True,93.4,0.09,93.3,True,1.79,1.15,9.4,-1.6,D 趨勢弱,True,7:51,235.6,跌,81.0,9,False,3.0,-0.1806,-0.1618,-0.1931,False,False,-7.54,-4.22,38.88,-11.24,-6.29,13.0,,OHLC,↓,LH/LL,DT,False,268,3,universe
SPH,2026-09-24,16.48,0.28,False,17.32,-0.049,-0.65,True,93.3,0.12,93.2,True,1.71,1.24,11.3,-0.1,D 趨勢弱,True,6:46,203.2,跌,63.0,13,False,3.0,-0.0523,-0.0448,-0.1107,False,False,-5.11,-2.98,17.55,-6.49,-3.79,3.6,,OHLC,↓,LH/LL,DT,False,268,3,universe
HSBC,2026-09-24,100.17,1.69,False,103.35,-0.149,-0.26,True,93.1,0.19,93.0,True,1.69,1.32,50.6,-1.1,C 基底修復,True,8:30,255.0,跌,92.0,11,False,3.0,-0.5211,-0.4899,-0.5414,False,False,-3.17,-1.88,103.21,-3.03,-1.8,136.2,,OHLC,↓,LH/LL,DT,False,268,3,universe
WCN,2026-09-24,155.93,2.9,False,162.19,-0.431,-0.87,True,93.1,0.02,93.1,True,1.86,1.16,21.3,2.0,D 趨勢弱,True,8:49,264.6,跌,184.0,20,False,3.0,-0.4543,-0.6167,-1.0223,True,False,-4.01,-2.16,167.24,-7.25,-3.91,178.8,,OHLC,↓,LH/LL,DT,False,268,3,universe
FCPT,2026-09-24,22.14,0.43,False,23.93,-0.165,-1.51,True,92.6,0.37,92.3,True,1.95,1.18,12.5,-0.1,D 趨勢弱,True,8:49,264.6,跌,222.0,18,False,3.0,-0.1861,-0.1999,-0.2245,True,False,-8.08,-4.14,23.57,-6.46,-3.31,26.2,,OHLC,↓,LH/LL,DT,False,268,3,universe
SLRC,2026-09-24,11.68,0.21,False,12.39,-0.042,-0.92,True,92.4,0.08,92.4,True,1.8,1.38,7.7,0.1,D 趨勢弱,True,8:49,264.6,跌,170.0,13,False,3.0,-0.0476,-0.0406,-0.0526,False,False,-6.12,-3.4,12.37,-5.91,-3.29,4.3,,OHLC,↓,LH/LL,DT,False,268,3,universe
TRIN,2026-09-24,17.49,0.33,False,18.14,-0.021,-0.14,True,92.4,0.18,92.2,True,1.9,1.3,49.3,-1.3,C 基底修復,True,8:49,264.6,跌,145.0,17,False,3.0,-0.0678,-0.0655,-0.1144,False,False,-3.7,-1.95,18.01,-2.97,-1.57,16.7,,OHLC,↓,LH/LL,DT,False,268,3,universe
EPR,2026-09-24,56.81,1.14,False,59.17,-0.12,-0.62,True,92.3,0.19,92.1,True,2.0,1.2,35.1,0.3,C 基底修復,True,8:49,264.6,跌,429.0,38,False,3.0,-0.1638,-0.1729,-0.4336,True,False,-4.15,-2.07,57.84,-1.81,-0.9,53.0,,OHLC,↓,LH/LL,DT,False,268,3,universe
INGR,2026-09-24,96.49,1.94,False,101.88,-0.213,-0.63,True,92.2,0.15,92.1,True,2.01,1.21,9.3,0.5,D 趨勢弱,True,8:49,264.6,跌,135.0,21,False,3.0,-0.4159,-0.4443,-0.6673,True,False,-5.58,-2.77,102.24,-5.96,-2.96,62.0,,OHLC,↓,LH/LL,DT,False,268,3,universe
CWT,2026-09-24,46.0,0.93,False,49.29,-0.115,-0.5,True,92.1,0.07,92.0,True,2.03,1.23,29.5,0.3,D 趨勢弱,True,8:49,264.6,跌,655.0,45,False,3.0,-0.3014,-0.2868,-0.3644,False,False,-7.16,-3.53,50.85,-10.54,-5.2,24.4,,OHLC,↓,LH/LL,DT,False,268,3,universe
USB,2026-09-24,58.4,1.15,False,61.84,-0.174,-0.74,True,92.1,0.21,91.9,True,1.97,1.29,36.5,-0.1,C 基底修復,True,8:49,264.6,跌,568.0,49,False,3.0,-0.3839,-0.364,-0.43,False,False,-5.89,-2.98,63.36,-8.49,-4.3,474.3,,OHLC,↓,LH/LL,DT,False,268,3,universe
BNL,2026-09-24,18.9,0.39,False,20.43,-0.068,-1.03,True,92.0,0.23,91.7,True,2.05,1.24,13.0,-1.5,D 趨勢弱,True,8:49,264.6,跌,176.0,18,False,3.0,-0.1369,-0.1496,-0.2268,True,False,-8.09,-3.94,21.37,-13.07,-6.37,39.0,,OHLC,↓,LH/LL,DT,False,268,3,universe
LADR,2026-09-24,9.09,0.18,False,9.68,-0.045,-0.58,True,91.9,0.33,91.6,True,2.01,1.3,8.9,0.8,D 趨勢弱,True,8:49,264.6,跌,338.0,19,False,3.0,-0.0602,-0.0532,-0.0602,False,False,-6.51,-3.23,9.86,-8.47,-4.21,11.7,,OHLC,↓,LH/LL,DT,False,268,3,universe
MTB,2026-09-24,218.66,4.43,False,236.44,-0.956,-0.96,True,91.9,0.1,91.8,True,2.02,1.28,19.8,-0.4,C 基底修復,True,6:50,205.2,跌,64.0,8,False,3.0,-1.5523,-1.4593,-2.0155,False,False,-8.13,-4.01,240.06,-9.79,-4.83,257.7,,OHLC,↓,LH/LL,DT,False,268,3,universe
VLTO,2026-09-24,96.2,1.78,False,96.83,-0.014,-0.32,False,91.9,-0.06,91.9,True,1.85,1.47,48.4,11.1,C 基底修復,True,8:49,264.6,跌,318.0,31,False,3.0,-0.035,-0.1099,-0.7458,True,True,-0.65,-0.35,97.11,-0.95,-0.51,167.0,,OHLC,—,LH/LL,自然反彈,True,268,3,universe
SPFI,2026-09-24,42.85,0.89,False,44.3,-0.068,-0.24,True,91.4,0.1,91.3,True,2.08,1.35,40.5,-0.5,C 基底修復,True,7:03,211.3,跌,67.0,8,False,3.0,-0.1719,-0.1334,-0.2718,False,False,-3.38,-1.62,44.5,-3.85,-1.85,5.5,,OHLC,↓,LH/LL,DT,False,268,3,universe
RF,2026-09-24,27.26,0.57,False,29.81,-0.146,-1.24,True,91.2,0.13,91.0,True,2.09,1.39,15.8,-1.0,D 趨勢弱,True,8:49,264.6,跌,254.0,35,False,3.0,-0.2377,-0.224,-0.2377,False,False,-9.34,-4.46,28.03,-2.82,-1.35,235.6,,OHLC,↓,LH/LL,DT,False,268,3,universe
SIGI,2026-09-24,85.77,1.85,False,89.79,-0.254,-1.03,True,91.1,0.15,90.9,True,2.15,1.35,23.9,-0.1,D 趨勢弱,True,7:12,215.8,跌,70.0,12,False,3.0,-0.3155,-0.2922,-0.6663,False,False,-4.69,-2.18,93.2,-8.66,-4.02,40.9,,OHLC,↓,LH/LL,DT,False,268,3,universe
TFC,2026-09-24,47.18,1.04,False,50.05,-0.165,-0.84,True,90.7,0.34,90.3,True,2.21,1.38,20.6,1.5,D 趨勢弱,True,7:12,215.8,跌,70.0,12,False,3.0,-0.2802,-0.2673,-0.321,False,False,-6.07,-2.75,48.68,-3.18,-1.44,370.4,,OHLC,↓,LH/LL,DT,False,268,3,universe
NTST,2026-09-24,18.47,0.42,False,19.86,-0.061,-0.94,True,90.0,0.26,89.7,True,2.29,1.46,14.8,1.6,D 趨勢弱,True,8:09,244.7,跌,86.0,14,False,3.0,-0.096,-0.1363,-0.2458,True,False,-7.53,-3.29,20.8,-12.62,-5.52,24.3,,OHLC,↓,LH/LL,DT,False,268,3,universe
NMFC,2026-09-24,7.01,0.16,False,7.37,-0.021,-0.79,True,89.5,0.05,89.5,True,2.24,1.6,7.1,-0.3,D 趨勢弱,True,8:49,264.6,跌,229.0,22,False,3.0,-0.0305,-0.0329,-0.0583,True,False,-5.13,-2.29,7.64,-8.99,-4.01,3.4,,OHLC,↓,LH/LL,自然反彈,False,268,3,universe
HBAN,2026-09-24,15.31,0.35,False,16.55,-0.104,-1.14,True,89.3,0.12,89.2,True,2.31,1.57,13.0,-0.2,D 趨勢弱,True,6:07,183.3,跌,52.0,7,False,3.0,-0.1147,-0.1069,-0.1791,False,False,-8.12,-3.51,16.36,-6.86,-2.96,473.9,,OHLC,↓,LH/LL,DT,False,268,3,universe
NVR,2026-09-24,6235.49,138.61,False,6274.67,-2.547,-0.17,True,89.2,0.21,89.0,True,2.22,1.69,12.7,-0.7,D 趨勢弱,False,10:10,304.8,升,19.0,3,False,3.0,7.0135,7.0352,,False,True,-0.63,-0.28,6150.47,1.36,0.61,261.5,,OHLC,—,HH/HL,自然反彈,True,268,3,universe
CFG,2026-09-24,64.73,1.51,False,69.31,-0.319,-0.93,True,89.0,0.28,88.7,True,2.33,1.63,28.6,0.6,C 基底修復,True,6:18,188.8,跌,55.0,7,False,3.0,-0.4798,-0.4633,-0.5745,False,False,-7.08,-3.04,70.83,-9.42,-4.05,257.3,,OHLC,↓,LH/LL,DT,False,268,3,universe
MWA,2026-09-24,21.47,0.53,False,23.51,-0.135,-1.97,True,88.4,0.05,88.3,True,2.49,1.6,1.1,-0.3,D 趨勢弱,True,8:49,264.6,跌,207.0,29,False,3.0,-0.1432,-0.1487,-0.1922,True,False,-9.5,-3.82,25.4,-18.3,-7.36,31.7,,OHLC,↓,LH/LL,DT,False,268,3,universe
XMAX,2026-09-24,8.75,0.2,False,8.8,-0.013,-0.3,True,88.4,0.45,87.9,True,2.32,1.76,30.4,-11.3,C 基底修復,False,10:57,328.7,升,33.0,3,False,3.0,0.0066,0.0063,,False,True,-0.51,-0.22,8.88,-1.49,-0.64,4.8,,OHLC,—,LH/LL,次級反彈,True,187,3,universe
GSBD,2026-09-24,9.53,0.22,False,9.85,-0.002,0.27,True,88.1,0.17,87.9,True,2.27,1.87,52.2,-2.5,C 基底修復,True,8:49,264.6,跌,178.0,16,False,3.0,-0.0457,-0.0375,-0.0878,False,False,-3.37,-1.48,9.58,-0.52,-0.23,8.0,,OHLC,↑,HH/HL,自然回檔,False,268,3,universe
MS,2026-09-24,196.32,4.93,False,209.9,-0.753,-0.62,True,87.6,0.13,87.4,True,2.51,1.75,33.0,-8.0,C 基底修復,True,7:00,210.0,跌,67.0,9,False,3.0,-1.4398,-1.3261,-1.932,False,False,-6.92,-2.75,218.51,-11.3,-4.5,1017.9,,OHLC,↓,LH/LL,DT,False,268,3,universe
C,2026-09-24,132.1,3.42,False,134.44,-0.148,-0.17,True,87.3,0.45,86.8,True,2.59,1.73,49.5,-0.7,C 基底修復,False,5:58,179.2,跌,50.0,7,False,3.0,-0.4582,-0.4521,-0.7676,False,True,-1.77,-0.68,133.82,-1.3,-0.5,1333.7,,OHLC,—,HH/HL,自然回檔,False,268,3,universe
NWS,2026-09-24,31.56,0.76,False,33.54,-0.017,-0.33,True,87.3,0.42,86.9,True,2.41,1.89,31.3,1.2,D 趨勢弱,True,8:49,264.6,跌,212.0,17,False,3.0,-0.3159,-0.3059,-0.3361,False,False,-6.28,-2.61,33.86,-7.29,-3.02,44.6,,OHLC,↓,LH/LL,DT,False,268,3,universe
JAZZ,2026-09-24,236.28,6.46,False,247.2,-0.272,-0.38,True,86.6,0.43,86.2,True,2.73,1.72,58.2,-1.4,C 基底修復,True,8:49,264.6,跌,275.0,21,False,3.0,-0.7455,-0.685,-2.0631,False,False,-4.62,-1.69,245.87,-4.06,-1.48,238.0,,OHLC,↓,LH/LL,DT,False,268,3,universe
CRVL,2026-09-24,73.73,1.97,True,69.63,0.256,0.86,True,86.4,0.36,86.0,True,2.67,1.83,59.0,-0.5,A 待突破,False,10:16,307.9,升,21.0,3,False,3.0,0.2003,0.1689,,False,False,5.56,2.08,70.51,4.37,1.63,14.9,,OHLC,↑,HH/HL,UT,False,268,3,universe
LLYVK,2026-09-24,99.7,2.73,False,101.56,-0.2,-0.41,False,86.4,-0.01,86.4,True,2.73,1.76,33.5,0.9,C 基底修復,True,9:44,292.2,升,12.0,1,False,3.0,0.1548,-0.0017,,False,True,-1.87,-0.68,98.86,0.84,0.31,29.7,,OHLC,—,LH/LL,自然反彈,True,268,3,universe
ASH,2026-09-24,69.1,1.94,False,71.9,-0.2,-0.69,True,86.3,0.1,86.2,True,2.81,1.7,47.7,-1.1,C 基底修復,True,8:49,264.6,跌,258.0,29,False,3.0,-0.3624,-0.4183,-0.6667,True,False,-4.06,-1.45,71.73,-3.81,-1.36,47.5,,OHLC,—,LH/LL,DT,True,268,3,universe
VMC,2026-09-24,241.7,6.52,False,259.29,-1.236,-1.2,True,86.3,0.39,85.9,True,2.7,1.81,3.2,-0.4,D 趨勢弱,True,8:49,264.6,跌,208.0,27,False,3.0,-0.2142,-0.2568,-1.8973,True,False,-7.28,-2.7,247.87,-2.55,-0.95,293.9,,OHLC,—,LH/LL,自然回檔,True,268,3,universe
EXE,2026-09-24,88.62,2.48,False,93.3,-0.339,-0.88,True,86.0,0.42,85.6,True,2.79,1.78,8.6,3.3,D 趨勢弱,True,8:49,264.6,跌,110.0,13,False,3.0,-0.9865,-1.2213,-1.3656,True,False,-5.28,-1.89,85.3,3.75,1.34,291.7,,OHLC,—,HH/HL,DT,False,268,3,universe
MCK,2026-09-24,869.36,22.81,False,884.18,-0.158,0.0,False,85.8,-0.51,86.3,True,2.62,1.99,35.2,-14.8,C 基底修復,True,8:49,264.6,跌,152.0,12,False,3.0,-4.2806,-3.5943,-5.4753,False,True,-1.7,-0.65,910.95,-4.78,-1.82,846.4,,OHLC,—,LH/LL,DT,True,268,3,universe
H,2026-09-24,159.03,4.55,False,166.9,-0.763,-0.8,True,85.5,0.21,85.3,True,2.86,1.81,15.1,3.2,D 趨勢弱,True,9:42,290.9,升,12.0,1,False,3.0,0.2632,-0.0083,,False,False,-4.95,-1.73,163.71,-2.94,-1.03,127.4,,OHLC,—,LH/LL,自然反彈,True,268,3,universe
NKE,2026-09-24,35.99,0.98,False,38.02,-0.173,-0.97,True,85.5,0.38,85.2,True,2.73,1.94,6.2,2.7,D 趨勢弱,True,9:26,283.2,升,7.0,1,False,3.0,0.0282,-0.0037,,False,False,-5.63,-2.06,37.04,-2.92,-1.07,1197.8,,OHLC,—,LH/LL,DT,True,268,3,universe
BR,2026-09-24,162.66,4.44,False,172.84,-0.113,-0.17,True,84.7,0.15,84.5,True,2.73,2.12,13.0,-0.1,D 趨勢弱,True,8:48,263.9,跌,97.0,17,False,3.0,-1.5881,-1.7443,-2.5957,True,False,-6.26,-2.29,174.39,-7.21,-2.64,183.9,,OHLC,↓,LH/LL,DT,False,268,3,universe
BIIB,2026-09-24,226.36,5.73,True,218.11,0.717,0.6,True,84.6,0.16,84.4,True,2.53,2.33,72.3,0.7,A 待突破,False,11:15,337.5,升,38.0,3,False,3.0,0.6878,0.5281,,False,False,3.64,1.44,216.04,4.56,1.8,200.3,,OHLC,↑,HH/HL,UT,False,268,3,universe
USLM,2026-09-24,109.42,3.43,False,116.41,-0.345,-0.48,True,83.9,0.25,83.6,True,3.14,1.86,9.0,1.4,D 趨勢弱,True,8:49,264.6,跌,243.0,24,False,3.0,-0.906,-0.7958,-0.906,False,False,-6.39,-2.04,118.04,-7.88,-2.51,17.9,,OHLC,↓,LH/LL,DT,False,268,3,universe
HRZN,2026-09-24,4.59,0.14,False,4.83,-0.008,0.03,True,83.6,0.57,83.0,True,3.03,2.02,22.9,1.2,D 趨勢弱,True,6:50,205.2,跌,64.0,8,False,3.0,-0.0265,-0.0261,-0.0514,False,False,-5.31,-1.76,4.53,1.31,0.43,3.2,,OHLC,↑,HH/HL,次級回檔,False,268,3,universe
NHP,2026-09-24,16.22,0.53,False,16.32,-0.005,-0.33,False,83.5,-0.06,83.6,True,3.25,1.81,54.5,0.2,A 待突破,True,8:49,264.6,跌,629.0,22,False,3.0,-0.002,-0.0054,-0.1258,True,True,-0.65,-0.2,16.45,-1.42,-0.44,10.2,,OHLC,—,LH/LL,次級反彈,True,108,3,universe
CARR,2026-09-24,54.87,1.71,False,57.5,-0.233,-1.07,True,83.2,0.58,82.6,True,3.11,2.02,8.8,1.9,D 趨勢弱,True,9:35,287.6,升,10.0,2,False,3.0,0.0566,0.0076,,False,False,-4.8,-1.54,59.71,-8.82,-2.84,390.3,,OHLC,↓,LH/LL,自然反彈,False,268,3,universe
KNSL,2026-09-24,340.51,9.89,False,370.38,-1.479,-0.44,True,82.9,0.12,82.8,True,2.91,2.27,18.6,2.0,D 趨勢弱,True,8:49,264.6,跌,281.0,20,False,3.0,-3.5106,-3.3087,-3.7906,False,False,-8.77,-3.02,369.2,-8.43,-2.9,69.1,,OHLC,↓,LH/LL,DT,False,268,3,universe
CQP,2026-09-24,63.64,2.07,False,67.83,-0.107,-0.08,True,82.7,0.09,82.6,True,3.25,1.98,34.4,-1.7,C 基底修復,True,8:49,264.6,跌,211.0,15,False,3.0,-0.5337,-0.4894,-0.5975,False,False,-6.58,-2.02,69.91,-9.85,-3.03,8.0,,OHLC,↓,LH/LL,DT,False,268,3,universe
NVST,2026-09-24,24.07,0.81,False,26.01,-0.146,-1.22,True,82.0,0.74,81.3,True,3.36,2.0,11.9,1.1,D 趨勢弱,True,8:49,264.6,跌,264.0,28,False,3.0,-0.1963,-0.2607,-0.3836,True,False,-8.08,-2.4,23.77,1.25,0.37,70.8,,OHLC,↓,LH/LL,自然反彈,False,268,3,universe
SARO,2026-09-24,22.18,0.74,False,24.39,-0.2,-1.87,True,81.9,0.57,81.3,True,3.33,2.06,3.9,-3.0,D 趨勢弱,True,8:49,264.6,跌,236.0,33,False,3.0,-0.015,-0.0096,-0.4956,False,False,-9.96,-2.99,22.88,-3.16,-0.95,87.6,,OHLC,↓,LH/LL,DT,False,268,3,universe
CSV,2026-09-24,31.98,0.96,False,33.27,-0.098,-1.12,True,81.7,0.63,81.0,True,2.99,2.44,6.9,0.1,D 趨勢弱,True,9:50,294.8,升,14.0,2,False,3.0,0.0938,0.0334,,False,False,-4.03,-1.35,32.84,-2.69,-0.9,4.8,,OHLC,↓,LH/LL,自然反彈,False,268,3,universe
HIPO,2026-09-24,30.24,0.98,False,32.45,-0.106,-0.46,True,81.6,0.73,80.8,True,3.23,2.21,26.3,1.9,D 趨勢弱,True,8:49,264.6,跌,255.0,28,False,3.0,-0.3566,-0.3541,-0.3566,False,False,-7.31,-2.26,33.6,-11.11,-3.44,6.0,,OHLC,↓,LH/LL,DT,False,268,3,universe
LPLA,2026-09-24,302.76,10.39,False,344.53,-2.589,-1.42,True,81.6,0.32,81.3,True,3.43,2.0,6.3,0.0,D 趨勢弱,True,8:49,264.6,跌,222.0,27,False,3.0,-5.7578,-5.6599,-5.7578,False,False,-13.8,-4.02,354.82,-17.2,-5.01,250.1,,OHLC,↓,LH/LL,DT,False,268,3,universe
GPN,2026-09-24,85.31,2.61,False,90.05,-0.047,-0.1,True,81.2,0.42,80.8,True,3.06,2.44,49.0,3.1,C 基底修復,True,8:49,264.6,跌,170.0,21,False,3.0,-0.7687,-0.9145,-1.0125,True,False,-5.56,-1.81,90.19,-5.72,-1.87,217.7,,OHLC,↓,LH/LL,DT,False,268,3,universe
ALSN,2026-09-24,112.74,3.86,False,124.32,-0.337,-0.47,True,81.1,0.02,81.1,True,3.42,2.11,18.3,-2.4,D 趨勢弱,True,8:49,264.6,跌,212.0,18,False,3.0,-1.6261,-1.5792,-1.6261,False,False,-10.28,-3.0,115.98,-2.87,-0.84,98.0,,OHLC,↓,LH/LL,DT,False,268,3,universe
THO,2026-09-24,70.93,2.49,False,73.97,-0.272,-0.84,True,80.5,0.11,80.4,True,3.51,2.14,4.2,-1.8,D 趨勢弱,True,8:49,264.6,跌,325.0,28,False,3.0,-0.0089,-0.0474,-0.7605,True,False,-4.28,-1.22,73.48,-3.6,-1.02,58.6,,OHLC,↓,LH/LL,DT,False,268,3,universe
DPZ,2026-09-24,293.03,9.95,False,328.03,-1.255,-1.03,True,80.1,0.28,79.8,True,3.4,2.33,10.0,0.0,D 趨勢弱,True,8:49,264.6,跌,307.0,32,False,3.0,-2.9166,-3.3268,-4.8288,True,False,-11.94,-3.52,323.77,-10.49,-3.09,275.9,,OHLC,↓,LH/LL,DT,False,268,3,universe
EXLS,2026-09-24,35.16,0.97,False,36.3,-0.017,0.06,True,80.0,0.12,79.9,True,2.75,2.99,55.0,2.1,C 基底修復,True,8:49,264.6,跌,142.0,17,False,3.0,-0.2958,-0.3353,-0.5923,True,False,-3.24,-1.18,34.72,1.25,0.46,71.4,,OHLC,↑,HH/HL,次級回檔,False,268,3,universe
TREX,2026-09-24,43.22,1.47,False,45.41,-0.202,-0.72,True,79.9,0.0,79.9,True,3.41,2.34,43.9,-1.0,C 基底修復,True,8:49,264.6,跌,103.0,25,False,3.0,-0.0386,-0.0533,-0.5898,True,False,-5.07,-1.49,44.02,-1.85,-0.54,66.9,,OHLC,—,LH/LL,自然回檔,True,268,3,universe
EVR,2026-09-24,256.93,8.91,False,284.14,-1.555,-0.95,True,79.7,0.33,79.3,True,3.47,2.34,3.7,-0.8,D 趨勢弱,True,6:17,188.5,跌,55.0,8,False,3.0,-1.0938,-1.0712,-2.8618,False,False,-10.59,-3.05,269.01,-4.7,-1.36,134.1,,OHLC,↓,LH/LL,DT,False,268,3,universe
KBH,2026-09-24,47.65,1.71,False,50.46,-0.294,-1.25,True,79.7,0.53,79.2,True,3.6,2.2,0.0,0.0,D 趨勢弱,True,8:49,264.6,跌,228.0,31,False,3.0,-0.0872,-0.1468,-0.6584,True,False,-5.9,-1.64,48.59,-1.97,-0.55,83.2,,OHLC,—,LH/LL,自然回檔,True,268,3,universe
PBH,2026-09-24,45.65,1.67,False,49.11,-0.285,-1.15,True,79.3,0.35,78.9,True,3.66,2.22,3.7,0.5,D 趨勢弱,True,8:49,264.6,跌,103.0,13,False,3.0,-0.2714,-0.2915,-0.6483,True,False,-7.58,-2.07,47.73,-4.56,-1.24,27.9,,OHLC,—,LH/LL,DT,True,268,3,universe
ELAN,2026-09-24,22.35,0.78,True,23.53,0.024,0.13,False,79.1,-0.36,79.5,True,3.5,2.41,26.1,-3.6,D 趨勢弱,True,8:49,264.6,跌,148.0,12,False,3.0,-0.0829,-0.0845,-0.4809,True,False,-5.26,-1.5,22.93,-2.6,-0.74,124.8,,OHLC,—,LH/LL,DT,True,268,3,universe
ULS,2026-09-24,65.81,2.09,False,70.23,-0.446,-1.46,True,79.1,0.75,78.4,True,3.17,2.74,3.9,0.8,D 趨勢弱,True,9:38,289.2,升,11.0,1,False,3.0,0.0034,-0.1181,,False,False,-6.71,-2.12,67.28,-2.23,-0.7,56.9,,OHLC,↓,LH/LL,自然反彈,False,268,3,universe
SLB,2026-09-24,51.43,1.8,False,54.9,-0.033,-0.15,True,79.0,0.26,78.7,True,3.49,2.44,42.8,-0.9,C 基底修復,True,6:31,195.3,跌,59.0,11,False,3.0,-0.6403,-0.688,-0.8541,True,False,-6.75,-1.93,52.06,-1.22,-0.35,825.0,,OHLC,—,HH/HL,DT,False,268,3,universe
WINA,2026-09-24,292.82,10.73,False,308.31,-2.15,-1.96,True,79.0,0.42,78.5,True,3.66,2.27,0.0,0.0,D 趨勢弱,True,8:49,264.6,跌,136.0,20,False,3.0,-0.1636,-0.7719,-5.3782,True,False,-5.29,-1.44,317.54,-8.44,-2.3,29.8,,OHLC,↓,LH/LL,自然反彈,False,268,3,universe
APH,2026-09-24,83.08,2.81,False,80.38,-0.08,-0.25,True,78.5,0.4,78.1,True,3.39,2.64,61.0,1.7,A 待突破,False,10:16,308.2,升,21.0,3,False,3.0,0.3186,0.1879,,False,True,3.25,0.96,80.25,3.41,1.01,970.7,,OHLC,↑,HH/HL,UT,False,268,3,universe
CEG,2026-09-24,261.62,9.65,False,274.61,-0.487,-0.28,True,78.4,0.83,77.6,True,3.69,2.35,9.0,-2.5,D 趨勢弱,True,8:20,250.0,跌,89.0,9,False,3.0,-2.3213,-2.6622,-4.1561,True,False,-4.96,-1.35,250.55,4.23,1.15,787.4,,OHLC,↑,HH/HL,UT,False,268,3,universe
TOST,2026-09-24,30.11,1.13,False,33.41,-0.151,-0.86,True,78.4,0.58,77.9,True,3.74,2.3,33.8,10.5,D 趨勢弱,True,8:49,264.6,跌,267.0,20,False,3.0,-0.3767,-0.4618,-0.5718,True,False,-10.96,-2.93,33.29,-10.56,-2.82,281.7,,OHLC,↓,LH/LL,DT,False,268,3,universe
WGO,2026-09-24,26.9,1.01,False,29.47,-0.137,-0.95,True,77.6,0.06,77.6,True,3.76,2.43,0.0,-0.3,D 趨勢弱,True,8:49,264.6,跌,350.0,28,False,3.0,-0.0914,-0.1006,-0.3558,True,False,-9.55,-2.54,28.26,-5.06,-1.35,15.9,,OHLC,↓,LH/LL,DT,False,268,3,universe
ARDT,2026-09-24,10.48,0.4,False,10.87,-0.014,-0.31,False,77.5,-0.23,77.7,True,3.84,2.37,31.6,-2.7,D 趨勢弱,True,8:49,264.6,跌,271.0,31,False,3.0,-0.0426,-0.033,-0.1041,False,True,-3.69,-0.96,10.95,-4.48,-1.17,4.7,,OHLC,—,LH/LL,DT,True,268,3,universe
RVMD,2026-09-24,199.86,7.91,False,204.51,-0.569,-0.41,False,77.5,-0.01,77.5,True,3.96,2.26,68.8,16.9,B 上升結構,True,8:49,264.6,跌,119.0,19,False,3.0,-1.6511,-2.4168,-2.6649,True,True,-2.33,-0.59,213.0,-6.57,-1.66,422.9,,OHLC,—,LH/LL,自然反彈,True,268,3,universe
VRTS,2026-09-24,129.82,5.35,False,149.31,-1.69,-1.81,True,77.2,0.93,76.2,True,4.12,2.15,5.0,0.0,D 趨勢弱,True,8:49,264.6,跌,400.0,40,False,3.0,-1.8362,-2.3895,-3.7631,True,False,-15.02,-3.64,169.17,-30.31,-7.35,19.4,,OHLC,↓,LH/LL,自然反彈,False,268,3,universe
ACM,2026-09-24,58.52,2.16,True,64.83,0.03,-0.55,False,76.3,-1.96,78.2,True,3.69,2.75,18.2,-1.3,D 趨勢弱,True,8:49,264.6,跌,100.0,11,False,3.0,-0.3644,-0.1749,-1.3742,False,False,-10.78,-2.92,64.6,-10.39,-2.81,133.5,,OHLC,↓,LH/LL,DT,False,268,3,universe
GCO,2026-09-24,34.45,1.42,False,34.31,-0.036,-0.36,True,75.5,0.88,74.6,True,4.12,2.47,41.8,0.0,C 基底修復,False,10:12,306.0,升,20.0,3,False,3.0,0.1301,0.1062,,False,True,0.41,0.1,35.08,-1.83,-0.44,8.3,,OHLC,—,LH/LL,次級回檔,True,268,3,universe
ESRT,2026-09-24,4.16,0.16,False,4.31,-0.011,-0.97,True,75.4,0.38,75.0,True,3.82,2.79,2.2,-0.1,D 趨勢弱,False,10:05,302.4,升,18.0,2,False,3.0,0.0116,0.0032,,False,True,-3.62,-0.95,4.54,-9.13,-2.39,19.1,,OHLC,↓,LH/LL,自然反彈,False,268,3,universe
KIDS,2026-09-24,22.64,0.9,False,23.61,-0.055,-0.14,True,75.4,1.4,74.0,True,3.99,2.61,63.5,24.3,B 上升結構,True,8:49,264.6,跌,207.0,21,False,3.0,-0.0399,-0.0732,-0.4762,True,False,-4.3,-1.08,23.51,-3.84,-0.96,4.7,,OHLC,—,LH/LL,UT,False,268,3,universe
DNUT,2026-09-24,2.98,0.12,False,3.31,-0.001,-0.16,True,75.1,0.26,74.9,True,3.9,2.76,10.0,0.0,D 趨勢弱,True,8:49,264.6,跌,109.0,15,False,3.0,-0.0268,-0.0283,-0.0395,True,False,-11.16,-2.86,3.48,-16.78,-4.3,6.9,,OHLC,—,LH/LL,DT,True,268,3,universe
PCVX,2026-09-24,56.9,2.39,False,59.83,-0.166,-0.12,True,75.0,0.08,74.9,True,4.21,2.48,44.6,2.2,C 基底修復,True,8:49,264.6,跌,165.0,19,False,3.0,-0.4616,-0.4306,-0.6171,False,False,-5.15,-1.23,60.37,-6.1,-1.45,79.7,,OHLC,↓,LH/LL,DT,False,268,3,universe
BLTE,2026-09-24,169.44,7.28,False,171.95,-0.261,0.04,True,70.1,0.42,69.7,False,4.3,3.31,69.6,1.1,B 上升結構,True,6:07,183.3,跌,52.0,7,False,3.0,-0.8929,-0.7431,-1.8683,False,True,-1.48,-0.34,169.21,0.14,0.03,37.4,,OHLC,—,HH/HL,自然回檔,True,268,3,universe
MITK,2026-09-24,18.08,0.8,False,18.06,-0.017,-0.28,True,69.7,0.9,68.8,False,4.42,3.26,66.7,12.6,B 上升結構,True,9:29,284.3,升,8.0,1,False,3.0,0.0128,-0.0417,,False,True,0.08,0.02,17.98,0.55,0.13,11.5,,OHLC,—,LH/LL,自然反彈,True,268,3,universe
CRK,2026-09-24,13.82,0.66,False,14.38,-0.026,-0.25,True,68.9,0.94,68.0,False,4.74,3.1,12.5,3.3,D 趨勢弱,True,8:01,240.7,跌,84.0,9,False,3.0,-0.1469,-0.2093,-0.2926,True,True,-4.07,-0.86,12.47,9.77,2.06,43.9,,OHLC,—,HH/HL,自然反彈,False,268,3,universe
ALT,2026-09-24,3.04,0.15,True,3.18,0.005,0.29,False,68.7,-2.28,71.0,False,4.97,2.92,10.0,-12.4,D 趨勢弱,True,7:13,216.6,跌,70.0,8,False,3.0,-0.0263,-0.0112,-0.0263,False,True,-4.55,-0.92,3.41,-12.17,-2.45,12.4,,OHLC,↓,LH/LL,DT,False,268,3,universe
COTY,2026-09-24,2.63,0.12,False,2.74,-0.003,-0.28,True,67.2,1.55,65.7,False,4.67,3.5,49.2,3.9,D 趨勢弱,True,8:24,252.2,跌,90.0,13,False,3.0,-0.0141,-0.0205,-0.0483,True,True,-4.01,-0.86,2.72,-3.42,-0.73,14.9,,OHLC,↓,LH/LL,自然反彈,False,268,3,universe
VIR,2026-09-24,10.72,0.55,True,10.67,0.03,0.53,False,67.0,-1.9,68.9,False,5.13,3.07,69.1,7.9,A 待突破,True,7:24,222.0,跌,73.0,11,False,3.0,-0.0519,-0.0302,-0.1324,False,True,0.46,0.09,10.83,-1.03,-0.2,25.0,,OHLC,—,HH/HL,次級回檔,True,268,3,universe
OCUL,2026-09-24,9.82,0.54,True,10.65,0.006,0.15,True,63.4,0.02,63.3,False,5.52,3.42,18.8,-23.6,D 趨勢弱,True,8:49,264.6,跌,116.0,11,False,3.0,-0.1241,-0.117,-0.1597,False,False,-8.48,-1.54,10.5,-6.92,-1.25,23.1,,OHLC,—,LH/LL,DT,True,268,3,universe
SNAP,2026-09-24,5.43,0.28,True,5.5,0.002,0.11,True,63.1,1.22,61.9,False,5.24,3.75,35.9,-4.0,D 趨勢弱,False,5:53,176.7,跌,48.0,5,False,3.0,-0.044,-0.0383,-0.044,False,True,-1.36,-0.26,5.29,2.58,0.49,184.0,,OHLC,↑,HH/HL,次級反彈,False,268,3,universe
RHLD,2026-09-24,127.5,6.88,False,129.9,-0.146,-0.18,True,61.6,0.87,60.8,False,5.39,3.9,26.7,-8.9,D 趨勢弱,True,7:11,215.7,跌,70.0,11,False,3.0,-0.3075,-0.8073,-1.9041,True,True,-1.88,-0.35,138.51,-8.64,-1.6,17.4,,OHLC,↓,LH/LL,自然反彈,False,268,3,universe
KRO,2026-09-24,8.1,0.38,True,8.4,0.008,0.16,False,60.1,-0.99,61.1,False,4.68,4.95,54.7,-10.1,B 上升結構,True,8:49,264.6,跌,160.0,17,False,3.0,-0.0559,-0.0473,-0.1344,False,True,-3.72,-0.8,8.44,-4.2,-0.9,3.5,,OHLC,—,LH/LL,自然回檔,True,268,3,universe
NNBR,2026-09-24,3.6,0.24,True,3.66,0.001,-0.39,False,51.7,-2.74,54.5,False,6.53,4.99,66.9,-1.5,B 上升結構,True,9:51,295.5,升,14.0,2,False,3.0,0.0191,0.0131,,False,True,-1.78,-0.27,3.74,-3.89,-0.6,6.3,,OHLC,—,LH/LL,自然回檔,False,268,3,universe
AMLX,2026-09-24,30.14,1.85,True,34.44,0.11,0.54,True,44.4,0.34,44.0,False,6.14,7.32,60.6,-0.7,D 趨勢弱,True,8:49,264.6,跌,123.0,17,False,3.0,-0.7881,-0.7214,-0.9837,False,False,-14.27,-2.33,33.94,-12.61,-2.05,54.2,,OHLC,—,LH/LL,DT,True,268,3,universe
XHLD,2026-09-24,12.7,1.37,True,9.54,0.887,3.14,True,14.1,0.74,13.3,False,10.78,20.32,75.0,2.2,E 延伸,True,9:37,288.5,升,10.0,1,False,3.0,0.0342,-0.0431,,False,False,24.91,2.31,9.23,27.32,2.53,39.0,,OHLC,↑,HH/HL,UT,False,268,3,universe
ABCB,2026-09-24,81.79,1.43,False,84.7,-0.19,-0.82,True,93.9,0.15,93.8,True,1.75,1.05,25.3,0.6,D 趨勢弱,True,6:42,200.8,跌,62.0,7,False,4.0,-0.1813,-0.1685,-0.5729,False,False,-3.56,-2.03,82.55,-0.93,-0.53,39.0,,OHLC,↓,LH/LL,DT,False,268,3,universe
ESS,2026-09-24,271.65,4.58,False,279.13,-0.399,-0.49,True,93.6,0.05,93.5,True,1.68,1.21,35.2,-0.6,C 基底修復,False,10:01,300.3,升,17.0,2,False,4.0,0.0833,0.0502,,False,True,-2.75,-1.64,277.49,-2.15,-1.28,161.7,,OHLC,—,LH/LL,DT,True,268,3,universe
LIN,2026-09-24,468.14,7.54,False,474.72,-0.516,-0.66,True,93.5,0.16,93.4,True,1.61,1.3,22.5,0.1,C 基底修復,False,10:25,312.4,升,24.0,2,False,4.0,0.8804,0.4256,,False,True,-1.41,-0.87,494.5,-5.63,-3.5,932.2,,OHLC,—,LH/LL,自然反彈,True,268,3,universe
FBP,2026-09-24,26.79,0.48,False,27.99,-0.075,-0.79,True,93.0,0.12,92.9,True,1.81,1.24,47.4,1.5,C 基底修復,True,8:49,264.6,跌,254.0,36,False,4.0,-0.1347,-0.1325,-0.2538,False,False,-4.49,-2.48,28.43,-6.12,-3.38,39.6,,OHLC,↓,LH/LL,DT,False,268,3,universe
AKR,2026-09-24,19.21,0.39,False,20.37,-0.038,-0.5,True,92.5,0.42,92.0,True,2.01,1.16,16.2,1.2,D 趨勢弱,True,8:49,264.6,跌,160.0,18,False,4.0,-0.037,-0.0505,-0.2426,True,False,-6.05,-3.0,21.34,-11.09,-5.51,27.0,,OHLC,↓,LH/LL,DT,False,268,3,universe
DEA,2026-09-24,22.71,0.44,False,24.07,-0.065,-0.75,True,92.5,0.2,92.3,True,1.95,1.22,19.6,-0.4,D 趨勢弱,True,8:49,264.6,跌,147.0,18,False,4.0,-0.1128,-0.1057,-0.1527,False,False,-5.99,-3.08,23.74,-4.54,-2.33,8.6,,OHLC,↓,LH/LL,DT,False,268,3,universe
JPM,2026-09-24,338.56,6.8,False,352.8,-0.762,-0.47,True,92.4,0.3,92.1,True,2.01,1.19,39.3,0.2,C 基底修復,True,8:49,264.6,跌,291.0,28,False,4.0,-2.02,-1.9255,-2.02,False,False,-4.21,-2.09,360.05,-6.35,-3.16,2594.1,,OHLC,↓,LH/LL,DT,False,268,3,universe
PLBC,2026-09-24,61.52,1.33,False,62.03,-0.049,0.01,False,92.3,-0.14,92.4,True,2.15,1.06,62.4,-8.5,C 基底修復,True,7:15,217.6,跌,71.0,7,False,4.0,-0.184,-0.1745,-0.2764,False,True,-0.83,-0.39,63.37,-3.01,-1.4,3.2,,OHLC,—,LH/LL,自然回檔,True,268,3,universe
DCI,2026-09-24,86.6,1.85,False,90.28,-0.254,-1.18,True,91.5,0.33,91.2,True,2.13,1.27,15.5,-1.2,D 趨勢弱,True,8:49,264.6,跌,369.0,30,False,4.0,-0.1529,-0.2445,-0.7473,True,False,-4.25,-1.99,91.79,-5.99,-2.81,62.3,,OHLC,—,LH/LL,DT,True,268,3,universe
WES,2026-09-24,45.35,0.98,False,48.14,-0.091,-0.18,True,91.5,0.23,91.3,True,2.15,1.24,37.6,-0.0,C 基底修復,True,8:02,240.9,跌,84.0,11,False,4.0,-0.3977,-0.381,-0.3977,False,False,-6.15,-2.85,49.89,-10.01,-4.65,39.1,,OHLC,↓,LH/LL,DT,False,268,3,universe
UMBF,2026-09-24,134.99,2.85,False,140.51,-0.547,-1.04,True,91.4,0.19,91.2,True,2.11,1.32,37.5,1.5,C 基底修復,True,8:49,264.6,跌,274.0,26,False,4.0,-0.4505,-0.6413,-1.1188,True,False,-4.09,-1.93,144.36,-6.94,-3.28,91.8,,OHLC,↓,LH/LL,DT,False,268,3,universe
HSY,2026-09-24,166.88,3.68,False,176.17,-0.374,-0.79,True,90.5,0.2,90.3,True,2.2,1.43,4.2,0.5,D 趨勢弱,True,8:49,264.6,跌,151.0,20,False,4.0,-0.5135,-0.5477,-1.5522,True,False,-5.56,-2.52,174.72,-4.7,-2.13,246.4,,OHLC,↓,LH/LL,DT,False,268,3,universe
TROW,2026-09-24,104.27,2.16,False,108.11,-0.281,-0.89,True,90.5,0.06,90.5,True,2.08,1.55,32.1,-1.2,C 基底修復,True,8:49,264.6,跌,163.0,19,False,4.0,-0.0759,-0.1649,-0.864,True,False,-3.69,-1.78,111.7,-7.13,-3.43,159.8,,OHLC,↓,LH/LL,自然反彈,False,268,3,universe
UNH,2026-09-24,375.01,8.96,False,388.57,-0.878,-0.6,True,89.8,0.3,89.5,True,2.39,1.39,44.6,2.3,C 基底修復,True,8:49,264.6,跌,121.0,10,False,4.0,-0.7306,-1.0958,-3.1185,True,False,-3.61,-1.51,400.94,-6.91,-2.89,1965.9,,OHLC,↓,LH/LL,DT,False,268,3,universe
GLNG,2026-09-24,50.11,1.31,False,51.71,-0.038,-0.1,True,88.9,0.18,88.7,True,2.61,1.37,41.1,-0.7,C 基底修復,True,8:49,264.6,跌,107.0,9,False,4.0,-0.2357,-0.2279,-0.2357,False,False,-3.2,-1.23,49.85,0.52,0.2,70.8,,OHLC,—,HH/HL,DT,False,268,3,universe
LOB,2026-09-24,37.27,0.92,False,39.85,-0.175,-0.85,True,88.8,0.04,88.8,True,2.47,1.53,22.4,1.7,C 基底修復,True,8:49,264.6,跌,378.0,35,False,4.0,-0.1124,-0.1119,-0.4245,False,False,-6.93,-2.81,39.61,-6.28,-2.55,7.9,,OHLC,↓,LH/LL,DT,False,268,3,universe
SCHW,2026-09-24,99.49,2.46,False,107.49,-0.328,-0.58,True,88.6,0.27,88.3,True,2.47,1.57,27.7,1.3,D 趨勢弱,True,8:49,264.6,跌,329.0,21,False,4.0,-1.0648,-0.9988,-1.0648,False,False,-8.04,-3.25,106.88,-7.43,-3.0,928.7,,OHLC,↓,LH/LL,DT,False,268,3,universe
CLDT,2026-09-24,13.4,0.34,True,13.12,0.024,0.21,False,88.2,-0.02,88.2,True,2.51,1.61,79.4,19.2,A 待突破,False,10:44,322.0,升,29.0,3,False,4.0,0.0354,0.0143,,False,True,2.1,0.84,13.35,0.37,0.15,3.5,,OHLC,—,HH/HL,自然反彈,False,268,3,universe
CARE,2026-09-24,30.07,0.79,False,31.21,-0.113,-0.81,True,87.5,0.81,86.7,True,2.62,1.66,61.0,-0.3,C 基底修復,True,6:52,205.9,跌,64.0,7,False,4.0,-0.0819,-0.0814,-0.4203,False,False,-3.79,-1.45,31.95,-6.25,-2.39,8.6,,OHLC,↓,LH/LL,DT,False,268,3,universe
ROK,2026-09-24,432.93,10.99,False,427.48,-0.712,-0.39,True,87.3,0.4,86.9,True,2.54,1.77,43.3,0.1,C 基底修復,False,12:37,18.7,升,60.0,4,False,4.0,2.3715,1.9011,,False,True,1.26,0.5,433.81,-0.2,-0.08,308.0,,OHLC,↓,LH/LL,自然反彈,False,268,3,universe
FHI,2026-09-24,57.38,1.56,False,60.71,-0.171,-0.9,True,87.1,0.05,87.0,True,2.72,1.63,26.3,-1.8,D 趨勢弱,True,8:49,264.6,跌,230.0,25,False,4.0,-0.3239,-0.4131,-0.8086,True,False,-5.8,-2.13,57.53,-0.26,-0.1,41.2,,OHLC,↓,LH/LL,自然回檔,False,268,3,universe
CWST,2026-09-24,83.83,2.6,False,90.73,-0.189,-0.31,True,84.8,0.15,84.7,True,3.1,1.71,8.5,-0.6,D 趨勢弱,True,8:49,264.6,跌,116.0,12,False,4.0,-0.8253,-0.7515,-0.9778,False,False,-8.23,-2.65,92.52,-10.37,-3.34,44.4,,OHLC,↓,LH/LL,DT,False,268,3,universe
WSM,2026-09-24,228.66,6.95,False,229.81,-0.411,-0.47,True,84.8,0.76,84.1,True,3.04,1.77,48.4,1.6,C 基底修復,False,10:13,306.3,升,20.0,3,False,4.0,0.7626,0.6367,,False,True,-0.5,-0.17,230.9,-0.98,-0.32,287.6,,OHLC,—,LH/LL,自然回檔,True,268,3,universe
EXP,2026-09-24,177.43,5.17,False,190.93,-1.123,-1.27,True,84.2,0.07,84.2,True,2.91,2.01,4.2,1.9,D 趨勢弱,True,8:49,264.6,跌,318.0,29,False,4.0,-0.0884,-0.1636,-1.3445,True,False,-7.61,-2.61,183.16,-3.23,-1.11,80.2,,OHLC,—,LH/LL,DT,True,268,3,universe
IVZ,2026-09-24,30.68,0.9,False,31.77,-0.062,-0.28,True,83.8,0.19,83.6,True,2.94,2.07,47.9,-1.5,C 基底修復,True,8:49,264.6,跌,205.0,19,False,4.0,-0.1809,-0.2039,-0.3705,True,False,-3.54,-1.21,31.38,-2.28,-0.78,126.0,,OHLC,↓,LH/LL,DT,False,268,3,universe
PFSI,2026-09-24,65.26,1.89,False,71.05,-0.497,-1.22,True,83.3,0.43,82.9,True,2.89,2.21,3.0,0.7,D 趨勢弱,True,8:49,264.6,跌,102.0,12,False,4.0,-0.1663,-0.1853,-0.9411,True,False,-8.87,-3.07,73.29,-12.3,-4.25,40.4,,OHLC,↓,LH/LL,DT,False,268,3,universe
TFIN,2026-09-24,60.85,1.94,False,68.48,-0.425,-1.32,True,83.2,0.09,83.1,True,3.2,1.93,7.1,-5.6,D 趨勢弱,True,8:49,264.6,跌,270.0,27,False,4.0,-0.3375,-0.3686,-0.7912,True,False,-12.54,-3.92,77.08,-26.67,-8.34,14.7,,OHLC,↓,LH/LL,DT,False,268,3,universe
WWD,2026-09-24,325.88,10.07,False,334.86,-0.989,-0.72,True,82.8,0.28,82.5,True,3.09,2.12,19.6,-1.9,C 基底修復,False,11:38,348.9,升,44.0,4,False,4.0,1.1443,0.8782,,False,True,-2.75,-0.89,329.36,-1.07,-0.35,247.9,,OHLC,↓,LH/LL,自然反彈,False,268,3,universe
ZBH,2026-09-24,89.69,2.94,False,96.85,-0.296,-0.3,True,82.6,0.23,82.4,True,3.28,1.96,16.7,-1.8,D 趨勢弱,True,8:49,264.6,跌,215.0,22,False,4.0,-0.7761,-0.6283,-1.1287,False,False,-7.98,-2.43,93.75,-4.53,-1.38,192.4,,OHLC,↓,LH/LL,DT,False,268,3,universe
BAX,2026-09-24,23.48,0.76,False,24.82,-0.141,-1.3,True,80.0,0.54,79.5,True,3.25,2.48,36.7,-0.1,D 趨勢弱,True,8:49,264.6,跌,278.0,29,False,4.0,-0.1118,-0.1598,-0.371,True,False,-5.71,-1.76,26.56,-13.12,-4.03,152.1,,OHLC,↓,LH/LL,自然反彈,False,268,3,universe
CBOE,2026-09-24,267.57,9.42,False,289.77,-0.311,-0.34,True,79.8,0.99,78.8,True,3.52,2.26,7.8,-0.9,D 趨勢弱,True,8:49,264.6,跌,171.0,16,False,4.0,-2.3499,-2.7256,-4.2771,True,False,-8.3,-2.36,264.91,0.99,0.28,291.1,,OHLC,—,HH/HL,自然回檔,False,268,3,universe
BWXT,2026-09-24,138.68,4.91,False,154.09,-0.91,-0.78,True,78.6,0.17,78.5,True,3.54,2.46,7.6,-2.2,D 趨勢弱,True,7:03,211.3,跌,67.0,8,False,4.0,-0.5636,-0.335,-1.4849,False,False,-11.11,-3.14,150.0,-8.16,-2.31,163.9,,OHLC,↓,LH/LL,DT,False,268,3,universe
PJT,2026-09-24,149.16,5.52,False,168.23,-0.661,-0.85,True,77.8,0.63,77.2,True,3.7,2.45,8.9,-0.4,D 趨勢弱,True,8:49,264.6,跌,114.0,12,False,4.0,-2.4221,-2.7823,-3.7196,True,False,-12.79,-3.45,155.81,-4.46,-1.2,70.5,,OHLC,↓,LH/LL,DT,False,268,3,universe
PPC,2026-09-24,27.26,1.04,True,30.14,0.026,0.24,False,77.5,-0.24,77.7,True,3.81,2.4,10.0,-1.9,D 趨勢弱,True,8:11,245.6,跌,86.0,14,False,4.0,-0.3901,-0.326,-0.3901,False,False,-10.58,-2.77,27.55,-1.06,-0.28,39.8,,OHLC,↓,LH/LL,DT,False,268,3,universe
PRG,2026-09-24,32.54,1.33,False,37.48,-0.382,-1.4,True,76.4,0.73,75.7,True,4.08,2.34,7.4,-0.0,D 趨勢弱,True,8:49,264.6,跌,725.0,48,False,4.0,-0.3474,-0.32,-0.5895,False,False,-15.19,-3.72,39.29,-20.74,-5.08,23.5,,OHLC,↓,LH/LL,DT,False,268,3,universe
WFRD,2026-09-24,84.13,3.4,False,89.72,-0.261,-0.56,True,75.6,0.41,75.2,True,4.04,2.53,18.2,-1.0,C 基底修復,True,8:37,258.5,跌,94.0,11,False,4.0,-0.696,-0.8946,-1.5621,True,False,-6.64,-1.64,80.45,4.37,1.08,98.2,,OHLC,—,HH/HL,自然反彈,False,268,3,universe
EME,2026-09-24,751.96,25.84,False,764.15,-2.888,-0.48,True,75.4,0.08,75.3,True,3.44,3.17,32.8,0.3,C 基底修復,False,10:38,319.2,升,27.0,4,False,4.0,2.0201,1.9118,,False,True,-1.62,-0.47,723.87,3.74,1.09,275.9,,OHLC,—,HH/HL,自然反彈,True,268,3,universe
NMRK,2026-09-24,13.1,0.52,False,14.67,-0.067,-0.66,True,75.3,0.2,75.1,True,3.95,2.67,0.0,0.0,D 趨勢弱,True,8:49,264.6,跌,215.0,18,False,4.0,-0.1334,-0.1193,-0.1426,False,False,-12.01,-3.04,14.42,-10.08,-2.55,28.5,,OHLC,↓,LH/LL,DT,False,268,3,universe
BVS,2026-09-24,13.52,0.53,False,13.76,-0.007,-0.26,True,70.7,0.79,69.9,False,3.92,3.58,78.2,-1.7,B 上升結構,True,8:49,264.6,跌,468.0,31,False,4.0,-0.0137,-0.0331,-0.1998,True,True,-1.75,-0.45,13.65,-0.96,-0.25,6.7,,OHLC,—,LH/LL,自然反彈,True,268,3,universe
PRPO,2026-09-24,24.47,1.74,True,26.85,0.046,0.17,True,54.0,1.1,52.9,False,7.11,3.86,24.0,10.1,D 趨勢弱,True,8:49,264.6,跌,151.0,16,False,4.0,-0.4374,-0.404,-0.4374,False,False,-9.73,-1.37,27.4,-11.97,-1.68,4.3,,OHLC,—,LH/LL,次級反彈,False,268,3,universe
BRCB,2026-09-24,7.19,0.52,True,8.46,0.011,0.0,True,50.3,1.34,48.9,False,7.18,4.69,0.0,0.0,D 趨勢弱,True,8:49,264.6,跌,107.0,12,False,4.0,-0.1746,-0.2089,-0.3068,True,False,-17.62,-2.45,6.85,4.73,0.66,3.4,,OHLC,—,HH/HL,自然回檔,False,260,3,universe
DSP,2026-09-24,12.34,0.89,False,12.03,-0.012,-0.35,True,49.2,1.43,47.8,False,7.25,4.9,49.1,1.8,C 基底修復,True,8:49,264.6,跌,111.0,11,False,4.0,-0.0469,-0.0612,-0.2504,True,True,2.51,0.35,12.58,-1.94,-0.27,5.9,,OHLC,—,HH/HL,自然回檔,False,268,3,universe
BTGO,2026-09-24,7.97,0.58,True,6.98,0.068,0.78,True,48.7,0.07,48.6,False,7.26,5.02,17.7,2.7,D 趨勢弱,True,9:37,288.6,升,10.0,3,False,4.0,0.0166,0.0192,,False,False,12.38,1.71,7.41,7.03,0.97,17.4,,OHLC,↑,HH/HL,自然回檔,False,171,3,universe
CRWV,2026-09-24,90.13,5.58,False,89.92,-1.815,-0.55,True,47.1,0.99,46.1,False,6.19,6.51,28.2,-2.0,D 趨勢弱,True,9:46,293.2,升,13.0,1,False,4.0,0.2858,-0.0826,,False,True,0.23,0.04,83.35,7.52,1.22,2493.2,,OHLC,—,LH/LL,UT,True,268,3,universe
MOVE,2026-09-24,11.98,1.36,False,12.04,-0.0,-0.11,True,29.0,1.81,27.2,False,11.34,7.84,37.7,9.9,E 延伸,True,9:34,287.1,升,10.0,1,False,4.0,0.0009,-0.0686,,False,True,-0.49,-0.04,10.95,8.6,0.76,7.0,,OHLC,—,HH/HL,UT,True,268,3,universe
RTAC,2026-09-24,10.43,0.06,False,10.45,-0.0,-0.0,False,99.2,-0.03,99.2,True,0.55,0.38,26.6,-0.3,D 趨勢弱,True,8:30,255.0,跌,92.0,11,False,5.0,-0.0034,-0.0031,-0.0187,False,True,-0.2,-0.36,10.51,-0.77,-1.4,3.3,,OHLC,—,LH/LL,DT,True,187,3,universe
DSL,2026-09-24,9.95,0.1,False,10.44,-0.038,-1.51,True,97.7,0.05,97.6,True,1.03,0.63,11.6,-0.8,D 趨勢弱,True,8:49,264.6,跌,177.0,17,False,5.0,-0.0401,-0.0379,-0.0401,False,False,-4.88,-4.74,10.74,-7.94,-7.71,6.7,,OHLC,↓,LH/LL,DT,False,268,3,universe
MQY,2026-09-24,10.15,0.13,False,10.69,-0.045,-1.37,True,97.0,0.01,96.9,True,1.25,0.67,12.3,-1.5,D 趨勢弱,True,8:49,264.6,跌,284.0,27,False,5.0,-0.0283,-0.0253,-0.0538,False,False,-5.27,-4.22,11.18,-10.15,-8.12,8.9,,OHLC,↓,LH/LL,DT,False,268,3,universe
BHK,2026-09-24,8.26,0.1,False,8.75,-0.027,-1.84,True,96.8,0.02,96.8,True,1.21,0.76,9.9,-2.3,D 趨勢弱,True,8:49,264.6,跌,140.0,17,False,5.0,-0.0471,-0.0435,-0.0476,False,False,-5.9,-4.89,9.13,-10.53,-8.73,3.1,,OHLC,↓,LH/LL,DT,False,268,3,universe
ADX,2026-09-24,25.8,0.29,False,25.93,-0.022,-0.13,True,96.6,0.05,96.5,True,1.14,0.91,62.8,-10.2,C 基底修復,False,12:06,2.9,升,52.0,4,False,5.0,0.0161,0.0251,,False,True,-0.51,-0.45,26.24,-1.71,-1.5,6.7,,OHLC,↓,LH/LL,自然反彈,False,268,3,universe
EXG,2026-09-24,9.52,0.12,False,9.84,-0.018,-0.47,True,96.6,0.12,96.5,True,1.3,0.75,49.6,-1.8,C 基底修復,True,8:49,264.6,跌,220.0,27,False,5.0,-0.0237,-0.0224,-0.0544,False,False,-3.32,-2.56,9.73,-2.21,-1.7,3.6,,OHLC,↓,LH/LL,DT,False,268,3,universe
PPLC,2026-09-24,44.3,0.54,False,46.37,-0.351,-0.7,True,96.3,0.11,96.2,True,1.22,0.92,25.1,-1.6,D 趨勢弱,True,8:49,264.6,跌,102.0,9,False,5.0,-0.1286,-0.1132,-0.2183,False,False,-4.68,-3.84,47.14,-6.41,-5.26,4.7,,OHLC,↓,LH/LL,DT,False,148,3,universe
CSQ,2026-09-24,20.67,0.32,False,20.77,-0.008,-0.06,True,95.1,0.13,94.9,True,1.55,0.95,62.2,-0.5,C 基底修復,False,11:02,330.8,升,34.0,3,False,5.0,0.0032,0.0073,,False,True,-0.48,-0.31,21.1,-2.08,-1.34,3.5,,OHLC,—,LH/LL,UT,False,268,3,universe
PDO,2026-09-24,11.66,0.21,False,12.33,-0.05,-0.96,True,94.6,0.03,94.5,True,1.78,0.86,11.4,-1.0,D 趨勢弱,True,7:55,237.3,跌,82.0,9,False,5.0,-0.0522,-0.0502,-0.0541,False,False,-5.78,-3.24,12.15,-4.2,-2.36,15.0,,OHLC,↓,LH/LL,DT,False,268,3,universe
SO,2026-09-24,82.89,1.34,False,88.25,-0.221,-1.02,True,94.6,0.04,94.5,True,1.62,1.02,12.0,-0.9,D 趨勢弱,True,6:52,206.1,跌,65.0,10,False,5.0,-0.2532,-0.1822,-0.4703,False,False,-6.47,-3.99,87.22,-5.22,-3.22,538.7,,OHLC,↓,LH/LL,DT,False,268,3,universe
AEE,2026-09-24,99.2,1.64,False,105.48,-0.418,-0.9,True,94.5,0.17,94.3,True,1.65,1.01,13.2,-0.6,D 趨勢弱,True,8:02,240.9,跌,84.0,11,False,5.0,-0.4345,-0.3715,-0.4448,False,False,-6.33,-3.83,107.4,-8.27,-5.01,163.1,,OHLC,↓,LH/LL,DT,False,268,3,universe
ED,2026-09-24,102.71,1.64,False,106.91,-0.217,-0.39,True,94.5,0.16,94.4,True,1.6,1.05,34.7,0.5,D 趨勢弱,True,7:04,212.0,跌,68.0,10,False,5.0,-0.3697,-0.3449,-0.5733,False,False,-4.09,-2.56,108.54,-5.68,-3.55,214.1,,OHLC,↓,LH/LL,DT,False,268,3,universe
CMS,2026-09-24,62.77,1.08,False,67.77,-0.358,-1.21,True,94.3,0.19,94.1,True,1.72,0.99,8.4,-1.3,D 趨勢弱,True,6:07,183.7,跌,52.0,8,False,5.0,-0.3153,-0.2728,-0.3994,False,False,-7.96,-4.62,69.36,-10.5,-6.09,213.7,,OHLC,↓,LH/LL,DT,False,268,3,universe
LNT,2026-09-24,63.31,1.06,False,67.58,-0.335,-0.97,True,94.1,0.13,93.9,True,1.68,1.09,11.3,-0.7,D 趨勢弱,True,7:31,225.5,跌,75.0,8,False,5.0,-0.2558,-0.2125,-0.5605,False,False,-6.75,-4.01,69.04,-9.05,-5.38,149.7,,OHLC,↓,LH/LL,DT,False,268,3,universe
GBDC,2026-09-24,12.41,0.22,False,12.86,-0.026,-0.45,True,93.8,0.04,93.7,True,1.76,1.09,16.5,0.5,D 趨勢弱,True,8:49,264.6,跌,238.0,22,False,5.0,-0.0276,-0.0282,-0.0687,True,False,-3.65,-2.08,12.73,-2.58,-1.47,16.7,,OHLC,↓,LH/LL,DT,False,268,3,universe
SKT,2026-09-24,35.01,0.63,False,37.06,-0.177,-1.31,True,93.8,0.23,93.6,True,1.81,1.02,17.0,0.6,D 趨勢弱,True,8:49,264.6,跌,356.0,40,False,5.0,-0.0733,-0.0704,-0.4173,False,False,-5.86,-3.24,38.59,-10.23,-5.65,31.2,,OHLC,↓,LH/LL,DT,False,268,3,universe
PPL,2026-09-24,31.97,0.55,False,34.54,-0.113,-0.65,True,93.7,0.01,93.7,True,1.71,1.17,19.6,-1.1,D 趨勢弱,True,8:30,255.0,跌,92.0,11,False,5.0,-0.182,-0.1553,-0.182,False,False,-8.03,-4.71,35.11,-9.82,-5.76,229.8,,OHLC,↓,LH/LL,DT,False,268,3,universe
MPLX,2026-09-24,57.98,1.02,False,59.08,-0.047,-0.06,False,93.6,-0.23,93.9,True,1.77,1.12,48.4,-11.1,C 基底修復,True,8:46,262.8,跌,96.0,9,False,5.0,-0.1322,-0.0783,-0.1963,False,True,-1.9,-1.08,58.36,-0.66,-0.37,76.1,,OHLC,↑,HH/HL,次級回檔,False,268,3,universe
CNP,2026-09-24,36.82,0.7,False,39.1,-0.116,-0.77,True,92.8,0.07,92.8,True,1.9,1.18,13.6,-0.9,D 趨勢弱,True,6:48,204.1,跌,63.0,8,False,5.0,-0.1263,-0.0903,-0.3545,False,False,-6.2,-3.26,40.12,-8.96,-4.72,253.6,,OHLC,↓,LH/LL,DT,False,268,3,universe
HTGC,2026-09-24,16.8,0.32,True,17.35,0.015,0.2,False,92.6,-0.36,93.0,True,1.9,1.23,47.0,-12.2,C 基底修復,True,8:25,252.6,跌,90.0,12,False,5.0,-0.1265,-0.1055,-0.1265,False,False,-3.29,-1.74,17.9,-6.55,-3.45,24.3,,OHLC,—,LH/LL,自然回檔,False,268,3,universe
MDU,2026-09-24,18.64,0.38,False,19.43,-0.08,-1.2,True,92.4,0.1,92.3,True,2.04,1.16,13.2,1.7,D 趨勢弱,True,8:49,264.6,跌,188.0,24,False,5.0,-0.0345,-0.0613,-0.114,True,False,-4.26,-2.09,20.11,-7.89,-3.87,37.6,,OHLC,↓,LH/LL,DT,False,268,3,universe
WTRG,2026-09-24,39.74,0.78,True,41.05,0.007,0.08,False,92.0,-0.22,92.3,True,1.97,1.31,39.9,-5.8,C 基底修復,True,8:49,264.6,跌,113.0,10,False,5.0,-0.2619,-0.2246,-0.2619,False,False,-3.29,-1.67,40.18,-1.11,-0.56,108.5,,OHLC,—,HH/HL,DT,False,268,3,universe
BKH,2026-09-24,69.93,1.46,False,72.19,-0.104,-0.37,True,91.9,0.13,91.8,True,2.09,1.21,27.4,-3.0,D 趨勢弱,True,8:16,248.2,跌,88.0,10,False,5.0,-0.1148,-0.0663,-0.468,False,False,-3.23,-1.54,71.96,-2.9,-1.39,65.9,,OHLC,↓,LH/LL,DT,False,268,3,universe
BFS,2026-09-24,29.85,0.68,False,32.03,-0.229,-1.35,True,91.8,0.05,91.7,True,2.28,1.05,4.7,0.3,D 趨勢弱,True,8:49,264.6,跌,170.0,20,False,5.0,-0.0862,-0.1087,-0.2406,True,False,-7.31,-3.2,35.0,-17.25,-7.55,4.3,,OHLC,↓,LH/LL,DT,False,268,3,universe
OCSL,2026-09-24,12.08,0.24,False,12.85,-0.013,-0.15,True,91.4,0.1,91.3,True,2.0,1.43,29.2,-1.3,D 趨勢弱,True,8:49,264.6,跌,235.0,20,False,5.0,-0.09,-0.085,-0.1055,False,False,-6.34,-3.18,12.8,-5.96,-2.99,5.6,,OHLC,—,LH/LL,自然回檔,False,268,3,universe
OGS,2026-09-24,71.95,1.57,False,78.07,-0.268,-0.87,True,91.3,0.09,91.2,True,2.18,1.28,7.1,-0.7,D 趨勢弱,True,8:49,264.6,跌,169.0,20,False,5.0,-0.6811,-0.6577,-0.6811,False,False,-8.51,-3.91,77.78,-8.1,-3.72,43.6,,OHLC,↓,LH/LL,DT,False,268,3,universe
UTL,2026-09-24,50.84,1.24,False,53.08,-0.121,-0.33,True,91.3,0.32,91.0,True,2.44,1.01,24.8,-0.7,D 趨勢弱,True,8:37,258.5,跌,94.0,11,False,5.0,-0.2364,-0.2206,-0.2839,False,False,-4.41,-1.81,51.81,-1.91,-0.78,7.4,,OHLC,↓,LH/LL,DT,False,268,3,universe
AME,2026-09-24,247.74,5.2,False,240.68,-0.304,-0.28,True,90.9,0.02,90.9,True,2.1,1.43,66.3,0.0,A 待突破,False,10:47,323.3,升,30.0,4,False,5.0,1.6139,1.3551,,False,True,2.85,1.36,239.08,3.5,1.67,347.0,,OHLC,↑,HH/HL,UT,False,268,3,universe
IRT,2026-09-24,14.61,0.32,False,15.65,-0.085,-1.15,True,90.9,0.31,90.6,True,2.16,1.37,6.9,1.3,D 趨勢弱,True,8:49,264.6,跌,386.0,28,False,5.0,-0.0665,-0.0806,-0.1401,True,False,-7.13,-3.3,16.49,-12.87,-5.95,57.4,,OHLC,↓,LH/LL,DT,False,268,3,universe
GOF,2026-09-24,8.43,0.19,False,9.31,-0.044,-0.89,True,90.7,0.14,90.6,True,2.24,1.34,2.5,-1.6,D 趨勢弱,True,8:49,264.6,跌,109.0,27,False,5.0,-0.0151,-0.0156,-0.1037,True,False,-10.39,-4.64,8.7,-3.2,-1.43,27.6,,OHLC,↓,LH/LL,DT,False,268,3,universe
KMI,2026-09-24,31.25,0.71,False,31.59,-0.006,0.04,True,90.6,0.27,90.3,True,2.28,1.33,30.0,-10.2,C 基底修復,False,11:30,345.0,升,42.0,5,False,5.0,0.0256,0.0331,,False,True,-1.09,-0.48,32.19,-3.01,-1.32,397.6,,OHLC,—,LH/LL,自然反彈,True,268,3,universe
BCSF,2026-09-24,11.12,0.26,False,11.67,-0.045,-1.16,True,90.3,0.2,90.1,True,2.34,1.33,7.7,0.8,D 趨勢弱,True,8:49,264.6,跌,264.0,29,False,5.0,-0.0049,-0.0127,-0.085,True,False,-4.94,-2.11,11.3,-1.62,-0.69,6.1,,OHLC,—,LH/LL,自然回檔,True,268,3,universe
SRE,2026-09-24,77.74,1.75,False,83.55,-0.29,-0.45,True,90.2,0.0,90.2,True,2.26,1.45,9.3,-11.7,D 趨勢弱,True,7:19,219.4,跌,72.0,8,False,5.0,-0.3545,-0.2287,-0.8388,False,False,-7.47,-3.31,85.28,-9.7,-4.3,336.9,,OHLC,↓,LH/LL,DT,False,268,3,universe
ROST,2026-09-24,235.4,5.27,False,233.09,-0.505,-0.55,True,89.8,0.33,89.5,True,2.24,1.53,60.9,1.1,C 基底修復,False,11:16,337.8,升,38.0,4,False,5.0,1.1164,0.8693,,False,True,0.98,0.44,,,,471.2,,OHLC,—,LH/LL,UT,False,268,3,universe
BEN,2026-09-24,32.55,0.76,False,33.72,-0.054,-0.34,True,89.6,0.07,89.5,True,2.33,1.5,48.3,-2.2,C 基底修復,True,8:49,264.6,跌,147.0,18,False,5.0,-0.1256,-0.1122,-0.1716,False,False,-3.6,-1.55,33.33,-2.4,-1.03,123.2,,OHLC,↓,LH/LL,DT,False,268,3,universe
NDAQ,2026-09-24,94.55,2.15,False,95.33,-0.014,-0.11,True,89.1,0.25,88.9,True,2.27,1.66,40.2,-11.4,C 基底修復,False,10:10,305.1,升,20.0,2,False,5.0,0.1216,0.0468,,False,True,-0.82,-0.36,98.71,-4.4,-1.94,304.7,,OHLC,↓,LH/LL,自然反彈,False,268,3,universe
BLK,2026-09-24,1073.45,24.03,False,1117.51,-2.414,-0.54,True,89.0,0.25,88.7,True,2.24,1.72,41.7,11.5,C 基底修復,True,8:49,264.6,跌,238.0,25,False,5.0,-1.9523,-3.4416,-14.0844,True,False,-4.1,-1.83,1091.18,-1.65,-0.74,636.6,,OHLC,↓,LH/LL,DT,False,268,3,universe
TT,2026-09-24,438.54,10.8,False,444.13,-1.318,-0.78,True,89.0,0.13,88.9,True,2.46,1.48,24.6,-0.0,D 趨勢弱,False,10:08,303.8,升,19.0,3,False,5.0,1.4307,0.9405,,False,True,-1.27,-0.52,447.9,-2.13,-0.87,446.4,,OHLC,↓,LH/LL,自然反彈,False,268,3,universe
BRC,2026-09-24,82.63,2.29,False,88.73,-0.317,-0.93,True,88.7,0.05,88.7,True,2.78,1.24,14.2,-1.4,D 趨勢弱,True,8:49,264.6,跌,362.0,33,False,5.0,-0.3359,-0.3568,-0.8484,True,False,-7.38,-2.66,94.38,-14.22,-5.12,24.2,,OHLC,↓,LH/LL,DT,False,268,3,universe
EMR,2026-09-24,156.14,3.69,False,153.51,-0.355,-0.47,True,87.9,0.07,87.9,True,2.36,1.82,67.0,2.0,C 基底修復,False,10:10,305.0,升,19.0,3,False,5.0,0.6705,0.4146,,False,True,1.69,0.71,,,,336.0,,OHLC,—,LH/LL,UT,False,268,3,universe
PSMT,2026-09-24,173.18,4.17,False,172.43,-0.081,-0.24,True,87.8,0.21,87.6,True,2.41,1.8,48.6,-0.7,C 基底修復,False,10:58,328.9,升,33.0,5,False,5.0,0.8275,0.703,,False,True,0.44,0.18,174.1,-0.53,-0.22,38.6,,OHLC,—,LH/LL,自然反彈,True,268,3,universe
MSCI,2026-09-24,556.08,12.76,False,559.0,-0.191,-0.18,True,86.9,0.11,86.8,True,2.29,2.1,21.4,1.6,D 趨勢弱,False,11:34,346.8,升,43.0,4,False,5.0,0.832,0.5062,,False,True,-0.53,-0.23,559.93,-0.69,-0.3,293.2,,OHLC,—,LH/LL,自然反彈,True,268,3,universe
GRBK,2026-09-24,67.79,1.85,False,69.88,-0.082,-0.38,True,86.4,0.36,86.1,True,2.73,1.77,18.8,0.2,D 趨勢弱,True,8:49,264.6,跌,117.0,15,False,5.0,-0.0387,-0.111,-0.4913,True,False,-3.08,-1.13,68.8,-1.49,-0.55,29.5,,OHLC,—,LH/LL,自然回檔,True,268,3,universe
LGND,2026-09-24,299.04,8.53,True,286.98,0.117,-0.12,True,85.9,0.23,85.7,True,2.85,1.74,66.2,0.2,A 待突破,False,10:56,328.2,升,32.0,4,False,5.0,2.1218,1.848,,False,False,4.03,1.41,280.49,6.2,2.17,63.5,,OHLC,↑,HH/HL,UT,False,268,3,universe
BMRN,2026-09-24,61.35,1.69,False,65.6,-0.32,-0.33,True,85.8,0.08,85.7,True,2.76,1.86,33.8,-4.5,C 基底修復,True,8:49,264.6,跌,354.0,23,False,5.0,-0.5448,-0.464,-0.5636,False,False,-6.92,-2.51,66.41,-8.25,-2.99,125.7,,OHLC,↓,LH/LL,DT,False,268,3,universe
AZZ,2026-09-24,137.98,3.89,False,138.32,-0.441,-0.81,True,85.6,0.27,85.4,True,2.82,1.83,45.0,1.3,C 基底修復,False,10:01,300.5,升,17.0,3,False,5.0,0.6738,0.4908,,False,True,-0.25,-0.09,140.02,-1.48,-0.52,33.4,,OHLC,↓,LH/LL,自然反彈,False,268,3,universe
TCEHY,2026-09-24,55.49,1.32,False,56.09,-0.049,-0.57,True,85.4,0.62,84.8,True,2.38,2.31,23.1,0.2,D 趨勢弱,False,11:19,339.4,升,39.0,4,False,5.0,0.2124,0.2441,,False,True,-1.08,-0.45,55.79,-0.54,-0.23,161.2,,OHLC,↓,LH/LL,DT,False,268,3,universe
APAM,2026-09-24,35.78,0.99,False,40.04,-0.21,-1.36,True,85.3,0.42,84.9,True,2.76,1.96,6.4,0.2,D 趨勢弱,True,8:49,264.6,跌,414.0,29,False,5.0,-0.3993,-0.4681,-0.756,True,False,-11.9,-4.32,42.68,-19.28,-6.99,32.6,,OHLC,↓,LH/LL,DT,False,268,3,universe
CNS,2026-09-24,75.15,2.35,False,78.12,-0.322,-0.71,True,85.1,0.02,85.1,True,3.12,1.64,33.6,-0.1,C 基底修復,True,9:38,288.9,升,11.0,1,False,5.0,0.056,-0.0699,,False,False,-3.95,-1.27,80.88,-7.62,-2.44,21.9,,OHLC,—,LH/LL,UT,False,268,3,universe
TSM,2026-09-24,451.15,10.85,True,425.9,0.455,0.36,True,84.9,0.42,84.5,True,2.41,2.39,70.5,0.9,B 上升結構,False,12:07,3.5,升,52.0,5,False,5.0,2.8261,2.6371,,False,False,5.6,2.33,434.16,3.77,1.57,4318.1,,OHLC,↑,HH/HL,UT,False,268,3,universe
CRH,2026-09-24,83.96,2.49,False,91.3,-0.701,-1.06,True,84.7,0.13,84.6,True,2.97,1.86,2.3,-1.7,D 趨勢弱,True,8:49,264.6,跌,132.0,17,False,5.0,-0.1717,-0.0909,-0.5246,False,False,-8.74,-2.95,88.04,-4.86,-1.64,440.8,,OHLC,—,LH/LL,DT,True,268,3,universe
BF/A,2026-09-24,26.4,0.75,False,27.3,-0.028,-0.49,True,84.5,0.32,84.1,True,2.83,2.05,19.7,-0.7,D 趨勢弱,True,8:49,264.6,跌,157.0,22,False,5.0,-0.016,-0.0116,-0.2552,False,False,-3.42,-1.21,26.94,-2.05,-0.72,5.1,,OHLC,—,LH/LL,自然回檔,True,268,3,universe
AYI,2026-09-24,309.45,9.38,False,322.96,-2.15,-1.19,True,84.4,0.03,84.4,True,3.03,1.86,17.0,0.7,C 基底修復,True,8:49,264.6,跌,304.0,27,False,5.0,-0.153,-0.7791,-3.8711,True,False,-4.37,-1.44,334.05,-7.95,-2.62,82.4,,OHLC,↓,LH/LL,自然反彈,False,268,3,universe
AMZN,2026-09-24,249.38,5.97,False,256.92,-0.638,-0.61,True,84.3,0.2,84.1,True,2.39,2.52,48.1,0.3,C 基底修復,True,8:49,264.6,跌,187.0,28,False,5.0,-0.3988,-0.2884,-1.9863,False,False,-3.02,-1.26,258.45,-3.64,-1.52,9030.0,,OHLC,↓,LH/LL,自然回檔,False,268,3,universe
MAT,2026-09-24,13.14,0.39,False,14.12,-0.046,-0.79,True,84.2,0.49,83.8,True,2.93,1.99,1.1,-2.2,D 趨勢弱,True,8:49,264.6,跌,148.0,17,False,5.0,-0.0849,-0.1051,-0.1555,True,False,-7.42,-2.53,14.24,-8.37,-2.85,53.3,,OHLC,↓,LH/LL,DT,False,268,3,universe
CNK,2026-09-24,36.98,1.11,False,36.03,-0.023,-0.26,False,83.7,-0.14,83.8,True,3.01,2.03,81.1,13.8,A 待突破,True,9:42,290.9,升,12.0,3,False,5.0,0.1496,0.0522,,False,True,2.57,0.86,36.6,1.03,0.34,79.4,,OHLC,↑,HH/HL,UT,False,268,3,universe
BKR,2026-09-24,57.29,1.76,False,60.59,-0.218,-0.72,True,83.5,0.13,83.4,True,3.08,1.99,18.7,-7.0,C 基底修復,True,8:49,264.6,跌,169.0,24,False,5.0,-0.3212,-0.3966,-0.9547,True,False,-5.77,-1.87,57.78,-0.86,-0.28,513.4,,OHLC,↓,LH/LL,自然反彈,False,268,3,universe
BF/B,2026-09-24,26.0,0.77,False,26.96,-0.033,-0.46,True,83.3,0.32,82.9,True,2.97,2.14,19.9,-0.7,D 趨勢弱,True,8:49,264.6,跌,168.0,31,False,5.0,-0.0065,-0.0021,-0.2612,False,False,-3.69,-1.24,25.96,0.15,0.05,70.7,,OHLC,—,LH/LL,次級回檔,True,268,3,universe
NVDA,2026-09-24,224.58,6.03,False,220.86,-0.011,0.09,True,83.2,0.32,82.8,True,2.69,2.45,74.5,7.2,A 待突破,False,10:37,318.5,升,27.0,3,False,5.0,0.4118,0.475,,False,True,1.66,0.62,229.98,-2.4,-0.9,28133.8,,OHLC,—,LH/LL,UT,False,268,3,universe
BC,2026-09-24,66.16,2.39,False,73.72,-0.475,-1.14,True,81.6,0.2,81.4,True,3.62,1.82,0.6,0.2,D 趨勢弱,True,8:49,264.6,跌,229.0,24,False,5.0,-0.2611,-0.3552,-0.8949,True,False,-11.42,-3.16,74.43,-12.5,-3.45,57.5,,OHLC,↓,LH/LL,DT,False,268,3,universe
VCTR,2026-09-24,106.1,3.66,False,111.8,-0.209,-0.25,True,80.5,0.51,80.0,True,3.45,2.19,50.5,0.1,C 基底修復,True,8:49,264.6,跌,212.0,23,False,5.0,-0.8707,-1.0402,-1.8859,True,False,-5.38,-1.56,107.76,-1.56,-0.45,87.1,,OHLC,↓,LH/LL,自然回檔,False,268,3,universe
MCHPP,2026-09-24,64.08,1.85,False,63.26,-0.357,-0.44,True,79.8,0.03,79.8,True,2.89,2.89,32.8,-0.0,C 基底修復,False,11:46,352.8,升,46.0,5,False,5.0,0.4846,0.4897,,False,True,1.27,0.44,61.92,3.37,1.17,19.3,,OHLC,↑,HH/HL,UT,False,268,3,universe
DLTR,2026-09-24,113.5,4.22,False,122.81,-0.307,-0.66,True,79.4,0.55,78.9,True,3.72,2.13,16.5,0.2,D 趨勢弱,True,8:49,264.6,跌,314.0,20,False,5.0,-0.7459,-0.9857,-2.0684,True,False,-8.2,-2.2,112.5,0.88,0.24,365.9,,OHLC,—,LH/LL,自然反彈,True,268,3,universe
LCII,2026-09-24,83.55,3.14,False,96.23,-0.727,-1.37,True,79.3,0.67,78.7,True,3.76,2.11,0.0,0.0,D 趨勢弱,True,8:49,264.6,跌,280.0,29,False,5.0,-0.7826,-0.8237,-1.5792,True,False,-15.17,-4.03,87.92,-5.23,-1.39,29.0,,OHLC,↓,LH/LL,DT,False,268,3,universe
SITE,2026-09-24,92.18,3.14,False,94.4,-0.149,-0.46,False,79.2,-0.15,79.3,True,3.41,2.49,11.9,-1.5,D 趨勢弱,True,9:55,297.7,升,15.0,2,False,5.0,0.177,0.1314,,False,True,-2.41,-0.71,86.2,6.49,1.91,95.0,,OHLC,—,HH/HL,自然回檔,False,268,3,universe
ASML,2026-09-24,1722.5,53.5,False,1712.79,-3.754,-0.21,True,79.1,0.5,78.6,True,3.11,2.81,63.3,-2.2,C 基底修復,False,11:12,336.2,升,37.0,4,False,5.0,10.6792,10.2241,,False,True,0.56,0.18,1747.9,-1.47,-0.47,2207.8,,OHLC,↓,LH/LL,自然反彈,False,268,3,universe
HAPN,2026-09-24,15.35,0.54,False,17.2,-0.166,-1.33,True,78.7,0.59,78.1,True,3.51,2.48,1.1,0.4,D 趨勢弱,True,8:49,264.6,跌,328.0,32,False,5.0,-0.0998,-0.0982,-0.1952,False,False,-12.05,-3.44,17.75,-15.64,-4.46,22.1,,OHLC,↓,LH/LL,DT,False,187,3,universe
PHIN,2026-09-24,59.94,2.08,False,66.47,-0.537,-1.46,True,78.5,0.27,78.2,True,3.47,2.56,0.3,-0.0,D 趨勢弱,True,8:49,264.6,跌,438.0,40,False,5.0,-0.2037,-0.2649,-0.52,True,False,-10.9,-3.14,69.04,-15.18,-4.38,25.1,,OHLC,↓,LH/LL,DT,False,268,3,universe
NEM,2026-09-24,121.3,4.32,True,125.7,0.113,0.41,False,77.1,-0.12,77.2,True,3.56,2.73,61.8,-6.4,B 上升結構,True,8:49,264.6,跌,166.0,17,False,5.0,-1.2373,-1.1348,-1.7257,False,False,-3.63,-1.02,127.26,-4.91,-1.38,978.4,,OHLC,—,LH/LL,自然回檔,True,268,3,universe
BJRI,2026-09-24,61.96,2.27,False,62.96,-0.227,-0.62,True,76.7,0.17,76.5,True,3.66,2.7,64.9,3.7,C 基底修復,False,10:30,315.0,升,25.0,3,False,5.0,0.2505,0.1675,,False,True,-1.61,-0.44,62.14,-0.29,-0.08,26.5,,OHLC,—,LH/LL,自然反彈,True,268,3,universe
LFUS,2026-09-24,421.16,15.17,False,418.55,-1.262,-0.47,True,76.7,0.19,76.5,True,3.6,2.76,57.7,0.7,C 基底修復,False,11:32,345.8,升,42.0,3,False,5.0,2.1656,1.7313,,False,True,0.62,0.17,405.42,3.74,1.04,79.0,,OHLC,—,HH/HL,自然反彈,False,268,3,universe
VNDA,2026-09-24,4.98,0.19,False,5.24,-0.004,0.26,True,76.7,0.34,76.4,True,3.88,2.48,17.0,6.8,D 趨勢弱,True,8:49,264.6,跌,154.0,11,False,5.0,-0.0112,-0.0057,-0.0637,False,False,-5.3,-1.36,5.15,-3.41,-0.88,3.9,,OHLC,—,LH/LL,DT,True,268,3,universe
CODI,2026-09-24,11.25,0.39,False,11.58,-0.04,-0.34,False,76.4,-0.14,76.5,True,3.44,2.98,76.5,-1.3,B 上升結構,True,8:49,264.6,跌,135.0,23,False,5.0,-0.0135,-0.0188,-0.1081,True,True,-2.97,-0.86,11.31,-0.53,-0.15,6.1,,OHLC,—,LH/LL,自然反彈,True,268,3,universe
DAR,2026-09-24,61.74,2.5,False,64.89,-0.051,0.03,True,76.3,0.59,75.7,True,4.05,2.39,53.4,0.3,C 基底修復,True,7:42,231.2,跌,78.0,10,False,5.0,-0.6949,-0.6775,-0.6949,False,False,-5.1,-1.26,,,,160.7,,OHLC,—,HH/HL,DT,False,268,3,universe
TECK,2026-09-24,66.51,2.4,False,67.59,-0.066,-0.01,False,76.3,-0.16,76.5,True,3.61,2.82,71.9,-3.6,B 上升結構,True,8:49,264.6,跌,145.0,17,False,5.0,-0.239,-0.2536,-0.8188,True,True,-1.62,-0.45,68.88,-3.56,-0.99,193.6,,OHLC,—,LH/LL,自然回檔,True,268,3,universe
RYTM,2026-09-24,98.31,4.09,False,105.1,-0.698,-0.83,True,75.4,0.12,75.3,True,4.16,2.45,15.1,-1.9,D 趨勢弱,True,8:49,264.6,跌,247.0,25,False,5.0,-0.2488,-0.358,-1.3752,True,False,-6.91,-1.66,104.71,-6.51,-1.57,60.4,,OHLC,↓,LH/LL,自然反彈,False,268,3,universe
MG,2026-09-24,21.38,0.76,True,19.95,0.126,1.4,True,75.2,0.66,74.5,True,3.55,3.09,65.7,-2.6,E 延伸,False,12:09,4.7,升,53.0,5,False,5.0,0.1013,0.0821,,False,False,6.67,1.88,19.35,9.49,2.67,9.7,,OHLC,↑,HH/HL,UT,False,268,3,universe
AEM,2026-09-24,193.88,7.36,True,202.75,0.504,0.63,True,74.2,0.26,73.9,False,3.79,3.04,39.8,-5.0,D 趨勢弱,True,8:49,264.6,跌,174.0,17,False,5.0,-2.0162,-1.8644,-2.9441,False,False,-4.57,-1.21,203.6,-5.01,-1.32,438.0,,OHLC,—,LH/LL,次級回檔,True,268,3,universe
CCC,2026-09-24,6.87,0.31,False,6.97,-0.004,-0.2,True,70.1,0.47,69.7,False,4.56,3.04,40.1,14.5,C 基底修復,True,8:49,264.6,跌,160.0,19,False,5.0,-0.0477,-0.0785,-0.1506,True,True,-1.51,-0.33,7.51,-9.32,-2.04,79.9,,OHLC,↓,LH/LL,自然反彈,False,268,3,universe
AEO,2026-09-24,16.08,0.69,False,15.99,-0.025,-0.34,True,70.0,0.51,69.5,False,4.26,3.37,11.1,1.7,D 趨勢弱,True,9:33,286.5,升,9.0,2,False,5.0,0.0696,0.0242,,False,True,0.54,0.13,15.43,4.04,0.95,122.3,,OHLC,—,LH/LL,UT,False,268,3,universe
NESR,2026-09-24,32.77,1.36,False,33.79,-0.085,-0.19,True,68.6,0.86,67.8,False,4.16,3.74,81.4,-0.7,A 待突破,True,8:49,264.6,跌,288.0,23,False,5.0,-0.2396,-0.2802,-0.549,True,True,-3.12,-0.75,35.45,-8.18,-1.97,54.2,,OHLC,—,LH/LL,UT,False,268,3,universe
BNED,2026-09-24,11.13,0.5,False,11.62,-0.027,-0.41,True,68.4,0.96,67.4,False,4.51,3.44,42.9,7.2,D 趨勢弱,True,9:36,288.2,升,10.0,1,False,5.0,0.0074,-0.0184,,False,True,-4.44,-0.99,11.23,-0.9,-0.2,3.4,,OHLC,—,LH/LL,自然反彈,True,268,3,universe
BL,2026-09-24,27.89,1.35,True,30.64,0.019,-0.04,True,66.4,0.22,66.2,False,4.82,3.5,13.2,0.2,D 趨勢弱,True,8:49,264.6,跌,106.0,13,False,5.0,-0.2703,-0.3063,-0.5186,True,False,-9.84,-2.04,30.29,-8.61,-1.78,29.0,,OHLC,—,LH/LL,DT,True,268,3,universe
DJT,2026-09-24,9.1,0.43,True,8.96,0.03,-0.13,True,65.3,1.01,64.3,False,4.68,3.88,21.8,-1.3,D 趨勢弱,False,10:15,307.6,升,21.0,3,False,5.0,0.0325,0.0289,,False,True,1.58,0.34,8.85,2.75,0.59,29.2,,OHLC,—,LH/LL,自然回檔,True,268,3,universe
HBM,2026-09-24,26.48,1.33,False,27.67,-0.059,-0.09,True,64.4,0.5,63.9,False,5.0,3.74,62.0,3.9,B 上升結構,True,8:49,264.6,跌,116.0,17,False,5.0,-0.1302,-0.1331,-0.5571,True,True,-4.48,-0.89,27.44,-3.63,-0.72,106.3,,OHLC,—,LH/LL,DT,True,268,3,universe
PRCH,2026-09-24,16.47,0.8,True,16.8,0.008,0.07,False,64.0,-0.13,64.1,False,4.88,3.94,59.1,-2.7,B 上升結構,True,8:49,264.6,跌,141.0,20,False,5.0,-0.0913,-0.1005,-0.2921,True,True,-2.0,-0.41,18.37,-11.54,-2.36,24.2,,OHLC,—,LH/LL,DT,True,268,3,universe
LEGN,2026-09-24,19.06,0.97,False,19.79,-0.091,-0.51,True,63.4,0.67,62.7,False,5.1,3.83,6.1,1.4,D 趨勢弱,True,9:19,279.6,升,5.0,1,False,5.0,0.053,-0.0301,,False,True,-3.81,-0.75,21.89,-14.85,-2.91,40.9,,OHLC,↓,LH/LL,自然反彈,False,268,3,universe
IDR,2026-09-24,29.8,1.57,False,31.03,-0.131,-0.57,True,62.2,0.27,61.9,False,5.27,3.91,7.3,-2.2,D 趨勢弱,True,8:49,264.6,跌,231.0,17,False,5.0,-0.007,-0.0407,-0.4389,True,True,-4.13,-0.78,31.04,-4.16,-0.79,6.5,,OHLC,↓,LH/LL,DT,False,268,3,universe
KURA,2026-09-24,10.86,0.6,True,12.09,0.005,0.15,True,62.2,0.15,62.0,False,5.48,3.7,31.5,-7.3,D 趨勢弱,True,8:15,247.5,跌,88.0,12,False,5.0,-0.1875,-0.1712,-0.2855,False,False,-11.31,-2.06,12.2,-12.34,-2.25,22.6,,OHLC,↓,LH/LL,DT,False,268,3,universe
KSS,2026-09-24,17.24,0.97,False,17.83,-0.05,-0.22,True,62.0,0.71,61.3,False,5.63,3.59,49.7,23.9,D 趨勢弱,True,9:25,282.3,升,7.0,1,False,5.0,0.008,-0.0043,,False,True,-3.45,-0.61,16.63,3.54,0.63,72.1,,OHLC,—,HH/HL,次級回檔,True,268,3,universe
PMTS,2026-09-24,24.3,1.3,False,25.09,-0.097,-0.46,True,61.6,1.27,60.3,False,5.33,3.97,38.0,-1.2,D 趨勢弱,True,8:49,264.6,跌,196.0,24,False,5.0,-0.35,-0.4079,-0.8503,True,True,-3.26,-0.61,29.56,-21.67,-4.06,6.3,,OHLC,—,LH/LL,自然回檔,False,268,3,universe
SGP,2026-09-24,27.65,1.58,True,27.86,0.049,0.41,False,60.9,-0.48,61.4,False,5.73,3.72,53.9,0.5,B 上升結構,True,8:49,264.6,跌,133.0,12,False,5.0,-0.2331,-0.1733,-0.2331,False,True,-0.75,-0.13,28.69,-3.76,-0.66,4.1,,OHLC,—,LH/LL,自然回檔,True,159,3,universe
VERA,2026-09-24,33.34,2.15,True,33.79,0.062,0.16,True,57.2,0.97,56.2,False,6.46,3.79,17.3,-3.3,D 趨勢弱,False,3:24,102.2,跌,7.0,1,False,5.0,-0.0527,0.0018,-1.0203,False,True,-1.34,-0.21,35.05,-5.13,-0.79,90.0,,OHLC,—,LH/LL,自然回檔,False,268,3,universe
ACHR,2026-09-24,5.71,0.3,False,5.91,-0.043,-0.57,True,56.8,0.21,56.6,False,5.32,5.0,31.3,1.5,D 趨勢弱,True,9:24,282.1,升,7.0,1,False,5.0,0.0109,-0.0034,,False,True,-3.57,-0.67,5.4,5.43,1.02,132.9,,OHLC,—,LH/LL,UT,True,268,3,universe
STX,2026-09-24,905.92,49.86,True,861.32,0.795,0.24,True,56.5,0.34,56.2,False,5.5,4.89,69.4,3.8,C 基底修復,False,11:03,331.3,升,34.0,4,False,5.0,11.4149,11.148,,False,True,4.92,0.89,856.13,5.5,1.0,3273.0,,OHLC,—,LH/LL,UT,False,268,3,universe
AUGO,2026-09-24,83.07,4.8,True,85.66,0.111,0.54,False,55.6,-0.77,56.4,False,5.77,4.82,50.7,-9.6,C 基底修復,True,8:49,264.6,跌,142.0,17,False,5.0,-0.8915,-0.5395,-0.8915,False,True,-3.12,-0.54,84.91,-2.21,-0.38,99.1,,OHLC,—,HH/HL,DT,False,268,3,universe
HPK,2026-09-24,7.65,0.51,True,8.12,0.01,0.09,False,53.5,-0.87,54.4,False,6.65,4.44,44.7,-11.7,C 基底修復,True,8:48,263.8,跌,97.0,7,False,5.0,-0.1003,-0.0836,-0.1003,False,True,-6.08,-0.91,8.38,-9.54,-1.44,4.2,,OHLC,—,HH/HL,DT,False,268,3,universe
SIMO,2026-09-24,275.1,18.41,True,256.81,1.522,0.45,True,45.6,0.33,45.3,False,6.69,6.42,65.2,-0.3,C 基底修復,False,11:21,340.6,升,39.0,5,False,5.0,2.9943,3.1507,,False,True,6.65,0.99,236.81,13.92,2.08,202.5,,OHLC,↑,HH/HL,自然回檔,False,268,3,universe
DAIC,2026-09-24,3.41,0.97,True,3.96,0.004,0.0,True,5.0,0.37,4.6,False,28.48,28.18,17.9,2.9,D 趨勢弱,False,4:16,128.2,跌,21.0,2,False,5.0,-0.0222,-0.0131,-0.2059,False,True,-16.04,-0.56,3.04,10.7,0.38,42.0,,OHLC,—,HH/HL,次級反彈,False,268,3,universe
RAMP,2026-09-24,37.48,0.17,False,37.7,-0.009,-0.2,True,99.5,0.01,99.5,True,0.45,0.3,66.4,0.6,C 基底修復,False,4:41,140.7,跌,28.0,5,False,6.0,-0.0333,-0.0301,-0.0953,False,True,-0.58,-1.3,37.81,-0.88,-1.96,47.4,,OHLC,—,LH/LL,UT,False,268,3,universe
RVT,2026-09-24,17.3,0.29,False,18.22,-0.056,-0.79,True,94.7,0.03,94.7,True,1.68,0.92,33.1,-1.1,D 趨勢弱,True,8:49,264.6,跌,190.0,25,False,6.0,-0.0562,-0.064,-0.1445,True,False,-5.31,-3.17,18.66,-7.86,-4.69,3.2,,OHLC,—,LH/LL,DT,True,268,3,universe
NAC,2026-09-24,10.57,0.22,False,11.03,-0.047,-1.47,True,93.7,0.0,93.7,True,2.05,0.82,12.2,-1.6,D 趨勢弱,True,8:49,264.6,跌,230.0,25,False,6.0,-0.0337,-0.0426,-0.0784,True,False,-4.33,-2.11,11.1,-5.01,-2.44,12.4,,OHLC,↓,LH/LL,DT,False,268,3,universe
NWN,2026-09-24,46.97,0.87,False,49.14,-0.103,-0.65,True,92.9,0.14,92.8,True,1.85,1.22,15.3,-0.5,D 趨勢弱,True,8:49,264.6,跌,204.0,24,False,6.0,-0.1666,-0.1389,-0.3166,False,False,-4.63,-2.5,50.02,-6.49,-3.5,12.9,,OHLC,↓,LH/LL,DT,False,268,3,universe
DOC,2026-09-24,20.27,0.39,False,20.74,-0.018,-0.34,True,92.8,0.17,92.6,True,1.91,1.18,36.7,-2.4,C 基底修復,False,1:22,40.9,升,73.0,4,False,6.0,0.016,0.0275,,False,True,-2.31,-1.21,20.72,-2.22,-1.16,103.7,,OHLC,—,LH/LL,自然回檔,True,268,3,universe
AWR,2026-09-24,82.5,1.6,False,87.62,-0.164,-0.38,True,92.7,0.01,92.7,True,1.94,1.17,34.7,-0.7,C 基底修復,True,8:49,264.6,跌,172.0,20,False,6.0,-0.6472,-0.5916,-0.6472,False,False,-6.21,-3.2,88.06,-6.74,-3.48,19.6,,OHLC,↓,LH/LL,DT,False,268,3,universe
ACP,2026-09-24,4.46,0.09,False,4.77,-0.024,-0.91,True,91.9,0.01,91.9,True,2.04,1.26,3.9,-2.4,D 趨勢弱,True,8:49,264.6,跌,145.0,15,False,6.0,-0.03,-0.0286,-0.0458,False,False,-6.99,-3.42,4.7,-5.38,-2.64,4.5,,OHLC,↓,LH/LL,DT,False,268,3,universe
MSEX,2026-09-24,52.91,1.21,False,57.39,-0.172,-0.5,True,90.9,0.05,90.9,True,2.28,1.26,17.1,-11.0,D 趨勢弱,True,8:49,264.6,跌,476.0,22,False,6.0,-0.4701,-0.4088,-0.4701,False,False,-8.48,-3.72,58.93,-11.38,-4.99,6.6,,OHLC,↓,LH/LL,DT,False,268,3,universe
AQN,2026-09-24,5.02,0.11,False,5.51,-0.026,-0.89,True,89.9,0.18,89.7,True,2.17,1.59,2.3,-1.6,D 趨勢弱,True,8:49,264.6,跌,300.0,24,False,6.0,-0.0371,-0.0325,-0.0386,False,False,-9.8,-4.53,5.4,-7.57,-3.49,24.5,,OHLC,↓,LH/LL,DT,False,268,3,universe
TR,2026-09-24,37.76,0.86,False,39.38,-0.071,-0.56,True,89.9,0.15,89.7,True,2.29,1.48,16.8,-0.7,D 趨勢弱,True,8:49,264.6,跌,142.0,18,False,6.0,-0.1019,-0.1423,-0.3899,True,False,-4.28,-1.88,39.45,-4.48,-1.96,6.0,,OHLC,↓,LH/LL,DT,False,268,3,universe
SBUX,2026-09-24,93.65,2.36,False,101.87,-0.433,-0.98,True,89.5,0.25,89.3,True,2.52,1.32,16.4,0.3,D 趨勢弱,True,8:49,264.6,跌,185.0,18,False,6.0,-0.6712,-0.7337,-1.0737,True,False,-8.78,-3.49,105.85,-13.03,-5.18,669.1,,OHLC,↓,LH/LL,DT,False,268,3,universe
HCI,2026-09-24,176.89,4.26,False,185.53,-0.145,-0.14,True,89.4,0.57,88.8,True,2.41,1.46,34.7,0.7,C 基底修復,True,8:49,264.6,跌,121.0,13,False,6.0,-1.4452,-1.2596,-1.4452,False,False,-4.88,-2.03,187.99,-6.28,-2.6,28.7,,OHLC,↓,LH/LL,DT,False,268,3,universe
AIT,2026-09-24,332.02,7.79,False,331.76,-0.742,-0.67,True,89.3,0.16,89.1,True,2.35,1.54,51.5,-0.1,C 基底修復,False,10:28,314.0,升,24.0,4,False,6.0,2.0392,1.6823,,False,True,0.08,0.03,,,,101.5,,OHLC,—,LH/LL,UT,False,268,3,universe
HEI/A,2026-09-24,229.44,6.25,False,240.94,-0.997,-1.1,True,88.3,0.07,88.2,True,2.72,1.38,15.6,-0.5,D 趨勢弱,True,10:00,300.0,升,17.0,2,False,6.0,0.5579,0.1821,,False,False,-5.01,-1.84,251.05,-9.42,-3.46,81.2,,OHLC,↓,LH/LL,自然反彈,False,268,3,universe
ADUS,2026-09-24,114.05,2.98,False,117.6,-0.077,-0.18,True,88.2,0.2,88.0,True,2.61,1.53,37.9,-1.6,C 基底修復,True,8:49,264.6,跌,283.0,38,False,6.0,-0.6064,-0.572,-1.0119,False,False,-3.11,-1.19,118.51,-3.91,-1.5,25.0,,OHLC,↓,LH/LL,DT,False,268,3,universe
GEF,2026-09-24,82.82,2.11,False,84.41,-0.112,-0.33,False,88.2,-0.5,88.7,True,2.55,1.58,51.7,-12.0,C 基底修復,True,8:49,264.6,跌,202.0,31,False,6.0,-0.0478,-0.0093,-1.0361,False,True,-1.92,-0.75,84.59,-2.14,-0.84,30.9,,OHLC,↓,LH/LL,次級回檔,False,268,3,universe
JCI,2026-09-24,145.36,3.53,False,143.72,-0.243,-0.43,True,88.2,0.47,87.7,True,2.43,1.69,58.4,-0.8,A 待突破,False,11:35,347.4,升,43.0,5,False,6.0,0.6205,0.6189,,False,True,1.13,0.46,145.41,-0.03,-0.01,468.0,,OHLC,↓,LH/LL,自然反彈,False,268,3,universe
SXT,2026-09-24,128.22,2.98,False,132.33,-0.086,-0.11,True,88.0,0.46,87.5,True,2.32,1.84,62.0,-10.7,C 基底修復,True,8:49,264.6,跌,190.0,19,False,6.0,-0.5783,-0.5939,-1.5231,True,False,-3.21,-1.38,138.26,-7.83,-3.37,42.6,,OHLC,—,LH/LL,UT,False,268,3,universe
BKE,2026-09-24,41.54,1.05,False,42.15,-0.112,-0.72,True,87.6,0.4,87.2,True,2.52,1.73,10.0,1.7,D 趨勢弱,False,10:37,318.5,升,27.0,3,False,6.0,0.1411,0.0895,,False,True,-1.47,-0.58,42.69,-2.77,-1.1,21.1,,OHLC,↓,LH/LL,自然反彈,False,268,3,universe
HEI,2026-09-24,306.33,8.67,False,330.86,-1.494,-1.13,True,87.1,0.25,86.8,True,2.83,1.52,13.3,-1.7,D 趨勢弱,True,10:00,300.0,升,17.0,2,False,6.0,0.8565,0.4243,,False,False,-8.01,-2.83,351.59,-14.77,-5.22,155.7,,OHLC,↓,LH/LL,自然反彈,False,268,3,universe
EQIX,2026-09-24,1034.76,27.33,False,1048.88,-0.823,-0.04,True,86.8,0.63,86.2,True,2.64,1.77,56.3,-2.3,C 基底修復,False,10:20,310.0,升,22.0,4,False,6.0,2.1251,2.4906,,False,True,-1.36,-0.52,1043.06,-0.8,-0.3,532.0,,OHLC,↓,LH/LL,DT,False,268,3,universe
CR,2026-09-24,204.56,5.49,False,204.74,-0.441,-0.64,True,86.4,0.25,86.2,True,2.68,1.8,43.1,0.1,C 基底修復,False,10:50,324.8,升,30.0,4,False,6.0,1.0357,0.7882,,False,True,-0.09,-0.03,201.82,1.34,0.5,82.3,,OHLC,—,LH/LL,UT,True,268,3,universe
GE,2026-09-24,319.78,8.62,False,334.47,-1.018,-0.99,True,86.3,0.11,86.2,True,2.69,1.82,18.8,-2.7,D 趨勢弱,True,9:48,294.2,升,13.0,2,False,6.0,0.708,0.3012,,False,False,-4.59,-1.71,337.12,-5.42,-2.01,1372.6,,OHLC,↓,LH/LL,自然反彈,False,268,3,universe
OTF,2026-09-24,10.27,0.27,False,11.08,-0.037,-0.54,True,85.9,0.41,85.5,True,2.63,1.96,16.9,-1.7,D 趨勢弱,True,8:49,264.6,跌,184.0,14,False,6.0,-0.0821,-0.078,-0.1182,False,False,-7.87,-2.99,10.86,-5.74,-2.18,24.5,,OHLC,↓,LH/LL,DT,False,268,3,universe
USFD,2026-09-24,93.82,2.68,False,100.12,-0.669,-1.21,True,85.7,0.41,85.3,True,2.85,1.78,29.3,-0.2,D 趨勢弱,True,8:49,264.6,跌,170.0,25,False,6.0,-0.4116,-0.5913,-1.8196,True,False,-6.72,-2.35,109.62,-16.84,-5.9,248.5,,OHLC,↓,LH/LL,自然反彈,False,268,3,universe
HNI,2026-09-24,46.68,1.33,False,47.78,-0.068,-0.34,False,84.9,-0.15,85.1,True,2.84,1.95,42.4,-13.9,C 基底修復,True,8:49,264.6,跌,189.0,28,False,6.0,-0.165,-0.1848,-0.5654,True,True,-2.36,-0.83,47.79,-2.38,-0.84,28.0,,OHLC,—,LH/LL,自然回檔,True,268,3,universe
ASGI,2026-09-24,19.44,0.55,False,21.9,-0.139,-1.16,True,84.8,0.13,84.7,True,2.82,1.99,0.5,-4.7,D 趨勢弱,True,8:49,264.6,跌,187.0,21,False,6.0,-0.1871,-0.2178,-0.324,True,False,-12.65,-4.48,20.53,-5.61,-1.99,7.1,,OHLC,↓,LH/LL,DT,False,268,3,universe
SBGSY,2026-09-24,66.29,1.61,False,67.51,-0.133,-0.28,True,84.7,0.21,84.5,True,2.42,2.42,51.8,-2.6,C 基底修復,False,10:33,316.5,升,26.0,3,False,6.0,0.0237,0.0277,,False,True,-1.84,-0.76,68.04,-2.64,-1.09,16.9,,OHLC,↓,LH/LL,DT,False,268,3,universe
DLR,2026-09-24,181.0,5.07,False,187.6,-0.44,-0.35,True,84.3,0.79,83.5,True,2.8,2.11,43.3,-2.5,C 基底修復,True,8:49,264.6,跌,125.0,26,False,6.0,-0.2405,-0.1641,-1.5739,False,False,-3.65,-1.3,186.33,-2.94,-1.05,390.0,,OHLC,↓,LH/LL,DT,False,268,3,universe
IPAR,2026-09-24,115.79,3.33,False,114.35,-0.161,-0.37,False,84.3,-0.25,84.6,True,2.87,2.03,50.1,-1.8,C 基底修復,True,9:58,299.2,升,16.0,3,False,6.0,0.6267,0.6118,,False,True,1.24,0.43,114.01,1.54,0.54,24.5,,OHLC,—,HH/HL,次級回檔,False,268,3,universe
BDN,2026-09-24,2.89,0.09,False,3.03,-0.007,-0.56,True,83.5,0.21,83.3,True,3.03,2.04,9.8,-3.4,D 趨勢弱,True,8:49,264.6,跌,182.0,18,False,6.0,-0.006,-0.0059,-0.0205,False,False,-4.78,-1.58,3.01,-4.15,-1.37,5.5,,OHLC,—,LH/LL,DT,True,268,3,universe
GFF,2026-09-24,96.54,2.66,False,97.7,-0.374,-0.82,True,83.1,0.18,82.9,True,2.76,2.39,48.5,-0.6,C 基底修復,False,10:15,307.4,升,21.0,2,False,6.0,0.11,0.0065,,False,True,-1.2,-0.44,,,,32.0,,OHLC,—,LH/LL,UT,True,268,3,universe
GRC,2026-09-24,74.65,2.38,False,74.88,-0.316,-0.79,True,83.1,0.27,82.8,True,3.18,1.96,45.7,-1.0,C 基底修復,False,10:47,323.3,升,30.0,4,False,6.0,0.4177,0.3703,,False,True,-0.31,-0.1,75.49,-1.13,-0.35,14.3,,OHLC,—,LH/LL,自然反彈,True,268,3,universe
JBSS,2026-09-24,67.05,2.12,False,73.95,-0.62,-1.29,True,82.9,0.24,82.6,True,3.16,2.03,15.2,-0.0,D 趨勢弱,True,9:26,282.9,升,7.0,1,False,6.0,0.0508,-0.0075,,False,False,-10.29,-3.25,72.43,-8.02,-2.54,9.1,,OHLC,↓,LH/LL,DT,False,268,3,universe
FLS,2026-09-24,76.04,2.39,False,77.1,-0.147,-0.3,False,82.0,-0.06,82.1,True,3.14,2.22,32.4,-22.9,C 基底修復,True,9:37,288.6,升,10.0,2,False,6.0,0.204,0.1259,,False,True,-1.39,-0.44,74.46,2.08,0.66,124.2,,OHLC,—,LH/LL,UT,False,268,3,universe
SBH,2026-09-24,17.0,0.56,True,16.29,0.01,-0.09,True,81.4,0.61,80.8,True,3.29,2.19,67.1,-2.1,A 待突破,False,10:34,317.0,升,26.0,3,False,6.0,0.0709,0.0362,,False,False,4.16,1.27,,,,20.3,,OHLC,—,LH/LL,UT,False,268,3,universe
SHOO,2026-09-24,44.23,1.43,False,43.67,-0.107,-0.62,True,80.4,0.27,80.1,True,3.24,2.43,50.7,4.1,C 基底修復,False,10:24,311.9,升,23.0,3,False,6.0,0.2887,0.2121,,False,True,1.27,0.39,,,,48.2,,OHLC,—,LH/LL,自然回檔,False,268,3,universe
GVA,2026-09-24,110.93,3.46,False,119.26,-0.358,-0.8,True,79.7,0.15,79.6,True,3.12,2.68,16.0,-0.7,D 趨勢弱,True,8:49,264.6,跌,174.0,17,False,6.0,-0.2552,-0.1148,-0.801,False,False,-7.51,-2.41,118.92,-7.2,-2.31,62.7,,OHLC,↓,LH/LL,DT,False,268,3,universe
SSYS,2026-09-24,8.02,0.29,False,8.05,-0.018,-0.25,True,76.6,1.08,75.5,True,3.66,2.73,13.6,3.6,D 趨勢弱,False,11:28,344.1,升,41.0,6,False,6.0,0.0684,0.0704,,False,True,-0.38,-0.1,7.51,6.36,1.74,5.2,,OHLC,↑,HH/HL,UT,False,268,3,universe
SNPS,2026-09-24,424.91,14.91,True,406.12,0.273,-0.09,True,76.0,0.01,75.9,True,3.51,2.99,24.5,2.8,D 趨勢弱,False,10:04,302.0,升,18.0,3,False,6.0,3.3943,1.8351,,False,False,4.42,1.26,388.99,8.45,2.41,816.4,,OHLC,—,LH/LL,UT,False,268,3,universe
AMRX,2026-09-24,19.8,0.82,True,18.22,0.073,0.62,True,75.3,0.76,74.5,True,4.13,2.5,68.4,0.3,E 延伸,False,12:16,8.2,升,55.0,6,False,6.0,0.2728,0.2625,,False,False,8.02,1.94,21.18,-6.92,-1.68,45.4,,OHLC,—,LH/LL,自然反彈,False,268,3,universe
CRMD,2026-09-24,7.77,0.29,True,8.11,0.024,0.17,True,73.4,0.92,72.5,False,3.72,3.26,19.3,-2.4,D 趨勢弱,True,8:49,264.6,跌,103.0,12,False,6.0,-0.0452,-0.0555,-0.1245,True,False,-4.36,-1.17,7.62,1.93,0.52,7.0,,OHLC,—,HH/HL,DT,True,268,3,universe
KYMR,2026-09-24,115.81,5.16,True,118.71,0.107,0.39,True,73.2,0.49,72.7,False,4.45,2.58,65.4,-4.4,B 上升結構,False,3:36,108.2,跌,10.0,2,False,6.0,-0.2946,-0.1936,-2.2632,False,True,-2.5,-0.56,120.66,-4.19,-0.94,85.9,,OHLC,—,LH/LL,自然回檔,True,268,3,universe
MATV,2026-09-24,12.17,0.43,False,12.2,-0.015,-0.09,True,72.8,0.25,72.5,False,3.53,3.57,55.2,-2.1,B 上升結構,True,8:49,264.6,跌,211.0,23,False,6.0,-0.0858,-0.0853,-0.1891,False,True,-0.21,-0.06,12.32,-1.23,-0.35,6.3,,OHLC,—,LH/LL,次級回檔,True,268,3,universe
SNOW,2026-09-24,334.0,15.14,False,334.03,-0.025,0.08,True,70.8,0.63,70.2,False,4.53,2.95,75.8,-1.4,B 上升結構,True,8:49,264.6,跌,296.0,27,False,6.0,-1.0007,-0.8873,-4.0714,False,True,-0.01,-0.0,321.29,3.81,0.84,1865.1,,OHLC,—,HH/HL,UT,True,268,3,universe
VIA,2026-09-24,29.98,1.37,True,27.38,0.215,1.12,True,69.9,0.16,69.7,False,4.58,3.08,47.5,0.2,D 趨勢弱,True,9:27,283.6,升,8.0,1,False,6.0,0.0892,-0.006,,False,False,8.68,1.9,27.33,8.84,1.93,24.1,,OHLC,↑,HH/HL,UT,False,260,3,universe
EOLS,2026-09-24,7.86,0.38,True,8.5,0.003,0.55,True,64.8,0.43,64.3,False,4.8,3.85,61.0,-4.4,B 上升結構,True,8:49,264.6,跌,105.0,13,False,6.0,-0.1099,-0.1131,-0.2127,True,False,-8.08,-1.68,7.76,1.27,0.26,7.0,,OHLC,—,HH/HL,DT,True,268,3,universe
EMBC,2026-09-24,5.62,0.26,True,5.23,0.026,0.91,True,61.6,0.14,61.5,False,4.61,4.69,28.3,0.1,D 趨勢弱,True,8:49,264.6,跌,139.0,12,False,6.0,-0.005,-0.0161,-0.095,True,False,7.0,1.52,4.96,11.74,2.55,6.8,,OHLC,↑,HH/HL,UT,False,268,3,universe
XNCR,2026-09-24,23.88,1.26,True,25.88,0.098,0.32,True,60.2,0.0,60.2,False,5.26,4.33,53.9,-0.8,B 上升結構,True,8:49,264.6,跌,164.0,18,False,6.0,-0.3447,-0.3388,-0.7225,False,False,-8.37,-1.59,28.98,-21.36,-4.06,37.8,,OHLC,—,LH/LL,DT,True,268,3,universe
LITE,2026-09-24,929.04,62.51,True,909.92,0.416,0.24,True,46.4,0.39,46.0,False,6.73,6.16,61.9,8.0,B 上升結構,False,11:46,353.1,升,46.0,3,False,6.0,0.3447,1.0434,,False,True,2.06,0.31,895.0,3.66,0.54,4039.8,,OHLC,↑,HH/HL,自然回檔,False,268,3,universe
MEI,2026-09-24,14.56,1.15,False,15.58,-0.069,-0.37,True,42.0,0.33,41.7,False,7.89,6.28,44.0,-4.5,C 基底修復,True,9:23,281.6,升,6.0,1,False,6.0,0.0059,-0.0702,,False,True,-6.99,-0.89,14.65,-0.62,-0.08,12.7,,OHLC,—,LH/LL,UT,True,268,3,universe
SLS,2026-09-24,11.98,1.0,True,13.1,0.013,-0.07,True,41.3,1.16,40.1,False,8.33,6.06,41.5,1.5,D 趨勢弱,True,8:49,264.6,跌,111.0,17,False,6.0,-0.1529,-0.2117,-0.526,True,False,-9.38,-1.13,11.66,2.67,0.32,91.0,,OHLC,↓,LH/LL,次級反彈,False,268,3,universe
BKU,2026-09-24,43.39,0.91,False,45.38,-0.093,-0.46,True,91.7,0.3,91.4,True,2.1,1.25,16.1,-0.0,C 基底修復,True,8:49,264.6,跌,249.0,24,False,7.0,-0.1228,-0.1129,-0.2724,False,False,-4.59,-2.18,46.38,-6.89,-3.28,43.6,,OHLC,↓,LH/LL,DT,False,268,3,universe
FELE,2026-09-24,96.84,2.01,False,98.83,-0.266,-1.13,True,91.1,0.11,91.0,True,2.08,1.41,23.8,2.3,D 趨勢弱,False,10:12,306.0,升,20.0,2,False,7.0,0.1344,0.0178,,False,True,-2.05,-0.99,99.76,-3.02,-1.45,28.7,,OHLC,—,LH/LL,DT,True,268,3,universe
DD,2026-09-24,130.22,2.97,False,133.68,-0.477,-0.86,True,90.1,0.07,90.1,True,2.28,1.43,34.7,-0.2,C 基底修復,False,11:36,347.8,升,43.0,4,False,7.0,0.5559,0.5179,,False,True,-2.65,-1.16,138.8,-6.59,-2.89,157.5,,OHLC,↓,LH/LL,自然反彈,False,268,3,universe
TRS,2026-09-24,39.47,0.97,False,38.98,-0.013,-0.32,True,89.2,0.05,89.1,True,2.45,1.47,58.1,10.4,C 基底修復,False,11:19,339.7,升,39.0,3,False,7.0,0.1218,0.0675,,False,True,1.24,0.51,39.07,1.01,0.41,12.0,,OHLC,—,LH/LL,UT,True,268,3,universe
WKC,2026-09-24,35.97,0.93,False,35.7,-0.031,-0.26,True,88.4,0.28,88.1,True,2.6,1.49,55.5,-0.8,C 基底修復,False,12:07,3.3,升,52.0,7,False,7.0,0.1046,0.102,,False,True,0.75,0.29,36.19,-0.61,-0.24,41.5,,OHLC,—,LH/LL,自然反彈,True,268,3,universe
IRDM,2026-09-24,48.89,1.12,False,47.72,-0.048,-0.34,True,87.7,0.05,87.7,True,2.29,1.93,68.8,-1.1,B 上升結構,False,11:58,359.1,升,49.0,6,False,7.0,0.2315,0.1902,,False,True,2.39,1.04,,,,49.4,,OHLC,—,LH/LL,UT,False,268,3,universe
HHH,2026-09-24,64.58,1.87,False,64.12,-0.034,-0.35,True,84.7,0.38,84.3,True,2.9,1.94,11.6,1.1,D 趨勢弱,False,11:05,332.6,升,35.0,4,False,7.0,0.4181,0.3803,,False,True,0.72,0.25,60.09,6.95,2.4,43.7,,OHLC,↑,HH/HL,自然回檔,False,268,3,universe
IRM,2026-09-24,114.09,3.44,False,117.38,-0.229,-0.4,True,84.2,0.54,83.7,True,3.02,1.91,39.5,-1.3,C 基底修復,False,11:24,342.0,升,40.0,5,False,7.0,0.4468,0.5402,,False,True,-2.89,-0.96,116.86,-2.43,-0.8,195.4,,OHLC,—,LH/LL,自然回檔,False,268,3,universe
AVNT,2026-09-24,40.78,1.1,False,43.07,-0.166,-0.64,True,81.8,0.27,81.5,True,2.71,2.69,48.5,-2.4,C 基底修復,True,8:49,264.6,跌,302.0,23,False,7.0,-0.2307,-0.2753,-0.5694,True,False,-5.61,-2.07,41.95,-2.87,-1.06,28.0,,OHLC,—,LH/LL,自然反彈,True,268,3,universe
MYE,2026-09-24,31.62,1.02,False,31.9,-0.028,-0.45,True,80.8,3.27,77.5,True,3.24,2.35,67.0,0.7,C 基底修復,False,10:21,310.6,升,23.0,4,False,7.0,0.1417,0.122,,False,True,-0.89,-0.27,31.78,-0.51,-0.16,11.1,,OHLC,↓,LH/LL,自然反彈,False,268,3,universe
SXI,2026-09-24,279.6,9.61,False,285.86,-1.534,-1.21,True,79.4,0.22,79.1,True,3.44,2.43,33.8,1.2,C 基底修復,False,10:38,319.1,升,27.0,3,False,7.0,2.5267,1.5746,,False,True,-2.24,-0.65,,,,35.8,,OHLC,—,LH/LL,UT,False,268,3,universe
HRMY,2026-09-24,41.16,1.34,True,41.13,0.035,0.42,False,79.3,-0.07,79.4,True,3.26,2.61,69.6,5.7,A 待突破,False,5:33,166.6,跌,43.0,5,False,7.0,-0.2573,-0.2354,-0.2573,False,True,0.08,0.03,43.27,-5.13,-1.57,45.8,,OHLC,↓,LH/LL,DT,False,268,3,universe
SVC,2026-09-24,6.48,0.25,False,7.35,-0.066,-1.29,True,78.8,0.05,78.7,True,3.93,2.04,0.0,0.0,D 趨勢弱,True,8:49,264.6,跌,232.0,27,False,7.0,-0.0188,-0.0246,-0.1043,True,False,-13.45,-3.42,6.74,-4.01,-1.02,11.3,,OHLC,↓,LH/LL,DT,False,268,3,universe
ITRI,2026-09-24,91.52,2.52,False,95.75,-0.364,-0.97,True,77.5,0.09,77.4,True,2.75,3.45,22.7,0.2,D 趨勢弱,True,8:49,264.6,跌,199.0,29,False,7.0,-0.2947,-0.3546,-1.0808,True,False,-4.62,-1.68,93.33,-1.98,-0.72,51.3,,OHLC,—,LH/LL,自然回檔,True,268,3,universe
MAGN,2026-09-24,11.85,0.44,False,12.08,-0.025,-0.55,True,76.9,0.24,76.6,True,3.72,2.61,35.7,-2.6,C 基底修復,False,10:23,311.5,升,23.0,3,False,7.0,0.0372,0.0304,,False,True,-1.95,-0.52,11.97,-1.01,-0.27,4.5,,OHLC,—,LH/LL,自然回檔,True,268,3,universe
XERS,2026-09-24,8.95,0.41,True,8.35,0.01,0.37,True,69.6,0.58,69.0,False,4.58,3.13,63.2,0.6,B 上升結構,True,9:54,296.9,升,15.0,4,False,7.0,0.1061,0.0822,,False,False,6.73,1.47,8.6,3.91,0.85,15.6,,OHLC,↑,HH/HL,UT,False,268,3,universe
ACHV,2026-09-24,7.83,0.4,True,7.83,0.034,0.39,False,65.2,-0.34,65.6,False,5.17,3.39,70.9,-2.8,B 上升結構,True,8:21,250.6,跌,89.0,13,False,7.0,-0.0233,-0.0208,-0.1893,False,True,-0.03,-0.01,8.11,-3.58,-0.69,12.7,,OHLC,—,LH/LL,自然回檔,False,268,3,universe
SENS,2026-09-24,10.34,0.5,True,9.25,0.1,1.47,True,58.8,0.87,58.0,False,4.81,5.07,57.5,0.1,B 上升結構,True,9:20,280.1,升,6.0,1,False,7.0,0.0098,-0.0208,,False,False,10.55,2.19,9.23,10.74,2.23,6.6,,OHLC,↑,HH/HL,UT,False,268,3,universe
KBDC,2026-09-24,12.99,0.25,False,13.32,-0.023,-0.55,True,93.2,0.15,93.1,True,1.95,1.04,17.1,-1.5,D 趨勢弱,False,10:48,324.0,升,30.0,3,False,8.0,0.0022,0.0058,,False,True,-2.58,-1.32,13.55,-4.31,-2.21,4.6,,OHLC,↓,LH/LL,自然反彈,False,187,3,universe
UMH,2026-09-24,15.32,0.28,False,16.1,-0.023,-0.14,True,92.8,0.2,92.6,True,1.82,1.28,24.3,-0.6,D 趨勢弱,True,8:49,264.6,跌,178.0,18,False,8.0,-0.0522,-0.041,-0.1367,False,False,-5.09,-2.8,15.87,-3.59,-1.97,11.5,,OHLC,—,LH/LL,DT,True,268,3,universe
WTM,2026-09-24,2029.33,40.36,False,2092.64,-2.12,-0.32,True,92.7,0.22,92.5,True,1.99,1.13,18.8,-0.6,C 基底修復,True,8:49,264.6,跌,98.0,18,False,8.0,-2.3751,-1.9547,-14.0885,False,False,-3.12,-1.57,2065.14,-1.76,-0.89,45.4,,OHLC,—,LH/LL,DT,True,268,3,universe
OBDC,2026-09-24,10.8,0.21,False,11.33,-0.03,-0.38,True,92.4,0.04,92.4,True,1.93,1.26,23.1,-1.3,D 趨勢弱,True,8:49,264.6,跌,426.0,25,False,8.0,-0.038,-0.0228,-0.0512,False,False,-4.95,-2.57,11.35,-5.09,-2.65,33.0,,OHLC,↓,LH/LL,DT,False,268,3,universe
KVUE,2026-09-24,17.61,0.34,False,18.42,-0.024,-0.52,True,92.2,0.1,92.1,True,1.91,1.33,19.6,-0.4,C 基底修復,True,8:49,264.6,跌,145.0,18,False,8.0,-0.0339,-0.0397,-0.1566,True,False,-4.58,-2.4,19.13,-8.63,-4.52,484.0,,OHLC,—,LH/LL,DT,True,268,3,universe
BATRA,2026-09-24,58.85,1.16,True,56.29,0.084,0.41,True,91.6,0.1,91.5,True,1.97,1.41,80.9,-0.2,A 待突破,False,10:39,319.6,升,28.0,5,False,8.0,0.3436,0.2684,,False,False,4.34,2.21,56.12,4.64,2.36,3.9,,OHLC,↑,HH/HL,UT,False,268,3,universe
WBD,2026-09-24,30.84,0.51,True,29.48,0.113,2.74,True,91.6,0.48,91.1,True,1.66,1.71,66.7,10.8,A 待突破,False,11:05,332.6,升,35.0,4,False,8.0,0.2623,0.2393,,False,False,4.4,2.65,30.92,-0.26,-0.16,1195.9,,OHLC,—,LH/LL,UT,False,268,3,universe
MFIC,2026-09-24,8.88,0.19,False,9.43,-0.044,-0.8,True,91.2,0.22,91.0,True,2.18,1.29,6.7,-9.8,D 趨勢弱,True,8:49,264.6,跌,133.0,15,False,8.0,-0.0229,-0.0222,-0.0717,False,False,-6.21,-2.85,9.23,-3.94,-1.81,4.8,,OHLC,↓,LH/LL,DT,False,268,3,universe
GIC,2026-09-24,41.23,0.9,True,39.74,0.077,0.43,True,91.1,0.1,91.0,True,2.19,1.31,67.2,0.1,A 待突破,False,10:28,314.0,升,24.0,4,False,8.0,0.1193,0.1418,,False,False,3.61,1.65,,,,5.3,,OHLC,—,LH/LL,UT,False,268,3,universe
BATRK,2026-09-24,54.06,1.22,True,51.77,0.048,0.29,True,89.8,0.36,89.4,True,2.26,1.52,71.4,-9.8,A 待突破,False,11:41,350.7,升,45.0,6,False,8.0,0.4438,0.3584,,False,False,4.24,1.87,,,,22.6,,OHLC,—,LH/LL,UT,False,268,3,universe
AVBC,2026-09-24,21.69,0.47,False,22.07,-0.005,0.19,True,89.6,0.18,89.4,True,2.15,1.68,57.4,0.9,C 基底修復,False,5:01,150.6,跌,34.0,4,False,8.0,-0.0661,-0.0559,-0.0762,False,True,-1.73,-0.8,21.74,-0.23,-0.11,4.1,,OHLC,—,LH/LL,自然回檔,True,268,3,universe
HG,2026-09-24,33.43,0.82,False,34.91,-0.079,-0.35,True,89.4,0.49,89.0,True,2.44,1.42,45.8,0.4,C 基底修復,True,8:49,264.6,跌,104.0,13,False,8.0,-0.2028,-0.1862,-0.2028,False,False,-4.44,-1.82,36.11,-8.02,-3.28,14.1,,OHLC,↓,LH/LL,DT,False,268,3,universe
INVA,2026-09-24,20.66,0.49,False,20.95,-0.018,-0.11,True,89.4,0.08,89.3,True,2.39,1.48,19.5,2.6,C 基底修復,False,3:31,105.3,跌,8.0,2,False,8.0,-0.0371,-0.0347,-0.0783,False,True,-1.41,-0.59,21.35,-3.34,-1.39,20.9,,OHLC,—,LH/LL,次級反彈,True,268,3,universe
KMB,2026-09-24,97.22,2.2,False,103.12,-0.268,-0.75,True,89.3,0.1,89.2,True,2.26,1.64,9.5,-0.4,D 趨勢弱,True,8:49,264.6,跌,185.0,19,False,8.0,-0.2125,-0.2831,-1.3186,True,False,-6.07,-2.69,109.29,-12.42,-5.49,478.6,,OHLC,—,LH/LL,DT,True,268,3,universe
STE,2026-09-24,208.77,4.77,False,222.08,-0.779,-1.17,True,89.0,0.29,88.7,True,2.29,1.68,4.9,-0.2,D 趨勢弱,True,8:49,264.6,跌,380.0,28,False,8.0,-0.7218,-1.0471,-3.1416,True,False,-6.38,-2.79,221.13,-5.92,-2.59,145.0,,OHLC,↓,LH/LL,自然反彈,False,268,3,universe
BDX,2026-09-24,179.23,4.07,False,184.22,-0.015,0.13,False,88.9,-0.25,89.1,True,2.27,1.72,50.3,-13.3,C 基底修復,True,8:49,264.6,跌,225.0,20,False,8.0,-0.8612,-0.7683,-2.3894,False,True,-2.78,-1.23,186.63,-4.13,-1.82,336.3,,OHLC,—,LH/LL,自然回檔,False,268,3,universe
MDT,2026-09-24,88.51,2.08,False,91.96,-0.078,0.08,True,88.8,0.28,88.5,True,2.35,1.64,22.7,-19.9,C 基底修復,True,8:49,264.6,跌,218.0,21,False,8.0,-0.6545,-0.536,-0.6545,False,False,-3.9,-1.66,93.8,-5.98,-2.54,889.1,,OHLC,↓,LH/LL,DT,False,268,3,universe
TTC,2026-09-24,96.84,2.4,False,95.53,-0.002,-0.26,True,88.0,0.27,87.7,True,2.48,1.69,62.2,5.4,A 待突破,False,10:26,313.0,升,24.0,2,False,8.0,0.2995,0.1261,,False,True,1.35,0.55,96.37,0.49,0.2,99.1,,OHLC,↑,HH/HL,UT,False,268,3,universe
NWSA,2026-09-24,28.44,0.69,False,29.91,-0.016,-0.06,True,87.8,0.27,87.5,True,2.42,1.79,35.1,1.2,C 基底修復,True,8:49,264.6,跌,203.0,15,False,8.0,-0.2879,-0.267,-0.2879,False,False,-5.18,-2.14,30.56,-7.45,-3.08,140.5,,OHLC,↓,LH/LL,DT,False,268,3,universe
IMO,2026-09-24,124.57,3.21,False,131.49,-0.116,-0.14,True,87.5,0.29,87.2,True,2.58,1.69,42.1,3.4,C 基底修復,True,8:49,264.6,跌,137.0,21,False,8.0,-1.0517,-1.0476,-1.0517,False,False,-5.55,-2.15,,,,84.0,,OHLC,—,HH/HL,DT,False,268,3,universe
ADT,2026-09-24,6.36,0.17,False,7.13,-0.039,-1.3,True,86.7,0.37,86.4,True,2.67,1.76,0.6,0.2,D 趨勢弱,True,8:49,264.6,跌,285.0,31,False,8.0,-0.0946,-0.0923,-0.0946,False,False,-12.07,-4.52,7.06,-11.01,-4.13,55.8,,OHLC,↓,LH/LL,DT,False,268,3,universe
MHO,2026-09-24,137.76,3.86,False,145.98,-0.574,-0.54,True,85.8,0.53,85.3,True,2.8,1.81,17.4,-1.3,D 趨勢弱,True,8:49,264.6,跌,170.0,20,False,8.0,-0.3356,-0.3119,-1.2952,False,False,-5.96,-2.13,142.33,-3.32,-1.18,30.2,,OHLC,—,LH/LL,DT,True,268,3,universe
GEHC,2026-09-24,66.38,1.55,False,68.42,-0.215,-0.9,True,85.6,0.25,85.4,True,2.34,2.32,5.0,0.9,D 趨勢弱,True,9:31,285.7,升,9.0,1,False,8.0,0.0428,-0.096,,False,False,-3.08,-1.32,68.02,-2.47,-1.06,230.1,,OHLC,—,HH/HL,自然反彈,True,268,3,universe
CAG,2026-09-24,14.67,0.4,False,15.49,-0.011,-0.08,True,84.8,0.28,84.5,True,2.76,2.05,5.2,1.5,D 趨勢弱,True,8:49,264.6,跌,185.0,18,False,8.0,-0.0825,-0.0842,-0.2251,True,False,-5.56,-2.02,15.35,-4.64,-1.68,167.1,,OHLC,—,LH/LL,自然回檔,False,268,3,universe
CVCO,2026-09-24,543.21,17.24,False,559.16,-2.881,-0.62,True,83.4,0.17,83.2,True,3.17,1.92,16.5,-0.9,D 趨勢弱,False,10:19,309.3,升,22.0,3,False,8.0,1.3987,1.199,,False,True,-2.94,-0.92,520.56,4.17,1.31,56.5,,OHLC,—,HH/HL,自然回檔,True,268,3,universe
UBER,2026-09-24,69.22,2.04,False,74.07,-0.208,-0.4,True,82.8,0.84,82.0,True,2.95,2.25,1.1,-1.4,D 趨勢弱,True,8:49,264.6,跌,180.0,18,False,8.0,-0.4669,-0.5027,-0.8536,True,False,-7.0,-2.37,71.9,-3.87,-1.31,1356.6,,OHLC,↓,LH/LL,DT,False,268,3,universe
ICFI,2026-09-24,83.0,2.42,False,87.58,-0.23,-0.54,True,82.7,0.27,82.4,True,2.92,2.32,40.3,-9.9,C 基底修復,True,8:49,264.6,跌,315.0,28,False,8.0,-0.7328,-0.7231,-0.8189,False,False,-5.51,-1.89,90.01,-8.45,-2.9,15.4,,OHLC,↓,LH/LL,DT,False,268,3,universe
BSX,2026-09-24,44.68,1.53,False,46.83,-0.193,-0.64,True,80.1,0.85,79.3,True,3.42,2.3,4.6,-1.4,D 趨勢弱,True,9:25,282.4,升,7.0,1,False,8.0,0.0261,-0.0489,,False,False,-4.8,-1.4,45.05,-0.83,-0.24,950.0,,OHLC,—,LH/LL,自然反彈,True,268,3,universe
DT,2026-09-24,58.68,1.87,True,52.65,0.308,0.85,True,79.5,0.17,79.3,True,3.19,2.65,57.3,0.2,E 延伸,False,11:57,358.4,升,49.0,7,False,8.0,0.4143,0.3841,,False,False,10.27,3.22,50.86,13.33,4.18,382.7,,OHLC,↑,HH/HL,UT,False,268,3,universe
BMI,2026-09-24,130.6,4.16,False,131.07,-0.094,-0.12,True,79.1,0.31,78.8,True,3.19,2.72,10.8,-2.2,D 趨勢弱,False,11:04,332.1,升,34.0,5,False,8.0,0.5388,0.613,,False,True,-0.36,-0.11,134.56,-3.03,-0.95,48.0,,OHLC,—,LH/LL,自然反彈,True,268,3,universe
AMN,2026-09-24,34.56,1.31,True,34.15,0.101,0.13,True,71.7,0.31,71.4,False,3.79,3.52,73.5,2.0,A 待突破,False,1:29,44.4,升,75.0,7,False,8.0,0.0228,0.005,,False,True,1.18,0.31,33.91,1.88,0.5,20.0,,OHLC,—,HH/HL,自然回檔,True,268,3,universe
HNGE,2026-09-24,91.98,4.16,True,91.12,0.134,0.3,True,71.1,0.35,70.7,False,4.53,2.9,76.2,-0.5,A 待突破,False,4:30,135.0,跌,25.0,3,False,8.0,-0.3077,-0.1715,-2.4689,False,True,0.93,0.21,87.35,5.03,1.11,184.5,,OHLC,—,HH/HL,自然回檔,True,268,3,universe
PLTR,2026-09-24,192.59,7.04,True,177.13,0.613,0.43,True,67.1,0.2,66.9,False,3.65,4.54,59.7,-2.3,B 上升結構,True,9:59,299.4,升,16.0,2,False,8.0,1.0448,0.6233,,False,False,8.03,2.2,172.73,10.31,2.82,4915.2,,OHLC,↑,HH/HL,UT,False,268,3,universe
WAY,2026-09-24,24.64,1.15,True,25.32,0.028,0.25,True,66.2,0.06,66.2,False,4.65,3.71,38.6,0.4,D 趨勢弱,False,4:43,141.4,跌,29.0,2,False,8.0,-0.1168,-0.0615,-0.3544,False,True,-2.76,-0.59,24.17,1.91,0.41,53.5,,OHLC,↑,HH/HL,自然回檔,False,268,3,universe
IBRX,2026-09-24,8.64,0.52,True,8.22,0.02,0.46,True,58.6,0.67,58.0,False,6.02,3.91,50.9,6.5,C 基底修復,False,11:41,350.7,升,45.0,6,False,8.0,0.0579,0.071,,False,True,4.9,0.81,7.91,8.45,1.4,87.7,,OHLC,↑,HH/HL,自然回檔,False,268,3,universe
OABI,2026-09-24,4.79,0.28,True,4.29,0.018,0.62,True,50.4,0.46,49.9,False,5.89,5.95,84.2,-1.1,B 上升結構,True,8:02,240.8,跌,84.0,14,False,8.0,-0.012,-0.0164,-0.1392,True,False,10.35,1.76,,,,6.8,,OHLC,—,LH/LL,自然回檔,False,268,3,universe
RUM,2026-09-24,8.6,0.64,True,8.57,0.042,0.47,True,49.0,1.39,47.6,False,7.42,4.77,46.9,-1.1,B 上升結構,False,3:48,114.0,跌,13.0,2,False,8.0,-0.0252,-0.0189,-0.2918,False,True,0.35,0.05,9.36,-8.78,-1.18,50.1,,OHLC,↓,LH/LL,自然反彈,False,268,3,universe
GCTK,2026-09-24,2.58,0.55,True,2.59,0.209,-3.51,True,9.8,1.14,8.7,False,21.17,17.44,0.0,0.0,D 趨勢弱,False,10:08,303.8,升,19.0,2,False,8.0,0.0498,0.0041,,False,True,-0.57,-0.03,2.18,15.5,0.73,9.8,,OHLC,—,HH/HL,自然反彈,False,187,3,universe
FR,2026-09-24,61.36,1.01,False,62.02,-0.072,-0.31,True,94.4,0.2,94.2,True,1.65,1.02,28.0,0.6,C 基底修復,False,1:03,31.4,升,67.0,7,False,9.0,0.0814,0.0956,,False,True,-1.08,-0.65,61.13,0.37,0.23,60.7,,OHLC,—,LH/LL,次級回檔,True,268,3,universe
PG,2026-09-24,145.68,2.33,True,145.16,0.072,0.09,False,94.3,-0.3,94.6,True,1.6,1.12,32.3,-0.6,D 趨勢弱,False,1:17,38.3,升,71.0,9,False,9.0,0.1514,0.2868,,False,True,0.36,0.22,148.23,-1.75,-1.1,1187.8,,OHLC,—,LH/LL,次級反彈,True,268,3,universe
SNA,2026-09-24,367.71,6.22,False,383.67,-1.152,-1.42,True,94.1,0.19,94.0,True,1.69,1.06,21.6,-1.6,D 趨勢弱,True,8:49,264.6,跌,419.0,33,False,9.0,-0.1462,-0.1404,-3.0221,False,False,-4.34,-2.57,374.46,-1.84,-1.09,110.3,,OHLC,—,LH/LL,DT,True,268,3,universe
MAIN,2026-09-24,54.76,0.93,False,57.47,-0.154,-0.49,True,93.2,0.11,93.1,True,1.7,1.31,29.5,-0.2,D 趨勢弱,True,8:49,264.6,跌,293.0,26,False,9.0,-0.2812,-0.2482,-0.4689,False,False,-4.96,-2.92,57.03,-4.15,-2.44,24.9,,OHLC,↓,LH/LL,DT,False,268,3,universe
TD,2026-09-24,119.26,2.08,False,120.52,-0.075,-0.04,True,93.0,0.1,92.9,True,1.75,1.29,72.6,2.1,C 基底修復,False,3:38,108.9,跌,11.0,1,False,9.0,-0.1327,0.0285,-0.7384,False,True,-1.06,-0.61,119.14,0.1,0.06,213.6,,OHLC,↑,HH/HL,自然回檔,False,268,3,universe
ACGL,2026-09-24,95.02,1.93,False,97.42,-0.089,-0.33,False,91.5,-0.06,91.6,True,2.03,1.37,24.1,0.3,D 趨勢弱,True,8:49,264.6,跌,143.0,18,False,9.0,-0.1891,-0.1888,-0.74,False,True,-2.53,-1.24,96.84,-1.92,-0.94,415.3,,OHLC,—,LH/LL,DT,True,268,3,universe
CUZ,2026-09-24,28.49,0.62,False,28.88,-0.045,-0.4,True,91.3,0.2,91.1,True,2.17,1.28,43.1,0.7,C 基底修復,False,11:35,347.4,升,43.0,5,False,9.0,0.082,0.0754,,False,True,-1.38,-0.64,27.7,2.77,1.28,41.3,,OHLC,—,HH/HL,自然回檔,True,268,3,universe
ZWS,2026-09-24,46.6,0.97,False,47.5,-0.135,-1.05,True,90.9,0.2,90.7,True,2.08,1.46,23.2,-0.9,D 趨勢弱,False,10:40,320.2,升,28.0,3,False,9.0,0.1269,0.104,,False,True,-1.94,-0.93,46.91,-0.67,-0.32,42.4,,OHLC,—,LH/LL,自然反彈,True,268,3,universe
BBDC,2026-09-24,8.62,0.17,False,9.16,-0.013,-0.23,True,90.3,0.16,90.1,True,2.03,1.66,31.8,-1.0,D 趨勢弱,True,8:49,264.6,跌,188.0,20,False,9.0,-0.0366,-0.0361,-0.1067,False,False,-6.26,-3.09,8.94,-3.71,-1.83,5.7,,OHLC,↓,LH/LL,DT,False,268,3,universe
DEO,2026-09-24,86.83,1.72,False,90.02,-0.231,-1.12,True,89.6,0.5,89.1,True,1.98,1.85,41.1,2.1,C 基底修復,True,8:49,264.6,跌,366.0,27,False,9.0,-0.1862,-0.275,-1.1268,True,False,-3.67,-1.85,88.38,-1.79,-0.9,81.7,,OHLC,↓,LH/LL,自然反彈,False,268,3,universe
DGX,2026-09-24,236.59,5.18,False,239.9,-0.041,0.02,True,89.4,0.26,89.1,True,2.19,1.68,65.9,17.4,A 待突破,False,4:14,126.9,跌,21.0,3,False,9.0,-1.0765,-0.9762,-1.9818,False,True,-1.4,-0.64,231.14,2.3,1.05,265.3,,OHLC,↑,HH/HL,自然回檔,False,268,3,universe
PH,2026-09-24,974.98,22.58,False,981.44,-2.805,-1.01,True,89.0,0.18,88.9,True,2.32,1.63,54.4,0.6,C 基底修復,False,10:37,318.5,升,27.0,3,False,9.0,4.7405,3.3124,,False,True,-0.66,-0.29,1039.49,-6.62,-2.86,587.9,,OHLC,↓,LH/LL,自然反彈,False,268,3,universe
HON,2026-09-24,211.79,4.69,False,212.68,-0.733,-1.37,True,88.9,0.17,88.8,True,2.21,1.76,17.3,-1.0,D 趨勢弱,False,12:08,4.2,升,52.0,7,False,9.0,1.7411,1.6121,,False,True,-0.42,-0.19,220.67,-4.19,-1.89,670.7,,OHLC,↓,LH/LL,自然反彈,False,268,3,universe
AOS,2026-09-24,57.7,1.32,False,59.51,-0.184,-0.86,True,88.6,0.21,88.4,True,2.28,1.76,7.8,0.8,D 趨勢弱,True,9:47,293.6,升,13.0,2,False,9.0,0.0605,0.0105,,False,False,-3.14,-1.38,58.12,-0.73,-0.32,86.5,,OHLC,—,LH/LL,自然反彈,True,268,3,universe
BXP,2026-09-24,62.27,1.49,False,66.19,-0.16,-0.78,True,88.4,0.35,88.1,True,2.39,1.69,13.9,-2.8,D 趨勢弱,True,8:49,264.6,跌,194.0,17,False,9.0,-0.2329,-0.2206,-0.5728,False,False,-6.3,-2.64,69.18,-11.1,-4.65,90.0,,OHLC,↓,LH/LL,DT,False,268,3,universe
PGR,2026-09-24,202.17,4.38,False,213.96,-0.636,-0.43,True,87.6,0.0,87.6,True,2.17,2.08,15.2,0.1,D 趨勢弱,True,8:12,246.0,跌,87.0,13,False,9.0,-2.0008,-1.747,-2.0008,False,False,-5.83,-2.69,222.08,-9.85,-4.55,542.1,,OHLC,↓,LH/LL,DT,False,268,3,universe
ALL,2026-09-24,227.17,5.62,False,250.1,-1.566,-1.67,True,86.9,0.19,86.7,True,2.47,1.93,25.9,2.2,D 趨勢弱,True,8:49,264.6,跌,412.0,34,False,9.0,-3.4696,-3.2605,-3.4696,False,False,-10.09,-4.08,258.48,-13.78,-5.57,505.8,,OHLC,↓,LH/LL,DT,False,268,3,universe
MOV,2026-09-24,33.42,0.95,False,34.05,-0.111,-0.74,True,86.4,0.43,86.0,True,2.84,1.65,51.0,-0.1,C 基底修復,False,12:12,6.0,升,53.0,7,False,9.0,0.1629,0.1395,,False,True,-1.89,-0.67,33.54,-0.36,-0.13,6.4,,OHLC,—,LH/LL,UT,True,268,3,universe
NGVT,2026-09-24,71.79,2.04,False,69.81,-0.194,-0.69,True,85.8,0.4,85.4,True,2.85,1.77,44.1,-0.2,C 基底修復,False,11:21,340.7,升,39.0,6,False,9.0,0.566,0.4857,,False,True,2.76,0.97,,,,18.2,,OHLC,—,LH/LL,UT,False,268,3,universe
GOOG,2026-09-24,339.01,8.71,False,340.14,-0.175,-0.07,True,85.4,0.39,85.0,True,2.57,2.13,46.6,12.6,C 基底修復,False,1:40,50.0,升,78.0,9,False,9.0,0.669,1.0127,,False,True,-0.33,-0.13,325.63,3.95,1.54,6024.2,,OHLC,↑,HH/HL,自然回檔,False,268,3,universe
DHI,2026-09-24,140.35,3.76,False,142.55,-0.232,-0.44,True,84.9,0.48,84.4,True,2.68,2.12,11.6,-0.8,D 趨勢弱,False,10:14,306.9,升,21.0,3,False,9.0,0.3948,0.3788,,False,True,-1.56,-0.58,136.32,2.87,1.07,366.4,,OHLC,—,HH/HL,自然回檔,True,268,3,universe
USPH,2026-09-24,83.76,2.53,True,80.1,0.092,0.36,True,84.9,0.33,84.6,True,3.02,1.77,48.6,-0.3,B 上升結構,False,11:02,331.0,升,34.0,8,False,9.0,0.2858,0.2799,,False,False,4.37,1.44,84.49,-0.87,-0.29,13.8,,OHLC,—,LH/LL,UT,False,268,3,universe
GOOGL,2026-09-24,342.36,9.01,False,343.33,-0.101,-0.01,True,84.8,0.39,84.4,True,2.63,2.18,46.8,12.8,C 基底修復,False,1:33,46.6,升,76.0,9,False,9.0,0.6093,0.9772,,False,True,-0.28,-0.11,327.74,4.27,1.62,9238.3,,OHLC,↑,HH/HL,自然回檔,False,268,3,universe
TAP,2026-09-24,36.35,1.08,False,39.17,-0.091,-1.58,True,84.5,0.02,84.5,True,2.96,1.92,1.5,1.3,D 趨勢弱,True,8:49,264.6,跌,255.0,22,False,9.0,-0.2754,-0.2658,-0.3896,False,False,-7.75,-2.62,39.27,-8.03,-2.71,211.3,,OHLC,↓,LH/LL,DT,False,268,3,universe
GMED,2026-09-24,74.27,2.04,False,78.66,-0.35,-1.12,True,84.2,1.12,83.1,True,2.75,2.18,13.6,1.8,D 趨勢弱,True,8:49,264.6,跌,263.0,22,False,9.0,-0.0743,-0.1526,-1.2671,True,False,-5.91,-2.15,75.77,-2.02,-0.73,112.3,,OHLC,—,LH/LL,DT,True,268,3,universe
TILE,2026-09-24,35.19,1.02,False,36.46,-0.104,-0.75,True,83.3,0.27,83.0,True,2.9,2.21,43.4,-0.2,C 基底修復,True,8:49,264.6,跌,224.0,21,False,9.0,-0.0424,-0.11,-0.6487,True,False,-3.6,-1.24,35.39,-0.57,-0.2,19.6,,OHLC,—,LH/LL,自然反彈,True,268,3,universe
CBRE,2026-09-24,136.53,4.26,False,144.27,-0.423,-0.46,True,82.3,0.33,82.0,True,3.12,2.18,8.0,-0.0,D 趨勢弱,True,8:49,264.6,跌,251.0,22,False,9.0,-0.4954,-0.4249,-1.4979,False,False,-5.67,-1.82,143.21,-4.89,-1.57,273.6,,OHLC,—,LH/LL,DT,True,268,3,universe
SUPN,2026-09-24,43.29,1.4,False,44.19,-0.143,-0.67,True,81.7,0.12,81.5,True,3.22,2.2,21.0,-0.9,D 趨勢弱,False,11:26,342.9,升,41.0,4,False,9.0,0.2741,0.248,,False,True,-2.08,-0.65,43.4,-0.25,-0.08,26.2,,OHLC,↓,LH/LL,自然反彈,False,268,3,universe
MZTI,2026-09-24,101.14,3.42,False,107.82,-0.293,-0.68,True,81.4,0.06,81.3,True,3.38,2.1,1.2,-2.0,D 趨勢弱,True,8:49,264.6,跌,225.0,20,False,9.0,-0.0796,-0.118,-1.553,True,False,-6.6,-1.95,103.56,-2.39,-0.71,49.0,,OHLC,↓,LH/LL,自然回檔,False,268,3,universe
RUSHB,2026-09-24,55.01,1.99,True,53.96,0.042,0.63,False,80.3,-0.03,80.3,True,3.62,2.06,62.0,-1.5,B 上升結構,False,1:44,52.2,升,79.0,8,False,9.0,0.3525,0.3875,,False,True,1.91,0.53,53.61,2.54,0.7,12.4,,OHLC,↑,HH/HL,UT,False,268,3,universe
ENR,2026-09-24,22.2,0.81,False,21.47,-0.02,-0.08,True,79.6,0.26,79.3,True,3.63,2.19,65.6,1.8,B 上升結構,False,10:35,317.4,升,26.0,6,False,9.0,0.181,0.1673,,False,True,3.29,0.91,20.69,6.8,1.88,20.3,,OHLC,—,LH/LL,UT,False,268,3,universe
SYK,2026-09-24,269.75,8.96,False,300.7,-1.856,-1.07,True,79.6,0.55,79.0,True,3.32,2.5,0.0,0.0,D 趨勢弱,True,8:49,264.6,跌,346.0,29,False,9.0,-0.5578,-0.7121,-6.5941,True,False,-11.47,-3.45,284.76,-5.56,-1.68,887.6,,OHLC,↓,LH/LL,DT,False,268,3,universe
SKY,2026-09-24,85.68,2.99,False,88.42,-0.248,-0.45,True,78.8,0.4,78.4,True,3.48,2.48,40.3,-0.1,C 基底修復,False,10:11,305.7,升,20.0,3,False,9.0,0.1525,0.1635,,False,True,-3.2,-0.92,87.76,-2.43,-0.7,45.8,,OHLC,—,LH/LL,自然回檔,False,268,3,universe
CROX,2026-09-24,123.44,4.29,False,120.64,-0.142,-0.35,True,78.5,0.2,78.3,True,3.48,2.56,57.8,-0.3,C 基底修復,False,11:29,344.5,升,41.0,6,False,9.0,1.6921,1.7819,,False,True,2.27,0.65,125.57,-1.73,-0.5,135.0,,OHLC,↓,LH/LL,自然反彈,False,268,3,universe
HWM,2026-09-24,229.38,8.27,False,246.6,-0.986,-0.88,True,78.4,0.27,78.2,True,3.61,2.43,10.8,0.0,D 趨勢弱,True,9:36,288.2,升,10.0,1,False,9.0,0.5117,-0.0026,,False,False,-7.51,-2.08,231.91,-1.1,-0.31,977.8,,OHLC,—,LH/LL,自然反彈,True,268,3,universe
KODK,2026-09-24,9.51,0.32,False,9.45,-0.019,-0.13,True,77.7,0.24,77.4,True,3.35,2.84,46.3,-2.0,D 趨勢弱,False,11:24,342.0,升,40.0,6,False,9.0,0.0349,0.0488,,False,True,0.64,0.19,9.89,-4.0,-1.19,8.4,,OHLC,—,LH/LL,自然回檔,False,268,3,universe
M,2026-09-24,22.31,0.87,False,22.33,-0.039,-0.32,True,77.4,1.08,76.3,True,3.89,2.34,47.0,2.8,C 基底修復,False,11:36,347.8,升,43.0,8,False,9.0,0.1171,0.1152,,False,True,-0.09,-0.02,22.58,-1.21,-0.31,150.9,,OHLC,↓,LH/LL,自然回檔,False,268,3,universe
NRDS,2026-09-24,8.2,0.29,False,9.46,-0.06,-0.84,True,77.4,0.81,76.6,True,3.59,2.65,0.0,0.0,D 趨勢弱,True,8:49,264.6,跌,171.0,20,False,9.0,-0.1663,-0.1569,-0.1663,False,False,-15.42,-4.29,9.52,-16.1,-4.48,6.6,,OHLC,↓,LH/LL,DT,False,268,3,universe
RGEN,2026-09-24,190.65,6.71,True,175.68,1.034,0.57,True,77.4,0.06,77.3,True,3.52,2.72,80.4,-1.9,B 上升結構,False,11:05,332.6,升,35.0,4,False,9.0,1.2828,0.8604,,False,False,7.85,2.23,176.27,7.54,2.14,172.8,,OHLC,↑,HH/HL,UT,False,268,3,universe
UPBD,2026-09-24,15.87,0.6,False,18.27,-0.157,-1.08,True,77.4,0.25,77.1,True,3.8,2.44,5.0,-10.0,D 趨勢弱,True,8:49,264.6,跌,102.0,13,False,9.0,-0.1978,-0.1748,-0.2858,False,False,-15.1,-3.98,18.98,-19.6,-5.16,15.6,,OHLC,↓,LH/LL,DT,False,268,3,universe
TNET,2026-09-24,65.54,2.25,False,68.15,-0.034,-0.04,True,77.3,0.25,77.1,True,3.43,2.81,59.0,0.7,C 基底修復,True,8:49,264.6,跌,318.0,35,False,9.0,-0.4705,-0.4548,-0.7786,False,False,-3.98,-1.16,69.68,-6.32,-1.84,22.7,,OHLC,—,LH/LL,自然回檔,False,268,3,universe
PTC,2026-09-24,137.41,4.87,False,141.83,-0.241,-0.5,False,76.8,-0.43,77.3,True,3.54,2.79,5.9,-10.1,D 趨勢弱,True,9:22,280.8,升,6.0,1,False,9.0,0.0125,-0.1071,,False,True,-3.22,-0.91,129.89,5.47,1.55,239.5,,OHLC,↑,HH/HL,自然回檔,False,268,3,universe
ABNB,2026-09-24,151.39,5.22,False,175.16,-1.623,-0.86,True,76.3,0.55,75.7,True,3.45,2.99,27.9,0.9,D 趨勢弱,True,8:49,264.6,跌,132.0,20,False,9.0,-3.157,-3.0206,-3.4493,False,False,-15.7,-4.55,189.43,-25.13,-7.28,878.8,,OHLC,↓,LH/LL,DT,False,268,3,universe
CRCT,2026-09-24,5.92,0.2,True,5.67,0.0,-0.24,True,74.0,0.04,74.0,False,3.41,3.46,71.0,4.8,B 上升結構,True,9:26,283.0,升,7.0,1,False,9.0,0.0085,-0.0009,,False,False,4.27,1.25,5.68,4.05,1.19,3.9,,OHLC,—,HH/HL,自然反彈,True,268,3,universe
PRAA,2026-09-24,20.24,0.84,True,19.75,0.037,0.35,True,73.4,0.35,73.1,False,4.16,2.81,56.8,-1.8,B 上升結構,False,11:06,333.0,升,35.0,7,False,9.0,0.0732,0.1024,,False,True,2.44,0.59,21.21,-4.79,-1.15,8.6,,OHLC,—,LH/LL,自然回檔,False,268,3,universe
ACN,2026-09-24,177.41,7.33,True,184.19,0.104,0.21,False,73.0,-1.43,74.4,False,4.13,2.94,34.9,-3.5,D 趨勢弱,True,8:49,264.6,跌,194.0,17,False,9.0,-1.7056,-1.2882,-2.2022,False,True,-3.82,-0.92,186.11,-4.9,-1.19,897.6,,OHLC,—,LH/LL,自然回檔,False,268,3,universe
UPWK,2026-09-24,8.07,0.32,True,8.63,0.007,-0.46,True,71.4,0.2,71.2,False,3.96,3.41,17.3,-3.1,D 趨勢弱,True,8:49,264.6,跌,130.0,13,False,9.0,-0.0469,-0.0373,-0.1554,False,False,-6.89,-1.74,8.72,-8.05,-2.03,24.4,,OHLC,↓,LH/LL,DT,False,268,3,universe
HURN,2026-09-24,157.66,5.51,True,156.63,0.286,0.25,False,65.3,-0.07,65.3,False,3.5,5.06,67.2,0.4,B 上升結構,True,8:49,264.6,跌,270.0,29,False,9.0,-0.2743,-0.2264,-2.6096,False,True,0.65,0.19,,,,37.0,,OHLC,—,LH/LL,UT,False,268,3,universe
DOCS,2026-09-24,26.04,1.13,True,25.77,0.041,-1.21,False,63.1,-0.19,63.3,False,4.35,4.64,36.3,-0.5,D 趨勢弱,True,8:49,264.6,跌,204.0,14,False,9.0,-0.051,-0.0145,-0.3038,False,True,1.05,0.24,25.81,0.88,0.2,71.2,,OHLC,—,HH/HL,自然回檔,True,268,3,universe
IT,2026-09-24,179.32,8.27,False,186.91,-0.04,-0.07,True,63.1,0.69,62.4,False,4.61,4.39,50.5,3.8,D 趨勢弱,True,8:49,264.6,跌,192.0,20,False,9.0,-1.824,-1.8183,-4.509,False,True,-4.23,-0.92,197.07,-9.9,-2.15,199.5,,OHLC,↓,LH/LL,DT,False,268,3,universe
SABR,2026-09-24,2.25,0.14,True,2.2,0.004,0.24,True,58.1,0.34,57.8,False,6.08,3.97,69.5,4.5,B 上升結構,False,3:35,107.3,跌,10.0,1,False,9.0,-0.0005,0.0009,-0.0226,False,True,2.28,0.38,2.07,8.0,1.32,12.8,,OHLC,↑,HH/HL,次級反彈,False,268,3,universe
NUTX,2026-09-24,204.59,10.7,True,196.48,1.164,0.73,True,58.0,0.85,57.1,False,5.23,4.85,67.5,-0.7,B 上升結構,False,4:26,133.2,跌,24.0,3,False,9.0,-1.1474,-0.8815,-4.9423,False,True,3.97,0.76,201.48,1.52,0.29,30.8,,OHLC,↑,HH/HL,次級回檔,False,268,3,universe
RPD,2026-09-24,12.85,0.89,True,12.14,0.002,0.0,True,45.4,0.18,45.2,False,6.95,6.21,49.1,1.4,D 趨勢弱,False,10:50,324.8,升,30.0,7,False,9.0,0.1186,0.1227,,False,True,5.49,0.79,11.97,6.85,0.98,25.6,,OHLC,↑,HH/HL,UT,False,268,3,universe
TRNO,2026-09-24,66.43,1.07,False,66.66,-0.071,-0.47,True,94.1,0.22,93.9,True,1.61,1.15,38.2,1.7,C 基底修復,False,12:10,4.9,升,53.0,6,False,10.0,0.2276,0.207,,False,True,-0.34,-0.21,69.16,-4.11,-2.55,49.7,,OHLC,—,LH/LL,UT,True,268,3,universe
PB,2026-09-24,67.3,1.22,False,71.17,-0.468,-1.2,True,93.7,0.12,93.6,True,1.81,1.05,21.6,0.5,D 趨勢弱,True,8:49,264.6,跌,344.0,34,False,10.0,-0.3949,-0.3486,-0.3949,False,False,-5.75,-3.18,72.72,-8.05,-4.45,77.8,,OHLC,↓,LH/LL,DT,False,268,3,universe
CB,2026-09-24,334.84,5.23,False,341.35,-0.205,-0.34,True,93.3,0.09,93.3,True,1.56,1.4,50.7,0.6,C 基底修復,False,4:23,131.5,跌,23.0,3,False,10.0,-0.3738,-0.2724,-1.8985,False,True,-1.94,-1.25,344.52,-2.89,-1.85,545.4,,OHLC,—,LH/LL,DT,True,268,3,universe
UCB,2026-09-24,33.88,0.66,False,35.25,-0.07,-0.43,True,92.6,0.12,92.5,True,1.96,1.17,38.8,12.8,C 基底修復,True,6:02,180.9,跌,51.0,7,False,10.0,-0.1407,-0.1392,-0.21,False,False,-4.04,-2.06,33.6,0.83,0.42,27.1,,OHLC,↓,LH/LL,DT,False,268,3,universe
PSA,2026-09-24,284.56,5.9,False,305.37,-1.216,-1.15,True,91.4,0.23,91.2,True,2.07,1.35,26.2,-0.7,D 趨勢弱,True,8:49,264.6,跌,380.0,29,False,10.0,-0.7669,-0.5411,-2.6991,False,False,-7.31,-3.53,300.76,-5.69,-2.75,268.5,,OHLC,↓,LH/LL,DT,False,268,3,universe
SMBK,2026-09-24,50.3,1.09,False,51.37,-0.083,-0.18,True,91.4,0.28,91.1,True,2.17,1.25,55.5,2.3,C 基底修復,False,5:00,150.0,跌,33.0,4,False,10.0,-0.2071,-0.1766,-0.4228,False,True,-2.13,-0.98,,,,5.9,,OHLC,—,HH/HL,DT,False,268,3,universe
TJX,2026-09-24,131.63,2.91,False,133.95,-0.393,-1.21,True,90.5,0.18,90.3,True,2.21,1.41,11.3,0.9,D 趨勢弱,False,10:43,321.4,升,29.0,5,False,10.0,1.4309,1.2928,,False,True,-1.77,-0.8,154.26,-17.19,-7.78,1196.3,,OHLC,↓,LH/LL,自然反彈,False,268,3,universe
YUMC,2026-09-24,40.99,0.85,False,44.68,-0.181,-1.22,True,90.5,0.33,90.1,True,2.08,1.56,10.0,0.0,D 趨勢弱,True,8:49,264.6,跌,183.0,22,False,10.0,-0.1308,-0.1727,-0.5946,True,False,-9.0,-4.33,43.39,-5.86,-2.82,61.1,,OHLC,↓,LH/LL,DT,False,268,3,universe
IMKTA,2026-09-24,84.11,1.83,False,83.74,-0.119,-0.46,True,90.4,0.39,90.0,True,2.18,1.48,29.5,2.8,C 基底修復,False,12:52,26.1,升,65.0,10,False,10.0,0.3887,0.3472,,False,True,0.44,0.2,81.69,2.88,1.32,8.9,,OHLC,—,HH/HL,UT,True,268,3,universe
EGBN,2026-09-24,28.32,0.63,False,27.97,-0.007,0.03,True,90.3,0.16,90.2,True,2.22,1.44,67.0,-1.7,A 待突破,False,12:34,17.0,升,59.0,9,False,10.0,0.0425,0.0333,,False,True,1.23,0.55,27.33,3.5,1.57,8.2,,OHLC,—,HH/HL,自然反彈,True,268,3,universe
HIW,2026-09-24,30.01,0.69,False,30.87,-0.046,-0.25,True,89.6,0.28,89.4,True,2.3,1.52,44.8,1.4,C 基底修復,False,4:29,134.3,跌,25.0,2,False,10.0,-0.0436,-0.026,-0.4684,False,True,-2.87,-1.25,,,,36.3,,OHLC,—,HH/HL,DT,True,268,3,universe
LYV,2026-09-24,171.06,4.14,False,176.06,-0.459,-0.68,False,89.2,-0.15,89.3,True,2.42,1.5,38.6,0.8,C 基底修復,True,9:40,290.0,升,11.0,1,False,10.0,0.0022,-0.2527,,False,True,-2.93,-1.21,174.37,-1.93,-0.8,344.0,,OHLC,—,LH/LL,自然反彈,True,268,3,universe
XHR,2026-09-24,17.93,0.41,False,18.29,-0.027,-0.8,True,88.8,0.06,88.7,True,2.3,1.71,36.7,0.5,C 基底修復,False,11:17,338.6,升,38.0,4,False,10.0,0.0796,0.0627,,False,True,-2.01,-0.88,19.68,-9.76,-4.24,16.1,,OHLC,—,LH/LL,自然反彈,True,268,3,universe
BBT,2026-09-24,28.0,0.71,False,30.87,-0.131,-1.01,True,88.7,0.45,88.2,True,2.53,1.5,17.0,1.1,D 趨勢弱,True,8:49,264.6,跌,219.0,25,False,10.0,-0.4035,-0.3843,-0.4035,False,False,-10.25,-4.05,,,,30.8,,OHLC,—,HH/HL,DT,False,268,3,universe
INN,2026-09-24,5.72,0.18,False,5.85,-0.019,-0.75,True,84.1,0.15,84.0,True,3.09,1.85,37.5,0.7,C 基底修復,False,1:10,35.2,升,70.0,8,False,10.0,0.0277,0.0232,,False,True,-2.23,-0.72,5.74,-0.35,-0.11,4.9,,OHLC,—,LH/LL,次級反彈,True,268,3,universe
OSIS,2026-09-24,201.3,6.71,False,205.86,-0.625,-0.48,True,83.1,0.34,82.8,True,3.34,1.81,23.6,9.2,D 趨勢弱,False,11:03,331.3,升,34.0,4,False,10.0,0.5771,0.4919,,False,True,-2.26,-0.68,204.29,-1.49,-0.45,50.3,,OHLC,—,LH/LL,自然反彈,True,268,3,universe
TME,2026-09-24,8.34,0.24,False,8.46,-0.003,-0.75,True,81.7,0.6,81.1,True,2.88,2.54,20.4,0.5,D 趨勢弱,False,10:12,306.0,升,20.0,4,False,10.0,0.0665,0.0496,,False,True,-1.45,-0.5,,,,61.1,,OHLC,—,LH/LL,UT,False,268,3,universe
COLD,2026-09-24,14.36,0.48,False,14.72,-0.004,-0.06,True,81.2,0.61,80.6,True,3.37,2.14,42.5,-2.3,C 基底修復,False,3:22,101.2,跌,6.0,1,False,10.0,-0.0028,0.008,-0.1743,False,True,-2.53,-0.75,14.98,-4.32,-1.28,52.6,,OHLC,—,LH/LL,自然回檔,True,268,3,universe
PVH,2026-09-24,75.79,2.59,False,74.7,-0.21,-0.58,True,79.9,0.7,79.2,True,3.42,2.34,21.9,0.4,C 基底修復,False,12:34,17.2,升,60.0,7,False,10.0,0.8068,0.7505,,False,True,1.44,0.42,,,,81.0,,OHLC,—,LH/LL,UT,False,268,3,universe
PYPL,2026-09-24,52.6,1.58,False,55.8,-0.124,-0.72,True,77.6,0.74,76.9,True,3.01,3.18,23.5,-10.4,D 趨勢弱,True,8:49,264.6,跌,292.0,36,False,10.0,-0.1264,-0.1817,-1.4183,True,False,-6.08,-2.02,54.6,-3.8,-1.26,747.0,,OHLC,—,LH/LL,DT,True,268,3,universe
SBGI,2026-09-24,12.74,0.49,False,13.9,-0.037,-0.66,True,77.4,0.08,77.3,True,3.84,2.4,1.7,-2.5,D 趨勢弱,True,6:57,208.4,跌,66.0,6,False,10.0,-0.1232,-0.1103,-0.1232,False,False,-9.14,-2.38,14.52,-13.97,-3.64,6.1,,OHLC,↓,LH/LL,DT,False,268,3,universe
CARG,2026-09-24,30.99,1.2,False,34.32,-0.203,-1.23,True,76.9,0.47,76.5,True,3.88,2.44,7.7,0.7,D 趨勢弱,True,8:49,264.6,跌,252.0,31,False,10.0,-0.3458,-0.3178,-0.5308,False,False,-10.73,-2.77,35.0,-12.94,-3.34,37.4,,OHLC,↓,LH/LL,DT,False,268,3,universe
VVX,2026-09-24,76.19,2.93,False,76.53,-0.133,-0.43,True,75.4,0.46,74.9,True,3.85,2.76,45.4,4.3,C 基底修復,False,11:36,347.9,升,43.0,6,False,10.0,0.3425,0.2666,,False,True,-0.44,-0.12,77.27,-1.42,-0.37,56.0,,OHLC,↓,LH/LL,次級反彈,False,268,3,universe
ET,2026-09-24,20.33,0.34,False,21.21,-0.019,0.14,True,94.1,0.0,94.1,True,1.68,1.1,41.0,-1.1,C 基底修復,True,8:49,264.6,跌,138.0,15,False,11.0,-0.1683,-0.1584,-0.1683,False,False,-4.33,-2.58,20.13,0.98,0.59,164.0,,OHLC,↑,HH/HL,自然回檔,False,268,3,universe
APLE,2026-09-24,16.11,0.32,True,15.86,0.012,-0.27,False,92.0,-0.14,92.2,True,1.98,1.3,52.8,2.0,C 基底修復,False,10:56,328.2,升,32.0,4,False,11.0,0.0714,0.0447,,False,True,1.53,0.77,16.07,0.25,0.13,40.7,,OHLC,↑,HH/HL,UT,False,268,3,universe
TRV,2026-09-24,362.39,6.79,False,369.46,-0.304,-0.26,True,90.6,0.12,90.5,True,1.87,1.73,60.8,1.5,C 基底修復,False,4:18,129.0,跌,22.0,3,False,11.0,-1.618,-1.3953,-4.0307,False,True,-1.95,-1.04,373.82,-3.15,-1.68,551.2,,OHLC,—,HH/HL,DT,False,268,3,universe
DRH,2026-09-24,12.42,0.28,True,12.37,0.005,-0.12,False,90.0,-0.0,90.0,True,2.27,1.48,53.4,1.5,C 基底修復,False,1:03,31.4,升,67.0,7,False,11.0,0.0236,0.0131,,False,True,0.44,0.19,12.29,1.05,0.46,35.8,,OHLC,—,LH/LL,UT,True,268,3,universe
MAR,2026-09-24,351.51,7.33,False,344.44,-0.082,-0.28,True,89.9,0.26,89.6,True,2.09,1.68,45.6,0.5,C 基底修復,False,1:44,52.2,升,79.0,8,False,11.0,2.8585,2.5831,,False,True,2.01,0.96,332.35,5.45,2.61,547.7,,OHLC,—,HH/HL,自然反彈,False,268,3,universe
MCRI,2026-09-24,118.05,2.76,False,121.56,-0.159,-0.29,True,89.9,0.03,89.9,True,2.34,1.43,43.4,0.9,C 基底修復,False,4:00,120.0,跌,17.0,3,False,11.0,-0.3458,-0.3182,-0.6413,False,True,-2.98,-1.27,123.43,-4.56,-1.95,24.0,,OHLC,↓,LH/LL,DT,False,268,3,universe
FWONA,2026-09-24,86.73,2.11,False,89.58,-0.216,-0.85,True,88.7,0.12,88.6,True,2.43,1.59,30.3,3.9,C 基底修復,True,8:49,264.6,跌,162.0,20,False,11.0,-0.1357,-0.2326,-1.0569,True,False,-3.29,-1.36,88.15,-1.64,-0.67,16.5,,OHLC,—,LH/LL,DT,True,268,3,universe
RLJ,2026-09-24,11.12,0.28,True,11.08,0.012,-0.28,False,88.3,-0.08,88.3,True,2.5,1.61,53.6,3.4,C 基底修復,False,10:55,327.3,升,32.0,4,False,11.0,0.0369,0.0229,,False,True,0.35,0.14,10.66,4.14,1.65,18.5,,OHLC,↑,HH/HL,UT,False,268,3,universe
NTCT,2026-09-24,39.25,0.98,False,38.4,-0.022,-0.03,True,87.0,0.63,86.3,True,2.5,1.88,58.8,0.5,B 上升結構,False,2:49,84.6,升,127.0,10,False,11.0,0.2516,0.2565,,False,True,2.16,0.86,39.27,-0.05,-0.02,25.7,,OHLC,—,LH/LL,自然反彈,True,268,3,universe
ANIP,2026-09-24,74.04,2.42,False,74.4,-0.007,-0.12,True,82.9,0.28,82.6,True,3.26,1.92,14.4,-2.3,D 趨勢弱,False,2:49,84.5,升,97.0,8,False,11.0,0.609,0.8083,,False,True,-0.48,-0.15,78.02,-5.38,-1.65,31.2,,OHLC,↓,LH/LL,DT,False,268,3,universe
ANGO,2026-09-24,15.28,0.5,False,15.55,-0.015,-0.11,False,81.8,-0.62,82.4,True,3.27,2.12,64.0,-10.6,A 待突破,True,8:49,264.6,跌,465.0,25,False,11.0,-0.0472,-0.0364,-0.1622,False,True,-1.74,-0.53,15.92,-4.19,-1.28,6.6,,OHLC,—,LH/LL,自然回檔,True,268,3,universe
HCA,2026-09-24,423.48,13.07,True,420.71,0.43,0.34,False,81.8,-1.18,83.0,True,3.09,2.31,25.7,-1.4,D 趨勢弱,False,2:39,79.4,升,94.0,10,False,11.0,0.4507,1.3215,,False,True,0.65,0.21,409.74,3.24,1.05,651.3,,OHLC,↑,HH/HL,自然回檔,False,268,3,universe
INSP,2026-09-24,68.81,3.3,True,67.55,0.301,0.92,True,64.5,0.68,63.8,False,4.8,3.92,34.1,-0.1,D 趨勢弱,False,4:08,123.9,跌,19.0,2,False,11.0,-0.436,-0.1019,-0.436,False,True,1.83,0.38,72.74,-5.71,-1.19,57.4,,OHLC,—,HH/HL,DT,False,268,3,universe
GLOO,2026-09-24,4.77,0.41,True,4.48,0.021,1.12,True,39.7,0.61,39.1,False,8.59,6.3,15.0,0.0,E 延伸,False,2:10,65.2,升,86.0,10,False,12.0,0.1671,0.1904,,False,True,6.07,0.71,5.58,-16.98,-1.98,5.5,,OHLC,—,LH/LL,自然回檔,False,187,3,universe
WAB,2026-09-24,290.23,5.98,False,288.43,-0.157,-0.32,True,89.5,0.06,89.4,True,2.06,1.79,73.0,-6.1,A 待突破,False,10:57,328.4,升,32.0,3,False,13.0,1.2329,1.0016,,False,True,0.62,0.3,300.65,-3.59,-1.74,220.5,,OHLC,↓,LH/LL,自然反彈,False,268,3,universe
UHS,2026-09-24,176.99,5.84,True,175.14,0.311,0.28,False,82.2,-1.09,83.3,True,3.3,2.02,24.3,2.1,C 基底修復,False,12:26,12.9,升,57.0,7,False,13.0,0.072,0.2872,,False,True,1.05,0.32,174.74,1.27,0.39,137.2,,OHLC,↑,HH/HL,自然回檔,False,268,3,universe
NPKI,2026-09-24,11.68,0.41,False,13.1,-0.084,-0.83,True,77.6,0.34,77.3,True,3.49,2.7,4.2,-0.4,D 趨勢弱,True,8:01,240.7,跌,84.0,9,False,13.0,-0.1433,-0.1337,-0.2227,False,False,-12.17,-3.49,13.5,-15.58,-4.47,10.8,,OHLC,↓,LH/LL,DT,False,268,3,universe
EVRG,2026-09-24,77.66,1.19,False,81.33,-0.138,-0.53,True,95.0,0.02,95.0,True,1.53,0.99,23.9,-1.7,D 趨勢弱,True,6:02,181.1,跌,51.0,5,False,14.0,-0.2413,-0.1746,-0.4614,False,False,-4.72,-3.08,82.63,-6.4,-4.17,183.0,,OHLC,↓,LH/LL,DT,False,268,3,universe
EBF,2026-09-24,22.31,0.4,True,21.66,0.006,-0.16,False,93.9,-0.05,94.0,True,1.8,1.0,63.5,-0.2,A 待突破,False,1:18,39.0,升,72.0,6,False,14.0,0.1227,0.0968,,False,True,2.93,1.62,21.09,5.47,3.03,3.5,,OHLC,↑,HH/HL,UT,False,268,3,universe
GHC,2026-09-24,1145.03,28.6,False,1149.11,-0.773,-0.21,True,89.4,0.36,89.0,True,2.5,1.37,39.2,-0.8,C 基底修復,False,1:36,47.9,升,77.0,9,False,14.0,2.536,2.7769,,False,True,-0.36,-0.14,1152.5,-0.65,-0.26,44.3,,OHLC,—,HH/HL,DT,True,268,3,universe
MSM,2026-09-24,120.73,3.09,True,120.58,0.084,0.0,False,88.7,-0.83,89.5,True,2.56,1.46,54.4,-16.1,C 基底修復,False,2:49,84.6,升,125.0,12,False,14.0,0.3318,0.4846,,False,True,0.12,0.05,120.97,-0.2,-0.08,84.9,,OHLC,—,HH/HL,自然回檔,True,268,3,universe
VMI,2026-09-24,465.35,11.94,False,477.99,-0.8,-0.37,True,87.2,0.23,87.0,True,2.57,1.76,26.5,-0.6,C 基底修復,False,2:49,84.6,升,107.0,14,False,14.0,0.0817,0.3778,,False,True,-2.72,-1.06,489.84,-5.26,-2.05,84.5,,OHLC,—,LH/LL,DT,True,268,3,universe
SNDA,2026-09-24,37.55,1.38,False,38.89,-0.042,-0.31,True,79.0,0.81,78.2,True,3.66,2.27,51.2,-4.8,C 基底修復,False,4:26,133.1,跌,24.0,4,False,14.0,-0.1245,-0.0935,-0.3742,False,True,-3.58,-0.98,41.01,-9.21,-2.51,18.7,,OHLC,↓,LH/LL,DT,False,268,3,universe
CYTK,2026-09-24,65.66,2.52,False,72.35,-0.358,-0.89,True,78.9,0.62,78.3,True,3.84,2.11,14.7,-1.5,D 趨勢弱,True,7:44,232.2,跌,79.0,8,False,14.0,-0.5395,-0.5266,-0.8255,False,False,-10.19,-2.65,75.35,-14.76,-3.84,147.8,,OHLC,↓,LH/LL,DT,False,268,3,universe
ATEC,2026-09-24,9.92,0.45,True,9.83,0.014,0.31,True,66.2,1.6,64.6,False,4.57,3.8,23.7,2.2,D 趨勢弱,False,3:30,105.2,跌,8.0,1,False,14.0,-0.0003,0.0298,-0.0727,False,True,0.94,0.2,11.03,-11.19,-2.45,22.6,,OHLC,—,LH/LL,自然回檔,False,268,3,universe
TVA,2026-09-24,10.57,0.02,True,10.55,0.0,0.08,False,99.9,-0.0,99.9,True,0.18,0.18,68.1,0.1,C 基底修復,False,11:36,347.8,升,43.0,8,False,,0.0008,0.0006,,False,True,0.17,0.95,10.49,0.76,4.16,5.9,,OHLC,—,HH/HL,自然反彈,False,187,3,universe
AES,2026-09-24,14.85,0.05,True,14.79,0.003,0.42,False,99.7,-0.01,99.7,True,0.32,0.24,48.2,-0.1,C 基底修復,False,2:49,84.6,升,133.0,17,False,,0.0018,0.0006,,False,True,0.44,1.38,14.78,0.47,1.49,114.1,,OHLC,—,HH/HL,UT,True,268,3,universe
CCO,2026-09-24,2.35,0.03,False,2.36,-0.001,-0.09,True,97.2,0.07,97.1,True,1.08,0.76,67.2,-0.9,C 基底修復,False,5:11,155.5,跌,36.0,2,False,,-0.002,-0.0007,-0.0112,False,True,-0.39,-0.36,2.35,0.0,0.0,10.2,,OHLC,↑,HH/HL,自然反彈,False,268,3,universe
LNTH,2026-09-24,99.72,0.71,False,100.56,-0.029,-0.24,True,95.6,0.13,95.5,True,0.71,1.62,68.3,-1.8,C 基底修復,False,3:26,103.1,跌,7.0,1,False,,-0.0182,0.0083,-0.8905,False,True,-0.85,-1.19,101.02,-1.3,-1.83,101.4,,OHLC,—,LH/LL,DT,True,268,3,universe
IBOC,2026-09-24,69.39,1.12,False,71.01,-0.127,-0.7,True,94.9,0.09,94.8,True,1.61,0.93,27.0,1.7,D 趨勢弱,False,3:53,116.7,跌,15.0,2,False,,-0.0547,-0.0418,-0.5471,False,True,-2.34,-1.45,71.91,-3.63,-2.25,26.4,,OHLC,↓,LH/LL,DT,False,268,3,universe
UVSP,2026-09-24,41.79,0.68,False,42.19,-0.038,-0.29,True,94.2,0.13,94.1,True,1.63,1.1,53.2,1.1,C 基底修復,False,3:44,111.8,跌,12.0,2,False,,-0.0354,-0.025,-0.3284,False,True,-0.96,-0.59,,,,10.0,,OHLC,—,HH/HL,DT,False,268,3,universe
HTH,2026-09-24,38.35,0.66,False,38.64,-0.025,-0.21,True,94.0,0.17,93.8,True,1.72,1.07,50.0,1.3,C 基底修復,False,4:48,144.0,跌,30.0,3,False,,-0.0364,-0.0328,-0.147,False,True,-0.76,-0.44,39.24,-2.32,-1.35,13.3,,OHLC,—,LH/LL,DT,True,268,3,universe
WSFS,2026-09-24,77.27,1.35,False,79.11,-0.142,-0.53,True,93.9,0.01,93.9,True,1.75,1.07,52.6,1.8,C 基底修復,False,4:38,138.9,跌,27.0,4,False,,-0.2673,-0.2645,-0.5511,False,True,-2.38,-1.36,,,,29.6,,OHLC,—,HH/HL,DT,False,268,3,universe
HAFC,2026-09-24,31.83,0.55,False,31.73,-0.011,0.04,True,93.5,0.05,93.4,True,1.74,1.19,56.6,4.1,C 基底修復,False,2:49,84.6,升,122.0,15,False,,0.0042,0.0193,,False,True,0.32,0.19,31.4,1.35,0.78,7.3,,OHLC,—,HH/HL,次級回檔,True,268,3,universe
DCOM,2026-09-24,40.21,0.74,False,40.56,-0.027,-0.12,True,93.3,0.07,93.2,True,1.83,1.14,59.7,1.5,C 基底修復,False,4:14,127.1,跌,21.0,3,False,,-0.0669,-0.0551,-0.129,False,True,-0.87,-0.47,41.21,-2.49,-1.36,12.0,,OHLC,—,LH/LL,自然回檔,True,268,3,universe
HWC,2026-09-24,73.18,1.43,False,75.25,-0.184,-0.53,True,93.0,0.14,92.8,True,1.96,1.1,47.6,2.1,C 基底修復,False,4:38,139.1,跌,27.0,3,False,,-0.1831,-0.1757,-0.599,False,True,-2.83,-1.45,76.5,-4.54,-2.32,59.4,,OHLC,↓,LH/LL,DT,False,268,3,universe
BCAL,2026-09-24,21.59,0.42,False,21.61,-0.003,0.09,True,92.9,0.3,92.6,True,1.93,1.14,69.7,-0.5,A 待突破,False,4:51,145.4,跌,31.0,4,False,,-0.0442,-0.044,-0.0744,False,True,-0.09,-0.05,21.33,1.2,0.62,5.1,,OHLC,↑,HH/HL,自然回檔,False,268,3,universe
FPI,2026-09-24,10.7,0.22,True,10.49,0.024,0.71,False,92.8,-0.36,93.1,True,2.01,1.08,35.0,-0.5,C 基底修復,False,4:09,124.5,跌,19.0,2,False,,-0.0229,-0.0067,-0.0229,False,True,1.98,0.98,10.13,5.33,2.64,6.5,,OHLC,—,HH/HL,自然回檔,True,268,3,universe
SHBI,2026-09-24,22.92,0.45,False,23.24,-0.042,-0.47,True,92.8,0.21,92.6,True,1.96,1.14,53.6,2.1,C 基底修復,False,4:56,148.2,跌,32.0,4,False,,-0.044,-0.0425,-0.1826,False,True,-1.41,-0.72,23.71,-3.45,-1.76,4.3,,OHLC,—,LH/LL,自然回檔,True,268,3,universe
TRMK,2026-09-24,46.09,0.9,False,46.62,-0.062,-0.26,True,92.6,0.03,92.6,True,1.96,1.18,45.3,2.4,C 基底修復,False,4:47,143.3,跌,30.0,3,False,,-0.0632,-0.0596,-0.2702,False,True,-1.14,-0.58,45.39,1.52,0.77,18.7,,OHLC,↑,HH/HL,自然回檔,False,268,3,universe
FHN,2026-09-24,23.18,0.44,False,24.48,-0.084,-0.92,True,92.4,0.2,92.2,True,1.91,1.27,23.6,1.7,D 趨勢弱,True,6:10,185.1,跌,53.0,7,False,,-0.1148,-0.1119,-0.1754,False,False,-5.62,-2.94,24.96,-7.68,-4.02,116.7,,OHLC,↓,LH/LL,DT,False,268,3,universe
LKFN,2026-09-24,58.85,1.14,False,60.21,-0.103,-0.44,True,92.3,0.21,92.1,True,1.94,1.27,28.2,2.7,D 趨勢弱,False,5:56,178.2,跌,49.0,3,False,,-0.1,-0.0876,-0.3252,False,True,-2.31,-1.19,60.76,-3.25,-1.67,11.4,,OHLC,↓,LH/LL,DT,False,268,3,universe
TDY,2026-09-24,612.02,11.91,False,620.98,-2.414,-1.27,True,92.3,0.16,92.2,True,1.95,1.26,26.5,-22.7,C 基底修復,False,10:52,325.8,升,31.0,5,False,,3.224,3.2112,,False,True,-1.46,-0.75,619.26,-1.18,-0.61,167.1,,OHLC,↓,LH/LL,自然反彈,False,268,3,universe
EIG,2026-09-24,47.57,1.04,False,48.93,-0.022,-0.19,True,91.6,0.13,91.5,True,2.19,1.18,47.5,0.0,C 基底修復,False,4:56,148.2,跌,32.0,4,False,,-0.217,-0.1762,-0.365,False,True,-2.87,-1.31,50.84,-6.87,-3.14,7.9,,OHLC,↓,LH/LL,DT,False,268,3,universe
AWK,2026-09-24,131.53,2.67,True,137.48,0.006,-0.04,False,91.4,-0.29,91.7,True,2.03,1.4,34.9,-10.1,D 趨勢弱,True,8:49,264.6,跌,116.0,10,False,,-0.9742,-0.8691,-0.9742,False,False,-4.52,-2.23,,,,270.8,,OHLC,—,HH/HL,DT,False,268,3,universe
BHB,2026-09-24,39.73,0.9,False,39.93,-0.02,0.01,True,91.4,0.5,90.9,True,2.26,1.17,59.8,0.5,C 基底修復,False,5:05,152.4,跌,35.0,5,False,,-0.106,-0.0924,-0.2081,False,True,-0.51,-0.23,40.91,-2.97,-1.31,3.2,,OHLC,—,LH/LL,自然回檔,True,268,3,universe
GATX,2026-09-24,183.38,4.12,True,178.53,0.22,0.21,False,91.3,-0.15,91.5,True,2.24,1.2,44.4,0.5,C 基底修復,False,2:49,84.6,升,113.0,11,False,,0.8679,0.891,,False,True,2.64,1.18,176.34,3.84,1.71,40.5,,OHLC,↑,HH/HL,UT,False,268,3,universe
HST,2026-09-24,22.21,0.43,False,22.39,-0.019,-0.56,True,91.3,0.73,90.6,True,1.93,1.52,44.3,0.5,C 基底修復,False,2:37,78.5,升,94.0,11,False,,0.0805,0.0767,,False,True,-0.83,-0.43,21.83,1.71,0.89,178.7,,OHLC,—,HH/HL,自然反彈,True,268,3,universe
IIPR,2026-09-24,55.59,1.18,False,56.41,-0.069,-0.36,True,91.0,0.32,90.7,True,2.13,1.38,34.3,-0.4,C 基底修復,False,2:49,84.6,升,202.0,22,False,,0.0316,0.0498,,False,True,-1.48,-0.7,56.74,-2.07,-0.97,19.6,,OHLC,—,LH/LL,DT,True,268,3,universe
OCFC,2026-09-24,16.87,0.39,False,18.66,-0.073,-1.03,True,90.4,0.04,90.4,True,2.32,1.33,14.1,-0.7,D 趨勢弱,True,8:09,244.3,跌,86.0,12,False,,-0.1837,-0.1699,-0.1837,False,False,-10.6,-4.57,19.43,-15.17,-6.54,18.2,,OHLC,↓,LH/LL,DT,False,268,3,universe
ZION,2026-09-24,62.82,1.43,False,67.51,-0.288,-0.88,True,90.0,0.37,89.6,True,2.28,1.46,27.3,0.5,C 基底修復,True,6:14,186.9,跌,54.0,7,False,,-0.5172,-0.5041,-0.5172,False,False,-7.47,-3.27,70.13,-11.64,-5.1,99.5,,OHLC,↓,LH/LL,DT,False,268,3,universe
WMK,2026-09-24,72.31,1.69,True,71.75,0.033,0.11,False,89.7,-0.04,89.8,True,2.34,1.46,37.7,-0.3,C 基底修復,False,2:49,84.6,升,143.0,20,False,,0.2529,0.31,,False,True,0.77,0.33,69.46,3.94,1.69,15.9,,OHLC,—,HH/HL,UT,True,268,3,universe
SFST,2026-09-24,60.16,1.46,False,62.46,-0.081,-0.33,True,89.6,0.34,89.3,True,2.43,1.39,48.6,2.3,C 基底修復,True,7:06,212.9,跌,68.0,7,False,,-0.3133,-0.3078,-0.3703,False,False,-3.83,-1.57,63.52,-5.59,-2.3,5.8,,OHLC,↓,LH/LL,DT,False,268,3,universe
AAPL,2026-09-24,335.92,6.96,True,321.94,0.907,0.72,True,89.5,0.33,89.1,True,2.07,1.78,70.7,9.9,E 延伸,False,2:49,84.6,升,134.0,21,False,,0.8104,1.203,,False,False,4.16,2.01,315.34,6.13,2.96,14105.0,,OHLC,↑,HH/HL,UT,False,268,3,universe
WFC,2026-09-24,82.18,1.95,False,86.86,-0.213,-0.35,True,89.1,0.22,88.9,True,2.37,1.57,23.6,0.3,D 趨勢弱,True,6:39,199.4,跌,61.0,6,False,,-0.8143,-0.7416,-0.8143,False,False,-5.69,-2.4,91.99,-11.94,-5.03,1257.8,,OHLC,↓,LH/LL,DT,False,268,3,universe
BMRC,2026-09-24,27.78,0.67,False,27.59,-0.025,0.02,True,88.9,0.48,88.4,True,2.41,1.56,39.7,-1.5,C 基底修復,False,2:49,84.6,升,137.0,14,False,,0.0516,0.0726,,False,True,0.69,0.29,27.36,1.51,0.63,4.6,,OHLC,—,HH/HL,自然回檔,True,268,3,universe
CSR,2026-09-24,55.17,1.32,False,56.31,-0.036,-0.06,True,88.4,0.5,87.9,True,2.39,1.7,15.7,-1.4,D 趨勢弱,False,3:20,100.2,跌,6.0,1,False,,-0.0603,0.0069,-0.1785,False,True,-2.07,-0.87,59.31,-7.5,-3.14,21.1,,OHLC,↓,LH/LL,DT,False,268,3,universe
CVS,2026-09-24,85.05,2.18,False,92.78,-0.329,-0.95,True,87.9,0.17,87.8,True,2.57,1.61,17.4,-0.5,C 基底修復,True,6:26,192.9,跌,57.0,6,False,,-0.8363,-0.7845,-1.7679,False,False,-9.09,-3.54,,,,644.5,,OHLC,—,HH/HL,DT,False,268,3,universe
RGR,2026-09-24,41.9,0.99,True,39.16,0.113,1.14,True,87.9,0.3,87.6,True,2.37,1.82,44.2,-1.1,B 上升結構,False,2:49,84.6,升,102.0,6,False,,0.4841,0.4994,,False,False,6.55,2.76,37.71,10.0,4.22,7.9,,OHLC,↑,HH/HL,UT,False,268,3,universe
CNXN,2026-09-24,89.02,2.41,True,82.79,0.287,0.37,True,87.8,0.21,87.6,True,2.7,1.5,62.1,3.1,E 延伸,False,2:49,84.6,升,105.0,15,False,,0.3932,0.3634,,False,False,7.0,2.59,84.11,5.52,2.04,11.8,,OHLC,↑,HH/HL,UT,False,268,3,universe
VTRS,2026-09-24,17.42,0.43,True,16.66,0.065,0.31,True,87.7,0.22,87.5,True,2.44,1.78,73.3,-8.8,A 待突破,False,12:56,27.8,升,65.0,9,False,,0.0723,0.0592,,False,False,4.34,1.78,16.38,5.97,2.44,137.7,,OHLC,↑,HH/HL,UT,False,268,3,universe
CI,2026-09-24,265.5,6.46,False,278.72,-0.387,-0.13,True,87.6,0.0,87.6,True,2.43,1.81,31.3,-1.3,D 趨勢弱,True,6:15,187.3,跌,54.0,5,False,,-1.6174,-1.2416,-2.2878,False,False,-4.98,-2.05,282.56,-6.43,-2.64,410.5,,OHLC,↓,LH/LL,DT,False,268,3,universe
WAL,2026-09-24,76.26,2.1,False,79.15,-0.193,-0.32,True,87.4,0.23,87.2,True,2.75,1.54,15.0,-0.4,D 趨勢弱,True,6:09,184.7,跌,53.0,5,False,,-0.2626,-0.2194,-0.3988,False,False,-3.79,-1.38,79.43,-4.16,-1.51,87.9,,OHLC,↓,LH/LL,DT,False,268,3,universe
KR,2026-09-24,58.92,1.55,True,58.44,0.091,0.32,False,87.1,-0.11,87.2,True,2.64,1.72,26.0,12.6,D 趨勢弱,False,4:17,128.4,跌,21.0,2,False,,-0.0984,-0.0773,-0.0984,False,True,0.81,0.31,62.55,-6.16,-2.34,436.6,,OHLC,—,LH/LL,自然反彈,False,268,3,universe
UNM,2026-09-24,91.11,2.41,True,93.39,0.018,0.28,False,86.9,-1.34,88.2,True,2.64,1.76,56.4,-9.8,C 基底修復,False,5:30,164.8,跌,42.0,4,False,,-0.4283,-0.2137,-0.549,False,True,-2.5,-0.95,95.88,-5.24,-1.98,190.2,,OHLC,—,LH/LL,自然回檔,False,268,3,universe
CHCT,2026-09-24,14.31,0.32,False,14.71,-0.021,-0.71,True,86.5,0.37,86.1,True,2.21,2.27,10.4,1.1,D 趨勢弱,False,2:49,84.6,升,195.0,21,False,,0.044,0.0435,,False,True,-2.8,-1.27,15.11,-5.59,-2.53,5.7,,OHLC,—,LH/LL,DT,True,268,3,universe
RBC,2026-09-24,503.85,13.87,False,500.57,-1.385,-0.59,True,86.3,0.24,86.0,True,2.75,1.76,23.1,-0.3,C 基底修復,False,2:49,84.6,升,99.0,10,False,,4.7228,4.4532,,False,True,0.65,0.24,478.81,4.97,1.81,156.6,,OHLC,—,HH/HL,UT,True,268,3,universe
OPLN,2026-09-24,34.5,0.93,False,34.75,-0.048,-0.35,True,85.8,0.34,85.5,True,2.69,1.92,55.5,1.1,C 基底修復,False,2:49,84.6,升,174.0,20,False,,0.0566,0.0533,,False,True,-0.72,-0.27,34.42,0.23,0.09,37.3,,OHLC,—,LH/LL,DT,True,268,3,universe
DLX,2026-09-24,24.29,0.65,True,23.73,0.007,-0.52,False,85.4,-0.14,85.6,True,2.68,2.01,21.8,0.3,C 基底修復,False,2:38,78.8,升,94.0,15,False,,0.1042,0.07,,False,True,2.32,0.87,23.45,3.46,1.29,10.4,,OHLC,↑,HH/HL,自然反彈,False,268,3,universe
ELV,2026-09-24,398.25,9.8,False,405.95,-0.02,0.16,True,85.3,0.3,85.0,True,2.46,2.25,65.0,0.0,A 待突破,False,5:14,157.0,跌,37.0,4,False,,-2.0896,-1.6583,-2.6551,False,True,-1.93,-0.79,396.9,0.34,0.14,483.9,,OHLC,↑,HH/HL,自然回檔,False,268,3,universe
ESQ,2026-09-24,123.17,3.29,False,120.17,-0.276,-0.13,True,85.0,0.23,84.7,True,2.67,2.11,51.2,8.1,B 上升結構,False,2:49,84.6,升,123.0,14,False,,0.6074,0.6047,,False,True,2.43,0.91,125.65,-2.01,-0.75,26.6,,OHLC,—,LH/LL,自然回檔,True,268,3,universe
UAN,2026-09-24,126.01,3.59,True,127.35,0.207,0.39,False,85.0,-0.28,85.3,True,2.85,1.93,58.2,-8.9,C 基底修復,False,4:21,130.4,跌,22.0,4,False,,-1.1406,-0.8989,-1.1406,False,True,-1.06,-0.37,132.61,-5.24,-1.84,3.7,,OHLC,—,HH/HL,DT,False,268,3,universe
DKL,2026-09-24,54.48,1.33,False,54.87,-0.051,0.25,True,84.5,0.21,84.3,True,2.44,2.44,39.8,-0.4,C 基底修復,False,4:26,133.2,跌,24.0,3,False,,-0.2044,-0.1469,-0.7798,False,True,-0.72,-0.3,57.71,-5.93,-2.43,12.3,,OHLC,—,LH/LL,次級回檔,False,268,3,universe
CRC,2026-09-24,52.43,1.66,False,54.03,-0.053,0.01,True,83.8,0.39,83.4,True,3.17,1.84,13.5,-1.0,C 基底修復,False,5:51,175.7,跌,48.0,5,False,,-0.4322,-0.4276,-0.4322,False,True,-3.06,-0.96,52.18,0.48,0.15,49.0,,OHLC,↑,HH/HL,自然回檔,False,268,3,universe
NBN,2026-09-24,129.77,3.8,False,131.12,-0.179,-0.14,True,83.8,0.12,83.7,True,2.93,2.07,50.6,-0.5,C 基底修復,False,4:05,122.4,跌,18.0,2,False,,-0.1602,-0.0465,-1.2819,False,True,-1.04,-0.35,127.65,1.63,0.56,14.9,,OHLC,—,HH/HL,次級回檔,False,268,3,universe
REX,2026-09-24,43.28,1.38,True,42.82,0.02,0.08,False,83.7,-0.07,83.8,True,3.19,1.85,41.6,-12.3,C 基底修復,False,2:49,84.6,升,97.0,13,False,,0.2666,0.315,,False,True,1.05,0.33,41.62,3.84,1.2,9.9,,OHLC,—,HH/HL,自然回檔,True,268,3,universe
PGNY,2026-09-24,25.97,0.79,True,26.42,0.007,-0.45,False,82.9,-0.18,83.1,True,3.05,2.14,48.9,2.2,C 基底修復,False,3:22,101.0,跌,6.0,1,False,,-0.0334,0.0043,-0.8191,False,True,-1.75,-0.57,25.59,1.46,0.48,30.1,,OHLC,↑,HH/HL,自然回檔,False,268,3,universe
ECVT,2026-09-24,10.14,0.31,True,10.31,0.007,-0.01,False,82.6,-0.18,82.7,True,3.08,2.17,16.4,-2.6,D 趨勢弱,False,2:49,84.6,升,226.0,22,False,,0.0506,0.0756,,False,True,-1.71,-0.56,10.45,-3.06,-0.99,13.6,,OHLC,—,LH/LL,自然回檔,False,268,3,universe
CAT,2026-09-24,805.25,23.83,False,812.74,-2.337,-0.35,True,82.5,0.39,82.1,True,2.96,2.31,54.1,-1.4,C 基底修復,False,2:49,84.6,升,110.0,14,False,,3.6315,3.9607,,False,True,-0.93,-0.31,822.48,-2.14,-0.72,1929.4,,OHLC,—,LH/LL,自然反彈,True,268,3,universe
DHC,2026-09-24,8.12,0.26,False,7.91,-0.007,-0.41,True,82.5,0.19,82.3,True,3.25,2.01,51.4,0.4,C 基底修復,False,2:39,79.4,升,94.0,10,False,,0.0937,0.1007,,False,True,2.6,0.8,8.38,-3.2,-0.99,14.9,,OHLC,↓,LH/LL,自然反彈,False,268,3,universe
SKYW,2026-09-24,100.69,2.9,False,98.82,-0.159,-0.7,True,82.5,0.04,82.5,True,2.88,2.38,35.8,0.1,C 基底修復,False,12:39,19.6,升,61.0,7,False,,0.7512,0.677,,False,True,1.85,0.64,94.98,5.67,1.97,33.6,,OHLC,—,HH/HL,UT,True,268,3,universe
TXN,2026-09-24,270.65,8.56,False,265.0,-0.425,-0.24,True,82.5,0.67,81.9,True,3.16,2.09,47.2,-10.0,C 基底修復,False,2:49,84.6,升,105.0,13,False,,2.1666,2.2886,,False,True,2.09,0.66,266.54,1.52,0.48,1622.7,,OHLC,—,LH/LL,UT,True,268,3,universe
NBIX,2026-09-24,138.94,4.27,False,151.77,-0.724,-0.85,True,82.4,0.13,82.2,True,3.07,2.22,11.8,-1.3,D 趨勢弱,True,8:48,263.8,跌,97.0,7,False,,-1.3264,-1.2232,-2.4817,False,False,-9.23,-3.01,158.35,-13.97,-4.55,174.4,,OHLC,↓,LH/LL,DT,False,268,3,universe
EBAY,2026-09-24,107.83,3.54,True,106.5,0.138,0.22,False,82.3,-0.11,82.4,True,3.28,2.02,48.6,-11.1,C 基底修復,False,2:49,84.6,升,126.0,22,False,,0.3134,0.5084,,False,True,1.24,0.38,103.41,4.1,1.25,582.6,,OHLC,—,HH/HL,自然回檔,True,268,3,universe
HIFS,2026-09-24,297.19,9.99,False,302.41,-0.72,-0.07,True,81.9,0.48,81.4,True,3.36,2.02,49.2,13.7,C 基底修復,False,4:24,131.9,跌,23.0,3,False,,-1.1842,-0.9442,-2.5316,False,True,-1.76,-0.52,308.55,-3.82,-1.14,11.9,,OHLC,—,LH/LL,自然回檔,False,268,3,universe
MSGE,2026-09-24,79.22,2.54,False,79.81,-0.437,-0.14,True,81.6,0.44,81.1,True,3.2,2.24,66.7,10.3,B 上升結構,False,2:29,74.6,升,91.0,8,False,,0.1043,0.1313,,False,True,-0.75,-0.23,81.82,-3.28,-1.03,36.4,,OHLC,—,LH/LL,自然回檔,True,268,3,universe
HWKN,2026-09-24,126.62,4.32,False,123.47,-0.082,-0.21,True,81.4,0.45,81.0,True,3.41,2.06,8.1,-1.6,D 趨勢弱,False,2:49,84.6,升,131.0,17,False,,0.7274,0.5788,,False,True,2.49,0.73,129.33,-2.14,-0.63,23.7,,OHLC,—,LH/LL,自然反彈,True,268,3,universe
KMT,2026-09-24,30.07,0.96,False,30.01,-0.022,-0.47,True,81.4,0.3,81.1,True,3.21,2.26,31.5,-0.5,D 趨勢弱,False,2:49,84.6,升,168.0,16,False,,0.1792,0.1623,,False,True,0.19,0.06,28.75,4.39,1.37,40.8,,OHLC,—,HH/HL,自然反彈,True,268,3,universe
CRUS,2026-09-24,118.8,4.0,False,115.57,-0.188,-0.23,True,81.1,0.21,80.8,True,3.37,2.17,8.4,1.3,D 趨勢弱,False,2:49,84.6,升,170.0,17,False,,1.2164,1.4574,,False,True,2.72,0.81,118.0,0.67,0.2,112.2,,OHLC,↑,HH/HL,UT,False,268,3,universe
TIGO,2026-09-24,91.0,2.78,False,93.56,-0.129,-0.6,True,79.9,0.13,79.8,True,3.05,2.71,59.7,-5.4,C 基底修復,False,5:26,162.9,跌,41.0,4,False,,-0.4493,-0.2796,-1.048,False,True,-2.81,-0.92,,,,72.6,,OHLC,—,HH/HL,DT,False,268,3,universe
MUSA,2026-09-24,519.28,17.28,False,530.94,-0.931,-0.25,True,79.7,0.29,79.4,True,3.33,2.48,40.4,7.6,C 基底修復,False,1:45,52.6,升,79.0,10,False,,1.1181,0.4311,,False,True,-2.25,-0.67,527.17,-1.52,-0.46,154.4,,OHLC,—,LH/LL,自然反彈,True,268,3,universe
MDXG,2026-09-24,4.71,0.18,True,4.56,0.011,0.61,False,79.4,-0.06,79.5,True,3.82,2.04,34.5,3.1,D 趨勢弱,False,2:49,84.6,升,149.0,21,False,,0.0016,0.0118,,False,True,3.29,0.86,4.57,2.97,0.78,5.4,,OHLC,↑,HH/HL,自然回檔,False,268,3,universe
ATRC,2026-09-24,60.77,2.1,True,54.13,0.378,1.79,True,78.5,0.17,78.4,True,3.45,2.57,61.6,0.6,E 延伸,False,12:45,22.5,升,62.0,16,False,,0.1561,0.1465,,False,False,10.92,3.17,51.52,15.22,4.41,82.7,,OHLC,↑,HH/HL,UT,False,268,3,universe
CHRW,2026-09-24,146.2,4.27,True,149.54,0.008,0.12,False,78.1,-0.4,78.5,True,2.92,3.17,24.1,2.7,D 趨勢弱,False,2:49,84.6,升,192.0,25,False,,0.1666,0.5803,,False,True,-2.28,-0.78,144.02,1.49,0.51,214.6,,OHLC,—,HH/HL,DT,False,268,3,universe
VLO,2026-09-24,382.86,15.03,True,375.76,1.635,1.19,False,78.0,-0.0,78.0,True,3.93,2.19,63.1,-2.8,B 上升結構,False,5:22,160.8,跌,39.0,3,False,,-3.4378,-2.8985,-3.4378,False,True,1.85,0.47,375.1,2.03,0.52,1482.7,,OHLC,↑,HH/HL,自然回檔,False,268,3,universe
ARW,2026-09-24,227.33,7.92,True,213.34,0.42,0.29,True,77.8,0.2,77.6,True,3.48,2.68,64.6,0.5,E 延伸,False,2:49,84.6,升,113.0,15,False,,1.4079,1.2269,,False,False,6.15,1.77,211.7,6.88,1.97,116.8,,OHLC,↑,HH/HL,UT,False,268,3,universe
YETI,2026-09-24,41.99,1.56,False,42.54,-0.342,-0.8,True,77.7,0.36,77.3,True,3.72,2.46,31.2,1.7,C 基底修復,False,1:37,48.5,升,77.0,10,False,,0.5099,0.5545,,False,True,-1.32,-0.35,39.04,7.03,1.89,74.5,,OHLC,↑,HH/HL,自然回檔,False,268,3,universe
FLGT,2026-09-24,21.55,0.65,True,20.3,0.088,0.74,True,77.2,0.28,76.9,True,3.01,3.27,37.8,1.2,D 趨勢弱,False,2:49,84.6,升,178.0,26,False,,0.0771,0.1007,,False,False,5.81,1.93,21.01,2.51,0.83,7.0,,OHLC,↑,HH/HL,自然回檔,False,268,3,universe
WRLD,2026-09-24,170.75,6.07,False,186.18,-0.627,-0.46,True,77.0,0.84,76.2,True,3.56,2.75,40.8,0.8,D 趨勢弱,True,7:28,224.0,跌,74.0,8,False,,-2.097,-2.0937,-2.495,False,False,-9.04,-2.54,192.0,-12.45,-3.5,12.3,,OHLC,↓,LH/LL,DT,False,268,3,universe
CE,2026-09-24,47.56,1.79,True,45.89,0.122,0.32,False,76.7,-0.14,76.9,True,3.76,2.6,24.3,0.4,D 趨勢弱,False,2:49,84.6,升,520.0,39,False,,0.2706,0.2648,,False,True,3.5,0.93,44.52,6.39,1.7,90.2,,OHLC,↑,HH/HL,UT,False,268,3,universe
KE,2026-09-24,27.48,1.0,True,24.69,0.048,0.07,True,76.0,0.65,75.3,True,3.63,2.86,29.1,0.8,E 延伸,False,2:49,84.6,升,343.0,15,False,,0.3286,0.2743,,False,False,10.14,2.79,23.95,12.85,3.54,4.8,,OHLC,↑,HH/HL,UT,False,268,3,universe
META,2026-09-24,777.59,26.9,True,639.91,8.881,1.37,True,75.4,0.07,75.3,True,3.46,3.15,46.4,2.6,E 延伸,False,2:49,84.6,升,300.0,21,False,,13.3941,11.9747,,False,False,17.71,5.12,665.75,14.38,4.16,14997.4,,OHLC,↑,HH/HL,UT,False,268,3,universe
NTGR,2026-09-24,22.12,0.84,False,21.85,-0.057,-0.38,True,75.2,0.16,75.0,True,3.81,2.83,11.6,3.9,D 趨勢弱,False,12:14,7.1,升,54.0,11,False,,0.1515,0.179,,False,True,1.23,0.32,21.71,1.85,0.49,7.5,,OHLC,↑,HH/HL,自然反彈,False,268,3,universe
TSLA,2026-09-24,377.94,12.24,True,359.06,1.217,0.53,True,75.1,0.46,74.7,True,3.24,3.42,28.4,0.8,C 基底修復,False,12:47,23.7,升,63.0,6,False,,1.6257,1.697,,False,False,5.0,1.54,356.09,5.78,1.79,14182.8,,OHLC,↑,HH/HL,UT,False,268,3,universe
VFC,2026-09-24,13.69,0.46,False,13.53,-0.033,-0.6,True,75.1,0.07,75.0,True,3.35,3.31,13.8,4.4,D 趨勢弱,False,2:49,84.6,升,116.0,10,False,,0.1691,0.1442,,False,True,1.19,0.36,12.71,7.16,2.14,90.7,,OHLC,↑,HH/HL,UT,False,268,3,universe
DINO,2026-09-24,105.79,4.78,True,103.93,0.595,1.1,True,73.4,0.36,73.1,False,4.52,2.46,61.0,-2.1,B 上升結構,False,4:18,129.0,跌,22.0,3,False,,-1.094,-0.812,-1.5866,False,True,1.76,0.39,105.23,0.53,0.12,312.5,,OHLC,↑,HH/HL,自然回檔,False,268,3,universe
SITC,2026-09-24,3.02,0.09,True,2.95,0.001,-0.19,True,72.7,0.48,72.2,False,2.95,4.16,13.7,1.9,D 趨勢弱,False,2:49,84.6,升,101.0,25,False,,0.0515,0.0526,,False,True,2.16,0.73,3.06,-1.32,-0.45,3.0,,OHLC,↓,LH/LL,自然回檔,False,268,3,universe
CLFD,2026-09-24,30.53,1.28,True,29.27,0.033,0.51,True,64.2,0.12,64.0,False,4.18,4.6,32.0,10.0,D 趨勢弱,False,2:49,84.6,升,204.0,32,False,,0.3128,0.3854,,False,True,4.11,0.98,27.76,9.07,2.17,4.5,,OHLC,↑,HH/HL,自然回檔,False,268,3,universe
MLYS,2026-09-24,26.59,1.53,True,27.83,0.012,0.07,True,63.0,0.08,62.9,False,5.76,3.26,15.7,3.6,D 趨勢弱,False,4:22,131.1,跌,23.0,2,False,,-0.2195,-0.1227,-0.2234,False,True,-4.66,-0.81,,,,38.9,,OHLC,—,HH/HL,自然回檔,False,268,3,universe
INTG,2026-09-24,36.78,2.2,True,35.61,0.039,0.26,True,60.1,0.63,59.4,False,5.99,3.64,58.7,2.7,C 基底修復,False,3:42,110.8,跌,12.0,2,False,,-0.0745,-0.0361,-1.445,False,True,3.19,0.53,35.94,2.28,0.38,3.4,,OHLC,—,HH/HL,自然回檔,True,268,3,universe
APP,2026-09-24,312.47,17.43,True,315.72,0.362,-0.24,True,58.3,0.5,57.8,False,5.58,4.42,24.4,5.0,D 趨勢弱,False,2:49,84.6,升,198.0,22,False,,2.7571,3.6641,,False,True,-1.04,-0.19,315.44,-0.95,-0.17,1575.0,,OHLC,—,LH/LL,DT,True,268,3,universe
PARR,2026-09-24,76.77,4.55,True,80.56,0.049,0.48,True,58.1,0.21,57.9,False,5.92,4.13,54.2,-0.6,C 基底修復,False,4:22,131.1,跌,23.0,4,False,,-0.9689,-0.7525,-2.1783,False,True,-4.94,-0.83,,,,80.4,,OHLC,—,HH/HL,DT,False,268,3,universe
SMMT,2026-09-24,16.38,0.97,True,15.47,0.028,0.4,True,57.0,0.49,56.5,False,5.92,4.38,15.0,-11.2,E 延伸,False,4:15,127.4,跌,21.0,2,False,,-0.1475,-0.083,-0.1874,False,True,5.56,0.94,17.3,-5.62,-0.95,102.8,,OHLC,—,HH/HL,DT,False,268,3,universe
USNA,2026-09-24,14.26,0.66,True,14.18,0.02,-0.1,True,55.4,0.96,54.5,False,4.63,6.02,11.5,-0.1,D 趨勢弱,False,2:49,84.6,升,115.0,21,False,,0.0972,0.1149,,False,True,0.57,0.12,14.83,-4.0,-0.86,3.1,,OHLC,—,HH/HL,自然回檔,True,268,3,universe
MSTR,2026-09-24,161.61,9.09,True,129.74,1.124,1.06,True,54.6,0.73,53.8,False,5.62,5.22,28.2,-0.6,E 延伸,True,9:53,296.7,升,15.0,5,False,,2.421,2.7076,,False,False,19.72,3.51,126.91,21.47,3.82,3712.3,,OHLC,↑,HH/HL,自然回檔,False,268,3,universe
DELL,2026-09-24,536.02,31.12,True,509.91,1.662,0.5,True,54.4,0.11,54.3,False,5.81,5.08,59.7,-1.4,E 延伸,False,3:36,108.2,跌,10.0,1,False,,-1.7059,0.7624,-6.7082,False,True,4.87,0.84,534.28,0.32,0.06,5787.7,,OHLC,↑,HH/HL,自然回檔,False,268,3,universe
FUBO,2026-09-24,9.73,0.66,True,10.56,0.029,0.23,True,51.9,1.61,50.3,False,6.81,4.66,3.9,-3.1,D 趨勢弱,True,6:11,185.7,跌,53.0,7,False,,-0.2038,-0.2009,-0.2038,False,False,-8.54,-1.25,10.3,-5.86,-0.86,13.6,,OHLC,↓,LH/LL,DT,False,268,3,universe
VRA,2026-09-24,4.07,0.27,True,3.85,0.006,0.2,True,51.6,0.87,50.8,False,6.67,4.86,45.7,0.6,E 延伸,False,1:17,38.6,升,71.0,8,False,,0.083,0.103,,False,True,5.48,0.82,4.54,-11.55,-1.73,3.7,,OHLC,—,LH/LL,自然回檔,False,187,3,universe
ANGI,2026-09-24,5.16,0.33,True,4.9,0.024,0.33,True,50.8,0.22,50.6,False,6.38,5.37,10.3,-2.4,D 趨勢弱,False,2:49,84.6,升,204.0,23,False,,0.0566,0.0745,,False,True,5.09,0.8,5.05,2.13,0.33,4.3,,OHLC,↑,HH/HL,自然反彈,False,268,3,universe
CUE,2026-09-24,32.85,4.48,True,30.53,0.079,0.45,True,24.5,1.25,23.3,False,13.65,7.99,52.5,2.2,E 延伸,False,2:49,84.6,升,193.0,20,False,,0.1857,0.2037,,False,True,7.07,0.52,28.27,13.94,1.02,12.7,,OHLC,↑,HH/HL,UT,False,268,3,universe
SKYQ,2026-09-24,2.91,0.38,False,3.08,-0.031,-0.25,True,19.8,0.12,19.6,False,13.1,11.96,16.2,1.5,D 趨勢弱,True,9:25,282.7,升,7.0,1,False,,0.0074,-0.0086,,False,True,-5.96,-0.46,3.11,-6.87,-0.52,12.4,,OHLC,—,HH/HL,自然反彈,False,268,3,universe
EMAT,2026-09-24,3.21,0.56,True,3.52,0.0,0.22,True,18.2,0.1,18.1,False,17.59,8.8,5.0,0.0,D 趨勢弱,False,2:49,84.6,升,179.0,28,False,,0.0281,0.059,,False,True,-9.79,-0.56,3.72,-15.89,-0.9,4.8,,OHLC,↓,LH/LL,DT,False,180,3,universe
CAPR,2026-09-24,8.57,0.91,True,7.72,0.046,0.32,True,17.2,0.16,17.1,False,10.65,16.72,30.6,11.3,D 趨勢弱,False,2:49,84.6,升,394.0,31,False,,0.0994,0.1391,,False,True,9.97,0.94,9.59,-11.9,-1.12,35.3,,OHLC,—,HH/HL,次級回檔,True,268,3,universe
BYD,2026-09-24,71.84,1.67,False,77.27,-0.441,-1.29,False,90.3,-0.22,90.5,True,2.33,1.34,5.8,0.1,D 趨勢弱,False,5:43,171.5,跌,45.0,6,True,0.0,-0.24,-0.2722,-0.7046,True,False,-7.56,-3.25,77.15,-7.39,-3.18,76.9,,OHLC,↓,LH/LL,DT,False,268,2,universe
AN,2026-09-24,162.89,7.63,False,192.33,-1.343,-1.16,True,72.2,0.43,71.8,False,4.68,2.52,5.0,0.0,D 趨勢弱,False,5:21,160.7,跌,39.0,7,True,0.0,-4.3683,-4.4475,-4.4475,True,False,-18.07,-3.86,191.68,-17.67,-3.77,114.6,,OHLC,↓,LH/LL,DT,False,268,2,universe
COGT,2026-09-24,31.43,1.47,False,34.4,-0.382,-1.34,False,70.5,-0.16,70.7,False,4.67,2.87,20.4,-1.3,D 趨勢弱,True,8:49,264.6,跌,382.0,32,True,0.0,-0.0952,-0.1039,-0.6621,True,False,-9.43,-2.02,32.63,-3.82,-0.82,65.0,,OHLC,↓,LH/LL,DT,False,268,2,universe
KNF,2026-09-24,53.37,2.51,False,59.92,-0.583,-1.13,True,70.0,0.47,69.5,False,4.7,2.93,0.0,0.0,D 趨勢弱,False,4:09,124.7,跌,19.0,2,True,0.0,-0.0822,-0.1493,-1.188,True,False,-12.27,-2.61,55.82,-4.59,-0.98,59.9,,OHLC,↓,LH/LL,自然反彈,False,268,2,universe
BTSG,2026-09-24,56.02,2.29,False,58.94,-0.116,-0.43,True,69.5,0.64,68.9,False,4.08,3.64,59.0,3.6,C 基底修復,False,5:45,172.3,跌,46.0,6,True,0.0,-0.2261,-0.2519,-1.4426,True,False,-5.21,-1.28,61.91,-10.51,-2.57,150.2,,OHLC,↓,LH/LL,DT,False,268,2,universe
GPI,2026-09-24,247.79,11.0,False,267.78,-0.952,-0.38,True,67.7,0.79,67.0,False,4.44,3.63,8.6,-1.9,D 趨勢弱,False,5:45,172.3,跌,46.0,6,True,0.0,-2.5758,-2.6603,-6.6823,True,False,-8.07,-1.82,246.21,0.64,0.14,67.5,,OHLC,—,HH/HL,自然回檔,False,268,2,universe
DKNG,2026-09-24,21.27,1.13,False,23.84,-0.191,-0.39,True,66.4,0.54,65.8,False,5.33,3.01,0.0,0.0,D 趨勢弱,False,5:51,175.5,跌,48.0,6,True,0.0,-0.3144,-0.3161,-0.3161,True,False,-12.1,-2.27,24.21,-13.82,-2.6,282.4,,OHLC,↓,LH/LL,DT,False,268,2,universe
ABX,2026-09-24,8.27,0.44,False,9.02,-0.038,-0.88,True,64.8,0.64,64.2,False,5.36,3.29,13.6,0.8,D 趨勢弱,False,5:16,158.1,跌,38.0,7,True,0.0,-0.1455,-0.1705,-0.2469,True,False,-9.03,-1.69,9.27,-12.09,-2.26,5.2,,OHLC,↓,LH/LL,自然反彈,False,268,2,universe
VG,2026-09-24,13.23,0.7,False,14.39,-0.007,-0.04,False,61.6,-0.08,61.7,False,5.28,4.02,29.3,1.7,C 基底修復,True,7:29,224.4,跌,75.0,7,True,0.0,-0.2765,-0.2779,-0.2779,True,False,-8.79,-1.66,12.87,2.72,0.52,214.2,,OHLC,—,HH/HL,自然反彈,False,268,2,universe
ARRY,2026-09-24,3.93,0.25,False,4.49,-0.05,-1.41,True,59.4,1.18,58.3,False,6.28,3.48,1.4,1.4,D 趨勢弱,False,4:32,135.8,跌,25.0,4,True,0.0,-0.0155,-0.0182,-0.083,True,False,-14.22,-2.26,4.7,-19.59,-3.12,27.4,,OHLC,↓,LH/LL,DT,False,268,2,universe
LBRT,2026-09-24,18.24,0.96,False,19.73,-0.125,-0.43,True,58.3,0.68,57.7,False,5.26,4.74,34.2,-0.3,D 趨勢弱,False,5:32,165.8,跌,42.0,6,True,0.0,-0.1695,-0.1699,-0.6538,True,False,-8.2,-1.56,17.7,2.96,0.56,67.4,,OHLC,↓,LH/LL,DT,False,268,2,universe
AVTX,2026-09-24,15.72,1.06,False,17.97,-0.19,-0.64,False,55.9,-0.13,56.0,False,6.77,3.77,16.5,0.7,D 趨勢弱,True,8:49,264.6,跌,142.0,19,True,0.0,-0.2023,-0.2311,-0.4529,True,False,-14.33,-2.12,16.69,-6.17,-0.91,18.8,,OHLC,↓,LH/LL,次級反彈,False,268,2,universe
CTNM,2026-09-24,12.49,0.99,False,14.85,-0.1,-0.49,False,50.7,-0.2,50.9,False,7.91,3.86,11.3,-0.1,D 趨勢弱,True,8:49,264.6,跌,120.0,13,True,0.0,-0.3312,-0.3414,-0.4233,True,False,-18.88,-2.39,13.55,-8.49,-1.07,7.9,,OHLC,↓,LH/LL,DT,False,268,2,universe
MTG,2026-09-24,28.73,0.64,False,30.4,-0.053,-0.39,False,91.8,-0.7,92.5,True,2.23,1.1,34.0,-4.1,C 基底修復,True,8:49,264.6,跌,309.0,35,False,1.0,-0.2276,-0.2106,-0.2276,False,False,-5.81,-2.61,31.21,-8.63,-3.88,63.2,,OHLC,↓,LH/LL,DT,False,268,2,universe
RTX,2026-09-24,188.61,3.99,False,205.25,-0.941,-1.47,False,90.2,-0.37,90.5,True,2.12,1.59,16.6,-13.4,D 趨勢弱,True,8:49,264.6,跌,217.0,30,False,1.0,-0.6993,-0.6369,-2.6008,False,False,-8.82,-4.17,213.5,-13.2,-6.24,773.3,,OHLC,↓,LH/LL,DT,False,268,2,universe
SSNC,2026-09-24,78.5,1.72,False,81.44,-0.019,-0.07,False,87.9,-0.44,88.3,True,2.19,2.0,35.4,-21.9,C 基底修復,True,8:49,264.6,跌,197.0,28,False,1.0,-0.5055,-0.4729,-0.8584,False,False,-3.74,-1.71,82.06,-4.54,-2.07,137.2,,OHLC,↓,LH/LL,DT,False,268,2,universe
GEL,2026-09-24,14.33,0.42,False,15.57,-0.036,-0.56,False,86.1,-0.58,86.6,True,2.94,1.63,5.5,-2.8,D 趨勢弱,True,8:49,264.6,跌,156.0,15,False,1.0,-0.1669,-0.1586,-0.1719,False,False,-8.68,-2.95,15.03,-4.88,-1.66,4.9,,OHLC,↓,LH/LL,DT,False,268,2,universe
LNN,2026-09-24,112.76,3.55,False,117.18,-0.04,-0.06,False,84.7,-1.56,86.3,True,3.14,1.69,16.5,-12.2,D 趨勢弱,True,7:02,210.8,跌,67.0,7,False,1.0,-0.6907,-0.5446,-0.6907,False,False,-3.92,-1.25,118.81,-5.37,-1.71,21.4,,OHLC,↓,LH/LL,DT,False,268,2,universe
KBR,2026-09-24,34.81,1.03,False,36.95,-0.081,-0.5,False,84.0,-0.55,84.5,True,2.95,2.03,7.4,-1.4,D 趨勢弱,True,8:49,264.6,跌,315.0,26,False,1.0,-0.2352,-0.2179,-0.2433,False,False,-6.15,-2.08,36.18,-3.94,-1.33,47.1,,OHLC,↓,LH/LL,DT,False,268,2,universe
PBR,2026-09-24,20.84,0.6,True,19.89,0.076,0.67,False,83.9,-0.23,84.1,True,2.88,2.12,48.6,-3.3,E 延伸,False,4:31,135.4,跌,25.0,4,False,1.0,-0.0761,-0.0561,-0.1269,False,False,4.57,1.59,20.63,1.01,0.35,463.8,,OHLC,—,HH/HL,自然反彈,True,268,2,universe
HII,2026-09-24,266.0,7.28,False,290.03,-1.509,-1.49,False,82.9,-0.09,83.0,True,2.74,2.45,6.4,-0.2,D 趨勢弱,True,8:49,264.6,跌,198.0,27,False,1.0,-1.0693,-0.9518,-4.6194,False,False,-9.03,-3.3,283.25,-6.48,-2.37,126.2,,OHLC,↓,LH/LL,DT,False,268,2,universe
GM,2026-09-24,80.57,2.62,False,85.3,-0.218,-0.37,False,82.4,-1.51,83.9,True,3.25,2.02,32.2,-15.9,C 基底修復,True,8:49,264.6,跌,221.0,31,False,1.0,-0.5184,-0.3527,-0.6992,False,False,-5.87,-1.81,83.95,-4.2,-1.29,626.4,,OHLC,↓,LH/LL,DT,False,268,2,universe
APO,2026-09-24,120.69,3.93,False,131.09,-0.857,-0.48,False,82.1,-1.14,83.2,True,3.26,2.08,25.0,-4.8,C 基底修復,True,8:49,264.6,跌,151.0,25,False,1.0,-0.9637,-0.803,-1.1994,False,False,-8.61,-2.65,127.91,-5.98,-1.84,343.0,,OHLC,↓,LH/LL,DT,False,268,2,universe
VC,2026-09-24,89.85,3.2,False,99.78,-0.525,-0.83,False,82.0,-0.87,82.9,True,3.56,1.8,7.3,-5.3,D 趨勢弱,True,8:49,264.6,跌,204.0,23,False,1.0,-0.8621,-0.7634,-0.8621,False,False,-11.05,-3.11,103.41,-15.09,-4.24,48.2,,OHLC,↓,LH/LL,DT,False,268,2,universe
INFY,2026-09-24,10.5,0.32,False,11.53,-0.056,-0.9,False,80.4,-0.24,80.6,True,3.09,2.57,12.3,-3.7,D 趨勢弱,True,8:49,264.6,跌,245.0,29,False,1.0,-0.0739,-0.0665,-0.1364,False,False,-9.81,-3.17,11.6,-10.48,-3.39,176.3,,OHLC,↓,LH/LL,DT,False,268,2,universe
KMX,2026-09-24,56.36,2.14,False,59.8,-0.094,-0.31,False,79.9,-1.26,81.2,True,3.81,1.95,37.3,-5.1,D 趨勢弱,True,8:49,264.6,跌,137.0,17,False,1.0,-0.6405,-0.6385,-0.6951,False,False,-6.11,-1.6,61.69,-9.46,-2.49,120.6,,OHLC,↓,LH/LL,DT,False,268,2,universe
TTWO,2026-09-24,202.98,7.45,False,222.02,-1.046,-1.03,False,79.7,-0.22,79.9,True,3.67,2.14,9.6,-2.5,D 趨勢弱,True,8:49,264.6,跌,233.0,28,False,1.0,-0.4626,-0.4004,-2.869,False,False,-9.38,-2.56,209.92,-3.42,-0.93,636.4,,OHLC,↓,LH/LL,DT,False,268,2,universe
AROC,2026-09-24,30.68,1.09,False,31.88,-0.059,-0.34,False,78.9,-0.04,79.0,True,3.55,2.39,21.9,-0.2,C 基底修復,False,4:06,122.9,跌,18.0,3,True,1.0,-0.0037,-0.0099,-0.3875,True,False,-3.91,-1.1,31.56,-2.87,-0.81,60.5,,OHLC,↓,LH/LL,DT,False,268,2,universe
HOG,2026-09-24,25.52,0.95,False,27.25,-0.039,-0.13,False,78.3,-0.48,78.8,True,3.71,2.35,53.5,-0.2,C 基底修復,True,8:49,264.6,跌,186.0,17,False,1.0,-0.243,-0.2289,-0.2824,False,False,-6.79,-1.83,27.87,-9.21,-2.48,45.1,,OHLC,↓,LH/LL,DT,False,268,2,universe
VRSK,2026-09-24,168.65,6.28,False,182.19,-0.403,-0.38,False,77.5,-0.71,78.2,True,3.72,2.49,14.5,-1.2,D 趨勢弱,True,8:49,264.6,跌,103.0,13,False,1.0,-1.1677,-1.0651,-2.9032,False,False,-8.03,-2.16,185.94,-10.25,-2.75,218.1,,OHLC,↓,LH/LL,DT,False,268,2,universe
WHD,2026-09-24,65.2,2.21,False,69.16,-0.216,-0.4,False,75.7,-0.08,75.8,True,3.38,3.16,53.0,-12.0,C 基底修復,True,8:49,264.6,跌,138.0,24,False,1.0,-0.6917,-0.6723,-0.9948,False,False,-6.08,-1.8,69.85,-7.13,-2.11,56.2,,OHLC,↓,LH/LL,DT,False,268,2,universe
TYL,2026-09-24,326.85,12.92,True,353.38,0.365,0.15,False,74.7,-0.35,75.0,False,3.95,2.79,18.4,-0.1,D 趨勢弱,True,8:49,264.6,跌,142.0,13,False,1.0,-4.3262,-4.2902,-4.8763,False,False,-8.12,-2.05,359.54,-10.0,-2.53,367.9,,OHLC,↓,LH/LL,DT,False,268,2,universe
CMG,2026-09-24,32.01,1.17,False,35.3,-0.001,0.04,False,74.6,-0.49,75.1,False,3.66,3.1,10.9,-1.5,D 趨勢弱,True,7:45,232.6,跌,79.0,12,True,1.0,-0.5459,-0.5482,-0.5756,True,False,-10.28,-2.81,37.22,-16.28,-4.45,441.2,,OHLC,—,HH/HL,DT,False,268,2,universe
CTSH,2026-09-24,57.17,2.19,True,61.11,0.095,0.3,False,74.2,-1.35,75.6,False,3.83,2.99,20.7,-14.4,D 趨勢弱,True,8:02,241.1,跌,84.0,17,False,1.0,-0.8231,-0.7285,-1.0182,False,False,-6.88,-1.8,64.61,-13.01,-3.4,378.7,,OHLC,↓,LH/LL,DT,False,268,2,universe
APPF,2026-09-24,204.43,8.2,True,216.95,1.051,0.41,False,73.6,-0.78,74.4,False,4.01,2.94,52.4,-1.9,C 基底修復,True,8:49,264.6,跌,121.0,15,False,1.0,-2.5859,-2.3511,-3.9525,False,False,-6.12,-1.53,205.65,-0.6,-0.15,68.8,,OHLC,↑,HH/HL,自然回檔,False,268,2,universe
DOCU,2026-09-24,68.99,2.73,True,65.64,0.208,0.55,True,72.1,0.36,71.7,False,3.95,3.29,45.1,-3.0,B 上升結構,False,5:55,177.3,跌,48.0,4,False,1.0,-0.2967,-0.2624,-0.3793,False,False,4.85,1.23,66.76,3.23,0.82,262.5,,OHLC,↑,HH/HL,自然反彈,False,268,2,universe
TTI,2026-09-24,6.03,0.31,False,6.88,-0.087,-1.29,True,64.3,0.92,63.3,False,5.16,3.6,4.9,0.7,D 趨勢弱,False,5:26,163.2,跌,41.0,6,True,1.0,-0.0086,-0.0182,-0.202,True,False,-14.08,-2.73,6.61,-9.62,-1.86,12.9,,OHLC,↓,LH/LL,DT,False,268,2,universe
ASAN,2026-09-24,9.16,0.6,False,9.43,-0.0,0.07,False,53.2,-1.2,54.4,False,6.54,4.62,52.0,0.0,D 趨勢弱,True,8:49,264.6,跌,122.0,16,False,1.0,-0.0523,-0.0368,-0.232,False,True,-2.95,-0.45,9.47,-3.38,-0.52,83.6,,OHLC,↓,LH/LL,自然回檔,False,268,2,universe
JPC,2026-09-24,6.8,0.1,False,7.24,-0.032,-1.39,False,96.4,-0.04,96.5,True,1.43,0.67,9.4,-1.3,D 趨勢弱,True,8:49,264.6,跌,244.0,29,False,2.0,-0.0231,-0.0189,-0.0312,False,False,-6.48,-4.54,7.13,-4.85,-3.4,13.3,,OHLC,↓,LH/LL,DT,False,268,2,universe
DNP,2026-09-24,9.85,0.15,False,10.52,-0.05,-1.19,False,95.9,-0.07,96.0,True,1.52,0.73,17.9,-2.4,D 趨勢弱,True,8:49,264.6,跌,152.0,18,False,2.0,-0.0596,-0.0586,-0.0732,False,False,-6.82,-4.49,11.01,-11.78,-7.75,8.4,,OHLC,↓,LH/LL,DT,False,268,2,universe
NMZ,2026-09-24,9.09,0.14,False,9.67,-0.052,-1.28,False,95.7,-0.22,95.9,True,1.59,0.72,11.1,0.1,D 趨勢弱,True,8:49,264.6,跌,143.0,26,False,2.0,-0.0373,-0.0346,-0.0556,False,False,-6.43,-4.04,9.53,-4.84,-3.04,10.9,,OHLC,↓,LH/LL,DT,False,268,2,universe
GDOT,2026-09-24,12.79,0.2,False,13.29,-0.028,-0.17,False,95.1,-0.48,95.6,True,1.59,0.91,35.6,-2.5,C 基底修復,True,8:49,264.6,跌,233.0,23,False,2.0,-0.0363,-0.0172,-0.0463,False,False,-3.91,-2.46,13.45,-5.16,-3.24,4.1,,OHLC,—,LH/LL,自然回檔,False,268,2,universe
NAD,2026-09-24,10.12,0.18,False,10.97,-0.101,-2.12,False,94.9,-0.67,95.6,True,1.77,0.78,5.9,-3.9,D 趨勢弱,True,8:49,264.6,跌,181.0,17,False,2.0,-0.0777,-0.0671,-0.0854,False,False,-8.39,-4.75,11.76,-16.21,-9.17,15.7,,OHLC,↓,LH/LL,DT,False,268,2,universe
POR,2026-09-24,46.59,0.79,False,48.81,-0.129,-0.61,False,94.0,-0.03,94.1,True,1.7,1.08,15.9,-1.4,D 趨勢弱,True,8:49,264.6,跌,98.0,18,False,2.0,-0.1265,-0.1143,-0.4164,False,False,-4.77,-2.8,49.28,-5.77,-3.39,54.7,,OHLC,↓,LH/LL,DT,False,268,2,universe
AEP,2026-09-24,117.57,2.01,False,122.51,-0.186,-0.6,True,93.8,0.11,93.7,True,1.71,1.12,17.5,-1.8,D 趨勢弱,False,5:40,170.2,跌,45.0,7,False,2.0,-0.3101,-0.2262,-0.9056,False,False,-4.2,-2.46,125.42,-6.68,-3.91,476.3,,OHLC,↓,LH/LL,DT,False,268,2,universe
AIG,2026-09-24,74.82,1.36,False,75.87,-0.036,-0.36,False,92.9,-0.1,93.0,True,1.81,1.26,19.8,-0.6,D 趨勢弱,False,3:58,118.8,跌,16.0,1,False,2.0,-0.0006,0.0227,-0.4915,False,True,-1.41,-0.78,76.29,-1.96,-1.08,332.1,,OHLC,—,LH/LL,DT,True,268,2,universe
XEL,2026-09-24,69.56,1.35,False,75.46,-0.285,-0.74,False,92.8,-0.08,92.9,True,1.95,1.15,9.9,-2.0,D 趨勢弱,True,8:49,264.6,跌,270.0,24,False,2.0,-0.4164,-0.3479,-0.4164,False,False,-8.49,-4.36,77.06,-10.78,-5.54,437.7,,OHLC,↓,LH/LL,DT,False,268,2,universe
DX,2026-09-24,11.34,0.23,False,12.58,-0.075,-1.04,False,92.6,-1.1,93.7,True,2.02,1.13,3.3,-4.3,D 趨勢弱,True,8:49,264.6,跌,163.0,21,False,2.0,-0.1066,-0.078,-0.1066,False,False,-10.94,-5.42,12.69,-11.9,-5.9,75.7,,OHLC,↓,LH/LL,DT,False,268,2,universe
PEP,2026-09-24,128.15,2.35,False,136.94,-0.336,-0.91,False,92.3,-0.22,92.5,True,1.83,1.38,5.2,-0.6,D 趨勢弱,True,8:49,264.6,跌,148.0,18,False,2.0,-0.8452,-0.8115,-0.9753,False,False,-6.86,-3.74,138.8,-8.31,-4.54,1203.4,,OHLC,↓,LH/LL,DT,False,268,2,universe
CL,2026-09-24,85.32,1.65,False,88.96,-0.177,-0.72,False,92.2,-0.17,92.4,True,1.93,1.3,20.7,-0.3,D 趨勢弱,True,8:49,264.6,跌,226.0,29,False,2.0,-0.1729,-0.1364,-0.3788,False,False,-4.27,-2.21,90.54,-6.12,-3.16,470.7,,OHLC,↓,LH/LL,DT,False,268,2,universe
NMIH,2026-09-24,41.57,0.96,False,44.13,-0.109,-0.49,False,91.4,-0.57,92.0,True,2.31,1.11,34.3,-2.5,C 基底修復,True,8:49,264.6,跌,233.0,27,False,2.0,-0.3051,-0.2855,-0.3051,False,False,-6.15,-2.66,45.39,-9.19,-3.98,24.6,,OHLC,↓,LH/LL,DT,False,268,2,universe
ECC,2026-09-24,3.52,0.08,False,3.77,-0.014,-0.68,False,91.3,-0.39,91.7,True,2.17,1.28,6.9,-0.9,D 趨勢弱,True,8:49,264.6,跌,119.0,12,False,2.0,-0.0256,-0.0243,-0.0289,False,False,-7.0,-3.22,3.7,-5.11,-2.35,3.2,,OHLC,↓,LH/LL,DT,False,268,2,universe
BALL,2026-09-24,56.66,1.28,False,61.53,-0.212,-0.55,False,90.3,-1.39,91.7,True,2.25,1.42,15.3,-5.2,D 趨勢弱,True,8:49,264.6,跌,157.0,18,False,2.0,-0.3727,-0.2236,-0.4986,False,False,-8.59,-3.81,56.81,-0.26,-0.12,122.1,,OHLC,↓,LH/LL,DT,False,268,2,universe
OTIS,2026-09-24,66.68,1.5,False,70.07,-0.16,-0.62,False,90.0,-0.45,90.5,True,2.24,1.49,8.3,-1.3,D 趨勢弱,True,8:49,264.6,跌,264.0,28,False,2.0,-0.18,-0.1313,-0.3079,False,False,-5.08,-2.27,68.32,-2.46,-1.1,315.2,,OHLC,↓,LH/LL,自然回檔,False,268,2,universe
GNTX,2026-09-24,22.04,0.48,False,22.96,-0.041,-0.52,False,89.9,-0.16,90.0,True,2.18,1.59,19.1,-1.4,D 趨勢弱,True,8:49,264.6,跌,161.0,20,False,2.0,-0.0175,-0.0144,-0.1463,False,False,-4.15,-1.9,22.8,-3.45,-1.58,52.2,,OHLC,↓,LH/LL,DT,False,268,2,universe
CCK,2026-09-24,105.7,2.46,False,114.13,-0.637,-1.05,False,89.7,-1.39,91.1,True,2.33,1.49,16.3,-17.4,D 趨勢弱,True,8:49,264.6,跌,412.0,35,False,2.0,-0.631,-0.4798,-0.9358,False,False,-7.97,-3.43,114.28,-8.12,-3.49,107.6,,OHLC,↓,LH/LL,DT,False,268,2,universe
RDN,2026-09-24,33.54,0.77,False,35.82,-0.102,-0.59,False,89.5,-1.29,90.7,True,2.29,1.57,17.1,-5.2,D 趨勢弱,True,8:16,248.2,跌,88.0,10,False,2.0,-0.1626,-0.116,-0.4179,False,False,-6.8,-2.97,36.81,-9.75,-4.25,40.8,,OHLC,↓,LH/LL,DT,False,268,2,universe
AMT,2026-09-24,167.26,4.04,False,175.05,-0.204,0.04,False,88.9,-0.21,89.1,True,2.42,1.56,15.3,-3.2,D 趨勢弱,True,7:40,230.0,跌,78.0,7,False,2.0,-0.9274,-0.5599,-0.9274,False,False,-4.66,-1.93,,,,444.5,,OHLC,—,HH/HL,DT,False,268,2,universe
ARMK,2026-09-24,54.32,1.33,False,58.29,-0.24,-0.21,False,88.8,-0.78,89.6,True,2.44,1.55,44.7,-5.5,C 基底修復,True,8:49,264.6,跌,230.0,23,False,2.0,-0.3023,-0.196,-0.5171,False,False,-7.3,-2.99,58.55,-7.79,-3.19,132.9,,OHLC,↓,LH/LL,DT,False,268,2,universe
FDX,2026-09-24,279.54,7.71,False,317.07,-2.128,-0.79,False,87.6,-1.17,88.8,True,2.76,1.49,19.3,-5.4,D 趨勢弱,True,8:49,264.6,跌,176.0,18,False,2.0,-3.248,-2.5888,-3.248,False,False,-13.42,-4.87,321.02,-14.84,-5.38,499.3,,OHLC,↓,LH/LL,DT,False,268,2,universe
VNT,2026-09-24,30.91,0.82,False,32.35,-0.086,-1.03,False,87.3,-0.39,87.6,True,2.65,1.67,7.6,-1.7,D 趨勢弱,True,8:49,264.6,跌,181.0,29,False,2.0,-0.1456,-0.1364,-0.2536,False,False,-4.67,-1.76,32.79,-6.08,-2.3,41.6,,OHLC,↓,LH/LL,DT,False,268,2,universe
CBL,2026-09-24,52.31,1.44,False,54.77,-0.175,-0.38,False,86.2,-0.35,86.5,True,2.75,1.79,51.3,-3.3,C 基底修復,True,8:49,264.6,跌,673.0,37,False,2.0,-0.1601,-0.1057,-0.498,False,False,-4.71,-1.71,54.34,-3.88,-1.41,14.6,,OHLC,↓,LH/LL,DT,False,268,2,universe
HCSG,2026-09-24,20.97,0.58,True,21.92,0.002,-0.21,False,86.1,-0.18,86.3,True,2.79,1.77,25.5,-13.2,C 基底修復,False,5:13,156.3,跌,37.0,6,False,2.0,-0.0575,-0.0378,-0.3206,False,False,-4.53,-1.63,22.4,-6.82,-2.45,14.7,,OHLC,↓,LH/LL,DT,False,268,2,universe
WY,2026-09-24,20.14,0.55,False,22.75,-0.171,-1.62,False,85.8,-1.98,87.8,True,2.72,1.89,0.0,-3.7,D 趨勢弱,True,8:49,264.6,跌,193.0,29,False,2.0,-0.1473,-0.1017,-0.1933,False,False,-12.95,-4.76,21.54,-6.95,-2.55,139.8,,OHLC,↓,LH/LL,DT,False,268,2,universe
CBT,2026-09-24,78.65,2.13,False,81.53,-0.224,-0.89,True,84.7,0.47,84.3,True,2.71,2.12,36.5,-0.7,C 基底修復,False,10:14,306.9,升,21.0,2,False,2.0,0.1031,0.0331,,False,False,-3.66,-1.35,80.76,-2.68,-0.99,30.6,,OHLC,—,LH/LL,自然反彈,True,268,2,universe
ZTS,2026-09-24,70.27,2.04,False,74.47,-0.026,-0.28,False,84.7,-0.49,85.2,True,2.91,1.93,15.9,-1.9,D 趨勢弱,True,8:04,241.9,跌,84.0,13,False,2.0,-0.3041,-0.2445,-0.4071,False,False,-5.98,-2.06,72.86,-3.69,-1.27,345.0,,OHLC,—,LH/LL,DT,True,268,2,universe
HE,2026-09-24,9.17,0.31,False,10.71,-0.103,-1.7,False,84.2,-0.23,84.5,True,3.35,1.58,0.0,0.0,D 趨勢弱,True,8:18,249.2,跌,88.0,12,False,2.0,-0.0778,-0.0729,-0.1429,False,False,-16.76,-5.01,11.6,-26.5,-7.92,29.7,,OHLC,↓,LH/LL,DT,False,268,2,universe
TKR,2026-09-24,117.19,3.46,False,121.63,-0.379,-0.7,True,83.9,0.4,83.5,True,2.95,2.04,42.5,-0.6,C 基底修復,False,10:10,305.1,升,20.0,2,False,2.0,0.3062,0.1924,,False,False,-3.78,-1.28,119.92,-2.33,-0.79,111.3,,OHLC,—,LH/LL,自然反彈,True,268,2,universe
NOV,2026-09-24,19.9,0.64,False,20.68,-0.024,-0.12,False,83.3,-0.47,83.8,True,3.22,1.89,50.3,0.0,C 基底修復,True,8:49,264.6,跌,190.0,10,False,2.0,-0.1601,-0.1527,-0.1704,False,False,-3.93,-1.22,20.97,-5.38,-1.67,63.1,,OHLC,↓,LH/LL,DT,False,268,2,universe
MGA,2026-09-24,62.22,1.87,False,66.39,-0.229,-0.55,False,82.3,-0.55,82.8,True,3.01,2.3,50.8,-2.5,C 基底修復,True,8:49,264.6,跌,200.0,23,False,2.0,-0.2078,-0.1662,-0.8239,False,False,-6.7,-2.23,64.82,-4.18,-1.39,73.9,,OHLC,↓,LH/LL,DT,False,268,2,universe
RTO,2026-09-24,20.55,0.49,False,22.75,-0.161,-1.57,False,82.3,-1.41,83.7,True,2.39,2.9,1.3,-3.6,D 趨勢弱,True,6:17,188.5,跌,55.0,8,False,2.0,-0.0723,-0.04,-0.6606,False,False,-10.71,-4.48,24.3,-18.25,-7.63,40.3,,OHLC,↓,LH/LL,DT,False,268,2,universe
GIS,2026-09-24,34.83,1.11,False,38.12,-0.129,-0.38,False,81.8,-0.31,82.1,True,3.17,2.23,2.6,0.0,D 趨勢弱,True,8:49,264.6,跌,159.0,15,False,2.0,-0.3164,-0.3095,-0.6443,False,False,-9.45,-2.98,36.81,-5.68,-1.79,373.3,,OHLC,↓,LH/LL,DT,False,268,2,universe
LEA,2026-09-24,118.25,3.68,False,124.94,-0.086,-0.1,False,81.0,-1.06,82.1,True,3.11,2.43,19.8,-5.3,C 基底修復,True,6:12,186.0,跌,53.0,6,False,2.0,-0.6967,-0.5421,-2.6767,False,False,-5.66,-1.82,130.82,-10.63,-3.42,83.9,,OHLC,↓,LH/LL,DT,False,268,2,universe
SLGN,2026-09-24,35.45,1.14,False,39.72,-0.379,-1.02,False,80.9,-2.0,82.9,True,3.2,2.37,0.0,-13.0,D 趨勢弱,True,8:49,264.6,跌,97.0,14,False,2.0,-0.2487,-0.1781,-0.8343,False,False,-12.04,-3.76,38.09,-7.45,-2.33,49.4,,OHLC,↓,LH/LL,DT,False,268,2,universe
WLK,2026-09-24,66.76,2.25,False,74.08,-0.371,-0.79,False,79.6,-0.2,79.8,True,3.38,2.44,14.3,-0.2,D 趨勢弱,True,8:49,264.6,跌,241.0,22,False,2.0,-0.3701,-0.3348,-0.6483,False,False,-10.97,-3.25,70.66,-5.84,-1.73,47.2,,OHLC,↓,LH/LL,DT,False,268,2,universe
POST,2026-09-24,74.14,2.42,False,80.06,-0.1,-0.42,False,79.1,-0.35,79.4,True,3.26,2.66,6.5,-0.6,D 趨勢弱,True,7:12,215.8,跌,70.0,9,False,2.0,-0.4649,-0.4242,-1.535,False,False,-7.99,-2.45,80.95,-9.19,-2.82,80.6,,OHLC,↓,LH/LL,DT,False,268,2,universe
CNR,2026-09-24,88.76,3.2,False,95.74,-0.22,0.02,False,78.8,-1.64,80.4,True,3.61,2.36,15.0,-26.9,D 趨勢弱,True,8:49,264.6,跌,100.0,14,False,2.0,-1.2614,-1.1492,-1.4588,False,False,-7.86,-2.18,93.93,-5.82,-1.61,48.9,,OHLC,↓,LH/LL,DT,False,268,2,universe
SMG,2026-09-24,51.13,1.94,False,57.59,-0.497,-1.21,False,77.6,-1.28,78.9,True,3.8,2.4,0.0,-12.0,D 趨勢弱,True,8:49,264.6,跌,173.0,13,False,2.0,-0.3178,-0.3071,-1.0121,False,False,-12.63,-3.33,51.11,0.04,0.01,49.9,,OHLC,—,HH/HL,DT,False,268,2,universe
UNIT,2026-09-24,8.93,0.34,False,9.82,-0.018,-0.17,False,77.0,-0.13,77.1,True,3.8,2.51,19.5,-5.8,D 趨勢弱,True,6:46,202.9,跌,63.0,8,False,2.0,-0.0786,-0.0565,-0.1445,False,False,-9.98,-2.63,10.05,-12.54,-3.3,19.5,,OHLC,↓,LH/LL,DT,False,268,2,universe
CPRT,2026-09-24,28.04,1.05,False,31.44,-0.016,-0.22,False,76.9,-0.47,77.3,True,3.76,2.57,0.0,-1.8,D 趨勢弱,True,8:49,264.6,跌,141.0,16,False,2.0,-0.4654,-0.4574,-0.4891,False,False,-12.13,-3.22,31.73,-13.16,-3.5,313.2,,OHLC,↓,LH/LL,DT,False,268,2,universe
SGI,2026-09-24,62.31,2.41,False,65.34,-0.085,-0.1,True,76.8,0.1,76.7,True,3.86,2.48,12.2,-0.5,D 趨勢弱,False,5:28,163.8,跌,41.0,6,False,2.0,-0.3512,-0.2918,-0.7313,False,False,-4.87,-1.26,64.73,-3.88,-1.01,259.5,,OHLC,↓,LH/LL,DT,False,268,2,universe
JBHT,2026-09-24,229.15,8.63,False,256.67,-1.493,-0.74,False,76.2,-0.11,76.3,True,3.77,2.7,22.8,-5.5,D 趨勢弱,True,6:08,184.2,跌,52.0,7,False,2.0,-3.2519,-3.2175,-3.5232,False,False,-12.01,-3.19,265.47,-15.85,-4.21,291.4,,OHLC,↓,LH/LL,DT,False,268,2,universe
TRU,2026-09-24,67.54,2.69,False,78.36,-0.361,-0.76,False,76.1,-2.13,78.2,True,3.99,2.49,6.1,-2.9,D 趨勢弱,True,8:49,264.6,跌,128.0,17,False,2.0,-1.1506,-1.0389,-1.1815,False,False,-16.02,-4.02,78.83,-16.72,-4.19,185.0,,OHLC,↓,LH/LL,DT,False,268,2,universe
RYZ,2026-09-24,23.69,0.98,False,25.33,-0.181,-0.82,True,72.0,0.53,71.4,False,4.16,3.1,19.8,-2.4,D 趨勢弱,True,6:43,201.7,跌,62.0,9,False,2.0,-0.0529,-0.0513,-0.4921,False,False,-6.91,-1.66,24.68,-4.18,-1.01,11.2,,OHLC,—,LH/LL,DT,True,268,2,universe
CCSI,2026-09-24,35.37,1.6,False,37.03,-0.033,-0.1,True,71.4,0.45,71.0,False,4.53,2.83,54.8,-2.2,C 基底修復,True,7:00,210.0,跌,67.0,6,False,2.0,-0.0957,-0.0757,-0.4938,False,False,-4.71,-1.04,37.19,-5.15,-1.14,6.1,,OHLC,—,HH/HL,自然回檔,False,268,2,universe
MGPI,2026-09-24,12.74,0.63,False,15.5,-0.228,-1.69,True,70.2,0.7,69.5,False,4.93,2.66,0.0,0.0,D 趨勢弱,True,8:49,264.6,跌,202.0,29,False,2.0,-0.2145,-0.2138,-0.2503,False,False,-21.67,-4.4,17.06,-33.91,-6.88,4.3,,OHLC,↓,LH/LL,DT,False,268,2,universe
SFM,2026-09-24,65.42,3.19,False,76.47,-0.598,-0.95,True,69.3,0.77,68.5,False,4.88,2.89,5.0,0.0,D 趨勢弱,True,8:49,264.6,跌,155.0,19,False,2.0,-0.8694,-0.859,-1.1525,False,False,-16.9,-3.46,75.09,-14.78,-3.03,141.1,,OHLC,↓,LH/LL,DT,False,268,2,universe
XRAY,2026-09-24,9.53,0.44,False,10.54,-0.083,-1.39,False,68.9,-0.21,69.1,False,4.56,3.27,1.9,-7.9,D 趨勢弱,True,8:13,246.5,跌,87.0,10,True,2.0,-0.0379,-0.0433,-0.3597,True,False,-10.63,-2.33,9.36,1.78,0.39,45.7,,OHLC,—,HH/HL,自然回檔,False,268,2,universe
RLAY,2026-09-24,17.73,0.91,False,19.09,-0.071,-0.27,True,67.8,0.44,67.3,False,5.16,2.9,47.5,-5.9,D 趨勢弱,True,8:49,264.6,跌,194.0,25,False,2.0,-0.1016,-0.0547,-0.3147,False,False,-7.69,-1.49,,,,66.7,,OHLC,—,HH/HL,DT,False,268,2,universe
AVR,2026-09-24,7.65,0.39,False,8.68,-0.046,-0.5,True,67.5,0.94,66.6,False,5.05,3.06,34.7,-0.7,D 趨勢弱,True,8:49,264.6,跌,130.0,20,False,2.0,-0.0898,-0.0793,-0.1305,False,False,-13.47,-2.67,8.72,-13.99,-2.77,5.8,,OHLC,↓,LH/LL,DT,False,268,2,universe
HMY,2026-09-24,18.55,0.87,False,20.4,-0.023,-0.13,True,66.0,0.52,65.4,False,4.68,3.74,25.8,-1.9,D 趨勢弱,True,8:49,264.6,跌,287.0,19,False,2.0,-0.2713,-0.2503,-0.3958,False,False,-9.96,-2.13,20.22,-9.0,-1.92,90.5,,OHLC,↓,LH/LL,DT,False,268,2,universe
ASTH,2026-09-24,34.44,1.92,False,37.14,-0.004,-0.21,True,63.5,1.22,62.2,False,5.56,3.36,37.2,0.8,D 趨勢弱,False,4:54,146.8,跌,32.0,6,True,2.0,-0.3529,-0.3921,-1.3652,True,False,-7.85,-1.41,32.22,6.45,1.16,15.0,,OHLC,—,HH/HL,自然回檔,False,268,2,universe
OLMA,2026-09-24,9.04,0.59,False,10.24,-0.067,-0.62,True,58.6,0.37,58.2,False,6.55,3.4,0.3,-0.3,D 趨勢弱,True,8:49,264.6,跌,101.0,9,False,2.0,-0.1134,-0.108,-0.128,False,False,-13.31,-2.03,10.91,-20.69,-3.16,11.7,,OHLC,↓,LH/LL,自然反彈,False,268,2,universe
AMR,2026-09-24,172.01,10.98,False,199.85,-0.044,0.24,False,57.8,-2.3,60.1,False,6.39,3.74,0.5,-16.5,D 趨勢弱,True,6:40,200.0,跌,61.0,11,True,2.0,-6.0424,-6.0832,-7.6699,True,False,-16.18,-2.53,188.57,-9.63,-1.51,70.0,,OHLC,↓,LH/LL,DT,False,268,2,universe
MNPR,2026-09-24,88.84,5.81,False,109.34,-1.418,-0.82,True,57.4,0.75,56.7,False,6.54,3.66,43.1,-0.9,D 趨勢弱,True,8:49,264.6,跌,370.0,45,False,2.0,-2.4993,-2.4408,-2.4993,False,False,-23.07,-3.53,,,,15.5,,OHLC,—,HH/HL,DT,False,268,2,universe
FWRD,2026-09-24,14.75,0.87,False,16.85,-0.167,-0.92,False,55.0,-0.61,55.6,False,5.92,4.81,15.0,-0.7,D 趨勢弱,True,8:49,264.6,跌,224.0,25,True,2.0,-0.2232,-0.2404,-0.4241,True,False,-14.25,-2.41,15.14,-2.64,-0.45,9.2,,OHLC,↓,LH/LL,自然回檔,False,268,2,universe
SRPT,2026-09-24,18.39,1.34,True,20.43,0.003,0.35,False,52.7,-0.32,53.0,False,7.28,4.0,22.6,-11.1,C 基底修復,True,7:20,219.9,跌,72.0,10,False,2.0,-0.3996,-0.3238,-0.3996,False,False,-11.08,-1.52,20.81,-13.16,-1.81,71.6,,OHLC,↓,LH/LL,DT,False,268,2,universe
AKTS,2026-09-24,19.63,1.44,False,23.6,-0.13,-0.71,True,52.3,1.02,51.3,False,7.34,4.02,1.1,-0.1,D 趨勢弱,True,7:48,234.0,跌,80.0,12,False,2.0,-0.5075,-0.474,-0.6012,False,False,-20.22,-2.75,22.11,-12.63,-1.72,11.0,,OHLC,↓,LH/LL,DT,False,178,2,universe
ARTV,2026-09-24,7.49,0.62,False,9.86,-0.148,-1.63,False,48.1,-0.52,48.6,False,8.28,4.16,27.4,-2.1,D 趨勢弱,True,8:49,264.6,跌,253.0,25,True,2.0,-0.3046,-0.3195,-0.3583,True,False,-31.61,-3.82,,,,4.2,,OHLC,—,HH/HL,DT,False,268,2,universe
PYXS,2026-09-24,2.92,0.3,True,3.38,0.013,0.39,False,30.6,-2.87,33.4,False,10.21,8.23,53.8,-7.3,D 趨勢弱,True,7:58,239.0,跌,83.0,11,False,2.0,-0.0651,-0.0454,-0.0651,False,False,-15.67,-1.53,3.36,-14.9,-1.46,3.2,,OHLC,↓,LH/LL,DT,False,268,2,universe
FPF,2026-09-24,16.22,0.23,False,17.14,-0.074,-1.15,False,96.8,-0.22,97.0,True,1.42,0.54,11.3,-1.9,D 趨勢弱,True,8:49,264.6,跌,129.0,16,False,3.0,-0.0808,-0.0738,-0.0917,False,False,-5.67,-3.99,17.09,-5.36,-3.78,3.1,,OHLC,↓,LH/LL,DT,False,268,2,universe
MHD,2026-09-24,10.56,0.15,False,11.08,-0.056,-1.25,False,96.2,-0.11,96.3,True,1.46,0.7,14.8,-1.3,D 趨勢弱,True,8:49,264.6,跌,219.0,25,False,3.0,-0.0334,-0.0264,-0.0465,False,False,-4.91,-3.37,10.96,-3.79,-2.6,6.8,,OHLC,↓,LH/LL,DT,False,268,2,universe
PTY,2026-09-24,10.75,0.16,False,11.43,-0.062,-1.28,False,96.2,-0.19,96.4,True,1.45,0.7,5.9,-1.4,D 趨勢弱,True,8:49,264.6,跌,119.0,11,False,3.0,-0.0751,-0.0635,-0.0751,False,False,-6.35,-4.37,11.47,-6.7,-4.61,19.6,,OHLC,↓,LH/LL,DT,False,268,2,universe
NRK,2026-09-24,9.41,0.17,False,10.0,-0.057,-0.96,False,94.6,-0.42,95.0,True,1.77,0.85,14.7,-3.1,D 趨勢弱,True,8:49,264.6,跌,140.0,25,False,3.0,-0.0284,-0.0147,-0.0388,False,False,-6.26,-3.53,10.66,-13.28,-7.49,4.0,,OHLC,↓,LH/LL,DT,False,268,2,universe
UDR,2026-09-24,33.55,0.58,False,35.85,-0.11,-1.27,False,93.5,-0.08,93.6,True,1.74,1.19,11.7,-0.5,D 趨勢弱,True,8:49,264.6,跌,150.0,18,False,3.0,-0.1082,-0.1193,-0.2407,True,False,-6.86,-3.95,38.39,-14.43,-8.29,139.5,,OHLC,↓,LH/LL,DT,False,268,2,universe
CLM,2026-09-24,6.38,0.11,False,6.71,-0.021,-1.04,True,93.2,0.2,93.0,True,1.71,1.29,9.7,0.1,D 趨勢弱,False,10:03,301.3,升,17.0,2,False,3.0,0.0112,0.0051,,False,False,-5.17,-3.03,6.75,-5.8,-3.4,14.9,,OHLC,↓,LH/LL,DT,False,268,2,universe
VICI,2026-09-24,23.27,0.43,False,25.26,-0.102,-1.14,False,92.9,-0.21,93.1,True,1.83,1.25,3.5,0.0,D 趨勢弱,True,8:49,264.6,跌,242.0,20,False,3.0,-0.1273,-0.1111,-0.1406,False,False,-8.56,-4.66,25.93,-11.43,-6.23,262.5,,OHLC,↓,LH/LL,DT,False,268,2,universe
NLY,2026-09-24,20.6,0.41,False,22.21,-0.107,-1.03,False,92.8,-0.13,92.9,True,1.97,1.12,14.8,-2.5,D 趨勢弱,True,8:49,264.6,跌,171.0,22,False,3.0,-0.1273,-0.1126,-0.1865,False,False,-7.82,-3.97,23.2,-12.62,-6.41,197.1,,OHLC,↓,LH/LL,DT,False,268,2,universe
BANF,2026-09-24,107.35,2.13,False,110.97,-0.188,-0.47,False,92.6,-0.01,92.6,True,1.98,1.17,20.9,1.8,D 趨勢弱,True,6:39,199.4,跌,61.0,6,False,3.0,-0.2668,-0.2562,-0.5791,False,False,-3.37,-1.7,112.52,-4.82,-2.43,14.5,,OHLC,↓,LH/LL,DT,False,268,2,universe
MFA,2026-09-24,8.16,0.17,False,8.71,-0.035,-0.84,False,92.4,-0.25,92.6,True,2.09,1.11,9.4,-1.7,D 趨勢弱,True,8:27,253.3,跌,91.0,11,False,3.0,-0.0222,-0.0108,-0.0313,False,False,-6.75,-3.24,8.56,-4.9,-2.35,14.0,,OHLC,↓,LH/LL,DT,False,268,2,universe
GLPI,2026-09-24,38.53,0.76,False,41.66,-0.133,-0.72,False,92.1,-0.09,92.2,True,1.97,1.3,5.9,-0.7,D 趨勢弱,True,8:49,264.6,跌,184.0,20,False,3.0,-0.154,-0.117,-0.1937,False,False,-8.12,-4.12,41.05,-6.54,-3.32,188.1,,OHLC,↓,LH/LL,DT,False,268,2,universe
ARR,2026-09-24,14.11,0.31,False,15.75,-0.097,-1.31,False,91.9,-1.17,93.1,True,2.17,1.13,1.0,-4.3,D 趨勢弱,True,8:49,264.6,跌,317.0,25,False,3.0,-0.1249,-0.1044,-0.1499,False,False,-11.62,-5.36,14.99,-6.24,-2.88,63.8,,OHLC,↓,LH/LL,DT,False,268,2,universe
STWD,2026-09-24,14.36,0.31,False,15.67,-0.09,-1.06,False,91.8,-0.37,92.2,True,2.13,1.2,4.1,-1.2,D 趨勢弱,True,8:49,264.6,跌,243.0,21,False,3.0,-0.0851,-0.0633,-0.0851,False,False,-9.13,-4.29,16.08,-11.98,-5.62,67.3,,OHLC,↓,LH/LL,DT,False,268,2,universe
OTTR,2026-09-24,88.26,1.8,False,89.75,-0.126,-0.61,False,91.7,-0.13,91.8,True,2.04,1.32,38.8,-0.9,C 基底修復,False,11:37,348.5,升,44.0,3,False,3.0,0.0685,0.095,,False,True,-1.69,-0.83,89.9,-1.86,-0.91,22.9,,OHLC,—,LH/LL,自然回檔,True,268,2,universe
SUI,2026-09-24,111.13,2.31,False,120.47,-0.097,-0.37,False,91.4,-0.06,91.4,True,2.08,1.34,16.8,-3.3,D 趨勢弱,True,8:49,264.6,跌,212.0,17,False,3.0,-0.5364,-0.4919,-0.9177,False,False,-8.4,-4.04,118.04,-6.22,-2.99,138.9,,OHLC,↓,LH/LL,DT,False,268,2,universe
FITB,2026-09-24,51.46,1.09,False,54.46,-0.26,-0.84,False,91.2,-0.08,91.3,True,2.11,1.36,24.6,-10.7,C 基底修復,True,6:07,183.3,跌,52.0,7,False,3.0,-0.1968,-0.1561,-0.4179,False,False,-5.84,-2.77,55.48,-7.81,-3.7,302.3,,OHLC,↓,LH/LL,DT,False,268,2,universe
KEY,2026-09-24,20.25,0.43,False,21.6,-0.089,-0.89,True,91.2,0.21,91.0,True,2.1,1.37,19.2,-0.2,C 基底修復,False,5:58,179.2,跌,50.0,7,False,3.0,-0.1197,-0.1183,-0.1692,False,False,-6.69,-3.19,21.77,-7.51,-3.58,300.9,,OHLC,↓,LH/LL,DT,False,268,2,universe
EPRT,2026-09-24,26.47,0.57,False,28.89,-0.107,-1.37,False,90.9,-0.19,91.1,True,2.17,1.36,1.9,-1.5,D 趨勢弱,True,8:49,264.6,跌,162.0,21,False,3.0,-0.1815,-0.2006,-0.3169,True,False,-9.13,-4.21,30.19,-14.05,-6.48,63.4,,OHLC,↓,LH/LL,DT,False,268,2,universe
SR,2026-09-24,76.79,1.77,False,81.39,-0.177,-0.41,False,90.8,-0.05,90.9,True,2.31,1.25,10.7,-2.1,D 趨勢弱,True,8:49,264.6,跌,116.0,12,False,3.0,-0.5114,-0.4557,-0.5114,False,False,-5.99,-2.6,80.86,-5.3,-2.3,46.2,,OHLC,↓,LH/LL,DT,False,268,2,universe
VTR,2026-09-24,86.83,1.77,False,89.9,-0.039,-0.61,False,90.3,-0.01,90.3,True,2.04,1.62,33.0,-0.4,C 基底修復,True,8:49,264.6,跌,110.0,18,False,3.0,-0.2879,-0.3487,-1.0942,True,False,-3.53,-1.73,92.09,-6.06,-2.97,340.0,,OHLC,—,LH/LL,自然回檔,False,268,2,universe
RITM,2026-09-24,9.12,0.21,False,9.86,-0.047,-0.75,False,89.3,-1.07,90.4,True,2.28,1.61,5.0,-4.3,D 趨勢弱,True,8:49,264.6,跌,220.0,25,False,3.0,-0.0614,-0.0461,-0.0809,False,False,-8.15,-3.57,9.43,-3.4,-1.49,50.9,,OHLC,↓,LH/LL,DT,False,268,2,universe
TRTX,2026-09-24,6.62,0.17,False,7.54,-0.076,-1.36,False,89.0,-1.02,90.0,True,2.61,1.34,0.0,-2.2,D 趨勢弱,True,8:14,246.8,跌,87.0,11,False,3.0,-0.0655,-0.0455,-0.075,False,False,-13.97,-5.36,7.89,-19.18,-7.36,6.2,,OHLC,↓,LH/LL,DT,False,268,2,universe
AVY,2026-09-24,169.01,4.22,False,174.48,-0.22,-0.27,False,87.9,-0.51,88.4,True,2.5,1.7,15.6,-12.2,D 趨勢弱,True,8:49,264.6,跌,196.0,22,False,3.0,-0.2782,-0.214,-1.7015,False,False,-3.24,-1.3,172.28,-1.93,-0.77,207.4,,OHLC,—,LH/LL,自然回檔,True,268,2,universe
COR,2026-09-24,309.87,7.65,False,320.0,-0.012,-0.29,False,87.8,-0.08,87.9,True,2.47,1.74,24.3,-2.9,C 基底修復,True,8:49,264.6,跌,166.0,12,False,3.0,-2.0524,-2.0541,-2.6931,True,False,-3.27,-1.33,316.49,-2.14,-0.87,402.6,,OHLC,↓,LH/LL,自然回檔,False,268,2,universe
GLP,2026-09-24,47.85,1.32,False,51.05,-0.027,0.13,False,87.7,-0.02,87.7,True,2.75,1.49,45.5,0.6,C 基底修復,True,7:37,228.3,跌,77.0,9,False,3.0,-0.5585,-0.5131,-0.5585,False,False,-6.69,-2.43,,,,3.0,,OHLC,—,HH/HL,DT,False,268,2,universe
IIIN,2026-09-24,29.13,0.73,False,30.6,-0.116,-0.65,False,87.4,-0.17,87.5,True,2.5,1.8,20.8,-2.5,D 趨勢弱,True,8:49,264.6,跌,414.0,29,False,3.0,-0.0858,-0.0566,-0.3457,False,False,-5.05,-2.02,31.35,-7.62,-3.05,4.4,,OHLC,↓,LH/LL,DT,False,268,2,universe
LVS,2026-09-24,38.65,1.07,False,43.18,-0.263,-1.24,False,87.3,-0.31,87.6,True,2.76,1.55,0.0,0.0,D 趨勢弱,True,8:49,264.6,跌,160.0,20,False,3.0,-0.3291,-0.3248,-0.3659,False,False,-11.72,-4.24,46.48,-20.26,-7.34,258.9,,OHLC,↓,LH/LL,DT,False,268,2,universe
PMT,2026-09-24,8.45,0.22,False,9.19,-0.036,-0.65,False,87.3,-0.84,88.1,True,2.64,1.68,6.0,-3.0,D 趨勢弱,True,8:01,240.7,跌,84.0,9,False,3.0,-0.0523,-0.0339,-0.0523,False,False,-8.76,-3.32,9.01,-6.63,-2.51,14.6,,OHLC,↓,LH/LL,DT,False,268,2,universe
MKC,2026-09-24,47.82,1.34,False,52.21,-0.128,-0.74,False,86.2,-0.59,86.8,True,2.8,1.75,2.8,0.4,D 趨勢弱,True,8:49,264.6,跌,182.0,20,False,3.0,-0.3558,-0.3376,-0.5621,False,False,-9.17,-3.28,51.99,-8.72,-3.12,158.0,,OHLC,↓,LH/LL,DT,False,268,2,universe
FNF,2026-09-24,40.82,1.11,False,45.12,-0.247,-1.28,False,86.0,-0.66,86.6,True,2.71,1.86,1.2,-2.1,D 趨勢弱,True,8:49,264.6,跌,281.0,37,False,3.0,-0.1987,-0.1556,-0.6249,False,False,-10.52,-3.88,47.28,-15.83,-5.83,114.7,,OHLC,↓,LH/LL,DT,False,268,2,universe
LLYVA,2026-09-24,96.42,2.62,False,98.41,-0.241,-0.35,False,86.0,-0.01,86.0,True,2.72,1.85,33.9,0.7,C 基底修復,False,10:08,303.9,升,19.0,2,False,3.0,0.1618,0.0149,,False,True,-2.06,-0.76,95.39,1.07,0.39,13.2,,OHLC,—,LH/LL,自然反彈,True,268,2,universe
TNL,2026-09-24,62.83,1.74,False,67.74,-0.333,-1.35,False,86.0,-0.15,86.1,True,2.76,1.81,3.5,-6.3,D 趨勢弱,True,8:49,264.6,跌,284.0,33,False,3.0,-0.052,-0.1022,-0.7543,True,False,-7.81,-2.82,66.74,-6.22,-2.25,46.0,,OHLC,↓,LH/LL,DT,False,268,2,universe
WYNN,2026-09-24,80.19,2.58,False,90.16,-1.307,-1.75,False,85.2,-1.03,86.3,True,3.21,1.51,0.0,0.0,D 趨勢弱,True,8:49,264.6,跌,196.0,25,False,3.0,-0.547,-0.5692,-1.2132,True,False,-12.43,-3.87,83.32,-3.9,-1.21,186.0,,OHLC,↓,LH/LL,DT,False,268,2,universe
CCI,2026-09-24,67.63,2.03,False,74.29,-0.29,-0.34,False,84.8,-1.02,85.9,True,3.0,1.81,3.6,-3.3,D 趨勢弱,True,8:49,264.6,跌,120.0,9,False,3.0,-0.5833,-0.3553,-0.5833,False,False,-9.85,-3.29,75.62,-11.81,-3.94,252.0,,OHLC,↓,LH/LL,DT,False,268,2,universe
SLM,2026-09-24,23.05,0.7,False,25.99,-0.217,-0.94,False,83.9,-0.72,84.7,True,3.03,1.96,9.6,-14.3,D 趨勢弱,True,8:49,264.6,跌,233.0,27,False,3.0,-0.3184,-0.2651,-0.3184,False,False,-12.76,-4.21,26.4,-14.53,-4.8,50.1,,OHLC,↓,LH/LL,DT,False,268,2,universe
PIPR,2026-09-24,71.08,2.18,False,74.57,-0.172,-0.29,False,83.7,-0.89,84.6,True,3.07,1.96,10.2,-2.6,D 趨勢弱,True,6:46,202.9,跌,63.0,8,False,3.0,-0.3584,-0.303,-0.4644,False,False,-4.91,-1.6,74.06,-4.19,-1.37,49.1,,OHLC,—,LH/LL,自然回檔,False,268,2,universe
TFX,2026-09-24,120.09,3.99,False,132.45,-0.546,-0.74,False,83.5,-0.04,83.6,True,3.32,1.74,13.6,-3.7,D 趨勢弱,True,8:49,264.6,跌,97.0,13,False,3.0,-1.4372,-1.4078,-1.5957,False,False,-10.29,-3.1,,,,96.7,,OHLC,—,HH/HL,DT,False,268,2,universe
JJSF,2026-09-24,77.18,2.31,False,84.61,-0.376,-1.29,False,83.3,-0.03,83.4,True,2.99,2.11,8.4,-1.1,D 趨勢弱,True,8:49,264.6,跌,197.0,24,False,3.0,-0.7528,-0.8094,-1.1324,True,False,-9.63,-3.22,85.48,-10.75,-3.59,16.0,,OHLC,↓,LH/LL,DT,False,268,2,universe
GS,2026-09-24,923.29,26.89,False,1000.42,-4.199,-0.69,False,82.9,-0.01,83.0,True,2.91,2.26,13.7,-4.5,D 趨勢弱,True,8:49,264.6,跌,136.0,9,False,3.0,-7.2158,-7.004,-10.7254,False,False,-8.35,-2.87,959.39,-3.91,-1.34,2014.1,,OHLC,↓,LH/LL,DT,False,268,2,universe
FBRT,2026-09-24,7.3,0.25,False,7.97,-0.021,-0.73,False,82.6,-0.58,83.2,True,3.38,1.87,1.1,-2.3,D 趨勢弱,True,8:49,264.5,跌,97.0,12,False,3.0,-0.0731,-0.0651,-0.0976,False,False,-9.11,-2.7,7.74,-6.03,-1.79,20.4,,OHLC,↓,LH/LL,DT,False,268,2,universe
TSCO,2026-09-24,31.44,1.04,False,34.23,-0.191,-0.51,False,82.5,-0.98,83.5,True,3.32,1.94,13.9,-1.0,D 趨勢弱,True,8:49,264.6,跌,215.0,22,False,3.0,-0.291,-0.2636,-0.3583,False,False,-8.89,-2.68,33.83,-7.6,-2.29,308.6,,OHLC,↓,LH/LL,DT,False,268,2,universe
APOG,2026-09-24,36.31,1.1,False,38.87,-0.127,-0.92,False,82.4,-0.45,82.8,True,3.04,2.25,10.1,-1.7,D 趨勢弱,True,8:49,264.6,跌,222.0,27,False,3.0,-0.0683,-0.0503,-0.5086,False,False,-7.06,-2.32,37.58,-3.5,-1.15,9.8,,OHLC,↓,LH/LL,DT,False,268,2,universe
MGM,2026-09-24,33.69,1.18,False,39.23,-1.67,-2.52,False,82.0,-8.11,90.1,True,3.49,1.86,5.0,-3.0,D 趨勢弱,True,8:49,264.6,跌,198.0,20,False,3.0,-0.3488,-0.0992,-0.3488,False,False,-16.44,-4.71,38.9,-15.46,-4.43,129.4,,OHLC,↓,LH/LL,DT,False,268,2,universe
SAFE,2026-09-24,12.38,0.42,False,14.23,-0.134,-1.5,False,82.0,-1.17,83.2,True,3.37,1.98,5.0,-0.1,D 趨勢弱,True,7:49,234.7,跌,80.0,13,False,3.0,-0.1431,-0.1139,-0.1629,False,False,-14.97,-4.44,13.45,-8.64,-2.56,6.4,,OHLC,↓,LH/LL,DT,False,268,2,universe
VVV,2026-09-24,28.35,0.92,False,30.52,-0.161,-1.77,False,81.4,-0.05,81.5,True,3.23,2.24,1.1,-0.0,D 趨勢弱,True,9:26,282.9,升,7.0,1,False,3.0,0.0634,-0.0125,,False,False,-7.64,-2.36,30.96,-9.21,-2.85,77.1,,OHLC,↓,LH/LL,自然反彈,False,268,2,universe
CMCSA,2026-09-24,22.13,0.74,False,24.95,-0.133,-1.05,False,80.8,-0.43,81.2,True,3.34,2.26,0.0,0.0,D 趨勢弱,True,8:49,264.6,跌,197.0,18,False,3.0,-0.3797,-0.401,-0.4638,True,False,-12.73,-3.81,25.2,-13.87,-4.16,724.9,,OHLC,↓,LH/LL,DT,False,268,2,universe
NXRT,2026-09-24,20.18,0.75,False,22.4,-0.136,-1.45,False,80.4,-1.06,81.5,True,3.74,1.92,0.0,0.0,D 趨勢弱,True,7:01,210.5,跌,67.0,11,False,3.0,-0.1411,-0.108,-0.1684,False,False,-11.02,-2.95,21.72,-7.63,-2.04,17.4,,OHLC,↓,LH/LL,DT,False,268,2,universe
HLI,2026-09-24,127.49,4.31,True,132.14,0.021,0.21,False,80.2,-0.72,80.9,True,3.38,2.32,13.8,-0.4,D 趨勢弱,False,5:27,163.4,跌,41.0,6,False,3.0,-0.7136,-0.5147,-1.4455,False,False,-3.65,-1.08,132.21,-3.7,-1.09,115.2,,OHLC,↓,LH/LL,DT,False,268,2,universe
KNX,2026-09-24,65.5,2.44,False,68.55,-0.137,-0.2,False,79.6,-0.52,80.1,True,3.72,2.11,43.1,-4.4,C 基底修復,True,6:20,189.8,跌,55.0,7,False,3.0,-0.1176,-0.0537,-0.7249,False,False,-4.66,-1.25,66.11,-0.93,-0.25,248.7,,OHLC,—,HH/HL,DT,True,268,2,universe
BRSL,2026-09-24,9.74,0.37,False,10.96,-0.072,-0.73,False,77.7,-2.48,80.2,True,3.76,2.42,0.0,-1.8,D 趨勢弱,True,8:49,264.6,跌,300.0,18,False,3.0,-0.1053,-0.0837,-0.1209,False,False,-12.56,-3.34,10.42,-6.98,-1.86,23.1,,OHLC,↓,LH/LL,DT,False,268,2,universe
KREF,2026-09-24,6.26,0.24,False,7.14,-0.099,-1.39,False,77.7,-0.86,78.6,True,3.86,2.31,5.0,-10.0,D 趨勢弱,True,8:49,264.6,跌,237.0,27,False,3.0,-0.118,-0.1179,-0.118,False,False,-14.05,-3.64,7.62,-21.73,-5.63,5.1,,OHLC,↓,LH/LL,自然反彈,False,268,2,universe
NXST,2026-09-24,161.53,6.86,False,173.78,-0.625,-0.93,False,77.0,-0.18,77.2,True,4.25,2.06,0.3,-3.6,D 趨勢弱,True,8:49,264.6,跌,332.0,32,False,3.0,-0.305,-0.2867,-2.0735,False,False,-7.58,-1.79,167.53,-3.71,-0.87,67.1,,OHLC,↓,LH/LL,自然回檔,False,268,2,universe
ZM,2026-09-24,90.35,3.3,False,97.93,-0.29,-0.71,False,77.0,-0.05,77.1,True,3.65,2.65,17.1,-10.1,D 趨勢弱,True,8:49,264.6,跌,185.0,23,False,3.0,-0.5132,-0.5834,-1.6268,True,False,-8.39,-2.3,100.27,-10.98,-3.01,294.5,,OHLC,↓,LH/LL,自然反彈,False,268,2,universe
NE,2026-09-24,43.74,1.59,False,45.49,-0.011,0.18,False,76.9,-0.4,77.3,True,3.64,2.68,49.1,-13.1,C 基底修復,True,8:49,264.6,跌,105.0,14,False,3.0,-0.2788,-0.2523,-0.3606,False,False,-4.0,-1.1,47.2,-7.91,-2.17,53.5,,OHLC,—,LH/LL,自然回檔,True,268,2,universe
PRMB,2026-09-24,19.33,0.76,False,22.08,-0.104,-0.94,False,76.8,-0.61,77.4,True,3.92,2.42,11.7,-2.1,D 趨勢弱,True,8:49,264.6,跌,267.0,25,False,3.0,-0.1404,-0.1227,-0.2353,False,False,-14.2,-3.62,21.15,-9.42,-2.4,101.5,,OHLC,↓,LH/LL,DT,False,268,2,universe
CLMB,2026-09-24,31.16,1.17,True,28.49,0.16,0.45,False,76.7,-0.11,76.8,True,3.74,2.62,47.7,-12.0,B 上升結構,False,10:13,306.3,升,20.0,3,False,3.0,0.2939,0.2209,,False,False,8.56,2.29,27.41,12.03,3.22,3.9,,OHLC,↑,HH/HL,UT,False,268,2,universe
ABR,2026-09-24,4.07,0.17,False,4.8,-0.051,-1.3,False,76.2,-0.4,76.6,True,4.12,2.33,0.0,0.0,D 趨勢弱,True,8:49,264.6,跌,141.0,12,False,3.0,-0.0665,-0.0622,-0.0725,False,False,-17.97,-4.37,4.39,-7.86,-1.91,21.0,,OHLC,↓,LH/LL,DT,False,268,2,universe
FTDR,2026-09-24,71.88,2.54,False,80.36,-0.632,-1.11,False,75.7,-1.53,77.2,True,3.53,3.03,29.0,-5.0,D 趨勢弱,True,8:49,264.6,跌,133.0,26,False,3.0,-0.9967,-0.757,-0.9967,False,False,-11.79,-3.34,82.71,-15.07,-4.27,43.9,,OHLC,↓,LH/LL,DT,False,268,2,universe
BBIO,2026-09-24,66.28,2.67,False,73.97,-0.843,-1.45,True,74.6,0.8,73.8,False,4.02,2.73,12.9,0.1,D 趨勢弱,True,8:49,264.6,跌,313.0,47,False,3.0,-0.4793,-0.5764,-0.9323,True,False,-11.6,-2.88,68.0,-2.6,-0.64,183.2,,OHLC,↓,LH/LL,DT,False,268,2,universe
CARS,2026-09-24,10.61,0.43,False,11.59,-0.054,-0.7,True,74.4,1.14,73.3,False,4.04,2.75,18.8,3.2,D 趨勢弱,True,8:49,264.6,跌,238.0,39,False,3.0,-0.1178,-0.1148,-0.1178,False,False,-9.23,-2.29,11.45,-7.92,-1.96,6.6,,OHLC,↓,LH/LL,自然反彈,False,268,2,universe
HLNE,2026-09-24,85.34,3.7,False,98.19,-0.836,-0.93,True,74.3,0.61,73.7,False,4.33,2.48,0.0,0.0,D 趨勢弱,True,8:49,264.6,跌,194.0,23,False,3.0,-1.6391,-1.7785,-2.1798,True,False,-15.05,-3.48,109.88,-28.76,-6.64,59.0,,OHLC,↓,LH/LL,DT,False,268,2,universe
PII,2026-09-24,52.38,2.31,False,60.82,-0.444,-1.28,True,74.1,0.43,73.7,False,4.42,2.43,5.0,0.0,D 趨勢弱,True,8:49,264.6,跌,287.0,41,False,3.0,-0.399,-0.418,-0.7515,True,False,-16.12,-3.65,62.52,-19.36,-4.38,49.2,,OHLC,↓,LH/LL,DT,False,268,2,universe
PRKS,2026-09-24,32.67,1.53,False,39.12,-0.306,-1.45,True,73.9,0.98,72.9,False,4.69,2.2,5.9,-0.2,D 趨勢弱,True,8:49,264.6,跌,121.0,22,False,3.0,-0.3968,-0.4348,-0.5907,True,False,-19.75,-4.21,40.91,-25.22,-5.38,27.3,,OHLC,↓,LH/LL,DT,False,268,2,universe
HCC,2026-09-24,88.95,4.07,False,98.72,-0.347,-0.27,True,72.4,0.5,71.9,False,4.58,2.59,17.7,-11.0,D 趨勢弱,True,8:49,264.6,跌,117.0,15,False,3.0,-1.6851,-1.8462,-2.523,True,False,-10.98,-2.4,92.1,-3.54,-0.77,60.5,,OHLC,↓,LH/LL,DT,False,268,2,universe
MDLN,2026-09-24,34.66,1.32,False,34.06,-0.017,-0.33,True,72.1,0.35,71.8,False,3.8,3.43,12.3,-1.6,D 趨勢弱,False,10:45,322.3,升,29.0,3,False,3.0,0.2399,0.1407,,False,True,1.72,0.45,,,,277.1,,OHLC,—,LH/LL,UT,False,193,2,universe
YOU,2026-09-24,38.55,1.75,False,42.32,-0.322,-1.34,True,72.1,0.26,71.8,False,4.53,2.71,12.4,0.2,D 趨勢弱,True,7:10,215.2,跌,70.0,6,False,3.0,-0.0896,-0.1105,-1.1537,True,False,-9.79,-2.16,44.59,-15.67,-3.46,84.5,,OHLC,↓,LH/LL,自然反彈,False,268,2,universe
AORT,2026-09-24,23.03,1.07,False,26.15,-0.169,-0.73,True,72.0,0.0,72.0,False,4.65,2.6,2.3,-0.2,D 趨勢弱,True,8:49,264.6,跌,174.0,25,False,3.0,-0.2107,-0.2032,-0.376,False,False,-13.55,-2.91,24.13,-4.78,-1.03,16.2,,OHLC,↓,LH/LL,DT,False,268,2,universe
IRTC,2026-09-24,110.8,4.82,False,118.29,-0.547,-0.74,True,71.9,0.61,71.3,False,4.35,2.93,15.0,10.8,D 趨勢弱,True,8:49,264.6,跌,187.0,22,False,3.0,-0.5599,-0.7097,-1.2938,True,False,-6.76,-1.56,114.72,-3.54,-0.81,63.2,,OHLC,—,LH/LL,自然反彈,True,268,2,universe
STRT,2026-09-24,65.78,3.08,False,74.29,-0.582,-0.85,True,71.6,0.28,71.3,False,4.68,2.65,10.0,-1.2,D 趨勢弱,True,8:49,264.6,跌,350.0,35,False,3.0,-0.1608,-0.1508,-1.428,False,False,-12.94,-2.76,75.04,-14.08,-3.01,6.1,,OHLC,↓,LH/LL,DT,False,268,2,universe
BKV,2026-09-24,23.08,1.04,False,24.45,-0.079,-0.26,True,71.4,0.36,71.1,False,4.51,2.85,11.5,-0.4,D 趨勢弱,True,7:15,217.4,跌,71.0,10,False,3.0,-0.1336,-0.166,-0.2598,True,False,-5.95,-1.32,22.69,1.69,0.37,59.8,,OHLC,—,HH/HL,自然反彈,False,268,2,universe
TPL,2026-09-24,338.25,15.62,False,363.34,-0.092,-0.08,True,71.2,1.32,69.9,False,4.62,2.78,6.6,0.2,D 趨勢弱,True,7:25,222.6,跌,74.0,7,False,3.0,-2.2755,-1.8088,-7.4422,False,False,-7.42,-1.61,366.8,-8.44,-1.83,142.2,,OHLC,↓,LH/LL,DT,False,268,2,universe
LAZ,2026-09-24,36.12,1.81,False,40.19,-0.213,-1.24,True,70.6,0.33,70.3,False,5.0,2.51,0.0,0.0,D 趨勢弱,True,8:32,256.2,跌,92.0,12,False,3.0,-0.4799,-0.5563,-0.8631,True,False,-11.28,-2.26,45.21,-25.17,-5.03,69.1,,OHLC,↓,LH/LL,自然反彈,False,268,2,universe
TWI,2026-09-24,7.07,0.33,False,7.21,-0.0,0.0,False,69.8,-0.28,70.1,False,4.65,3.01,23.3,1.1,D 趨勢弱,True,6:28,193.9,跌,58.0,8,False,3.0,-0.0214,-0.0094,-0.0995,False,True,-2.02,-0.44,7.19,-1.7,-0.37,4.4,,OHLC,—,LH/LL,自然回檔,True,268,2,universe
SVV,2026-09-24,9.26,0.42,False,10.19,-0.155,-1.21,True,68.9,0.51,68.4,False,4.55,3.3,25.4,6.8,D 趨勢弱,True,8:49,264.6,跌,198.0,28,False,3.0,-0.061,-0.0881,-0.1471,True,False,-10.01,-2.2,9.26,0.0,0.0,11.8,,OHLC,↓,LH/LL,自然反彈,False,268,2,universe
IART,2026-09-24,15.88,0.71,False,16.28,-0.037,-0.49,True,68.2,1.36,66.9,False,4.45,3.52,43.9,3.2,C 基底修復,False,10:36,318.0,升,27.0,3,False,3.0,0.0375,0.0075,,False,True,-2.52,-0.57,16.02,-0.88,-0.2,14.4,,OHLC,—,LH/LL,次級反彈,True,268,2,universe
NEXT,2026-09-24,6.66,0.32,False,7.19,-0.005,-0.04,True,67.7,0.42,67.2,False,4.74,3.34,14.2,-1.7,D 趨勢弱,True,7:52,235.8,跌,81.0,8,False,3.0,-0.092,-0.0903,-0.1643,False,False,-7.82,-1.65,,,,17.6,,OHLC,—,HH/HL,DT,False,268,2,universe
RNG,2026-09-24,79.82,3.28,True,71.07,0.584,0.98,True,66.1,0.8,65.3,False,4.1,4.29,75.0,0.4,E 延伸,False,10:26,312.8,升,24.0,3,False,3.0,0.2868,0.2217,,False,False,10.97,2.67,71.86,9.97,2.43,118.3,,OHLC,↑,HH/HL,UT,False,268,2,universe
NWL,2026-09-24,5.59,0.28,False,5.95,-0.011,-0.24,True,65.5,0.33,65.2,False,4.94,3.57,57.4,-0.1,C 基底修復,True,8:49,264.6,跌,236.0,27,False,3.0,-0.042,-0.0445,-0.0804,True,False,-6.47,-1.31,5.77,-3.22,-0.65,40.0,,OHLC,—,LH/LL,自然回檔,True,268,2,universe
GTN,2026-09-24,4.57,0.21,False,4.83,-0.008,-0.41,True,65.0,0.7,64.3,False,4.58,4.03,16.0,-2.1,C 基底修復,True,8:49,264.6,跌,137.0,23,False,3.0,-0.0465,-0.0497,-0.0635,True,False,-5.74,-1.25,5.01,-9.63,-2.1,4.7,,OHLC,—,LH/LL,UT,False,268,2,universe
CAL,2026-09-24,12.49,0.64,False,12.56,-0.036,-0.52,True,64.7,1.32,63.4,False,5.13,3.55,29.3,6.8,C 基底修復,False,10:29,314.5,升,25.0,3,False,3.0,0.061,0.0455,,False,True,-0.53,-0.1,12.43,0.48,0.09,7.6,,OHLC,—,LH/LL,自然回檔,True,268,2,universe
SGRY,2026-09-24,14.2,0.73,False,14.28,-0.04,-0.08,False,63.7,-0.27,64.0,False,5.11,3.76,22.5,2.6,D 趨勢弱,True,9:48,293.9,升,13.0,3,False,3.0,0.1188,0.1408,,False,True,-0.59,-0.12,14.73,-3.73,-0.73,37.7,,OHLC,—,LH/LL,自然回檔,False,268,2,universe
CENX,2026-09-24,38.12,2.16,False,43.9,-0.473,-1.06,True,63.1,0.4,62.7,False,5.67,3.32,20.4,-2.7,D 趨勢弱,True,7:06,213.1,跌,68.0,10,False,3.0,-0.5484,-0.582,-0.7347,True,False,-15.16,-2.68,40.75,-6.9,-1.22,68.9,,OHLC,↓,LH/LL,DT,False,268,2,universe
CRNC,2026-09-24,7.93,0.43,False,8.23,-0.021,-0.37,True,62.6,0.18,62.4,False,5.38,3.73,33.0,5.4,D 趨勢弱,False,10:14,307.2,升,21.0,3,False,3.0,0.0061,0.0137,,False,True,-3.84,-0.72,8.15,-2.77,-0.52,5.0,,OHLC,—,LH/LL,自然回檔,True,268,2,universe
MAX,2026-09-24,9.45,0.58,False,11.7,-0.116,-1.2,True,62.6,1.32,61.3,False,6.11,2.98,10.0,0.0,D 趨勢弱,True,8:49,264.6,跌,273.0,47,False,3.0,-0.2185,-0.2124,-0.3086,False,False,-23.77,-3.89,10.79,-14.18,-2.32,8.0,,OHLC,↓,LH/LL,DT,False,268,2,universe
COMP,2026-09-24,9.29,0.53,False,10.77,-0.129,-1.09,True,62.4,0.95,61.5,False,5.7,3.43,15.2,1.0,D 趨勢弱,True,8:49,264.6,跌,203.0,27,False,3.0,-0.1099,-0.1027,-0.2689,False,False,-15.96,-2.8,10.65,-14.64,-2.57,150.7,,OHLC,↓,LH/LL,DT,False,268,2,universe
MAMA,2026-09-24,13.37,0.8,False,15.04,-0.074,-0.77,True,62.1,3.62,58.5,False,5.98,3.22,12.6,0.5,D 趨勢弱,True,8:49,264.6,跌,324.0,34,False,3.0,-0.0697,-0.0973,-0.2526,True,False,-12.51,-2.09,13.8,-3.22,-0.54,12.5,,OHLC,↓,LH/LL,自然回檔,False,268,2,universe
CELC,2026-09-24,79.37,4.22,False,88.4,-0.544,-0.41,True,60.8,0.36,60.4,False,5.31,4.17,21.1,-2.2,D 趨勢弱,True,8:49,264.6,跌,114.0,11,False,3.0,-0.7077,-0.6706,-1.4158,False,False,-11.38,-2.14,84.1,-5.96,-1.12,74.9,,OHLC,↓,LH/LL,DT,False,268,2,universe
DSGN,2026-09-24,12.24,0.74,False,14.17,-0.055,-0.58,True,60.7,0.38,60.3,False,6.04,3.46,33.9,-1.1,D 趨勢弱,True,8:49,264.6,跌,157.0,18,False,3.0,-0.2451,-0.2638,-0.3977,True,False,-15.74,-2.61,12.81,-4.66,-0.77,10.9,,OHLC,↓,LH/LL,次級回檔,False,268,2,universe
ENVA,2026-09-24,171.9,9.06,False,208.09,-2.392,-1.46,True,60.6,1.39,59.2,False,5.27,4.24,18.9,1.1,D 趨勢弱,True,8:49,264.6,跌,213.0,33,False,3.0,-4.0754,-5.0846,-6.2981,True,False,-21.05,-3.99,179.06,-4.17,-0.79,79.1,,OHLC,↓,LH/LL,自然反彈,False,268,2,universe
MP,2026-09-24,49.3,2.74,False,54.44,-0.158,-0.12,True,60.2,0.6,59.6,False,5.56,4.04,10.0,-0.1,D 趨勢弱,True,8:29,254.7,跌,92.0,18,False,3.0,-0.4113,-0.4995,-1.0128,True,False,-10.42,-1.88,51.04,-3.53,-0.64,254.9,,OHLC,—,LH/LL,自然回檔,True,268,2,universe
TLS,2026-09-24,4.07,0.22,False,4.4,-0.007,-0.25,True,59.7,0.94,58.7,False,5.44,4.27,8.1,-0.2,D 趨勢弱,True,8:49,264.6,跌,111.0,10,False,3.0,-0.0402,-0.0474,-0.0669,True,False,-8.22,-1.51,4.08,-0.25,-0.05,3.4,,OHLC,—,HH/HL,DT,False,268,2,universe
GPGI,2026-09-24,11.93,0.72,False,13.09,-0.06,-0.44,True,59.5,0.54,59.0,False,6.04,3.7,12.8,-4.4,D 趨勢弱,True,7:07,213.4,跌,69.0,9,False,3.0,-0.0777,-0.0737,-0.2126,False,False,-9.72,-1.61,11.98,-0.42,-0.07,23.5,,OHLC,—,HH/HL,自然回檔,True,268,2,universe
CECO,2026-09-24,72.86,4.18,False,73.61,-0.259,0.04,False,59.4,-0.96,60.3,False,5.73,4.04,39.1,-9.9,C 基底修復,True,9:46,292.9,升,13.0,2,False,3.0,0.1885,0.1804,,False,True,-1.02,-0.18,74.99,-2.92,-0.51,52.9,,OHLC,↓,LH/LL,自然回檔,False,268,2,universe
TASK,2026-09-24,7.98,0.41,True,7.96,0.039,0.63,False,59.4,-3.73,63.1,False,5.11,4.66,39.7,-2.8,D 趨勢弱,False,4:05,122.7,跌,18.0,2,False,3.0,-0.0365,-0.0015,-0.1169,False,True,0.28,0.06,7.84,1.69,0.33,4.3,,OHLC,↑,HH/HL,自然回檔,False,268,2,universe
VSTM,2026-09-24,7.8,0.45,True,7.6,0.02,0.57,False,59.1,-1.77,60.9,False,5.81,4.02,44.8,3.7,C 基底修復,False,3:46,112.9,跌,13.0,1,False,3.0,-0.0159,0.0012,-0.1081,False,True,2.63,0.45,7.32,6.15,1.06,19.1,,OHLC,↑,HH/HL,自然回檔,False,268,2,universe
IONS,2026-09-24,43.81,2.39,False,52.85,-0.628,-1.11,True,58.4,0.77,57.6,False,5.45,4.54,0.0,0.0,D 趨勢弱,True,8:49,264.6,跌,145.0,14,False,3.0,-0.9659,-1.1082,-1.5244,True,False,-20.64,-3.78,45.75,-4.43,-0.81,214.3,,OHLC,↓,LH/LL,DT,False,268,2,universe
LMND,2026-09-24,45.28,2.3,False,50.44,-0.33,-0.6,True,58.4,0.77,57.6,False,5.08,4.89,10.0,0.0,D 趨勢弱,True,8:48,264.1,跌,97.0,11,False,3.0,-0.3619,-0.347,-2.5542,False,False,-11.4,-2.24,52.98,-17.01,-3.35,51.4,,OHLC,↓,LH/LL,自然反彈,False,268,2,universe
ARWR,2026-09-24,66.07,3.99,False,77.51,-0.565,-0.97,True,58.3,0.7,57.6,False,6.04,3.98,21.7,-2.1,D 趨勢弱,True,8:49,264.6,跌,170.0,30,False,3.0,-1.3388,-1.4474,-2.2728,True,False,-17.31,-2.87,71.86,-8.76,-1.45,163.6,,OHLC,↓,LH/LL,DT,False,268,2,universe
AGNT,2026-09-24,3.53,0.22,False,4.03,-0.026,-0.51,True,57.7,0.15,57.6,False,6.22,3.91,0.0,0.0,D 趨勢弱,True,8:49,264.6,跌,103.0,18,False,3.0,-0.0288,-0.0208,-0.0618,False,False,-14.04,-2.26,4.2,-19.12,-3.07,7.0,,OHLC,↓,LH/LL,DT,False,187,2,universe
SPRB,2026-09-24,49.02,3.31,False,55.54,-0.128,-0.19,True,56.7,0.82,55.8,False,6.74,3.62,15.0,0.0,D 趨勢弱,True,8:36,258.0,跌,93.0,14,False,3.0,-1.1604,-1.1247,-1.1604,False,False,-13.3,-1.97,56.85,-15.97,-2.37,6.2,,OHLC,↓,LH/LL,DT,False,268,2,universe
PGY,2026-09-24,18.72,1.25,False,20.99,-0.113,-0.3,True,54.0,1.38,52.6,False,6.67,4.31,30.0,-0.8,D 趨勢弱,True,8:49,264.6,跌,209.0,18,False,3.0,-0.3783,-0.3254,-0.3783,False,False,-12.14,-1.82,20.9,-11.65,-1.75,49.0,,OHLC,↓,LH/LL,DT,False,268,2,universe
ABAT,2026-09-24,2.25,0.15,False,2.47,-0.007,-0.32,True,53.9,0.33,53.6,False,6.62,4.38,1.9,-9.4,D 趨勢弱,True,7:54,236.9,跌,82.0,10,False,3.0,-0.0257,-0.0275,-0.0603,True,False,-9.92,-1.5,2.39,-6.22,-0.94,8.5,,OHLC,—,LH/LL,自然回檔,False,268,2,universe
CTMX,2026-09-24,2.75,0.2,False,3.2,-0.018,-0.69,True,53.6,0.81,52.8,False,7.17,3.91,3.0,-5.5,D 趨勢弱,True,7:40,229.8,跌,78.0,10,False,3.0,-0.0532,-0.0595,-0.0906,True,False,-16.33,-2.28,2.82,-2.55,-0.36,13.8,,OHLC,↓,LH/LL,自然回檔,False,268,2,universe
VYX,2026-09-24,7.07,0.49,False,8.0,-0.025,-0.5,True,53.3,0.81,52.5,False,6.97,4.17,4.3,-3.0,D 趨勢弱,True,8:27,253.3,跌,91.0,11,False,3.0,-0.1271,-0.1421,-0.2255,True,False,-13.11,-1.88,7.4,-4.67,-0.67,25.9,,OHLC,↓,LH/LL,DT,False,268,2,universe
NN,2026-09-24,14.45,1.02,False,15.96,-0.176,-0.46,True,51.4,0.97,50.4,False,7.07,4.53,17.2,1.1,D 趨勢弱,True,8:49,264.6,跌,140.0,22,False,3.0,-0.0474,-0.0346,-0.3006,False,False,-10.44,-1.48,14.92,-3.25,-0.46,35.8,,OHLC,—,LH/LL,自然回檔,True,268,2,universe
AIRO,2026-09-24,7.21,0.46,False,8.55,-0.026,-0.39,True,51.2,1.12,50.1,False,6.35,5.29,13.6,10.4,D 趨勢弱,True,9:21,280.3,升,6.0,1,False,3.0,0.008,-0.0004,,False,False,-18.63,-2.93,6.92,4.02,0.63,3.0,,OHLC,—,HH/HL,次級反彈,True,268,2,universe
NNE,2026-09-24,17.02,1.15,False,17.81,-0.098,-0.39,True,51.0,0.74,50.2,False,6.76,4.94,3.5,-4.6,D 趨勢弱,False,10:26,313.0,升,24.0,2,False,3.0,0.0472,0.0186,,False,True,-4.66,-0.69,16.97,0.29,0.04,32.9,,OHLC,—,LH/LL,UT,True,268,2,universe
VKTX,2026-09-24,36.75,2.76,True,36.25,0.056,1.17,False,47.1,-7.37,54.4,False,7.52,5.19,51.6,-4.4,B 上升結構,False,10:49,324.7,升,30.0,3,False,3.0,0.8975,0.9304,,False,True,1.36,0.18,,,,229.3,,OHLC,—,LH/LL,自然回檔,False,268,2,universe
RCAT,2026-09-24,6.8,0.53,False,8.41,-0.137,-1.39,True,46.6,1.19,45.4,False,7.78,5.06,0.0,0.0,D 趨勢弱,True,8:49,264.3,跌,97.0,23,False,3.0,-0.1137,-0.1394,-0.1785,True,False,-23.63,-3.04,6.95,-2.21,-0.28,65.2,,OHLC,↓,LH/LL,自然反彈,False,268,2,universe
ASPI,2026-09-24,2.95,0.24,False,3.66,-0.037,-0.9,True,45.2,0.44,44.7,False,8.23,5.01,0.0,0.0,D 趨勢弱,True,6:28,193.8,跌,58.0,10,False,3.0,-0.036,-0.0374,-0.0703,True,False,-24.07,-2.92,3.18,-7.8,-0.95,13.9,,OHLC,↓,LH/LL,DT,False,268,2,universe
IMSR,2026-09-24,4.36,0.34,False,4.99,-0.038,-0.77,True,45.2,0.8,44.4,False,7.79,5.45,0.0,-0.4,D 趨勢弱,True,7:51,235.5,跌,81.0,10,False,3.0,-0.0245,-0.0309,-0.1002,True,False,-14.4,-1.85,4.38,-0.57,-0.07,6.6,,OHLC,↓,LH/LL,DT,False,268,2,universe
SMR,2026-09-24,8.47,0.67,False,9.22,-0.033,-0.24,True,43.8,0.26,43.5,False,7.95,5.68,1.3,-9.6,D 趨勢弱,True,7:30,225.0,跌,75.0,9,False,3.0,-0.0964,-0.0973,-0.1829,True,False,-8.89,-1.12,8.89,-4.96,-0.62,343.4,,OHLC,↓,LH/LL,DT,False,268,2,universe
METC,2026-09-24,9.14,0.83,False,11.76,-0.043,-0.16,True,41.4,0.65,40.8,False,9.09,5.25,0.0,0.0,D 趨勢弱,True,8:36,257.8,跌,93.0,12,False,3.0,-0.2969,-0.3287,-0.4427,True,False,-28.7,-3.16,9.7,-6.13,-0.67,26.7,,OHLC,↓,LH/LL,DT,False,268,2,universe
SWMR,2026-09-24,21.97,3.57,False,30.69,-0.395,-0.49,True,21.4,0.3,21.1,False,16.26,7.48,0.0,0.0,D 趨勢弱,True,6:08,183.9,跌,52.0,8,False,3.0,-0.7988,-0.8999,-1.143,True,False,-39.67,-2.44,25.11,-14.29,-0.88,24.3,,OHLC,↓,LH/LL,DT,False,133,2,universe
GAB,2026-09-24,5.27,0.09,False,5.54,-0.029,-1.2,False,94.7,-0.17,94.8,True,1.63,0.98,12.5,-1.8,D 趨勢弱,True,8:49,264.6,跌,267.0,25,False,4.0,-0.0267,-0.0239,-0.0364,False,False,-5.1,-3.13,5.44,-3.23,-1.98,5.5,,OHLC,↓,LH/LL,DT,False,268,2,universe
EPD,2026-09-24,37.27,0.61,False,38.63,-0.019,0.06,False,94.3,-0.2,94.5,True,1.63,1.08,50.4,-1.1,C 基底修復,True,7:57,238.5,跌,82.0,10,False,4.0,-0.2005,-0.1631,-0.2005,False,False,-3.64,-2.23,38.89,-4.35,-2.66,95.2,,OHLC,↓,LH/LL,DT,False,268,2,universe
TYG,2026-09-24,40.42,0.83,False,43.12,-0.146,-0.34,True,92.2,0.21,92.0,True,2.05,1.18,11.0,0.8,D 趨勢弱,False,5:38,168.8,跌,44.0,7,False,4.0,-0.2963,-0.2322,-0.2963,False,False,-6.68,-3.25,42.79,-5.86,-2.85,5.8,,OHLC,↓,LH/LL,DT,False,268,2,universe
HLT,2026-09-24,312.13,6.21,False,316.87,-0.422,-0.32,False,91.5,-0.03,91.5,True,1.99,1.42,35.7,3.0,C 基底修復,False,10:22,311.1,升,23.0,3,False,4.0,0.6449,0.1868,,False,True,-1.52,-0.76,302.11,3.21,1.61,524.6,,OHLC,—,HH/HL,自然反彈,False,268,2,universe
MCD,2026-09-24,237.02,5.13,False,256.5,-1.345,-1.37,False,90.7,-0.07,90.7,True,2.16,1.43,3.4,1.0,D 趨勢弱,True,8:49,264.6,跌,217.0,22,False,4.0,-1.2765,-0.966,-1.2782,False,False,-8.22,-3.8,252.06,-6.35,-2.93,1452.7,,OHLC,↓,LH/LL,DT,False,268,2,universe
MSI,2026-09-24,454.91,9.74,False,471.7,-0.398,-0.21,False,89.9,-0.34,90.2,True,2.14,1.63,34.5,-12.7,C 基底修復,True,8:49,264.6,跌,135.0,18,False,4.0,-2.6696,-2.6898,-4.5772,True,False,-3.69,-1.72,474.13,-4.23,-1.97,431.8,,OHLC,↓,LH/LL,DT,False,268,2,universe
TDG,2026-09-24,1105.28,26.72,False,1154.07,-3.075,-1.08,True,88.7,0.3,88.4,True,2.42,1.6,8.4,0.5,D 趨勢弱,False,10:25,312.4,升,24.0,2,False,4.0,2.0807,0.9927,,False,False,-4.41,-1.83,1207.06,-9.21,-3.81,434.2,,OHLC,↓,LH/LL,自然反彈,False,268,2,universe
MCO,2026-09-24,467.35,11.3,False,486.18,-0.107,-0.17,False,88.3,-0.51,88.8,True,2.42,1.69,19.9,-12.6,D 趨勢弱,True,8:49,264.6,跌,154.0,16,False,4.0,-1.2268,-1.4797,-4.5125,True,False,-4.03,-1.67,477.93,-2.26,-0.94,336.7,,OHLC,↓,LH/LL,自然反彈,False,268,2,universe
USAC,2026-09-24,25.53,0.67,False,26.75,-0.024,-0.04,False,87.5,-0.69,88.2,True,2.62,1.66,16.9,-3.2,D 趨勢弱,True,7:27,223.6,跌,74.0,9,False,4.0,-0.198,-0.1881,-0.198,False,False,-4.79,-1.83,26.87,-5.25,-2.01,13.1,,OHLC,↓,LH/LL,DT,False,268,2,universe
SF,2026-09-24,69.91,1.9,False,78.59,-0.893,-1.32,False,87.1,-0.77,87.8,True,2.72,1.64,10.1,-2.5,D 趨勢弱,True,8:49,264.6,跌,229.0,33,False,4.0,-0.9052,-0.7693,-0.9052,False,False,-12.41,-4.57,82.28,-17.69,-6.51,95.3,,OHLC,↓,LH/LL,DT,False,268,2,universe
DRI,2026-09-24,207.24,5.35,False,215.32,-0.79,-0.28,False,86.6,-0.96,87.6,True,2.58,1.88,35.3,-13.6,C 基底修復,True,8:49,264.6,跌,200.0,21,False,4.0,-0.415,-0.1931,-1.7262,False,False,-3.9,-1.51,213.69,-3.11,-1.21,259.0,,OHLC,↓,LH/LL,自然回檔,False,268,2,universe
WTW,2026-09-24,293.63,7.61,False,325.81,-1.378,-1.06,False,86.2,-0.68,86.8,True,2.59,1.95,10.5,-1.3,D 趨勢弱,True,8:49,264.6,跌,362.0,30,False,4.0,-3.6993,-3.5506,-4.663,False,False,-10.96,-4.23,323.71,-10.24,-3.95,160.1,,OHLC,↓,LH/LL,DT,False,268,2,universe
MRP,2026-09-24,27.06,0.77,False,29.57,-0.167,-0.75,False,86.1,-0.11,86.2,True,2.84,1.72,4.5,0.2,D 趨勢弱,True,8:49,264.6,跌,100.0,12,False,4.0,-0.376,-0.3521,-0.376,False,False,-9.27,-3.26,27.3,-0.89,-0.31,46.2,,OHLC,↓,LH/LL,DT,False,268,2,universe
SPGI,2026-09-24,403.25,10.37,False,424.17,-0.091,-0.07,False,85.7,-0.01,85.7,True,2.57,2.07,20.8,-0.6,D 趨勢弱,True,8:37,258.3,跌,94.0,12,False,4.0,-2.1948,-2.5157,-4.2916,True,False,-5.19,-2.02,422.67,-4.82,-1.87,770.1,,OHLC,—,LH/LL,DT,True,268,2,universe
YUM,2026-09-24,137.34,3.99,False,146.51,-0.358,-0.54,False,84.9,-0.24,85.1,True,2.9,1.9,6.9,-2.7,D 趨勢弱,True,8:49,264.6,跌,135.0,13,False,4.0,-0.5711,-0.6011,-1.518,True,False,-6.68,-2.3,134.26,2.24,0.77,326.2,,OHLC,—,HH/HL,自然回檔,False,268,2,universe
TXRH,2026-09-24,161.55,4.88,False,183.47,-1.953,-2.21,False,84.6,-0.5,85.1,True,3.02,1.83,5.4,-1.1,D 趨勢弱,True,8:49,264.6,跌,276.0,30,False,4.0,-1.5371,-1.6603,-2.7495,True,False,-13.57,-4.49,205.29,-27.08,-8.97,180.8,,OHLC,↓,LH/LL,DT,False,268,2,universe
CMI,2026-09-24,521.07,16.06,False,558.61,-3.586,-1.13,True,84.1,0.69,83.4,True,3.08,1.87,8.3,-0.9,C 基底修復,False,11:17,338.6,升,38.0,4,False,4.0,0.6948,0.6818,,False,False,-7.2,-2.34,534.78,-2.63,-0.85,639.6,,OHLC,↓,LH/LL,DT,False,268,2,universe
BRO,2026-09-24,60.33,1.86,False,68.32,-0.295,-1.05,False,82.6,-0.7,83.3,True,3.08,2.17,5.0,0.0,D 趨勢弱,True,8:49,264.6,跌,219.0,20,False,4.0,-0.8474,-0.7865,-0.9092,False,False,-13.24,-4.3,68.33,-13.26,-4.31,143.8,,OHLC,↓,LH/LL,DT,False,268,2,universe
DAKT,2026-09-24,17.21,0.65,False,18.99,-0.078,-0.71,False,80.6,-0.25,80.8,True,3.78,1.85,5.1,-2.8,D 趨勢弱,True,8:49,264.6,跌,132.0,12,False,4.0,-0.0704,-0.0642,-0.2315,False,False,-10.35,-2.74,17.98,-4.47,-1.18,14.9,,OHLC,↓,LH/LL,DT,False,268,2,universe
XPEL,2026-09-24,43.75,1.64,False,48.37,-0.253,-0.45,False,75.8,-0.62,76.4,True,3.75,2.78,29.3,-3.0,D 趨勢弱,True,8:49,264.6,跌,112.0,19,False,4.0,-0.4877,-0.4707,-0.722,False,False,-10.56,-2.82,46.29,-5.81,-1.55,8.9,,OHLC,↓,LH/LL,DT,False,268,2,universe
TEX,2026-09-24,56.62,2.28,False,62.18,-0.404,-0.69,False,75.7,-0.86,76.5,True,4.02,2.53,23.3,-3.1,D 趨勢弱,True,8:49,264.6,跌,313.0,27,False,4.0,-0.1877,-0.1285,-0.556,False,False,-9.82,-2.44,59.04,-4.27,-1.06,60.8,,OHLC,↓,LH/LL,DT,False,268,2,universe
MC,2026-09-24,57.62,2.26,False,64.73,-0.272,-0.67,False,75.2,-0.02,75.2,True,3.93,2.72,5.8,-0.7,D 趨勢弱,True,8:49,264.6,跌,343.0,12,False,4.0,-0.6788,-0.7136,-0.9777,True,False,-12.33,-3.14,60.56,-5.1,-1.3,50.5,,OHLC,↓,LH/LL,DT,False,268,2,universe
VIRT,2026-09-24,52.66,2.12,False,61.2,-0.15,-0.17,True,74.1,0.81,73.3,False,4.02,2.84,40.6,-0.9,D 趨勢弱,True,8:49,264.6,跌,123.0,14,False,4.0,-1.1003,-1.0703,-1.1003,False,False,-16.21,-4.03,59.08,-12.19,-3.03,60.0,,OHLC,↓,LH/LL,DT,False,268,2,universe
CRS,2026-09-24,400.85,17.6,False,457.94,-3.71,-1.4,True,73.7,0.52,73.1,False,4.39,2.55,16.8,0.5,D 趨勢弱,True,8:49,264.6,跌,536.0,59,False,4.0,-1.3677,-2.3701,-10.6321,True,False,-14.24,-3.24,475.33,-18.58,-4.23,378.6,,OHLC,↓,LH/LL,DT,False,268,2,universe
JBL,2026-09-24,310.69,11.93,False,312.97,-2.596,-0.9,True,73.3,0.22,73.1,False,3.84,3.16,42.9,0.6,C 基底修復,False,12:50,25.2,升,64.0,4,False,4.0,1.7683,1.3754,,False,True,-0.74,-0.19,302.8,2.54,0.66,336.6,,OHLC,—,HH/HL,自然反彈,True,268,2,universe
SHEN,2026-09-24,11.99,0.49,False,11.92,-0.014,-0.78,True,73.3,0.5,72.8,False,4.08,2.93,12.6,-0.7,C 基底修復,False,10:30,315.0,升,25.0,3,False,4.0,0.043,0.0409,,False,True,0.55,0.13,12.31,-2.67,-0.65,12.4,,OHLC,↓,LH/LL,自然回檔,False,268,2,universe
OII,2026-09-24,46.67,1.86,False,49.84,-0.109,-0.45,True,72.7,0.81,71.9,False,3.99,3.12,49.5,2.8,C 基底修復,True,8:49,264.6,跌,339.0,25,False,4.0,-0.4392,-0.5538,-0.7576,True,False,-6.8,-1.7,49.25,-5.53,-1.38,44.0,,OHLC,↓,LH/LL,DT,False,268,2,universe
ATI,2026-09-24,186.21,8.36,False,203.41,-1.133,-0.85,True,72.3,0.69,71.6,False,4.49,2.71,39.7,-0.4,D 趨勢弱,True,8:49,264.6,跌,182.0,25,False,4.0,-1.3823,-1.7065,-3.0525,True,False,-9.24,-2.06,191.63,-2.91,-0.65,403.9,,OHLC,↓,LH/LL,DT,False,268,2,universe
AIR,2026-09-24,120.56,5.09,False,129.24,-0.578,-1.13,True,71.7,0.55,71.2,False,4.22,3.08,31.9,-1.2,D 趨勢弱,True,9:30,284.8,升,8.0,1,False,4.0,0.1674,-0.2492,,False,False,-7.2,-1.7,130.73,-8.44,-2.0,47.4,,OHLC,↓,LH/LL,自然反彈,False,268,2,universe
MIAX,2026-09-24,35.64,1.69,False,40.76,-0.241,-0.93,True,71.7,0.79,70.9,False,4.74,2.57,0.0,0.0,D 趨勢弱,True,8:49,264.6,跌,141.0,19,False,4.0,-0.5807,-0.5764,-0.5807,False,False,-14.36,-3.03,38.79,-8.84,-1.87,66.7,,OHLC,↓,LH/LL,DT,False,268,2,universe
LWAY,2026-09-24,21.91,0.99,False,24.91,-0.191,-0.95,True,70.3,0.02,70.3,False,4.5,3.08,8.3,-1.4,D 趨勢弱,True,7:58,238.9,跌,83.0,13,False,4.0,-0.1572,-0.1036,-0.7437,False,False,-13.69,-3.04,25.75,-17.53,-3.9,3.3,,OHLC,↓,LH/LL,DT,False,268,2,universe
CDRE,2026-09-24,26.21,1.2,False,29.13,-0.175,-1.89,True,70.0,0.8,69.2,False,4.56,3.08,0.0,0.0,D 趨勢弱,True,8:49,264.6,跌,312.0,23,False,4.0,-0.1597,-0.1879,-0.6753,True,False,-11.14,-2.44,26.88,-2.56,-0.56,12.7,,OHLC,↓,LH/LL,自然回檔,False,268,2,universe
HROW,2026-09-24,33.1,1.59,False,36.89,-0.232,-0.98,True,69.9,0.38,69.5,False,4.79,2.86,0.0,0.0,D 趨勢弱,True,8:49,264.6,跌,150.0,20,False,4.0,-0.1472,-0.1685,-0.8835,True,False,-11.46,-2.39,34.45,-4.08,-0.85,19.2,,OHLC,↓,LH/LL,DT,False,268,2,universe
BOOT,2026-09-24,126.0,5.98,False,145.02,-1.158,-1.11,True,69.3,0.91,68.4,False,4.74,3.02,0.0,0.0,D 趨勢弱,True,8:49,264.6,跌,162.0,22,False,4.0,-1.1832,-1.6277,-3.0631,True,False,-15.1,-3.18,129.28,-2.6,-0.55,91.0,,OHLC,↓,LH/LL,自然回檔,False,268,2,universe
HLIT,2026-09-24,10.95,0.49,False,12.17,-0.02,-0.29,True,68.5,1.14,67.4,False,4.48,3.44,12.8,-3.0,D 趨勢弱,True,8:49,264.6,跌,167.0,18,False,4.0,-0.0421,-0.0411,-0.2361,False,False,-11.17,-2.49,11.32,-3.38,-0.75,16.8,,OHLC,↓,LH/LL,DT,False,268,2,universe
FWRG,2026-09-24,10.22,0.53,False,11.58,-0.076,-0.75,True,68.1,1.03,67.1,False,5.19,2.81,0.0,0.0,D 趨勢弱,True,8:49,264.6,跌,162.0,19,False,4.0,-0.1006,-0.1298,-0.214,True,False,-13.26,-2.56,12.29,-20.25,-3.9,13.5,,OHLC,↓,LH/LL,自然反彈,False,268,2,universe
TIC,2026-09-24,8.87,0.41,False,9.42,-0.061,-0.56,True,67.1,0.51,66.6,False,4.64,3.55,35.0,-5.6,D 趨勢弱,True,8:49,264.6,跌,201.0,25,False,4.0,-0.0873,-0.0817,-0.1028,False,False,-6.2,-1.34,9.56,-7.78,-1.68,13.0,,OHLC,—,LH/LL,次級回檔,False,268,2,universe
KGS,2026-09-24,52.81,2.64,False,59.73,-0.279,-0.35,True,66.5,0.08,66.5,False,4.99,3.31,19.7,-1.1,D 趨勢弱,True,6:37,198.7,跌,60.0,8,False,4.0,-0.7894,-0.7109,-1.3039,False,False,-13.1,-2.62,58.73,-11.21,-2.25,111.6,,OHLC,↓,LH/LL,DT,False,268,2,universe
CBRL,2026-09-24,51.84,2.67,False,51.27,-0.259,-0.96,False,66.3,-0.66,67.0,False,5.16,3.2,43.4,9.2,D 趨勢弱,True,9:25,282.7,升,7.0,1,False,4.0,0.0485,-0.4739,,False,True,1.09,0.21,50.53,2.53,0.49,55.6,,OHLC,—,LH/LL,UT,False,268,2,universe
KRUS,2026-09-24,38.91,2.01,False,42.38,-0.411,-1.09,True,65.6,0.66,65.0,False,5.17,3.31,0.0,0.0,D 趨勢弱,True,8:49,264.6,跌,178.0,22,False,4.0,-0.0385,-0.3266,-1.0309,True,False,-8.91,-1.72,45.88,-17.91,-3.46,9.4,,OHLC,↓,LH/LL,自然反彈,False,268,2,universe
AMAT,2026-09-24,474.25,20.58,False,471.75,-2.733,-0.62,True,65.0,0.71,64.3,False,4.34,4.27,49.5,1.1,D 趨勢弱,False,11:03,331.3,升,34.0,4,False,4.0,6.965,6.1946,,False,True,0.53,0.12,,,,2892.7,,OHLC,↓,LH/LL,自然反彈,False,268,2,universe
VSEC,2026-09-24,180.44,9.44,False,201.24,-2.681,-1.28,True,64.3,0.77,63.5,False,5.23,3.53,6.0,-0.2,D 趨勢弱,True,8:49,264.6,跌,170.0,24,False,4.0,-1.0009,-1.5048,-4.0858,True,False,-11.53,-2.2,183.42,-1.65,-0.32,71.2,,OHLC,↓,LH/LL,自然回檔,False,268,2,universe
UNCY,2026-09-24,4.81,0.24,False,5.2,-0.019,-0.22,True,63.7,15.67,48.0,False,5.0,3.87,5.0,-2.2,D 趨勢弱,True,7:10,215.2,跌,70.0,8,False,4.0,-0.0156,-0.02,-0.0449,True,False,-8.13,-1.63,4.96,-3.12,-0.62,4.0,,OHLC,↓,LH/LL,自然回檔,False,268,2,universe
ATRO,2026-09-24,69.15,3.61,False,75.2,-1.196,-0.81,True,62.8,0.77,62.0,False,5.22,3.85,43.2,0.1,C 基底修復,True,8:49,264.6,跌,229.0,24,False,4.0,-0.2272,-0.4006,-1.2972,True,False,-8.74,-1.68,76.26,-10.28,-1.97,46.0,,OHLC,↓,LH/LL,自然反彈,False,268,2,universe
MBC,2026-09-24,7.11,0.42,False,7.63,-0.056,-1.34,True,62.6,0.2,62.4,False,5.86,3.23,0.0,0.0,D 趨勢弱,True,8:49,264.6,跌,158.0,21,False,4.0,-0.001,-0.0275,-0.1796,True,False,-7.31,-1.25,8.51,-19.69,-3.36,22.1,,OHLC,↓,LH/LL,自然反彈,False,268,2,universe
LRCX,2026-09-24,307.16,15.13,False,302.13,-0.682,-0.2,True,60.2,1.06,59.1,False,4.93,4.68,58.9,-0.9,C 基底修復,False,10:57,328.4,升,32.0,3,False,4.0,2.8978,2.3885,,False,True,1.64,0.33,311.39,-1.38,-0.28,2713.6,,OHLC,↓,LH/LL,自然反彈,False,268,2,universe
HOOD,2026-09-24,120.82,6.36,True,110.58,0.549,0.59,True,59.3,0.18,59.1,False,5.26,4.52,49.8,6.5,C 基底修復,False,10:43,321.4,升,29.0,4,False,4.0,0.5775,0.7333,,False,False,8.47,1.61,104.42,13.57,2.58,2655.4,,OHLC,↑,HH/HL,自然回檔,False,268,2,universe
PWP,2026-09-24,13.81,0.83,False,14.99,-0.151,-1.11,True,58.6,0.37,58.2,False,6.0,3.95,0.0,0.0,D 趨勢弱,True,8:49,264.6,跌,343.0,27,False,4.0,-0.129,-0.2127,-0.4373,True,False,-8.53,-1.42,16.63,-20.42,-3.4,20.2,,OHLC,↓,LH/LL,自然反彈,False,268,2,universe
EVER,2026-09-24,18.06,1.18,False,22.67,-0.322,-1.75,True,56.5,1.26,55.2,False,6.53,3.88,7.6,-0.0,D 趨勢弱,True,8:49,264.6,跌,109.0,17,False,4.0,-0.7115,-0.6392,-0.7115,False,False,-25.52,-3.91,24.47,-35.49,-5.43,18.7,,OHLC,↓,LH/LL,自然反彈,False,268,2,universe
ASYS,2026-09-24,15.4,0.86,False,15.14,-0.018,-0.13,True,56.0,0.83,55.2,False,5.6,4.91,43.5,-0.4,D 趨勢弱,False,11:24,342.0,升,40.0,4,False,4.0,0.1867,0.164,,False,True,1.68,0.3,15.49,-0.58,-0.1,4.6,,OHLC,↓,LH/LL,自然反彈,False,268,2,universe
GLW,2026-09-24,154.15,8.47,False,154.0,-0.503,-0.16,True,55.1,0.32,54.8,False,5.49,5.23,60.3,0.2,D 趨勢弱,False,11:08,334.0,升,36.0,4,False,4.0,0.6567,0.7432,,False,True,0.1,0.02,142.35,7.65,1.39,1343.8,,OHLC,—,HH/HL,DT,False,268,2,universe
SBET,2026-09-24,9.95,0.6,True,8.38,0.07,0.91,True,54.7,1.26,53.4,False,5.99,4.83,37.3,5.0,E 延伸,False,10:33,316.5,升,26.0,4,False,4.0,0.0765,0.0762,,False,False,15.78,2.63,8.2,17.59,2.93,83.8,,OHLC,↑,HH/HL,自然回檔,False,268,2,universe
BMNR,2026-09-24,28.03,1.69,True,24.07,0.19,0.69,True,53.3,1.26,52.0,False,6.01,5.12,33.5,0.8,D 趨勢弱,False,10:09,304.3,升,19.0,3,False,4.0,0.1609,0.1479,,False,False,14.12,2.35,27.46,2.03,0.34,1125.6,,OHLC,↑,HH/HL,自然反彈,False,268,2,universe
ASMB,2026-09-24,23.66,1.71,False,30.33,-0.069,-0.86,True,53.1,0.77,52.3,False,7.24,3.96,5.0,0.0,D 趨勢弱,True,7:45,232.6,跌,79.0,12,False,4.0,-0.9862,-1.0633,-1.3935,True,False,-28.19,-3.89,26.47,-11.88,-1.64,11.4,,OHLC,↓,LH/LL,DT,False,268,2,universe
EVH,2026-09-24,3.52,0.24,False,4.28,-0.014,0.1,True,49.7,0.17,49.5,False,6.81,5.2,30.0,0.0,D 趨勢弱,True,8:49,264.6,跌,116.0,16,False,4.0,-0.0516,-0.0508,-0.3426,False,False,-21.5,-3.16,3.8,-7.95,-1.17,9.4,,OHLC,↓,LH/LL,DT,False,268,2,universe
STRO,2026-09-24,15.71,1.28,False,18.41,-0.437,-1.03,True,48.9,0.76,48.1,False,8.15,4.08,13.9,1.3,D 趨勢弱,True,8:49,264.6,跌,107.0,12,False,4.0,-0.0124,-0.0582,-0.3062,True,False,-17.16,-2.11,16.35,-4.07,-0.5,5.4,,OHLC,↓,LH/LL,DT,False,268,2,universe
GLXY,2026-09-24,25.19,1.74,True,23.96,0.122,0.59,False,46.9,-0.03,46.9,False,6.91,5.85,52.0,10.7,D 趨勢弱,False,10:21,310.4,升,22.0,3,False,4.0,0.1238,0.1652,,False,True,4.87,0.71,23.21,7.86,1.14,128.2,,OHLC,↑,HH/HL,自然回檔,False,268,2,universe
FWDI,2026-09-24,8.35,0.58,True,6.44,0.075,0.97,True,45.3,1.28,44.0,False,6.99,6.21,40.0,0.0,E 延伸,False,12:12,6.0,升,53.0,4,False,4.0,0.1432,0.1397,,False,False,22.9,3.28,8.06,3.47,0.5,17.3,,OHLC,↑,HH/HL,自然反彈,False,268,2,universe
BKKT,2026-09-24,9.08,0.7,True,8.11,0.04,0.43,True,45.2,0.82,44.4,False,7.69,5.53,26.5,7.9,D 趨勢弱,False,11:01,330.6,升,34.0,4,False,4.0,0.1317,0.1331,,False,False,10.73,1.4,8.97,1.22,0.16,11.1,,OHLC,—,LH/LL,自然反彈,False,268,2,universe
PLAY,2026-09-24,6.62,0.55,False,8.07,-0.076,-0.77,True,45.2,0.11,45.1,False,8.34,4.88,0.0,0.0,D 趨勢弱,True,8:49,264.6,跌,182.0,20,False,4.0,-0.0764,-0.0926,-0.2128,True,False,-21.86,-2.62,7.12,-7.55,-0.91,26.1,,OHLC,↓,LH/LL,DT,False,268,2,universe
HYT,2026-09-24,7.74,0.07,False,8.14,-0.031,-1.55,False,98.4,-0.12,98.5,True,0.89,0.46,12.0,-2.1,D 趨勢弱,True,8:33,256.7,跌,93.0,11,False,5.0,-0.0314,-0.0244,-0.0314,False,False,-5.22,-5.89,8.32,-7.49,-8.45,8.5,,OHLC,↓,LH/LL,DT,False,268,2,universe
EVV,2026-09-24,8.41,0.08,False,8.87,-0.036,-1.79,False,98.1,-0.01,98.1,True,0.99,0.5,11.4,-1.6,D 趨勢弱,True,8:49,264.6,跌,189.0,17,False,5.0,-0.0387,-0.0346,-0.0417,False,False,-5.43,-5.46,9.18,-9.16,-9.22,4.7,,OHLC,↓,LH/LL,DT,False,268,2,universe
BIT,2026-09-24,11.19,0.12,False,11.77,-0.051,-1.51,False,97.9,-0.07,97.9,True,1.05,0.54,12.7,-2.0,D 趨勢弱,True,8:27,253.3,跌,91.0,11,False,5.0,-0.0378,-0.0257,-0.0378,False,False,-5.22,-4.98,12.36,-10.46,-9.97,5.0,,OHLC,↓,LH/LL,DT,False,268,2,universe
JFR,2026-09-24,7.24,0.08,False,7.55,-0.031,-1.14,False,97.8,-0.09,97.9,True,1.05,0.55,18.4,-2.3,D 趨勢弱,True,8:49,264.6,跌,147.0,9,False,5.0,-0.0296,-0.0215,-0.0296,False,False,-4.25,-4.03,7.54,-4.14,-3.93,5.3,,OHLC,↓,LH/LL,DT,False,268,2,universe
MUA,2026-09-24,9.54,0.11,False,9.87,-0.033,-0.91,True,97.4,0.01,97.4,True,1.12,0.64,16.5,0.5,D 趨勢弱,False,4:58,148.8,跌,33.0,2,False,5.0,-0.0067,-0.0034,-0.0766,False,False,-3.42,-3.05,9.84,-3.14,-2.81,4.0,,OHLC,↓,LH/LL,DT,False,268,2,universe
NXP,2026-09-24,12.95,0.15,False,13.82,-0.071,-1.4,False,97.4,-0.3,97.7,True,1.19,0.55,14.2,-3.0,D 趨勢弱,True,8:49,264.6,跌,192.0,17,False,5.0,-0.0713,-0.0546,-0.0713,False,False,-6.68,-5.61,14.28,-10.27,-8.62,3.2,,OHLC,↓,LH/LL,DT,False,268,2,universe
BBN,2026-09-24,14.36,0.18,False,15.22,-0.131,-1.97,False,97.1,-0.47,97.6,True,1.25,0.62,9.9,-3.8,D 趨勢弱,True,8:49,264.6,跌,120.0,17,False,5.0,-0.0727,-0.0537,-0.0885,False,False,-5.99,-4.8,15.92,-10.86,-8.7,3.6,,OHLC,↓,LH/LL,DT,False,268,2,universe
MYI,2026-09-24,9.79,0.12,False,10.3,-0.085,-1.99,False,97.1,-0.15,97.3,True,1.27,0.58,12.8,-0.9,D 趨勢弱,True,8:49,264.6,跌,179.0,17,False,5.0,-0.0454,-0.0431,-0.0499,False,False,-5.17,-4.06,10.8,-10.32,-8.11,5.4,,OHLC,↓,LH/LL,DT,False,268,2,universe
NUV,2026-09-24,8.13,0.1,False,8.63,-0.1,-2.39,False,97.1,-0.25,97.4,True,1.26,0.6,13.1,-2.3,D 趨勢弱,True,8:49,264.6,跌,132.0,16,False,5.0,-0.05,-0.0408,-0.05,False,False,-6.19,-4.92,9.0,-10.7,-8.5,7.0,,OHLC,↓,LH/LL,DT,False,268,2,universe
AOD,2026-09-24,10.24,0.13,False,10.6,-0.029,-0.43,False,96.4,-0.15,96.6,True,1.24,0.85,40.2,-17.1,C 基底修復,True,8:49,264.6,跌,193.0,26,False,5.0,-0.0309,-0.0221,-0.0453,False,False,-3.53,-2.85,10.56,-3.13,-2.52,4.7,,OHLC,—,LH/LL,自然回檔,False,268,2,universe
PML,2026-09-24,6.61,0.1,False,7.04,-0.042,-1.6,False,96.2,-0.41,96.6,True,1.5,0.68,9.9,-2.4,D 趨勢弱,True,8:49,264.6,跌,168.0,17,False,5.0,-0.0336,-0.0294,-0.0438,False,False,-6.57,-4.38,7.0,-5.9,-3.93,4.0,,OHLC,↓,LH/LL,DT,False,268,2,universe
NEA,2026-09-24,9.97,0.15,False,10.72,-0.084,-1.88,False,96.0,-0.3,96.3,True,1.49,0.75,8.7,-2.6,D 趨勢弱,True,8:49,264.6,跌,186.0,17,False,5.0,-0.0744,-0.0695,-0.0744,False,False,-7.57,-5.08,11.28,-13.14,-8.82,19.7,,OHLC,↓,LH/LL,DT,False,268,2,universe
UTF,2026-09-24,24.22,0.36,False,25.98,-0.117,-1.31,False,96.0,-0.25,96.2,True,1.5,0.72,15.4,-3.1,D 趨勢弱,True,8:49,264.6,跌,144.0,16,False,5.0,-0.1332,-0.1316,-0.2134,False,False,-7.26,-4.83,24.47,-1.03,-0.69,9.3,,OHLC,↓,LH/LL,DT,False,268,2,universe
RQI,2026-09-24,11.16,0.18,False,11.95,-0.056,-0.95,False,95.3,-0.26,95.6,True,1.57,0.87,9.4,-2.8,D 趨勢弱,True,8:49,264.6,跌,204.0,32,False,5.0,-0.0419,-0.0336,-0.07,False,False,-7.06,-4.49,11.62,-4.12,-2.62,7.8,,OHLC,↓,LH/LL,DT,False,268,2,universe
AB,2026-09-24,35.41,0.6,False,36.39,-0.048,-0.29,False,94.9,-0.15,95.0,True,1.68,0.88,16.3,-2.4,D 趨勢弱,False,5:18,159.2,跌,38.0,10,False,5.0,-0.063,-0.0294,-0.1143,False,True,-2.78,-1.65,36.37,-2.71,-1.61,11.4,,OHLC,—,LH/LL,DT,True,268,2,universe
DUK,2026-09-24,113.23,1.75,False,120.11,-0.305,-0.83,False,94.4,-0.05,94.5,True,1.54,1.13,14.0,-0.9,D 趨勢弱,True,6:23,191.6,跌,56.0,10,False,5.0,-0.4501,-0.3383,-0.6368,False,False,-6.07,-3.93,121.98,-7.73,-5.0,454.4,,OHLC,↓,LH/LL,DT,False,268,2,universe
FE,2026-09-24,43.19,0.74,False,46.13,-0.122,-0.61,False,94.2,-0.02,94.2,True,1.7,1.03,22.6,-1.7,D 趨勢弱,True,6:08,183.9,跌,52.0,8,False,5.0,-0.2264,-0.1648,-0.315,False,False,-6.8,-3.99,46.78,-8.31,-4.88,187.2,,OHLC,↓,LH/LL,DT,False,268,2,universe
PNW,2026-09-24,91.08,1.57,False,96.87,-0.322,-1.04,False,94.2,-0.02,94.2,True,1.73,1.01,18.7,-1.7,D 趨勢弱,True,6:49,204.7,跌,64.0,9,False,5.0,-0.3274,-0.2525,-0.8904,False,False,-6.35,-3.68,98.83,-8.51,-4.93,94.4,,OHLC,↓,LH/LL,DT,False,268,2,universe
COST,2026-09-24,896.48,14.12,False,923.69,-1.607,-0.7,False,93.9,-0.04,93.9,True,1.58,1.25,12.5,-0.2,D 趨勢弱,True,8:49,264.6,跌,364.0,20,False,5.0,-0.1924,-0.4174,-5.2789,True,False,-3.04,-1.93,921.99,-2.85,-1.81,2006.7,,OHLC,↓,LH/LL,DT,False,268,2,universe
NEE,2026-09-24,75.62,1.4,False,82.59,-0.368,-0.86,False,93.9,-0.37,94.2,True,1.84,0.98,6.6,-2.8,D 趨勢弱,True,7:17,218.6,跌,71.0,10,False,5.0,-0.4983,-0.3514,-0.4983,False,False,-9.22,-4.99,84.06,-11.16,-6.05,943.5,,OHLC,↓,LH/LL,DT,False,268,2,universe
PEG,2026-09-24,66.56,1.2,False,72.28,-0.31,-1.1,False,93.9,-0.0,93.9,True,1.8,1.0,6.8,-1.2,D 趨勢弱,True,7:22,220.9,跌,73.0,9,False,5.0,-0.4013,-0.3223,-0.4025,False,False,-8.6,-4.77,74.24,-11.54,-6.4,244.3,,OHLC,↓,LH/LL,DT,False,268,2,universe
D,2026-09-24,60.4,1.14,False,65.28,-0.221,-0.97,False,93.7,-0.04,93.7,True,1.89,0.98,15.8,-2.8,D 趨勢弱,True,8:49,264.6,跌,588.0,47,False,5.0,-0.3433,-0.2707,-0.5079,False,False,-8.08,-4.28,66.92,-10.79,-5.72,329.6,,OHLC,↓,LH/LL,DT,False,268,2,universe
IDA,2026-09-24,127.69,2.33,False,135.93,-0.416,-0.9,True,93.5,0.05,93.4,True,1.82,1.11,12.3,-5.9,D 趨勢弱,False,5:17,158.6,跌,38.0,8,False,5.0,-0.435,-0.3582,-1.002,False,False,-6.45,-3.54,137.89,-7.99,-4.39,73.2,,OHLC,↓,LH/LL,DT,False,268,2,universe
PLD,2026-09-24,133.82,2.18,False,137.98,-0.181,-0.43,True,93.4,0.38,93.0,True,1.63,1.31,34.1,-0.2,C 基底修復,False,4:01,120.6,跌,17.0,2,False,5.0,-0.0457,-0.0293,-0.9361,False,False,-3.11,-1.91,136.49,-2.0,-1.23,448.6,,OHLC,—,LH/LL,DT,True,268,2,universe
DTE,2026-09-24,121.18,2.41,False,133.06,-0.563,-1.24,False,92.9,-0.3,93.2,True,1.99,1.07,6.1,-2.2,D 趨勢弱,True,8:12,246.1,跌,87.0,9,False,5.0,-0.981,-0.8419,-0.981,False,False,-9.8,-4.92,138.01,-13.89,-6.97,216.4,,OHLC,↓,LH/LL,DT,False,268,2,universe
ECAT,2026-09-24,14.08,0.28,False,14.92,-0.07,-0.75,False,92.7,-0.3,93.0,True,1.96,1.16,11.8,-8.7,D 趨勢弱,True,8:49,264.6,跌,235.0,27,False,5.0,-0.0424,-0.0391,-0.1597,False,False,-5.95,-3.03,13.94,0.99,0.51,8.7,,OHLC,—,LH/LL,自然回檔,False,268,2,universe
EXC,2026-09-24,40.2,0.77,False,43.56,-0.16,-0.81,False,92.5,-0.09,92.6,True,1.93,1.24,18.7,-1.6,D 趨勢弱,True,8:49,264.6,跌,240.0,40,False,5.0,-0.2178,-0.1648,-0.2178,False,False,-8.37,-4.35,44.59,-10.92,-5.67,328.3,,OHLC,↓,LH/LL,DT,False,268,2,universe
ETR,2026-09-24,98.16,2.01,False,105.12,-0.284,-0.62,False,92.4,-0.14,92.5,True,2.04,1.16,18.1,-2.3,D 趨勢弱,True,7:33,226.4,跌,76.0,9,False,5.0,-0.581,-0.4898,-0.882,False,False,-7.09,-3.47,106.17,-8.16,-3.99,304.8,,OHLC,↓,LH/LL,DT,False,268,2,universe
PAG,2026-09-24,207.97,3.07,False,216.21,-0.323,-0.36,False,92.3,-0.21,92.5,True,1.48,1.73,60.5,-2.7,C 基底修復,True,8:49,264.6,跌,395.0,36,False,5.0,-1.3099,-1.2374,-1.4478,False,False,-3.96,-2.68,221.04,-6.28,-4.25,71.2,,OHLC,—,LH/LL,自然回檔,False,268,2,universe
HESM,2026-09-24,38.47,0.82,False,39.77,-0.064,-0.2,False,92.0,-0.07,92.1,True,2.13,1.15,40.8,-1.4,C 基底修復,True,7:00,210.0,跌,67.0,8,False,5.0,-0.1749,-0.1326,-0.1994,False,False,-3.38,-1.59,40.58,-5.48,-2.58,53.3,,OHLC,↓,LH/LL,DT,False,268,2,universe
BCAT,2026-09-24,13.88,0.28,False,14.97,-0.101,-1.32,False,91.7,-0.65,92.4,True,2.03,1.32,13.8,-1.3,D 趨勢弱,True,8:49,264.6,跌,110.0,10,False,5.0,-0.1392,-0.1511,-0.2095,True,False,-7.84,-3.86,14.54,-4.76,-2.34,17.3,,OHLC,↓,LH/LL,DT,False,268,2,universe
FSCO,2026-09-24,5.05,0.11,True,5.21,0.001,0.51,False,91.7,-1.75,93.5,True,2.14,1.21,14.6,-7.6,D 趨勢弱,False,3:38,109.2,跌,11.0,1,False,5.0,-0.0145,0.0067,-0.0145,False,False,-3.23,-1.51,5.52,-9.31,-4.35,4.8,,OHLC,—,LH/LL,自然回檔,False,268,2,universe
TIPT,2026-09-24,16.98,0.35,False,17.95,-0.069,-0.45,False,91.4,-0.85,92.2,True,2.07,1.36,12.6,-11.9,D 趨勢弱,True,8:49,264.6,跌,114.0,13,False,5.0,-0.0943,-0.0787,-0.1074,False,False,-5.72,-2.77,17.3,-1.88,-0.91,3.4,,OHLC,↓,LH/LL,DT,False,268,2,universe
AGNC,2026-09-24,9.62,0.21,False,10.29,-0.043,-1.37,False,91.3,-0.88,92.1,True,2.14,1.32,5.6,-3.7,D 趨勢弱,True,8:49,264.6,跌,129.0,21,False,5.0,-0.0457,-0.0352,-0.0925,False,False,-6.98,-3.27,10.09,-4.89,-2.29,350.6,,OHLC,↓,LH/LL,DT,False,268,2,universe
ORC,2026-09-24,5.77,0.13,False,6.4,-0.038,-0.81,False,91.3,-0.82,92.1,True,2.29,1.16,0.9,-2.1,D 趨勢弱,True,8:49,264.6,跌,160.0,17,False,5.0,-0.0469,-0.038,-0.0577,False,False,-10.98,-4.8,6.62,-14.73,-6.44,31.4,,OHLC,↓,LH/LL,DT,False,268,2,universe
IVR,2026-09-24,6.38,0.15,False,7.02,-0.032,-1.09,False,91.2,-0.06,91.3,True,2.29,1.17,0.8,-0.6,D 趨勢弱,True,8:49,264.6,跌,124.0,18,False,5.0,-0.0275,-0.0293,-0.0732,True,False,-10.03,-4.39,6.62,-3.76,-1.65,21.3,,OHLC,↓,LH/LL,DT,False,268,2,universe
CM,2026-09-24,111.42,2.32,False,116.1,-0.341,-0.38,True,91.1,0.21,90.9,True,2.08,1.41,44.7,-3.1,C 基底修復,False,3:50,114.8,跌,14.0,2,False,5.0,-0.2196,-0.1094,-0.8661,False,False,-4.2,-2.02,116.26,-4.34,-2.09,148.5,,OHLC,↓,LH/LL,DT,False,268,2,universe
VLY,2026-09-24,12.96,0.3,False,13.87,-0.06,-0.88,True,90.7,0.3,90.4,True,2.28,1.3,26.2,1.1,C 基底修復,False,5:45,172.4,跌,46.0,7,False,5.0,-0.071,-0.066,-0.1228,False,False,-7.05,-3.1,14.03,-8.26,-3.63,91.1,,OHLC,↓,LH/LL,DT,False,268,2,universe
EMN,2026-09-24,66.19,1.68,False,69.66,-0.284,-0.86,False,87.9,-0.07,88.0,True,2.54,1.65,11.0,-0.5,D 趨勢弱,True,8:49,264.6,跌,214.0,23,False,5.0,-0.1702,-0.2417,-0.7761,True,False,-5.25,-2.06,72.16,-9.02,-3.55,75.2,,OHLC,↓,LH/LL,自然反彈,False,268,2,universe
BHF,2026-09-24,53.46,1.44,False,52.62,-0.158,-1.07,False,87.6,-0.14,87.7,True,2.69,1.56,15.1,-1.6,D 趨勢弱,False,11:32,345.8,升,42.0,5,False,5.0,0.5938,0.423,,False,True,1.58,0.59,54.16,-1.31,-0.49,56.0,,OHLC,↓,LH/LL,自然反彈,False,268,2,universe
AWI,2026-09-24,162.13,4.16,False,169.65,-0.75,-1.15,False,86.8,-0.27,87.1,True,2.56,1.84,17.9,-2.4,D 趨勢弱,True,8:49,264.6,跌,277.0,28,False,5.0,-0.1206,-0.2656,-2.019,True,False,-4.64,-1.81,173.33,-6.91,-2.7,60.3,,OHLC,—,LH/LL,自然反彈,True,268,2,universe
UPS,2026-09-24,92.05,2.34,False,101.03,-0.618,-0.9,False,86.6,-1.51,88.1,True,2.54,1.91,4.5,-8.1,D 趨勢弱,True,6:28,193.9,跌,58.0,7,False,5.0,-0.6793,-0.4741,-1.4973,False,False,-9.76,-3.84,102.46,-11.31,-4.45,451.0,,OHLC,↓,LH/LL,DT,False,268,2,universe
KEX,2026-09-24,130.31,3.23,False,137.98,-0.14,0.08,True,86.5,0.17,86.3,True,2.48,2.0,31.0,-9.0,C 基底修復,False,5:55,177.6,跌,49.0,11,False,5.0,-1.0702,-0.9595,-1.8335,False,False,-5.89,-2.37,140.83,-8.07,-3.25,57.3,,OHLC,↓,LH/LL,DT,False,268,2,universe
LEVI,2026-09-24,19.72,0.55,False,20.8,-0.103,-1.22,True,86.0,0.05,86.0,True,2.8,1.76,16.1,3.3,D 趨勢弱,False,12:00,0.0,升,50.0,5,False,5.0,0.0616,0.0549,,False,False,-5.45,-1.94,20.06,-1.72,-0.61,46.9,,OHLC,—,LH/LL,DT,True,268,2,universe
ITT,2026-09-24,213.97,5.96,False,205.43,-0.1,-0.42,True,85.3,0.42,84.8,True,2.78,1.94,58.2,0.7,C 基底修復,False,10:38,318.8,升,27.0,4,False,5.0,1.4986,1.144,,False,False,3.99,1.43,,,,157.4,,OHLC,—,LH/LL,UT,False,268,2,universe
LSTR,2026-09-24,165.18,4.73,False,178.25,-0.594,-0.38,False,84.6,-0.44,85.1,True,2.86,1.99,32.3,-0.6,C 基底修復,True,8:49,264.6,跌,114.0,12,False,5.0,-0.2489,-0.1284,-4.5014,False,False,-7.91,-2.76,177.92,-7.71,-2.69,56.3,,OHLC,—,LH/LL,DT,True,268,2,universe
CWEN,2026-09-24,29.19,0.88,False,31.71,-0.169,-0.7,False,84.4,-0.81,85.2,True,3.01,1.89,5.2,-3.7,D 趨勢弱,True,8:43,261.4,跌,95.0,10,False,5.0,-0.1026,-0.0405,-0.1878,False,False,-8.64,-2.87,30.96,-6.06,-2.01,39.0,,OHLC,↓,LH/LL,DT,False,268,2,universe
VTOL,2026-09-24,42.3,1.29,False,43.76,-0.08,-0.73,False,84.2,-0.13,84.4,True,3.05,1.87,19.2,-1.9,D 趨勢弱,True,9:30,285.2,升,8.0,1,False,5.0,0.0079,-0.0215,,False,False,-3.44,-1.13,40.71,3.76,1.23,14.0,,OHLC,—,HH/HL,自然反彈,True,268,2,universe
PLOW,2026-09-24,39.73,1.08,False,40.98,-0.133,-0.79,True,84.1,0.44,83.6,True,2.73,2.23,32.7,0.8,C 基底修復,False,10:31,315.5,升,25.0,3,False,5.0,0.0309,0.0083,,False,False,-3.15,-1.15,40.3,-1.43,-0.53,7.4,,OHLC,—,LH/LL,DT,True,268,2,universe
BEPC,2026-09-24,28.38,0.9,False,31.8,-0.325,-0.95,False,83.7,-0.92,84.6,True,3.17,1.87,10.0,6.1,D 趨勢弱,True,8:49,264.6,跌,148.0,23,False,5.0,-0.0998,-0.0543,-0.2699,False,False,-12.04,-3.8,30.0,-5.71,-1.8,53.1,,OHLC,↓,LH/LL,DT,False,268,2,universe
FAF,2026-09-24,65.6,2.05,False,72.19,-0.196,-0.47,False,83.0,-1.56,84.5,True,3.12,2.05,16.8,-17.9,D 趨勢弱,True,8:09,244.3,跌,86.0,13,False,5.0,-0.6639,-0.4953,-0.6639,False,False,-10.05,-3.22,74.06,-12.9,-4.13,63.1,,OHLC,↓,LH/LL,DT,False,268,2,universe
ODFL,2026-09-24,174.93,5.7,False,189.0,-1.202,-1.2,True,83.0,0.09,82.9,True,3.26,1.91,15.8,-0.2,D 趨勢弱,False,10:17,308.6,升,21.0,3,False,5.0,0.4831,0.382,,False,False,-8.04,-2.47,203.44,-16.3,-5.0,345.3,,OHLC,—,LH/LL,自然反彈,True,268,2,universe
F,2026-09-24,12.6,0.42,False,13.78,-0.044,-0.43,False,82.3,-0.59,82.9,True,3.31,2.0,12.7,-3.2,D 趨勢弱,True,8:49,264.6,跌,126.0,12,False,5.0,-0.1125,-0.0927,-0.1125,False,False,-9.4,-2.84,14.26,-13.17,-3.98,668.1,,OHLC,↓,LH/LL,DT,False,268,2,universe
XIFR,2026-09-24,10.47,0.32,False,11.4,-0.07,-0.55,False,82.3,-0.53,82.8,True,3.08,2.22,14.5,-16.4,D 趨勢弱,True,8:13,246.5,跌,87.0,10,False,5.0,-0.1034,-0.0945,-0.1151,False,False,-8.83,-2.86,11.27,-7.64,-2.48,8.7,,OHLC,↓,LH/LL,DT,False,268,2,universe
BWA,2026-09-24,58.48,1.95,False,64.58,-0.425,-0.91,False,81.3,-1.16,82.4,True,3.34,2.16,19.6,-17.6,D 趨勢弱,True,7:07,213.3,跌,68.0,9,False,5.0,-0.5759,-0.4217,-0.5759,False,False,-10.43,-3.12,63.76,-9.03,-2.7,136.2,,OHLC,↓,LH/LL,DT,False,268,2,universe
BX,2026-09-24,117.21,4.03,False,133.96,-1.343,-1.07,False,80.6,-0.3,80.9,True,3.44,2.19,16.6,-0.5,D 趨勢弱,True,8:49,264.6,跌,197.0,25,False,5.0,-1.3992,-1.2731,-2.334,False,False,-14.29,-4.15,126.41,-7.85,-2.28,472.5,,OHLC,↓,LH/LL,DT,False,268,2,universe
KKR,2026-09-24,95.64,3.29,False,105.82,-0.622,-0.4,False,80.1,-0.32,80.4,True,3.44,2.29,15.4,-1.6,D 趨勢弱,True,8:49,264.6,跌,216.0,25,False,5.0,-0.8185,-0.7876,-1.3745,False,False,-10.65,-3.1,100.83,-5.43,-1.58,377.4,,OHLC,↓,LH/LL,DT,False,268,2,universe
XPO,2026-09-24,176.12,6.58,False,187.58,-1.033,-0.69,False,80.0,-0.45,80.4,True,3.73,2.01,21.2,-3.4,C 基底修復,True,9:54,296.9,升,15.0,2,False,5.0,0.1495,0.0493,,False,False,-6.51,-1.74,179.92,-2.16,-0.58,197.1,,OHLC,↓,LH/LL,自然回檔,False,268,2,universe
AVGO,2026-09-24,350.36,11.4,False,363.03,-1.532,-0.61,True,79.9,0.17,79.7,True,3.25,2.51,20.5,-1.2,D 趨勢弱,False,11:36,347.8,升,43.0,4,False,5.0,1.2002,1.5486,,False,False,-3.62,-1.11,364.54,-4.05,-1.24,9916.3,,OHLC,↓,LH/LL,DT,False,268,2,universe
CSL,2026-09-24,314.13,10.4,False,342.5,-1.856,-0.88,False,79.2,-1.15,80.4,True,3.31,2.58,1.5,-4.3,D 趨勢弱,True,8:49,264.6,跌,325.0,28,False,5.0,-0.9346,-0.8067,-4.0122,False,False,-9.03,-2.73,328.55,-4.59,-1.39,240.1,,OHLC,—,LH/LL,DT,True,268,2,universe
LKQ,2026-09-24,23.0,0.72,False,24.62,-0.031,-0.27,False,79.2,-0.52,79.7,True,3.14,2.75,5.7,-0.4,D 趨勢弱,True,8:49,264.6,跌,135.0,17,False,5.0,-0.0884,-0.0855,-0.2397,False,False,-7.02,-2.23,23.83,-3.61,-1.15,80.1,,OHLC,—,LH/LL,DT,True,268,2,universe
ADMA,2026-09-24,9.52,0.33,False,9.37,-0.005,-0.46,False,79.0,-0.93,79.9,True,3.5,2.44,22.9,-0.5,D 趨勢弱,False,10:16,308.2,升,21.0,3,False,5.0,0.0365,0.0355,,False,True,1.57,0.45,9.33,2.0,0.57,25.4,,OHLC,↑,HH/HL,自然回檔,False,268,2,universe
CG,2026-09-24,39.42,1.48,False,45.45,-0.296,-1.06,False,78.8,-0.25,79.1,True,3.75,2.22,0.0,0.0,D 趨勢弱,True,8:49,264.6,跌,190.0,25,False,5.0,-0.3985,-0.4564,-0.8847,True,False,-15.3,-4.08,40.86,-3.65,-0.97,141.3,,OHLC,↓,LH/LL,DT,False,268,2,universe
IBKR,2026-09-24,89.82,2.95,False,91.94,-0.062,0.21,False,78.8,-0.14,79.0,True,3.29,2.67,46.2,-30.1,C 基底修復,False,10:38,319.1,升,27.0,3,False,5.0,0.0053,0.0798,,False,True,-2.36,-0.72,93.21,-3.77,-1.15,353.0,,OHLC,↓,LH/LL,次級回檔,False,268,2,universe
CPNG,2026-09-24,13.88,0.5,False,15.39,-0.088,-0.69,False,78.5,-0.79,79.3,True,3.61,2.41,10.0,-1.9,D 趨勢弱,True,8:49,264.6,跌,171.0,16,False,5.0,-0.0609,-0.0428,-0.2498,False,False,-10.91,-3.02,14.62,-5.33,-1.48,249.0,,OHLC,↓,LH/LL,DT,False,268,2,universe
PATK,2026-09-24,67.76,2.61,False,77.45,-0.55,-1.37,False,78.5,-0.19,78.7,True,3.85,2.17,0.0,0.0,D 趨勢弱,True,8:49,264.6,跌,259.0,24,False,5.0,-0.5251,-0.5772,-1.2002,True,False,-14.31,-3.72,71.06,-4.87,-1.26,42.6,,OHLC,↓,LH/LL,DT,False,268,2,universe
ARES,2026-09-24,120.11,4.47,False,134.84,-1.02,-0.95,False,78.2,-0.3,78.5,True,3.73,2.35,7.6,-2.1,D 趨勢弱,True,8:49,264.6,跌,216.0,25,False,5.0,-1.5608,-1.5755,-2.1017,True,False,-12.26,-3.29,126.67,-5.46,-1.47,284.7,,OHLC,↓,LH/LL,DT,False,268,2,universe
ETN,2026-09-24,440.0,14.75,False,417.4,-0.924,-0.18,True,77.3,0.44,76.9,True,3.35,2.89,55.3,0.3,B 上升結構,False,1:13,36.3,升,70.0,5,False,5.0,4.6032,4.4828,,False,False,5.14,1.53,408.67,7.12,2.12,860.4,,OHLC,↑,HH/HL,UT,False,268,2,universe
WCC,2026-09-24,361.33,12.09,False,347.68,-0.532,-0.21,True,76.3,0.25,76.1,True,3.35,3.08,79.6,5.5,A 待突破,False,11:08,334.0,升,36.0,4,False,5.0,2.4324,2.322,,False,False,3.78,1.13,344.0,4.8,1.43,169.8,,OHLC,↑,HH/HL,UT,False,268,2,universe
INGM,2026-09-24,26.35,1.05,False,27.25,-0.026,-0.17,False,75.5,-1.37,76.9,True,3.97,2.62,36.4,-10.9,C 基底修復,False,3:36,108.0,跌,10.0,1,False,5.0,-0.0152,0.0183,-0.2246,False,True,-3.41,-0.86,27.31,-3.64,-0.92,67.9,,OHLC,—,LH/LL,次級回檔,True,268,2,universe
PTGX,2026-09-24,137.34,5.53,False,147.24,-0.641,-0.31,False,75.4,-0.57,76.0,True,4.03,2.58,49.5,-0.3,C 基底修復,True,8:49,264.6,跌,190.0,23,False,5.0,-1.1364,-0.9262,-1.7184,False,False,-7.21,-1.79,148.18,-7.89,-1.96,93.4,,OHLC,↓,LH/LL,DT,False,268,2,universe
CRI,2026-09-24,30.26,1.31,False,32.49,-0.196,-1.0,True,75.0,0.98,74.1,True,4.32,2.35,4.5,2.7,D 趨勢弱,False,10:40,320.1,升,28.0,4,False,5.0,0.1801,0.1322,,False,False,-7.36,-1.7,30.86,-1.98,-0.46,50.3,,OHLC,—,LH/LL,自然回檔,True,268,2,universe
MCHP,2026-09-24,74.69,2.75,False,74.26,-0.245,-0.57,True,73.6,0.06,73.5,False,3.68,3.27,32.8,0.1,C 基底修復,False,11:40,350.0,升,44.0,5,False,5.0,0.6631,0.6812,,False,True,0.57,0.15,71.58,4.16,1.13,614.7,,OHLC,↑,HH/HL,UT,False,268,2,universe
RYAM,2026-09-24,8.75,0.33,True,8.52,0.015,-0.17,False,72.7,-1.88,74.6,False,3.75,3.36,56.0,6.0,C 基底修復,False,10:29,314.5,升,25.0,3,False,5.0,0.0626,0.0729,,False,True,2.6,0.69,,,,6.3,,OHLC,—,LH/LL,自然回檔,False,268,2,universe
MBUU,2026-09-24,23.42,1.07,False,26.42,-0.15,-0.76,True,71.8,1.33,70.4,False,4.56,2.74,0.0,0.0,D 趨勢弱,True,8:49,264.6,跌,271.0,23,False,5.0,-0.143,-0.1917,-0.4154,True,False,-12.82,-2.81,24.03,-2.6,-0.57,7.3,,OHLC,↓,LH/LL,DT,False,268,2,universe
Q,2026-09-24,122.31,5.26,False,124.22,-0.594,-0.46,True,71.3,0.02,71.3,False,4.3,3.08,21.9,-12.7,D 趨勢弱,False,12:08,4.0,升,52.0,5,False,5.0,1.0802,1.1086,,False,True,-1.56,-0.36,124.86,-2.08,-0.48,207.7,,OHLC,↓,LH/LL,自然回檔,False,229,2,universe
TLRY,2026-09-24,4.07,0.18,False,4.41,-0.015,-0.42,True,71.1,0.73,70.4,False,4.41,3.01,10.0,-2.1,D 趨勢弱,True,8:49,264.6,跌,220.0,19,False,5.0,-0.0042,-0.0084,-0.0704,True,False,-8.36,-1.9,4.14,-1.72,-0.39,14.6,,OHLC,—,LH/LL,DT,True,268,2,universe
AU,2026-09-24,98.49,4.11,False,108.69,-0.006,0.14,True,70.3,0.74,69.6,False,4.18,3.39,37.3,-1.2,D 趨勢弱,True,8:49,264.6,跌,212.0,17,False,5.0,-1.453,-1.4386,-2.4275,False,False,-10.36,-2.48,104.01,-5.6,-1.34,268.5,,OHLC,—,LH/LL,DT,True,268,2,universe
PAAS,2026-09-24,47.51,2.11,False,50.81,-0.14,-0.12,True,69.6,0.2,69.5,False,4.44,3.26,20.2,-2.4,D 趨勢弱,True,8:49,264.6,跌,138.0,17,False,5.0,-0.4216,-0.3643,-0.7141,False,False,-6.94,-1.56,50.85,-7.03,-1.58,192.8,,OHLC,↓,LH/LL,DT,False,268,2,universe
SNDX,2026-09-24,17.97,0.87,False,18.97,-0.08,-0.63,True,69.6,0.26,69.4,False,4.83,2.87,12.3,0.3,C 基底修復,True,6:40,200.0,跌,61.0,11,False,5.0,-0.0739,-0.1126,-0.5382,True,False,-5.57,-1.15,18.18,-1.2,-0.25,33.1,,OHLC,—,LH/LL,自然回檔,True,268,2,universe
MCFT,2026-09-24,20.37,1.06,False,21.96,-0.151,-0.81,True,69.1,1.22,67.9,False,5.19,2.62,5.0,0.0,D 趨勢弱,True,8:49,264.6,跌,227.0,21,False,5.0,-0.055,-0.1424,-0.5024,True,False,-7.79,-1.5,20.37,0.0,0.0,6.2,,OHLC,—,LH/LL,次級反彈,True,268,2,universe
TLN,2026-09-24,300.01,13.93,False,309.95,-2.281,-0.65,True,68.4,0.52,67.9,False,4.64,3.3,12.5,-0.8,D 趨勢弱,False,11:24,342.0,升,40.0,4,False,5.0,1.6685,1.3137,,False,True,-3.31,-0.71,325.77,-8.59,-1.85,228.4,,OHLC,↓,LH/LL,自然反彈,False,268,2,universe
AVBP,2026-09-24,30.1,1.42,False,29.71,-0.021,-0.09,True,67.8,0.05,67.8,False,4.72,3.33,50.9,-8.1,C 基底修復,False,10:05,302.3,升,18.0,3,False,5.0,0.1703,0.144,,False,True,1.29,0.27,31.03,-3.09,-0.65,16.6,,OHLC,↓,LH/LL,自然反彈,False,268,2,universe
WHR,2026-09-24,32.98,1.6,False,36.89,-0.233,-1.0,True,67.4,0.96,66.5,False,4.85,3.28,0.0,0.0,D 趨勢弱,True,8:49,264.6,跌,286.0,27,False,5.0,-0.2081,-0.3047,-0.749,True,False,-11.86,-2.44,39.3,-19.16,-3.95,99.4,,OHLC,↓,LH/LL,自然反彈,False,268,2,universe
DC,2026-09-24,6.72,0.31,True,6.2,0.013,0.44,True,67.3,0.07,67.3,False,4.58,3.56,65.5,3.4,B 上升結構,False,10:05,302.6,升,18.0,3,False,5.0,0.0651,0.0559,,False,False,7.68,1.68,6.9,-2.68,-0.58,9.4,,OHLC,—,LH/LL,自然回檔,False,268,2,universe
PTLO,2026-09-24,3.61,0.18,False,4.37,-0.042,-0.74,True,67.3,0.42,66.9,False,5.01,3.15,0.0,0.0,D 趨勢弱,True,8:49,264.6,跌,206.0,20,False,5.0,-0.0448,-0.0503,-0.0859,True,False,-21.02,-4.19,4.5,-24.65,-4.92,5.3,,OHLC,↓,LH/LL,DT,False,268,2,universe
PRGO,2026-09-24,14.68,0.63,True,14.02,0.1,0.39,False,66.7,-0.68,67.4,False,4.3,3.97,53.6,-7.1,D 趨勢弱,True,8:49,264.6,跌,194.0,16,False,5.0,-0.0545,-0.1135,-0.2349,True,False,4.52,1.05,14.27,2.79,0.65,40.0,,OHLC,↑,HH/HL,UT,False,268,2,universe
NVAX,2026-09-24,10.6,0.55,True,9.56,0.052,0.76,True,66.5,0.4,66.1,False,5.14,3.16,49.5,8.2,B 上升結構,False,10:10,304.8,升,19.0,4,False,5.0,0.055,0.0555,,False,False,9.85,1.92,9.3,12.26,2.38,57.9,,OHLC,↑,HH/HL,自然回檔,False,268,2,universe
IIIV,2026-09-24,15.13,0.71,False,15.62,-0.061,-0.96,True,66.4,0.47,65.9,False,4.7,3.63,4.0,-1.0,D 趨勢弱,False,10:35,317.6,升,26.0,4,False,5.0,0.0899,0.0681,,False,True,-3.23,-0.69,15.65,-3.44,-0.73,9.9,,OHLC,↓,LH/LL,自然反彈,False,268,2,universe
CAVA,2026-09-24,53.51,2.55,False,59.91,-1.168,-1.11,True,66.0,1.35,64.6,False,4.77,3.65,0.0,0.0,D 趨勢弱,True,9:26,282.9,升,7.0,1,False,5.0,0.0109,-0.2251,,False,False,-11.96,-2.51,55.88,-4.43,-0.93,191.3,,OHLC,↓,LH/LL,自然反彈,False,268,2,universe
KLAC,2026-09-24,187.11,8.21,False,182.59,-0.969,-0.4,True,65.7,1.22,64.4,False,4.39,4.09,54.7,11.6,D 趨勢弱,False,11:30,345.0,升,42.0,5,False,5.0,2.5484,2.407,,False,True,2.42,0.55,186.78,0.18,0.04,1717.4,,OHLC,↓,LH/LL,自然反彈,False,268,2,universe
BBWI,2026-09-24,16.8,0.87,False,18.33,-0.053,-0.43,True,65.6,0.44,65.2,False,5.18,3.31,10.6,6.8,D 趨勢弱,True,8:49,264.6,跌,130.0,12,False,5.0,-0.059,-0.0648,-0.2302,True,False,-9.12,-1.76,17.4,-3.57,-0.69,116.7,,OHLC,—,LH/LL,DT,True,268,2,universe
SOUN,2026-09-24,6.1,0.29,False,6.75,-0.031,-0.97,True,65.2,0.67,64.5,False,4.77,3.8,11.5,0.7,D 趨勢弱,True,8:49,264.6,跌,185.0,22,False,5.0,-0.032,-0.0473,-0.1053,True,False,-10.73,-2.25,6.17,-1.15,-0.24,142.5,,OHLC,↓,LH/LL,自然回檔,False,268,2,universe
CAR,2026-09-24,103.54,5.58,False,128.5,-1.355,-1.3,True,65.1,0.46,64.6,False,5.39,3.2,0.0,0.0,D 趨勢弱,True,8:49,264.6,跌,132.0,13,False,5.0,-1.8577,-1.7818,-1.982,False,False,-24.11,-4.47,117.71,-13.69,-2.54,56.4,,OHLC,↓,LH/LL,DT,False,268,2,universe
ARXS,2026-09-24,51.3,2.56,False,52.55,-0.292,-0.72,False,64.9,-0.43,65.3,False,4.99,3.64,23.1,0.5,C 基底修復,True,8:49,264.6,跌,390.0,26,False,5.0,-0.103,-0.1629,-0.9813,True,True,-2.44,-0.49,53.83,-4.93,-0.99,43.7,,OHLC,—,LH/LL,自然反彈,True,112,2,universe
LSCC,2026-09-24,122.22,5.66,False,116.68,-0.321,-0.5,True,64.8,0.38,64.4,False,4.63,4.02,52.7,1.2,C 基底修復,False,11:49,354.7,升,47.0,4,False,5.0,1.7797,1.5633,,False,True,4.53,0.98,122.53,-0.25,-0.05,184.2,,OHLC,—,LH/LL,UT,False,268,2,universe
PDYN,2026-09-24,5.39,0.29,False,5.89,-0.043,-0.39,True,64.6,0.48,64.2,False,5.31,3.37,7.0,-7.1,D 趨勢弱,True,8:49,264.6,跌,259.0,23,False,5.0,-0.0269,-0.017,-0.0941,False,False,-9.2,-1.73,5.77,-7.05,-1.33,4.5,,OHLC,—,LH/LL,DT,True,268,2,universe
MNKD,2026-09-24,3.29,0.17,False,3.83,-0.015,-0.74,True,64.5,0.29,64.2,False,5.15,3.57,13.9,-0.3,D 趨勢弱,True,8:49,264.6,跌,125.0,19,False,5.0,-0.0544,-0.0525,-0.0578,False,False,-16.48,-3.2,4.16,-26.44,-5.14,14.2,,OHLC,↓,LH/LL,DT,False,268,2,universe
ZUMZ,2026-09-24,13.44,0.77,False,15.69,-0.116,-1.28,True,64.0,0.16,63.8,False,5.75,3.06,0.0,0.0,D 趨勢弱,True,8:49,264.6,跌,279.0,31,False,5.0,-0.1491,-0.1818,-0.4755,True,False,-16.71,-2.91,14.48,-7.74,-1.35,5.6,,OHLC,—,LH/LL,DT,True,268,2,universe
CTGO,2026-09-24,18.13,0.97,False,19.47,-0.05,-0.1,True,62.1,0.22,61.9,False,5.37,3.83,4.1,-3.4,D 趨勢弱,True,8:49,264.6,跌,182.0,19,False,5.0,-0.1447,-0.1115,-0.2747,False,False,-7.39,-1.38,19.38,-6.89,-1.28,7.5,,OHLC,—,LH/LL,DT,True,268,2,universe
OMER,2026-09-24,20.13,0.85,True,18.31,0.279,1.08,False,61.5,-0.12,61.6,False,4.22,5.1,73.0,1.2,B 上升結構,True,9:18,278.9,升,5.0,1,False,5.0,0.02,-0.0013,,False,False,9.05,2.14,18.22,9.49,2.25,30.1,,OHLC,↑,HH/HL,自然回檔,False,268,2,universe
ARHS,2026-09-24,9.47,0.49,False,8.82,-0.005,-0.39,True,60.9,0.62,60.3,False,5.18,4.27,49.4,-1.5,C 基底修復,True,9:59,299.5,升,16.0,3,False,5.0,0.1521,0.1006,,False,False,6.89,1.33,8.12,14.26,2.75,10.2,,OHLC,—,LH/LL,UT,False,268,2,universe
AG,2026-09-24,18.76,1.05,False,20.15,-0.015,0.14,True,60.7,0.29,60.4,False,5.58,3.92,34.2,-2.9,D 趨勢弱,True,8:49,264.6,跌,206.0,17,False,5.0,-0.2036,-0.1823,-0.4293,False,False,-7.43,-1.33,19.84,-5.76,-1.03,190.9,,OHLC,↓,LH/LL,DT,False,268,2,universe
MU,2026-09-24,1080.53,48.93,True,974.29,5.295,0.64,True,60.5,0.58,59.9,False,4.53,5.01,68.4,0.4,E 延伸,False,11:12,336.1,升,37.0,5,False,5.0,12.0341,11.4296,,False,False,9.83,2.17,924.03,14.48,3.2,25116.9,,OHLC,↑,HH/HL,自然回檔,False,268,2,universe
MKSI,2026-09-24,257.98,13.09,False,265.56,-1.468,-0.63,True,60.0,0.67,59.3,False,5.07,4.56,31.6,-2.7,D 趨勢弱,False,12:56,28.0,升,66.0,5,False,5.0,3.4281,3.3301,,False,True,-2.94,-0.58,268.05,-3.9,-0.77,341.2,,OHLC,↓,LH/LL,自然反彈,False,268,2,universe
CDE,2026-09-24,18.94,1.02,False,20.29,-0.003,0.45,True,59.9,0.28,59.6,False,5.4,4.27,19.5,-15.0,D 趨勢弱,True,8:49,264.6,跌,189.0,17,False,5.0,-0.2815,-0.2563,-0.3799,False,False,-7.11,-1.32,19.98,-5.49,-1.02,699.3,,OHLC,↓,LH/LL,DT,False,268,2,universe
FRNM,2026-09-24,16.01,0.91,True,15.03,0.169,1.24,True,58.9,0.56,58.3,False,5.69,4.19,50.9,1.2,B 上升結構,False,4:48,144.0,跌,30.0,2,False,5.0,-0.0574,-0.0348,-0.2302,False,False,6.14,1.08,14.37,10.24,1.8,16.5,,OHLC,↑,HH/HL,自然回檔,False,187,2,universe
VRT,2026-09-24,245.3,13.45,False,258.63,-1.281,-0.33,True,58.9,0.87,58.0,False,5.48,4.4,28.1,-0.8,D 趨勢弱,False,10:32,316.0,升,26.0,3,False,5.0,0.2669,0.3019,,False,True,-5.44,-0.99,253.46,-3.33,-0.61,1365.8,,OHLC,—,LH/LL,自然回檔,True,268,2,universe
FUN,2026-09-24,12.4,0.73,False,14.52,-0.143,-1.16,True,58.3,0.74,57.6,False,5.92,4.09,0.0,0.0,D 趨勢弱,True,8:49,264.6,跌,126.0,12,False,5.0,-0.0413,-0.0838,-0.2329,True,False,-17.07,-2.89,15.47,-24.76,-4.18,29.1,,OHLC,↓,LH/LL,DT,False,268,2,universe
GPCR,2026-09-24,36.02,2.33,False,42.71,-0.986,-1.18,True,58.2,0.73,57.4,False,6.47,3.57,10.0,0.3,D 趨勢弱,True,8:49,264.6,跌,150.0,25,False,5.0,-0.2638,-0.4061,-1.1738,True,False,-18.56,-2.87,36.91,-2.47,-0.38,48.9,,OHLC,↓,LH/LL,自然回檔,False,268,2,universe
AEIS,2026-09-24,278.03,14.6,False,280.0,-1.494,-0.7,True,57.9,0.73,57.2,False,5.25,4.83,24.8,0.5,C 基底修復,False,10:47,323.3,升,30.0,3,False,5.0,2.4757,1.8076,,False,True,-0.71,-0.14,287.09,-3.26,-0.62,148.8,,OHLC,↓,LH/LL,自然反彈,False,268,2,universe
PLPC,2026-09-24,429.82,20.4,False,419.89,-4.299,-0.66,True,57.8,0.46,57.3,False,4.75,5.37,79.5,1.2,B 上升結構,False,11:09,334.7,升,36.0,4,False,5.0,2.2144,1.795,,False,True,2.31,0.49,390.65,9.11,1.92,28.5,,OHLC,—,HH/HL,UT,True,268,2,universe
SERV,2026-09-24,4.51,0.26,False,4.71,-0.016,-0.49,True,57.6,1.46,56.1,False,5.8,4.36,17.4,0.1,D 趨勢弱,False,10:27,313.6,升,24.0,3,False,5.0,0.0163,0.0046,,False,True,-4.5,-0.78,4.55,-0.89,-0.15,13.9,,OHLC,—,LH/LL,次級反彈,True,268,2,universe
UPB,2026-09-24,5.17,0.34,False,6.25,-0.062,-0.92,True,57.6,1.13,56.5,False,6.6,3.56,10.0,0.0,D 趨勢弱,True,8:49,264.6,跌,203.0,20,False,5.0,-0.0439,-0.0502,-0.1105,True,False,-20.85,-3.16,5.49,-6.19,-0.94,3.6,,OHLC,↓,LH/LL,DT,False,268,2,universe
LTBR,2026-09-24,6.73,0.41,False,7.33,-0.05,-1.45,True,57.3,0.85,56.4,False,6.06,4.17,0.0,-1.5,D 趨勢弱,True,8:49,264.6,跌,262.0,27,False,5.0,-0.0021,-0.0155,-0.1098,True,False,-8.88,-1.47,6.82,-1.34,-0.22,5.7,,OHLC,↓,LH/LL,自然反彈,False,268,2,universe
VECO,2026-09-24,45.45,2.5,False,45.46,-0.374,-0.84,True,56.6,0.63,56.0,False,5.51,4.88,50.5,-5.2,D 趨勢弱,False,11:53,356.7,升,48.0,5,False,5.0,0.6693,0.5968,,False,True,-0.01,-0.0,45.59,-0.31,-0.06,24.6,,OHLC,↓,LH/LL,自然反彈,False,268,2,universe
JACK,2026-09-24,13.33,0.84,False,16.16,-0.236,-0.86,True,56.1,1.0,55.1,False,6.33,4.15,24.2,-0.6,D 趨勢弱,True,8:49,264.6,跌,233.0,28,False,5.0,-0.1155,-0.1541,-0.3113,True,False,-21.21,-3.35,16.14,-21.08,-3.33,8.1,,OHLC,↓,LH/LL,自然反彈,False,268,2,universe
PDFS,2026-09-24,47.88,2.67,False,45.55,-0.152,-0.18,True,55.7,0.71,55.0,False,5.57,5.01,52.8,-0.4,D 趨勢弱,False,11:56,357.8,升,49.0,5,False,5.0,0.6595,0.6357,,False,True,4.86,0.87,47.63,0.52,0.09,29.4,,OHLC,↑,HH/HL,UT,False,268,2,universe
RXRX,2026-09-24,3.89,0.24,True,3.52,0.014,0.69,True,55.6,0.67,54.9,False,6.05,4.56,35.3,5.8,D 趨勢弱,False,11:02,331.0,升,34.0,5,False,5.0,0.0568,0.0575,,False,False,9.63,1.59,4.16,-6.94,-1.15,70.0,,OHLC,—,LH/LL,自然反彈,False,268,2,universe
UUUU,2026-09-24,11.32,0.73,False,13.74,-0.104,-0.57,True,55.5,0.18,55.3,False,6.45,4.18,0.0,0.0,D 趨勢弱,True,8:49,264.6,跌,126.0,17,False,5.0,-0.2232,-0.2294,-0.3957,True,False,-21.36,-3.31,11.98,-5.83,-0.9,87.7,,OHLC,↓,LH/LL,DT,False,268,2,universe
DDD,2026-09-24,3.43,0.2,False,3.41,-0.01,-0.13,True,55.4,0.18,55.2,False,5.96,4.7,68.7,2.9,B 上升結構,False,10:29,314.6,升,25.0,5,False,5.0,0.013,0.0206,,False,True,0.53,0.09,3.48,-1.46,-0.24,7.8,,OHLC,↑,HH/HL,自然回檔,False,268,2,universe
TER,2026-09-24,387.7,20.51,False,370.71,-0.952,-0.04,True,55.3,0.7,54.6,False,5.29,5.39,66.3,10.3,C 基底修復,False,11:53,356.7,升,48.0,5,False,5.0,4.9328,4.9053,,False,True,4.38,0.83,370.19,4.52,0.85,918.4,,OHLC,↑,HH/HL,自然回檔,False,268,2,universe
AMPX,2026-09-24,9.69,0.57,False,10.22,-0.096,-0.72,True,55.2,0.24,54.9,False,5.89,4.81,20.2,-3.5,D 趨勢弱,False,11:35,347.4,升,43.0,5,False,5.0,0.0899,0.088,,False,True,-5.48,-0.93,9.71,-0.21,-0.04,43.0,,OHLC,—,LH/LL,DT,True,268,2,universe
COIN,2026-09-24,199.21,11.75,True,179.34,1.005,0.58,True,54.9,0.71,54.1,False,5.9,4.88,35.6,4.1,D 趨勢弱,False,11:01,330.6,升,34.0,4,False,5.0,1.7342,1.7132,,False,False,9.97,1.69,208.33,-4.58,-0.78,1888.6,,OHLC,—,LH/LL,UT,False,268,2,universe
AMBA,2026-09-24,69.86,4.47,False,67.77,-0.215,-0.42,True,54.0,4.52,49.5,False,6.4,4.56,49.5,13.1,C 基底修復,False,11:17,338.6,升,38.0,5,False,5.0,0.6932,0.5095,,False,True,3.0,0.47,68.8,1.52,0.24,134.5,,OHLC,—,LH/LL,自然反彈,True,268,2,universe
ANRO,2026-09-24,27.18,2.0,False,32.7,-0.204,-0.22,True,53.8,0.56,53.3,False,7.38,3.64,36.3,-1.0,D 趨勢弱,True,8:09,244.3,跌,86.0,17,False,5.0,-0.8215,-0.7685,-0.947,False,False,-20.32,-2.75,30.98,-13.98,-1.9,18.0,,OHLC,↓,LH/LL,DT,False,268,2,universe
SMCI,2026-09-24,41.51,2.34,True,38.6,0.301,0.67,True,53.8,0.05,53.7,False,5.63,5.39,57.1,7.1,C 基底修復,False,10:51,325.4,升,31.0,3,False,5.0,0.1535,0.138,,False,False,7.02,1.25,39.09,5.83,1.03,1466.3,,OHLC,↑,HH/HL,UT,False,268,2,universe
VIAV,2026-09-24,37.23,2.24,False,37.51,-0.241,-0.4,True,52.9,0.45,52.4,False,6.03,5.21,43.7,-0.1,D 趨勢弱,False,12:09,4.4,升,52.0,4,False,5.0,0.2828,0.1949,,False,True,-0.75,-0.12,36.95,0.75,0.12,174.5,,OHLC,—,HH/HL,自然反彈,False,268,2,universe
ONTO,2026-09-24,279.73,16.48,False,282.85,-2.713,-0.43,True,51.1,0.84,50.3,False,5.89,5.78,56.2,-14.3,C 基底修復,False,11:08,334.0,升,36.0,4,False,5.0,3.3122,2.995,,False,True,-1.12,-0.19,281.11,-0.49,-0.08,239.5,,OHLC,↓,LH/LL,自然反彈,False,268,2,universe
TMC,2026-09-24,4.0,0.28,False,4.34,-0.009,-0.17,True,49.9,0.89,49.0,False,7.03,4.93,10.0,-0.9,D 趨勢弱,True,8:49,264.6,跌,162.0,15,False,5.0,-0.006,-0.0076,-0.1197,True,False,-8.59,-1.22,4.41,-10.25,-1.46,22.4,,OHLC,↓,LH/LL,DT,False,268,2,universe
SPRY,2026-09-24,4.15,0.31,False,5.28,-0.041,-0.71,True,49.7,1.04,48.7,False,7.56,4.44,10.0,0.0,D 趨勢弱,True,8:09,244.3,跌,86.0,12,False,5.0,-0.0364,-0.0475,-0.1323,True,False,-27.33,-3.61,4.48,-7.95,-1.05,7.2,,OHLC,↓,LH/LL,DT,False,268,2,universe
IMMX,2026-09-24,11.7,0.81,True,12.91,0.01,0.4,False,49.6,-0.45,50.1,False,6.9,5.13,59.8,4.9,B 上升結構,True,8:49,264.6,跌,117.0,14,False,5.0,-0.2196,-0.2003,-0.3508,False,False,-10.31,-1.49,12.7,-8.55,-1.24,18.3,,OHLC,↓,LH/LL,DT,False,268,2,universe
OKLO,2026-09-24,38.29,2.62,False,40.51,-0.22,-0.5,True,49.5,0.68,48.8,False,6.84,5.24,1.5,-11.3,D 趨勢弱,False,12:26,12.9,升,57.0,4,False,5.0,0.2186,0.2581,,False,True,-5.8,-0.85,39.65,-3.55,-0.52,401.4,,OHLC,—,LH/LL,自然回檔,False,268,2,universe
INBX,2026-09-24,100.4,7.88,False,109.85,-0.012,0.25,True,49.4,0.89,48.5,False,7.85,4.25,50.0,-10.6,D 趨勢弱,True,6:26,192.9,跌,57.0,12,False,5.0,-2.1598,-1.9852,-2.8294,False,False,-9.41,-1.2,113.18,-12.73,-1.62,41.8,,OHLC,—,LH/LL,自然回檔,True,268,2,universe
GENB,2026-09-24,15.99,1.15,True,16.79,0.006,0.18,False,49.3,-0.93,50.2,False,7.16,4.96,39.1,-10.2,D 趨勢弱,False,3:27,103.6,跌,8.0,1,False,5.0,-0.0095,0.0631,-0.1977,False,True,-4.97,-0.69,15.99,0.0,0.0,22.2,,OHLC,—,HH/HL,自然回檔,True,145,2,universe
POET,2026-09-24,7.75,0.49,False,8.15,-0.038,-0.31,True,49.2,0.81,48.4,False,6.34,5.8,34.2,-7.4,D 趨勢弱,False,12:02,1.1,升,51.0,5,False,5.0,0.0586,0.074,,False,True,-5.18,-0.82,7.18,7.35,1.16,65.4,,OHLC,—,HH/HL,DT,False,268,2,universe
LEU,2026-09-24,147.32,10.77,False,167.58,-0.855,-0.57,True,49.1,0.22,48.9,False,7.31,4.86,0.0,-0.4,D 趨勢弱,True,8:49,264.6,跌,253.0,19,False,5.0,-0.8723,-0.9685,-4.643,True,False,-13.75,-1.88,149.85,-1.72,-0.23,124.2,,OHLC,—,LH/LL,自然回檔,False,268,2,universe
RNA,2026-09-24,8.19,0.66,False,11.13,-0.114,-1.19,True,49.1,0.65,48.5,False,8.07,4.09,0.0,0.0,D 趨勢弱,True,8:49,264.6,跌,103.0,13,False,5.0,-0.3197,-0.3364,-0.4689,True,False,-35.87,-4.45,9.22,-12.58,-1.56,4.2,,OHLC,↓,LH/LL,DT,False,145,2,universe
JBIO,2026-09-24,14.73,1.26,False,19.49,-0.264,-1.0,True,48.8,1.34,47.5,False,8.53,3.71,20.5,-0.3,D 趨勢弱,True,8:49,264.6,跌,213.0,24,False,5.0,-0.372,-0.3539,-0.4442,False,False,-32.3,-3.78,17.14,-16.36,-1.92,18.2,,OHLC,↓,LH/LL,DT,False,268,2,universe
NVTS,2026-09-24,11.84,0.78,False,12.21,-0.08,-0.37,True,48.2,0.87,47.3,False,6.6,5.81,37.4,-1.5,D 趨勢弱,False,12:00,0.0,升,50.0,5,False,5.0,0.1644,0.1703,,False,True,-3.11,-0.47,11.63,1.77,0.27,129.1,,OHLC,—,LH/LL,自然回檔,False,268,2,universe
INDI,2026-09-24,3.05,0.22,False,3.79,-0.028,-0.48,True,47.7,2.21,45.5,False,7.22,5.3,10.0,-1.0,D 趨勢弱,True,8:49,264.6,跌,119.0,21,False,5.0,-0.0134,-0.0167,-0.1019,True,False,-24.33,-3.37,3.21,-5.25,-0.73,16.8,,OHLC,—,LH/LL,DT,True,268,2,universe
MRAM,2026-09-24,17.88,1.19,False,16.97,-0.001,0.06,True,47.1,0.63,46.4,False,6.68,6.03,73.6,4.6,D 趨勢弱,False,10:07,303.3,升,19.0,4,False,5.0,0.2908,0.2211,,False,True,5.12,0.77,17.09,4.42,0.66,13.8,,OHLC,↑,HH/HL,UT,False,268,2,universe
ACDC,2026-09-24,4.54,0.34,False,4.98,-0.016,0.15,True,47.0,0.34,46.6,False,7.54,5.2,29.7,0.6,D 趨勢弱,True,7:28,224.0,跌,74.0,8,False,5.0,-0.0663,-0.053,-0.0794,False,False,-9.6,-1.27,5.17,-13.88,-1.84,6.2,,OHLC,↓,LH/LL,DT,False,268,2,universe
SITM,2026-09-24,643.24,42.8,False,611.98,-2.354,-0.45,True,46.8,0.23,46.6,False,6.65,6.13,56.7,-3.5,C 基底修復,False,11:51,355.7,升,48.0,5,False,5.0,7.0561,5.6784,,False,True,4.86,0.73,608.91,5.34,0.8,269.3,,OHLC,—,HH/HL,UT,True,268,2,universe
PRME,2026-09-24,3.07,0.24,False,3.35,-0.012,-0.0,True,44.9,0.35,44.6,False,7.96,5.35,0.0,-11.3,D 趨勢弱,True,7:30,225.0,跌,75.0,11,False,5.0,-0.0294,-0.0238,-0.0725,False,False,-9.18,-1.15,3.39,-10.42,-1.31,9.6,,OHLC,—,LH/LL,DT,True,268,2,universe
PURR,2026-09-24,14.09,1.13,True,11.69,0.092,0.63,True,41.6,0.48,41.1,False,8.02,6.27,55.0,0.6,E 延伸,False,11:12,335.9,升,37.0,5,False,5.0,0.0891,0.0894,,False,False,17.04,2.12,14.76,-4.76,-0.59,347.8,,OHLC,—,LH/LL,UT,False,203,2,universe
GEMI,2026-09-24,5.65,0.47,True,4.69,0.024,0.81,True,40.7,0.42,40.3,False,8.27,6.29,17.9,1.2,E 延伸,False,10:50,325.0,升,31.0,5,False,5.0,0.1319,0.1479,,False,False,17.04,2.06,4.39,22.3,2.7,15.2,,OHLC,↑,HH/HL,自然回檔,False,260,2,universe
NBIS,2026-09-24,243.48,17.01,False,230.46,-1.124,0.25,True,38.2,0.89,37.3,False,6.99,8.41,71.3,1.3,C 基底修復,False,11:40,350.0,升,44.0,4,False,5.0,1.9179,1.0179,,False,True,5.35,0.77,226.61,6.93,0.99,3440.6,,OHLC,↑,HH/HL,UT,False,268,2,universe
DFDV,2026-09-24,5.79,0.53,True,5.15,0.037,0.85,True,37.9,0.87,37.0,False,9.2,6.31,34.2,0.7,E 延伸,False,3:41,110.3,跌,11.0,1,False,5.0,-0.0055,0.0128,-0.14,False,False,11.03,1.2,5.87,-1.38,-0.15,14.9,,OHLC,—,HH/HL,DT,False,268,2,universe
SHAZ,2026-09-24,56.4,5.39,False,60.15,-0.382,0.09,True,32.0,0.36,31.6,False,9.55,8.25,32.5,-6.4,D 趨勢弱,False,1:27,43.3,升,74.0,5,False,5.0,0.622,0.8216,,False,True,-6.65,-0.7,60.74,-7.7,-0.81,86.1,,OHLC,—,LH/LL,自然回檔,False,152,2,universe
SRZN,2026-09-24,33.68,2.73,True,29.23,7.615,2.5,False,30.5,-15.81,46.3,False,8.12,10.34,55.0,36.7,E 延伸,True,9:24,281.8,升,7.0,1,False,5.0,0.8252,-0.3401,,False,False,13.21,1.63,21.64,35.75,4.4,22.9,,OHLC,—,HH/HL,自然反彈,False,268,2,universe
MRNA,2026-09-24,194.82,13.05,True,148.61,1.516,0.55,True,25.5,0.6,24.9,False,6.7,14.38,75.0,0.1,E 延伸,False,10:06,303.2,升,18.0,3,False,5.0,2.2952,1.3363,,False,False,23.72,3.54,158.83,18.47,2.76,2550.9,,OHLC,—,LH/LL,UT,False,268,2,universe
BIAF,2026-09-24,7.83,2.16,False,9.73,-0.002,0.01,True,8.3,0.4,7.9,False,27.6,14.78,5.0,0.0,E 延伸,False,3:22,101.2,跌,6.0,1,False,5.0,-0.0074,0.0161,-0.1369,False,True,-24.29,-0.88,8.93,-14.05,-0.51,89.8,,OHLC,—,HH/HL,次級回檔,False,187,2,universe
MUC,2026-09-24,9.92,0.11,False,10.38,-0.037,-1.15,False,97.7,-0.14,97.8,True,1.11,0.54,17.2,-1.9,D 趨勢弱,True,8:49,264.6,跌,196.0,25,False,6.0,-0.0251,-0.0193,-0.0373,False,False,-4.63,-4.17,10.63,-7.16,-6.44,5.9,,OHLC,↓,LH/LL,DT,False,268,2,universe
BTZ,2026-09-24,9.4,0.1,False,9.85,-0.034,-1.55,False,97.6,-0.0,97.6,True,1.07,0.61,13.6,-0.6,D 趨勢弱,True,8:49,264.6,跌,153.0,23,False,6.0,-0.0326,-0.0307,-0.0489,False,False,-4.83,-4.5,10.01,-6.49,-6.04,3.9,,OHLC,↓,LH/LL,DT,False,268,2,universe
PCN,2026-09-24,10.71,0.14,False,11.39,-0.065,-1.58,False,97.0,-0.08,97.0,True,1.32,0.6,8.8,-0.8,D 趨勢弱,True,8:49,264.6,跌,125.0,17,False,6.0,-0.0769,-0.0725,-0.0769,False,False,-6.37,-4.84,11.8,-10.18,-7.73,5.7,,OHLC,↓,LH/LL,DT,False,268,2,universe
WDI,2026-09-24,11.85,0.14,False,12.55,-0.051,-1.22,False,96.9,-0.08,97.0,True,1.22,0.71,9.8,-1.7,D 趨勢弱,True,8:49,264.6,跌,180.0,24,False,6.0,-0.0311,-0.0182,-0.0771,False,False,-5.92,-4.87,12.39,-4.56,-3.75,4.1,,OHLC,↓,LH/LL,DT,False,268,2,universe
PFN,2026-09-24,6.19,0.08,False,6.7,-0.037,-1.74,False,96.5,-0.14,96.7,True,1.37,0.68,7.2,-2.2,D 趨勢弱,True,8:49,264.6,跌,290.0,29,False,6.0,-0.0457,-0.0427,-0.0457,False,False,-8.17,-5.95,6.79,-9.69,-7.06,3.8,,OHLC,↓,LH/LL,DT,False,268,2,universe
NZF,2026-09-24,11.07,0.16,False,11.7,-0.048,-1.17,False,96.0,-0.25,96.3,True,1.48,0.74,11.1,-2.8,D 趨勢弱,True,8:49,264.6,跌,211.0,24,False,6.0,-0.0311,-0.0229,-0.0707,False,False,-5.7,-3.87,11.54,-4.25,-2.88,11.3,,OHLC,↓,LH/LL,DT,False,268,2,universe
NVG,2026-09-24,10.94,0.18,False,11.77,-0.071,-1.22,False,95.3,-0.71,96.0,True,1.64,0.79,7.9,-4.1,D 趨勢弱,True,8:49,264.6,跌,267.0,25,False,6.0,-0.0442,-0.028,-0.0661,False,False,-7.56,-4.61,11.56,-5.67,-3.45,9.9,,OHLC,↓,LH/LL,DT,False,268,2,universe
YORW,2026-09-24,30.75,0.62,False,33.29,-0.031,0.01,False,92.2,-0.07,92.2,True,2.0,1.25,18.4,-0.2,D 趨勢弱,True,8:49,264.6,跌,234.0,17,False,6.0,-0.3856,-0.3583,-0.3856,False,False,-8.25,-4.12,34.43,-11.97,-5.98,4.2,,OHLC,—,LH/LL,自然回檔,False,268,2,universe
ES,2026-09-24,63.8,1.32,False,69.51,-0.265,-0.91,False,92.0,-0.2,92.2,True,2.07,1.22,15.1,-2.2,D 趨勢弱,True,8:49,264.6,跌,100.0,11,False,6.0,-0.4653,-0.3661,-0.4653,False,False,-8.96,-4.32,68.99,-8.13,-3.92,158.6,,OHLC,↓,LH/LL,DT,False,268,2,universe
ALX,2026-09-24,245.46,5.54,False,259.77,-0.725,-0.78,False,90.2,-0.05,90.2,True,2.26,1.45,18.0,-2.1,D 趨勢弱,True,8:49,264.6,跌,203.0,17,False,6.0,-0.5283,-0.6447,-3.0829,True,False,-5.83,-2.58,250.34,-1.99,-0.88,10.6,,OHLC,—,LH/LL,DT,True,268,2,universe
PFGC,2026-09-24,90.32,2.39,False,98.48,-1.024,-1.68,True,87.4,0.21,87.2,True,2.65,1.64,8.6,-0.6,D 趨勢弱,False,10:02,301.0,升,17.0,2,False,6.0,0.0633,0.0234,,False,False,-9.04,-3.41,92.41,-2.31,-0.87,142.5,,OHLC,↓,LH/LL,自然回檔,False,268,2,universe
ADAM,2026-09-24,8.14,0.23,False,9.34,-0.077,-1.53,False,86.6,-1.14,87.7,True,2.83,1.63,10.5,-3.9,D 趨勢弱,True,8:49,264.6,跌,177.0,23,False,6.0,-0.1182,-0.0964,-0.1185,False,False,-14.77,-5.23,9.1,-11.79,-4.17,10.3,,OHLC,↓,LH/LL,DT,False,268,2,universe
EXPO,2026-09-24,64.46,1.81,False,68.37,-0.077,-0.09,False,86.4,-0.26,86.7,True,2.8,1.69,15.4,-1.2,C 基底修復,True,8:49,264.6,跌,197.0,17,False,6.0,-0.5663,-0.4857,-0.6342,False,False,-6.06,-2.16,69.19,-7.34,-2.62,32.8,,OHLC,↓,LH/LL,DT,False,268,2,universe
WDFC,2026-09-24,197.19,5.02,False,205.65,-0.957,-1.44,True,85.1,0.04,85.0,True,2.55,2.22,7.1,-5.4,D 趨勢弱,False,10:07,303.5,升,19.0,2,False,6.0,0.9581,0.5614,,False,False,-4.29,-1.69,218.92,-11.02,-4.33,24.6,,OHLC,↓,LH/LL,自然反彈,False,268,2,universe
DEI,2026-09-24,9.67,0.31,False,10.95,-0.101,-1.21,False,83.8,-0.57,84.4,True,3.22,1.78,5.6,-0.5,D 趨勢弱,True,8:49,264.6,跌,160.0,17,False,6.0,-0.0833,-0.0682,-0.1167,False,False,-13.23,-4.1,11.89,-22.96,-7.12,20.7,,OHLC,↓,LH/LL,DT,False,268,2,universe
HLIO,2026-09-24,68.38,2.33,False,72.13,-0.57,-1.22,True,82.0,0.06,81.9,True,3.41,1.95,20.1,-2.2,C 基底修復,False,10:56,328.2,升,32.0,4,False,6.0,0.3001,0.2794,,False,False,-5.48,-1.61,70.66,-3.33,-0.98,24.0,,OHLC,—,LH/LL,自然反彈,True,268,2,universe
DECK,2026-09-24,78.68,2.53,False,84.06,-0.43,-1.0,True,81.0,0.59,80.4,True,3.22,2.34,3.7,3.3,D 趨勢弱,False,10:47,323.6,升,30.0,4,False,6.0,0.3338,0.2913,,False,False,-6.84,-2.13,80.23,-1.97,-0.61,273.3,,OHLC,—,LH/LL,自然回檔,True,268,2,universe
ATMU,2026-09-24,44.79,1.5,False,46.87,-0.188,-1.18,True,80.9,0.2,80.7,True,3.36,2.21,5.2,-3.1,D 趨勢弱,False,10:08,303.9,升,19.0,2,False,6.0,0.0877,0.0468,,False,False,-4.65,-1.38,45.68,-1.98,-0.59,33.4,,OHLC,—,LH/LL,自然反彈,True,268,2,universe
POOL,2026-09-24,161.71,5.52,False,178.17,-1.556,-1.33,False,80.7,-1.04,81.7,True,3.41,2.2,1.8,-1.7,D 趨勢弱,True,8:49,264.6,跌,205.0,28,False,6.0,-0.5805,-0.437,-2.1358,False,False,-10.18,-2.98,195.99,-21.2,-6.21,144.6,,OHLC,↓,LH/LL,DT,False,268,2,universe
BFH,2026-09-24,101.56,3.5,False,106.56,-0.388,-0.36,True,80.2,0.02,80.2,True,3.45,2.25,51.8,2.5,C 基底修復,False,4:31,135.5,跌,25.0,3,False,6.0,-0.8439,-0.7643,-1.0195,False,False,-4.92,-1.43,109.23,-7.55,-2.19,63.4,,OHLC,↓,LH/LL,自然反彈,False,268,2,universe
NWPX,2026-09-24,101.34,3.73,False,107.91,-0.298,-0.68,True,79.4,0.1,79.3,True,3.68,2.18,51.4,-1.9,D 趨勢弱,False,11:26,342.9,升,41.0,4,False,6.0,0.3543,0.3607,,False,False,-6.48,-1.76,105.66,-4.26,-1.16,15.9,,OHLC,—,LH/LL,自然反彈,True,268,2,universe
ALGN,2026-09-24,145.63,5.01,False,157.11,-0.697,-0.8,True,79.2,0.06,79.1,True,3.44,2.46,7.5,-1.6,D 趨勢弱,False,11:03,331.7,升,34.0,3,False,6.0,0.0848,0.2103,,False,False,-7.88,-2.29,150.45,-3.31,-0.96,140.5,,OHLC,—,LH/LL,DT,True,268,2,universe
KAI,2026-09-24,274.42,10.06,False,290.17,-1.155,-0.89,False,79.2,-0.12,79.3,True,3.66,2.22,8.0,0.9,D 趨勢弱,True,9:34,286.9,升,9.0,1,False,6.0,0.3747,-0.2036,,False,False,-5.74,-1.57,263.41,4.01,1.09,47.4,,OHLC,—,HH/HL,自然反彈,False,268,2,universe
ENS,2026-09-24,177.13,5.81,False,185.36,-0.349,-0.38,True,78.8,0.43,78.3,True,3.28,2.69,17.2,-4.8,C 基底修復,False,10:21,310.4,升,22.0,4,False,6.0,0.77,0.7886,,False,False,-4.65,-1.42,181.61,-2.53,-0.77,102.9,,OHLC,—,LH/LL,自然反彈,True,268,2,universe
OSK,2026-09-24,130.17,4.88,False,147.62,-1.437,-0.98,False,78.4,-2.01,80.4,True,3.75,2.29,5.0,-2.6,D 趨勢弱,True,8:49,264.6,跌,173.0,19,False,6.0,-1.9235,-1.5228,-1.9235,False,False,-13.4,-3.57,146.61,-12.63,-3.37,85.6,,OHLC,↓,LH/LL,DT,False,268,2,universe
NPO,2026-09-24,311.19,10.93,False,303.9,-0.908,-0.73,False,77.8,-0.05,77.8,True,3.51,2.65,43.7,-0.6,C 基底修復,False,11:27,343.5,升,41.0,5,False,6.0,3.1322,2.3423,,False,True,2.34,0.67,293.88,5.56,1.58,46.5,,OHLC,↑,HH/HL,UT,False,268,2,universe
LOAR,2026-09-24,65.43,2.65,False,69.05,-0.264,-0.73,False,76.3,-0.37,76.7,True,4.05,2.38,14.4,3.6,D 趨勢弱,True,8:49,264.6,跌,157.0,23,False,6.0,-0.0143,-0.1854,-0.8911,True,False,-5.53,-1.36,66.51,-1.65,-0.41,48.3,,OHLC,—,LH/LL,自然反彈,True,268,2,universe
RPC,2026-09-24,7.4,0.3,False,8.35,-0.041,-0.68,False,76.2,-2.02,78.2,True,4.03,2.43,1.1,-2.7,D 趨勢弱,True,8:49,264.6,跌,213.0,32,False,6.0,-0.0583,-0.04,-0.0881,False,False,-12.78,-3.17,8.11,-9.59,-2.38,4.7,,OHLC,↓,LH/LL,DT,False,268,2,universe
THC,2026-09-24,249.54,8.3,False,265.76,-0.268,-0.07,False,76.1,-0.91,77.0,True,3.33,3.14,53.0,-12.8,C 基底修復,True,8:49,264.6,跌,209.0,28,False,6.0,-2.4035,-1.9093,-3.6651,False,False,-6.5,-1.95,269.08,-7.83,-2.35,221.8,,OHLC,↓,LH/LL,DT,False,268,2,universe
WS,2026-09-24,35.48,1.46,False,34.63,-0.028,-0.37,False,75.6,-0.1,75.7,True,4.12,2.45,11.7,-0.1,C 基底修復,False,10:10,305.0,升,19.0,3,False,6.0,0.2187,0.1269,,False,True,2.4,0.58,34.93,1.55,0.38,10.4,,OHLC,—,LH/LL,UT,False,268,2,universe
TRNS,2026-09-24,86.13,3.47,False,88.21,-0.551,-0.45,False,75.5,-0.96,76.5,True,4.02,2.56,45.8,-23.5,C 基底修復,False,11:04,331.8,升,34.0,5,False,6.0,0.6626,0.8516,,False,True,-2.41,-0.6,90.85,-5.48,-1.36,8.6,,OHLC,—,HH/HL,DT,False,268,2,universe
ORA,2026-09-24,92.54,3.57,False,100.87,-0.915,-0.79,False,75.4,-1.28,76.7,True,3.86,2.74,2.1,-4.2,D 趨勢弱,True,8:23,251.5,跌,90.0,12,False,6.0,-0.1556,-0.0328,-1.4916,False,False,-9.0,-2.33,97.37,-5.22,-1.35,97.2,,OHLC,—,LH/LL,自然回檔,True,268,2,universe
IRON,2026-09-24,66.44,3.03,False,75.08,-0.398,-0.65,True,74.8,0.64,74.1,False,4.56,2.16,6.9,-1.0,D 趨勢弱,True,8:49,264.6,跌,163.0,19,False,6.0,-0.7548,-0.8437,-1.5619,True,False,-13.0,-2.85,69.53,-4.65,-1.02,41.1,,OHLC,↓,LH/LL,DT,False,268,2,universe
DIN,2026-09-24,29.01,1.28,False,30.68,-0.241,-1.22,True,74.4,0.4,74.0,False,4.4,2.4,8.7,0.5,D 趨勢弱,True,9:27,283.4,升,7.0,1,False,6.0,0.0891,-0.0101,,False,False,-5.75,-1.31,29.01,0.0,0.0,11.0,,OHLC,—,LH/LL,自然反彈,True,268,2,universe
EE,2026-09-24,33.57,1.51,False,37.56,-0.071,-0.35,True,74.4,0.6,73.8,False,4.5,2.29,15.4,-2.3,D 趨勢弱,True,8:33,256.7,跌,93.0,11,False,6.0,-0.5866,-0.5856,-0.5866,False,False,-11.88,-2.64,36.04,-7.36,-1.63,16.8,,OHLC,↓,LH/LL,DT,False,268,2,universe
IMVT,2026-09-24,34.0,1.56,False,39.47,-0.319,-0.8,True,74.4,0.01,74.4,False,4.58,2.22,37.8,-2.2,D 趨勢弱,True,8:49,264.6,跌,129.0,19,False,6.0,-0.4182,-0.346,-0.6787,False,False,-16.1,-3.52,37.65,-10.74,-2.34,55.6,,OHLC,↓,LH/LL,DT,False,268,2,universe
NRIX,2026-09-24,23.65,1.07,False,25.94,-0.136,-0.23,True,74.4,0.08,74.4,False,4.53,2.26,48.8,-3.6,D 趨勢弱,True,8:49,264.6,跌,145.0,23,False,6.0,-0.2561,-0.1987,-0.3228,False,False,-9.66,-2.13,25.67,-8.54,-1.88,36.4,,OHLC,↓,LH/LL,DT,False,268,2,universe
CWK,2026-09-24,12.28,0.51,False,13.54,-0.076,-0.47,True,73.6,0.27,73.3,False,4.17,2.78,0.2,-10.5,D 趨勢弱,True,8:49,264.6,跌,174.0,20,False,6.0,-0.055,-0.0531,-0.1876,False,False,-10.25,-2.46,12.9,-5.05,-1.21,23.3,,OHLC,—,LH/LL,DT,True,268,2,universe
TPC,2026-09-24,83.32,3.1,False,88.37,-0.423,-1.03,True,73.4,0.2,73.2,False,3.72,3.27,49.6,-2.0,C 基底修復,True,8:49,264.6,跌,267.0,26,False,6.0,-0.4003,-0.3452,-1.2071,False,False,-6.07,-1.63,88.01,-5.63,-1.51,39.6,,OHLC,↓,LH/LL,DT,False,268,2,universe
TGTX,2026-09-24,57.52,2.46,True,54.56,0.205,0.56,True,72.1,0.54,71.6,False,4.28,2.94,75.8,2.9,A 待突破,False,11:37,348.3,升,43.0,5,False,6.0,0.1131,0.0896,,False,False,5.15,1.2,56.0,2.64,0.62,103.0,,OHLC,↑,HH/HL,自然反彈,False,268,2,universe
GEV,2026-09-24,955.04,39.01,False,946.82,-2.156,-0.23,True,71.8,0.69,71.1,False,4.09,3.21,41.5,-1.8,C 基底修復,False,11:51,355.5,升,48.0,6,False,6.0,6.885,6.3777,,False,True,0.86,0.21,953.83,0.13,0.03,2093.2,,OHLC,↓,LH/LL,自然反彈,False,268,2,universe
PLAB,2026-09-24,29.81,1.26,False,29.97,-0.074,-0.22,True,71.2,0.17,71.1,False,4.21,3.18,30.4,-9.0,D 趨勢弱,False,11:15,337.3,升,37.0,5,False,6.0,0.3185,0.3285,,False,True,-0.55,-0.13,30.42,-2.05,-0.49,35.2,,OHLC,↓,LH/LL,次級回檔,False,268,2,universe
CASY,2026-09-24,598.85,27.18,False,675.54,-4.767,-1.39,True,70.9,1.33,69.6,False,4.54,2.92,5.9,-0.0,D 趨勢弱,True,8:49,264.6,跌,448.0,37,False,6.0,-1.7864,-4.5361,-18.6555,True,False,-12.81,-2.82,607.45,-1.44,-0.32,486.5,,OHLC,—,LH/LL,自然反彈,True,268,2,universe
WOOF,2026-09-24,2.29,0.12,False,2.61,-0.012,-0.43,True,67.9,0.87,67.0,False,5.21,2.83,0.0,0.0,D 趨勢弱,True,8:49,264.6,跌,193.0,22,False,6.0,-0.0134,-0.0137,-0.0336,True,False,-13.88,-2.66,2.4,-4.8,-0.92,7.5,,OHLC,—,LH/LL,DT,True,268,2,universe
SMPL,2026-09-24,9.43,0.46,False,10.6,-0.039,-0.4,True,67.1,0.09,67.0,False,4.88,3.32,1.1,-1.3,D 趨勢弱,True,8:49,264.6,跌,126.0,12,False,6.0,-0.0749,-0.0619,-0.1868,False,False,-12.37,-2.53,10.19,-8.06,-1.65,24.7,,OHLC,—,LH/LL,DT,True,268,2,universe
BELFB,2026-09-24,250.96,10.51,False,253.09,-1.583,-0.72,True,66.2,0.25,66.0,False,4.19,4.18,54.7,1.2,C 基底修復,False,11:47,353.7,升,47.0,5,False,6.0,2.5877,2.3657,,False,True,-0.85,-0.2,227.58,9.32,2.23,36.8,,OHLC,↑,HH/HL,UT,False,268,2,universe
CLF,2026-09-24,12.5,0.59,True,11.95,0.011,0.1,False,66.1,-0.39,66.4,False,4.74,3.67,58.0,3.2,C 基底修復,False,11:29,344.5,升,41.0,6,False,6.0,0.0407,0.0523,,False,True,4.38,0.92,12.23,2.16,0.46,158.6,,OHLC,↑,HH/HL,自然回檔,False,268,2,universe
BELFA,2026-09-24,203.15,8.68,False,210.47,-2.703,-0.94,True,65.4,0.83,64.6,False,4.27,4.26,39.6,-1.1,D 趨勢弱,False,11:47,353.5,升,46.0,4,False,6.0,1.5987,1.3822,,False,True,-3.6,-0.84,208.72,-2.74,-0.64,18.2,,OHLC,↓,LH/LL,自然反彈,False,268,2,universe
ECG,2026-09-24,116.7,5.43,False,120.7,-1.043,-0.74,True,64.8,0.76,64.0,False,4.65,4.0,38.2,3.8,D 趨勢弱,False,12:31,15.4,升,59.0,6,False,6.0,0.9137,0.8008,,False,True,-3.43,-0.74,117.97,-1.09,-0.23,48.7,,OHLC,—,LH/LL,自然反彈,True,268,2,universe
MTW,2026-09-24,21.43,0.89,True,20.58,0.071,0.93,False,64.7,-1.89,66.6,False,4.16,4.5,66.5,1.4,B 上升結構,False,3:26,103.0,跌,7.0,1,False,6.0,-0.0352,0.052,-0.2406,False,True,3.99,0.96,20.18,5.83,1.4,8.7,,OHLC,↑,HH/HL,自然回檔,False,268,2,universe
QUBT,2026-09-24,9.16,0.43,True,8.51,0.01,0.08,True,64.2,0.15,64.1,False,4.7,4.06,26.8,-7.1,D 趨勢弱,False,12:02,0.9,升,51.0,6,False,6.0,0.1537,0.1501,,False,False,7.08,1.51,,,,59.1,,OHLC,—,LH/LL,UT,False,268,2,universe
CAMT,2026-09-24,145.12,7.59,False,145.71,-1.935,-0.47,True,59.6,0.55,59.0,False,5.23,4.5,32.8,1.7,D 趨勢弱,False,1:30,45.0,升,75.0,6,False,6.0,1.1451,1.4194,,False,True,-0.41,-0.08,133.84,7.77,1.49,53.0,,OHLC,↑,HH/HL,自然回檔,False,268,2,universe
MTSI,2026-09-24,284.94,15.29,False,273.68,-1.285,-0.34,True,57.4,0.27,57.1,False,5.36,4.83,51.2,0.1,D 趨勢弱,False,11:46,352.8,升,46.0,5,False,6.0,3.3944,2.8455,,False,True,3.95,0.74,273.31,4.08,0.76,355.7,,OHLC,—,LH/LL,UT,False,268,2,universe
AXON,2026-09-24,445.0,25.98,False,516.54,-7.711,-1.06,True,56.8,0.91,55.8,False,5.84,4.51,5.0,-5.0,D 趨勢弱,True,8:49,264.6,跌,139.0,23,False,6.0,-3.5746,-4.5299,-15.117,True,False,-16.08,-2.75,459.32,-3.22,-0.55,513.8,,OHLC,↓,LH/LL,DT,False,268,2,universe
BEAM,2026-09-24,24.66,1.56,False,26.74,-0.105,-0.25,True,56.7,0.19,56.5,False,6.31,4.04,1.7,0.4,D 趨勢弱,True,8:49,264.6,跌,122.0,13,False,6.0,-0.0466,-0.0818,-0.6601,True,False,-8.44,-1.34,25.52,-3.49,-0.55,50.9,,OHLC,—,HH/HL,自然回檔,True,268,2,universe
IPX,2026-09-24,19.62,1.37,False,20.83,-0.079,-0.4,True,50.5,1.32,49.2,False,6.96,4.86,2.2,-3.9,D 趨勢弱,False,12:05,2.3,升,51.0,5,False,6.0,0.1331,0.1828,,False,True,-6.15,-0.88,21.47,-9.43,-1.36,7.3,,OHLC,↓,LH/LL,DT,False,268,2,universe
LUNR,2026-09-24,15.7,1.09,False,16.46,-0.049,-0.15,True,50.1,0.54,49.5,False,6.96,4.96,39.7,3.2,D 趨勢弱,False,10:14,306.9,升,21.0,4,False,6.0,0.1912,0.1625,,False,True,-4.86,-0.7,16.03,-2.1,-0.3,103.4,,OHLC,—,LH/LL,自然反彈,False,268,2,universe
ABSI,2026-09-24,10.34,0.71,True,9.26,0.024,0.4,True,48.9,0.29,48.6,False,6.89,5.34,66.0,5.9,B 上升結構,False,10:59,329.5,升,33.0,5,False,6.0,0.2023,0.1835,,False,False,10.47,1.52,9.74,5.8,0.84,35.6,,OHLC,↑,HH/HL,自然反彈,False,268,2,universe
XPOF,2026-09-24,3.75,0.28,False,4.47,-0.039,-1.33,True,48.6,1.4,47.2,False,7.59,4.7,10.0,10.0,D 趨勢弱,True,7:17,218.3,跌,71.0,12,False,6.0,-0.0039,-0.0156,-0.2059,True,False,-19.17,-2.53,4.0,-6.67,-0.88,3.0,,OHLC,—,LH/LL,自然回檔,True,268,2,universe
ALAB,2026-09-24,360.51,23.21,True,301.12,0.794,0.15,True,46.5,0.48,46.0,False,6.44,6.42,45.7,0.5,E 延伸,False,2:49,84.6,升,114.0,6,False,6.0,11.1425,10.7069,,False,False,16.47,2.56,284.53,21.08,3.27,1215.4,,OHLC,↑,HH/HL,UT,False,268,2,universe
QDEL,2026-09-24,10.69,0.82,False,12.86,-0.151,-0.76,True,46.5,1.5,45.0,False,7.66,5.2,0.0,0.0,D 趨勢弱,True,8:49,264.6,跌,103.0,16,False,6.0,-0.0855,-0.1325,-0.4885,True,False,-20.27,-2.65,10.94,-2.34,-0.31,16.2,,OHLC,↓,LH/LL,自然反彈,False,268,2,universe
QMCO,2026-09-24,29.49,2.36,True,24.64,0.817,1.43,False,36.2,-0.92,37.2,False,7.99,8.11,65.0,-9.7,E 延伸,True,9:25,282.3,升,7.0,1,False,6.0,0.1175,-0.116,,False,False,16.44,2.06,23.03,21.91,2.74,35.0,,OHLC,↑,HH/HL,UT,False,268,2,universe
AEHR,2026-09-24,97.42,8.75,False,97.05,-1.168,-0.26,True,31.7,0.36,31.4,False,8.98,8.93,73.1,-0.9,D 趨勢弱,False,12:32,15.9,升,59.0,5,False,6.0,1.599,1.6167,,False,True,0.38,0.04,123.3,-26.57,-2.96,246.8,,OHLC,—,HH/HL,自然回檔,True,268,2,universe
BRUN,2026-09-24,16.72,1.69,False,18.37,-0.161,-0.19,True,31.2,1.15,30.0,False,10.13,8.02,19.5,-2.0,D 趨勢弱,False,10:58,329.0,升,33.0,5,False,6.0,0.274,0.2682,,False,True,-9.84,-0.97,17.27,-3.29,-0.32,39.4,,OHLC,↓,LH/LL,自然回檔,False,187,2,universe
AXTI,2026-09-24,75.9,7.06,False,70.54,-0.208,-0.2,True,28.7,0.29,28.4,False,9.3,10.0,55.0,0.3,D 趨勢弱,False,11:20,340.2,升,39.0,6,False,6.0,1.6676,1.6844,,False,True,7.06,0.76,73.78,2.79,0.3,577.1,,OHLC,—,HH/HL,自然反彈,False,268,2,universe
FCUV,2026-09-24,4.73,1.56,False,10.76,-0.007,0.21,True,4.2,0.16,4.0,False,32.95,29.47,15.0,0.0,D 趨勢弱,True,7:44,232.1,跌,79.0,12,False,6.0,-0.5071,-0.5955,-0.9964,True,False,-127.5,-3.87,5.7,-20.51,-0.62,3.4,,OHLC,—,LH/LL,自然反彈,True,268,2,universe
PFSA,2026-09-24,3.03,1.2,False,9.73,-6.945,-6.89,True,3.5,1.06,2.4,False,39.5,29.38,5.0,-5.0,D 趨勢弱,True,9:55,297.3,升,15.0,6,False,6.0,0.2288,0.1464,,False,False,-221.29,-5.6,2.05,32.34,0.82,13.4,,OHLC,—,HH/HL,自然反彈,False,268,2,universe
SWX,2026-09-24,81.38,1.59,False,87.39,-0.325,-1.16,False,93.1,-0.09,93.2,True,1.95,1.06,18.5,-1.4,D 趨勢弱,True,8:49,264.6,跌,232.0,27,False,7.0,-0.5276,-0.4368,-0.5276,False,False,-7.38,-3.78,81.95,-0.7,-0.36,63.5,,OHLC,↓,LH/LL,DT,False,268,2,universe
ACEL,2026-09-24,11.04,0.24,False,11.68,-0.051,-0.95,False,91.3,-0.24,91.6,True,2.19,1.25,17.2,0.0,D 趨勢弱,True,8:49,264.6,跌,175.0,26,False,7.0,-0.041,-0.04,-0.0449,False,False,-5.84,-2.67,11.88,-7.61,-3.48,3.5,,OHLC,↓,LH/LL,DT,False,268,2,universe
MAC,2026-09-24,22.64,0.51,False,23.37,-0.078,-0.84,True,89.8,0.28,89.5,True,2.24,1.54,41.9,-0.1,C 基底修復,False,10:52,326.1,升,31.0,3,False,7.0,0.047,0.0357,,False,False,-3.24,-1.45,22.96,-1.41,-0.63,79.7,,OHLC,—,LH/LL,DT,True,268,2,universe
SSD,2026-09-24,173.61,3.93,False,179.54,-0.65,-1.03,True,88.9,0.17,88.8,True,2.27,1.7,17.6,-0.9,D 趨勢弱,False,10:40,320.2,升,28.0,3,False,7.0,0.5121,0.4787,,False,False,-3.42,-1.51,175.78,-1.25,-0.55,52.6,,OHLC,—,LH/LL,自然反彈,True,268,2,universe
AMCR,2026-09-24,42.1,0.97,False,44.94,-0.208,-0.89,False,88.2,-0.68,88.9,True,2.3,1.82,15.2,-12.2,D 趨勢弱,True,8:49,264.6,跌,215.0,22,False,7.0,-0.1013,-0.1182,-0.6016,True,False,-6.74,-2.93,43.24,-2.71,-1.18,149.7,,OHLC,—,LH/LL,自然回檔,True,268,2,universe
KFY,2026-09-24,72.0,2.16,False,80.32,-0.613,-0.95,False,85.2,-0.67,85.9,True,2.99,1.74,23.2,-4.2,D 趨勢弱,True,8:49,264.6,跌,440.0,33,False,7.0,-0.9086,-0.8095,-1.0873,False,False,-11.55,-3.86,85.59,-18.88,-6.3,46.1,,OHLC,↓,LH/LL,DT,False,268,2,universe
APG,2026-09-24,37.83,1.2,False,39.23,-0.15,-0.71,True,84.7,0.34,84.3,True,3.17,1.67,10.6,1.1,D 趨勢弱,False,10:09,304.7,升,19.0,2,False,7.0,0.0543,0.003,,False,False,-3.7,-1.17,39.93,-5.55,-1.75,145.5,,OHLC,—,LH/LL,自然反彈,True,268,2,universe
WMS,2026-09-24,128.84,3.83,False,134.6,-0.403,-0.96,True,83.4,0.37,83.0,True,2.97,2.12,6.1,-1.3,D 趨勢弱,False,10:52,326.1,升,31.0,3,False,7.0,0.4362,0.3227,,False,False,-4.47,-1.5,131.1,-1.75,-0.59,102.9,,OHLC,—,LH/LL,自然反彈,True,268,2,universe
FSS,2026-09-24,112.78,3.45,False,117.47,-0.478,-0.74,True,81.3,0.18,81.1,True,3.06,2.44,19.3,-1.2,D 趨勢弱,False,3:30,105.2,跌,8.0,1,False,7.0,-0.005,0.0371,-1.213,False,False,-4.16,-1.36,115.69,-2.58,-0.84,48.7,,OHLC,—,LH/LL,DT,True,268,2,universe
DGII,2026-09-24,76.75,2.67,False,73.82,-0.306,-0.63,True,76.2,0.16,76.1,True,3.48,2.97,72.9,1.8,B 上升結構,False,11:02,331.2,升,34.0,5,False,7.0,0.8099,0.6367,,False,False,3.81,1.1,67.69,11.8,3.39,26.6,,OHLC,—,LH/LL,UT,False,268,2,universe
COO,2026-09-24,55.38,2.23,False,60.04,-0.71,-1.36,True,74.4,0.06,74.4,False,4.03,2.76,0.0,0.0,D 趨勢弱,True,8:49,264.6,跌,132.0,25,False,7.0,-0.1829,-0.409,-2.1587,True,False,-8.41,-2.09,54.12,2.28,0.56,277.4,,OHLC,—,HH/HL,UT,True,268,2,universe
BCRX,2026-09-24,8.52,0.38,False,9.03,-0.065,-0.63,True,70.7,0.78,69.9,False,4.43,3.08,13.6,-2.1,D 趨勢弱,True,8:49,264.6,跌,108.0,13,False,7.0,-0.0141,-0.0198,-0.2119,True,False,-6.03,-1.36,8.78,-3.05,-0.69,42.6,,OHLC,—,LH/LL,DT,True,268,2,universe
PI,2026-09-24,176.57,8.05,False,173.12,-0.132,0.08,True,69.5,1.15,68.3,False,4.56,3.17,48.8,3.8,C 基底修復,False,3:24,102.1,跌,7.0,1,False,7.0,-0.2159,0.1176,-2.2481,False,True,1.96,0.43,174.14,1.38,0.3,71.5,,OHLC,—,HH/HL,自然回檔,True,268,2,universe
TBBK,2026-09-24,49.99,2.08,False,55.58,-0.485,-1.5,True,68.6,1.03,67.5,False,4.16,3.75,5.0,0.0,D 趨勢弱,True,8:49,264.6,跌,383.0,33,False,7.0,-0.3471,-0.545,-1.9946,True,False,-11.17,-2.68,54.78,-9.58,-2.3,34.4,,OHLC,—,LH/LL,DT,True,268,2,universe
LQDA,2026-09-24,70.95,3.22,False,70.15,-1.025,-1.16,True,67.1,0.47,66.6,False,4.53,3.67,56.1,-4.9,C 基底修復,False,12:47,23.3,升,63.0,7,False,7.0,0.6944,0.4654,,False,True,1.13,0.25,67.68,4.61,1.02,80.6,,OHLC,↑,HH/HL,UT,False,268,2,universe
IMRX,2026-09-24,4.34,0.22,False,4.81,-0.021,-0.13,True,66.7,0.09,66.6,False,4.96,3.32,0.0,0.0,D 趨勢弱,True,8:49,264.6,跌,164.0,18,False,7.0,-0.0271,-0.0268,-0.102,False,False,-10.85,-2.19,5.11,-17.63,-3.56,3.4,,OHLC,—,LH/LL,DT,True,268,2,universe
ANAB,2026-09-24,51.7,2.46,False,55.88,-0.171,-0.31,True,64.8,0.95,63.8,False,4.76,3.9,37.3,-8.8,D 趨勢弱,True,8:49,264.6,跌,185.0,18,False,7.0,-0.3824,-0.3352,-0.9508,False,False,-8.08,-1.7,55.2,-6.77,-1.42,29.7,,OHLC,↓,LH/LL,DT,False,268,2,universe
XMTR,2026-09-24,97.38,5.02,True,93.17,0.646,0.71,False,63.2,-4.96,68.2,False,5.15,3.82,62.6,-1.4,B 上升結構,False,12:23,11.6,升,56.0,6,False,7.0,1.3764,1.8274,,False,True,4.33,0.84,,,,75.6,,OHLC,—,LH/LL,自然回檔,False,268,2,universe
VGZ,2026-09-24,2.71,0.15,True,2.45,0.016,1.23,True,60.1,0.32,59.8,False,5.4,4.22,43.9,-2.3,C 基底修復,False,10:34,316.8,升,26.0,4,False,7.0,0.0535,0.0538,,False,False,9.74,1.8,2.42,10.7,1.98,4.7,,OHLC,↑,HH/HL,自然回檔,False,268,2,universe
ANNX,2026-09-24,3.8,0.26,False,4.61,-0.047,-0.8,True,54.0,0.49,53.5,False,6.72,4.26,8.1,0.1,D 趨勢弱,True,8:49,264.6,跌,187.0,24,False,7.0,-0.0199,-0.014,-0.1162,False,False,-21.34,-3.17,4.23,-11.32,-1.68,12.7,,OHLC,—,LH/LL,DT,True,268,2,universe
SIDU,2026-09-24,2.07,0.13,False,2.21,-0.025,-0.5,True,51.9,1.25,50.6,False,6.47,5.01,30.5,1.2,D 趨勢弱,True,9:42,291.0,升,12.0,3,False,7.0,0.0114,0.0079,,False,False,-6.82,-1.05,2.02,2.42,0.37,7.3,,OHLC,—,LH/LL,自然反彈,True,268,2,universe
BBNX,2026-09-24,21.76,1.48,True,19.75,0.089,0.52,True,51.3,0.36,50.9,False,6.8,4.82,42.5,-0.0,D 趨勢弱,False,11:14,337.0,升,37.0,6,False,7.0,0.267,0.335,,False,False,9.24,1.36,21.43,1.52,0.22,29.5,,OHLC,↑,HH/HL,自然回檔,False,268,2,universe
CIEN,2026-09-24,358.43,24.57,False,364.73,-3.444,-0.33,True,50.9,0.9,50.0,False,6.86,4.86,22.5,-3.2,D 趨勢弱,False,1:48,54.0,升,80.0,6,False,7.0,4.7116,4.6992,,False,True,-1.76,-0.26,319.64,10.82,1.58,966.1,,OHLC,—,HH/HL,自然回檔,True,268,2,universe
HYMC,2026-09-24,20.89,1.58,False,23.49,-0.21,-0.59,True,46.1,0.22,45.8,False,7.57,5.41,15.0,0.0,D 趨勢弱,True,8:49,264.6,跌,121.0,21,False,7.0,-0.0306,-0.0318,-0.5368,True,False,-12.45,-1.64,21.51,-2.97,-0.39,47.2,,OHLC,—,LH/LL,次級回檔,True,268,2,universe
AGPU,2026-09-24,11.35,1.07,True,10.68,0.036,0.43,False,32.4,-0.06,32.4,False,9.4,8.23,55.3,2.3,D 趨勢弱,False,3:49,114.4,跌,14.0,1,False,7.0,-0.0149,0.0533,-0.1166,False,True,5.9,0.63,12.13,-6.87,-0.73,3.6,,OHLC,—,HH/HL,DT,False,268,2,universe
INVH,2026-09-24,26.5,0.45,False,28.3,-0.105,-1.49,False,94.1,-0.21,94.3,True,1.72,1.05,16.0,-1.8,D 趨勢弱,True,8:49,264.6,跌,160.0,21,False,8.0,-0.0814,-0.0746,-0.2123,False,False,-6.81,-3.97,27.9,-5.28,-3.08,153.7,,OHLC,↓,LH/LL,DT,False,268,2,universe
AMH,2026-09-24,30.67,0.54,False,32.35,-0.171,-1.46,False,94.0,-0.07,94.0,True,1.75,1.05,18.9,-0.7,D 趨勢弱,True,8:49,264.6,跌,182.0,20,False,8.0,-0.0896,-0.0899,-0.2609,True,False,-5.49,-3.15,31.96,-4.21,-2.41,91.8,,OHLC,↓,LH/LL,DT,False,268,2,universe
PBAM,2026-09-24,85.79,1.62,False,89.69,-0.091,-0.15,False,93.7,-0.67,94.3,True,1.89,0.99,33.7,-33.0,C 基底修復,True,8:49,264.6,跌,123.0,29,False,8.0,-0.7291,-0.5934,-0.7291,False,False,-4.55,-2.41,92.09,-7.34,-3.89,14.6,,OHLC,—,LH/LL,自然回檔,False,187,2,universe
HIG,2026-09-24,125.69,2.41,False,135.5,-0.351,-1.05,False,92.5,-0.02,92.5,True,1.91,1.26,17.7,-0.5,D 趨勢弱,True,7:33,226.3,跌,76.0,13,False,8.0,-1.1107,-0.9996,-1.1107,False,False,-7.8,-4.08,132.14,-5.13,-2.68,214.4,,OHLC,↓,LH/LL,DT,False,268,2,universe
CHD,2026-09-24,95.33,1.77,False,97.79,-0.135,-0.63,False,92.4,-0.04,92.5,True,1.86,1.33,23.4,-11.5,D 趨勢弱,False,11:05,332.6,升,35.0,2,False,8.0,0.0332,0.0056,,False,True,-2.58,-1.39,96.28,-1.0,-0.54,176.7,,OHLC,—,LH/LL,自然反彈,True,268,2,universe
HMN,2026-09-24,45.88,1.12,False,49.76,-0.23,-1.08,False,89.8,-0.17,89.9,True,2.43,1.36,17.3,-2.0,D 趨勢弱,True,8:49,264.6,跌,104.0,13,False,8.0,-0.3698,-0.316,-0.3698,False,False,-8.45,-3.47,49.78,-8.5,-3.5,16.3,,OHLC,↓,LH/LL,DT,False,268,2,universe
EW,2026-09-24,85.73,2.1,False,88.99,-0.215,-0.3,True,89.0,0.09,88.9,True,2.45,1.51,35.6,-13.1,C 基底修復,False,3:19,99.6,跌,5.0,1,False,8.0,-0.0975,0.013,-0.7388,False,False,-3.81,-1.55,89.28,-4.14,-1.69,288.2,,OHLC,↓,LH/LL,自然回檔,False,268,2,universe
TCBX,2026-09-24,42.81,1.07,False,44.83,-0.107,-0.19,False,88.3,-0.04,88.4,True,2.5,1.59,48.4,0.1,C 基底修復,True,8:49,264.6,跌,251.0,26,False,8.0,-0.3227,-0.2969,-0.3227,False,False,-4.71,-1.88,46.14,-7.78,-3.11,4.9,,OHLC,↓,LH/LL,DT,False,268,2,universe
LHX,2026-09-24,238.04,5.64,False,259.78,-1.621,-1.19,True,87.5,0.17,87.3,True,2.37,1.9,5.8,-0.2,D 趨勢弱,False,4:17,128.6,跌,21.0,3,False,8.0,-0.4026,-0.3179,-2.3914,False,False,-9.13,-3.86,250.74,-5.34,-2.25,421.1,,OHLC,↓,LH/LL,DT,False,268,2,universe
ABT,2026-09-24,101.07,2.44,False,107.98,-0.195,-0.56,False,87.1,-0.57,87.7,True,2.41,1.94,7.1,-2.3,D 趨勢弱,True,8:49,264.6,跌,164.0,20,False,8.0,-0.4519,-0.4335,-1.6482,False,False,-6.84,-2.84,113.91,-12.7,-5.27,929.0,,OHLC,—,LH/LL,DT,True,268,2,universe
IRMD,2026-09-24,85.2,2.19,False,85.18,-0.199,-0.55,False,86.8,-0.32,87.1,True,2.57,1.85,17.5,-3.1,C 基底修復,False,11:04,332.2,升,35.0,4,False,8.0,0.5695,0.54,,False,True,0.03,0.01,81.51,4.33,1.68,10.4,,OHLC,—,HH/HL,自然反彈,False,268,2,universe
RLI,2026-09-24,56.15,1.43,False,61.9,-0.287,-0.99,False,86.5,-0.25,86.8,True,2.54,1.93,12.1,0.6,D 趨勢弱,True,8:49,264.6,跌,138.0,21,False,8.0,-0.6037,-0.5454,-0.6037,False,False,-10.24,-4.02,61.71,-9.9,-3.89,38.4,,OHLC,↓,LH/LL,DT,False,268,2,universe
FCN,2026-09-24,130.45,3.88,False,147.35,-0.618,-0.99,False,85.5,-1.15,86.6,True,2.97,1.71,1.0,0.2,D 趨勢弱,True,8:49,264.6,跌,107.0,11,False,8.0,-1.773,-1.5593,-1.773,False,False,-12.96,-4.36,152.94,-17.24,-5.8,59.2,,OHLC,↓,LH/LL,DT,False,268,2,universe
SWK,2026-09-24,90.17,2.56,False,94.45,-0.42,-1.0,False,84.7,-0.32,85.0,True,2.84,2.0,40.7,-3.3,C 基底修復,True,8:49,264.6,跌,380.0,28,False,8.0,-0.0304,-0.0882,-1.3075,True,False,-4.75,-1.67,91.81,-1.82,-0.64,156.4,,OHLC,—,LH/LL,自然回檔,True,268,2,universe
DHR,2026-09-24,223.77,5.8,True,211.3,0.857,0.5,False,83.9,-0.17,84.1,True,2.59,2.39,57.6,-9.3,A 待突破,False,11:08,334.0,升,36.0,4,False,8.0,1.4919,1.2227,,False,False,5.57,2.15,,,,830.6,,OHLC,—,LH/LL,UT,False,268,2,universe
CHH,2026-09-24,100.96,3.11,False,102.19,-0.104,-0.4,False,83.4,-0.34,83.8,True,3.08,2.0,11.5,-0.4,D 趨勢弱,False,10:30,315.0,升,25.0,3,False,8.0,0.5628,0.4564,,False,True,-1.22,-0.4,,,,58.3,,OHLC,—,LH/LL,UT,True,268,2,universe
AON,2026-09-24,276.09,8.32,False,313.42,-2.478,-1.38,False,83.1,-0.22,83.3,True,3.01,2.14,5.0,0.0,D 趨勢弱,True,8:49,264.6,跌,466.0,39,False,8.0,-2.5544,-2.4239,-4.3365,False,False,-13.52,-4.49,311.54,-12.84,-4.26,666.0,,OHLC,↓,LH/LL,DT,False,268,2,universe
STC,2026-09-24,59.73,1.84,False,66.67,-0.301,-0.66,False,83.1,-1.24,84.3,True,3.07,2.08,8.0,-5.0,D 趨勢弱,True,8:30,254.9,跌,92.0,14,False,8.0,-0.6971,-0.5742,-0.6971,False,False,-11.62,-3.78,69.63,-16.57,-5.39,17.3,,OHLC,↓,LH/LL,DT,False,268,2,universe
AJG,2026-09-24,227.13,6.68,False,252.51,-1.058,-0.57,False,83.0,-0.21,83.2,True,2.94,2.22,6.3,0.0,D 趨勢弱,True,8:49,264.6,跌,115.0,17,False,8.0,-2.841,-2.8129,-3.2277,False,False,-11.18,-3.8,253.3,-11.52,-3.92,349.2,,OHLC,↓,LH/LL,DT,False,268,2,universe
BOX,2026-09-24,32.32,1.03,False,34.03,-0.003,0.09,False,81.8,-0.09,81.8,True,3.18,2.22,49.2,-1.2,C 基底修復,True,8:49,264.6,跌,142.0,13,False,8.0,-0.3949,-0.3582,-0.3949,False,False,-5.3,-1.66,34.86,-7.86,-2.47,104.4,,OHLC,↓,LH/LL,DT,False,268,2,universe
RVTY,2026-09-24,150.68,4.98,True,132.19,1.054,1.04,False,80.4,-1.06,81.4,True,3.31,2.37,62.6,3.0,E 延伸,False,1:48,54.0,升,80.0,8,False,8.0,1.1764,0.9294,,False,False,12.27,3.71,142.11,5.69,1.72,299.6,,OHLC,↑,HH/HL,UT,False,268,2,universe
IDYA,2026-09-24,36.74,1.46,False,38.92,-0.074,0.04,False,77.0,-1.21,78.2,True,3.96,2.35,36.0,-9.5,D 趨勢弱,True,8:49,264.6,跌,108.0,15,False,8.0,-0.2459,-0.1611,-0.4624,False,False,-5.93,-1.5,36.77,-0.08,-0.02,32.4,,OHLC,↓,LH/LL,DT,False,268,2,universe
TPG,2026-09-24,43.63,1.78,False,50.34,-0.398,-0.38,False,76.1,-1.32,77.4,True,4.08,2.4,1.4,-1.0,D 趨勢弱,True,8:49,264.6,跌,213.0,21,False,8.0,-0.723,-0.6959,-1.0018,False,False,-15.38,-3.77,47.98,-9.97,-2.45,131.4,,OHLC,↓,LH/LL,DT,False,268,2,universe
KMPR,2026-09-24,25.2,1.01,False,27.23,-0.034,-0.27,False,75.3,-0.8,76.1,True,4.02,2.62,5.7,-2.7,D 趨勢弱,True,6:28,194.1,跌,58.0,6,False,8.0,-0.2151,-0.1644,-0.4081,False,False,-8.05,-2.0,26.22,-4.05,-1.01,24.7,,OHLC,↓,LH/LL,DT,False,268,2,universe
BSY,2026-09-24,31.9,1.27,False,33.96,-0.111,-0.64,False,75.2,-0.42,75.6,True,3.97,2.67,1.4,-0.4,D 趨勢弱,True,8:49,264.6,跌,229.0,18,False,8.0,-0.0435,-0.0722,-0.7724,True,False,-6.44,-1.62,31.1,2.51,0.63,89.7,,OHLC,—,HH/HL,次級回檔,True,268,2,universe
RYAN,2026-09-24,36.74,1.52,False,40.57,-0.213,-0.71,True,74.8,0.8,74.0,False,4.14,2.58,6.9,0.4,D 趨勢弱,True,8:49,264.6,跌,354.0,35,False,8.0,-0.3753,-0.3313,-0.612,False,False,-10.42,-2.52,40.29,-9.66,-2.33,84.4,,OHLC,↓,LH/LL,DT,False,268,2,universe
OCTV,2026-09-24,19.05,0.88,True,18.76,0.034,0.02,False,71.4,-1.37,72.7,False,4.6,2.77,36.1,2.0,C 基底修復,False,12:00,0.0,升,50.0,3,False,8.0,0.072,0.0932,,False,True,1.52,0.33,18.27,4.09,0.89,62.7,,OHLC,↑,HH/HL,自然回檔,False,87,2,universe
INTA,2026-09-24,36.83,1.58,False,39.52,-0.072,-0.2,True,70.5,0.81,69.7,False,4.28,3.25,56.8,11.8,C 基底修復,True,8:49,264.6,跌,206.0,23,False,8.0,-0.5618,-0.6765,-0.9869,True,False,-7.29,-1.71,37.98,-3.12,-0.73,24.7,,OHLC,—,LH/LL,自然反彈,True,268,2,universe
NEO,2026-09-24,19.56,0.85,True,18.09,0.095,0.82,False,69.8,-0.08,69.9,False,4.33,3.34,63.9,-9.5,E 延伸,True,9:28,284.1,升,8.0,1,False,8.0,0.0036,-0.0147,,False,False,7.54,1.74,18.36,6.13,1.42,39.8,,OHLC,↑,HH/HL,自然反彈,False,268,2,universe
TMDX,2026-09-24,83.9,4.21,False,87.72,-0.085,0.13,False,69.2,-1.26,70.4,False,5.02,2.77,9.6,-13.3,D 趨勢弱,True,8:49,264.6,跌,167.0,19,False,8.0,-0.4042,-0.2202,-1.4641,False,True,-4.55,-0.91,89.53,-6.71,-1.34,64.6,,OHLC,—,LH/LL,自然回檔,False,268,2,universe
GH,2026-09-24,176.45,8.04,True,167.12,0.471,0.31,True,68.8,0.06,68.8,False,4.56,3.3,70.8,-8.9,B 上升結構,False,1:28,44.0,升,74.0,8,False,8.0,0.7924,1.0102,,False,False,5.29,1.16,172.86,2.03,0.45,318.3,,OHLC,↑,HH/HL,自然回檔,False,268,2,universe
KMTS,2026-09-24,25.76,1.33,False,25.37,-0.095,-0.27,True,65.5,1.09,64.4,False,5.16,3.34,55.3,1.8,B 上升結構,False,11:15,337.5,升,38.0,3,False,8.0,0.1372,0.096,,False,True,1.5,0.29,26.09,-1.28,-0.25,9.7,,OHLC,↓,LH/LL,次級回檔,False,268,2,universe
CRSP,2026-09-24,55.7,2.9,True,56.5,0.006,0.2,False,64.9,-0.23,65.1,False,5.2,3.43,35.1,-6.6,C 基底修復,False,11:09,334.7,升,36.0,4,False,8.0,0.1352,0.2174,,False,True,-1.43,-0.28,59.34,-6.54,-1.26,90.5,,OHLC,—,LH/LL,自然回檔,False,268,2,universe
MASS,2026-09-24,11.52,0.57,True,10.46,0.054,0.53,True,64.6,0.47,64.1,False,4.98,3.72,70.5,-12.5,B 上升結構,False,11:55,357.3,升,48.0,4,False,8.0,0.0938,0.0592,,False,False,9.24,1.86,10.94,5.03,1.01,4.0,,OHLC,↑,HH/HL,UT,False,268,2,universe
RWT,2026-09-24,3.68,0.2,False,3.86,-0.014,-0.13,True,64.1,0.89,63.2,False,5.43,3.35,0.0,0.0,D 趨勢弱,False,3:52,115.9,跌,14.0,2,False,8.0,-0.0133,-0.0059,-0.1022,False,True,-4.82,-0.89,4.11,-11.68,-2.15,29.8,,OHLC,↓,LH/LL,DT,False,268,2,universe
CAI,2026-09-24,32.27,1.48,True,26.74,0.297,1.43,True,62.5,0.52,61.9,False,4.57,4.55,53.8,1.2,E 延伸,False,10:49,324.3,升,30.0,7,False,8.0,0.42,0.4173,,False,False,17.12,3.75,29.98,7.1,1.55,160.1,,OHLC,↑,HH/HL,UT,False,268,2,universe
QLYS,2026-09-24,182.94,9.35,False,177.65,-0.074,-0.09,True,61.6,0.52,61.0,False,5.11,4.2,65.6,-1.0,B 上升結構,False,10:53,326.5,升,31.0,4,False,8.0,0.6854,0.6776,,False,True,2.89,0.57,174.35,4.7,0.92,135.9,,OHLC,—,LH/LL,UT,False,268,2,universe
CELH,2026-09-24,28.43,1.36,True,30.29,0.06,0.98,False,61.1,-0.78,61.9,False,4.78,4.63,10.0,0.0,D 趨勢弱,True,8:49,264.6,跌,132.0,16,False,8.0,-0.0349,-0.0501,-0.7418,True,False,-6.55,-1.37,27.85,2.04,0.43,214.7,,OHLC,—,HH/HL,次級回檔,True,268,2,universe
SPCE,2026-09-24,3.2,0.18,False,3.08,-0.015,-0.04,True,60.6,0.12,60.4,False,5.73,3.79,37.7,-14.6,D 趨勢弱,False,12:06,2.9,升,52.0,6,False,8.0,0.0224,0.0241,,False,True,3.6,0.63,3.12,2.5,0.44,18.1,,OHLC,↑,HH/HL,自然反彈,False,268,2,universe
CHYM,2026-09-24,27.07,1.52,False,32.04,-0.097,-0.08,True,60.3,1.16,59.2,False,5.61,3.96,33.4,3.3,D 趨勢弱,True,8:49,264.6,跌,130.0,21,False,8.0,-0.9881,-0.9708,-0.9881,False,False,-18.36,-3.27,,,,256.4,,OHLC,—,HH/HL,自然反彈,False,268,2,universe
RBRK,2026-09-24,113.8,5.92,True,99.32,0.322,0.46,True,59.5,0.58,58.9,False,5.2,4.55,58.1,-1.3,E 延伸,False,12:05,2.5,升,51.0,8,False,8.0,1.7798,1.9279,,False,False,12.73,2.45,,,,396.7,,OHLC,—,LH/LL,UT,False,268,2,universe
SAIL,2026-09-24,22.12,1.24,True,19.55,0.143,0.42,True,59.5,1.29,58.2,False,5.6,4.14,51.2,1.8,E 延伸,False,11:57,358.4,升,49.0,7,False,8.0,0.2509,0.1993,,False,False,11.64,2.08,,,,108.0,,OHLC,—,LH/LL,UT,False,268,2,universe
CLDX,2026-09-24,31.48,2.14,False,36.69,-0.628,-1.86,True,59.0,1.55,57.5,False,6.8,3.05,13.0,0.5,D 趨勢弱,True,8:49,264.6,跌,180.0,26,False,8.0,-0.8599,-0.7394,-0.8599,False,False,-16.55,-2.43,39.18,-24.46,-3.6,57.8,,OHLC,↓,LH/LL,DT,False,268,2,universe
TBI,2026-09-24,9.53,0.46,False,9.73,-0.013,-0.58,False,57.9,-0.72,58.6,False,4.8,5.3,56.4,-5.0,B 上升結構,True,8:49,264.6,跌,280.0,21,False,8.0,-0.0049,-0.0147,-0.2847,True,True,-2.12,-0.44,9.94,-4.3,-0.9,3.0,,OHLC,—,LH/LL,自然回檔,False,268,2,universe
GWRE,2026-09-24,151.0,8.4,False,168.36,-0.461,-0.35,True,57.4,0.46,56.9,False,5.56,4.64,10.2,-0.1,D 趨勢弱,True,8:49,264.6,跌,102.0,14,False,8.0,-1.189,-1.7772,-8.2291,True,False,-11.5,-2.07,153.0,-1.32,-0.24,276.1,,OHLC,—,LH/LL,自然反彈,True,268,2,universe
SDGR,2026-09-24,29.45,1.71,True,24.5,0.356,1.72,True,56.1,0.51,55.6,False,5.82,4.68,58.0,1.1,E 延伸,False,11:55,357.3,升,48.0,8,False,8.0,0.7995,0.9404,,False,False,16.82,2.89,29.02,1.46,0.25,56.5,,OHLC,↑,HH/HL,自然回檔,False,268,2,universe
WGS,2026-09-24,88.48,5.75,True,88.39,0.163,0.71,False,55.8,-0.86,56.7,False,6.5,4.06,45.2,0.4,D 趨勢弱,False,4:06,123.1,跌,18.0,2,False,8.0,-0.9802,-0.6503,-0.9802,False,True,0.1,0.02,85.2,3.71,0.57,62.0,,OHLC,↑,HH/HL,自然反彈,False,268,2,universe
DYN,2026-09-24,16.51,1.18,False,20.69,-0.287,-1.23,True,55.4,1.59,53.8,False,7.17,3.47,12.5,0.4,D 趨勢弱,True,8:49,264.6,跌,519.0,35,False,8.0,-0.3191,-0.4026,-0.9681,True,False,-25.31,-3.53,18.06,-9.39,-1.31,69.1,,OHLC,↓,LH/LL,DT,False,268,2,universe
TENB,2026-09-24,35.88,2.21,False,35.23,-0.011,-0.04,True,55.0,1.63,53.3,False,6.16,4.59,53.0,-3.1,B 上升結構,False,1:38,48.8,升,77.0,8,False,8.0,0.1796,0.2116,,False,True,1.82,0.3,36.34,-1.28,-0.21,216.6,,OHLC,↓,LH/LL,自然反彈,False,268,2,universe
IONQ,2026-09-24,44.98,2.81,True,41.19,0.075,0.02,True,53.4,0.06,53.3,False,6.24,4.89,41.2,8.8,D 趨勢弱,False,11:18,339.2,升,38.0,5,False,8.0,0.7697,0.5278,,False,False,8.43,1.35,,,,937.3,,OHLC,—,LH/LL,UT,False,268,2,universe
FDMT,2026-09-24,14.71,1.0,True,14.68,0.026,0.41,False,53.1,-1.49,54.6,False,6.82,4.37,65.3,-5.8,B 上升結構,False,3:23,101.6,跌,6.0,1,False,8.0,-0.0105,0.0219,-0.3226,False,True,0.2,0.03,15.39,-4.62,-0.68,13.3,,OHLC,—,HH/HL,DT,False,268,2,universe
TEM,2026-09-24,82.24,4.8,True,67.45,0.818,0.7,True,51.7,0.34,51.3,False,5.84,5.69,42.8,2.8,E 延伸,False,12:08,3.9,升,52.0,6,False,8.0,1.2171,1.0633,,False,False,17.99,3.08,76.59,6.87,1.18,489.8,,OHLC,↑,HH/HL,UT,False,268,2,universe
ALMR,2026-09-24,33.2,2.28,False,32.44,-0.09,0.22,True,49.5,1.1,48.4,False,6.87,5.21,53.9,2.9,B 上升結構,False,10:46,322.9,升,29.0,5,False,8.0,0.3107,0.3199,,False,True,2.3,0.34,32.7,1.51,0.22,13.7,,OHLC,—,HH/HL,自然反彈,False,111,2,universe
AGEN,2026-09-24,8.5,0.53,True,7.73,0.043,0.39,True,36.6,0.58,36.1,False,6.26,9.69,86.1,9.4,B 上升結構,False,10:10,305.0,升,19.0,3,False,8.0,0.0842,0.0717,,False,False,9.1,1.45,8.7,-2.35,-0.38,7.0,,OHLC,—,LH/LL,自然回檔,False,268,2,universe
ALOY,2026-09-24,8.52,0.76,False,10.65,-0.117,-0.92,True,35.9,0.13,35.8,False,8.95,7.27,19.0,0.4,D 趨勢弱,True,9:20,280.1,升,6.0,1,False,8.0,0.0021,-0.009,,False,False,-24.96,-2.79,9.33,-9.51,-1.06,18.2,,OHLC,—,LH/LL,DT,True,268,2,universe
TRAX,2026-09-24,35.83,3.11,False,41.41,-0.433,-0.56,True,35.8,0.48,35.3,False,8.68,7.57,5.0,-0.9,D 趨勢弱,True,8:49,264.6,跌,283.0,34,False,8.0,-0.4059,-0.2951,-1.132,False,False,-15.58,-1.79,41.03,-14.51,-1.67,29.3,,OHLC,—,LH/LL,DT,True,120,2,universe
VNCE,2026-09-24,11.14,1.03,True,7.93,0.147,0.78,True,33.1,0.23,32.8,False,9.23,8.1,55.0,0.0,E 延伸,False,12:46,22.9,升,63.0,8,False,8.0,0.4381,0.4393,,False,False,28.81,3.12,11.25,-0.99,-0.11,4.7,,OHLC,—,LH/LL,UT,False,187,2,universe
GRML,2026-09-24,14.89,2.54,True,11.35,0.31,1.99,True,10.1,1.51,8.6,False,17.05,20.89,15.0,0.0,E 延伸,False,10:56,328.2,升,32.0,4,False,8.0,1.4143,1.1466,,False,False,23.81,1.4,11.19,24.85,1.46,237.6,,OHLC,↑,HH/HL,UT,False,268,2,universe
SPG,2026-09-24,204.7,3.21,False,211.25,-0.547,-1.02,True,94.4,0.22,94.2,True,1.57,1.12,34.0,0.6,C 基底修復,False,10:37,318.5,升,27.0,3,False,9.0,0.3011,0.206,,False,False,-3.2,-2.04,206.38,-0.82,-0.52,271.5,,OHLC,—,LH/LL,DT,True,268,2,universe
AFL,2026-09-24,114.01,1.92,False,116.84,-0.141,-0.77,False,94.0,-0.04,94.0,True,1.68,1.11,27.7,-10.5,D 趨勢弱,False,1:02,31.1,升,67.0,9,False,9.0,0.0234,0.1009,,False,True,-2.49,-1.48,117.55,-3.1,-1.84,275.3,,OHLC,—,LH/LL,DT,True,268,2,universe
LAMR,2026-09-24,143.71,2.5,False,149.85,-0.407,-1.11,False,93.5,-0.05,93.5,True,1.74,1.19,36.4,-9.9,C 基底修復,True,6:37,198.7,跌,60.0,8,False,9.0,-0.3077,-0.2679,-1.0164,False,False,-4.27,-2.46,152.61,-6.19,-3.57,71.3,,OHLC,↓,LH/LL,DT,False,268,2,universe
AAT,2026-09-24,21.49,0.38,False,22.23,-0.022,-0.31,True,93.4,0.13,93.3,True,1.77,1.17,31.6,-0.4,C 基底修復,False,12:06,2.9,升,52.0,6,False,9.0,0.0337,0.0498,,False,False,-3.47,-1.96,22.13,-2.98,-1.69,10.6,,OHLC,—,LH/LL,自然回檔,True,268,2,universe
ORI,2026-09-24,37.94,0.76,False,41.08,-0.146,-1.05,False,92.3,-0.1,92.4,True,2.01,1.21,13.9,-1.5,D 趨勢弱,True,8:49,264.6,跌,306.0,35,False,9.0,-0.329,-0.2985,-0.329,False,False,-8.28,-4.12,40.05,-5.56,-2.76,55.4,,OHLC,↓,LH/LL,DT,False,268,2,universe
ATR,2026-09-24,123.38,2.39,False,128.47,-0.275,-0.83,False,92.1,-0.19,92.3,True,1.94,1.33,17.4,-1.6,D 趨勢弱,True,8:49,264.6,跌,418.0,34,False,9.0,-0.0592,-0.0507,-1.3597,False,False,-4.12,-2.13,126.25,-2.33,-1.2,53.8,,OHLC,—,LH/LL,自然反彈,True,268,2,universe
CNOB,2026-09-24,30.89,0.59,False,31.83,-0.091,-0.59,True,91.8,0.1,91.7,True,1.91,1.43,46.6,3.2,C 基底修復,False,4:14,126.9,跌,21.0,3,False,9.0,-0.0725,-0.069,-0.1818,False,False,-3.04,-1.59,32.39,-4.86,-2.54,12.3,,OHLC,↓,LH/LL,DT,False,268,2,universe
MGEE,2026-09-24,68.49,1.52,False,76.62,-0.563,-1.39,False,91.7,-1.0,92.7,True,2.22,1.14,8.9,-4.3,D 趨勢弱,True,8:49,264.6,跌,567.0,51,False,9.0,-0.6524,-0.4718,-0.6524,False,False,-11.87,-5.35,78.43,-14.51,-6.54,12.9,,OHLC,↓,LH/LL,DT,False,268,2,universe
THG,2026-09-24,217.93,4.42,False,225.7,-0.054,-0.16,True,91.4,0.19,91.2,True,2.03,1.39,50.1,5.8,C 基底修復,False,5:38,169.1,跌,44.0,5,False,9.0,-1.5158,-1.377,-1.6073,False,False,-3.57,-1.76,,,,70.2,,OHLC,—,HH/HL,DT,False,268,2,universe
MMM,2026-09-24,167.52,3.4,False,171.65,-0.448,-0.7,False,90.7,-0.23,90.9,True,2.03,1.56,36.4,-3.6,C 基底修復,False,10:21,310.4,升,22.0,3,False,9.0,0.5053,0.456,,False,True,-2.46,-1.21,,,,479.6,,OHLC,—,LH/LL,UT,False,268,2,universe
AIZ,2026-09-24,261.86,5.79,False,280.8,-0.881,-0.69,False,90.6,-0.62,91.2,True,2.21,1.4,35.4,-2.7,C 基底修復,True,8:49,264.6,跌,280.0,32,False,9.0,-2.3819,-1.7942,-2.3819,False,False,-7.23,-3.27,287.44,-9.77,-4.42,104.8,,OHLC,↓,LH/LL,DT,False,268,2,universe
DOV,2026-09-24,187.89,4.15,False,193.96,-0.601,-0.88,True,89.4,0.29,89.1,True,2.21,1.66,12.4,-0.1,D 趨勢弱,False,10:57,328.4,升,32.0,3,False,9.0,0.3516,0.2486,,False,False,-3.23,-1.46,191.66,-2.01,-0.91,262.1,,OHLC,—,LH/LL,DT,True,268,2,universe
HD,2026-09-24,292.18,6.93,False,318.53,-2.278,-1.42,False,89.1,-0.32,89.4,True,2.37,1.56,1.5,-1.5,D 趨勢弱,True,8:49,264.6,跌,198.0,29,False,9.0,-0.9553,-0.787,-2.6522,False,False,-9.02,-3.8,305.35,-4.51,-1.9,1352.3,,OHLC,↓,LH/LL,DT,False,268,2,universe
ADP,2026-09-24,263.11,5.66,False,274.74,-0.123,-0.16,False,88.7,-0.15,88.9,True,2.15,1.86,42.9,0.1,C 基底修復,True,8:49,264.6,跌,227.0,17,False,9.0,-1.8527,-1.7178,-3.0643,False,False,-4.42,-2.05,276.63,-5.14,-2.39,618.1,,OHLC,—,LH/LL,自然回檔,False,268,2,universe
LOW,2026-09-24,188.49,4.58,False,204.29,-0.859,-0.98,False,88.3,-0.32,88.7,True,2.43,1.66,2.8,-0.4,D 趨勢弱,True,8:49,264.6,跌,152.0,24,False,9.0,-0.4073,-0.2977,-1.9819,False,False,-8.38,-3.45,196.08,-4.03,-1.66,639.9,,OHLC,↓,LH/LL,DT,False,268,2,universe
J,2026-09-24,135.33,3.5,False,145.71,-0.264,-0.23,False,88.0,-2.11,90.1,True,2.59,1.58,24.9,-21.6,D 趨勢弱,True,8:49,264.6,跌,171.0,18,False,9.0,-1.0542,-0.6726,-1.5828,False,False,-7.67,-2.97,145.71,-7.67,-2.97,117.6,,OHLC,↓,LH/LL,DT,False,268,2,universe
TMO,2026-09-24,678.39,16.19,True,628.52,2.275,0.83,False,88.0,-0.37,88.4,True,2.39,1.77,64.1,-6.2,B 上升結構,False,11:55,357.7,升,49.0,7,False,9.0,3.7161,3.0697,,False,False,7.35,3.08,600.5,11.48,4.81,1359.2,,OHLC,↑,HH/HL,UT,False,268,2,universe
OMF,2026-09-24,56.67,1.46,False,62.22,-0.294,-0.83,False,87.8,-0.01,87.8,True,2.57,1.64,13.6,-2.0,D 趨勢弱,True,8:49,264.6,跌,182.0,27,False,9.0,-0.6453,-0.5557,-0.6453,False,False,-9.79,-3.8,65.35,-15.32,-5.95,60.4,,OHLC,↓,LH/LL,DT,False,268,2,universe
MTD,2026-09-24,1519.15,39.1,True,1394.65,4.188,0.33,False,87.5,-0.39,87.9,True,2.57,1.69,57.8,-0.5,E 延伸,False,12:02,0.9,升,51.0,6,False,9.0,20.673,17.965,,False,False,8.2,3.18,,,,305.1,,OHLC,—,LH/LL,UT,False,268,2,universe
SHW,2026-09-24,320.4,7.52,False,334.91,-1.694,-1.05,False,87.5,-0.54,88.0,True,2.35,1.93,18.0,-4.5,D 趨勢弱,True,9:50,295.0,升,14.0,2,False,9.0,0.2703,0.3724,,False,False,-4.53,-1.93,328.35,-2.48,-1.06,552.8,,OHLC,—,LH/LL,自然回檔,True,268,2,universe
LAUR,2026-09-24,38.11,0.98,True,36.96,0.026,-0.17,False,87.3,-0.31,87.6,True,2.57,1.75,69.8,18.9,A 待突破,False,10:02,301.0,升,17.0,2,False,9.0,0.1647,0.0401,,False,False,3.03,1.18,37.31,2.1,0.82,36.2,,OHLC,↑,HH/HL,UT,False,268,2,universe
WAT,2026-09-24,430.3,11.57,True,414.36,0.777,0.34,False,87.1,-0.35,87.4,True,2.69,1.67,74.0,-9.1,A 待突破,False,1:07,33.4,升,69.0,6,False,9.0,0.8365,0.5115,,False,False,3.7,1.38,420.57,2.26,0.84,275.3,,OHLC,↑,HH/HL,UT,False,268,2,universe
BLFS,2026-09-24,38.58,0.97,True,36.38,0.112,0.44,False,85.8,-0.06,85.9,True,2.52,2.09,86.9,-1.0,A 待突破,False,10:23,311.5,升,23.0,3,False,9.0,0.1385,0.0797,,False,False,5.72,2.27,34.92,9.49,3.76,33.9,,OHLC,↑,HH/HL,UT,False,268,2,universe
RPM,2026-09-24,98.71,2.68,False,104.51,-0.306,-0.65,False,85.8,-0.26,86.0,True,2.71,1.91,26.7,-3.1,D 趨勢弱,True,9:42,291.0,升,12.0,2,False,9.0,0.0689,0.075,,False,False,-5.87,-2.17,101.03,-2.35,-0.87,160.3,,OHLC,—,LH/LL,自然回檔,True,268,2,universe
PHM,2026-09-24,118.18,3.13,False,122.87,-0.417,-0.81,True,85.7,0.41,85.3,True,2.65,1.99,15.0,-1.6,D 趨勢弱,False,10:07,303.5,升,19.0,3,False,9.0,0.1109,0.1159,,False,False,-3.97,-1.5,116.51,1.41,0.53,194.4,,OHLC,—,HH/HL,DT,True,268,2,universe
A,2026-09-24,172.84,4.87,True,154.87,0.771,0.68,False,85.6,-1.19,86.8,True,2.82,1.83,62.0,-1.5,E 延伸,False,11:46,352.8,升,46.0,5,False,9.0,2.0192,1.5361,,False,False,10.4,3.69,153.43,11.23,3.99,404.4,,OHLC,↑,HH/HL,UT,False,268,2,universe
ODC,2026-09-24,92.6,2.67,True,89.47,0.124,-0.19,False,85.3,-0.0,85.3,True,2.88,1.83,74.9,13.5,C 基底修復,False,12:04,1.9,升,51.0,6,False,9.0,0.7638,0.597,,False,False,3.38,1.17,92.19,0.44,0.15,9.1,,OHLC,—,LH/LL,UT,False,268,2,universe
TOL,2026-09-24,135.92,3.79,False,140.37,-0.439,-0.81,True,84.8,0.4,84.4,True,2.79,2.02,14.2,-1.4,D 趨勢弱,False,10:16,308.2,升,21.0,3,False,9.0,0.4023,0.2828,,False,False,-3.27,-1.17,131.4,3.33,1.19,138.4,,OHLC,—,HH/HL,自然反彈,True,268,2,universe
SON,2026-09-24,49.96,1.45,False,52.49,-0.174,-0.82,False,84.4,-0.33,84.8,True,2.9,1.99,11.8,-2.5,D 趨勢弱,True,9:46,293.0,升,13.0,3,False,9.0,0.2296,0.1704,,False,False,-5.06,-1.74,59.48,-19.06,-6.57,62.7,,OHLC,—,LH/LL,自然反彈,True,268,2,universe
URI,2026-09-24,1021.67,29.2,False,1045.21,-3.497,-0.7,False,83.2,-0.01,83.2,True,2.86,2.27,57.7,0.7,C 基底修復,False,10:55,327.3,升,32.0,5,False,9.0,6.4605,6.9247,,False,True,-2.3,-0.81,1028.77,-0.69,-0.24,441.9,,OHLC,—,LH/LL,自然回檔,False,268,2,universe
LW,2026-09-24,44.37,1.47,False,50.52,-0.271,-0.82,False,82.6,-0.2,82.8,True,3.3,1.94,16.2,-0.5,D 趨勢弱,True,8:49,264.6,跌,418.0,34,False,9.0,-0.4648,-0.4435,-0.9551,False,False,-13.86,-4.2,45.06,-1.56,-0.47,70.8,,OHLC,↓,LH/LL,DT,False,268,2,universe
ALH,2026-09-24,21.37,0.72,False,23.22,-0.089,-0.47,True,82.3,0.24,82.1,True,3.39,1.91,21.6,1.4,D 趨勢弱,False,10:42,321.1,升,28.0,5,False,9.0,0.082,0.0664,,False,False,-8.65,-2.56,21.61,-1.12,-0.33,21.1,,OHLC,—,LH/LL,DT,True,241,2,universe
VCEL,2026-09-24,39.3,1.36,False,41.02,-0.112,-0.55,True,82.1,0.57,81.5,True,3.46,1.88,37.3,1.8,C 基底修復,False,1:18,39.2,升,72.0,7,False,9.0,0.1381,0.1428,,False,False,-4.37,-1.26,40.22,-2.34,-0.68,20.2,,OHLC,↓,LH/LL,自然回檔,False,268,2,universe
BCC,2026-09-24,76.1,2.26,False,77.99,-0.232,-0.72,False,81.6,-0.62,82.3,True,2.98,2.45,19.5,-12.5,D 趨勢弱,False,10:37,318.5,升,27.0,3,False,9.0,0.1935,0.2431,,False,True,-2.49,-0.84,74.27,2.4,0.81,25.3,,OHLC,—,HH/HL,自然回檔,True,268,2,universe
NSSC,2026-09-24,35.68,1.27,False,37.17,-0.078,-0.36,True,81.6,0.12,81.5,True,3.56,1.87,13.3,-8.1,D 趨勢弱,False,12:00,0.0,升,50.0,7,False,9.0,0.0209,0.0316,,False,False,-4.18,-1.17,36.24,-1.57,-0.44,15.9,,OHLC,—,LH/LL,自然反彈,True,268,2,universe
CCS,2026-09-24,62.0,2.02,False,64.72,-0.312,-0.75,True,80.9,0.69,80.2,True,3.26,2.31,14.5,0.5,D 趨勢弱,False,10:49,324.7,升,30.0,3,False,9.0,0.1648,0.0993,,False,False,-4.39,-1.35,59.6,3.87,1.19,18.5,,OHLC,—,HH/HL,自然回檔,True,268,2,universe
MMS,2026-09-24,52.62,1.71,False,56.9,-0.044,-0.24,False,80.9,-0.86,81.8,True,3.26,2.31,4.9,-2.5,D 趨勢弱,True,7:00,210.0,跌,67.0,6,False,9.0,-0.4614,-0.3327,-0.8039,False,False,-8.13,-2.5,59.19,-12.49,-3.83,37.2,,OHLC,↓,LH/LL,DT,False,268,2,universe
NIO,2026-09-24,3.63,0.12,False,4.0,-0.022,-1.1,True,80.9,0.21,80.6,True,3.41,2.17,0.0,0.0,D 趨勢弱,False,11:11,335.5,升,36.0,4,False,9.0,0.0243,0.0221,,False,False,-10.24,-3.0,3.69,-1.65,-0.48,152.2,,OHLC,—,LH/LL,自然回檔,True,268,2,universe
SLVM,2026-09-24,35.96,1.19,False,36.28,-0.161,-0.64,False,80.6,-0.21,80.8,True,3.3,2.33,12.5,-1.8,D 趨勢弱,False,1:09,34.4,升,69.0,7,False,9.0,0.1966,0.2374,,False,True,-0.9,-0.27,35.97,-0.03,-0.01,10.0,,OHLC,—,LH/LL,自然回檔,True,268,2,universe
PAYX,2026-09-24,101.59,3.46,False,117.91,-0.804,-0.95,False,80.3,-1.63,81.9,True,3.41,2.27,9.2,-12.4,D 趨勢弱,True,8:49,264.6,跌,216.0,17,False,9.0,-1.9073,-1.4506,-1.9073,False,False,-16.06,-4.71,118.51,-16.66,-4.89,375.8,,OHLC,↓,LH/LL,DT,False,268,2,universe
FIZZ,2026-09-24,29.87,1.04,False,31.63,-0.058,-0.1,False,80.0,-1.73,81.8,True,3.5,2.24,7.0,-4.4,D 趨勢弱,True,8:49,264.6,跌,111.0,13,False,9.0,-0.1462,-0.0761,-0.1616,False,False,-5.89,-1.69,32.18,-7.73,-2.21,13.4,,OHLC,↓,LH/LL,DT,False,268,2,universe
MTH,2026-09-24,64.51,2.2,False,67.07,-0.397,-0.89,True,80.0,0.23,79.8,True,3.42,2.32,9.2,0.2,D 趨勢弱,False,10:19,309.3,升,22.0,3,False,9.0,0.1833,0.1401,,False,False,-3.97,-1.16,62.83,2.6,0.76,56.4,,OHLC,—,HH/HL,自然回檔,True,268,2,universe
SCHL,2026-09-24,34.83,1.23,False,37.21,-0.308,-1.41,True,79.6,0.38,79.2,True,3.54,2.28,13.4,-3.3,D 趨勢弱,False,11:03,331.7,升,34.0,3,False,9.0,0.1264,0.109,,False,False,-6.85,-1.94,37.0,-6.23,-1.76,14.6,,OHLC,—,LH/LL,DT,True,268,2,universe
SW,2026-09-24,46.0,1.52,False,46.56,-0.092,-0.29,False,78.5,-0.4,78.9,True,3.3,2.72,39.4,-3.9,C 基底修復,False,10:38,318.8,升,27.0,4,False,9.0,0.2875,0.2713,,False,True,-1.21,-0.37,44.33,3.63,1.1,208.2,,OHLC,↑,HH/HL,UT,False,268,2,universe
CNC,2026-09-24,61.92,2.28,False,65.51,-0.142,-0.15,True,78.4,0.4,78.0,True,3.67,2.37,57.7,0.5,C 基底修復,False,5:13,156.7,跌,37.0,5,False,9.0,-0.5557,-0.4617,-0.8436,False,False,-5.79,-1.58,63.89,-3.18,-0.87,317.0,,OHLC,—,HH/HL,DT,False,268,2,universe
CYRX,2026-09-24,17.4,0.64,True,16.3,0.092,0.78,False,78.3,-0.05,78.4,True,3.7,2.36,72.9,3.1,B 上升結構,False,12:03,1.6,升,51.0,7,False,9.0,0.1659,0.1858,,False,False,6.3,1.7,16.72,3.91,1.06,8.9,,OHLC,—,LH/LL,UT,False,268,2,universe
FBIN,2026-09-24,37.99,1.48,False,42.95,-0.369,-1.34,True,77.6,0.65,76.9,True,3.89,2.31,0.0,-1.8,D 趨勢弱,False,3:19,99.4,跌,5.0,1,False,9.0,-0.0334,0.0129,-0.7442,False,False,-13.06,-3.36,40.22,-5.87,-1.51,88.7,,OHLC,↓,LH/LL,DT,False,268,2,universe
CSW,2026-09-24,294.45,9.63,False,309.11,-1.869,-1.04,True,76.8,0.06,76.8,True,3.27,3.06,30.0,-0.8,C 基底修復,False,10:03,301.3,升,17.0,2,False,9.0,0.2831,0.0783,,False,False,-4.98,-1.52,300.71,-2.13,-0.65,41.3,,OHLC,—,LH/LL,自然回檔,True,268,2,universe
IP,2026-09-24,34.88,1.29,False,37.04,-0.225,-0.76,False,76.7,-0.63,77.3,True,3.71,2.65,5.1,-1.9,D 趨勢弱,True,9:54,297.2,升,15.0,3,False,9.0,0.1258,0.1231,,False,False,-6.19,-1.67,35.55,-1.92,-0.52,185.2,,OHLC,—,LH/LL,次級回檔,True,268,2,universe
DASH,2026-09-24,187.53,7.44,False,211.1,-1.128,-0.69,False,76.6,-0.85,77.5,True,3.97,2.41,9.5,-9.9,D 趨勢弱,True,8:49,264.6,跌,123.0,17,False,9.0,-2.5701,-2.7489,-4.9417,True,False,-12.57,-3.17,203.54,-8.54,-2.15,805.6,,OHLC,↓,LH/LL,DT,False,268,2,universe
NTRA,2026-09-24,408.79,12.59,True,343.07,3.841,1.44,False,76.6,-0.68,77.3,True,3.08,3.3,65.0,0.0,E 延伸,False,12:08,3.9,升,52.0,6,False,9.0,5.5228,4.4486,,False,False,16.08,5.22,320.76,21.53,6.99,499.4,,OHLC,↑,HH/HL,UT,False,268,2,universe
FLO,2026-09-24,5.81,0.25,False,6.56,-0.039,-0.9,True,74.8,0.58,74.2,False,4.28,2.44,0.0,0.0,D 趨勢弱,True,8:49,264.6,跌,225.0,18,False,9.0,-0.0062,-0.0105,-0.1587,True,False,-12.89,-3.01,6.15,-5.85,-1.37,52.3,,OHLC,—,LH/LL,DT,True,268,2,universe
UI,2026-09-24,563.11,25.58,False,573.33,-0.347,0.05,True,73.6,0.35,73.2,False,4.54,2.41,22.8,1.5,D 趨勢弱,False,3:37,108.5,跌,10.0,1,False,9.0,-0.3448,0.7623,-6.5489,False,True,-1.81,-0.4,539.61,4.17,0.92,96.8,,OHLC,—,LH/LL,自然回檔,False,268,2,universe
OLLI,2026-09-24,84.44,3.41,True,76.01,0.269,0.22,True,73.2,1.3,71.9,False,4.03,2.99,16.8,-5.0,D 趨勢弱,False,12:02,0.9,升,51.0,6,False,9.0,1.0823,0.9057,,False,False,9.98,2.47,73.23,13.28,3.29,158.0,,OHLC,↑,HH/HL,UT,False,268,2,universe
ACI,2026-09-24,11.95,0.39,False,12.29,-0.003,0.02,True,73.1,0.66,72.4,False,3.27,3.78,11.5,3.7,D 趨勢弱,False,4:04,122.0,跌,18.0,2,False,9.0,-0.0367,-0.0321,-0.2876,False,True,-2.89,-0.88,12.06,-0.92,-0.28,99.1,,OHLC,↓,LH/LL,自然反彈,False,268,2,universe
COCO,2026-09-24,59.17,2.62,False,57.62,-0.179,-0.33,True,72.0,1.71,70.2,False,4.43,2.82,24.4,2.6,C 基底修復,False,1:56,58.2,升,82.0,7,False,9.0,0.933,0.8586,,False,True,2.62,0.59,59.6,-0.73,-0.16,87.4,,OHLC,↓,LH/LL,次級反彈,False,268,2,universe
CERT,2026-09-24,8.89,0.37,True,8.22,0.025,0.3,True,71.9,0.47,71.5,False,4.16,3.1,54.9,0.8,D 趨勢弱,False,10:42,321.0,升,28.0,6,False,9.0,0.0747,0.0636,,False,False,7.58,1.82,,,,19.2,,OHLC,—,LH/LL,UT,False,268,2,universe
PINS,2026-09-24,18.72,0.8,False,20.35,-0.126,-1.26,True,71.9,1.24,70.6,False,4.26,3.02,5.0,-0.0,D 趨勢弱,True,8:49,264.6,跌,273.0,35,False,9.0,-0.01,-0.0578,-0.4851,True,False,-8.72,-2.05,19.36,-3.42,-0.8,302.7,,OHLC,—,LH/LL,自然回檔,True,268,2,universe
TBCH,2026-09-24,12.77,0.48,False,12.63,-0.002,-0.25,True,71.8,0.72,71.1,False,3.74,3.54,51.1,0.9,C 基底修復,False,2:11,65.7,升,86.0,8,False,9.0,0.051,0.0526,,False,True,1.08,0.29,12.52,1.96,0.52,5.0,,OHLC,—,LH/LL,次級反彈,True,268,2,universe
MGNI,2026-09-24,24.07,1.0,False,24.31,-0.01,0.06,True,70.7,0.58,70.1,False,4.14,3.36,75.9,1.7,A 待突破,False,3:50,115.0,跌,14.0,2,False,9.0,-0.0856,-0.0419,-0.2757,False,True,-1.0,-0.24,24.21,-0.58,-0.14,57.5,,OHLC,—,HH/HL,自然回檔,False,268,2,universe
DXC,2026-09-24,10.81,0.48,True,11.1,0.009,0.02,False,69.9,-0.27,70.2,False,4.43,3.21,29.3,-8.4,C 基底修復,False,5:07,153.6,跌,35.0,5,False,9.0,-0.1143,-0.1084,-0.1143,False,True,-2.68,-0.61,10.87,-0.56,-0.13,29.0,,OHLC,—,HH/HL,DT,False,268,2,universe
ARQT,2026-09-24,26.27,1.26,True,25.25,0.006,0.15,False,69.6,-0.4,70.0,False,4.79,2.92,52.9,-0.7,B 上升結構,False,1:30,45.0,升,75.0,9,False,9.0,0.3507,0.4005,,False,True,3.87,0.81,,,,84.0,,OHLC,—,LH/LL,自然回檔,False,268,2,universe
LULU,2026-09-24,101.64,4.47,False,107.75,-0.347,-0.49,True,69.5,0.17,69.3,False,4.4,3.33,0.9,0.9,D 趨勢弱,True,9:55,297.7,升,15.0,2,False,9.0,0.3639,0.1822,,False,False,-6.01,-1.37,102.18,-0.53,-0.12,862.6,,OHLC,—,LH/LL,自然回檔,True,268,2,universe
SHOE,2026-09-24,13.22,0.67,False,13.34,-0.025,-0.29,True,67.7,1.41,66.3,False,5.11,2.97,7.4,7.4,D 趨勢弱,False,11:46,353.1,升,46.0,5,False,9.0,0.0852,0.0739,,False,True,-0.89,-0.17,13.27,-0.38,-0.07,19.6,,OHLC,—,LH/LL,次級回檔,True,187,2,universe
VSXY,2026-09-24,83.81,3.89,False,80.42,-0.279,-0.62,True,67.6,1.07,66.5,False,4.65,3.46,31.2,0.6,C 基底修復,False,11:24,342.0,升,40.0,4,False,9.0,1.119,0.9642,,False,True,4.05,0.87,75.65,9.74,2.1,173.9,,OHLC,—,LH/LL,UT,False,187,2,universe
SONO,2026-09-24,17.84,0.7,True,15.71,0.07,0.29,True,67.2,0.29,67.0,False,3.93,4.24,49.3,0.3,E 延伸,False,12:16,8.0,升,54.0,7,False,9.0,0.2523,0.1896,,False,False,11.95,3.04,,,,31.0,,OHLC,—,LH/LL,UT,False,268,2,universe
ZS,2026-09-24,214.64,9.51,True,183.3,0.907,0.54,True,67.2,0.62,66.6,False,4.43,3.74,40.0,0.0,E 延伸,False,12:17,8.5,升,55.0,8,False,9.0,3.4217,3.4421,,False,False,14.6,3.3,,,,696.0,,OHLC,—,LH/LL,UT,False,268,2,universe
AVAH,2026-09-24,12.38,0.55,True,13.15,0.105,0.71,False,67.0,-1.27,68.3,False,4.42,3.79,57.5,-4.4,B 上升結構,True,8:46,262.8,跌,96.0,16,False,9.0,-0.3071,-0.2588,-0.3071,False,False,-6.24,-1.41,,,,45.2,,OHLC,—,HH/HL,DT,False,268,2,universe
FTRE,2026-09-24,20.02,1.03,True,18.63,0.037,0.27,True,65.1,0.2,64.9,False,5.17,3.42,68.5,-1.5,E 延伸,False,12:29,14.7,升,58.0,8,False,9.0,0.205,0.2296,,False,False,6.94,1.34,19.52,2.5,0.48,27.8,,OHLC,↑,HH/HL,自然反彈,False,268,2,universe
PGEN,2026-09-24,7.7,0.38,True,7.18,0.024,0.39,True,64.8,0.71,64.1,False,4.95,3.7,72.8,0.6,B 上升結構,False,1:26,42.9,升,74.0,6,False,9.0,0.0316,0.0361,,False,False,6.79,1.37,8.04,-4.42,-0.89,30.9,,OHLC,—,LH/LL,自然反彈,False,268,2,universe
TRUP,2026-09-24,22.42,1.12,False,27.73,-0.294,-0.78,True,64.8,0.07,64.8,False,4.98,3.66,10.0,0.0,D 趨勢弱,True,8:49,264.6,跌,124.0,20,False,9.0,-0.4484,-0.416,-0.7611,False,False,-23.68,-4.75,26.32,-17.4,-3.49,11.8,,OHLC,↓,LH/LL,DT,False,268,2,universe
LMRI,2026-09-24,9.88,0.58,False,11.53,-0.044,-0.43,True,64.7,0.14,64.6,False,5.83,2.84,5.0,-0.6,D 趨勢弱,True,8:49,264.6,跌,171.0,21,False,9.0,-0.1989,-0.17,-0.199,False,False,-16.74,-2.87,11.05,-11.84,-2.03,4.2,,OHLC,↓,LH/LL,DT,False,197,2,universe
SHOP,2026-09-24,145.16,7.11,False,141.15,-0.119,-0.3,True,63.7,0.84,62.9,False,4.9,3.97,47.5,0.3,B 上升結構,False,10:38,319.1,升,27.0,3,False,9.0,1.0617,0.6254,,False,True,2.76,0.56,133.89,7.76,1.58,1443.6,,OHLC,—,LH/LL,自然回檔,False,268,2,universe
RXO,2026-09-24,19.93,1.1,False,20.8,-0.073,-0.27,True,63.5,0.51,63.0,False,5.53,3.39,37.4,-1.7,D 趨勢弱,False,12:06,2.9,升,52.0,6,False,9.0,0.1414,0.128,,False,True,-4.38,-0.79,20.26,-1.66,-0.3,33.4,,OHLC,—,LH/LL,自然回檔,True,268,2,universe
CERS,2026-09-24,2.61,0.11,False,2.7,-0.003,0.41,True,62.9,0.27,62.6,False,4.24,4.79,58.4,-2.4,C 基底修復,False,11:32,345.8,升,42.0,6,False,9.0,0.014,0.0145,,False,True,-3.38,-0.8,2.66,-1.92,-0.45,4.1,,OHLC,—,LH/LL,次級回檔,True,268,2,universe
FNKO,2026-09-24,5.45,0.31,False,5.95,-0.011,-0.24,True,61.4,1.45,59.9,False,5.69,3.66,34.5,1.2,D 趨勢弱,True,8:49,264.6,跌,166.0,16,False,9.0,-0.0182,-0.031,-0.1509,True,False,-9.24,-1.63,5.48,-0.55,-0.1,7.0,,OHLC,—,LH/LL,次級反彈,True,268,2,universe
PDEX,2026-09-24,73.02,4.04,True,66.94,0.161,0.23,True,59.5,0.79,58.7,False,5.54,4.21,77.7,7.7,E 延伸,False,2:25,72.3,升,90.0,8,False,9.0,0.729,0.769,,False,False,8.33,1.51,67.98,6.9,1.25,5.3,,OHLC,—,LH/LL,UT,False,268,2,universe
STTK,2026-09-24,6.31,0.37,False,6.64,-0.053,-1.12,False,58.9,-0.38,59.3,False,5.81,4.07,32.0,-1.2,D 趨勢弱,True,9:44,292.2,升,12.0,1,False,9.0,0.0144,-0.0014,,False,True,-5.17,-0.89,6.5,-3.01,-0.52,7.7,,OHLC,—,LH/LL,DT,True,268,2,universe
PL,2026-09-24,17.62,1.11,False,18.59,-0.18,-0.73,True,58.5,0.91,57.6,False,6.27,3.69,9.6,-0.1,D 趨勢弱,False,11:30,344.8,升,42.0,4,False,9.0,0.2197,0.1219,,False,True,-5.49,-0.87,16.38,7.04,1.12,219.6,,OHLC,—,HH/HL,自然反彈,False,268,2,universe
SPT,2026-09-24,9.72,0.53,True,10.62,0.01,0.27,False,58.1,-0.48,58.6,False,5.47,4.57,35.9,-15.4,D 趨勢弱,True,8:49,264.6,跌,100.0,13,False,9.0,-0.228,-0.2139,-0.228,False,False,-9.22,-1.68,9.97,-2.57,-0.47,13.7,,OHLC,↓,LH/LL,DT,False,268,2,universe
DUOT,2026-09-24,9.55,0.53,False,9.92,-0.001,-0.08,True,57.5,1.01,56.5,False,5.51,4.68,51.6,18.1,D 趨勢弱,False,10:36,318.0,升,27.0,3,False,9.0,0.111,0.0631,,False,True,-3.84,-0.7,8.98,5.97,1.08,6.4,,OHLC,↑,HH/HL,UT,False,268,2,universe
CCCC,2026-09-24,3.03,0.21,False,3.77,-0.037,-0.54,True,56.8,0.22,56.6,False,6.87,3.47,24.2,-2.2,D 趨勢弱,True,8:49,264.6,跌,145.0,19,False,9.0,-0.0482,-0.0425,-0.075,False,False,-24.28,-3.53,3.51,-15.84,-2.3,7.0,,OHLC,↓,LH/LL,DT,False,268,2,universe
PESI,2026-09-24,15.57,0.94,False,17.66,-0.426,-0.66,True,56.7,0.28,56.4,False,6.07,4.3,50.4,-10.5,D 趨勢弱,True,8:49,264.6,跌,214.0,30,False,9.0,-0.3897,-0.3442,-0.3897,False,False,-13.41,-2.21,18.77,-20.55,-3.39,5.6,,OHLC,↓,LH/LL,DT,False,268,2,universe
SPIR,2026-09-24,12.26,0.78,False,12.55,-0.087,-0.6,True,54.7,0.5,54.2,False,6.38,4.44,9.5,0.8,D 趨勢弱,False,10:36,318.0,升,27.0,4,False,9.0,0.12,0.0987,,False,True,-2.4,-0.38,11.66,4.89,0.77,7.9,,OHLC,—,LH/LL,自然反彈,True,268,2,universe
AMC,2026-09-24,2.91,0.17,True,2.66,0.01,0.44,True,54.0,0.13,53.8,False,5.84,5.14,65.6,-1.6,B 上升結構,False,11:17,338.7,升,38.0,6,False,9.0,0.0358,0.0359,,False,False,8.74,1.5,2.61,10.31,1.77,72.4,,OHLC,↑,HH/HL,自然回檔,False,268,2,universe
FLY,2026-09-24,23.09,1.59,False,22.71,-0.305,-0.6,True,51.2,0.79,50.4,False,6.89,4.76,26.3,11.5,D 趨勢弱,False,10:26,312.9,升,24.0,6,False,9.0,0.2925,0.2408,,False,True,1.63,0.24,21.36,7.49,1.09,58.3,,OHLC,—,LH/LL,自然反彈,True,268,2,universe
HIMS,2026-09-24,29.28,1.81,False,29.46,-0.068,-0.17,True,51.2,0.24,50.9,False,6.2,5.45,45.3,2.4,D 趨勢弱,False,11:06,333.0,升,35.0,5,False,9.0,0.2195,0.2002,,False,True,-0.6,-0.1,28.81,1.61,0.26,284.0,,OHLC,—,LH/LL,自然反彈,False,268,2,universe
IOVA,2026-09-24,10.8,0.59,True,8.75,0.109,1.58,True,48.5,0.93,47.5,False,5.45,6.88,65.0,2.5,E 延伸,False,1:12,36.0,升,70.0,7,False,9.0,0.068,0.0578,,False,False,19.02,3.49,10.19,5.65,1.04,126.2,,OHLC,↑,HH/HL,UT,False,268,2,universe
XFOR,2026-09-24,3.0,0.25,False,3.69,-0.049,-0.88,True,47.6,0.47,47.1,False,8.21,4.35,0.0,0.0,D 趨勢弱,True,8:49,264.6,跌,424.0,26,False,9.0,-0.0563,-0.0423,-0.0802,False,False,-23.1,-2.81,3.58,-19.33,-2.35,3.7,,OHLC,↓,LH/LL,DT,False,268,2,universe
ELMT,2026-09-24,19.73,1.99,True,20.8,0.015,0.11,False,34.9,-0.59,35.4,False,10.11,6.52,40.4,1.6,B 上升結構,False,12:00,0.0,升,50.0,9,False,9.0,0.1847,0.3411,,False,True,-5.44,-0.54,17.66,10.49,1.04,26.3,,OHLC,↑,HH/HL,自然回檔,False,107,2,universe
AEMD,2026-09-24,6.77,0.8,True,5.45,0.002,0.04,True,12.9,0.21,12.7,False,11.82,20.96,15.0,0.0,E 延伸,False,11:44,351.8,升,45.0,7,False,9.0,0.6125,0.6485,,False,False,19.43,1.64,6.78,-0.15,-0.01,40.5,,OHLC,—,LH/LL,UT,False,187,2,universe
GSAT,2026-09-24,82.46,0.71,False,82.23,-0.038,-0.25,False,97.8,-0.01,97.9,True,0.86,0.74,87.6,-2.6,A 待突破,False,12:36,18.0,升,60.0,6,False,10.0,0.0371,0.0531,,False,True,0.28,0.32,81.55,1.1,1.29,49.1,,OHLC,—,HH/HL,自然反彈,True,268,2,universe
AFG,2026-09-24,138.42,2.36,False,143.05,-0.152,-0.33,False,94.1,-0.21,94.4,True,1.7,1.05,39.0,-0.9,C 基底修復,True,8:49,264.6,跌,443.0,26,False,10.0,-0.4272,-0.3063,-0.4886,False,False,-3.35,-1.96,144.84,-4.64,-2.72,54.7,,OHLC,↓,LH/LL,DT,False,268,2,universe
FFIN,2026-09-24,32.17,0.59,False,33.37,-0.094,-0.73,True,93.0,0.07,92.9,True,1.84,1.2,25.2,2.1,D 趨勢弱,False,4:22,131.1,跌,23.0,3,False,10.0,-0.0708,-0.0687,-0.2013,False,False,-3.73,-2.02,32.6,-1.34,-0.72,24.8,,OHLC,↓,LH/LL,DT,False,268,2,universe
FNB,2026-09-24,17.44,0.33,False,18.3,-0.065,-0.87,True,92.8,0.21,92.5,True,1.87,1.23,25.6,2.0,D 趨勢弱,False,5:44,172.0,跌,46.0,7,False,10.0,-0.0719,-0.0697,-0.1115,False,False,-4.93,-2.64,17.63,-1.09,-0.58,72.6,,OHLC,↓,LH/LL,DT,False,268,2,universe
GD,2026-09-24,336.29,6.61,False,365.02,-1.978,-1.27,False,92.5,-0.37,92.9,True,1.97,1.19,15.7,-1.5,D 趨勢弱,True,8:49,264.6,跌,605.0,28,False,10.0,-1.7156,-1.2903,-3.7351,False,False,-8.54,-4.35,360.0,-7.05,-3.59,427.9,,OHLC,↓,LH/LL,DT,False,268,2,universe
PFBC,2026-09-24,108.58,2.17,True,104.94,0.11,0.15,False,92.3,-0.26,92.5,True,2.0,1.23,65.6,4.1,A 待突破,False,1:05,32.3,升,68.0,9,False,10.0,0.4337,0.3079,,False,False,3.35,1.68,101.91,6.14,3.08,15.8,,OHLC,↑,HH/HL,UT,False,268,2,universe
PRI,2026-09-24,274.46,5.55,False,292.99,-1.268,-1.44,True,91.6,0.13,91.5,True,2.02,1.35,19.4,0.4,D 趨勢弱,False,5:11,155.5,跌,36.0,4,False,10.0,-1.4641,-1.2588,-3.422,False,False,-6.75,-3.34,295.4,-7.63,-3.78,59.9,,OHLC,↓,LH/LL,DT,False,268,2,universe
COLB,2026-09-24,29.18,0.63,False,30.48,-0.102,-0.53,True,91.0,0.23,90.7,True,2.15,1.37,24.9,2.1,C 基底修復,False,5:29,164.5,跌,41.0,3,False,10.0,-0.0593,-0.0577,-0.2896,False,False,-4.45,-2.07,30.55,-4.69,-2.18,89.1,,OHLC,↓,LH/LL,DT,False,268,2,universe
WST,2026-09-24,373.6,8.33,True,354.07,0.997,0.54,False,89.6,-0.39,90.0,True,2.23,1.59,67.3,-6.2,B 上升結構,False,1:14,37.1,升,71.0,9,False,10.0,2.8702,3.0009,,False,False,5.23,2.34,346.16,7.34,3.29,215.6,,OHLC,↑,HH/HL,UT,False,268,2,universe
UHAL,2026-09-24,60.79,1.46,False,67.11,-0.382,-1.57,False,89.3,-0.12,89.4,True,2.41,1.49,43.1,-1.2,D 趨勢弱,True,8:49,264.6,跌,354.0,44,False,10.0,-0.2166,-0.1757,-0.8864,False,False,-10.4,-4.31,64.49,-6.09,-2.53,9.6,,OHLC,↓,LH/LL,DT,False,268,2,universe
JOE,2026-09-24,64.88,1.57,False,65.87,-0.094,-0.47,False,89.1,-0.25,89.4,True,2.43,1.5,30.9,-16.9,C 基底修復,False,10:02,301.0,升,17.0,2,False,10.0,0.0168,0.0185,,False,True,-1.52,-0.63,65.86,-1.51,-0.62,19.5,,OHLC,—,LH/LL,次級回檔,True,268,2,universe
PKG,2026-09-24,238.11,5.82,False,239.46,-0.457,-0.47,False,87.8,-0.23,88.0,True,2.44,1.76,40.5,-1.4,C 基底修復,False,10:28,314.0,升,24.0,4,False,10.0,1.0588,1.0459,,False,True,-0.57,-0.23,228.84,3.89,1.59,143.5,,OHLC,—,HH/HL,UT,True,268,2,universe
AMP,2026-09-24,485.15,13.88,False,545.16,-4.109,-0.83,False,86.3,-1.85,88.2,True,2.86,1.65,14.1,-16.0,D 趨勢弱,True,8:49,264.6,跌,324.0,34,False,10.0,-7.8615,-6.1739,-7.8615,False,False,-12.37,-4.32,565.08,-16.48,-5.76,332.5,,OHLC,↓,LH/LL,DT,False,268,2,universe
LLY,2026-09-24,1181.89,32.06,False,1180.2,-0.983,-0.26,False,85.9,-0.16,86.0,True,2.71,1.89,72.8,15.8,A 待突破,False,11:08,334.0,升,36.0,4,False,10.0,4.7999,3.065,,False,True,0.14,0.05,1180.16,0.15,0.05,2747.0,,OHLC,—,HH/HL,自然反彈,False,268,2,universe
TTEK,2026-09-24,33.64,0.96,False,36.18,-0.019,0.03,False,85.8,-2.4,88.2,True,2.87,1.76,35.1,-20.8,C 基底修復,True,8:49,264.6,跌,171.0,22,False,10.0,-0.3441,-0.243,-0.3441,False,False,-7.54,-2.63,36.74,-9.22,-3.21,75.0,,OHLC,↓,LH/LL,DT,False,268,2,universe
STZ,2026-09-24,114.21,3.2,False,126.7,-0.421,-0.92,False,85.7,-0.56,86.2,True,2.8,1.84,0.0,0.0,D 趨勢弱,True,8:49,264.6,跌,177.0,19,False,10.0,-0.8197,-0.7228,-1.2279,False,False,-10.93,-3.91,125.0,-9.45,-3.38,301.4,,OHLC,↓,LH/LL,DT,False,268,2,universe
IR,2026-09-24,74.78,2.06,False,76.0,-0.271,-1.38,False,85.6,-0.08,85.7,True,2.76,1.9,10.6,-1.0,D 趨勢弱,False,10:19,309.3,升,22.0,3,False,10.0,0.4787,0.3891,,False,True,-1.63,-0.59,76.36,-2.11,-0.77,326.0,,OHLC,↓,LH/LL,自然反彈,False,268,2,universe
SKWD,2026-09-24,54.88,1.56,False,57.31,-0.188,-0.88,True,84.4,0.61,83.8,True,2.85,2.05,52.8,0.6,C 基底修復,False,4:47,143.3,跌,30.0,4,False,10.0,-0.1719,-0.1351,-0.931,False,False,-4.43,-1.56,58.09,-5.85,-2.05,22.6,,OHLC,↓,LH/LL,DT,False,268,2,universe
RL,2026-09-24,351.86,10.46,False,351.15,-1.547,-1.06,False,84.2,-0.53,84.7,True,2.97,1.96,24.7,8.8,D 趨勢弱,False,11:24,342.0,升,40.0,4,False,10.0,2.2772,1.3482,,False,True,0.2,0.07,337.47,4.09,1.38,250.3,,OHLC,—,HH/HL,自然反彈,False,268,2,universe
MTN,2026-09-24,137.82,4.42,False,140.64,-0.197,-0.25,False,82.7,-0.16,82.8,True,3.21,2.03,20.2,-11.6,D 趨勢弱,False,2:49,84.6,升,105.0,8,False,10.0,0.5375,0.6677,,False,True,-2.05,-0.64,137.0,0.59,0.19,117.2,,OHLC,—,HH/HL,UT,True,268,2,universe
CLX,2026-09-24,81.8,2.73,False,94.53,-0.639,-1.35,False,81.9,-0.54,82.5,True,3.34,2.03,0.0,0.0,D 趨勢弱,True,8:49,264.6,跌,223.0,24,False,10.0,-0.5137,-0.4999,-1.8261,False,False,-15.56,-4.66,87.15,-6.54,-1.96,324.3,,OHLC,↓,LH/LL,DT,False,268,2,universe
HQY,2026-09-24,88.6,2.76,False,97.09,-0.419,-0.67,False,81.9,-0.29,82.2,True,3.12,2.25,11.3,-12.3,D 趨勢弱,True,8:49,264.6,跌,527.0,29,False,10.0,-0.6217,-0.4546,-1.4475,False,False,-9.59,-3.07,98.02,-10.63,-3.41,96.0,,OHLC,↓,LH/LL,DT,False,268,2,universe
CALM,2026-09-24,68.48,2.25,False,77.42,-0.452,-0.92,False,81.5,-2.01,83.5,True,3.28,2.16,5.0,0.0,D 趨勢弱,True,8:49,264.6,跌,150.0,20,False,10.0,-0.2712,-0.0793,-1.0742,False,False,-13.05,-3.98,75.02,-9.55,-2.91,73.7,,OHLC,↓,LH/LL,DT,False,268,2,universe
OSPN,2026-09-24,17.68,0.59,True,16.88,0.059,0.6,False,81.4,-0.98,82.4,True,3.31,2.15,55.1,-1.3,E 延伸,False,12:32,15.9,升,59.0,10,False,10.0,0.0522,0.0767,,False,False,4.52,1.36,17.43,1.41,0.43,9.5,,OHLC,↑,HH/HL,UT,False,268,2,universe
FUL,2026-09-24,50.0,1.79,False,54.09,-0.749,-1.55,False,81.3,-1.83,83.2,True,3.58,1.91,2.7,1.1,D 趨勢弱,True,8:49,264.6,跌,177.0,24,False,10.0,-0.0238,-0.0754,-0.7271,True,False,-8.18,-2.29,51.07,-2.14,-0.6,40.6,,OHLC,↓,LH/LL,自然回檔,False,268,2,universe
CALX,2026-09-24,33.27,1.16,False,36.78,-0.188,-0.6,False,80.6,-1.65,82.3,True,3.47,2.15,0.0,-1.8,D 趨勢弱,True,8:49,264.6,跌,295.0,21,False,10.0,-0.132,-0.0553,-0.5138,False,False,-10.54,-3.04,35.5,-6.7,-1.93,38.7,,OHLC,↓,LH/LL,DT,False,268,2,universe
BAH,2026-09-24,73.82,2.44,False,76.03,-0.173,-0.05,False,80.3,-0.9,81.2,True,3.3,2.39,25.0,-9.4,C 基底修復,False,3:50,115.0,跌,14.0,2,False,10.0,-0.3126,-0.1048,-0.6947,False,True,-3.0,-0.91,75.65,-2.48,-0.75,122.2,,OHLC,↓,LH/LL,DT,False,268,2,universe
BABA,2026-09-24,110.63,3.33,False,117.61,-0.334,-0.54,True,79.8,0.51,79.3,True,3.01,2.76,17.6,-0.9,D 趨勢弱,False,10:55,327.6,升,32.0,4,False,10.0,0.4159,0.5253,,False,False,-6.31,-2.1,111.25,-0.56,-0.19,1026.7,,OHLC,↓,LH/LL,DT,False,268,2,universe
ISRG,2026-09-24,399.52,11.48,False,379.44,-0.515,0.07,True,78.7,0.36,78.3,True,2.87,3.11,27.6,-0.8,D 趨勢弱,False,2:41,80.5,升,95.0,9,False,10.0,3.9497,4.2394,,False,False,5.03,1.75,,,,895.5,,OHLC,—,LH/LL,UT,False,268,2,universe
AMTM,2026-09-24,19.4,0.65,False,20.35,-0.135,-1.25,True,77.5,0.22,77.3,True,3.34,2.86,20.8,-2.5,D 趨勢弱,False,12:50,25.2,升,64.0,8,False,10.0,0.0447,0.065,,False,False,-4.87,-1.46,20.19,-4.07,-1.22,33.3,,OHLC,—,LH/LL,DT,True,268,2,universe
TPR,2026-09-24,112.12,3.71,False,123.1,-1.276,-1.82,True,76.9,0.66,76.2,True,3.31,3.02,1.2,1.2,D 趨勢弱,False,11:41,350.4,升,45.0,7,False,10.0,0.1641,0.0715,,False,False,-9.79,-2.96,118.49,-5.68,-1.72,396.2,,OHLC,↓,LH/LL,DT,False,268,2,universe
KFRC,2026-09-24,51.35,1.99,False,54.71,-0.161,-0.55,False,76.8,-0.89,77.6,True,3.87,2.48,47.2,-1.8,D 趨勢弱,True,8:49,264.6,跌,652.0,44,False,10.0,-0.0225,-0.0372,-0.8565,True,False,-6.54,-1.69,50.36,1.93,0.5,14.9,,OHLC,—,HH/HL,自然反彈,True,268,2,universe
RDNT,2026-09-24,71.31,2.7,False,75.34,-0.162,0.09,False,76.6,-0.46,77.0,True,3.79,2.6,36.9,-17.5,C 基底修復,True,8:49,264.6,跌,179.0,23,False,10.0,-0.6338,-0.4817,-1.0105,False,False,-5.65,-1.49,76.86,-7.78,-2.05,59.6,,OHLC,↓,LH/LL,DT,False,268,2,universe
RVLV,2026-09-24,20.68,0.86,False,21.95,-0.081,-0.63,True,75.2,0.98,74.2,True,4.14,2.5,3.7,2.2,D 趨勢弱,False,10:21,310.4,升,22.0,4,False,10.0,0.1016,0.1086,,False,False,-6.13,-1.48,20.43,1.21,0.29,18.8,,OHLC,—,LH/LL,自然回檔,True,268,2,universe
LFST,2026-09-24,11.8,0.49,True,12.6,0.007,0.51,False,74.9,-0.11,75.0,False,4.11,2.59,59.0,-14.5,C 基底修復,True,6:31,195.7,跌,59.0,8,False,10.0,-0.1676,-0.1324,-0.1874,False,False,-6.76,-1.64,13.56,-14.92,-3.63,72.1,,OHLC,↓,LH/LL,DT,False,268,2,universe
FTNT,2026-09-24,178.67,6.93,True,163.78,0.482,0.33,True,74.8,0.55,74.3,False,3.88,2.84,65.0,-0.0,E 延伸,False,2:28,74.1,升,91.0,9,False,10.0,1.5471,1.566,,False,False,8.33,2.15,166.09,7.04,1.82,792.5,,OHLC,↑,HH/HL,UT,False,268,2,universe
AZTA,2026-09-24,34.2,1.26,True,32.92,0.039,0.23,True,74.7,0.01,74.7,False,3.69,3.05,58.4,1.3,B 上升結構,False,11:25,342.6,升,40.0,6,False,10.0,0.1719,0.1697,,False,False,3.74,1.01,,,,27.3,,OHLC,—,LH/LL,UT,False,268,2,universe
UFPT,2026-09-24,298.48,8.95,False,296.06,-1.024,-0.74,False,74.6,-0.26,74.9,False,3.0,3.75,76.6,6.3,B 上升結構,True,9:33,286.4,升,9.0,1,False,10.0,0.9919,-0.201,,False,True,0.81,0.27,325.0,-8.89,-2.96,33.5,,OHLC,↓,LH/LL,自然反彈,False,268,2,universe
AVNW,2026-09-24,19.95,0.88,False,20.46,-0.04,-0.13,True,73.3,1.77,71.5,False,4.39,2.61,24.3,8.2,C 基底修復,False,12:18,8.8,升,55.0,8,False,10.0,0.0387,0.0508,,False,True,-2.57,-0.59,19.78,0.85,0.19,3.9,,OHLC,—,LH/LL,自然回檔,True,268,2,universe
NXDR,2026-09-24,2.42,0.1,False,2.38,-0.005,-0.2,True,72.9,0.41,72.5,False,4.28,2.8,62.1,10.2,B 上升結構,False,2:49,84.6,升,100.0,9,False,10.0,0.0154,0.0221,,False,True,1.75,0.41,2.64,-9.09,-2.12,5.9,,OHLC,—,LH/LL,自然回檔,False,268,2,universe
EXPE,2026-09-24,261.75,12.31,False,295.03,-2.069,-0.93,True,70.3,0.54,69.8,False,4.7,2.87,25.3,11.0,D 趨勢弱,True,8:49,264.6,跌,235.0,25,False,10.0,-3.2874,-3.0633,-7.9078,False,False,-12.71,-2.7,293.08,-11.97,-2.55,664.5,,OHLC,↓,LH/LL,DT,False,268,2,universe
MDB,2026-09-24,421.4,20.57,False,405.48,-0.469,0.04,True,63.0,0.34,62.6,False,4.88,4.14,72.7,1.4,B 上升結構,False,10:03,301.5,升,18.0,3,False,10.0,4.4188,4.0498,,False,True,3.78,0.77,373.87,11.28,2.31,810.3,,OHLC,—,LH/LL,UT,False,268,2,universe
CRSR,2026-09-24,13.55,0.64,True,12.41,0.006,-0.25,True,58.0,0.42,57.6,False,4.75,5.32,67.5,0.4,B 上升結構,False,2:13,66.5,升,87.0,10,False,10.0,0.0217,0.0356,,False,False,8.43,1.78,12.83,5.31,1.12,14.2,,OHLC,—,HH/HL,自然反彈,True,268,2,universe
QNST,2026-09-24,14.4,0.76,False,18.27,-0.262,-1.96,True,56.3,0.89,55.4,False,5.28,5.17,23.4,9.5,D 趨勢弱,True,8:49,264.6,跌,263.0,22,False,10.0,-0.5197,-0.4795,-0.5197,False,False,-26.86,-5.09,18.48,-28.33,-5.37,19.3,,OHLC,↓,LH/LL,DT,False,268,2,universe
HAWK,2026-09-24,16.0,1.05,False,18.37,-0.191,-1.17,True,54.7,1.18,53.5,False,6.58,4.24,0.0,0.0,D 趨勢弱,True,9:20,280.0,升,6.0,2,False,10.0,0.0414,0.0107,,False,False,-14.81,-2.25,17.28,-8.0,-1.22,25.8,,OHLC,—,LH/LL,DT,True,97,2,universe
FOUR,2026-09-24,38.16,2.58,False,43.76,-0.121,-0.26,True,51.9,0.7,51.2,False,6.75,4.72,0.0,0.0,D 趨勢弱,True,7:36,228.1,跌,77.0,7,False,10.0,-0.4042,-0.4029,-1.5872,False,False,-14.68,-2.17,43.16,-13.1,-1.94,87.7,,OHLC,↓,LH/LL,DT,False,268,2,universe
BETA,2026-09-24,23.15,1.65,True,22.12,0.004,-0.23,False,50.1,-2.18,52.3,False,7.12,4.8,50.3,-2.6,D 趨勢弱,False,10:40,320.2,升,28.0,4,False,10.0,0.3104,0.3097,,False,True,4.46,0.63,,,,84.1,,OHLC,—,LH/LL,自然回檔,False,223,2,universe
KRMN,2026-09-24,34.92,2.72,False,40.87,-0.813,-2.01,True,49.0,1.4,47.6,False,7.78,4.41,0.0,0.0,D 趨勢弱,True,9:20,279.9,升,6.0,1,False,10.0,0.1012,-0.0774,,False,False,-17.04,-2.19,37.47,-7.3,-0.94,151.8,,OHLC,—,LH/LL,自然反彈,True,268,2,universe
KOPN,2026-09-24,4.87,0.29,False,4.71,-0.022,-0.05,True,48.9,0.84,48.1,False,5.91,6.3,73.6,2.6,C 基底修復,False,12:02,1.1,升,51.0,5,False,10.0,0.047,0.0482,,False,True,3.27,0.55,4.89,-0.41,-0.07,15.9,,OHLC,↑,HH/HL,UT,False,268,2,universe
L,2026-09-24,105.07,1.71,False,108.98,-0.196,-0.9,True,95.2,0.09,95.1,True,1.63,0.85,23.3,0.5,D 趨勢弱,False,4:44,141.9,跌,29.0,4,False,11.0,-0.2569,-0.2212,-0.6843,False,False,-3.72,-2.28,108.08,-2.86,-1.76,111.7,,OHLC,↓,LH/LL,DT,False,268,2,universe
BANR,2026-09-24,68.79,1.3,False,71.09,-0.142,-0.23,True,92.8,0.17,92.6,True,1.89,1.2,52.0,2.7,C 基底修復,False,5:16,157.8,跌,38.0,4,False,11.0,-0.3034,-0.2978,-0.4646,False,False,-3.34,-1.76,68.58,0.31,0.16,20.5,,OHLC,↑,HH/HL,自然回檔,False,268,2,universe
GIII,2026-09-24,27.05,0.94,False,29.51,-0.16,-0.97,True,80.2,0.58,79.7,True,3.49,2.2,5.2,0.0,D 趨勢弱,False,10:42,320.9,升,28.0,4,False,11.0,0.0819,0.0755,,False,False,-9.08,-2.6,,,,26.8,,OHLC,—,HH/HL,DT,True,268,2,universe
S,2026-09-24,23.98,1.12,True,21.82,0.044,0.24,True,65.4,0.77,64.6,False,4.68,3.84,57.7,0.1,E 延伸,False,12:37,18.7,升,60.0,8,False,11.0,0.2861,0.3122,,False,False,9.01,1.92,22.71,5.3,1.13,217.9,,OHLC,—,LH/LL,UT,False,268,2,universe
NOC,2026-09-24,508.98,11.65,False,537.66,-1.605,-0.76,True,89.1,0.11,89.0,True,2.29,1.63,8.8,0.2,D 趨勢弱,False,4:23,131.5,跌,23.0,3,False,12.0,-0.8923,-0.5374,-5.7269,False,False,-5.64,-2.46,531.25,-4.38,-1.91,431.7,,OHLC,↓,LH/LL,DT,False,268,2,universe
TSN,2026-09-24,51.14,1.29,False,54.14,-0.108,-0.68,True,87.7,0.38,87.3,True,2.52,1.7,4.5,0.7,D 趨勢弱,False,3:26,103.1,跌,7.0,1,False,12.0,-0.0029,0.0082,-0.5639,False,False,-5.87,-2.33,53.16,-3.95,-1.57,204.2,,OHLC,↓,LH/LL,DT,False,268,2,universe
NET,2026-09-24,358.82,18.14,True,310.79,1.474,0.43,True,64.4,0.29,64.1,False,5.06,3.67,61.1,0.8,E 延伸,False,2:41,80.3,升,95.0,11,False,12.0,4.7365,4.7133,,False,False,13.38,2.65,323.6,9.82,1.94,1034.4,,OHLC,↑,HH/HL,UT,False,268,2,universe
NTSK,2026-09-24,18.57,0.97,True,15.9,0.105,0.7,True,59.5,0.87,58.6,False,5.22,4.53,40.9,0.0,E 延伸,False,12:38,19.0,升,61.0,9,False,12.0,0.2818,0.3151,,False,False,14.36,2.75,14.99,19.28,3.7,126.4,,OHLC,↑,HH/HL,UT,False,256,2,universe
STLN,2026-09-24,6.51,0.41,True,6.47,0.015,0.43,False,53.4,-2.12,55.5,False,6.27,4.85,62.1,5.3,B 上升結構,False,2:15,67.5,升,88.0,7,False,12.0,0.0196,0.0509,,False,True,0.57,0.09,6.52,-0.15,-0.02,8.8,,OHLC,—,LH/LL,自然回檔,False,187,2,universe
ENOV,2026-09-24,18.27,1.22,False,20.23,-0.167,-1.19,True,49.9,0.92,48.9,False,6.7,5.27,5.0,0.0,D 趨勢弱,True,9:51,295.7,升,14.0,2,False,12.0,0.1135,0.0571,,False,False,-10.74,-1.6,18.66,-2.13,-0.32,40.6,,OHLC,—,LH/LL,自然反彈,True,268,2,universe
CRDO,2026-09-24,195.97,13.17,False,189.71,-1.687,-0.52,True,46.0,1.3,44.7,False,6.72,6.28,33.6,-0.3,D 趨勢弱,False,11:32,345.8,升,42.0,4,False,12.0,5.2116,4.4557,,False,True,3.2,0.48,170.57,12.96,1.93,1650.5,,OHLC,—,LH/LL,UT,False,268,2,universe
BFLY,2026-09-24,9.41,0.68,True,8.51,0.003,0.03,True,45.2,0.77,44.5,False,7.2,6.02,72.8,-0.0,B 上升結構,False,10:39,319.7,升,28.0,4,False,12.0,0.2263,0.2023,,False,False,9.57,1.33,,,,45.8,,OHLC,—,LH/LL,自然反彈,False,268,2,universe
GBX,2026-09-24,42.68,1.06,False,43.63,-0.114,-0.86,False,86.4,-0.41,86.8,True,2.48,2.02,7.5,-0.9,D 趨勢弱,False,1:48,54.0,升,80.0,7,False,13.0,0.1666,0.1522,,False,True,-2.22,-0.89,42.28,0.94,0.38,18.4,,OHLC,—,HH/HL,自然反彈,True,268,2,universe
SWBI,2026-09-24,14.08,0.41,False,13.36,-0.004,-0.08,True,85.3,0.58,84.8,True,2.95,1.76,51.1,-1.7,C 基底修復,False,2:49,84.6,升,160.0,12,False,13.0,0.1735,0.1708,,False,False,5.09,1.73,13.4,4.83,1.64,9.3,,OHLC,—,LH/LL,UT,False,268,2,universe
LINE,2026-09-24,36.18,1.06,False,38.99,-0.177,-0.89,True,85.1,0.94,84.2,True,2.93,1.83,11.6,-1.3,D 趨勢弱,False,4:06,123.1,跌,18.0,2,False,13.0,-0.0646,-0.0344,-0.2839,False,False,-7.77,-2.66,38.71,-6.99,-2.39,33.6,,OHLC,↓,LH/LL,DT,False,268,2,universe
CSCO,2026-09-24,106.97,2.89,False,110.27,-1.05,-1.03,True,84.4,0.39,84.0,True,2.7,2.19,47.6,-0.1,C 基底修復,False,3:46,113.2,跌,13.0,2,False,13.0,-0.0938,-0.0521,-1.1267,False,False,-3.09,-1.14,111.5,-4.23,-1.57,1944.3,,OHLC,↓,LH/LL,DT,False,268,2,universe
UNFI,2026-09-24,46.15,1.79,False,45.79,-0.081,-0.09,False,78.4,-0.03,78.4,True,3.87,2.18,43.7,19.9,C 基底修復,False,12:32,16.1,升,59.0,8,False,13.0,0.1769,0.1284,,False,True,0.79,0.2,46.82,-1.45,-0.38,32.4,,OHLC,—,LH/LL,自然反彈,True,268,2,universe
EVLV,2026-09-24,4.9,0.18,False,5.18,-0.05,-1.06,True,76.9,0.79,76.1,True,3.68,2.64,7.8,-0.1,D 趨勢弱,False,11:58,359.2,升,50.0,9,False,13.0,0.0067,0.0064,,False,False,-5.8,-1.58,5.07,-3.47,-0.94,10.7,,OHLC,—,LH/LL,DT,True,268,2,universe
IA,2026-09-24,18.45,0.92,False,20.09,-0.029,-0.36,True,65.9,0.72,65.2,False,4.97,3.46,1.0,-0.6,D 趨勢弱,True,8:49,264.6,跌,224.0,23,False,13.0,-0.0203,-0.0558,-0.5234,True,False,-8.9,-1.79,18.69,-1.3,-0.26,5.4,,OHLC,—,LH/LL,自然回檔,False,187,2,universe
GOLD,2026-09-24,43.48,2.32,False,45.1,-0.014,0.03,True,64.2,1.06,63.2,False,5.33,3.43,19.0,-1.9,D 趨勢弱,False,5:32,165.8,跌,42.0,5,False,13.0,-0.5145,-0.4693,-0.5145,False,True,-3.73,-0.7,45.88,-5.52,-1.04,35.2,,OHLC,—,HH/HL,DT,False,268,2,universe
ACVA,2026-09-24,10.46,0.37,True,9.62,0.072,1.23,True,62.8,1.25,61.6,False,3.52,5.53,55.2,0.4,E 延伸,False,11:41,350.6,升,45.0,10,False,13.0,0.1785,0.2275,,False,False,8.07,2.29,7.49,28.39,8.06,136.1,,OHLC,—,HH/HL,UT,True,268,2,universe
DBI,2026-09-24,6.27,0.34,True,5.84,0.002,0.05,True,61.0,0.79,60.2,False,5.43,4.0,25.7,-7.6,D 趨勢弱,False,12:50,25.1,升,64.0,11,False,13.0,0.0764,0.0857,,False,False,6.88,1.27,5.95,5.1,0.94,4.8,,OHLC,↑,HH/HL,自然回檔,False,268,2,universe
MRVL,2026-09-24,258.95,13.77,True,232.08,0.942,0.4,True,55.4,0.68,54.7,False,5.32,5.34,71.4,5.7,C 基底修復,False,12:07,3.3,升,52.0,7,False,13.0,3.7549,3.9871,,False,False,10.37,1.95,218.82,15.5,2.91,4967.6,,OHLC,↑,HH/HL,UT,False,268,2,universe
IBTA,2026-09-24,41.68,1.83,True,39.05,0.245,0.65,True,54.3,0.73,53.6,False,4.39,6.51,76.0,-0.1,B 上升結構,False,4:22,130.8,跌,23.0,3,False,13.0,-0.1057,-0.0994,-0.5078,False,False,6.32,1.44,40.64,2.5,0.57,8.0,,OHLC,—,HH/HL,自然反彈,True,268,2,universe
BKSY,2026-09-24,23.17,1.57,False,23.91,-0.392,-0.91,True,52.4,0.89,51.5,False,6.77,4.58,12.4,4.8,D 趨勢弱,False,10:45,322.3,升,29.0,6,False,13.0,0.343,0.2989,,False,True,-3.2,-0.47,23.36,-0.82,-0.12,20.8,,OHLC,—,LH/LL,自然反彈,True,268,2,universe
COHR,2026-09-24,290.61,20.84,False,300.12,-3.261,-0.43,True,43.9,0.04,43.9,False,7.17,6.41,45.5,-2.5,D 趨勢弱,False,2:49,84.6,升,165.0,13,False,13.0,2.4001,3.7819,,False,True,-3.27,-0.46,266.5,8.3,1.16,1830.5,,OHLC,↑,HH/HL,自然回檔,False,268,2,universe
ALMS,2026-09-24,7.29,1.24,False,10.9,-0.22,-0.99,True,16.2,0.63,15.6,False,16.96,11.49,12.8,-0.1,D 趨勢弱,True,9:51,295.4,升,14.0,3,False,13.0,0.1884,0.1108,,False,False,-49.54,-2.92,8.11,-11.25,-0.66,49.1,,OHLC,—,LH/LL,DT,True,268,2,universe
MGRC,2026-09-24,111.96,2.31,False,113.33,-0.313,-0.67,False,92.0,-0.17,92.1,True,2.06,1.23,27.5,-10.6,D 趨勢弱,False,11:53,356.5,升,48.0,7,False,14.0,0.4684,0.5121,,False,True,-1.23,-0.59,108.77,2.85,1.38,16.0,,OHLC,—,HH/HL,UT,True,268,2,universe
FAST,2026-09-24,50.73,1.04,False,50.0,-0.04,-0.37,False,91.1,-0.03,91.2,True,2.06,1.43,60.2,-16.2,C 基底修復,False,10:07,303.5,升,19.0,3,False,14.0,0.1441,0.1046,,False,True,1.44,0.7,48.53,4.34,2.11,331.5,,OHLC,↑,HH/HL,UT,False,268,2,universe
TXT,2026-09-24,76.02,1.75,False,81.32,-0.341,-0.96,True,88.9,0.22,88.7,True,2.3,1.67,8.2,-1.1,D 趨勢弱,False,3:32,106.0,跌,9.0,1,False,14.0,-0.1075,0.0124,-0.6903,False,False,-6.97,-3.03,81.0,-6.55,-2.85,151.5,,OHLC,↓,LH/LL,DT,False,268,2,universe
PCAR,2026-09-24,110.67,2.87,False,121.76,-0.728,-1.75,False,87.9,-0.1,88.0,True,2.59,1.59,10.0,-1.5,D 趨勢弱,True,8:49,264.6,跌,276.0,35,False,14.0,-1.0415,-0.9757,-1.1366,False,False,-10.02,-3.87,124.7,-12.68,-4.89,395.5,,OHLC,↓,LH/LL,DT,False,268,2,universe
GRMN,2026-09-24,295.04,6.91,False,285.75,-0.373,-0.66,False,84.6,-0.3,84.9,True,2.34,2.51,60.8,0.9,A 待突破,True,9:55,297.5,升,15.0,3,False,14.0,1.468,0.6428,,False,False,3.15,1.34,272.18,7.75,3.31,241.5,,OHLC,↑,HH/HL,UT,False,268,2,universe
ADI,2026-09-24,382.61,11.29,False,370.95,-0.206,-0.04,True,83.9,0.28,83.6,True,2.95,2.05,58.4,0.8,C 基底修復,False,1:07,33.5,升,69.0,10,False,14.0,3.1973,3.4455,,False,False,3.05,1.03,361.02,5.64,1.91,1269.6,,OHLC,↑,HH/HL,UT,False,268,2,universe
CW,2026-09-24,544.21,17.28,False,595.95,-4.435,-1.61,True,81.5,0.44,81.1,True,3.18,2.27,4.8,0.6,D 趨勢弱,False,1:59,59.6,升,83.0,8,False,14.0,3.1501,3.5471,,False,False,-9.51,-2.99,570.04,-4.75,-1.49,247.6,,OHLC,↓,LH/LL,DT,False,268,2,universe
NTAP,2026-09-24,197.24,8.1,True,191.8,0.0,0.03,False,74.2,-0.48,74.6,False,4.11,2.73,72.9,5.3,A 待突破,False,11:33,346.5,升,42.0,6,False,14.0,0.4755,0.4614,,False,True,2.76,0.67,199.28,-1.03,-0.25,491.0,,OHLC,—,LH/LL,次級反彈,True,268,2,universe
DCO,2026-09-24,174.57,7.18,False,175.78,-1.301,-0.97,True,73.7,0.8,72.9,False,4.11,2.82,53.0,3.1,C 基底修復,False,11:02,330.8,升,34.0,3,False,14.0,0.97,0.5193,,False,True,-0.69,-0.17,164.08,6.01,1.46,43.2,,OHLC,↑,HH/HL,UT,False,268,2,universe
MYRG,2026-09-24,295.18,12.75,False,297.3,-1.047,-0.58,True,71.9,0.32,71.6,False,4.32,2.94,36.5,3.4,D 趨勢弱,False,2:49,84.6,升,124.0,14,False,14.0,4.546,4.1432,,False,True,-0.72,-0.17,291.26,1.33,0.31,81.8,,OHLC,—,LH/LL,UT,True,268,2,universe
LIND,2026-09-24,27.58,1.22,False,28.39,-0.166,-0.66,True,70.5,0.93,69.6,False,4.44,3.1,44.6,1.9,D 趨勢弱,False,12:36,18.0,升,60.0,6,False,14.0,0.2424,0.2303,,False,True,-2.92,-0.66,28.99,-5.11,-1.15,24.9,,OHLC,↓,LH/LL,DT,False,268,2,universe
CVLT,2026-09-24,150.0,5.83,True,139.19,0.395,0.35,True,68.7,0.03,68.7,False,3.89,4.0,42.3,-0.2,C 基底修復,False,11:49,354.6,升,47.0,9,False,14.0,1.4449,1.4591,,False,False,7.21,1.86,144.54,3.64,0.94,77.2,,OHLC,↑,HH/HL,UT,False,268,2,universe
POWL,2026-09-24,191.62,8.68,False,186.73,-0.433,-0.43,True,66.0,0.35,65.6,False,4.53,3.88,38.9,1.1,D 趨勢弱,False,2:49,84.6,升,121.0,13,False,14.0,3.4867,3.4426,,False,True,2.55,0.56,,,,100.8,,OHLC,—,LH/LL,UT,False,268,2,universe
FLEX,2026-09-24,112.4,5.42,False,112.06,-0.545,-0.43,True,63.9,0.12,63.8,False,4.82,4.02,61.1,12.3,D 趨勢弱,False,2:49,84.6,升,133.0,13,False,14.0,0.9036,0.9041,,False,True,0.3,0.06,108.01,3.91,0.81,366.9,,OHLC,—,HH/HL,次級反彈,True,268,2,universe
GNRC,2026-09-24,198.05,10.9,False,200.48,-0.606,-0.06,True,61.9,0.96,61.0,False,5.5,3.73,20.0,1.3,D 趨勢弱,False,11:40,350.0,升,44.0,6,False,14.0,3.0542,3.5195,,False,True,-1.22,-0.22,231.89,-17.09,-3.1,306.9,,OHLC,—,LH/LL,自然回檔,False,268,2,universe
TNGX,2026-09-24,24.63,1.45,False,24.12,-0.052,-0.4,True,58.3,0.49,57.8,False,5.89,4.12,48.0,-1.8,C 基底修復,False,2:49,84.6,升,148.0,12,False,14.0,0.298,0.2666,,False,True,2.08,0.35,24.54,0.37,0.06,66.5,,OHLC,—,LH/LL,自然回檔,False,268,2,universe
INOD,2026-09-24,71.87,4.13,True,61.85,0.405,0.22,True,58.2,0.24,58.0,False,5.75,4.27,35.0,0.0,E 延伸,False,12:30,15.0,升,58.0,9,False,14.0,2.3758,2.1568,,False,False,13.95,2.43,74.93,-4.26,-0.74,87.1,,OHLC,—,LH/LL,UT,False,268,2,universe
CLS,2026-09-24,373.56,19.6,True,323.72,1.506,0.31,True,56.8,0.34,56.4,False,5.25,5.1,46.7,2.5,E 延伸,False,2:49,84.6,升,196.0,14,False,14.0,6.3404,5.4549,,False,False,13.34,2.54,316.08,15.39,2.93,735.6,,OHLC,↑,HH/HL,UT,False,268,2,universe
RGTI,2026-09-24,16.5,1.0,False,16.31,-0.069,-0.25,True,53.8,0.71,53.1,False,6.05,4.96,34.2,0.9,D 趨勢弱,False,11:58,359.1,升,49.0,6,False,14.0,0.1805,0.1629,,False,True,1.18,0.19,15.81,4.18,0.69,261.7,,OHLC,—,LH/LL,自然反彈,False,268,2,universe
PSIX,2026-09-24,46.54,2.49,True,40.95,0.103,0.39,True,53.7,0.16,53.6,False,5.35,5.69,15.0,0.0,E 延伸,False,2:23,71.3,升,90.0,14,False,14.0,0.6004,0.6756,,False,False,12.01,2.25,40.29,13.43,2.51,16.7,,OHLC,↑,HH/HL,UT,False,268,2,universe
RDW,2026-09-24,11.6,0.75,False,11.52,-0.085,-0.59,True,51.0,0.6,50.4,False,6.51,5.19,56.9,-1.0,D 趨勢弱,False,10:30,315.0,升,25.0,6,False,14.0,0.1059,0.0964,,False,True,0.66,0.1,11.27,2.84,0.44,136.4,,OHLC,—,HH/HL,自然反彈,True,268,2,universe
QBTS,2026-09-24,17.48,1.14,False,17.93,-0.105,-0.42,True,49.7,0.94,48.8,False,6.5,5.51,11.9,-4.2,D 趨勢弱,False,11:07,333.5,升,35.0,6,False,14.0,0.1577,0.1389,,False,True,-2.57,-0.4,17.67,-1.09,-0.17,279.6,,OHLC,↓,LH/LL,次級反彈,False,268,2,universe
DOCN,2026-09-24,141.57,9.81,True,125.16,0.149,0.35,True,47.8,0.7,47.1,False,6.93,5.58,51.9,0.1,E 延伸,False,2:49,84.6,升,107.0,13,False,14.0,2.8519,3.1415,,False,False,11.59,1.67,130.14,8.07,1.17,363.6,,OHLC,↑,HH/HL,自然回檔,False,268,2,universe
FSLY,2026-09-24,26.68,2.67,True,25.24,0.022,0.26,False,36.7,-4.09,40.8,False,10.0,5.91,42.8,-6.3,E 延伸,False,12:49,24.7,升,64.0,9,False,14.0,0.5485,0.637,,False,True,5.39,0.54,27.42,-2.77,-0.28,199.6,,OHLC,—,LH/LL,次級回檔,False,268,2,universe
IGR,2026-09-24,11.94,0.44,True,7.72,0.205,2.44,True,32.0,0.23,31.8,False,3.69,14.08,68.4,-0.5,E 延伸,False,2:49,84.6,升,109.0,13,False,14.0,0.0155,0.1148,,False,False,35.38,9.59,5.02,57.96,15.7,4.1,單日 +199%（09-08）且量未放大，疑似未調整分割/重組,OHLC,—,HH/HL,次級回檔,True,268,2,universe
HOMB,2026-09-24,28.96,0.45,False,29.94,-0.07,-0.62,True,94.7,0.08,94.6,True,1.56,1.04,38.9,1.3,C 基底修復,False,4:42,140.9,跌,28.0,4,False,,-0.0894,-0.0784,-0.2335,False,False,-3.39,-2.18,30.21,-4.32,-2.77,45.4,,OHLC,↓,LH/LL,DT,False,268,2,universe
HR,2026-09-24,17.83,0.31,False,18.84,-0.055,-1.19,False,94.2,-0.0,94.2,True,1.74,1.01,16.6,-1.4,D 趨勢弱,True,6:22,190.8,跌,56.0,7,False,,-0.0607,-0.0519,-0.2626,False,False,-5.66,-3.25,19.22,-7.8,-4.48,74.1,,OHLC,↓,LH/LL,DT,False,268,2,universe
OGE,2026-09-24,44.28,0.76,False,46.21,-0.096,-0.42,False,94.0,-0.0,94.0,True,1.71,1.09,24.6,-1.5,D 趨勢弱,True,6:05,182.3,跌,51.0,5,False,,-0.1694,-0.1324,-0.2719,False,False,-4.36,-2.56,47.39,-7.02,-4.12,73.5,,OHLC,↓,LH/LL,DT,False,268,2,universe
NI,2026-09-24,39.12,0.68,False,41.03,-0.113,-0.88,True,93.6,0.07,93.6,True,1.74,1.15,14.1,-0.1,D 趨勢弱,False,3:50,115.0,跌,14.0,2,False,,-0.0931,-0.0524,-0.3459,False,False,-4.88,-2.8,41.9,-7.11,-4.09,224.0,,OHLC,↓,LH/LL,DT,False,268,2,universe
NNI,2026-09-24,125.03,2.32,False,126.71,-0.003,-0.26,False,93.5,-0.0,93.5,True,1.86,1.07,19.1,-0.8,D 趨勢弱,False,2:49,84.6,升,162.0,16,False,,0.0258,0.0768,,False,True,-1.35,-0.72,,,,19.2,,OHLC,—,HH/HL,DT,True,268,2,universe
INDB,2026-09-24,80.24,1.5,False,82.69,-0.156,-0.48,True,93.3,0.1,93.2,True,1.86,1.1,39.5,11.3,C 基底修復,False,4:45,142.4,跌,29.0,4,False,,-0.2429,-0.2328,-0.4894,False,False,-3.05,-1.64,83.9,-4.56,-2.45,28.0,,OHLC,↓,LH/LL,DT,False,268,2,universe
NBHC,2026-09-24,40.01,0.71,False,41.56,-0.095,-0.76,True,93.3,0.2,93.1,True,1.78,1.18,23.8,1.8,D 趨勢弱,False,4:50,144.9,跌,30.0,4,False,,-0.116,-0.1143,-0.4113,False,False,-3.86,-2.17,42.07,-5.15,-2.89,15.0,,OHLC,↓,LH/LL,DT,False,268,2,universe
CBU,2026-09-24,60.74,1.09,False,62.68,-0.127,-0.76,True,93.2,0.1,93.1,True,1.79,1.21,24.0,0.1,D 趨勢弱,False,5:14,157.0,跌,37.0,4,False,,-0.1386,-0.1293,-0.5301,False,False,-3.2,-1.79,63.63,-4.76,-2.66,17.5,,OHLC,↓,LH/LL,DT,False,268,2,universe
CFFN,2026-09-24,8.66,0.17,False,8.73,-0.008,-0.04,False,93.0,-0.24,93.3,True,1.94,1.1,52.9,-0.0,C 基底修復,False,3:53,116.7,跌,15.0,2,False,,-0.0168,-0.0069,-0.0696,False,True,-0.84,-0.43,8.97,-3.58,-1.85,8.1,,OHLC,—,LH/LL,自然回檔,False,268,2,universe
ACT,2026-09-24,47.25,0.97,False,49.07,-0.055,-0.16,False,92.8,-0.3,93.1,True,2.05,1.04,47.7,-6.7,C 基底修復,True,8:49,264.6,跌,174.0,25,False,,-0.2935,-0.2699,-0.2935,False,False,-3.86,-1.88,50.2,-6.24,-3.04,20.6,,OHLC,↓,LH/LL,DT,False,268,2,universe
FHB,2026-09-24,25.12,0.48,False,25.94,-0.073,-0.86,True,92.7,0.0,92.7,True,1.89,1.23,22.7,3.3,D 趨勢弱,False,2:49,84.6,升,104.0,14,False,,0.0009,0.0015,,False,False,-3.25,-1.71,25.98,-3.42,-1.81,52.7,,OHLC,↓,LH/LL,DT,False,268,2,universe
GGG,2026-09-24,77.15,1.41,False,78.27,-0.097,-0.49,False,92.4,-0.13,92.5,True,1.83,1.37,26.8,-0.5,D 趨勢弱,False,10:07,303.5,升,19.0,3,False,,0.1493,0.1506,,False,True,-1.46,-0.8,75.68,1.91,1.04,198.5,,OHLC,—,HH/HL,自然反彈,True,268,2,universe
GNL,2026-09-24,8.63,0.14,False,8.97,-0.016,-0.68,False,92.4,-0.01,92.5,True,1.66,1.52,16.0,-1.1,D 趨勢弱,True,8:49,264.6,跌,114.0,12,False,,-0.0499,-0.0492,-0.0499,False,False,-3.91,-2.36,,,,19.5,,OHLC,—,HH/HL,DT,False,268,2,universe
WRB,2026-09-24,67.29,1.32,False,69.5,-0.046,-0.25,True,92.4,0.01,92.3,True,1.96,1.24,25.6,0.9,D 趨勢弱,False,4:58,149.2,跌,33.0,3,False,,-0.2004,-0.121,-0.5842,False,False,-3.28,-1.67,68.76,-2.18,-1.11,257.8,,OHLC,↓,LH/LL,DT,False,268,2,universe
CINF,2026-09-24,162.33,2.95,False,169.73,-0.317,-0.65,True,91.9,0.08,91.9,True,1.82,1.48,21.8,0.0,D 趨勢弱,False,4:27,133.4,跌,24.0,4,False,,-0.7045,-0.5482,-1.0621,False,False,-4.56,-2.51,173.2,-6.7,-3.69,107.7,,OHLC,↓,LH/LL,DT,False,268,2,universe
SBSI,2026-09-24,30.9,0.66,False,31.94,-0.058,-0.43,True,91.6,0.32,91.3,True,2.15,1.23,24.4,1.6,D 趨勢弱,False,5:18,159.2,跌,38.0,5,False,,-0.0827,-0.0775,-0.3287,False,False,-3.36,-1.56,33.25,-7.61,-3.54,4.2,,OHLC,↓,LH/LL,DT,False,268,2,universe
HTB,2026-09-24,45.73,0.97,False,47.29,-0.104,-0.44,True,91.5,0.06,91.5,True,2.12,1.27,28.7,2.7,D 趨勢弱,False,4:22,130.8,跌,23.0,3,False,,-0.158,-0.1401,-0.5303,False,False,-3.41,-1.61,45.55,0.39,0.19,10.9,,OHLC,↓,LH/LL,DT,False,268,2,universe
FSBC,2026-09-24,43.43,1.02,False,45.4,-0.102,-0.51,True,91.1,0.4,90.7,True,2.34,1.16,45.4,0.6,C 基底修復,False,5:17,158.7,跌,38.0,7,False,,-0.2411,-0.2272,-0.347,False,False,-4.55,-1.94,46.96,-8.13,-3.47,9.2,,OHLC,↓,LH/LL,DT,False,268,2,universe
ENSG,2026-09-24,173.28,3.76,False,175.66,-0.167,-0.29,False,90.9,-0.14,91.0,True,2.17,1.37,15.4,-1.8,D 趨勢弱,False,12:42,20.8,升,62.0,7,False,,0.165,0.3072,,False,True,-1.37,-0.63,178.98,-3.29,-1.52,63.2,,OHLC,—,LH/LL,DT,True,268,2,universe
NRIM,2026-09-24,24.62,0.6,False,25.79,-0.132,-0.57,True,90.1,0.19,89.9,True,2.43,1.3,23.5,1.5,C 基底修復,False,5:51,175.5,跌,48.0,6,False,,-0.1152,-0.1015,-0.2264,False,False,-4.74,-1.95,26.45,-7.43,-3.06,3.9,,OHLC,↓,LH/LL,DT,False,268,2,universe
MSGS,2026-09-24,402.5,9.48,False,397.94,-0.4,-0.0,False,90.0,-0.05,90.1,True,2.35,1.38,76.3,12.6,A 待突破,False,2:29,74.6,升,91.0,8,False,,0.8824,0.5509,,False,True,1.13,0.48,401.88,0.15,0.07,114.4,,OHLC,—,LH/LL,自然反彈,True,268,2,universe
IEP,2026-09-24,6.95,0.15,False,6.95,-0.02,-0.53,False,89.9,-0.3,90.2,True,2.21,1.56,20.9,-0.3,D 趨勢弱,False,2:49,84.6,升,109.0,15,False,,0.0348,0.0482,,False,True,-0.01,-0.01,6.51,6.33,2.87,5.0,,OHLC,↑,HH/HL,自然回檔,False,268,2,universe
UVV,2026-09-24,42.71,0.99,False,44.97,-0.068,-1.2,True,89.4,0.23,89.2,True,2.32,1.55,8.1,-0.8,D 趨勢弱,False,5:04,151.9,跌,34.0,4,False,,-0.0819,-0.0616,-0.9324,False,False,-5.3,-2.28,46.36,-8.55,-3.68,14.9,,OHLC,↓,LH/LL,DT,False,268,2,universe
WMT,2026-09-24,107.59,2.17,False,107.28,-0.162,-0.26,False,89.4,-0.84,90.2,True,2.02,1.85,26.5,-9.9,D 趨勢弱,False,2:49,84.6,升,107.0,15,False,,0.4858,0.6313,,False,True,0.29,0.14,106.08,1.4,0.69,2478.1,,OHLC,↑,HH/HL,自然回檔,False,268,2,universe
UNTY,2026-09-24,55.33,1.37,False,59.02,-0.278,-0.43,False,89.2,-1.76,91.0,True,2.48,1.42,35.7,-4.5,C 基底修復,True,6:06,182.9,跌,52.0,6,False,,-0.3699,-0.2244,-0.3719,False,False,-6.67,-2.68,61.23,-10.66,-4.29,3.5,,OHLC,↓,LH/LL,DT,False,268,2,universe
AD,2026-09-24,34.49,0.94,False,36.71,-0.039,-0.13,False,88.7,-0.29,89.0,True,2.74,1.28,11.2,-2.0,D 趨勢弱,True,8:32,256.2,跌,92.0,6,False,,-0.4308,-0.3883,-0.4308,False,False,-6.42,-2.35,35.0,-1.48,-0.54,10.2,,OHLC,↓,LH/LL,DT,False,268,2,universe
GNW,2026-09-24,9.45,0.25,False,10.11,-0.011,0.02,False,88.3,-0.4,88.7,True,2.66,1.45,38.0,-3.4,C 基底修復,True,6:54,207.2,跌,65.0,7,False,,-0.1059,-0.0861,-0.1059,False,False,-7.03,-2.64,10.23,-8.25,-3.11,45.1,,OHLC,↓,LH/LL,DT,False,268,2,universe
HRL,2026-09-24,19.84,0.49,False,22.05,-0.1,-1.14,True,87.4,0.53,86.9,True,2.47,1.82,5.0,-0.1,D 趨勢弱,False,3:49,114.6,跌,14.0,2,False,,-0.0135,-0.0061,-0.3134,False,False,-11.13,-4.51,21.11,-6.4,-2.59,121.1,,OHLC,↓,LH/LL,DT,False,268,2,universe
NPB,2026-09-24,15.35,0.42,False,16.82,-0.054,-0.67,False,86.1,-0.02,86.1,True,2.74,1.82,8.3,-0.8,D 趨勢弱,True,6:32,196.1,跌,59.0,7,False,,-0.1529,-0.1274,-0.1895,False,False,-9.59,-3.5,17.28,-12.57,-4.59,4.5,,OHLC,↓,LH/LL,DT,False,268,2,universe
BANC,2026-09-24,17.73,0.41,False,18.62,-0.058,-0.5,True,85.9,0.27,85.7,True,2.34,2.25,15.2,-4.7,D 趨勢弱,False,4:08,123.9,跌,19.0,2,False,,-0.0395,-0.0249,-0.3043,False,False,-5.03,-2.15,18.78,-5.92,-2.54,48.6,,OHLC,↓,LH/LL,DT,False,268,2,universe
GOLF,2026-09-24,82.36,2.33,False,86.09,-0.263,-1.27,True,85.7,0.34,85.4,True,2.83,1.8,11.6,3.0,D 趨勢弱,False,2:45,82.3,升,96.0,18,False,,0.3367,0.3068,,False,False,-4.53,-1.6,86.68,-5.25,-1.86,29.1,,OHLC,↓,LH/LL,自然反彈,False,268,2,universe
HXL,2026-09-24,85.45,2.55,False,92.5,-0.376,-1.1,True,85.7,0.33,85.3,True,2.99,1.65,22.3,-2.7,C 基底修復,False,5:34,167.1,跌,43.0,6,False,,-0.2654,-0.2557,-1.3923,False,False,-8.25,-2.76,92.74,-8.53,-2.85,74.9,,OHLC,↓,LH/LL,DT,False,268,2,universe
PBI,2026-09-24,16.36,0.48,False,16.91,-0.004,-0.2,True,85.6,0.67,85.0,True,2.91,1.74,52.5,-2.5,C 基底修復,False,5:07,153.3,跌,35.0,4,False,,-0.0923,-0.0838,-0.2328,False,False,-3.34,-1.15,17.33,-5.93,-2.04,29.3,,OHLC,↓,LH/LL,DT,False,268,2,universe
CACC,2026-09-24,547.4,17.07,False,588.16,-1.051,-0.26,False,85.2,-0.06,85.3,True,3.12,1.62,36.4,-2.8,C 基底修復,True,6:50,205.2,跌,64.0,6,False,,-6.1803,-5.458,-11.2974,False,False,-7.45,-2.39,,,,71.7,,OHLC,—,HH/HL,DT,False,268,2,universe
DAL,2026-09-24,82.76,2.34,False,81.22,-0.113,-0.51,False,85.1,-0.11,85.2,True,2.83,1.92,50.4,0.5,C 基底修復,False,1:22,40.9,升,73.0,9,False,,0.7461,0.7179,,False,True,1.86,0.66,83.92,-1.4,-0.49,544.9,,OHLC,—,LH/LL,自然回檔,False,268,2,universe
CTS,2026-09-24,59.58,1.66,False,57.92,-0.13,-0.6,False,84.5,-0.25,84.7,True,2.79,2.09,45.2,0.9,C 基底修復,False,12:30,14.9,升,58.0,10,False,,0.5132,0.4883,,False,True,2.79,1.0,59.07,0.86,0.31,12.9,,OHLC,—,HH/HL,UT,True,268,2,universe
TRN,2026-09-24,27.84,0.73,False,28.65,-0.056,-0.56,False,84.3,-0.0,84.3,True,2.62,2.29,9.1,-0.4,D 趨勢弱,False,2:49,84.6,升,156.0,23,False,,0.1298,0.1385,,False,True,-2.92,-1.12,27.82,0.07,0.03,17.0,,OHLC,—,HH/HL,DT,True,268,2,universe
ALG,2026-09-24,159.03,5.28,False,166.11,-0.313,-0.12,False,84.2,-2.08,86.3,True,3.32,1.61,13.1,-1.7,D 趨勢弱,True,8:01,240.4,跌,84.0,7,False,,-1.0753,-0.6914,-1.0753,False,False,-4.45,-1.34,169.74,-6.73,-2.03,32.6,,OHLC,↓,LH/LL,DT,False,268,2,universe
SBAC,2026-09-24,166.12,5.16,False,183.07,-0.716,-0.32,False,83.6,-0.67,84.2,True,3.11,1.95,3.7,-4.7,D 趨勢弱,True,8:49,264.6,跌,101.0,11,False,,-1.9955,-1.6114,-1.9955,False,False,-10.2,-3.28,191.52,-15.29,-4.92,173.1,,OHLC,↓,LH/LL,DT,False,268,2,universe
NEWT,2026-09-24,11.3,0.34,False,12.14,-0.049,-1.18,True,83.2,0.38,82.8,True,3.02,2.11,10.9,-1.0,D 趨勢弱,False,3:52,116.2,跌,15.0,2,False,,-0.0152,-0.0048,-0.278,False,False,-7.4,-2.45,12.44,-10.09,-3.34,3.1,,OHLC,↓,LH/LL,DT,False,268,2,universe
LUV,2026-09-24,41.55,1.24,False,40.45,-0.058,-0.45,False,83.1,-0.02,83.1,True,2.99,2.16,21.8,-0.7,C 基底修復,False,2:49,84.6,升,102.0,12,False,,0.5397,0.558,,False,True,2.65,0.89,38.67,6.93,2.32,231.4,,OHLC,↑,HH/HL,自然回檔,False,268,2,universe
AMPH,2026-09-24,26.27,0.87,True,23.02,0.192,1.12,False,81.4,-0.64,82.1,True,3.31,2.16,40.5,3.6,E 延伸,False,10:12,306.0,升,20.0,4,False,,0.1325,0.0372,,False,False,12.39,3.74,23.45,10.73,3.24,12.0,,OHLC,↑,HH/HL,UT,False,268,2,universe
FFIV,2026-09-24,446.55,14.09,True,411.47,0.995,0.5,False,81.2,-0.29,81.5,True,3.16,2.35,57.5,-1.3,E 延伸,False,2:49,84.6,升,168.0,12,False,,5.0009,5.9298,,False,False,7.86,2.49,394.24,11.71,3.71,230.2,,OHLC,↑,HH/HL,自然回檔,False,268,2,universe
ESE,2026-09-24,268.42,9.2,False,273.77,-1.414,-1.05,False,81.1,-0.23,81.4,True,3.43,2.1,24.8,0.7,C 基底修復,False,12:16,8.2,升,55.0,6,False,,1.6875,1.2616,,False,True,-1.99,-0.58,274.02,-2.09,-0.61,66.4,,OHLC,↓,LH/LL,自然反彈,False,268,2,universe
CCL,2026-09-24,21.79,0.76,False,23.93,-0.17,-1.42,True,81.0,0.13,80.8,True,3.47,2.08,0.0,0.0,D 趨勢弱,False,10:13,306.7,升,20.0,3,False,,0.046,0.0352,,False,False,-9.83,-2.83,22.31,-2.39,-0.69,513.1,,OHLC,↓,LH/LL,DT,False,268,2,universe
RAL,2026-09-24,69.97,2.38,False,65.97,-0.054,-0.04,True,80.8,0.59,80.2,True,3.41,2.19,59.5,-2.1,B 上升結構,False,2:49,84.6,升,130.0,12,False,,0.6927,0.7124,,False,False,5.71,1.68,65.15,6.89,2.02,97.9,,OHLC,↑,HH/HL,UT,False,268,2,universe
LOGI,2026-09-24,99.56,3.22,False,100.35,-0.138,-0.04,False,80.7,-2.02,82.8,True,3.24,2.36,32.4,-17.3,D 趨勢弱,False,2:49,84.6,升,115.0,15,False,,0.3504,0.7256,,False,True,-0.8,-0.25,99.53,0.03,0.01,78.4,,OHLC,↑,HH/HL,自然回檔,False,268,2,universe
GME,2026-09-24,25.02,0.79,True,20.43,0.263,1.43,False,80.4,-0.84,81.3,True,3.17,2.49,35.9,2.2,E 延伸,False,2:49,84.6,升,162.0,21,False,,0.5103,0.4878,,False,False,18.33,5.78,21.68,13.35,4.21,197.8,,OHLC,↑,HH/HL,UT,False,268,2,universe
ECHO,2026-09-24,90.38,3.04,False,90.8,-0.026,0.32,False,80.2,-0.37,80.5,True,3.36,2.35,30.5,4.2,D 趨勢弱,False,2:49,84.6,升,373.0,38,False,,0.1336,0.4591,,False,True,-0.46,-0.14,93.42,-3.36,-1.0,277.5,,OHLC,—,LH/LL,自然回檔,False,187,2,universe
VIK,2026-09-24,79.52,2.78,False,88.14,-0.652,-1.18,True,80.1,0.06,80.1,True,3.49,2.22,15.5,-2.2,D 趨勢弱,False,3:47,113.6,跌,13.0,1,False,,-0.1157,0.0054,-1.8459,False,False,-10.84,-3.1,86.42,-8.68,-2.48,360.0,,OHLC,↓,LH/LL,DT,False,268,2,universe
PLXS,2026-09-24,261.61,8.24,False,249.07,-0.384,-0.32,True,79.5,0.28,79.2,True,3.15,2.68,65.2,1.1,C 基底修復,False,2:49,84.6,升,106.0,13,False,,2.8641,2.8008,,False,False,4.79,1.52,236.58,9.57,3.04,54.7,,OHLC,↑,HH/HL,UT,False,268,2,universe
VST,2026-09-24,137.94,4.53,False,142.51,-0.235,-0.08,True,79.3,0.48,78.8,True,3.28,2.58,14.2,0.9,D 趨勢弱,False,5:56,177.8,跌,49.0,5,False,,-0.4692,-0.3796,-1.9035,False,False,-3.31,-1.01,143.56,-4.07,-1.24,628.6,,OHLC,↓,LH/LL,DT,False,268,2,universe
BKD,2026-09-24,11.07,0.4,False,11.96,-0.069,-1.19,True,79.2,0.63,78.6,True,3.6,2.29,24.0,-1.7,D 趨勢弱,False,3:24,102.0,跌,7.0,1,False,,-0.0111,0.0007,-0.2645,False,False,-8.03,-2.23,12.2,-10.21,-2.84,50.6,,OHLC,↓,LH/LL,DT,False,268,2,universe
NXPI,2026-09-24,230.16,7.67,False,227.59,-0.179,-0.04,False,79.1,-0.16,79.3,True,3.33,2.57,16.1,2.5,D 趨勢弱,False,2:49,84.6,升,235.0,29,False,,1.9297,2.3078,,False,True,1.12,0.34,237.57,-3.22,-0.97,822.1,,OHLC,↓,LH/LL,自然回檔,False,268,2,universe
UAL,2026-09-24,111.19,4.04,False,111.86,-0.344,-0.48,False,78.6,-0.25,78.8,True,3.64,2.37,38.3,2.7,C 基底修復,False,1:19,39.6,升,72.0,9,False,,0.955,1.0226,,False,True,-0.6,-0.17,110.77,0.38,0.1,414.0,,OHLC,—,LH/LL,自然回檔,False,268,2,universe
EEFT,2026-09-24,64.33,2.25,False,69.84,-0.173,-0.51,True,78.2,0.07,78.1,True,3.49,2.58,20.3,-1.7,D 趨勢弱,False,5:45,172.3,跌,46.0,6,False,,-0.5846,-0.5618,-1.2015,False,False,-8.56,-2.45,72.18,-12.2,-3.49,42.1,,OHLC,↓,LH/LL,DT,False,268,2,universe
MOH,2026-09-24,193.31,7.0,False,201.2,-0.341,-0.07,True,78.2,0.36,77.8,True,3.62,2.46,52.8,3.5,C 基底修復,False,4:35,137.6,跌,26.0,3,False,,-1.155,-1.1473,-5.2596,False,False,-4.08,-1.13,198.84,-2.86,-0.79,121.9,,OHLC,↓,LH/LL,自然反彈,False,268,2,universe
TNC,2026-09-24,66.21,2.36,False,68.72,-0.062,-0.58,True,77.8,0.6,77.2,True,3.57,2.59,19.5,-2.1,D 趨勢弱,False,2:49,84.6,升,232.0,22,False,,0.0237,0.0069,,False,False,-3.8,-1.06,,,,13.1,,OHLC,—,HH/HL,DT,True,268,2,universe
AAL,2026-09-24,13.35,0.46,False,13.44,-0.038,-0.56,False,77.7,-0.18,77.9,True,3.46,2.71,26.5,-2.2,C 基底修復,False,12:56,28.1,升,66.0,9,False,,0.1363,0.1388,,False,True,-0.71,-0.2,13.95,-4.49,-1.3,924.4,,OHLC,↓,LH/LL,自然反彈,False,268,2,universe
BG,2026-09-24,110.21,4.32,False,116.85,-0.096,0.02,True,77.7,0.42,77.3,True,3.92,2.25,28.0,-1.1,C 基底修復,False,5:47,173.3,跌,46.0,7,False,,-1.4643,-1.3911,-1.4643,False,False,-6.03,-1.54,109.82,0.35,0.09,238.7,,OHLC,—,HH/HL,DT,False,268,2,universe
FG,2026-09-24,21.62,0.83,False,23.78,-0.141,-1.19,True,77.2,0.16,77.1,True,3.82,2.44,8.8,0.0,D 趨勢弱,False,3:35,107.5,跌,10.0,2,False,,-0.0516,-0.0203,-0.6416,False,False,-10.01,-2.62,23.52,-8.79,-2.3,15.9,,OHLC,↓,LH/LL,DT,False,268,2,universe
NGS,2026-09-24,33.3,1.26,False,35.91,-0.09,-0.31,True,77.2,0.68,76.6,True,3.77,2.49,13.9,1.3,C 基底修復,False,4:51,145.4,跌,31.0,4,False,,-0.2945,-0.2692,-0.4477,False,False,-7.83,-2.08,,,,4.0,,OHLC,—,HH/HL,DT,False,268,2,universe
LZB,2026-09-24,29.91,1.0,False,32.54,-0.186,-1.41,True,77.1,0.18,76.9,True,3.34,2.95,8.3,-0.1,D 趨勢弱,False,2:39,79.4,升,94.0,8,False,,0.1996,0.1826,,False,False,-8.79,-2.63,30.66,-2.51,-0.75,25.9,,OHLC,—,LH/LL,DT,True,268,2,universe
VSTS,2026-09-24,13.84,0.55,False,13.31,-0.039,-0.03,False,77.0,-0.03,77.0,True,4.0,2.32,52.9,1.2,C 基底修復,False,2:49,84.6,升,127.0,14,False,,0.1461,0.1796,,False,True,3.82,0.95,13.85,-0.07,-0.02,21.7,,OHLC,↑,HH/HL,自然回檔,False,268,2,universe
LYTS,2026-09-24,20.94,0.76,False,20.58,-0.14,-0.59,False,76.8,-0.07,76.9,True,3.63,2.71,22.1,4.8,C 基底修復,False,12:03,1.5,升,51.0,10,False,,0.2435,0.2176,,False,True,1.71,0.47,20.24,3.34,0.92,8.7,,OHLC,↑,HH/HL,UT,False,268,2,universe
OMCL,2026-09-24,33.03,1.14,False,34.33,-0.134,-0.58,True,76.8,0.7,76.1,True,3.44,2.91,25.1,4.5,D 趨勢弱,False,2:49,84.6,升,138.0,17,False,,0.1957,0.1695,,False,False,-3.93,-1.14,33.51,-1.45,-0.42,19.8,,OHLC,—,LH/LL,自然反彈,True,268,2,universe
KN,2026-09-24,36.76,1.21,False,35.23,-0.081,-0.35,True,76.4,0.17,76.2,True,3.28,3.14,65.7,2.9,C 基底修復,False,2:49,84.6,升,98.0,14,False,,0.2741,0.2703,,False,False,4.17,1.27,34.61,5.85,1.78,24.7,,OHLC,—,HH/HL,UT,True,268,2,universe
PRLB,2026-09-24,92.97,3.27,True,83.78,0.475,0.19,False,76.4,-1.36,77.7,True,3.52,2.91,63.3,3.0,E 延伸,False,1:52,56.1,升,81.0,7,False,,1.2758,1.0843,,False,False,9.89,2.81,87.91,5.44,1.55,18.2,,OHLC,↑,HH/HL,UT,False,268,2,universe
AVT,2026-09-24,100.91,3.82,True,93.22,0.092,0.04,False,76.2,-0.29,76.5,True,3.78,2.68,63.9,-0.0,E 延伸,False,2:34,77.1,升,93.0,13,False,,0.8609,0.7659,,False,False,7.62,2.01,92.34,8.49,2.24,124.3,,OHLC,↑,HH/HL,UT,False,268,2,universe
DBD,2026-09-24,62.47,2.14,False,67.0,-0.286,-0.87,True,75.9,0.6,75.3,True,3.43,3.09,18.0,0.4,D 趨勢弱,False,2:49,84.6,升,181.0,19,False,,0.1123,0.142,,False,False,-7.25,-2.11,66.17,-5.92,-1.73,15.6,,OHLC,—,LH/LL,DT,True,268,2,universe
LII,2026-09-24,367.78,11.32,False,385.04,-1.451,-1.03,True,75.9,0.34,75.5,True,3.08,3.44,19.5,1.2,D 趨勢弱,False,2:49,84.6,升,177.0,21,False,,3.5786,3.4561,,False,False,-4.69,-1.52,372.0,-1.15,-0.37,183.7,,OHLC,—,LH/LL,自然反彈,True,268,2,universe
QRVO,2026-09-24,116.34,4.44,True,106.95,0.473,0.85,False,75.9,-0.46,76.4,True,3.82,2.69,54.6,-2.8,E 延伸,False,2:49,84.6,升,123.0,16,False,,0.5295,0.9218,,False,False,8.07,2.11,120.52,-3.59,-0.94,159.2,,OHLC,—,LH/LL,自然回檔,False,268,2,universe
WERN,2026-09-24,33.48,1.39,False,37.46,-0.167,-0.34,False,75.9,-0.7,76.6,True,4.16,2.35,29.5,-3.6,D 趨勢弱,True,7:31,225.5,跌,75.0,8,False,,-0.3917,-0.347,-1.1267,False,False,-11.89,-2.86,38.88,-16.13,-3.88,31.5,,OHLC,↓,LH/LL,DT,False,268,2,universe
BURL,2026-09-24,254.83,10.03,False,273.61,-2.049,-1.23,True,75.7,0.45,75.3,True,3.94,2.61,5.0,0.0,D 趨勢弱,False,10:37,318.5,升,27.0,4,False,,4.9045,4.3747,,False,False,-7.37,-1.87,265.33,-4.12,-1.05,489.1,,OHLC,↓,LH/LL,自然反彈,False,268,2,universe
NYT,2026-09-24,63.05,2.38,False,67.26,-0.184,0.1,True,75.5,0.55,75.0,True,3.77,2.82,7.8,0.4,D 趨勢弱,False,4:33,136.5,跌,26.0,2,False,,-0.5738,-0.3691,-1.257,False,False,-6.67,-1.77,68.61,-8.82,-2.34,213.4,,OHLC,↓,LH/LL,DT,False,268,2,universe
LMAT,2026-09-24,80.82,2.08,False,80.74,-0.031,-0.1,True,74.9,0.23,74.7,False,2.58,4.12,22.7,-1.6,D 趨勢弱,False,2:49,84.6,升,145.0,19,False,,0.5656,0.5451,,False,True,0.1,0.04,80.77,0.06,0.02,21.4,,OHLC,—,LH/LL,自然反彈,True,268,2,universe
AIN,2026-09-24,60.64,2.2,False,60.26,-0.106,-0.19,True,74.8,0.3,74.5,False,3.64,3.08,47.3,-0.6,C 基底修復,False,2:49,84.6,升,106.0,15,False,,0.4021,0.406,,False,True,0.62,0.17,58.52,3.5,0.96,16.6,,OHLC,—,HH/HL,自然反彈,True,268,2,universe
BHE,2026-09-24,82.15,2.83,True,75.32,0.126,0.09,True,74.8,0.44,74.3,False,3.45,3.28,53.5,-0.0,C 基底修復,False,2:49,84.6,升,114.0,13,False,,1.4051,1.3784,,False,False,8.31,2.41,72.25,12.05,3.5,28.5,,OHLC,↑,HH/HL,UT,False,268,2,universe
PWR,2026-09-24,643.5,23.48,False,639.04,-1.505,-0.23,True,74.5,0.19,74.3,False,3.65,3.13,61.6,8.0,C 基底修復,False,2:49,84.6,升,102.0,12,False,,3.6445,3.362,,False,True,0.69,0.19,621.83,3.37,0.92,545.4,,OHLC,—,LH/LL,UT,True,268,2,universe
TCMD,2026-09-24,22.89,0.82,False,22.99,-0.076,-0.96,True,74.4,0.84,73.6,False,3.59,3.19,23.2,1.4,D 趨勢弱,False,2:49,84.6,升,99.0,11,False,,0.2389,0.2219,,False,True,-0.44,-0.12,21.99,3.93,1.09,6.6,,OHLC,—,HH/HL,自然反彈,True,268,2,universe
TDAY,2026-09-24,6.45,0.27,False,6.51,-0.02,-0.8,True,74.4,1.01,73.4,False,4.19,2.6,39.5,-0.1,C 基底修復,False,2:49,84.6,升,214.0,15,False,,0.0668,0.0679,,False,True,-0.92,-0.22,6.47,-0.31,-0.07,14.0,,OHLC,—,LH/LL,自然回檔,True,268,2,universe
NGVC,2026-09-24,29.97,1.15,True,28.51,0.081,0.49,True,74.3,0.99,73.3,False,3.84,2.98,38.0,-0.2,C 基底修復,False,2:49,84.6,升,245.0,19,False,,0.2867,0.3361,,False,False,4.87,1.27,27.16,9.38,2.44,4.3,,OHLC,↑,HH/HL,自然回檔,False,268,2,universe
CF,2026-09-24,118.44,5.16,True,128.9,0.188,0.22,False,74.1,-0.13,74.2,False,4.36,2.49,37.7,-1.7,C 基底修復,True,8:24,252.0,跌,90.0,9,False,,-2.2591,-2.0763,-2.2591,False,False,-8.83,-2.03,,,,360.6,,OHLC,—,HH/HL,DT,False,268,2,universe
ATLC,2026-09-24,91.39,3.74,False,94.26,-0.154,-0.52,True,73.0,0.72,72.3,False,4.09,2.97,59.7,2.3,C 基底修復,False,4:02,121.0,跌,17.0,2,False,,-0.0174,-0.0023,-1.4649,False,True,-3.14,-0.77,95.19,-4.16,-1.02,11.7,,OHLC,—,LH/LL,DT,True,268,2,universe
QCOM,2026-09-24,194.26,8.43,True,175.39,0.692,0.64,True,72.4,0.29,72.1,False,4.34,2.83,42.7,-1.1,E 延伸,False,2:49,84.6,升,231.0,35,False,,2.029,2.3795,,False,False,9.71,2.24,177.72,8.51,1.96,2588.4,,OHLC,↑,HH/HL,自然回檔,False,268,2,universe
GRDN,2026-09-24,41.79,1.9,True,42.36,0.072,0.44,False,72.2,-1.22,73.4,False,4.54,2.67,49.4,-0.0,B 上升結構,False,3:23,101.7,跌,7.0,1,False,,-0.1725,0.0606,-0.3306,False,True,-1.37,-0.3,43.83,-4.88,-1.07,30.4,,OHLC,—,LH/LL,自然回檔,False,268,2,universe
VRNS,2026-09-24,47.95,1.88,True,45.38,0.141,0.41,True,72.2,0.79,71.4,False,3.93,3.28,40.4,-0.4,E 延伸,False,2:23,71.6,升,90.0,19,False,,0.1198,0.1677,,False,False,5.36,1.36,47.29,1.38,0.35,96.9,,OHLC,—,HH/HL,自然反彈,True,268,2,universe
ASO,2026-09-24,48.13,2.06,False,47.81,-0.011,0.04,True,71.8,0.58,71.2,False,4.28,3.01,16.6,-6.6,D 趨勢弱,False,4:16,127.9,跌,21.0,2,False,,-0.1223,-0.0217,-0.5472,False,True,0.66,0.15,49.5,-2.85,-0.67,109.8,,OHLC,↓,LH/LL,DT,False,268,2,universe
CDW,2026-09-24,139.46,6.12,True,144.66,0.088,0.24,False,70.9,-1.8,72.7,False,4.39,3.07,52.1,-4.9,C 基底修復,False,5:32,165.8,跌,42.0,5,False,,-1.1619,-0.6754,-1.1619,False,True,-3.73,-0.85,153.79,-10.28,-2.34,244.8,,OHLC,—,LH/LL,自然回檔,False,268,2,universe
CYH,2026-09-24,2.88,0.11,True,2.93,0.001,-0.01,False,70.6,-2.26,72.9,False,3.91,3.6,22.0,-13.6,D 趨勢弱,False,2:01,60.3,升,83.0,12,False,,0.0057,0.0123,,False,True,-1.81,-0.46,2.89,-0.35,-0.09,3.5,,OHLC,—,HH/HL,自然回檔,True,268,2,universe
MIR,2026-09-24,15.7,0.68,True,15.76,0.019,0.24,False,70.2,-1.1,71.3,False,4.34,3.24,8.3,-5.1,D 趨勢弱,False,2:49,84.6,升,192.0,18,False,,0.0163,0.0615,,False,True,-0.4,-0.09,15.38,2.04,0.47,61.3,,OHLC,—,HH/HL,次級回檔,True,268,2,universe
CLMT,2026-09-24,53.85,2.48,True,53.25,0.268,1.3,False,70.1,-0.17,70.2,False,4.6,3.02,60.2,-0.1,B 上升結構,False,4:39,139.7,跌,28.0,3,False,,-0.5648,-0.3293,-0.5648,False,True,1.12,0.24,47.72,11.38,2.47,80.3,,OHLC,↑,HH/HL,自然回檔,False,268,2,universe
TDC,2026-09-24,29.46,1.02,True,28.26,0.079,0.37,True,69.1,0.46,68.6,False,3.45,4.36,39.9,-0.6,C 基底修復,False,2:49,84.6,升,222.0,27,False,,0.1641,0.1736,,False,False,4.06,1.18,28.52,3.19,0.92,48.6,,OHLC,↑,HH/HL,UT,False,268,2,universe
WTTR,2026-09-24,19.53,0.83,False,20.15,-0.064,-0.21,True,68.9,0.26,68.6,False,4.26,3.59,53.9,-2.7,C 基底修復,False,4:20,130.0,跌,22.0,2,False,,-0.101,-0.0674,-0.3041,False,True,-3.18,-0.75,20.93,-7.16,-1.68,32.1,,OHLC,—,LH/LL,DT,True,268,2,universe
ALGT,2026-09-24,76.84,3.68,False,79.24,-0.356,-0.61,True,68.8,0.32,68.5,False,4.79,3.07,15.7,-1.5,D 趨勢弱,False,2:49,84.6,升,114.0,14,False,,0.7685,0.9724,,False,True,-3.12,-0.65,76.06,1.02,0.21,38.4,,OHLC,—,HH/HL,自然回檔,True,268,2,universe
TH,2026-09-24,21.45,0.94,True,19.2,0.155,0.95,True,68.1,0.35,67.7,False,4.36,3.65,65.0,0.2,E 延伸,False,11:16,338.0,升,38.0,6,False,,0.1833,0.192,,False,False,10.49,2.41,18.55,13.52,3.1,46.6,,OHLC,↑,HH/HL,UT,False,268,2,universe
GPRE,2026-09-24,15.01,0.66,False,15.08,-0.004,-0.06,True,68.0,0.41,67.5,False,4.42,3.61,40.6,-1.8,C 基底修復,False,2:49,84.6,升,110.0,14,False,,0.0378,0.0406,,False,True,-0.47,-0.11,15.51,-3.33,-0.75,26.2,,OHLC,—,LH/LL,自然反彈,True,268,2,universe
MMED,2026-09-24,20.44,1.01,False,21.6,-0.026,0.07,True,67.9,0.38,67.5,False,4.95,3.08,48.9,-4.9,B 上升結構,True,8:49,264.6,跌,150.0,9,False,,-0.3847,-0.3561,-0.3847,False,False,-5.67,-1.14,23.74,-16.14,-3.26,60.6,,OHLC,—,LH/LL,自然回檔,False,140,2,universe
SYM,2026-09-24,44.04,1.9,True,42.05,0.055,0.31,True,67.6,0.97,66.6,False,4.32,3.77,16.0,0.2,D 趨勢弱,False,2:49,84.6,升,118.0,14,False,,0.2726,0.3075,,False,False,4.53,1.05,41.89,4.88,1.13,74.6,,OHLC,↑,HH/HL,自然回檔,False,268,2,universe
BMBL,2026-09-24,2.68,0.13,True,2.83,0.012,0.12,True,67.4,0.44,67.0,False,5.03,3.1,19.4,0.3,D 趨勢弱,False,4:23,131.5,跌,23.0,3,False,,-0.0257,-0.0184,-0.0294,False,False,-5.42,-1.08,2.85,-6.34,-1.26,6.2,,OHLC,—,LH/LL,自然回檔,False,268,2,universe
SYNA,2026-09-24,96.82,4.57,False,97.04,-0.204,-0.28,True,67.1,0.66,66.4,False,4.72,3.48,42.3,-7.2,D 趨勢弱,False,2:49,84.6,升,122.0,16,False,,0.893,0.8671,,False,True,-0.23,-0.05,101.03,-4.35,-0.92,67.0,,OHLC,↓,LH/LL,次級反彈,False,268,2,universe
ASX,2026-09-24,43.5,1.77,True,38.93,0.087,0.53,True,67.0,0.63,66.4,False,4.06,4.15,62.7,-0.6,E 延伸,False,11:33,346.5,升,42.0,6,False,,0.6268,0.6929,,False,False,10.51,2.59,37.08,14.76,3.63,271.0,,OHLC,↑,HH/HL,自然回檔,False,268,2,universe
ON,2026-09-24,73.15,3.56,False,73.1,-0.376,-0.46,True,66.7,0.91,65.8,False,4.86,3.41,26.8,1.7,D 趨勢弱,False,2:49,84.6,升,225.0,20,False,,0.7843,0.7488,,False,True,0.06,0.01,76.14,-4.09,-0.84,781.7,,OHLC,↓,LH/LL,次級反彈,False,268,2,universe
CVI,2026-09-24,51.3,2.48,True,45.51,0.501,1.43,True,66.4,0.24,66.2,False,4.84,3.49,56.4,-0.7,E 延伸,False,3:20,100.0,跌,6.0,1,False,,-0.0838,0.1313,-0.5238,False,False,11.28,2.33,48.63,5.2,1.08,59.1,,OHLC,↑,HH/HL,自然回檔,False,268,2,universe
IPGP,2026-09-24,77.42,3.57,False,77.36,-0.288,-0.4,True,66.3,0.72,65.5,False,4.61,3.75,17.1,1.2,D 趨勢弱,False,2:49,84.6,升,171.0,19,False,,0.658,0.6882,,False,True,0.07,0.02,74.9,3.25,0.71,34.7,,OHLC,—,HH/HL,次級反彈,True,268,2,universe
GFS,2026-09-24,47.05,2.17,False,46.8,-0.237,-0.42,True,66.2,0.73,65.5,False,4.6,3.76,21.9,-1.2,D 趨勢弱,False,2:49,84.6,升,640.0,36,False,,0.7278,0.7725,,False,True,0.54,0.12,42.15,10.41,2.26,186.7,,OHLC,↑,HH/HL,自然回檔,False,268,2,universe
AMD,2026-09-24,629.26,25.58,True,516.14,5.224,1.08,True,66.1,0.57,65.5,False,4.06,4.33,65.0,0.9,E 延伸,False,2:49,84.6,升,109.0,14,False,,15.0514,15.0191,,False,False,17.98,4.42,493.41,21.59,5.31,11512.9,,OHLC,↑,HH/HL,UT,False,268,2,universe
HPQ,2026-09-24,31.14,1.62,True,31.66,0.06,0.41,False,66.1,-0.64,66.7,False,5.2,3.19,58.1,4.8,B 上升結構,False,4:45,142.7,跌,29.0,4,False,,-0.3683,-0.2504,-0.3683,False,True,-1.67,-0.32,34.66,-11.3,-2.17,585.9,,OHLC,↓,LH/LL,DT,False,268,2,universe
SLDP,2026-09-24,2.35,0.12,False,2.42,-0.002,0.25,True,65.5,0.56,64.9,False,5.06,3.45,34.6,1.7,D 趨勢弱,False,3:53,116.4,跌,15.0,2,False,,-0.0143,-0.0085,-0.0143,False,True,-2.87,-0.57,2.54,-8.3,-1.64,7.0,,OHLC,↓,LH/LL,DT,False,268,2,universe
ZVRA,2026-09-24,11.26,0.45,False,11.87,-0.003,0.02,True,65.5,0.6,64.9,False,3.96,4.55,47.9,-4.3,C 基底修復,True,8:49,264.6,跌,105.0,8,False,,-0.1013,-0.0915,-0.4609,False,False,-5.42,-1.37,12.04,-6.93,-1.75,10.6,,OHLC,↓,LH/LL,DT,False,268,2,universe
WBTN,2026-09-24,10.9,0.54,True,9.98,0.046,0.57,True,65.1,1.37,63.7,False,4.93,3.66,19.4,-3.1,E 延伸,False,2:49,84.6,升,248.0,26,False,,0.0334,0.0445,,False,False,8.4,1.7,10.34,5.14,1.04,4.4,,OHLC,—,HH/HL,自然回檔,True,268,2,universe
CLOV,2026-09-24,4.51,0.22,True,4.45,0.001,-0.2,False,64.6,-0.28,64.9,False,4.91,3.78,54.7,-0.0,C 基底修復,False,2:25,72.5,升,90.0,17,False,,0.0019,0.011,,False,True,1.27,0.26,4.46,1.11,0.23,19.1,,OHLC,↑,HH/HL,次級回檔,False,268,2,universe
POWI,2026-09-24,50.78,2.6,False,52.26,-0.308,-0.71,True,62.6,0.78,61.8,False,5.12,3.98,20.2,-2.8,D 趨勢弱,False,2:20,70.0,升,89.0,11,False,,0.7079,0.689,,False,True,-2.92,-0.57,51.7,-1.81,-0.35,42.7,,OHLC,—,LH/LL,自然反彈,True,268,2,universe
CRWD,2026-09-24,259.67,12.84,True,222.47,0.956,0.46,True,61.2,0.81,60.4,False,4.95,4.44,64.4,-0.6,E 延伸,False,1:51,55.6,升,81.0,9,False,,3.6524,3.7767,,False,False,14.33,2.9,237.65,8.48,1.71,3011.5,,OHLC,↑,HH/HL,UT,False,268,2,universe
TDOC,2026-09-24,6.14,0.26,False,6.39,-0.019,-0.48,True,61.2,0.61,60.6,False,4.2,5.17,36.2,-0.3,D 趨勢弱,False,2:49,84.6,升,160.0,20,False,,0.0359,0.0453,,False,True,-4.13,-0.98,,,,21.0,,OHLC,—,HH/HL,DT,False,268,2,universe
DIOD,2026-09-24,94.74,4.62,False,94.31,-0.274,-0.25,True,60.8,0.43,60.3,False,4.88,4.6,57.4,3.4,C 基底修復,False,1:34,47.1,升,76.0,10,False,,0.6531,0.6337,,False,True,0.46,0.09,87.1,8.06,1.65,49.9,,OHLC,—,HH/HL,UT,True,268,2,universe
MOD,2026-09-24,196.95,10.56,False,190.96,-0.35,-0.04,True,60.5,0.45,60.1,False,5.36,4.17,28.7,-1.5,D 趨勢弱,False,2:49,84.6,升,140.0,15,False,,2.6684,2.5545,,False,True,3.04,0.57,195.92,0.52,0.1,226.8,,OHLC,↑,HH/HL,自然回檔,False,268,2,universe
ALGM,2026-09-24,35.13,1.86,False,36.55,-0.177,-0.66,True,60.4,0.95,59.4,False,5.29,4.27,16.5,-9.7,D 趨勢弱,False,2:49,84.6,升,121.0,15,False,,0.4338,0.4116,,False,True,-4.05,-0.77,36.31,-3.36,-0.63,80.4,,OHLC,—,LH/LL,自然反彈,True,268,2,universe
PRTH,2026-09-24,7.79,0.33,True,7.25,0.077,5.12,True,60.1,1.76,58.3,False,4.27,5.35,55.6,0.2,E 延伸,False,2:49,84.6,升,135.0,24,False,,0.2739,0.2747,,False,False,6.96,1.63,5.83,25.16,5.9,14.5,,OHLC,↑,HH/HL,UT,False,268,2,universe
SANM,2026-09-24,221.88,10.79,True,200.6,0.341,0.16,True,60.1,0.35,59.8,False,4.86,4.75,61.0,0.0,E 延伸,False,2:49,84.6,升,143.0,15,False,,2.9135,2.5519,,False,False,9.59,1.97,199.15,10.24,2.11,122.9,,OHLC,↑,HH/HL,UT,False,268,2,universe
VSAT,2026-09-24,73.72,4.18,False,74.27,-0.361,-0.34,True,60.0,1.94,58.1,False,5.68,3.96,57.0,-0.3,C 基底修復,False,1:39,49.4,升,77.0,6,False,,0.3442,0.4271,,False,True,-0.75,-0.13,71.48,3.04,0.54,127.3,,OHLC,—,LH/LL,自然回檔,True,268,2,universe
MTRN,2026-09-24,256.14,11.11,False,249.76,-0.743,-0.63,True,59.8,0.17,59.6,False,4.34,5.34,71.5,0.9,C 基底修復,False,2:15,67.3,升,87.0,13,False,,1.3324,1.2743,,False,True,2.49,0.57,234.87,8.3,1.91,62.9,,OHLC,—,HH/HL,UT,True,268,2,universe
INTC,2026-09-24,127.39,6.4,True,101.73,0.894,0.68,True,59.5,0.64,58.8,False,5.02,4.73,59.2,2.0,E 延伸,False,2:49,84.6,升,125.0,15,False,,3.3107,3.1512,,False,False,20.14,4.01,100.32,21.25,4.23,11134.5,,OHLC,↑,HH/HL,UT,False,268,2,universe
MNRO,2026-09-24,13.98,0.67,True,12.58,0.089,0.29,True,59.0,0.41,58.6,False,4.81,5.04,24.9,8.9,D 趨勢弱,False,2:49,84.6,升,162.0,26,False,,0.2393,0.2235,,False,False,10.05,2.09,,,,12.6,,OHLC,—,LH/LL,自然回檔,False,268,2,universe
DKS,2026-09-24,133.25,6.13,False,137.68,-0.658,-0.76,True,58.6,0.93,57.7,False,4.6,5.34,7.8,7.8,D 趨勢弱,False,2:49,84.6,升,99.0,10,False,,2.9523,2.5596,,False,True,-3.32,-0.72,132.37,0.66,0.14,475.9,,OHLC,—,HH/HL,自然反彈,False,268,2,universe
AVAV,2026-09-24,158.55,9.13,False,154.12,-0.676,-0.3,True,58.3,2.93,55.4,False,5.76,4.24,7.5,-2.3,D 趨勢弱,False,2:49,84.6,升,103.0,9,False,,1.4131,1.496,,False,True,2.79,0.49,168.0,-5.96,-1.04,345.1,,OHLC,—,LH/LL,自然回檔,False,268,2,universe
AOUT,2026-09-24,17.03,0.82,True,14.06,0.052,0.37,True,56.7,1.78,55.0,False,4.84,5.51,65.0,1.1,E 延伸,False,2:49,84.6,升,147.0,14,False,,0.2769,0.3113,,False,False,17.42,3.6,15.23,10.57,2.18,5.3,,OHLC,↑,HH/HL,UT,False,187,2,universe
RDDT,2026-09-24,152.72,7.84,False,159.65,-0.035,-0.11,True,56.7,1.04,55.7,False,5.13,5.22,20.9,-6.0,D 趨勢弱,False,2:49,84.6,升,158.0,16,False,,0.3297,0.4845,,False,True,-4.54,-0.88,149.21,2.3,0.45,728.5,,OHLC,—,HH/HL,自然回檔,True,268,2,universe
SG,2026-09-24,8.26,0.44,True,6.84,0.105,1.09,True,56.4,0.88,55.5,False,5.35,5.07,48.5,-1.3,E 延伸,False,2:49,84.6,升,194.0,31,False,,0.1272,0.0896,,False,False,17.15,3.21,6.64,19.55,3.66,34.8,,OHLC,↑,HH/HL,UT,False,268,2,universe
PAY,2026-09-24,30.95,1.72,False,36.07,-0.571,-1.01,True,55.7,0.75,55.0,False,5.56,5.02,24.7,0.8,D 趨勢弱,True,8:49,264.6,跌,202.0,27,False,,-0.7359,-0.6992,-1.0298,False,False,-16.55,-2.98,,,,44.5,,OHLC,—,HH/HL,自然反彈,False,268,2,universe
AMBQ,2026-09-24,68.92,3.99,True,62.57,0.051,0.28,True,55.4,0.3,55.1,False,5.78,4.86,51.1,0.2,C 基底修復,False,2:49,84.6,升,118.0,16,False,,1.4697,1.607,,False,False,9.21,1.59,59.61,13.51,2.34,37.6,,OHLC,↑,HH/HL,自然回檔,False,268,2,universe
CEVA,2026-09-24,34.46,1.77,True,29.22,0.061,-0.34,True,55.2,0.45,54.8,False,5.14,5.55,53.1,0.4,E 延伸,False,2:49,84.6,升,217.0,16,False,,1.0543,1.0073,,False,False,15.2,2.96,27.78,19.38,3.77,17.9,,OHLC,↑,HH/HL,UT,False,268,2,universe
EBS,2026-09-24,6.77,0.35,True,5.88,0.083,1.32,True,54.8,0.51,54.3,False,5.16,5.63,15.0,0.0,E 延伸,False,2:49,84.6,升,226.0,24,False,,0.0767,0.0882,,False,False,13.1,2.54,5.5,18.76,3.64,7.8,,OHLC,↑,HH/HL,UT,False,268,2,universe
ONDS,2026-09-24,7.6,0.45,False,7.99,-0.107,-0.75,True,53.9,0.25,53.7,False,5.95,5.04,22.2,2.2,D 趨勢弱,False,11:19,339.4,升,39.0,4,False,,0.0504,0.036,,False,True,-5.1,-0.86,7.63,-0.39,-0.07,490.9,,OHLC,—,LH/LL,次級反彈,True,268,2,universe
XRX,2026-09-24,3.33,0.19,True,3.24,0.006,0.21,False,52.9,-0.78,53.6,False,5.79,5.46,58.6,0.5,B 上升結構,False,3:31,105.3,跌,9.0,1,False,,-0.0009,0.0117,-0.0384,False,True,2.83,0.49,3.33,0.0,0.0,9.0,,OHLC,—,HH/HL,自然回檔,True,268,2,universe
LMB,2026-09-24,51.33,2.6,True,46.74,0.108,0.11,True,52.0,0.7,51.3,False,5.06,6.38,10.0,0.0,E 延伸,False,2:49,84.6,升,137.0,21,False,,0.8619,1.0047,,False,False,8.94,1.77,50.05,2.49,0.49,20.2,,OHLC,—,HH/HL,自然回檔,True,268,2,universe
IESC,2026-09-24,320.5,18.48,False,331.84,-3.946,-0.69,True,51.9,0.63,51.2,False,5.76,5.72,58.2,-0.9,C 基底修復,False,12:52,25.9,升,64.0,7,False,,0.6544,0.6014,,False,True,-3.54,-0.61,315.55,1.54,0.27,87.8,,OHLC,—,HH/HL,自然回檔,True,268,2,universe
ANGX,2026-09-24,4.86,0.34,True,4.89,0.04,0.48,False,51.8,-0.2,52.0,False,7.04,4.46,48.3,0.1,D 趨勢弱,False,4:12,126.0,跌,20.0,2,False,,-0.0469,-0.0288,-0.0821,False,True,-0.54,-0.08,4.9,-0.82,-0.12,10.1,,OHLC,↑,HH/HL,自然回檔,False,261,2,universe
AIP,2026-09-24,24.19,1.46,False,23.05,-0.128,-0.85,True,51.2,0.47,50.7,False,6.04,5.61,37.8,0.3,D 趨勢弱,False,2:49,84.6,升,117.0,13,False,,0.6705,0.6803,,False,True,4.7,0.78,24.78,-2.44,-0.4,16.7,,OHLC,—,LH/LL,自然回檔,False,268,2,universe
AMKR,2026-09-24,52.69,2.86,False,50.47,-0.145,-0.1,True,51.2,0.53,50.7,False,5.42,6.22,30.7,2.8,D 趨勢弱,False,2:49,84.6,升,196.0,14,False,,1.0066,1.0516,,False,True,4.22,0.78,49.53,6.0,1.11,204.2,,OHLC,↑,HH/HL,自然回檔,False,268,2,universe
ASST,2026-09-24,29.94,1.95,True,24.36,0.257,0.94,True,51.2,1.09,50.1,False,6.53,5.13,40.0,0.0,E 延伸,False,3:34,106.9,跌,9.0,3,False,,-0.1825,-0.152,-0.1825,False,False,18.65,2.86,28.99,3.17,0.49,291.2,,OHLC,↑,HH/HL,自然反彈,False,268,2,universe
CORZ,2026-09-24,18.12,1.14,False,17.91,-0.104,-0.34,True,50.8,0.34,50.4,False,6.28,5.47,31.4,4.2,D 趨勢弱,False,2:49,84.6,升,214.0,15,False,,0.2797,0.2969,,False,True,1.16,0.19,16.01,11.64,1.85,204.1,,OHLC,↑,HH/HL,自然回檔,False,268,2,universe
FPS,2026-09-24,38.95,2.51,True,34.26,0.063,0.33,True,50.4,0.05,50.3,False,6.43,5.42,19.0,1.7,E 延伸,False,12:00,0.0,升,50.0,14,False,,1.2106,1.3148,,False,False,12.04,1.87,40.07,-2.88,-0.45,353.1,,OHLC,—,LH/LL,自然回檔,False,160,2,universe
SEI,2026-09-24,70.1,4.32,True,61.01,0.227,0.38,True,50.2,0.65,49.5,False,6.16,5.74,41.6,3.8,E 延伸,False,2:49,84.6,升,142.0,14,False,,0.8859,0.8953,,False,False,12.97,2.11,65.67,6.32,1.03,173.6,,OHLC,↑,HH/HL,UT,False,268,2,universe
APLD,2026-09-24,27.06,1.76,False,27.19,-0.174,-0.18,True,49.5,0.03,49.4,False,6.49,5.59,24.8,-5.4,D 趨勢弱,False,12:08,3.9,升,52.0,6,False,,0.3716,0.4247,,False,True,-0.49,-0.08,26.42,2.37,0.36,417.1,,OHLC,↓,LH/LL,DT,False,268,2,universe
ASTS,2026-09-24,61.06,4.26,False,62.92,-0.482,-0.5,True,48.3,0.19,48.1,False,6.97,5.41,24.6,1.1,D 趨勢弱,False,12:02,0.9,升,51.0,6,False,,0.3235,0.3282,,False,True,-3.04,-0.44,57.27,6.21,0.89,599.7,,OHLC,—,HH/HL,自然回檔,True,268,2,universe
CLSK,2026-09-24,14.26,0.95,True,12.8,0.07,0.43,True,47.3,0.16,47.1,False,6.68,5.98,42.0,-8.5,D 趨勢弱,False,2:49,84.6,升,109.0,15,False,,0.2189,0.2694,,False,False,10.27,1.54,12.8,10.24,1.53,232.4,,OHLC,↑,HH/HL,自然回檔,False,268,2,universe
VPG,2026-09-24,68.57,4.06,False,65.67,-0.145,-0.14,True,47.0,0.34,46.7,False,5.92,6.8,48.6,-0.8,D 趨勢弱,False,2:49,84.6,升,152.0,24,False,,1.944,1.9692,,False,True,4.23,0.71,68.13,0.64,0.11,20.7,,OHLC,↑,HH/HL,UT,False,268,2,universe
AHCO,2026-09-24,5.57,0.32,False,5.81,-0.001,0.01,True,46.6,0.19,46.4,False,5.82,7.0,23.4,-0.4,D 趨勢弱,False,2:49,84.6,升,169.0,22,False,,0.0696,0.0846,,False,True,-4.33,-0.74,5.63,-1.08,-0.18,16.8,,OHLC,↓,LH/LL,DT,False,268,2,universe
ONT,2026-09-24,16.82,1.05,True,16.89,0.001,0.49,False,46.5,-0.64,47.1,False,6.25,6.62,19.9,5.9,D 趨勢弱,False,3:58,119.0,跌,16.0,2,False,,-0.0577,-0.0212,-0.636,False,True,-0.39,-0.06,18.11,-7.67,-1.23,9.3,,OHLC,↓,LH/LL,DT,False,187,2,universe
PENG,2026-09-24,53.08,3.32,False,52.77,-0.225,-0.18,True,46.5,0.47,46.0,False,6.25,6.61,58.9,0.9,D 趨勢弱,False,2:49,84.6,升,102.0,13,False,,0.865,1.0022,,False,True,0.59,0.09,46.59,12.23,1.95,72.4,,OHLC,↑,HH/HL,自然回檔,False,268,2,universe
SMTC,2026-09-24,174.5,11.74,True,150.18,0.759,0.63,True,46.3,0.69,45.6,False,6.73,6.19,61.6,1.7,E 延伸,False,2:49,84.6,升,170.0,21,False,,1.4186,1.8514,,False,False,13.94,2.07,169.33,2.96,0.44,535.2,,OHLC,↑,HH/HL,自然反彈,False,268,2,universe
WULF,2026-09-24,16.29,1.16,False,16.21,-0.046,-0.06,True,46.0,0.32,45.6,False,7.13,5.88,24.3,5.5,D 趨勢弱,False,2:49,84.6,升,380.0,38,False,,0.1695,0.2179,,False,True,0.47,0.07,16.14,0.92,0.13,461.0,,OHLC,↑,HH/HL,自然回檔,False,268,2,universe
UTI,2026-09-24,20.67,1.37,False,21.87,-0.154,-1.44,True,45.8,1.33,44.5,False,6.63,6.43,6.8,-0.9,D 趨勢弱,False,2:49,84.6,升,389.0,18,False,,0.5131,0.5203,,False,True,-5.8,-0.87,21.47,-3.87,-0.58,38.7,,OHLC,—,LH/LL,DT,True,268,2,universe
UCTT,2026-09-24,76.52,4.87,False,74.83,-0.502,-0.45,True,45.6,0.69,44.9,False,6.37,6.76,54.2,1.7,D 趨勢弱,False,2:49,84.6,升,155.0,13,False,,1.6241,1.5521,,False,True,2.2,0.35,71.13,7.04,1.11,57.9,,OHLC,↑,HH/HL,UT,False,268,2,universe
ALMU,2026-09-24,13.36,1.02,False,13.63,-0.132,-0.67,True,45.5,0.49,45.0,False,7.65,5.5,9.8,-2.1,D 趨勢弱,False,2:19,69.3,升,89.0,11,False,,0.2066,0.2023,,False,True,-2.01,-0.26,12.54,6.14,0.8,8.6,,OHLC,↑,HH/HL,自然回檔,False,268,2,universe
FEIM,2026-09-24,84.54,5.11,True,75.82,0.404,0.45,True,45.0,0.45,44.5,False,6.05,7.25,62.0,0.2,E 延伸,False,2:01,60.7,升,84.0,11,False,,1.282,1.6807,,False,False,10.31,1.71,89.6,-5.99,-0.99,29.3,,OHLC,—,LH/LL,自然回檔,True,268,2,universe
CBRS,2026-09-24,206.41,13.64,False,204.68,-2.542,-0.29,True,44.7,0.42,44.3,False,6.61,6.77,22.8,-1.5,D 趨勢弱,False,12:14,6.9,升,54.0,7,False,,2.8374,2.9401,,False,True,0.84,0.13,184.24,10.74,1.63,1141.6,,OHLC,—,LH/LL,自然回檔,False,92,2,universe
NABL,2026-09-24,4.02,0.26,True,3.84,0.03,0.42,False,43.7,-0.24,43.9,False,6.4,7.25,12.8,-2.2,D 趨勢弱,False,2:49,84.6,升,160.0,20,False,,0.0229,0.0277,,False,True,4.45,0.7,4.02,0.0,0.0,13.5,,OHLC,—,LH/LL,自然回檔,True,268,2,universe
NRGV,2026-09-24,4.3,0.33,True,4.02,0.011,0.88,False,42.8,-0.44,43.2,False,7.61,6.32,37.5,3.9,D 趨勢弱,False,2:49,84.6,升,109.0,14,False,,0.0261,0.0511,,False,True,6.6,0.87,4.21,2.09,0.28,17.3,,OHLC,↑,HH/HL,自然回檔,False,268,2,universe
OCC,2026-09-24,14.28,1.14,False,14.26,-0.07,-0.21,True,42.4,1.02,41.4,False,7.97,6.07,52.2,8.3,D 趨勢弱,False,1:16,38.1,升,71.0,12,False,,0.1477,0.1632,,False,True,0.15,0.02,13.84,3.08,0.39,3.8,,OHLC,—,LH/LL,自然回檔,False,268,2,universe
BAND,2026-09-24,61.83,4.39,True,51.53,0.351,0.37,True,41.3,0.86,40.5,False,7.11,7.27,52.3,2.1,E 延伸,False,2:42,81.1,升,95.0,12,False,,1.5396,1.2947,,False,False,16.66,2.34,48.93,20.86,2.94,50.8,,OHLC,↑,HH/HL,UT,False,268,2,universe
HUT,2026-09-24,101.54,7.92,True,89.18,0.114,0.25,True,41.3,0.05,41.3,False,7.8,6.58,50.8,-0.4,E 延伸,False,2:49,84.6,升,251.0,16,False,,1.7806,2.0333,,False,False,12.18,1.56,85.71,15.59,2.0,431.9,,OHLC,—,HH/HL,DT,False,268,2,universe
MYGN,2026-09-24,4.14,0.25,True,3.47,0.027,0.6,True,39.3,0.36,38.9,False,6.15,8.87,15.0,0.0,E 延伸,False,2:49,84.6,升,208.0,25,False,,0.1056,0.1117,,False,False,16.1,2.62,3.89,6.04,0.98,7.8,,OHLC,↑,HH/HL,UT,False,268,2,universe
MXL,2026-09-24,85.31,6.24,True,72.24,0.613,0.53,True,38.4,0.73,37.7,False,7.31,8.02,50.0,0.0,E 延伸,False,2:49,84.6,升,117.0,13,False,,2.5359,2.7222,,False,False,15.32,2.1,64.79,24.05,3.29,197.0,,OHLC,↑,HH/HL,自然回檔,False,268,2,universe
CBIO,2026-09-24,14.24,1.51,False,17.6,-0.147,-0.48,True,37.9,0.83,37.1,False,10.63,4.86,15.2,-2.8,D 趨勢弱,True,6:18,188.8,跌,55.0,7,False,,-0.6122,-0.5594,-0.6122,False,False,-23.56,-2.22,,,,9.4,,OHLC,—,HH/HL,DT,False,268,2,universe
BNC,2026-09-24,6.26,0.53,True,5.12,0.011,0.34,True,36.0,1.22,34.7,False,8.39,7.81,51.3,1.3,E 延伸,False,2:49,84.6,升,144.0,28,False,,0.1511,0.18,,False,False,18.26,2.18,6.11,2.4,0.29,28.6,,OHLC,↑,HH/HL,自然反彈,False,187,2,universe
CHPT,2026-09-24,8.98,0.71,True,8.71,0.019,0.26,False,35.9,-0.13,36.0,False,7.86,8.36,50.0,0.0,E 延伸,False,3:38,108.9,跌,11.0,1,False,,-0.0114,0.0606,-0.0779,False,True,3.02,0.38,9.41,-4.79,-0.61,39.4,,OHLC,—,HH/HL,DT,False,268,2,universe
CIFR,2026-09-24,18.1,1.57,False,16.85,-0.009,0.08,True,34.5,0.21,34.2,False,8.7,8.08,14.6,-8.2,D 趨勢弱,False,2:49,84.6,升,217.0,16,False,,0.3727,0.4286,,False,True,6.88,0.79,16.62,8.18,0.94,584.1,,OHLC,↑,HH/HL,自然回檔,False,268,2,universe
WYFI,2026-09-24,20.26,1.78,False,21.03,-0.291,-0.35,True,34.4,1.43,33.0,False,8.8,7.99,41.9,8.3,D 趨勢弱,False,12:56,28.2,升,66.0,13,False,,0.5092,0.4525,,False,True,-3.81,-0.43,18.92,6.61,0.75,31.0,,OHLC,—,LH/LL,UT,True,268,2,universe
CYPH,2026-09-24,4.08,0.44,True,2.51,0.087,1.01,True,27.4,1.32,26.1,False,10.88,9.12,65.0,1.9,E 延伸,False,2:49,84.6,升,255.0,37,False,,0.1248,0.1094,,False,False,38.56,3.54,3.61,11.52,1.06,49.4,,OHLC,↑,HH/HL,UT,False,268,2,universe
INDP,2026-09-24,4.0,0.47,True,2.04,0.027,0.39,True,21.6,1.22,20.4,False,11.71,11.91,45.5,2.9,E 延伸,False,2:49,84.6,升,147.0,25,False,,0.1625,0.1775,,False,False,49.09,4.19,3.21,19.75,1.69,3.9,,OHLC,—,HH/HL,自然反彈,False,187,2,universe
SION,2026-09-24,5.23,1.21,True,6.41,0.059,0.21,False,5.3,-0.02,5.3,False,23.2,31.85,10.0,-13.6,D 趨勢弱,False,2:49,84.6,升,171.0,19,False,,0.8393,0.9279,,False,True,-22.47,-0.97,,,,9.9,,OHLC,—,HH/HL,DT,False,268,2,universe
APEI,2026-09-24,42.71,1.81,False,44.66,-0.134,-0.82,False,70.5,-0.26,70.7,False,4.24,3.3,14.0,-6.9,C 基底修復,False,4:24,132.0,跌,23.0,3,True,0.0,-0.1632,-0.2361,-0.573,True,False,-4.56,-1.08,46.05,-7.82,-1.84,11.2,,OHLC,↓,LH/LL,自然反彈,False,268,1,universe
PAL,2026-09-24,3.78,0.34,False,4.71,-0.127,-1.56,False,40.9,-0.64,41.6,False,8.95,5.55,0.0,0.0,D 趨勢弱,False,5:40,170.0,跌,44.0,6,True,0.0,-0.066,-0.0664,-0.1924,True,False,-24.67,-2.76,4.95,-30.95,-3.46,3.6,,OHLC,↓,LH/LL,DT,False,268,1,universe
BA,2026-09-24,196.8,5.57,False,208.33,-1.08,-1.07,False,84.3,-0.24,84.5,True,2.83,2.08,10.1,-2.9,D 趨勢弱,False,5:25,162.3,跌,40.0,7,False,1.0,-0.5615,-0.5505,-2.5802,False,False,-5.86,-2.07,201.15,-2.21,-0.78,1317.0,,OHLC,↓,LH/LL,DT,False,268,1,universe
MRTN,2026-09-24,12.84,0.36,False,14.05,-0.069,-0.89,False,86.8,-0.8,87.6,True,2.84,1.57,15.6,-1.5,D 趨勢弱,False,5:21,160.6,跌,39.0,5,False,2.0,-0.0475,-0.0286,-0.3165,False,False,-9.39,-3.31,14.4,-12.15,-4.28,9.8,,OHLC,↓,LH/LL,DT,False,268,1,universe
SNDR,2026-09-24,31.64,1.0,False,34.06,-0.109,-0.62,False,83.1,-0.17,83.3,True,3.17,1.97,39.0,-13.5,C 基底修復,False,5:51,175.4,跌,47.0,7,False,2.0,-0.1631,-0.141,-0.4027,False,False,-7.66,-2.42,34.75,-9.83,-3.1,22.6,,OHLC,↓,LH/LL,DT,False,268,1,universe
ROL,2026-09-24,30.4,0.99,False,34.54,-0.405,-1.39,False,82.2,-3.54,85.7,True,3.24,2.08,0.0,-2.2,D 趨勢弱,False,5:36,168.1,跌,43.0,7,False,2.0,-0.2036,-0.0974,-0.4443,False,False,-13.62,-4.2,35.31,-16.15,-4.98,211.4,,OHLC,↓,LH/LL,DT,False,268,1,universe
HTLD,2026-09-24,11.37,0.44,False,12.26,-0.024,-0.18,False,78.1,-1.03,79.1,True,3.88,2.22,22.8,-2.3,C 基底修復,False,4:59,149.4,跌,33.0,4,False,2.0,-0.0381,-0.0177,-0.3147,False,False,-7.85,-2.02,12.52,-10.11,-2.6,9.2,,OHLC,↓,LH/LL,DT,False,268,1,universe
DAN,2026-09-24,27.35,1.12,False,30.38,-0.099,0.02,False,74.9,-4.94,79.8,False,4.1,2.61,14.4,-19.7,C 基底修復,True,8:49,264.6,跌,101.0,12,False,2.0,-0.3258,-0.1737,-0.3258,False,False,-11.07,-2.7,31.08,-13.64,-3.33,44.0,,OHLC,↓,LH/LL,DT,False,268,1,universe
WD,2026-09-24,37.31,1.46,False,40.13,-0.186,-1.03,True,74.5,0.96,73.5,False,3.9,2.87,6.7,-1.9,D 趨勢弱,False,5:10,154.9,跌,36.0,5,False,2.0,-0.1029,-0.0999,-0.7689,False,False,-7.56,-1.94,41.35,-10.83,-2.77,19.4,,OHLC,↓,LH/LL,DT,False,268,1,universe
DRVN,2026-09-24,12.04,0.5,False,12.66,-0.009,-0.2,False,73.0,-0.44,73.5,False,4.13,2.92,6.5,-3.2,D 趨勢弱,True,8:35,257.4,跌,93.0,10,False,2.0,-0.0066,-0.0002,-0.2825,False,False,-5.13,-1.24,12.34,-2.45,-0.59,15.2,,OHLC,↓,LH/LL,DT,False,268,1,universe
VRDN,2026-09-24,20.66,0.92,False,22.63,-0.111,-0.34,False,71.3,-1.52,72.8,False,4.44,2.94,6.0,-4.2,D 趨勢弱,True,8:49,264.6,跌,168.0,20,False,2.0,-0.2422,-0.199,-0.3759,False,False,-9.51,-2.14,22.12,-7.07,-1.59,35.3,,OHLC,↓,LH/LL,DT,False,268,1,universe
AA,2026-09-24,42.68,1.89,False,48.82,-0.461,-0.82,False,71.0,-0.61,71.6,False,4.43,3.01,18.5,-4.1,D 趨勢弱,True,8:14,246.8,跌,87.0,11,False,2.0,-0.6154,-0.5765,-0.6209,False,False,-14.39,-3.25,51.28,-20.15,-4.55,180.1,,OHLC,↓,LH/LL,DT,False,268,1,universe
FDXF,2026-09-24,113.81,5.43,False,129.37,-0.769,-0.9,False,69.8,-1.57,71.4,False,4.78,2.89,3.4,-2.4,D 趨勢弱,True,6:26,192.9,跌,57.0,6,False,2.0,-0.501,-0.2736,-1.0527,False,False,-13.67,-2.86,129.44,-13.73,-2.88,209.0,,OHLC,↓,LH/LL,DT,False,84,1,universe
HY,2026-09-24,30.82,1.36,False,33.75,-0.165,-0.53,False,69.1,-2.89,72.0,False,4.41,3.41,4.2,-11.3,D 趨勢弱,True,8:49,264.6,跌,110.0,10,False,2.0,-0.247,-0.1243,-0.2741,False,False,-9.49,-2.15,33.05,-7.24,-1.64,3.5,,OHLC,↓,LH/LL,DT,False,268,1,universe
TARA,2026-09-24,3.35,0.18,False,3.74,-0.014,-0.73,False,68.4,-1.4,69.8,False,5.49,2.46,0.0,-6.5,D 趨勢弱,True,8:11,245.7,跌,86.0,8,False,2.0,-0.036,-0.0251,-0.036,False,False,-11.55,-2.1,3.68,-9.85,-1.79,3.2,,OHLC,↓,LH/LL,DT,False,268,1,universe
SOLS,2026-09-24,56.01,2.42,False,60.58,-0.164,-0.2,False,67.3,-0.27,67.5,False,4.31,3.85,29.2,3.9,D 趨勢弱,True,7:44,232.2,跌,79.0,8,False,2.0,-0.289,-0.1882,-0.2909,False,False,-8.16,-1.89,58.8,-4.98,-1.16,189.5,,OHLC,↓,LH/LL,DT,False,234,1,universe
THRM,2026-09-24,33.89,1.5,False,38.97,-0.422,-1.03,False,67.1,-1.59,68.6,False,4.44,3.77,8.6,-26.7,D 趨勢弱,True,8:49,264.6,跌,269.0,35,False,2.0,-0.4457,-0.352,-0.5166,False,False,-14.98,-3.38,40.18,-18.56,-4.18,12.5,,OHLC,↓,LH/LL,DT,False,268,1,universe
RKT,2026-09-24,11.93,0.62,False,13.37,-0.109,-0.59,False,66.9,-0.62,67.5,False,5.23,3.01,0.0,-1.2,D 趨勢弱,True,8:49,264.6,跌,152.0,21,False,2.0,-0.1284,-0.1169,-0.1382,False,False,-12.06,-2.3,12.74,-6.79,-1.3,426.7,,OHLC,↓,LH/LL,DT,False,268,1,universe
ADNT,2026-09-24,17.0,0.87,False,18.85,-0.063,-0.4,False,66.4,-2.16,68.5,False,5.15,3.19,6.2,-3.0,D 趨勢弱,True,7:08,213.9,跌,69.0,8,False,2.0,-0.1111,-0.0656,-0.24,False,False,-10.87,-2.11,18.3,-7.65,-1.49,17.6,,OHLC,↓,LH/LL,DT,False,268,1,universe
ROCK,2026-09-24,39.7,2.03,False,44.46,-0.616,-1.23,False,65.1,-0.62,65.7,False,5.11,3.48,6.3,-0.7,D 趨勢弱,True,8:49,264.6,跌,248.0,29,False,2.0,-0.5752,-0.51,-0.6355,False,False,-12.0,-2.35,42.6,-7.3,-1.43,15.2,,OHLC,↓,LH/LL,DT,False,268,1,universe
DNTH,2026-09-24,90.71,5.46,False,105.13,-0.606,-0.69,False,61.6,-0.56,62.2,False,6.02,3.28,34.7,-2.4,D 趨勢弱,True,8:49,264.6,跌,188.0,26,False,2.0,-1.6267,-1.4358,-1.6267,False,False,-15.9,-2.64,107.69,-18.72,-3.11,84.5,,OHLC,↓,LH/LL,DT,False,268,1,universe
NX,2026-09-24,19.28,1.01,False,20.76,-0.054,-0.21,False,61.6,-0.29,61.8,False,5.22,4.1,42.3,-5.6,C 基底修復,True,6:33,196.7,跌,59.0,6,False,2.0,-0.2002,-0.1448,-0.3125,False,False,-7.67,-1.47,20.66,-7.16,-1.37,11.4,,OHLC,↓,LH/LL,DT,False,268,1,universe
HUBG,2026-09-24,30.03,1.68,False,36.78,-0.409,-1.04,False,61.4,-1.35,62.7,False,5.6,3.75,0.0,0.0,D 趨勢弱,True,8:49,264.6,跌,471.0,43,False,2.0,-0.2218,-0.1725,-1.0125,False,False,-22.49,-4.01,36.68,-22.14,-3.95,45.4,,OHLC,↓,LH/LL,DT,False,268,1,universe
HLLY,2026-09-24,2.43,0.14,False,2.8,-0.022,-0.84,False,61.1,-0.23,61.3,False,5.88,3.54,0.0,0.0,D 趨勢弱,True,8:49,264.6,跌,127.0,25,False,2.0,-0.0374,-0.0356,-0.0477,False,False,-15.36,-2.61,2.67,-9.88,-1.68,3.4,,OHLC,↓,LH/LL,DT,False,268,1,universe
DCH,2026-09-24,5.42,0.32,False,6.23,-0.162,-0.84,False,60.6,-2.98,63.6,False,5.92,3.59,0.0,-2.9,D 趨勢弱,True,8:49,264.6,跌,99.0,11,False,2.0,-0.1196,-0.1043,-0.1196,False,False,-14.98,-2.53,6.88,-26.94,-4.55,20.7,,OHLC,↓,LH/LL,DT,False,268,1,universe
MBX,2026-09-24,55.39,3.28,False,63.17,-0.419,-0.37,False,60.0,-1.5,61.5,False,5.92,3.71,42.0,-4.3,D 趨勢弱,True,8:49,264.6,跌,232.0,51,False,2.0,-0.5423,-0.262,-1.2497,False,False,-14.05,-2.37,62.99,-13.72,-2.32,31.1,,OHLC,↓,LH/LL,DT,False,268,1,universe
PAR,2026-09-24,13.94,0.93,False,17.76,-0.119,-0.54,False,58.7,-2.32,61.0,False,6.68,3.24,0.8,-0.6,D 趨勢弱,True,8:49,264.6,跌,177.0,18,False,2.0,-0.4463,-0.429,-0.4517,False,False,-27.44,-4.11,18.09,-29.77,-4.46,16.0,,OHLC,↓,LH/LL,DT,False,268,1,universe
CWH,2026-09-24,5.19,0.36,False,6.14,-0.052,-0.48,False,55.3,-1.77,57.1,False,6.89,3.77,0.0,0.0,D 趨勢弱,True,7:27,223.3,跌,74.0,12,False,2.0,-0.0959,-0.0885,-0.1031,False,False,-18.37,-2.67,5.7,-9.83,-1.43,11.1,,OHLC,↓,LH/LL,DT,False,268,1,universe
SLDB,2026-09-24,7.48,0.53,False,9.1,-0.061,-0.2,False,53.8,-2.77,56.6,False,7.14,3.88,14.7,-17.4,D 趨勢弱,True,8:49,264.6,跌,110.0,12,False,2.0,-0.1908,-0.1447,-0.2626,False,False,-21.66,-3.03,9.03,-20.72,-2.9,10.6,,OHLC,↓,LH/LL,DT,False,268,1,universe
TNXP,2026-09-24,9.7,0.69,False,12.31,-0.104,-0.64,False,53.5,-1.55,55.0,False,7.12,3.98,0.0,0.0,D 趨勢弱,True,8:49,264.6,跌,109.0,14,False,2.0,-0.3261,-0.3066,-0.3261,False,False,-26.96,-3.79,,,,5.5,,OHLC,—,HH/HL,DT,False,268,1,universe
SGMT,2026-09-24,9.11,0.68,False,10.47,-0.106,0.28,False,51.0,-9.27,60.3,False,7.46,4.23,41.0,-38.2,D 趨勢弱,True,8:49,264.6,跌,152.0,18,False,2.0,-0.2145,-0.111,-0.2145,False,False,-14.96,-2.01,11.09,-21.73,-2.91,11.5,,OHLC,↓,LH/LL,DT,False,268,1,universe
RAPP,2026-09-24,33.83,2.62,False,43.89,-0.972,-1.16,False,50.9,-0.18,51.1,False,7.76,3.95,16.1,-1.1,D 趨勢弱,True,8:49,264.6,跌,262.0,18,False,2.0,-1.2255,-1.0713,-1.2255,False,False,-29.73,-3.83,41.47,-22.58,-2.91,18.3,,OHLC,↓,LH/LL,DT,False,268,1,universe
AVLN,2026-09-24,28.55,2.4,False,35.07,-0.344,-0.41,False,48.7,-1.4,50.1,False,8.41,3.86,0.0,-0.4,D 趨勢弱,True,8:49,264.6,跌,262.0,21,False,2.0,-0.8152,-0.7141,-0.8152,False,False,-22.85,-2.72,32.45,-13.66,-1.62,8.5,,OHLC,↓,LH/LL,DT,False,102,1,universe
RCKT,2026-09-24,2.69,0.24,False,3.46,-0.066,-0.46,False,46.1,-6.03,52.1,False,8.91,4.07,0.0,-0.6,D 趨勢弱,True,8:08,243.8,跌,85.0,11,False,2.0,-0.087,-0.0589,-0.087,False,False,-28.66,-3.22,3.76,-39.59,-4.44,6.1,,OHLC,↓,LH/LL,DT,False,268,1,universe
KLRA,2026-09-24,11.98,1.09,False,15.07,-0.306,-1.2,False,45.1,-4.01,49.1,False,9.09,4.16,0.0,0.0,D 趨勢弱,True,8:49,264.6,跌,228.0,19,False,2.0,-0.1277,-0.1263,-0.3133,False,False,-25.81,-2.84,13.13,-9.6,-1.06,15.3,,OHLC,↓,LH/LL,DT,False,111,1,universe
CLYM,2026-09-24,11.89,1.17,False,14.94,-0.092,-0.17,False,40.7,-1.64,42.3,False,9.83,4.74,40.0,0.0,D 趨勢弱,True,8:49,264.6,跌,172.0,20,False,2.0,-0.3224,-0.2529,-0.3352,False,False,-25.62,-2.61,14.21,-19.51,-1.98,26.7,,OHLC,↓,LH/LL,DT,False,268,1,universe
COAG,2026-09-24,35.72,3.5,False,43.5,-0.39,-0.87,False,40.4,-0.98,41.4,False,9.79,4.87,5.0,0.0,D 趨勢弱,True,8:49,264.6,跌,245.0,27,False,2.0,-0.6259,-0.5783,-1.2535,False,False,-21.79,-2.22,41.22,-15.4,-1.57,24.6,,OHLC,↓,LH/LL,DT,False,101,1,universe
ODTX,2026-09-24,19.93,2.19,False,24.02,-0.15,-0.07,False,36.3,-1.43,37.7,False,10.98,5.11,0.0,-5.0,D 趨勢弱,True,8:49,264.6,跌,200.0,12,False,2.0,-0.6743,-0.5675,-0.6743,False,False,-20.55,-1.87,24.38,-22.33,-2.03,9.2,,OHLC,↓,LH/LL,DT,False,96,1,universe
ALHC,2026-09-24,7.67,0.82,False,10.58,-0.264,-1.71,False,35.7,-0.05,35.7,False,10.68,5.64,0.0,0.0,D 趨勢弱,False,5:25,162.6,跌,40.0,8,True,2.0,-0.3349,-0.373,-0.7982,True,False,-37.99,-3.56,,,,103.5,,OHLC,—,HH/HL,DT,False,268,1,universe
PNC,2026-09-24,223.34,4.58,False,239.97,-0.865,-1.03,False,92.2,-0.01,92.2,True,2.05,1.18,21.3,-0.7,C 基底修復,False,5:15,157.3,跌,37.0,8,False,3.0,-1.6299,-1.5008,-1.7313,False,False,-7.45,-3.63,246.96,-10.58,-5.16,398.7,,OHLC,↓,LH/LL,DT,False,268,1,universe
CIM,2026-09-24,10.41,0.24,False,11.27,-0.055,-0.89,False,89.9,-0.95,90.8,True,2.33,1.44,4.7,-3.7,D 趨勢弱,False,3:58,118.8,跌,16.0,2,False,3.0,-0.0277,-0.0012,-0.0754,False,False,-8.28,-3.56,11.15,-7.11,-3.05,12.7,,OHLC,↓,LH/LL,DT,False,268,1,universe
MLM,2026-09-24,480.1,13.16,False,511.97,-2.585,-0.71,False,85.9,-0.35,86.2,True,2.74,1.86,5.3,-1.7,D 趨勢弱,False,3:31,105.5,跌,9.0,1,False,3.0,-0.6008,0.0688,-2.5192,False,False,-6.64,-2.42,517.07,-7.7,-2.81,428.8,,OHLC,↓,LH/LL,DT,False,268,1,universe
CALY,2026-09-24,14.25,0.45,False,15.41,-0.097,-1.41,False,83.4,-0.23,83.6,True,3.14,1.95,23.7,-0.9,C 基底修復,False,3:28,104.0,跌,8.0,1,False,3.0,-0.017,0.0012,-0.2959,False,False,-8.13,-2.59,15.77,-10.67,-3.39,31.1,,OHLC,↓,LH/LL,DT,False,268,1,universe
UFPI,2026-09-24,78.81,2.45,False,83.72,-0.432,-1.06,False,83.0,-1.68,84.6,True,3.11,2.07,3.8,-2.8,D 趨勢弱,False,10:05,302.6,升,18.0,3,False,3.0,0.0176,0.1355,,False,False,-6.23,-2.01,82.41,-4.57,-1.47,36.4,,OHLC,—,LH/LL,DT,True,268,1,universe
PPLI,2026-09-24,35.93,1.21,False,38.08,-0.273,-0.97,False,81.5,-0.9,82.4,True,3.38,2.08,6.2,-1.9,D 趨勢弱,False,4:58,149.0,跌,33.0,5,False,3.0,-0.0744,-0.0599,-0.5174,False,False,-5.98,-1.77,36.98,-2.92,-0.86,41.9,,OHLC,↓,LH/LL,DT,False,187,1,universe
HGV,2026-09-24,35.08,1.43,False,40.75,-0.226,-1.4,False,74.9,-0.11,75.0,False,4.06,2.63,0.0,0.0,D 趨勢弱,True,8:49,264.6,跌,152.0,18,False,3.0,-0.2459,-0.2902,-0.5748,True,False,-16.15,-3.97,42.17,-20.21,-4.97,41.3,,OHLC,↓,LH/LL,DT,False,268,1,universe
ARCB,2026-09-24,127.35,5.36,False,135.76,-0.349,-0.32,False,74.6,-0.8,75.4,False,4.21,2.56,53.8,-5.9,C 基底修復,True,6:44,202.0,跌,62.0,7,False,3.0,-0.3288,-0.202,-2.1443,False,False,-6.61,-1.57,131.71,-3.42,-0.81,32.4,,OHLC,—,LH/LL,DT,True,268,1,universe
FIVE,2026-09-24,222.38,10.1,False,243.61,-0.381,-0.14,False,74.0,-0.53,74.5,False,4.54,2.34,30.9,-2.4,D 趨勢弱,True,8:49,264.6,跌,160.0,19,False,3.0,-3.2985,-2.9707,-3.2985,False,False,-9.55,-2.1,246.84,-11.0,-2.42,315.9,,OHLC,↓,LH/LL,DT,False,268,1,universe
AGYS,2026-09-24,99.68,3.98,False,110.34,-0.009,-0.24,False,73.6,-0.3,73.9,False,3.99,2.95,39.8,-2.4,D 趨勢弱,True,8:49,264.6,跌,132.0,17,False,3.0,-1.0407,-1.1425,-1.6367,True,False,-10.7,-2.68,109.07,-9.42,-2.36,24.1,,OHLC,↓,LH/LL,DT,False,268,1,universe
EFX,2026-09-24,148.8,6.37,False,174.44,-1.254,-0.89,False,73.4,-1.96,75.4,False,4.28,2.69,0.0,0.0,D 趨勢弱,True,8:49,264.6,跌,186.0,17,False,3.0,-2.3956,-2.1811,-3.1699,False,False,-17.23,-4.02,172.29,-15.79,-3.69,238.6,,OHLC,↓,LH/LL,DT,False,268,1,universe
MPT,2026-09-24,3.6,0.15,False,3.83,-0.013,-0.93,True,73.2,0.88,72.3,False,4.25,2.77,2.6,0.5,D 趨勢弱,False,10:04,302.0,升,18.0,2,False,3.0,0.0104,0.0039,,False,False,-6.28,-1.48,3.6,0.0,0.0,40.7,,OHLC,↓,LH/LL,自然反彈,False,268,1,universe
NOVT,2026-09-24,141.53,5.48,False,145.0,-0.664,-1.22,False,73.2,-0.1,73.3,False,3.87,3.15,45.9,1.1,C 基底修復,False,10:30,315.0,升,25.0,2,False,3.0,0.4432,0.2583,,False,True,-2.45,-0.63,130.67,7.67,1.98,51.0,,OHLC,—,HH/HL,自然回檔,False,268,1,universe
JBI,2026-09-24,4.12,0.19,False,4.72,-0.025,-1.05,False,72.8,-0.88,73.7,False,4.67,2.43,0.0,0.0,D 趨勢弱,True,8:49,264.6,跌,125.0,12,False,3.0,-0.0322,-0.0249,-0.0483,False,False,-14.62,-3.13,4.47,-8.5,-1.82,10.9,,OHLC,↓,LH/LL,DT,False,268,1,universe
BDC,2026-09-24,110.8,4.39,False,118.36,-0.703,-0.86,False,72.1,-0.4,72.5,False,3.96,3.27,9.7,-3.4,D 趨勢弱,True,8:49,264.6,跌,203.0,25,False,3.0,-0.402,-0.3969,-2.4921,False,False,-6.82,-1.72,110.83,-0.03,-0.01,50.9,,OHLC,—,HH/HL,自然回檔,False,268,1,universe
EAT,2026-09-24,206.71,9.39,False,217.81,-1.635,-1.1,False,70.9,-0.13,71.0,False,4.54,2.92,36.8,-1.0,D 趨勢弱,True,8:49,264.6,跌,233.0,21,False,3.0,-1.646,-2.1615,-4.6715,True,False,-5.37,-1.18,210.61,-1.89,-0.42,307.7,,OHLC,↓,LH/LL,自然反彈,False,268,1,universe
ELVN,2026-09-24,45.17,2.3,False,54.27,-0.303,-1.36,False,70.1,-0.07,70.2,False,5.08,2.53,35.4,-4.4,D 趨勢弱,True,8:49,264.6,跌,240.0,30,False,3.0,-1.2077,-1.2023,-1.2377,False,False,-20.14,-3.96,50.24,-11.22,-2.21,74.6,,OHLC,↓,LH/LL,DT,False,268,1,universe
PRGS,2026-09-24,40.23,1.77,False,42.85,-0.065,-0.3,False,69.8,-1.02,70.8,False,4.39,3.28,43.9,-1.7,C 基底修復,True,8:49,264.6,跌,373.0,28,False,3.0,-0.3298,-0.3442,-0.7326,True,False,-6.5,-1.48,43.56,-8.28,-1.88,23.2,,OHLC,↓,LH/LL,自然反彈,False,268,1,universe
NGL,2026-09-24,15.35,0.73,False,17.41,-0.027,-0.2,False,69.5,-0.89,70.4,False,4.76,2.96,49.9,-11.6,D 趨勢弱,True,6:39,199.3,跌,61.0,13,False,3.0,-0.2632,-0.2408,-0.2632,False,False,-13.43,-2.82,15.49,-0.91,-0.19,3.4,,OHLC,↓,LH/LL,DT,False,268,1,universe
HOV,2026-09-24,112.94,5.21,False,122.7,-0.76,-0.58,True,69.1,0.2,68.9,False,4.61,3.19,19.6,-4.6,D 趨勢弱,False,10:33,316.5,升,26.0,3,False,3.0,0.0184,0.1429,,False,False,-8.64,-1.87,118.36,-4.8,-1.04,13.8,,OHLC,↓,LH/LL,DT,False,268,1,universe
ADEA,2026-09-24,25.01,1.07,False,26.25,-0.102,-0.48,True,67.7,0.49,67.2,False,4.26,3.83,42.0,-3.1,C 基底修復,False,10:14,306.9,升,21.0,3,False,3.0,0.0204,0.026,,False,False,-4.94,-1.16,25.83,-3.28,-0.77,22.3,,OHLC,↓,LH/LL,DT,False,268,1,universe
STEP,2026-09-24,43.55,2.17,False,49.28,-0.108,-0.07,False,67.2,-1.05,68.2,False,4.98,3.2,2.5,-4.0,D 趨勢弱,True,8:49,264.6,跌,186.0,17,False,3.0,-0.7719,-0.6622,-0.7719,False,False,-13.15,-2.64,47.45,-8.96,-1.8,54.2,,OHLC,↓,LH/LL,DT,False,268,1,universe
U,2026-09-24,41.42,2.06,False,43.6,-0.242,0.15,False,66.9,-5.17,72.0,False,4.97,3.27,52.3,-16.7,B 上升結構,True,8:49,264.6,跌,128.0,22,False,3.0,-0.278,-0.1839,-1.0969,False,False,-5.27,-1.06,41.4,0.05,0.01,414.9,,OHLC,↑,HH/HL,自然回檔,False,268,1,universe
SRRK,2026-09-24,48.61,2.66,False,52.58,-0.148,-0.39,False,65.2,-0.39,65.6,False,5.48,3.1,29.4,-5.0,D 趨勢弱,True,8:49,264.6,跌,164.0,16,False,3.0,-0.6414,-0.701,-1.2282,True,False,-8.17,-1.49,55.33,-13.82,-2.52,108.3,,OHLC,—,HH/HL,DT,False,268,1,universe
ZG,2026-09-24,28.91,1.55,False,33.96,-0.182,-0.38,False,64.4,-0.45,64.8,False,5.37,3.37,10.0,0.0,D 趨勢弱,True,8:49,264.6,跌,187.0,18,False,3.0,-0.4701,-0.4357,-0.5539,False,False,-17.48,-3.26,31.59,-9.27,-1.73,29.4,,OHLC,↓,LH/LL,DT,False,268,1,universe
Z,2026-09-24,28.14,1.54,False,33.0,-0.305,-0.56,False,63.9,-0.54,64.5,False,5.48,3.34,0.0,0.0,D 趨勢弱,True,8:49,264.6,跌,173.0,18,False,3.0,-0.455,-0.4064,-0.5012,False,False,-17.29,-3.16,30.95,-9.99,-1.82,123.6,,OHLC,↓,LH/LL,DT,False,268,1,universe
OI,2026-09-24,5.86,0.29,False,6.65,-0.035,-0.67,False,62.6,-0.52,63.1,False,4.97,4.12,0.0,0.0,D 趨勢弱,True,6:56,207.8,跌,65.0,10,False,3.0,-0.0287,-0.0229,-0.2325,False,False,-13.56,-2.73,6.58,-12.29,-2.47,21.5,,OHLC,↓,LH/LL,DT,False,268,1,universe
WEN,2026-09-24,6.51,0.33,False,7.94,-0.091,-0.38,False,62.2,-0.56,62.8,False,5.02,4.16,15.0,0.0,D 趨勢弱,True,8:49,264.6,跌,205.0,20,False,3.0,-0.1203,-0.124,-0.1595,True,False,-21.98,-4.38,7.63,-17.2,-3.43,51.8,,OHLC,↓,LH/LL,DT,False,268,1,universe
PVLA,2026-09-24,146.07,6.77,False,151.11,-0.266,-0.05,False,61.0,-0.48,61.5,False,4.64,4.79,58.2,-1.6,C 基底修復,False,3:51,115.3,跌,14.0,2,False,3.0,-0.6023,-0.1689,-1.7653,False,True,-3.45,-0.74,152.22,-4.21,-0.91,32.5,,OHLC,—,HH/HL,DT,True,268,1,universe
BXC,2026-09-24,73.82,4.19,False,80.07,-0.703,-0.65,False,56.7,-4.07,60.8,False,5.68,4.67,34.5,-24.5,D 趨勢弱,True,8:49,264.6,跌,221.0,24,False,3.0,-0.5819,-0.3387,-2.044,False,False,-8.46,-1.49,81.81,-10.82,-1.9,12.4,,OHLC,↓,LH/LL,DT,False,268,1,universe
RZLT,2026-09-24,3.94,0.26,False,4.46,-0.06,-0.64,False,56.0,-0.28,56.3,False,6.7,3.81,24.8,-5.0,D 趨勢弱,True,8:49,264.6,跌,144.0,18,False,3.0,-0.0218,-0.0286,-0.0741,True,False,-13.18,-1.97,4.04,-2.54,-0.38,5.8,,OHLC,↓,LH/LL,自然回檔,False,268,1,universe
FMC,2026-09-24,9.59,0.63,False,11.09,-0.048,-0.3,False,54.9,-0.78,55.7,False,6.54,4.23,0.9,-1.9,D 趨勢弱,True,7:55,237.3,跌,82.0,9,False,3.0,-0.2487,-0.2342,-0.2537,False,False,-15.6,-2.39,10.57,-10.22,-1.56,41.8,,OHLC,↓,LH/LL,DT,False,268,1,universe
ZBIO,2026-09-24,27.5,1.97,False,31.57,-0.173,-0.11,False,54.6,-5.83,60.5,False,7.18,3.65,29.3,-13.1,D 趨勢弱,True,8:49,264.6,跌,490.0,41,False,3.0,-0.458,-0.2228,-0.5864,False,False,-14.79,-2.06,33.13,-20.47,-2.85,20.9,,OHLC,↓,LH/LL,DT,False,268,1,universe
KVYO,2026-09-24,16.11,1.02,False,17.73,-0.032,-0.21,False,53.8,-1.16,55.0,False,6.33,4.69,6.5,-5.7,D 趨勢弱,True,8:38,259.2,跌,94.0,13,False,3.0,-0.1452,-0.1812,-0.415,True,False,-10.03,-1.58,16.78,-4.16,-0.66,123.5,,OHLC,—,LH/LL,自然回檔,True,268,1,universe
DFH,2026-09-24,11.09,0.75,False,12.96,-0.142,-0.96,False,53.3,-1.9,55.2,False,6.73,4.41,0.0,0.0,D 趨勢弱,True,8:49,264.6,跌,203.0,18,False,3.0,-0.0963,-0.0842,-0.338,False,False,-16.9,-2.51,12.26,-10.55,-1.57,11.8,,OHLC,↓,LH/LL,DT,False,268,1,universe
LRMR,2026-09-24,3.32,0.23,False,3.94,-0.066,-0.54,False,52.4,-9.26,61.7,False,6.95,4.39,5.0,-15.4,D 趨勢弱,True,8:49,264.6,跌,231.0,26,False,3.0,-0.0376,-0.0069,-0.0561,False,False,-18.71,-2.69,3.93,-18.37,-2.64,4.6,,OHLC,↓,LH/LL,DT,False,268,1,universe
VOR,2026-09-24,18.44,1.35,False,22.27,-0.24,-0.66,False,50.8,-2.4,53.2,False,7.33,4.41,28.5,-1.8,D 趨勢弱,True,8:32,256.2,跌,92.0,12,False,3.0,-0.5461,-0.4289,-0.5461,False,False,-20.75,-2.83,22.0,-19.31,-2.63,27.3,,OHLC,↓,LH/LL,DT,False,268,1,universe
CTEV,2026-09-24,23.36,2.64,False,35.25,-0.42,-0.43,False,33.3,-1.74,35.0,False,11.29,5.95,20.0,0.0,D 趨勢弱,True,8:49,264.6,跌,142.0,14,False,3.0,-1.6511,-1.451,-1.6511,False,False,-50.9,-4.51,31.62,-35.36,-3.13,4.8,,OHLC,↓,LH/LL,DT,False,268,1,universe
ARTL,2026-09-24,5.17,1.52,False,8.48,-0.128,1.67,False,9.1,-6.23,15.3,False,29.46,10.92,5.0,-10.0,D 趨勢弱,True,9:34,286.9,升,9.0,2,False,3.0,0.1382,0.131,,False,False,-63.98,-2.17,6.04,-16.83,-0.57,10.0,,OHLC,↑,HH/HL,自然回檔,False,187,1,universe
OUT,2026-09-24,27.93,0.65,False,29.07,-0.07,-1.29,False,91.0,-0.2,91.2,True,2.33,1.18,26.0,-2.2,C 基底修復,False,10:20,310.0,升,22.0,2,False,4.0,0.0232,0.0213,,False,False,-4.09,-1.75,30.66,-9.77,-4.19,48.3,,OHLC,—,LH/LL,DT,True,268,1,universe
VOYA,2026-09-24,96.09,2.38,False,100.9,-0.051,-0.14,False,90.1,-0.18,90.3,True,2.48,1.24,51.3,-4.0,C 基底修復,False,5:40,170.0,跌,44.0,8,False,4.0,-0.8172,-0.691,-0.8172,False,False,-5.01,-2.02,104.19,-8.43,-3.4,123.4,,OHLC,↓,LH/LL,DT,False,268,1,universe
RYN,2026-09-24,19.06,0.48,False,20.55,-0.084,-0.59,False,88.5,-1.6,90.0,True,2.53,1.54,4.7,-3.9,D 趨勢弱,False,3:57,118.5,跌,16.0,2,False,4.0,-0.0574,-0.0026,-0.1141,False,False,-7.82,-3.09,20.51,-7.61,-3.01,77.0,,OHLC,↓,LH/LL,DT,False,268,1,universe
JEF,2026-09-24,46.24,1.74,False,51.2,-0.291,-0.95,False,79.7,-0.35,80.0,True,3.77,2.03,11.5,-7.2,D 趨勢弱,False,5:52,176.2,跌,48.0,9,False,4.0,-0.5082,-0.5231,-0.6385,True,False,-10.72,-2.84,53.13,-14.9,-3.95,106.1,,OHLC,↓,LH/LL,DT,False,268,1,universe
SE,2026-09-24,100.73,3.92,False,112.56,-1.352,-1.1,False,73.2,-0.21,73.5,False,3.89,3.12,19.4,-11.2,D 趨勢弱,True,8:49,264.6,跌,310.0,26,False,4.0,-0.7969,-0.8438,-1.6953,True,False,-11.74,-3.02,103.67,-2.92,-0.75,384.3,,OHLC,↓,LH/LL,DT,False,268,1,universe
NSP,2026-09-24,47.9,2.27,False,50.89,-0.13,-0.2,False,70.1,-0.9,71.0,False,4.75,2.87,44.7,-3.2,C 基底修復,True,8:49,264.6,跌,344.0,39,False,4.0,-0.3538,-0.2636,-0.6189,False,False,-6.25,-1.32,51.98,-8.52,-1.79,20.6,,OHLC,↓,LH/LL,DT,False,268,1,universe
BLDR,2026-09-24,58.28,2.7,False,62.21,-0.298,-1.5,True,68.8,0.29,68.5,False,4.63,3.22,0.0,0.0,D 趨勢弱,False,10:16,308.2,升,21.0,3,False,4.0,0.1177,0.103,,False,False,-6.74,-1.45,60.37,-3.59,-0.77,233.3,,OHLC,—,LH/LL,DT,True,268,1,universe
SHAK,2026-09-24,57.45,2.79,False,65.57,-0.568,-1.09,False,67.9,-0.6,68.5,False,4.85,3.18,0.0,-10.0,D 趨勢弱,True,8:49,264.6,跌,159.0,21,False,4.0,-0.6572,-0.8448,-1.6942,True,False,-14.13,-2.91,63.65,-10.79,-2.22,80.6,,OHLC,↓,LH/LL,自然反彈,False,268,1,universe
LBRX,2026-09-24,37.8,2.25,False,45.56,-0.326,-0.54,False,59.9,-0.76,60.7,False,5.95,3.7,40.8,-11.7,D 趨勢弱,True,8:49,264.6,跌,270.0,24,False,4.0,-1.0795,-0.9626,-1.0906,False,False,-20.52,-3.45,42.99,-13.73,-2.31,13.5,,OHLC,↓,LH/LL,DT,False,261,1,universe
PUMP,2026-09-24,9.53,0.56,False,11.0,-0.071,-0.49,False,59.9,-0.22,60.1,False,5.84,3.82,18.6,-1.7,D 趨勢弱,True,7:41,230.5,跌,78.0,8,False,4.0,-0.129,-0.1131,-0.2193,False,False,-15.4,-2.64,10.48,-9.97,-1.71,41.3,,OHLC,↓,LH/LL,DT,False,268,1,universe
BULL,2026-09-24,7.26,0.51,False,8.78,-0.014,0.01,False,53.9,-1.44,55.3,False,6.99,4.0,28.0,-6.5,D 趨勢弱,True,7:24,222.0,跌,73.0,11,False,4.0,-0.2377,-0.2158,-0.25,False,False,-20.94,-3.0,8.25,-13.64,-1.95,137.4,,OHLC,↓,LH/LL,DT,False,268,1,universe
CMCO,2026-09-24,16.03,0.85,False,17.4,-0.108,-0.93,False,53.5,-0.24,53.7,False,5.32,5.77,26.8,-2.9,D 趨勢弱,True,8:49,264.6,跌,286.0,30,False,4.0,-0.1265,-0.1487,-0.4343,True,False,-8.55,-1.61,16.51,-2.99,-0.56,7.1,,OHLC,↓,LH/LL,自然回檔,False,268,1,universe
OPEN,2026-09-24,2.53,0.17,False,3.15,-0.02,-0.75,True,53.5,0.32,53.2,False,6.65,4.44,10.0,0.0,D 趨勢弱,False,10:42,320.8,升,28.0,3,False,4.0,0.0041,0.0041,,False,False,-24.51,-3.69,2.76,-9.09,-1.37,87.4,,OHLC,—,LH/LL,DT,True,268,1,universe
FIP,2026-09-24,3.09,0.21,False,3.4,-0.061,-1.11,True,53.4,0.77,52.6,False,6.87,4.26,0.0,0.0,D 趨勢弱,False,11:02,330.8,升,34.0,3,False,4.0,0.0246,0.0184,,False,False,-9.99,-1.45,3.26,-5.5,-0.8,4.2,,OHLC,↓,LH/LL,自然回檔,False,268,1,universe
ALKT,2026-09-24,14.18,1.05,False,18.53,-0.395,-1.2,False,53.2,-0.08,53.3,False,7.39,3.77,5.0,0.0,D 趨勢弱,True,8:49,264.6,跌,278.0,24,False,4.0,-0.5912,-0.4439,-0.5912,False,False,-30.67,-4.15,15.55,-9.66,-1.31,35.3,,OHLC,↓,LH/LL,DT,False,268,1,universe
TECX,2026-09-24,24.12,1.95,False,31.8,-0.588,-0.65,False,45.8,-0.92,46.8,False,8.1,4.94,16.0,0.1,D 趨勢弱,True,8:49,264.6,跌,167.0,18,False,4.0,-0.5322,-0.495,-0.8163,False,False,-31.84,-3.93,37.71,-56.34,-6.95,6.4,,OHLC,↓,LH/LL,DT,False,268,1,universe
UAMY,2026-09-24,4.57,0.32,False,5.08,-0.016,-0.7,True,44.0,0.94,43.0,False,7.11,6.47,12.9,-2.3,D 趨勢弱,False,12:37,18.7,升,60.0,4,False,4.0,0.0053,0.0088,,False,False,-11.1,-1.56,4.91,-7.44,-1.05,29.5,,OHLC,—,LH/LL,DT,True,268,1,universe
ZNTL,2026-09-24,2.75,0.24,False,3.57,-0.039,-0.87,False,43.4,-0.38,43.8,False,8.73,5.01,19.9,-12.2,D 趨勢弱,True,6:05,182.6,跌,51.0,10,False,4.0,-0.0578,-0.0534,-0.1328,False,False,-29.9,-3.42,4.11,-49.45,-5.66,3.2,,OHLC,↓,LH/LL,DT,False,268,1,universe
WOLF,2026-09-24,26.3,2.23,False,27.52,-0.173,-0.31,False,38.2,-0.04,38.3,False,8.49,6.91,34.4,4.1,D 趨勢弱,False,10:19,309.6,升,22.0,4,False,4.0,0.3473,0.3861,,False,True,-4.64,-0.55,28.22,-7.3,-0.86,63.3,,OHLC,—,LH/LL,自然回檔,True,249,1,universe
FERG,2026-09-24,220.17,5.66,False,228.28,-0.921,-1.54,False,86.7,-0.09,86.8,True,2.57,1.87,24.0,0.9,D 趨勢弱,False,10:05,302.7,升,18.0,2,False,5.0,0.5336,0.3005,,False,False,-3.69,-1.43,228.41,-3.74,-1.45,301.8,,OHLC,—,LH/LL,自然反彈,True,187,1,universe
TEL,2026-09-24,213.67,6.14,False,206.37,-0.101,-0.14,False,84.7,-0.16,84.9,True,2.87,1.96,35.7,-0.8,D 趨勢弱,False,11:47,353.7,升,47.0,5,False,5.0,1.1425,1.062,,False,False,3.41,1.19,,,,413.5,,OHLC,—,LH/LL,UT,False,268,1,universe
CCJ,2026-09-24,88.12,3.61,False,97.6,-0.398,-0.37,False,74.5,-0.36,74.9,False,4.1,2.67,0.1,-4.2,D 趨勢弱,True,8:49,264.6,跌,107.0,17,False,5.0,-0.8924,-0.7488,-1.3342,False,False,-10.76,-2.62,94.59,-7.34,-1.79,277.5,,OHLC,↓,LH/LL,DT,False,268,1,universe
OLED,2026-09-24,73.44,3.09,False,82.33,-0.557,-0.74,False,74.4,-1.45,75.8,False,4.2,2.59,0.0,-5.6,D 趨勢弱,True,8:49,264.6,跌,219.0,26,False,5.0,-0.4837,-0.3204,-0.7984,False,False,-12.1,-2.88,78.3,-6.62,-1.57,64.6,,OHLC,↓,LH/LL,DT,False,268,1,universe
ESI,2026-09-24,34.5,1.36,False,34.94,-0.072,-0.32,False,74.2,-0.11,74.3,False,3.93,2.9,25.5,-2.5,C 基底修復,False,10:09,304.3,升,19.0,3,False,5.0,0.2703,0.2513,,False,True,-1.28,-0.32,35.47,-2.81,-0.71,199.3,,OHLC,↓,LH/LL,自然回檔,False,268,1,universe
IPI,2026-09-24,35.84,1.68,False,38.65,-0.013,0.11,False,73.6,-0.41,74.1,False,4.7,2.24,32.3,-2.6,C 基底修復,True,7:47,233.5,跌,80.0,9,False,5.0,-0.5608,-0.5121,-0.5608,False,False,-7.85,-1.67,38.17,-6.5,-1.38,8.0,,OHLC,—,HH/HL,DT,False,268,1,universe
WLDN,2026-09-24,79.63,3.1,False,84.03,-0.171,-0.01,False,73.4,-0.37,73.8,False,3.89,3.09,18.2,-14.2,D 趨勢弱,True,8:49,264.6,跌,114.0,14,False,5.0,-0.5137,-0.5636,-1.2692,True,False,-5.52,-1.42,81.36,-2.17,-0.56,15.8,,OHLC,—,LH/LL,自然回檔,True,268,1,universe
PRTA,2026-09-24,8.32,0.38,False,8.97,-0.025,-0.26,False,72.9,-1.57,74.4,False,4.53,2.55,3.3,-4.8,D 趨勢弱,True,8:41,260.3,跌,95.0,11,False,5.0,-0.0678,-0.0566,-0.1502,False,False,-7.83,-1.73,8.75,-5.17,-1.14,3.9,,OHLC,—,LH/LL,DT,True,268,1,universe
ASA,2026-09-24,56.1,2.52,False,60.96,-0.08,-0.01,False,71.9,-0.14,72.1,False,4.5,2.76,9.6,-3.5,D 趨勢弱,True,8:49,264.6,跌,144.0,14,False,5.0,-0.7187,-0.6781,-1.0632,False,False,-8.67,-1.93,59.76,-6.53,-1.45,3.9,,OHLC,↓,LH/LL,DT,False,268,1,universe
DNLI,2026-09-24,20.47,0.86,False,22.22,-0.2,-1.29,False,71.6,-0.1,71.7,False,4.21,3.13,15.8,0.3,D 趨勢弱,True,8:49,264.6,跌,256.0,23,False,5.0,-0.0294,-0.0591,-0.3491,True,False,-8.54,-2.03,21.6,-5.52,-1.31,34.4,,OHLC,↓,LH/LL,自然回檔,False,268,1,universe
SVRA,2026-09-24,5.07,0.23,False,5.37,-0.029,-0.43,True,71.6,0.61,71.0,False,4.53,2.79,15.1,0.8,C 基底修復,False,4:38,138.8,跌,27.0,2,False,5.0,-0.0227,-0.0153,-0.0809,False,False,-6.01,-1.33,5.45,-7.5,-1.65,8.0,,OHLC,↓,LH/LL,DT,False,268,1,universe
ESAB,2026-09-24,67.89,2.94,False,73.77,-0.578,-1.43,True,71.4,0.61,70.8,False,4.32,3.04,0.0,0.0,D 趨勢弱,False,10:11,305.6,升,20.0,2,False,5.0,0.2459,0.0866,,False,False,-8.67,-2.0,70.0,-3.11,-0.72,64.9,,OHLC,—,LH/LL,自然反彈,True,268,1,universe
FLR,2026-09-24,50.63,2.03,False,53.96,-0.061,0.04,False,70.8,-1.48,72.3,False,4.01,3.47,49.2,-16.9,C 基底修復,True,8:49,264.6,跌,140.0,11,False,5.0,-0.4494,-0.2562,-0.4494,False,False,-6.57,-1.64,56.0,-10.61,-2.65,125.8,,OHLC,—,LH/LL,自然回檔,False,268,1,universe
ALB,2026-09-24,108.25,5.33,False,125.73,-0.688,-0.65,False,70.2,-1.17,71.4,False,4.92,2.67,8.5,-0.6,D 趨勢弱,True,8:49,264.6,跌,143.0,15,False,5.0,-1.1621,-1.0881,-2.7856,False,False,-16.14,-3.28,115.05,-6.28,-1.28,313.1,,OHLC,↓,LH/LL,DT,False,268,1,universe
ARVN,2026-09-24,7.79,0.37,False,8.74,-0.06,-0.34,False,69.8,-0.48,70.3,False,4.77,2.9,0.3,-0.1,D 趨勢弱,True,8:49,264.6,跌,258.0,19,False,5.0,-0.1102,-0.1021,-0.1595,False,False,-12.14,-2.54,8.51,-9.24,-1.94,7.3,,OHLC,↓,LH/LL,DT,False,268,1,universe
JANX,2026-09-24,16.68,0.8,False,17.8,-0.037,-0.09,False,69.0,-0.35,69.3,False,4.78,3.04,28.5,0.3,D 趨勢弱,True,8:49,264.6,跌,113.0,11,False,5.0,-0.2396,-0.2627,-0.4266,True,False,-6.69,-1.4,17.47,-4.74,-0.99,18.3,,OHLC,—,LH/LL,自然回檔,False,268,1,universe
PCOR,2026-09-24,49.5,2.38,False,57.78,-0.533,-0.45,False,67.9,-2.19,70.1,False,4.82,3.23,10.0,-5.0,D 趨勢弱,True,8:49,264.6,跌,181.0,22,False,5.0,-0.8369,-0.8677,-1.5357,True,False,-16.73,-3.47,56.74,-14.63,-3.04,139.3,,OHLC,↓,LH/LL,DT,False,268,1,universe
GT,2026-09-24,5.07,0.25,False,5.72,-0.032,-1.02,False,67.3,-2.03,69.4,False,5.01,3.13,0.0,-4.0,D 趨勢弱,True,8:09,244.3,跌,86.0,12,False,5.0,-0.0131,-0.0111,-0.1594,False,False,-12.83,-2.56,5.49,-8.28,-1.65,53.8,,OHLC,↓,LH/LL,DT,False,268,1,universe
TWFG,2026-09-24,23.92,1.31,False,27.54,-0.124,-0.64,False,66.4,-0.44,66.9,False,5.47,2.86,27.9,-1.7,D 趨勢弱,True,8:49,264.6,跌,179.0,17,False,5.0,-0.5126,-0.4791,-0.5126,False,False,-15.12,-2.77,28.13,-17.6,-3.22,5.2,,OHLC,↓,LH/LL,DT,False,268,1,universe
NKTR,2026-09-24,59.38,3.14,False,68.18,-1.094,-1.38,False,66.2,-0.37,66.5,False,5.28,3.1,10.0,0.0,D 趨勢弱,True,8:49,264.6,跌,146.0,28,False,5.0,-1.3997,-1.384,-1.3997,False,False,-14.82,-2.81,68.36,-15.12,-2.86,75.4,,OHLC,↓,LH/LL,自然反彈,False,268,1,universe
STOK,2026-09-24,25.29,1.43,False,30.32,-0.339,-0.7,False,65.2,-0.79,65.9,False,5.65,2.93,1.2,-0.3,D 趨勢弱,True,8:49,264.6,跌,179.0,19,False,5.0,-0.3675,-0.2594,-0.3675,False,False,-19.89,-3.52,28.93,-14.39,-2.55,23.5,,OHLC,↓,LH/LL,DT,False,268,1,universe
QXO,2026-09-24,12.26,0.6,False,12.95,-0.149,-1.09,True,64.9,0.63,64.3,False,4.91,3.72,3.5,-3.1,D 趨勢弱,False,11:03,331.7,升,34.0,3,False,5.0,0.0749,0.0551,,False,False,-5.61,-1.14,11.64,5.06,1.03,213.5,,OHLC,—,LH/LL,自然回檔,False,268,1,universe
ORCL,2026-09-24,139.54,7.34,False,149.29,-0.899,-0.1,False,64.5,-2.06,66.6,False,5.26,3.45,11.4,-12.1,D 趨勢弱,True,8:49,264.6,跌,106.0,9,False,5.0,-1.2075,-0.8099,-1.3515,False,False,-6.99,-1.33,146.47,-4.97,-0.94,5024.1,,OHLC,↓,LH/LL,DT,False,268,1,universe
KGC,2026-09-24,24.42,1.33,False,29.63,-0.328,-0.04,False,63.2,-8.41,71.7,False,5.46,3.51,0.0,-21.4,D 趨勢弱,True,8:49,264.6,跌,179.0,17,False,5.0,-0.563,-0.3813,-0.5926,False,False,-21.32,-3.91,28.49,-16.67,-3.05,225.3,,OHLC,↓,LH/LL,DT,False,268,1,universe
OPRT,2026-09-24,8.3,0.34,True,7.87,0.035,0.49,False,63.0,-0.5,63.5,False,4.15,4.87,60.5,-0.0,E 延伸,False,10:48,323.8,升,30.0,4,False,5.0,0.0179,0.0268,,False,False,5.12,1.23,,,,4.4,,OHLC,—,LH/LL,自然回檔,False,268,1,universe
IMNM,2026-09-24,22.34,1.31,False,26.23,-0.285,-0.56,False,62.0,-4.44,66.4,False,5.85,3.37,22.0,-17.3,D 趨勢弱,True,8:49,264.6,跌,152.0,19,False,5.0,-0.3076,-0.2064,-0.6148,False,False,-17.43,-2.98,25.75,-15.26,-2.61,30.3,,OHLC,↓,LH/LL,DT,False,268,1,universe
NSLR,2026-09-24,8.03,0.42,False,8.77,-0.073,-0.95,False,61.9,-0.58,62.5,False,5.2,4.05,0.0,0.0,D 趨勢弱,True,6:53,206.5,跌,65.0,11,False,5.0,-0.0661,-0.0842,-0.2147,True,False,-9.27,-1.78,8.2,-2.12,-0.41,4.0,,OHLC,↓,LH/LL,次級回檔,False,187,1,universe
CRVS,2026-09-24,11.8,0.71,False,13.52,-0.115,-0.6,False,61.7,-2.99,64.7,False,6.05,3.23,14.3,-4.7,D 趨勢弱,True,8:49,264.6,跌,129.0,23,False,5.0,-0.1102,-0.0728,-0.2826,False,False,-14.56,-2.41,13.44,-13.9,-2.3,14.7,,OHLC,↓,LH/LL,DT,False,268,1,universe
CPS,2026-09-24,22.22,1.25,False,25.23,-0.187,-1.02,False,61.3,-0.88,62.2,False,5.62,3.74,0.0,-1.8,D 趨勢弱,True,8:49,264.6,跌,366.0,32,False,5.0,-0.0729,-0.0544,-0.3079,False,False,-13.57,-2.42,23.96,-7.83,-1.39,5.8,,OHLC,↓,LH/LL,DT,False,268,1,universe
NTLA,2026-09-24,12.16,0.67,False,12.39,-0.012,0.12,False,60.5,-0.42,60.9,False,5.54,3.99,20.0,-8.2,D 趨勢弱,False,10:13,306.3,升,20.0,3,False,5.0,0.0191,0.0248,,False,True,-1.93,-0.35,12.69,-4.36,-0.79,48.4,,OHLC,—,LH/LL,DT,True,268,1,universe
VCYT,2026-09-24,48.54,2.37,True,42.58,0.256,-0.1,False,60.5,-1.01,61.5,False,4.89,4.64,51.7,12.9,C 基底修復,False,10:39,319.7,升,28.0,4,False,5.0,0.8498,0.4567,,False,False,12.27,2.51,38.24,21.21,4.34,61.1,,OHLC,↑,HH/HL,UT,False,268,1,universe
DNN,2026-09-24,2.63,0.16,False,3.23,-0.029,-0.44,False,58.8,-2.9,61.7,False,6.12,3.78,0.0,-10.1,D 趨勢弱,True,8:49,264.6,跌,143.0,17,False,5.0,-0.0508,-0.0437,-0.0783,False,False,-22.64,-3.7,2.93,-11.41,-1.86,73.5,,OHLC,↓,LH/LL,DT,False,268,1,universe
ATEX,2026-09-24,81.33,4.88,False,85.86,-0.25,-0.51,False,58.6,-0.15,58.7,False,6.0,3.94,43.1,-6.3,D 趨勢弱,False,10:08,304.0,升,19.0,3,False,5.0,0.4471,0.4382,,False,True,-5.57,-0.93,85.24,-4.81,-0.8,25.9,,OHLC,↓,LH/LL,自然回檔,False,268,1,universe
ACLS,2026-09-24,116.14,6.12,False,117.65,-0.79,-0.87,False,57.9,-0.09,58.0,False,5.27,4.83,22.4,-15.3,D 趨勢弱,False,10:53,326.5,升,31.0,4,False,5.0,1.725,1.5695,,False,True,-1.3,-0.25,119.17,-2.61,-0.49,38.6,,OHLC,↓,LH/LL,自然反彈,False,268,1,universe
UEC,2026-09-24,9.47,0.61,False,11.33,-0.094,-0.49,False,56.6,-1.65,58.3,False,6.44,3.93,0.0,0.0,D 趨勢弱,True,8:49,264.6,跌,149.0,16,False,5.0,-0.1706,-0.1625,-0.2877,False,False,-19.65,-3.05,10.33,-9.08,-1.41,96.7,,OHLC,↓,LH/LL,DT,False,268,1,universe
NXH,2026-09-24,3.3,0.22,False,3.78,-0.036,-1.07,True,54.7,0.91,53.8,False,6.64,4.16,0.0,-0.9,D 趨勢弱,False,11:57,358.6,升,49.0,4,False,5.0,0.0134,0.017,,False,False,-14.64,-2.2,3.54,-7.27,-1.09,9.2,,OHLC,—,LH/LL,DT,True,187,1,universe
KYTX,2026-09-24,6.99,0.48,False,7.84,-0.107,-0.47,False,53.5,-3.99,57.5,False,6.82,4.28,1.1,-5.6,D 趨勢弱,True,8:49,264.6,跌,130.0,15,False,5.0,-0.0542,-0.0587,-0.177,True,False,-12.23,-1.79,7.51,-7.44,-1.09,6.6,,OHLC,↓,LH/LL,DT,False,268,1,universe
GRAL,2026-09-24,125.21,7.24,True,87.9,3.888,1.78,False,51.3,-2.58,53.8,False,5.78,5.84,65.0,3.9,E 延伸,False,10:43,321.4,升,29.0,4,False,5.0,4.4519,3.2504,,False,False,29.8,5.15,79.59,36.43,6.3,117.1,,OHLC,↑,HH/HL,UT,False,268,1,universe
WDC,2026-09-24,450.31,28.63,False,459.89,-0.079,0.07,False,51.1,-1.13,52.2,False,6.36,5.31,54.9,8.7,D 趨勢弱,False,11:00,330.0,升,33.0,4,False,5.0,4.1833,4.6224,,False,True,-2.13,-0.33,407.12,9.59,1.51,2922.0,,OHLC,—,HH/HL,自然回檔,True,268,1,universe
CATX,2026-09-24,2.5,0.2,False,2.96,-0.02,-0.52,False,50.8,-1.32,52.1,False,7.83,3.92,0.0,0.0,D 趨勢弱,True,8:49,264.6,跌,155.0,19,False,5.0,-0.0336,-0.0181,-0.0491,False,False,-18.56,-2.37,2.92,-16.8,-2.15,6.2,,OHLC,↓,LH/LL,DT,False,268,1,universe
PCT,2026-09-24,4.86,0.36,False,6.17,-0.171,-1.28,False,50.7,-1.26,51.9,False,7.5,4.27,0.0,0.0,D 趨勢弱,True,8:49,264.6,跌,118.0,21,False,5.0,-0.0796,-0.0547,-0.0814,False,False,-26.89,-3.58,5.72,-17.7,-2.36,21.8,,OHLC,↓,LH/LL,DT,False,268,1,universe
USAR,2026-09-24,15.38,1.08,False,17.46,-0.107,-0.46,False,49.6,-0.17,49.8,False,7.0,5.04,0.0,-6.6,D 趨勢弱,True,8:45,262.3,跌,96.0,18,False,5.0,-0.0434,-0.0182,-0.3301,False,False,-13.51,-1.93,16.99,-10.47,-1.5,218.4,,OHLC,—,LH/LL,DT,True,268,1,universe
SANA,2026-09-24,2.96,0.23,False,3.45,-0.022,-0.43,False,48.4,-0.98,49.4,False,7.66,4.7,0.0,-1.1,D 趨勢弱,True,8:49,264.6,跌,158.0,17,False,5.0,-0.0364,-0.0344,-0.1153,False,False,-16.48,-2.15,3.2,-8.11,-1.06,12.6,,OHLC,—,LH/LL,DT,True,268,1,universe
LODE,2026-09-24,2.56,0.2,False,3.02,-0.032,-0.67,False,46.7,-0.95,47.6,False,7.92,4.9,0.0,0.0,D 趨勢弱,True,8:49,264.6,跌,162.0,16,False,5.0,-0.0139,-0.0152,-0.1586,True,False,-18.12,-2.29,2.76,-7.81,-0.99,3.5,,OHLC,↓,LH/LL,DT,False,268,1,universe
ACMR,2026-09-24,76.18,5.31,False,75.08,-0.083,-0.26,False,46.1,-1.72,47.8,False,6.97,6.0,50.0,-10.7,D 趨勢弱,False,10:33,316.5,升,26.0,4,False,5.0,1.3565,1.2963,,False,True,1.44,0.21,76.91,-0.96,-0.14,78.9,,OHLC,—,LH/LL,自然回檔,False,268,1,universe
SNDK,2026-09-24,1753.62,114.62,True,1624.14,12.19,0.77,False,42.1,-0.03,42.2,False,6.54,7.58,60.1,-1.6,E 延伸,False,12:05,2.3,升,51.0,5,False,5.0,16.6123,21.8396,,False,False,7.38,1.13,1568.87,10.54,1.61,17801.9,,OHLC,↑,HH/HL,自然回檔,False,268,1,universe
RGNX,2026-09-24,7.24,0.6,False,8.92,-0.106,-0.86,False,41.1,-0.2,41.3,False,8.35,6.1,0.0,-13.1,D 趨勢弱,True,8:49,264.6,跌,263.0,23,False,5.0,-0.0743,-0.0555,-0.4634,False,False,-23.21,-2.78,8.15,-12.57,-1.51,11.1,,OHLC,↓,LH/LL,DT,False,268,1,universe
XE,2026-09-24,15.72,1.37,False,17.67,-0.092,-0.53,False,40.6,-0.19,40.8,False,8.69,5.92,0.0,-5.4,D 趨勢弱,True,9:38,288.9,升,11.0,2,False,5.0,0.0039,0.005,,False,False,-12.43,-1.43,15.64,0.51,0.06,123.3,,OHLC,—,LH/LL,自然回檔,True,106,1,universe
CABA,2026-09-24,2.15,0.23,False,2.91,-0.024,-0.47,False,39.7,-0.38,40.1,False,10.45,4.45,0.0,0.0,D 趨勢弱,True,8:49,264.6,跌,103.0,12,False,5.0,-0.0899,-0.0861,-0.0952,False,False,-34.92,-3.34,2.58,-19.72,-1.89,17.3,,OHLC,↓,LH/LL,DT,False,268,1,universe
ABTC,2026-09-24,9.6,0.82,True,8.59,0.053,0.65,False,35.2,-0.47,35.7,False,8.52,7.96,26.1,10.8,D 趨勢弱,False,10:12,306.2,升,20.0,5,False,5.0,0.136,0.1803,,False,False,10.54,1.24,8.18,14.79,1.74,16.6,,OHLC,↑,HH/HL,自然回檔,False,268,1,universe
NEOV,2026-09-24,2.4,0.34,False,3.56,-0.087,-0.0,False,24.0,-9.41,33.4,False,14.31,7.68,5.0,-43.4,D 趨勢弱,True,7:51,235.3,跌,81.0,11,False,5.0,-0.1402,-0.0892,-0.1402,False,False,-48.8,-3.41,3.49,-45.72,-3.2,7.0,,OHLC,↓,LH/LL,DT,False,268,1,universe
PTA,2026-09-24,17.3,0.26,False,18.13,-0.087,-0.7,False,96.1,-0.45,96.6,True,1.52,0.66,13.6,-3.2,D 趨勢弱,False,4:03,121.6,跌,18.0,2,False,6.0,-0.0292,-0.0011,-0.0757,False,False,-4.8,-3.15,18.09,-4.57,-3.0,4.5,,OHLC,↓,LH/LL,DT,False,268,1,universe
AVA,2026-09-24,35.05,0.63,False,37.3,-0.097,-0.78,False,93.9,-0.21,94.1,True,1.79,1.03,11.7,-1.2,D 趨勢弱,False,5:53,176.7,跌,48.0,5,False,6.0,-0.0925,-0.056,-0.3901,False,False,-6.41,-3.58,37.91,-8.16,-4.56,26.4,,OHLC,↓,LH/LL,DT,False,268,1,universe
CPK,2026-09-24,128.26,2.78,False,132.56,-0.149,-0.21,False,91.5,-0.75,92.2,True,2.17,1.24,26.1,-11.5,D 趨勢弱,False,3:46,113.1,跌,13.0,2,False,6.0,-0.146,-0.0258,-0.6678,False,False,-3.35,-1.55,132.12,-3.01,-1.39,23.4,,OHLC,—,LH/LL,自然回檔,True,268,1,universe
OPCH,2026-09-24,22.94,0.7,False,23.85,-0.016,0.01,False,83.6,-0.25,83.9,True,3.07,1.98,12.0,-1.6,D 趨勢弱,False,4:40,139.9,跌,28.0,4,False,6.0,-0.1252,-0.0718,-0.1252,False,False,-3.97,-1.29,24.5,-6.8,-2.22,50.3,,OHLC,↓,LH/LL,DT,False,268,1,universe
KEYS,2026-09-24,357.54,11.45,False,330.52,-0.051,0.05,False,79.2,-0.09,79.3,True,3.2,2.69,70.2,3.6,B 上升結構,False,12:39,19.4,升,61.0,6,False,6.0,3.7671,3.207,,False,False,7.56,2.36,312.76,12.52,3.91,361.1,,OHLC,↑,HH/HL,UT,False,268,1,universe
LPX,2026-09-24,66.28,2.33,False,69.21,-0.193,-0.72,False,78.8,-0.65,79.4,True,3.52,2.45,6.6,-2.0,D 趨勢弱,False,11:07,333.5,升,35.0,3,False,6.0,0.2599,0.2659,,False,False,-4.43,-1.26,67.29,-1.52,-0.43,76.4,,OHLC,—,LH/LL,自然回檔,True,268,1,universe
CDNS,2026-09-24,322.0,11.02,False,305.92,-0.204,-0.47,False,78.4,-0.38,78.8,True,3.42,2.61,26.3,11.7,C 基底修復,False,11:26,342.9,升,41.0,4,False,6.0,4.7094,3.0705,,False,False,4.99,1.46,347.55,-7.93,-2.32,799.4,,OHLC,↓,LH/LL,自然反彈,False,268,1,universe
BIRK,2026-09-24,31.79,1.26,False,35.25,-0.119,-0.61,True,74.3,0.99,73.3,False,3.96,2.85,15.1,1.1,D 趨勢弱,False,11:03,331.3,升,34.0,4,False,6.0,0.28,0.2152,,False,False,-10.89,-2.75,29.93,5.85,1.48,71.4,,OHLC,—,HH/HL,自然反彈,False,268,1,universe
WSC,2026-09-24,17.75,0.77,False,20.21,-0.259,-1.81,True,73.7,0.36,73.4,False,4.32,2.6,0.0,-5.0,D 趨勢弱,False,11:23,341.6,升,40.0,5,False,6.0,0.0848,0.0811,,False,False,-13.86,-3.2,18.8,-5.92,-1.37,52.4,,OHLC,—,LH/LL,DT,True,268,1,universe
FRPT,2026-09-24,58.31,2.41,False,68.52,-0.363,-0.62,False,72.7,-0.11,72.8,False,4.13,2.98,16.8,0.1,D 趨勢弱,True,8:49,264.6,跌,184.0,20,False,6.0,-1.0059,-1.0449,-1.483,True,False,-17.51,-4.24,66.73,-14.44,-3.5,72.0,,OHLC,—,HH/HL,DT,False,268,1,universe
OWL,2026-09-24,9.25,0.41,False,11.15,-0.174,-1.03,False,72.5,-1.72,74.3,False,4.41,2.74,10.5,-0.9,D 趨勢弱,True,8:49,264.6,跌,179.0,26,False,6.0,-0.1814,-0.1743,-0.2417,False,False,-20.58,-4.67,11.84,-28.0,-6.35,220.2,,OHLC,↓,LH/LL,DT,False,268,1,universe
KNSA,2026-09-24,75.34,2.66,False,78.19,-0.077,-0.03,False,72.3,-0.06,72.4,False,3.53,3.66,59.8,-12.5,C 基底修復,True,8:49,264.6,跌,247.0,30,False,6.0,-0.4766,-0.3939,-0.8782,False,False,-3.78,-1.07,79.33,-5.3,-1.5,42.0,,OHLC,—,LH/LL,DT,True,268,1,universe
PTON,2026-09-24,4.79,0.19,False,5.16,-0.018,-0.87,True,71.2,0.57,70.6,False,4.01,3.4,12.5,-0.5,D 趨勢弱,False,10:53,326.5,升,31.0,4,False,6.0,0.006,0.009,,False,False,-7.73,-1.93,5.02,-4.8,-1.2,46.7,,OHLC,↓,LH/LL,DT,False,268,1,universe
MPWR,2026-09-24,1335.55,53.53,False,1267.36,-3.549,-0.2,True,71.1,0.33,70.8,False,4.01,3.41,53.5,1.6,C 基底修復,False,10:50,324.8,升,30.0,4,False,6.0,24.1452,23.3327,,False,False,5.11,1.27,1380.62,-3.37,-0.84,924.1,,OHLC,—,LH/LL,自然回檔,False,268,1,universe
ACAD,2026-09-24,22.18,1.08,False,27.58,-0.759,-1.14,False,69.9,-10.39,80.3,False,4.88,2.77,5.2,-20.2,D 趨勢弱,True,8:49,264.6,跌,202.0,21,False,6.0,-0.5289,-0.3078,-0.5289,False,False,-24.37,-5.0,27.54,-24.17,-4.96,48.1,,OHLC,↓,LH/LL,DT,False,268,1,universe
EYE,2026-09-24,16.41,0.83,False,17.47,-0.28,-1.32,True,68.4,0.72,67.7,False,5.03,2.9,2.8,-1.9,D 趨勢弱,False,12:21,10.5,升,56.0,6,False,6.0,0.0651,0.0619,,False,False,-6.46,-1.28,16.88,-2.83,-0.56,40.5,,OHLC,—,LH/LL,DT,True,268,1,universe
RCUS,2026-09-24,25.06,1.38,False,27.51,-0.129,-0.36,False,65.5,-2.77,68.2,False,5.49,3.02,36.0,-7.9,D 趨勢弱,True,8:49,264.6,跌,133.0,18,False,6.0,-0.0934,-0.0771,-0.7392,False,False,-9.76,-1.78,26.87,-7.22,-1.32,45.0,,OHLC,↓,LH/LL,自然回檔,False,268,1,universe
JOBY,2026-09-24,6.3,0.31,False,6.88,-0.064,-1.52,True,64.9,0.87,64.0,False,4.87,3.77,12.3,0.3,D 趨勢弱,False,10:09,304.7,升,19.0,3,False,6.0,0.0353,0.027,,False,False,-9.2,-1.89,6.44,-2.22,-0.46,165.8,,OHLC,—,LH/LL,自然回檔,True,268,1,universe
IRWD,2026-09-24,4.19,0.21,False,4.27,-0.008,0.17,False,63.5,-0.52,64.0,False,5.09,3.82,58.4,-3.9,C 基底修復,False,10:23,311.7,升,23.0,5,False,6.0,0.009,0.0211,,False,True,-1.82,-0.36,4.06,3.1,0.61,8.6,,OHLC,↑,HH/HL,自然回檔,False,268,1,universe
CLPT,2026-09-24,14.61,0.71,False,14.81,-0.015,0.15,False,63.1,-0.05,63.2,False,4.84,4.14,33.2,-23.0,D 趨勢弱,False,10:05,302.3,升,18.0,3,False,6.0,0.1549,0.1594,,False,True,-1.34,-0.28,14.6,0.07,0.01,8.5,,OHLC,↓,LH/LL,DT,False,268,1,universe
OMDA,2026-09-24,19.72,1.1,False,22.07,-0.12,-0.64,False,61.1,-1.85,62.9,False,5.58,3.83,30.0,-2.3,D 趨勢弱,True,8:49,264.6,跌,140.0,19,False,6.0,-0.1141,-0.0904,-0.6194,False,False,-11.9,-2.13,20.5,-3.96,-0.71,31.2,,OHLC,—,LH/LL,自然回檔,True,268,1,universe
ALNT,2026-09-24,112.56,5.69,True,99.6,0.052,-0.34,False,60.2,-0.19,60.4,False,5.05,4.54,64.1,-10.5,E 延伸,False,12:21,10.5,升,56.0,6,False,6.0,2.256,2.1495,,False,False,11.51,2.28,90.55,19.55,3.87,22.2,,OHLC,↑,HH/HL,UT,False,268,1,universe
HPP,2026-09-24,11.71,0.71,False,12.91,-0.116,-0.64,True,59.7,0.24,59.5,False,6.06,3.64,40.0,0.0,D 趨勢弱,False,10:09,304.4,升,19.0,3,False,6.0,0.0384,0.03,,False,False,-10.23,-1.69,12.23,-4.44,-0.73,7.5,,OHLC,—,LH/LL,自然回檔,True,268,1,universe
RH,2026-09-24,121.19,7.39,False,142.16,-1.653,-1.11,False,59.7,-0.24,60.0,False,6.1,3.59,0.8,-1.2,D 趨勢弱,True,8:49,264.6,跌,293.0,31,False,6.0,-0.1964,-0.1075,-5.2971,False,False,-17.3,-2.84,130.64,-7.8,-1.28,114.1,,OHLC,↓,LH/LL,DT,False,268,1,universe
FN,2026-09-24,398.36,22.77,False,439.9,-4.466,-0.83,True,54.7,1.0,53.7,False,5.72,5.1,17.8,-2.7,D 趨勢弱,False,1:22,40.9,升,73.0,5,False,6.0,4.15,3.8888,,False,False,-10.43,-1.82,392.68,1.43,0.25,318.9,,OHLC,—,LH/LL,UT,True,268,1,universe
BBW,2026-09-24,25.1,1.6,False,30.5,-0.195,-0.68,False,52.2,-0.41,52.6,False,6.38,5.01,0.0,0.0,D 趨勢弱,True,8:49,264.6,跌,118.0,20,False,6.0,-0.072,-0.1237,-1.1172,True,False,-21.51,-3.37,26.37,-5.06,-0.79,28.9,,OHLC,↓,LH/LL,自然回檔,False,268,1,universe
BLMN,2026-09-24,8.12,0.51,False,9.56,-0.087,-1.1,False,52.1,-2.27,54.4,False,6.28,5.14,30.4,-1.8,D 趨勢弱,True,8:49,264.6,跌,275.0,22,False,6.0,-0.0752,-0.0839,-0.2888,True,False,-17.7,-2.82,8.55,-5.3,-0.84,18.9,,OHLC,—,LH/LL,自然回檔,True,268,1,universe
TNDM,2026-09-24,15.22,1.17,False,19.47,-0.311,-0.88,False,50.7,-2.97,53.7,False,7.7,4.06,6.9,-5.6,D 趨勢弱,True,8:49,264.6,跌,147.0,24,False,6.0,-0.3065,-0.2545,-0.697,False,False,-27.94,-3.63,17.53,-15.18,-1.97,34.7,,OHLC,↓,LH/LL,DT,False,268,1,universe
TSEM,2026-09-24,217.28,13.7,False,221.63,-1.71,-0.28,False,49.9,-1.56,51.5,False,6.31,5.65,45.9,-5.4,D 趨勢弱,False,1:39,49.4,升,77.0,6,False,6.0,3.0458,4.0394,,False,True,-2.0,-0.32,222.34,-2.33,-0.37,409.0,,OHLC,↓,LH/LL,DT,False,268,1,universe
LXEO,2026-09-24,3.39,0.28,False,4.44,-0.079,-1.03,False,49.8,-0.48,50.3,False,8.12,3.87,0.0,0.0,D 趨勢弱,True,8:49,264.6,跌,232.0,18,False,6.0,-0.1034,-0.084,-0.1034,False,False,-30.95,-3.81,4.38,-29.2,-3.6,4.2,,OHLC,↓,LH/LL,DT,False,268,1,universe
OUST,2026-09-24,41.37,2.6,False,38.71,-0.201,-0.52,True,46.3,1.48,44.8,False,6.29,6.63,53.3,-2.8,D 趨勢弱,False,11:17,338.6,升,38.0,5,False,6.0,0.9198,0.7532,,False,False,6.44,1.02,39.38,4.81,0.76,73.5,,OHLC,↑,HH/HL,UT,False,268,1,universe
CRBP,2026-09-24,7.45,0.67,False,8.81,-0.046,-0.29,False,45.2,-1.02,46.2,False,8.97,4.27,5.0,0.0,D 趨勢弱,True,8:49,264.6,跌,105.0,13,False,6.0,-0.1602,-0.1933,-0.4871,True,False,-18.26,-2.04,6.32,15.1,1.68,11.1,,OHLC,—,HH/HL,自然回檔,False,268,1,universe
LWLG,2026-09-24,5.28,0.37,False,5.72,-0.117,-1.33,True,45.0,0.7,44.3,False,7.09,6.18,20.1,-2.1,D 趨勢弱,False,12:00,0.0,升,50.0,6,False,6.0,0.1016,0.1015,,False,False,-8.28,-1.17,5.52,-4.55,-0.64,13.4,,OHLC,↓,LH/LL,自然回檔,False,268,1,universe
CGEM,2026-09-24,15.44,1.37,False,20.48,-0.437,-0.28,False,44.4,-4.44,48.9,False,8.87,4.57,32.0,-2.8,D 趨勢弱,True,8:49,264.6,跌,139.0,16,False,6.0,-0.6493,-0.4084,-0.6493,False,False,-32.62,-3.68,21.67,-40.35,-4.55,22.6,,OHLC,↓,LH/LL,DT,False,268,1,universe
VELO,2026-09-24,11.02,0.88,False,12.5,-0.481,-0.87,True,40.0,0.78,39.2,False,7.99,6.82,26.4,-1.5,D 趨勢弱,False,10:49,324.3,升,30.0,4,False,6.0,0.1184,0.1061,,False,False,-13.4,-1.68,11.52,-4.54,-0.57,10.1,,OHLC,—,LH/LL,自然回檔,True,268,1,universe
AEVA,2026-09-24,15.62,1.22,False,16.87,-0.314,-2.31,True,39.8,1.24,38.6,False,7.82,7.04,32.1,4.7,D 趨勢弱,False,12:36,18.0,升,60.0,6,False,6.0,0.2257,0.1855,,False,False,-7.99,-1.02,15.25,2.37,0.3,23.1,,OHLC,—,LH/LL,UT,True,268,1,universe
WW,2026-09-24,13.99,1.36,False,15.9,-0.038,-0.08,False,39.5,-2.46,42.0,False,9.75,5.2,5.0,-9.0,D 趨勢弱,True,6:50,205.1,跌,64.0,11,False,6.0,-0.1813,-0.077,-0.2443,False,False,-13.66,-1.4,16.44,-17.51,-1.8,3.6,,OHLC,↓,LH/LL,DT,False,268,1,universe
AAOI,2026-09-24,101.03,8.42,False,116.8,-1.372,-0.78,True,36.2,0.49,35.7,False,8.33,7.8,34.3,-4.6,D 趨勢弱,False,12:22,11.1,升,56.0,4,False,6.0,0.6796,0.7721,,False,False,-15.61,-1.87,105.36,-4.29,-0.51,691.5,,OHLC,—,LH/LL,DT,True,268,1,universe
BBOT,2026-09-24,3.99,0.52,False,6.4,-0.122,-1.21,False,29.9,-0.18,30.1,False,13.06,5.67,0.0,0.0,D 趨勢弱,True,8:49,264.6,跌,278.0,24,False,6.0,-0.2177,-0.2447,-0.4988,True,False,-60.32,-4.62,4.89,-22.56,-1.73,4.0,,OHLC,↓,LH/LL,DT,False,268,1,universe
JAGX,2026-09-24,7.06,5.49,False,20.8,-0.69,2.61,False,1.3,-0.35,1.7,False,77.83,38.95,5.0,0.0,D 趨勢弱,True,9:38,288.8,升,10.0,3,False,6.0,1.1828,1.6012,,False,False,-194.55,-2.5,13.18,-86.76,-1.11,54.4,,OHLC,—,HH/HL,DT,False,187,1,universe
SPB,2026-09-24,84.77,2.18,False,87.48,-0.077,-0.29,False,87.8,-0.42,88.2,True,2.58,1.64,60.1,-9.7,C 基底修復,False,3:27,103.3,跌,7.0,1,False,7.0,-0.0832,0.0174,-0.4712,False,False,-3.2,-1.24,87.8,-3.57,-1.39,25.5,,OHLC,—,LH/LL,DT,True,268,1,universe
GCMG,2026-09-24,12.63,0.38,False,13.29,-0.064,-0.58,False,83.9,-1.05,85.0,True,2.97,2.01,43.3,-3.4,C 基底修復,False,3:25,102.7,跌,7.0,1,False,7.0,-0.0217,0.0009,-0.1861,False,False,-5.25,-1.76,13.29,-5.23,-1.76,6.8,,OHLC,↓,LH/LL,DT,False,268,1,universe
CNM,2026-09-24,41.62,1.28,False,43.01,-0.125,-0.35,False,83.7,-0.77,84.5,True,3.08,1.94,9.4,-1.9,D 趨勢弱,False,11:49,354.7,升,47.0,5,False,7.0,0.1072,0.1781,,False,False,-3.35,-1.09,43.06,-3.46,-1.12,125.1,,OHLC,↓,LH/LL,自然回檔,False,268,1,universe
MLAB,2026-09-24,137.5,5.02,True,123.17,1.077,0.94,False,74.9,-0.41,75.3,False,3.65,3.06,81.6,-3.6,B 上升結構,False,10:23,311.5,升,23.0,3,False,7.0,0.4422,0.13,,False,False,10.42,2.85,,,,17.2,,OHLC,—,LH/LL,UT,False,268,1,universe
ANET,2026-09-24,205.7,7.97,False,195.8,-0.606,0.1,True,71.9,0.38,71.5,False,3.88,3.4,75.2,1.3,B 上升結構,False,12:42,20.8,升,62.0,5,False,7.0,0.8952,0.8443,,False,False,4.81,1.24,187.81,8.7,2.24,941.1,,OHLC,↑,HH/HL,UT,False,268,1,universe
IBP,2026-09-24,196.29,9.61,False,219.5,-2.077,-0.85,False,70.4,-0.73,71.2,False,4.9,2.65,0.0,0.0,D 趨勢弱,True,8:49,264.6,跌,215.0,21,False,7.0,-1.0937,-1.0848,-5.2998,False,False,-11.83,-2.41,206.03,-4.96,-1.01,96.7,,OHLC,—,LH/LL,DT,True,268,1,universe
GHM,2026-09-24,87.53,4.25,False,92.47,-0.713,-1.03,True,65.9,0.85,65.1,False,4.85,3.57,36.6,3.6,C 基底修復,False,12:06,2.9,升,52.0,6,False,7.0,0.9137,0.803,,False,False,-5.65,-1.16,88.74,-1.38,-0.28,14.6,,OHLC,—,LH/LL,自然反彈,True,268,1,universe
ABEO,2026-09-24,5.43,0.27,False,5.85,-0.078,-0.97,True,65.3,0.85,64.4,False,4.99,3.56,17.0,-4.9,D 趨勢弱,False,12:12,6.0,升,53.0,4,False,7.0,0.014,0.0222,,False,False,-7.76,-1.56,5.82,-7.18,-1.44,7.9,,OHLC,↓,LH/LL,DT,False,268,1,universe
BRKR,2026-09-24,64.0,3.14,True,58.23,0.154,0.37,False,60.7,-0.38,61.1,False,4.9,4.59,66.3,-2.8,E 延伸,False,1:12,36.0,升,70.0,7,False,7.0,0.6879,0.5311,,False,False,9.02,1.84,59.67,6.77,1.38,130.8,,OHLC,↑,HH/HL,UT,False,268,1,universe
TSHA,2026-09-24,4.79,0.28,False,5.45,-0.084,-1.14,False,59.9,-0.49,60.3,False,5.86,3.81,17.3,-3.6,D 趨勢弱,True,8:49,264.6,跌,200.0,24,False,7.0,-0.0234,-0.0179,-0.0928,False,False,-13.84,-2.36,5.16,-7.72,-1.32,17.5,,OHLC,↓,LH/LL,DT,False,268,1,universe
P,2026-09-24,121.88,7.03,True,105.92,0.954,0.41,False,57.0,-2.09,59.1,False,5.76,4.52,58.8,-0.2,E 延伸,False,10:49,324.3,升,30.0,4,False,7.0,1.8378,1.1154,,False,False,13.1,2.27,109.65,10.03,1.74,772.2,,OHLC,↑,HH/HL,UT,False,268,1,universe
RMIX,2026-09-24,12.39,0.92,False,15.7,-0.279,-0.81,False,55.1,-0.5,55.6,False,7.46,3.27,0.0,0.0,D 趨勢弱,True,8:10,245.2,跌,86.0,25,False,7.0,-0.0901,-0.0882,-0.3736,False,False,-26.75,-3.59,13.48,-8.8,-1.18,6.6,,OHLC,↓,LH/LL,DT,False,121,1,universe
OSS,2026-09-24,9.31,0.61,False,10.59,-0.126,-0.99,True,51.8,1.44,50.4,False,6.54,4.95,20.4,-3.3,D 趨勢弱,False,11:10,334.9,升,36.0,5,False,7.0,0.1442,0.1252,,False,False,-13.75,-2.1,9.19,1.29,0.2,6.6,,OHLC,—,LH/LL,自然回檔,True,268,1,universe
REPL,2026-09-24,12.6,0.88,False,14.34,-0.118,0.28,False,29.2,-0.43,29.7,False,6.96,12.1,52.3,-14.5,D 趨勢弱,True,8:49,264.6,跌,137.0,18,False,7.0,-0.2437,-0.2508,-0.7159,True,False,-13.85,-1.99,12.4,1.59,0.23,27.3,,OHLC,—,HH/HL,DT,True,268,1,universe
FTV,2026-09-24,55.44,1.14,False,57.57,-0.145,-0.89,False,90.0,-0.05,90.1,True,2.05,1.68,31.8,-1.1,D 趨勢弱,False,11:49,354.7,升,47.0,3,False,8.0,0.1325,0.1225,,False,False,-3.85,-1.87,56.45,-1.82,-0.89,132.7,,OHLC,—,LH/LL,自然反彈,True,268,1,universe
IDXX,2026-09-24,513.39,13.62,False,534.42,-1.716,-0.96,False,86.8,-0.12,86.9,True,2.65,1.76,18.3,0.0,D 趨勢弱,False,10:32,316.0,升,26.0,3,False,8.0,1.2945,1.2936,,False,False,-4.1,-1.54,501.98,2.22,0.84,266.6,,OHLC,—,HH/HL,自然反彈,True,268,1,universe
MAS,2026-09-24,67.31,1.84,False,70.65,-0.243,-0.9,False,83.2,-0.04,83.3,True,2.73,2.39,18.0,-2.1,D 趨勢弱,False,10:04,301.8,升,18.0,3,False,8.0,0.0117,0.0491,,False,False,-4.96,-1.82,69.41,-3.12,-1.14,164.9,,OHLC,↓,LH/LL,DT,False,268,1,universe
PNR,2026-09-24,53.03,1.68,False,60.07,-0.315,-1.08,False,79.2,-1.54,80.7,True,3.18,2.72,10.0,-2.3,D 趨勢弱,False,3:31,105.3,跌,9.0,1,False,8.0,-0.0856,0.0119,-0.3787,False,False,-13.27,-4.18,65.59,-23.68,-7.45,228.9,,OHLC,↓,LH/LL,DT,False,268,1,universe
HLMN,2026-09-24,7.01,0.26,False,7.59,-0.045,-1.04,False,76.0,-0.01,76.0,True,3.72,2.77,1.3,0.3,D 趨勢弱,False,10:07,303.5,升,19.0,3,False,8.0,0.0055,0.0079,,False,False,-8.3,-2.23,7.32,-4.42,-1.19,14.1,,OHLC,↓,LH/LL,DT,False,268,1,universe
CTKB,2026-09-24,5.73,0.23,True,4.98,0.041,1.27,False,74.1,-0.62,74.7,False,4.04,2.81,53.8,1.6,E 延伸,False,12:50,25.2,升,64.0,8,False,8.0,0.1017,0.0993,,False,False,13.05,3.23,4.49,21.73,5.38,6.5,,OHLC,↑,HH/HL,UT,False,268,1,universe
NEOG,2026-09-24,13.66,0.48,True,12.44,0.085,1.18,False,74.1,-0.03,74.1,False,3.54,3.31,63.5,0.4,E 延伸,False,11:57,358.4,升,49.0,7,False,8.0,0.1496,0.1626,,False,False,8.97,2.53,11.37,16.76,4.73,37.6,,OHLC,↑,HH/HL,自然回檔,False,268,1,universe
BILL,2026-09-24,44.97,1.88,False,48.4,-0.092,-0.15,False,72.9,-0.42,73.3,False,4.17,2.91,45.7,-2.4,C 基底修復,True,8:49,264.6,跌,268.0,28,False,8.0,-0.5151,-0.4388,-0.5151,False,False,-7.63,-1.83,50.33,-11.92,-2.86,88.6,,OHLC,↓,LH/LL,DT,False,268,1,universe
ILMN,2026-09-24,273.9,11.45,True,229.2,1.975,1.57,False,72.6,-1.29,73.9,False,4.18,2.96,65.0,-0.6,E 延伸,False,12:52,25.9,升,64.0,7,False,8.0,4.7497,3.4566,,False,False,16.32,3.91,238.82,12.81,3.06,888.3,,OHLC,↑,HH/HL,UT,False,268,1,universe
RLGT,2026-09-24,8.55,0.37,False,9.0,-0.002,-0.05,True,72.1,0.6,71.5,False,4.28,2.95,30.8,-23.7,C 基底修復,False,2:20,70.0,升,89.0,8,False,8.0,0.0118,0.0275,,False,False,-5.31,-1.24,8.44,1.29,0.3,3.8,,OHLC,—,HH/HL,次級回檔,False,187,1,universe
PODD,2026-09-24,135.78,5.13,False,142.85,-0.146,-0.0,True,71.2,0.13,71.1,False,3.78,3.62,19.9,11.1,D 趨勢弱,False,3:39,109.5,跌,11.0,1,False,8.0,-0.0001,0.1306,-3.3056,False,False,-5.21,-1.38,141.55,-4.25,-1.13,249.5,,OHLC,—,LH/LL,DT,True,268,1,universe
FDS,2026-09-24,271.25,11.89,False,289.17,-0.155,-0.02,False,71.0,-1.2,72.2,False,4.39,3.05,51.5,8.2,C 基底修復,True,8:49,264.6,跌,160.0,14,False,8.0,-1.8428,-1.6263,-6.4308,False,False,-6.61,-1.51,284.1,-4.74,-1.08,248.6,,OHLC,↓,LH/LL,DT,False,268,1,universe
CSTL,2026-09-24,35.19,1.54,True,33.48,0.127,0.49,False,70.6,-0.17,70.8,False,4.37,3.14,61.3,-5.1,B 上升結構,False,4:16,128.2,跌,21.0,3,False,8.0,-0.0792,-0.0646,-0.4239,False,False,4.86,1.11,36.85,-4.72,-1.08,11.3,,OHLC,—,LH/LL,自然回檔,False,268,1,universe
GEN,2026-09-24,23.07,1.13,False,28.67,-0.721,-0.82,False,69.4,-10.47,79.9,False,4.92,2.83,8.7,-28.0,D 趨勢弱,True,8:49,264.6,跌,114.0,12,False,8.0,-0.8093,-0.5431,-0.8093,False,False,-24.26,-4.94,24.57,-6.5,-1.32,233.6,,OHLC,↓,LH/LL,DT,False,268,1,universe
TWLO,2026-09-24,299.66,12.34,True,245.45,2.752,0.96,False,67.2,-0.31,67.5,False,4.12,4.05,65.0,0.0,E 延伸,False,12:42,20.8,升,62.0,6,False,8.0,6.4186,5.3579,,False,False,18.09,4.39,,,,560.0,,OHLC,—,LH/LL,UT,False,268,1,universe
COUR,2026-09-24,5.06,0.23,False,5.65,-0.016,-0.56,False,67.1,-0.27,67.3,False,4.56,3.64,0.0,-10.0,D 趨勢弱,True,8:49,264.6,跌,295.0,14,False,8.0,-0.049,-0.0568,-0.1254,True,False,-11.7,-2.57,5.42,-7.11,-1.56,27.5,,OHLC,—,LH/LL,自然反彈,True,268,1,universe
RHI,2026-09-24,35.79,1.61,False,41.49,-0.171,-0.44,False,66.2,-1.81,68.0,False,4.49,3.88,42.1,-3.0,D 趨勢弱,True,8:49,264.6,跌,267.0,21,False,8.0,-0.4186,-0.4081,-1.0764,False,False,-15.91,-3.55,37.99,-6.15,-1.37,70.7,,OHLC,↓,LH/LL,DT,False,268,1,universe
CHWY,2026-09-24,18.32,1.03,False,21.83,-0.179,-0.7,False,64.7,-0.24,65.0,False,5.6,3.06,0.0,0.0,D 趨勢弱,True,8:49,264.6,跌,184.0,20,False,8.0,-0.3968,-0.3649,-0.4337,False,False,-19.18,-3.42,21.35,-16.54,-2.95,223.9,,OHLC,↓,LH/LL,DT,False,268,1,universe
MGTX,2026-09-24,11.05,0.63,False,13.38,-0.139,-0.53,False,63.4,-1.77,65.2,False,5.74,3.2,32.6,-4.1,D 趨勢弱,True,8:49,264.6,跌,129.0,18,False,8.0,-0.2469,-0.183,-0.2469,False,False,-21.07,-3.67,13.25,-19.91,-3.47,11.6,,OHLC,↓,LH/LL,DT,False,268,1,universe
SWIM,2026-09-24,6.23,0.33,False,6.74,-0.081,-0.79,False,60.9,-0.21,61.2,False,5.23,4.21,26.3,-4.1,D 趨勢弱,True,8:49,264.6,跌,177.0,24,False,8.0,-0.0366,-0.0355,-0.1253,False,False,-8.25,-1.58,6.63,-6.42,-1.23,5.7,,OHLC,—,LH/LL,DT,True,268,1,universe
ORIC,2026-09-24,13.18,0.68,False,13.14,-0.017,-0.11,False,59.7,-0.08,59.7,False,5.18,4.53,54.4,-5.6,B 上升結構,False,10:55,327.6,升,32.0,3,False,8.0,0.0442,0.0372,,False,True,0.27,0.05,13.22,-0.3,-0.06,17.3,,OHLC,—,LH/LL,自然回檔,False,268,1,universe
VRRM,2026-09-24,3.25,0.19,False,3.81,-0.031,-1.87,False,58.9,-0.87,59.8,False,5.93,3.94,0.0,0.0,D 趨勢弱,True,8:49,264.6,跌,124.0,28,False,8.0,-0.0195,-0.018,-0.0787,False,False,-17.36,-2.93,3.52,-8.31,-1.4,25.2,,OHLC,—,LH/LL,DT,True,268,1,universe
PRCT,2026-09-24,17.5,1.08,False,20.52,-0.156,-0.39,False,57.8,-1.13,58.9,False,6.19,3.92,0.0,-10.1,D 趨勢弱,True,8:49,264.6,跌,148.0,12,False,8.0,-0.3464,-0.3213,-0.3464,False,False,-17.27,-2.79,21.5,-22.86,-3.69,24.7,,OHLC,↓,LH/LL,DT,False,268,1,universe
FIVN,2026-09-24,36.66,2.0,True,33.95,0.192,0.72,False,57.7,-0.16,57.9,False,5.45,4.68,57.4,0.2,B 上升結構,False,11:20,340.2,升,39.0,4,False,8.0,0.399,0.4534,,False,False,7.38,1.36,32.47,11.43,2.1,77.7,,OHLC,↑,HH/HL,自然回檔,False,268,1,universe
BRBR,2026-09-24,7.69,0.53,False,9.85,-0.202,-1.2,False,56.9,-4.82,61.7,False,6.9,3.42,10.0,0.0,D 趨勢弱,True,8:49,264.6,跌,105.0,13,False,8.0,-0.0942,-0.0429,-0.3066,False,False,-28.14,-4.08,10.85,-41.09,-5.96,29.6,,OHLC,↓,LH/LL,DT,False,268,1,universe
PATH,2026-09-24,12.6,0.84,False,15.62,-0.061,-0.19,False,53.2,-0.57,53.8,False,6.64,4.52,23.1,-10.4,D 趨勢弱,True,7:53,236.5,跌,81.0,14,False,8.0,-0.3263,-0.334,-0.6325,True,False,-23.93,-3.6,14.94,-18.57,-2.8,900.3,,OHLC,↓,LH/LL,DT,False,268,1,universe
BRZE,2026-09-24,24.67,1.56,False,28.6,-0.04,-0.15,False,52.2,-1.68,53.9,False,6.31,5.09,32.8,-5.9,D 趨勢弱,True,8:49,264.6,跌,121.0,14,False,8.0,-0.355,-0.3985,-1.2612,True,False,-15.94,-2.53,25.97,-5.27,-0.83,77.7,,OHLC,—,LH/LL,自然回檔,True,268,1,universe
TTAN,2026-09-24,59.98,4.61,False,66.34,-0.564,-0.71,False,43.6,-0.26,43.8,False,7.69,6.0,5.0,0.0,D 趨勢弱,True,8:49,264.6,跌,138.0,17,False,8.0,-0.6789,-1.1599,-5.3784,True,False,-10.6,-1.38,,,,269.0,,OHLC,—,LH/LL,自然回檔,True,268,1,universe
TYRA,2026-09-24,22.41,2.04,False,24.25,-0.074,-0.05,False,40.2,-0.26,40.4,False,9.12,5.62,12.6,-4.5,D 趨勢弱,False,3:32,106.0,跌,9.0,1,False,8.0,-0.0132,0.1265,-0.722,False,True,-8.21,-0.9,23.54,-5.04,-0.55,32.7,,OHLC,—,LH/LL,DT,True,268,1,universe
HAYW,2026-09-24,12.52,0.36,False,13.47,-0.137,-1.66,False,84.5,-0.24,84.7,True,2.89,1.99,1.5,-1.4,D 趨勢弱,False,3:19,99.6,跌,5.0,1,False,9.0,-0.0022,0.0049,-0.1311,False,False,-7.58,-2.63,13.32,-6.39,-2.21,42.0,,OHLC,↓,LH/LL,DT,False,268,1,universe
MIDD,2026-09-24,108.03,3.32,False,112.36,-0.48,-0.85,False,83.3,-0.64,83.9,True,3.07,2.04,9.8,-3.6,C 基底修復,False,2:49,84.6,升,97.0,9,False,9.0,0.6875,0.9589,,False,False,-4.01,-1.31,112.79,-4.41,-1.44,66.8,,OHLC,↓,LH/LL,自然回檔,False,268,1,universe
KARO,2026-09-24,62.01,2.35,False,64.52,-0.065,0.13,False,77.3,-2.52,79.8,True,3.79,2.45,57.7,-7.5,C 基底修復,False,5:00,150.0,跌,33.0,4,False,9.0,-0.5334,-0.3469,-0.73,False,False,-4.05,-1.07,64.12,-3.4,-0.9,4.6,,OHLC,↓,LH/LL,DT,False,268,1,universe
JBGS,2026-09-24,10.41,0.37,False,11.56,-0.049,-0.53,False,75.5,-0.69,76.2,True,3.6,2.98,0.0,-0.2,D 趨勢弱,False,4:01,120.3,跌,17.0,2,False,9.0,-0.033,-0.0056,-0.3138,False,False,-11.04,-3.07,11.42,-9.7,-2.69,12.2,,OHLC,↓,LH/LL,DT,False,268,1,universe
KTB,2026-09-24,64.41,2.61,False,73.28,-0.76,-0.93,False,74.9,-0.16,75.0,False,4.05,2.66,5.0,0.0,D 趨勢弱,True,8:49,264.6,跌,166.0,22,False,9.0,-0.0396,-0.0147,-1.3902,False,False,-13.77,-3.4,67.82,-5.29,-1.31,55.9,,OHLC,↓,LH/LL,DT,False,268,1,universe
ERIE,2026-09-24,218.96,7.96,False,251.95,-0.819,-0.45,False,74.7,-0.78,75.5,False,3.64,3.1,10.0,0.0,D 趨勢弱,True,8:49,264.6,跌,271.0,21,False,9.0,-3.3917,-2.7969,-3.3917,False,False,-15.07,-4.14,242.04,-10.54,-2.9,76.4,,OHLC,↓,LH/LL,DT,False,268,1,universe
NCLH,2026-09-24,14.19,0.6,False,15.75,-0.121,-1.35,True,73.2,0.21,73.0,False,4.21,2.81,0.0,0.0,D 趨勢弱,False,10:22,310.8,升,23.0,3,False,9.0,0.056,0.0354,,False,False,-11.02,-2.62,15.03,-5.92,-1.4,260.0,,OHLC,—,LH/LL,DT,True,268,1,universe
PLNT,2026-09-24,40.72,1.83,False,48.8,-0.394,-1.26,False,72.5,-0.48,73.0,False,4.5,2.64,0.0,0.0,D 趨勢弱,True,8:36,258.1,跌,93.0,17,False,9.0,-1.0675,-0.9257,-1.0675,False,False,-19.85,-4.41,52.2,-28.19,-6.26,113.1,,OHLC,↓,LH/LL,DT,False,268,1,universe
GPK,2026-09-24,9.34,0.43,False,10.27,-0.057,-0.97,False,72.2,-1.98,74.2,False,4.61,2.6,0.0,-1.5,D 趨勢弱,True,8:49,264.6,跌,294.0,29,False,9.0,-0.0201,-0.0257,-0.2395,True,False,-10.0,-2.17,9.66,-3.43,-0.74,65.6,,OHLC,—,LH/LL,自然回檔,True,268,1,universe
CSGP,2026-09-24,27.86,1.23,False,31.09,-0.092,-0.32,False,71.4,-0.23,71.6,False,4.41,2.96,0.0,-1.1,D 趨勢弱,True,8:49,264.6,跌,298.0,19,False,9.0,-0.3339,-0.3127,-0.3802,False,False,-11.58,-2.62,31.56,-13.28,-3.01,230.0,,OHLC,↓,LH/LL,DT,False,268,1,universe
ETSY,2026-09-24,68.98,3.29,False,77.2,-0.461,-0.67,False,70.2,-3.34,73.5,False,4.77,2.83,32.2,-5.4,D 趨勢弱,True,8:49,264.6,跌,142.0,18,False,9.0,-0.2743,-0.0499,-1.3761,False,False,-11.92,-2.5,74.46,-7.94,-1.67,250.9,,OHLC,↓,LH/LL,DT,False,268,1,universe
INTU,2026-09-24,277.13,13.49,False,334.29,-1.981,-0.56,False,69.1,-1.18,70.3,False,4.87,2.94,0.0,0.0,D 趨勢弱,True,8:49,264.6,跌,139.0,20,False,9.0,-6.0697,-5.5456,-6.8665,False,False,-20.63,-4.24,342.31,-23.52,-4.83,1180.4,,OHLC,↓,LH/LL,DT,False,268,1,universe
EPAM,2026-09-24,106.99,4.99,True,112.42,0.319,0.76,False,66.8,-1.31,68.1,False,4.66,3.59,35.7,-3.3,D 趨勢弱,False,5:52,175.9,跌,48.0,7,False,9.0,-1.8551,-1.5627,-1.8551,False,False,-5.07,-1.09,,,,130.4,,OHLC,—,HH/HL,DT,False,268,1,universe
KD,2026-09-24,11.74,0.61,False,12.84,-0.034,-0.46,False,66.5,-1.28,67.8,False,5.21,3.1,5.2,-14.8,D 趨勢弱,True,7:29,224.4,跌,75.0,7,False,9.0,-0.1468,-0.1291,-0.2244,False,False,-9.35,-1.79,13.02,-10.9,-2.09,45.7,,OHLC,↓,LH/LL,DT,False,268,1,universe
PUBM,2026-09-24,18.55,0.76,True,17.08,0.077,0.15,False,66.3,-0.25,66.5,False,4.1,4.26,67.9,-9.0,E 延伸,False,11:00,330.0,升,33.0,4,False,9.0,0.0832,0.0299,,False,False,7.92,1.93,19.19,-3.45,-0.84,11.9,,OHLC,—,LH/LL,UT,False,268,1,universe
ROAD,2026-09-24,89.85,4.23,False,104.44,-1.512,-1.28,False,65.9,-1.25,67.2,False,4.71,3.72,10.0,-1.1,D 趨勢弱,True,8:49,264.6,跌,139.0,24,False,9.0,-0.5364,-0.3954,-1.7528,False,False,-16.24,-3.45,96.71,-7.63,-1.62,54.4,,OHLC,↓,LH/LL,DT,False,268,1,universe
OVID,2026-09-24,2.5,0.14,False,2.75,-0.005,-0.09,False,64.0,-1.28,65.3,False,5.6,3.2,36.9,-7.5,D 趨勢弱,True,8:49,264.6,跌,143.0,18,False,9.0,-0.0267,-0.0175,-0.0294,False,False,-10.32,-1.84,2.8,-12.02,-2.15,4.8,,OHLC,↓,LH/LL,DT,False,268,1,universe
CXM,2026-09-24,5.3,0.29,False,6.64,-0.035,-0.69,False,63.8,-0.56,64.3,False,5.39,3.47,15.0,0.0,D 趨勢弱,True,8:49,264.6,跌,138.0,16,False,9.0,-0.0691,-0.0831,-0.312,True,False,-25.24,-4.68,5.85,-10.38,-1.93,28.3,,OHLC,—,LH/LL,DT,True,268,1,universe
ULCC,2026-09-24,5.85,0.3,False,5.89,-0.034,-0.77,False,61.3,-0.05,61.3,False,5.21,4.16,54.3,-0.7,C 基底修復,False,12:43,21.7,升,62.0,9,False,9.0,0.0653,0.0758,,False,True,-0.77,-0.15,5.96,-1.88,-0.36,14.0,,OHLC,—,LH/LL,自然回檔,True,268,1,universe
DOMO,2026-09-24,3.39,0.18,False,3.77,-0.021,-0.36,False,61.2,-2.92,64.1,False,5.25,4.13,21.1,-4.2,D 趨勢弱,True,6:16,188.2,跌,55.0,6,False,9.0,-0.048,-0.0317,-0.048,False,False,-11.31,-2.16,3.91,-15.34,-2.92,5.5,,OHLC,↓,LH/LL,DT,False,268,1,universe
CDNA,2026-09-24,61.37,2.65,True,51.23,0.744,0.8,False,60.6,-2.32,62.9,False,4.32,5.2,65.0,1.7,E 延伸,False,10:39,319.7,升,28.0,3,False,9.0,0.4054,0.0341,,False,False,16.52,3.82,54.31,11.5,2.66,64.4,,OHLC,↑,HH/HL,UT,False,268,1,universe
KOD,2026-09-24,33.22,2.13,False,35.73,-0.356,-1.01,False,59.5,-0.71,60.2,False,6.41,3.35,29.2,0.4,D 趨勢弱,True,9:27,283.7,升,8.0,1,False,9.0,0.0504,-0.056,,False,False,-7.56,-1.18,33.8,-1.75,-0.27,26.2,,OHLC,—,LH/LL,自然反彈,True,268,1,universe
FICO,2026-09-24,856.48,47.79,False,1003.17,-7.827,-0.61,False,58.7,-0.28,58.9,False,5.58,4.35,0.0,0.0,D 趨勢弱,True,8:49,264.6,跌,104.0,14,False,9.0,-10.9164,-9.2627,-27.2758,False,False,-17.13,-3.07,983.19,-14.79,-2.65,411.9,,OHLC,↓,LH/LL,DT,False,268,1,universe
W,2026-09-24,97.67,5.04,False,101.61,-0.205,-0.12,False,58.5,-0.16,58.6,False,5.16,4.81,48.9,-15.7,C 基底修復,False,3:24,102.2,跌,7.0,1,False,9.0,-0.3237,0.0555,-1.6216,False,True,-4.04,-0.78,97.45,0.23,0.04,244.7,,OHLC,—,HH/HL,自然回檔,True,268,1,universe
MAZE,2026-09-24,26.21,1.51,False,26.69,-0.008,-0.05,False,58.3,-3.44,61.7,False,5.78,4.24,1.7,-20.1,D 趨勢弱,False,10:19,309.6,升,22.0,3,False,9.0,0.3195,0.2931,,False,True,-1.83,-0.32,28.38,-8.28,-1.43,20.6,,OHLC,↓,LH/LL,自然回檔,False,268,1,universe
FOSL,2026-09-24,5.85,0.35,True,5.41,0.025,0.26,False,57.1,-2.8,59.9,False,5.93,4.35,75.6,8.6,B 上升結構,False,12:42,20.8,升,62.0,6,False,9.0,0.1106,0.1321,,False,False,7.51,1.27,6.41,-9.57,-1.61,4.0,,OHLC,—,LH/LL,自然回檔,False,268,1,universe
ZIP,2026-09-24,3.45,0.27,False,4.24,-0.037,-0.69,False,48.3,-0.22,48.5,False,7.71,4.67,40.0,0.0,D 趨勢弱,True,8:49,264.6,跌,237.0,24,False,9.0,-0.0385,-0.0302,-0.106,False,False,-22.94,-2.98,3.88,-12.46,-1.62,3.5,,OHLC,—,LH/LL,DT,True,268,1,universe
QTTB,2026-09-24,9.22,0.8,False,12.41,-0.264,-1.37,False,30.8,-0.0,30.8,False,8.66,9.65,35.4,-0.8,D 趨勢弱,True,8:49,264.6,跌,354.0,48,False,9.0,-0.1703,-0.1578,-0.5753,False,False,-34.62,-4.0,11.17,-21.15,-2.44,7.3,,OHLC,↓,LH/LL,DT,False,268,1,universe
CUBE,2026-09-24,37.61,0.71,False,39.82,-0.125,-0.7,False,92.7,-0.16,92.9,True,1.89,1.23,21.5,-1.6,D 趨勢弱,False,4:35,137.5,跌,26.0,3,False,10.0,-0.1415,-0.0722,-0.1895,False,False,-5.87,-3.11,40.19,-6.86,-3.63,107.1,,OHLC,↓,LH/LL,DT,False,268,1,universe
EXR,2026-09-24,132.23,2.62,False,139.68,-0.412,-0.94,False,92.1,-0.09,92.2,True,1.99,1.27,18.5,-1.2,D 趨勢弱,False,4:27,133.6,跌,24.0,3,False,10.0,-0.3129,-0.177,-0.8188,False,False,-5.63,-2.84,139.4,-5.42,-2.73,208.4,,OHLC,↓,LH/LL,DT,False,268,1,universe
CNA,2026-09-24,46.11,1.01,False,48.44,-0.118,-0.82,False,90.9,-0.72,91.6,True,2.19,1.35,19.2,-2.6,D 趨勢弱,False,3:27,103.7,跌,8.0,1,False,10.0,-0.0697,0.0076,-0.5564,False,False,-5.06,-2.31,48.42,-5.01,-2.29,27.8,,OHLC,↓,LH/LL,DT,False,268,1,universe
GL,2026-09-24,167.32,3.48,False,173.43,-0.497,-0.75,False,90.9,-0.03,90.9,True,2.08,1.46,51.9,-1.0,C 基底修復,False,3:47,113.4,跌,13.0,2,False,10.0,-0.2879,-0.1198,-1.6899,False,False,-3.65,-1.75,176.22,-5.32,-2.55,69.6,,OHLC,↓,LH/LL,DT,False,268,1,universe
SMA,2026-09-24,31.25,0.71,False,32.94,-0.054,-0.45,False,90.0,-0.34,90.3,True,2.28,1.46,16.0,-2.6,D 趨勢弱,False,3:29,104.3,跌,8.0,1,False,10.0,-0.051,0.001,-0.2323,False,False,-5.41,-2.37,32.68,-4.58,-2.01,25.2,,OHLC,↓,LH/LL,DT,False,268,1,universe
MNST,2026-09-24,42.67,0.99,False,45.39,-0.083,-0.36,False,89.3,-0.89,90.2,True,2.33,1.55,45.3,-4.9,D 趨勢弱,False,3:30,105.0,跌,8.0,1,False,10.0,-0.0051,0.0784,-0.4621,False,False,-6.38,-2.74,44.71,-4.78,-2.05,425.8,,OHLC,—,LH/LL,DT,True,268,1,universe
SAM,2026-09-24,166.25,6.07,False,174.32,-0.323,-0.5,False,79.5,-0.1,79.6,True,3.65,2.18,2.8,-0.7,D 趨勢弱,False,4:12,126.0,跌,20.0,2,False,10.0,-0.1108,-0.0047,-2.6368,False,False,-4.85,-1.33,172.55,-3.79,-1.04,44.6,,OHLC,—,LH/LL,DT,True,268,1,universe
ADSK,2026-09-24,211.35,8.77,False,235.08,-0.986,-0.59,False,72.8,-0.42,73.2,False,4.15,2.94,0.0,-0.4,D 趨勢弱,True,8:49,264.6,跌,158.0,18,False,10.0,-1.1052,-0.9885,-6.728,False,False,-11.23,-2.7,212.38,-0.49,-0.12,565.7,,OHLC,↓,LH/LL,DT,False,268,1,universe
ONON,2026-09-24,30.46,1.25,False,29.05,-0.073,-0.76,True,69.2,0.46,68.8,False,4.1,3.68,9.3,-3.5,D 趨勢弱,False,2:03,61.6,升,84.0,10,False,10.0,0.6341,0.5446,,False,False,4.62,1.13,27.47,9.82,2.4,308.0,,OHLC,—,LH/LL,UT,False,268,1,universe
JBLU,2026-09-24,4.35,0.21,False,4.74,-0.049,-1.18,True,66.8,0.27,66.5,False,4.81,3.44,15.6,-4.0,D 趨勢弱,False,11:53,356.4,升,48.0,6,False,10.0,0.0365,0.0407,,False,False,-8.88,-1.85,4.57,-5.06,-1.05,84.0,,OHLC,↓,LH/LL,DT,False,268,1,universe
TWST,2026-09-24,184.03,11.32,True,144.26,2.689,0.92,False,50.4,-0.46,50.9,False,6.15,5.68,65.0,0.6,E 延伸,False,11:18,339.1,升,38.0,6,False,10.0,3.3416,2.2125,,False,False,21.61,3.51,158.5,13.87,2.25,281.2,,OHLC,↑,HH/HL,UT,False,268,1,universe
EAF,2026-09-24,10.57,0.86,True,7.96,0.127,1.05,False,42.6,-3.49,46.1,False,8.15,5.84,35.0,0.0,E 延伸,False,12:18,8.8,升,55.0,8,False,10.0,0.4995,0.5277,,False,False,24.68,3.03,,,,5.6,,OHLC,—,LH/LL,自然回檔,False,268,1,universe
LCID,2026-09-24,4.15,0.33,False,4.79,-0.046,-0.95,True,39.6,0.84,38.7,False,8.07,6.87,10.0,0.0,D 趨勢弱,False,10:38,319.2,升,27.0,5,False,10.0,0.0579,0.0547,,False,False,-15.54,-1.93,4.28,-3.13,-0.39,54.8,,OHLC,—,LH/LL,次級回檔,True,268,1,universe
RARE,2026-09-24,14.77,1.33,False,17.13,-0.15,-1.09,True,33.8,1.32,32.5,False,9.0,8.03,0.0,0.0,D 趨勢弱,False,10:08,303.8,升,19.0,3,False,10.0,0.2439,0.1585,,False,False,-16.0,-1.78,15.3,-3.59,-0.4,106.2,,OHLC,↓,LH/LL,DT,False,268,1,universe
DBX,2026-09-24,32.66,1.2,False,35.1,-0.023,0.07,False,77.6,-2.05,79.7,True,3.68,2.51,45.2,-18.0,C 基底修復,False,4:13,126.6,跌,20.0,3,False,11.0,-0.4542,-0.2976,-0.4542,False,False,-7.48,-2.03,35.7,-9.31,-2.53,166.4,,OHLC,↓,LH/LL,DT,False,268,1,universe
ACHC,2026-09-24,27.8,1.39,False,28.66,-0.122,-0.31,False,64.0,-0.17,64.1,False,5.01,3.81,45.4,-9.4,C 基底修復,False,11:06,333.0,升,35.0,7,False,11.0,0.099,0.1598,,False,True,-3.08,-0.61,26.97,2.99,0.6,42.3,,OHLC,—,HH/HL,DT,True,268,1,universe
DDOG,2026-09-24,256.92,12.11,False,232.35,-0.046,-0.11,True,63.0,0.8,62.2,False,4.71,4.31,67.2,-2.0,E 延伸,False,1:42,50.9,升,78.0,9,False,11.0,4.5395,4.0964,,False,False,9.56,2.03,229.92,10.51,2.23,833.9,,OHLC,↑,HH/HL,UT,False,268,1,universe
UTHR,2026-09-24,472.21,13.05,False,502.15,-1.056,-0.56,False,87.6,-1.33,88.9,True,2.76,1.48,9.4,-7.0,D 趨勢弱,False,4:09,124.7,跌,19.0,2,False,12.0,-1.2978,-0.0657,-2.4422,False,False,-6.34,-2.29,506.82,-7.33,-2.65,365.7,,OHLC,↓,LH/LL,DT,False,268,1,universe
XYL,2026-09-24,102.66,2.84,False,109.5,-0.608,-0.71,False,86.3,-2.62,88.9,True,2.77,1.75,6.0,-4.1,D 趨勢弱,False,12:28,13.9,升,58.0,7,False,12.0,0.125,0.4452,,False,False,-6.66,-2.41,108.81,-5.99,-2.16,290.7,,OHLC,↓,LH/LL,DT,False,268,1,universe
ADPT,2026-09-24,29.57,1.23,True,26.19,0.187,0.57,False,71.1,-0.3,71.4,False,4.17,3.26,67.4,-2.0,E 延伸,False,1:48,54.0,升,80.0,7,False,12.0,0.311,0.2535,,False,False,11.42,2.74,27.86,5.78,1.39,59.4,,OHLC,↑,HH/HL,UT,False,268,1,universe
PANW,2026-09-24,389.92,18.19,False,360.74,-0.037,0.04,True,65.9,0.8,65.1,False,4.66,3.76,63.5,-2.9,E 延伸,False,12:28,13.8,升,58.0,8,False,12.0,3.8828,3.6374,,False,False,7.48,1.6,363.58,6.76,1.45,2609.7,,OHLC,↑,HH/HL,UT,False,268,1,universe
HPE,2026-09-24,63.52,3.57,True,55.98,0.169,0.3,False,59.2,-0.29,59.5,False,5.61,4.19,65.0,0.0,E 延伸,False,1:08,33.9,升,69.0,12,False,12.0,0.5605,0.5148,,False,False,11.86,2.11,55.41,12.77,2.27,1588.1,,OHLC,↑,HH/HL,UT,False,268,1,universe
TXG,2026-09-24,84.11,4.88,True,67.46,1.095,1.1,False,56.5,-0.72,57.2,False,5.8,4.61,65.0,3.8,E 延伸,False,12:09,4.4,升,52.0,9,False,12.0,0.7906,0.5524,,False,False,19.79,3.41,75.62,10.09,1.74,196.4,,OHLC,↑,HH/HL,UT,False,268,1,universe
PPHC,2026-09-24,11.44,0.89,False,11.99,-0.023,0.91,False,48.8,-0.92,49.7,False,7.81,4.44,42.6,0.2,C 基底修復,False,3:45,112.5,跌,12.0,1,False,12.0,-0.046,0.0043,-0.1189,False,True,-4.77,-0.61,11.78,-2.97,-0.38,3.6,,OHLC,—,HH/HL,DT,False,166,1,universe
REYN,2026-09-24,21.59,0.56,False,23.18,-0.118,-1.06,False,88.4,-0.25,88.7,True,2.62,1.46,11.0,-0.0,D 趨勢弱,False,11:58,359.1,升,49.0,6,False,13.0,0.0818,0.1028,,False,False,-7.39,-2.82,22.69,-5.09,-1.95,37.0,,OHLC,↓,LH/LL,DT,False,268,1,universe
JILL,2026-09-24,24.05,1.08,True,22.31,0.078,0.54,False,73.2,-0.77,73.9,False,4.48,2.55,57.4,0.2,E 延伸,False,2:49,84.6,升,100.0,12,False,13.0,0.085,0.1491,,False,False,7.22,1.61,23.06,4.12,0.92,4.9,,OHLC,—,HH/HL,自然回檔,True,268,1,universe
MPTI,2026-09-24,74.65,3.41,False,78.87,-0.76,-0.89,True,70.1,0.61,69.5,False,4.57,3.04,42.8,-1.9,C 基底修復,False,1:52,55.9,升,81.0,11,False,13.0,0.0786,0.0049,,False,False,-5.65,-1.24,78.47,-5.12,-1.12,6.1,,OHLC,↓,LH/LL,DT,False,268,1,universe
COLL,2026-09-24,22.64,1.1,False,24.78,-0.1,-1.06,True,66.0,0.6,65.4,False,4.88,3.54,0.0,0.0,D 趨勢弱,False,12:56,28.1,升,66.0,7,False,13.0,0.2846,0.2643,,False,False,-9.44,-1.93,23.04,-1.77,-0.36,22.6,,OHLC,—,LH/LL,自然回檔,True,268,1,universe
EIX,2026-09-24,52.54,2.49,False,59.74,-0.287,-0.63,True,63.6,0.2,63.4,False,4.74,4.16,0.0,0.0,D 趨勢弱,False,10:08,304.0,升,19.0,3,False,13.0,0.0956,0.1177,,False,False,-13.7,-2.89,58.8,-11.91,-2.52,427.0,,OHLC,—,LH/LL,DT,True,268,1,universe
SEPN,2026-09-24,38.13,1.99,False,40.51,-0.941,-0.72,True,61.0,0.57,60.5,False,5.21,4.21,59.8,-3.0,C 基底修復,False,3:19,99.7,跌,5.0,1,False,13.0,-0.0151,0.0407,-0.892,False,False,-6.23,-1.2,38.44,-0.81,-0.16,12.7,,OHLC,—,HH/HL,自然回檔,True,268,1,universe
EWTX,2026-09-24,41.16,2.28,False,43.94,-0.102,-0.05,True,60.5,0.14,60.4,False,5.54,3.99,50.0,0.4,C 基底修復,False,4:07,123.5,跌,19.0,2,False,13.0,-0.3478,-0.1893,-0.4421,False,False,-6.75,-1.22,43.63,-6.0,-1.08,61.8,,OHLC,—,HH/HL,DT,False,268,1,universe
LPTH,2026-09-24,10.06,0.85,False,11.21,-0.112,-0.43,True,38.3,1.65,36.6,False,8.44,6.93,9.1,-0.0,D 趨勢弱,False,12:29,14.7,升,58.0,4,False,13.0,0.1088,0.087,,False,False,-11.4,-1.35,10.11,-0.5,-0.06,37.5,,OHLC,—,LH/LL,次級反彈,True,268,1,universe
FCEL,2026-09-24,16.39,1.61,False,18.02,-0.226,-0.3,True,31.5,0.13,31.3,False,9.81,8.21,48.1,-6.5,D 趨勢弱,False,12:54,26.8,升,65.0,6,False,13.0,0.2762,0.3584,,False,False,-9.96,-1.02,14.71,10.25,1.04,114.0,,OHLC,—,HH/HL,DT,False,268,1,universe
DBGI,2026-09-24,5.13,1.71,False,5.83,-0.028,-0.14,False,6.7,-0.94,7.6,False,33.42,14.78,5.0,0.0,D 趨勢弱,False,11:28,343.9,升,41.0,11,False,13.0,0.5995,0.5952,,False,True,-13.67,-0.41,3.77,26.51,0.79,13.1,,OHLC,—,LH/LL,次級回檔,True,268,1,universe
AKAM,2026-09-24,110.41,5.63,False,110.76,-0.245,-0.18,False,64.7,-2.98,67.7,False,5.1,3.57,25.3,-13.8,D 趨勢弱,False,2:49,84.6,升,112.0,12,False,14.0,1.4167,1.8363,,False,True,-0.32,-0.06,104.52,5.33,1.05,385.0,,OHLC,↑,HH/HL,自然回檔,False,268,1,universe
KTOS,2026-09-24,47.02,2.5,False,51.57,-0.613,-1.08,True,63.4,0.81,62.6,False,5.31,3.63,4.3,2.3,D 趨勢弱,False,11:05,332.6,升,35.0,4,False,14.0,0.0593,0.0076,,False,False,-9.67,-1.82,48.59,-3.34,-0.63,176.4,,OHLC,—,LH/LL,DT,True,268,1,universe
RMBS,2026-09-24,104.55,5.12,True,90.71,0.042,0.1,False,61.7,-0.15,61.9,False,4.89,4.38,17.0,4.7,E 延伸,False,2:49,84.6,升,149.0,13,False,14.0,2.9804,2.7892,,False,False,13.24,2.71,,,,249.9,,OHLC,—,LH/LL,UT,False,268,1,universe
ENPH,2026-09-24,32.82,1.89,False,36.66,-0.353,-0.7,True,61.4,0.26,61.1,False,5.76,3.59,2.9,-1.1,D 趨勢弱,False,4:52,146.2,跌,31.0,5,False,14.0,-0.2305,-0.1764,-0.4107,False,False,-11.7,-2.03,,,,163.3,,OHLC,—,HH/HL,DT,False,268,1,universe
MWH,2026-09-24,25.05,1.4,False,27.56,-0.138,-0.27,True,59.1,0.17,58.9,False,5.6,4.24,13.9,-1.9,D 趨勢弱,False,1:58,59.0,升,83.0,8,False,14.0,0.1402,0.2096,,False,False,-10.02,-1.79,25.24,-0.76,-0.14,34.9,,OHLC,—,HH/HL,自然回檔,True,155,1,universe
LGN,2026-09-24,52.45,3.09,False,57.79,-0.895,-0.61,True,55.4,0.43,54.9,False,5.9,4.76,27.3,-2.7,D 趨勢弱,False,2:49,84.6,升,113.0,13,False,14.0,0.3746,0.475,,False,False,-10.18,-1.73,55.8,-6.39,-1.08,45.0,,OHLC,—,LH/LL,DT,True,260,1,universe
ARM,2026-09-24,306.34,18.95,True,270.96,2.817,0.76,False,51.6,-3.4,55.0,False,6.19,5.35,50.0,-0.4,E 延伸,False,2:49,84.6,升,99.0,14,False,14.0,9.2876,10.8626,,False,False,11.55,1.87,239.01,21.98,3.55,1441.6,,OHLC,↑,HH/HL,自然回檔,False,268,1,universe
FORM,2026-09-24,129.04,7.29,False,113.29,-0.116,0.13,True,49.3,0.27,49.0,False,5.65,6.47,47.3,-1.8,E 延伸,False,2:49,84.6,升,101.0,12,False,14.0,3.0738,2.9848,,False,False,12.2,2.16,112.47,12.84,2.27,127.4,,OHLC,↑,HH/HL,UT,False,268,1,universe
APPS,2026-09-24,10.88,0.86,False,11.29,-0.093,-0.74,False,40.3,-2.21,42.5,False,7.87,6.83,74.7,4.1,C 基底修復,False,3:34,106.9,跌,9.0,1,False,14.0,-0.0027,0.052,-0.2808,False,True,-3.73,-0.47,10.66,2.02,0.26,31.4,,OHLC,—,HH/HL,自然回檔,True,268,1,universe
VISN,2026-09-24,6.35,0.37,False,7.99,-0.116,-2.69,True,39.9,0.5,39.4,False,5.79,9.05,0.0,0.0,D 趨勢弱,False,1:03,31.4,升,67.0,7,False,14.0,0.1566,0.1505,,False,False,-25.84,-4.46,6.58,-3.62,-0.63,63.7,,OHLC,—,LH/LL,DT,True,268,1,universe
VEEE,2026-09-24,14.15,2.11,False,17.52,-0.003,2.92,True,8.7,0.53,8.2,False,14.93,26.5,16.0,11.0,E 延伸,False,11:44,352.2,升,46.0,14,False,14.0,0.6945,0.6798,,False,False,-23.85,-1.6,17.24,-21.84,-1.46,26.7,,OHLC,↓,LH/LL,次級反彈,False,187,1,universe
KRG,2026-09-24,24.71,0.41,False,25.89,-0.076,-0.85,False,94.6,-0.32,94.9,True,1.67,0.97,29.7,-0.4,D 趨勢弱,False,5:07,153.3,跌,35.0,4,False,,-0.0639,-0.0533,-0.3405,False,False,-4.78,-2.87,26.37,-6.72,-4.03,55.0,,OHLC,↓,LH/LL,DT,False,268,1,universe
MKL,2026-09-24,1735.23,27.69,False,1797.1,-3.416,-0.62,False,93.6,-0.07,93.7,True,1.6,1.3,13.4,-0.1,D 趨勢弱,False,3:58,118.8,跌,16.0,2,False,,-2.6798,-1.4582,-16.0371,False,False,-3.57,-2.23,1807.0,-4.14,-2.59,123.2,,OHLC,↓,LH/LL,DT,False,268,1,universe
NJR,2026-09-24,51.06,1.04,False,53.71,-0.164,-0.45,False,92.2,-0.42,92.6,True,2.03,1.21,21.7,-3.9,D 趨勢弱,False,3:28,103.8,跌,8.0,1,False,,-0.088,0.0083,-0.6849,False,False,-5.2,-2.55,54.31,-6.37,-3.13,35.1,,OHLC,↓,LH/LL,DT,False,268,1,universe
BXMT,2026-09-24,12.39,0.35,False,13.69,-0.092,-0.86,False,85.5,-0.17,85.7,True,2.83,1.85,3.3,-0.7,D 趨勢弱,False,3:49,114.7,跌,14.0,2,False,,-0.0476,-0.0183,-0.2562,False,False,-10.46,-3.7,13.5,-8.96,-3.17,31.8,,OHLC,↓,LH/LL,DT,False,268,1,universe
AMSF,2026-09-24,23.83,0.66,False,25.55,-0.084,-1.1,False,84.9,-0.61,85.5,True,2.77,2.02,6.0,-1.2,D 趨勢弱,False,2:49,84.6,升,130.0,20,False,,0.0638,0.0962,,False,False,-7.21,-2.6,25.13,-5.46,-1.97,14.1,,OHLC,↓,LH/LL,DT,False,268,1,universe
TKO,2026-09-24,185.06,5.65,False,191.01,-0.448,-0.12,False,84.5,-0.6,85.1,True,3.05,1.82,15.0,-13.1,D 趨勢弱,False,4:39,139.7,跌,28.0,3,False,,-0.3786,-0.086,-1.487,False,False,-3.21,-1.05,193.72,-4.68,-1.53,214.8,,OHLC,↓,LH/LL,DT,False,268,1,universe
JBTM,2026-09-24,110.65,3.36,False,115.1,-0.259,-0.55,False,82.7,-0.13,82.9,True,3.04,2.18,8.8,-4.6,D 趨勢弱,False,11:01,330.6,升,34.0,4,False,,0.3692,0.4242,,False,False,-4.02,-1.32,113.35,-2.44,-0.8,60.4,,OHLC,—,LH/LL,自然回檔,True,268,1,universe
SEB,2026-09-24,3944.88,143.71,False,4247.76,-2.435,-0.02,False,82.3,-0.26,82.6,True,3.64,1.66,21.1,1.4,D 趨勢弱,False,3:47,113.6,跌,13.0,2,False,,-23.8483,-13.5792,-33.9876,False,False,-7.68,-2.11,4324.94,-9.63,-2.64,56.9,,OHLC,↓,LH/LL,DT,False,268,1,universe
GXO,2026-09-24,44.17,1.45,False,46.52,-0.148,-0.25,False,80.4,-0.63,81.0,True,3.29,2.37,8.1,-3.1,D 趨勢弱,False,4:13,126.5,跌,20.0,2,False,,-0.093,-0.0138,-0.6788,False,False,-5.31,-1.61,47.37,-7.24,-2.2,61.7,,OHLC,↓,LH/LL,DT,False,268,1,universe
PLMR,2026-09-24,125.63,4.08,False,132.45,-0.067,-0.06,False,80.2,-0.16,80.3,True,3.25,2.46,23.7,-11.3,C 基底修復,False,4:30,135.0,跌,25.0,3,False,,-1.0948,-0.7057,-1.7255,False,False,-5.42,-1.67,,,,29.5,,OHLC,—,HH/HL,DT,False,268,1,universe
BIDU,2026-09-24,88.08,2.85,False,93.64,-0.41,-0.66,False,78.6,-0.39,79.0,True,3.24,2.77,19.3,-3.1,D 趨勢弱,False,11:34,347.1,升,43.0,6,False,,0.244,0.3839,,False,False,-6.32,-1.95,92.43,-4.94,-1.53,245.2,,OHLC,↓,LH/LL,DT,False,268,1,universe
PENN,2026-09-24,15.49,0.61,False,17.32,-0.182,-1.21,False,77.4,-0.34,77.8,True,3.95,2.28,13.4,1.7,D 趨勢弱,False,4:13,126.3,跌,20.0,3,False,,-0.114,-0.0892,-0.2024,False,False,-11.78,-2.98,18.0,-16.2,-4.1,49.8,,OHLC,↓,LH/LL,DT,False,268,1,universe
DVA,2026-09-24,174.67,5.9,False,181.36,-0.1,0.03,False,76.5,-1.87,78.4,True,3.38,3.02,38.9,-0.8,C 基底修復,False,2:49,84.6,升,177.0,21,False,,0.4023,1.1151,,False,False,-3.83,-1.13,180.68,-3.44,-1.02,132.1,,OHLC,↓,LH/LL,DT,False,268,1,universe
MATW,2026-09-24,19.22,0.74,False,20.77,-0.137,-1.32,False,76.4,-0.49,76.9,True,3.83,2.6,4.4,-3.5,D 趨勢弱,False,2:18,68.8,升,88.0,15,False,,0.1045,0.1405,,False,False,-8.08,-2.11,20.48,-6.56,-1.71,23.0,,OHLC,↓,LH/LL,DT,False,268,1,universe
ASTE,2026-09-24,40.59,1.55,False,42.22,-0.085,-0.4,False,75.4,-0.5,75.8,True,3.82,2.8,7.7,-2.2,D 趨勢弱,False,2:49,84.6,升,170.0,23,False,,0.2205,0.283,,False,False,-4.02,-1.05,42.28,-4.16,-1.09,9.2,,OHLC,—,LH/LL,DT,True,268,1,universe
APTV,2026-09-24,43.58,1.53,False,45.64,-0.131,-0.56,False,75.2,-0.96,76.2,True,3.51,3.13,8.5,-2.0,D 趨勢弱,False,2:49,84.6,升,296.0,17,False,,0.2632,0.3048,,False,False,-4.73,-1.35,45.17,-3.65,-1.04,235.4,,OHLC,—,LH/LL,自然回檔,True,268,1,universe
SAIA,2026-09-24,333.22,13.18,False,355.0,-0.741,-0.19,False,75.0,-0.78,75.8,True,3.96,2.72,27.9,-2.6,D 趨勢弱,False,2:49,84.6,升,185.0,15,False,,0.6825,1.497,,False,False,-6.54,-1.65,353.8,-6.18,-1.56,123.0,,OHLC,↓,LH/LL,DT,False,268,1,universe
SNEX,2026-09-24,69.52,2.5,False,68.07,-0.013,0.14,False,74.9,-0.29,75.2,False,3.6,3.1,48.6,-10.3,C 基底修復,False,10:21,310.6,升,23.0,4,False,,0.2384,0.1343,,False,True,2.09,0.58,66.15,4.85,1.35,57.5,,OHLC,—,HH/HL,次級反彈,True,268,1,universe
ALK,2026-09-24,40.03,1.62,False,41.61,-0.217,-0.81,False,74.5,-0.25,74.8,False,4.04,2.73,7.8,-3.4,D 趨勢弱,False,2:49,84.6,升,104.0,10,False,,0.1906,0.23,,False,True,-3.96,-0.98,41.16,-2.82,-0.7,102.0,,OHLC,—,LH/LL,自然回檔,True,268,1,universe
ROG,2026-09-24,136.2,5.04,False,131.4,-0.083,0.08,False,74.3,-0.39,74.7,False,3.7,3.12,51.9,1.6,C 基底修復,False,2:49,84.6,升,97.0,13,False,,1.103,1.1626,,False,True,3.52,0.95,128.5,5.65,1.53,29.4,,OHLC,↑,HH/HL,自然回檔,False,268,1,universe
CGNX,2026-09-24,57.7,2.17,False,61.2,-0.144,-0.63,True,73.8,1.03,72.8,False,3.76,3.15,49.0,-3.9,C 基底修復,False,4:05,122.4,跌,18.0,2,False,,-0.2421,-0.1369,-0.7098,False,False,-6.07,-1.61,61.99,-7.44,-1.98,89.8,,OHLC,↓,LH/LL,DT,False,268,1,universe
SNX,2026-09-24,259.47,11.47,False,263.63,-1.102,0.52,False,73.5,-9.03,82.5,False,4.42,2.55,67.5,4.0,C 基底修復,False,2:49,84.6,升,133.0,15,False,,1.2268,2.8664,,False,True,-1.6,-0.36,260.5,-0.4,-0.09,254.5,,OHLC,↑,HH/HL,自然回檔,False,268,1,universe
ATEN,2026-09-24,25.99,1.03,False,25.93,-0.038,-0.26,False,73.4,-0.19,73.6,False,3.96,3.02,38.2,-9.3,D 趨勢弱,False,1:24,42.1,升,73.0,20,False,,0.3323,0.4123,,False,True,0.23,0.06,26.12,-0.5,-0.13,28.5,,OHLC,—,LH/LL,自然回檔,False,268,1,universe
AXSM,2026-09-24,196.03,8.5,False,209.14,-0.735,-0.32,True,73.4,0.76,72.7,False,4.34,2.64,32.3,1.8,C 基底修復,False,3:43,111.7,跌,12.0,2,False,,-1.0496,-0.7224,-2.8779,False,False,-6.69,-1.54,,,,124.7,,OHLC,—,HH/HL,DT,False,268,1,universe
ARI,2026-09-24,6.26,0.12,False,6.71,-0.037,-0.8,True,72.1,0.05,72.0,False,1.93,5.31,16.3,0.4,D 趨勢弱,False,3:38,109.1,跌,11.0,2,False,,-0.0087,-0.0061,-0.1799,False,False,-7.2,-3.73,6.81,-8.79,-4.55,15.8,,OHLC,↓,LH/LL,DT,False,268,1,universe
UA,2026-09-24,4.43,0.19,False,4.94,-0.027,-1.55,True,72.0,0.76,71.2,False,4.35,2.91,3.6,3.5,D 趨勢弱,False,3:30,105.2,跌,8.0,1,False,,-0.0061,0.0026,-0.2214,False,False,-11.44,-2.63,4.99,-12.64,-2.91,11.6,,OHLC,↓,LH/LL,DT,False,268,1,universe
ARDX,2026-09-24,3.45,0.15,False,3.7,-0.017,-1.25,True,71.5,0.68,70.8,False,4.23,3.11,6.3,-1.8,D 趨勢弱,False,2:49,84.6,升,205.0,20,False,,0.0299,0.0307,,False,False,-7.38,-1.74,3.62,-4.93,-1.16,15.2,,OHLC,—,LH/LL,DT,True,268,1,universe
ARLO,2026-09-24,13.02,0.6,False,13.41,-0.054,-0.66,False,71.1,-1.95,73.0,False,4.64,2.79,27.7,-7.9,D 趨勢弱,False,2:49,84.6,升,99.0,14,False,,0.0101,0.0411,,False,True,-3.01,-0.65,13.66,-4.92,-1.06,18.1,,OHLC,↓,LH/LL,DT,False,268,1,universe
PZZA,2026-09-24,20.22,0.85,False,22.08,-0.13,-1.41,True,71.1,0.79,70.3,False,4.18,3.24,0.0,0.0,D 趨勢弱,False,11:16,337.8,升,38.0,4,False,,0.1202,0.0921,,False,False,-9.18,-2.2,21.82,-7.91,-1.89,31.3,,OHLC,↓,LH/LL,自然反彈,False,268,1,universe
MIRM,2026-09-24,89.36,4.04,False,96.88,-0.366,-0.23,True,70.9,0.74,70.2,False,4.52,2.93,18.2,-1.5,D 趨勢弱,False,5:10,154.9,跌,36.0,5,False,,-0.6502,-0.598,-2.3133,False,False,-8.42,-1.86,98.82,-10.59,-2.34,63.1,,OHLC,↓,LH/LL,DT,False,268,1,universe
ASIX,2026-09-24,15.75,0.63,True,16.7,0.012,-0.07,False,70.8,-1.65,72.4,False,4.01,3.47,11.3,-2.1,D 趨勢弱,False,2:49,84.6,升,243.0,21,False,,0.0198,0.068,,False,False,-6.04,-1.51,16.72,-6.16,-1.54,4.4,,OHLC,↓,LH/LL,DT,False,268,1,universe
RRX,2026-09-24,151.11,6.23,False,160.39,-0.717,-0.75,True,70.7,1.3,69.4,False,4.12,3.38,8.6,-0.6,D 趨勢弱,False,2:49,84.6,升,112.0,16,False,,0.8505,0.7636,,False,False,-6.14,-1.49,162.29,-7.4,-1.8,193.7,,OHLC,↓,LH/LL,自然反彈,False,268,1,universe
UAA,2026-09-24,4.5,0.21,False,5.04,-0.033,-1.34,True,70.1,0.85,69.2,False,4.7,2.92,2.9,2.9,D 趨勢弱,False,3:29,104.4,跌,8.0,1,False,,-0.01,0.0001,-0.2215,False,False,-12.02,-2.56,5.11,-13.56,-2.88,42.8,,OHLC,↓,LH/LL,DT,False,268,1,universe
EXTR,2026-09-24,21.64,0.82,False,22.58,-0.091,-0.53,True,69.9,0.21,69.7,False,3.77,3.88,48.6,-3.9,D 趨勢弱,False,2:49,84.6,升,152.0,20,False,,0.2234,0.2707,,False,False,-4.36,-1.16,22.2,-2.59,-0.69,29.8,,OHLC,—,LH/LL,自然回檔,True,268,1,universe
AGIO,2026-09-24,32.9,1.43,False,33.75,-0.05,0.15,False,69.6,-2.6,72.2,False,4.33,3.38,34.3,-10.2,C 基底修復,False,10:28,314.0,升,24.0,4,False,,0.0586,0.1437,,False,True,-2.59,-0.6,33.47,-1.73,-0.4,31.3,,OHLC,—,HH/HL,次級回檔,False,268,1,universe
TCI,2026-09-24,43.31,1.99,True,38.66,0.176,0.15,False,69.4,-0.8,70.2,False,4.59,3.15,44.8,12.2,C 基底修復,False,2:49,84.6,升,176.0,24,False,,0.4682,0.3645,,False,False,10.74,2.34,39.67,8.4,1.83,3.2,,OHLC,↑,HH/HL,UT,False,268,1,universe
SPHR,2026-09-24,138.44,6.29,False,151.27,-1.371,-0.59,True,68.9,0.64,68.3,False,4.55,3.29,47.6,1.3,D 趨勢弱,False,3:52,115.9,跌,14.0,2,False,,-0.2721,-0.1724,-3.7997,False,False,-9.27,-2.04,,,,80.6,,OHLC,—,HH/HL,DT,False,268,1,universe
LXU,2026-09-24,10.09,0.51,True,10.91,0.011,0.31,False,68.4,-0.8,69.2,False,5.07,2.87,20.8,2.3,D 趨勢弱,False,5:23,161.3,跌,40.0,5,False,,-0.1452,-0.121,-0.1863,False,False,-8.1,-1.6,11.23,-11.3,-2.23,8.8,,OHLC,—,HH/HL,DT,False,268,1,universe
PRIM,2026-09-24,72.25,3.28,False,76.39,-0.222,-0.31,True,68.1,0.13,68.0,False,4.53,3.46,11.6,-2.1,D 趨勢弱,False,2:49,84.6,升,101.0,14,False,,0.2883,0.5502,,False,False,-5.73,-1.26,71.41,1.16,0.26,91.4,,OHLC,—,HH/HL,DT,False,268,1,universe
NRG,2026-09-24,97.85,4.4,False,111.61,-0.717,-0.74,False,67.8,-0.23,68.1,False,4.49,3.56,1.1,-4.0,D 趨勢弱,True,6:28,193.9,跌,58.0,7,False,,-0.7552,-0.5874,-1.8245,False,False,-14.06,-3.13,116.14,-18.69,-4.16,299.7,,OHLC,↓,LH/LL,DT,False,268,1,universe
AAON,2026-09-24,84.27,3.95,False,79.3,-0.121,-0.57,True,67.1,0.1,67.0,False,4.69,3.51,4.4,-2.4,D 趨勢弱,False,2:49,84.6,升,128.0,21,False,,1.573,1.307,,False,False,5.9,1.26,74.08,12.09,2.58,87.6,,OHLC,↑,HH/HL,UT,False,268,1,universe
CTRI,2026-09-24,20.39,0.82,False,20.68,-0.114,-1.04,False,67.1,-0.06,67.2,False,4.03,4.16,13.1,1.1,D 趨勢弱,False,2:49,84.6,升,148.0,15,False,,0.2525,0.2201,,False,True,-1.44,-0.36,20.92,-2.6,-0.64,33.9,,OHLC,—,LH/LL,自然反彈,True,268,1,universe
FIX,2026-09-24,1643.39,77.37,False,1636.7,-3.713,-0.18,False,66.5,-0.11,66.6,False,4.71,3.6,54.9,-3.4,C 基底修復,False,2:40,80.2,升,95.0,13,False,,9.6479,8.8668,,False,True,0.41,0.09,1615.69,1.69,0.36,537.0,,OHLC,—,LH/LL,自然反彈,True,268,1,universe
FINV,2026-09-24,3.13,0.16,False,3.6,-0.027,-1.1,True,66.1,0.14,65.9,False,5.07,3.33,0.0,0.0,D 趨勢弱,False,12:03,1.6,升,51.0,7,False,,0.0193,0.0221,,False,False,-14.98,-2.96,3.38,-7.99,-1.58,5.3,,OHLC,—,LH/LL,DT,True,268,1,universe
ELMD,2026-09-24,27.86,1.36,False,30.99,-0.203,-1.24,True,65.9,1.09,64.8,False,4.87,3.56,9.3,0.9,D 趨勢弱,False,11:09,334.6,升,36.0,6,False,,0.5492,0.4685,,False,False,-11.23,-2.31,27.25,2.19,0.45,3.2,,OHLC,—,LH/LL,UT,True,268,1,universe
IMXI,2026-09-24,10.57,0.49,False,13.54,-0.121,-0.47,False,65.7,-4.48,70.2,False,4.67,3.8,0.0,0.0,D 趨勢弱,True,8:49,264.6,跌,109.0,11,False,,-0.38,-0.3249,-0.38,False,False,-28.13,-6.02,12.3,-16.37,-3.5,6.5,,OHLC,↓,LH/LL,DT,False,268,1,universe
UMC,2026-09-24,24.1,1.01,True,21.29,0.11,1.06,False,65.7,-0.32,66.0,False,4.18,4.29,56.6,-1.2,E 延伸,False,2:49,84.6,升,221.0,32,False,,0.2916,0.4147,,False,False,11.67,2.79,22.12,8.22,1.96,270.7,,OHLC,↑,HH/HL,自然回檔,False,268,1,universe
AMSC,2026-09-24,30.42,1.41,False,29.66,-0.062,-0.2,False,65.6,-0.21,65.8,False,4.64,3.86,12.4,-5.2,D 趨勢弱,False,1:44,52.1,升,79.0,15,False,,0.4094,0.4419,,False,True,2.51,0.54,27.2,10.59,2.28,20.6,,OHLC,↑,HH/HL,自然回檔,False,268,1,universe
FLUT,2026-09-24,81.89,4.34,False,96.6,-0.503,-0.31,False,65.4,-1.96,67.4,False,5.3,3.23,0.0,0.0,D 趨勢弱,True,6:06,182.8,跌,52.0,7,False,,-1.6946,-1.4495,-1.6946,False,False,-17.96,-3.39,88.62,-8.22,-1.55,287.1,,OHLC,↓,LH/LL,DT,False,268,1,universe
MRCY,2026-09-24,83.18,3.95,False,91.24,-0.458,-0.68,True,65.2,2.01,63.2,False,4.75,3.82,17.0,1.6,D 趨勢弱,False,1:16,38.0,升,71.0,8,False,,0.7216,0.7776,,False,False,-9.69,-2.04,84.71,-1.84,-0.39,57.7,,OHLC,↓,LH/LL,DT,False,268,1,universe
REZI,2026-09-24,18.3,0.81,False,19.75,-0.255,-1.13,True,65.1,0.17,64.9,False,4.42,4.18,6.8,-5.1,D 趨勢弱,False,2:15,67.3,升,87.0,13,False,,0.0932,0.11,,False,False,-7.9,-1.79,18.88,-3.17,-0.72,41.7,,OHLC,—,LH/LL,DT,True,268,1,universe
ALTO,2026-09-24,3.74,0.18,False,4.06,-0.011,-0.6,True,63.8,1.35,62.5,False,4.82,4.03,38.7,4.7,D 趨勢弱,False,3:30,105.0,跌,8.0,1,False,,-0.0023,0.0031,-0.139,False,False,-8.68,-1.8,4.09,-9.36,-1.94,5.1,,OHLC,↓,LH/LL,DT,False,268,1,universe
STAA,2026-09-24,19.08,1.08,False,22.73,-0.204,-0.95,False,63.6,-1.01,64.6,False,5.66,3.23,0.0,-1.0,D 趨勢弱,True,7:39,229.4,跌,77.0,6,False,,-0.3138,-0.2642,-0.3426,False,False,-19.11,-3.38,24.16,-26.62,-4.7,24.1,,OHLC,↓,LH/LL,DT,False,268,1,universe
SWKS,2026-09-24,87.81,4.71,True,77.63,0.397,0.75,False,62.1,-1.08,63.2,False,5.36,3.84,53.4,-2.6,E 延伸,False,2:49,84.6,升,115.0,16,False,,0.6003,1.0155,,False,False,11.59,2.16,92.05,-4.83,-0.9,665.6,,OHLC,—,LH/LL,自然回檔,False,268,1,universe
TREE,2026-09-24,24.34,1.31,False,28.38,-0.287,-1.06,True,62.1,1.02,61.1,False,5.37,3.83,0.0,-10.0,D 趨勢弱,False,12:45,22.5,升,62.0,15,False,,0.0287,0.0721,,False,False,-16.62,-3.1,26.96,-10.76,-2.01,11.7,,OHLC,↓,LH/LL,DT,False,268,1,universe
NXT,2026-09-24,79.97,4.43,False,85.38,-0.82,-0.83,True,61.9,0.1,61.8,False,5.53,3.71,20.6,-2.1,D 趨勢弱,False,2:49,84.6,升,122.0,13,False,,0.5977,0.7081,,False,False,-6.77,-1.22,83.36,-4.24,-0.77,173.2,,OHLC,—,LH/LL,自然回檔,True,268,1,universe
OKTA,2026-09-24,206.64,9.76,True,169.33,2.046,0.84,False,61.2,-0.1,61.3,False,4.72,4.65,65.0,0.0,E 延伸,False,2:49,84.6,升,158.0,20,False,,2.2898,2.1257,,False,False,18.05,3.82,182.37,11.75,2.49,864.3,,OHLC,↑,HH/HL,UT,False,268,1,universe
EVC,2026-09-24,7.8,0.42,False,8.3,-0.064,-1.86,True,61.1,0.9,60.2,False,5.36,4.05,60.7,-1.5,D 趨勢弱,False,2:49,84.6,升,168.0,16,False,,0.0419,0.0492,,False,False,-6.36,-1.19,8.1,-3.85,-0.72,9.0,,OHLC,↓,LH/LL,DT,False,268,1,universe
AAP,2026-09-24,41.43,2.01,False,44.84,-0.279,-0.67,True,60.5,0.68,59.8,False,4.86,4.69,19.9,0.7,D 趨勢弱,False,2:01,60.3,升,83.0,12,False,,0.2576,0.261,,False,False,-8.22,-1.69,,,,72.6,,OHLC,—,HH/HL,自然回檔,True,268,1,universe
TRIP,2026-09-24,8.52,0.43,False,9.29,-0.092,-1.32,True,60.2,0.22,60.0,False,5.02,4.57,0.0,0.0,D 趨勢弱,False,2:49,84.6,升,101.0,16,False,,0.0419,0.0301,,False,False,-9.07,-1.81,9.23,-8.33,-1.66,40.1,,OHLC,↓,LH/LL,自然反彈,False,268,1,universe
TTD,2026-09-24,12.63,0.66,False,13.92,-0.017,-0.63,True,60.0,0.81,59.2,False,5.24,4.39,10.3,-0.2,D 趨勢弱,False,3:44,111.9,跌,12.0,2,False,,-0.079,-0.0329,-0.5387,False,False,-10.23,-1.95,,,,366.0,,OHLC,—,HH/HL,DT,False,268,1,universe
ARKO,2026-09-24,4.23,0.21,False,4.55,-0.002,-1.18,True,59.9,0.84,59.1,False,4.89,4.77,5.6,1.0,D 趨勢弱,False,2:49,84.6,升,137.0,21,False,,0.0538,0.0558,,False,False,-7.54,-1.54,4.35,-2.84,-0.58,4.4,,OHLC,—,LH/LL,自然回檔,True,268,1,universe
OPFI,2026-09-24,6.24,0.32,False,7.11,-0.009,-0.47,True,59.9,1.39,58.5,False,5.07,4.6,0.5,-3.2,D 趨勢弱,False,4:42,140.9,跌,28.0,5,False,,-0.0758,-0.0696,-0.3276,False,False,-14.02,-2.77,,,,6.8,,OHLC,—,HH/HL,DT,False,268,1,universe
LTRX,2026-09-24,6.6,0.38,True,5.79,0.014,0.17,False,58.7,-0.13,58.8,False,5.73,4.19,34.7,1.3,C 基底修復,False,12:54,26.8,升,65.0,6,False,,0.1604,0.1437,,False,False,12.3,2.15,,,,7.9,,OHLC,—,LH/LL,UT,False,268,1,universe
WING,2026-09-24,97.84,6.13,False,110.21,-0.455,-0.42,True,58.5,1.39,57.1,False,6.26,3.69,0.9,0.9,D 趨勢弱,False,3:47,113.6,跌,13.0,2,False,,-0.3501,-0.1947,-1.8007,False,False,-12.65,-2.02,107.33,-9.7,-1.55,141.1,,OHLC,↓,LH/LL,DT,False,268,1,universe
TITN,2026-09-24,23.48,1.27,True,21.73,0.103,0.38,False,58.3,-0.75,59.1,False,5.41,4.59,60.6,-3.0,E 延伸,False,4:31,135.5,跌,25.0,3,False,,-0.1136,-0.0429,-0.1241,False,False,7.44,1.37,23.72,-1.02,-0.19,7.7,,OHLC,—,HH/HL,自然回檔,True,268,1,universe
LIF,2026-09-24,41.26,2.04,False,44.3,-0.579,-1.71,True,57.7,1.09,56.6,False,4.95,5.18,18.1,1.0,D 趨勢弱,False,1:24,42.1,升,73.0,10,False,,0.2418,0.1767,,False,False,-7.37,-1.49,44.17,-7.05,-1.42,24.2,,OHLC,↓,LH/LL,自然反彈,False,268,1,universe
OSCR,2026-09-24,28.87,1.85,True,31.56,0.018,0.51,False,57.6,-2.48,60.1,False,6.42,3.72,50.8,-5.8,C 基底修復,False,5:42,170.9,跌,45.0,5,False,,-0.3907,-0.2562,-0.445,False,False,-9.31,-1.45,,,,176.2,,OHLC,—,HH/HL,DT,False,268,1,universe
GRPN,2026-09-24,20.89,1.19,False,19.67,-0.061,-0.99,True,57.5,1.19,56.3,False,5.7,4.48,38.4,-4.5,C 基底修復,False,2:40,80.2,升,95.0,13,False,,0.435,0.4335,,False,False,5.86,1.03,20.04,4.07,0.71,23.1,,OHLC,↑,HH/HL,自然反彈,False,268,1,universe
AUR,2026-09-24,6.06,0.38,False,6.22,-0.024,-0.19,False,57.4,-2.39,59.8,False,6.2,3.99,38.0,3.4,C 基底修復,False,3:30,105.0,跌,8.0,1,False,,-0.0014,0.0256,-0.1308,False,True,-2.59,-0.42,6.76,-11.55,-1.86,205.5,,OHLC,↓,LH/LL,DT,False,268,1,universe
RBLX,2026-09-24,48.83,2.42,True,43.25,0.635,1.12,False,57.3,-0.67,57.9,False,4.97,5.27,25.0,0.0,E 延伸,False,2:49,84.6,升,237.0,27,False,,0.4264,0.5934,,False,False,11.43,2.3,47.43,2.87,0.58,499.4,,OHLC,↑,HH/HL,次級回檔,False,268,1,universe
DK,2026-09-24,66.91,4.44,False,73.23,-0.342,0.49,False,57.1,-3.59,60.6,False,6.63,3.65,58.2,-8.8,C 基底修復,True,6:19,189.3,跌,55.0,4,False,,-1.2205,-0.7121,-1.3322,False,False,-9.45,-1.42,71.47,-6.82,-1.03,197.6,,OHLC,↓,LH/LL,DT,False,268,1,universe
STUB,2026-09-24,5.39,0.34,False,6.5,-0.136,-1.44,True,56.1,1.26,54.8,False,6.34,4.16,0.0,0.0,D 趨勢弱,False,1:37,48.5,升,77.0,15,False,,0.0304,0.0414,,False,False,-20.52,-3.24,6.09,-12.99,-2.05,41.3,,OHLC,↓,LH/LL,DT,False,257,1,universe
RLMD,2026-09-24,3.81,0.26,False,4.38,-0.038,-0.62,True,55.7,0.56,55.1,False,6.71,3.88,15.0,0.0,D 趨勢弱,False,3:46,113.2,跌,13.0,2,False,,-0.015,-0.0029,-0.0456,False,False,-15.06,-2.25,,,,5.3,,OHLC,—,HH/HL,DT,False,268,1,universe
TSSI,2026-09-24,10.19,0.57,True,9.23,0.016,-0.25,False,55.1,-0.59,55.7,False,5.64,5.07,15.0,5.7,E 延伸,False,2:49,84.6,升,100.0,13,False,,0.2462,0.1822,,False,False,9.45,1.68,8.33,18.25,3.23,8.3,,OHLC,↑,HH/HL,UT,False,268,1,universe
LZ,2026-09-24,5.65,0.29,True,5.95,0.014,0.24,False,54.8,-0.79,55.6,False,5.11,5.67,11.3,-0.2,D 趨勢弱,False,4:03,121.6,跌,18.0,2,False,,-0.0179,-0.0029,-0.3411,False,False,-5.35,-1.05,5.8,-2.65,-0.52,16.0,,OHLC,↓,LH/LL,DT,False,268,1,universe
LINC,2026-09-24,23.88,1.4,False,26.08,-0.219,-1.86,True,54.7,0.69,54.0,False,5.86,4.96,25.0,-3.1,D 趨勢弱,False,2:49,84.6,升,171.0,19,False,,0.4644,0.5287,,False,False,-9.22,-1.57,25.42,-6.45,-1.1,19.6,,OHLC,↓,LH/LL,DT,False,268,1,universe
MTZ,2026-09-24,211.95,13.05,False,245.21,-2.048,-0.69,True,54.6,0.36,54.3,False,6.16,4.66,1.1,0.5,D 趨勢弱,False,11:11,335.5,升,36.0,4,False,,1.0099,1.1915,,False,False,-15.69,-2.55,222.9,-5.17,-0.84,343.8,,OHLC,↓,LH/LL,DT,False,268,1,universe
VSH,2026-09-24,31.8,1.81,False,31.74,-0.074,-0.15,False,54.5,-0.21,54.7,False,5.68,5.17,63.4,5.6,D 趨勢弱,False,2:49,84.6,升,151.0,37,False,,0.368,0.4552,,False,True,0.2,0.04,30.8,3.14,0.55,113.2,,OHLC,—,HH/HL,自然回檔,True,268,1,universe
STRL,2026-09-24,513.72,29.16,False,504.75,-1.549,-0.14,False,54.4,-0.2,54.6,False,5.68,5.21,35.9,-2.9,D 趨勢弱,False,2:49,84.6,升,111.0,14,False,,8.7842,9.242,,False,True,1.75,0.31,484.86,5.62,0.99,274.5,,OHLC,—,HH/HL,UT,True,268,1,universe
ASPN,2026-09-24,5.3,0.28,False,5.24,-0.027,-3.0,False,53.6,-2.77,56.3,False,5.33,5.75,63.7,12.0,D 趨勢弱,False,11:43,351.5,升,45.0,6,False,,0.0822,0.0945,,False,True,1.14,0.21,4.71,11.15,2.09,4.2,,OHLC,↑,HH/HL,自然回檔,False,268,1,universe
NVEC,2026-09-24,106.65,4.93,False,106.12,-0.578,-0.75,False,53.0,-0.19,53.2,False,4.62,6.58,63.4,-9.5,C 基底修復,False,11:47,353.7,升,47.0,5,False,,1.3758,1.3502,,False,True,0.5,0.11,,,,11.1,,OHLC,—,LH/LL,UT,False,268,1,universe
COHU,2026-09-24,63.7,3.59,False,54.09,-0.032,0.33,True,50.6,0.51,50.1,False,5.64,6.15,56.7,-0.6,E 延伸,False,1:43,51.3,升,79.0,12,False,,1.5371,1.5701,,False,False,15.09,2.67,54.73,14.08,2.5,53.0,,OHLC,↑,HH/HL,UT,False,268,1,universe
TTMI,2026-09-24,126.98,8.1,False,121.99,-0.472,-0.4,False,50.3,-0.1,50.4,False,6.38,5.5,55.4,1.9,D 趨勢弱,False,2:49,84.6,升,180.0,20,False,,1.6457,1.5066,,False,True,3.93,0.62,109.94,13.42,2.1,219.1,,OHLC,—,HH/HL,自然反彈,True,268,1,universe
SHLS,2026-09-24,7.45,0.51,False,7.35,-0.035,-0.25,False,50.1,-0.45,50.5,False,6.84,5.08,23.8,4.4,D 趨勢弱,False,12:43,21.5,升,62.0,14,False,,0.1398,0.1735,,False,True,1.3,0.19,7.06,5.23,0.77,31.3,,OHLC,↑,HH/HL,自然回檔,False,268,1,universe
GLUE,2026-09-24,11.72,0.79,False,13.82,-0.122,-0.76,True,50.0,0.2,49.8,False,6.78,5.16,13.5,-1.0,D 趨勢弱,False,3:44,112.0,跌,12.0,2,False,,-0.018,-0.0041,-1.0458,False,False,-17.9,-2.64,12.6,-7.51,-1.11,15.8,,OHLC,↓,LH/LL,DT,False,268,1,universe
GOGO,2026-09-24,2.28,0.16,False,2.62,-0.022,-1.14,True,49.8,0.72,49.1,False,6.92,5.07,10.0,-4.8,D 趨勢弱,False,3:26,103.1,跌,7.0,1,False,,-0.0007,0.0062,-0.1642,False,False,-14.98,-2.16,2.51,-10.09,-1.46,4.9,,OHLC,↓,LH/LL,DT,False,268,1,universe
HYLN,2026-09-24,4.2,0.3,False,3.86,-0.075,-0.12,True,49.8,1.42,48.4,False,7.05,4.94,59.6,-0.2,E 延伸,False,2:49,84.6,升,160.0,18,False,,0.062,0.076,,False,False,8.2,1.16,3.82,9.05,1.28,7.4,,OHLC,↑,HH/HL,自然回檔,False,268,1,universe
AIRJ,2026-09-24,4.05,0.26,False,4.9,-0.079,-1.39,True,49.3,2.38,46.9,False,6.47,5.64,36.0,-0.8,D 趨勢弱,False,3:20,100.1,跌,6.0,1,False,,-0.0018,0.0052,-0.1672,False,False,-20.87,-3.22,4.39,-8.4,-1.3,3.9,,OHLC,—,LH/LL,DT,True,268,1,universe
DNA,2026-09-24,10.25,0.62,True,7.66,0.217,0.64,False,49.3,-2.04,51.3,False,6.01,6.11,32.9,3.9,E 延伸,False,2:49,84.6,升,275.0,22,False,,0.3507,0.2599,,False,False,25.23,4.2,8.58,16.29,2.71,11.7,,OHLC,↑,HH/HL,UT,False,268,1,universe
BLLN,2026-09-24,124.9,6.32,True,101.14,1.209,0.74,False,48.5,-0.91,49.4,False,5.06,7.26,45.0,4.2,E 延伸,False,2:49,84.6,升,179.0,19,False,,2.9881,2.3739,,False,False,19.02,3.76,95.22,23.76,4.69,67.1,,OHLC,↑,HH/HL,UT,False,221,1,universe
ENVX,2026-09-24,2.96,0.2,False,3.39,-0.064,-0.96,True,48.1,0.25,47.9,False,6.73,5.7,12.6,-2.3,D 趨勢弱,False,2:49,84.6,升,205.0,19,False,,0.0327,0.0305,,False,False,-14.37,-2.14,3.06,-3.21,-0.48,18.1,,OHLC,—,LH/LL,自然回檔,True,268,1,universe
CCB,2026-09-24,43.62,2.01,False,47.64,-0.246,-0.21,True,48.0,0.56,47.5,False,4.61,7.85,17.5,-1.0,D 趨勢弱,False,2:49,84.6,升,100.0,29,False,,0.051,0.1158,,False,False,-9.21,-2.0,48.48,-11.14,-2.42,8.4,,OHLC,↓,LH/LL,DT,False,268,1,universe
SEZL,2026-09-24,109.78,6.34,False,118.66,-0.809,-0.95,True,47.9,0.73,47.2,False,5.78,6.7,46.3,0.3,D 趨勢弱,False,2:49,84.6,升,225.0,20,False,,0.0154,0.0422,,False,False,-8.09,-1.4,116.55,-6.17,-1.07,57.1,,OHLC,↓,LH/LL,自然反彈,False,268,1,universe
VICR,2026-09-24,276.06,16.22,True,217.36,1.453,0.67,False,47.4,-0.6,48.0,False,5.88,6.74,49.7,-0.3,E 延伸,False,2:49,84.6,升,118.0,13,False,,12.2458,11.7269,,False,False,21.26,3.62,174.0,36.97,6.29,193.4,,OHLC,↑,HH/HL,自然回檔,False,268,1,universe
RIOT,2026-09-24,23.48,1.55,True,21.02,0.129,0.4,False,47.0,-1.23,48.2,False,6.59,6.13,62.6,1.9,C 基底修復,False,2:49,84.6,升,135.0,15,False,,0.4077,0.5053,,False,False,10.46,1.59,20.95,10.78,1.64,353.7,,OHLC,↑,HH/HL,自然回檔,False,268,1,universe
FTK,2026-09-24,28.95,1.88,False,27.76,-0.168,-0.55,False,46.9,-1.45,48.3,False,6.48,6.27,60.0,-2.0,E 延伸,False,2:49,84.6,升,125.0,12,False,,0.4752,0.6616,,False,True,4.13,0.64,26.34,9.02,1.39,11.1,,OHLC,↑,HH/HL,自然回檔,False,268,1,universe
ICHR,2026-09-24,56.47,3.67,False,57.55,-0.475,-0.63,False,46.7,-0.48,47.1,False,6.51,6.31,46.0,-9.3,D 趨勢弱,False,2:49,84.6,升,102.0,14,False,,1.1992,1.2433,,False,True,-1.91,-0.29,58.17,-3.01,-0.46,38.2,,OHLC,—,LH/LL,次級回檔,True,268,1,universe
LASR,2026-09-24,40.62,2.48,False,43.18,-0.478,-1.75,True,46.7,0.87,45.9,False,6.1,6.7,27.1,1.2,D 趨勢弱,False,2:49,84.6,升,226.0,13,False,,0.9856,0.9773,,False,False,-6.29,-1.03,40.37,0.62,0.1,46.0,,OHLC,—,LH/LL,UT,True,268,1,universe
MARA,2026-09-24,12.92,0.89,True,11.35,0.088,0.58,False,46.7,-0.68,47.4,False,6.87,5.94,45.8,5.8,D 趨勢弱,False,2:49,84.6,升,323.0,25,False,,0.2055,0.2518,,False,False,12.14,1.77,11.43,11.53,1.68,562.7,,OHLC,↑,HH/HL,自然回檔,False,268,1,universe
CMRC,2026-09-24,3.15,0.2,True,2.72,0.02,1.03,False,45.2,-0.36,45.6,False,6.49,6.73,39.4,9.2,E 延伸,False,2:49,84.6,升,196.0,22,False,,0.0144,0.039,,False,False,13.67,2.11,3.73,-18.41,-2.84,3.9,,OHLC,—,LH/LL,自然回檔,False,268,1,universe
IREN,2026-09-24,46.15,2.95,True,42.8,0.055,0.32,False,44.5,-0.0,44.5,False,6.39,7.01,44.0,4.9,D 趨勢弱,False,2:49,84.6,升,160.0,14,False,,0.4336,0.5615,,False,False,7.27,1.14,42.0,8.99,1.41,1720.9,,OHLC,↑,HH/HL,自然回檔,False,268,1,universe
BE,2026-09-24,266.65,18.47,True,246.84,0.892,0.6,False,44.1,-0.91,45.0,False,6.92,6.61,51.3,-1.5,E 延伸,False,2:49,84.6,升,192.0,22,False,,0.8907,1.9938,,False,False,7.43,1.07,270.89,-1.59,-0.23,4226.8,,OHLC,—,HH/HL,次級回檔,True,268,1,universe
VOYG,2026-09-24,31.1,2.59,False,35.05,-0.833,-1.14,True,42.2,0.97,41.3,False,8.31,5.78,19.3,0.8,D 趨勢弱,False,3:26,103.1,跌,7.0,1,False,,-0.247,0.0011,-1.0368,False,False,-12.7,-1.53,33.78,-8.62,-1.04,73.9,,OHLC,↓,LH/LL,DT,False,268,1,universe
AMPG,2026-09-24,3.44,0.24,False,3.93,-0.088,-1.43,True,40.7,1.4,39.3,False,7.09,7.48,35.1,-3.0,D 趨勢弱,False,1:03,31.6,升,68.0,15,False,,0.083,0.0816,,False,False,-14.35,-2.03,3.56,-3.34,-0.47,3.3,,OHLC,—,LH/LL,自然反彈,True,268,1,universe
BRR,2026-09-24,3.95,0.36,True,3.23,0.036,1.71,False,39.7,-0.29,40.0,False,9.07,5.83,35.0,0.0,E 延伸,False,2:49,84.6,升,126.0,27,False,,0.102,0.134,,False,False,18.35,2.02,3.14,20.51,2.26,9.3,,OHLC,↑,HH/HL,自然回檔,False,268,1,universe
IRD,2026-09-24,4.87,0.47,False,5.48,-0.004,0.01,True,38.5,0.74,37.8,False,9.65,5.65,43.6,-0.5,E 延伸,False,4:36,138.0,跌,27.0,3,False,,-0.0912,-0.0674,-0.0912,False,False,-12.58,-1.3,4.34,10.88,1.13,28.4,,OHLC,↑,HH/HL,自然回檔,False,268,1,universe
RXT,2026-09-24,4.2,0.33,False,3.53,-0.032,-0.48,True,35.9,0.81,35.1,False,7.82,8.41,50.0,0.0,E 延伸,False,2:02,61.2,升,84.0,14,False,,0.1472,0.1475,,False,False,16.0,2.05,3.8,9.52,1.22,25.8,,OHLC,↑,HH/HL,UT,False,268,1,universe
SOC,2026-09-24,3.97,0.38,False,4.61,-0.013,-0.14,True,34.4,10.39,24.0,False,9.47,7.34,0.0,-5.2,D 趨勢弱,False,5:46,173.1,跌,46.0,6,False,,-0.0728,-0.0561,-0.0728,False,False,-16.03,-1.69,,,,34.7,,OHLC,—,HH/HL,DT,False,268,1,universe
FRVO,2026-09-24,16.71,1.55,False,17.4,-0.21,-0.41,False,32.8,-0.34,33.1,False,9.28,8.19,13.4,4.1,D 趨勢弱,False,2:49,84.6,升,200.0,17,False,,0.3091,0.2969,,False,True,-4.11,-0.44,15.96,4.49,0.48,136.8,,OHLC,—,LH/LL,自然反彈,True,93,1,universe
TDUP,2026-09-24,2.23,0.18,False,2.67,-0.031,-1.67,True,32.6,0.41,32.2,False,8.0,9.53,0.0,0.0,D 趨勢弱,False,2:49,84.6,升,97.0,20,False,,0.0527,0.0626,,False,False,-19.62,-2.45,2.48,-11.21,-1.4,5.9,,OHLC,↓,LH/LL,DT,False,268,1,universe
NUAI,2026-09-24,6.94,0.66,True,5.93,0.058,0.77,False,31.5,-0.5,32.0,False,9.53,8.49,56.7,0.2,E 延伸,False,2:49,84.6,升,130.0,14,False,,0.1407,0.1522,,False,False,14.62,1.53,5.41,22.05,2.31,50.5,,OHLC,↑,HH/HL,自然回檔,False,268,1,universe
CDNL,2026-09-24,27.54,2.85,False,36.8,-0.246,-1.08,True,31.2,0.09,31.2,False,10.35,7.76,10.0,-5.0,D 趨勢弱,False,2:49,84.6,升,149.0,22,False,,0.1592,0.2566,,False,False,-33.64,-3.25,31.52,-14.45,-1.4,19.4,,OHLC,↓,LH/LL,DT,False,198,1,universe
GLND,2026-09-24,5.35,0.49,True,3.29,0.716,3.93,False,19.0,-0.17,19.2,False,9.14,16.58,15.0,0.0,E 延伸,False,2:49,84.6,升,183.0,21,False,,0.3798,0.2083,,False,False,38.48,4.21,1.2,77.57,8.49,84.9,,OHLC,↑,HH/HL,UT,False,129,1,universe
MPLT,2026-09-24,10.76,1.07,False,12.13,-0.017,-0.29,True,17.1,0.26,16.8,False,9.9,17.61,10.8,-9.0,D 趨勢弱,False,2:49,84.6,升,209.0,28,False,,0.0782,0.0804,,False,False,-12.73,-1.29,12.54,-16.54,-1.67,7.3,,OHLC,—,HH/HL,DT,False,229,1,universe
EYPT,2026-09-24,3.65,0.55,False,4.84,-0.12,-1.05,True,14.6,0.36,14.2,False,15.1,15.28,10.0,10.0,D 趨勢弱,False,2:49,84.6,升,103.0,13,False,,0.2423,0.252,,False,False,-32.57,-2.16,3.99,-9.32,-0.62,16.1,,OHLC,—,LH/LL,DT,True,268,1,universe
IPDN,2026-09-24,4.17,0.6,True,0.5,0.004,0.54,False,4.6,-0.88,5.5,False,14.48,44.78,51.2,-3.8,E 延伸,False,2:49,84.6,升,122.0,15,False,,0.3517,0.4161,,False,False,88.04,6.08,3.06,26.62,1.84,14.0,單日 +2808%（09-14）且量未放大，疑似未調整分割/重組,OHLC,↑,HH/HL,自然回檔,False,187,1,universe
NFE,2026-09-24,6.1,0.7,True,1.44,0.083,1.04,False,4.5,-0.09,4.6,False,11.42,48.56,60.0,10.0,E 延伸,False,1:40,50.0,升,78.0,12,False,,0.0328,0.3533,,False,False,76.41,6.69,0.33,94.59,8.28,4.5,單日 +4106%（09-14）且量未放大，疑似未調整分割/重組,OHLC,↑,HH/HL,自然回檔,False,268,1,universe
DFNS,2026-09-24,7.87,2.85,False,13.24,-0.362,-1.04,True,3.7,0.23,3.5,False,36.16,30.79,15.0,0.0,D 趨勢弱,False,11:06,333.0,升,35.0,7,False,,0.5613,0.5141,,False,False,-68.26,-1.89,7.88,-0.13,-0.0,6.3,,OHLC,—,LH/LL,自然回檔,True,268,1,universe
SUNE,2026-09-24,2.45,0.35,False,3.81,-0.001,-0.01,False,18.1,-0.33,18.5,False,14.46,12.02,18.6,-6.4,D 趨勢弱,False,5:04,152.1,跌,34.0,5,False,1.0,-0.0702,-0.0651,-0.0783,False,False,-55.45,-3.83,2.34,4.49,0.31,32.7,,OHLC,↑,HH/HL,自然回檔,False,187,0,universe
CC,2026-09-24,14.19,0.59,False,15.19,-0.042,-0.13,False,67.9,-1.34,69.3,False,4.13,3.9,20.0,-5.8,D 趨勢弱,False,10:26,313.2,升,24.0,3,False,3.0,0.0165,0.0404,,False,False,-7.02,-1.7,14.98,-5.57,-1.35,26.8,,OHLC,—,LH/LL,DT,True,268,0,universe
KALU,2026-09-24,151.67,6.82,False,159.47,-1.39,-0.95,False,66.4,-0.13,66.5,False,4.49,3.84,60.8,-2.1,C 基底修復,False,3:28,104.0,跌,8.0,1,False,3.0,-0.0033,0.0212,-3.291,False,False,-5.15,-1.15,155.08,-2.25,-0.5,34.5,,OHLC,—,LH/LL,次級回檔,True,268,0,universe
HRI,2026-09-24,130.94,7.43,False,144.25,-0.897,-0.95,False,64.2,-1.92,66.1,False,5.67,3.09,15.1,-5.0,D 趨勢弱,False,3:26,103.2,跌,7.0,1,False,3.0,-0.3695,0.0482,-3.5137,False,False,-10.17,-1.79,142.71,-8.99,-1.58,123.5,,OHLC,↓,LH/LL,DT,False,268,0,universe
FSLR,2026-09-24,172.16,10.78,False,204.63,-4.179,-1.26,False,60.7,-6.67,67.4,False,6.26,3.23,0.0,-7.2,D 趨勢弱,False,4:03,121.3,跌,17.0,2,False,3.0,-1.7349,-0.3054,-2.2569,False,False,-18.86,-3.01,201.16,-16.84,-2.69,463.8,,OHLC,↓,LH/LL,DT,False,268,0,universe
STRZ,2026-09-24,22.71,1.88,False,26.13,-0.191,-0.22,False,48.4,-2.32,50.8,False,8.29,4.05,35.6,-1.8,D 趨勢弱,False,5:46,173.2,跌,46.0,7,False,3.0,-0.3636,-0.2496,-0.3636,False,False,-15.08,-1.82,26.49,-16.64,-2.01,6.6,,OHLC,↓,LH/LL,DT,False,268,0,universe
BBAI,2026-09-24,2.8,0.14,False,3.01,-0.017,-0.46,False,66.5,-0.36,66.9,False,4.83,3.48,15.6,-1.9,D 趨勢弱,False,10:13,306.3,升,20.0,3,False,5.0,0.0035,0.0049,,False,False,-7.38,-1.53,2.88,-2.86,-0.59,46.3,,OHLC,—,LH/LL,DT,True,268,0,universe
ENTG,2026-09-24,148.63,6.75,False,141.2,-0.751,-0.14,False,61.0,-0.21,61.2,False,4.54,4.89,61.1,0.5,C 基底修復,False,11:49,354.7,升,47.0,5,False,5.0,1.9507,1.9146,,False,False,5.0,1.1,128.52,13.53,2.98,300.3,,OHLC,↑,HH/HL,UT,False,268,0,universe
BCAX,2026-09-24,19.78,1.36,False,23.19,-0.331,-0.84,False,56.4,-1.38,57.8,False,6.86,3.56,20.0,-3.5,D 趨勢弱,False,3:55,117.4,跌,15.0,2,False,5.0,-0.201,-0.0977,-0.4681,False,False,-17.23,-2.51,22.64,-14.46,-2.11,13.5,,OHLC,↓,LH/LL,DT,False,268,0,universe
EQPT,2026-09-24,16.32,1.13,False,18.45,-0.218,-0.44,False,50.6,-5.29,55.9,False,6.93,4.86,3.4,-8.0,D 趨勢弱,False,3:33,106.4,跌,9.0,1,False,5.0,-0.0614,0.0565,-0.3026,False,False,-13.04,-1.88,18.02,-10.42,-1.5,58.3,,OHLC,↓,LH/LL,DT,False,169,0,universe
BHVN,2026-09-24,13.19,1.12,False,14.48,-0.037,-0.09,False,44.1,-0.69,44.8,False,8.53,5.01,36.7,-8.5,C 基底修復,False,3:22,100.8,跌,6.0,1,False,5.0,-0.0253,0.0067,-0.4009,False,False,-9.78,-1.15,14.14,-7.2,-0.84,48.6,,OHLC,↓,LH/LL,DT,False,268,0,universe
MLTX,2026-09-24,12.12,0.75,False,14.12,-0.274,-1.39,False,60.8,-2.48,63.3,False,6.2,3.26,5.0,0.0,D 趨勢弱,False,11:43,351.5,升,45.0,3,False,6.0,0.0474,0.0651,,False,False,-16.47,-2.66,16.86,-39.08,-6.3,21.3,,OHLC,—,LH/LL,次級回檔,True,268,0,universe
FTAI,2026-09-24,174.53,9.82,False,194.26,-2.18,-0.6,False,60.1,-2.28,62.4,False,5.63,3.98,2.1,-6.9,D 趨勢弱,False,12:44,22.2,升,62.0,6,False,6.0,0.3748,1.256,,False,False,-11.31,-2.01,186.06,-6.61,-1.17,261.7,,OHLC,↓,LH/LL,DT,False,268,0,universe
DFTX,2026-09-24,36.73,2.24,False,40.71,-0.529,-0.6,False,59.4,-0.26,59.6,False,6.09,3.68,40.5,-3.2,D 趨勢弱,False,10:30,315.0,升,25.0,4,False,6.0,0.0013,0.1083,,False,False,-10.85,-1.78,40.25,-9.58,-1.57,87.7,,OHLC,↓,LH/LL,DT,False,268,0,universe
ALIT,2026-09-24,11.28,0.94,False,13.36,-0.096,-0.53,False,38.7,-4.59,43.3,False,8.32,6.92,11.0,1.0,D 趨勢弱,False,10:03,301.5,升,18.0,3,False,6.0,0.0189,0.0708,,False,False,-18.41,-2.21,12.52,-10.99,-1.32,5.5,,OHLC,↓,LH/LL,DT,False,268,0,universe
TROX,2026-09-24,4.03,0.26,False,4.98,-0.093,-1.99,False,57.8,-2.38,60.2,False,6.39,3.72,15.0,0.0,D 趨勢弱,False,11:19,339.7,升,39.0,3,False,7.0,0.0032,0.0109,,False,False,-23.58,-3.69,4.4,-9.18,-1.44,11.3,,OHLC,↓,LH/LL,DT,False,268,0,universe
CCXI,2026-09-24,12.23,0.83,False,14.1,-0.114,-0.7,False,51.9,-0.44,52.3,False,6.78,4.7,4.1,-6.2,D 趨勢弱,False,11:28,343.8,升,41.0,4,False,7.0,0.0417,0.0712,,False,False,-15.33,-2.26,13.58,-11.04,-1.63,25.6,,OHLC,—,LH/LL,DT,True,158,0,universe
FATE,2026-09-24,2.33,0.15,False,2.51,-0.011,-0.28,False,55.9,-0.37,56.3,False,6.48,4.06,46.4,-10.1,C 基底修復,False,11:45,352.3,升,46.0,6,False,8.0,0.0044,0.016,,False,False,-7.66,-1.18,2.5,-7.3,-1.13,3.4,,OHLC,↓,LH/LL,DT,False,268,0,universe
BYND,2026-09-24,9.19,1.03,False,12.13,-0.185,-0.8,False,33.7,-2.41,36.1,False,11.23,5.83,0.0,-10.0,D 趨勢弱,False,11:56,358.2,升,49.0,6,False,8.0,0.0558,0.1608,,False,False,-31.94,-2.84,11.79,-28.29,-2.52,13.7,,OHLC,↓,LH/LL,DT,False,268,0,universe
SRTA,2026-09-24,5.27,0.22,False,5.62,-0.02,-0.38,False,73.2,-0.18,73.4,False,4.16,2.86,38.1,-6.9,D 趨勢弱,False,10:16,307.8,升,21.0,3,False,9.0,0.003,0.0075,,False,False,-6.66,-1.6,5.36,-1.71,-0.41,4.2,,OHLC,—,LH/LL,自然回檔,True,268,0,universe
CGON,2026-09-24,68.76,3.33,False,75.37,-0.388,-0.09,False,69.5,-3.1,72.6,False,4.85,2.88,37.9,-13.3,D 趨勢弱,False,3:22,101.0,跌,6.0,1,False,9.0,-0.3276,0.1019,-0.8538,False,False,-9.61,-1.98,78.25,-13.8,-2.85,63.2,,OHLC,↓,LH/LL,DT,False,268,0,universe
FA,2026-09-24,19.92,0.84,False,21.03,-0.037,-0.57,False,67.4,-0.19,67.6,False,4.21,3.92,61.1,1.4,C 基底修復,False,5:01,150.6,跌,34.0,4,False,9.0,-0.1484,-0.1234,-0.2602,False,False,-5.56,-1.32,,,,27.6,,OHLC,—,HH/HL,DT,False,268,0,universe
INNV,2026-09-24,8.84,0.61,False,9.96,-0.115,-1.55,False,57.7,-0.0,57.7,False,6.9,3.24,30.1,-0.9,D 趨勢弱,False,4:55,147.6,跌,32.0,4,False,9.0,-0.1875,-0.1164,-0.1957,False,False,-12.72,-1.84,11.1,-25.57,-3.7,6.2,,OHLC,↓,LH/LL,DT,False,268,0,universe
BLZE,2026-09-24,13.5,0.95,False,15.28,-0.149,-1.0,False,46.0,-0.47,46.5,False,7.04,5.96,46.2,-2.3,D 趨勢弱,False,10:24,312.0,升,23.0,4,False,9.0,0.1418,0.1564,,False,False,-13.16,-1.87,13.83,-2.41,-0.34,24.2,,OHLC,↓,LH/LL,次級回檔,False,268,0,universe
SFIX,2026-09-24,2.21,0.19,False,2.88,-0.191,-2.12,False,45.1,-18.57,63.7,False,8.61,4.63,0.0,-0.7,D 趨勢弱,False,3:24,102.1,跌,7.0,1,False,9.0,-0.0236,0.0171,-0.0903,False,False,-30.48,-3.54,2.99,-35.29,-4.1,7.6,,OHLC,↓,LH/LL,DT,False,268,0,universe
REAL,2026-09-24,8.89,0.51,False,10.34,-0.115,-1.59,False,65.0,-0.84,65.9,False,5.71,2.89,10.0,-0.7,D 趨勢弱,False,3:26,103.0,跌,7.0,1,False,10.0,-0.0141,0.0129,-0.1667,False,False,-16.36,-2.86,9.83,-10.57,-1.85,23.7,,OHLC,↓,LH/LL,DT,False,268,0,universe
PTRN,2026-09-24,17.94,1.08,False,20.32,-0.148,-0.48,False,60.7,-4.75,65.5,False,6.03,3.46,30.9,-8.0,D 趨勢弱,False,3:23,101.7,跌,7.0,1,False,10.0,-0.0134,0.1001,-0.9038,False,False,-13.26,-2.2,20.05,-11.76,-1.95,32.0,,OHLC,↓,LH/LL,DT,False,255,0,universe
VITL,2026-09-24,10.09,0.63,False,10.85,-0.041,-0.13,False,57.4,-0.19,57.6,False,6.21,4.0,5.8,-2.2,D 趨勢弱,False,11:05,332.6,升,35.0,8,False,12.0,0.0945,0.1752,,False,False,-7.53,-1.21,10.79,-6.94,-1.12,18.3,,OHLC,↓,LH/LL,DT,False,268,0,universe
AGL,2026-09-24,75.83,6.47,False,90.55,-0.606,-0.29,False,42.5,-5.36,47.8,False,8.53,5.49,50.0,-5.2,D 趨勢弱,False,3:55,117.7,跌,15.0,2,False,13.0,-0.8614,-0.1972,-4.1542,False,False,-19.42,-2.28,96.75,-27.59,-3.23,19.2,,OHLC,↓,LH/LL,DT,False,268,0,universe
YARW,2026-09-24,26.07,3.24,False,29.38,-0.213,-0.2,False,24.3,-0.93,25.3,False,12.41,9.34,0.0,0.0,D 趨勢弱,False,10:52,326.1,升,31.0,3,False,13.0,0.0593,0.1346,,False,False,-12.68,-1.02,30.21,-15.88,-1.28,4.1,,OHLC,—,LH/LL,DT,True,187,0,universe
FND,2026-09-24,46.42,2.04,False,50.44,-0.403,-1.06,False,72.0,-0.55,72.5,False,4.39,2.86,0.5,-0.9,D 趨勢弱,False,10:32,315.8,升,25.0,4,False,14.0,0.2088,0.2493,,False,False,-8.67,-1.97,48.13,-3.68,-0.84,123.5,,OHLC,—,LH/LL,DT,True,268,0,universe
SYRE,2026-09-24,87.09,4.6,False,93.3,-0.596,-0.45,False,64.2,-0.59,64.8,False,5.29,3.49,43.0,-0.6,D 趨勢弱,False,12:26,12.9,升,57.0,6,False,14.0,0.0738,0.2558,,False,False,-7.13,-1.35,90.79,-4.25,-0.8,118.5,,OHLC,↓,LH/LL,DT,False,268,0,universe
KDK,2026-09-24,2.78,0.27,False,3.62,-0.128,-1.24,False,42.4,-2.75,45.2,False,9.84,4.2,0.0,0.0,D 趨勢弱,False,4:37,138.5,跌,27.0,4,False,14.0,-0.0711,-0.051,-0.0711,False,False,-30.13,-3.06,3.83,-37.77,-3.84,5.9,,OHLC,↓,LH/LL,DT,False,251,0,universe
VEEA,2026-09-24,3.04,0.93,False,5.38,-0.002,-0.04,False,7.4,-0.07,7.5,False,30.45,14.96,15.0,0.0,E 延伸,False,12:57,28.5,升,66.0,13,False,14.0,0.0756,0.1576,,False,False,-76.86,-2.52,1.53,49.67,1.63,70.7,,OHLC,—,HH/HL,DT,False,187,0,universe
CVLG,2026-09-24,33.16,1.38,False,34.78,-0.013,-0.03,False,74.7,-0.58,75.2,False,4.16,2.59,38.9,-5.8,D 趨勢弱,False,2:49,84.6,升,194.0,25,False,,0.0107,0.0753,,False,False,-4.88,-1.17,35.54,-7.18,-1.73,8.1,,OHLC,↓,LH/LL,DT,False,268,0,universe
WLFC,2026-09-24,52.87,2.03,False,55.4,-0.181,-0.45,False,74.7,-0.46,75.2,False,3.84,2.9,27.7,-1.8,D 趨勢弱,False,2:49,84.6,升,143.0,18,False,,0.1754,0.2932,,False,False,-4.78,-1.24,52.81,0.11,0.03,9.0,,OHLC,—,HH/HL,DT,True,268,0,universe
BBSI,2026-09-24,31.6,1.15,False,33.09,-0.036,-0.01,False,74.2,-2.04,76.2,False,3.64,3.19,25.3,-4.6,D 趨勢弱,False,3:25,102.7,跌,7.0,1,False,,-0.0416,0.0437,-1.2411,False,False,-4.71,-1.29,33.01,-4.46,-1.22,6.1,,OHLC,↓,LH/LL,DT,False,268,0,universe
BV,2026-09-24,9.91,0.35,False,11.1,-0.083,-0.45,False,74.0,-0.45,74.4,False,3.56,3.31,3.9,-13.8,D 趨勢弱,False,4:11,125.6,跌,20.0,2,False,,-0.0546,-0.0237,-0.3853,False,False,-11.97,-3.36,11.36,-14.63,-4.11,9.7,,OHLC,↓,LH/LL,DT,False,268,0,universe
CMP,2026-09-24,22.75,0.9,False,24.79,-0.157,-0.76,False,73.8,-0.0,73.8,False,3.94,2.97,29.8,-2.6,D 趨勢弱,False,4:05,122.7,跌,18.0,2,False,,-0.057,-0.0221,-0.3377,False,False,-8.97,-2.28,24.43,-7.38,-1.87,9.9,,OHLC,↓,LH/LL,DT,False,268,0,universe
BLBD,2026-09-24,55.58,2.37,False,61.35,-0.379,-0.76,False,72.4,-1.66,74.1,False,4.27,2.9,14.8,-14.4,D 趨勢弱,False,4:00,120.0,跌,17.0,2,False,,-0.2083,-0.0001,-1.3953,False,False,-10.39,-2.43,60.5,-8.85,-2.07,33.4,,OHLC,↓,LH/LL,DT,False,268,0,universe
OLN,2026-09-24,16.26,0.64,False,17.55,-0.064,-0.53,False,72.4,-0.59,73.0,False,3.96,3.22,18.6,-1.8,D 趨勢弱,False,2:49,84.6,升,149.0,16,False,,0.037,0.065,,False,False,-7.91,-2.0,17.66,-8.61,-2.18,45.5,,OHLC,↓,LH/LL,DT,False,268,0,universe
IBM,2026-09-24,227.06,7.35,False,235.22,-0.164,-0.12,False,70.6,-0.34,70.9,False,3.24,4.28,22.0,-12.3,D 趨勢弱,False,4:54,146.8,跌,32.0,5,False,,-1.0778,-0.7199,-1.3507,False,False,-3.59,-1.11,239.94,-5.67,-1.75,1320.7,,OHLC,—,LH/LL,自然回檔,False,268,0,universe
HUN,2026-09-24,8.79,0.35,False,9.54,-0.042,-0.64,False,69.5,-0.87,70.3,False,3.97,3.76,7.2,-2.6,D 趨勢弱,False,10:55,327.6,升,32.0,3,False,,0.0031,0.014,,False,False,-8.5,-2.14,9.1,-3.53,-0.89,22.8,,OHLC,↓,LH/LL,DT,False,268,0,universe
ORN,2026-09-24,8.52,0.39,False,9.23,-0.074,-0.64,False,62.9,-2.35,65.3,False,4.63,4.4,16.3,-8.0,D 趨勢弱,False,2:49,84.6,升,160.0,30,False,,0.0457,0.0817,,False,False,-8.3,-1.79,9.28,-8.92,-1.93,3.8,,OHLC,↓,LH/LL,DT,False,268,0,universe
DY,2026-09-24,272.1,14.5,False,318.27,-2.673,-0.85,False,62.8,-0.14,63.0,False,5.33,3.72,0.0,0.0,D 趨勢弱,False,2:49,84.6,升,99.0,9,False,,2.4132,2.902,,False,False,-16.97,-3.18,291.8,-7.24,-1.36,200.6,,OHLC,↓,LH/LL,DT,False,268,0,universe
ADTN,2026-09-24,6.94,0.36,False,7.59,-0.039,-0.32,False,62.3,-0.1,62.4,False,5.16,4.0,11.5,-5.7,D 趨勢弱,False,2:49,84.6,升,209.0,31,False,,0.0754,0.0907,,False,False,-9.42,-1.82,7.29,-5.04,-0.98,11.8,,OHLC,↓,LH/LL,DT,False,268,0,universe
LUMN,2026-09-24,5.86,0.36,False,6.45,-0.016,0.01,False,59.8,-1.06,60.9,False,6.09,3.58,14.6,7.7,D 趨勢弱,False,5:49,174.7,跌,47.0,5,False,,-0.0823,-0.0528,-0.0823,False,False,-10.01,-1.64,6.72,-14.68,-2.41,88.1,,OHLC,↓,LH/LL,DT,False,268,0,universe
RSI,2026-09-24,19.54,1.25,False,24.19,-0.549,-1.38,False,59.2,-2.02,61.2,False,6.38,3.44,5.0,0.0,D 趨勢弱,False,5:35,167.4,跌,43.0,5,False,,-0.6443,-0.5572,-0.8224,False,False,-23.78,-3.73,,,,84.5,,OHLC,—,HH/HL,DT,False,268,0,universe
ORKA,2026-09-24,85.49,5.47,False,97.22,-0.896,-0.46,False,58.8,-2.38,61.2,False,6.39,3.5,40.4,-5.2,D 趨勢弱,False,4:01,120.3,跌,17.0,2,False,,-0.5981,-0.1747,-2.5938,False,False,-13.72,-2.15,97.73,-14.32,-2.24,86.3,,OHLC,↓,LH/LL,DT,False,268,0,universe
RUN,2026-09-24,7.78,0.48,False,8.92,-0.091,-0.64,False,58.8,-2.92,61.7,False,6.15,3.75,0.0,-18.6,D 趨勢弱,False,2:49,84.6,升,132.0,16,False,,0.0178,0.0668,,False,False,-14.66,-2.38,8.72,-12.15,-1.98,64.5,,OHLC,↓,LH/LL,DT,False,268,0,universe
RKLB,2026-09-24,73.61,4.07,False,68.5,-0.183,-0.59,False,58.1,-0.12,58.3,False,5.53,4.51,24.1,-8.3,D 趨勢弱,False,12:02,0.9,升,51.0,8,False,,1.5344,1.3401,,False,False,6.94,1.26,,,,1300.4,,OHLC,—,LH/LL,UT,False,268,0,universe
PSN,2026-09-24,42.44,1.71,False,46.68,-0.12,-0.34,False,57.4,-0.85,58.2,False,4.04,6.17,13.3,-1.4,D 趨勢弱,False,5:25,162.7,跌,40.0,5,False,,-0.2553,-0.1503,-1.5853,False,False,-9.98,-2.47,47.59,-12.13,-3.0,53.4,,OHLC,↓,LH/LL,DT,False,268,0,universe
AIOT,2026-09-24,2.83,0.13,False,3.0,-0.013,-0.58,False,56.9,-0.16,57.0,False,4.48,5.83,21.3,-0.1,D 趨勢弱,False,2:49,84.6,升,139.0,19,False,,0.0153,0.0214,,False,False,-5.86,-1.31,2.92,-3.18,-0.71,3.9,,OHLC,—,HH/HL,DT,True,268,0,universe
MEC,2026-09-24,16.77,1.21,False,19.75,-0.208,-1.31,False,56.3,-1.39,57.7,False,7.24,3.21,7.1,-5.3,D 趨勢弱,False,2:49,84.6,升,111.0,15,False,,0.137,0.1454,,False,False,-17.79,-2.46,17.45,-4.05,-0.56,9.1,,OHLC,↓,LH/LL,DT,False,268,0,universe
AESI,2026-09-24,10.99,0.73,False,12.89,-0.06,0.08,False,55.4,-0.97,56.4,False,6.64,4.01,21.4,-5.6,D 趨勢弱,False,5:07,153.3,跌,35.0,4,False,,-0.2909,-0.2099,-0.3444,False,False,-17.32,-2.61,14.14,-28.66,-4.32,39.7,,OHLC,↓,LH/LL,DT,False,268,0,universe
AGX,2026-09-24,361.06,24.49,False,432.57,-5.646,-1.15,False,52.3,-0.1,52.4,False,6.78,4.6,8.5,-0.4,D 趨勢弱,False,2:49,84.6,升,107.0,10,False,,2.3767,2.8086,,False,False,-19.8,-2.92,413.13,-14.42,-2.13,184.7,,OHLC,—,LH/LL,DT,True,268,0,universe
AMRC,2026-09-24,21.67,1.43,False,23.27,-0.144,-0.25,False,50.4,-1.74,52.1,False,6.58,5.27,23.2,16.6,D 趨勢弱,False,2:49,84.6,升,105.0,13,False,,0.0133,0.142,,False,False,-7.38,-1.12,23.78,-9.74,-1.48,14.9,,OHLC,↓,LH/LL,DT,False,268,0,universe
SSTK,2026-09-24,4.14,0.34,False,5.25,-0.045,-0.69,False,40.0,-0.74,40.7,False,8.15,6.65,10.0,0.0,D 趨勢弱,False,3:58,118.8,跌,16.0,4,False,,-0.0382,-0.026,-0.0382,False,False,-26.92,-3.3,5.26,-27.05,-3.32,5.1,,OHLC,↓,LH/LL,DT,False,268,0,universe
FRMI,2026-09-24,4.55,0.38,False,5.42,-0.161,-1.14,False,38.4,-1.51,39.9,False,8.42,6.9,0.0,-0.8,D 趨勢弱,False,2:09,64.5,升,86.0,13,False,,0.0059,0.0287,,False,False,-19.13,-2.27,5.14,-12.97,-1.54,87.9,,OHLC,↓,LH/LL,DT,False,247,0,universe
CCOI,2026-09-24,7.64,0.81,False,9.43,-0.094,-0.54,False,36.1,-1.22,37.4,False,10.58,5.55,0.0,-0.7,D 趨勢弱,False,3:36,108.2,跌,10.0,1,False,,-0.0504,0.0173,-0.1796,False,False,-23.48,-2.22,9.21,-20.55,-1.94,20.5,,OHLC,↓,LH/LL,DT,False,268,0,universe
BW,2026-09-24,6.17,0.64,False,7.83,-0.208,-1.03,False,35.3,-2.08,37.3,False,10.38,6.09,14.1,-1.7,D 趨勢弱,False,2:49,84.6,升,101.0,13,False,,0.0314,0.0871,,False,False,-26.82,-2.58,7.36,-19.29,-1.86,33.7,,OHLC,↓,LH/LL,DT,False,268,0,universe
EOSE,2026-09-24,3.24,0.34,False,3.75,-0.046,-0.15,False,33.8,-3.22,37.0,False,10.49,6.57,6.7,-14.9,D 趨勢弱,False,3:23,101.7,跌,6.0,1,False,,-0.027,0.018,-0.027,False,False,-15.58,-1.49,,,,103.5,,OHLC,—,HH/HL,DT,False,268,0,universe
FTH,2026-09-24,29.05,3.28,False,34.56,-0.158,0.12,False,32.7,-2.7,35.4,False,11.28,6.21,5.0,-9.2,D 趨勢弱,False,4:44,142.0,跌,29.0,8,False,,-1.1114,-0.9123,-1.1114,False,False,-18.97,-1.68,35.13,-20.93,-1.86,15.6,,OHLC,↓,LH/LL,DT,False,187,0,universe
BIOA,2026-09-24,7.21,0.7,False,9.05,-0.139,-1.06,False,21.9,-1.25,23.2,False,9.65,13.71,19.6,-0.8,D 趨勢弱,False,2:49,84.6,升,259.0,23,False,,0.1491,0.1986,,False,False,-25.46,-2.64,8.46,-17.34,-1.8,5.9,,OHLC,↓,LH/LL,DT,False,268,0,universe
DCOY,2026-09-24,3.11,0.71,False,4.45,-0.011,1.71,False,14.5,-3.73,18.2,False,22.95,7.56,10.6,-4.4,D 趨勢弱,False,2:49,84.6,升,249.0,28,False,,0.1353,0.1483,,False,False,-43.22,-1.88,2.67,14.15,0.62,21.8,,OHLC,↑,HH/HL,自然回檔,False,187,0,universe
MEDS,2026-09-24,3.5,1.2,False,5.72,-0.001,-0.06,False,5.2,-0.23,5.4,False,34.21,21.24,15.0,0.0,E 延伸,False,2:49,84.6,升,148.0,16,False,,0.2741,0.3605,,False,False,-63.37,-1.85,3.76,-7.43,-0.22,68.8,,OHLC,—,HH/HL,DT,False,187,0,universe
TNON,2026-09-24,2.96,1.23,False,6.89,-0.004,-0.01,False,4.6,-0.21,4.8,False,41.7,17.8,0.0,-5.0,D 趨勢弱,False,3:26,103.0,跌,7.0,1,False,,-0.0256,0.0069,-0.1586,False,False,-132.76,-3.18,4.2,-41.89,-1.0,75.1,,OHLC,↓,LH/LL,DT,False,268,0,universe
