ticker,date,close,atr,c1,grav,grav_slope,grav_shift5atr,c2,volidx,volidx_slope,volidx_prev,c3,atr_pct,sd60_pct,vcp,vcp_slope,vcp_grade,c4,clock,theta,cycle,cyc_prog,cyc_days,c5,c5_days,hist,hist_prev,hist_trough,still_light,c6,dist_grav_pct,dist_grav_atr,lr_line,dist_lr_pct,dist_lr_atr,turnover20_m,data_warn,bar_src,lr_dir,struct,mk,inBox,bars,score,lists
BOW,2026-10-01,33.8,0.19,True,33.69,0.004,0.21,True,95.4,0.11,95.2,True,0.56,1.86,86.8,0.1,A 待突破,True,8:49,264.6,跌,377.0,33,True,0.0,-0.0521,-0.0547,-0.1375,True,True,0.32,0.58,33.66,0.41,0.74,10.5,,OHLC,—,HH/HL,UT,True,273,6,universe
DSGR,2026-10-01,34.94,0.11,True,34.82,0.005,0.28,True,92.3,0.02,92.3,True,0.3,2.9,71.9,-1.2,A 待突破,True,8:49,264.6,跌,426.0,41,True,0.0,-0.0419,-0.0429,-0.2637,True,True,0.33,1.09,34.75,0.54,1.78,7.3,,OHLC,↑,HH/HL,UT,False,273,6,universe
VRSN,2026-10-01,286.9,7.6,True,292.05,0.31,0.08,True,86.3,0.26,86.1,True,2.65,1.86,48.2,3.0,C 基底修復,True,6:10,184.9,跌,53.0,6,True,0.0,-2.0905,-2.4537,-2.5553,True,True,-1.79,-0.68,285.38,0.53,0.2,211.9,,OHLC,—,HH/HL,自然反彈,False,273,6,universe
MATX,2026-10-01,225.5,6.94,True,226.85,0.12,0.08,True,84.2,0.31,83.9,True,3.08,1.86,71.2,1.5,A 待突破,True,7:13,216.6,跌,70.0,8,True,0.0,-1.5022,-1.7644,-1.7644,True,True,-0.6,-0.19,221.91,1.59,0.52,71.8,,OHLC,↑,HH/HL,次級反彈,False,273,6,universe
LILA,2026-10-01,8.36,0.24,True,8.55,0.007,0.01,True,83.5,0.63,82.9,True,2.89,2.18,68.3,3.1,C 基底修復,True,8:49,264.6,跌,510.0,37,True,0.0,-0.0629,-0.0645,-0.0912,True,True,-2.3,-0.8,8.98,-7.48,-2.59,3.1,,OHLC,↓,LH/LL,DT,False,273,6,universe
LILAK,2026-10-01,8.3,0.27,True,8.48,0.005,0.0,True,82.6,0.74,81.9,True,3.2,2.04,57.1,3.3,C 基底修復,True,8:49,264.6,跌,497.0,36,True,0.0,-0.0678,-0.0695,-0.0754,True,True,-2.18,-0.68,8.8,-6.02,-1.88,11.5,,OHLC,↓,LH/LL,DT,False,273,6,universe
BGC,2026-10-01,11.62,0.38,True,11.95,0.027,0.19,True,82.5,0.81,81.7,True,3.25,2.02,47.9,1.6,C 基底修復,True,8:49,264.6,跌,113.0,11,True,0.0,-0.1085,-0.1127,-0.1655,True,True,-2.81,-0.87,12.51,-7.66,-2.36,47.9,,OHLC,↓,LH/LL,DT,False,273,6,universe
STRK,2026-10-01,75.02,2.38,True,74.01,0.2,0.5,True,81.6,0.6,81.0,True,3.17,2.26,39.0,0.1,C 基底修復,True,7:46,233.2,跌,80.0,14,True,0.0,-0.2218,-0.2684,-1.0307,True,True,1.35,0.43,77.2,-2.91,-0.92,8.4,,OHLC,—,LH/LL,UT,False,273,6,universe
HSHP,2026-10-01,18.05,0.63,True,17.89,0.023,0.3,True,78.0,0.42,77.6,True,3.49,2.63,66.4,0.2,B 上升結構,True,6:42,200.8,跌,62.0,7,True,0.0,-0.1871,-0.2362,-0.2362,True,True,0.89,0.25,17.95,0.55,0.16,10.2,,OHLC,—,HH/HL,自然反彈,False,273,6,universe
OPY,2026-10-01,119.47,4.69,True,118.39,0.189,0.15,True,77.2,0.96,76.3,True,3.92,2.34,75.2,7.1,A 待突破,True,8:49,264.6,跌,116.0,13,True,0.0,-0.0564,-0.1516,-1.0947,True,True,0.9,0.23,117.36,1.77,0.45,14.5,,OHLC,—,HH/HL,自然反彈,False,273,6,universe
GEO,2026-10-01,30.79,1.32,True,31.3,0.017,-0.02,True,77.0,0.44,76.5,True,4.27,2.03,60.5,4.5,C 基底修復,True,8:49,264.6,跌,189.0,22,True,0.0,-0.0763,-0.0944,-0.2097,True,True,-1.64,-0.38,30.85,-0.19,-0.05,71.7,,OHLC,—,HH/HL,自然反彈,True,273,6,universe
SU,2026-10-01,69.1,1.75,True,68.1,0.028,0.16,True,86.9,0.38,86.5,True,2.54,1.85,80.3,8.5,A 待突破,True,8:49,264.6,跌,98.0,10,True,1.0,-0.1909,-0.2781,-0.5478,True,True,1.45,0.57,69.89,-1.14,-0.45,325.1,,OHLC,—,LH/LL,UT,True,273,6,universe
PSX,2026-10-01,264.23,8.54,True,256.65,0.553,0.34,True,83.3,0.3,83.0,True,3.23,1.88,77.4,8.5,A 待突破,True,8:49,264.6,跌,103.0,9,True,1.0,-1.9923,-2.7448,-2.9126,True,True,2.87,0.89,253.41,4.09,1.27,873.2,,OHLC,↑,HH/HL,自然反彈,False,273,6,universe
REPX,2026-10-01,41.06,1.41,True,41.63,0.067,0.2,True,80.8,0.03,80.7,True,3.44,2.16,58.9,1.3,B 上升結構,True,7:07,213.4,跌,69.0,9,True,1.0,-0.4742,-0.5697,-0.5817,True,True,-1.39,-0.41,40.2,2.09,0.61,16.4,,OHLC,—,HH/HL,自然反彈,False,273,6,universe
NSIT,2026-10-01,161.33,5.87,True,156.69,0.291,0.16,True,78.5,0.18,78.3,True,3.64,2.38,73.0,2.9,A 待突破,True,8:49,264.6,跌,344.0,31,True,1.0,-0.7894,-1.1525,-1.3199,True,True,2.88,0.79,163.37,-1.26,-0.35,59.0,,OHLC,—,LH/LL,次級反彈,True,273,6,universe
MUR,2026-10-01,37.47,1.34,True,37.22,0.044,0.21,True,75.6,0.43,75.2,True,3.58,2.99,55.4,2.3,B 上升結構,True,8:49,264.6,跌,106.0,9,True,1.0,-0.0904,-0.168,-0.4983,True,True,0.67,0.19,37.62,-0.4,-0.11,64.8,,OHLC,—,LH/LL,UT,True,273,6,universe
STRD,2026-10-01,73.16,1.5,True,73.2,0.111,0.39,True,90.2,0.52,89.6,True,2.05,1.66,56.7,0.1,C 基底修復,True,8:39,259.4,跌,94.0,16,True,2.0,-0.3791,-0.433,-0.7379,True,True,-0.05,-0.03,74.0,-1.15,-0.56,7.3,,OHLC,—,LH/LL,自然反彈,True,273,6,universe
LOPE,2026-10-01,153.71,4.46,True,150.29,0.151,0.11,True,83.9,0.53,83.4,True,2.9,2.09,22.6,-0.1,D 趨勢弱,True,6:38,199.0,跌,61.0,9,True,2.0,-0.063,-0.3993,-0.701,True,True,2.22,0.77,154.11,-0.26,-0.09,51.9,,OHLC,—,LH/LL,UT,True,273,6,universe
BOX,2026-10-01,34.6,1.14,True,33.97,0.025,-0.06,True,80.7,0.03,80.7,True,3.29,2.32,66.1,8.0,B 上升結構,True,8:49,264.6,跌,197.0,18,True,2.0,-0.0916,-0.2564,-0.4835,True,True,1.81,0.55,34.86,-0.75,-0.23,90.4,,OHLC,↓,LH/LL,自然反彈,False,273,6,universe
AII,2026-10-01,25.84,0.92,True,25.95,0.008,0.18,True,78.3,0.04,78.3,True,3.58,2.48,71.1,11.6,A 待突破,True,8:49,264.6,跌,179.0,22,True,2.0,-0.2262,-0.2964,-0.3281,True,True,-0.42,-0.12,26.2,-1.39,-0.39,5.6,,OHLC,↓,LH/LL,自然反彈,False,273,6,universe
SPSC,2026-10-01,84.2,2.95,True,81.77,0.102,0.23,True,76.5,0.75,75.7,True,3.5,2.91,63.4,2.3,C 基底修復,True,8:49,264.6,跌,191.0,21,True,2.0,-0.1161,-0.2737,-1.1829,True,True,2.89,0.82,81.01,3.79,1.08,43.8,,OHLC,↑,HH/HL,UT,False,273,6,universe
SLP,2026-10-01,18.49,0.04,True,18.43,0.01,0.63,False,99.9,-0.01,99.9,True,0.21,0.17,65.1,-10.1,B 上升結構,True,8:49,264.6,跌,519.0,64,True,0.0,-0.0025,-0.0047,-0.0631,True,True,0.3,1.45,18.41,0.43,2.06,4.1,,OHLC,↑,HH/HL,UT,False,273,5,universe
RAMP,2026-10-01,37.7,0.17,True,37.68,0.001,-0.13,False,99.5,-0.01,99.5,True,0.45,0.3,66.5,1.2,C 基底修復,True,6:23,191.4,跌,56.0,10,True,0.0,-0.002,-0.0135,-0.0627,True,True,0.06,0.12,37.81,-0.29,-0.65,51.2,,OHLC,—,LH/LL,UT,True,273,5,universe
BEAG,2026-10-01,10.68,0.08,False,10.71,-0.001,-0.99,True,98.9,0.08,98.8,True,0.77,0.33,48.2,-0.5,C 基底修復,True,6:26,192.9,跌,57.0,7,True,0.0,-0.0168,-0.0174,-0.0174,True,True,-0.29,-0.37,10.78,-0.94,-1.22,9.6,,OHLC,—,LH/LL,自然回檔,False,255,5,universe
BRK/A,2026-10-01,751745.0,7974.59,False,759674.13,-35.952,-0.07,True,96.8,0.19,96.7,True,1.06,0.89,42.8,1.8,C 基底修復,True,7:45,232.4,跌,79.0,9,True,0.0,-1819.3927,-1933.3568,-4360.1343,True,True,-1.05,-0.99,,,,182.1,,OHLC,↑,HH/HL,自然回檔,False,273,5,universe
BRK/B,2026-10-01,500.5,5.84,False,505.89,-0.121,-0.07,True,96.6,0.12,96.5,True,1.17,0.86,42.3,1.3,C 基底修復,True,7:45,232.4,跌,79.0,9,True,0.0,-1.2167,-1.2604,-2.9348,True,True,-1.08,-0.92,,,,2359.9,,OHLC,↑,HH/HL,自然回檔,False,273,5,universe
L,2026-10-01,105.05,1.6,False,107.8,-0.28,-0.74,True,95.7,0.07,95.6,True,1.52,0.8,24.9,0.5,D 趨勢弱,True,6:54,206.8,跌,65.0,9,True,0.0,-0.0906,-0.1462,-0.6843,True,True,-2.62,-1.72,108.08,-2.88,-1.89,116.7,,OHLC,↓,LH/LL,DT,False,273,5,universe
GLAD,2026-10-01,19.41,0.32,False,19.63,-0.01,-0.2,True,94.2,0.04,94.1,True,1.66,1.08,48.1,22.7,C 基底修復,True,8:49,264.6,跌,135.0,17,True,0.0,-0.0109,-0.0243,-0.0859,True,True,-1.12,-0.68,19.55,-0.72,-0.43,3.1,,OHLC,—,LH/LL,DT,True,273,5,universe
SMBC,2026-10-01,71.36,1.28,False,72.97,-0.121,-0.65,True,94.1,0.04,94.0,True,1.8,0.97,48.0,-7.4,C 基底修復,True,8:49,264.6,跌,108.0,12,True,0.0,-0.0304,-0.0618,-0.5692,True,True,-2.26,-1.25,74.17,-3.94,-2.19,6.6,,OHLC,—,LH/LL,DT,True,273,5,universe
NNI,2026-10-01,123.57,2.13,False,126.38,-0.108,-0.17,True,94.0,0.06,94.0,True,1.73,1.05,20.1,0.7,D 趨勢弱,True,6:38,199.1,跌,61.0,5,True,0.0,-0.1625,-0.1749,-1.2569,True,True,-2.27,-1.32,,,,18.5,,OHLC,—,HH/HL,DT,False,273,5,universe
BSM,2026-10-01,14.48,0.25,False,14.8,-0.019,-0.02,True,93.5,0.19,93.3,True,1.73,1.19,49.5,11.8,C 基底修復,True,8:49,264.6,跌,125.0,12,True,0.0,-0.0618,-0.0751,-0.0874,True,True,-2.2,-1.27,,,,5.6,,OHLC,—,HH/HL,DT,False,273,5,universe
GABC,2026-10-01,48.8,0.92,False,49.35,-0.076,-0.4,True,93.3,0.03,93.2,True,1.89,1.09,52.4,7.4,C 基底修復,True,8:49,264.6,跌,285.0,38,True,0.0,-0.0677,-0.0779,-0.2829,True,True,-1.12,-0.59,49.87,-2.19,-1.16,6.9,,OHLC,—,LH/LL,DT,True,273,5,universe
KRP,2026-10-01,14.46,0.26,False,14.85,-0.019,-0.34,True,93.3,0.15,93.1,True,1.8,1.18,38.8,12.9,C 基底修復,True,8:49,264.6,跌,160.0,24,True,0.0,-0.0286,-0.0417,-0.0771,True,True,-2.7,-1.5,14.79,-2.28,-1.27,14.6,,OHLC,—,LH/LL,DT,True,273,5,universe
LKFN,2026-10-01,58.1,1.13,False,59.56,-0.129,-0.59,True,93.0,0.45,92.5,True,1.94,1.11,28.1,1.5,D 趨勢弱,True,8:49,264.6,跌,131.0,8,True,0.0,-0.1502,-0.163,-0.3252,True,True,-2.53,-1.3,60.58,-4.28,-2.21,12.0,,OHLC,↓,LH/LL,DT,False,273,5,universe
PLBC,2026-10-01,61.62,1.26,False,61.87,-0.017,-0.13,True,93.0,0.06,92.9,True,2.05,1.0,61.2,-11.0,C 基底修復,True,8:49,264.6,跌,122.0,12,True,0.0,-0.1322,-0.1435,-0.2764,True,True,-0.4,-0.2,63.37,-2.84,-1.39,3.2,,OHLC,—,LH/LL,UT,True,273,5,universe
TRMK,2026-10-01,45.08,0.89,False,46.28,-0.069,-0.39,True,92.9,0.03,92.9,True,1.98,1.09,43.1,2.5,C 基底修復,True,7:44,232.2,跌,79.0,8,True,0.0,-0.1594,-0.1608,-0.2702,True,True,-2.66,-1.35,46.62,-3.42,-1.72,19.9,,OHLC,↓,LH/LL,DT,False,273,5,universe
HBCP,2026-10-01,66.85,1.37,False,68.62,-0.15,-0.64,True,92.6,0.01,92.6,True,2.05,1.09,57.6,7.6,C 基底修復,True,8:49,264.6,跌,157.0,12,True,0.0,-0.1837,-0.231,-0.4346,True,True,-2.64,-1.29,70.36,-5.25,-2.56,4.4,,OHLC,↓,LH/LL,DT,False,273,5,universe
BCAL,2026-10-01,21.55,0.45,True,21.61,0.003,-0.01,False,92.5,-0.44,93.0,True,2.08,1.07,68.4,8.9,A 待突破,True,7:09,214.6,跌,69.0,9,True,0.0,-0.0472,-0.0572,-0.0744,True,True,-0.27,-0.13,21.43,0.56,0.27,5.3,,OHLC,↑,HH/HL,自然回檔,False,273,5,universe
CCBG,2026-10-01,48.8,0.99,False,50.23,-0.12,-0.54,True,92.4,0.12,92.3,True,2.02,1.17,41.7,2.2,C 基底修復,True,8:49,264.6,跌,319.0,41,True,0.0,-0.1401,-0.1625,-0.2574,True,True,-2.92,-1.44,49.86,-2.17,-1.07,4.0,,OHLC,↓,LH/LL,DT,False,273,5,universe
CIVB,2026-10-01,26.57,0.59,False,27.22,-0.036,-0.42,True,92.2,0.02,92.1,True,2.23,1.02,49.1,1.1,C 基底修復,True,6:39,199.7,跌,61.0,8,True,0.0,-0.046,-0.0531,-0.1839,True,True,-2.45,-1.1,27.49,-3.46,-1.55,3.7,,OHLC,↓,LH/LL,DT,False,273,5,universe
CLH,2026-10-01,312.51,5.83,False,315.65,-0.602,-0.34,True,92.2,0.1,92.1,True,1.87,1.38,66.6,1.2,C 基底修復,True,8:49,264.6,跌,100.0,11,True,0.0,-0.7635,-0.904,-1.5098,True,True,-1.0,-0.54,318.78,-2.01,-1.08,118.1,,OHLC,—,LH/LL,自然回檔,True,273,5,universe
EBC,2026-10-01,21.08,0.43,False,21.7,-0.091,-0.81,True,92.2,0.05,92.2,True,2.05,1.18,39.5,3.1,C 基底修復,True,8:49,264.6,跌,560.0,52,True,0.0,-0.0215,-0.0331,-0.1998,True,True,-2.94,-1.43,22.1,-4.84,-2.36,53.4,,OHLC,↓,LH/LL,DT,False,273,5,universe
EG,2026-10-01,368.72,6.93,False,374.45,-0.079,-0.02,True,92.2,0.18,92.0,True,1.88,1.37,41.2,0.8,C 基底修復,True,8:49,264.6,跌,114.0,10,True,0.0,-0.9665,-1.1203,-2.9168,True,True,-1.55,-0.83,366.49,0.6,0.32,160.0,,OHLC,—,HH/HL,DT,False,273,5,universe
HSIC,2026-10-01,84.93,1.78,False,87.33,-0.192,-0.44,True,92.2,0.51,91.7,True,2.09,1.15,48.1,3.6,C 基底修復,True,8:49,264.6,跌,282.0,31,True,0.0,-0.234,-0.2824,-0.6169,True,True,-2.83,-1.35,87.43,-2.94,-1.41,98.1,,OHLC,↓,LH/LL,DT,False,273,5,universe
TIPT,2026-10-01,17.3,0.34,False,17.79,-0.038,-0.47,True,92.1,0.05,92.0,True,1.98,1.29,24.2,4.4,D 趨勢弱,True,8:49,264.6,跌,158.0,18,True,0.0,-0.034,-0.0585,-0.1074,True,True,-2.83,-1.43,17.3,0.0,0.0,3.6,,OHLC,—,LH/LL,DT,True,273,5,universe
BFC,2026-10-01,149.5,2.95,False,152.26,-0.125,-0.3,True,92.0,0.28,91.8,True,1.97,1.3,45.4,-9.1,C 基底修復,True,8:49,264.6,跌,119.0,14,True,0.0,-0.3305,-0.3625,-0.7604,True,True,-1.85,-0.94,150.33,-0.56,-0.28,10.2,,OHLC,—,HH/HL,自然回檔,True,273,5,universe
RBCAA,2026-10-01,92.21,1.88,False,94.68,-0.094,-0.27,True,91.7,0.13,91.6,True,2.04,1.31,51.1,-0.3,C 基底修復,True,8:49,264.6,跌,103.0,12,True,0.0,-0.3168,-0.3296,-0.9649,True,True,-2.68,-1.32,95.28,-3.33,-1.64,10.8,,OHLC,↓,LH/LL,DT,False,273,5,universe
PGC,2026-10-01,44.03,1.0,False,45.03,-0.064,-0.45,True,91.5,0.01,91.5,True,2.27,1.14,54.0,1.7,C 基底修復,True,6:45,202.5,跌,62.0,10,True,0.0,-0.1455,-0.1692,-0.1756,True,True,-2.27,-1.0,45.93,-4.32,-1.9,6.1,,OHLC,↓,LH/LL,DT,False,273,5,universe
NBBK,2026-10-01,22.27,0.46,False,22.49,-0.003,-0.17,True,91.4,0.03,91.3,True,2.09,1.35,64.8,5.4,C 基底修復,True,8:49,264.6,跌,98.0,12,True,0.0,-0.0793,-0.0825,-0.1793,True,True,-1.0,-0.48,22.51,-1.08,-0.52,6.3,,OHLC,—,LH/LL,自然回檔,False,273,5,universe
MBWM,2026-10-01,58.9,1.28,False,60.17,-0.068,-0.26,True,91.3,0.04,91.2,True,2.17,1.29,52.6,-7.4,C 基底修復,True,8:49,264.6,跌,116.0,12,True,0.0,-0.2182,-0.2484,-0.3483,True,True,-2.16,-1.0,60.03,-1.92,-0.88,7.0,,OHLC,—,LH/LL,DT,True,273,5,universe
BWFG,2026-10-01,65.62,1.44,False,66.28,-0.041,-0.22,True,91.0,0.03,91.0,True,2.2,1.31,63.6,7.3,C 基底修復,True,8:49,264.6,跌,116.0,12,True,0.0,-0.243,-0.2806,-0.5673,True,True,-1.0,-0.46,67.17,-2.36,-1.07,5.4,,OHLC,—,LH/LL,DT,True,273,5,universe
BHB,2026-10-01,38.87,0.96,False,39.57,-0.043,-0.38,True,90.8,0.12,90.7,True,2.48,1.09,58.3,6.5,C 基底修復,True,7:10,214.8,跌,69.0,10,True,0.0,-0.1959,-0.2098,-0.2098,True,True,-1.8,-0.72,40.91,-5.25,-2.11,4.2,,OHLC,↓,LH/LL,DT,False,273,5,universe
TRV,2026-10-01,361.64,6.77,False,368.74,-0.056,-0.12,True,90.8,0.01,90.8,True,1.87,1.7,61.8,3.2,C 基底修復,True,6:28,193.9,跌,58.0,8,True,0.0,-1.4716,-1.7206,-4.0307,True,True,-1.96,-1.05,383.99,-6.18,-3.3,516.6,,OHLC,↓,LH/LL,DT,False,273,5,universe
EXPD,2026-10-01,187.74,3.87,False,188.77,-0.045,-0.03,True,90.4,0.1,90.3,True,2.06,1.59,74.4,4.1,A 待突破,True,8:49,264.6,跌,137.0,12,True,0.0,-0.7373,-0.8799,-1.0374,True,True,-0.55,-0.27,189.03,-0.69,-0.33,195.7,,OHLC,—,LH/LL,自然回檔,False,273,5,universe
BEN,2026-10-01,32.5,0.78,False,33.46,-0.081,-0.33,True,89.4,0.08,89.3,True,2.41,1.47,54.3,5.4,C 基底修復,True,8:49,264.6,跌,188.0,23,True,0.0,-0.0898,-0.1073,-0.1716,True,True,-2.97,-1.23,33.33,-2.55,-1.06,131.7,,OHLC,↓,LH/LL,DT,False,273,5,universe
CAC,2026-10-01,56.42,1.5,False,56.97,-0.056,-0.2,True,88.9,0.07,88.8,True,2.65,1.32,54.2,3.0,C 基底修復,True,6:58,208.8,跌,66.0,11,True,0.0,-0.1844,-0.2091,-0.422,True,True,-0.97,-0.36,57.82,-2.48,-0.94,5.6,,OHLC,—,LH/LL,DT,True,273,5,universe
LAND,2026-10-01,9.54,0.24,True,9.36,0.03,0.7,False,88.8,-0.08,88.9,True,2.54,1.45,36.0,3.3,D 趨勢弱,True,8:49,264.6,跌,133.0,12,True,0.0,-0.0409,-0.0466,-0.0468,True,True,1.91,0.75,9.38,1.73,0.68,6.4,,OHLC,—,HH/HL,自然回檔,True,273,5,universe
AMTB,2026-10-01,29.36,0.79,True,29.15,0.006,0.03,False,86.2,-0.15,86.4,True,2.7,1.83,70.6,13.6,A 待突破,True,7:36,227.9,跌,77.0,9,True,0.0,-0.0814,-0.1078,-0.2497,True,True,0.72,0.27,28.68,2.32,0.86,10.6,,OHLC,↑,HH/HL,次級反彈,False,273,5,universe
UFCS,2026-10-01,53.94,1.6,True,54.1,0.018,-0.04,False,86.2,-0.16,86.3,True,2.96,1.58,79.4,19.7,A 待突破,True,8:20,250.0,跌,89.0,13,True,0.0,-0.1727,-0.2521,-0.2631,True,True,-0.29,-0.1,53.67,0.5,0.17,8.6,,OHLC,—,HH/HL,自然反彈,False,273,5,universe
EQH,2026-10-01,51.95,1.39,True,52.24,0.009,0.04,False,86.0,-0.21,86.2,True,2.68,1.89,65.3,3.0,A 待突破,True,6:33,196.7,跌,59.0,8,True,0.0,-0.3139,-0.3149,-0.5039,True,True,-0.56,-0.21,53.84,-3.64,-1.36,173.2,,OHLC,↓,LH/LL,DT,False,273,5,universe
EOG,2026-10-01,141.31,3.57,False,145.36,-0.289,-0.24,True,85.7,0.0,85.7,True,2.53,2.11,43.1,2.2,C 基底修復,True,8:49,264.6,跌,106.0,12,True,0.0,-0.6739,-0.9128,-1.1968,True,True,-2.87,-1.14,142.86,-1.1,-0.43,476.8,,OHLC,—,LH/LL,自然反彈,True,273,5,universe
CZFS,2026-10-01,79.14,2.21,False,81.12,-0.092,-0.2,True,85.4,0.49,84.9,True,2.8,1.89,54.4,1.4,C 基底修復,True,8:49,264.6,跌,326.0,31,True,0.0,-0.3676,-0.396,-0.5761,True,True,-2.5,-0.89,81.92,-3.51,-1.26,3.0,,OHLC,—,LH/LL,自然回檔,True,273,5,universe
MCK,2026-10-01,898.82,24.44,True,886.2,1.718,0.08,False,85.1,-1.84,86.9,True,2.72,2.04,50.5,6.4,C 基底修復,True,8:49,264.6,跌,216.0,17,True,0.0,-2.3863,-5.3719,-5.4753,True,True,1.4,0.52,907.07,-0.92,-0.34,781.1,,OHLC,↓,LH/LL,自然反彈,False,273,5,universe
TRMB,2026-10-01,57.53,1.56,False,59.09,-0.043,0.08,True,85.1,0.27,84.9,True,2.71,2.04,22.6,2.3,D 趨勢弱,True,8:49,264.6,跌,212.0,22,True,0.0,-0.1596,-0.1839,-0.4897,True,True,-2.71,-1.0,57.32,0.37,0.13,139.3,,OHLC,—,HH/HL,自然回檔,True,273,5,universe
DKL,2026-10-01,54.47,1.27,False,55.8,-0.046,0.71,True,85.0,0.0,85.0,True,2.33,2.44,40.0,2.9,C 基底修復,True,6:50,205.2,跌,64.0,8,True,0.0,-0.2547,-0.3531,-0.7798,True,True,-2.44,-1.04,57.71,-5.95,-2.55,13.5,,OHLC,—,LH/LL,次級反彈,False,273,5,universe
SMP,2026-10-01,37.29,1.03,False,38.0,-0.037,-0.14,True,84.9,0.32,84.6,True,2.75,2.03,19.4,0.4,D 趨勢弱,True,8:49,264.6,跌,117.0,13,True,0.0,-0.0167,-0.0213,-0.2693,True,True,-1.91,-0.69,36.32,2.6,0.94,7.3,,OHLC,—,HH/HL,自然反彈,True,273,5,universe
KELYA,2026-10-01,16.43,0.44,False,16.53,-0.004,0.09,True,84.7,0.02,84.7,True,2.67,2.17,73.0,0.1,A 待突破,True,8:49,264.6,跌,143.0,22,True,0.0,-0.0333,-0.0402,-0.2148,True,True,-0.61,-0.23,16.48,-0.3,-0.11,4.4,,OHLC,—,HH/HL,自然回檔,True,273,5,universe
NHP,2026-10-01,16.12,0.54,False,16.22,-0.056,-0.19,True,84.2,1.05,83.1,True,3.33,1.61,31.1,-0.2,C 基底修復,True,8:49,264.6,跌,771.0,27,True,0.0,-0.0102,-0.0114,-0.1258,True,True,-0.64,-0.19,15.74,2.36,0.71,11.8,,OHLC,—,HH/HL,次級反彈,True,113,5,universe
DVN,2026-10-01,47.16,1.4,False,48.42,-0.033,0.02,True,83.3,0.35,82.9,True,2.98,2.14,53.9,13.0,A 待突破,True,8:49,264.6,跌,100.0,12,True,0.0,-0.373,-0.4453,-0.4453,True,True,-2.67,-0.9,49.71,-5.41,-1.82,637.3,,OHLC,↓,LH/LL,自然反彈,False,273,5,universe
JXN,2026-10-01,129.48,3.88,False,133.23,-0.098,-0.1,True,83.3,0.21,83.1,True,3.0,2.1,50.3,1.0,C 基底修復,True,8:49,264.6,跌,118.0,15,True,0.0,-0.8077,-0.8375,-1.3692,True,True,-2.9,-0.97,133.12,-2.81,-0.94,123.3,,OHLC,—,LH/LL,自然回檔,True,273,5,universe
TCPC,2026-10-01,4.03,0.11,False,4.04,-0.005,-0.16,True,82.6,0.53,82.1,True,2.75,2.5,26.5,3.2,D 趨勢弱,True,8:49,264.6,跌,109.0,24,True,0.0,-0.0115,-0.0133,-0.0441,True,True,-0.16,-0.06,3.98,1.24,0.45,3.1,,OHLC,—,HH/HL,自然反彈,True,273,5,universe
MD,2026-10-01,25.76,0.82,False,26.34,-0.016,-0.08,True,81.9,0.19,81.7,True,3.2,2.19,54.0,-0.4,C 基底修復,True,8:49,264.6,跌,98.0,16,True,0.0,-0.0607,-0.0629,-0.1643,True,True,-2.27,-0.71,26.35,-2.29,-0.72,20.0,,OHLC,—,LH/LL,次級回檔,True,273,5,universe
HLI,2026-10-01,128.38,4.23,False,132.0,-0.1,-0.04,True,81.1,0.1,81.0,True,3.29,2.24,11.6,1.8,D 趨勢弱,True,7:29,224.6,跌,75.0,11,True,0.0,-0.6092,-0.7427,-1.3293,True,True,-2.82,-0.86,130.84,-1.92,-0.58,118.0,,OHLC,↓,LH/LL,DT,False,273,5,universe
MEOH,2026-10-01,58.55,1.98,True,60.6,0.078,0.21,True,80.1,0.53,79.6,True,3.38,2.34,65.6,-2.2,B 上升結構,True,7:25,222.6,跌,74.0,10,True,0.0,-0.4424,-0.444,-0.5623,True,False,-3.5,-1.04,60.61,-3.52,-1.04,54.1,,OHLC,—,LH/LL,自然回檔,True,273,5,universe
OIS,2026-10-01,8.19,0.28,False,8.46,-0.027,-0.59,True,79.5,0.94,78.6,True,3.43,2.39,16.4,3.7,D 趨勢弱,True,8:49,264.6,跌,174.0,17,True,0.0,-0.0417,-0.0554,-0.058,True,True,-3.24,-0.94,8.47,-3.42,-1.0,5.0,,OHLC,—,LH/LL,自然反彈,True,273,5,universe
APA,2026-10-01,43.34,1.54,False,43.75,-0.042,0.04,True,77.3,0.09,77.2,True,3.55,2.71,61.5,5.6,B 上升結構,True,8:28,254.1,跌,91.0,12,True,0.0,-0.4416,-0.5584,-0.5584,True,True,-0.94,-0.26,43.7,-0.83,-0.23,272.4,,OHLC,↓,LH/LL,自然反彈,False,273,5,universe
MANH,2026-10-01,204.15,6.94,True,210.89,0.112,0.24,True,74.1,0.16,73.9,False,3.4,3.46,69.2,17.0,A 待突破,True,8:49,264.6,跌,295.0,21,True,0.0,-1.9168,-2.2764,-3.4951,True,True,-3.3,-0.97,212.03,-3.86,-1.14,131.0,,OHLC,—,LH/LL,自然反彈,True,273,5,universe
CLMT,2026-10-01,53.72,2.36,True,53.79,0.078,0.23,True,71.2,1.0,70.2,False,4.39,3.02,70.3,3.2,B 上升結構,True,7:25,222.4,跌,74.0,8,True,0.0,-0.871,-0.9571,-0.9571,True,True,-0.13,-0.03,52.38,2.49,0.57,84.6,,OHLC,↑,HH/HL,自然反彈,False,273,5,universe
FET,2026-10-01,82.3,3.2,True,80.9,0.003,-0.09,True,69.7,0.57,69.1,False,3.89,3.81,90.5,7.8,A 待突破,True,8:49,264.6,跌,346.0,29,True,0.0,-0.4969,-0.5613,-1.3724,True,True,1.7,0.44,80.69,1.96,0.5,15.1,,OHLC,—,HH/HL,自然反彈,True,273,5,universe
GCT,2026-10-01,53.19,2.63,True,51.82,0.048,0.06,True,67.0,0.77,66.2,False,4.95,3.26,58.7,-2.6,E 延伸,True,8:49,264.6,跌,276.0,31,True,0.0,-0.3059,-0.3924,-0.8252,True,True,2.58,0.52,51.64,2.91,0.59,34.1,,OHLC,—,HH/HL,UT,True,273,5,universe
TASK,2026-10-01,8.26,0.43,True,8.11,0.017,0.36,True,59.0,0.03,59.0,False,5.16,4.69,37.6,-0.6,D 趨勢弱,True,6:49,204.5,跌,64.0,7,True,0.0,-0.0667,-0.0808,-0.1169,True,True,1.85,0.36,7.98,3.39,0.66,4.3,,OHLC,↑,HH/HL,UT,False,273,5,universe
TEAM,2026-10-01,189.91,9.42,True,184.08,0.834,0.38,True,55.8,0.85,54.9,False,4.96,5.61,83.6,15.4,A 待突破,True,8:49,264.6,跌,171.0,19,True,0.0,-2.9572,-3.7025,-3.7025,True,True,3.07,0.62,188.65,0.66,0.13,591.0,,OHLC,—,HH/HL,自然反彈,False,273,5,universe
IBTA,2026-10-01,39.92,1.84,True,39.58,0.049,0.28,True,54.1,0.96,53.1,False,4.61,6.35,69.5,-0.7,B 上升結構,True,6:37,198.7,跌,60.0,8,True,0.0,-0.4257,-0.4337,-0.4337,True,True,0.86,0.19,41.68,-4.41,-0.96,8.6,,OHLC,—,LH/LL,DT,True,273,5,universe
CNXC,2026-10-01,27.01,2.29,True,27.92,0.072,-0.13,True,45.7,1.32,44.3,False,8.49,4.6,10.3,10.3,D 趨勢弱,True,8:49,264.6,跌,113.0,16,True,0.0,-0.5006,-0.627,-0.627,True,True,-3.38,-0.4,26.7,1.17,0.14,60.6,,OHLC,—,HH/HL,自然反彈,False,273,5,universe
APPS,2026-10-01,11.55,0.85,True,11.13,0.005,-0.17,True,42.7,0.96,41.7,False,7.36,6.6,51.2,-10.6,E 延伸,True,6:23,191.6,跌,56.0,6,True,0.0,-0.0094,-0.0255,-0.2808,True,True,3.6,0.49,10.88,5.8,0.79,33.8,,OHLC,—,HH/HL,次級反彈,True,273,5,universe
MUA,2026-10-01,9.51,0.12,False,9.71,-0.026,-1.28,True,96.6,0.0,96.6,True,1.31,0.74,17.4,0.2,D 趨勢弱,True,8:49,264.6,跌,114.0,7,True,1.0,-0.0024,-0.0088,-0.0556,True,True,-2.07,-1.58,9.84,-3.47,-2.65,4.7,,OHLC,↓,LH/LL,自然反彈,False,273,5,universe
SPXX,2026-10-01,18.64,0.25,False,18.82,-0.028,-0.63,True,96.2,0.05,96.1,True,1.34,0.84,49.4,2.0,C 基底修復,True,8:49,264.6,跌,255.0,30,True,1.0,-0.0208,-0.0356,-0.0956,True,True,-0.94,-0.71,18.94,-1.61,-1.21,4.7,,OHLC,—,LH/LL,自然回檔,False,273,5,universe
BHRB,2026-10-01,68.87,1.38,False,70.72,-0.101,-0.45,True,93.1,0.01,93.0,True,2.01,1.02,41.1,1.6,C 基底修復,True,8:49,264.6,跌,296.0,39,True,1.0,-0.1458,-0.184,-0.4782,True,True,-2.69,-1.34,72.7,-5.56,-2.77,8.8,,OHLC,↓,LH/LL,DT,False,273,5,universe
RRBI,2026-10-01,101.42,1.95,True,101.54,0.008,-0.16,False,93.0,-0.39,93.3,True,1.92,1.13,70.1,10.0,A 待突破,True,8:49,264.6,跌,116.0,13,True,1.0,-0.2334,-0.3618,-0.3989,True,True,-0.12,-0.06,104.87,-3.4,-1.77,6.9,,OHLC,—,LH/LL,自然回檔,False,273,5,universe
AVBC,2026-10-01,21.66,0.41,False,22.0,-0.019,-0.17,True,91.1,0.18,90.9,True,1.91,1.59,58.7,2.5,C 基底修復,True,7:33,226.4,跌,76.0,9,True,1.0,-0.0622,-0.0718,-0.0762,True,True,-1.56,-0.82,21.74,-0.37,-0.19,3.8,,OHLC,—,LH/LL,自然回檔,False,273,5,universe
LNG,2026-10-01,272.4,7.12,False,278.1,-0.152,-0.07,True,86.3,0.33,86.0,True,2.61,1.9,49.3,11.2,B 上升結構,True,8:49,264.6,跌,215.0,18,True,1.0,-0.8322,-1.1997,-2.9031,True,True,-2.09,-0.8,281.0,-3.16,-1.21,614.5,,OHLC,—,LH/LL,自然回檔,True,273,5,universe
PBR,2026-10-01,20.98,0.57,True,20.2,0.064,0.55,True,84.7,0.69,84.0,True,2.74,2.09,66.4,11.1,A 待突破,True,6:24,192.2,跌,57.0,9,True,1.0,-0.103,-0.1201,-0.1337,True,False,3.74,1.36,21.14,-0.76,-0.28,447.4,,OHLC,—,LH/LL,次級反彈,True,273,5,universe
EQNR,2026-10-01,42.17,1.12,False,43.05,-0.019,-0.04,True,83.2,0.31,82.8,True,2.67,2.47,58.8,10.3,A 待突破,True,8:49,264.6,跌,121.0,11,True,1.0,-0.3777,-0.4356,-0.4402,True,True,-2.08,-0.78,44.1,-4.58,-1.72,163.7,,OHLC,↓,LH/LL,自然反彈,False,273,5,universe
GNK,2026-10-01,27.22,0.84,True,26.9,0.017,0.05,False,81.8,-0.13,81.9,True,3.09,2.31,77.2,13.9,A 待突破,True,8:49,264.6,跌,152.0,8,True,1.0,-0.1274,-0.2149,-0.231,True,True,1.19,0.38,28.1,-3.23,-1.04,17.3,,OHLC,↓,LH/LL,自然反彈,False,273,5,universe
PANL,2026-10-01,8.41,0.27,True,8.25,0.011,0.28,False,81.4,-0.73,82.1,True,3.21,2.26,59.9,1.4,B 上升結構,True,8:29,254.3,跌,91.0,14,True,1.0,-0.0443,-0.0727,-0.0738,True,True,1.88,0.59,8.28,1.55,0.48,3.7,,OHLC,—,HH/HL,自然反彈,False,273,5,universe
STRA,2026-10-01,78.79,2.52,False,80.81,-0.097,-0.3,True,80.6,0.09,80.5,True,3.2,2.43,23.5,1.6,D 趨勢弱,True,8:49,264.6,跌,244.0,22,True,1.0,-0.2314,-0.4294,-0.6343,True,True,-2.56,-0.8,78.85,-0.08,-0.02,25.1,,OHLC,—,LH/LL,自然反彈,True,273,5,universe
PRDO,2026-10-01,31.82,1.07,False,32.39,-0.035,-0.29,True,78.0,0.31,77.7,True,3.37,2.75,16.8,4.8,D 趨勢弱,True,8:49,264.6,跌,168.0,16,True,1.0,-0.1394,-0.2543,-0.3215,True,True,-1.8,-0.53,29.41,7.57,2.25,22.2,,OHLC,↑,HH/HL,UT,False,273,5,universe
SXC,2026-10-01,9.74,0.37,True,9.81,0.013,0.1,False,76.3,-0.66,76.9,True,3.78,2.66,72.6,17.2,B 上升結構,True,8:49,264.6,跌,160.0,16,True,1.0,-0.0485,-0.0719,-0.1219,True,True,-0.68,-0.18,9.51,2.36,0.63,9.5,,OHLC,—,LH/LL,自然反彈,True,273,5,universe
DINO,2026-10-01,112.7,4.66,True,106.11,0.472,0.46,True,76.0,0.94,75.0,True,4.13,2.37,69.6,-0.0,E 延伸,True,6:28,193.9,跌,58.0,8,True,1.0,-0.7907,-1.2311,-1.5866,True,False,5.85,1.42,105.59,6.31,1.53,305.4,,OHLC,↑,HH/HL,自然反彈,False,273,5,universe
OCTV,2026-10-01,19.06,0.78,True,18.78,0.018,0.03,True,75.0,1.0,74.0,True,4.11,2.56,38.3,3.7,C 基底修復,False,4:54,146.8,跌,32.0,3,True,1.0,-0.0053,-0.0182,-0.234,True,True,1.47,0.36,18.58,2.52,0.61,59.8,,OHLC,—,HH/HL,自然反彈,True,92,5,universe
SNOW,2026-10-01,341.99,14.56,True,334.73,0.46,0.04,True,72.1,0.94,71.2,False,4.26,2.97,75.8,-4.0,B 上升結構,True,8:49,264.6,跌,351.0,32,True,1.0,-0.531,-1.0296,-4.0714,True,True,2.12,0.5,328.12,4.06,0.95,1810.6,,OHLC,—,HH/HL,UT,True,273,5,universe
WLTH,2026-10-01,10.37,0.47,True,10.04,0.023,0.15,True,71.2,1.15,70.1,False,4.56,2.83,27.0,7.2,E 延伸,True,8:15,247.5,跌,88.0,7,True,1.0,-0.0027,-0.0115,-0.0593,True,True,3.13,0.69,10.56,-1.83,-0.4,40.5,,OHLC,—,LH/LL,UT,True,200,5,universe
CRM,2026-10-01,236.69,9.04,True,241.94,1.4,0.58,True,70.8,0.46,70.3,False,3.82,3.67,60.5,5.0,B 上升結構,True,8:49,264.6,跌,130.0,16,True,1.0,-3.4757,-4.3122,-4.6542,True,True,-2.22,-0.58,238.22,-0.65,-0.17,3034.2,,OHLC,↓,LH/LL,自然反彈,False,273,5,universe
HPQ,2026-10-01,32.15,1.42,True,31.79,0.036,0.08,True,70.2,1.1,69.1,False,4.41,3.18,63.5,3.2,B 上升結構,True,6:57,208.5,跌,66.0,9,True,1.0,-0.36,-0.4511,-0.4809,True,True,1.13,0.26,34.66,-7.81,-1.77,527.0,,OHLC,↓,LH/LL,自然反彈,False,273,5,universe
PEGA,2026-10-01,34.43,1.46,True,35.58,0.042,0.07,True,69.0,0.37,68.6,False,4.24,3.59,33.9,18.5,D 趨勢弱,True,8:49,264.6,跌,185.0,12,True,1.0,-0.3894,-0.5073,-0.5394,True,True,-3.34,-0.79,38.83,-12.78,-3.01,78.4,,OHLC,↓,LH/LL,自然反彈,False,273,5,universe
VIR,2026-10-01,11.29,0.56,True,10.84,0.053,0.31,True,68.7,0.01,68.7,False,4.92,2.95,75.1,-0.2,A 待突破,True,8:49,264.6,跌,107.0,16,True,1.0,-0.0232,-0.0535,-0.1167,True,True,3.99,0.81,10.83,4.07,0.83,22.6,,OHLC,—,HH/HL,次級反彈,False,273,5,universe
NOW,2026-10-01,137.76,6.03,True,137.02,0.632,0.41,True,68.5,0.45,68.0,False,4.38,3.55,57.9,6.7,C 基底修復,True,8:49,264.6,跌,144.0,18,True,1.0,-1.1092,-1.4912,-1.6345,True,True,0.54,0.12,142.1,-3.15,-0.72,1684.4,,OHLC,↓,LH/LL,自然反彈,False,273,5,universe
APPN,2026-10-01,37.77,2.04,True,37.72,0.001,-0.05,True,58.7,0.34,58.4,False,5.41,4.51,65.5,13.3,B 上升結構,True,8:49,264.6,跌,162.0,21,True,1.0,-0.335,-0.5169,-1.1783,True,True,0.13,0.02,39.89,-5.61,-1.04,33.2,,OHLC,—,HH/HL,自然反彈,False,273,5,universe
HTB,2026-10-01,46.09,0.95,False,46.93,-0.048,-0.38,True,92.1,0.14,92.0,True,2.06,1.19,40.3,11.2,C 基底修復,True,6:37,198.7,跌,60.0,8,True,2.0,-0.0536,-0.0983,-0.5303,True,True,-1.83,-0.89,45.55,1.17,0.57,10.9,,OHLC,↓,LH/LL,自然反彈,False,273,5,universe
RCBC,2026-10-01,52.34,1.38,True,51.87,0.032,0.05,False,88.6,-0.24,88.8,True,2.64,1.4,70.8,0.4,A 待突破,True,8:49,264.6,跌,97.0,12,True,2.0,-0.2487,-0.351,-0.4434,True,True,0.9,0.34,54.19,-3.53,-1.34,5.6,,OHLC,—,LH/LL,UT,True,255,5,universe
UAN,2026-10-01,124.58,3.27,False,128.3,-0.093,0.29,True,86.1,0.7,85.4,True,2.63,1.92,53.4,-1.7,C 基底修復,True,6:02,180.8,跌,50.0,9,True,2.0,-1.2591,-1.4357,-1.5486,True,True,-2.99,-1.14,132.61,-6.45,-2.45,3.4,,OHLC,—,HH/HL,DT,False,273,5,universe
NTNX,2026-10-01,71.52,2.06,True,68.43,0.151,0.22,True,84.7,0.18,84.5,True,2.88,1.96,58.5,-3.7,B 上升結構,True,8:49,264.6,跌,311.0,28,True,2.0,-0.0174,-0.1244,-0.6365,True,False,4.32,1.5,68.03,4.88,1.69,160.2,,OHLC,↑,HH/HL,UT,False,273,5,universe
MTCH,2026-10-01,40.13,1.23,True,41.81,0.044,0.24,True,83.0,0.32,82.7,True,3.06,2.1,47.1,-3.1,C 基底修復,True,8:49,264.6,跌,105.0,8,True,2.0,-0.4251,-0.4609,-0.4931,True,False,-4.19,-1.37,41.15,-2.54,-0.83,146.9,,OHLC,—,HH/HL,DT,False,273,5,universe
KNX,2026-10-01,65.41,2.26,False,67.43,-0.17,-0.5,True,80.7,0.32,80.4,True,3.45,2.15,44.9,17.9,C 基底修復,True,8:42,261.1,跌,95.0,12,True,2.0,-0.1626,-0.3081,-0.3581,True,True,-3.09,-0.89,67.17,-2.69,-0.78,258.5,,OHLC,↓,LH/LL,自然反彈,False,273,5,universe
DBX,2026-10-01,34.08,1.32,False,34.81,-0.019,-0.26,True,76.4,0.22,76.2,True,3.88,2.53,54.5,3.6,C 基底修復,True,6:15,187.6,跌,54.0,8,True,2.0,-0.3413,-0.4577,-0.6215,True,True,-2.15,-0.55,35.7,-4.75,-1.23,170.9,,OHLC,↓,LH/LL,自然反彈,False,273,5,universe
NAVI,2026-10-01,9.11,0.36,False,9.44,-0.004,-0.06,True,75.8,0.35,75.4,True,3.98,2.56,15.1,2.6,D 趨勢弱,True,8:49,264.6,跌,333.0,10,True,2.0,-0.0792,-0.0902,-0.1004,True,True,-3.61,-0.91,10.15,-11.42,-2.87,14.5,,OHLC,—,LH/LL,UT,False,273,5,universe
CXW,2026-10-01,32.49,1.66,True,33.63,0.004,-0.08,True,69.2,1.1,68.1,False,5.12,2.66,60.1,3.6,C 基底修復,True,8:49,264.6,跌,133.0,9,True,2.0,-0.2751,-0.3181,-0.3934,True,True,-3.5,-0.68,34.23,-5.36,-1.05,72.6,,OHLC,—,HH/HL,自然反彈,False,273,5,universe
ESTC,2026-10-01,92.31,4.0,True,90.36,0.2,0.26,True,67.0,0.31,66.7,False,4.34,3.87,76.3,6.7,B 上升結構,True,8:49,264.6,跌,236.0,18,True,2.0,-0.172,-0.3259,-1.6023,True,True,2.11,0.49,88.97,3.62,0.83,181.1,,OHLC,—,LH/LL,UT,True,273,5,universe
SNAP,2026-10-01,5.65,0.27,True,5.54,0.011,0.14,True,65.3,0.63,64.7,False,4.84,3.71,47.5,6.7,D 趨勢弱,True,8:47,263.5,跌,96.0,10,True,2.0,-0.0275,-0.0503,-0.0597,True,True,1.92,0.4,5.29,6.37,1.32,182.9,,OHLC,↑,HH/HL,次級反彈,False,273,5,universe
DUOL,2026-10-01,146.57,7.17,True,147.57,0.061,0.12,True,63.5,1.37,62.1,False,4.89,4.03,57.3,-2.6,D 趨勢弱,True,8:49,264.6,跌,544.0,17,True,2.0,-0.897,-1.3278,-1.6792,True,True,-0.68,-0.14,149.42,-1.94,-0.4,166.6,,OHLC,↓,LH/LL,自然反彈,False,273,5,universe
DK,2026-10-01,74.34,4.22,True,73.01,0.08,-0.05,True,61.9,1.11,60.8,False,5.68,3.57,73.3,4.8,B 上升結構,True,8:49,264.6,跌,124.0,9,True,2.0,-0.7736,-1.1896,-1.5467,True,True,1.78,0.31,65.58,11.78,2.07,211.5,,OHLC,↑,HH/HL,UT,False,273,5,universe
SPT,2026-10-01,10.38,0.56,True,10.64,0.015,0.02,True,58.5,0.59,57.9,False,5.37,4.59,60.1,18.9,B 上升結構,True,8:49,264.6,跌,138.0,18,True,2.0,-0.1195,-0.1928,-0.2391,True,True,-2.46,-0.46,9.97,3.95,0.73,11.9,,OHLC,—,LH/LL,UT,False,273,5,universe
SMMT,2026-10-01,16.69,1.15,True,16.21,0.104,0.64,True,52.7,0.1,52.6,False,6.89,4.4,25.0,0.0,E 延伸,True,7:22,220.9,跌,73.0,7,True,2.0,-0.1763,-0.2055,-0.296,True,True,2.87,0.42,17.3,-3.65,-0.53,134.6,,OHLC,↑,HH/HL,UT,False,273,5,universe
STRC,2026-10-01,99.5,0.78,True,97.95,0.158,0.87,True,97.1,0.09,97.0,True,0.79,1.07,57.1,-0.4,C 基底修復,True,8:33,256.7,跌,93.0,22,False,3.0,-0.0828,-0.093,-0.2753,True,True,1.56,1.98,98.26,1.25,1.58,152.1,,OHLC,—,HH/HL,UT,True,273,5,universe
GILD,2026-10-01,147.5,3.41,True,148.46,0.048,0.37,True,89.3,0.14,89.1,True,2.31,1.59,59.5,-5.7,A 待突破,True,8:49,264.6,跌,157.0,18,False,3.0,-0.5405,-0.3194,-0.9237,False,True,-0.65,-0.28,154.2,-4.54,-1.97,878.7,,OHLC,—,LH/LL,自然回檔,False,273,5,universe
MO,2026-10-01,66.95,1.35,True,68.7,0.089,0.49,True,89.2,0.09,89.1,True,2.02,1.9,35.4,-12.5,C 基底修復,True,7:03,211.4,跌,67.0,7,False,3.0,-0.2343,-0.1545,-0.7315,False,True,-2.62,-1.3,70.29,-4.99,-2.47,535.6,,OHLC,↓,LH/LL,DT,False,273,5,universe
NPK,2026-10-01,150.12,4.53,True,149.78,0.047,0.1,True,83.6,0.34,83.2,True,3.02,2.03,64.8,5.4,A 待突破,True,8:49,264.6,跌,191.0,22,False,3.0,-0.6757,-0.9739,-1.4074,True,True,0.22,0.07,156.66,-4.36,-1.44,16.9,,OHLC,—,LH/LL,UT,True,273,5,universe
DV,2026-10-01,13.49,0.08,True,13.44,0.006,0.32,True,93.6,0.25,93.4,True,0.62,2.27,82.7,-1.0,A 待突破,True,8:49,264.6,跌,273.0,27,False,4.0,-0.0399,-0.046,-0.0793,True,True,0.4,0.64,13.36,0.96,1.56,49.8,,OHLC,—,HH/HL,UT,True,273,5,universe
WEAV,2026-10-01,7.38,0.08,True,7.31,0.003,0.95,True,76.9,0.22,76.6,True,1.05,5.29,83.3,0.3,A 待突破,True,8:49,264.6,跌,138.0,15,False,4.0,-0.0276,-0.0289,-0.2323,True,True,0.88,0.84,7.29,1.22,1.16,12.8,,OHLC,—,HH/HL,UT,True,273,5,universe
LTC,2026-10-01,42.67,0.83,True,42.21,0.135,0.64,True,91.6,0.02,91.5,True,1.95,1.44,60.1,2.4,C 基底修復,True,6:18,189.1,跌,55.0,7,False,5.0,-0.0919,-0.062,-0.4927,False,True,1.07,0.55,42.42,0.59,0.3,27.9,,OHLC,—,HH/HL,自然反彈,True,273,5,universe
CVX,2026-10-01,207.1,4.18,True,208.01,0.018,0.11,True,91.1,0.06,91.1,True,2.02,1.47,64.5,6.1,A 待突破,True,8:49,264.6,跌,130.0,12,False,5.0,-1.0124,-1.2882,-1.6293,True,True,-0.44,-0.22,208.25,-0.56,-0.28,2053.9,,OHLC,—,LH/LL,自然反彈,False,273,5,universe
TGT,2026-10-01,156.7,3.86,True,160.45,0.227,0.23,True,87.9,0.59,87.4,True,2.46,1.71,74.5,-1.7,A 待突破,True,8:49,264.6,跌,279.0,23,False,5.0,-0.5145,-0.5622,-1.7752,True,True,-2.39,-0.97,153.96,1.75,0.71,530.6,,OHLC,—,HH/HL,DT,True,273,5,universe
EXEL,2026-10-01,57.94,1.67,True,57.1,0.145,0.63,True,83.8,0.03,83.7,True,2.88,2.13,72.3,3.3,A 待突破,True,7:42,230.9,跌,78.0,9,False,5.0,-0.0454,-0.0056,-0.6624,False,True,1.45,0.5,56.26,2.9,1.01,123.2,,OHLC,↑,HH/HL,自然反彈,False,273,5,universe
HUM,2026-10-01,379.68,13.46,True,390.64,0.143,0.09,True,80.4,0.21,80.2,True,3.54,2.12,56.3,-4.0,C 基底修復,True,8:49,264.6,跌,101.0,12,False,5.0,-1.1718,-1.0048,-5.5078,False,True,-2.89,-0.81,413.57,-8.93,-2.52,410.3,,OHLC,—,LH/LL,自然回檔,False,273,5,universe
AVTR,2026-10-01,15.03,0.45,True,15.0,0.028,0.4,True,78.8,0.04,78.8,True,3.0,2.95,63.1,-3.1,A 待突破,True,8:49,264.6,跌,98.0,10,False,5.0,-0.106,-0.0993,-0.117,False,True,0.23,0.08,14.81,1.46,0.49,139.1,,OHLC,↑,HH/HL,次級回檔,False,273,5,universe
CHEF,2026-10-01,112.56,3.66,True,111.7,0.111,0.11,True,81.1,0.61,80.5,True,3.25,2.28,90.2,-2.0,A 待突破,True,9:25,282.4,升,7.0,1,False,6.0,0.0727,-0.0121,,False,True,0.76,0.23,110.85,1.52,0.47,69.9,,OHLC,—,LH/LL,UT,True,273,5,universe
PAYO,2026-10-01,7.14,0.03,True,7.13,0.002,0.15,True,99.5,0.03,99.4,True,0.46,0.29,85.5,0.3,A 待突破,True,8:49,264.6,跌,582.0,65,False,7.0,-0.0016,-0.0015,-0.0414,False,True,0.16,0.35,7.1,0.56,1.23,20.9,,OHLC,↑,HH/HL,UT,False,273,5,universe
RCMT,2026-10-01,42.02,1.36,True,40.78,0.04,0.65,True,75.3,0.05,75.2,True,3.24,3.39,90.6,14.3,A 待突破,True,8:49,264.6,跌,235.0,20,False,8.0,-0.1548,-0.2457,-0.6783,True,True,2.94,0.91,39.15,6.83,2.11,3.3,,OHLC,↑,HH/HL,UT,False,273,5,universe
MSFT,2026-10-01,512.8,11.73,True,500.2,0.941,0.38,True,85.4,0.14,85.3,True,2.29,2.4,72.2,-1.2,A 待突破,True,9:28,283.8,升,8.0,1,False,10.0,0.0601,-0.0474,,False,True,2.46,1.07,496.82,3.12,1.36,10815.3,,OHLC,↑,HH/HL,UT,False,273,5,universe
ACU,2026-10-01,63.15,1.79,True,62.1,0.021,0.15,True,82.2,0.16,82.0,True,2.84,2.49,77.4,0.7,A 待突破,True,8:49,264.6,跌,477.0,28,False,12.0,-0.0747,-0.0466,-0.6504,False,True,1.67,0.59,63.69,-0.86,-0.3,3.1,,OHLC,—,LH/LL,UT,True,273,5,universe
BWMN,2026-10-01,42.59,0.24,True,42.56,0.004,0.31,True,76.6,0.19,76.4,True,0.57,5.81,71.4,-1.3,A 待突破,True,8:49,264.6,跌,190.0,24,False,12.0,-0.3052,-0.322,-0.5468,True,True,0.08,0.13,42.39,0.47,0.82,15.7,,OHLC,—,HH/HL,UT,True,273,5,universe
SATA,2026-10-01,100.01,0.23,True,99.95,0.004,0.1,True,99.4,0.04,99.4,True,0.23,0.54,60.0,0.3,C 基底修復,True,8:49,264.6,跌,169.0,24,False,13.0,-0.0636,-0.0668,-0.1201,True,True,0.06,0.25,100.07,-0.06,-0.26,58.2,,OHLC,—,LH/LL,UT,True,226,5,universe
HZO,2026-10-01,52.33,0.3,True,52.27,0.004,0.13,True,80.4,0.15,80.3,True,0.57,5.09,94.3,-0.1,A 待突破,True,8:49,264.6,跌,290.0,25,False,13.0,-0.3747,-0.3957,-0.6256,True,True,0.11,0.19,52.24,0.17,0.3,43.2,,OHLC,—,HH/HL,UT,True,273,5,universe
VREX,2026-10-01,18.49,0.1,True,18.49,0.0,-0.02,True,80.0,0.11,79.9,True,0.53,5.2,89.5,-0.1,A 待突破,True,8:49,264.6,跌,260.0,25,False,13.0,-0.1542,-0.1662,-0.279,True,True,0.01,0.02,18.53,-0.22,-0.41,12.3,,OHLC,—,LH/LL,UT,True,273,5,universe
LXP,2026-10-01,60.95,0.15,True,60.85,0.005,0.28,True,99.1,0.15,98.9,True,0.25,0.74,74.7,0.4,A 待突破,True,8:49,264.6,跌,382.0,43,False,,-0.038,-0.0431,-0.2607,True,True,0.17,0.66,60.96,-0.02,-0.06,56.9,,OHLC,—,LH/LL,UT,True,273,5,universe
BZH,2026-10-01,33.39,0.13,True,33.29,0.007,0.29,True,98.4,2.46,95.9,True,0.4,0.95,76.8,0.1,A 待突破,True,8:49,264.6,跌,442.0,48,False,,-0.0304,-0.0335,-0.2223,True,True,0.29,0.73,33.07,0.96,2.37,25.7,,OHLC,—,HH/HL,自然回檔,True,273,5,universe
ITGR,2026-10-01,126.42,0.44,True,125.96,0.027,0.47,True,93.5,0.1,93.4,True,0.35,2.58,85.6,0.4,A 待突破,True,8:49,264.6,跌,382.0,31,False,,-0.4395,-0.469,-1.1148,True,True,0.37,1.06,126.16,0.21,0.59,103.2,,OHLC,—,HH/HL,UT,True,273,5,universe
MKTX,2026-10-01,164.22,0.59,True,163.15,0.08,0.47,True,89.9,0.1,89.8,True,0.36,3.4,59.9,-0.1,B 上升結構,True,8:49,264.6,跌,158.0,31,False,,-0.5461,-0.594,-1.5588,True,True,0.65,1.82,162.97,0.76,2.12,149.3,,OHLC,↑,HH/HL,UT,False,273,5,universe
ATKR,2026-10-01,94.77,0.39,True,94.16,0.037,0.45,True,89.2,0.13,89.1,True,0.41,3.5,88.9,-0.6,A 待突破,True,8:49,264.6,跌,197.0,29,False,,-0.2736,-0.2909,-0.6839,True,True,0.64,1.56,93.5,1.34,3.28,73.8,,OHLC,—,HH/HL,UT,True,273,5,universe
SAFT,2026-10-01,103.81,0.33,True,103.52,0.01,0.09,True,84.9,0.01,84.8,True,0.32,4.49,87.9,-0.0,A 待突破,True,8:49,264.6,跌,285.0,35,False,,-0.2737,-0.308,-1.0391,True,True,0.28,0.88,103.43,0.37,1.16,13.2,,OHLC,—,HH/HL,UT,True,273,5,universe
LOGI,2026-10-01,103.32,2.87,True,100.28,0.127,-0.02,True,83.3,0.13,83.1,True,2.78,2.34,51.1,8.4,C 基底修復,True,9:25,282.7,升,7.0,1,False,,0.0526,-0.079,,False,True,2.94,1.06,99.56,3.63,1.31,73.3,,OHLC,↑,HH/HL,自然反彈,False,273,5,universe
HGTY,2026-10-01,13.46,0.41,True,13.29,0.007,0.11,True,81.5,0.25,81.3,True,3.07,2.38,66.4,-2.0,A 待突破,True,7:24,222.2,跌,73.0,9,False,,-0.0727,-0.0711,-0.0727,False,True,1.23,0.4,13.27,1.41,0.46,9.6,,OHLC,—,HH/HL,自然回檔,True,273,5,universe
TXNM,2026-10-01,58.53,0.38,True,58.12,0.014,0.25,False,99.1,-0.02,99.1,True,0.65,0.36,53.2,10.3,C 基底修復,False,3:52,115.9,跌,14.0,2,True,0.0,-0.0049,-0.0089,-0.0633,True,True,0.7,1.09,58.09,0.75,1.17,103.1,,OHLC,—,HH/HL,自然反彈,True,273,4,universe
BDJ,2026-10-01,9.44,0.11,False,9.68,-0.017,-0.71,False,97.2,-0.15,97.3,True,1.2,0.65,44.8,15.9,C 基底修復,True,8:49,264.6,跌,188.0,19,True,0.0,-0.0231,-0.0251,-0.0326,True,True,-2.51,-2.1,9.93,-5.19,-4.34,4.6,,OHLC,—,LH/LL,自然回檔,False,273,4,universe
LNTH,2026-10-01,99.65,0.59,False,100.39,-0.014,-0.31,True,97.0,0.27,96.8,True,0.59,1.29,68.4,0.1,C 基底修復,False,5:37,168.5,跌,44.0,6,True,0.0,-0.0309,-0.044,-0.6032,True,True,-0.74,-1.25,101.02,-1.37,-2.32,101.0,,OHLC,↓,LH/LL,DT,False,273,4,universe
IBOC,2026-10-01,69.12,1.09,False,70.45,-0.132,-0.53,False,95.2,-0.03,95.2,True,1.58,0.89,28.0,2.2,D 趨勢弱,True,6:07,183.3,跌,52.0,7,True,0.0,-0.0484,-0.0766,-0.5471,True,True,-1.92,-1.22,71.91,-4.04,-2.56,27.7,,OHLC,↓,LH/LL,DT,False,273,4,universe
CBSH,2026-10-01,54.83,0.93,False,57.39,-0.144,-0.66,True,95.0,0.1,94.9,True,1.7,0.82,37.7,1.2,C 基底修復,True,7:24,222.2,跌,73.0,12,True,0.0,-0.2161,-0.2212,-0.2775,True,False,-4.66,-2.75,56.57,-3.17,-1.87,60.9,,OHLC,↓,LH/LL,DT,False,273,4,universe
ED,2026-10-01,103.5,1.65,False,105.77,-0.245,-0.69,False,94.8,-0.04,94.8,True,1.6,0.98,20.2,1.3,D 趨勢弱,True,8:49,264.6,跌,102.0,15,True,0.0,-0.1176,-0.2222,-0.5729,True,True,-2.19,-1.37,108.54,-4.87,-3.05,225.3,,OHLC,↓,LH/LL,DT,False,273,4,universe
AFG,2026-10-01,138.08,2.16,False,141.78,-0.198,-0.59,False,94.7,-0.06,94.8,True,1.56,1.03,39.3,1.7,C 基底修復,True,8:49,264.6,跌,528.0,31,True,0.0,-0.4232,-0.5101,-0.5101,True,True,-2.68,-1.71,144.84,-4.9,-3.13,57.3,,OHLC,↓,LH/LL,DT,False,273,4,universe
KRG,2026-10-01,24.44,0.4,False,25.59,-0.07,-0.75,True,94.7,0.05,94.7,True,1.65,0.94,18.7,-1.0,D 趨勢弱,True,7:45,232.4,跌,79.0,9,True,0.0,-0.0436,-0.0483,-0.3405,True,False,-4.7,-2.85,26.37,-7.9,-4.79,53.7,,OHLC,↓,LH/LL,DT,False,273,4,universe
UBSI,2026-10-01,46.4,0.79,False,47.09,-0.069,-0.42,False,94.5,-0.2,94.7,True,1.7,0.94,50.9,3.1,C 基底修復,True,7:58,239.0,跌,83.0,11,True,0.0,-0.0681,-0.0919,-0.2587,True,True,-1.48,-0.87,47.21,-1.75,-1.02,53.7,,OHLC,↓,LH/LL,DT,False,273,4,universe
WEC,2026-10-01,101.73,1.68,False,104.33,-0.327,-0.96,False,94.4,-0.04,94.5,True,1.66,1.01,17.1,1.3,D 趨勢弱,True,8:07,243.4,跌,85.0,13,True,0.0,-0.0121,-0.0803,-0.6276,True,True,-2.56,-1.54,107.33,-5.5,-3.32,297.1,,OHLC,↓,LH/LL,DT,False,273,4,universe
BFST,2026-10-01,30.46,0.52,False,30.98,-0.055,-0.48,False,94.3,-0.23,94.5,True,1.7,1.01,51.0,3.2,C 基底修復,True,7:09,214.6,跌,69.0,12,True,0.0,-0.0642,-0.0811,-0.1725,True,True,-1.72,-1.01,31.9,-4.73,-2.78,6.6,,OHLC,↓,LH/LL,DT,False,273,4,universe
WTM,2026-10-01,2013.04,36.35,False,2078.1,-3.224,-0.4,True,94.3,0.2,94.1,True,1.81,0.91,30.0,0.7,C 基底修復,True,8:49,264.6,跌,126.0,23,True,0.0,-2.4044,-2.9371,-13.1279,True,False,-3.23,-1.79,2065.14,-2.59,-1.43,40.9,,OHLC,—,LH/LL,DT,True,273,4,universe
CHCO,2026-10-01,141.39,2.52,False,142.69,-0.149,-0.37,False,94.1,-0.17,94.2,True,1.78,0.99,51.6,8.4,C 基底修復,True,8:49,264.6,跌,434.0,38,True,0.0,-0.2734,-0.4455,-0.7869,True,True,-0.92,-0.52,142.37,-0.69,-0.39,18.6,,OHLC,↓,LH/LL,DT,False,273,4,universe
MKL,2026-10-01,1726.11,26.85,False,1780.86,-3.716,-0.61,True,94.0,0.06,94.0,True,1.56,1.23,13.3,1.4,D 趨勢弱,True,6:22,190.8,跌,56.0,7,True,0.0,-2.5368,-3.1898,-16.0371,True,False,-3.17,-2.04,1807.0,-4.69,-3.01,124.6,,OHLC,↓,LH/LL,DT,False,273,4,universe
WSFS,2026-10-01,76.62,1.38,False,78.44,-0.133,-0.5,False,94.0,-0.29,94.3,True,1.8,0.99,53.2,3.5,C 基底修復,True,6:40,200.1,跌,61.0,9,True,0.0,-0.264,-0.3367,-0.5511,True,True,-2.37,-1.31,81.26,-6.06,-3.36,28.8,,OHLC,↓,LH/LL,DT,False,273,4,universe
BUSE,2026-10-01,29.46,0.54,False,30.09,-0.058,-0.47,False,93.9,-0.25,94.1,True,1.83,0.99,50.4,2.8,C 基底修復,True,7:43,231.3,跌,79.0,12,True,0.0,-0.0916,-0.1031,-0.1974,True,True,-2.15,-1.17,30.33,-2.95,-1.61,24.4,,OHLC,↓,LH/LL,DT,False,273,4,universe
SRCE,2026-10-01,85.94,1.47,False,85.87,-0.085,-0.34,False,93.9,-0.42,94.3,True,1.7,1.11,54.0,-8.7,C 基底修復,True,8:05,242.7,跌,85.0,12,True,0.0,-0.0755,-0.1581,-0.6968,True,True,0.08,0.05,86.49,-0.64,-0.38,9.1,,OHLC,—,LH/LL,自然反彈,True,273,4,universe
CATY,2026-10-01,60.08,1.12,False,61.63,-0.109,-0.47,False,93.8,-0.21,94.0,True,1.86,0.99,50.7,2.2,C 基底修復,True,7:51,235.6,跌,81.0,9,True,0.0,-0.175,-0.1957,-0.3554,True,True,-2.58,-1.39,63.18,-5.16,-2.77,30.6,,OHLC,↓,LH/LL,DT,False,273,4,universe
EPD,2026-10-01,35.67,0.64,False,38.03,-0.126,-0.94,True,93.8,0.09,93.7,True,1.8,1.04,21.0,-0.8,D 趨勢弱,True,8:49,264.6,跌,124.0,15,True,0.0,-0.3372,-0.3407,-0.3407,True,False,-6.61,-3.67,38.89,-9.03,-5.01,114.8,,OHLC,↓,LH/LL,DT,False,273,4,universe
HTH,2026-10-01,37.93,0.68,False,38.46,-0.04,-0.27,False,93.8,-0.18,94.0,True,1.8,1.03,43.8,1.2,C 基底修復,True,7:48,234.0,跌,80.0,8,True,0.0,-0.0862,-0.0991,-0.147,True,True,-1.4,-0.78,39.24,-3.45,-1.91,13.9,,OHLC,↓,LH/LL,DT,False,273,4,universe
CPT,2026-10-01,96.62,1.71,False,102.16,-0.378,-1.12,True,93.7,0.36,93.4,True,1.77,1.09,10.5,-0.3,D 趨勢弱,True,8:49,264.6,跌,468.0,45,True,0.0,-0.1125,-0.1268,-0.5615,True,False,-5.74,-3.23,99.19,-2.66,-1.5,120.9,,OHLC,↓,LH/LL,DT,False,273,4,universe
NWBI,2026-10-01,14.99,0.28,False,15.32,-0.019,-0.33,False,93.7,-0.23,94.0,True,1.87,0.98,50.5,2.5,C 基底修復,True,8:41,260.5,跌,95.0,9,True,0.0,-0.0492,-0.0557,-0.0804,True,True,-2.19,-1.17,15.74,-5.0,-2.67,17.7,,OHLC,↓,LH/LL,DT,False,273,4,universe
SKT,2026-10-01,34.45,0.64,False,36.46,-0.131,-0.95,True,93.7,0.17,93.6,True,1.87,0.99,15.0,-0.3,D 趨勢弱,True,8:49,264.6,跌,400.0,45,True,0.0,-0.0453,-0.0595,-0.4173,True,False,-5.82,-3.11,38.59,-12.02,-6.43,32.1,,OHLC,↓,LH/LL,DT,False,273,4,universe
CB,2026-10-01,331.3,5.2,False,339.07,-0.412,-0.44,False,93.6,-0.11,93.7,True,1.57,1.31,39.5,13.1,C 基底修復,True,6:42,200.8,跌,62.0,8,True,0.0,-0.8277,-1.0488,-1.8985,True,True,-2.34,-1.49,344.52,-3.99,-2.54,558.7,,OHLC,↓,LH/LL,DT,False,273,4,universe
NBTB,2026-10-01,50.74,0.89,False,51.33,-0.075,-0.41,False,93.6,-0.17,93.8,True,1.75,1.13,46.0,2.4,C 基底修復,True,8:49,264.6,跌,100.0,10,True,0.0,-0.0868,-0.1165,-0.3284,True,True,-1.15,-0.66,51.57,-1.64,-0.93,18.7,,OHLC,↓,LH/LL,DT,False,273,4,universe
STBA,2026-10-01,49.01,0.92,False,49.7,-0.061,-0.34,False,93.6,-0.36,93.9,True,1.87,1.03,50.9,2.8,C 基底修復,True,8:24,252.0,跌,90.0,9,True,0.0,-0.0951,-0.1202,-0.3304,True,True,-1.4,-0.75,50.64,-3.33,-1.78,14.8,,OHLC,↓,LH/LL,DT,False,273,4,universe
FMBH,2026-10-01,49.28,0.89,False,50.01,-0.071,-0.48,False,93.4,-0.2,93.6,True,1.8,1.15,52.0,2.0,C 基底修復,True,7:27,223.6,跌,74.0,12,True,0.0,-0.1088,-0.1492,-0.3748,True,True,-1.49,-0.83,48.6,1.38,0.77,6.7,,OHLC,—,HH/HL,自然反彈,False,273,4,universe
GSBC,2026-10-01,78.11,1.56,False,78.82,-0.084,-0.28,False,93.4,-0.08,93.4,True,2.0,0.96,59.3,7.0,C 基底修復,True,8:47,263.5,跌,96.0,10,True,0.0,-0.1661,-0.2145,-0.4319,True,True,-0.91,-0.46,79.63,-1.95,-0.97,6.9,,OHLC,—,LH/LL,自然回檔,True,273,4,universe
HBNC,2026-10-01,19.08,0.36,False,19.44,-0.035,-0.66,False,93.4,-0.29,93.7,True,1.91,1.03,43.8,3.1,C 基底修復,True,8:41,260.5,跌,95.0,9,True,0.0,-0.037,-0.0542,-0.1491,True,True,-1.87,-0.98,20.15,-5.61,-2.94,11.0,,OHLC,↓,LH/LL,DT,False,273,4,universe
OBK,2026-10-01,52.62,1.0,False,53.39,-0.028,-0.22,False,93.4,-0.18,93.5,True,1.9,1.05,62.5,7.2,C 基底修復,True,8:17,248.4,跌,88.0,11,True,0.0,-0.1643,-0.1734,-0.3287,True,True,-1.46,-0.77,54.24,-3.08,-1.62,8.8,,OHLC,—,LH/LL,自然回檔,False,273,4,universe
OSBC,2026-10-01,24.63,0.48,False,25.11,-0.042,-0.38,False,93.3,-0.15,93.5,True,1.94,1.02,58.6,5.8,C 基底修復,True,8:49,264.6,跌,485.0,37,True,0.0,-0.0693,-0.0793,-0.1514,True,True,-1.94,-1.0,25.84,-4.91,-2.53,12.4,,OHLC,↓,LH/LL,DT,False,273,4,universe
CVBF,2026-10-01,22.01,0.42,False,22.39,-0.04,-0.36,False,93.2,-0.33,93.5,True,1.93,1.06,45.3,3.5,C 基底修復,True,6:07,183.3,跌,52.0,8,True,0.0,-0.0676,-0.0784,-0.1164,True,True,-1.74,-0.9,22.53,-2.36,-1.22,32.8,,OHLC,↓,LH/LL,DT,False,273,4,universe
DCOM,2026-10-01,39.52,0.76,False,40.33,-0.064,-0.31,False,93.2,-0.1,93.3,True,1.93,1.06,53.0,2.2,C 基底修復,True,6:18,188.8,跌,55.0,8,True,0.0,-0.1419,-0.1477,-0.1477,True,True,-2.05,-1.06,41.25,-4.38,-2.27,12.5,,OHLC,↓,LH/LL,DT,False,273,4,universe
COSO,2026-10-01,26.39,0.55,False,27.18,-0.031,-0.34,True,93.1,0.13,93.0,True,2.08,0.93,41.9,2.2,C 基底修復,True,8:49,264.6,跌,162.0,17,True,0.0,-0.0834,-0.101,-0.136,True,False,-3.0,-1.44,28.07,-6.37,-3.06,3.7,,OHLC,↓,LH/LL,DT,False,273,4,universe
CTBI,2026-10-01,75.25,1.47,False,75.92,-0.101,-0.5,False,93.1,-0.3,93.4,True,1.95,1.07,54.1,2.8,C 基底修復,True,8:49,264.6,跌,175.0,12,True,0.0,-0.1594,-0.2309,-0.5158,True,True,-0.89,-0.46,77.84,-3.44,-1.76,8.8,,OHLC,—,LH/LL,DT,True,273,4,universe
CINF,2026-10-01,162.15,2.78,False,167.79,-0.262,-0.7,True,92.9,0.34,92.5,True,1.71,1.36,21.7,2.6,D 趨勢弱,True,6:16,187.8,跌,54.0,9,True,0.0,-0.5869,-0.794,-1.0621,True,False,-3.48,-2.03,173.2,-6.81,-3.98,116.3,,OHLC,↓,LH/LL,DT,False,273,4,universe
OFG,2026-10-01,50.69,0.95,False,52.07,-0.063,-0.38,False,92.9,-0.29,93.2,True,1.88,1.18,50.0,1.9,C 基底修復,True,8:49,264.6,跌,395.0,40,True,0.0,-0.2378,-0.2612,-0.2786,True,True,-2.73,-1.45,,,,14.6,,OHLC,—,HH/HL,DT,False,273,4,universe
AUB,2026-10-01,38.47,0.76,False,39.61,-0.109,-0.75,False,92.8,-0.3,93.1,True,1.97,1.12,27.8,4.4,C 基底修復,True,8:49,264.6,跌,689.0,61,True,0.0,-0.0188,-0.0589,-0.2697,True,True,-2.96,-1.5,40.35,-4.89,-2.49,55.3,,OHLC,↓,LH/LL,DT,False,273,4,universe
FMNB,2026-10-01,15.15,0.28,False,15.58,-0.026,-0.57,False,92.8,-0.09,92.9,True,1.84,1.25,42.2,2.5,C 基底修復,True,8:49,264.6,跌,420.0,32,True,0.0,-0.0583,-0.0654,-0.1011,True,True,-2.83,-1.53,16.0,-5.61,-3.04,6.0,,OHLC,↓,LH/LL,DT,False,273,4,universe
TFSL,2026-10-01,16.44,0.32,False,17.14,-0.047,-0.54,True,92.8,0.1,92.7,True,1.97,1.12,48.2,2.9,C 基底修復,True,8:49,264.6,跌,236.0,23,True,0.0,-0.0377,-0.0534,-0.1824,True,False,-4.24,-2.15,16.87,-2.62,-1.33,12.0,,OHLC,↓,LH/LL,DT,False,273,4,universe
BANF,2026-10-01,106.49,2.14,False,109.58,-0.293,-0.66,False,92.7,-0.15,92.8,True,2.01,1.11,19.1,3.0,D 趨勢弱,True,8:49,264.6,跌,111.0,11,True,0.0,-0.2357,-0.2923,-0.5791,True,True,-2.91,-1.45,112.52,-5.66,-2.82,16.0,,OHLC,↓,LH/LL,DT,False,273,4,universe
EWBC,2026-10-01,125.02,2.53,False,127.68,-0.316,-0.54,False,92.7,-0.27,93.0,True,2.02,1.09,48.2,1.2,C 基底修復,True,7:28,223.8,跌,74.0,12,True,0.0,-0.1312,-0.1601,-0.7028,True,True,-2.13,-1.05,127.23,-1.77,-0.87,106.6,,OHLC,↓,LH/LL,DT,False,273,4,universe
SHBI,2026-10-01,22.7,0.46,False,23.05,-0.038,-0.43,False,92.7,-0.25,93.0,True,2.02,1.09,53.1,3.5,C 基底修復,True,7:22,220.9,跌,73.0,9,True,0.0,-0.063,-0.0787,-0.1826,True,True,-1.55,-0.77,23.71,-4.45,-2.2,4.7,,OHLC,↓,LH/LL,DT,False,273,4,universe
CNO,2026-10-01,53.08,1.12,False,54.72,-0.018,-0.16,True,92.6,0.03,92.5,True,2.12,1.03,52.7,1.0,C 基底修復,True,8:49,264.6,跌,104.0,16,True,0.0,-0.2636,-0.2791,-0.3262,True,False,-3.09,-1.46,56.35,-6.16,-2.91,61.2,,OHLC,—,LH/LL,自然回檔,False,273,4,universe
JPM,2026-10-01,333.18,6.58,False,348.27,-0.943,-0.69,True,92.6,0.13,92.5,True,1.98,1.16,36.7,1.5,C 基底修復,True,8:49,264.6,跌,343.0,33,True,0.0,-1.8209,-1.993,-2.02,True,False,-4.53,-2.29,360.05,-8.06,-4.08,2884.4,,OHLC,↓,LH/LL,DT,False,273,4,universe
ONB,2026-10-01,24.98,0.5,False,25.39,-0.072,-0.61,False,92.6,-0.31,92.9,True,2.0,1.14,42.9,3.9,C 基底修復,True,8:20,250.0,跌,89.0,12,True,0.0,-0.0235,-0.0373,-0.1861,True,True,-1.63,-0.82,25.49,-2.04,-1.02,115.4,,OHLC,↓,LH/LL,DT,False,273,4,universe
PAGP,2026-10-01,25.93,0.5,False,27.41,-0.012,0.09,True,92.6,0.23,92.4,True,1.94,1.19,41.8,0.0,C 基底修復,True,8:49,264.6,跌,154.0,16,True,0.0,-0.2501,-0.2574,-0.2574,True,False,-5.71,-2.94,28.5,-9.91,-5.11,49.2,,OHLC,—,LH/LL,自然回檔,False,273,4,universe
QCRH,2026-10-01,99.26,2.02,False,100.63,-0.139,-0.45,False,92.5,-0.12,92.6,True,2.04,1.13,51.7,-7.6,C 基底修復,True,8:15,247.5,跌,88.0,12,True,0.0,-0.2209,-0.2718,-0.8396,True,True,-1.38,-0.68,101.69,-2.45,-1.2,10.7,,OHLC,↓,LH/LL,DT,False,273,4,universe
UCB,2026-10-01,33.77,0.7,False,34.72,-0.107,-0.76,False,92.5,-0.25,92.8,True,2.06,1.1,30.5,4.1,D 趨勢弱,True,8:12,245.9,跌,87.0,12,True,0.0,-0.0928,-0.1206,-0.21,True,True,-2.83,-1.37,33.6,0.5,0.24,29.9,,OHLC,↓,LH/LL,DT,False,273,4,universe
ARLP,2026-10-01,24.34,0.5,False,25.83,-0.145,-0.35,True,92.4,0.25,92.2,True,2.05,1.13,27.4,0.5,D 趨勢弱,True,8:49,264.6,跌,187.0,14,True,0.0,-0.2267,-0.2353,-0.2353,True,False,-6.14,-2.99,24.55,-0.86,-0.42,6.8,,OHLC,↓,LH/LL,DT,False,273,4,universe
HOPE,2026-10-01,13.5,0.28,False,13.85,-0.033,-0.49,False,92.2,-0.4,92.6,True,2.09,1.14,50.5,2.9,C 基底修復,True,8:49,264.6,跌,100.0,12,True,0.0,-0.0547,-0.0621,-0.0773,True,True,-2.56,-1.22,14.11,-4.52,-2.16,12.3,,OHLC,↓,LH/LL,DT,False,273,4,universe
NFG,2026-10-01,76.26,1.56,False,80.56,-0.245,-0.64,True,92.2,0.01,92.2,True,2.04,1.19,8.5,-0.1,D 趨勢弱,True,8:49,264.6,跌,180.0,19,True,0.0,-0.501,-0.5138,-0.5138,True,False,-5.64,-2.76,83.67,-9.72,-4.76,68.9,,OHLC,↓,LH/LL,DT,False,273,4,universe
CCNE,2026-10-01,33.68,0.7,False,34.01,-0.029,-0.26,False,92.1,-0.26,92.4,True,2.08,1.18,52.7,1.8,C 基底修復,True,7:45,232.6,跌,79.0,10,True,0.0,-0.0618,-0.0801,-0.2141,True,True,-0.97,-0.47,34.42,-2.2,-1.06,5.2,,OHLC,—,LH/LL,自然回檔,True,273,4,universe
EXR,2026-10-01,133.08,2.72,False,137.79,-0.435,-0.72,True,92.1,0.23,91.9,True,2.04,1.22,22.3,2.4,D 趨勢弱,True,6:53,206.4,跌,65.0,8,True,0.0,-0.1001,-0.2291,-0.8188,True,False,-3.54,-1.73,139.4,-4.75,-2.33,211.8,,OHLC,↓,LH/LL,DT,False,273,4,universe
CASS,2026-10-01,53.7,1.17,False,55.41,-0.143,-0.59,True,92.0,0.34,91.7,True,2.17,1.1,50.2,3.1,C 基底修復,True,8:49,264.6,跌,199.0,33,True,0.0,-0.1641,-0.1924,-0.4201,True,False,-3.19,-1.47,56.59,-5.38,-2.47,4.8,,OHLC,—,LH/LL,自然回檔,True,273,4,universe
MPB,2026-10-01,35.91,0.76,False,36.63,-0.068,-0.6,False,92.0,-0.16,92.2,True,2.12,1.16,60.2,3.6,C 基底修復,True,8:49,264.6,跌,364.0,39,True,0.0,-0.1117,-0.1377,-0.2758,True,True,-2.02,-0.95,36.57,-1.84,-0.87,3.6,,OHLC,↓,LH/LL,DT,False,273,4,universe
FISI,2026-10-01,39.48,0.8,False,40.54,-0.076,-0.37,False,91.9,-0.27,92.2,True,2.03,1.27,53.2,3.3,C 基底修復,True,8:49,264.6,跌,385.0,38,True,0.0,-0.1441,-0.1714,-0.2565,True,True,-2.68,-1.32,40.84,-3.44,-1.7,5.7,,OHLC,↓,LH/LL,DT,False,273,4,universe
ACGL,2026-10-01,94.26,1.89,False,96.77,-0.136,-0.36,False,91.8,-0.07,91.8,True,2.0,1.33,24.1,2.6,D 趨勢弱,True,8:49,264.6,跌,182.0,23,True,0.0,-0.1874,-0.2483,-0.74,True,True,-2.66,-1.33,96.84,-2.74,-1.37,437.0,,OHLC,↓,LH/LL,自然反彈,False,273,4,universe
CFFN,2026-10-01,8.47,0.18,False,8.68,-0.011,-0.29,False,91.8,-0.44,92.3,True,2.18,1.15,51.2,5.4,C 基底修復,True,6:07,183.3,跌,52.0,7,True,0.0,-0.0563,-0.0651,-0.0696,True,True,-2.49,-1.14,,,,9.0,,OHLC,—,HH/HL,自然反彈,False,273,4,universe
FBIZ,2026-10-01,69.49,1.42,False,70.51,-0.009,-0.16,False,91.8,-0.25,92.0,True,2.04,1.3,60.8,6.7,C 基底修復,True,8:29,254.3,跌,91.0,12,True,0.0,-0.3636,-0.4222,-0.5933,True,True,-1.47,-0.72,73.74,-6.12,-3.0,4.1,,OHLC,—,LH/LL,自然回檔,False,273,4,universe
HBT,2026-10-01,35.8,0.71,False,35.87,-0.023,-0.28,False,91.8,-0.17,92.0,True,1.99,1.33,61.9,-0.4,C 基底修復,True,8:49,264.6,跌,322.0,33,True,0.0,-0.083,-0.1046,-0.2769,True,True,-0.2,-0.1,36.25,-1.26,-0.63,4.7,,OHLC,—,LH/LL,次級回檔,True,273,4,universe
MCD,2026-10-01,231.83,4.67,False,250.88,-1.28,-1.2,True,91.8,0.26,91.5,True,2.02,1.31,3.8,1.2,D 趨勢弱,True,8:49,264.6,跌,267.0,27,True,0.0,-1.2743,-1.4602,-1.5222,True,False,-8.22,-4.08,252.06,-8.73,-4.33,1473.2,,OHLC,↓,LH/LL,DT,False,273,4,universe
SBSI,2026-10-01,30.49,0.65,False,31.56,-0.104,-0.6,True,91.8,0.09,91.7,True,2.13,1.2,19.0,2.6,D 趨勢弱,True,7:37,228.5,跌,77.0,10,True,0.0,-0.0949,-0.1166,-0.1715,True,False,-3.51,-1.65,33.25,-9.05,-4.24,4.5,,OHLC,↓,LH/LL,DT,False,273,4,universe
SEIC,2026-10-01,103.87,2.28,False,106.95,-0.141,-0.15,False,91.8,-0.86,92.7,True,2.2,1.13,49.5,3.6,C 基底修復,True,8:49,264.6,跌,217.0,22,True,0.0,-0.3918,-0.4702,-0.9985,True,True,-2.96,-1.35,106.12,-2.17,-0.99,94.2,,OHLC,↓,LH/LL,DT,False,273,4,universe
NIC,2026-10-01,163.62,3.62,False,168.83,-0.514,-0.59,True,91.7,0.23,91.5,True,2.21,1.14,47.4,2.3,C 基底修復,True,8:49,264.6,跌,221.0,32,True,0.0,-0.4952,-0.5082,-1.3246,True,False,-3.18,-1.44,168.4,-2.92,-1.32,26.7,,OHLC,↓,LH/LL,DT,False,273,4,universe
THG,2026-10-01,216.94,4.38,False,225.02,-0.101,-0.17,True,91.7,0.24,91.5,True,2.02,1.33,44.1,2.5,C 基底修復,True,8:16,248.2,跌,88.0,10,True,0.0,-1.2244,-1.4373,-1.6073,True,False,-3.73,-1.84,,,,72.0,,OHLC,—,HH/HL,DT,False,273,4,universe
ALRS,2026-10-01,31.73,0.74,False,32.61,-0.079,-0.5,False,91.5,-0.24,91.8,True,2.33,1.07,54.3,1.8,C 基底修復,True,8:49,264.6,跌,511.0,39,True,0.0,-0.1259,-0.1402,-0.2241,True,True,-2.77,-1.19,33.6,-5.89,-2.53,6.1,,OHLC,↓,LH/LL,DT,False,273,4,universe
PFLT,2026-10-01,6.97,0.14,False,7.2,-0.022,-0.6,True,91.5,0.02,91.4,True,2.01,1.4,19.3,2.1,D 趨勢弱,True,8:49,264.6,跌,151.0,19,True,0.0,-0.0105,-0.0149,-0.0445,True,False,-3.35,-1.67,7.08,-1.58,-0.79,5.2,,OHLC,↓,LH/LL,DT,False,273,4,universe
FSBC,2026-10-01,42.92,0.99,False,44.88,-0.121,-0.54,True,91.4,0.1,91.3,True,2.31,1.12,42.4,3.1,C 基底修復,True,6:56,207.8,跌,65.0,12,True,0.0,-0.2073,-0.2556,-0.3208,True,False,-4.57,-1.97,46.96,-9.41,-4.07,9.1,,OHLC,↓,LH/LL,DT,False,273,4,universe
MCHB,2026-10-01,14.83,0.32,False,15.49,-0.093,-1.03,True,91.4,0.13,91.3,True,2.16,1.26,23.7,2.2,D 趨勢弱,True,8:49,264.6,跌,441.0,32,True,0.0,-0.0254,-0.0305,-0.1506,True,False,-4.43,-2.05,15.84,-6.81,-3.15,8.0,,OHLC,↓,LH/LL,DT,False,273,4,universe
MFIC,2026-10-01,8.74,0.19,False,9.24,-0.038,-1.01,True,91.4,0.15,91.3,True,2.12,1.29,5.5,1.4,D 趨勢弱,True,8:49,264.6,跌,178.0,20,True,0.0,-0.0153,-0.0176,-0.0717,True,False,-5.78,-2.72,8.96,-2.52,-1.19,5.1,,OHLC,↓,LH/LL,DT,False,273,4,universe
OCSL,2026-10-01,11.99,0.24,False,12.66,-0.049,-0.78,True,91.4,0.14,91.3,True,1.99,1.42,28.5,2.5,D 趨勢弱,True,8:49,264.6,跌,294.0,25,True,0.0,-0.0637,-0.0742,-0.1055,True,False,-5.6,-2.81,12.0,-0.08,-0.04,5.5,,OHLC,—,LH/LL,自然回檔,False,273,4,universe
ORRF,2026-10-01,41.03,0.93,False,41.87,-0.06,-0.34,False,91.4,-0.13,91.5,True,2.28,1.14,45.4,3.0,C 基底修復,True,7:43,231.3,跌,79.0,12,True,0.0,-0.1302,-0.1469,-0.2561,True,True,-2.04,-0.9,42.74,-4.17,-1.83,4.3,,OHLC,↓,LH/LL,DT,False,273,4,universe
SCI,2026-10-01,76.5,1.6,False,80.19,-0.208,-0.69,True,91.4,0.18,91.2,True,2.1,1.33,21.3,0.9,D 趨勢弱,True,8:49,264.6,跌,374.0,38,True,0.0,-0.2533,-0.2975,-0.5366,True,False,-4.82,-2.3,78.73,-2.92,-1.39,78.6,,OHLC,—,LH/LL,DT,True,273,4,universe
AROW,2026-10-01,37.27,0.84,False,38.16,-0.054,-0.34,False,91.2,-0.08,91.3,True,2.25,1.23,47.4,2.8,C 基底修復,True,7:13,216.3,跌,70.0,10,True,0.0,-0.0669,-0.0874,-0.2195,True,True,-2.38,-1.06,37.15,0.32,0.14,3.3,,OHLC,—,LH/LL,DT,True,273,4,universe
ACNB,2026-10-01,62.89,1.47,False,64.35,-0.009,-0.11,False,91.0,-0.18,91.1,True,2.34,1.18,61.0,8.1,C 基底修復,True,8:49,264.6,跌,468.0,38,True,0.0,-0.2513,-0.2882,-0.3447,True,True,-2.32,-0.99,65.89,-4.77,-2.04,4.3,,OHLC,↓,LH/LL,DT,False,273,4,universe
PAA,2026-10-01,23.7,0.51,False,25.15,-0.045,-0.04,True,91.0,0.31,90.7,True,2.17,1.35,41.8,-0.2,C 基底修復,True,8:49,264.6,跌,120.0,13,True,0.0,-0.2385,-0.2399,-0.2399,True,False,-6.12,-2.82,26.39,-11.35,-5.23,70.2,,OHLC,—,LH/LL,自然回檔,False,273,4,universe
POR,2026-10-01,44.76,1.02,False,47.35,-0.181,-1.44,True,91.0,0.01,91.0,True,2.27,1.25,10.9,-0.1,D 趨勢弱,True,8:49,264.6,跌,125.0,23,True,0.0,-0.2694,-0.3016,-0.3888,True,False,-5.79,-2.55,49.28,-10.1,-4.45,69.5,,OHLC,↓,LH/LL,DT,False,273,4,universe
RNR,2026-10-01,322.99,6.66,False,327.22,-0.008,0.04,False,91.0,-0.14,91.2,True,2.06,1.45,54.8,7.1,C 基底修復,True,8:49,264.6,跌,125.0,18,True,0.0,-0.9939,-1.074,-1.5356,True,True,-1.31,-0.64,330.62,-2.36,-1.15,102.6,,OHLC,—,LH/LL,自然回檔,False,273,4,universe
BALL,2026-10-01,56.5,1.27,False,60.54,-0.331,-0.79,True,90.9,0.23,90.7,True,2.25,1.29,16.2,1.4,C 基底修復,True,8:49,264.6,跌,200.0,23,True,0.0,-0.3526,-0.4119,-0.4986,True,False,-7.15,-3.18,56.81,-0.55,-0.24,125.2,,OHLC,↓,LH/LL,DT,False,273,4,universe
MSI,2026-10-01,448.03,8.52,False,469.49,-0.984,-0.26,True,90.9,0.23,90.7,True,1.9,1.63,41.6,-0.4,C 基底修復,True,8:49,264.6,跌,172.0,23,True,0.0,-2.4577,-2.7231,-4.5772,True,False,-4.79,-2.52,465.01,-3.79,-1.99,404.1,,OHLC,↓,LH/LL,DT,False,273,4,universe
CPAY,2026-10-01,389.73,8.22,False,404.05,-0.659,-0.5,True,90.8,0.16,90.7,True,2.11,1.44,51.7,0.9,C 基底修復,True,8:49,264.6,跌,224.0,31,True,0.0,-2.0224,-2.0952,-2.9627,True,False,-3.67,-1.74,402.05,-3.16,-1.5,191.4,,OHLC,—,LH/LL,DT,True,273,4,universe
CBC,2026-10-01,31.54,0.76,False,31.93,-0.017,-0.13,False,90.6,-0.11,90.7,True,2.42,1.19,52.1,2.7,C 基底修復,True,8:49,264.6,跌,468.0,38,True,0.0,-0.0448,-0.05,-0.2689,True,True,-1.23,-0.51,32.34,-2.54,-1.05,56.3,,OHLC,—,LH/LL,自然回檔,True,215,4,universe
SYBT,2026-10-01,77.42,1.75,False,79.32,-0.2,-0.56,False,90.6,-0.04,90.7,True,2.26,1.34,50.9,1.6,C 基底修復,True,7:38,228.8,跌,77.0,8,True,0.0,-0.1009,-0.1226,-0.7776,True,True,-2.46,-1.09,77.01,0.53,0.23,13.0,,OHLC,—,HH/HL,DT,True,273,4,universe
TRST,2026-10-01,54.75,1.35,False,56.9,-0.063,-0.19,True,90.6,0.0,90.6,True,2.47,1.15,53.0,2.5,C 基底修復,True,8:49,264.6,跌,114.0,11,True,0.0,-0.3283,-0.3578,-0.3578,True,False,-3.92,-1.59,59.28,-8.27,-3.35,8.5,,OHLC,↓,LH/LL,DT,False,273,4,universe
HSY,2026-10-01,159.3,3.56,False,172.18,-1.212,-1.12,True,90.5,0.03,90.4,True,2.24,1.4,5.5,1.1,D 趨勢弱,True,8:49,264.6,跌,188.0,25,True,0.0,-0.9521,-0.9662,-1.5522,True,False,-8.08,-3.61,174.72,-9.68,-4.33,257.9,,OHLC,↓,LH/LL,DT,False,273,4,universe
CCK,2026-10-01,106.19,2.38,False,112.16,-0.36,-0.83,True,90.1,0.1,90.0,True,2.24,1.46,19.6,0.3,D 趨勢弱,True,8:49,264.6,跌,471.0,40,True,0.0,-0.3617,-0.449,-0.9358,True,False,-5.62,-2.51,108.06,-1.76,-0.78,113.1,,OHLC,↓,LH/LL,DT,False,273,4,universe
SFST,2026-10-01,59.88,1.44,False,61.84,-0.133,-0.43,True,90.1,0.19,89.9,True,2.41,1.31,49.5,2.7,C 基底修復,True,8:49,264.6,跌,117.0,12,True,0.0,-0.2229,-0.279,-0.3703,True,False,-3.28,-1.36,63.52,-6.08,-2.52,5.7,,OHLC,↓,LH/LL,DT,False,273,4,universe
AM,2026-10-01,20.26,0.48,False,21.67,-0.088,-0.7,True,90.0,0.22,89.8,True,2.38,1.37,17.1,0.5,D 趨勢弱,True,8:49,264.6,跌,122.0,15,True,0.0,-0.1323,-0.1411,-0.1644,True,False,-6.95,-2.93,21.8,-7.58,-3.19,54.8,,OHLC,↓,LH/LL,DT,False,273,4,universe
PFIS,2026-10-01,68.17,1.71,False,70.13,-0.083,-0.21,False,90.0,-0.17,90.2,True,2.51,1.22,55.2,1.9,C 基底修復,True,8:49,264.6,跌,110.0,11,True,0.0,-0.3414,-0.3586,-0.399,True,True,-2.88,-1.15,70.54,-3.48,-1.38,4.1,,OHLC,↓,LH/LL,DT,False,273,4,universe
NMFC,2026-10-01,7.03,0.15,False,7.24,-0.026,-0.87,False,89.7,-0.14,89.9,True,2.18,1.62,9.0,3.3,D 趨勢弱,True,8:49,264.6,跌,281.0,27,True,0.0,-0.0097,-0.0186,-0.0583,True,True,-2.95,-1.35,7.13,-1.42,-0.65,3.7,,OHLC,—,LH/LL,DT,True,273,4,universe
TCBK,2026-10-01,51.8,1.03,False,53.28,-0.168,-0.85,False,89.7,-0.09,89.8,True,1.99,1.82,37.0,13.3,C 基底修復,True,7:25,222.4,跌,74.0,8,True,0.0,-0.0595,-0.0995,-0.5177,True,True,-2.86,-1.43,54.07,-4.38,-2.2,15.2,,OHLC,↓,LH/LL,DT,False,273,4,universe
MCB,2026-10-01,87.6,1.96,False,90.08,-0.217,-0.44,False,89.6,-0.26,89.8,True,2.24,1.59,32.5,2.5,C 基底修復,True,8:06,242.9,跌,85.0,12,True,0.0,-0.1205,-0.1415,-0.2178,True,True,-2.83,-1.26,89.6,-2.28,-1.02,11.5,,OHLC,↓,LH/LL,DT,False,273,4,universe
MSBI,2026-10-01,32.74,0.8,False,33.03,-0.002,-0.1,False,89.5,-0.32,89.9,True,2.45,1.4,64.2,2.6,C 基底修復,True,6:14,186.8,跌,54.0,8,True,0.0,-0.1207,-0.142,-0.2686,True,True,-0.9,-0.37,33.9,-3.54,-1.45,5.8,,OHLC,↓,LH/LL,DT,False,273,4,universe
UNF,2026-10-01,252.32,6.97,False,270.25,-0.883,-0.59,True,89.4,0.0,89.4,True,2.76,1.1,26.3,0.8,C 基底修復,True,8:49,264.6,跌,342.0,43,True,0.0,-0.8714,-0.963,-1.9871,True,False,-7.1,-2.57,263.13,-4.28,-1.55,99.0,,OHLC,↓,LH/LL,DT,False,273,4,universe
UNTY,2026-10-01,54.65,1.35,False,58.22,-0.119,-0.6,True,89.4,0.05,89.4,True,2.47,1.39,24.7,1.6,C 基底修復,True,8:41,260.3,跌,95.0,11,True,0.0,-0.4503,-0.4822,-0.4822,True,False,-6.52,-2.64,61.23,-12.04,-4.87,3.4,,OHLC,↓,LH/LL,DT,False,273,4,universe
MDT,2026-10-01,86.44,2.04,False,90.5,-0.45,-0.73,True,89.3,0.32,88.9,True,2.36,1.53,18.2,-1.1,D 趨勢弱,True,8:49,264.6,跌,270.0,26,True,0.0,-0.7836,-0.7896,-0.7896,True,False,-4.7,-1.99,93.8,-8.51,-3.6,1120.3,,OHLC,↓,LH/LL,DT,False,273,4,universe
HIW,2026-10-01,29.09,0.72,False,30.54,-0.067,-0.47,True,89.0,0.18,88.9,True,2.48,1.47,43.6,1.0,C 基底修復,True,8:10,245.1,跌,86.0,7,True,0.0,-0.1462,-0.158,-0.4684,True,False,-4.99,-2.01,,,,36.9,,OHLC,—,HH/HL,DT,False,273,4,universe
USAC,2026-10-01,25.27,0.62,False,26.53,-0.111,-0.36,True,88.9,0.64,88.3,True,2.45,1.52,13.5,2.0,D 趨勢弱,True,8:49,264.6,跌,115.0,14,True,0.0,-0.1655,-0.2026,-0.2026,True,False,-5.0,-2.04,26.87,-6.33,-2.58,13.7,,OHLC,↓,LH/LL,DT,False,273,4,universe
MNST,2026-10-01,42.14,1.02,False,44.48,-0.208,-0.9,True,88.8,0.21,88.6,True,2.41,1.59,24.9,3.9,C 基底修復,True,6:00,180.0,跌,50.0,6,True,0.0,-0.138,-0.1742,-0.4621,True,False,-5.55,-2.31,44.71,-6.1,-2.53,447.3,,OHLC,↓,LH/LL,DT,False,273,4,universe
TMP,2026-10-01,97.01,2.32,False,98.0,-0.048,-0.16,True,88.8,0.14,88.7,True,2.39,1.6,60.0,5.1,C 基底修復,False,5:08,154.0,跌,36.0,4,True,0.0,-0.2055,-0.2096,-0.5994,True,True,-1.02,-0.43,100.13,-3.22,-1.34,11.9,,OHLC,—,LH/LL,自然回檔,False,273,4,universe
COF,2026-10-01,194.48,4.69,False,207.4,-0.86,-0.89,True,88.6,0.73,87.9,True,2.41,1.62,13.3,2.2,D 趨勢弱,True,8:49,264.6,跌,226.0,31,True,0.0,-0.8891,-1.0373,-1.7423,True,False,-6.64,-2.75,200.2,-2.94,-1.22,719.3,,OHLC,↓,LH/LL,DT,False,273,4,universe
TCBX,2026-10-01,42.87,1.1,False,44.4,-0.076,-0.4,True,88.6,0.39,88.2,True,2.56,1.49,42.0,3.3,C 基底修復,True,8:49,264.6,跌,299.0,31,True,0.0,-0.2246,-0.2708,-0.3227,True,False,-3.56,-1.39,46.14,-7.63,-2.98,5.1,,OHLC,↓,LH/LL,DT,False,273,4,universe
GEF,2026-10-01,81.56,2.07,False,83.45,-0.18,-0.46,False,88.3,-0.37,88.6,True,2.53,1.58,50.3,4.0,C 基底修復,True,8:49,264.6,跌,235.0,36,True,0.0,-0.3014,-0.3817,-1.0361,True,True,-2.32,-0.92,84.59,-3.72,-1.47,32.8,,OHLC,↓,LH/LL,自然反彈,False,273,4,universe
ITIC,2026-10-01,285.75,7.56,False,294.94,-0.142,-0.0,True,88.1,0.28,87.8,True,2.65,1.49,60.1,1.8,C 基底修復,True,8:49,264.6,跌,189.0,22,True,0.0,-1.3795,-1.46,-1.9785,True,False,-3.22,-1.22,292.09,-2.22,-0.84,18.1,,OHLC,—,LH/LL,DT,True,273,4,universe
ADUS,2026-10-01,111.7,2.95,False,116.65,-0.266,-0.33,True,88.0,0.14,87.9,True,2.64,1.52,40.9,1.9,C 基底修復,True,8:49,264.6,跌,320.0,43,True,0.0,-0.6837,-0.7516,-1.0119,True,False,-4.43,-1.68,118.51,-6.1,-2.31,25.1,,OHLC,↓,LH/LL,DT,False,273,4,universe
AGM,2026-10-01,209.19,5.6,False,220.47,-0.558,-0.5,True,87.7,0.11,87.6,True,2.68,1.55,47.7,2.1,C 基底修復,True,8:49,264.6,跌,320.0,34,True,0.0,-1.5718,-1.5913,-3.0935,True,False,-5.39,-2.01,229.88,-9.89,-3.7,26.0,,OHLC,↓,LH/LL,DT,False,273,4,universe
WAL,2026-10-01,75.7,2.11,False,78.32,-0.24,-0.4,True,87.7,0.09,87.6,True,2.78,1.44,16.2,2.0,D 趨勢弱,True,8:49,264.6,跌,105.0,10,True,0.0,-0.2365,-0.2679,-0.3988,True,False,-3.46,-1.24,77.61,-2.52,-0.91,88.8,,OHLC,↓,LH/LL,DT,False,273,4,universe
JAZZ,2026-10-01,233.01,6.02,False,245.2,-0.481,-0.33,True,87.4,0.31,87.1,True,2.58,1.71,51.5,3.6,C 基底修復,True,8:49,264.6,跌,341.0,26,True,0.0,-0.7618,-0.8388,-2.0631,True,False,-5.23,-2.03,245.87,-5.52,-2.14,173.4,,OHLC,↓,LH/LL,DT,False,273,4,universe
EQIX,2026-10-01,1012.33,26.44,False,1036.45,-2.147,-0.47,True,87.2,0.17,87.0,True,2.61,1.73,46.2,-8.4,C 基底修復,False,4:28,133.8,跌,24.0,4,True,0.0,-1.4127,-1.4194,-6.6056,True,True,-2.38,-0.91,1043.06,-3.04,-1.16,524.9,,OHLC,↓,LH/LL,DT,False,273,4,universe
SD,2026-10-01,13.56,0.35,False,14.21,-0.023,-0.25,True,87.2,0.32,86.9,True,2.62,1.72,11.4,-1.1,C 基底修復,True,8:49,264.6,跌,100.0,11,True,0.0,-0.1103,-0.1206,-0.1206,True,False,-4.76,-1.82,13.72,-1.18,-0.45,5.3,,OHLC,↓,LH/LL,DT,False,273,4,universe
HCSG,2026-10-01,20.58,0.54,False,21.7,-0.148,-0.39,True,87.1,0.07,87.0,True,2.63,1.73,28.4,2.5,C 基底修復,True,7:03,211.6,跌,68.0,11,True,0.0,-0.0807,-0.0848,-0.3206,True,False,-5.44,-2.07,20.73,-0.73,-0.28,15.1,,OHLC,↓,LH/LL,DT,False,273,4,universe
LNN,2026-10-01,112.38,3.2,False,116.91,-0.083,-0.09,True,87.0,0.32,86.7,True,2.85,1.52,15.4,0.6,D 趨勢弱,True,8:49,264.6,跌,115.0,12,True,0.0,-0.6219,-0.6657,-0.6907,True,False,-4.03,-1.41,117.72,-4.75,-1.67,20.8,,OHLC,—,LH/LL,DT,True,273,4,universe
COR,2026-10-01,309.78,8.19,False,318.06,-0.497,-0.24,False,86.9,-0.33,87.2,True,2.64,1.75,13.2,2.3,C 基底修復,True,8:49,264.6,跌,234.0,17,True,0.0,-1.5303,-2.1597,-2.6931,True,True,-2.67,-1.01,316.49,-2.17,-0.82,419.8,,OHLC,↓,LH/LL,自然反彈,False,273,4,universe
CRBG,2026-10-01,33.66,0.87,False,33.85,-0.001,0.01,False,86.6,-0.28,86.9,True,2.6,1.85,66.4,13.7,A 待突破,True,7:08,213.9,跌,69.0,8,True,0.0,-0.2003,-0.207,-0.3346,True,True,-0.55,-0.21,34.87,-3.59,-1.38,164.7,,OHLC,↓,LH/LL,DT,False,273,4,universe
MMI,2026-10-01,28.96,0.83,False,30.74,-0.12,-0.57,True,86.6,0.52,86.1,True,2.86,1.6,32.8,14.4,C 基底修復,True,8:49,264.6,跌,354.0,23,True,0.0,-0.2214,-0.2492,-0.2492,True,False,-6.13,-2.14,30.93,-6.8,-2.38,5.2,,OHLC,↓,LH/LL,DT,False,273,4,universe
TTEK,2026-10-01,33.72,0.93,False,35.81,-0.092,-0.4,True,86.6,0.22,86.4,True,2.75,1.71,38.9,14.4,C 基底修復,True,8:49,264.6,跌,210.0,27,True,0.0,-0.3443,-0.399,-0.399,True,False,-6.2,-2.26,36.74,-8.96,-3.26,74.4,,OHLC,↓,LH/LL,自然反彈,False,273,4,universe
KR,2026-10-01,59.48,1.62,True,58.89,0.078,0.26,False,86.5,-0.05,86.6,True,2.73,1.75,24.5,-0.1,D 趨勢弱,False,4:23,131.7,跌,23.0,2,True,0.0,-0.0513,-0.0546,-0.1222,True,True,1.0,0.37,57.64,3.09,1.13,497.8,,OHLC,—,HH/HL,自然回檔,True,273,4,universe
FSUN,2026-10-01,38.8,0.87,False,39.68,-0.06,-0.31,False,86.4,-0.14,86.6,True,2.25,2.24,40.9,2.3,C 基底修復,True,8:49,264.6,跌,176.0,30,True,0.0,-0.1364,-0.1516,-0.2334,True,True,-2.27,-1.01,39.98,-3.04,-1.35,16.1,,OHLC,↓,LH/LL,DT,False,273,4,universe
ADM,2026-10-01,79.52,2.21,False,83.25,-0.028,-0.06,True,86.1,0.53,85.6,True,2.78,1.77,53.5,6.8,C 基底修復,True,7:27,223.6,跌,74.0,9,True,0.0,-0.7838,-0.8277,-0.949,True,False,-4.69,-1.69,85.0,-6.89,-2.48,306.0,,OHLC,—,HH/HL,DT,False,273,4,universe
MLM,2026-10-01,479.17,13.7,False,503.21,-1.856,-0.64,True,85.9,0.4,85.5,True,2.86,1.75,9.9,2.4,D 趨勢弱,True,6:06,182.9,跌,52.0,6,True,0.0,-0.2771,-0.3623,-1.4312,True,False,-5.02,-1.76,490.77,-2.42,-0.85,440.8,,OHLC,↓,LH/LL,DT,False,273,4,universe
DLR,2026-10-01,176.49,4.56,False,184.54,-0.608,-0.67,True,85.5,0.13,85.3,True,2.59,2.1,33.4,1.9,D 趨勢弱,True,8:49,264.6,跌,149.0,31,True,0.0,-0.6622,-0.7387,-1.5739,True,False,-4.56,-1.76,186.33,-5.58,-2.16,340.5,,OHLC,↓,LH/LL,DT,False,273,4,universe
DRI,2026-10-01,197.41,5.4,False,210.4,-0.92,-0.91,True,85.5,0.38,85.2,True,2.74,1.93,19.4,3.3,D 趨勢弱,True,8:49,264.6,跌,248.0,26,True,0.0,-1.7786,-2.0361,-2.0361,True,False,-6.58,-2.4,213.69,-8.25,-3.01,277.3,,OHLC,↓,LH/LL,自然反彈,False,273,4,universe
SUN,2026-10-01,74.54,2.1,False,76.12,-0.173,-0.2,False,85.5,-0.13,85.7,True,2.82,1.85,50.9,3.3,C 基底修復,True,8:32,256.2,跌,92.0,9,True,0.0,-0.4744,-0.5957,-0.7558,True,True,-2.12,-0.75,75.83,-1.73,-0.61,53.2,,OHLC,↓,LH/LL,自然反彈,False,273,4,universe
OPCH,2026-10-01,22.58,0.63,False,23.73,-0.025,-0.19,True,85.4,0.29,85.1,True,2.8,1.89,10.5,-0.4,D 趨勢弱,True,6:45,202.3,跌,62.0,9,True,0.0,-0.1837,-0.1884,-0.1884,True,False,-5.11,-1.83,24.5,-8.5,-3.04,50.8,,OHLC,↓,LH/LL,DT,False,273,4,universe
CON,2026-10-01,34.97,0.94,False,34.95,-0.008,-0.04,False,85.2,-0.1,85.3,True,2.7,2.03,76.2,4.9,A 待突破,True,7:51,235.6,跌,81.0,9,True,0.0,-0.1144,-0.1227,-0.2897,True,True,0.06,0.02,34.62,1.0,0.37,34.5,,OHLC,—,HH/HL,自然回檔,True,273,4,universe
BKR,2026-10-01,55.62,1.63,False,59.47,-0.22,-0.69,True,85.1,0.78,84.3,True,2.92,1.83,11.7,2.2,D 趨勢弱,True,8:49,264.6,跌,205.0,29,True,0.0,-0.2338,-0.2649,-0.9547,True,False,-6.93,-2.37,57.78,-3.88,-1.33,493.0,,OHLC,↓,LH/LL,DT,False,273,4,universe
NHC,2026-10-01,223.35,6.27,False,224.19,-0.383,-0.05,True,84.9,0.45,84.4,True,2.81,2.0,61.3,1.6,C 基底修復,False,5:46,173.1,跌,46.0,3,True,0.0,-0.3081,-0.3512,-1.9736,True,True,-0.38,-0.13,227.36,-1.8,-0.64,23.7,,OHLC,—,LH/LL,自然回檔,True,273,4,universe
SKWD,2026-10-01,54.78,1.56,False,56.42,-0.105,-0.58,False,84.9,-0.26,85.1,True,2.84,1.96,52.4,11.8,C 基底修復,True,7:00,210.0,跌,67.0,9,True,0.0,-0.2022,-0.3282,-0.931,True,True,-3.0,-1.06,58.09,-6.04,-2.13,20.8,,OHLC,↓,LH/LL,自然反彈,False,273,4,universe
CRC,2026-10-01,51.66,1.6,False,53.77,-0.074,-0.17,True,84.5,0.25,84.3,True,3.09,1.78,10.9,0.1,D 趨勢弱,True,8:43,261.4,跌,95.0,10,True,0.0,-0.3938,-0.4654,-0.4654,True,False,-4.09,-1.32,52.62,-1.86,-0.6,52.1,,OHLC,↓,LH/LL,DT,False,273,4,universe
HNI,2026-10-01,46.73,1.41,False,47.5,-0.059,-0.2,False,84.3,-0.07,84.4,True,3.01,1.9,49.8,7.3,C 基底修復,True,8:49,264.6,跌,223.0,33,True,0.0,-0.1203,-0.1703,-0.5654,True,True,-1.64,-0.55,47.79,-2.27,-0.75,27.1,,OHLC,↓,LH/LL,自然反彈,False,273,4,universe
IVZ,2026-10-01,30.42,0.88,False,31.39,-0.073,-0.43,True,84.3,0.12,84.2,True,2.88,2.03,48.2,3.9,C 基底修復,True,8:49,264.6,跌,259.0,24,True,0.0,-0.1082,-0.1321,-0.3705,True,False,-3.2,-1.11,31.38,-3.16,-1.09,137.1,,OHLC,—,LH/LL,DT,True,273,4,universe
CQP,2026-10-01,61.0,1.84,False,66.45,-0.446,-0.74,True,84.1,0.62,83.4,True,3.02,1.95,14.5,0.2,D 趨勢弱,True,8:49,264.6,跌,281.0,20,True,0.0,-0.6451,-0.6823,-0.6823,True,False,-8.94,-2.96,66.87,-9.62,-3.19,8.6,,OHLC,↓,LH/LL,DT,False,273,4,universe
GS,2026-10-01,896.67,24.47,False,980.5,-5.666,-0.82,True,84.0,0.14,83.9,True,2.73,2.24,13.2,1.1,D 趨勢弱,True,8:49,264.6,跌,211.0,14,True,0.0,-5.4298,-5.6118,-9.2206,True,False,-9.35,-3.43,959.39,-6.99,-2.56,2054.1,,OHLC,↓,LH/LL,DT,False,273,4,universe
NBN,2026-10-01,124.7,3.8,False,129.9,-0.273,-0.33,True,83.8,0.07,83.7,True,3.05,1.97,48.5,2.3,C 基底修復,True,6:47,203.3,跌,63.0,7,True,0.0,-0.895,-0.9039,-0.9039,True,False,-4.17,-1.37,133.59,-7.13,-2.34,15.2,,OHLC,↓,LH/LL,DT,False,273,4,universe
APOG,2026-10-01,35.71,1.09,False,38.11,-0.225,-0.7,True,83.6,0.09,83.5,True,3.06,1.99,16.2,4.5,D 趨勢弱,True,8:49,264.6,跌,263.0,32,True,0.0,-0.0714,-0.0833,-0.5086,True,False,-6.71,-2.19,37.15,-4.03,-1.32,9.7,,OHLC,↓,LH/LL,DT,False,273,4,universe
FTI,2026-10-01,68.85,2.08,False,74.36,-0.285,-0.67,True,83.6,0.63,83.0,True,3.02,2.03,37.0,2.1,D 趨勢弱,True,8:49,264.6,跌,127.0,17,True,0.0,-0.5717,-0.6512,-0.8898,True,False,-8.0,-2.65,74.57,-8.31,-2.75,220.8,,OHLC,↓,LH/LL,DT,False,273,4,universe
FIZZ,2026-10-01,29.69,0.91,False,31.32,-0.074,-0.35,True,83.5,0.44,83.0,True,3.07,2.01,10.9,2.2,D 趨勢弱,True,8:49,264.6,跌,154.0,18,True,0.0,-0.1865,-0.2265,-0.2265,True,False,-5.49,-1.79,32.18,-8.39,-2.73,13.8,,OHLC,↓,LH/LL,DT,False,273,4,universe
NOV,2026-10-01,18.91,0.61,False,20.36,-0.075,-0.53,True,83.4,0.51,82.9,True,3.24,1.85,25.3,1.4,D 趨勢弱,True,8:49,264.6,跌,286.0,15,True,0.0,-0.2214,-0.2308,-0.2308,True,False,-7.67,-2.37,20.62,-9.04,-2.79,65.2,,OHLC,↓,LH/LL,DT,False,273,4,universe
JLL,2026-10-01,308.07,9.61,False,343.94,-4.715,-1.53,True,83.2,0.3,82.9,True,3.12,2.01,9.4,2.5,D 趨勢弱,True,8:49,264.6,跌,230.0,25,True,0.0,-3.2168,-3.5347,-5.4642,True,False,-11.64,-3.73,367.78,-19.38,-6.21,127.1,,OHLC,↓,LH/LL,DT,False,273,4,universe
F,2026-10-01,12.27,0.39,False,13.51,-0.074,-0.69,True,83.0,0.24,82.8,True,3.2,1.96,9.9,2.5,D 趨勢弱,True,8:49,264.6,跌,179.0,17,True,0.0,-0.1161,-0.1342,-0.1342,True,False,-10.14,-3.17,14.26,-16.22,-5.06,639.6,,OHLC,↓,LH/LL,DT,False,273,4,universe
BC,2026-10-01,64.22,2.22,False,71.13,-0.601,-1.18,True,82.9,0.32,82.6,True,3.45,1.73,2.7,2.7,D 趨勢弱,True,8:49,264.6,跌,276.0,29,True,0.0,-0.0242,-0.0414,-0.8949,True,False,-10.75,-3.11,74.43,-15.9,-4.6,55.3,,OHLC,↓,LH/LL,DT,False,273,4,universe
AVNT,2026-10-01,40.54,1.1,False,42.26,-0.144,-0.73,True,82.8,0.25,82.5,True,2.72,2.5,52.2,4.2,C 基底修復,True,8:49,264.6,跌,367.0,28,True,0.0,-0.0933,-0.1095,-0.5694,True,False,-4.25,-1.57,41.28,-1.83,-0.67,27.5,,OHLC,↓,LH/LL,DT,False,273,4,universe
JKHY,2026-10-01,143.84,4.46,False,159.3,-0.74,-0.27,True,82.8,0.08,82.7,True,3.1,2.11,0.6,0.3,D 趨勢弱,True,8:49,264.6,跌,195.0,20,True,0.0,-1.4484,-1.5877,-2.1052,True,False,-10.75,-3.47,164.55,-14.4,-4.65,163.1,,OHLC,↓,LH/LL,DT,False,273,4,universe
CBRE,2026-10-01,130.53,4.12,False,140.83,-0.73,-0.84,True,82.3,0.38,81.9,True,3.16,2.15,6.0,2.9,D 趨勢弱,True,8:49,264.6,跌,309.0,27,True,0.0,-1.0114,-1.1441,-1.4979,True,False,-7.89,-2.5,,,,282.0,,OHLC,—,HH/HL,DT,False,273,4,universe
RTO,2026-10-01,19.8,0.5,False,21.93,-0.179,-1.65,True,81.9,0.05,81.9,True,2.52,2.85,0.0,0.0,D 趨勢弱,True,8:20,250.0,跌,89.0,13,True,0.0,-0.0953,-0.1034,-0.5285,True,False,-10.76,-4.26,24.3,-22.73,-9.0,46.1,,OHLC,↓,LH/LL,DT,False,273,4,universe
SLGN,2026-10-01,34.77,1.05,False,38.57,-0.224,-1.1,True,81.9,0.14,81.8,True,3.02,2.36,0.0,0.0,D 趨勢弱,True,8:49,264.6,跌,132.0,19,True,0.0,-0.2032,-0.2256,-0.6269,True,False,-10.94,-3.63,38.09,-9.55,-3.17,52.5,,OHLC,↓,LH/LL,DT,False,273,4,universe
DFIN,2026-10-01,47.49,1.48,False,48.28,-0.048,-0.12,True,81.8,0.4,81.4,True,3.11,2.28,35.5,1.8,C 基底修復,False,4:49,144.3,跌,30.0,4,True,0.0,-0.178,-0.1855,-0.5101,True,True,-1.67,-0.54,49.26,-3.74,-1.2,11.2,,OHLC,—,LH/LL,DT,True,273,4,universe
CMC,2026-10-01,62.72,1.99,False,66.1,-0.31,-0.62,True,81.6,0.13,81.4,True,3.18,2.26,9.6,1.5,D 趨勢弱,True,8:49,264.6,跌,138.0,15,True,0.0,-0.2686,-0.2996,-0.9621,True,False,-5.38,-1.69,65.73,-4.8,-1.51,72.1,,OHLC,↓,LH/LL,DT,False,273,4,universe
GM,2026-10-01,79.31,2.64,False,84.3,-0.249,-0.38,True,81.5,0.2,81.3,True,3.33,2.12,29.5,5.8,C 基底修復,True,8:49,264.6,跌,257.0,36,True,0.0,-0.6766,-0.7451,-0.7451,True,False,-6.29,-1.89,82.63,-4.19,-1.26,638.2,,OHLC,↓,LH/LL,自然反彈,False,273,4,universe
NUE,2026-10-01,235.98,7.63,False,249.68,-0.852,-0.53,True,81.4,0.27,81.1,True,3.23,2.24,49.8,0.3,C 基底修復,True,7:57,238.5,跌,82.0,10,True,0.0,-2.0843,-2.1455,-4.3092,True,False,-5.81,-1.8,247.96,-5.08,-1.57,316.2,,OHLC,↓,LH/LL,DT,False,273,4,universe
TDS,2026-10-01,35.2,1.12,False,35.91,-0.028,-0.11,False,81.4,-0.33,81.7,True,3.19,2.29,20.3,6.0,D 趨勢弱,True,8:10,244.8,跌,86.0,10,True,0.0,-0.3398,-0.4059,-0.4059,True,True,-2.02,-0.63,36.73,-4.35,-1.36,60.3,,OHLC,↓,LH/LL,自然反彈,False,273,4,universe
ANDE,2026-10-01,65.49,2.02,False,68.22,-0.065,-0.1,True,81.3,0.89,80.4,True,3.09,2.41,32.4,-1.6,C 基底修復,True,7:48,234.0,跌,80.0,8,True,0.0,-0.4696,-0.4735,-1.2307,True,False,-4.16,-1.35,68.88,-5.18,-1.68,26.3,,OHLC,↓,LH/LL,DT,False,273,4,universe
LEA,2026-10-01,121.37,3.68,False,124.27,-0.139,-0.18,False,81.2,-0.45,81.7,True,3.03,2.48,18.0,4.2,C 基底修復,True,8:49,264.6,跌,98.0,11,True,0.0,-0.2531,-0.4796,-2.6767,True,True,-2.39,-0.79,122.71,-1.1,-0.36,82.3,,OHLC,—,LH/LL,自然反彈,True,273,4,universe
FAF,2026-10-01,61.51,2.09,False,69.67,-0.641,-1.2,True,81.1,0.26,80.8,True,3.4,2.13,7.4,1.2,D 趨勢弱,True,8:49,264.6,跌,119.0,18,True,0.0,-0.9735,-0.9738,-0.9738,True,False,-13.27,-3.9,74.06,-20.4,-6.0,70.1,,OHLC,↓,LH/LL,DT,False,273,4,universe
FIS,2026-10-01,33.1,1.13,False,37.99,-0.263,-1.21,True,80.6,0.57,80.0,True,3.42,2.2,0.0,0.0,D 趨勢弱,True,8:49,264.6,跌,157.0,18,True,0.0,-0.2389,-0.2717,-0.4534,True,False,-14.78,-4.32,35.41,-6.98,-2.04,235.9,,OHLC,↓,LH/LL,DT,False,273,4,universe
AR,2026-10-01,34.03,1.14,False,36.89,-0.076,-0.39,True,80.5,0.52,80.0,True,3.34,2.31,5.8,-0.9,D 趨勢弱,True,8:49,264.6,跌,242.0,16,True,0.0,-0.3482,-0.4152,-0.6766,True,False,-8.39,-2.51,35.38,-3.97,-1.19,147.3,,OHLC,↓,LH/LL,DT,False,273,4,universe
LKQ,2026-10-01,22.78,0.68,False,24.24,-0.09,-0.55,True,80.4,0.43,80.0,True,2.97,2.69,17.2,11.2,D 趨勢弱,True,8:49,264.6,跌,175.0,22,True,0.0,-0.0383,-0.0383,-0.2242,True,False,-6.41,-2.16,23.83,-4.61,-1.55,77.2,,OHLC,—,LH/LL,DT,True,273,4,universe
EGY,2026-10-01,5.8,0.19,False,6.0,-0.004,-0.03,True,80.3,0.77,79.5,True,3.22,2.46,53.4,13.3,B 上升結構,True,8:49,264.6,跌,101.0,10,True,0.0,-0.0638,-0.0763,-0.0763,True,False,-3.51,-1.09,6.06,-4.48,-1.39,8.3,,OHLC,↓,LH/LL,自然反彈,False,273,4,universe
STLD,2026-10-01,226.17,7.72,False,234.14,-0.406,-0.43,True,79.9,0.21,79.7,True,3.41,2.34,45.6,2.7,C 基底修復,True,7:42,230.9,跌,78.0,9,True,0.0,-1.1372,-1.3152,-4.7695,True,False,-3.53,-1.03,235.2,-3.99,-1.17,240.8,,OHLC,↓,LH/LL,自然反彈,False,273,4,universe
WGO,2026-10-01,26.37,0.94,False,28.61,-0.228,-0.9,True,79.5,0.8,78.7,True,3.56,2.27,4.9,2.3,D 趨勢弱,True,8:49,264.6,跌,412.0,33,True,0.0,-0.0281,-0.0348,-0.3558,True,False,-8.51,-2.39,28.26,-7.17,-2.01,16.5,,OHLC,↓,LH/LL,DT,False,273,4,universe
HRMY,2026-10-01,39.57,1.31,False,41.21,-0.017,0.06,True,79.2,0.05,79.2,True,3.31,2.58,64.0,7.1,A 待突破,True,8:06,243.2,跌,85.0,10,True,0.0,-0.443,-0.4574,-0.4574,True,False,-4.13,-1.25,43.27,-9.35,-2.83,46.3,,OHLC,↓,LH/LL,DT,False,273,4,universe
SPOT,2026-10-01,491.4,17.2,False,529.41,-1.26,-0.07,True,79.1,0.69,78.4,True,3.5,2.41,21.2,1.5,D 趨勢弱,True,8:49,264.6,跌,248.0,18,True,0.0,-5.2752,-5.714,-5.8401,True,False,-7.74,-2.21,511.38,-4.07,-1.16,749.8,,OHLC,—,LH/LL,DT,True,273,4,universe
KARO,2026-10-01,60.76,2.24,False,64.16,-0.042,-0.18,True,79.0,0.71,78.2,True,3.69,2.25,41.1,4.4,C 基底修復,True,7:30,225.0,跌,75.0,9,True,0.0,-0.7355,-0.807,-0.807,True,False,-5.59,-1.52,64.12,-5.53,-1.5,4.7,,OHLC,↓,LH/LL,DT,False,273,4,universe
TOST,2026-10-01,29.23,1.06,False,32.59,-0.188,-0.78,True,79.0,0.88,78.1,True,3.64,2.3,14.4,7.5,D 趨勢弱,True,8:49,264.6,跌,333.0,25,True,0.0,-0.1483,-0.1569,-0.5718,True,False,-11.48,-3.16,30.6,-4.69,-1.29,258.7,,OHLC,—,LH/LL,DT,True,273,4,universe
HOG,2026-10-01,24.83,0.91,False,26.77,-0.102,-0.54,True,78.7,0.19,78.5,True,3.66,2.32,38.2,4.0,C 基底修復,True,8:49,264.6,跌,241.0,22,True,0.0,-0.2427,-0.2821,-0.2821,True,False,-7.81,-2.13,27.87,-12.24,-3.34,47.3,,OHLC,↓,LH/LL,DT,False,273,4,universe
WEX,2026-10-01,168.66,6.06,False,190.05,-0.757,-0.62,True,78.4,0.43,78.0,True,3.59,2.44,42.3,1.4,D 趨勢弱,True,8:49,264.6,跌,418.0,34,True,0.0,-2.9731,-2.9788,-2.9788,True,False,-12.68,-3.53,185.43,-9.94,-2.77,102.0,,OHLC,↓,LH/LL,DT,False,273,4,universe
PNRG,2026-10-01,201.42,7.87,False,209.9,-0.356,-0.05,True,78.1,0.77,77.3,True,3.91,2.19,29.5,8.7,C 基底修復,True,8:49,264.6,跌,140.0,17,True,0.0,-1.6638,-1.8487,-2.5636,True,False,-4.21,-1.08,210.85,-4.68,-1.2,18.2,,OHLC,↓,LH/LL,DT,False,273,4,universe
OC,2026-10-01,117.09,4.6,False,130.61,-1.251,-0.95,True,78.0,0.18,77.8,True,3.93,2.19,9.4,2.8,D 趨勢弱,True,8:49,264.6,跌,349.0,31,True,0.0,-0.3774,-0.4035,-2.3435,True,False,-11.54,-2.94,123.91,-5.82,-1.48,146.7,,OHLC,↓,LH/LL,DT,False,273,4,universe
SLDE,2026-10-01,23.63,0.82,False,24.24,-0.03,0.04,False,77.9,-0.47,78.3,True,3.48,2.66,63.5,17.1,B 上升結構,True,6:26,192.9,跌,57.0,10,True,0.0,-0.3215,-0.4192,-0.4192,True,True,-2.57,-0.74,22.96,2.84,0.81,37.1,,OHLC,—,HH/HL,自然反彈,False,273,4,universe
KMPR,2026-10-01,25.94,0.97,False,27.01,-0.032,-0.24,True,77.0,0.41,76.6,True,3.73,2.58,8.8,5.1,D 趨勢弱,True,8:49,264.6,跌,106.0,11,True,0.0,-0.1064,-0.1781,-0.4081,True,False,-4.11,-1.1,26.22,-1.08,-0.29,23.3,,OHLC,↓,LH/LL,自然反彈,False,273,4,universe
NE,2026-10-01,41.72,1.53,False,45.04,-0.124,-0.28,True,76.9,0.06,76.9,True,3.68,2.65,30.3,-1.3,D 趨勢弱,True,8:49,264.6,跌,143.0,19,True,0.0,-0.4295,-0.4415,-0.4415,True,False,-7.96,-2.17,45.82,-9.83,-2.67,53.3,,OHLC,↓,LH/LL,DT,False,273,4,universe
FLO,2026-10-01,5.56,0.23,False,6.35,-0.043,-0.94,True,76.8,0.42,76.3,True,4.11,2.25,0.0,0.0,D 趨勢弱,True,8:49,264.6,跌,288.0,23,True,0.0,-0.0009,-0.0035,-0.0955,True,False,-14.16,-3.45,6.15,-10.61,-2.58,49.3,,OHLC,↓,LH/LL,DT,False,273,4,universe
WHD,2026-10-01,62.19,2.06,False,67.72,-0.4,-0.72,True,76.7,0.48,76.2,True,3.31,3.06,40.8,-0.1,D 趨勢弱,True,8:49,264.6,跌,167.0,29,True,0.0,-0.7526,-0.7614,-0.9948,True,False,-8.88,-2.69,69.85,-12.32,-3.72,52.7,,OHLC,↓,LH/LL,DT,False,273,4,universe
PRG,2026-10-01,31.15,1.28,False,36.14,-0.298,-1.07,True,76.4,0.52,75.9,True,4.1,2.31,6.9,0.4,D 趨勢弱,True,8:49,264.6,跌,800.0,53,True,0.0,-0.2689,-0.3178,-0.5895,True,False,-16.01,-3.9,39.29,-26.13,-6.37,23.2,,OHLC,↓,LH/LL,DT,False,273,4,universe
RYAN,2026-10-01,38.39,1.53,False,39.99,-0.116,-0.39,True,76.2,0.55,75.6,True,3.99,2.47,19.0,9.3,D 趨勢弱,True,8:49,264.6,跌,405.0,40,True,0.0,-0.0588,-0.1643,-0.612,True,False,-4.16,-1.04,38.12,0.7,0.18,83.7,,OHLC,↓,LH/LL,自然反彈,False,273,4,universe
VAL,2026-10-01,79.56,3.06,False,84.65,-0.307,-0.32,True,76.1,0.81,75.2,True,3.85,2.63,21.7,-0.1,C 基底修復,True,8:49,264.6,跌,136.0,18,True,0.0,-0.6441,-0.7554,-0.844,True,False,-6.4,-1.66,88.23,-10.9,-2.83,110.6,,OHLC,↓,LH/LL,DT,False,273,4,universe
TPC,2026-10-01,83.26,2.89,False,86.98,-0.214,-0.48,True,75.9,0.17,75.7,True,3.48,3.04,50.5,3.3,C 基底修復,True,8:49,264.6,跌,318.0,31,True,0.0,-0.2425,-0.2837,-1.2071,True,False,-4.47,-1.28,86.06,-3.36,-0.97,36.6,,OHLC,—,LH/LL,DT,True,273,4,universe
JBGS,2026-10-01,10.37,0.38,False,11.34,-0.05,-0.58,True,75.3,0.38,75.0,True,3.65,2.97,3.1,3.1,D 趨勢弱,True,6:32,196.1,跌,59.0,7,True,0.0,-0.0417,-0.0691,-0.3138,True,False,-9.37,-2.57,11.42,-10.13,-2.78,12.2,,OHLC,↓,LH/LL,自然反彈,False,273,4,universe
GRDN,2026-10-01,40.84,1.69,True,42.53,0.002,0.1,True,74.5,0.58,73.9,False,4.15,2.63,53.3,14.9,B 上升結構,False,5:20,160.2,跌,39.0,6,True,0.0,-0.579,-0.5938,-0.5938,True,True,-4.13,-1.0,40.09,1.84,0.44,32.6,,OHLC,↑,HH/HL,自然回檔,False,273,4,universe
KNSA,2026-10-01,75.22,2.56,False,77.49,-0.281,-0.28,True,73.9,0.13,73.8,False,3.41,3.48,60.0,0.6,C 基底修復,True,8:49,264.6,跌,289.0,35,True,0.0,-0.4262,-0.4683,-0.8782,True,True,-3.01,-0.88,79.33,-5.46,-1.6,45.2,,OHLC,↓,LH/LL,DT,False,273,4,universe
ARLO,2026-10-01,12.77,0.54,False,13.22,-0.024,-0.35,True,73.4,0.45,73.0,False,4.23,2.75,28.4,4.1,D 趨勢弱,True,6:02,181.1,跌,51.0,5,True,0.0,-0.0733,-0.0945,-0.2539,True,True,-3.53,-0.83,13.66,-6.97,-1.65,17.2,,OHLC,↓,LH/LL,自然反彈,False,273,4,universe
DOCU,2026-10-01,69.74,2.69,True,66.53,0.164,0.32,True,72.5,0.45,72.0,False,3.86,3.31,58.3,-3.8,B 上升結構,True,8:49,264.6,跌,109.0,9,True,0.0,-0.4532,-0.6195,-0.6195,True,False,4.61,1.19,69.49,0.36,0.09,245.1,,OHLC,—,LH/LL,自然反彈,False,273,4,universe
EZPW,2026-10-01,30.06,1.2,True,32.11,0.057,0.27,True,72.3,1.65,70.6,False,3.99,3.21,54.1,2.9,C 基底修復,True,8:45,262.3,跌,96.0,15,True,0.0,-0.1736,-0.1932,-0.3478,True,False,-6.83,-1.71,31.16,-3.66,-0.92,21.4,,OHLC,—,LH/LL,DT,True,273,4,universe
PRTA,2026-10-01,8.54,0.4,False,8.88,-0.023,-0.23,True,71.4,1.33,70.0,False,4.71,2.67,3.9,-0.8,D 趨勢弱,True,8:49,264.6,跌,138.0,16,True,0.0,-0.0165,-0.0246,-0.1502,True,True,-3.95,-0.84,8.75,-2.46,-0.52,4.2,,OHLC,↓,LH/LL,自然回檔,False,273,4,universe
OOMA,2026-10-01,20.76,0.95,True,22.31,0.008,0.01,True,71.0,0.81,70.2,False,4.58,2.86,53.5,6.0,C 基底修復,True,8:49,264.6,跌,122.0,13,True,0.0,-0.2857,-0.2879,-0.2879,True,False,-7.48,-1.63,23.04,-10.98,-2.4,11.5,,OHLC,↓,LH/LL,DT,False,273,4,universe
CLF,2026-10-01,11.47,0.6,True,11.86,0.006,-0.16,True,62.6,0.79,61.8,False,5.27,3.83,52.1,15.7,C 基底修復,False,5:09,154.7,跌,36.0,4,True,0.0,-0.1555,-0.1716,-0.1716,True,True,-3.38,-0.64,11.83,-3.14,-0.6,168.9,,OHLC,↓,LH/LL,自然反彈,False,273,4,universe
TITN,2026-10-01,23.38,1.15,True,22.23,0.091,0.44,True,61.9,0.22,61.7,False,4.9,4.33,60.6,-1.3,B 上升結構,True,7:03,211.3,跌,67.0,8,True,0.0,-0.2532,-0.2535,-0.2535,True,False,4.91,1.0,24.22,-3.59,-0.73,5.8,,OHLC,—,LH/LL,DT,True,273,4,universe
LBRT,2026-10-01,18.47,0.95,False,19.3,-0.085,-0.47,True,59.2,0.76,58.4,False,5.15,4.66,16.9,-9.9,D 趨勢弱,True,7:38,228.9,跌,77.0,11,True,0.0,-0.0435,-0.0649,-0.1699,True,True,-4.47,-0.87,17.7,4.17,0.81,73.6,,OHLC,—,LH/LL,DT,True,273,4,universe
AUGO,2026-10-01,78.85,4.32,True,85.74,0.002,0.04,True,57.8,1.17,56.6,False,5.48,4.63,54.8,5.6,C 基底修復,True,8:49,264.6,跌,183.0,22,True,0.0,-1.6658,-1.7101,-1.7101,True,False,-8.74,-1.59,77.0,2.35,0.43,88.9,,OHLC,—,HH/HL,自然反彈,False,273,4,universe
RDDT,2026-10-01,149.53,7.68,False,152.57,-0.21,-0.93,True,57.8,0.93,56.8,False,5.13,4.99,23.6,1.1,D 趨勢弱,True,6:37,198.7,跌,60.0,4,True,0.0,-0.5953,-0.9683,-3.5702,True,True,-2.03,-0.4,158.73,-6.15,-1.2,735.7,,OHLC,↓,LH/LL,自然反彈,False,273,4,universe
FIVN,2026-10-01,35.75,1.97,True,34.27,0.097,0.18,True,57.7,0.87,56.9,False,5.51,4.61,65.2,0.7,B 上升結構,False,4:45,142.7,跌,29.0,3,True,0.0,-0.1349,-0.1742,-0.6676,True,True,4.13,0.75,34.01,4.87,0.88,84.0,,OHLC,↑,HH/HL,自然反彈,False,273,4,universe
ASAN,2026-10-01,8.93,0.62,False,9.33,-0.015,-0.18,True,51.2,0.88,50.3,False,6.99,4.65,34.1,17.7,D 趨勢弱,True,8:49,264.6,跌,160.0,21,True,0.0,-0.1153,-0.1507,-0.232,True,True,-4.43,-0.63,7.99,10.53,1.51,86.7,,OHLC,—,HH/HL,自然反彈,False,273,4,universe
RCEL,2026-10-01,12.01,0.63,True,10.81,0.134,1.04,True,45.3,0.63,44.7,False,5.25,7.94,75.0,1.2,E 延伸,True,8:49,264.6,跌,220.0,22,True,0.0,-0.0187,-0.0228,-0.2379,True,False,10.0,1.9,10.95,8.83,1.68,3.3,,OHLC,↑,HH/HL,UT,False,273,4,universe
SST,2026-10-01,2.64,0.44,True,3.33,0.001,0.31,True,18.0,0.93,17.1,False,16.5,10.12,33.0,8.0,D 趨勢弱,True,8:40,259.9,跌,94.0,12,True,0.0,-0.1474,-0.151,-0.151,True,False,-26.03,-1.58,4.38,-65.8,-3.99,3.3,,OHLC,↓,LH/LL,DT,False,255,4,universe
TECH,2026-10-01,72.4,0.21,False,72.39,-0.001,0.12,True,99.8,0.01,99.7,True,0.28,0.22,74.6,-1.7,A 待突破,True,8:49,264.6,跌,251.0,57,False,1.0,-0.0529,-0.049,-0.5869,False,True,0.02,0.06,72.65,-0.35,-1.22,228.0,,OHLC,—,LH/LL,UT,True,273,4,universe
NKX,2026-10-01,10.57,0.16,False,11.3,-0.077,-2.62,True,96.1,0.0,96.1,True,1.5,0.7,6.7,1.2,D 趨勢弱,True,8:49,264.6,跌,194.0,30,True,1.0,-0.0667,-0.0783,-0.0818,True,False,-6.94,-4.63,12.17,-15.14,-10.09,3.2,,OHLC,↓,LH/LL,DT,False,273,4,universe
MYN,2026-10-01,8.96,0.14,False,9.16,-0.03,-1.28,False,95.5,-0.28,95.8,True,1.62,0.75,16.2,4.2,D 趨勢弱,True,8:49,264.6,跌,282.0,24,True,1.0,-0.0062,-0.0246,-0.0528,True,True,-2.21,-1.37,9.24,-3.12,-1.93,3.5,,OHLC,↓,LH/LL,自然反彈,False,273,4,universe
QQQX,2026-10-01,30.86,0.47,True,30.46,0.03,-0.1,False,94.9,-0.06,95.0,True,1.52,1.02,61.0,1.0,C 基底修復,True,9:37,288.7,升,10.0,1,False,1.0,0.0267,-0.003,,False,True,1.3,0.86,30.91,-0.16,-0.11,3.0,,OHLC,—,LH/LL,次級反彈,True,273,4,universe
BY,2026-10-01,37.19,0.66,False,37.91,-0.062,-0.45,False,94.1,-0.27,94.4,True,1.77,0.99,51.5,2.4,C 基底修復,True,8:49,264.6,跌,253.0,40,True,1.0,-0.0566,-0.0877,-0.2196,True,True,-1.93,-1.1,36.76,1.14,0.65,10.7,,OHLC,—,HH/HL,DT,False,273,4,universe
NAC,2026-10-01,10.27,0.21,False,10.82,-0.037,-1.01,True,93.5,0.14,93.4,True,2.05,0.87,10.0,1.5,D 趨勢弱,True,8:49,264.6,跌,276.0,30,True,1.0,-0.0262,-0.0343,-0.0784,True,False,-5.32,-2.6,11.1,-8.08,-3.95,14.5,,OHLC,↓,LH/LL,DT,False,273,4,universe
NVG,2026-10-01,10.61,0.22,False,11.29,-0.063,-2.21,True,93.5,0.08,93.4,True,2.03,0.9,5.6,0.9,D 趨勢弱,True,8:49,264.6,跌,320.0,30,True,1.0,-0.0673,-0.0817,-0.0931,True,False,-6.43,-3.17,11.56,-8.95,-4.42,13.9,,OHLC,↓,LH/LL,DT,False,273,4,universe
GDOT,2026-10-01,12.37,0.26,False,12.95,-0.047,-1.29,True,92.5,0.1,92.4,True,2.12,1.05,26.1,2.3,D 趨勢弱,True,8:49,264.6,跌,284.0,28,True,1.0,-0.0911,-0.1042,-0.1073,True,False,-4.7,-2.22,13.45,-8.73,-4.12,5.4,,OHLC,↓,LH/LL,DT,False,273,4,universe
SMBK,2026-10-01,49.86,1.15,False,50.85,-0.046,-0.46,False,91.1,-0.08,91.2,True,2.31,1.18,55.2,2.1,C 基底修復,True,7:30,225.0,跌,75.0,9,True,1.0,-0.23,-0.2648,-0.4228,True,True,-1.99,-0.86,52.76,-5.82,-2.52,6.7,,OHLC,↓,LH/LL,DT,False,273,4,universe
VZ,2026-10-01,45.98,0.93,False,48.92,-0.111,-0.35,True,91.1,0.42,90.7,True,2.03,1.46,20.5,-0.3,D 趨勢弱,True,8:49,264.6,跌,145.0,19,True,1.0,-0.4116,-0.4558,-0.5974,True,False,-6.39,-3.15,46.73,-1.63,-0.81,1029.1,,OHLC,↓,LH/LL,DT,False,273,4,universe
TFC,2026-10-01,46.28,1.02,False,49.13,-0.193,-0.91,True,91.0,0.06,91.0,True,2.2,1.31,18.5,0.1,D 趨勢弱,True,8:49,264.6,跌,99.0,17,True,1.0,-0.2222,-0.2426,-0.321,True,False,-6.17,-2.8,48.68,-5.19,-2.35,381.2,,OHLC,↓,LH/LL,DT,False,273,4,universe
CFG,2026-10-01,63.7,1.46,False,67.69,-0.396,-1.13,True,89.8,0.19,89.6,True,2.3,1.49,27.6,0.7,C 基底修復,True,8:39,259.4,跌,94.0,12,True,1.0,-0.324,-0.3632,-0.5745,True,False,-6.26,-2.73,70.83,-11.19,-4.87,267.7,,OHLC,↓,LH/LL,DT,False,273,4,universe
CLBK,2026-10-01,11.16,0.25,False,11.48,-0.021,-0.43,False,89.8,-0.08,89.9,True,2.27,1.51,58.0,2.7,C 基底修復,True,8:49,264.6,跌,245.0,27,True,1.0,-0.0679,-0.0847,-0.0943,True,True,-2.88,-1.27,11.66,-4.48,-1.97,55.1,,OHLC,—,LH/LL,自然反彈,False,273,4,universe
UVV,2026-10-01,41.68,0.96,False,44.45,-0.097,-0.55,True,89.6,0.03,89.5,True,2.29,1.54,5.4,-1.5,D 趨勢弱,True,7:39,229.4,跌,77.0,9,True,1.0,-0.1058,-0.1271,-0.9324,True,False,-6.65,-2.9,46.36,-11.23,-4.9,15.2,,OHLC,↓,LH/LL,DT,False,273,4,universe
GLP,2026-10-01,46.53,1.19,False,50.26,-0.393,-0.67,True,88.9,0.38,88.6,True,2.55,1.41,27.3,-1.2,D 趨勢弱,True,8:49,264.6,跌,120.0,14,True,1.0,-0.529,-0.5877,-0.602,True,False,-8.02,-3.14,,,,3.2,,OHLC,—,HH/HL,DT,False,273,4,universe
HASI,2026-10-01,36.03,0.92,False,37.95,-0.18,-0.98,True,87.9,0.31,87.6,True,2.55,1.63,22.8,6.0,C 基底修復,True,8:49,264.6,跌,173.0,29,True,1.0,-0.0534,-0.0907,-0.4138,True,False,-5.32,-2.08,37.21,-3.28,-1.28,40.1,,OHLC,—,LH/LL,DT,True,273,4,universe
IIIN,2026-10-01,29.04,0.71,False,30.12,-0.116,-0.69,True,87.8,0.08,87.7,True,2.43,1.78,21.6,-0.2,D 趨勢弱,True,8:49,264.6,跌,486.0,34,True,1.0,-0.064,-0.0699,-0.3457,True,False,-3.72,-1.53,30.62,-5.44,-2.23,4.3,,OHLC,↓,LH/LL,DT,False,273,4,universe
CNX,2026-10-01,31.52,0.87,False,34.55,-0.105,-0.78,True,87.1,0.13,87.0,True,2.75,1.6,0.0,-0.7,D 趨勢弱,True,8:49,264.6,跌,133.0,16,True,1.0,-0.3281,-0.384,-0.5411,True,False,-9.63,-3.5,33.46,-6.15,-2.24,70.0,,OHLC,↓,LH/LL,DT,False,273,4,universe
ACIW,2026-10-01,49.69,1.33,False,51.34,-0.092,-0.47,True,86.6,0.11,86.5,True,2.67,1.78,45.8,6.5,C 基底修復,True,8:49,264.6,跌,162.0,13,True,1.0,-0.0712,-0.1623,-1.0184,True,False,-3.32,-1.24,53.6,-7.87,-2.95,37.9,,OHLC,↓,LH/LL,自然反彈,False,273,4,universe
AMZN,2026-10-01,248.23,5.66,False,254.4,-0.501,-0.45,False,84.9,-0.04,84.9,True,2.28,2.52,39.7,1.0,C 基底修復,True,8:49,264.6,跌,220.0,33,True,1.0,-0.3748,-0.4741,-1.6831,True,True,-2.48,-1.09,258.45,-4.12,-1.81,8773.7,,OHLC,↓,LH/LL,DT,False,273,4,universe
HAL,2026-10-01,31.88,0.9,False,34.8,-0.097,-0.44,True,84.9,0.79,84.1,True,2.82,1.98,9.6,0.6,D 趨勢弱,True,8:29,254.3,跌,91.0,15,True,1.0,-0.3367,-0.3842,-0.4703,True,False,-9.15,-3.24,,,,364.2,,OHLC,—,HH/HL,DT,False,273,4,universe
OXY,2026-10-01,57.84,1.57,False,59.2,-0.131,-0.36,False,84.8,-0.21,85.0,True,2.72,2.1,39.5,6.0,C 基底修復,True,8:49,264.6,跌,123.0,12,True,1.0,-0.4194,-0.6308,-0.661,True,True,-2.36,-0.87,58.05,-0.36,-0.13,548.1,,OHLC,↓,LH/LL,自然反彈,False,273,4,universe
RRC,2026-10-01,37.6,1.09,False,40.07,-0.081,-0.39,True,84.6,0.33,84.2,True,2.9,1.96,11.0,-0.3,D 趨勢弱,True,8:49,264.6,跌,151.0,17,True,1.0,-0.3076,-0.3705,-0.5452,True,False,-6.56,-2.26,39.14,-4.1,-1.41,106.2,,OHLC,↓,LH/LL,DT,False,273,4,universe
HQY,2026-10-01,89.37,2.69,False,94.61,-0.36,-0.94,True,82.8,0.67,82.2,True,3.01,2.19,28.8,11.3,C 基底修復,True,8:49,264.6,跌,618.0,34,True,1.0,-0.38,-0.5689,-1.4475,True,False,-5.87,-1.95,98.02,-9.68,-3.21,81.9,,OHLC,↓,LH/LL,自然反彈,False,273,4,universe
SLG,2026-10-01,48.77,1.69,False,53.32,-0.403,-0.81,True,81.2,0.22,81.0,True,3.47,2.04,34.3,1.9,D 趨勢弱,True,8:49,264.6,跌,305.0,24,True,1.0,-0.3234,-0.3422,-0.8307,True,False,-9.32,-2.68,51.01,-4.59,-1.32,44.5,,OHLC,↓,LH/LL,DT,False,273,4,universe
SAM,2026-10-01,165.89,5.7,False,171.83,-0.433,-0.45,True,81.0,0.61,80.4,True,3.44,2.11,9.8,2.6,D 趨勢弱,True,7:12,216.0,跌,70.0,7,True,1.0,-0.1099,-0.3232,-2.6368,True,False,-3.58,-1.04,172.55,-4.01,-1.17,45.9,,OHLC,↓,LH/LL,自然反彈,False,273,4,universe
VRSK,2026-10-01,168.38,5.34,False,179.61,-0.472,-0.48,True,80.7,0.36,80.3,True,3.17,2.43,1.6,0.0,D 趨勢弱,True,8:49,264.6,跌,143.0,18,True,1.0,-0.6065,-0.8579,-2.9032,True,False,-6.67,-2.1,185.94,-10.43,-3.29,225.9,,OHLC,↓,LH/LL,DT,False,273,4,universe
RES,2026-10-01,5.72,0.2,False,6.1,-0.024,-0.54,True,80.1,0.48,79.6,True,3.43,2.29,9.3,1.5,D 趨勢弱,True,8:49,264.6,跌,143.0,15,True,1.0,-0.0426,-0.054,-0.0998,True,False,-6.59,-1.92,5.9,-3.15,-0.92,12.3,,OHLC,—,LH/LL,DT,True,273,4,universe
VIK,2026-10-01,78.2,2.75,False,85.11,-0.542,-1.15,True,80.1,0.75,79.3,True,3.52,2.2,20.1,-0.0,C 基底修復,True,7:43,231.6,跌,79.0,6,True,1.0,-0.0995,-0.1336,-1.8459,True,False,-8.84,-2.51,81.99,-4.85,-1.38,394.2,,OHLC,↓,LH/LL,DT,False,273,4,universe
NGS,2026-10-01,32.75,1.18,False,35.1,-0.129,-0.7,True,79.9,0.93,78.9,True,3.59,2.17,9.6,1.2,C 基底修復,True,7:09,214.6,跌,69.0,9,True,1.0,-0.2467,-0.3148,-0.3484,True,False,-7.18,-2.0,,,,4.2,,OHLC,—,HH/HL,自然反彈,False,273,4,universe
MORN,2026-10-01,191.21,6.69,False,204.35,-0.605,-0.36,True,79.3,0.72,78.5,True,3.5,2.38,43.9,5.5,C 基底修復,True,8:49,264.6,跌,203.0,24,True,1.0,-1.5169,-1.762,-3.9737,True,False,-6.87,-1.96,203.83,-6.6,-1.89,59.8,,OHLC,↓,LH/LL,自然反彈,False,273,4,universe
IDCC,2026-10-01,339.93,10.97,False,333.86,-0.096,-0.18,False,78.6,-0.48,79.1,True,3.23,2.78,47.4,-0.9,B 上升結構,True,8:49,264.6,跌,199.0,29,True,1.0,-0.5291,-1.5608,-4.3999,True,True,1.78,0.55,326.55,3.94,1.22,70.6,,OHLC,—,HH/HL,自然反彈,False,273,4,universe
TECK,2026-10-01,65.22,2.26,False,67.61,-0.034,0.01,True,77.9,0.4,77.5,True,3.46,2.68,51.4,-10.4,C 基底修復,True,8:49,264.6,跌,188.0,22,True,1.0,-0.2833,-0.2934,-0.8188,True,False,-3.67,-1.06,69.38,-6.38,-1.84,199.0,,OHLC,—,LH/LL,DT,True,273,4,universe
CACI,2026-10-01,627.06,18.4,False,625.14,-0.664,-0.41,False,77.7,-0.44,78.1,True,2.93,3.25,69.9,3.5,A 待突破,True,8:49,264.6,跌,241.0,28,True,1.0,-2.8772,-4.2228,-8.7839,True,True,0.31,0.1,633.82,-1.08,-0.37,160.9,,OHLC,—,LH/LL,自然反彈,True,273,4,universe
LRN,2026-10-01,77.52,2.42,False,81.9,-0.183,-0.35,True,77.7,0.04,77.6,True,3.13,3.05,13.8,-1.1,D 趨勢弱,True,8:49,264.6,跌,121.0,17,True,1.0,-0.2875,-0.3786,-0.8072,True,False,-5.66,-1.81,83.56,-7.79,-2.49,57.3,,OHLC,↓,LH/LL,自然反彈,False,273,4,universe
ACM,2026-10-01,59.6,2.16,False,64.39,-0.081,-0.21,True,76.8,0.3,76.5,True,3.62,2.72,15.0,2.6,D 趨勢弱,True,8:49,264.6,跌,145.0,16,True,1.0,-0.2364,-0.325,-1.3742,True,False,-8.04,-2.22,60.89,-2.16,-0.6,99.1,,OHLC,↓,LH/LL,DT,False,273,4,universe
NYT,2026-10-01,63.71,2.3,False,66.84,-0.044,-0.18,True,76.4,0.82,75.6,True,3.6,2.81,10.2,-0.6,D 趨勢弱,True,8:25,252.6,跌,90.0,7,True,1.0,-0.48,-0.5721,-1.257,True,False,-4.91,-1.36,64.17,-0.72,-0.2,230.8,,OHLC,↓,LH/LL,次級反彈,False,273,4,universe
TYL,2026-10-01,330.18,12.6,False,352.75,-0.396,-0.05,True,75.8,0.28,75.5,True,3.82,2.72,12.7,2.1,D 趨勢弱,True,8:49,264.6,跌,197.0,18,True,1.0,-2.8094,-3.9442,-4.8763,True,False,-6.84,-1.79,359.54,-8.89,-2.33,251.8,,OHLC,—,LH/LL,自然反彈,True,273,4,universe
TALO,2026-10-01,16.64,0.64,False,17.09,-0.016,0.01,True,74.9,0.48,74.4,False,3.84,2.87,60.5,4.8,B 上升結構,True,8:49,264.6,跌,107.0,12,True,1.0,-0.1416,-0.1765,-0.2229,True,True,-2.71,-0.71,17.24,-3.61,-0.94,35.3,,OHLC,—,LH/LL,自然反彈,True,273,4,universe
APPF,2026-10-01,204.24,7.85,True,217.25,0.029,0.03,True,74.6,0.69,74.0,False,3.84,2.91,43.9,7.9,C 基底修復,True,8:49,264.6,跌,161.0,20,True,1.0,-2.2414,-2.831,-3.9525,True,False,-6.37,-1.66,227.96,-11.61,-3.02,59.4,,OHLC,—,LH/LL,UT,False,273,4,universe
CCSI,2026-10-01,35.73,1.45,False,36.6,-0.074,-0.29,True,73.9,0.68,73.2,False,4.06,2.83,64.9,9.8,C 基底修復,True,8:49,264.6,跌,122.0,11,True,1.0,-0.0623,-0.1411,-0.4938,True,True,-2.43,-0.6,36.47,-2.07,-0.51,4.9,,OHLC,—,LH/LL,自然反彈,True,273,4,universe
GO,2026-10-01,11.77,0.52,True,11.66,0.015,0.21,False,73.2,-1.03,74.2,False,4.41,2.61,62.2,3.1,C 基底修復,True,8:49,264.6,跌,159.0,18,True,1.0,-0.0412,-0.0927,-0.166,True,True,0.95,0.21,11.49,2.38,0.54,27.1,,OHLC,—,LH/LL,UT,False,273,4,universe
FDS,2026-10-01,277.61,12.17,False,285.9,-0.594,-0.28,True,71.5,0.32,71.2,False,4.38,2.96,38.7,-3.9,C 基底修復,True,8:49,264.6,跌,217.0,19,True,1.0,-1.0545,-1.9689,-6.4308,True,True,-2.99,-0.68,284.1,-2.34,-0.53,256.3,,OHLC,↓,LH/LL,自然反彈,False,273,4,universe
GTLB,2026-10-01,49.95,2.09,True,47.75,0.16,0.37,True,70.1,0.52,69.6,False,4.18,3.43,69.0,-5.1,E 延伸,True,8:49,264.6,跌,237.0,16,True,1.0,-0.4579,-0.6661,-0.6946,True,False,4.41,1.06,50.67,-1.44,-0.34,209.9,,OHLC,—,LH/LL,UT,False,273,4,universe
TRI,2026-10-01,99.36,3.88,False,101.56,-0.129,-0.16,True,70.1,0.24,69.9,False,3.91,3.7,36.0,13.7,D 趨勢弱,True,8:49,264.6,跌,128.0,19,True,1.0,-0.1188,-0.3222,-1.5766,True,True,-2.22,-0.57,100.32,-0.97,-0.25,151.5,,OHLC,—,LH/LL,自然反彈,True,273,4,universe
WAY,2026-10-01,25.35,1.11,True,25.37,0.021,0.05,False,68.7,-0.42,69.1,False,4.4,3.49,54.7,1.9,D 趨勢弱,True,8:49,264.6,跌,100.0,7,True,1.0,-0.0733,-0.0851,-0.3544,True,True,-0.09,-0.02,24.64,2.8,0.64,51.6,,OHLC,—,HH/HL,次級回檔,True,273,4,universe
WTTR,2026-10-01,20.03,0.88,False,20.03,-0.023,-0.14,True,68.7,0.52,68.2,False,4.4,3.49,69.1,12.9,B 上升結構,True,7:40,230.0,跌,78.0,7,True,1.0,-0.0617,-0.0898,-0.2258,True,True,-0.01,-0.0,21.02,-4.94,-1.12,36.7,,OHLC,—,LH/LL,UT,True,273,4,universe
U,2026-10-01,43.61,2.09,False,42.64,-0.142,-0.46,True,67.4,0.42,67.0,False,4.8,3.33,57.2,0.3,B 上升結構,True,8:49,264.6,跌,157.0,27,True,1.0,-0.2286,-0.4565,-1.0969,True,True,2.23,0.47,44.57,-2.2,-0.46,430.6,,OHLC,—,LH/LL,UT,False,273,4,universe
ZETA,2026-10-01,32.4,1.49,True,30.36,0.102,0.15,True,67.1,0.95,66.1,False,4.6,3.6,83.1,2.1,B 上升結構,True,8:49,264.6,跌,158.0,18,True,1.0,-0.0767,-0.2493,-0.4291,True,False,6.3,1.37,30.23,6.7,1.45,174.3,,OHLC,↑,HH/HL,UT,False,273,4,universe
SLDP,2026-10-01,2.36,0.12,True,2.41,0.001,-0.04,False,66.2,-0.34,66.5,False,5.01,3.36,23.7,0.6,D 趨勢弱,True,6:05,182.5,跌,51.0,7,True,1.0,-0.017,-0.0207,-0.0265,True,True,-2.24,-0.45,2.54,-7.84,-1.56,7.2,,OHLC,↓,LH/LL,自然反彈,False,273,4,universe
SGP,2026-10-01,26.5,1.53,False,27.84,-0.019,-0.01,True,62.8,0.8,62.0,False,5.75,3.3,53.9,1.7,B 上升結構,True,8:49,264.6,跌,189.0,17,True,1.0,-0.445,-0.4982,-0.4989,True,True,-5.04,-0.88,28.69,-8.26,-1.44,4.2,,OHLC,↓,LH/LL,自然反彈,False,164,4,universe
GDDY,2026-10-01,96.98,4.87,False,98.64,-0.01,-0.03,True,61.9,1.0,60.9,False,5.02,4.21,40.5,9.8,C 基底修復,True,8:49,264.6,跌,149.0,8,True,1.0,-0.6419,-0.7979,-0.9119,True,True,-1.71,-0.34,100.81,-3.95,-0.79,266.4,,OHLC,↓,LH/LL,自然反彈,False,273,4,universe
GTM,2026-10-01,3.85,0.21,False,3.95,-0.001,-0.23,True,60.2,0.1,60.1,False,5.48,4.13,23.4,4.1,D 趨勢弱,True,8:49,264.6,跌,211.0,22,True,1.0,-0.0325,-0.0454,-0.06,True,True,-2.47,-0.45,3.5,9.09,1.66,20.9,,OHLC,↑,HH/HL,UT,False,273,4,universe
CDZI,2026-10-01,3.7,0.24,True,3.8,0.009,0.03,False,53.5,-2.69,56.2,False,6.55,4.53,18.2,-10.5,D 趨勢弱,True,8:49,264.6,跌,176.0,15,True,1.0,-0.003,-0.0032,-0.0827,True,True,-2.65,-0.4,3.95,-6.76,-1.03,4.1,,OHLC,—,HH/HL,次級回檔,False,273,4,universe
OABI,2026-10-01,4.99,0.29,True,4.58,0.048,1.0,True,51.1,0.57,50.5,False,5.73,5.94,77.0,1.2,E 延伸,True,8:49,264.6,跌,114.0,19,True,1.0,-0.0045,-0.0121,-0.1392,True,False,8.24,1.44,4.61,7.62,1.33,6.1,,OHLC,↑,HH/HL,UT,False,273,4,universe
HUBS,2026-10-01,217.45,14.16,False,229.54,-0.722,-0.27,True,50.1,1.46,48.7,False,6.51,5.4,1.6,1.6,D 趨勢弱,True,8:49,264.6,跌,135.0,18,True,1.0,-2.3945,-3.6677,-4.0616,True,True,-5.56,-0.85,226.03,-3.95,-0.61,400.5,,OHLC,↓,LH/LL,自然反彈,False,273,4,universe
AGL,2026-10-01,82.28,5.93,False,87.87,-0.536,-0.46,True,47.0,0.81,46.2,False,7.21,5.52,49.1,-6.5,D 趨勢弱,True,6:14,186.9,跌,54.0,7,True,1.0,-0.4824,-0.8178,-2.2579,True,True,-6.8,-0.94,80.73,1.88,0.26,19.5,,OHLC,↓,LH/LL,自然反彈,False,273,4,universe
ELMT,2026-10-01,20.35,1.87,True,20.89,0.006,0.03,True,37.8,0.96,36.9,False,9.19,6.34,38.1,1.0,E 延伸,False,4:12,126.0,跌,20.0,4,True,1.0,-0.1155,-0.1465,-0.2665,True,True,-2.63,-0.29,18.64,8.4,0.91,28.0,,OHLC,↑,HH/HL,次級反彈,False,112,4,universe
SUNE,2026-10-01,2.28,0.27,True,3.81,0.0,0.0,True,21.0,0.09,20.9,False,12.05,11.99,50.2,-0.5,D 趨勢弱,True,7:29,224.6,跌,75.0,10,True,1.0,-0.0666,-0.0687,-0.0755,True,False,-67.04,-5.56,2.37,-3.95,-0.33,32.6,,OHLC,↓,LH/LL,DT,False,255,4,universe
BIT,2026-10-01,11.27,0.12,False,11.6,-0.032,-1.4,False,97.7,-0.09,97.7,True,1.11,0.56,15.1,0.9,D 趨勢弱,True,8:49,264.6,跌,132.0,16,True,2.0,-0.0162,-0.0271,-0.0427,True,True,-2.93,-2.65,12.36,-9.67,-8.74,5.5,,OHLC,↓,LH/LL,DT,False,273,4,universe
DSL,2026-10-01,9.99,0.11,False,10.28,-0.035,-1.35,False,97.3,-0.08,97.3,True,1.14,0.66,12.9,0.4,D 趨勢弱,True,8:49,264.6,跌,229.0,22,True,2.0,-0.0097,-0.0161,-0.0401,True,True,-2.92,-2.55,10.74,-7.51,-6.56,7.3,,OHLC,↓,LH/LL,DT,False,273,4,universe
BBN,2026-10-01,14.41,0.18,False,14.96,-0.051,-1.43,True,97.1,0.0,97.1,True,1.24,0.64,11.9,1.0,D 趨勢弱,True,8:49,264.6,跌,156.0,22,True,2.0,-0.0398,-0.0535,-0.0885,True,False,-3.85,-3.1,15.92,-10.48,-8.43,4.4,,OHLC,↓,LH/LL,DT,False,273,4,universe
PTA,2026-10-01,17.54,0.29,False,17.92,-0.034,-0.71,False,95.4,-0.2,95.6,True,1.66,0.74,16.0,1.6,D 趨勢弱,True,6:42,200.8,跌,62.0,7,True,2.0,-0.0112,-0.032,-0.0757,True,True,-2.19,-1.32,18.09,-3.14,-1.89,5.0,,OHLC,↓,LH/LL,自然反彈,False,273,4,universe
GD,2026-10-01,332.72,6.26,False,356.07,-1.754,-1.45,True,93.4,0.28,93.1,True,1.88,1.07,15.5,0.8,D 趨勢弱,True,8:49,264.6,跌,714.0,33,True,2.0,-1.3446,-1.6695,-3.7351,True,False,-7.02,-3.73,360.0,-8.2,-4.36,452.3,,OHLC,↓,LH/LL,DT,False,273,4,universe
ES,2026-10-01,64.31,1.23,False,67.94,-0.208,-1.28,True,93.1,0.05,93.1,True,1.91,1.1,16.9,-0.1,D 趨勢弱,True,8:49,264.6,跌,145.0,16,True,2.0,-0.2311,-0.3357,-0.5094,True,False,-5.65,-2.96,68.99,-7.28,-3.81,173.0,,OHLC,↓,LH/LL,DT,False,273,4,universe
GOOD,2026-10-01,12.72,0.23,False,12.79,-0.016,-0.48,False,92.7,-0.43,93.2,True,1.8,1.3,47.9,0.8,C 基底修復,True,8:49,264.6,跌,234.0,24,True,2.0,-0.0026,-0.0162,-0.0785,True,True,-0.56,-0.31,12.95,-1.81,-1.0,5.6,,OHLC,—,LH/LL,自然反彈,True,273,4,universe
UTL,2026-10-01,50.6,1.13,False,52.52,-0.122,-0.51,True,92.4,0.08,92.4,True,2.24,0.95,24.2,-0.7,D 趨勢弱,True,8:49,264.6,跌,136.0,16,True,2.0,-0.1336,-0.1566,-0.2839,True,False,-3.79,-1.7,51.81,-2.39,-1.07,7.5,,OHLC,↓,LH/LL,DT,False,273,4,universe
ACP,2026-10-01,4.42,0.09,False,4.67,-0.019,-1.14,True,92.1,0.07,92.1,True,1.96,1.3,3.4,-0.4,D 趨勢弱,True,8:49,264.6,跌,193.0,20,True,2.0,-0.0116,-0.0144,-0.0458,True,False,-5.73,-2.93,4.51,-2.04,-1.04,5.2,,OHLC,↓,LH/LL,自然反彈,False,273,4,universe
PSA,2026-10-01,284.0,5.78,False,299.39,-1.366,-1.06,True,91.9,0.16,91.8,True,2.04,1.27,20.9,1.5,D 趨勢弱,True,8:49,264.6,跌,446.0,34,True,2.0,-0.2825,-0.4457,-2.6991,True,False,-5.42,-2.66,300.76,-5.9,-2.9,256.9,,OHLC,↓,LH/LL,DT,False,273,4,universe
BKH,2026-10-01,70.14,1.52,False,71.52,-0.113,-0.46,False,91.8,-0.07,91.8,True,2.17,1.17,23.1,-1.0,D 趨勢弱,True,8:49,264.6,跌,132.0,15,True,2.0,-0.0559,-0.0807,-0.3973,True,True,-1.96,-0.9,71.96,-2.59,-1.2,75.4,,OHLC,↓,LH/LL,DT,False,273,4,universe
NWE,2026-10-01,68.53,1.5,False,69.46,-0.098,-0.35,False,91.6,-0.02,91.6,True,2.19,1.19,31.4,-0.9,C 基底修復,True,8:49,264.6,跌,160.0,15,True,2.0,-0.0252,-0.0464,-0.3992,True,True,-1.35,-0.62,69.87,-1.96,-0.89,33.4,,OHLC,↓,LH/LL,DT,False,273,4,universe
SRE,2026-10-01,78.05,1.58,False,82.22,-0.21,-0.85,True,91.4,0.22,91.1,True,2.02,1.41,9.6,-2.7,D 趨勢弱,True,8:49,264.6,跌,117.0,13,True,2.0,-0.1997,-0.2832,-0.8388,True,False,-5.34,-2.65,85.28,-9.26,-4.59,285.1,,OHLC,↓,LH/LL,DT,False,273,4,universe
FSCO,2026-10-01,5.12,0.11,False,5.21,-0.005,-0.03,False,91.2,-0.27,91.5,True,2.2,1.27,13.7,-11.2,D 趨勢弱,True,6:50,205.2,跌,64.0,6,True,2.0,-0.0261,-0.0262,-0.0331,True,True,-1.74,-0.79,5.13,-0.2,-0.09,5.0,,OHLC,↑,HH/HL,自然反彈,False,273,4,universe
CME,2026-10-01,265.1,5.88,False,275.33,-0.027,-0.09,True,90.4,0.11,90.3,True,2.22,1.43,11.3,-8.6,C 基底修復,True,8:49,264.6,跌,169.0,19,True,2.0,-1.659,-1.9872,-2.0427,True,False,-3.86,-1.74,277.74,-4.77,-2.15,477.7,,OHLC,↓,LH/LL,DT,False,273,4,universe
HMN,2026-10-01,44.94,1.06,False,48.59,-0.21,-1.12,True,90.3,0.22,90.0,True,2.35,1.33,14.5,1.5,D 趨勢弱,True,8:49,264.6,跌,144.0,18,True,2.0,-0.3164,-0.3719,-0.4308,True,False,-8.11,-3.45,49.78,-10.77,-4.58,17.8,,OHLC,↓,LH/LL,DT,False,273,4,universe
AD,2026-10-01,34.17,0.88,False,36.35,-0.048,-0.41,True,89.5,0.03,89.5,True,2.58,1.27,7.6,0.6,D 趨勢弱,True,8:49,264.6,跌,169.0,11,True,2.0,-0.3569,-0.4315,-0.4835,True,False,-6.37,-2.47,35.0,-2.43,-0.94,10.4,,OHLC,↓,LH/LL,自然反彈,False,273,4,universe
IMO,2026-10-01,124.53,2.99,False,129.66,-0.403,-0.61,True,89.0,0.5,88.5,True,2.4,1.55,40.0,-0.4,C 基底修復,True,8:49,264.6,跌,170.0,26,True,2.0,-0.6628,-0.9185,-1.1113,True,False,-4.12,-1.72,135.35,-8.69,-3.62,85.3,,OHLC,↓,LH/LL,自然反彈,False,273,4,universe
HCI,2026-10-01,181.39,4.5,False,183.84,-0.213,-0.39,False,88.7,-0.82,89.5,True,2.48,1.53,37.9,6.3,C 基底修復,True,8:49,264.6,跌,167.0,18,True,2.0,-0.8626,-1.4389,-1.616,True,True,-1.35,-0.54,187.99,-3.64,-1.47,32.0,,OHLC,↓,LH/LL,自然反彈,False,273,4,universe
CARE,2026-10-01,30.36,0.78,False,30.83,-0.041,-0.48,False,88.2,-0.12,88.3,True,2.58,1.55,51.3,4.4,C 基底修復,True,8:49,264.6,跌,110.0,12,True,2.0,-0.004,-0.0457,-0.4203,True,True,-1.56,-0.61,31.95,-5.24,-2.03,8.3,,OHLC,—,LH/LL,自然反彈,True,273,4,universe
ASH,2026-10-01,68.61,1.78,False,71.14,-0.144,-0.44,True,87.6,0.26,87.4,True,2.6,1.64,43.6,-1.0,C 基底修復,True,8:49,264.6,跌,302.0,34,True,2.0,-0.1845,-0.2578,-0.6667,True,False,-3.68,-1.42,71.73,-4.55,-1.75,46.0,,OHLC,—,LH/LL,DT,True,273,4,universe
OMF,2026-10-01,55.87,1.49,False,60.84,-0.324,-0.95,True,87.6,0.35,87.3,True,2.66,1.58,14.1,3.1,D 趨勢弱,True,8:49,264.6,跌,216.0,32,True,2.0,-0.5154,-0.5906,-0.6453,True,False,-8.9,-3.35,61.69,-10.42,-3.92,57.2,,OHLC,↓,LH/LL,DT,False,273,4,universe
ADT,2026-10-01,6.23,0.17,False,6.93,-0.045,-1.15,True,86.6,0.07,86.5,True,2.75,1.71,0.0,0.0,D 趨勢弱,True,8:49,264.6,跌,331.0,36,True,2.0,-0.0674,-0.0856,-0.0946,True,False,-11.3,-4.11,7.06,-13.32,-4.85,56.0,,OHLC,↓,LH/LL,自然反彈,False,273,4,universe
CCI,2026-10-01,66.12,1.86,False,72.9,-0.279,-0.76,True,86.1,0.21,85.9,True,2.81,1.74,2.2,-0.4,D 趨勢弱,True,8:49,264.6,跌,187.0,14,True,2.0,-0.6569,-0.6928,-0.7338,True,False,-10.26,-3.65,75.62,-14.37,-5.12,258.5,,OHLC,↓,LH/LL,DT,False,273,4,universe
BEPC,2026-10-01,28.49,0.81,False,30.64,-0.188,-1.43,True,85.4,0.34,85.1,True,2.85,1.84,5.0,-7.7,D 趨勢弱,True,8:49,264.6,跌,180.0,28,True,2.0,-0.0365,-0.088,-0.2699,True,False,-7.53,-2.64,30.0,-5.3,-1.86,54.7,,OHLC,↓,LH/LL,DT,False,273,4,universe
NSSC,2026-10-01,36.19,1.11,False,36.94,-0.04,-0.21,True,84.4,0.23,84.2,True,3.07,1.82,23.3,-0.3,D 趨勢弱,True,9:54,297.2,升,15.0,2,False,2.0,0.0534,0.0042,,False,True,-2.07,-0.67,36.24,-0.14,-0.04,13.2,,OHLC,—,LH/LL,自然反彈,True,273,4,universe
XIFR,2026-10-01,10.43,0.29,False,11.2,-0.041,-0.69,True,84.2,0.01,84.2,True,2.75,2.18,12.8,1.6,D 趨勢弱,True,8:49,264.6,跌,130.0,15,True,2.0,-0.0568,-0.0703,-0.1034,True,False,-7.38,-2.68,11.27,-8.05,-2.93,8.4,,OHLC,↓,LH/LL,DT,False,273,4,universe
UBER,2026-10-01,67.88,1.89,False,73.01,-0.314,-0.56,True,83.9,0.04,83.9,True,2.78,2.21,15.2,-0.3,D 趨勢弱,True,8:49,264.6,跌,230.0,23,True,2.0,-0.252,-0.2602,-0.8536,True,False,-7.56,-2.72,71.9,-5.92,-2.13,1355.7,,OHLC,—,LH/LL,DT,True,273,4,universe
VC,2026-10-01,88.36,2.96,False,96.42,-0.575,-1.14,True,83.7,0.2,83.6,True,3.35,1.67,2.7,2.6,D 趨勢弱,True,8:49,264.6,跌,249.0,28,True,2.0,-0.6785,-0.8955,-0.949,True,False,-9.12,-2.73,103.41,-17.03,-5.09,50.2,,OHLC,↓,LH/LL,DT,False,273,4,universe
GPOR,2026-10-01,153.35,4.81,False,167.9,-0.486,-0.64,True,82.7,0.5,82.2,True,3.14,2.1,0.0,0.0,D 趨勢弱,True,8:49,264.6,跌,177.0,17,True,2.0,-1.6768,-2.0499,-2.9606,True,False,-9.49,-3.03,159.12,-3.76,-1.2,47.1,,OHLC,↓,LH/LL,DT,False,273,4,universe
PAYX,2026-10-01,100.84,3.09,False,113.78,-0.858,-1.34,True,82.7,0.4,82.3,True,3.07,2.16,9.2,1.9,D 趨勢弱,True,8:49,264.6,跌,279.0,22,True,2.0,-1.6716,-2.0366,-2.2214,True,False,-12.84,-4.19,118.51,-17.52,-5.72,403.4,,OHLC,↓,LH/LL,自然反彈,False,273,4,universe
SLM,2026-10-01,22.61,0.75,False,25.17,-0.167,-1.11,True,82.7,0.3,82.4,True,3.3,1.93,8.5,0.3,D 趨勢弱,True,8:49,264.6,跌,277.0,32,True,2.0,-0.2589,-0.285,-0.3184,True,False,-11.34,-3.44,23.66,-4.64,-1.41,50.3,,OHLC,↓,LH/LL,DT,False,273,4,universe
CALX,2026-10-01,34.9,1.09,False,35.87,-0.19,-0.84,True,82.5,0.23,82.3,True,3.13,2.12,7.6,2.4,D 趨勢弱,True,9:42,291.2,升,12.0,1,False,2.0,0.053,-0.0509,,False,True,-2.78,-0.89,35.5,-1.72,-0.55,40.3,,OHLC,↓,LH/LL,自然反彈,False,273,4,universe
CPNG,2026-10-01,13.8,0.45,False,15.03,-0.095,-0.81,True,81.5,0.35,81.2,True,3.25,2.2,12.3,1.0,D 趨勢弱,True,8:49,264.6,跌,224.0,21,True,2.0,-0.0263,-0.039,-0.1585,True,False,-8.91,-2.74,14.62,-5.94,-1.83,236.6,,OHLC,↓,LH/LL,DT,False,273,4,universe
XYZ,2026-10-01,74.04,2.36,False,78.89,-0.212,-0.55,True,81.3,0.26,81.0,True,3.18,2.31,42.5,6.5,C 基底修復,True,8:49,264.6,跌,143.0,22,True,2.0,-0.3936,-0.4634,-0.6589,True,False,-6.55,-2.06,76.74,-3.65,-1.15,299.2,,OHLC,↓,LH/LL,DT,False,273,4,universe
GXO,2026-10-01,45.96,1.47,False,46.1,-0.042,-0.28,True,81.0,0.32,80.6,True,3.19,2.36,24.5,6.4,D 趨勢弱,True,9:32,285.8,升,9.0,1,False,2.0,0.0428,-0.061,,False,True,-0.31,-0.1,47.37,-3.07,-0.96,64.2,,OHLC,—,LH/LL,自然反彈,True,273,4,universe
CHRD,2026-10-01,136.85,4.4,False,144.47,-0.413,-0.24,True,80.3,0.58,79.7,True,3.22,2.46,37.1,1.4,C 基底修復,True,8:49,264.6,跌,116.0,12,True,2.0,-1.485,-1.8287,-2.0727,True,False,-5.57,-1.73,140.02,-2.32,-0.72,104.0,,OHLC,↓,LH/LL,自然反彈,False,273,4,universe
GRNT,2026-10-01,4.4,0.16,False,4.92,-0.018,-0.73,True,80.1,1.27,78.8,True,3.57,2.16,2.0,0.7,D 趨勢弱,True,8:23,251.5,跌,90.0,12,True,2.0,-0.0609,-0.0751,-0.0844,True,False,-11.85,-3.32,4.25,3.41,0.96,7.7,,OHLC,—,HH/HL,自然反彈,False,273,4,universe
ERII,2026-10-01,6.7,0.23,False,7.33,-0.033,-0.84,True,79.7,0.53,79.2,True,3.42,2.38,11.7,0.2,D 趨勢弱,True,8:49,264.6,跌,124.0,17,True,2.0,-0.0067,-0.0131,-0.0938,True,False,-9.42,-2.76,7.55,-12.69,-3.71,6.8,,OHLC,—,LH/LL,DT,True,273,4,universe
MPC,2026-10-01,420.15,15.23,True,392.52,1.325,0.33,False,79.5,-0.23,79.8,True,3.62,2.2,69.6,-0.3,E 延伸,True,7:51,235.6,跌,81.0,9,True,2.0,-2.2398,-4.1476,-4.5824,True,False,6.58,1.81,388.38,7.56,2.09,1213.9,,OHLC,↑,HH/HL,自然反彈,False,273,4,universe
DAR,2026-10-01,61.64,2.3,False,64.15,-0.199,-0.34,True,78.6,1.03,77.6,True,3.73,2.27,45.1,0.4,C 基底修復,True,8:49,264.6,跌,118.0,15,True,2.0,-0.4911,-0.6313,-0.7144,True,False,-4.07,-1.09,60.02,2.63,0.7,141.7,,OHLC,—,HH/HL,自然反彈,False,273,4,universe
LFST,2026-10-01,11.91,0.43,False,12.52,-0.016,-0.18,True,78.6,0.15,78.4,True,3.64,2.38,57.9,-13.3,C 基底修復,True,8:43,261.7,跌,95.0,13,True,2.0,-0.1331,-0.1471,-0.1844,True,False,-5.16,-1.42,13.56,-13.85,-3.81,73.6,,OHLC,↓,LH/LL,DT,False,273,4,universe
SGI,2026-10-01,62.75,2.26,False,64.95,-0.114,-0.17,False,78.4,-0.25,78.6,True,3.6,2.44,23.6,2.7,D 趨勢弱,True,7:31,225.4,跌,75.0,11,True,2.0,-0.2007,-0.2729,-0.4763,True,True,-3.51,-0.97,63.95,-1.91,-0.53,213.0,,OHLC,—,LH/LL,DT,True,273,4,universe
RPC,2026-10-01,7.5,0.27,False,8.11,-0.036,-0.88,True,78.3,0.06,78.3,True,3.64,2.42,5.3,3.4,D 趨勢弱,True,8:49,264.6,跌,247.0,37,True,2.0,-0.0337,-0.0501,-0.0881,True,False,-8.07,-2.22,8.11,-8.13,-2.24,4.5,,OHLC,↓,LH/LL,自然反彈,False,273,4,universe
ZM,2026-10-01,93.8,3.25,False,95.61,-0.426,-0.71,True,78.3,0.13,78.2,True,3.46,2.6,38.8,17.8,C 基底修復,True,9:23,281.5,升,6.0,1,False,2.0,0.128,-0.2483,,False,True,-1.93,-0.56,85.38,8.98,2.59,276.6,,OHLC,↑,HH/HL,UT,False,273,4,universe
BWXT,2026-10-01,136.79,5.07,False,148.91,-0.871,-1.03,True,78.2,0.48,77.7,True,3.71,2.38,0.0,-5.0,D 趨勢弱,True,8:49,264.6,跌,109.0,13,True,2.0,-0.3929,-0.5493,-1.4849,True,False,-8.86,-2.39,143.0,-4.54,-1.22,165.8,,OHLC,↓,LH/LL,自然反彈,False,273,4,universe
SMG,2026-10-01,50.02,1.86,False,54.97,-0.588,-1.41,True,77.6,0.29,77.3,True,3.72,2.46,0.0,0.0,D 趨勢弱,True,8:49,264.6,跌,240.0,18,True,2.0,-0.1541,-0.2553,-1.0121,True,False,-9.9,-2.66,52.83,-5.62,-1.51,58.3,,OHLC,↓,LH/LL,自然反彈,False,273,4,universe
DAN,2026-10-01,27.63,1.08,False,29.76,-0.107,-0.58,True,77.2,0.11,77.1,True,3.89,2.38,17.9,3.1,C 基底修復,True,8:49,264.6,跌,143.0,17,True,2.0,-0.3457,-0.4096,-0.4572,True,False,-7.7,-1.98,31.08,-12.49,-3.21,44.1,,OHLC,↓,LH/LL,DT,False,273,4,universe
CBOE,2026-10-01,277.19,11.05,False,284.59,-0.2,-0.47,True,77.0,0.47,76.6,True,3.99,2.31,11.8,-1.2,D 趨勢弱,True,9:31,285.7,升,9.0,1,False,2.0,0.3057,-0.8054,,False,True,-2.67,-0.67,272.86,1.56,0.39,315.4,,OHLC,—,LH/LL,UT,False,273,4,universe
CRGY,2026-10-01,13.27,0.48,False,13.87,-0.001,0.15,True,76.8,0.27,76.5,True,3.59,2.76,51.8,13.1,B 上升結構,True,8:49,264.6,跌,109.0,12,True,2.0,-0.1825,-0.2246,-0.2511,True,False,-4.55,-1.27,13.42,-1.13,-0.31,93.4,,OHLC,↓,LH/LL,自然反彈,False,273,4,universe
GDYN,2026-10-01,8.38,0.31,True,7.93,0.026,0.12,False,76.1,-1.96,78.1,True,3.74,2.74,63.8,0.2,B 上升結構,True,8:49,264.6,跌,242.0,27,True,2.0,-0.0044,-0.0513,-0.0811,True,False,5.37,1.43,7.78,7.16,1.91,7.4,,OHLC,—,LH/LL,UT,False,273,4,universe
FRSH,2026-10-01,13.15,0.48,False,12.78,-0.0,0.1,True,75.4,0.45,75.0,True,3.64,2.97,75.6,8.2,B 上升結構,True,9:23,281.6,升,6.0,1,False,2.0,0.0149,-0.0186,,False,True,2.79,0.77,12.53,4.71,1.3,55.2,,OHLC,↑,HH/HL,UT,False,273,4,universe
ASA,2026-10-01,55.58,2.21,False,60.52,-0.169,-0.19,True,75.2,1.18,74.0,True,3.97,2.68,8.0,3.4,D 趨勢弱,True,8:49,264.6,跌,195.0,19,True,2.0,-0.5072,-0.5841,-1.0632,True,False,-8.9,-2.24,59.77,-7.54,-1.9,3.5,,OHLC,—,LH/LL,UT,False,273,4,universe
CTSH,2026-10-01,60.88,2.4,True,61.0,0.106,-0.05,False,74.4,-2.42,76.8,False,3.94,2.85,26.0,17.1,C 基底修復,True,8:49,264.6,跌,109.0,22,True,2.0,-0.3889,-0.7074,-1.0182,True,True,-0.19,-0.05,64.61,-6.13,-1.55,406.6,,OHLC,↓,LH/LL,自然反彈,False,273,4,universe
PD,2026-10-01,15.58,0.6,True,13.96,0.09,0.75,True,72.3,0.65,71.7,False,3.83,3.36,55.8,-2.3,B 上升結構,True,8:49,264.6,跌,100.0,10,True,2.0,-0.0065,-0.0441,-0.0775,True,False,10.38,2.71,14.38,7.7,2.01,24.5,,OHLC,↑,HH/HL,UT,False,273,4,universe
MGNI,2026-10-01,25.44,1.09,True,24.38,0.032,0.06,True,69.4,0.65,68.7,False,4.29,3.46,70.0,7.2,E 延伸,True,9:21,280.7,升,6.0,1,False,2.0,0.0186,-0.0176,,False,True,4.18,0.98,24.21,4.83,1.13,56.8,,OHLC,—,HH/HL,自然反彈,False,273,4,universe
VERX,2026-10-01,12.3,0.58,False,12.75,-0.05,-0.43,True,65.4,0.46,64.9,False,4.75,3.78,14.3,4.3,D 趨勢弱,True,8:49,264.6,跌,192.0,18,True,2.0,-0.0339,-0.1126,-0.2164,True,True,-3.63,-0.76,13.09,-6.42,-1.35,18.0,,OHLC,↓,LH/LL,自然反彈,False,273,4,universe
AMPL,2026-10-01,14.3,0.68,True,13.4,0.045,0.25,True,65.2,1.12,64.0,False,4.78,3.8,79.9,-3.5,B 上升結構,True,8:49,264.6,跌,202.0,21,True,2.0,-0.0088,-0.0518,-0.2954,True,False,6.26,1.31,12.96,9.37,1.96,21.2,,OHLC,↑,HH/HL,UT,False,273,4,universe
IOT,2026-10-01,40.04,2.02,False,39.77,-0.005,-0.09,True,64.3,0.61,63.7,False,5.05,3.7,66.5,18.3,B 上升結構,True,8:49,264.6,跌,103.0,10,True,2.0,-0.1138,-0.2656,-0.3744,True,True,0.67,0.13,39.32,1.8,0.36,307.1,,OHLC,—,LH/LL,自然反彈,True,273,4,universe
HPK,2026-10-01,7.94,0.47,False,8.12,-0.003,0.01,True,57.9,0.44,57.4,False,5.92,4.17,59.5,-2.0,B 上升結構,True,8:49,264.6,跌,166.0,12,True,2.0,-0.0433,-0.0564,-0.1132,True,True,-2.27,-0.38,8.15,-2.64,-0.45,4.5,,OHLC,—,LH/LL,次級回檔,True,273,4,universe
LZ,2026-10-01,5.73,0.27,False,5.95,-0.005,-0.01,True,57.2,0.41,56.8,False,4.7,5.54,8.4,3.4,D 趨勢弱,True,6:42,200.8,跌,62.0,7,True,2.0,-0.0173,-0.0328,-0.3411,True,True,-3.81,-0.81,5.8,-1.22,-0.26,16.3,,OHLC,↓,LH/LL,自然反彈,False,273,4,universe
DAVE,2026-10-01,339.59,19.53,False,353.72,-0.215,0.02,True,56.8,0.86,55.9,False,5.75,4.59,62.8,13.1,C 基底修復,True,8:33,256.7,跌,93.0,11,True,2.0,-2.244,-3.8008,-15.169,True,True,-4.16,-0.72,389.34,-14.65,-2.55,109.3,,OHLC,↓,LH/LL,自然反彈,False,273,4,universe
CATX,2026-10-01,2.72,0.18,False,2.88,-0.022,-0.47,True,56.1,0.52,55.6,False,6.58,3.92,7.7,0.7,D 趨勢弱,True,8:49,264.6,跌,196.0,24,True,2.0,-0.0051,-0.0156,-0.0491,True,True,-5.75,-0.87,2.92,-7.35,-1.12,6.6,,OHLC,↓,LH/LL,自然反彈,False,273,4,universe
CHPT,2026-10-01,10.2,0.71,True,8.81,0.026,0.14,True,38.4,0.4,38.0,False,6.98,8.36,54.6,0.6,E 延伸,True,6:47,203.7,跌,63.0,6,True,2.0,-0.0257,-0.0571,-0.118,True,False,13.66,1.96,9.41,7.75,1.11,41.2,,OHLC,↑,HH/HL,UT,False,273,4,universe
FTS,2026-10-01,52.74,0.7,False,54.27,-0.128,-0.91,True,96.4,0.04,96.4,True,1.32,0.77,20.0,-0.1,D 趨勢弱,True,8:49,264.6,跌,143.0,15,False,3.0,-0.0479,-0.0521,-0.3153,True,True,-2.9,-2.19,54.66,-3.64,-2.76,40.4,,OHLC,↓,LH/LL,DT,False,273,4,universe
CBL,2026-10-01,54.37,1.42,False,54.13,-0.071,-0.45,True,87.9,0.31,87.6,True,2.62,1.58,58.7,2.1,C 基底修復,True,9:49,294.4,升,14.0,1,False,3.0,0.0778,-0.0365,,False,True,0.45,0.17,54.34,0.06,0.02,14.4,,OHLC,↓,LH/LL,自然反彈,False,273,4,universe
KEX,2026-10-01,133.46,3.27,False,136.54,-0.217,-0.46,True,87.5,0.79,86.8,True,2.45,1.81,33.2,3.5,C 基底修復,True,7:15,217.4,跌,71.0,16,False,3.0,-0.3835,-0.6568,-1.6847,True,True,-2.31,-0.94,140.83,-5.52,-2.25,60.9,,OHLC,↓,LH/LL,自然反彈,False,273,4,universe
UVE,2026-10-01,43.13,1.01,True,43.28,0.02,-0.1,False,85.5,-0.18,85.7,True,2.35,2.32,74.1,19.3,C 基底修復,True,8:49,264.6,跌,133.0,12,False,3.0,-0.1793,-0.2671,-0.2926,True,True,-0.36,-0.15,44.7,-3.64,-1.55,6.6,,OHLC,↓,LH/LL,自然反彈,False,273,4,universe
ULTA,2026-10-01,537.73,15.88,True,540.55,0.408,0.31,False,83.9,-0.44,84.3,True,2.95,2.04,34.2,-1.3,D 趨勢弱,True,8:49,264.6,跌,147.0,16,False,3.0,-1.7829,-1.1812,-4.2873,False,True,-0.53,-0.18,534.05,0.68,0.23,277.3,,OHLC,—,HH/HL,自然回檔,True,273,4,universe
CVE,2026-10-01,31.65,0.92,False,32.16,-0.067,-0.1,True,83.6,0.7,82.9,True,2.92,2.14,64.7,1.6,A 待突破,True,8:49,264.6,跌,118.0,15,False,3.0,-0.2306,-0.3032,-0.3781,True,True,-1.62,-0.56,30.54,3.51,1.2,227.8,,OHLC,—,HH/HL,自然反彈,False,273,4,universe
SNDA,2026-10-01,37.77,1.23,False,38.59,-0.103,-0.25,True,81.5,0.24,81.3,True,3.25,2.2,59.7,0.7,C 基底修復,True,6:14,186.9,跌,54.0,9,False,3.0,-0.0695,-0.0985,-0.3618,True,True,-2.18,-0.67,38.53,-2.01,-0.62,16.4,,OHLC,—,LH/LL,DT,True,273,4,universe
VLO,2026-10-01,408.46,15.44,True,381.37,1.282,0.34,True,79.2,0.4,78.8,True,3.78,2.11,66.5,-1.8,E 延伸,True,8:49,264.6,跌,105.0,8,False,3.0,-1.8434,-3.2476,-3.4752,True,False,6.63,1.75,375.84,7.99,2.11,1549.3,,OHLC,↑,HH/HL,UT,False,273,4,universe
IDYA,2026-10-01,37.81,1.5,False,38.92,-0.009,0.0,True,78.5,0.26,78.2,True,3.96,2.07,45.2,-12.0,C 基底修復,True,8:49,264.6,跌,144.0,20,False,3.0,-0.0861,-0.0964,-0.4624,True,True,-2.93,-0.74,36.77,2.75,0.69,32.9,,OHLC,—,LH/LL,UT,False,273,4,universe
INSW,2026-10-01,114.6,4.31,True,104.93,0.325,0.36,True,78.0,0.29,77.7,True,3.76,2.36,65.1,-2.7,E 延伸,True,9:21,280.7,升,6.0,1,False,3.0,0.2488,-0.0895,,False,False,8.44,2.25,102.14,10.87,2.89,85.7,,OHLC,↑,HH/HL,UT,False,273,4,universe
ARCB,2026-10-01,129.61,4.78,False,133.33,-0.278,-0.51,True,77.4,0.69,76.7,True,3.69,2.55,57.2,5.6,C 基底修復,True,9:41,290.3,升,11.0,1,False,3.0,0.0526,-0.1683,,False,True,-2.87,-0.78,131.71,-1.62,-0.44,30.6,,OHLC,—,LH/LL,自然反彈,True,273,4,universe
LPG,2026-10-01,56.59,2.08,True,53.78,0.176,0.51,True,77.4,0.3,77.1,True,3.68,2.56,66.0,1.0,E 延伸,True,7:40,230.0,跌,78.0,8,False,3.0,-0.3515,-0.5051,-0.5992,True,False,4.96,1.35,53.49,5.48,1.49,34.7,,OHLC,↑,HH/HL,UT,False,273,4,universe
PLSE,2026-10-01,49.83,3.47,True,51.94,0.064,0.2,True,53.7,0.61,53.0,False,6.97,4.08,69.8,-3.6,B 上升結構,True,8:49,264.6,跌,222.0,18,False,3.0,-0.827,-0.7949,-0.827,False,True,-4.23,-0.61,53.11,-6.58,-0.94,34.4,,OHLC,—,HH/HL,自然回檔,True,273,4,universe
RTAC,2026-10-01,10.44,0.05,False,10.45,-0.0,0.03,True,99.5,0.03,99.5,True,0.43,0.28,34.3,-0.4,D 趨勢弱,True,8:39,259.4,跌,94.0,16,False,4.0,-0.0003,-0.0007,-0.009,True,True,-0.12,-0.27,10.51,-0.67,-1.55,3.4,,OHLC,—,LH/LL,DT,True,255,4,universe
NFJ,2026-10-01,15.04,0.19,False,15.28,-0.021,-0.64,True,96.7,0.1,96.6,True,1.28,0.74,49.9,0.4,C 基底修復,True,8:49,264.6,跌,204.0,28,False,4.0,-0.0262,-0.0298,-0.0709,True,True,-1.61,-1.27,15.19,-1.0,-0.78,4.4,,OHLC,—,LH/LL,自然回檔,False,273,4,universe
PDO,2026-10-01,11.83,0.2,False,12.18,-0.023,-0.78,True,94.9,0.01,94.9,True,1.66,0.88,15.5,0.5,D 趨勢弱,True,9:33,286.6,升,9.0,1,False,4.0,0.0055,-0.0061,,False,True,-2.97,-1.79,12.15,-2.7,-1.63,15.5,,OHLC,↓,LH/LL,DT,False,273,4,universe
MAIN,2026-10-01,55.66,0.98,False,56.86,-0.111,-0.63,True,93.0,0.21,92.7,True,1.76,1.3,24.2,-6.2,D 趨勢弱,True,8:49,264.6,跌,349.0,31,False,4.0,-0.0898,-0.1448,-0.4689,True,True,-2.16,-1.23,56.83,-2.1,-1.2,26.4,,OHLC,↓,LH/LL,自然反彈,False,273,4,universe
TRIN,2026-10-01,17.55,0.32,False,18.05,-0.02,-0.25,True,92.6,0.12,92.5,True,1.83,1.31,52.0,1.6,C 基底修復,True,8:49,264.6,跌,188.0,22,False,4.0,-0.0241,-0.0283,-0.1144,True,True,-2.86,-1.56,18.01,-2.62,-1.43,16.1,,OHLC,↓,LH/LL,DT,False,273,4,universe
BNS,2026-10-01,90.67,1.58,True,92.26,0.051,0.13,False,92.2,-0.06,92.3,True,1.75,1.48,71.3,-10.2,C 基底修復,True,7:48,234.0,跌,80.0,8,False,4.0,-0.4897,-0.4206,-0.4897,False,True,-1.76,-1.01,95.74,-5.59,-3.2,174.9,,OHLC,↓,LH/LL,DT,False,273,4,universe
AVY,2026-10-01,171.62,3.9,False,173.53,-0.222,-0.24,True,89.4,0.45,89.0,True,2.27,1.59,36.9,1.4,D 趨勢弱,True,9:53,296.4,升,15.0,2,False,4.0,0.0986,0.0142,,False,True,-1.11,-0.49,172.28,-0.38,-0.17,145.2,,OHLC,—,LH/LL,自然回檔,True,273,4,universe
PGR,2026-10-01,210.96,4.51,False,213.8,-0.145,-0.04,True,87.9,0.2,87.7,True,2.14,2.05,33.8,12.5,C 基底修復,True,8:49,264.6,跌,120.0,18,False,4.0,-0.4246,-0.8004,-2.0008,True,True,-1.34,-0.63,222.08,-5.27,-2.46,604.0,,OHLC,↓,LH/LL,自然反彈,False,273,4,universe
COKE,2026-10-01,187.11,5.81,False,192.91,-0.05,0.02,True,83.7,0.0,83.7,True,3.11,1.91,44.6,-0.8,C 基底修復,True,8:49,264.6,跌,189.0,9,False,4.0,-0.7984,-0.6543,-0.9726,False,True,-3.1,-1.0,193.57,-3.45,-1.11,108.1,,OHLC,—,LH/LL,DT,True,273,4,universe
HIPO,2026-10-01,31.51,1.01,False,32.13,-0.046,-0.31,True,82.1,0.15,82.0,True,3.2,2.14,39.5,8.5,C 基底修復,True,8:49,264.6,跌,300.0,33,False,4.0,-0.0777,-0.1589,-0.3566,True,True,-1.97,-0.62,33.6,-6.63,-2.07,5.8,,OHLC,—,LH/LL,自然反彈,True,273,4,universe
HRTG,2026-10-01,33.83,0.94,False,34.14,-0.001,-0.1,True,80.6,0.16,80.4,True,2.78,2.85,72.3,8.7,A 待突破,True,8:49,264.6,跌,193.0,29,False,4.0,-0.2198,-0.2827,-0.3496,True,True,-0.91,-0.33,32.71,3.31,1.19,10.3,,OHLC,—,HH/HL,自然反彈,False,273,4,universe
VST,2026-10-01,139.75,4.68,False,141.48,-0.06,-0.22,True,79.3,0.19,79.1,True,3.35,2.51,13.8,-0.5,D 趨勢弱,True,8:49,264.6,跌,98.0,10,False,4.0,-0.0963,-0.2137,-1.9035,True,True,-1.24,-0.37,143.51,-2.69,-0.8,682.5,,OHLC,—,LH/LL,自然反彈,True,273,4,universe
ASO,2026-10-01,47.85,1.84,True,47.89,0.006,0.04,True,74.3,0.56,73.7,False,3.85,2.98,25.1,-0.1,D 趨勢弱,True,7:25,222.6,跌,74.0,7,False,4.0,-0.2619,-0.2406,-0.5472,False,True,-0.09,-0.02,47.74,0.23,0.06,104.0,,OHLC,—,HH/HL,DT,True,273,4,universe
PAYC,2026-10-01,227.47,7.58,True,226.68,0.166,0.07,True,73.7,0.17,73.5,False,3.33,3.6,73.3,7.9,A 待突破,True,8:49,264.6,跌,221.0,24,False,4.0,-1.609,-2.344,-4.9629,True,True,0.35,0.1,217.65,4.32,1.3,169.9,,OHLC,↑,HH/HL,自然反彈,False,273,4,universe
DELL,2026-10-01,541.74,29.16,True,517.83,2.334,0.27,True,56.6,0.18,56.4,False,5.38,4.99,60.2,0.4,E 延伸,True,6:39,199.4,跌,61.0,6,False,4.0,-5.4178,-5.168,-5.4178,False,True,4.41,0.82,536.02,1.06,0.2,5069.9,,OHLC,↑,HH/HL,次級回檔,False,273,4,universe
DFDV,2026-10-01,5.37,0.53,True,5.38,0.081,0.44,True,36.1,0.98,35.1,False,9.84,6.32,50.9,1.1,D 趨勢弱,True,7:03,211.7,跌,68.0,6,False,4.0,-0.1099,-0.0924,-0.14,False,True,-0.27,-0.03,5.87,-9.31,-0.95,14.6,,OHLC,—,HH/HL,DT,False,273,4,universe
PAXS,2026-10-01,13.25,0.19,False,13.56,-0.027,-0.73,True,96.1,0.08,96.0,True,1.42,0.78,12.4,-0.1,D 趨勢弱,True,9:33,286.6,升,9.0,1,False,5.0,0.0037,-0.0094,,False,True,-2.32,-1.63,14.17,-6.94,-4.9,4.6,,OHLC,↓,LH/LL,DT,False,273,4,universe
CTAS,2026-10-01,195.6,3.89,False,199.71,-0.216,-0.09,True,90.4,0.38,90.0,True,1.99,1.66,39.5,0.7,C 基底修復,True,8:49,264.6,跌,423.0,43,False,5.0,-0.2667,-0.2125,-1.8832,False,True,-2.1,-1.06,201.38,-2.96,-1.49,414.8,,OHLC,—,LH/LL,自然回檔,False,273,4,universe
MCY,2026-10-01,100.27,2.26,False,101.79,-0.15,-0.47,True,90.3,0.24,90.0,True,2.25,1.42,48.3,8.6,C 基底修復,True,9:42,291.2,升,12.0,1,False,5.0,0.066,-0.0616,,False,True,-1.51,-0.67,103.44,-3.16,-1.4,32.4,,OHLC,—,LH/LL,自然反彈,True,273,4,universe
CWBC,2026-10-01,26.24,0.59,True,26.06,0.006,0.09,True,90.2,0.06,90.2,True,2.25,1.44,59.4,-0.8,A 待突破,False,10:19,309.5,升,22.0,5,False,5.0,0.0109,0.0098,,False,True,0.69,0.31,26.79,-2.1,-0.93,5.3,,OHLC,—,LH/LL,自然回檔,False,273,4,universe
CHMG,2026-10-01,80.61,1.92,False,82.68,-0.055,-0.2,True,88.7,0.03,88.7,True,2.38,1.64,61.2,-0.8,C 基底修復,True,8:39,259.4,跌,94.0,12,False,5.0,-0.4042,-0.4004,-0.5653,False,True,-2.57,-1.08,83.51,-3.6,-1.51,6.4,,OHLC,—,LH/LL,自然回檔,False,273,4,universe
CBNK,2026-10-01,39.8,0.98,True,37.55,0.27,1.13,True,88.2,0.02,88.2,True,2.45,1.66,58.2,-1.9,E 延伸,True,9:40,290.0,升,11.0,2,False,5.0,0.3594,0.1951,,False,False,5.65,2.3,37.03,6.96,2.84,3.6,,OHLC,↑,HH/HL,UT,False,273,4,universe
TW,2026-10-01,103.3,2.5,False,103.89,-0.053,-0.22,True,86.3,0.18,86.1,True,2.42,2.09,15.8,4.3,D 趨勢弱,True,8:49,264.6,跌,195.0,21,False,5.0,-0.0236,-0.2356,-0.7951,True,True,-0.57,-0.23,103.49,-0.18,-0.08,133.5,,OHLC,—,LH/LL,自然反彈,True,273,4,universe
IQV,2026-10-01,260.72,7.17,True,264.92,0.412,0.48,False,83.1,-0.88,83.9,True,2.75,2.4,69.7,-5.9,A 待突破,True,8:49,264.6,跌,232.0,22,False,5.0,-1.7103,-1.1004,-1.8687,False,True,-1.61,-0.59,277.4,-6.4,-2.33,439.7,,OHLC,—,LH/LL,自然回檔,False,273,4,universe
PAHC,2026-10-01,35.87,1.33,False,36.2,-0.001,-0.03,True,80.6,0.51,80.1,True,3.72,1.91,18.5,-1.2,D 趨勢弱,True,9:20,279.9,升,6.0,1,False,5.0,0.036,-0.0214,,False,True,-0.91,-0.25,35.15,2.01,0.54,8.5,,OHLC,—,LH/LL,UT,True,273,4,universe
FLYW,2026-10-01,17.56,0.58,False,18.01,-0.05,-0.41,True,79.9,0.41,79.5,True,3.29,2.47,53.5,-5.9,C 基底修復,True,8:49,264.6,跌,166.0,23,False,5.0,-0.0056,-0.0326,-0.1859,True,True,-2.55,-0.78,17.58,-0.14,-0.04,25.2,,OHLC,—,LH/LL,自然反彈,True,273,4,universe
MHK,2026-10-01,125.12,4.22,False,127.21,-0.307,-0.46,True,79.5,0.25,79.2,True,3.38,2.46,48.7,2.7,C 基底修復,True,9:18,279.0,升,5.0,1,False,5.0,0.036,-0.1182,,False,True,-1.67,-0.5,126.38,-1.01,-0.3,142.6,,OHLC,↓,LH/LL,自然反彈,False,273,4,universe
GKOS,2026-10-01,163.17,6.77,False,169.48,-0.585,-0.71,True,76.7,0.06,76.7,True,4.15,2.21,53.0,-0.4,C 基底修復,True,8:49,264.6,跌,352.0,29,False,5.0,-0.1466,-0.6225,-2.799,True,True,-3.86,-0.93,182.28,-11.71,-2.82,141.8,,OHLC,—,LH/LL,UT,False,273,4,universe
ANF,2026-10-01,136.36,5.69,True,139.61,0.51,0.39,True,62.7,0.42,62.3,False,4.17,4.9,75.6,3.0,B 上升結構,True,8:49,264.6,跌,207.0,14,False,5.0,-1.6872,-1.9813,-2.606,True,True,-2.39,-0.57,131.2,3.78,0.91,187.1,,OHLC,—,HH/HL,自然反彈,True,273,4,universe
XOM,2026-10-01,163.82,3.56,False,162.4,-0.098,-0.02,True,90.0,0.14,89.8,True,2.17,1.57,66.8,6.7,A 待突破,True,8:11,245.3,跌,86.0,11,False,6.0,-0.2243,-0.3878,-1.0846,True,True,0.87,0.4,164.91,-0.67,-0.31,2316.5,,OHLC,—,LH/LL,UT,False,273,4,universe
BSVN,2026-10-01,54.99,1.42,True,54.24,0.115,0.31,True,86.9,0.38,86.6,True,2.58,1.81,64.4,4.4,A 待突破,False,4:10,125.2,跌,20.0,3,False,6.0,-0.1148,-0.0921,-0.135,False,True,1.36,0.53,56.69,-3.09,-1.2,3.2,,OHLC,—,LH/LL,自然回檔,True,273,4,universe
LTH,2026-10-01,40.36,1.4,False,41.55,-0.139,-0.51,True,82.2,0.25,82.0,True,3.47,1.84,54.1,3.0,C 基底修復,True,9:24,282.2,升,7.0,1,False,6.0,0.0297,-0.0388,,False,True,-2.95,-0.85,43.49,-7.76,-2.24,137.6,,OHLC,↓,LH/LL,自然反彈,False,273,4,universe
KO,2026-10-01,86.1,1.23,False,88.61,-0.13,-0.19,True,94.4,0.11,94.3,True,1.42,1.26,49.6,0.7,C 基底修復,True,8:49,264.6,跌,320.0,24,False,7.0,-0.3033,-0.2821,-0.4411,False,True,-2.91,-2.05,89.35,-3.77,-2.65,1351.1,,OHLC,↓,LH/LL,DT,False,273,4,universe
DE,2026-10-01,667.26,17.34,True,670.09,2.799,0.6,False,86.1,-0.63,86.8,True,2.6,1.95,63.1,0.6,A 待突破,True,6:09,184.7,跌,53.0,5,False,7.0,-4.7476,-3.7338,-4.7476,False,True,-0.42,-0.16,669.47,-0.33,-0.13,889.7,,OHLC,↑,HH/HL,自然回檔,False,273,4,universe
PCRX,2026-10-01,25.01,0.78,True,25.3,0.015,0.42,True,81.8,0.53,81.3,True,3.13,2.26,50.8,-2.5,C 基底修復,False,11:38,348.9,升,44.0,4,False,7.0,0.0286,0.0432,,False,True,-1.15,-0.37,24.36,2.6,0.83,13.9,,OHLC,—,LH/LL,自然回檔,True,273,4,universe
URBN,2026-10-01,78.77,2.55,True,77.6,0.104,0.01,False,80.1,-0.39,80.5,True,3.24,2.48,62.1,12.5,A 待突破,True,9:39,289.7,升,11.0,1,False,7.0,0.1276,-0.1064,,False,True,1.48,0.46,78.58,0.24,0.07,77.6,,OHLC,↓,LH/LL,自然反彈,False,273,4,universe
IFF,2026-10-01,83.12,1.81,False,85.11,-0.034,0.1,True,88.3,0.09,88.3,True,2.17,1.92,49.9,-0.3,C 基底修復,True,8:49,264.6,跌,230.0,21,False,8.0,-0.2487,-0.1501,-0.5841,False,True,-2.39,-1.1,82.96,0.19,0.09,146.9,,OHLC,↑,HH/HL,自然回檔,False,273,4,universe
CNNE,2026-10-01,15.46,0.42,True,15.47,0.005,0.17,True,86.8,0.42,86.4,True,2.69,1.72,56.2,2.0,B 上升結構,False,4:28,134.1,跌,24.0,3,False,8.0,-0.0212,-0.0192,-0.0875,False,True,-0.07,-0.03,15.66,-1.29,-0.48,8.8,,OHLC,—,LH/LL,次級回檔,True,273,4,universe
PCTY,2026-10-01,146.6,4.59,False,148.03,-0.11,-0.2,True,81.2,0.17,81.0,True,3.13,2.39,56.7,18.0,A 待突破,True,8:49,264.6,跌,232.0,33,False,8.0,-0.3814,-0.7404,-2.6087,True,True,-0.98,-0.31,147.97,-0.93,-0.3,98.3,,OHLC,—,LH/LL,自然反彈,True,273,4,universe
WOR,2026-10-01,59.14,2.46,True,59.28,0.029,0.16,True,77.0,0.29,76.7,True,4.16,2.15,50.7,-1.5,C 基底修復,False,11:06,333.0,升,35.0,7,False,8.0,0.0399,0.1341,,False,True,-0.24,-0.06,57.38,2.98,0.72,31.5,,OHLC,↑,HH/HL,自然回檔,False,273,4,universe
YEXT,2026-10-01,6.62,0.29,True,6.5,0.01,0.18,True,72.6,0.07,72.5,False,4.43,2.71,53.6,3.1,C 基底修復,True,8:49,264.6,跌,400.0,21,False,8.0,-0.0069,-0.0179,-0.0845,True,True,1.78,0.4,6.26,5.44,1.23,7.0,,OHLC,↑,HH/HL,UT,False,273,4,universe
FCBC,2026-10-01,47.57,1.07,False,47.73,-0.065,-0.25,True,91.3,0.01,91.3,True,2.25,1.2,57.9,7.9,C 基底修復,True,9:37,288.5,升,10.0,1,False,9.0,0.0134,-0.0198,,False,True,-0.34,-0.15,46.57,2.1,0.93,4.9,,OHLC,—,HH/HL,DT,False,273,4,universe
CLDT,2026-10-01,13.56,0.34,True,13.19,0.008,0.22,True,88.8,0.01,88.8,True,2.47,1.53,80.3,0.3,A 待突破,False,1:38,48.8,升,77.0,8,False,9.0,0.0563,0.0501,,False,True,2.71,1.1,13.35,1.55,0.63,3.8,,OHLC,—,HH/HL,自然反彈,False,273,4,universe
BSTZ,2026-10-01,30.89,0.84,True,30.08,0.085,-0.24,False,84.5,-1.74,86.2,True,2.71,2.16,69.2,9.8,B 上升結構,True,9:33,286.4,升,9.0,1,False,9.0,0.0752,-0.0252,,False,True,2.61,0.96,30.68,0.68,0.25,5.9,,OHLC,↑,HH/HL,UT,False,273,4,universe
BAX,2026-10-01,23.64,0.73,False,24.31,-0.083,-0.7,True,81.6,0.29,81.3,True,3.07,2.38,41.4,-1.0,C 基底修復,True,9:41,290.3,升,11.0,2,False,9.0,0.0615,0.0462,,False,True,-2.84,-0.93,24.3,-2.79,-0.91,165.8,,OHLC,—,LH/LL,自然反彈,True,273,4,universe
BTGO,2026-10-01,7.36,0.55,True,7.29,0.068,0.55,True,47.5,0.64,46.9,False,7.52,5.07,23.8,-2.3,D 趨勢弱,True,6:20,190.0,跌,56.0,5,False,9.0,-0.098,-0.093,-0.125,False,True,0.99,0.13,7.41,-0.68,-0.09,16.6,,OHLC,—,HH/HL,DT,False,176,4,universe
BKKT,2026-10-01,7.71,0.66,True,8.26,0.042,0.24,True,42.3,0.7,41.6,False,8.52,5.56,10.1,-4.3,D 趨勢弱,True,6:00,180.0,跌,50.0,3,False,9.0,-0.095,-0.0633,-0.095,False,True,-7.09,-0.83,8.97,-16.33,-1.92,11.2,,OHLC,↓,LH/LL,DT,False,273,4,universe
AMG,2026-10-01,371.95,10.93,True,361.87,0.276,0.05,True,84.7,0.28,84.4,True,2.94,1.9,72.9,-0.4,A 待突破,False,2:49,84.5,升,97.0,8,False,10.0,1.5832,1.5348,,False,True,2.71,0.92,356.47,4.16,1.42,107.3,,OHLC,↑,HH/HL,自然回檔,False,273,4,universe
CODI,2026-10-01,11.01,0.37,False,11.28,-0.043,-0.83,True,79.6,0.49,79.1,True,3.32,2.49,61.9,1.7,C 基底修復,True,8:49,264.6,跌,165.0,28,False,10.0,-0.0328,-0.0327,-0.1081,False,True,-2.46,-0.74,11.31,-2.72,-0.82,6.4,,OHLC,↓,LH/LL,DT,False,273,4,universe
INGM,2026-10-01,27.79,1.02,True,27.16,0.007,-0.08,True,77.6,0.15,77.5,True,3.66,2.53,47.9,6.1,C 基底修復,False,11:19,339.7,升,39.0,3,False,10.0,0.0977,0.0274,,False,True,2.25,0.61,26.26,5.51,1.5,70.2,,OHLC,—,HH/HL,自然反彈,True,273,4,universe
ELF,2026-10-01,104.09,4.22,True,101.76,0.311,0.34,True,72.5,0.38,72.1,False,4.05,3.11,63.6,6.0,C 基底修復,True,9:34,287.1,升,10.0,1,False,10.0,0.0952,-0.1161,,False,True,2.24,0.55,99.51,4.4,1.09,143.3,,OHLC,↑,HH/HL,UT,False,273,4,universe
FRNM,2026-10-01,15.64,0.89,True,15.61,0.071,0.66,True,59.2,0.02,59.2,False,5.67,4.14,65.7,3.4,B 上升結構,True,6:08,184.2,跌,52.0,7,False,10.0,-0.1514,-0.1281,-0.1929,False,True,0.16,0.03,15.7,-0.38,-0.07,14.0,,OHLC,↑,HH/HL,自然回檔,False,255,4,universe
IOSP,2026-10-01,95.17,2.13,True,94.55,0.024,0.3,True,91.0,0.05,90.9,True,2.24,1.28,68.3,-1.6,A 待突破,False,11:21,340.5,升,39.0,7,False,11.0,0.0091,0.1428,,False,True,0.65,0.29,100.48,-5.58,-2.5,21.0,,OHLC,—,LH/LL,自然回檔,False,273,4,universe
SXT,2026-10-01,128.42,3.09,False,131.92,-0.111,-0.14,True,87.8,0.02,87.8,True,2.4,1.8,63.0,-19.9,C 基底修復,True,8:49,264.6,跌,240.0,24,False,11.0,-0.1953,-0.1731,-1.5231,False,True,-2.72,-1.13,133.16,-3.69,-1.54,43.3,,OHLC,—,LH/LL,UT,False,273,4,universe
PLAB,2026-10-01,30.83,1.13,True,29.82,0.011,-0.12,True,75.7,0.24,75.5,True,3.66,2.89,30.6,-3.4,D 趨勢弱,False,1:29,44.6,升,75.0,10,False,11.0,0.3182,0.3449,,False,True,3.26,0.89,27.16,11.9,3.25,26.0,,OHLC,↑,HH/HL,UT,False,273,4,universe
ACA,2026-10-01,146.5,0.45,True,145.75,0.035,0.47,True,99.8,0.0,99.8,True,0.31,0.17,77.0,-0.6,A 待突破,False,12:00,0.0,升,50.0,9,False,12.0,0.0081,0.0055,,False,True,0.51,1.67,146.0,0.34,1.11,109.0,,OHLC,↑,HH/HL,UT,False,273,4,universe
OGN,2026-10-01,13.71,0.04,True,13.73,0.0,0.07,True,99.8,0.0,99.8,True,0.29,0.17,87.2,-0.3,A 待突破,False,3:35,107.6,跌,10.0,2,False,12.0,-0.0013,-0.0006,-0.0239,False,True,-0.13,-0.44,13.76,-0.36,-1.26,34.1,,OHLC,—,LH/LL,UT,True,273,4,universe
NDSN,2026-10-01,329.02,6.05,True,321.5,0.845,0.54,True,91.8,0.18,91.6,True,1.84,1.49,68.5,-2.5,A 待突破,False,11:26,343.2,升,41.0,6,False,12.0,1.3636,1.4571,,False,True,2.29,1.24,332.93,-1.19,-0.65,113.7,,OHLC,—,LH/LL,UT,False,273,4,universe
MLAB,2026-10-01,129.3,4.66,True,127.41,0.688,0.91,True,76.5,0.94,75.6,True,3.61,2.79,81.9,-2.6,B 上升結構,False,4:55,147.6,跌,32.0,3,False,12.0,-0.6378,-0.401,-1.4914,False,True,1.46,0.41,138.66,-7.24,-2.01,16.4,,OHLC,—,LH/LL,自然回檔,False,273,4,universe
MMSI,2026-10-01,86.15,1.85,False,88.19,-0.193,-0.37,True,90.5,0.24,90.2,True,2.14,1.49,56.1,-0.2,C 基底修復,True,8:49,264.6,跌,278.0,32,False,13.0,-0.1559,-0.1266,-1.045,False,True,-2.37,-1.11,88.14,-2.31,-1.08,52.8,,OHLC,—,LH/LL,UT,True,273,4,universe
DXCM,2026-10-01,86.23,2.16,False,87.93,-0.204,-0.29,True,83.9,0.11,83.8,True,2.51,2.49,62.2,0.9,A 待突破,True,8:49,264.6,跌,313.0,27,False,13.0,-0.3035,-0.2922,-1.346,False,True,-1.97,-0.79,90.39,-4.82,-1.92,363.9,,OHLC,—,LH/LL,DT,True,273,4,universe
RLGT,2026-10-01,9.01,0.32,True,9.0,0.001,-0.03,True,75.7,0.17,75.5,True,3.56,2.99,66.8,6.2,C 基底修復,False,2:49,84.6,升,137.0,13,False,13.0,0.0262,0.0088,,False,True,0.15,0.04,8.49,5.77,1.62,3.7,,OHLC,—,HH/HL,UT,True,255,4,universe
PG,2026-10-01,143.95,2.44,True,145.59,0.004,0.18,True,94.3,0.27,94.0,True,1.7,1.02,30.1,-2.0,D 趨勢弱,False,3:34,107.1,跌,10.0,1,False,14.0,-0.156,0.0569,-0.3002,False,True,-1.14,-0.67,149.48,-3.84,-2.27,1165.0,,OHLC,—,LH/LL,次級回檔,False,273,4,universe
TD,2026-10-01,117.61,2.02,False,120.06,-0.077,-0.23,True,93.4,0.01,93.4,True,1.72,1.23,64.5,0.9,C 基底修復,True,6:47,203.7,跌,63.0,6,False,14.0,-0.456,-0.4044,-0.7353,False,True,-2.09,-1.22,124.4,-5.77,-3.37,181.9,,OHLC,↓,LH/LL,DT,False,273,4,universe
TBCH,2026-10-01,12.79,0.39,True,12.65,0.007,0.05,True,75.8,0.56,75.3,True,3.04,3.49,48.9,-6.0,C 基底修復,False,2:49,84.6,升,141.0,13,False,14.0,0.0282,0.0313,,False,True,1.09,0.36,12.59,1.56,0.51,3.7,,OHLC,—,HH/HL,次級反彈,True,273,4,universe
TVA,2026-10-01,10.58,0.01,True,10.55,0.0,0.04,True,99.9,0.02,99.9,True,0.14,0.1,59.6,0.0,C 基底修復,False,1:27,43.7,升,74.0,13,False,,0.0013,0.0009,,False,True,0.31,2.22,10.49,0.9,6.47,5.9,,OHLC,—,HH/HL,自然反彈,False,255,4,universe
ATII,2026-10-01,10.69,0.03,True,10.68,0.0,0.14,True,99.7,0.01,99.7,True,0.3,0.21,52.0,-0.2,C 基底修復,False,2:49,84.6,升,140.0,42,False,,0.0033,0.0036,,False,True,0.13,0.42,10.67,0.19,0.62,4.2,,OHLC,—,HH/HL,自然回檔,True,273,4,universe
NATH,2026-10-01,101.4,1.39,True,98.71,0.08,0.8,True,94.5,0.31,94.2,True,1.38,1.28,40.4,-0.1,C 基底修復,False,11:56,357.8,升,49.0,5,False,,0.5033,0.4921,,False,True,2.65,1.93,97.44,3.91,2.84,3.2,,OHLC,—,HH/HL,自然反彈,False,273,4,universe
CBZ,2026-10-01,54.71,0.24,False,54.65,-0.005,0.03,True,92.8,0.1,92.7,True,0.43,2.65,82.6,0.0,A 待突破,True,8:49,264.6,跌,313.0,36,False,,-0.19,-0.2048,-0.6889,True,True,0.11,0.25,54.75,-0.07,-0.17,57.2,,OHLC,—,LH/LL,UT,True,273,4,universe
SMTI,2026-10-01,34.88,0.28,True,34.8,0.036,0.62,False,91.7,-0.0,91.7,True,0.8,2.56,85.1,0.0,A 待突破,True,8:49,264.6,跌,400.0,33,False,,-0.1656,-0.1575,-0.3321,False,True,0.24,0.31,35.34,-1.32,-1.66,7.7,,OHLC,—,LH/LL,UT,False,273,4,universe
PFG,2026-10-01,112.24,2.52,False,114.61,-0.05,-0.03,True,90.6,0.22,90.4,True,2.25,1.35,52.6,-0.8,C 基底修復,True,7:52,235.8,跌,81.0,8,False,,-0.5123,-0.4608,-0.5654,False,True,-2.11,-0.94,116.55,-3.84,-1.71,176.8,,OHLC,↓,LH/LL,DT,False,273,4,universe
WMK,2026-10-01,72.62,1.58,True,72.0,0.051,0.14,True,90.6,0.26,90.3,True,2.18,1.44,35.4,-11.3,C 基底修復,False,2:49,84.6,升,179.0,25,False,,0.1475,0.1827,,False,True,0.85,0.39,71.41,1.67,0.77,16.3,,OHLC,—,HH/HL,UT,True,273,4,universe
IEP,2026-10-01,6.77,0.14,True,6.85,0.002,-0.71,True,90.3,0.04,90.3,True,2.1,1.57,24.4,0.1,D 趨勢弱,False,3:45,112.7,跌,13.0,2,False,,-0.0137,-0.008,-0.1158,False,True,-1.18,-0.56,6.51,3.84,1.83,5.6,,OHLC,—,HH/HL,DT,False,273,4,universe
ABM,2026-10-01,48.46,1.17,True,48.67,0.011,0.09,True,89.2,0.2,89.0,True,2.41,1.52,58.6,9.2,C 基底修復,False,4:46,142.8,跌,29.0,4,False,,-0.2184,-0.2005,-0.3399,False,True,-0.44,-0.18,50.51,-4.23,-1.76,28.3,,OHLC,—,LH/LL,次級回檔,True,273,4,universe
OPLN,2026-10-01,34.87,0.86,True,34.7,0.03,-0.07,True,87.2,0.05,87.2,True,2.47,1.85,44.1,4.9,C 基底修復,False,2:49,84.6,升,217.0,25,False,,0.0837,0.0551,,False,True,0.5,0.2,34.42,1.29,0.52,38.2,,OHLC,—,LH/LL,自然反彈,True,273,4,universe
BWIN,2026-10-01,31.77,0.63,True,31.8,0.008,0.07,True,85.3,0.63,84.7,True,1.97,2.74,64.5,-1.6,B 上升結構,False,5:37,168.3,跌,43.0,5,False,,-0.0703,-0.0577,-0.3918,False,True,-0.1,-0.05,31.7,0.22,0.11,170.5,,OHLC,—,HH/HL,自然回檔,True,273,4,universe
UHS,2026-10-01,175.07,5.28,True,175.85,0.033,0.14,True,84.4,0.56,83.9,True,3.02,1.87,22.5,-0.2,C 基底修復,False,4:52,145.9,跌,31.0,4,False,,-0.6445,-0.5583,-1.3446,False,True,-0.45,-0.15,174.74,0.19,0.06,138.4,,OHLC,—,HH/HL,自然回檔,True,273,4,universe
REX,2026-10-01,43.75,1.39,True,42.69,0.007,-0.08,True,83.9,0.26,83.6,True,3.19,1.81,51.4,2.1,B 上升結構,False,2:49,84.6,升,135.0,18,False,,0.1261,0.0988,,False,True,2.42,0.76,42.59,2.65,0.83,11.1,,OHLC,—,HH/HL,UT,True,273,4,universe
HWKN,2026-10-01,127.19,3.93,True,123.51,0.048,0.0,True,83.4,0.25,83.1,True,3.09,2.0,22.9,12.7,D 趨勢弱,False,2:49,84.6,升,169.0,22,False,,0.6856,0.72,,False,True,2.89,0.94,118.71,6.67,2.16,23.3,,OHLC,—,HH/HL,DT,False,273,4,universe
EBAY,2026-10-01,105.89,3.33,True,107.12,0.083,0.19,True,83.2,0.11,83.1,True,3.15,1.99,46.9,0.9,C 基底修復,False,4:16,128.2,跌,21.0,3,False,,-0.3223,-0.2712,-1.1465,False,True,-1.16,-0.37,103.41,2.34,0.74,557.0,,OHLC,↑,HH/HL,自然回檔,False,273,4,universe
HCA,2026-10-01,423.39,12.51,True,423.36,0.467,0.22,True,82.9,0.09,82.8,True,2.95,2.24,24.2,0.1,D 趨勢弱,False,4:09,124.3,跌,19.0,2,False,,-0.9073,-0.333,-2.6952,False,True,0.01,0.0,423.48,-0.02,-0.01,640.9,,OHLC,—,HH/HL,自然回檔,True,273,4,universe
DJCO,2026-10-01,653.04,24.11,True,642.32,1.472,0.48,False,81.3,-0.0,81.3,True,3.69,1.79,61.2,-2.0,A 待突破,True,6:53,206.4,跌,65.0,8,False,,-3.6363,-3.584,-5.5517,False,True,1.64,0.44,651.53,0.23,0.06,42.6,,OHLC,—,HH/HL,自然回檔,True,273,4,universe
MDXG,2026-10-01,4.64,0.17,True,4.61,0.007,0.32,True,80.2,0.54,79.7,True,3.73,1.97,40.8,-0.1,D 趨勢弱,False,5:33,166.6,跌,43.0,5,False,,-0.0264,-0.0232,-0.0271,False,True,0.68,0.18,4.57,1.51,0.4,5.5,,OHLC,↑,HH/HL,自然回檔,False,273,4,universe
BBY,2026-10-01,87.7,3.03,False,88.11,-0.043,0.08,True,80.0,0.2,79.8,True,3.46,2.27,68.2,3.3,A 待突破,True,7:18,219.0,跌,72.0,6,False,,-0.7611,-0.6676,-1.1105,False,True,-0.47,-0.13,92.45,-5.42,-1.57,311.7,,OHLC,—,HH/HL,DT,False,273,4,universe
CHRW,2026-10-01,153.14,4.24,True,149.98,0.191,0.09,False,78.8,-0.22,79.0,True,2.77,3.2,33.0,7.9,C 基底修復,True,9:26,283.1,升,7.0,1,False,,0.2944,-0.0231,,False,True,2.06,0.74,145.02,5.3,1.91,211.9,,OHLC,—,HH/HL,自然反彈,True,273,4,universe
TSLA,2026-10-01,354.11,11.82,True,362.06,0.343,0.25,True,76.0,0.69,75.3,True,3.34,3.15,34.4,13.0,D 趨勢弱,False,5:57,178.6,跌,49.0,4,False,,-2.4288,-2.086,-2.4288,False,True,-2.24,-0.67,354.08,0.01,0.0,14055.3,,OHLC,↑,HH/HL,自然回檔,False,273,4,universe
UTZ,2026-10-01,14.26,0.05,True,14.22,0.002,0.22,True,65.2,0.19,65.0,False,0.38,8.19,86.3,-0.2,A 待突破,True,8:49,264.6,跌,355.0,38,False,,-0.056,-0.0608,-0.2441,True,True,0.27,0.72,14.21,0.35,0.93,22.2,,OHLC,—,HH/HL,UT,True,273,4,universe
XRX,2026-10-01,3.14,0.18,True,3.27,0.007,0.17,True,54.1,0.49,53.7,False,5.74,5.2,57.9,-9.2,C 基底修復,True,6:04,181.9,跌,51.0,6,False,,-0.043,-0.0376,-0.043,False,True,-4.03,-0.7,,,,8.3,,OHLC,—,HH/HL,DT,False,273,4,universe
TOWN,2026-10-01,35.87,0.6,False,36.97,-0.064,-0.48,False,94.5,-0.06,94.5,True,1.67,0.99,40.4,2.5,C 基底修復,True,8:49,264.6,跌,380.0,39,True,0.0,-0.1187,-0.1351,-0.1683,True,False,-3.07,-1.83,37.67,-5.02,-3.0,18.6,,OHLC,↓,LH/LL,DT,False,273,3,universe
UE,2026-10-01,19.56,0.33,False,20.61,-0.068,-1.11,True,94.5,0.01,94.5,True,1.71,0.95,15.6,-0.7,D 趨勢弱,False,3:54,117.2,跌,15.0,2,True,0.0,-0.0028,-0.0046,-0.1935,True,False,-5.37,-3.14,20.04,-2.45,-1.44,17.5,,OHLC,↓,LH/LL,DT,False,273,3,universe
UVSP,2026-10-01,41.22,0.73,False,41.96,-0.054,-0.32,False,94.1,-0.24,94.3,True,1.78,0.99,51.8,1.2,C 基底修復,False,5:33,166.4,跌,42.0,7,True,0.0,-0.0993,-0.1017,-0.3284,True,True,-1.79,-1.0,42.88,-4.03,-2.26,10.8,,OHLC,↓,LH/LL,DT,False,273,3,universe
HOMB,2026-10-01,28.56,0.5,False,29.56,-0.081,-0.78,False,93.9,-0.25,94.2,True,1.75,1.06,38.7,13.4,C 基底修復,True,6:49,204.5,跌,64.0,9,True,0.0,-0.1129,-0.1319,-0.2335,True,False,-3.51,-2.0,30.21,-5.78,-3.3,45.5,,OHLC,↓,LH/LL,DT,False,273,3,universe
ABCB,2026-10-01,80.24,1.47,False,83.61,-0.254,-0.75,False,93.8,-0.11,93.9,True,1.84,1.0,24.1,2.4,D 趨勢弱,True,8:49,264.6,跌,105.0,12,True,0.0,-0.2432,-0.2702,-0.3567,True,False,-4.2,-2.29,82.55,-2.88,-1.57,41.8,,OHLC,↓,LH/LL,DT,False,273,3,universe
ET,2026-10-01,20.1,0.36,False,20.96,-0.07,-0.7,False,93.7,-0.23,94.0,True,1.8,1.05,37.2,3.7,C 基底修復,True,8:49,264.6,跌,184.0,20,True,0.0,-0.1503,-0.1811,-0.1811,True,False,-4.26,-2.36,20.13,-0.15,-0.08,182.9,,OHLC,—,HH/HL,DT,False,273,3,universe
PB,2026-10-01,66.8,1.29,False,70.07,-0.256,-0.87,False,93.7,-0.02,93.8,True,1.93,0.93,22.3,2.5,D 趨勢弱,True,8:49,264.6,跌,395.0,39,True,0.0,-0.285,-0.3457,-0.3949,True,False,-4.89,-2.54,72.72,-8.86,-4.6,81.1,,OHLC,↓,LH/LL,DT,False,273,3,universe
NBHC,2026-10-01,39.17,0.71,False,40.86,-0.107,-1.0,False,93.4,-0.04,93.5,True,1.8,1.14,20.9,1.0,D 趨勢弱,True,7:07,213.4,跌,69.0,9,True,0.0,-0.129,-0.137,-0.1626,True,False,-4.31,-2.39,42.07,-7.4,-4.11,16.7,,OHLC,↓,LH/LL,DT,False,273,3,universe
FHB,2026-10-01,24.9,0.46,False,25.59,-0.081,-0.76,False,93.3,-0.09,93.4,True,1.85,1.13,17.9,3.1,D 趨勢弱,False,4:20,130.0,跌,22.0,3,True,0.0,-0.0056,-0.0194,-0.1596,True,True,-2.78,-1.5,25.98,-4.34,-2.34,53.9,,OHLC,↓,LH/LL,DT,False,273,3,universe
FULT,2026-10-01,22.59,0.44,False,23.36,-0.061,-0.6,False,93.3,-0.21,93.6,True,1.93,1.03,45.2,1.1,C 基底修復,True,6:48,204.2,跌,63.0,11,True,0.0,-0.0646,-0.0648,-0.1371,True,False,-3.42,-1.78,23.23,-2.83,-1.47,41.0,,OHLC,↓,LH/LL,DT,False,273,3,universe
BPOP,2026-10-01,156.52,3.0,False,164.32,-0.63,-0.94,False,93.2,-0.18,93.4,True,1.92,1.07,41.7,1.4,C 基底修復,True,8:49,264.6,跌,641.0,54,True,0.0,-0.4503,-0.5288,-1.3154,True,False,-4.98,-2.6,166.56,-6.41,-3.35,93.1,,OHLC,↓,LH/LL,DT,False,273,3,universe
NSC,2026-10-01,310.26,5.27,False,327.8,-1.603,-0.8,False,93.2,-0.0,93.2,True,1.7,1.29,32.9,3.4,D 趨勢弱,True,8:49,264.6,跌,158.0,23,True,0.0,-0.2269,-0.3644,-3.056,True,False,-5.65,-3.33,355.99,-14.74,-8.68,332.0,,OHLC,↓,LH/LL,DT,False,273,3,universe
CFR,2026-10-01,153.48,3.04,False,160.38,-0.397,-0.65,False,93.1,-0.14,93.2,True,1.98,1.04,40.3,2.3,C 基底修復,True,8:49,264.6,跌,512.0,41,True,0.0,-0.6106,-0.6548,-1.206,True,False,-4.5,-2.27,157.42,-2.57,-1.3,83.6,,OHLC,↓,LH/LL,DT,False,273,3,universe
EFSC,2026-10-01,59.5,1.18,False,62.16,-0.142,-0.66,False,93.1,-0.27,93.4,True,1.98,1.04,23.9,2.1,D 趨勢弱,True,8:49,264.6,跌,101.0,12,True,0.0,-0.211,-0.2572,-0.4067,True,False,-4.47,-2.26,64.6,-8.57,-4.33,19.5,,OHLC,↓,LH/LL,DT,False,273,3,universe
TCBI,2026-10-01,93.2,1.72,False,96.3,-0.228,-0.62,False,93.0,-0.09,93.1,True,1.85,1.19,20.3,1.9,C 基底修復,True,8:46,262.8,跌,96.0,12,True,0.0,-0.18,-0.188,-0.2892,True,False,-3.33,-1.8,96.25,-3.27,-1.77,52.1,,OHLC,↓,LH/LL,DT,False,273,3,universe
CBU,2026-10-01,59.93,1.13,False,62.06,-0.119,-0.56,False,92.9,-0.05,92.9,True,1.89,1.18,22.8,2.2,D 趨勢弱,True,8:01,240.7,跌,84.0,9,True,0.0,-0.1488,-0.1711,-0.3081,True,False,-3.56,-1.88,63.63,-6.17,-3.26,18.7,,OHLC,↓,LH/LL,DT,False,273,3,universe
FNB,2026-10-01,17.24,0.33,False,17.96,-0.073,-1.05,False,92.9,-0.12,93.1,True,1.91,1.14,25.7,2.0,D 趨勢弱,True,7:41,230.5,跌,78.0,12,True,0.0,-0.0488,-0.0548,-0.1115,True,False,-4.18,-2.18,17.63,-2.26,-1.18,81.5,,OHLC,↓,LH/LL,DT,False,273,3,universe
SSB,2026-10-01,100.61,1.88,False,104.44,-0.312,-0.91,False,92.9,-0.22,93.2,True,1.87,1.19,37.5,2.5,C 基底修復,True,8:49,264.6,跌,376.0,31,True,0.0,-0.3897,-0.4657,-0.7788,True,False,-3.81,-2.04,107.25,-6.6,-3.53,66.5,,OHLC,↓,LH/LL,DT,False,273,3,universe
PFS,2026-10-01,22.35,0.43,False,23.1,-0.083,-0.82,False,92.8,-0.18,93.0,True,1.92,1.18,27.8,3.2,C 基底修復,True,8:49,264.6,跌,353.0,38,True,0.0,-0.052,-0.0651,-0.1921,True,False,-3.37,-1.75,23.64,-5.77,-3.0,20.3,,OHLC,↓,LH/LL,DT,False,273,3,universe
HFWA,2026-10-01,27.89,0.56,False,28.44,-0.049,-0.38,False,92.7,-0.24,92.9,True,2.03,1.09,39.1,1.8,C 基底修復,False,3:53,116.4,跌,15.0,2,True,0.0,-0.0142,-0.0201,-0.1361,True,True,-1.96,-0.97,28.57,-2.44,-1.2,12.6,,OHLC,↓,LH/LL,DT,False,273,3,universe
INDB,2026-10-01,78.93,1.59,False,81.78,-0.208,-0.58,False,92.7,-0.12,92.8,True,2.01,1.11,30.2,4.3,C 基底修復,True,6:56,207.8,跌,65.0,9,True,0.0,-0.3247,-0.3889,-0.4894,True,False,-3.62,-1.8,83.9,-6.3,-3.13,30.3,,OHLC,↓,LH/LL,DT,False,273,3,universe
BANR,2026-10-01,67.31,1.33,False,70.09,-0.202,-0.76,False,92.6,-0.17,92.8,True,1.97,1.17,49.9,2.8,C 基底修復,True,8:05,242.5,跌,85.0,9,True,0.0,-0.3482,-0.3698,-0.4646,True,False,-4.13,-2.09,67.83,-0.77,-0.39,19.9,,OHLC,↓,LH/LL,DT,False,273,3,universe
FFIN,2026-10-01,31.75,0.64,False,32.89,-0.103,-0.78,False,92.5,-0.32,92.8,True,2.02,1.14,25.9,1.6,D 趨勢弱,True,6:39,199.7,跌,61.0,8,True,0.0,-0.0634,-0.0704,-0.2013,True,False,-3.58,-1.77,32.6,-2.68,-1.32,27.3,,OHLC,↓,LH/LL,DT,False,273,3,universe
CURB,2026-10-01,27.95,0.59,False,29.03,-0.164,-0.62,False,92.4,-0.0,92.4,True,2.11,1.08,36.3,1.5,C 基底修復,True,8:49,264.6,跌,148.0,21,True,0.0,-0.0596,-0.0684,-0.2252,True,False,-3.88,-1.84,29.86,-6.83,-3.24,43.3,,OHLC,↓,LH/LL,DT,False,273,3,universe
WTFC,2026-10-01,143.55,2.93,False,149.15,-0.752,-1.04,False,92.4,-0.45,92.8,True,2.04,1.16,24.5,-7.0,D 趨勢弱,True,8:49,264.6,跌,114.0,12,True,0.0,-0.2465,-0.3654,-1.1985,True,False,-3.9,-1.91,153.36,-6.83,-3.35,67.6,,OHLC,↓,LH/LL,DT,False,273,3,universe
FBP,2026-10-01,26.66,0.53,False,27.58,-0.105,-0.79,False,92.3,-0.25,92.6,True,1.99,1.21,46.4,2.1,C 基底修復,True,8:49,264.6,跌,289.0,41,True,0.0,-0.0931,-0.1221,-0.2538,True,False,-3.46,-1.74,28.43,-6.64,-3.34,39.7,,OHLC,↓,LH/LL,DT,False,273,3,universe
WABC,2026-10-01,59.12,1.22,False,59.33,-0.016,-0.01,False,92.3,-0.1,92.4,True,2.06,1.15,49.7,5.1,C 基底修復,False,4:39,139.7,跌,28.0,3,True,0.0,-0.1107,-0.1253,-0.3021,True,True,-0.36,-0.17,60.67,-2.62,-1.27,16.0,,OHLC,↓,LH/LL,DT,False,273,3,universe
SFNC,2026-10-01,22.73,0.47,False,22.92,-0.027,-0.37,False,92.2,-0.08,92.3,True,2.09,1.14,49.5,-1.5,C 基底修復,False,4:44,142.0,跌,29.0,3,True,0.0,-0.0212,-0.0259,-0.1609,True,True,-0.82,-0.39,23.35,-2.73,-1.31,33.9,,OHLC,—,LH/LL,自然回檔,False,273,3,universe
CPF,2026-10-01,36.07,0.81,False,37.25,-0.068,-0.44,False,92.0,-0.03,92.0,True,2.23,1.05,46.1,1.6,C 基底修復,True,7:05,212.3,跌,68.0,9,True,0.0,-0.1143,-0.1274,-0.2867,True,False,-3.28,-1.47,38.19,-5.88,-2.63,6.8,,OHLC,↓,LH/LL,DT,False,273,3,universe
FFBC,2026-10-01,31.51,0.63,False,32.23,-0.069,-0.47,False,92.0,-0.1,92.1,True,2.0,1.29,45.6,2.9,C 基底修復,False,4:11,125.7,跌,20.0,3,True,0.0,-0.0143,-0.0224,-0.1802,True,True,-2.28,-1.14,32.4,-2.82,-1.41,30.3,,OHLC,↓,LH/LL,DT,False,273,3,universe
GL,2026-10-01,165.83,3.17,False,171.02,-0.484,-0.77,True,91.7,0.06,91.7,True,1.91,1.43,39.9,-9.8,C 基底修復,False,5:44,172.0,跌,46.0,7,True,0.0,-0.4215,-0.47,-1.6899,True,False,-3.13,-1.63,176.22,-6.27,-3.27,74.5,,OHLC,↓,LH/LL,DT,False,273,3,universe
EQBK,2026-10-01,47.48,1.08,False,49.36,-0.132,-0.54,False,91.6,-0.1,91.7,True,2.28,1.09,40.0,2.1,C 基底修復,True,8:49,264.6,跌,213.0,12,True,0.0,-0.176,-0.2006,-0.2849,True,False,-3.97,-1.74,49.79,-4.87,-2.13,5.5,,OHLC,↓,LH/LL,DT,False,273,3,universe
HESM,2026-10-01,38.05,0.84,False,39.4,-0.067,-0.45,False,91.6,-0.18,91.8,True,2.21,1.16,26.3,2.9,D 趨勢弱,True,8:49,264.6,跌,108.0,13,True,0.0,-0.2205,-0.2636,-0.2636,True,False,-3.55,-1.61,40.58,-6.65,-3.01,54.0,,OHLC,↓,LH/LL,DT,False,273,3,universe
WES,2026-10-01,44.38,0.97,False,47.21,-0.316,-0.97,False,91.6,-0.02,91.7,True,2.19,1.18,32.1,-1.7,C 基底修復,True,8:49,264.6,跌,122.0,16,True,0.0,-0.3305,-0.349,-0.3977,True,False,-6.38,-2.91,44.57,-0.43,-0.2,42.8,,OHLC,↓,LH/LL,DT,False,273,3,universe
WSBC,2026-10-01,37.62,0.81,False,39.66,-0.196,-0.85,False,91.6,-0.22,91.8,True,2.15,1.22,36.7,2.2,C 基底修復,True,8:49,264.6,跌,367.0,44,True,0.0,-0.1698,-0.1888,-0.3421,True,False,-5.44,-2.52,40.77,-8.37,-3.89,46.3,,OHLC,↓,LH/LL,DT,False,273,3,universe
BOH,2026-10-01,68.72,1.51,False,73.59,-0.429,-1.21,False,91.5,-0.03,91.5,True,2.2,1.2,14.9,0.5,D 趨勢弱,True,8:20,250.0,跌,89.0,11,True,0.0,-0.3911,-0.4078,-0.5224,True,False,-7.08,-3.22,77.19,-12.33,-5.61,32.1,,OHLC,↓,LH/LL,DT,False,273,3,universe
CNOB,2026-10-01,30.34,0.62,False,31.45,-0.089,-0.62,False,91.5,-0.29,91.8,True,2.04,1.36,46.5,8.6,C 基底修復,True,6:17,188.5,跌,55.0,8,True,0.0,-0.1028,-0.1188,-0.1818,True,False,-3.66,-1.79,32.39,-6.76,-3.31,12.2,,OHLC,↓,LH/LL,DT,False,273,3,universe
HIG,2026-10-01,125.74,2.64,False,132.81,-0.684,-1.03,False,91.5,-0.82,92.4,True,2.1,1.3,18.5,4.0,D 趨勢弱,True,8:49,264.6,跌,105.0,18,True,0.0,-0.7102,-0.9652,-1.2,True,False,-5.62,-2.68,132.14,-5.09,-2.43,238.2,,OHLC,↓,LH/LL,自然反彈,False,273,3,universe
SBCF,2026-10-01,32.16,0.71,False,33.65,-0.167,-0.89,False,91.5,-0.07,91.5,True,2.2,1.21,27.3,4.3,D 趨勢弱,True,8:49,264.6,跌,299.0,31,True,0.0,-0.1515,-0.1683,-0.2783,True,False,-4.62,-2.1,34.61,-7.62,-3.47,27.9,,OHLC,↓,LH/LL,DT,False,273,3,universe
BKU,2026-10-01,42.72,0.94,False,44.72,-0.143,-0.72,False,91.4,-0.23,91.7,True,2.2,1.22,17.0,3.7,C 基底修復,True,8:49,264.6,跌,301.0,29,True,0.0,-0.1331,-0.1658,-0.1713,True,False,-4.68,-2.13,46.38,-8.57,-3.89,44.8,,OHLC,↓,LH/LL,DT,False,273,3,universe
SPFI,2026-10-01,42.28,0.91,False,43.79,-0.137,-0.56,False,91.4,-0.23,91.7,True,2.16,1.25,37.9,11.8,C 基底修復,True,8:49,264.6,跌,109.0,13,True,0.0,-0.2289,-0.2713,-0.2718,True,False,-3.56,-1.65,44.67,-5.65,-2.62,5.5,,OHLC,↓,LH/LL,DT,False,273,3,universe
THFF,2026-10-01,73.99,1.66,False,77.11,-0.18,-0.61,False,91.4,-0.29,91.7,True,2.24,1.17,45.6,1.2,C 基底修復,True,8:49,264.6,跌,379.0,36,True,0.0,-0.2399,-0.262,-0.5524,True,False,-4.22,-1.88,78.16,-5.64,-2.51,9.9,,OHLC,↓,LH/LL,DT,False,273,3,universe
VGM,2026-10-01,8.75,0.21,False,9.37,-0.043,-2.34,False,91.4,-0.01,91.4,True,2.36,1.06,5.8,1.9,D 趨勢弱,True,8:49,264.6,跌,217.0,22,True,0.0,-0.0894,-0.1034,-0.1034,True,False,-7.11,-3.01,9.76,-11.54,-4.89,3.2,,OHLC,↓,LH/LL,DT,False,273,3,universe
SIGI,2026-10-01,84.9,1.8,False,88.47,-0.224,-0.73,False,91.3,-0.05,91.4,True,2.12,1.32,21.8,2.4,D 趨勢弱,True,8:49,264.6,跌,99.0,17,True,0.0,-0.251,-0.3422,-0.6663,True,False,-4.21,-1.99,93.2,-9.78,-4.61,44.2,,OHLC,↓,LH/LL,DT,False,273,3,universe
KMI,2026-10-01,30.53,0.67,False,31.31,-0.058,-0.42,False,91.0,-0.01,91.0,True,2.21,1.31,24.3,2.4,D 趨勢弱,False,5:46,172.8,跌,46.0,5,True,0.0,-0.0844,-0.0963,-0.1423,True,True,-2.56,-1.16,31.84,-4.29,-1.94,403.4,,OHLC,↓,LH/LL,DT,False,273,3,universe
PAG,2026-10-01,202.84,3.58,False,212.84,-0.757,-0.95,False,91.0,-0.08,91.1,True,1.77,1.75,46.8,2.1,C 基底修復,True,8:49,264.6,跌,449.0,41,True,0.0,-1.5243,-1.6656,-1.6656,True,False,-4.93,-2.79,221.04,-8.97,-5.08,84.6,,OHLC,—,LH/LL,自然回檔,False,273,3,universe
COLB,2026-10-01,28.73,0.64,False,29.9,-0.145,-0.92,False,90.8,-0.06,90.9,True,2.24,1.32,26.0,1.5,D 趨勢弱,True,8:49,264.6,跌,110.0,8,True,0.0,-0.066,-0.0732,-0.2241,True,False,-4.06,-1.81,29.64,-3.17,-1.41,85.7,,OHLC,↓,LH/LL,DT,False,273,3,universe
CBAN,2026-10-01,20.29,0.48,False,20.99,-0.049,-0.54,False,90.4,-0.05,90.5,True,2.36,1.29,38.6,12.3,C 基底修復,True,7:45,232.6,跌,79.0,12,True,0.0,-0.0727,-0.0796,-0.1549,True,False,-3.47,-1.47,20.64,-1.72,-0.73,3.3,,OHLC,↓,LH/LL,DT,False,273,3,universe
SOBO,2026-10-01,33.51,0.79,False,35.9,-0.146,-1.09,False,90.4,-0.14,90.5,True,2.37,1.29,23.2,2.2,D 趨勢弱,True,8:49,264.6,跌,143.0,17,True,0.0,-0.2201,-0.2631,-0.3059,True,False,-7.14,-3.02,37.85,-12.95,-5.47,26.7,,OHLC,↓,LH/LL,DT,False,273,3,universe
UGI,2026-10-01,36.36,0.75,False,37.68,-0.136,-0.19,False,90.4,-0.42,90.8,True,2.06,1.59,24.4,3.2,D 趨勢弱,True,8:49,264.6,跌,136.0,19,True,0.0,-0.2242,-0.2745,-0.3729,True,False,-3.62,-1.75,38.6,-6.16,-2.98,75.1,,OHLC,↓,LH/LL,DT,False,273,3,universe
EGBN,2026-10-01,28.21,0.66,False,27.95,-0.005,-0.04,False,90.3,-0.47,90.7,True,2.34,1.34,64.1,7.6,A 待突破,False,3:50,115.0,跌,14.0,2,True,0.0,-0.0035,-0.0082,-0.1603,True,True,0.93,0.4,27.33,3.12,1.33,9.4,,OHLC,↑,HH/HL,自然回檔,False,273,3,universe
VLY,2026-10-01,12.67,0.31,False,13.49,-0.086,-1.25,False,90.2,-0.06,90.3,True,2.42,1.26,27.1,7.2,C 基底修復,True,7:43,231.3,跌,79.0,12,True,0.0,-0.063,-0.0718,-0.1228,True,False,-6.51,-2.68,14.03,-10.73,-4.43,100.1,,OHLC,↓,LH/LL,DT,False,273,3,universe
MCRI,2026-10-01,116.18,2.68,False,120.65,-0.184,-0.37,True,90.1,0.42,89.7,True,2.3,1.41,46.0,9.0,C 基底修復,False,5:40,170.0,跌,44.0,8,True,0.0,-0.432,-0.4981,-0.6413,True,False,-3.85,-1.67,123.43,-6.24,-2.71,23.3,,OHLC,↓,LH/LL,DT,False,273,3,universe
NRIM,2026-10-01,24.54,0.6,False,25.45,-0.048,-0.57,False,90.1,-0.02,90.2,True,2.43,1.28,23.5,2.5,C 基底修復,True,8:14,246.8,跌,87.0,11,True,0.0,-0.0863,-0.1142,-0.1513,True,False,-3.71,-1.53,26.45,-7.78,-3.2,3.9,,OHLC,↓,LH/LL,DT,False,273,3,universe
VOYA,2026-10-01,95.38,2.44,False,100.29,-0.147,-0.26,False,89.9,-0.21,90.2,True,2.56,1.19,50.2,2.7,C 基底修復,True,7:20,220.0,跌,72.0,13,True,0.0,-0.7338,-0.8344,-0.8344,True,False,-5.15,-2.02,104.19,-9.24,-3.61,118.7,,OHLC,↓,LH/LL,DT,False,273,3,universe
ARMK,2026-10-01,54.59,1.22,False,57.1,-0.238,-0.97,False,89.6,-0.08,89.7,True,2.24,1.58,59.2,2.2,C 基底修復,True,8:49,264.6,跌,280.0,28,True,0.0,-0.2738,-0.3486,-0.5171,True,False,-4.61,-2.06,58.55,-7.25,-3.24,129.0,,OHLC,↓,LH/LL,DT,False,273,3,universe
FLG,2026-10-01,11.69,0.28,False,12.82,-0.097,-1.4,False,89.6,-0.25,89.8,True,2.41,1.41,5.3,1.9,D 趨勢弱,True,8:49,264.6,跌,104.0,14,True,0.0,-0.074,-0.0746,-0.0746,True,False,-9.69,-4.01,12.84,-9.84,-4.07,61.7,,OHLC,↓,LH/LL,DT,False,273,3,universe
DTM,2026-10-01,120.08,2.98,False,127.21,-0.428,-0.66,True,89.5,0.18,89.3,True,2.48,1.36,10.7,1.5,D 趨勢弱,False,5:06,153.2,跌,35.0,5,True,0.0,-0.3543,-0.3543,-1.0915,True,False,-5.93,-2.39,127.76,-6.4,-2.58,111.8,,OHLC,↓,LH/LL,DT,False,273,3,universe
ADP,2026-10-01,263.96,5.75,False,273.37,-0.287,-0.24,False,89.3,-0.16,89.5,True,2.18,1.7,43.4,5.1,C 基底修復,True,8:49,264.6,跌,293.0,22,True,0.0,-1.3568,-1.7882,-3.0643,True,False,-3.57,-1.64,276.63,-4.8,-2.2,613.4,,OHLC,↓,LH/LL,自然反彈,False,273,3,universe
LOB,2026-10-01,36.39,0.89,False,38.61,-0.246,-1.4,False,89.3,-0.06,89.3,True,2.45,1.46,21.2,2.7,C 基底修復,True,8:49,264.6,跌,432.0,40,True,0.0,-0.1107,-0.1269,-0.4245,True,False,-6.11,-2.5,39.61,-8.85,-3.62,8.3,,OHLC,↓,LH/LL,DT,False,273,3,universe
SSNC,2026-10-01,78.44,1.66,False,81.02,-0.097,-0.26,False,88.5,-0.09,88.5,True,2.12,1.95,46.5,14.2,C 基底修復,True,8:49,264.6,跌,232.0,33,True,0.0,-0.4168,-0.5252,-0.8584,True,False,-3.29,-1.55,80.9,-3.14,-1.48,126.5,,OHLC,—,LH/LL,DT,True,273,3,universe
GLNG,2026-10-01,48.3,1.31,False,51.0,-0.2,-0.55,False,88.4,-0.07,88.5,True,2.71,1.37,24.8,1.0,C 基底修復,True,8:49,264.6,跌,167.0,14,True,0.0,-0.3826,-0.422,-0.422,True,False,-5.59,-2.06,51.79,-7.23,-2.67,69.8,,OHLC,↓,LH/LL,DT,False,273,3,universe
WMB,2026-10-01,69.22,1.76,False,72.34,-0.155,-0.46,False,88.1,-0.02,88.2,True,2.55,1.59,20.2,2.7,C 基底修復,True,8:49,264.6,跌,105.0,15,True,0.0,-0.3612,-0.4547,-0.4547,True,False,-4.5,-1.77,73.29,-5.88,-2.31,533.5,,OHLC,↓,LH/LL,DT,False,273,3,universe
MSCI,2026-10-01,545.39,11.97,False,554.99,-0.87,-0.35,False,87.9,-0.01,88.0,True,2.19,1.98,18.0,3.4,D 趨勢弱,False,4:39,139.7,跌,28.0,3,True,0.0,-0.4229,-0.7284,-1.7942,True,True,-1.76,-0.8,558.97,-2.49,-1.13,315.4,,OHLC,—,LH/LL,DT,True,273,3,universe
J,2026-10-01,139.79,3.61,False,144.54,-0.27,-0.33,False,87.8,-0.33,88.1,True,2.59,1.62,38.3,11.9,C 基底修復,True,8:49,264.6,跌,219.0,23,True,0.0,-0.7201,-1.0486,-1.5828,True,False,-3.4,-1.31,138.37,1.02,0.39,114.3,,OHLC,↓,LH/LL,自然反彈,False,273,3,universe
MS,2026-10-01,188.01,4.84,False,205.17,-1.604,-1.0,False,87.6,-0.1,87.7,True,2.57,1.67,17.9,0.8,D 趨勢弱,True,8:49,264.6,跌,104.0,14,True,0.0,-1.6124,-1.6202,-1.6202,True,False,-9.13,-3.55,206.75,-9.97,-3.88,1100.8,,OHLC,↓,LH/LL,DT,False,273,3,universe
GNW,2026-10-01,9.31,0.27,False,9.97,-0.033,-0.54,False,86.8,-0.23,87.0,True,2.9,1.51,34.0,15.9,C 基底修復,True,8:49,264.6,跌,112.0,12,True,0.0,-0.1137,-0.1351,-0.1351,True,False,-7.1,-2.44,10.23,-9.88,-3.4,47.4,,OHLC,↓,LH/LL,自然反彈,False,273,3,universe
MHO,2026-10-01,135.27,3.7,False,143.66,-0.792,-0.63,False,86.6,-0.4,87.0,True,2.74,1.72,19.4,1.8,D 趨勢弱,True,8:49,264.6,跌,213.0,25,True,0.0,-0.3225,-0.3482,-1.2952,True,False,-6.2,-2.27,142.33,-5.22,-1.91,28.3,,OHLC,↓,LH/LL,DT,False,273,3,universe
OKE,2026-10-01,87.16,2.5,False,93.29,-0.305,-0.52,False,86.4,-0.11,86.6,True,2.86,1.62,36.7,13.7,C 基底修復,True,8:49,264.6,跌,142.0,13,True,0.0,-0.8852,-1.0041,-1.0041,True,False,-7.03,-2.46,90.81,-4.19,-1.46,344.7,,OHLC,↓,LH/LL,自然反彈,False,273,3,universe
PLUS,2026-10-01,92.89,2.59,True,89.94,0.137,0.15,False,86.2,-0.01,86.2,True,2.79,1.75,57.6,2.7,B 上升結構,False,5:37,168.3,跌,43.0,5,True,0.0,-0.0921,-0.2702,-0.8941,True,False,3.18,1.14,94.04,-1.24,-0.44,21.3,,OHLC,—,LH/LL,自然反彈,True,273,3,universe
MLR,2026-10-01,53.19,1.62,False,55.1,-0.111,-0.28,False,86.1,-0.08,86.2,True,3.05,1.5,59.1,4.2,C 基底修復,True,8:49,264.6,跌,291.0,24,True,0.0,-0.2305,-0.2504,-0.4401,True,False,-3.59,-1.18,54.59,-2.63,-0.86,4.9,,OHLC,↓,LH/LL,DT,False,273,3,universe
RUSHA,2026-10-01,46.19,1.3,False,49.05,-0.236,-1.08,False,86.0,-0.02,86.1,True,2.81,1.75,28.9,6.1,C 基底修復,True,8:49,264.6,跌,330.0,38,True,0.0,-0.1933,-0.1984,-0.5486,True,False,-6.2,-2.2,49.68,-7.56,-2.69,32.4,,OHLC,↓,LH/LL,DT,False,273,3,universe
EQT,2026-10-01,50.09,1.4,False,52.44,-0.146,-0.46,False,85.6,-0.2,85.8,True,2.8,1.86,5.1,0.5,D 趨勢弱,True,8:49,264.6,跌,158.0,17,True,0.0,-0.2719,-0.3791,-0.6508,True,False,-4.69,-1.68,51.87,-3.55,-1.27,399.3,,OHLC,↓,LH/LL,自然反彈,False,273,3,universe
IRM,2026-10-01,111.13,3.17,False,115.22,-0.432,-0.68,True,85.6,0.21,85.3,True,2.85,1.82,30.3,1.3,C 基底修復,False,4:30,135.0,跌,25.0,3,True,0.0,-0.0608,-0.0609,-1.2626,True,False,-3.68,-1.29,116.86,-5.16,-1.81,181.1,,OHLC,↓,LH/LL,DT,False,273,3,universe
NPB,2026-10-01,14.85,0.43,False,16.44,-0.077,-0.91,False,85.6,-0.41,86.0,True,2.86,1.8,5.7,4.6,D 趨勢弱,True,8:49,264.6,跌,101.0,12,True,0.0,-0.1639,-0.1885,-0.1885,True,False,-10.71,-3.74,17.28,-16.36,-5.72,4.7,,OHLC,↓,LH/LL,DT,False,273,3,universe
HAYW,2026-10-01,12.24,0.34,False,13.09,-0.085,-1.15,True,85.4,0.39,85.0,True,2.75,1.94,4.9,2.8,D 趨勢弱,False,3:44,111.8,跌,12.0,2,True,0.0,-0.0036,-0.0049,-0.1311,True,False,-6.91,-2.51,13.32,-8.82,-3.21,49.6,,OHLC,↓,LH/LL,DT,False,273,3,universe
TRGP,2026-10-01,279.31,7.78,False,289.25,-0.81,-0.25,False,85.3,-0.39,85.7,True,2.78,1.93,49.3,6.0,C 基底修復,True,8:49,264.6,跌,141.0,19,True,0.0,-1.8196,-2.3699,-2.3699,True,False,-3.56,-1.28,296.06,-6.0,-2.15,320.8,,OHLC,↓,LH/LL,自然反彈,False,273,3,universe
BANC,2026-10-01,17.49,0.43,False,18.32,-0.065,-0.7,False,85.2,-0.32,85.5,True,2.48,2.26,25.0,4.7,D 趨勢弱,True,6:57,208.6,跌,66.0,7,True,0.0,-0.0594,-0.0749,-0.2323,True,False,-4.75,-1.91,18.78,-7.38,-2.97,49.7,,OHLC,↓,LH/LL,DT,False,273,3,universe
KNTK,2026-10-01,51.01,1.56,False,53.67,-0.134,-0.28,False,85.1,-0.43,85.5,True,3.06,1.7,42.4,4.2,C 基底修復,True,8:49,264.6,跌,227.0,21,True,0.0,-0.4397,-0.4961,-0.4961,True,False,-5.22,-1.71,55.03,-7.88,-2.57,72.1,,OHLC,↓,LH/LL,DT,False,273,3,universe
ALG,2026-10-01,156.36,5.04,False,165.1,-0.22,-0.21,False,85.0,-0.12,85.1,True,3.22,1.56,10.3,1.2,D 趨勢弱,True,8:49,264.6,跌,143.0,12,True,0.0,-1.4054,-1.4957,-1.4957,True,False,-5.59,-1.74,169.74,-8.56,-2.66,34.6,,OHLC,↓,LH/LL,DT,False,273,3,universe
EXP,2026-10-01,173.07,5.08,False,185.95,-0.931,-0.97,True,84.6,0.29,84.3,True,2.93,1.93,5.4,2.3,D 趨勢弱,False,4:35,137.5,跌,26.0,3,True,0.0,-0.0639,-0.1619,-1.3445,True,False,-7.44,-2.54,183.16,-5.83,-1.99,83.6,,OHLC,↓,LH/LL,DT,False,273,3,universe
SBAC,2026-10-01,158.02,4.85,False,179.84,-0.552,-0.67,False,84.1,-0.08,84.1,True,3.07,1.89,0.0,0.0,D 趨勢弱,True,8:49,264.6,跌,147.0,16,True,0.0,-2.2144,-2.223,-2.2368,True,False,-13.81,-4.5,191.52,-21.2,-6.91,171.5,,OHLC,↓,LH/LL,DT,False,273,3,universe
LQDT,2026-10-01,43.64,1.17,True,42.29,0.025,0.07,False,83.9,-0.5,84.4,True,2.67,2.31,63.2,-11.5,E 延伸,False,3:55,117.7,跌,15.0,2,True,0.0,-0.0027,-0.0211,-0.5235,True,False,3.09,1.16,42.1,3.53,1.32,9.7,,OHLC,—,HH/HL,UT,True,273,3,universe
BA,2026-10-01,192.28,6.45,False,201.46,-1.252,-1.07,False,81.0,-0.08,81.1,True,3.35,2.19,9.2,4.7,D 趨勢弱,True,7:08,213.9,跌,69.0,12,True,0.0,-0.8729,-1.345,-2.5802,True,False,-4.77,-1.42,201.15,-4.61,-1.38,1605.7,,OHLC,↓,LH/LL,自然反彈,False,273,3,universe
BX,2026-10-01,112.24,3.81,False,127.41,-1.252,-1.73,False,80.9,-0.23,81.1,True,3.39,2.18,5.0,0.0,D 趨勢弱,True,8:49,264.6,跌,236.0,30,True,0.0,-1.2548,-1.3738,-2.334,True,False,-13.52,-3.99,126.41,-12.62,-3.72,531.4,,OHLC,↓,LH/LL,DT,False,273,3,universe
KKR,2026-10-01,91.24,3.13,False,101.47,-1.0,-1.39,False,80.0,-0.28,80.3,True,3.44,2.31,5.7,-9.3,D 趨勢弱,True,8:49,264.6,跌,259.0,30,True,0.0,-0.862,-0.8867,-1.3745,True,False,-11.21,-3.26,100.83,-10.51,-3.06,397.2,,OHLC,↓,LH/LL,DT,False,273,3,universe
MGM,2026-10-01,30.47,1.18,False,36.52,-0.381,-2.28,False,79.7,-0.26,79.9,True,3.89,1.92,5.0,0.0,D 趨勢弱,True,8:49,264.6,跌,247.0,25,True,0.0,-0.7108,-0.7271,-0.7271,True,False,-19.87,-5.11,38.9,-27.67,-7.12,168.4,,OHLC,↓,LH/LL,DT,False,273,3,universe
EVLV,2026-10-01,4.71,0.17,False,5.02,-0.035,-0.93,True,78.7,0.21,78.5,True,3.7,2.3,8.1,3.8,D 趨勢弱,False,4:33,136.7,跌,26.0,4,True,0.0,-0.0101,-0.0144,-0.0552,True,False,-6.62,-1.79,5.07,-7.64,-2.07,11.2,,OHLC,↓,LH/LL,DT,False,273,3,universe
DVA,2026-10-01,176.35,5.4,False,181.04,-0.077,-0.06,False,78.4,-0.05,78.4,True,3.06,2.99,51.6,11.1,C 基底修復,False,4:14,126.9,跌,21.0,3,True,0.0,-0.2637,-0.3132,-7.7101,True,True,-2.66,-0.87,180.68,-2.46,-0.8,132.6,,OHLC,—,LH/LL,自然反彈,True,273,3,universe
EEFT,2026-10-01,63.64,2.23,False,68.64,-0.176,-0.54,False,78.4,-0.08,78.5,True,3.5,2.54,18.4,2.9,D 趨勢弱,True,8:02,240.9,跌,84.0,11,True,0.0,-0.3589,-0.4332,-1.2015,True,False,-7.86,-2.25,72.18,-13.42,-3.84,40.2,,OHLC,—,LH/LL,DT,True,273,3,universe
AMTM,2026-10-01,18.48,0.62,False,19.86,-0.091,-0.78,True,78.3,0.18,78.1,True,3.37,2.69,17.4,1.8,D 趨勢弱,False,4:44,141.9,跌,29.0,4,True,0.0,-0.096,-0.1136,-0.3294,True,False,-7.48,-2.22,20.19,-9.25,-2.74,33.6,,OHLC,↓,LH/LL,DT,False,273,3,universe
BMI,2026-10-01,128.37,4.28,False,130.63,-0.119,-0.11,False,78.2,-0.22,78.4,True,3.33,2.75,12.1,5.9,D 趨勢弱,False,4:47,143.3,跌,30.0,3,True,0.0,-0.1923,-0.3601,-1.0008,True,True,-1.76,-0.53,133.0,-3.61,-1.08,49.4,,OHLC,↓,LH/LL,自然反彈,False,273,3,universe
CEG,2026-10-01,258.92,10.12,False,271.87,-0.519,-0.27,False,77.6,-0.7,78.3,True,3.91,2.28,7.4,-0.1,D 趨勢弱,True,8:49,264.6,跌,138.0,14,True,0.0,-1.1544,-1.401,-4.1561,True,False,-5.0,-1.28,250.55,3.23,0.83,815.1,,OHLC,—,HH/HL,自然回檔,True,273,3,universe
TNET,2026-10-01,64.86,2.28,False,67.28,-0.167,-0.38,False,77.6,-0.26,77.9,True,3.51,2.68,61.2,9.9,C 基底修復,True,8:49,264.6,跌,364.0,40,True,0.0,-0.5027,-0.6756,-0.7786,True,False,-3.74,-1.07,69.68,-7.43,-2.12,21.0,,OHLC,↓,LH/LL,自然反彈,False,273,3,universe
CVLG,2026-10-01,33.08,1.25,False,34.52,-0.033,-0.21,True,76.7,0.71,76.0,True,3.79,2.57,40.9,5.7,D 趨勢弱,False,5:32,165.8,跌,42.0,5,True,0.0,-0.0494,-0.0965,-1.48,True,False,-4.34,-1.15,35.54,-7.44,-1.96,7.6,,OHLC,↓,LH/LL,自然反彈,False,273,3,universe
FBRT,2026-10-01,6.47,0.28,False,7.77,-0.043,-0.7,False,76.4,-0.04,76.4,True,4.35,2.07,0.0,0.0,D 趨勢弱,True,8:49,264.6,跌,137.0,17,True,0.0,-0.1379,-0.1418,-0.1418,True,False,-20.08,-4.62,7.74,-19.63,-4.51,20.0,,OHLC,↓,LH/LL,DT,False,273,3,universe
BBSI,2026-10-01,31.31,1.05,False,32.66,-0.078,-0.4,True,76.2,0.05,76.1,True,3.35,3.11,14.3,5.6,D 趨勢弱,False,5:32,166.2,跌,42.0,6,True,0.0,-0.1692,-0.2378,-1.2411,True,False,-4.32,-1.29,33.01,-5.43,-1.62,7.0,,OHLC,↓,LH/LL,自然反彈,False,273,3,universe
PENN,2026-10-01,14.52,0.64,False,16.65,-0.158,-1.06,False,75.2,-0.26,75.4,True,4.41,2.24,8.5,0.9,D 趨勢弱,True,6:14,186.8,跌,54.0,8,True,0.0,-0.1557,-0.1592,-0.2024,True,False,-14.68,-3.33,18.0,-23.97,-5.43,52.8,,OHLC,↓,LH/LL,DT,False,273,3,universe
NMRK,2026-10-01,12.65,0.5,False,14.19,-0.142,-0.98,True,74.9,0.22,74.7,False,3.97,2.73,0.0,0.0,D 趨勢弱,True,8:49,264.6,跌,275.0,23,True,0.0,-0.1338,-0.17,-0.17,True,False,-12.16,-3.06,14.42,-13.99,-3.52,29.5,,OHLC,↓,LH/LL,自然反彈,False,273,3,universe
EFX,2026-10-01,139.73,5.82,False,164.96,-1.995,-1.63,True,74.7,0.96,73.8,False,4.17,2.56,0.0,0.0,D 趨勢弱,True,8:49,264.6,跌,241.0,22,True,0.0,-2.3194,-2.6128,-3.1699,True,False,-18.05,-4.33,172.29,-23.3,-5.59,287.3,,OHLC,↓,LH/LL,DT,False,273,3,universe
ATLC,2026-10-01,89.29,3.48,False,92.76,-0.295,-0.43,True,74.5,0.99,73.5,False,3.9,2.88,63.1,5.0,C 基底修復,False,5:03,151.3,跌,34.0,4,True,0.0,-0.2945,-0.4127,-1.4649,True,True,-3.88,-0.99,95.19,-6.61,-1.69,10.9,,OHLC,↓,LH/LL,自然反彈,False,273,3,universe
SNX,2026-10-01,271.76,11.78,True,264.2,0.601,0.05,False,74.5,-0.63,75.2,False,4.34,2.44,63.9,6.9,B 上升結構,False,4:53,146.5,跌,31.0,4,True,0.0,-0.8656,-1.6283,-1.6283,True,True,2.78,0.64,260.5,4.14,0.96,301.5,,OHLC,—,HH/HL,自然反彈,False,273,3,universe
FLOC,2026-10-01,18.28,0.81,False,20.41,-0.159,-1.05,True,74.0,1.47,72.5,False,4.41,2.46,2.3,0.5,D 趨勢弱,True,8:49,264.6,跌,245.0,27,True,0.0,-0.1805,-0.201,-0.2185,True,False,-11.63,-2.64,19.5,-6.67,-1.51,11.9,,OHLC,↓,LH/LL,DT,False,273,3,universe
INVX,2026-10-01,27.52,1.09,False,29.3,-0.055,-0.29,True,74.0,0.72,73.3,False,3.97,2.9,40.7,4.5,C 基底修復,True,8:49,264.6,跌,139.0,19,True,0.0,-0.2183,-0.237,-0.3306,True,False,-6.47,-1.63,28.86,-4.87,-1.23,24.6,,OHLC,↓,LH/LL,DT,False,273,3,universe
TPL,2026-10-01,336.46,13.86,False,360.39,-1.172,-0.22,True,74.0,0.66,73.3,False,4.12,2.75,6.8,4.1,D 趨勢弱,True,8:49,264.6,跌,126.0,12,True,0.0,-2.1037,-2.8535,-7.4422,True,False,-7.11,-1.73,366.8,-9.02,-2.19,141.0,,OHLC,↓,LH/LL,自然反彈,False,273,3,universe
KMX,2026-10-01,55.89,2.62,False,59.25,-0.156,-0.22,True,73.8,0.97,72.9,False,4.69,2.21,44.0,4.0,C 基底修復,True,8:49,264.6,跌,178.0,22,True,0.0,-0.3721,-0.383,-0.6951,True,False,-6.01,-1.28,59.23,-5.98,-1.27,190.2,,OHLC,↓,LH/LL,DT,False,273,3,universe
OII,2026-10-01,44.36,1.73,False,48.43,-0.299,-0.81,True,73.4,0.61,72.8,False,3.89,3.1,39.3,4.0,D 趨勢弱,True,8:49,264.6,跌,407.0,30,True,0.0,-0.3685,-0.4178,-0.7576,True,False,-9.18,-2.36,47.5,-7.08,-1.82,44.4,,OHLC,↓,LH/LL,DT,False,273,3,universe
BLBD,2026-10-01,55.6,2.27,False,60.01,-0.232,-0.59,True,73.3,0.07,73.2,False,4.09,2.92,11.8,-3.6,D 趨勢弱,True,6:30,195.0,跌,58.0,7,True,0.0,-0.2133,-0.2235,-1.3953,True,False,-7.93,-1.94,58.12,-4.53,-1.11,32.6,,OHLC,↓,LH/LL,DT,False,273,3,universe
BDC,2026-10-01,108.28,4.2,False,114.96,-0.611,-0.81,True,73.0,0.38,72.6,False,3.88,3.19,21.6,2.3,D 趨勢弱,True,8:49,264.6,跌,244.0,30,True,0.0,-0.3832,-0.406,-2.4921,True,False,-6.17,-1.59,114.13,-5.4,-1.39,48.9,,OHLC,↓,LH/LL,DT,False,273,3,universe
SNEX,2026-10-01,65.4,2.61,False,67.76,-0.06,-0.08,True,73.0,0.23,72.8,False,4.0,3.05,40.3,2.5,C 基底修復,False,4:52,145.9,跌,31.0,4,True,0.0,-0.2149,-0.22,-0.8608,True,True,-3.6,-0.9,69.66,-6.51,-1.63,60.9,,OHLC,↓,LH/LL,DT,False,273,3,universe
FDXF,2026-10-01,110.67,4.79,False,122.99,-1.127,-1.33,True,72.8,0.39,72.4,False,4.33,2.77,1.8,1.8,D 趨勢弱,True,8:49,264.6,跌,105.0,11,True,0.0,-0.55,-0.6804,-1.0527,True,False,-11.13,-2.57,129.44,-16.96,-3.92,223.6,,OHLC,↓,LH/LL,DT,False,89,3,universe
TRU,2026-10-01,62.18,2.86,False,74.97,-0.902,-1.19,True,72.7,0.24,72.4,False,4.6,2.52,5.0,0.0,D 趨勢弱,True,8:49,264.6,跌,166.0,22,True,0.0,-1.2665,-1.3271,-1.3271,True,False,-20.57,-4.47,69.17,-11.24,-2.44,200.8,,OHLC,↓,LH/LL,DT,False,273,3,universe
JBI,2026-10-01,4.17,0.2,False,4.58,-0.026,-0.71,True,72.1,0.53,71.6,False,4.73,2.5,4.1,4.1,D 趨勢弱,True,8:49,264.6,跌,177.0,17,True,0.0,-0.0081,-0.0145,-0.0483,True,False,-9.9,-2.09,4.31,-3.36,-0.71,10.7,,OHLC,↓,LH/LL,DT,False,273,3,universe
CDRE,2026-10-01,25.01,1.06,False,28.0,-0.222,-1.06,True,71.9,0.37,71.5,False,4.26,3.01,2.9,2.9,D 趨勢弱,True,8:49,264.6,跌,380.0,28,True,0.0,-0.0982,-0.1013,-0.6753,True,False,-11.96,-2.81,26.88,-7.48,-1.76,13.1,,OHLC,↓,LH/LL,DT,False,273,3,universe
IPI,2026-10-01,32.6,1.59,False,37.85,-0.158,-0.5,True,71.9,0.94,70.9,False,4.89,2.39,10.7,-0.0,D 趨勢弱,True,8:49,264.6,跌,124.0,14,True,0.0,-0.7969,-0.8799,-0.8799,True,False,-16.11,-3.3,39.47,-21.07,-4.31,7.5,,OHLC,↓,LH/LL,DT,False,273,3,universe
SOFI,2026-10-01,15.84,0.65,False,17.42,-0.075,-0.57,True,71.3,0.53,70.7,False,4.09,3.3,8.2,5.3,D 趨勢弱,True,8:49,264.6,跌,209.0,23,True,0.0,-0.1301,-0.1415,-0.1633,True,False,-9.97,-2.44,17.16,-8.33,-2.04,757.3,,OHLC,↓,LH/LL,DT,False,273,3,universe
BKV,2026-10-01,21.54,0.96,False,23.96,-0.108,-0.52,True,71.2,0.75,70.5,False,4.46,2.93,0.7,-2.6,D 趨勢弱,True,8:49,264.6,跌,106.0,15,True,0.0,-0.1859,-0.2106,-0.2489,True,False,-11.22,-2.51,23.27,-8.03,-1.8,64.4,,OHLC,↓,LH/LL,DT,False,273,3,universe
FLR,2026-10-01,49.33,1.99,False,53.16,-0.219,-0.4,True,71.1,0.2,70.9,False,4.04,3.37,26.6,12.1,D 趨勢弱,True,8:49,264.6,跌,203.0,16,True,0.0,-0.6985,-0.7783,-0.7783,True,False,-7.77,-1.92,56.0,-13.52,-3.34,125.7,,OHLC,↓,LH/LL,自然反彈,False,273,3,universe
CDW,2026-10-01,135.83,6.03,True,144.05,0.035,-0.1,False,70.2,-0.43,70.7,False,4.44,3.15,43.9,24.5,C 基底修復,True,8:03,241.6,跌,84.0,10,True,0.0,-2.1649,-2.7035,-2.7035,True,False,-6.05,-1.36,153.79,-13.22,-2.98,222.1,,OHLC,↓,LH/LL,自然反彈,False,273,3,universe
MMED,2026-10-01,19.6,0.9,False,21.37,-0.067,-0.26,True,69.6,1.3,68.3,False,4.59,3.11,18.8,-7.4,D 趨勢弱,True,8:49,264.6,跌,233.0,14,True,0.0,-0.385,-0.4013,-0.418,True,False,-9.02,-1.97,20.49,-4.54,-0.99,60.8,,OHLC,—,LH/LL,自然回檔,False,145,3,universe
SYM,2026-10-01,43.17,1.78,True,42.16,0.072,0.07,False,69.5,-0.01,69.5,False,4.11,3.61,12.0,-6.9,D 趨勢弱,False,4:28,134.1,跌,24.0,3,True,0.0,-0.0976,-0.1418,-0.2448,True,True,2.34,0.57,41.89,2.97,0.72,71.2,,OHLC,—,HH/HL,自然反彈,True,273,3,universe
BBWI,2026-10-01,16.4,0.76,False,17.86,-0.108,-0.62,True,69.1,1.35,67.8,False,4.65,3.15,3.1,3.1,D 趨勢弱,True,8:49,264.6,跌,184.0,17,True,0.0,-0.0542,-0.0955,-0.2302,True,False,-8.93,-1.92,17.4,-6.1,-1.31,112.0,,OHLC,↓,LH/LL,自然反彈,False,273,3,universe
HMY,2026-10-01,17.52,0.77,False,20.13,-0.086,-0.34,True,68.0,1.22,66.7,False,4.41,3.62,17.8,-0.4,D 趨勢弱,True,8:49,264.6,跌,362.0,24,True,0.0,-0.2935,-0.2967,-0.3958,True,False,-14.92,-3.38,18.97,-8.28,-1.88,76.1,,OHLC,↓,LH/LL,DT,False,273,3,universe
NWL,2026-10-01,5.31,0.25,False,5.85,-0.021,-0.41,True,67.8,1.65,66.2,False,4.74,3.32,49.6,4.4,D 趨勢弱,True,8:49,264.6,跌,280.0,32,True,0.0,-0.0513,-0.0555,-0.0804,True,False,-10.1,-2.13,5.77,-8.66,-1.83,34.1,,OHLC,↓,LH/LL,DT,False,273,3,universe
ROAD,2026-10-01,90.15,4.06,False,99.4,-0.676,-1.23,True,67.6,0.02,67.5,False,4.51,3.59,4.6,4.6,D 趨勢弱,True,8:49,264.6,跌,168.0,29,True,0.0,-0.1171,-0.1664,-1.7528,True,False,-10.26,-2.27,93.71,-3.95,-0.88,54.2,,OHLC,—,LH/LL,DT,True,273,3,universe
ADNT,2026-10-01,17.57,0.87,False,18.34,-0.079,-0.59,False,67.4,-0.04,67.4,False,4.93,3.21,11.3,7.5,D 趨勢弱,True,8:49,264.6,跌,112.0,13,True,0.0,-0.0516,-0.1033,-0.24,True,True,-4.36,-0.88,17.63,-0.34,-0.07,18.7,,OHLC,—,LH/LL,自然反彈,True,273,3,universe
CRSP,2026-10-01,55.44,2.7,False,56.45,-0.152,-0.02,True,67.3,0.79,66.5,False,4.88,3.28,40.3,-0.1,C 基底修復,False,5:44,171.8,跌,45.0,5,True,0.0,-0.0691,-0.0751,-0.886,True,True,-1.83,-0.37,60.72,-9.52,-1.95,90.6,,OHLC,—,LH/LL,自然反彈,False,273,3,universe
PDYN,2026-10-01,5.32,0.26,False,5.66,-0.035,-0.84,True,67.3,1.21,66.1,False,4.95,3.21,13.1,7.7,D 趨勢弱,True,8:49,264.6,跌,315.0,28,True,0.0,-0.0375,-0.0488,-0.0941,True,False,-6.35,-1.28,5.77,-8.36,-1.69,4.6,,OHLC,↓,LH/LL,自然反彈,False,273,3,universe
CVI,2026-10-01,54.36,2.62,True,47.26,0.337,0.66,True,66.7,0.82,65.9,False,4.82,3.45,59.9,4.5,E 延伸,False,5:00,150.0,跌,33.0,6,True,0.0,-0.4209,-0.5967,-0.5967,True,False,13.06,2.71,50.57,6.97,1.45,60.9,,OHLC,—,HH/HL,UT,True,273,3,universe
FA,2026-10-01,18.34,0.82,False,19.97,-0.147,-1.29,True,66.5,0.85,65.7,False,4.45,3.86,38.5,6.6,C 基底修復,True,7:33,226.4,跌,76.0,9,True,0.0,-0.3309,-0.3692,-0.3692,True,False,-8.91,-2.0,,,,34.6,,OHLC,—,HH/HL,自然反彈,False,273,3,universe
CRK,2026-10-01,12.84,0.66,False,14.22,-0.032,-0.24,True,66.2,0.5,65.7,False,5.16,3.21,0.0,-0.4,D 趨勢弱,True,8:49,264.6,跌,130.0,14,True,0.0,-0.1434,-0.1827,-0.2926,True,False,-10.75,-2.08,13.82,-7.63,-1.48,35.1,,OHLC,↓,LH/LL,自然反彈,False,273,3,universe
TH,2026-10-01,20.48,0.98,True,19.47,0.05,0.27,True,65.7,0.21,65.5,False,4.81,3.65,63.9,-4.7,B 上升結構,False,4:56,148.2,跌,32.0,4,True,0.0,-0.1369,-0.1671,-0.1671,True,False,4.95,1.03,19.28,5.86,1.22,48.3,,OHLC,↑,HH/HL,UT,False,273,3,universe
RNG,2026-10-01,78.31,3.35,True,72.62,0.33,0.48,True,65.2,0.63,64.6,False,4.28,4.29,78.2,-0.6,E 延伸,False,4:50,144.9,跌,30.0,4,True,0.0,-0.4269,-0.5569,-0.8268,True,False,7.27,1.7,74.43,4.95,1.16,117.7,,OHLC,↑,HH/HL,自然反彈,False,273,3,universe
NX,2026-10-01,19.2,0.91,False,20.57,-0.052,-0.21,True,64.3,0.59,63.7,False,4.76,3.98,41.1,-1.1,C 基底修復,True,8:49,264.6,跌,109.0,11,True,0.0,-0.2121,-0.2368,-0.3125,True,False,-7.15,-1.5,19.74,-2.81,-0.59,11.6,,OHLC,↓,LH/LL,DT,False,273,3,universe
AG,2026-10-01,17.66,0.93,False,19.9,-0.094,-0.27,True,62.3,1.15,61.2,False,5.29,3.86,13.3,3.1,D 趨勢弱,True,8:49,264.6,跌,267.0,22,True,0.0,-0.271,-0.2726,-0.4293,True,False,-12.7,-2.4,19.84,-12.34,-2.33,179.0,,OHLC,↓,LH/LL,DT,False,273,3,universe
DKNG,2026-10-01,19.35,1.15,False,22.83,-0.183,-0.88,True,62.2,1.11,61.1,False,5.96,3.21,0.0,0.0,D 趨勢弱,True,8:14,246.8,跌,87.0,11,True,0.0,-0.37,-0.3794,-0.3794,True,False,-17.99,-3.02,22.02,-13.8,-2.31,302.8,,OHLC,↓,LH/LL,DT,False,273,3,universe
CECO,2026-10-01,71.87,3.76,False,72.27,-0.142,-0.35,True,62.1,0.38,61.7,False,5.23,3.97,40.5,0.5,C 基底修復,False,4:01,120.3,跌,17.0,2,True,0.0,-0.0689,-0.1285,-0.5508,True,True,-0.56,-0.11,74.99,-4.34,-0.83,51.3,,OHLC,—,LH/LL,自然反彈,True,273,3,universe
HLLY,2026-10-01,2.38,0.14,False,2.71,-0.018,-0.67,True,61.9,0.87,61.0,False,5.76,3.49,0.0,0.0,D 趨勢弱,True,8:49,264.6,跌,152.0,30,True,0.0,-0.0226,-0.0262,-0.0477,True,False,-13.78,-2.39,2.67,-12.18,-2.12,3.6,,OHLC,↓,LH/LL,DT,False,273,3,universe
CTGO,2026-10-01,16.85,0.93,False,18.99,-0.134,-0.51,True,61.6,1.47,60.1,False,5.5,3.8,4.6,3.6,D 趨勢弱,True,8:49,264.6,跌,230.0,24,True,0.0,-0.2782,-0.2842,-0.2842,True,False,-12.7,-2.31,18.55,-10.09,-1.83,7.7,,OHLC,↓,LH/LL,DT,False,273,3,universe
PUMP,2026-10-01,9.0,0.52,False,10.54,-0.09,-0.88,True,61.6,1.54,60.1,False,5.79,3.52,12.2,0.7,D 趨勢弱,True,8:49,264.6,跌,127.0,13,True,0.0,-0.1336,-0.1544,-0.1544,True,False,-17.12,-2.96,10.48,-16.44,-2.84,41.4,,OHLC,↓,LH/LL,DT,False,273,3,universe
RILY,2026-10-01,5.04,0.33,False,6.21,-0.073,-1.43,True,60.7,1.2,59.5,False,6.52,2.97,5.0,0.0,D 趨勢弱,True,8:49,264.6,跌,162.0,17,True,0.0,-0.098,-0.1079,-0.1079,True,False,-23.02,-3.53,6.13,-21.51,-3.3,3.6,,OHLC,↓,LH/LL,自然反彈,False,273,3,universe
CRSR,2026-10-01,13.85,0.6,True,12.57,0.116,0.27,False,60.4,-0.17,60.6,False,4.33,5.23,68.4,-2.6,E 延伸,True,6:26,192.9,跌,57.0,4,True,0.0,-0.026,-0.0379,-0.2867,True,False,9.25,2.14,13.06,5.7,1.32,14.1,,OHLC,—,HH/HL,UT,True,273,3,universe
CDE,2026-10-01,17.56,0.94,False,20.09,-0.094,-0.2,True,60.3,1.37,59.0,False,5.35,4.22,1.9,1.9,D 趨勢弱,True,8:49,264.6,跌,244.0,22,True,0.0,-0.3677,-0.3757,-0.3799,True,False,-14.43,-2.69,19.98,-13.78,-2.57,671.9,,OHLC,↓,LH/LL,DT,False,273,3,universe
CPS,2026-10-01,21.87,1.27,False,24.05,-0.186,-0.93,True,60.3,0.69,59.6,False,5.82,3.76,1.6,1.6,D 趨勢弱,True,8:49,264.6,跌,423.0,37,True,0.0,-0.0676,-0.1326,-0.3079,True,False,-9.96,-1.71,22.7,-3.8,-0.65,6.0,,OHLC,↓,LH/LL,自然反彈,False,273,3,universe
PSN,2026-10-01,41.01,1.65,False,45.77,-0.213,-0.56,True,57.6,0.09,57.5,False,4.04,6.12,13.4,3.4,D 趨勢弱,True,7:51,235.5,跌,81.0,10,True,0.0,-0.3486,-0.3705,-1.0426,True,False,-11.61,-2.88,47.59,-16.04,-3.98,53.3,,OHLC,↓,LH/LL,DT,False,273,3,universe
BXC,2026-10-01,73.79,4.22,False,78.14,-0.372,-0.44,True,57.1,1.3,55.8,False,5.72,4.54,44.7,12.4,C 基底修復,True,8:49,264.6,跌,267.0,29,True,0.0,-0.7317,-0.8142,-2.044,True,False,-5.9,-1.03,76.35,-3.47,-0.61,12.9,,OHLC,↓,LH/LL,自然反彈,False,273,3,universe
AUR,2026-10-01,5.52,0.36,False,6.06,-0.017,-0.43,True,55.3,0.74,54.6,False,6.53,4.13,30.6,-9.7,D 趨勢弱,True,6:00,180.0,跌,50.0,6,True,0.0,-0.1008,-0.105,-0.1308,True,False,-9.84,-1.51,5.19,5.98,0.92,214.2,,OHLC,—,HH/HL,自然反彈,False,273,3,universe
FUN,2026-10-01,10.88,0.72,False,13.45,-0.325,-1.49,True,55.1,1.47,53.7,False,6.62,4.09,0.0,0.0,D 趨勢弱,True,8:49,264.6,跌,179.0,17,True,0.0,-0.0801,-0.0919,-0.2329,True,False,-23.59,-3.56,15.47,-42.19,-6.37,29.9,,OHLC,↓,LH/LL,DT,False,273,3,universe
ASST,2026-10-01,30.11,1.8,True,25.49,0.349,0.63,True,54.4,1.0,53.4,False,5.98,4.9,40.0,0.0,E 延伸,False,4:30,135.0,跌,25.0,8,True,0.0,-0.3995,-0.4203,-0.4203,True,False,15.35,2.57,28.99,3.72,0.62,256.1,,OHLC,—,HH/HL,自然反彈,True,273,3,universe
CMRC,2026-10-01,3.24,0.18,True,2.82,0.02,0.55,True,48.3,0.92,47.4,False,5.64,6.73,39.0,0.3,E 延伸,False,5:08,154.0,跌,36.0,4,True,0.0,-0.03,-0.0314,-0.1127,True,False,13.01,2.3,3.15,2.78,0.49,3.4,,OHLC,—,HH/HL,次級反彈,True,273,3,universe
PPHC,2026-10-01,10.52,0.86,False,11.92,-0.022,-0.08,True,47.9,1.57,46.4,False,8.14,4.34,16.1,1.9,C 基底修復,True,7:30,225.0,跌,75.0,6,True,0.0,-0.2347,-0.239,-0.239,True,False,-13.29,-1.63,,,,3.9,,OHLC,—,HH/HL,自然反彈,False,171,3,universe
COAG,2026-10-01,31.06,2.98,False,41.32,-0.479,-0.73,True,42.1,1.55,40.6,False,9.61,4.51,0.0,0.0,D 趨勢弱,True,8:49,264.6,跌,291.0,32,True,0.0,-0.7864,-0.8285,-1.2535,True,False,-33.03,-3.44,41.22,-32.71,-3.41,24.1,,OHLC,↓,LH/LL,DT,False,106,3,universe
FICO,2026-10-01,661.75,58.41,False,810.68,-33.131,-3.3,True,40.0,1.49,38.5,False,8.83,5.97,0.0,0.0,D 趨勢弱,True,8:49,264.6,跌,141.0,19,True,0.0,-30.4846,-32.0983,-32.0983,True,False,-22.51,-2.55,983.19,-48.57,-5.5,698.0,,OHLC,↓,LH/LL,自然反彈,False,273,3,universe
SKYQ,2026-10-01,2.54,0.32,True,3.08,0.002,-0.01,True,23.6,1.86,21.7,False,12.4,9.83,19.8,-3.4,D 趨勢弱,False,5:03,151.3,跌,34.0,4,True,0.0,-0.0166,-0.0186,-0.2211,True,False,-21.32,-1.72,2.91,-14.57,-1.17,12.3,,OHLC,↓,LH/LL,自然反彈,False,273,3,universe
MUC,2026-10-01,9.77,0.13,False,10.17,-0.031,-1.63,False,96.9,-0.09,97.0,True,1.35,0.6,16.1,0.8,D 趨勢弱,True,8:49,264.6,跌,235.0,30,True,1.0,-0.031,-0.0408,-0.0483,True,False,-4.05,-3.01,10.63,-8.8,-6.54,7.2,,OHLC,↓,LH/LL,DT,False,273,3,universe
CCO,2026-10-01,2.4,0.03,True,2.37,0.001,0.42,False,96.8,-0.38,97.2,True,1.14,0.82,78.4,11.3,A 待突破,False,10:36,318.0,升,27.0,1,False,1.0,0.0007,-0.0028,,False,True,1.23,1.08,2.35,2.08,1.83,11.5,,OHLC,↑,HH/HL,自然反彈,False,273,3,universe
MQY,2026-10-01,9.96,0.15,False,10.42,-0.052,-1.75,False,96.0,-0.12,96.1,True,1.53,0.7,11.2,1.2,D 趨勢弱,True,8:49,264.6,跌,337.0,32,True,1.0,-0.028,-0.035,-0.0538,True,False,-4.61,-3.02,11.18,-12.25,-8.02,11.3,,OHLC,↓,LH/LL,DT,False,273,3,universe
MYI,2026-10-01,9.74,0.15,False,10.04,-0.049,-1.72,False,96.0,-0.25,96.3,True,1.56,0.67,13.5,2.5,D 趨勢弱,True,8:49,264.6,跌,232.0,22,True,1.0,-0.0286,-0.0459,-0.0551,True,False,-3.03,-1.95,10.8,-10.88,-6.99,7.2,,OHLC,↓,LH/LL,自然反彈,False,273,3,universe
MHD,2026-10-01,10.26,0.18,False,10.77,-0.043,-1.7,False,95.1,-0.04,95.1,True,1.76,0.74,11.3,0.9,D 趨勢弱,True,8:49,264.6,跌,262.0,30,True,1.0,-0.0503,-0.0572,-0.06,True,False,-4.98,-2.82,10.96,-6.82,-3.87,9.4,,OHLC,↓,LH/LL,DT,False,273,3,universe
PML,2026-10-01,6.48,0.11,False,6.84,-0.037,-1.82,False,95.0,-0.24,95.3,True,1.77,0.73,8.3,-0.8,D 趨勢弱,True,8:49,264.6,跌,217.0,22,True,1.0,-0.0258,-0.0295,-0.0438,True,False,-5.5,-3.1,7.0,-8.02,-4.53,5.5,,OHLC,↓,LH/LL,DT,False,273,3,universe
NZF,2026-10-01,10.88,0.2,False,11.34,-0.042,-1.78,False,94.2,-0.02,94.3,True,1.85,0.87,10.7,1.8,D 趨勢弱,True,8:49,264.6,跌,255.0,29,True,1.0,-0.0393,-0.0551,-0.0707,True,False,-4.25,-2.29,11.54,-6.07,-3.27,15.4,,OHLC,↓,LH/LL,自然反彈,False,273,3,universe
KYN,2026-10-01,13.79,0.24,False,14.51,-0.032,-0.88,False,93.9,-0.02,93.9,True,1.73,1.09,22.6,1.6,C 基底修復,True,8:49,264.6,跌,107.0,16,True,1.0,-0.0959,-0.1165,-0.1182,True,False,-5.25,-3.03,13.5,2.1,1.21,4.6,,OHLC,—,HH/HL,DT,False,273,3,universe
VMO,2026-10-01,8.43,0.16,False,9.01,-0.048,-2.11,False,93.9,-0.08,94.0,True,1.92,0.89,8.9,2.8,D 趨勢弱,True,8:49,264.6,跌,254.0,30,True,1.0,-0.0749,-0.0891,-0.093,True,False,-6.88,-3.59,9.78,-16.01,-8.36,3.9,,OHLC,↓,LH/LL,DT,False,273,3,universe
PBAM,2026-10-01,85.69,1.6,False,89.33,-0.123,-0.23,False,93.7,-0.01,93.7,True,1.87,1.0,52.8,1.6,C 基底修復,True,8:49,264.6,跌,326.0,34,True,1.0,-0.6783,-0.7687,-0.7882,True,False,-4.25,-2.27,92.09,-7.47,-4.0,15.6,,OHLC,—,LH/LL,自然回檔,False,255,3,universe
NRK,2026-10-01,9.27,0.18,False,9.69,-0.034,-1.67,False,93.6,-0.08,93.7,True,1.99,0.91,13.4,2.1,D 趨勢弱,True,8:49,264.6,跌,169.0,30,True,1.0,-0.0405,-0.0525,-0.0612,True,False,-4.55,-2.29,10.66,-14.99,-7.55,5.2,,OHLC,↓,LH/LL,DT,False,273,3,universe
ASB,2026-10-01,28.72,0.56,False,29.96,-0.086,-0.71,False,92.7,-0.02,92.7,True,1.97,1.14,37.5,2.5,C 基底修復,True,8:49,264.6,跌,261.0,31,True,1.0,-0.0723,-0.0879,-0.1762,True,False,-4.32,-2.2,29.37,-2.26,-1.15,65.7,,OHLC,↓,LH/LL,DT,False,273,3,universe
KEY,2026-10-01,20.05,0.42,False,21.21,-0.081,-0.94,False,91.4,-0.02,91.4,True,2.11,1.31,20.4,1.7,D 趨勢弱,True,8:06,242.9,跌,85.0,12,True,1.0,-0.0605,-0.0696,-0.123,True,False,-5.8,-2.75,21.77,-8.58,-4.07,325.9,,OHLC,↓,LH/LL,DT,False,273,3,universe
KRNY,2026-10-01,9.2,0.21,False,9.69,-0.018,-0.32,False,90.9,-0.16,91.0,True,2.24,1.31,56.7,1.4,C 基底修復,True,8:49,264.6,跌,162.0,17,True,1.0,-0.0613,-0.0716,-0.0769,True,False,-5.29,-2.37,10.24,-11.3,-5.05,4.7,,OHLC,↓,LH/LL,DT,False,273,3,universe
TYG,2026-10-01,37.74,0.87,False,41.74,-0.295,-1.58,False,90.6,-0.18,90.8,True,2.32,1.29,1.4,-1.4,D 趨勢弱,True,7:30,225.0,跌,75.0,12,True,1.0,-0.5071,-0.5071,-0.5103,True,False,-10.61,-4.58,42.79,-13.38,-5.77,6.9,,OHLC,↓,LH/LL,DT,False,273,3,universe
WFC,2026-10-01,80.25,1.93,False,85.73,-0.265,-0.6,False,89.3,-0.07,89.4,True,2.41,1.48,17.2,-0.4,D 趨勢弱,True,8:49,264.6,跌,111.0,11,True,1.0,-0.7591,-0.8322,-0.8461,True,False,-6.83,-2.84,91.99,-14.63,-6.08,1182.0,,OHLC,↓,LH/LL,DT,False,273,3,universe
CASH,2026-10-01,73.72,1.74,False,78.62,-0.475,-0.98,False,88.8,-0.61,89.5,True,2.36,1.63,6.8,4.4,D 趨勢弱,True,8:09,244.3,跌,86.0,18,True,1.0,-0.2001,-0.4181,-0.5228,True,False,-6.65,-2.82,83.19,-12.85,-5.44,18.6,,OHLC,↓,LH/LL,自然反彈,False,273,3,universe
AX,2026-10-01,87.61,2.35,False,92.38,-0.477,-0.86,False,88.4,-0.46,88.8,True,2.68,1.4,18.3,4.0,D 趨勢弱,True,8:49,264.6,跌,386.0,38,True,1.0,-0.2941,-0.4329,-0.8177,True,False,-5.44,-2.03,97.95,-11.8,-4.4,37.8,,OHLC,↓,LH/LL,DT,False,273,3,universe
TRTX,2026-10-01,6.34,0.18,False,7.2,-0.075,-1.86,False,87.4,-0.12,87.5,True,2.9,1.4,0.0,0.0,D 趨勢弱,True,8:49,264.6,跌,127.0,16,True,1.0,-0.0795,-0.0929,-0.094,True,False,-13.64,-4.7,7.89,-24.45,-8.43,7.3,,OHLC,↓,LH/LL,DT,False,273,3,universe
GEL,2026-10-01,13.68,0.41,False,15.21,-0.157,-0.95,False,86.4,-0.4,86.8,True,3.0,1.5,0.0,0.0,D 趨勢弱,True,8:49,264.6,跌,208.0,20,True,1.0,-0.161,-0.1709,-0.1762,True,False,-11.15,-3.72,15.03,-9.87,-3.29,5.4,,OHLC,↓,LH/LL,DT,False,273,3,universe
GCMG,2026-10-01,13.08,0.39,False,13.14,-0.026,-0.37,False,84.4,-0.35,84.8,True,3.0,1.88,51.9,6.4,C 基底修復,True,9:22,281.2,升,6.0,1,False,1.0,0.0092,-0.0066,,False,True,-0.5,-0.17,13.29,-1.61,-0.53,6.3,,OHLC,↓,LH/LL,自然反彈,False,273,3,universe
KNSL,2026-10-01,334.53,9.93,False,360.08,-1.88,-1.05,False,82.8,-0.53,83.3,True,2.97,2.24,9.8,3.5,D 趨勢弱,True,8:49,264.6,跌,351.0,25,True,1.0,-3.2791,-4.4492,-4.6428,True,False,-7.64,-2.57,369.2,-10.36,-3.49,74.1,,OHLC,↓,LH/LL,自然反彈,False,273,3,universe
AROC,2026-10-01,30.42,0.98,False,31.44,-0.075,-0.46,True,82.2,1.03,81.1,True,3.22,2.11,27.6,-0.0,C 基底修復,True,9:28,283.8,升,8.0,1,False,1.0,0.0169,-0.0066,,False,False,-3.35,-1.04,29.93,1.61,0.5,53.7,,OHLC,—,HH/HL,DT,True,273,3,universe
DOW,2026-10-01,27.59,0.89,False,29.63,-0.137,-0.62,False,82.0,-0.12,82.1,True,3.24,2.12,12.6,0.3,D 趨勢弱,True,8:49,264.6,跌,159.0,26,True,1.0,-0.1246,-0.1417,-0.2147,True,False,-7.38,-2.28,29.12,-5.56,-1.72,264.9,,OHLC,↓,LH/LL,DT,False,273,3,universe
PLMR,2026-10-01,125.93,4.02,False,131.66,-0.15,-0.2,False,81.5,-0.04,81.5,True,3.19,2.26,24.9,4.6,C 基底修復,True,7:00,210.0,跌,67.0,8,True,1.0,-1.1989,-1.5066,-1.7255,True,False,-4.55,-1.43,119.56,5.06,1.58,31.2,,OHLC,—,HH/HL,自然反彈,False,273,3,universe
SCSC,2026-10-01,62.22,1.93,True,57.51,0.436,0.54,False,81.5,-0.78,82.3,True,3.1,2.35,63.5,-21.7,E 延伸,True,9:29,284.4,升,8.0,1,False,1.0,0.2161,-0.0272,,False,False,7.57,2.44,56.33,9.47,3.06,16.3,,OHLC,↑,HH/HL,UT,False,273,3,universe
BFAM,2026-10-01,64.83,2.26,False,67.87,-0.271,-0.49,True,80.3,0.22,80.0,True,3.48,2.21,3.7,2.8,D 趨勢弱,True,9:25,282.6,升,7.0,1,False,1.0,0.0088,-0.0849,,False,False,-4.69,-1.35,66.51,-2.59,-0.74,67.1,,OHLC,—,LH/LL,DT,True,273,3,universe
CHDN,2026-10-01,74.82,2.75,False,83.55,-0.497,-0.84,True,79.8,0.14,79.7,True,3.67,2.11,1.3,-0.2,D 趨勢弱,True,8:49,264.6,跌,219.0,26,False,1.0,-0.6433,-0.6419,-0.8732,False,False,-11.66,-3.18,82.65,-10.47,-2.85,92.8,,OHLC,↓,LH/LL,DT,False,273,3,universe
RRR,2026-10-01,48.93,1.98,False,53.68,-0.358,-0.77,False,79.2,-0.29,79.5,True,4.05,1.83,2.2,-1.0,D 趨勢弱,True,8:49,264.6,跌,751.0,61,True,1.0,-0.0512,-0.0696,-0.6185,True,False,-9.72,-2.4,51.63,-5.52,-1.36,63.0,,OHLC,↓,LH/LL,DT,False,273,3,universe
CNR,2026-10-01,87.6,3.18,False,94.76,-0.203,-0.3,False,78.9,-0.53,79.4,True,3.63,2.32,8.4,2.9,D 趨勢弱,True,8:49,264.6,跌,136.0,19,True,1.0,-1.0737,-1.2606,-1.4588,True,False,-8.17,-2.25,,,,47.4,,OHLC,—,HH/HL,自然反彈,False,273,3,universe
MTRX,2026-10-01,10.46,0.39,False,10.23,-0.03,-0.6,False,77.9,-2.08,80.0,True,3.68,2.45,12.8,9.2,D 趨勢弱,True,9:41,290.6,升,11.0,1,False,1.0,0.0617,-0.0029,,False,True,2.24,0.61,9.71,7.17,1.95,5.3,,OHLC,—,HH/HL,自然反彈,False,273,3,universe
DBD,2026-10-01,63.18,2.05,False,65.43,-0.233,-0.76,True,76.6,0.06,76.5,True,3.24,3.14,10.9,-5.3,D 趨勢弱,True,9:29,284.5,升,8.0,1,False,1.0,0.1661,-0.0055,,False,False,-3.57,-1.1,66.17,-4.73,-1.46,15.3,,OHLC,↓,LH/LL,自然反彈,False,273,3,universe
UI,2026-10-01,609.64,23.69,True,571.78,0.108,-0.07,False,76.4,-0.78,77.1,True,3.89,2.54,31.1,-0.1,D 趨勢弱,True,9:20,280.0,升,6.0,1,False,1.0,1.4775,-1.6613,,False,False,6.21,1.6,553.37,9.23,2.37,84.3,,OHLC,↑,HH/HL,UT,False,273,3,universe
ABG,2026-10-01,178.47,7.21,False,196.24,-1.518,-0.82,False,76.3,-0.24,76.5,True,4.04,2.4,0.2,0.2,D 趨勢弱,True,6:53,206.4,跌,65.0,15,True,1.0,-1.4946,-2.077,-3.3812,True,False,-9.96,-2.46,185.15,-3.74,-0.93,51.0,,OHLC,↓,LH/LL,自然反彈,False,273,3,universe
RIG,2026-10-01,5.24,0.21,False,5.67,-0.024,-0.42,True,74.6,0.53,74.0,False,4.0,2.77,15.3,-1.7,D 趨勢弱,True,8:49,264.6,跌,129.0,18,True,1.0,-0.05,-0.0552,-0.0581,True,False,-8.19,-2.05,5.94,-13.36,-3.34,248.6,,OHLC,↓,LH/LL,DT,False,273,3,universe
ADSK,2026-10-01,211.31,8.27,False,229.13,-1.091,-0.72,True,74.4,0.48,73.9,False,3.91,2.89,0.3,0.3,D 趨勢弱,True,8:49,264.6,跌,202.0,23,True,1.0,-0.5636,-1.073,-6.728,True,False,-8.43,-2.16,212.38,-0.51,-0.13,506.8,,OHLC,↓,LH/LL,自然反彈,False,273,3,universe
LWAY,2026-10-01,21.1,0.82,False,24.24,-0.169,-0.82,True,74.4,1.09,73.3,False,3.87,2.92,5.0,-1.9,D 趨勢弱,True,8:49,264.6,跌,115.0,18,True,1.0,-0.1636,-0.192,-0.7437,True,False,-14.89,-3.85,25.75,-22.04,-5.7,3.4,,OHLC,↓,LH/LL,DT,False,273,3,universe
SOLS,2026-10-01,56.98,2.25,False,60.02,-0.028,-0.25,True,74.0,0.27,73.7,False,3.94,2.93,22.3,3.5,D 趨勢弱,True,8:49,264.6,跌,128.0,13,True,1.0,-0.1411,-0.2261,-0.2909,True,False,-5.33,-1.35,58.8,-3.19,-0.81,126.1,,OHLC,—,LH/LL,DT,True,239,3,universe
HP,2026-10-01,38.2,1.53,False,42.33,-0.122,-0.59,True,73.5,0.55,73.0,False,3.99,2.97,42.5,3.3,D 趨勢弱,True,8:49,264.6,跌,136.0,19,True,1.0,-0.6227,-0.767,-0.8198,True,False,-10.81,-2.71,36.17,5.31,1.33,46.3,,OHLC,—,HH/HL,自然反彈,False,273,3,universe
CSGP,2026-10-01,27.72,1.14,False,30.43,-0.132,-0.58,True,73.4,0.29,73.1,False,4.13,2.85,1.7,1.2,D 趨勢弱,True,8:49,264.6,跌,376.0,24,True,1.0,-0.2224,-0.2969,-0.3802,True,False,-9.76,-2.36,31.56,-13.85,-3.35,181.9,,OHLC,↓,LH/LL,自然反彈,False,273,3,universe
PI,2026-10-01,183.87,7.4,True,174.31,0.546,0.15,True,73.4,0.53,72.8,False,4.02,2.97,46.5,-5.7,C 基底修復,False,5:25,162.7,跌,40.0,6,True,1.0,-0.2736,-0.6137,-2.2481,True,False,5.2,1.29,176.45,4.04,1.0,71.6,,OHLC,—,HH/HL,自然反彈,True,273,3,universe
BLKB,2026-10-01,42.55,1.57,False,44.97,-0.096,-0.23,True,73.2,0.72,72.5,False,3.7,3.32,16.7,-6.4,D 趨勢弱,True,8:49,264.6,跌,190.0,33,True,1.0,-0.364,-0.4669,-0.8803,True,False,-5.69,-1.54,43.27,-1.69,-0.46,18.8,,OHLC,—,LH/LL,自然反彈,True,273,3,universe
NSP,2026-10-01,48.63,2.14,False,49.96,-0.129,-0.44,False,72.8,-0.1,72.9,False,4.4,2.7,48.6,9.5,C 基底修復,True,8:49,264.6,跌,388.0,44,True,1.0,-0.3168,-0.4842,-0.6189,True,True,-2.74,-0.62,51.48,-5.86,-1.33,22.6,,OHLC,↓,LH/LL,自然反彈,False,273,3,universe
BILL,2026-10-01,43.78,1.88,False,47.35,-0.169,-0.56,True,72.6,0.52,72.1,False,4.29,2.84,41.4,17.4,C 基底修復,True,8:49,264.6,跌,316.0,33,True,1.0,-0.6086,-0.7657,-0.8183,True,False,-8.16,-1.9,50.33,-14.96,-3.49,84.9,,OHLC,—,LH/LL,UT,False,273,3,universe
HLIT,2026-10-01,10.72,0.43,False,11.51,-0.099,-1.52,True,72.5,0.34,72.2,False,4.04,3.11,15.6,3.4,D 趨勢弱,True,8:49,264.6,跌,214.0,23,True,1.0,-0.0408,-0.0582,-0.0739,True,False,-7.41,-1.83,11.32,-5.6,-1.38,16.5,,OHLC,—,LH/LL,DT,True,273,3,universe
TDW,2026-10-01,82.18,3.08,False,90.68,-0.397,-0.48,True,71.6,0.45,71.2,False,3.75,3.57,39.9,-0.6,D 趨勢弱,True,8:49,264.6,跌,242.0,26,True,1.0,-1.0675,-1.2087,-1.4465,True,False,-10.34,-2.76,91.79,-11.69,-3.12,51.6,,OHLC,↓,LH/LL,DT,False,273,3,universe
LXU,2026-10-01,9.76,0.44,False,10.82,-0.035,-0.19,True,71.3,0.22,71.1,False,4.53,2.85,4.7,-4.0,D 趨勢弱,True,7:45,232.6,跌,79.0,10,True,1.0,-0.1504,-0.1676,-0.1863,True,False,-10.87,-2.4,,,,9.0,,OHLC,—,HH/HL,DT,False,273,3,universe
AI,2026-10-01,11.11,0.51,True,10.57,0.028,0.21,False,71.2,-0.15,71.4,False,4.55,2.85,48.8,-5.7,D 趨勢弱,True,8:49,264.6,跌,117.0,12,True,1.0,-0.0109,-0.0391,-0.0712,True,False,4.88,1.07,10.86,2.25,0.49,54.4,,OHLC,—,LH/LL,UT,True,273,3,universe
DXC,2026-10-01,11.64,0.51,True,11.1,0.037,0.0,False,70.3,-0.72,71.0,False,4.42,3.15,26.0,10.1,C 基底修復,True,7:15,217.3,跌,71.0,10,True,1.0,-0.0353,-0.1148,-0.1499,True,False,4.61,1.04,10.95,5.93,1.34,29.8,,OHLC,↑,HH/HL,UT,False,273,3,universe
PTEN,2026-10-01,11.3,0.48,False,12.01,-0.03,-0.3,True,70.1,1.09,69.0,False,4.26,3.35,41.7,5.4,D 趨勢弱,True,8:41,260.5,跌,95.0,15,True,1.0,-0.1528,-0.2107,-0.2603,True,False,-6.28,-1.48,10.46,7.43,1.75,95.9,,OHLC,—,HH/HL,自然反彈,False,273,3,universe
CCC,2026-10-01,6.62,0.31,False,6.9,-0.03,-0.24,False,69.9,-0.27,70.2,False,4.67,2.97,28.5,2.0,D 趨勢弱,True,8:49,264.6,跌,202.0,24,True,1.0,-0.0187,-0.0213,-0.1506,True,True,-4.22,-0.9,6.9,-4.23,-0.91,86.6,,OHLC,—,LH/LL,DT,True,273,3,universe
WK,2026-10-01,69.63,3.14,False,73.16,-0.148,-0.33,True,69.7,0.5,69.2,False,4.51,3.17,39.1,16.8,C 基底修復,True,8:49,264.6,跌,210.0,21,True,1.0,-0.9372,-1.2123,-1.3067,True,False,-5.07,-1.12,71.48,-2.66,-0.59,72.1,,OHLC,↓,LH/LL,自然反彈,False,273,3,universe
NCNO,2026-10-01,19.35,0.94,False,21.13,-0.041,-0.26,True,69.0,0.27,68.7,False,4.86,2.96,35.1,15.9,D 趨勢弱,True,8:49,264.6,跌,138.0,17,True,1.0,-0.3553,-0.4679,-0.4818,True,False,-9.22,-1.9,19.97,-3.2,-0.66,48.8,,OHLC,↓,LH/LL,自然反彈,False,273,3,universe
ACAD,2026-10-01,19.89,1.0,False,25.45,-0.46,-2.15,True,68.8,0.46,68.3,False,5.01,2.86,5.0,0.0,D 趨勢弱,True,8:49,264.6,跌,251.0,26,True,1.0,-0.7694,-0.8255,-0.856,True,False,-27.95,-5.58,27.54,-38.46,-7.68,55.1,,OHLC,↓,LH/LL,DT,False,273,3,universe
MITK,2026-10-01,17.95,0.83,False,17.82,-0.044,-0.28,True,68.8,0.32,68.5,False,4.62,3.25,67.3,21.8,C 基底修復,True,9:36,288.0,升,10.0,1,False,1.0,0.0087,-0.0537,,False,True,0.7,0.15,17.98,-0.17,-0.04,10.7,,OHLC,—,LH/LL,自然反彈,True,273,3,universe
UPST,2026-10-01,22.95,1.15,False,26.5,-0.312,-1.0,True,68.1,0.68,67.4,False,5.01,2.99,0.0,0.0,D 趨勢弱,True,8:49,264.6,跌,202.0,23,True,1.0,-0.1342,-0.1545,-0.4251,True,False,-15.49,-3.09,25.97,-13.16,-2.63,110.6,,OHLC,↓,LH/LL,DT,False,273,3,universe
BTU,2026-10-01,24.74,1.2,False,27.25,-0.032,-0.01,True,67.7,0.56,67.1,False,4.83,3.24,0.0,0.0,D 趨勢弱,True,8:49,264.6,跌,130.0,16,True,1.0,-0.3783,-0.4289,-0.5713,True,False,-10.14,-2.1,26.79,-8.29,-1.71,67.5,,OHLC,↓,LH/LL,DT,False,273,3,universe
GPI,2026-10-01,256.7,11.33,False,263.38,-0.56,-0.39,False,67.3,-0.93,68.2,False,4.41,3.75,10.3,6.0,D 趨勢弱,True,8:02,240.9,跌,84.0,11,True,1.0,-0.7611,-2.0665,-6.6823,True,True,-2.6,-0.59,253.75,1.15,0.26,76.1,,OHLC,—,LH/LL,自然反彈,True,273,3,universe
NEXT,2026-10-01,6.31,0.31,False,7.1,-0.014,-0.27,True,67.1,0.76,66.4,False,4.89,3.3,10.0,0.0,D 趨勢弱,True,8:49,264.6,跌,132.0,13,True,1.0,-0.0892,-0.0945,-0.0972,True,False,-12.55,-2.57,,,,17.5,,OHLC,—,HH/HL,DT,False,273,3,universe
BL,2026-10-01,27.48,1.3,False,30.01,-0.128,-0.49,True,66.9,0.55,66.3,False,4.72,3.51,0.3,-9.7,D 趨勢弱,True,8:49,264.6,跌,147.0,18,True,1.0,-0.1722,-0.2664,-0.5186,True,False,-9.2,-1.95,29.25,-6.44,-1.36,26.4,,OHLC,↓,LH/LL,自然反彈,False,273,3,universe
CENX,2026-10-01,35.99,1.85,False,42.09,-0.425,-0.98,True,66.9,0.89,66.0,False,5.13,3.11,7.3,0.0,D 趨勢弱,True,8:49,264.6,跌,103.0,15,True,1.0,-0.3973,-0.448,-0.7347,True,False,-16.94,-3.3,40.75,-13.23,-2.58,69.1,,OHLC,↓,LH/LL,DT,False,273,3,universe
CRNC,2026-10-01,8.1,0.38,False,8.12,-0.013,-0.3,True,66.8,0.48,66.3,False,4.69,3.57,30.1,2.5,D 趨勢弱,True,9:28,283.8,升,8.0,1,False,1.0,0.0087,-0.0138,,False,True,-0.26,-0.05,8.15,-0.62,-0.13,4.8,,OHLC,—,LH/LL,自然反彈,True,273,3,universe
WHR,2026-10-01,30.48,1.56,False,35.37,-0.323,-0.98,True,66.3,0.42,65.8,False,5.13,3.23,0.0,0.0,D 趨勢弱,True,8:49,264.6,跌,339.0,32,True,1.0,-0.1572,-0.1842,-0.749,True,False,-16.03,-3.12,33.56,-10.1,-1.97,98.2,,OHLC,↓,LH/LL,DT,False,273,3,universe
GEN,2026-10-01,22.25,1.26,False,26.3,-0.172,-1.91,True,65.1,1.34,63.7,False,5.65,2.95,8.8,0.4,D 趨勢弱,True,8:49,264.6,跌,162.0,17,True,1.0,-0.8871,-1.0471,-1.178,True,False,-18.22,-3.22,24.57,-10.43,-1.84,295.5,,OHLC,↓,LH/LL,自然反彈,False,273,3,universe
COUR,2026-10-01,5.08,0.25,False,5.39,-0.022,-1.04,True,64.2,0.43,63.8,False,4.97,3.8,0.0,0.0,D 趨勢弱,True,8:49,264.6,跌,400.0,19,True,1.0,-0.0165,-0.0414,-0.1254,True,False,-6.14,-1.23,5.16,-1.57,-0.32,34.6,,OHLC,↓,LH/LL,自然反彈,False,273,3,universe
OI,2026-10-01,5.65,0.27,False,6.47,-0.033,-0.71,True,64.1,0.52,63.5,False,4.72,4.08,0.0,0.0,D 趨勢弱,True,8:49,264.6,跌,98.0,15,True,1.0,-0.0224,-0.0291,-0.1799,True,False,-14.44,-3.06,6.58,-16.46,-3.48,22.5,,OHLC,↓,LH/LL,DT,False,273,3,universe
FLUT,2026-10-01,76.47,4.21,False,92.82,-0.674,-0.9,True,63.7,1.53,62.2,False,5.51,3.35,0.0,0.0,D 趨勢弱,True,8:18,249.2,跌,88.0,12,True,1.0,-1.8104,-2.0999,-2.1308,True,False,-21.38,-3.88,88.62,-15.89,-2.88,264.7,,OHLC,↓,LH/LL,自然反彈,False,273,3,universe
SWIM,2026-10-01,6.27,0.3,False,6.58,-0.026,-0.55,True,63.7,0.11,63.6,False,4.76,4.11,31.7,3.6,C 基底修復,True,8:49,264.6,跌,214.0,29,True,1.0,-0.0139,-0.0238,-0.1253,True,False,-4.92,-1.03,6.63,-5.74,-1.21,5.5,,OHLC,↓,LH/LL,自然反彈,False,273,3,universe
CXM,2026-10-01,5.22,0.28,False,6.39,-0.062,-0.89,True,63.6,0.99,62.6,False,5.3,3.6,15.0,0.0,D 趨勢弱,True,8:49,264.6,跌,181.0,21,True,1.0,-0.0247,-0.0567,-0.312,True,False,-22.43,-4.23,5.1,2.3,0.43,19.2,,OHLC,—,LH/LL,UT,False,273,3,universe
SAH,2026-10-01,63.76,3.28,False,69.86,-0.485,-1.05,True,63.6,0.24,63.3,False,5.15,3.75,5.0,0.0,D 趨勢弱,True,8:49,264.6,跌,126.0,12,True,1.0,-0.2729,-0.6196,-2.8263,True,False,-9.57,-1.86,64.95,-1.87,-0.36,23.9,,OHLC,↓,LH/LL,自然反彈,False,273,3,universe
ORKA,2026-10-01,83.42,4.76,False,92.86,-1.111,-0.91,True,63.1,1.06,62.0,False,5.71,3.29,45.6,0.6,C 基底修復,True,6:32,196.1,跌,59.0,7,True,1.0,-0.993,-1.1168,-2.5938,True,False,-11.31,-1.98,97.73,-17.15,-3.0,90.7,,OHLC,↓,LH/LL,DT,False,273,3,universe
EWTX,2026-10-01,40.48,2.2,False,42.94,-0.202,-0.46,True,61.9,1.04,60.9,False,5.42,3.81,50.5,-2.9,C 基底修復,True,6:54,207.2,跌,65.0,7,True,1.0,-0.4941,-0.5772,-0.6708,True,False,-6.08,-1.12,43.82,-8.25,-1.52,71.6,,OHLC,↓,LH/LL,自然反彈,False,273,3,universe
HL,2026-10-01,17.0,0.9,False,19.22,-0.097,-0.19,True,61.8,1.15,60.7,False,5.27,3.99,13.0,3.0,D 趨勢弱,True,8:49,264.6,跌,220.0,22,True,1.0,-0.3085,-0.3304,-0.4361,True,False,-13.06,-2.48,18.96,-11.53,-2.19,681.6,,OHLC,↓,LH/LL,DT,False,273,3,universe
WTI,2026-10-01,3.63,0.2,False,3.84,-0.008,-0.15,True,61.6,1.67,60.0,False,5.47,3.83,43.4,2.0,C 基底修復,True,8:49,264.6,跌,131.0,11,True,1.0,-0.0458,-0.0543,-0.0573,True,False,-5.76,-1.05,3.86,-6.34,-1.16,14.7,,OHLC,↓,LH/LL,自然反彈,False,273,3,universe
SENS,2026-10-01,9.96,0.48,True,9.56,0.04,0.65,True,59.2,0.15,59.0,False,4.84,4.98,58.1,2.8,B 上升結構,False,5:03,151.5,跌,34.0,4,False,1.0,-0.0337,-0.0182,-0.2155,False,True,4.05,0.84,9.84,1.2,0.25,6.9,,OHLC,↑,HH/HL,自然回檔,False,273,3,universe
MNPR,2026-10-01,77.97,5.03,False,102.6,-2.11,-1.34,True,57.8,0.67,57.1,False,6.45,3.66,38.2,-1.4,D 趨勢弱,True,8:49,264.6,跌,411.0,50,True,1.0,-2.401,-2.551,-2.6728,True,False,-31.59,-4.89,,,,14.6,,OHLC,—,HH/HL,DT,False,273,3,universe
KVYO,2026-10-01,16.19,0.94,False,17.29,-0.041,-0.45,True,56.6,1.41,55.2,False,5.8,4.58,0.0,0.0,D 趨勢弱,True,8:49,264.6,跌,130.0,18,True,1.0,-0.0296,-0.0954,-0.415,True,False,-6.82,-1.18,16.78,-3.64,-0.63,107.4,,OHLC,—,LH/LL,自然反彈,True,273,3,universe
ABAT,2026-10-01,2.28,0.14,False,2.43,-0.026,-0.31,True,56.1,0.04,56.1,False,6.23,4.26,3.0,-7.0,D 趨勢弱,True,8:49,264.6,跌,122.0,15,True,1.0,-0.0089,-0.0163,-0.0603,True,False,-6.51,-1.05,2.24,1.75,0.28,9.3,,OHLC,—,LH/LL,自然反彈,True,273,3,universe
ZBIO,2026-10-01,27.94,2.01,False,31.08,-0.201,-0.24,True,55.8,0.32,55.5,False,7.18,3.37,32.4,1.7,D 趨勢弱,True,8:49,264.6,跌,549.0,46,True,1.0,-0.5321,-0.6516,-0.6822,True,False,-11.23,-1.56,25.7,8.02,1.12,20.8,,OHLC,—,HH/HL,自然反彈,False,273,3,universe
VYX,2026-10-01,6.84,0.45,False,7.81,-0.024,-0.4,True,55.6,0.27,55.3,False,6.53,4.09,2.0,0.3,D 趨勢弱,True,8:49,264.6,跌,132.0,16,True,1.0,-0.068,-0.0882,-0.2255,True,False,-14.25,-2.18,7.4,-8.19,-1.25,23.6,,OHLC,—,LH/LL,自然反彈,True,273,3,universe
MNDY,2026-10-01,80.31,5.21,False,88.67,-0.291,-0.4,True,54.7,0.78,53.9,False,6.49,4.32,18.6,0.9,D 趨勢弱,True,8:49,264.6,跌,175.0,19,True,1.0,-1.2475,-1.4871,-1.8335,True,False,-10.41,-1.6,87.96,-9.53,-1.47,103.9,,OHLC,↓,LH/LL,自然反彈,False,273,3,universe
LEU,2026-10-01,139.11,9.16,False,161.96,-1.073,-0.61,True,52.5,0.89,51.6,False,6.59,4.75,0.0,0.0,D 趨勢弱,True,8:49,264.6,跌,320.0,24,True,1.0,-0.8388,-1.0067,-4.643,True,False,-16.42,-2.49,149.85,-7.72,-1.17,115.9,,OHLC,↓,LH/LL,DT,False,273,3,universe
AESI,2026-10-01,11.69,0.85,False,12.8,-0.029,-0.13,True,51.7,0.28,51.5,False,7.28,4.23,12.5,0.6,D 趨勢弱,True,7:45,232.4,跌,79.0,9,True,1.0,-0.1655,-0.1736,-0.2909,True,False,-9.48,-1.3,12.47,-6.67,-0.92,48.4,,OHLC,↓,LH/LL,次級回檔,False,273,3,universe
XFOR,2026-10-01,2.83,0.21,False,3.46,-0.02,-1.1,True,51.7,0.13,51.6,False,7.47,4.04,0.0,0.0,D 趨勢弱,True,8:49,264.6,跌,506.0,31,True,1.0,-0.0505,-0.0536,-0.0802,True,False,-22.33,-2.99,3.58,-26.5,-3.55,4.3,,OHLC,↓,LH/LL,DT,False,273,3,universe
TMC,2026-10-01,3.76,0.26,True,4.37,0.006,0.08,True,50.0,0.22,49.8,False,7.03,4.92,10.0,0.0,D 趨勢弱,True,8:49,264.6,跌,216.0,20,False,1.0,-0.0211,-0.0196,-0.1197,False,False,-16.09,-2.29,3.84,-2.13,-0.3,18.1,,OHLC,↓,LH/LL,自然回檔,False,273,3,universe
ACDC,2026-10-01,4.4,0.32,False,4.82,-0.024,-0.5,True,49.2,1.67,47.6,False,7.19,4.94,20.1,3.3,D 趨勢弱,True,8:49,264.6,跌,121.0,13,True,1.0,-0.0743,-0.0848,-0.0874,True,False,-9.56,-1.33,5.17,-17.5,-2.43,6.1,,OHLC,↓,LH/LL,自然反彈,False,273,3,universe
SMR,2026-10-01,7.79,0.59,False,9.05,-0.031,-0.29,True,45.1,0.64,44.5,False,7.6,5.65,0.0,-0.2,D 趨勢弱,True,8:49,264.6,跌,117.0,14,True,1.0,-0.1205,-0.1268,-0.1829,True,False,-16.19,-2.13,8.89,-14.12,-1.86,335.8,,OHLC,—,LH/LL,DT,True,273,3,universe
ASPI,2026-10-01,2.7,0.24,False,3.39,-0.046,-1.14,True,43.2,0.44,42.8,False,8.78,5.01,0.0,0.0,D 趨勢弱,True,8:12,245.8,跌,87.0,15,True,1.0,-0.032,-0.0434,-0.0703,True,False,-25.54,-2.91,3.18,-17.78,-2.03,14.9,,OHLC,↓,LH/LL,自然反彈,False,273,3,universe
CCOI,2026-10-01,8.23,0.75,False,9.01,-0.081,-0.56,True,40.7,0.62,40.1,False,9.15,5.43,6.3,6.3,D 趨勢弱,True,6:39,199.4,跌,61.0,6,True,1.0,-0.027,-0.0866,-0.1796,True,False,-9.51,-1.04,9.21,-11.91,-1.3,20.5,,OHLC,↓,LH/LL,自然反彈,False,273,3,universe
WYY,2026-10-01,7.86,1.13,False,7.93,-0.023,-2.34,True,19.9,0.62,19.2,False,14.37,10.59,25.9,0.1,D 趨勢弱,False,5:24,162.0,跌,40.0,5,True,1.0,-0.4606,-0.5286,-0.5913,True,True,-0.87,-0.06,4.35,44.66,3.11,3.0,,OHLC,—,HH/HL,自然反彈,False,273,3,universe
CZR,2026-10-01,29.62,0.11,False,29.65,-0.0,-0.1,True,99.5,0.09,99.4,True,0.37,0.36,56.5,0.1,C 基底修復,False,10:33,316.5,升,26.0,2,False,2.0,0.0024,0.0019,,False,True,-0.1,-0.28,29.75,-0.44,-1.2,134.3,,OHLC,—,LH/LL,自然回檔,True,273,3,universe
RA,2026-10-01,11.58,0.13,False,12.09,-0.052,-1.74,False,97.8,-0.06,97.9,True,1.09,0.52,13.7,0.7,D 趨勢弱,True,8:49,264.6,跌,395.0,40,True,2.0,-0.0293,-0.0371,-0.057,True,False,-4.37,-4.02,12.65,-9.24,-8.49,3.2,,OHLC,↓,LH/LL,DT,False,273,3,universe
BTZ,2026-10-01,9.34,0.11,False,9.71,-0.031,-1.37,False,97.3,-0.12,97.4,True,1.15,0.64,14.0,1.5,D 趨勢弱,True,8:49,264.6,跌,187.0,28,True,2.0,-0.018,-0.023,-0.0489,True,False,-3.92,-3.41,10.01,-7.17,-6.24,4.3,,OHLC,↓,LH/LL,DT,False,273,3,universe
WDI,2026-10-01,11.8,0.15,False,12.35,-0.037,-1.3,False,96.7,-0.13,96.8,True,1.29,0.71,9.8,0.6,D 趨勢弱,True,8:49,264.6,跌,217.0,29,True,2.0,-0.0209,-0.0271,-0.0499,True,False,-4.68,-3.62,12.39,-5.0,-3.87,4.4,,OHLC,↓,LH/LL,DT,False,273,3,universe
PCN,2026-10-01,10.71,0.16,False,11.19,-0.05,-1.27,False,96.3,-0.3,96.6,True,1.49,0.65,9.3,0.8,D 趨勢弱,True,8:49,264.6,跌,162.0,22,True,2.0,-0.0378,-0.0514,-0.0769,True,False,-4.48,-3.0,11.8,-10.18,-6.81,6.5,,OHLC,↓,LH/LL,DT,False,273,3,universe
JPC,2026-10-01,6.89,0.11,False,7.09,-0.024,-1.37,False,95.9,-0.2,96.1,True,1.57,0.69,13.4,1.1,D 趨勢弱,True,9:32,285.8,升,9.0,1,False,2.0,0.0003,-0.0105,,False,True,-2.94,-1.87,7.13,-3.48,-2.21,15.6,,OHLC,↓,LH/LL,DT,False,273,3,universe
UTF,2026-10-01,24.6,0.38,False,25.46,-0.062,-1.36,True,95.7,0.1,95.6,True,1.55,0.76,18.9,0.1,D 趨勢弱,True,9:30,285.2,升,8.0,1,False,2.0,0.0103,-0.028,,False,False,-3.49,-2.25,24.47,0.53,0.34,10.7,,OHLC,↓,LH/LL,自然反彈,False,273,3,universe
RQI,2026-10-01,10.85,0.18,False,11.71,-0.056,-1.33,True,95.1,0.07,95.0,True,1.67,0.82,7.3,-0.7,D 趨勢弱,True,8:49,264.6,跌,236.0,37,False,2.0,-0.0469,-0.0468,-0.07,False,False,-7.9,-4.74,11.62,-7.1,-4.26,7.9,,OHLC,↓,LH/LL,DT,False,273,3,universe
SO,2026-10-01,83.47,1.34,False,86.8,-0.274,-1.09,False,95.1,-0.06,95.1,True,1.6,0.9,15.0,0.9,D 趨勢弱,True,8:48,264.2,跌,97.0,15,True,2.0,-0.0523,-0.1443,-0.4703,True,False,-3.99,-2.49,87.22,-4.49,-2.81,553.6,,OHLC,↓,LH/LL,DT,False,273,3,universe
AB,2026-10-01,35.01,0.58,False,36.15,-0.05,-0.41,True,94.9,0.17,94.7,True,1.67,0.88,14.6,0.7,D 趨勢弱,True,6:28,193.8,跌,58.0,15,False,2.0,-0.1056,-0.1047,-0.1143,False,False,-3.27,-1.96,36.37,-3.88,-2.33,11.7,,OHLC,↓,LH/LL,DT,False,273,3,universe
FE,2026-10-01,43.39,0.72,False,45.42,-0.194,-0.99,False,94.8,-0.03,94.8,True,1.66,0.92,14.2,-10.4,D 趨勢弱,True,8:05,242.6,跌,85.0,13,True,2.0,-0.1267,-0.1655,-0.315,True,False,-4.68,-2.83,46.78,-7.81,-4.72,193.8,,OHLC,↓,LH/LL,DT,False,273,3,universe
PHK,2026-10-01,4.14,0.07,False,4.29,-0.013,-1.23,False,94.7,-0.17,94.8,True,1.77,0.84,11.4,1.2,D 趨勢弱,True,8:49,264.6,跌,256.0,35,True,2.0,-0.0086,-0.0154,-0.0282,True,False,-3.63,-2.05,4.38,-5.8,-3.28,6.7,,OHLC,↓,LH/LL,DT,False,273,3,universe
NEE,2026-10-01,76.35,1.34,False,80.67,-0.471,-1.43,False,94.5,-0.24,94.7,True,1.76,0.9,9.0,0.6,D 趨勢弱,True,8:49,264.6,跌,107.0,15,True,2.0,-0.2783,-0.3999,-0.5326,True,False,-5.66,-3.22,84.06,-10.1,-5.75,967.8,,OHLC,↓,LH/LL,DT,False,273,3,universe
AVA,2026-10-01,35.07,0.61,False,36.73,-0.105,-0.94,False,94.4,-0.01,94.4,True,1.73,0.95,12.0,-1.3,D 趨勢弱,True,8:47,263.5,跌,96.0,10,True,2.0,-0.0359,-0.0618,-0.3901,True,False,-4.73,-2.73,37.91,-8.1,-4.67,25.6,,OHLC,↓,LH/LL,DT,False,273,3,universe
NMZ,2026-10-01,8.9,0.16,False,9.43,-0.047,-1.46,False,94.4,-0.26,94.7,True,1.85,0.83,9.7,0.1,D 趨勢弱,True,8:49,264.6,跌,170.0,31,True,2.0,-0.0303,-0.0388,-0.0556,True,False,-6.0,-3.25,9.53,-7.08,-3.83,12.4,,OHLC,↓,LH/LL,自然反彈,False,273,3,universe
NEA,2026-10-01,10.08,0.19,False,10.41,-0.038,-1.7,False,94.2,-0.26,94.4,True,1.85,0.89,11.8,3.2,D 趨勢弱,True,8:49,264.6,跌,241.0,22,True,2.0,-0.0279,-0.0547,-0.0788,True,False,-3.24,-1.75,11.28,-11.9,-6.42,25.5,,OHLC,↓,LH/LL,自然反彈,False,273,3,universe
NI,2026-10-01,39.5,0.68,False,40.53,-0.1,-0.74,False,93.8,-0.28,94.1,True,1.73,1.1,14.7,1.7,D 趨勢弱,False,5:55,177.7,跌,49.0,7,True,2.0,-0.0264,-0.0709,-0.3459,True,True,-2.61,-1.51,41.9,-6.08,-3.51,230.3,,OHLC,↓,LH/LL,DT,False,273,3,universe
CNP,2026-10-01,37.21,0.65,False,38.55,-0.127,-0.84,False,93.6,-0.18,93.8,True,1.75,1.14,13.8,1.9,D 趨勢弱,True,8:49,264.6,跌,103.0,13,True,2.0,-0.0312,-0.0843,-0.3545,True,False,-3.61,-2.06,40.12,-7.82,-4.47,250.5,,OHLC,↓,LH/LL,DT,False,273,3,universe
NWN,2026-10-01,46.66,0.84,False,48.56,-0.132,-0.71,False,93.5,-0.11,93.7,True,1.79,1.11,15.0,-0.7,D 趨勢弱,True,8:49,264.6,跌,247.0,29,True,2.0,-0.1162,-0.1332,-0.2955,True,False,-4.06,-2.27,50.02,-7.2,-4.02,13.5,,OHLC,↓,LH/LL,DT,False,273,3,universe
NAD,2026-10-01,10.17,0.21,False,10.61,-0.037,-1.72,False,93.3,-0.12,93.5,True,2.07,0.89,7.6,2.0,D 趨勢弱,True,8:49,264.6,跌,235.0,22,True,2.0,-0.0353,-0.0596,-0.0878,True,False,-4.29,-2.07,11.76,-15.63,-7.56,21.1,,OHLC,↓,LH/LL,自然反彈,False,273,3,universe
AWR,2026-10-01,81.19,1.54,False,86.42,-0.248,-0.79,False,93.0,-0.29,93.2,True,1.89,1.16,31.9,-2.8,C 基底修復,True,8:49,264.6,跌,215.0,25,True,2.0,-0.4869,-0.5126,-0.6656,True,False,-6.44,-3.4,88.06,-8.46,-4.47,19.5,,OHLC,↓,LH/LL,DT,False,273,3,universe
AIG,2026-10-01,75.43,1.46,False,75.5,-0.023,-0.25,True,92.6,0.25,92.4,True,1.93,1.2,21.7,2.6,D 趨勢弱,False,10:09,304.3,升,19.0,1,False,2.0,0.0362,-0.047,,False,True,-0.09,-0.05,76.29,-1.14,-0.59,383.9,,OHLC,↓,LH/LL,自然反彈,False,273,3,universe
CUBE,2026-10-01,37.53,0.75,False,39.25,-0.127,-0.79,False,92.6,-0.03,92.6,True,2.0,1.14,23.0,-0.2,D 趨勢弱,True,7:13,216.6,跌,70.0,8,True,2.0,-0.1277,-0.1455,-0.1895,True,False,-4.58,-2.29,40.19,-7.09,-3.54,110.3,,OHLC,↓,LH/LL,DT,False,273,3,universe
UTG,2026-10-01,34.54,0.68,False,36.56,-0.132,-1.51,False,92.6,-0.21,92.8,True,1.96,1.19,9.5,1.2,D 趨勢弱,True,8:49,264.6,跌,126.0,14,True,2.0,-0.1281,-0.1791,-0.2291,True,False,-5.86,-2.99,38.88,-12.57,-6.42,14.2,,OHLC,↓,LH/LL,DT,False,273,3,universe
AWK,2026-10-01,127.86,2.6,False,136.47,-0.452,-0.39,False,92.0,-0.15,92.2,True,2.03,1.25,30.8,-1.3,D 趨勢弱,True,8:49,264.6,跌,174.0,15,True,2.0,-1.0041,-1.0094,-1.1361,True,False,-6.73,-3.31,,,,252.7,,OHLC,—,HH/HL,DT,False,273,3,universe
OBDC,2026-10-01,10.44,0.21,False,11.09,-0.068,-1.16,True,92.0,0.1,91.9,True,1.99,1.3,8.3,-9.4,D 趨勢弱,True,8:49,264.6,跌,511.0,30,False,2.0,-0.0695,-0.0606,-0.0695,False,False,-6.26,-3.15,10.99,-5.27,-2.65,35.5,,OHLC,↓,LH/LL,DT,False,273,3,universe
MSDL,2026-10-01,13.71,0.28,False,14.76,-0.091,-1.22,True,91.9,0.09,91.8,True,2.06,1.25,6.1,-8.6,D 趨勢弱,True,8:49,264.6,跌,345.0,25,False,2.0,-0.0888,-0.0803,-0.0888,False,False,-7.67,-3.73,15.05,-9.77,-4.75,6.5,,OHLC,↓,LH/LL,DT,False,273,3,universe
MGEE,2026-10-01,70.05,1.59,False,74.31,-0.32,-1.47,False,91.8,-0.16,91.9,True,2.27,1.07,8.7,1.5,D 趨勢弱,True,8:49,264.6,跌,622.0,56,True,2.0,-0.303,-0.4485,-0.6524,True,False,-6.08,-2.68,78.43,-11.96,-5.28,15.0,,OHLC,↓,LH/LL,自然反彈,False,273,3,universe
FPI,2026-10-01,11.49,0.25,True,10.71,0.06,0.88,False,91.7,-0.27,92.0,True,2.18,1.17,34.9,2.3,C 基底修復,True,9:37,288.7,升,10.0,2,False,2.0,0.0331,0.0102,,False,False,6.8,3.12,10.7,6.88,3.15,7.4,,OHLC,↑,HH/HL,UT,False,273,3,universe
MSEX,2026-10-01,52.43,1.15,False,56.25,-0.213,-1.01,False,91.4,-0.04,91.4,True,2.19,1.24,15.9,-2.0,D 趨勢弱,True,8:49,264.6,跌,584.0,27,True,2.0,-0.3145,-0.341,-0.4701,True,False,-7.28,-3.33,58.93,-12.4,-5.67,7.0,,OHLC,↓,LH/LL,DT,False,273,3,universe
ECC,2026-10-01,3.47,0.08,False,3.7,-0.025,-0.77,False,90.0,-0.48,90.5,True,2.42,1.31,4.4,2.5,D 趨勢弱,True,8:49,264.6,跌,168.0,17,True,2.0,-0.017,-0.0195,-0.0289,True,False,-6.66,-2.75,3.55,-2.31,-0.95,3.2,,OHLC,↓,LH/LL,自然回檔,False,273,3,universe
OCFC,2026-10-01,16.67,0.41,False,18.15,-0.127,-1.26,False,89.9,-0.13,90.0,True,2.45,1.32,14.0,2.6,D 趨勢弱,True,8:49,264.6,跌,121.0,17,True,2.0,-0.1205,-0.1474,-0.1837,True,False,-8.87,-3.62,19.43,-16.56,-6.75,18.9,,OHLC,↓,LH/LL,DT,False,273,3,universe
BST,2026-10-01,51.13,1.12,True,49.72,0.109,0.04,False,89.4,-0.38,89.7,True,2.2,1.68,73.2,1.4,A 待突破,False,10:15,307.4,升,21.0,2,False,2.0,0.1256,0.0081,,False,True,2.76,1.26,48.89,4.38,1.99,6.0,,OHLC,↑,HH/HL,UT,False,273,3,universe
LOW,2026-10-01,182.38,4.44,False,198.88,-1.74,-1.21,True,88.8,0.03,88.8,True,2.43,1.56,6.2,1.1,D 趨勢弱,True,8:49,264.6,跌,183.0,29,False,2.0,-0.5502,-0.4353,-1.9819,False,False,-9.05,-3.72,196.08,-7.51,-3.09,643.7,,OHLC,↓,LH/LL,DT,False,273,3,universe
AHRT,2026-10-01,6.13,0.17,False,6.22,-0.017,-1.26,False,88.6,-0.34,88.9,True,2.75,1.3,24.1,2.3,D 趨勢弱,True,9:28,283.8,升,8.0,1,False,2.0,0.0048,-0.0075,,False,True,-1.47,-0.53,6.39,-4.24,-1.54,8.0,,OHLC,↓,LH/LL,自然反彈,False,273,3,universe
GSBD,2026-10-01,9.17,0.22,False,9.76,-0.027,-0.42,True,87.7,0.2,87.5,True,2.39,1.83,20.2,2.6,D 趨勢弱,True,8:49,264.6,跌,233.0,21,False,2.0,-0.0778,-0.0731,-0.0878,False,False,-6.45,-2.69,10.18,-10.96,-4.58,7.9,,OHLC,↓,LH/LL,DT,False,273,3,universe
VNT,2026-10-01,31.69,0.81,False,32.13,-0.044,-0.28,False,87.7,-0.39,88.0,True,2.56,1.68,24.5,12.0,D 趨勢弱,True,9:15,277.7,升,4.0,1,False,2.0,0.0022,-0.0357,,False,True,-1.38,-0.54,32.79,-3.47,-1.36,42.7,,OHLC,—,LH/LL,UT,True,273,3,universe
MTG,2026-10-01,26.37,0.78,False,29.52,-0.29,-1.14,True,86.0,0.11,85.9,True,2.96,1.62,11.3,2.0,D 趨勢弱,True,8:49,264.6,跌,353.0,40,False,2.0,-0.3976,-0.3705,-0.3976,False,False,-11.94,-4.04,26.38,-0.04,-0.01,72.6,,OHLC,↓,LH/LL,自然反彈,False,273,3,universe
CWEN,2026-10-01,29.14,0.8,False,31.12,-0.121,-0.74,False,85.7,-0.22,86.0,True,2.75,1.88,7.8,0.3,D 趨勢弱,True,8:49,264.6,跌,143.0,15,True,2.0,-0.0821,-0.094,-0.1878,True,False,-6.8,-2.47,30.96,-6.25,-2.27,37.4,,OHLC,↓,LH/LL,DT,False,273,3,universe
ADAM,2026-10-01,7.78,0.23,False,8.99,-0.072,-1.48,False,85.6,-0.11,85.7,True,3.02,1.64,8.0,-0.2,D 趨勢弱,True,8:49,264.6,跌,215.0,28,True,2.0,-0.1158,-0.1254,-0.1275,True,False,-15.58,-5.17,9.1,-16.97,-5.63,10.9,,OHLC,↓,LH/LL,DT,False,273,3,universe
NMIH,2026-10-01,38.08,1.18,False,42.41,-0.513,-1.46,True,85.4,0.22,85.2,True,3.09,1.6,11.4,2.4,D 趨勢弱,True,8:49,264.6,跌,277.0,32,False,2.0,-0.5603,-0.5199,-0.5603,False,False,-11.38,-3.68,45.39,-19.2,-6.21,30.1,,OHLC,↓,LH/LL,自然反彈,False,273,3,universe
BIO,2026-10-01,355.57,10.87,True,379.32,0.025,0.21,False,84.5,-3.17,87.7,True,3.06,1.81,46.2,-25.7,C 基底修復,True,8:49,264.6,跌,162.0,22,False,2.0,-2.9706,-1.5376,-4.4374,False,False,-6.68,-2.18,389.38,-9.51,-3.11,101.3,,OHLC,↓,LH/LL,DT,False,273,3,universe
HII,2026-10-01,274.33,7.52,False,279.85,-1.45,-1.36,False,82.8,-0.06,82.9,True,2.74,2.45,8.8,2.1,D 趨勢弱,True,9:21,280.4,升,6.0,1,False,2.0,0.2518,-0.7515,,False,True,-2.01,-0.73,283.25,-3.25,-1.19,137.7,,OHLC,↓,LH/LL,自然反彈,False,273,3,universe
LW,2026-10-01,41.18,1.45,False,48.54,-0.485,-1.38,True,81.6,0.01,81.6,True,3.51,1.92,6.4,1.4,D 趨勢弱,True,8:49,264.6,跌,479.0,39,False,2.0,-0.5025,-0.4895,-0.9551,False,False,-17.86,-5.09,45.06,-9.42,-2.68,71.3,,OHLC,↓,LH/LL,DT,False,273,3,universe
MMS,2026-10-01,53.53,1.7,False,56.15,-0.152,-0.45,False,81.5,-0.34,81.9,True,3.18,2.27,7.9,0.8,D 趨勢弱,True,8:49,264.6,跌,122.0,11,True,2.0,-0.2752,-0.3813,-0.8039,True,False,-4.89,-1.54,59.19,-10.57,-3.33,40.9,,OHLC,↓,LH/LL,自然反彈,False,273,3,universe
PNR,2026-10-01,52.88,1.5,False,58.79,-0.317,-0.86,True,81.0,0.03,81.0,True,2.83,2.72,12.5,-0.2,D 趨勢弱,True,9:28,283.8,升,8.0,1,False,2.0,0.0173,-0.0151,,False,False,-11.17,-3.94,65.59,-24.04,-8.49,144.3,,OHLC,↓,LH/LL,DT,False,273,3,universe
ARDT,2026-10-01,10.25,0.38,False,10.8,-0.016,-0.18,True,79.5,0.9,78.6,True,3.75,2.08,42.3,7.6,D 趨勢弱,True,8:49,264.6,跌,315.0,36,False,2.0,-0.0511,-0.0434,-0.1041,False,False,-5.32,-1.42,10.95,-6.83,-1.82,4.8,,OHLC,—,LH/LL,DT,True,273,3,universe
HAPN,2026-10-01,15.4,0.55,False,16.45,-0.148,-1.39,False,78.5,-0.21,78.7,True,3.55,2.47,13.5,7.9,D 趨勢弱,True,8:49,264.6,跌,308.0,37,True,2.0,-0.0314,-0.0895,-0.1952,True,False,-6.79,-1.91,17.75,-15.26,-4.29,25.1,,OHLC,↓,LH/LL,自然反彈,False,255,3,universe
FG,2026-10-01,21.98,0.83,False,23.02,-0.106,-0.93,True,77.6,0.2,77.4,True,3.79,2.41,8.0,1.9,D 趨勢弱,True,9:21,280.3,升,6.0,1,False,2.0,0.0315,-0.003,,False,False,-4.71,-1.24,22.12,-0.64,-0.17,16.5,,OHLC,↓,LH/LL,DT,False,273,3,universe
CCJ,2026-10-01,85.69,3.31,False,95.81,-0.565,-0.53,False,76.2,-0.29,76.5,True,3.87,2.59,4.2,1.2,D 趨勢弱,True,8:49,264.6,跌,139.0,22,True,2.0,-0.8024,-0.8483,-1.3342,True,False,-11.81,-3.06,94.59,-10.39,-2.69,268.6,,OHLC,↓,LH/LL,DT,False,273,3,universe
SAIA,2026-10-01,344.38,12.58,False,345.72,-0.837,-0.74,False,76.2,-0.28,76.5,True,3.65,2.8,27.7,2.4,C 基底修復,True,9:40,290.0,升,11.0,1,False,2.0,0.8179,-0.0292,,False,True,-0.39,-0.11,353.8,-2.74,-0.75,119.7,,OHLC,↓,LH/LL,自然反彈,False,273,3,universe
ATI,2026-10-01,191.14,7.77,False,198.72,-0.662,-0.61,True,74.7,0.46,74.2,False,4.07,2.68,49.9,2.0,C 基底修復,True,9:26,283.1,升,7.0,1,False,2.0,0.4295,-0.0397,,False,True,-3.97,-0.98,191.63,-0.26,-0.06,310.4,,OHLC,—,LH/LL,自然反彈,True,273,3,universe
AGYS,2026-10-01,100.31,3.98,False,107.24,-0.869,-0.77,True,74.4,1.12,73.2,False,3.96,2.84,43.0,5.7,D 趨勢弱,True,8:49,264.6,跌,171.0,22,True,2.0,-0.4376,-0.787,-1.6367,True,False,-6.91,-1.74,102.5,-2.18,-0.55,23.4,,OHLC,—,LH/LL,自然反彈,True,273,3,universe
CVSA,2026-10-01,123.32,4.13,False,127.53,-0.262,-0.54,True,74.4,0.62,73.8,False,3.35,3.44,31.5,0.5,C 基底修復,True,8:49,264.6,跌,155.0,22,True,2.0,-0.3119,-0.5896,-1.485,True,False,-3.41,-1.02,127.2,-3.15,-0.94,45.1,,OHLC,↓,LH/LL,自然反彈,False,273,3,universe
MIAX,2026-10-01,33.75,1.52,False,39.55,-0.276,-0.8,True,74.4,1.12,73.2,False,4.51,2.29,0.0,0.0,D 趨勢弱,True,8:49,264.6,跌,178.0,24,True,2.0,-0.4638,-0.549,-0.6151,True,False,-17.18,-3.81,38.79,-14.93,-3.31,63.1,,OHLC,↓,LH/LL,DT,False,273,3,universe
HRB,2026-10-01,42.32,1.56,False,46.18,-0.398,-1.54,True,74.3,0.54,73.8,False,3.69,3.13,28.5,2.5,D 趨勢弱,True,8:49,264.6,跌,216.0,25,True,2.0,-0.3319,-0.5157,-1.2778,True,False,-9.12,-2.47,45.84,-8.32,-2.26,91.5,,OHLC,↓,LH/LL,自然反彈,False,273,3,universe
DASH,2026-10-01,182.18,7.93,False,205.22,-1.274,-0.76,True,73.4,0.38,73.1,False,4.36,2.62,9.2,-0.2,D 趨勢弱,True,8:49,264.6,跌,159.0,22,True,2.0,-1.4741,-1.6546,-4.9417,True,False,-12.65,-2.9,187.1,-2.7,-0.62,832.9,,OHLC,↓,LH/LL,自然回檔,False,273,3,universe
ETSY,2026-10-01,72.84,3.13,False,75.78,-0.204,-0.45,True,73.3,0.9,72.4,False,4.3,2.7,39.4,3.6,D 趨勢弱,True,9:23,281.4,升,6.0,1,False,2.0,0.0897,-0.1623,,False,True,-4.03,-0.94,74.46,-2.22,-0.52,249.2,,OHLC,↓,LH/LL,自然反彈,False,273,3,universe
INR,2026-10-01,12.73,0.55,False,13.96,-0.055,-0.41,True,73.2,1.25,72.0,False,4.34,2.68,0.0,0.0,D 趨勢弱,True,8:49,264.6,跌,242.0,16,True,2.0,-0.1395,-0.1732,-0.3819,True,False,-9.65,-2.22,13.16,-3.38,-0.78,4.6,,OHLC,—,LH/LL,DT,True,273,3,universe
HNGE,2026-10-01,97.94,4.13,True,91.91,0.187,0.2,True,72.7,1.0,71.7,False,4.22,2.91,71.2,-8.3,E 延伸,True,9:24,281.8,升,7.0,1,False,2.0,0.1384,-0.0045,,False,False,6.15,1.46,92.45,5.61,1.33,167.6,,OHLC,—,HH/HL,UT,True,273,3,universe
NGL,2026-10-01,15.6,0.66,False,16.84,-0.156,-0.87,True,72.0,0.14,71.8,False,4.26,3.0,39.4,-6.2,D 趨勢弱,True,8:03,241.4,跌,84.0,18,True,2.0,-0.1781,-0.2612,-0.2864,True,False,-7.93,-1.86,14.5,7.05,1.66,3.2,,OHLC,—,HH/HL,自然反彈,False,273,3,universe
AU,2026-10-01,94.2,3.68,False,107.77,-0.23,-0.24,True,71.5,1.13,70.4,False,3.91,3.43,15.5,2.0,D 趨勢弱,True,8:49,264.6,跌,275.0,22,True,2.0,-1.4069,-1.5469,-2.4275,True,False,-14.4,-3.68,104.01,-10.41,-2.66,245.4,,OHLC,↓,LH/LL,自然反彈,False,273,3,universe
INTU,2026-10-01,282.78,13.02,False,322.58,-2.505,-0.91,True,70.7,0.28,70.4,False,4.61,2.89,0.0,0.0,D 趨勢弱,True,8:49,264.6,跌,173.0,25,True,2.0,-3.314,-4.7957,-6.8665,True,False,-14.07,-3.06,342.31,-21.05,-4.57,1124.2,,OHLC,—,LH/LL,UT,False,273,3,universe
APEI,2026-10-01,43.36,1.84,False,44.23,-0.063,-0.27,True,70.6,0.35,70.3,False,4.24,3.27,15.6,2.4,C 基底修復,True,9:23,281.6,升,6.0,1,False,2.0,0.073,-0.085,,False,True,-2.0,-0.47,42.71,1.5,0.35,11.3,,OHLC,—,LH/LL,UT,True,273,3,universe
NRG,2026-10-01,96.93,4.03,False,108.22,-0.665,-0.85,True,69.7,0.61,69.1,False,4.16,3.54,3.5,1.7,D 趨勢弱,True,8:49,264.6,跌,99.0,12,True,2.0,-0.4454,-0.6124,-1.8245,True,False,-11.65,-2.8,100.37,-3.55,-0.85,301.7,,OHLC,↓,LH/LL,DT,False,273,3,universe
PLNT,2026-10-01,41.85,2.05,False,47.03,-0.312,-0.95,True,69.5,0.09,69.5,False,4.9,2.82,0.0,0.0,D 趨勢弱,True,8:49,264.6,跌,121.0,22,True,2.0,-0.5271,-0.6894,-1.0675,True,False,-12.38,-2.53,42.68,-1.98,-0.4,124.2,,OHLC,↓,LH/LL,自然反彈,False,273,3,universe
SM,2026-10-01,35.06,1.51,False,36.7,-0.03,-0.03,True,69.5,0.76,68.8,False,4.3,3.42,50.9,16.3,B 上升結構,True,8:49,264.6,跌,133.0,11,True,2.0,-0.4609,-0.6221,-0.7134,True,False,-4.67,-1.09,35.1,-0.11,-0.03,152.8,,OHLC,↓,LH/LL,自然反彈,False,273,3,universe
RLAY,2026-10-01,18.49,0.93,False,18.81,-0.052,-0.29,False,69.2,-0.11,69.3,False,5.02,2.77,63.5,3.1,C 基底修復,True,8:49,264.6,跌,233.0,30,True,2.0,-0.0254,-0.0717,-0.2619,True,True,-1.74,-0.35,17.22,6.87,1.37,67.5,,OHLC,—,HH/HL,自然反彈,False,273,3,universe
GOLD,2026-10-01,42.09,1.95,False,44.99,-0.06,-0.06,True,68.2,0.61,67.6,False,4.63,3.35,23.9,2.1,D 趨勢弱,True,8:03,241.6,跌,84.0,10,True,2.0,-0.509,-0.5103,-0.5248,True,False,-6.88,-1.49,48.22,-14.56,-3.15,33.7,,OHLC,↓,LH/LL,DT,False,273,3,universe
RKT,2026-10-01,11.97,0.61,False,12.89,-0.102,-0.79,True,67.6,0.3,67.3,False,5.09,3.01,6.9,6.0,D 趨勢弱,True,8:49,264.6,跌,188.0,26,True,2.0,-0.0775,-0.118,-0.1382,True,False,-7.65,-1.5,12.17,-1.67,-0.33,465.2,,OHLC,↓,LH/LL,自然反彈,False,273,3,universe
KD,2026-10-01,12.12,0.61,False,12.54,-0.044,-0.5,False,67.4,-0.97,68.4,False,4.99,3.14,7.4,7.4,D 趨勢弱,True,8:49,264.6,跌,128.0,12,True,2.0,-0.095,-0.1676,-0.2244,True,True,-3.45,-0.69,10.96,9.61,1.92,50.4,,OHLC,—,HH/HL,自然反彈,False,273,3,universe
Z,2026-10-01,27.75,1.35,False,31.51,-0.31,-1.1,True,67.1,0.45,66.6,False,4.88,3.32,0.0,0.0,D 趨勢弱,True,8:49,264.6,跌,221.0,23,True,2.0,-0.3137,-0.4061,-0.5012,True,False,-13.57,-2.78,30.95,-11.53,-2.36,129.2,,OHLC,↓,LH/LL,自然反彈,False,273,3,universe
THRM,2026-10-01,33.63,1.47,False,36.59,-0.468,-1.61,True,67.0,0.67,66.3,False,4.38,3.84,10.9,1.9,D 趨勢弱,True,8:49,264.6,跌,308.0,40,True,2.0,-0.3334,-0.3915,-0.5166,True,False,-8.79,-2.01,35.21,-4.7,-1.07,17.7,,OHLC,↓,LH/LL,DT,False,273,3,universe
KGC,2026-10-01,24.06,1.15,False,29.0,-0.15,-0.53,True,66.9,1.19,65.8,False,4.79,3.44,0.0,0.0,D 趨勢弱,True,8:49,264.6,跌,232.0,22,True,2.0,-0.5602,-0.6162,-0.6636,True,False,-20.55,-4.29,25.05,-4.11,-0.86,208.5,,OHLC,↓,LH/LL,DT,False,273,3,universe
ZG,2026-10-01,28.41,1.4,False,32.51,-0.334,-1.03,True,66.6,0.51,66.1,False,4.92,3.37,0.0,0.0,D 趨勢弱,True,8:49,264.6,跌,239.0,23,True,2.0,-0.3245,-0.4178,-0.5539,True,False,-14.45,-2.94,31.59,-11.19,-2.28,30.6,,OHLC,↓,LH/LL,自然反彈,False,273,3,universe
ATEC,2026-10-01,9.9,0.46,True,9.89,0.009,0.14,False,66.0,-1.82,67.8,False,4.6,3.81,32.5,2.6,D 趨勢弱,True,6:02,180.9,跌,51.0,6,False,2.0,-0.0301,-0.0036,-0.0727,False,True,0.08,0.02,10.02,-1.21,-0.26,24.7,,OHLC,—,HH/HL,自然回檔,True,273,3,universe
ORCL,2026-10-01,138.07,6.88,False,147.31,-0.096,-0.29,True,65.8,0.7,65.1,False,4.98,3.48,12.7,5.6,D 趨勢弱,True,8:49,264.6,跌,165.0,14,True,2.0,-1.3833,-1.6377,-1.9824,True,False,-6.69,-1.34,143.67,-4.06,-0.81,5229.6,,OHLC,↓,LH/LL,自然反彈,False,273,3,universe
DNTH,2026-10-01,88.32,4.78,False,101.07,-0.86,-0.85,True,65.7,0.59,65.2,False,5.41,3.05,31.6,0.0,D 趨勢弱,True,8:49,264.6,跌,224.0,31,True,2.0,-1.2683,-1.5341,-1.8097,True,False,-14.44,-2.67,107.69,-21.93,-4.05,88.3,,OHLC,↓,LH/LL,DT,False,273,3,universe
FSLR,2026-10-01,172.11,9.03,False,196.53,-1.585,-0.9,True,65.7,0.08,65.6,False,5.25,3.22,1.2,-0.5,D 趨勢弱,True,6:39,199.6,跌,61.0,7,True,2.0,-2.0005,-2.1149,-2.5215,True,False,-14.19,-2.7,177.71,-3.25,-0.62,478.8,,OHLC,↓,LH/LL,自然回檔,False,273,3,universe
NUVB,2026-10-01,5.56,0.29,False,6.29,-0.098,-0.57,True,65.2,0.8,64.4,False,5.16,3.42,29.7,-3.8,D 趨勢弱,True,8:49,264.6,跌,253.0,24,True,2.0,-0.0428,-0.0488,-0.1408,True,False,-13.06,-2.53,6.07,-9.17,-1.78,28.1,,OHLC,↓,LH/LL,DT,False,273,3,universe
COMP,2026-10-01,9.12,0.51,False,10.23,-0.137,-1.1,True,64.2,0.66,63.6,False,5.56,3.21,20.0,4.9,D 趨勢弱,True,8:49,264.6,跌,241.0,32,True,2.0,-0.0683,-0.0952,-0.2689,True,False,-12.14,-2.18,9.38,-2.85,-0.51,157.9,,OHLC,↓,LH/LL,自然反彈,False,273,3,universe
DOCS,2026-10-01,28.5,1.19,True,26.16,0.131,0.33,True,64.2,0.75,63.4,False,4.16,4.61,46.7,-1.5,D 趨勢弱,True,9:45,292.5,升,12.0,2,False,2.0,0.1384,0.0601,,False,False,8.2,1.97,26.04,8.63,2.07,78.2,,OHLC,↑,HH/HL,UT,False,273,3,universe
ENPH,2026-10-01,32.82,1.78,False,35.47,-0.201,-0.67,True,63.7,0.01,63.6,False,5.43,3.45,7.3,1.8,D 趨勢弱,True,6:45,202.5,跌,62.0,10,True,2.0,-0.1166,-0.2074,-0.3621,True,False,-8.07,-1.49,30.54,6.95,1.28,165.1,,OHLC,—,HH/HL,自然反彈,False,273,3,universe
LMND,2026-10-01,46.76,2.06,False,49.35,-0.148,-0.53,True,63.4,1.36,62.0,False,4.41,4.53,6.1,4.7,D 趨勢弱,True,8:49,264.6,跌,141.0,16,True,2.0,-0.0071,-0.2099,-1.5044,True,False,-5.53,-1.26,45.28,3.17,0.72,52.7,,OHLC,—,LH/LL,UT,False,273,3,universe
MNTN,2026-10-01,10.34,0.57,False,11.81,-0.073,-0.91,True,63.4,0.68,62.7,False,5.52,3.41,23.3,10.1,D 趨勢弱,True,8:49,264.6,跌,183.0,22,True,2.0,-0.1754,-0.2028,-0.266,True,False,-14.24,-2.58,11.01,-6.48,-1.17,9.5,,OHLC,↓,LH/LL,DT,False,273,3,universe
GPGI,2026-10-01,12.05,0.67,False,12.87,-0.03,-0.32,True,63.2,0.53,62.6,False,5.57,3.41,7.1,2.3,D 趨勢弱,True,8:49,264.6,跌,107.0,14,True,2.0,-0.0183,-0.0519,-0.2126,True,False,-6.81,-1.22,12.34,-2.41,-0.43,21.6,,OHLC,↓,LH/LL,自然反彈,False,273,3,universe
OPFI,2026-10-01,5.95,0.27,False,7.0,-0.023,-0.42,True,63.0,0.18,62.8,False,4.48,4.54,11.7,9.7,D 趨勢弱,True,6:24,191.9,跌,57.0,10,True,2.0,-0.055,-0.0603,-0.3276,True,False,-17.69,-3.95,,,,6.5,,OHLC,—,HH/HL,DT,False,273,3,universe
INSP,2026-10-01,70.78,3.59,True,69.43,0.44,0.5,False,62.9,-0.95,63.8,False,5.07,3.96,36.4,-5.4,E 延伸,True,6:57,208.6,跌,66.0,7,False,2.0,-0.6869,-0.6824,-0.6869,False,True,1.91,0.38,72.74,-2.77,-0.55,68.3,,OHLC,↑,HH/HL,自然反彈,False,273,3,universe
QLYS,2026-10-01,187.43,9.18,True,176.54,0.154,-0.12,True,62.7,0.64,62.0,False,4.9,4.19,75.7,-4.8,B 上升結構,True,9:57,298.5,升,16.0,2,False,2.0,0.5936,0.2344,,False,False,5.81,1.19,172.43,8.0,1.63,128.0,,OHLC,—,HH/HL,UT,True,273,3,universe
DCH,2026-10-01,5.43,0.31,False,5.99,-0.038,-0.78,True,62.0,0.33,61.7,False,5.7,3.52,4.3,4.3,D 趨勢弱,True,8:49,264.6,跌,144.0,16,True,2.0,-0.0886,-0.1153,-0.1355,True,False,-10.31,-1.81,6.88,-26.7,-4.69,22.5,,OHLC,↓,LH/LL,自然反彈,False,273,3,universe
FROG,2026-10-01,97.59,5.18,True,92.72,0.273,-0.03,True,61.9,0.76,61.1,False,5.31,3.94,80.0,-2.6,B 上升結構,False,10:01,300.6,升,17.0,2,False,2.0,0.3726,0.0637,,False,True,4.99,0.94,,,,158.1,,OHLC,—,LH/LL,UT,False,273,3,universe
DNN,2026-10-01,2.54,0.14,False,3.13,-0.015,-0.69,True,61.7,0.19,61.5,False,5.53,3.74,0.0,0.0,D 趨勢弱,True,8:49,264.6,跌,185.0,22,True,2.0,-0.0379,-0.0418,-0.0783,True,False,-23.2,-4.19,2.93,-15.35,-2.78,70.3,,OHLC,↓,LH/LL,DT,False,273,3,universe
INNV,2026-10-01,8.8,0.54,False,9.67,-0.035,-0.55,True,61.3,1.01,60.2,False,6.16,3.21,29.0,-0.9,D 趨勢弱,True,7:19,219.6,跌,72.0,9,True,2.0,-0.1765,-0.1963,-0.2202,True,False,-9.84,-1.6,11.1,-26.14,-4.24,7.6,,OHLC,↓,LH/LL,DT,False,273,3,universe
VSTM,2026-10-01,7.9,0.45,True,7.71,0.015,0.26,False,61.1,-0.35,61.5,False,5.74,3.66,49.7,5.8,C 基底修復,True,7:34,227.1,跌,76.0,6,False,2.0,-0.0333,-0.0289,-0.1081,False,True,2.4,0.42,7.74,2.03,0.35,18.1,,OHLC,↑,HH/HL,UT,False,273,3,universe
W,2026-10-01,101.37,4.77,False,101.19,-0.19,-0.09,True,61.0,0.49,60.5,False,4.71,4.72,61.4,-5.7,B 上升結構,False,5:27,163.4,跌,41.0,6,True,2.0,-0.1989,-0.2379,-1.6216,True,True,0.17,0.04,100.34,1.02,0.22,246.0,,OHLC,↑,HH/HL,次級反彈,False,273,3,universe
ALKT,2026-10-01,14.04,0.92,False,17.39,-0.216,-1.24,True,56.9,1.55,55.4,False,6.56,3.75,5.0,0.0,D 趨勢弱,True,8:49,264.6,跌,336.0,29,True,2.0,-0.5116,-0.6218,-0.7136,True,False,-23.89,-3.64,15.55,-10.75,-1.64,37.9,,OHLC,↓,LH/LL,自然反彈,False,273,3,universe
AIOT,2026-10-01,2.8,0.13,False,2.92,-0.011,-0.56,True,56.4,0.12,56.3,False,4.77,5.66,10.6,0.9,D 趨勢弱,True,9:54,297.2,升,15.0,2,False,2.0,0.007,0.0039,,False,True,-4.26,-0.89,3.03,-8.21,-1.72,4.6,,OHLC,↓,LH/LL,自然反彈,False,273,3,universe
TENB,2026-10-01,36.11,2.15,True,35.08,0.02,-0.07,True,55.8,0.23,55.6,False,5.96,4.6,71.4,2.6,C 基底修復,False,10:10,305.1,升,20.0,2,False,2.0,0.0792,0.041,,False,True,2.85,0.48,32.49,10.02,1.68,164.1,,OHLC,—,HH/HL,自然反彈,True,273,3,universe
PGY,2026-10-01,17.44,1.12,False,20.38,-0.09,-0.55,True,55.5,1.17,54.4,False,6.43,4.19,29.8,0.1,D 趨勢弱,True,8:49,264.6,跌,267.0,23,True,2.0,-0.4295,-0.4872,-0.5306,True,False,-16.85,-2.62,20.9,-19.84,-3.09,50.5,,OHLC,↓,LH/LL,自然反彈,False,273,3,universe
AISP,2026-10-01,2.22,0.15,True,2.31,0.295,1.86,False,54.7,-13.9,68.6,False,6.83,3.99,16.7,4.4,D 趨勢弱,True,9:25,282.3,升,7.0,1,False,2.0,0.0158,-0.0105,,False,True,-4.2,-0.62,2.13,4.05,0.59,5.0,,OHLC,↑,HH/HL,UT,False,255,3,universe
FIG,2026-10-01,21.57,1.29,False,24.46,-0.149,-0.51,True,54.1,0.93,53.1,False,5.97,4.99,11.1,1.1,D 趨勢弱,True,8:49,264.6,跌,180.0,21,True,2.0,-0.1279,-0.227,-0.8003,True,False,-13.38,-2.24,23.91,-10.85,-1.82,314.8,,OHLC,↓,LH/LL,自然反彈,False,273,3,universe
LFTO,2026-10-01,15.66,0.96,False,17.4,-0.133,-1.18,True,53.5,0.24,53.3,False,6.14,4.95,0.0,-0.0,D 趨勢弱,True,8:49,264.6,跌,107.0,8,True,2.0,-0.0071,-0.0262,-0.5188,True,False,-11.13,-1.81,17.65,-12.71,-2.07,16.7,,OHLC,↓,LH/LL,DT,False,83,3,universe
BRZE,2026-10-01,25.65,1.56,False,27.96,-0.125,-0.41,True,52.8,0.48,52.3,False,6.09,5.17,31.8,0.5,D 趨勢弱,True,8:49,264.6,跌,164.0,19,True,2.0,-0.0398,-0.1918,-1.2612,True,False,-9.0,-1.48,22.27,13.18,2.16,73.5,,OHLC,↑,HH/HL,UT,False,273,3,universe
INDI,2026-10-01,2.88,0.19,False,3.4,-0.062,-2.05,True,51.7,0.67,51.0,False,6.58,4.95,10.0,0.0,D 趨勢弱,True,8:49,264.6,跌,147.0,26,True,2.0,-0.0071,-0.0081,-0.0725,True,False,-18.17,-2.76,2.96,-2.78,-0.42,16.1,,OHLC,—,LH/LL,DT,True,273,3,universe
RCKT,2026-10-01,2.59,0.21,False,3.3,-0.034,-0.78,True,50.3,0.28,50.0,False,8.08,3.79,0.0,0.0,D 趨勢弱,True,8:49,264.6,跌,124.0,16,True,2.0,-0.086,-0.0968,-0.1102,True,False,-27.33,-3.38,3.76,-44.98,-5.56,5.8,,OHLC,↓,LH/LL,DT,False,273,3,universe
LXEO,2026-10-01,3.62,0.3,False,3.97,-0.068,-1.57,True,49.8,1.88,47.9,False,8.16,3.84,0.0,0.0,D 趨勢弱,True,8:49,264.6,跌,297.0,23,True,2.0,-0.0506,-0.0843,-0.123,True,False,-9.8,-1.2,4.38,-20.99,-2.57,6.0,,OHLC,↓,LH/LL,自然反彈,False,273,3,universe
STRZ,2026-10-01,22.85,1.97,False,24.62,-0.145,-0.78,False,46.8,-1.3,48.1,False,8.62,4.16,37.1,-4.8,D 趨勢弱,True,7:45,232.6,跌,79.0,12,True,2.0,-0.2723,-0.3485,-0.5567,True,True,-7.76,-0.9,23.57,-3.15,-0.37,8.7,,OHLC,↓,LH/LL,自然回檔,False,273,3,universe
PRME,2026-10-01,2.99,0.25,False,3.28,-0.02,-0.26,True,44.6,1.71,42.9,False,8.34,5.05,0.0,-0.1,D 趨勢弱,True,8:49,264.6,跌,109.0,16,True,2.0,-0.0259,-0.0288,-0.0725,True,False,-9.79,-1.17,3.09,-3.34,-0.4,10.6,,OHLC,↓,LH/LL,自然回檔,False,273,3,universe
PAL,2026-10-01,3.5,0.29,False,4.35,-0.045,-1.28,True,43.4,0.74,42.6,False,8.24,5.52,0.0,0.0,D 趨勢弱,True,7:53,236.7,跌,81.0,11,True,2.0,-0.035,-0.0472,-0.1924,True,False,-24.18,-2.94,4.95,-41.43,-5.03,4.0,,OHLC,↓,LH/LL,DT,False,273,3,universe
NEOV,2026-10-01,2.52,0.3,False,3.38,-0.016,-0.6,True,28.7,0.1,28.6,False,11.95,7.38,5.0,0.0,D 趨勢弱,True,8:49,264.6,跌,117.0,16,True,2.0,-0.1223,-0.1416,-0.1881,True,False,-34.2,-2.86,2.6,-3.17,-0.27,4.6,,OHLC,↓,LH/LL,自然回檔,False,273,3,universe
PPLC,2026-10-01,44.68,0.57,False,45.64,-0.289,-1.3,False,96.4,-0.1,96.5,True,1.27,0.82,28.4,-0.6,D 趨勢弱,True,9:46,293.0,升,13.0,1,False,3.0,0.0043,-0.0219,,False,True,-2.14,-1.68,47.14,-5.51,-4.34,3.5,,OHLC,↓,LH/LL,自然反彈,False,153,3,universe
ROKU,2026-10-01,151.26,1.86,False,155.37,-0.157,-0.33,False,96.4,-0.04,96.4,True,1.23,0.87,69.2,-5.3,C 基底修復,True,8:49,264.6,跌,213.0,25,False,3.0,-0.5805,-0.5689,-1.0296,False,True,-2.72,-2.21,157.45,-4.09,-3.33,325.3,,OHLC,↓,LH/LL,DT,False,273,3,universe
DUK,2026-10-01,113.74,1.59,False,118.21,-0.374,-1.19,True,95.6,0.06,95.5,True,1.4,0.96,15.6,-0.7,D 趨勢弱,True,8:05,242.4,跌,85.0,15,False,3.0,-0.1729,-0.2438,-0.6368,True,False,-3.93,-2.8,121.98,-7.24,-5.17,480.8,,OHLC,↓,LH/LL,DT,False,273,3,universe
MPLX,2026-10-01,56.35,1.12,False,58.57,-0.122,-0.46,True,92.7,0.2,92.5,True,1.99,1.14,27.7,0.4,D 趨勢弱,True,8:49,264.6,跌,149.0,14,False,3.0,-0.3155,-0.3051,-0.3155,False,False,-3.94,-1.98,60.04,-6.55,-3.3,85.0,,OHLC,↓,LH/LL,DT,False,273,3,universe
ORI,2026-10-01,37.49,0.72,False,40.2,-0.165,-1.23,True,92.7,0.15,92.6,True,1.91,1.2,13.1,0.7,D 趨勢弱,True,8:49,264.6,跌,350.0,40,False,3.0,-0.2181,-0.2526,-0.3383,True,False,-7.24,-3.78,40.05,-6.83,-3.57,60.6,,OHLC,↓,LH/LL,DT,False,273,3,universe
WRB,2026-10-01,68.9,1.34,False,69.22,-0.032,-0.21,False,92.4,-0.33,92.7,True,1.95,1.24,37.1,10.1,C 基底修復,True,8:16,247.8,跌,88.0,8,False,3.0,-0.0479,-0.1555,-0.5842,True,True,-0.47,-0.24,68.76,0.2,0.1,265.5,,OHLC,↓,LH/LL,自然反彈,False,273,3,universe
EIG,2026-10-01,48.65,1.06,False,48.75,-0.002,-0.19,False,91.8,-0.33,92.1,True,2.18,1.16,50.5,3.5,C 基底修復,True,7:22,220.9,跌,73.0,9,False,3.0,-0.077,-0.1609,-0.365,True,True,-0.2,-0.09,46.84,3.72,1.7,8.8,,OHLC,—,HH/HL,自然反彈,False,273,3,universe
AQN,2026-10-01,5.03,0.1,False,5.39,-0.028,-1.18,True,91.7,0.1,91.6,True,2.08,1.26,3.9,0.0,D 趨勢弱,True,8:49,264.6,跌,362.0,29,False,3.0,-0.0144,-0.0209,-0.0386,True,False,-7.14,-3.44,5.4,-7.36,-3.54,25.1,,OHLC,↓,LH/LL,DT,False,273,3,universe
SCHW,2026-10-01,98.37,2.21,False,105.72,-0.34,-0.8,True,90.3,0.26,90.0,True,2.25,1.43,29.4,12.9,C 基底修復,True,8:49,264.6,跌,408.0,26,False,3.0,-0.7495,-0.8841,-1.074,True,False,-7.47,-3.33,106.88,-8.65,-3.85,876.3,,OHLC,↓,LH/LL,DT,False,273,3,universe
OTIS,2026-10-01,64.48,1.52,False,68.91,-0.288,-0.76,True,89.8,0.17,89.7,True,2.36,1.42,6.3,0.9,D 趨勢弱,True,8:49,264.6,跌,311.0,33,False,3.0,-0.3246,-0.3181,-0.3246,False,False,-6.87,-2.92,68.32,-5.96,-2.53,325.9,,OHLC,↓,LH/LL,DT,False,273,3,universe
HG,2026-10-01,33.75,0.84,False,34.62,-0.023,-0.35,False,89.3,-1.26,90.5,True,2.49,1.4,46.8,4.0,C 基底修復,True,8:49,264.6,跌,144.0,18,False,3.0,-0.1136,-0.1755,-0.2103,True,True,-2.58,-1.04,36.11,-6.99,-2.8,14.1,,OHLC,↓,LH/LL,自然反彈,False,273,3,universe
TXT,2026-10-01,77.17,1.78,False,79.88,-0.251,-0.82,True,89.0,0.23,88.8,True,2.3,1.65,12.8,2.8,D 趨勢弱,True,9:44,292.2,升,12.0,1,False,3.0,0.0525,-0.0105,,False,False,-3.51,-1.52,81.0,-4.96,-2.15,153.1,,OHLC,↓,LH/LL,自然反彈,False,273,3,universe
ACT,2026-10-01,44.15,1.15,False,48.26,-0.246,-0.71,True,88.8,0.12,88.7,True,2.61,1.4,32.3,13.4,C 基底修復,True,8:49,264.6,跌,209.0,30,False,3.0,-0.5493,-0.5147,-0.5493,False,False,-9.31,-3.57,44.04,0.25,0.1,22.7,,OHLC,↓,LH/LL,自然反彈,False,273,3,universe
DGX,2026-10-01,231.09,5.52,False,239.06,-0.27,-0.13,True,88.5,0.41,88.1,True,2.39,1.67,49.4,-0.3,C 基底修復,True,6:17,188.5,跌,55.0,8,False,3.0,-1.4029,-1.315,-1.9818,False,False,-3.45,-1.44,231.14,-0.02,-0.01,270.6,,OHLC,↑,HH/HL,自然回檔,False,273,3,universe
MRTN,2026-10-01,13.08,0.34,False,13.69,-0.055,-1.07,True,88.0,0.3,87.7,True,2.57,1.6,16.6,-0.1,C 基底修復,True,9:27,283.5,升,7.0,1,False,3.0,0.0073,-0.0134,,False,False,-4.65,-1.81,14.4,-10.09,-3.92,10.5,,OHLC,↓,LH/LL,DT,False,273,3,universe
STZ,2026-10-01,112.99,2.77,False,123.98,-0.557,-0.99,True,88.0,0.2,87.8,True,2.45,1.72,1.5,-0.1,D 趨勢弱,True,8:49,264.6,跌,223.0,24,False,3.0,-0.457,-0.6103,-1.2279,True,False,-9.73,-3.97,125.0,-10.63,-4.34,276.3,,OHLC,↓,LH/LL,DT,False,273,3,universe
AMP,2026-10-01,494.82,13.75,False,533.6,-2.024,-0.86,True,87.9,0.64,87.3,True,2.78,1.41,30.9,13.0,C 基底修復,True,8:49,264.6,跌,371.0,39,False,3.0,-4.8903,-5.8523,-7.9821,True,False,-7.84,-2.82,565.08,-14.2,-5.11,359.2,,OHLC,↓,LH/LL,自然反彈,False,273,3,universe
CNQ,2026-10-01,47.79,1.19,False,49.94,-0.059,-0.07,True,87.4,0.46,87.0,True,2.48,1.8,53.1,-0.0,C 基底修復,True,8:49,264.6,跌,164.0,19,False,3.0,-0.3637,-0.4534,-0.5504,True,False,-4.5,-1.81,51.55,-7.87,-3.17,339.1,,OHLC,↓,LH/LL,DT,False,273,3,universe
RLI,2026-10-01,56.18,1.38,False,60.48,-0.354,-1.04,True,87.3,0.32,86.9,True,2.46,1.86,14.3,2.3,D 趨勢弱,True,8:49,264.6,跌,171.0,26,False,3.0,-0.3512,-0.4596,-0.6302,True,False,-7.66,-3.12,61.71,-9.84,-4.01,41.1,,OHLC,↓,LH/LL,DT,False,273,3,universe
KFY,2026-10-01,72.37,1.99,False,78.16,-0.354,-1.09,True,87.0,0.04,86.9,True,2.74,1.64,24.3,1.5,D 趨勢弱,True,8:49,264.6,跌,507.0,38,False,3.0,-0.5009,-0.6742,-1.0873,True,False,-8.0,-2.92,85.59,-18.27,-6.66,50.6,,OHLC,↓,LH/LL,DT,False,273,3,universe
VTS,2026-10-01,16.77,0.46,False,17.48,-0.005,0.08,True,86.9,0.38,86.5,True,2.73,1.66,10.1,-0.4,D 趨勢弱,True,8:30,255.0,跌,92.0,11,False,3.0,-0.1569,-0.1797,-0.2193,True,False,-4.24,-1.55,16.65,0.72,0.26,10.1,,OHLC,↑,HH/HL,自然回檔,False,273,3,universe
CSCO,2026-10-01,108.76,2.55,False,109.12,-0.093,-0.45,True,86.6,0.31,86.3,True,2.35,2.11,53.1,2.4,C 基底修復,False,10:01,300.3,升,17.0,2,False,3.0,0.137,0.0006,,False,True,-0.33,-0.14,111.5,-2.52,-1.07,1974.2,,OHLC,↓,LH/LL,自然反彈,False,273,3,universe
LSTR,2026-10-01,170.14,4.37,False,173.9,-0.672,-1.0,True,86.0,0.35,85.7,True,2.57,2.0,37.2,3.9,C 基底修復,False,10:54,326.8,升,32.0,3,False,3.0,0.5497,0.2769,,False,True,-2.21,-0.86,177.92,-4.57,-1.78,59.2,,OHLC,—,LH/LL,自然反彈,True,273,3,universe
TAP,2026-10-01,37.11,1.03,False,38.58,-0.14,-0.59,True,85.5,0.17,85.4,True,2.77,1.9,8.3,1.6,D 趨勢弱,True,8:49,264.6,跌,313.0,27,False,3.0,-0.046,-0.1478,-0.3896,True,False,-3.96,-1.43,39.27,-5.82,-2.1,213.7,,OHLC,↓,LH/LL,自然反彈,False,273,3,universe
EXPO,2026-10-01,69.9,2.03,True,67.77,0.023,-0.3,False,85.2,-1.76,86.9,True,2.9,1.84,53.6,37.2,B 上升結構,True,8:49,264.6,跌,255.0,22,False,3.0,-0.0199,-0.4084,-0.6342,True,False,3.04,1.05,69.19,1.02,0.35,38.6,,OHLC,↓,LH/LL,自然反彈,False,273,3,universe
SNDR,2026-10-01,32.31,0.93,False,33.38,-0.092,-0.74,True,84.5,0.18,84.3,True,2.88,1.99,45.8,4.9,C 基底修復,True,7:53,236.4,跌,81.0,12,False,3.0,-0.0056,-0.0706,-0.2105,True,False,-3.31,-1.15,34.75,-7.55,-2.62,22.4,,OHLC,—,LH/LL,自然反彈,True,273,3,universe
SIRI,2026-10-01,25.64,0.74,False,27.84,-0.096,-0.65,True,84.1,0.13,84.0,True,2.88,2.06,28.0,-0.4,C 基底修復,True,8:49,264.6,跌,98.0,11,False,3.0,-0.2007,-0.2234,-0.3806,True,False,-8.59,-2.98,29.13,-13.61,-4.72,119.7,,OHLC,↓,LH/LL,DT,False,273,3,universe
ROL,2026-10-01,30.57,0.94,False,33.25,-0.188,-1.38,True,83.7,0.73,82.9,True,3.06,1.98,0.0,0.0,D 趨勢弱,True,7:28,223.8,跌,74.0,12,False,3.0,-0.1305,-0.1969,-0.2713,True,False,-8.76,-2.86,35.31,-15.51,-5.07,255.0,,OHLC,↓,LH/LL,DT,False,273,3,universe
DAKT,2026-10-01,17.61,0.59,False,18.72,-0.03,-0.47,True,83.1,0.16,82.9,True,3.33,1.82,16.0,1.9,D 趨勢弱,True,9:28,284.0,升,8.0,1,False,3.0,0.0309,-0.0068,,False,False,-6.28,-1.89,17.98,-2.1,-0.63,12.0,,OHLC,—,LH/LL,自然反彈,True,273,3,universe
SAFE,2026-10-01,11.79,0.39,False,13.53,-0.181,-1.82,True,83.1,0.17,83.0,True,3.27,1.87,0.0,0.0,D 趨勢弱,True,8:49,264.6,跌,111.0,18,False,3.0,-0.1375,-0.1533,-0.1629,True,False,-14.76,-4.51,13.45,-14.08,-4.3,7.7,,OHLC,↓,LH/LL,DT,False,273,3,universe
WMG,2026-10-01,27.05,0.87,True,27.94,0.015,0.28,False,81.6,-0.74,82.3,True,3.21,2.22,14.5,-12.7,D 趨勢弱,True,8:44,262.2,跌,96.0,11,False,3.0,-0.1221,-0.1127,-0.1931,False,False,-3.3,-1.03,29.24,-8.11,-2.53,60.6,,OHLC,—,LH/LL,DT,True,273,3,universe
HTLD,2026-10-01,11.64,0.39,False,12.04,-0.047,-0.56,True,81.0,0.59,80.4,True,3.32,2.24,28.8,3.8,C 基底修復,True,9:25,282.6,升,7.0,1,False,3.0,0.0068,-0.0077,,False,False,-3.48,-1.05,12.52,-7.56,-2.28,9.2,,OHLC,—,LH/LL,自然反彈,True,273,3,universe
LYB,2026-10-01,57.78,1.95,False,62.94,-0.33,-0.54,True,81.0,0.0,81.0,True,3.38,2.16,25.4,10.4,D 趨勢弱,True,8:49,264.6,跌,196.0,26,False,3.0,-0.589,-0.6632,-0.7241,True,False,-8.93,-2.64,65.43,-13.24,-3.92,224.4,,OHLC,↓,LH/LL,DT,False,273,3,universe
POST,2026-10-01,72.83,2.21,False,79.15,-0.183,-0.41,True,80.8,0.5,80.3,True,3.04,2.55,2.1,-0.3,D 趨勢弱,True,8:49,264.6,跌,109.0,14,False,3.0,-0.2987,-0.3464,-1.535,True,False,-8.67,-2.86,74.87,-2.8,-0.92,74.0,,OHLC,↓,LH/LL,DT,False,273,3,universe
BG,2026-10-01,106.61,3.71,False,115.71,-0.496,-0.32,True,80.6,0.44,80.1,True,3.48,2.15,14.9,-4.0,D 趨勢弱,True,7:46,232.8,跌,79.0,12,False,3.0,-1.3034,-1.3833,-1.5162,True,False,-8.53,-2.45,,,,234.1,,OHLC,—,HH/HL,DT,False,273,3,universe
CYTK,2026-10-01,65.62,2.31,False,70.74,-0.3,-0.71,True,80.5,0.13,80.4,True,3.52,2.13,14.0,-1.5,D 趨勢弱,True,8:49,264.6,跌,128.0,13,False,3.0,-0.1408,-0.2284,-0.6483,True,False,-7.8,-2.22,75.35,-14.83,-4.22,141.2,,OHLC,↓,LH/LL,自然反彈,False,273,3,universe
CPRT,2026-10-01,27.29,0.89,False,30.8,-0.192,-0.73,True,80.1,0.19,79.9,True,3.25,2.47,0.0,0.0,D 趨勢弱,True,8:49,264.6,跌,185.0,21,False,3.0,-0.3323,-0.3937,-0.4891,True,False,-12.87,-3.96,31.73,-16.27,-5.01,312.5,,OHLC,↓,LH/LL,DT,False,273,3,universe
WERN,2026-10-01,34.3,1.24,False,36.72,-0.124,-0.6,True,78.6,0.7,77.9,True,3.62,2.39,31.8,4.0,C 基底修復,True,8:49,264.6,跌,122.0,13,False,3.0,-0.1177,-0.2091,-0.7322,True,False,-7.05,-1.95,38.88,-13.35,-3.68,31.1,,OHLC,↓,LH/LL,自然反彈,False,273,3,universe
JBHT,2026-10-01,227.2,7.66,False,248.69,-1.149,-1.04,True,78.2,0.69,77.5,True,3.37,2.71,22.5,4.7,D 趨勢弱,True,8:23,251.5,跌,90.0,12,False,3.0,-1.5917,-2.1517,-3.5232,True,False,-9.46,-2.81,265.47,-16.84,-5.0,303.7,,OHLC,—,LH/LL,DT,True,273,3,universe
AVPT,2026-10-01,14.08,0.5,True,13.44,0.047,0.14,True,77.9,0.29,77.6,True,3.55,2.59,60.1,-3.8,A 待突破,False,11:32,345.8,升,42.0,3,False,3.0,0.0747,0.0503,,False,False,4.58,1.29,,,,28.5,,OHLC,—,LH/LL,UT,False,273,3,universe
DNUT,2026-10-01,2.9,0.11,False,3.24,-0.024,-0.63,True,77.4,0.7,76.7,True,3.75,2.48,11.3,1.3,D 趨勢弱,True,8:49,264.6,跌,145.0,20,False,3.0,-0.0185,-0.0244,-0.0395,True,False,-11.89,-3.17,3.48,-20.0,-5.33,6.3,,OHLC,↓,LH/LL,DT,False,273,3,universe
PCVX,2026-10-01,56.05,2.23,False,59.27,-0.214,-0.26,True,77.4,0.6,76.8,True,3.98,2.26,40.9,-3.2,C 基底修復,True,8:49,264.6,跌,209.0,24,False,3.0,-0.3387,-0.3277,-0.5014,False,False,-5.74,-1.44,58.27,-3.96,-1.0,82.6,,OHLC,—,LH/LL,DT,True,273,3,universe
IMVT,2026-10-01,33.65,1.42,False,37.83,-0.369,-1.16,True,76.6,0.07,76.5,True,4.22,2.16,36.8,-0.5,D 趨勢弱,True,8:49,264.6,跌,163.0,24,False,3.0,-0.2698,-0.3437,-0.6787,True,False,-12.42,-2.94,37.65,-11.89,-2.82,56.3,,OHLC,↓,LH/LL,DT,False,273,3,universe
MTDR,2026-10-01,52.96,1.93,False,57.02,-0.163,-0.18,True,76.1,0.2,75.9,True,3.64,2.83,39.8,12.3,D 趨勢弱,True,7:36,227.9,跌,77.0,12,False,3.0,-0.7477,-0.979,-1.2182,True,False,-7.67,-2.11,50.39,4.85,1.33,104.0,,OHLC,—,HH/HL,自然反彈,False,273,3,universe
CBLL,2026-10-01,23.61,0.88,False,24.27,-0.061,0.03,False,76.0,-0.98,77.0,True,3.73,2.76,78.2,-0.2,A 待突破,True,8:49,264.6,跌,144.0,24,False,3.0,-0.1664,-0.1245,-0.249,False,True,-2.82,-0.76,24.5,-3.77,-1.01,8.5,,OHLC,—,HH/HL,DT,True,273,3,universe
CF,2026-10-01,114.54,4.6,False,128.08,-0.214,-0.18,True,76.0,0.19,75.8,True,4.02,2.48,27.1,-3.8,D 趨勢弱,True,8:49,264.6,跌,140.0,14,False,3.0,-1.9428,-2.1413,-2.5088,True,False,-11.82,-2.94,,,,329.4,,OHLC,—,HH/HL,DT,False,273,3,universe
CMG,2026-10-01,32.32,1.15,False,34.91,-0.101,-0.34,True,75.5,0.87,74.6,True,3.57,3.03,1.9,1.7,D 趨勢弱,True,8:49,264.6,跌,112.0,17,False,3.0,-0.2557,-0.3521,-0.5756,True,False,-8.02,-2.25,33.6,-3.96,-1.11,470.7,,OHLC,—,LH/LL,自然反彈,True,273,3,universe
FIVE,2026-10-01,221.17,9.45,False,241.24,-0.451,-0.26,True,75.5,0.84,74.6,True,4.27,2.32,35.1,1.8,C 基底修復,True,8:49,264.6,跌,202.0,24,False,3.0,-2.4315,-2.7162,-3.3304,True,False,-9.08,-2.12,228.0,-3.09,-0.72,288.6,,OHLC,↓,LH/LL,DT,False,273,3,universe
SCHL,2026-10-01,35.85,1.47,False,35.76,-0.132,-0.98,True,75.2,0.1,75.1,True,4.11,2.54,21.8,2.1,C 基底修復,False,11:00,330.0,升,33.0,3,False,3.0,0.2917,0.1845,,False,True,0.25,0.06,29.88,16.65,4.05,17.9,,OHLC,—,HH/HL,自然反彈,False,273,3,universe
WWW,2026-10-01,19.25,0.69,False,19.72,-0.058,-0.31,True,75.0,0.28,74.7,False,3.61,3.08,48.1,2.8,D 趨勢弱,True,8:49,264.6,跌,351.0,25,False,3.0,-0.0356,-0.05,-0.2447,True,True,-2.46,-0.68,19.87,-3.22,-0.89,13.9,,OHLC,—,LH/LL,DT,True,273,3,universe
VRNS,2026-10-01,47.45,1.92,True,45.74,0.09,0.18,True,71.8,0.36,71.5,False,4.05,3.23,53.0,-3.6,C 基底修復,False,5:46,173.1,跌,46.0,5,False,3.0,-0.1316,-0.1148,-0.787,False,True,3.61,0.89,47.29,0.34,0.08,86.7,,OHLC,—,HH/HL,次級反彈,True,273,3,universe
EPAM,2026-10-01,114.35,5.32,True,114.2,0.705,0.33,False,67.6,-1.74,69.3,False,4.65,3.45,38.3,6.3,D 趨勢弱,True,7:55,237.3,跌,82.0,12,False,3.0,-1.049,-1.6268,-1.8902,True,True,0.13,0.03,104.33,8.76,1.88,128.5,,OHLC,—,HH/HL,自然反彈,False,273,3,universe
PARR,2026-10-01,86.21,4.4,True,80.5,0.182,-0.02,True,62.9,1.99,60.9,False,5.11,3.92,70.0,-0.5,B 上升結構,True,6:05,182.6,跌,51.0,9,False,3.0,-0.0833,-0.592,-2.1783,True,False,6.62,1.3,81.7,5.23,1.02,79.1,,OHLC,↑,HH/HL,UT,False,273,3,universe
INBX,2026-10-01,97.93,7.13,True,111.04,0.093,0.16,True,51.6,0.23,51.4,False,7.29,4.26,39.2,-0.6,D 趨勢弱,True,7:51,235.7,跌,81.0,17,False,3.0,-1.6022,-1.5701,-2.8294,False,False,-13.39,-1.84,107.9,-10.18,-1.4,39.0,,OHLC,↓,LH/LL,DT,False,273,3,universe
DSU,2026-10-01,8.92,0.09,False,9.17,-0.024,-1.22,False,98.1,-0.2,98.3,True,0.97,0.52,14.9,-0.6,D 趨勢弱,True,8:49,264.6,跌,108.0,16,False,4.0,-0.0088,-0.0107,-0.0334,True,True,-2.76,-2.85,9.48,-6.28,-6.48,3.2,,OHLC,↓,LH/LL,DT,False,273,3,universe
EVV,2026-10-01,8.47,0.09,False,8.7,-0.029,-1.82,False,97.8,-0.08,97.9,True,1.09,0.51,13.1,0.5,D 趨勢弱,True,8:49,264.6,跌,244.0,22,False,4.0,-0.0114,-0.0213,-0.0417,True,True,-2.69,-2.46,9.18,-8.38,-7.67,6.4,,OHLC,↓,LH/LL,DT,False,273,3,universe
DLY,2026-10-01,13.3,0.14,False,13.47,-0.031,-1.32,False,97.7,-0.06,97.8,True,1.09,0.55,19.0,-0.2,D 趨勢弱,True,9:27,283.5,升,7.0,1,False,4.0,0.0055,-0.0073,,False,True,-1.31,-1.2,13.84,-4.06,-3.73,3.5,,OHLC,↓,LH/LL,自然反彈,False,273,3,universe
SOMN,2026-10-01,45.06,0.57,False,46.02,-0.417,-2.51,False,96.5,-0.07,96.6,True,1.27,0.78,15.5,2.2,D 趨勢弱,True,8:49,264.6,跌,156.0,15,False,4.0,-0.0341,-0.0817,-0.1806,True,True,-2.14,-1.68,48.24,-7.06,-5.54,34.2,,OHLC,↓,LH/LL,DT,False,228,3,universe
NUV,2026-10-01,8.25,0.12,False,8.43,-0.019,-1.71,False,96.3,-0.15,96.5,True,1.48,0.64,15.6,-0.2,D 趨勢弱,True,8:49,264.6,跌,173.0,21,False,4.0,-0.0127,-0.022,-0.05,True,True,-2.12,-1.44,9.0,-9.09,-6.15,10.8,,OHLC,↓,LH/LL,DT,False,273,3,universe
NXP,2026-10-01,13.32,0.21,False,13.55,-0.01,-1.28,False,96.0,-0.83,96.8,True,1.58,0.65,18.7,-1.0,D 趨勢弱,True,9:51,295.3,升,14.0,1,False,4.0,0.0016,-0.0139,,False,True,-1.71,-1.09,14.28,-7.21,-4.57,4.5,,OHLC,↓,LH/LL,自然反彈,False,273,3,universe
PTY,2026-10-01,11.01,0.18,False,11.29,-0.021,-0.78,False,95.4,-0.09,95.5,True,1.62,0.78,8.7,-0.2,D 趨勢弱,True,8:49,264.6,跌,173.0,16,False,4.0,-0.0162,-0.0324,-0.0751,True,True,-2.58,-1.6,11.47,-4.18,-2.59,21.9,,OHLC,↓,LH/LL,自然反彈,False,273,3,universe
EVRG,2026-10-01,78.79,1.21,False,80.39,-0.156,-0.78,False,95.3,-0.01,95.3,True,1.53,0.9,25.7,-0.0,D 趨勢弱,True,8:49,264.6,跌,101.0,10,False,4.0,-0.0263,-0.0936,-0.4008,True,True,-2.03,-1.33,82.63,-4.87,-3.18,190.3,,OHLC,↓,LH/LL,DT,False,273,3,universe
ARCC,2026-10-01,19.16,0.28,False,19.6,-0.034,-0.47,False,95.2,-0.01,95.2,True,1.44,1.02,27.5,1.7,D 趨勢弱,True,8:49,264.6,跌,353.0,30,False,4.0,-0.0436,-0.0512,-0.0933,True,True,-2.32,-1.61,19.48,-1.67,-1.16,94.1,,OHLC,↓,LH/LL,DT,False,273,3,universe
AEE,2026-10-01,99.64,1.57,False,103.43,-0.376,-1.3,True,95.1,0.04,95.1,True,1.57,0.91,14.4,0.3,D 趨勢弱,True,8:49,264.6,跌,122.0,16,False,4.0,-0.1345,-0.211,-0.4448,True,False,-3.81,-2.42,107.4,-7.79,-4.95,192.9,,OHLC,↓,LH/LL,DT,False,273,3,universe
INVH,2026-10-01,26.4,0.43,False,27.83,-0.087,-1.1,True,94.6,0.12,94.5,True,1.62,1.01,18.7,0.5,D 趨勢弱,True,8:49,264.6,跌,198.0,26,False,4.0,-0.0146,-0.0302,-0.2123,True,False,-5.43,-3.36,27.9,-5.68,-3.52,150.4,,OHLC,↓,LH/LL,DT,False,273,3,universe
OGE,2026-10-01,45.67,0.76,False,45.85,-0.045,-0.47,False,94.5,-0.11,94.6,True,1.66,1.0,24.2,0.1,D 趨勢弱,True,9:51,295.3,升,14.0,1,False,4.0,0.0431,-0.0102,,False,True,-0.4,-0.24,47.39,-3.77,-2.26,80.8,,OHLC,—,LH/LL,自然反彈,True,273,3,universe
AEP,2026-10-01,119.75,1.99,False,121.47,-0.202,-0.52,False,94.3,-0.1,94.4,True,1.66,1.04,19.8,0.8,D 趨勢弱,True,9:29,284.3,升,8.0,1,False,4.0,0.056,-0.069,,False,True,-1.44,-0.87,125.42,-4.73,-2.85,492.0,,OHLC,—,LH/LL,DT,True,273,3,universe
FDUS,2026-10-01,19.36,0.3,False,19.51,-0.014,-0.24,True,94.0,0.09,93.9,True,1.57,1.21,51.1,1.8,C 基底修復,False,11:43,351.5,升,45.0,3,False,4.0,0.0146,0.0057,,False,True,-0.75,-0.48,19.57,-1.08,-0.69,6.7,,OHLC,↓,LH/LL,自然反彈,False,273,3,universe
PNW,2026-10-01,94.63,1.77,False,95.29,-0.233,-0.9,False,93.9,-0.4,94.3,True,1.87,0.96,19.4,2.4,D 趨勢弱,True,9:52,296.2,升,15.0,2,False,4.0,0.1985,0.0113,,False,True,-0.69,-0.37,98.83,-4.44,-2.38,112.7,,OHLC,↓,LH/LL,自然反彈,False,273,3,universe
SWX,2026-10-01,81.76,1.53,False,85.97,-0.257,-0.94,True,93.7,0.05,93.7,True,1.88,0.99,19.1,-0.7,D 趨勢弱,True,8:49,264.6,跌,275.0,32,False,4.0,-0.2467,-0.3193,-0.5276,True,False,-5.15,-2.74,81.95,-0.23,-0.12,69.5,,OHLC,↓,LH/LL,DT,False,273,3,universe
VICI,2026-10-01,22.73,0.41,False,24.76,-0.097,-1.24,True,93.6,0.02,93.6,True,1.78,1.12,4.0,-0.6,D 趨勢弱,True,8:49,264.6,跌,303.0,25,False,4.0,-0.0957,-0.0934,-0.1406,False,False,-8.92,-5.0,25.93,-14.08,-7.89,268.3,,OHLC,↓,LH/LL,DT,False,273,3,universe
IDA,2026-10-01,131.86,2.48,False,133.67,-0.319,-0.91,False,93.4,-0.1,93.5,True,1.88,1.05,17.9,1.1,D 趨勢弱,True,9:45,292.7,升,13.0,2,False,4.0,0.2932,0.1161,,False,True,-1.37,-0.73,137.89,-4.57,-2.43,84.9,,OHLC,↓,LH/LL,自然反彈,False,273,3,universe
XEL,2026-10-01,70.55,1.32,False,74.09,-0.238,-1.05,True,93.4,0.1,93.3,True,1.86,1.08,13.4,-0.1,D 趨勢弱,True,8:49,264.6,跌,327.0,29,False,4.0,-0.0857,-0.1745,-0.4164,True,False,-5.01,-2.69,77.06,-9.23,-4.95,431.5,,OHLC,↓,LH/LL,DT,False,273,3,universe
SLRC,2026-10-01,11.67,0.2,False,12.21,-0.031,-0.93,True,93.2,0.09,93.1,True,1.74,1.26,7.3,1.3,D 趨勢弱,True,8:49,264.6,跌,236.0,18,False,4.0,-0.0237,-0.0336,-0.0526,True,False,-4.6,-2.64,11.84,-1.46,-0.84,4.6,,OHLC,↓,LH/LL,DT,False,273,3,universe
GLPI,2026-10-01,37.59,0.69,False,41.11,-0.139,-0.79,True,92.9,0.1,92.8,True,1.84,1.23,5.2,-0.8,D 趨勢弱,True,8:49,264.6,跌,230.0,25,False,4.0,-0.145,-0.1353,-0.1937,False,False,-9.36,-5.09,41.05,-9.2,-5.01,139.6,,OHLC,↓,LH/LL,DT,False,273,3,universe
HTGC,2026-10-01,16.94,0.31,False,17.41,-0.005,0.17,False,92.9,-0.03,92.9,True,1.83,1.24,47.5,1.5,C 基底修復,True,8:49,264.6,跌,128.0,17,False,4.0,-0.0919,-0.1067,-0.1265,True,True,-2.75,-1.5,17.9,-5.67,-3.09,21.9,,OHLC,—,LH/LL,自然回檔,False,273,3,universe
PEP,2026-10-01,125.6,2.31,False,135.04,-0.487,-0.82,True,92.9,0.11,92.8,True,1.84,1.22,4.8,-0.4,D 趨勢弱,True,8:49,264.6,跌,190.0,23,False,4.0,-0.5585,-0.5426,-0.9753,False,False,-7.52,-4.08,138.8,-10.51,-5.71,1246.8,,OHLC,↓,LH/LL,DT,False,273,3,universe
SUI,2026-10-01,110.0,2.07,False,117.91,-1.572,-1.24,True,92.6,0.36,92.2,True,1.88,1.27,18.7,-1.0,D 趨勢弱,True,8:49,264.6,跌,275.0,22,False,4.0,-0.2797,-0.2687,-0.9177,False,False,-7.19,-3.83,118.04,-7.31,-3.89,125.1,,OHLC,↓,LH/LL,DT,False,273,3,universe
DEA,2026-10-01,23.23,0.46,False,23.67,-0.074,-0.89,False,92.5,-0.32,92.8,True,1.96,1.2,26.3,0.5,D 趨勢弱,True,9:39,289.5,升,11.0,1,False,4.0,0.0131,-0.0144,,False,True,-1.88,-0.96,23.74,-2.2,-1.12,11.7,,OHLC,—,LH/LL,自然反彈,True,273,3,universe
SPH,2026-10-01,16.39,0.32,False,17.09,-0.061,-0.71,True,92.5,0.3,92.2,True,1.97,1.19,10.8,-0.3,D 趨勢弱,True,8:14,246.8,跌,87.0,18,False,4.0,-0.0247,-0.0266,-0.1107,True,False,-4.29,-2.18,17.24,-5.19,-2.64,3.8,,OHLC,↓,LH/LL,DT,False,273,3,universe
PRI,2026-10-01,274.72,5.36,False,288.3,-0.894,-0.92,True,92.2,0.06,92.2,True,1.95,1.28,21.8,0.2,D 趨勢弱,True,7:55,237.3,跌,82.0,9,False,4.0,-0.7115,-0.9842,-3.422,True,False,-4.94,-2.54,295.4,-7.53,-3.86,56.7,,OHLC,↓,LH/LL,DT,False,273,3,universe
SR,2026-10-01,76.44,1.68,False,80.48,-0.2,-0.56,True,91.9,0.05,91.8,True,2.19,1.12,10.5,-0.4,D 趨勢弱,True,8:49,264.6,跌,164.0,17,False,4.0,-0.3457,-0.4076,-0.5114,True,False,-5.29,-2.41,80.86,-5.78,-2.64,44.3,,OHLC,↓,LH/LL,DT,False,273,3,universe
FITB,2026-10-01,50.41,1.08,False,53.23,-0.276,-1.15,True,91.5,0.1,91.4,True,2.14,1.26,23.9,0.8,C 基底修復,True,8:20,250.0,跌,89.0,12,False,4.0,-0.2081,-0.2035,-0.4179,False,False,-5.6,-2.61,54.0,-7.12,-3.32,332.1,,OHLC,↓,LH/LL,DT,False,273,3,universe
RTX,2026-10-01,185.01,3.73,False,198.97,-1.547,-1.68,True,91.2,0.42,90.8,True,2.02,1.45,15.5,0.3,D 趨勢弱,True,8:49,264.6,跌,253.0,35,False,4.0,-0.5022,-0.5433,-2.6008,True,False,-7.54,-3.74,213.5,-15.4,-7.63,760.8,,OHLC,↓,LH/LL,DT,False,273,3,universe
ACEL,2026-10-01,10.59,0.25,False,11.42,-0.065,-1.08,True,90.9,0.15,90.8,True,2.33,1.21,13.8,-0.4,D 趨勢弱,True,8:49,264.6,跌,209.0,31,False,4.0,-0.0543,-0.047,-0.0543,False,False,-7.85,-3.37,11.88,-12.18,-5.23,3.9,,OHLC,↓,LH/LL,DT,False,273,3,universe
BBDC,2026-10-01,8.7,0.17,False,9.04,-0.023,-0.73,True,90.8,0.16,90.7,True,1.92,1.64,35.1,3.1,D 趨勢弱,True,8:49,264.6,跌,235.0,25,False,4.0,-0.0094,-0.0169,-0.1067,True,False,-3.88,-2.02,8.79,-1.03,-0.54,4.7,,OHLC,—,LH/LL,DT,True,273,3,universe
UHAL,2026-10-01,60.99,1.35,False,65.2,-0.453,-1.44,True,90.4,0.17,90.2,True,2.21,1.44,45.5,2.6,C 基底修復,True,8:49,264.6,跌,394.0,49,False,4.0,-0.0338,-0.1183,-0.8864,True,False,-6.9,-3.12,64.49,-5.74,-2.6,9.2,,OHLC,↓,LH/LL,DT,False,273,3,universe
BDX,2026-10-01,178.07,3.87,False,183.88,-0.206,-0.09,True,89.7,0.55,89.2,True,2.18,1.62,40.7,-0.5,C 基底修復,True,8:49,264.6,跌,282.0,25,False,4.0,-0.715,-0.5691,-2.3894,False,False,-3.26,-1.5,184.37,-3.54,-1.63,329.3,,OHLC,—,LH/LL,自然回檔,True,273,3,universe
PCAR,2026-10-01,109.94,2.68,False,118.72,-0.597,-1.14,True,89.5,0.13,89.4,True,2.43,1.42,13.7,1.6,D 趨勢弱,True,8:49,264.6,跌,316.0,40,False,4.0,-0.4812,-0.5839,-1.1366,True,False,-7.98,-3.28,124.7,-13.43,-5.51,413.7,,OHLC,↓,LH/LL,DT,False,273,3,universe
CGBD,2026-10-01,10.77,0.25,False,11.41,-0.02,-0.24,True,89.3,0.31,89.0,True,2.34,1.56,22.5,4.4,D 趨勢弱,True,8:49,264.6,跌,145.0,19,False,4.0,-0.0972,-0.0907,-0.0972,False,False,-5.97,-2.55,11.63,-7.99,-3.41,4.3,,OHLC,↓,LH/LL,DT,False,273,3,universe
FDX,2026-10-01,287.07,6.85,False,308.88,-1.422,-1.2,True,89.2,0.4,88.8,True,2.39,1.52,24.2,1.8,D 趨勢弱,True,8:49,264.6,跌,224.0,23,False,4.0,-1.2777,-1.7444,-3.248,True,False,-7.6,-3.18,321.02,-11.83,-4.95,511.9,,OHLC,↓,LH/LL,自然反彈,False,273,3,universe
BXP,2026-10-01,60.24,1.47,False,65.3,-0.232,-0.6,True,88.5,0.02,88.5,True,2.43,1.62,15.8,-0.7,D 趨勢弱,True,8:49,264.6,跌,251.0,22,False,4.0,-0.2394,-0.186,-0.5728,False,False,-8.4,-3.45,69.18,-14.84,-6.1,90.4,,OHLC,↓,LH/LL,DT,False,273,3,universe
UPS,2026-10-01,93.89,2.04,False,99.45,-0.298,-0.77,True,88.5,0.45,88.0,True,2.18,1.89,9.6,2.2,D 趨勢弱,True,8:49,264.6,跌,99.0,12,False,4.0,-0.2582,-0.3724,-1.0023,True,False,-5.92,-2.72,102.46,-9.13,-4.19,467.7,,OHLC,↓,LH/LL,自然反彈,False,273,3,universe
LHX,2026-10-01,238.4,5.37,False,252.51,-0.938,-1.37,True,88.4,0.39,88.0,True,2.25,1.84,5.5,1.5,D 趨勢弱,True,9:29,284.4,升,8.0,1,False,4.0,0.2623,-0.0221,,False,False,-5.92,-2.63,250.74,-5.18,-2.3,405.2,,OHLC,↓,LH/LL,DT,False,273,3,universe
WTW,2026-10-01,291.6,7.01,False,317.71,-1.308,-1.16,True,88.0,0.22,87.8,True,2.4,1.77,12.3,2.9,D 趨勢弱,True,8:49,264.6,跌,422.0,35,False,4.0,-2.2944,-2.9085,-4.663,True,False,-8.96,-3.72,323.71,-11.01,-4.58,170.0,,OHLC,↓,LH/LL,DT,False,273,3,universe
NWSA,2026-10-01,28.64,0.71,False,29.81,-0.024,-0.16,True,87.9,0.27,87.6,True,2.48,1.71,36.8,0.4,C 基底修復,True,8:49,264.6,跌,271.0,20,False,4.0,-0.1667,-0.1932,-0.2879,True,False,-4.08,-1.65,29.13,-1.71,-0.69,134.6,,OHLC,↓,LH/LL,自然反彈,False,273,3,universe
SF,2026-10-01,70.34,1.91,False,76.08,-0.412,-1.33,True,87.7,0.17,87.5,True,2.71,1.53,11.7,2.7,D 趨勢弱,True,8:49,264.6,跌,263.0,38,False,4.0,-0.5122,-0.6593,-0.9052,True,False,-8.16,-3.01,82.28,-16.97,-6.26,105.6,,OHLC,↓,LH/LL,DT,False,273,3,universe
EHC,2026-10-01,119.06,2.87,False,121.84,-0.06,0.0,False,87.6,-0.64,88.3,True,2.41,1.83,43.2,-18.2,C 基底修復,True,8:49,264.6,跌,209.0,31,False,4.0,-0.4144,-0.1796,-0.7783,False,True,-2.33,-0.97,125.28,-5.22,-2.17,105.7,,OHLC,—,LH/LL,自然回檔,False,273,3,universe
NWS,2026-10-01,31.45,0.78,False,33.39,-0.069,-0.21,True,87.5,0.02,87.5,True,2.47,1.8,32.6,-0.7,C 基底修復,True,8:49,264.6,跌,275.0,22,False,4.0,-0.1806,-0.1954,-0.3361,True,False,-6.15,-2.5,32.24,-2.51,-1.02,39.7,,OHLC,↓,LH/LL,DT,False,273,3,universe
CVS,2026-10-01,85.2,2.22,False,91.21,-0.266,-0.71,True,87.4,0.01,87.4,True,2.61,1.68,13.3,-4.6,D 趨勢弱,True,8:49,264.6,跌,105.0,11,False,4.0,-0.3027,-0.3105,-1.7679,True,False,-7.05,-2.7,89.13,-4.61,-1.77,686.8,,OHLC,↓,LH/LL,DT,False,273,3,universe
ALL,2026-10-01,224.41,5.55,False,243.56,-1.311,-1.24,True,87.1,0.24,86.9,True,2.47,1.87,13.4,2.1,D 趨勢弱,True,8:49,264.6,跌,473.0,39,False,4.0,-2.282,-2.7207,-3.4696,True,False,-8.53,-3.45,258.48,-15.18,-6.14,579.6,,OHLC,↓,LH/LL,DT,False,273,3,universe
HSTM,2026-10-01,30.36,0.75,True,29.15,0.052,0.18,True,86.8,0.11,86.7,True,2.46,1.94,73.2,1.7,A 待突破,False,10:14,306.9,升,21.0,2,False,4.0,0.0732,0.0161,,False,False,3.98,1.62,28.76,5.27,2.14,5.8,,OHLC,↑,HH/HL,UT,False,273,3,universe
MRK,2026-10-01,143.81,3.52,False,148.68,-0.255,0.29,True,86.2,0.33,85.8,True,2.45,2.1,62.1,-4.7,A 待突破,True,8:49,264.6,跌,181.0,19,False,4.0,-0.7924,-0.5716,-1.5538,False,False,-3.39,-1.38,152.8,-6.25,-2.55,1424.6,,OHLC,↓,LH/LL,DT,False,273,3,universe
PBI,2026-10-01,16.61,0.49,False,16.88,-0.02,-0.06,False,85.9,-0.33,86.2,True,2.95,1.65,55.4,3.1,C 基底修復,True,7:45,232.4,跌,79.0,9,False,4.0,-0.0413,-0.071,-0.2328,True,True,-1.6,-0.54,16.86,-1.51,-0.51,30.2,,OHLC,↓,LH/LL,自然反彈,False,273,3,universe
OTF,2026-10-01,9.75,0.26,False,10.87,-0.045,-0.81,True,85.5,0.34,85.1,True,2.69,1.99,10.0,0.0,D 趨勢弱,True,8:49,264.6,跌,249.0,19,False,4.0,-0.0933,-0.0836,-0.1182,False,False,-11.47,-4.26,10.86,-11.38,-4.23,22.0,,OHLC,↓,LH/LL,DT,False,273,3,universe
DEI,2026-10-01,9.71,0.3,False,10.55,-0.066,-1.31,True,85.3,0.27,85.0,True,3.12,1.6,6.1,0.8,D 趨勢弱,True,8:49,264.6,跌,207.0,22,False,4.0,-0.0372,-0.0584,-0.1167,True,False,-8.69,-2.78,10.53,-8.44,-2.7,23.2,,OHLC,↓,LH/LL,DT,False,273,3,universe
BRO,2026-10-01,61.77,1.72,False,66.67,-0.341,-0.98,True,85.0,0.41,84.6,True,2.78,2.0,5.7,0.7,D 趨勢弱,True,8:49,264.6,跌,274.0,25,False,4.0,-0.307,-0.4952,-0.9092,True,False,-7.93,-2.85,68.33,-10.62,-3.82,148.0,,OHLC,↓,LH/LL,自然反彈,False,273,3,universe
AJG,2026-10-01,231.82,6.37,False,247.9,-1.351,-0.73,True,84.9,0.24,84.7,True,2.75,2.04,9.9,1.8,D 趨勢弱,True,8:49,264.6,跌,149.0,22,False,4.0,-0.9553,-1.5268,-3.2277,True,False,-6.94,-2.53,253.3,-9.27,-3.37,353.8,,OHLC,↓,LH/LL,自然反彈,False,273,3,universe
AON,2026-10-01,275.95,7.7,False,304.51,-1.468,-1.17,True,84.8,0.38,84.4,True,2.79,2.03,0.0,-1.1,D 趨勢弱,True,8:49,264.6,跌,525.0,44,False,4.0,-0.4928,-1.0287,-4.3365,True,False,-10.35,-3.71,311.54,-12.9,-4.62,661.5,,OHLC,↓,LH/LL,DT,False,273,3,universe
ZBH,2026-10-01,88.06,2.6,False,95.24,-0.418,-0.62,True,84.8,0.33,84.4,True,2.95,1.88,14.4,-0.6,D 趨勢弱,True,8:49,264.6,跌,263.0,27,False,4.0,-0.6509,-0.6035,-1.1287,False,False,-8.15,-2.77,91.62,-4.04,-1.37,203.1,,OHLC,↓,LH/LL,DT,False,273,3,universe
TFX,2026-10-01,126.11,3.9,False,130.47,-0.255,-0.51,True,84.6,0.75,83.9,True,3.09,1.75,29.6,2.5,D 趨勢弱,True,9:27,283.7,升,8.0,1,False,4.0,0.0565,-0.1577,,False,False,-3.46,-1.12,128.62,-1.99,-0.64,107.4,,OHLC,↓,LH/LL,自然反彈,False,273,3,universe
CALY,2026-10-01,14.32,0.42,False,15.07,-0.052,-0.81,True,84.5,0.11,84.4,True,2.9,1.97,23.0,3.2,C 基底修復,True,9:46,293.2,升,13.0,1,False,4.0,0.0054,-0.0142,,False,False,-5.27,-1.82,15.77,-10.13,-3.49,32.0,,OHLC,↓,LH/LL,DT,False,273,3,universe
MGA,2026-10-01,64.46,1.73,False,65.56,-0.163,-0.47,True,84.4,0.51,83.8,True,2.69,2.21,58.1,2.3,C 基底修復,False,10:58,328.8,升,33.0,4,False,4.0,0.1497,0.1057,,False,True,-1.71,-0.64,64.82,-0.56,-0.21,72.5,,OHLC,—,LH/LL,自然回檔,True,273,3,universe
ICFI,2026-10-01,84.97,2.3,False,86.62,-0.141,-0.42,False,84.0,-0.27,84.3,True,2.7,2.27,44.1,4.0,C 基底修復,True,8:49,264.6,跌,372.0,33,False,4.0,-0.2811,-0.4765,-0.8189,True,True,-1.94,-0.72,90.01,-5.93,-2.2,16.4,,OHLC,—,LH/LL,自然反彈,True,273,3,universe
TSCO,2026-10-01,31.73,1.0,False,33.55,-0.143,-0.68,True,84.0,0.09,83.9,True,3.16,1.82,6.4,1.8,D 趨勢弱,True,8:49,264.6,跌,263.0,27,False,4.0,-0.1587,-0.2015,-0.3583,True,False,-5.74,-1.82,32.27,-1.7,-0.54,313.0,,OHLC,↓,LH/LL,DT,False,273,3,universe
FNF,2026-10-01,39.11,1.21,False,43.57,-0.347,-1.27,True,83.4,0.03,83.4,True,3.09,2.0,0.0,0.0,D 趨勢弱,True,8:49,264.6,跌,319.0,42,False,4.0,-0.2298,-0.2136,-0.6249,False,False,-11.41,-3.7,47.28,-20.89,-6.77,130.5,,OHLC,↓,LH/LL,DT,False,273,3,universe
CLX,2026-10-01,80.65,2.5,False,90.9,-0.836,-1.45,True,83.2,0.47,82.7,True,3.1,2.03,0.0,0.0,D 趨勢弱,True,8:49,264.6,跌,270.0,29,False,4.0,-0.1114,-0.1754,-1.8261,True,False,-12.71,-4.1,83.8,-3.91,-1.26,274.5,,OHLC,↓,LH/LL,DT,False,273,3,universe
FCN,2026-10-01,141.72,4.71,False,143.55,-0.486,-0.83,False,83.0,-1.35,84.4,True,3.32,1.84,9.1,4.8,D 趨勢弱,True,8:49,264.6,跌,156.0,16,False,4.0,-0.0757,-0.8546,-1.773,True,True,-1.29,-0.39,152.94,-7.92,-2.38,71.2,,OHLC,↓,LH/LL,自然反彈,False,273,3,universe
POOL,2026-10-01,160.67,4.85,False,173.68,-0.869,-0.93,True,82.9,0.2,82.7,True,3.02,2.16,2.9,1.1,D 趨勢弱,True,8:49,264.6,跌,241.0,33,False,4.0,-0.0652,-0.1056,-1.4671,True,False,-8.1,-2.68,195.99,-21.98,-7.29,145.1,,OHLC,↓,LH/LL,DT,False,273,3,universe
BWA,2026-10-01,60.38,1.94,False,63.27,-0.234,-0.7,True,82.0,0.4,81.6,True,3.22,2.13,37.9,1.5,C 基底修復,True,8:49,264.6,跌,107.0,14,False,4.0,-0.2096,-0.2636,-0.5759,True,False,-4.78,-1.49,62.12,-2.88,-0.9,150.1,,OHLC,↓,LH/LL,自然反彈,False,273,3,universe
HIFS,2026-10-01,283.85,9.83,False,299.34,-0.679,-0.32,True,82.0,0.65,81.3,True,3.46,1.9,26.3,1.5,D 趨勢弱,True,6:44,201.8,跌,62.0,8,False,4.0,-2.5375,-2.3229,-2.5375,False,False,-5.46,-1.58,303.0,-6.75,-1.95,11.9,,OHLC,↓,LH/LL,DT,False,273,3,universe
EVR,2026-10-01,259.0,8.31,False,276.33,-1.221,-0.95,True,81.6,0.42,81.2,True,3.21,2.23,5.5,0.6,D 趨勢弱,True,9:56,298.2,升,16.0,2,False,4.0,0.3393,0.0684,,False,False,-6.69,-2.09,262.91,-1.51,-0.47,132.2,,OHLC,↓,LH/LL,自然回檔,False,273,3,universe
FCFS,2026-10-01,208.15,6.28,False,221.47,-0.26,-0.04,True,81.5,0.2,81.3,True,3.02,2.44,54.4,-3.8,C 基底修復,True,8:49,264.6,跌,125.0,13,False,4.0,-1.491,-1.2581,-1.491,False,False,-6.4,-2.12,220.87,-6.11,-2.03,82.2,,OHLC,↓,LH/LL,DT,False,273,3,universe
ANGO,2026-10-01,15.12,0.51,False,15.47,-0.029,-0.14,False,81.4,-0.41,81.8,True,3.34,2.12,50.4,-18.5,C 基底修復,True,8:49,264.6,跌,558.0,30,False,4.0,-0.0462,-0.0259,-0.1622,False,True,-2.32,-0.69,15.6,-3.17,-0.95,8.1,,OHLC,—,LH/LL,DT,True,273,3,universe
GVA,2026-10-01,116.85,3.34,False,117.36,-0.276,-0.6,True,81.4,0.43,80.9,True,2.86,2.62,14.7,3.0,D 趨勢弱,False,11:16,337.8,升,38.0,4,False,4.0,0.5436,0.4275,,False,True,-0.43,-0.15,118.92,-1.77,-0.62,68.4,,OHLC,—,LH/LL,自然反彈,True,273,3,universe
LPLA,2026-10-01,312.15,11.3,False,335.16,-1.682,-0.9,True,80.9,0.02,80.9,True,3.62,1.95,11.5,4.5,D 趨勢弱,True,8:49,264.6,跌,264.0,32,False,4.0,-2.0045,-2.9226,-5.7578,True,False,-7.37,-2.04,314.36,-0.71,-0.2,250.5,,OHLC,↓,LH/LL,自然反彈,False,273,3,universe
BFH,2026-10-01,96.94,3.56,False,105.11,-0.523,-0.44,True,80.8,1.33,79.5,True,3.67,1.92,50.0,1.8,C 基底修復,True,7:03,211.3,跌,67.0,8,False,4.0,-1.0045,-0.9337,-1.0195,False,False,-8.43,-2.29,102.91,-6.16,-1.68,64.6,,OHLC,↓,LH/LL,DT,False,273,3,universe
INFY,2026-10-01,11.35,0.36,False,11.32,-0.016,-0.6,False,80.5,-2.28,82.8,True,3.14,2.5,19.6,5.4,D 趨勢弱,True,9:24,281.8,升,7.0,1,False,4.0,0.0352,-0.0214,,False,True,0.26,0.08,11.6,-2.2,-0.7,189.9,,OHLC,↓,LH/LL,自然反彈,False,273,3,universe
OSK,2026-10-01,130.82,4.6,False,144.27,-0.749,-0.76,True,80.2,0.3,79.9,True,3.52,2.19,8.7,3.7,D 趨勢弱,True,8:49,264.6,跌,218.0,24,False,4.0,-1.3201,-1.5795,-1.9235,True,False,-10.28,-2.92,132.79,-1.51,-0.43,90.8,,OHLC,↓,LH/LL,DT,False,273,3,universe
BRSL,2026-10-01,9.89,0.33,False,10.66,-0.061,-0.92,True,80.1,0.16,80.0,True,3.36,2.35,3.5,-0.1,D 趨勢弱,True,8:49,264.6,跌,383.0,23,False,4.0,-0.0462,-0.0574,-0.1209,True,False,-7.79,-2.32,10.42,-5.36,-1.59,25.6,,OHLC,↓,LH/LL,自然反彈,False,273,3,universe
WRLD,2026-10-01,171.63,5.43,False,183.26,-0.444,-0.54,True,79.7,0.11,79.6,True,3.16,2.63,45.6,1.5,C 基底修復,True,8:49,264.6,跌,121.0,13,False,4.0,-0.8883,-1.1589,-2.097,True,False,-6.77,-2.14,174.0,-1.38,-0.44,11.3,,OHLC,↓,LH/LL,DT,False,273,3,universe
XPEL,2026-10-01,44.56,1.54,False,47.16,-0.196,-0.78,True,79.6,2.43,77.1,True,3.45,2.37,24.6,3.3,C 基底修復,True,8:49,264.6,跌,141.0,24,False,4.0,-0.1652,-0.2747,-0.722,True,False,-5.84,-1.69,46.29,-3.88,-1.13,9.1,,OHLC,↓,LH/LL,自然反彈,False,273,3,universe
MDGL,2026-10-01,499.71,16.71,False,526.49,-1.073,-0.09,True,79.3,0.45,78.8,True,3.34,2.53,28.4,-1.5,C 基底修復,True,7:58,238.9,跌,83.0,13,False,4.0,-3.2278,-2.9564,-5.9155,False,False,-5.36,-1.6,534.4,-6.94,-2.08,119.8,,OHLC,↓,LH/LL,DT,False,273,3,universe
TPG,2026-10-01,44.73,1.62,False,48.66,-0.294,-1.04,True,78.6,0.09,78.5,True,3.63,2.38,18.3,1.5,D 趨勢弱,True,8:49,264.6,跌,263.0,26,False,4.0,-0.2914,-0.4375,-1.0018,True,False,-8.79,-2.42,47.98,-7.27,-2.0,123.6,,OHLC,↓,LH/LL,自然反彈,False,273,3,universe
PRMB,2026-10-01,19.05,0.71,False,21.39,-0.124,-0.99,True,78.5,1.02,77.5,True,3.71,2.32,20.2,-0.0,D 趨勢弱,True,8:49,264.6,跌,320.0,30,False,4.0,-0.0705,-0.087,-0.2353,True,False,-12.29,-3.31,21.15,-11.02,-2.97,86.6,,OHLC,↓,LH/LL,DT,False,273,3,universe
PIPR,2026-10-01,65.78,2.59,False,72.19,-0.4,-0.92,True,77.9,0.12,77.7,True,3.94,2.2,3.3,0.4,D 趨勢弱,True,8:49,264.6,跌,102.0,13,False,4.0,-0.8522,-0.8087,-0.8522,False,False,-9.75,-2.47,74.7,-13.56,-3.44,59.4,,OHLC,↓,LH/LL,DT,False,273,3,universe
OLED,2026-10-01,77.39,2.78,False,80.78,-0.244,-0.55,True,77.8,0.48,77.3,True,3.6,2.56,18.9,1.3,D 趨勢弱,True,9:27,283.7,升,8.0,1,False,4.0,0.1107,-0.0216,,False,False,-4.39,-1.22,77.39,0.0,0.0,59.6,,OHLC,—,LH/LL,次級反彈,True,273,3,universe
ERIE,2026-10-01,222.11,7.26,False,248.87,-0.818,-0.41,True,77.1,0.69,76.4,True,3.27,3.02,11.7,1.0,D 趨勢弱,True,8:49,264.6,跌,335.0,26,False,4.0,-2.0618,-2.5625,-3.3917,True,False,-12.05,-3.68,242.04,-8.97,-2.74,46.2,,OHLC,↓,LH/LL,DT,False,273,3,universe
CGNX,2026-10-01,62.22,2.09,False,60.44,-0.021,-0.39,True,77.0,0.5,76.5,True,3.37,2.95,66.9,9.1,C 基底修復,False,10:49,324.3,升,30.0,2,False,4.0,0.2291,0.0384,,False,True,2.86,0.85,61.99,0.37,0.11,91.9,,OHLC,↓,LH/LL,自然反彈,False,273,3,universe
ABNB,2026-10-01,160.47,5.38,False,171.27,-0.85,-0.74,True,76.9,0.6,76.3,True,3.35,2.97,37.3,0.5,D 趨勢弱,True,8:49,264.6,跌,165.0,25,False,4.0,-0.7511,-1.2338,-3.4493,True,False,-6.73,-2.01,169.6,-5.69,-1.7,832.4,,OHLC,↓,LH/LL,自然反彈,False,273,3,universe
EE,2026-10-01,32.11,1.32,False,37.06,-0.173,-0.38,True,76.6,0.76,75.8,True,4.12,2.27,7.7,-0.2,D 趨勢弱,True,8:49,264.6,跌,135.0,16,False,4.0,-0.45,-0.51,-0.5866,True,False,-15.4,-3.74,36.04,-12.24,-2.97,16.5,,OHLC,↓,LH/LL,DT,False,273,3,universe
FTDR,2026-10-01,75.45,2.6,False,78.52,-0.264,-0.73,True,76.5,0.66,75.9,True,3.45,2.94,43.6,6.3,C 基底修復,True,8:49,264.6,跌,158.0,31,False,4.0,-0.4889,-0.75,-0.9967,True,False,-4.07,-1.18,82.71,-9.62,-2.79,47.3,,OHLC,↓,LH/LL,自然反彈,False,273,3,universe
AA,2026-10-01,42.06,1.65,False,47.47,-0.431,-0.82,True,75.1,0.62,74.5,True,3.93,2.73,2.8,0.4,D 趨勢弱,True,8:49,264.6,跌,127.0,16,False,4.0,-0.3793,-0.4632,-0.6209,True,False,-12.86,-3.27,51.28,-21.92,-5.57,173.5,,OHLC,↓,LH/LL,DT,False,273,3,universe
UPWK,2026-10-01,8.34,0.3,False,8.58,-0.014,-0.17,True,74.3,0.74,73.6,False,3.6,3.22,15.8,0.4,D 趨勢弱,True,8:49,264.6,跌,180.0,18,False,4.0,-0.0066,-0.0277,-0.1554,True,True,-2.84,-0.79,8.72,-4.56,-1.27,22.6,,OHLC,↓,LH/LL,自然反彈,False,273,3,universe
CSTL,2026-10-01,35.26,1.57,True,34.43,0.199,0.6,False,70.3,-0.42,70.7,False,4.45,3.12,57.4,0.6,B 上升結構,True,6:24,191.8,跌,57.0,8,False,4.0,-0.1406,-0.1149,-0.4239,False,True,2.33,0.52,34.85,1.15,0.26,12.6,,OHLC,—,HH/HL,自然回檔,True,273,3,universe
IT,2026-10-01,192.8,8.74,True,188.47,0.208,0.17,False,63.7,-0.93,64.6,False,4.53,4.35,58.4,5.7,C 基底修復,True,9:21,280.4,升,6.0,1,False,4.0,0.0614,-0.4795,,False,True,2.24,0.5,176.04,8.69,1.92,201.5,,OHLC,—,HH/HL,自然反彈,False,273,3,universe
XNCR,2026-10-01,24.77,1.26,False,25.87,-0.079,-0.01,True,61.3,0.5,60.8,False,5.08,4.29,59.5,-3.1,B 上升結構,True,8:49,264.6,跌,209.0,23,False,4.0,-0.1026,-0.1176,-0.7225,True,True,-4.46,-0.88,25.6,-3.35,-0.66,35.6,,OHLC,—,LH/LL,DT,True,273,3,universe
NUTX,2026-10-01,212.31,10.56,True,200.74,0.566,0.41,True,59.9,0.4,59.5,False,4.97,4.68,64.5,-0.9,E 延伸,True,6:50,205.2,跌,64.0,8,False,4.0,-0.7208,-0.6743,-1.1474,False,False,5.45,1.1,201.48,5.1,1.03,32.1,,OHLC,—,HH/HL,次級回檔,True,273,3,universe
HTFL,2026-10-01,48.91,2.31,True,49.2,0.176,1.1,False,59.6,-0.16,59.7,False,4.72,5.01,74.3,-2.6,A 待突破,True,8:49,264.6,跌,134.0,19,False,4.0,-0.5582,-0.531,-0.9079,False,True,-0.59,-0.12,47.39,3.11,0.66,95.8,,OHLC,—,HH/HL,次級回檔,True,273,3,universe
NATL,2026-10-01,45.03,0.59,False,45.93,-0.041,-0.42,True,96.4,0.04,96.4,True,1.3,0.79,45.5,-1.6,C 基底修復,False,5:01,150.6,跌,34.0,4,False,5.0,-0.0898,-0.0656,-0.1934,False,True,-2.0,-1.53,46.45,-3.15,-2.42,37.5,,OHLC,—,LH/LL,自然回檔,False,273,3,universe
ATO,2026-10-01,156.38,2.21,False,162.96,-0.514,-1.12,True,95.8,0.01,95.8,True,1.41,0.88,12.0,-0.9,D 趨勢弱,True,8:49,264.6,跌,101.0,16,False,5.0,-0.13,-0.2104,-1.0166,True,False,-4.2,-2.97,169.58,-8.44,-5.97,167.6,,OHLC,↓,LH/LL,DT,False,273,3,universe
PDI,2026-10-01,14.15,0.24,False,14.62,-0.047,-1.08,True,94.4,0.1,94.3,True,1.7,1.0,8.4,1.0,D 趨勢弱,True,9:28,284.1,升,8.0,1,False,5.0,0.0154,-0.007,,False,False,-3.29,-1.94,14.62,-3.32,-1.96,64.1,,OHLC,↓,LH/LL,自然反彈,False,273,3,universe
CSWC,2026-10-01,23.3,0.4,False,24.2,-0.038,-0.61,True,94.1,0.03,94.0,True,1.73,1.04,24.9,3.7,D 趨勢弱,True,8:49,264.6,跌,183.0,22,False,5.0,-0.0353,-0.0638,-0.1691,True,False,-3.88,-2.24,23.6,-1.29,-0.74,14.4,,OHLC,↓,LH/LL,DT,False,273,3,universe
V,2026-10-01,359.85,5.82,False,371.55,-0.159,0.15,True,94.0,0.06,94.0,True,1.62,1.16,42.4,2.2,C 基底修復,True,8:49,264.6,跌,295.0,21,False,5.0,-1.3142,-1.2135,-1.8904,False,False,-3.25,-2.01,370.5,-2.96,-1.83,2253.5,,OHLC,↓,LH/LL,DT,False,273,3,universe
BOKF,2026-10-01,126.44,2.38,False,134.12,-0.633,-1.0,True,93.6,0.21,93.4,True,1.88,1.01,22.9,1.8,C 基底修復,True,8:49,264.6,跌,291.0,32,False,5.0,-0.4997,-0.4463,-1.1084,False,False,-6.07,-3.23,137.35,-8.63,-4.59,38.4,,OHLC,↓,LH/LL,DT,False,273,3,universe
IBCP,2026-10-01,35.57,0.64,False,36.4,-0.08,-0.81,False,93.1,-0.13,93.2,True,1.79,1.24,41.4,2.6,C 基底修復,True,8:49,264.6,跌,119.0,12,False,5.0,-0.0721,-0.1033,-0.2665,True,True,-2.33,-1.3,36.11,-1.52,-0.85,7.0,,OHLC,—,HH/HL,DT,False,273,3,universe
SYY,2026-10-01,77.77,1.56,False,80.14,-0.133,-0.44,True,92.2,0.13,92.1,True,2.01,1.22,22.5,-1.9,D 趨勢弱,True,7:35,227.6,跌,76.0,13,False,5.0,-0.0791,-0.0935,-0.4065,True,False,-3.05,-1.52,79.3,-1.97,-0.98,387.0,,OHLC,—,LH/LL,DT,True,273,3,universe
OXLC,2026-10-01,9.0,0.18,False,9.29,-0.015,-0.69,True,92.0,0.09,92.0,True,2.0,1.27,8.8,1.1,D 趨勢弱,True,8:49,264.6,跌,123.0,18,False,5.0,-0.0257,-0.0361,-0.0945,True,False,-3.21,-1.6,9.19,-2.11,-1.05,8.2,,OHLC,—,LH/LL,自然反彈,True,273,3,universe
AXP,2026-10-01,302.09,5.93,False,318.27,-1.359,-0.97,True,91.6,0.06,91.5,True,1.96,1.42,10.3,0.7,D 趨勢弱,True,8:49,264.6,跌,357.0,53,False,5.0,-0.4701,-0.528,-1.8631,True,False,-5.36,-2.73,308.89,-2.25,-1.15,1032.1,,OHLC,↓,LH/LL,自然回檔,False,273,3,universe
VMRK,2026-10-01,60.17,1.24,False,64.19,-0.107,-0.39,True,91.3,0.13,91.2,True,2.07,1.38,18.8,-1.9,D 趨勢弱,True,8:49,264.6,跌,98.0,12,False,5.0,-0.1956,-0.1891,-0.4076,False,False,-6.68,-3.23,62.58,-4.01,-1.94,394.9,,OHLC,↓,LH/LL,DT,False,255,3,universe
KRC,2026-10-01,33.3,0.72,False,35.16,-0.114,-0.64,True,91.1,0.13,91.0,True,2.18,1.32,16.6,0.5,C 基底修復,True,8:49,264.6,跌,200.0,17,False,5.0,-0.0499,-0.0451,-0.408,False,False,-5.57,-2.56,37.2,-11.71,-5.38,50.7,,OHLC,↓,LH/LL,DT,False,273,3,universe
PEBO,2026-10-01,36.89,0.84,False,38.81,-0.222,-1.11,True,90.9,0.0,90.8,True,2.27,1.28,41.2,1.8,C 基底修復,True,8:30,255.0,跌,92.0,11,False,5.0,-0.2409,-0.1838,-0.3162,False,False,-5.21,-2.3,39.22,-6.32,-2.79,14.0,,OHLC,↓,LH/LL,DT,False,273,3,universe
AMAL,2026-10-01,47.84,1.1,False,47.83,-0.066,-0.42,False,90.8,-0.2,91.0,True,2.29,1.26,57.2,0.5,C 基底修復,True,9:47,293.6,升,13.0,2,False,5.0,0.0605,0.0137,,False,True,0.03,0.01,48.02,-0.38,-0.16,14.8,,OHLC,—,LH/LL,自然反彈,True,273,3,universe
FBNC,2026-10-01,61.57,1.4,False,63.36,-0.139,-0.38,False,90.7,-0.11,90.8,True,2.28,1.3,48.0,3.2,C 基底修復,True,8:49,264.6,跌,106.0,13,False,5.0,-0.1887,-0.1772,-0.3558,False,True,-2.9,-1.27,63.97,-3.9,-1.71,15.3,,OHLC,—,LH/LL,自然回檔,False,273,3,universe
RJF,2026-10-01,159.76,3.73,False,169.16,-0.55,-0.67,True,90.3,0.19,90.1,True,2.34,1.34,22.3,4.4,D 趨勢弱,True,8:49,264.6,跌,341.0,35,False,5.0,-0.584,-0.8298,-1.8004,True,False,-5.88,-2.52,161.76,-1.25,-0.54,217.4,,OHLC,↓,LH/LL,DT,False,273,3,universe
PRK,2026-10-01,179.16,3.86,False,188.85,-0.684,-0.88,True,89.7,0.24,89.5,True,2.15,1.65,32.2,2.4,C 基底修復,True,8:49,264.6,跌,411.0,38,False,5.0,-0.1452,-0.2435,-1.9862,True,False,-5.41,-2.51,195.64,-9.2,-4.27,20.3,,OHLC,—,LH/LL,DT,True,273,3,universe
ALLY,2026-10-01,37.65,0.93,False,40.79,-0.241,-1.08,True,89.4,0.03,89.4,True,2.47,1.39,7.8,0.9,D 趨勢弱,True,8:46,262.8,跌,96.0,15,False,5.0,-0.2169,-0.2491,-0.3044,True,False,-8.33,-3.37,43.73,-16.15,-6.53,149.4,,OHLC,↓,LH/LL,DT,False,273,3,universe
BRBS,2026-10-01,3.87,0.09,False,3.95,-0.003,-0.15,False,89.4,-0.06,89.5,True,2.28,1.59,38.7,0.8,C 基底修復,True,8:49,264.6,跌,142.0,13,False,5.0,-0.0224,-0.0269,-0.0337,True,True,-2.19,-0.96,3.8,1.94,0.85,5.5,,OHLC,—,HH/HL,DT,True,273,3,universe
CENT,2026-10-01,39.2,0.92,False,41.79,-0.243,-0.82,True,89.4,0.04,89.3,True,2.34,1.53,47.1,3.5,C 基底修復,True,9:36,288.2,升,10.0,1,False,5.0,0.0004,-0.0195,,False,False,-6.61,-2.82,40.62,-3.62,-1.55,3.3,,OHLC,↓,LH/LL,DT,False,273,3,universe
CAH,2026-10-01,230.09,5.66,False,230.97,-0.105,-0.34,False,89.1,-1.14,90.2,True,2.46,1.48,48.0,4.0,C 基底修復,True,8:49,264.6,跌,149.0,16,False,5.0,-0.2577,-0.9944,-2.1365,True,True,-0.38,-0.16,228.46,0.71,0.29,426.2,,OHLC,—,HH/HL,自然反彈,False,273,3,universe
LH,2026-10-01,304.6,7.23,False,320.54,-0.526,-0.3,True,89.1,0.19,88.9,True,2.37,1.56,34.8,-1.3,C 基底修復,True,8:49,264.6,跌,357.0,25,False,5.0,-1.6737,-1.6781,-4.2,True,False,-5.23,-2.21,327.95,-7.67,-3.23,260.8,,OHLC,—,LH/LL,自然回檔,False,273,3,universe
CENTA,2026-10-01,33.79,0.86,False,35.64,-0.148,-0.76,True,88.7,0.16,88.5,True,2.55,1.48,20.2,3.6,C 基底修復,True,9:53,296.7,升,15.0,1,False,5.0,0.0108,-0.0038,,False,False,-5.48,-2.15,35.02,-3.64,-1.43,10.4,,OHLC,—,LH/LL,DT,True,273,3,universe
SFD,2026-10-01,18.58,0.44,False,20.52,-0.128,-1.24,True,88.6,0.21,88.4,True,2.39,1.65,0.1,-0.4,D 趨勢弱,True,9:52,295.9,升,14.0,2,False,5.0,0.0043,0.0024,,False,False,-10.43,-4.36,22.4,-20.56,-8.6,44.5,,OHLC,↓,LH/LL,DT,False,273,3,universe
FCNCA,2026-10-01,2073.5,50.29,False,2133.87,-4.602,-0.48,False,88.5,-0.07,88.6,True,2.43,1.64,39.6,12.2,C 基底修復,True,8:49,264.6,跌,184.0,32,False,5.0,-3.6028,-5.0213,-14.4289,True,True,-2.91,-1.2,2112.42,-1.88,-0.77,141.1,,OHLC,—,LH/LL,UT,True,273,3,universe
BYD,2026-10-01,66.07,1.77,False,74.85,-0.525,-1.38,True,88.4,0.08,88.3,True,2.68,1.4,1.5,0.7,D 趨勢弱,True,7:59,239.4,跌,83.0,11,False,5.0,-0.5707,-0.5422,-0.7046,False,False,-13.29,-4.95,77.15,-16.77,-6.25,79.9,,OHLC,↓,LH/LL,DT,False,273,3,universe
RS,2026-10-01,393.04,10.1,False,390.24,-0.95,-0.46,False,87.6,-0.06,87.7,True,2.57,1.68,63.9,1.0,C 基底修復,True,9:28,283.8,升,8.0,1,False,5.0,0.3829,-0.1036,,False,True,0.71,0.28,381.79,2.86,1.11,109.1,,OHLC,—,HH/HL,自然反彈,False,273,3,universe
VNOM,2026-10-01,40.69,1.02,False,43.08,-0.141,-0.45,True,86.9,0.43,86.5,True,2.51,1.88,8.2,1.8,D 趨勢弱,True,8:20,250.0,跌,89.0,12,False,5.0,-0.316,-0.4045,-0.5097,True,False,-5.88,-2.34,41.64,-2.33,-0.93,83.1,,OHLC,↓,LH/LL,自然反彈,False,273,3,universe
SYF,2026-10-01,71.51,1.96,False,76.23,-0.288,-0.67,True,86.6,2.19,84.4,True,2.75,1.71,17.8,1.8,D 趨勢弱,True,8:49,264.6,跌,250.0,30,False,5.0,-0.3178,-0.4029,-0.6659,True,False,-6.6,-2.4,72.94,-2.0,-0.73,216.1,,OHLC,↓,LH/LL,自然回檔,False,273,3,universe
MNR,2026-10-01,10.29,0.29,False,11.27,-0.033,-0.75,True,86.1,0.73,85.4,True,2.78,1.78,0.0,0.0,D 趨勢弱,True,8:49,264.6,跌,105.0,13,False,5.0,-0.0739,-0.1,-0.1697,True,False,-9.49,-3.41,11.13,-8.16,-2.93,15.0,,OHLC,↓,LH/LL,DT,False,273,3,universe
FSK,2026-10-01,11.11,0.28,False,11.74,-0.048,-0.75,True,85.8,0.08,85.7,True,2.55,2.06,17.5,2.4,D 趨勢弱,True,8:49,264.6,跌,387.0,30,False,5.0,-0.0728,-0.0887,-0.1308,True,False,-5.65,-2.21,11.26,-1.4,-0.55,20.4,,OHLC,↓,LH/LL,DT,False,273,3,universe
MBIN,2026-10-01,49.52,1.37,False,52.36,-0.146,-0.39,True,85.5,0.04,85.5,True,2.77,1.9,47.0,3.1,C 基底修復,True,8:49,264.6,跌,352.0,33,False,5.0,-0.352,-0.3433,-0.4611,False,False,-5.73,-2.07,,,,12.0,,OHLC,—,HH/HL,DT,False,273,3,universe
CFFI,2026-10-01,96.85,2.83,True,92.9,0.1,0.26,False,84.7,-0.32,85.1,True,2.93,1.9,68.7,5.6,A 待突破,True,9:58,299.1,升,16.0,2,False,5.0,0.0813,0.0879,,False,False,4.08,1.39,92.21,4.79,1.64,6.9,,OHLC,↑,HH/HL,自然回檔,False,273,3,universe
BJ,2026-10-01,94.36,2.79,True,92.91,0.053,0.06,False,84.4,-0.13,84.6,True,2.96,1.93,47.1,19.8,C 基底修復,False,12:02,1.1,升,51.0,5,False,5.0,0.2689,0.2531,,False,True,1.54,0.52,92.0,2.5,0.85,164.6,,OHLC,↑,HH/HL,自然反彈,False,273,3,universe
BRSP,2026-10-01,3.83,0.13,False,4.34,-0.035,-1.28,True,83.4,0.22,83.2,True,3.32,1.77,0.0,0.0,D 趨勢弱,True,8:49,264.6,跌,253.0,24,False,5.0,-0.0232,-0.0209,-0.0355,False,False,-13.19,-3.97,4.28,-11.75,-3.54,7.9,,OHLC,↓,LH/LL,DT,False,273,3,universe
FANG,2026-10-01,185.51,5.44,False,196.35,-0.556,-0.37,True,83.0,0.88,82.2,True,2.93,2.23,36.4,10.3,C 基底修復,True,8:49,264.6,跌,123.0,12,False,5.0,-1.2429,-1.5644,-2.3395,True,False,-5.84,-1.99,186.6,-0.59,-0.2,629.0,,OHLC,↓,LH/LL,DT,False,273,3,universe
GLIBK,2026-10-01,23.5,0.78,False,24.94,-0.085,-0.7,True,82.7,0.23,82.5,True,3.32,1.9,6.1,1.9,D 趨勢弱,True,8:49,264.6,跌,165.0,25,False,5.0,-0.1917,-0.2416,-0.3274,True,False,-6.17,-1.86,24.41,-3.89,-1.17,8.1,,OHLC,↓,LH/LL,DT,False,273,3,universe
DG,2026-10-01,118.93,3.8,False,125.1,-0.064,-0.02,True,82.1,0.29,81.8,True,3.2,2.15,8.2,-3.8,C 基底修復,True,8:49,264.6,跌,160.0,16,False,5.0,-0.5988,-0.4733,-1.0101,False,False,-5.18,-1.62,124.84,-4.97,-1.55,298.3,,OHLC,—,LH/LL,DT,True,273,3,universe
BCO,2026-10-01,99.97,3.48,False,107.64,-0.319,-0.48,True,81.6,0.02,81.6,True,3.48,1.95,5.9,-1.8,D 趨勢弱,True,7:40,230.2,跌,78.0,11,False,5.0,-0.6121,-0.469,-1.535,False,False,-7.67,-2.2,108.87,-8.9,-2.56,48.1,,OHLC,↓,LH/LL,DT,False,273,3,universe
QTWO,2026-10-01,56.48,1.88,False,60.37,-0.272,-0.77,True,81.6,0.61,81.0,True,3.33,2.11,37.2,13.5,D 趨勢弱,True,8:49,264.6,跌,212.0,33,False,5.0,-0.335,-0.4986,-0.9239,True,False,-6.89,-2.07,61.95,-9.68,-2.91,36.9,,OHLC,↓,LH/LL,自然反彈,False,273,3,universe
NVO,2026-10-01,37.4,1.12,False,42.42,-0.349,-1.17,True,81.5,0.34,81.2,True,2.98,2.46,0.5,-0.1,D 趨勢弱,True,8:49,264.6,跌,112.0,17,False,5.0,-0.3047,-0.3348,-0.7798,True,False,-13.42,-4.5,43.24,-15.61,-5.23,567.3,,OHLC,↓,LH/LL,DT,False,273,3,universe
JCAP,2026-10-01,19.14,0.62,False,20.82,-0.192,-1.66,True,81.4,0.53,80.8,True,3.25,2.23,26.5,1.1,C 基底修復,True,8:49,264.6,跌,185.0,28,False,5.0,-0.1584,-0.1857,-0.317,True,False,-8.82,-2.72,19.54,-2.12,-0.65,5.2,,OHLC,↓,LH/LL,DT,False,273,3,universe
SENEA,2026-10-01,177.03,6.15,False,189.16,-0.559,-0.35,True,80.3,0.33,79.9,True,3.48,2.21,37.0,-4.6,D 趨勢弱,True,8:49,264.6,跌,159.0,18,False,5.0,-1.193,-1.1561,-2.7711,False,False,-6.85,-1.97,,,,18.0,,OHLC,—,HH/HL,DT,True,273,3,universe
HALO,2026-10-01,106.94,3.04,True,110.25,0.049,0.49,False,80.1,-0.84,80.9,True,2.85,2.88,69.5,-4.3,A 待突破,True,8:49,264.6,跌,213.0,24,False,5.0,-0.9254,-0.5801,-1.1605,False,False,-3.1,-1.09,112.44,-5.14,-1.81,279.6,,OHLC,—,HH/HL,DT,False,273,3,universe
FISV,2026-10-01,45.38,1.58,False,49.49,-0.177,-0.82,True,79.8,0.44,79.4,True,3.49,2.28,2.8,2.8,D 趨勢弱,True,8:49,264.6,跌,304.0,33,False,5.0,-0.2294,-0.2925,-0.5383,True,False,-9.05,-2.59,51.58,-13.66,-3.91,369.8,,OHLC,↓,LH/LL,DT,False,272,3,universe
ECPG,2026-10-01,94.3,3.23,False,98.52,-0.188,-0.29,True,79.4,0.66,78.7,True,3.43,2.43,69.8,0.9,C 基底修復,True,8:49,264.6,跌,180.0,26,False,5.0,-0.5828,-0.5441,-1.0668,False,False,-4.47,-1.3,95.46,-1.23,-0.36,34.2,,OHLC,↑,HH/HL,自然回檔,False,273,3,universe
MTUS,2026-10-01,19.42,0.7,False,19.25,-0.059,-0.49,True,79.4,0.3,79.1,True,3.61,2.24,45.4,1.6,C 基底修復,False,10:32,316.1,升,26.0,4,False,5.0,0.0622,0.0244,,False,True,0.85,0.24,19.62,-1.03,-0.29,6.4,,OHLC,—,LH/LL,次級反彈,True,273,3,universe
SPXC,2026-10-01,169.71,6.09,False,184.42,-1.709,-1.18,True,77.6,0.61,76.9,True,3.59,2.62,3.3,2.2,D 趨勢弱,True,8:49,264.6,跌,204.0,30,False,5.0,-0.2089,-0.3993,-1.4903,True,False,-8.67,-2.42,191.82,-13.03,-3.63,109.7,,OHLC,↓,LH/LL,DT,False,273,3,universe
CART,2026-10-01,44.11,1.6,False,47.16,-0.256,-0.6,True,77.4,0.58,76.8,True,3.64,2.6,34.1,4.4,D 趨勢弱,True,8:49,264.6,跌,194.0,23,False,5.0,-0.2541,-0.3928,-0.7042,True,False,-6.91,-1.9,44.22,-0.25,-0.07,193.6,,OHLC,↓,LH/LL,自然反彈,False,273,3,universe
PBT,2026-10-01,31.31,1.16,False,34.28,-0.079,-0.06,True,77.0,0.05,76.9,True,3.7,2.62,61.1,-1.1,C 基底修復,True,8:49,264.6,跌,229.0,26,False,5.0,-0.4873,-0.4672,-0.4873,False,False,-9.49,-2.57,33.74,-7.76,-2.1,3.4,,OHLC,↓,LH/LL,DT,False,273,3,universe
BKNG,2026-10-01,160.28,6.17,False,177.6,-1.242,-1.02,True,76.7,0.09,76.6,True,3.85,2.51,5.0,0.0,D 趨勢弱,True,8:49,264.6,跌,223.0,32,False,5.0,-0.0512,-0.2283,-4.619,True,False,-10.8,-2.81,163.95,-2.29,-0.59,1534.5,,OHLC,↓,LH/LL,自然回檔,False,273,3,universe
NOG,2026-10-01,23.52,0.86,False,25.26,-0.096,-0.44,True,75.4,0.36,75.0,True,3.64,2.96,15.0,2.0,D 趨勢弱,True,8:49,264.6,跌,209.0,23,False,5.0,-0.2941,-0.3812,-0.5356,True,False,-7.42,-2.04,23.6,-0.34,-0.09,53.5,,OHLC,↓,LH/LL,自然反彈,False,273,3,universe
BTSG,2026-10-01,57.26,2.02,False,58.42,-0.101,-0.26,True,72.4,0.54,71.9,False,3.54,3.64,50.5,0.0,C 基底修復,True,9:51,295.7,升,14.0,2,False,5.0,0.1022,0.0034,,False,True,-2.02,-0.57,57.69,-0.75,-0.21,151.2,,OHLC,—,LH/LL,自然反彈,True,273,3,universe
TARS,2026-10-01,75.46,3.03,True,78.33,0.115,0.24,False,71.4,-1.38,72.8,False,4.01,3.36,52.2,0.1,B 上升結構,True,8:49,264.6,跌,120.0,14,False,5.0,-0.7316,-0.691,-1.2094,False,True,-3.8,-0.95,74.29,1.55,0.39,63.9,,OHLC,—,HH/HL,自然回檔,True,273,3,universe
CORT,2026-10-01,114.02,5.23,False,114.1,-0.109,0.01,True,64.9,0.16,64.7,False,4.59,4.05,68.5,0.5,A 待突破,True,8:49,264.6,跌,212.0,26,False,5.0,-0.1968,-0.1025,-1.9139,False,True,-0.07,-0.01,112.94,0.95,0.21,195.8,,OHLC,—,HH/HL,自然回檔,True,273,3,universe
FIGS,2026-10-01,14.08,0.67,False,13.89,-0.004,-0.17,True,63.0,0.87,62.2,False,4.77,4.24,61.6,2.7,B 上升結構,True,9:33,286.7,升,9.0,2,False,5.0,0.0731,0.0357,,False,True,1.33,0.28,,,,37.5,,OHLC,—,LH/LL,UT,False,273,3,universe
PBF,2026-10-01,82.34,4.55,True,74.18,0.239,0.09,True,59.6,1.65,58.0,False,5.53,4.19,70.2,-8.3,E 延伸,True,9:37,288.5,升,10.0,1,False,5.0,0.2661,-0.2211,,False,False,9.91,1.79,70.47,14.42,2.61,295.1,,OHLC,↑,HH/HL,UT,False,273,3,universe
TLYS,2026-10-01,4.52,0.32,True,4.52,0.003,0.05,True,52.8,0.07,52.7,False,6.98,4.29,57.1,-1.7,B 上升結構,False,10:11,305.7,升,20.0,3,False,5.0,0.0234,0.0286,,False,True,0.03,0.0,3.93,13.05,1.87,5.7,,OHLC,↑,HH/HL,自然回檔,False,255,3,universe
MA,2026-10-01,550.0,9.28,False,574.02,-0.852,-0.22,True,93.5,0.02,93.5,True,1.69,1.22,37.0,1.2,C 基底修復,True,8:49,264.6,跌,314.0,22,False,6.0,-2.1292,-1.7344,-4.315,False,False,-4.37,-2.59,569.57,-3.56,-2.11,1549.8,,OHLC,↓,LH/LL,DT,False,273,3,universe
MET,2026-10-01,94.35,1.89,False,96.3,-0.055,-0.1,False,92.3,-0.03,92.3,True,2.0,1.22,54.5,1.0,C 基底修復,True,8:49,264.6,跌,111.0,10,False,6.0,-0.3967,-0.3518,-0.7013,False,True,-2.06,-1.03,98.45,-4.35,-2.17,299.3,,OHLC,↓,LH/LL,DT,False,273,3,universe
PRU,2026-10-01,113.13,2.41,False,118.73,-0.309,-0.53,True,91.6,0.2,91.4,True,2.13,1.25,49.8,-0.4,C 基底修復,True,8:49,264.6,跌,475.0,41,False,6.0,-0.5463,-0.4456,-0.9553,False,False,-4.95,-2.32,119.45,-5.59,-2.62,181.9,,OHLC,↓,LH/LL,DT,False,273,3,universe
NHI,2026-10-01,65.08,1.31,False,69.51,-0.337,-0.96,True,91.5,0.05,91.4,True,2.01,1.4,5.1,-2.2,D 趨勢弱,True,8:49,264.6,跌,155.0,24,False,6.0,-0.1649,-0.1339,-0.9077,False,False,-6.81,-3.38,72.73,-11.75,-5.84,27.6,,OHLC,↓,LH/LL,DT,False,273,3,universe
MRSH,2026-10-01,171.85,3.47,False,179.61,-0.465,-0.75,True,91.0,0.32,90.7,True,2.02,1.5,16.4,2.0,D 趨勢弱,True,8:49,264.6,跌,647.0,38,False,6.0,-0.1537,-0.4282,-1.9931,True,False,-4.52,-2.24,173.74,-1.1,-0.55,487.0,,OHLC,↓,LH/LL,DT,False,273,3,universe
ICE,2026-10-01,151.47,3.38,False,157.74,-0.153,-0.09,True,90.6,0.1,90.5,True,2.23,1.38,31.8,5.1,C 基底修復,True,8:49,264.6,跌,210.0,22,False,6.0,-0.7342,-0.7311,-1.2654,False,False,-4.14,-1.85,158.08,-4.36,-1.95,475.2,,OHLC,—,LH/LL,DT,True,273,3,universe
T,2026-10-01,24.3,0.53,False,25.57,-0.017,-0.01,True,89.9,0.27,89.6,True,2.2,1.57,23.6,-1.0,D 趨勢弱,True,8:49,264.6,跌,160.0,19,False,6.0,-0.2224,-0.2155,-0.2224,False,False,-5.21,-2.37,25.81,-6.21,-2.83,972.2,,OHLC,↓,LH/LL,DT,False,273,3,universe
ALRM,2026-10-01,54.86,1.31,False,55.2,-0.069,-0.25,False,89.5,-0.08,89.5,True,2.39,1.46,56.5,14.5,C 基底修復,True,9:23,281.7,升,6.0,1,False,6.0,0.0059,-0.0866,,False,True,-0.62,-0.26,52.24,4.78,2.0,25.6,,OHLC,—,HH/HL,自然反彈,True,273,3,universe
CHE,2026-10-01,502.9,12.8,False,515.75,-1.08,-0.34,True,89.3,0.16,89.1,True,2.55,1.35,50.1,-0.0,C 基底修復,False,10:12,306.0,升,20.0,3,False,6.0,0.3111,0.4748,,False,True,-2.55,-1.0,519.05,-3.21,-1.26,79.8,,OHLC,—,LH/LL,自然回檔,True,273,3,universe
RMD,2026-10-01,221.15,5.39,False,227.95,-0.131,-0.02,True,87.0,0.93,86.1,True,2.44,1.94,22.4,13.5,C 基底修復,True,8:49,264.6,跌,210.0,21,False,6.0,-0.6838,-0.7363,-2.7789,True,False,-3.07,-1.26,234.33,-5.96,-2.44,280.8,,OHLC,—,LH/LL,自然回檔,True,273,3,universe
COP,2026-10-01,127.06,3.24,False,132.18,-0.125,-0.06,True,86.6,0.27,86.4,True,2.55,1.9,40.7,0.0,C 基底修復,True,8:49,264.6,跌,160.0,12,False,6.0,-1.1553,-1.3908,-1.714,True,False,-4.03,-1.58,130.97,-3.08,-1.21,902.1,,OHLC,↓,LH/LL,DT,False,273,3,universe
SAIC,2026-10-01,126.3,3.84,False,129.72,-0.01,0.08,False,86.2,-0.7,86.9,True,3.04,1.5,54.9,-16.7,C 基底修復,True,7:31,225.5,跌,75.0,8,False,6.0,-0.9353,-0.7506,-0.9353,False,True,-2.71,-0.89,132.96,-5.27,-1.74,55.8,,OHLC,—,LH/LL,DT,True,273,3,universe
HAS,2026-10-01,89.98,2.39,False,90.59,-0.158,-0.43,False,86.1,-0.76,86.9,True,2.66,1.89,24.5,5.3,C 基底修復,True,9:24,282.1,升,7.0,1,False,6.0,0.0988,-0.0804,,False,True,-0.68,-0.26,90.6,-0.69,-0.26,155.5,,OHLC,↓,LH/LL,自然反彈,False,273,3,universe
TMUS,2026-10-01,161.73,4.47,False,173.94,-0.668,-0.58,True,82.7,0.42,82.3,True,2.76,2.46,3.8,-1.6,D 趨勢弱,True,8:49,264.6,跌,162.0,17,False,6.0,-0.8532,-0.9374,-2.0895,True,False,-7.55,-2.73,166.45,-2.92,-1.06,876.2,,OHLC,—,LH/LL,DT,True,273,3,universe
LDOS,2026-10-01,121.97,3.57,False,131.08,-0.692,-0.9,True,82.5,0.06,82.4,True,2.93,2.34,2.6,0.7,D 趨勢弱,True,8:49,264.6,跌,284.0,28,False,6.0,-0.7842,-0.9049,-2.311,True,False,-7.47,-2.55,132.83,-8.9,-3.04,164.4,,OHLC,↓,LH/LL,DT,False,273,3,universe
WLY,2026-10-01,48.9,1.7,False,49.71,-0.094,-0.28,True,80.6,0.91,79.7,True,3.48,2.15,43.3,-6.3,C 基底修復,False,10:11,305.6,升,20.0,2,False,6.0,0.1091,0.0097,,False,True,-1.66,-0.48,48.61,0.59,0.17,28.4,,OHLC,—,LH/LL,自然反彈,True,273,3,universe
MGY,2026-10-01,24.07,0.84,False,26.09,-0.147,-0.65,True,78.0,0.53,77.4,True,3.49,2.64,2.1,-0.4,D 趨勢弱,True,8:49,264.6,跌,141.0,12,False,6.0,-0.249,-0.3236,-0.4343,True,False,-8.39,-2.41,24.74,-2.78,-0.8,119.6,,OHLC,↓,LH/LL,自然反彈,False,273,3,universe
LYFT,2026-10-01,15.21,0.55,False,16.1,-0.08,-0.54,True,77.1,0.56,76.6,True,3.6,2.68,23.6,2.2,D 趨勢弱,True,9:21,280.7,升,6.0,1,False,6.0,0.0002,-0.0345,,False,False,-5.85,-1.62,15.34,-0.82,-0.23,148.6,,OHLC,—,LH/LL,自然反彈,True,273,3,universe
RDVT,2026-10-01,80.25,2.81,True,74.95,0.406,0.52,True,76.9,0.34,76.5,True,3.5,2.83,79.2,2.2,B 上升結構,False,11:27,343.5,升,41.0,5,False,6.0,0.1344,0.0846,,False,False,6.6,1.88,73.41,8.52,2.43,15.9,,OHLC,↑,HH/HL,UT,False,273,3,universe
AGCO,2026-10-01,111.81,4.19,True,118.88,0.429,0.38,False,76.3,-0.64,77.0,True,3.75,2.68,19.6,-6.3,D 趨勢弱,True,8:49,264.6,跌,113.0,12,False,6.0,-1.4849,-1.302,-1.6065,False,False,-6.32,-1.69,123.79,-10.71,-2.86,134.9,,OHLC,↓,LH/LL,DT,False,273,3,universe
MAA,2026-10-01,116.38,2.04,False,123.72,-0.397,-1.12,True,93.8,0.2,93.6,True,1.75,1.08,9.1,-2.0,D 趨勢弱,True,8:49,264.6,跌,330.0,26,False,7.0,-0.1367,-0.1433,-0.7945,True,False,-6.3,-3.6,119.51,-2.69,-1.53,147.7,,OHLC,↓,LH/LL,DT,False,273,3,universe
UNP,2026-10-01,272.42,4.96,False,287.51,-1.163,-0.82,True,92.6,0.14,92.4,True,1.82,1.33,35.3,3.3,C 基底修復,True,8:49,264.6,跌,147.0,23,False,7.0,-0.3967,-0.5689,-2.7173,True,False,-5.54,-3.04,314.15,-15.32,-8.41,678.8,,OHLC,↓,LH/LL,自然反彈,False,273,3,universe
CSX,2026-10-01,46.54,0.88,False,48.54,-0.164,-0.67,True,92.2,0.14,92.1,True,1.89,1.34,43.6,3.4,C 基底修復,True,8:49,264.6,跌,185.0,23,False,7.0,-0.0474,-0.0692,-0.3262,True,False,-4.29,-2.27,49.65,-6.68,-3.54,507.4,,OHLC,—,LH/LL,自然反彈,True,273,3,universe
RGA,2026-10-01,244.62,4.98,True,247.62,0.177,0.13,False,92.0,-0.01,92.0,True,2.03,1.25,57.8,-12.0,C 基底修復,False,3:56,118.2,跌,16.0,2,False,7.0,-0.4001,-0.1133,-1.267,False,True,-1.23,-0.6,252.97,-3.41,-1.68,85.9,,OHLC,—,LH/LL,自然回檔,False,273,3,universe
MDLZ,2026-10-01,57.76,1.19,False,61.58,-0.186,-0.55,True,90.9,0.24,90.7,True,2.06,1.47,22.3,0.7,D 趨勢弱,True,8:49,264.6,跌,242.0,26,False,7.0,-0.4014,-0.3505,-0.4014,False,False,-6.62,-3.21,61.44,-6.37,-3.09,501.4,,OHLC,↓,LH/LL,DT,False,273,3,universe
ORLY,2026-10-01,85.03,1.83,False,86.48,-0.151,-0.36,True,89.7,0.03,89.7,True,2.15,1.65,15.0,1.2,D 趨勢弱,False,11:41,350.7,升,45.0,6,False,7.0,0.1599,0.2098,,False,True,-1.7,-0.79,87.45,-2.85,-1.32,528.1,,OHLC,↓,LH/LL,自然反彈,False,273,3,universe
ALLE,2026-10-01,154.28,3.22,False,155.58,-0.25,-0.42,True,89.1,0.34,88.8,True,2.09,1.84,46.3,-0.3,C 基底修復,False,10:19,309.7,升,22.0,4,False,7.0,0.2037,0.2007,,False,True,-0.84,-0.4,151.33,1.91,0.92,162.5,,OHLC,—,HH/HL,自然反彈,True,273,3,universe
GPC,2026-10-01,125.12,3.02,False,132.72,-0.291,-0.27,True,88.7,0.27,88.4,True,2.41,1.61,46.9,-0.1,C 基底修復,True,8:49,264.6,跌,187.0,33,False,7.0,-0.7175,-0.6979,-1.3518,False,False,-6.07,-2.52,125.66,-0.43,-0.18,123.8,,OHLC,—,LH/LL,DT,True,273,3,universe
PM,2026-10-01,188.18,4.48,True,190.13,0.019,0.13,False,88.6,-0.52,89.2,True,2.38,1.65,51.4,-13.7,C 基底修復,False,3:32,105.8,跌,9.0,1,False,7.0,-0.0726,0.21,-1.1222,False,True,-1.03,-0.43,190.39,-1.17,-0.49,844.9,,OHLC,—,LH/LL,自然回檔,True,273,3,universe
WH,2026-10-01,71.49,1.98,False,71.04,-0.137,-0.21,True,86.9,0.96,85.9,True,2.77,1.63,17.0,1.6,D 趨勢弱,False,12:00,0.0,升,50.0,7,False,7.0,0.6122,0.618,,False,True,0.62,0.22,69.17,3.25,1.17,87.1,,OHLC,—,LH/LL,UT,False,273,3,universe
AXTA,2026-10-01,31.85,0.84,False,34.07,-0.148,-0.7,True,86.4,0.26,86.1,True,2.65,1.85,20.0,-8.5,C 基底修復,True,8:49,264.6,跌,269.0,33,False,7.0,-0.0559,-0.049,-0.4045,False,False,-6.97,-2.63,33.04,-3.74,-1.41,68.2,,OHLC,↓,LH/LL,DT,False,273,3,universe
RDN,2026-10-01,31.22,0.87,False,34.49,-0.306,-1.53,True,86.0,0.28,85.7,True,2.79,1.8,9.4,2.8,D 趨勢弱,True,8:49,264.6,跌,132.0,15,False,7.0,-0.3683,-0.3566,-0.4179,False,False,-10.49,-3.76,,,,52.3,,OHLC,—,HH/HL,DT,False,273,3,universe
DEC,2026-10-01,13.43,0.4,False,14.48,-0.024,-0.24,True,84.6,0.28,84.3,True,2.95,1.92,2.4,-2.4,D 趨勢弱,True,8:49,264.6,跌,133.0,16,False,7.0,-0.1245,-0.1386,-0.2222,True,False,-7.79,-2.65,14.05,-4.62,-1.57,12.9,,OHLC,—,LH/LL,DT,True,273,3,universe
DLB,2026-10-01,59.06,1.62,False,61.01,-0.085,-0.26,True,83.7,0.34,83.4,True,2.74,2.29,19.9,5.9,C 基底修復,True,8:49,264.6,跌,253.0,25,False,7.0,-0.1375,-0.2467,-0.887,True,False,-3.3,-1.2,59.97,-1.54,-0.56,57.5,,OHLC,—,LH/LL,自然反彈,True,273,3,universe
ETD,2026-10-01,21.16,0.6,False,22.44,-0.048,-0.31,True,82.9,0.08,82.8,True,2.85,2.34,18.4,-0.1,D 趨勢弱,True,8:49,264.6,跌,211.0,20,False,7.0,-0.0136,-0.0398,-0.2336,True,False,-6.07,-2.13,21.4,-1.13,-0.4,11.9,,OHLC,—,LH/LL,DT,True,273,3,universe
CXT,2026-10-01,48.06,1.8,False,48.67,-0.021,-0.2,False,78.9,-0.24,79.2,True,3.74,2.2,35.7,11.2,D 趨勢弱,True,9:32,285.8,升,9.0,1,False,7.0,0.0628,-0.016,,False,True,-1.28,-0.34,48.44,-0.79,-0.21,27.9,,OHLC,—,LH/LL,自然反彈,True,273,3,universe
DDS,2026-10-01,646.35,23.06,True,644.79,2.042,0.67,False,78.6,-1.49,80.1,True,3.57,2.43,47.8,-4.4,C 基底修復,False,11:51,355.7,升,48.0,5,False,7.0,0.0731,2.0068,,False,True,0.24,0.07,634.26,1.87,0.52,124.9,,OHLC,↑,HH/HL,自然回檔,False,273,3,universe
MLKN,2026-10-01,20.15,0.83,False,21.3,-0.101,-0.55,True,77.6,0.47,77.2,True,4.1,2.09,40.1,6.7,C 基底修復,True,8:49,264.6,跌,435.0,37,False,7.0,-0.0468,-0.0897,-0.2961,True,False,-5.7,-1.39,21.26,-5.51,-1.34,15.7,,OHLC,↓,LH/LL,自然反彈,False,273,3,universe
CNMD,2026-10-01,45.93,1.5,False,47.58,-0.172,-0.44,True,76.6,0.52,76.0,True,3.27,3.12,52.5,0.0,C 基底修復,True,8:49,264.6,跌,389.0,35,False,7.0,-0.0153,-0.0291,-0.8104,True,False,-3.59,-1.1,46.17,-0.52,-0.16,15.5,,OHLC,—,LH/LL,UT,True,273,3,universe
BH,2026-10-01,357.19,15.41,False,368.53,-1.718,-0.43,False,75.7,-0.33,76.0,True,4.31,2.24,39.1,14.1,C 基底修復,True,9:20,280.0,升,6.0,1,False,7.0,0.5462,-0.7315,,False,True,-3.17,-0.74,355.72,0.41,0.1,44.8,,OHLC,—,LH/LL,自然反彈,True,273,3,universe
ASTH,2026-10-01,34.91,1.79,False,36.48,-0.143,-0.36,True,66.0,0.45,65.5,False,5.13,3.29,36.2,-3.4,C 基底修復,True,6:28,194.2,跌,58.0,11,False,7.0,-0.0054,-0.0091,-0.9304,True,True,-4.5,-0.88,36.37,-4.18,-0.82,15.0,,OHLC,↓,LH/LL,次級回檔,False,273,3,universe
FWRD,2026-10-01,15.5,0.86,False,16.18,-0.107,-0.78,True,57.5,1.3,56.2,False,5.52,4.65,14.6,4.9,D 趨勢弱,True,8:49,264.6,跌,269.0,30,False,7.0,-0.0044,-0.0563,-0.4241,True,True,-4.41,-0.8,15.14,2.32,0.42,8.8,,OHLC,—,LH/LL,UT,True,273,3,universe
VLTO,2026-10-01,94.6,1.74,False,96.56,-0.149,-0.16,True,92.0,0.15,91.9,True,1.83,1.45,36.9,2.1,C 基底修復,False,3:56,118.0,跌,16.0,2,False,8.0,-0.0857,-0.0217,-0.7458,False,True,-2.07,-1.13,96.07,-1.55,-0.85,166.3,,OHLC,—,HH/HL,自然回檔,True,273,3,universe
EPRT,2026-10-01,25.6,0.52,False,27.99,-0.401,-1.71,True,91.9,0.03,91.9,True,2.05,1.25,0.0,-1.0,D 趨勢弱,True,8:49,264.6,跌,200.0,26,False,8.0,-0.0933,-0.0941,-0.3169,True,False,-9.33,-4.55,27.29,-6.6,-3.22,67.5,,OHLC,↓,LH/LL,DT,False,273,3,universe
OTTR,2026-10-01,88.46,1.81,False,89.21,-0.104,-0.29,True,91.7,0.11,91.6,True,2.05,1.31,40.9,11.7,C 基底修復,False,2:49,84.6,升,116.0,8,False,8.0,0.0759,0.0814,,False,True,-0.85,-0.41,87.43,1.16,0.57,22.2,,OHLC,—,HH/HL,DT,True,273,3,universe
FULC,2026-10-01,3.68,0.08,False,3.8,-0.008,-0.27,True,90.4,0.22,90.1,True,2.07,1.58,10.1,-0.0,D 趨勢弱,True,8:49,264.6,跌,123.0,17,False,8.0,-0.0132,-0.0121,-0.0132,False,False,-3.31,-1.59,3.84,-4.35,-2.1,5.3,,OHLC,↓,LH/LL,DT,False,273,3,universe
CRVL,2026-10-01,74.72,1.77,True,70.89,0.127,0.72,True,88.2,0.41,87.7,True,2.37,1.77,58.6,1.8,B 上升結構,False,12:22,11.1,升,56.0,8,False,8.0,0.13,0.1602,,False,False,5.13,2.17,70.51,5.63,2.38,16.2,,OHLC,↑,HH/HL,UT,False,273,3,universe
EXE,2026-10-01,85.96,2.32,False,91.72,-0.327,-0.69,True,86.4,0.04,86.4,True,2.69,1.8,1.0,0.3,D 趨勢弱,True,8:49,264.6,跌,152.0,18,False,8.0,-0.5976,-0.8129,-1.3656,True,False,-6.7,-2.49,88.7,-3.19,-1.18,310.5,,OHLC,—,LH/LL,自然反彈,True,273,3,universe
BR,2026-10-01,161.15,3.98,False,171.71,-0.338,-0.29,True,86.2,0.19,86.1,True,2.47,2.06,4.5,1.1,D 趨勢弱,True,8:49,264.6,跌,125.0,22,False,8.0,-0.8377,-0.9779,-2.5957,True,False,-6.55,-2.65,174.39,-8.22,-3.33,173.4,,OHLC,—,LH/LL,DT,True,273,3,universe
BIIB,2026-10-01,222.82,5.56,True,220.71,0.281,0.48,False,85.4,-0.11,85.6,True,2.49,2.19,70.5,-0.5,A 待突破,False,2:49,84.6,升,100.0,8,False,8.0,0.1586,0.548,,False,True,0.95,0.38,216.04,3.04,1.22,233.9,,OHLC,↑,HH/HL,自然回檔,False,273,3,universe
H,2026-10-01,160.94,4.66,False,163.65,-0.639,-0.7,True,85.4,0.81,84.6,True,2.89,1.81,25.5,5.4,D 趨勢弱,False,1:10,35.2,升,70.0,6,False,8.0,1.0107,0.9115,,False,True,-1.68,-0.58,155.33,3.49,1.2,131.2,,OHLC,—,HH/HL,自然回檔,True,273,3,universe
JJSF,2026-10-01,77.58,2.09,False,82.45,-0.529,-1.04,True,85.1,0.16,84.9,True,2.69,2.07,11.4,3.2,D 趨勢弱,True,8:49,264.6,跌,238.0,29,False,8.0,-0.2451,-0.3816,-1.1324,True,False,-6.28,-2.33,85.48,-10.18,-3.78,15.8,,OHLC,—,LH/LL,DT,True,273,3,universe
CARR,2026-10-01,55.22,1.56,False,56.65,-0.168,-0.55,True,84.8,0.44,84.4,True,2.82,2.0,11.5,2.2,D 趨勢弱,False,11:03,331.5,升,34.0,7,False,8.0,0.257,0.2472,,False,True,-2.58,-0.92,56.37,-2.08,-0.74,403.7,,OHLC,—,LH/LL,自然回檔,True,273,3,universe
NVST,2026-10-01,23.16,0.74,False,25.25,-0.175,-1.02,True,83.7,0.37,83.3,True,3.2,1.84,9.2,-0.4,D 趨勢弱,True,8:49,264.6,跌,311.0,33,False,8.0,-0.0711,-0.0801,-0.3836,True,False,-9.04,-2.83,23.77,-2.63,-0.82,75.5,,OHLC,—,LH/LL,DT,True,273,3,universe
CMCSA,2026-10-01,21.7,0.65,False,24.22,-0.124,-1.12,True,82.7,0.41,82.3,True,3.01,2.21,0.0,0.0,D 趨勢弱,True,8:49,264.6,跌,252.0,23,False,8.0,-0.1939,-0.2424,-0.4638,True,False,-11.6,-3.86,25.2,-16.13,-5.37,752.2,,OHLC,↓,LH/LL,DT,False,273,3,universe
DPZ,2026-10-01,295.0,9.21,False,321.69,-1.096,-0.7,True,81.9,0.44,81.5,True,3.12,2.25,1.7,-0.9,D 趨勢弱,True,9:21,280.5,升,6.0,1,False,8.0,0.1127,-0.1416,,False,False,-9.05,-2.9,301.81,-2.31,-0.74,229.0,,OHLC,—,LH/LL,自然回檔,True,273,3,universe
GPN,2026-10-01,80.29,2.53,False,88.75,-0.351,-0.52,True,81.8,0.07,81.7,True,3.15,2.25,29.5,-16.1,D 趨勢弱,True,8:49,264.6,跌,210.0,26,False,8.0,-0.7249,-0.6219,-1.0125,False,False,-10.54,-3.35,86.49,-7.72,-2.45,211.1,,OHLC,↓,LH/LL,DT,False,273,3,universe
WINA,2026-10-01,299.46,10.16,False,304.21,-0.683,-0.4,True,80.4,0.51,79.9,True,3.39,2.26,6.8,1.6,D 趨勢弱,False,10:51,325.3,升,31.0,5,False,8.0,2.6218,2.5407,,False,True,-1.58,-0.47,305.94,-2.16,-0.64,30.6,,OHLC,↓,LH/LL,自然回檔,False,273,3,universe
VRTS,2026-10-01,132.78,4.93,False,143.93,-0.886,-1.09,True,79.8,0.33,79.5,True,3.72,2.06,5.3,0.3,D 趨勢弱,True,9:43,291.4,升,12.0,2,False,8.0,0.508,0.1147,,False,False,-8.4,-2.26,136.08,-2.49,-0.67,19.6,,OHLC,—,LH/LL,自然反彈,True,273,3,universe
EXLS,2026-10-01,36.48,1.02,False,36.23,-0.022,-0.08,False,79.5,-1.38,80.9,True,2.8,3.04,51.5,11.8,B 上升結構,True,8:49,264.6,跌,183.0,22,False,8.0,-0.0928,-0.246,-0.5923,True,True,0.69,0.25,34.38,5.76,2.05,70.3,,OHLC,↑,HH/HL,自然反彈,False,273,3,universe
SLB,2026-10-01,48.66,1.66,False,54.15,-0.186,-0.45,True,79.4,0.61,78.8,True,3.41,2.43,17.9,0.4,D 趨勢弱,True,8:06,243.2,跌,85.0,16,False,8.0,-0.601,-0.5934,-0.8541,False,False,-11.28,-3.31,52.42,-7.73,-2.27,724.7,,OHLC,↓,LH/LL,DT,False,273,3,universe
RVMD,2026-10-01,205.89,7.56,False,203.87,-0.175,-0.09,True,78.8,0.05,78.7,True,3.67,2.3,74.0,-1.6,A 待突破,False,10:51,325.6,升,31.0,3,False,8.0,0.6885,0.4508,,False,True,0.98,0.27,211.51,-2.73,-0.74,406.8,,OHLC,—,LH/LL,UT,False,273,3,universe
VEEV,2026-10-01,281.93,8.96,True,270.03,0.967,0.55,False,78.6,-0.17,78.7,True,3.18,2.83,64.3,-1.6,A 待突破,True,9:55,297.4,升,15.0,2,False,8.0,0.2097,0.2189,,False,False,4.22,1.33,260.21,7.7,2.42,412.0,,OHLC,↑,HH/HL,UT,False,273,3,universe
PII,2026-10-01,52.37,2.07,False,58.31,-0.447,-1.22,True,77.3,0.42,76.9,True,3.96,2.29,0.3,0.3,D 趨勢弱,True,9:30,284.8,升,8.0,1,False,8.0,0.0216,-0.07,,False,False,-11.35,-2.87,62.52,-19.38,-4.9,46.3,,OHLC,—,LH/LL,DT,True,273,3,universe
BBIO,2026-10-01,66.91,2.5,False,71.05,-0.8,-1.15,True,76.2,0.54,75.7,True,3.74,2.71,10.3,1.7,D 趨勢弱,True,9:22,281.2,升,6.0,1,False,8.0,0.0971,-0.0624,,False,False,-6.18,-1.65,68.0,-1.63,-0.44,201.9,,OHLC,—,LH/LL,自然反彈,True,273,3,universe
NOVT,2026-10-01,143.58,5.28,False,141.68,-0.345,-0.59,True,76.0,0.19,75.8,True,3.68,2.82,49.6,3.5,C 基底修復,False,2:15,67.5,升,88.0,7,False,8.0,0.8249,0.7397,,False,True,1.33,0.36,144.43,-0.59,-0.16,50.2,,OHLC,↓,LH/LL,DT,False,273,3,universe
CLMB,2026-10-01,33.06,1.4,True,29.35,0.121,0.64,True,75.0,1.02,74.0,True,4.23,2.45,50.3,-0.8,E 延伸,False,12:14,6.9,升,54.0,8,False,8.0,0.3993,0.4012,,False,False,11.23,2.65,27.41,17.09,4.04,4.6,,OHLC,↑,HH/HL,UT,False,273,3,universe
MDLN,2026-10-01,34.94,1.29,True,34.11,0.031,0.06,True,73.9,0.81,73.1,False,3.69,3.21,14.5,0.5,D 趨勢弱,False,1:39,49.4,升,77.0,8,False,8.0,0.3335,0.3454,,False,True,2.38,0.65,,,,295.4,,OHLC,—,LH/LL,UT,False,198,3,universe
TWI,2026-10-01,6.8,0.3,True,7.24,0.01,0.11,True,71.7,0.2,71.5,False,4.45,2.87,6.8,-2.5,D 趨勢弱,True,8:38,258.9,跌,94.0,13,False,8.0,-0.0562,-0.0533,-0.0995,False,False,-6.53,-1.47,7.19,-5.74,-1.29,4.4,,OHLC,↓,LH/LL,DT,False,273,3,universe
RHLD,2026-10-01,118.0,6.44,True,129.02,0.314,-0.13,True,62.6,0.55,62.1,False,5.45,3.64,26.6,3.3,D 趨勢弱,True,8:49,264.6,跌,102.0,16,False,8.0,-0.5084,-0.4038,-1.9041,False,False,-9.34,-1.71,127.5,-8.05,-1.48,15.0,,OHLC,—,LH/LL,DT,True,273,3,universe
ESS,2026-10-01,269.51,4.44,False,277.0,-0.482,-0.47,True,93.9,0.17,93.7,True,1.65,1.18,38.0,1.3,C 基底修復,False,12:32,16.1,升,59.0,7,False,9.0,0.1704,0.2588,,False,True,-2.78,-1.69,276.75,-2.69,-1.63,151.5,,OHLC,—,LH/LL,DT,True,273,3,universe
HLT,2026-10-01,315.44,6.56,False,314.61,-0.934,-0.35,True,91.1,0.16,90.9,True,2.08,1.42,30.6,-21.4,C 基底修復,False,12:39,19.7,升,61.0,8,False,9.0,1.843,2.1579,,False,True,0.26,0.13,302.11,4.23,2.03,530.0,,OHLC,↑,HH/HL,自然回檔,False,273,3,universe
ROK,2026-10-01,442.45,9.97,True,426.53,0.244,-0.09,True,89.2,0.05,89.1,True,2.25,1.67,64.3,7.2,C 基底修復,False,2:49,84.6,升,136.0,9,False,9.0,2.9238,2.5268,,False,False,3.6,1.6,406.92,8.03,3.57,294.6,,OHLC,↑,HH/HL,UT,False,273,3,universe
RYN,2026-10-01,18.22,0.46,False,20.08,-0.104,-1.02,True,88.9,0.25,88.7,True,2.52,1.46,2.6,-2.0,D 趨勢弱,True,6:20,189.8,跌,55.0,7,False,9.0,-0.1587,-0.1527,-0.1587,False,False,-10.22,-4.06,20.34,-11.64,-4.63,72.2,,OHLC,↓,LH/LL,DT,False,273,3,universe
SOLV,2026-10-01,87.77,1.96,False,89.76,-0.019,0.19,False,88.5,-0.13,88.6,True,2.23,1.84,62.8,-15.5,C 基底修復,True,8:49,264.6,跌,210.0,21,False,9.0,-0.2773,-0.2335,-0.7118,False,True,-2.27,-1.02,88.07,-0.34,-0.15,77.2,,OHLC,—,LH/LL,UT,True,273,3,universe
FHI,2026-10-01,56.16,1.46,False,59.72,-0.228,-0.69,True,87.9,0.3,87.6,True,2.6,1.58,17.7,1.5,D 趨勢弱,True,8:49,264.6,跌,276.0,30,False,9.0,-0.1057,-0.0962,-0.8086,False,False,-6.33,-2.44,57.53,-2.44,-0.94,40.8,,OHLC,—,LH/LL,DT,True,273,3,universe
YUM,2026-10-01,136.69,3.36,False,145.13,-0.242,-0.41,True,87.3,0.55,86.7,True,2.46,1.86,8.7,1.1,D 趨勢弱,True,8:49,264.6,跌,187.0,18,False,9.0,-0.1359,-0.1996,-1.518,True,False,-6.18,-2.51,140.63,-2.88,-1.17,326.1,,OHLC,—,LH/LL,DT,True,273,3,universe
TXRH,2026-10-01,156.7,4.46,False,175.5,-1.334,-1.79,True,86.1,0.68,85.4,True,2.85,1.71,5.0,0.0,D 趨勢弱,True,8:49,264.6,跌,322.0,35,False,9.0,-0.6926,-0.9588,-2.7495,True,False,-12.0,-4.22,205.29,-31.01,-10.89,200.5,,OHLC,↓,LH/LL,DT,False,273,3,universe
FOR,2026-10-01,26.03,0.75,False,27.03,-0.107,-0.54,True,85.5,0.02,85.5,True,2.88,1.78,19.5,4.0,D 趨勢弱,True,9:26,282.9,升,7.0,1,False,9.0,0.0004,-0.0065,,False,False,-3.86,-1.34,27.21,-4.53,-1.57,4.8,,OHLC,↓,LH/LL,DT,False,273,3,universe
WSM,2026-10-01,233.39,6.84,False,228.59,-0.21,-0.18,True,85.5,0.01,85.4,True,2.93,1.75,58.4,7.3,A 待突破,False,12:14,6.8,升,54.0,8,False,9.0,1.0319,0.8441,,False,True,2.06,0.7,230.9,1.07,0.36,263.0,,OHLC,—,LH/LL,UT,True,273,3,universe
WWD,2026-10-01,336.19,9.13,False,330.71,-0.771,-0.45,True,84.8,0.08,84.8,True,2.71,2.09,24.4,4.2,C 基底修復,False,2:49,84.6,升,99.0,9,False,9.0,2.4944,1.9917,,False,True,1.63,0.6,312.43,7.07,2.6,251.0,,OHLC,—,HH/HL,自然反彈,False,273,3,universe
PFSI,2026-10-01,61.95,1.85,False,68.9,-0.617,-1.16,True,82.9,0.06,82.8,True,2.99,2.21,2.5,2.5,D 趨勢弱,True,8:49,264.6,跌,145.0,17,False,9.0,-0.2511,-0.2486,-0.9411,False,False,-11.22,-3.76,67.73,-9.33,-3.13,40.1,,OHLC,↓,LH/LL,DT,False,273,3,universe
PJT,2026-10-01,140.3,5.26,False,163.43,-1.167,-0.91,True,79.6,0.73,78.9,True,3.75,2.06,5.0,-0.4,D 趨勢弱,True,8:49,264.6,跌,162.0,17,False,9.0,-1.4728,-1.4641,-3.7196,False,False,-16.48,-4.4,155.81,-11.05,-2.95,69.0,,OHLC,↓,LH/LL,DT,False,273,3,universe
EME,2026-10-01,769.03,22.76,False,753.79,-1.832,-0.46,True,78.3,0.45,77.8,True,2.96,3.1,21.4,-1.1,C 基底修復,False,12:42,20.8,升,62.0,9,False,9.0,3.275,2.7894,,False,True,1.98,0.67,730.0,5.08,1.71,267.4,,OHLC,—,HH/HL,自然反彈,True,273,3,universe
MC,2026-10-01,56.95,2.13,False,62.92,-0.561,-0.86,True,77.9,0.83,77.1,True,3.74,2.4,0.4,0.2,D 趨勢弱,True,8:49,264.6,跌,486.0,17,False,9.0,-0.2388,-0.278,-0.9777,True,False,-10.49,-2.81,60.56,-6.34,-1.7,52.7,,OHLC,↓,LH/LL,DT,False,273,3,universe
CAKE,2026-10-01,107.95,3.61,False,106.01,-0.018,-0.24,True,77.0,0.37,76.6,True,3.34,2.97,84.6,5.7,B 上升結構,False,10:48,323.8,升,30.0,5,False,9.0,0.6086,0.4565,,False,True,1.8,0.54,105.82,1.97,0.59,141.6,,OHLC,↑,HH/HL,UT,False,273,3,universe
WT,2026-10-01,24.03,0.88,True,23.68,0.029,0.16,False,76.8,-0.3,77.1,True,3.67,2.67,73.1,-1.6,B 上升結構,False,10:04,301.8,升,18.0,3,False,9.0,0.0079,0.0213,,False,True,1.44,0.39,24.86,-3.45,-0.94,69.7,,OHLC,—,LH/LL,UT,False,273,3,universe
WFRD,2026-10-01,78.44,3.19,False,88.11,-0.394,-0.5,True,75.3,0.36,75.0,True,4.07,2.55,1.5,-0.0,D 趨勢弱,True,8:49,264.6,跌,136.0,16,False,9.0,-0.6798,-0.6373,-1.5621,False,False,-12.32,-3.03,85.08,-8.47,-2.08,83.7,,OHLC,↓,LH/LL,DT,False,273,3,universe
SHAK,2026-10-01,60.19,2.71,False,62.61,-0.44,-1.1,True,69.6,0.76,68.9,False,4.5,3.2,4.0,3.8,D 趨勢弱,True,9:38,288.8,升,10.0,2,False,9.0,0.2794,0.026,,False,True,-4.02,-0.89,55.55,7.71,1.71,91.1,,OHLC,↑,HH/HL,UT,False,273,3,universe
ATRO,2026-10-01,68.38,3.16,False,71.08,-0.401,-1.3,True,66.8,0.68,66.1,False,4.62,3.64,41.7,0.7,C 基底修復,True,9:31,285.5,升,9.0,1,False,9.0,0.0804,-0.0205,,False,True,-3.95,-0.86,69.7,-1.93,-0.42,43.5,,OHLC,—,LH/LL,DT,True,273,3,universe
HOOD,2026-10-01,111.15,6.11,True,113.05,0.592,0.4,True,59.0,0.62,58.4,False,5.5,4.36,47.6,-0.0,C 基底修復,False,5:08,154.0,跌,36.0,4,False,9.0,-1.1912,-0.8333,-1.4869,False,True,-1.71,-0.31,104.42,6.05,1.1,2746.8,,OHLC,↑,HH/HL,自然回檔,False,273,3,universe
GLW,2026-10-01,160.42,8.29,True,152.49,0.059,-0.18,True,58.6,0.51,58.1,False,5.16,4.78,56.9,-6.5,D 趨勢弱,False,1:48,54.0,升,80.0,9,False,9.0,0.7893,0.503,,False,True,4.94,0.96,153.76,4.15,0.8,1301.5,,OHLC,—,HH/HL,自然反彈,True,273,3,universe
PWP,2026-10-01,15.76,0.94,True,15.12,0.004,0.14,True,58.4,0.03,58.3,False,5.98,4.01,11.1,-12.0,D 趨勢弱,False,11:03,331.3,升,34.0,4,False,9.0,0.3414,0.3289,,False,True,4.03,0.67,16.37,-3.9,-0.65,33.8,,OHLC,↓,LH/LL,自然回檔,False,273,3,universe
DSP,2026-10-01,12.72,0.74,False,12.0,-0.001,-0.04,True,55.2,1.43,53.7,False,5.85,4.85,60.8,16.6,B 上升結構,True,9:39,289.5,升,11.0,1,False,9.0,0.0158,-0.0209,,False,True,5.73,0.98,12.84,-0.9,-0.15,6.5,,OHLC,—,LH/LL,自然反彈,True,273,3,universe
CRCL,2026-10-01,82.91,5.97,True,90.53,0.475,0.26,True,47.9,1.16,46.7,False,7.2,5.3,32.7,16.7,D 趨勢弱,True,8:16,247.8,跌,88.0,16,False,9.0,-1.735,-1.7063,-1.9703,False,False,-9.19,-1.28,94.59,-14.09,-1.96,1320.3,,OHLC,↓,LH/LL,DT,False,273,3,universe
GLXY,2026-10-01,23.02,1.64,True,24.41,0.104,0.28,True,46.3,0.46,45.8,False,7.13,5.8,34.8,7.7,D 趨勢弱,False,5:28,163.8,跌,41.0,4,False,9.0,-0.2792,-0.2644,-0.3417,False,True,-6.02,-0.84,23.21,-0.83,-0.12,123.6,,OHLC,—,HH/HL,DT,False,273,3,universe
ETY,2026-10-01,14.06,0.17,False,14.23,-0.017,-0.52,True,96.9,0.08,96.8,True,1.21,0.74,21.5,1.1,D 趨勢弱,False,11:38,349.1,升,44.0,5,False,10.0,0.0071,0.006,,False,True,-1.23,-1.01,14.27,-1.49,-1.23,4.7,,OHLC,—,LH/LL,自然反彈,True,273,3,universe
ADX,2026-10-01,25.69,0.29,False,25.86,-0.01,-0.26,True,96.6,0.08,96.5,True,1.13,0.91,62.0,-0.3,C 基底修復,False,4:39,139.7,跌,28.0,3,False,10.0,-0.0143,-0.0106,-0.0753,False,True,-0.65,-0.57,26.24,-2.14,-1.9,6.4,,OHLC,—,LH/LL,自然反彈,True,273,3,universe
GBDC,2026-10-01,12.65,0.2,False,12.75,-0.016,-0.59,True,94.5,0.04,94.4,True,1.59,1.08,21.2,2.5,D 趨勢弱,False,10:27,313.6,升,24.0,3,False,10.0,0.0226,0.0143,,False,True,-0.75,-0.48,12.73,-0.63,-0.4,19.0,,OHLC,—,LH/LL,DT,True,273,3,universe
PFE,2026-10-01,28.12,0.5,True,28.11,0.006,0.42,False,93.3,-0.19,93.5,True,1.78,1.19,57.7,-3.4,C 基底修復,False,3:29,104.4,跌,8.0,1,False,10.0,-0.0091,0.0263,-0.2063,False,True,0.04,0.02,28.19,-0.25,-0.14,895.4,,OHLC,—,LH/LL,自然回檔,False,273,3,universe
GWW,2026-10-01,1281.68,25.81,False,1281.39,-1.29,-0.45,False,91.5,-0.41,91.9,True,2.01,1.39,49.3,4.9,C 基底修復,True,9:52,296.2,升,15.0,1,False,10.0,1.111,-1.2598,,False,True,0.02,0.01,1296.34,-1.14,-0.57,346.6,,OHLC,—,LH/LL,自然反彈,True,273,3,universe
AME,2026-10-01,249.09,5.12,True,240.35,0.153,-0.06,True,91.4,0.08,91.3,True,2.05,1.38,56.2,-7.4,B 上升結構,False,1:00,30.0,升,67.0,9,False,10.0,1.3892,1.6118,,False,False,3.51,1.71,239.08,4.02,1.96,355.2,,OHLC,↑,HH/HL,UT,False,273,3,universe
ROST,2026-10-01,234.1,4.81,False,232.15,-0.105,-0.2,True,90.8,0.19,90.6,True,2.05,1.51,59.6,-0.1,C 基底修復,False,2:05,62.5,升,85.0,9,False,10.0,0.8826,1.0179,,False,True,0.83,0.41,239.73,-2.4,-1.17,438.9,,OHLC,—,LH/LL,UT,False,273,3,universe
PK,2026-10-01,15.42,0.39,False,15.42,-0.014,0.14,True,88.3,0.36,87.9,True,2.52,1.59,84.5,0.4,A 待突破,False,10:48,323.8,升,30.0,4,False,10.0,0.0264,0.0317,,False,True,0.01,0.0,15.56,-0.91,-0.36,48.4,,OHLC,—,LH/LL,UT,False,273,3,universe
AWI,2026-10-01,162.68,3.88,False,167.44,-0.405,-0.57,True,88.0,0.26,87.7,True,2.39,1.79,24.2,2.7,D 趨勢弱,False,11:01,330.5,升,34.0,5,False,10.0,0.3806,0.3416,,False,True,-2.93,-1.23,165.98,-2.03,-0.85,59.3,,OHLC,—,LH/LL,自然反彈,True,273,3,universe
AZZ,2026-10-01,135.41,3.53,False,136.23,-0.326,-0.59,True,87.7,0.09,87.6,True,2.61,1.63,34.3,2.2,C 基底修復,False,11:43,351.3,升,45.0,8,False,10.0,0.4268,0.4337,,False,True,-0.61,-0.23,137.98,-1.9,-0.73,33.3,,OHLC,↓,LH/LL,DT,False,273,3,universe
TSM,2026-10-01,459.2,10.23,True,430.71,1.275,0.47,True,87.5,0.35,87.1,True,2.23,2.04,70.1,-1.1,E 延伸,False,2:49,84.6,升,104.0,10,False,10.0,2.2344,2.3797,,False,False,6.21,2.79,434.16,5.45,2.45,4397.2,,OHLC,↑,HH/HL,UT,False,273,3,universe
BF/A,2026-10-01,26.59,0.69,False,27.11,-0.061,-0.29,True,85.8,0.03,85.8,True,2.59,2.02,25.1,-0.6,D 趨勢弱,False,10:58,328.9,升,33.0,5,False,10.0,0.0482,0.0532,,False,True,-1.94,-0.75,26.94,-1.32,-0.51,4.9,,OHLC,—,LH/LL,自然回檔,True,273,3,universe
BF/B,2026-10-01,25.97,0.71,False,26.73,-0.073,-0.33,True,84.8,0.01,84.7,True,2.73,2.1,24.0,-0.5,D 趨勢弱,False,10:27,313.3,升,24.0,5,False,10.0,0.027,0.035,,False,True,-2.92,-1.07,25.96,0.04,0.01,65.5,,OHLC,—,LH/LL,次級回檔,True,273,3,universe
BHF,2026-10-01,50.05,1.64,False,51.66,-0.171,-0.58,True,84.3,0.22,84.1,True,3.28,1.63,9.5,0.4,D 趨勢弱,False,2:03,61.6,升,84.0,10,False,10.0,0.2823,0.3953,,False,True,-3.22,-0.98,48.66,2.78,0.85,55.8,,OHLC,—,HH/HL,DT,False,273,3,universe
ITT,2026-10-01,202.13,6.18,False,203.85,-0.439,-0.25,True,84.2,0.04,84.2,True,3.06,1.86,37.9,-3.5,C 基底修復,False,3:27,103.5,跌,7.0,1,False,10.0,-0.1175,0.1449,-2.4646,False,True,-0.85,-0.28,204.96,-1.4,-0.46,182.5,,OHLC,—,HH/HL,DT,False,273,3,universe
NVDA,2026-10-01,230.86,5.82,True,221.8,0.298,0.16,True,84.2,0.62,83.6,True,2.52,2.41,76.2,-2.2,A 待突破,False,1:19,39.4,升,72.0,8,False,10.0,0.6141,0.5017,,False,False,3.93,1.56,221.09,4.23,1.68,24583.3,,OHLC,↑,HH/HL,UT,False,273,3,universe
ASML,2026-10-01,1808.49,49.94,True,1707.77,1.365,-0.09,True,82.2,0.42,81.8,True,2.76,2.55,61.2,-2.9,B 上升結構,False,1:58,59.0,升,83.0,9,False,10.0,18.2882,19.1501,,False,False,5.57,2.02,1841.77,-1.84,-0.67,2332.5,,OHLC,—,LH/LL,UT,False,273,3,universe
RGLD,2026-10-01,232.33,7.16,False,254.14,-0.266,0.19,True,81.9,0.33,81.6,True,3.08,2.3,13.8,0.1,C 基底修復,True,8:49,264.6,跌,200.0,21,False,10.0,-3.4037,-3.104,-3.6054,False,False,-9.39,-3.05,258.29,-11.17,-3.63,165.4,,OHLC,↓,LH/LL,DT,False,273,3,universe
XPO,2026-10-01,179.73,6.13,False,182.85,-0.765,-0.77,True,81.5,0.18,81.3,True,3.41,2.04,23.2,2.5,C 基底修復,False,12:08,4.2,升,52.0,7,False,10.0,0.8954,0.5897,,False,True,-1.74,-0.51,179.92,-0.11,-0.03,201.1,,OHLC,—,LH/LL,自然反彈,True,273,3,universe
LCII,2026-10-01,82.11,2.87,False,93.02,-0.829,-1.12,True,81.4,0.29,81.1,True,3.49,1.98,0.0,0.0,D 趨勢弱,True,8:49,264.6,跌,328.0,34,False,10.0,-0.1223,-0.1105,-1.5792,False,False,-13.29,-3.81,85.52,-4.15,-1.19,29.5,,OHLC,↓,LH/LL,DT,False,273,3,universe
VCTR,2026-10-01,111.74,3.74,False,110.91,-0.14,-0.24,False,81.4,-0.16,81.5,True,3.35,2.13,71.4,6.0,A 待突破,True,9:38,289.1,升,11.0,2,False,10.0,0.3563,0.1763,,False,True,0.74,0.22,,,,82.1,,OHLC,—,LH/LL,UT,False,273,3,universe
CG,2026-10-01,40.39,1.35,False,43.87,-0.32,-1.18,True,81.1,0.14,81.0,True,3.33,2.19,11.8,11.8,D 趨勢弱,True,9:20,279.9,升,6.0,1,False,10.0,0.0495,-0.0637,,False,False,-8.62,-2.59,40.86,-1.16,-0.35,141.0,,OHLC,—,LH/LL,自然反彈,True,273,3,universe
CRI,2026-10-01,31.71,1.19,False,31.8,-0.146,-0.59,True,78.4,1.07,77.4,True,3.75,2.29,15.3,2.7,D 趨勢弱,False,12:45,22.7,升,63.0,9,False,10.0,0.4325,0.3994,,False,True,-0.28,-0.07,30.86,2.68,0.72,48.7,,OHLC,—,LH/LL,UT,True,273,3,universe
RIGL,2026-10-01,46.97,1.7,True,46.75,0.068,0.54,False,78.0,-0.87,78.9,True,3.62,2.49,70.8,-8.4,A 待突破,False,3:44,111.8,跌,12.0,2,False,10.0,-0.1317,-0.0149,-0.6347,False,True,0.47,0.13,49.02,-4.36,-1.21,11.1,,OHLC,—,LH/LL,自然回檔,False,273,3,universe
NEM,2026-10-01,114.67,3.91,False,125.61,-0.236,-0.02,True,77.9,0.79,77.1,True,3.41,2.72,48.2,0.5,C 基底修復,True,8:49,264.6,跌,215.0,22,False,10.0,-1.7181,-1.7043,-1.7257,False,False,-9.54,-2.8,128.09,-11.7,-3.43,840.1,,OHLC,↓,LH/LL,DT,False,273,3,universe
MG,2026-10-01,20.63,0.65,True,20.3,0.06,0.52,False,77.7,-0.13,77.8,True,3.14,3.04,63.2,-1.5,B 上升結構,False,3:43,111.5,跌,12.0,1,False,10.0,-0.034,0.0319,-0.05,False,True,1.61,0.51,20.51,0.58,0.19,10.5,,OHLC,—,HH/HL,自然回檔,True,273,3,universe
ZBRA,2026-10-01,375.45,10.78,True,357.29,0.331,-0.04,True,76.4,0.29,76.1,True,2.87,3.55,72.2,-8.3,E 延伸,False,12:14,6.9,升,54.0,7,False,10.0,1.5786,1.6298,,False,False,4.84,1.68,354.65,5.54,1.93,198.6,,OHLC,↑,HH/HL,UT,False,273,3,universe
GAP,2026-10-01,22.73,0.84,True,21.79,0.061,0.38,True,76.1,0.81,75.3,True,3.71,2.76,34.1,8.8,C 基底修復,False,11:53,356.7,升,48.0,5,False,10.0,0.1772,0.1979,,False,False,4.13,1.12,,,,142.8,,OHLC,—,LH/LL,自然回檔,False,273,3,universe
FCX,2026-10-01,69.28,2.73,True,73.74,0.068,0.16,True,74.5,0.48,74.0,False,3.94,2.84,57.9,0.3,C 基底修復,True,8:49,264.6,跌,215.0,21,False,10.0,-0.4442,-0.3632,-1.0898,False,False,-6.43,-1.63,74.9,-8.11,-2.06,813.1,,OHLC,↓,LH/LL,DT,False,273,3,universe
PSNL,2026-10-01,16.17,0.52,True,16.76,0.107,0.4,True,72.7,0.56,72.1,False,3.19,3.93,77.6,-2.6,B 上升結構,True,8:49,264.6,跌,152.0,20,False,10.0,-0.1045,-0.1007,-0.2263,False,False,-3.63,-1.14,16.0,1.05,0.33,34.1,,OHLC,—,HH/HL,自然回檔,True,273,3,universe
PMTS,2026-10-01,24.64,1.07,False,24.73,-0.061,-0.33,True,67.2,0.6,66.6,False,4.32,3.85,41.7,2.0,D 趨勢弱,True,8:49,264.6,跌,237.0,29,False,10.0,-0.069,-0.105,-0.8503,True,True,-0.36,-0.08,25.1,-1.85,-0.43,6.4,,OHLC,—,LH/LL,自然反彈,True,273,3,universe
OPRT,2026-10-01,8.22,0.33,True,7.99,0.016,0.35,True,63.7,0.66,63.1,False,4.02,4.84,56.0,-3.4,E 延伸,False,4:27,133.6,跌,24.0,3,False,10.0,-0.0363,-0.0286,-0.0979,False,True,2.87,0.71,8.66,-5.29,-1.32,5.4,,OHLC,—,LH/LL,DT,True,273,3,universe
SERV,2026-10-01,4.75,0.25,True,4.67,0.0,-0.18,True,60.0,0.59,59.4,False,5.33,4.32,23.7,3.2,D 趨勢弱,False,12:53,26.4,升,65.0,8,False,10.0,0.0582,0.0467,,False,True,1.73,0.32,4.31,9.26,1.74,13.3,,OHLC,↑,HH/HL,UT,False,273,3,universe
COIN,2026-10-01,189.29,10.93,True,184.51,1.504,0.47,True,56.0,1.26,54.8,False,5.77,4.73,34.8,-5.6,D 趨勢弱,False,4:09,124.7,跌,19.0,2,False,10.0,-0.7309,-0.4714,-1.9316,False,True,2.53,0.44,191.45,-1.14,-0.2,1805.1,,OHLC,—,LH/LL,自然回檔,False,273,3,universe
SNDK,2026-10-01,1787.69,102.32,True,1639.71,5.672,0.15,True,46.6,0.85,45.8,False,5.72,7.1,60.9,-3.0,E 延伸,True,9:36,288.2,升,10.0,1,False,10.0,0.2068,-0.6985,,False,False,8.28,1.45,1712.89,4.18,0.73,16200.0,,OHLC,↑,HH/HL,自然反彈,False,273,3,universe
GEMI,2026-10-01,5.07,0.42,True,4.88,0.037,0.45,True,40.8,0.52,40.3,False,8.36,6.17,18.7,0.0,E 延伸,False,3:41,110.6,跌,11.0,1,False,10.0,-0.0266,0.0008,-0.0438,False,True,3.8,0.45,4.39,13.41,1.6,15.5,,OHLC,↑,HH/HL,自然回檔,False,265,3,universe
NBIS,2026-10-01,232.28,16.07,True,224.28,0.191,-0.38,True,40.1,0.49,39.6,False,6.92,7.85,63.6,-1.4,E 延伸,False,2:49,84.6,升,100.0,9,False,10.0,0.8099,1.2777,,False,True,3.44,0.5,231.88,0.17,0.02,3551.1,,OHLC,—,HH/HL,次級回檔,True,273,3,universe
PURR,2026-10-01,12.03,1.03,True,12.19,0.261,0.49,True,40.0,0.52,39.5,False,8.57,6.23,55.3,-6.8,B 上升結構,False,5:15,157.5,跌,38.0,5,False,10.0,-0.2707,-0.2402,-0.2707,False,True,-1.36,-0.16,11.83,1.66,0.19,306.0,,OHLC,—,HH/HL,自然反彈,False,208,3,universe
ABTC,2026-10-01,8.18,0.74,True,8.76,0.035,0.24,True,36.7,0.07,36.7,False,9.03,6.89,23.9,-1.0,D 趨勢弱,False,4:55,147.6,跌,32.0,4,False,10.0,-0.1574,-0.1086,-0.1574,False,True,-7.12,-0.79,8.18,0.0,0.0,15.7,,OHLC,↑,HH/HL,自然回檔,False,273,3,universe
DAIC,2026-10-01,2.83,0.74,True,4.01,0.01,0.07,True,5.4,0.46,4.9,False,26.07,28.22,25.0,10.0,D 趨勢弱,True,7:27,223.6,跌,74.0,7,False,10.0,-0.1247,-0.1192,-0.2059,False,False,-41.53,-1.59,,,,34.6,,OHLC,—,HH/HL,自然反彈,False,273,3,universe
TR,2026-10-01,37.84,0.78,False,38.79,-0.113,-0.75,True,91.8,0.35,91.5,True,2.07,1.25,14.5,2.3,D 趨勢弱,False,10:00,300.2,升,17.0,3,False,11.0,0.0318,0.0108,,False,True,-2.52,-1.22,38.24,-1.06,-0.51,6.9,,OHLC,—,LH/LL,自然反彈,True,273,3,universe
SBUX,2026-10-01,94.88,2.11,False,99.97,-0.341,-0.9,True,91.0,0.39,90.6,True,2.22,1.3,19.0,1.7,D 趨勢弱,True,9:31,285.7,升,9.0,1,False,11.0,0.0023,-0.1112,,False,False,-5.37,-2.42,96.2,-1.39,-0.63,672.1,,OHLC,—,LH/LL,DT,True,273,3,universe
MSA,2026-10-01,179.03,3.74,False,183.84,-0.302,-0.37,True,90.6,0.34,90.3,True,2.09,1.52,35.4,0.5,C 基底修復,False,4:06,123.1,跌,18.0,2,False,11.0,-0.1712,-0.1606,-1.5528,False,True,-2.69,-1.29,182.84,-2.13,-1.02,45.2,,OHLC,↓,LH/LL,自然回檔,False,273,3,universe
BTX,2026-10-01,9.16,0.19,True,8.9,0.011,-0.09,False,89.6,-0.13,89.7,True,2.05,1.77,81.3,-1.1,A 待突破,False,12:03,1.4,升,51.0,8,False,11.0,0.0185,0.0074,,False,True,2.82,1.38,8.82,3.71,1.81,3.6,,OHLC,—,HH/HL,自然反彈,False,273,3,universe
HEI/A,2026-10-01,230.82,5.77,False,236.0,-0.819,-0.85,True,89.6,0.53,89.0,True,2.5,1.33,22.3,2.5,D 趨勢弱,False,12:30,15.0,升,58.0,7,False,11.0,1.3744,1.2708,,False,True,-2.24,-0.9,235.02,-1.82,-0.73,79.0,,OHLC,↓,LH/LL,自然反彈,False,273,3,universe
JCI,2026-10-01,151.77,3.46,True,143.53,0.077,-0.05,True,88.9,0.15,88.7,True,2.28,1.7,66.2,-0.4,E 延伸,False,2:10,64.8,升,86.0,10,False,11.0,0.9735,0.8799,,False,False,5.43,2.38,137.76,9.23,4.05,481.1,,OHLC,↑,HH/HL,UT,False,273,3,universe
BKE,2026-10-01,42.69,1.05,False,42.06,-0.011,-0.08,True,88.0,0.12,87.9,True,2.47,1.7,14.5,0.3,D 趨勢弱,False,1:19,39.4,升,72.0,8,False,11.0,0.3521,0.381,,False,True,1.47,0.6,43.41,-1.69,-0.68,21.1,,OHLC,↓,LH/LL,自然反彈,False,273,3,universe
CR,2026-10-01,206.32,5.03,False,203.07,-0.455,-0.32,True,87.6,0.36,87.3,True,2.44,1.8,41.6,-2.1,C 基底修復,False,1:07,33.3,升,68.0,9,False,11.0,1.2539,1.3208,,False,True,1.58,0.65,201.82,2.18,0.89,76.4,,OHLC,—,LH/LL,自然回檔,False,273,3,universe
EPAC,2026-10-01,34.97,0.89,False,36.01,-0.054,-0.3,True,86.7,0.69,86.0,True,2.53,1.9,14.2,2.1,D 趨勢弱,False,5:12,156.2,跌,37.0,4,False,11.0,-0.0554,-0.048,-0.3554,False,True,-2.99,-1.18,36.04,-3.06,-1.21,15.8,,OHLC,↓,LH/LL,DT,False,273,3,universe
USFD,2026-10-01,93.93,2.63,False,98.0,-0.411,-0.82,True,86.4,0.2,86.2,True,2.8,1.69,31.8,2.0,D 趨勢弱,True,9:25,282.5,升,7.0,1,False,11.0,0.127,-0.0127,,False,False,-4.33,-1.55,94.22,-0.31,-0.11,245.0,,OHLC,—,LH/LL,自然回檔,True,273,3,universe
WDFC,2026-10-01,202.33,4.69,False,202.01,-0.529,-0.78,True,86.2,0.43,85.8,True,2.32,2.22,11.2,0.8,D 趨勢弱,False,12:54,27.2,升,65.0,7,False,11.0,2.2108,2.2168,,False,True,0.16,0.07,204.21,-0.93,-0.4,25.5,,OHLC,↓,LH/LL,自然反彈,False,273,3,universe
SBGSY,2026-10-01,65.86,1.46,False,66.97,-0.033,-0.35,True,86.1,0.5,85.6,True,2.22,2.34,55.0,12.5,C 基底修復,False,3:26,103.2,跌,7.0,1,False,11.0,-0.0048,0.0301,-0.6864,False,True,-1.68,-0.76,67.93,-3.14,-1.41,17.3,,OHLC,—,LH/LL,DT,True,273,3,universe
ASGI,2026-10-01,19.02,0.49,False,21.17,-0.142,-1.49,True,86.0,0.11,85.9,True,2.57,2.0,0.4,-0.7,D 趨勢弱,True,8:49,264.6,跌,231.0,26,False,11.0,-0.0289,-0.0477,-0.324,True,False,-11.3,-4.4,20.53,-7.94,-3.09,6.5,,OHLC,↓,LH/LL,DT,False,273,3,universe
GRC,2026-10-01,75.13,2.25,False,74.3,-0.103,-0.26,True,85.8,0.27,85.6,True,3.0,1.61,47.3,-0.6,C 基底修復,False,1:00,30.0,升,67.0,9,False,11.0,0.4389,0.448,,False,True,1.11,0.37,75.49,-0.48,-0.16,15.3,,OHLC,↓,LH/LL,自然回檔,False,273,3,universe
BDN,2026-10-01,2.78,0.08,False,2.99,-0.009,-0.49,True,84.8,0.28,84.6,True,2.87,1.93,14.0,0.6,D 趨勢弱,True,8:49,264.6,跌,233.0,23,False,11.0,-0.0118,-0.0112,-0.0161,False,False,-7.53,-2.62,3.01,-8.27,-2.88,5.4,,OHLC,↓,LH/LL,DT,False,273,3,universe
BKTI,2026-10-01,75.0,2.13,False,74.02,-0.061,-0.16,True,84.7,0.06,84.6,True,2.84,1.99,13.3,0.1,D 趨勢弱,False,1:14,37.2,升,71.0,11,False,11.0,0.4263,0.4453,,False,True,1.3,0.46,74.44,0.75,0.26,3.3,,OHLC,↓,LH/LL,自然反彈,False,273,3,universe
HLIO,2026-10-01,68.89,2.17,False,70.23,-0.282,-0.87,True,84.1,0.06,84.1,True,3.16,1.79,26.2,4.3,C 基底修復,False,1:22,40.9,升,73.0,9,False,11.0,0.3906,0.3506,,False,True,-1.95,-0.62,69.52,-0.91,-0.29,27.5,,OHLC,—,LH/LL,自然回檔,True,273,3,universe
NWPX,2026-10-01,104.77,3.37,False,106.19,-0.297,-0.51,True,83.4,0.05,83.4,True,3.22,1.86,57.0,2.1,D 趨勢弱,False,2:28,74.1,升,91.0,9,False,11.0,0.7888,0.6419,,False,True,-1.35,-0.42,105.66,-0.85,-0.26,13.5,,OHLC,—,LH/LL,自然反彈,True,273,3,universe
IPAR,2026-10-01,111.85,3.64,False,114.35,-0.208,0.01,True,83.1,0.85,82.2,True,3.25,1.9,43.3,1.5,C 基底修復,False,3:23,101.4,跌,6.0,1,False,11.0,-0.0077,0.198,-2.0202,False,True,-2.24,-0.69,114.01,-1.93,-0.59,25.9,,OHLC,—,HH/HL,自然回檔,False,273,3,universe
KEYS,2026-10-01,373.88,10.8,True,331.65,1.637,0.11,True,82.2,0.09,82.1,True,2.89,2.43,70.8,-0.7,E 延伸,False,2:49,84.6,升,111.0,11,False,11.0,3.8781,3.6113,,False,False,11.3,3.91,312.76,16.35,5.66,349.9,,OHLC,↑,HH/HL,UT,False,273,3,universe
AMRX,2026-10-01,20.07,0.8,True,18.66,0.065,0.55,True,75.8,0.24,75.6,True,4.01,2.52,65.2,1.3,E 延伸,False,2:49,84.6,升,100.0,11,False,11.0,0.1841,0.2266,,False,False,7.01,1.75,20.78,-3.54,-0.88,54.3,,OHLC,—,LH/LL,自然回檔,False,273,3,universe
DXPE,2026-10-01,182.31,6.2,False,186.62,-0.526,-0.36,True,75.6,0.04,75.6,True,3.4,3.16,54.9,3.4,C 基底修復,False,4:25,132.4,跌,24.0,3,False,11.0,-0.7635,-0.5351,-2.2581,False,True,-2.36,-0.69,189.04,-3.69,-1.09,24.8,,OHLC,—,LH/LL,自然回檔,False,273,3,universe
BIRK,2026-10-01,32.97,1.24,False,33.21,-0.168,-1.65,True,75.2,0.44,74.8,True,3.77,2.87,21.3,3.4,D 趨勢弱,False,1:36,47.9,升,77.0,9,False,11.0,0.4763,0.4771,,False,True,-0.72,-0.19,29.93,9.22,2.44,71.6,,OHLC,—,HH/HL,自然回檔,False,273,3,universe
FRPT,2026-10-01,57.72,2.19,False,66.21,-0.621,-1.07,True,75.2,0.49,74.7,True,3.79,2.85,15.5,-0.5,D 趨勢弱,True,8:49,264.6,跌,230.0,25,False,11.0,-0.4831,-0.6392,-1.483,True,False,-14.7,-3.87,56.0,2.98,0.79,65.5,,OHLC,—,HH/HL,DT,False,273,3,universe
QUBT,2026-10-01,8.39,0.41,True,8.49,0.003,-0.06,True,64.1,0.54,63.6,False,4.86,3.92,19.1,-12.9,D 趨勢弱,False,3:35,107.6,跌,10.0,1,False,11.0,-0.001,0.0227,-0.0753,False,True,-1.15,-0.24,9.76,-16.33,-3.36,58.5,,OHLC,—,LH/LL,自然回檔,False,273,3,universe
DD,2026-10-01,129.2,2.61,False,131.67,-0.308,-0.76,True,91.5,0.14,91.4,True,2.02,1.38,36.2,0.8,C 基底修復,False,2:49,84.6,升,97.0,9,False,12.0,0.4522,0.5497,,False,True,-1.91,-0.94,132.22,-2.34,-1.16,148.6,,OHLC,—,LH/LL,自然反彈,True,273,3,universe
MAC,2026-10-01,22.54,0.5,False,23.09,-0.06,-0.57,True,90.0,0.06,90.0,True,2.2,1.54,42.5,0.9,C 基底修復,False,1:59,59.6,升,83.0,8,False,12.0,0.0634,0.0633,,False,True,-2.44,-1.11,22.89,-1.55,-0.71,84.3,,OHLC,—,LH/LL,DT,True,273,3,universe
SSD,2026-10-01,172.59,3.85,False,176.42,-0.825,-0.8,True,89.4,0.1,89.3,True,2.23,1.63,17.4,4.8,D 趨勢弱,False,1:28,44.0,升,74.0,8,False,12.0,0.4572,0.485,,False,True,-2.22,-0.99,175.78,-1.85,-0.83,53.4,,OHLC,—,LH/LL,DT,True,273,3,universe
TRS,2026-10-01,38.57,0.99,True,39.01,0.005,0.03,False,89.3,-0.59,89.9,True,2.56,1.33,46.7,-0.7,C 基底修復,False,2:49,84.6,升,103.0,8,False,12.0,0.0597,0.0974,,False,True,-1.13,-0.44,39.07,-1.3,-0.51,11.8,,OHLC,—,LH/LL,DT,True,273,3,universe
IRDM,2026-10-01,47.87,1.01,False,47.51,-0.016,-0.21,True,89.1,0.22,88.9,True,2.11,1.81,69.1,-0.5,C 基底修復,False,2:27,73.3,升,91.0,11,False,12.0,0.0625,0.099,,False,True,0.74,0.35,49.35,-3.09,-1.46,52.5,,OHLC,—,LH/LL,自然回檔,False,273,3,universe
WKC,2026-10-01,35.68,0.95,False,35.58,-0.028,-0.12,True,87.9,0.14,87.7,True,2.67,1.53,55.8,1.6,C 基底修復,False,2:20,70.0,升,89.0,12,False,12.0,0.0191,0.0094,,False,True,0.27,0.1,36.04,-1.01,-0.38,40.8,,OHLC,—,LH/LL,DT,True,273,3,universe
KWR,2026-10-01,158.39,4.47,False,159.82,-0.325,-0.38,True,86.1,0.45,85.6,True,2.82,1.74,47.9,2.9,C 基底修復,False,11:58,359.2,升,50.0,7,False,12.0,0.3216,0.375,,False,True,-0.9,-0.32,151.96,4.06,1.44,23.2,,OHLC,—,HH/HL,DT,False,273,3,universe
CNM,2026-10-01,41.38,1.19,False,42.56,-0.093,-0.39,True,85.5,0.18,85.4,True,2.86,1.8,13.4,1.8,D 趨勢弱,False,2:39,79.4,升,94.0,10,False,12.0,0.0036,0.0326,,False,True,-2.85,-1.0,41.62,-0.58,-0.2,123.4,,OHLC,—,HH/HL,自然回檔,False,273,3,universe
LECO,2026-10-01,269.4,7.27,False,268.71,-0.453,-0.4,True,85.1,0.18,84.9,True,2.7,2.05,51.8,17.1,C 基底修復,False,12:23,11.6,升,56.0,6,False,12.0,1.2964,1.2501,,False,True,0.26,0.1,274.18,-1.77,-0.66,110.3,,OHLC,—,LH/LL,自然回檔,False,273,3,universe
COO,2026-10-01,57.41,1.93,False,58.38,-0.259,-0.86,True,78.2,0.59,77.6,True,3.36,2.72,0.0,0.0,D 趨勢弱,False,10:23,311.7,升,23.0,5,False,12.0,0.6893,0.5471,,False,True,-1.69,-0.5,54.12,5.73,1.71,318.5,,OHLC,—,HH/HL,UT,True,273,3,universe
ANET,2026-10-01,204.49,7.07,True,196.69,0.502,0.13,True,76.4,1.34,75.0,True,3.46,2.97,74.3,-8.9,E 延伸,False,2:49,84.6,升,123.0,10,False,12.0,0.1031,0.2175,,False,False,3.81,1.1,198.76,2.8,0.81,951.6,,OHLC,—,HH/HL,UT,True,273,3,universe
AGPU,2026-10-01,11.42,1.06,True,11.35,0.046,0.64,True,33.8,0.42,33.4,False,9.26,7.78,52.3,-0.6,E 延伸,False,5:11,155.5,跌,36.0,2,False,12.0,-0.1126,-0.0696,-0.1166,False,True,0.57,0.06,12.13,-6.22,-0.67,4.0,,OHLC,—,HH/HL,自然回檔,True,273,3,universe
REPL,2026-10-01,13.45,0.84,False,13.92,-0.077,-0.5,True,30.8,0.67,30.1,False,6.22,12.1,66.3,0.1,B 上升結構,True,8:49,264.6,跌,175.0,23,False,12.0,-0.0401,-0.0979,-0.4735,True,True,-3.49,-0.56,13.47,-0.15,-0.02,28.6,,OHLC,—,LH/LL,自然反彈,True,273,3,universe
PEN,2026-10-01,318.0,1.72,False,320.11,-0.252,-0.54,True,99.2,0.03,99.2,True,0.54,0.39,29.2,-0.1,C 基底修復,False,11:30,344.9,升,42.0,6,False,13.0,0.0316,0.0657,,False,True,-0.66,-1.23,320.27,-0.71,-1.32,122.6,,OHLC,↓,LH/LL,DT,False,273,3,universe
AMH,2026-10-01,30.53,0.5,False,31.77,-0.106,-1.18,True,94.6,0.1,94.5,True,1.63,1.01,20.7,0.2,D 趨勢弱,True,8:49,264.6,跌,227.0,25,False,13.0,-0.0206,-0.0412,-0.2609,True,False,-4.07,-2.5,31.96,-4.68,-2.88,104.6,,OHLC,↓,LH/LL,DT,False,273,3,universe
WBD,2026-10-01,30.95,0.36,True,29.91,0.065,1.2,True,93.8,0.32,93.5,True,1.15,1.69,59.1,-1.4,E 延伸,False,1:42,50.9,升,78.0,9,False,13.0,0.1473,0.1817,,False,False,3.36,2.91,28.32,8.5,7.36,1466.2,,OHLC,↑,HH/HL,UT,False,273,3,universe
BATRA,2026-10-01,57.84,1.25,True,56.51,0.005,0.18,False,90.8,-0.39,91.1,True,2.17,1.4,76.3,1.0,A 待突破,False,12:18,9.2,升,55.0,10,False,13.0,0.1748,0.284,,False,True,2.3,1.06,56.12,2.97,1.37,3.5,,OHLC,↑,HH/HL,自然回檔,False,273,3,universe
FTV,2026-10-01,55.84,1.09,False,56.84,-0.119,-0.67,True,90.6,0.03,90.6,True,1.95,1.65,37.0,6.3,D 趨勢弱,False,2:49,84.6,升,125.0,8,False,13.0,0.1737,0.1351,,False,True,-1.8,-0.92,56.26,-0.75,-0.39,120.7,,OHLC,—,LH/LL,DT,True,273,3,universe
TTC,2026-10-01,97.79,2.22,False,95.49,-0.013,-0.02,True,89.2,0.04,89.1,True,2.27,1.65,66.2,7.5,A 待突破,False,2:01,60.4,升,84.0,7,False,13.0,0.4707,0.4443,,False,True,2.35,1.04,98.28,-0.5,-0.22,94.2,,OHLC,—,LH/LL,UT,False,273,3,universe
IDXX,2026-10-01,517.75,13.19,False,528.58,-1.279,-0.44,True,87.7,0.33,87.4,True,2.55,1.68,20.0,1.2,D 趨勢弱,False,1:05,32.6,升,68.0,8,False,13.0,2.5321,3.091,,False,True,-2.09,-0.82,507.01,2.07,0.81,255.9,,OHLC,—,HH/HL,DT,True,273,3,universe
CHH,2026-10-01,102.31,3.0,False,101.79,-0.288,-0.14,True,85.2,0.51,84.7,True,2.93,1.8,16.0,-3.4,C 基底修復,False,1:00,30.0,升,67.0,8,False,13.0,0.7952,0.8756,,False,True,0.51,0.17,95.77,6.39,2.18,57.3,,OHLC,↑,HH/HL,UT,False,273,3,universe
SWK,2026-10-01,89.59,2.74,False,92.76,-0.415,-0.61,True,84.1,0.01,84.1,True,3.06,1.9,53.7,3.8,C 基底修復,True,9:34,286.9,升,9.0,1,False,13.0,0.0477,-0.0227,,False,False,-3.54,-1.16,91.81,-2.48,-0.81,156.3,,OHLC,—,LH/LL,DT,True,273,3,universe
MAS,2026-10-01,68.28,1.82,False,69.72,-0.211,-0.5,True,83.9,0.28,83.7,True,2.66,2.32,24.2,4.6,D 趨勢弱,False,11:49,354.7,升,47.0,8,False,13.0,0.159,0.121,,False,True,-2.11,-0.79,68.85,-0.83,-0.31,166.2,,OHLC,—,LH/LL,自然回檔,True,273,3,universe
DHR,2026-10-01,211.76,6.09,True,214.19,0.269,0.49,False,82.2,-1.83,84.1,True,2.88,2.44,53.0,-3.4,B 上升結構,False,1:48,54.0,升,80.0,9,False,13.0,0.1529,1.1717,,False,True,-1.15,-0.4,228.38,-7.85,-2.73,926.9,,OHLC,—,LH/LL,自然回檔,False,273,3,universe
DT,2026-10-01,59.26,1.75,True,54.24,0.266,0.92,True,81.0,0.57,80.4,True,2.96,2.6,60.1,-4.9,E 延伸,False,2:03,61.6,升,84.0,12,False,13.0,0.1037,0.0794,,False,False,8.48,2.87,55.64,6.1,2.06,383.1,,OHLC,↑,HH/HL,UT,False,273,3,universe
SN,2026-10-01,179.78,6.43,False,173.96,-0.047,-0.1,True,78.1,0.71,77.3,True,3.58,2.53,70.6,4.0,B 上升結構,False,10:46,322.9,升,29.0,5,False,13.0,1.3411,1.4334,,False,True,3.24,0.9,179.98,-0.11,-0.03,353.1,,OHLC,↑,HH/HL,UT,False,273,3,universe
BSY,2026-10-01,32.75,1.19,False,33.33,-0.093,-0.53,True,77.4,0.66,76.7,True,3.63,2.61,6.9,5.0,D 趨勢弱,False,10:07,303.5,升,19.0,2,False,13.0,0.1106,0.0139,,False,True,-1.78,-0.49,32.72,0.09,0.03,89.2,,OHLC,—,LH/LL,自然反彈,True,273,3,universe
INTA,2026-10-01,37.59,1.54,False,39.08,-0.079,-0.29,True,71.7,0.76,70.9,False,4.1,3.21,56.3,17.6,D 趨勢弱,True,8:49,264.6,跌,251.0,28,False,13.0,-0.1863,-0.363,-0.9869,True,True,-3.95,-0.96,36.83,2.02,0.49,21.1,,OHLC,—,LH/LL,UT,True,273,3,universe
SAIL,2026-10-01,20.58,1.17,True,19.74,0.052,0.17,True,59.4,1.08,58.3,False,5.68,4.1,55.2,-5.5,B 上升結構,False,4:09,124.7,跌,19.0,2,False,13.0,-0.0369,-0.008,-0.3467,False,True,4.07,0.72,20.0,2.82,0.5,111.3,,OHLC,—,HH/HL,自然回檔,True,273,3,universe
IONQ,2026-10-01,43.99,2.74,True,41.39,0.031,0.07,True,54.0,0.97,53.0,False,6.22,4.75,35.0,-3.4,E 延伸,False,1:37,48.5,升,77.0,10,False,13.0,0.6068,0.7052,,False,True,5.9,0.95,47.91,-8.91,-1.43,1014.6,,OHLC,—,LH/LL,自然回檔,False,273,3,universe
SNA,2026-10-01,367.72,6.16,False,378.55,-1.084,-0.84,True,94.4,0.01,94.4,True,1.67,1.01,24.7,3.1,D 趨勢弱,False,11:44,351.8,升,45.0,5,False,14.0,0.2649,0.0326,,False,True,-2.95,-1.76,374.46,-1.83,-1.09,108.6,,OHLC,↓,LH/LL,DT,False,273,3,universe
AAT,2026-10-01,21.39,0.38,False,22.01,-0.035,-0.58,True,93.5,0.01,93.5,True,1.79,1.13,33.9,1.3,C 基底修復,False,2:41,80.3,升,95.0,11,False,14.0,0.0089,0.0058,,False,True,-2.92,-1.63,21.79,-1.87,-1.05,11.0,,OHLC,↓,LH/LL,DT,False,273,3,universe
HON,2026-10-01,213.8,4.39,False,210.0,-0.269,-0.59,True,90.2,0.07,90.1,True,2.06,1.64,17.8,0.1,D 趨勢弱,False,2:23,71.5,升,90.0,12,False,14.0,1.5512,1.4795,,False,True,1.78,0.86,209.02,2.24,1.09,623.8,,OHLC,—,HH/HL,自然反彈,False,273,3,universe
DOV,2026-10-01,188.06,4.05,False,191.96,-0.466,-0.5,True,89.8,0.16,89.6,True,2.15,1.64,18.7,3.0,D 趨勢弱,False,2:11,65.7,升,86.0,8,False,14.0,0.6359,0.6911,,False,True,-2.07,-0.96,184.8,1.73,0.81,264.3,,OHLC,—,HH/HL,自然回檔,True,273,3,universe
PH,2026-10-01,965.88,21.04,False,969.05,-2.869,-0.59,True,89.8,0.17,89.6,True,2.18,1.61,46.2,1.3,C 基底修復,False,1:19,39.4,升,72.0,8,False,14.0,3.8504,4.117,,False,True,-0.33,-0.15,978.33,-1.29,-0.59,559.5,,OHLC,↓,LH/LL,自然回檔,False,273,3,universe
TMO,2026-10-01,652.51,15.9,True,639.55,1.932,0.7,False,87.7,-1.05,88.7,True,2.44,1.8,58.8,-3.5,E 延伸,False,3:26,103.1,跌,7.0,1,False,14.0,-0.1283,2.1254,-4.8803,False,True,1.99,0.82,600.5,7.97,3.27,1500.6,,OHLC,—,HH/HL,自然回檔,True,273,3,universe
LAUR,2026-10-01,38.0,1.02,True,37.08,0.031,0.12,False,87.1,-0.33,87.4,True,2.7,1.66,58.0,-0.9,A 待突破,False,12:37,18.4,升,60.0,7,False,14.0,0.2577,0.277,,False,True,2.42,0.9,37.31,1.82,0.67,37.4,,OHLC,↑,HH/HL,UT,False,273,3,universe
MOV,2026-10-01,33.95,0.95,False,33.79,-0.049,-0.29,True,86.8,0.15,86.6,True,2.8,1.62,56.7,2.9,C 基底修復,False,2:29,74.6,升,91.0,12,False,14.0,0.2026,0.1809,,False,True,0.48,0.17,33.28,1.97,0.7,6.4,,OHLC,—,HH/HL,自然反彈,True,273,3,universe
WAT,2026-10-01,425.53,11.78,True,419.08,0.708,0.4,False,86.4,-0.86,87.3,True,2.77,1.72,70.3,-2.9,A 待突破,False,2:49,84.6,升,126.0,11,False,14.0,0.7093,1.9051,,False,True,1.52,0.55,420.57,1.17,0.42,295.1,,OHLC,↑,HH/HL,自然回檔,False,273,3,universe
TOL,2026-10-01,136.36,3.68,False,138.1,-0.799,-0.62,True,86.1,0.13,85.9,True,2.7,1.87,16.5,3.9,D 趨勢弱,False,12:24,11.8,升,57.0,8,False,14.0,0.5865,0.5395,,False,True,-1.28,-0.47,131.4,3.64,1.35,155.1,,OHLC,—,HH/HL,自然回檔,True,273,3,universe
USPH,2026-10-01,82.6,2.43,True,80.93,0.118,0.33,False,85.5,-1.17,86.7,True,2.94,1.73,59.2,1.1,B 上升結構,False,12:18,9.2,升,55.0,13,False,14.0,0.1162,0.382,,False,True,2.03,0.69,77.71,5.92,2.01,14.6,,OHLC,—,HH/HL,自然回檔,True,273,3,universe
DHI,2026-10-01,137.06,3.76,False,140.93,-0.598,-0.42,True,85.1,0.12,85.0,True,2.74,2.01,14.0,2.6,D 趨勢弱,False,12:17,8.5,升,55.0,8,False,14.0,0.0168,0.1146,,False,True,-2.83,-1.03,136.32,0.54,0.2,407.2,,OHLC,—,HH/HL,DT,False,273,3,universe
ODC,2026-10-01,91.41,2.69,False,89.46,-0.06,-0.01,True,84.6,0.1,84.5,True,2.95,1.91,53.5,0.4,C 基底修復,False,2:37,78.5,升,94.0,11,False,14.0,0.5173,0.5016,,False,True,2.13,0.72,92.19,-0.85,-0.29,10.0,,OHLC,—,LH/LL,次級反彈,True,273,3,universe
HAE,2026-10-01,104.37,2.66,False,105.63,-0.149,0.48,False,83.9,-0.27,84.2,True,2.55,2.43,90.2,-0.7,A 待突破,True,8:28,254.0,跌,91.0,23,False,14.0,-0.8289,-0.7586,-1.2149,False,True,-1.21,-0.47,110.45,-5.83,-2.28,59.7,,OHLC,—,LH/LL,自然回檔,False,273,3,universe
MEDP,2026-10-01,598.08,16.41,True,608.94,0.046,0.23,False,83.5,-1.7,85.2,True,2.74,2.33,50.5,-17.3,C 基底修復,False,3:24,102.2,跌,7.0,1,False,14.0,-1.4481,0.3071,-4.7129,False,True,-1.82,-0.66,637.64,-6.62,-2.41,147.5,,OHLC,—,LH/LL,自然回檔,False,273,3,universe
BLFS,2026-10-01,36.78,1.07,True,36.85,0.035,0.45,False,83.4,-2.42,85.8,True,2.9,2.19,67.0,-13.5,B 上升結構,False,3:38,109.2,跌,11.0,1,False,14.0,-0.0049,0.167,-0.4556,False,True,-0.19,-0.07,34.92,5.06,1.74,33.4,,OHLC,↑,HH/HL,自然回檔,False,273,3,universe
RUSHB,2026-10-01,54.33,1.79,True,54.11,0.031,0.08,False,82.6,-0.1,82.7,True,3.3,1.94,56.6,-5.4,B 上升結構,False,2:49,84.6,升,128.0,13,False,14.0,0.0143,0.0678,,False,True,0.41,0.12,53.61,1.33,0.4,12.5,,OHLC,—,HH/HL,自然回檔,True,273,3,universe
BCC,2026-10-01,74.7,2.32,False,76.94,-0.241,-0.44,True,81.2,0.26,81.0,True,3.1,2.4,22.7,3.8,D 趨勢弱,False,3:33,106.6,跌,9.0,1,False,14.0,-0.046,0.006,-0.9878,False,True,-3.0,-0.97,74.27,0.58,0.19,26.8,,OHLC,—,HH/HL,DT,False,273,3,universe
SUPN,2026-10-01,42.18,1.44,False,43.4,-0.256,-0.55,True,80.8,0.05,80.8,True,3.42,2.17,21.4,-1.2,D 趨勢弱,False,2:28,74.1,升,91.0,9,False,14.0,0.1906,0.2947,,False,True,-2.88,-0.84,44.6,-5.74,-1.68,26.8,,OHLC,↓,LH/LL,次級回檔,False,273,3,universe
CYRX,2026-10-01,17.36,0.57,True,16.64,0.057,0.58,True,80.7,0.08,80.6,True,3.3,2.31,65.8,-3.2,E 延伸,False,2:14,67.1,升,87.0,12,False,14.0,0.0417,0.0646,,False,False,4.15,1.26,16.72,3.69,1.12,10.5,,OHLC,—,LH/LL,UT,False,273,3,universe
KODK,2026-10-01,9.85,0.31,True,9.4,0.003,-0.15,True,80.4,0.02,80.3,True,3.12,2.55,41.3,-3.3,D 趨勢弱,False,1:24,42.0,升,73.0,11,False,14.0,0.024,0.0104,,False,False,4.54,1.45,9.51,3.45,1.11,7.4,,OHLC,↑,HH/HL,UT,False,273,3,universe
ENR,2026-10-01,21.21,0.79,False,21.35,-0.027,-0.15,True,79.4,0.46,79.0,True,3.72,2.13,54.2,8.9,C 基底修復,False,11:54,356.8,升,48.0,11,False,14.0,0.0193,0.0722,,False,True,-0.65,-0.17,20.69,2.45,0.66,19.6,,OHLC,—,LH/LL,DT,True,273,3,universe
M,2026-10-01,22.76,0.82,False,22.27,-0.009,-0.07,True,78.9,0.45,78.5,True,3.61,2.33,46.2,0.0,C 基底修復,False,1:13,36.5,升,70.0,13,False,14.0,0.1566,0.1779,,False,True,2.14,0.59,22.24,2.28,0.63,155.5,,OHLC,↑,HH/HL,自然回檔,False,273,3,universe
OLLI,2026-10-01,87.91,3.11,True,77.39,0.244,0.45,True,78.3,1.91,76.4,True,3.54,2.52,15.0,-1.4,E 延伸,False,2:33,76.7,升,93.0,11,False,14.0,1.0372,1.0481,,False,False,11.97,3.38,73.23,16.7,4.72,146.2,,OHLC,↑,HH/HL,UT,False,273,3,universe
CROX,2026-10-01,119.24,4.43,False,119.53,-0.265,-0.25,True,76.8,0.37,76.4,True,3.72,2.63,50.0,0.5,C 基底修復,False,1:33,46.6,升,76.0,11,False,14.0,0.445,0.6867,,False,True,-0.24,-0.07,125.57,-5.31,-1.43,136.6,,OHLC,—,LH/LL,DT,True,273,3,universe
CMCT,2026-10-01,3.62,0.52,True,2.96,0.015,-1.47,True,22.1,1.47,20.6,False,14.34,8.93,29.7,24.7,D 趨勢弱,True,9:25,282.3,升,7.0,2,False,14.0,0.1213,0.0279,,False,False,18.28,1.28,,,,5.0,,OHLC,—,LH/LL,UT,False,255,3,universe
AES,2026-10-01,14.92,0.05,True,14.81,0.006,0.48,False,99.7,-0.0,99.7,True,0.32,0.23,48.1,0.0,C 基底修復,False,2:49,84.6,升,173.0,22,False,,0.0074,0.0055,,False,True,0.74,2.31,14.8,0.8,2.5,121.4,,OHLC,↑,HH/HL,UT,False,273,3,universe
SLAB,2026-10-01,222.51,1.07,True,219.89,0.097,0.36,False,99.5,-0.02,99.5,True,0.48,0.24,71.8,-0.4,A 待突破,False,2:49,84.6,升,103.0,10,False,,0.1064,0.0535,,False,True,1.18,2.44,220.78,0.78,1.61,61.1,,OHLC,↑,HH/HL,UT,False,273,3,universe
GSAT,2026-10-01,82.88,0.66,False,82.21,-0.002,-0.04,True,98.0,0.03,98.0,True,0.79,0.73,86.2,-1.0,A 待突破,False,2:49,84.6,升,110.0,11,False,,0.0334,0.0286,,False,True,0.81,1.02,81.95,1.12,1.41,45.9,,OHLC,—,HH/HL,自然反彈,True,273,3,universe
EGP,2026-10-01,194.84,3.17,False,200.53,-0.219,-0.13,True,94.5,0.03,94.5,True,1.63,1.02,27.0,-13.0,D 趨勢弱,False,3:28,104.0,跌,8.0,1,False,,-0.2261,0.1884,-1.8986,False,True,-2.92,-1.79,203.44,-4.41,-2.71,111.7,,OHLC,↓,LH/LL,DT,False,273,3,universe
SHO,2026-10-01,11.31,0.2,True,11.1,0.003,0.25,False,94.1,-0.05,94.1,True,1.74,1.03,66.0,8.3,C 基底修復,False,2:37,78.6,升,94.0,13,False,,0.0395,0.0381,,False,True,1.83,1.05,10.78,4.69,2.69,22.2,,OHLC,—,HH/HL,UT,True,273,3,universe
GGG,2026-10-01,77.76,1.35,False,77.87,-0.099,-0.29,True,92.8,0.25,92.6,True,1.74,1.35,28.0,0.1,D 趨勢弱,False,11:59,359.3,升,50.0,8,False,,0.1766,0.1729,,False,True,-0.15,-0.08,76.87,1.14,0.66,118.9,,OHLC,—,HH/HL,自然反彈,True,273,3,universe
APLE,2026-10-01,16.37,0.31,False,15.9,-0.003,0.1,True,92.6,0.07,92.5,True,1.89,1.26,69.4,2.4,A 待突破,False,1:22,40.9,升,73.0,9,False,,0.1031,0.1012,,False,True,2.89,1.53,16.07,1.83,0.97,40.7,,OHLC,↑,HH/HL,UT,False,273,3,universe
ABBV,2026-10-01,259.93,5.07,False,260.89,-0.159,0.3,True,91.9,0.17,91.8,True,1.95,1.35,79.0,1.2,A 待突破,False,4:15,127.4,跌,21.0,2,False,,-0.4782,-0.1866,-2.5748,False,True,-0.37,-0.19,261.72,-0.69,-0.35,1075.2,,OHLC,—,LH/LL,自然回檔,True,273,3,universe
FAST,2026-10-01,50.22,0.98,False,49.79,-0.055,-0.21,True,91.8,0.0,91.8,True,1.95,1.38,56.3,13.5,C 基底修復,False,11:58,359.2,升,50.0,8,False,,0.0326,0.0296,,False,True,0.86,0.44,48.53,3.37,1.73,347.7,,OHLC,↑,HH/HL,自然回檔,False,273,3,universe
YUMC,2026-10-01,40.96,0.76,False,43.73,-0.202,-1.25,True,91.5,0.37,91.1,True,1.86,1.54,16.3,-0.9,D 趨勢弱,True,9:56,298.0,升,16.0,2,False,,0.0663,0.0324,,False,False,-6.76,-3.64,43.39,-5.93,-3.2,55.0,,OHLC,—,LH/LL,DT,True,273,3,universe
HST,2026-10-01,22.51,0.43,False,22.32,-0.032,-0.18,True,91.4,0.33,91.1,True,1.92,1.49,45.7,-1.1,C 基底修復,False,2:49,84.6,升,136.0,16,False,,0.1011,0.103,,False,True,0.84,0.44,21.83,3.02,1.57,193.6,,OHLC,↑,HH/HL,UT,False,273,3,universe
TJX,2026-10-01,133.59,2.96,False,131.57,-0.625,-0.81,True,90.5,0.24,90.3,True,2.21,1.41,17.4,1.4,D 趨勢弱,False,12:26,12.9,升,57.0,10,False,,1.5113,1.4912,,False,True,1.52,0.68,128.57,3.76,1.7,1194.6,,OHLC,—,HH/HL,自然反彈,False,273,3,universe
GHC,2026-10-01,1151.29,27.13,False,1144.33,-0.792,-0.18,True,90.3,0.1,90.2,True,2.36,1.32,37.8,-3.3,C 基底修復,False,2:49,84.6,升,119.0,14,False,,1.2306,0.3979,,False,True,0.6,0.26,1152.5,-0.11,-0.04,41.4,,OHLC,—,HH/HL,自然反彈,True,273,3,universe
MAR,2026-10-01,354.79,7.38,False,344.48,-0.201,0.01,True,90.0,0.3,89.7,True,2.08,1.66,51.7,-2.3,B 上升結構,False,2:49,84.6,升,128.0,13,False,,2.7639,3.2124,,False,True,2.91,1.4,332.35,6.32,3.04,551.0,,OHLC,—,HH/HL,自然反彈,False,273,3,universe
WST,2026-10-01,365.01,8.35,True,357.38,0.47,0.4,False,89.4,-0.15,89.5,True,2.29,1.59,63.2,-1.0,B 上升結構,False,2:49,84.6,升,110.0,14,False,,0.5372,1.4406,,False,True,2.09,0.91,382.71,-4.85,-2.12,226.2,,OHLC,—,LH/LL,自然回檔,False,273,3,universe
AAPL,2026-10-01,330.32,7.25,True,326.15,0.538,0.58,False,89.2,-0.08,89.3,True,2.2,1.72,80.3,2.5,A 待突破,False,3:57,118.4,跌,16.0,3,False,,-0.99,-0.6014,-3.6338,False,True,1.26,0.57,315.34,4.53,2.07,14022.9,,OHLC,↑,HH/HL,自然回檔,False,273,3,universe
WMT,2026-10-01,104.26,2.24,False,106.1,-0.422,-0.53,True,89.2,0.33,88.8,True,2.15,1.78,15.2,-0.5,D 趨勢弱,False,4:09,124.3,跌,19.0,2,False,,-0.2121,-0.0609,-1.0341,False,True,-1.76,-0.82,,,,2389.4,,OHLC,—,HH/HL,DT,False,273,3,universe
REYN,2026-10-01,21.94,0.55,False,22.59,-0.107,-1.08,True,88.9,0.15,88.8,True,2.51,1.46,20.8,4.3,D 趨勢弱,False,2:27,73.3,升,91.0,11,False,,0.1133,0.1028,,False,True,-2.98,-1.18,21.42,2.39,0.95,35.7,,OHLC,—,HH/HL,自然回檔,False,273,3,universe
NOC,2026-10-01,482.0,11.86,False,524.6,-3.44,-1.12,True,88.8,0.46,88.3,True,2.46,1.54,5.4,0.9,D 趨勢弱,True,6:42,200.8,跌,62.0,8,False,,-3.072,-2.4014,-5.7269,False,False,-8.84,-3.59,531.25,-10.22,-4.15,451.0,,OHLC,↓,LH/LL,DT,False,273,3,universe
RLJ,2026-10-01,11.04,0.27,False,11.07,-0.009,-0.03,True,88.7,0.24,88.5,True,2.48,1.53,58.2,0.4,C 基底修復,False,1:18,38.9,升,72.0,9,False,,0.037,0.0415,,False,True,-0.3,-0.12,10.66,3.44,1.39,18.5,,OHLC,—,HH/HL,UT,True,273,3,universe
VMI,2026-10-01,468.28,11.16,False,473.22,-0.689,-0.44,False,88.7,-0.0,88.7,True,2.38,1.63,28.2,1.7,C 基底修復,True,9:24,282.2,升,7.0,1,False,,0.2422,-0.023,,False,True,-1.06,-0.44,473.0,-1.01,-0.42,86.4,,OHLC,—,LH/LL,DT,True,273,3,universe
XHR,2026-10-01,18.07,0.43,False,18.17,-0.044,-0.28,True,88.6,0.15,88.5,True,2.37,1.67,46.4,3.3,C 基底修復,False,2:09,64.3,升,86.0,9,False,,0.1192,0.1317,,False,True,-0.58,-0.24,18.24,-0.91,-0.39,16.5,,OHLC,↓,LH/LL,自然反彈,False,273,3,universe
PEB,2026-10-01,18.81,0.49,True,18.19,0.015,0.2,True,88.5,0.37,88.2,True,2.59,1.46,72.3,2.9,A 待突破,False,2:49,84.6,升,120.0,13,False,,0.0981,0.0996,,False,False,3.27,1.26,18.71,0.53,0.2,40.9,,OHLC,↑,HH/HL,UT,False,273,3,universe
RBC,2026-10-01,508.49,12.67,False,496.04,-1.463,-0.35,True,87.9,0.07,87.8,True,2.49,1.69,21.0,-2.2,C 基底修復,False,2:49,84.6,升,148.0,15,False,,3.9283,3.8068,,False,True,2.45,0.98,478.81,5.84,2.34,157.8,,OHLC,—,HH/HL,UT,True,273,3,universe
NEU,2026-10-01,921.14,23.19,False,899.23,-0.893,-0.34,True,87.2,0.05,87.2,True,2.52,1.81,70.4,5.5,A 待突破,False,10:30,315.0,升,25.0,4,False,,2.0799,0.8363,,False,True,2.38,0.94,874.71,5.04,2.0,106.8,,OHLC,↑,HH/HL,UT,False,273,3,universe
NTCT,2026-10-01,40.33,1.03,True,38.51,0.044,0.11,True,87.2,0.31,86.9,True,2.56,1.77,58.4,-2.8,B 上升結構,False,2:49,84.6,升,190.0,15,False,,0.2458,0.2249,,False,False,4.52,1.76,38.41,4.76,1.86,25.4,,OHLC,↑,HH/HL,UT,False,273,3,universe
PRSU,2026-10-01,50.95,1.39,True,48.92,0.077,0.24,True,87.0,0.09,86.9,True,2.73,1.65,58.1,-2.4,C 基底修復,False,2:49,84.6,升,236.0,29,False,,0.2676,0.1972,,False,False,3.98,1.46,47.1,7.56,2.77,11.7,,OHLC,↑,HH/HL,UT,False,273,3,universe
UNM,2026-10-01,88.08,2.32,False,93.09,-0.004,-0.13,True,87.0,0.12,86.9,True,2.63,1.73,41.0,2.0,C 基底修復,True,8:37,258.3,跌,94.0,9,False,,-0.931,-0.9153,-0.931,False,False,-5.69,-2.16,95.88,-8.86,-3.36,189.7,,OHLC,↓,LH/LL,DT,False,273,3,universe
COLM,2026-10-01,57.69,1.55,False,57.66,-0.107,-0.03,True,86.8,0.49,86.3,True,2.68,1.73,21.7,-1.2,D 趨勢弱,False,2:49,84.6,升,169.0,15,False,,0.187,0.2118,,False,True,0.05,0.02,56.49,2.08,0.77,39.6,,OHLC,—,HH/HL,次級回檔,True,273,3,universe
VTRS,2026-10-01,17.46,0.46,True,17.02,0.03,0.78,False,86.7,-0.05,86.8,True,2.64,1.79,70.6,5.1,A 待突破,False,2:49,84.6,升,102.0,14,False,,0.0754,0.1193,,False,True,2.5,0.95,16.38,6.19,2.34,153.8,,OHLC,↑,HH/HL,自然回檔,False,273,3,universe
SWBI,2026-10-01,14.41,0.39,True,13.36,0.004,-0.0,True,86.6,0.17,86.4,True,2.69,1.77,53.7,9.1,B 上升結構,False,2:49,84.6,升,227.0,17,False,,0.1274,0.1229,,False,False,7.29,2.71,12.9,10.48,3.9,9.1,,OHLC,↑,HH/HL,UT,False,273,3,universe
GOLF,2026-10-01,83.41,2.3,False,84.91,-0.232,-0.51,True,86.1,0.28,85.8,True,2.75,1.8,12.7,1.6,D 趨勢弱,False,2:49,84.6,升,122.0,23,False,,0.5177,0.4683,,False,True,-1.8,-0.65,84.44,-1.23,-0.45,28.9,,OHLC,—,LH/LL,自然反彈,True,273,3,universe
IR,2026-10-01,75.25,2.02,False,75.28,-0.162,-0.35,True,86.1,0.14,86.0,True,2.69,1.87,14.9,1.8,D 趨勢弱,False,12:29,14.7,升,58.0,8,False,,0.5932,0.6587,,False,True,-0.04,-0.01,76.36,-1.48,-0.55,368.5,,OHLC,↓,LH/LL,自然反彈,False,273,3,universe
BCBP,2026-10-01,8.63,0.23,False,8.61,-0.003,-0.08,True,86.0,0.53,85.4,True,2.62,1.96,13.3,-1.3,D 趨勢弱,False,2:49,84.6,升,257.0,28,False,,0.0294,0.0303,,False,True,0.25,0.1,8.7,-0.81,-0.31,3.7,,OHLC,—,LH/LL,自然回檔,True,273,3,universe
LLY,2026-10-01,1149.85,32.21,False,1170.6,-6.875,-0.29,True,85.7,0.4,85.3,True,2.8,1.84,52.2,-3.1,C 基底修復,False,1:48,54.0,升,80.0,9,False,,2.4458,4.3578,,False,True,-1.8,-0.64,1184.78,-3.04,-1.08,2628.5,,OHLC,↓,LH/LL,DT,False,273,3,universe
ADI,2026-10-01,404.6,10.86,True,372.27,0.687,0.13,True,85.6,0.11,85.5,True,2.68,1.96,62.1,-3.0,B 上升結構,False,2:49,84.6,升,103.0,15,False,,3.6882,3.5646,,False,False,7.99,2.98,361.02,10.77,4.01,1235.7,,OHLC,↑,HH/HL,UT,False,273,3,universe
TXN,2026-10-01,281.31,7.56,True,264.86,0.126,-0.01,True,85.5,0.49,85.0,True,2.69,1.99,53.7,-3.6,B 上升結構,False,2:49,84.6,升,145.0,18,False,,2.4137,2.5651,,False,False,5.85,2.18,277.72,1.28,0.47,1557.9,,OHLC,↑,HH/HL,UT,False,273,3,universe
ESQ,2026-10-01,118.19,3.41,False,119.31,-0.027,-0.26,True,84.2,0.06,84.1,True,2.89,2.05,35.8,-0.7,C 基底修復,False,4:57,148.4,跌,32.0,3,False,,-0.3402,-0.2971,-2.3506,False,True,-0.94,-0.33,,,,26.3,,OHLC,—,HH/HL,DT,False,273,3,universe
NTR,2026-10-01,69.73,2.13,True,75.79,0.016,0.12,False,84.1,-0.13,84.2,True,3.05,1.9,16.5,-8.9,D 趨勢弱,True,7:51,235.4,跌,81.0,14,False,,-1.1526,-1.1513,-1.1526,False,False,-8.69,-2.85,82.55,-18.39,-6.02,208.6,,OHLC,↓,LH/LL,DT,False,273,3,universe
ESE,2026-10-01,269.92,8.1,False,268.8,-1.023,-0.62,True,83.8,0.1,83.7,True,3.0,2.01,27.6,2.7,C 基底修復,False,2:49,84.6,升,100.0,11,False,,2.0313,1.8047,,False,True,0.42,0.14,272.05,-0.79,-0.26,67.1,,OHLC,—,LH/LL,自然反彈,True,273,3,universe
ANIP,2026-10-01,72.96,2.29,False,74.07,-0.103,-0.14,True,83.7,0.08,83.7,True,3.14,1.88,14.5,-0.4,D 趨勢弱,False,2:49,84.6,升,158.0,13,False,,0.0074,0.0683,,False,True,-1.52,-0.48,78.02,-6.94,-2.21,30.5,,OHLC,↓,LH/LL,DT,False,273,3,universe
RAL,2026-10-01,70.8,2.12,True,65.91,0.044,-0.03,True,83.5,0.16,83.3,True,3.0,2.07,68.9,-1.6,E 延伸,False,2:49,84.6,升,184.0,17,False,,0.3562,0.3617,,False,False,6.9,2.3,65.15,7.98,2.66,96.5,,OHLC,—,HH/HL,UT,True,273,3,universe
LUV,2026-10-01,41.84,1.27,True,40.38,0.012,-0.06,True,82.9,0.52,82.4,True,3.03,2.15,14.8,-2.6,C 基底修復,False,2:49,84.6,升,145.0,17,False,,0.3611,0.4196,,False,False,3.5,1.15,41.04,1.91,0.63,248.9,,OHLC,—,HH/HL,自然回檔,True,273,3,universe
FFIV,2026-10-01,443.68,13.48,True,417.73,1.811,0.47,True,82.2,0.24,82.0,True,3.04,2.28,60.0,-3.0,E 延伸,False,2:49,84.6,升,239.0,17,False,,0.5942,1.0512,,False,False,5.85,1.93,435.56,1.83,0.6,234.7,,OHLC,↑,HH/HL,自然反彈,False,273,3,universe
MUSA,2026-10-01,511.37,15.34,False,523.67,-1.706,-0.48,True,82.1,0.87,81.2,True,3.0,2.35,48.4,8.8,C 基底修復,False,2:49,84.6,升,119.0,15,False,,1.0343,0.7981,,False,True,-2.4,-0.8,520.12,-1.71,-0.57,131.3,,OHLC,—,LH/LL,DT,True,273,3,universe
SKYW,2026-10-01,97.69,2.96,False,98.09,-0.146,-0.26,True,81.7,0.06,81.6,True,3.03,2.4,31.7,-2.1,C 基底修復,False,2:49,84.6,升,104.0,12,False,,0.2179,0.3515,,False,True,-0.41,-0.13,94.98,2.77,0.92,34.4,,OHLC,↑,HH/HL,自然回檔,False,273,3,universe
KFRC,2026-10-01,54.05,1.82,False,53.67,-0.124,-0.57,True,81.6,0.09,81.5,True,3.36,2.08,70.1,19.4,C 基底修復,False,11:07,333.7,升,35.0,5,False,,0.3168,0.1636,,False,True,0.69,0.21,50.36,6.83,2.03,13.8,,OHLC,↑,HH/HL,UT,False,273,3,universe
ECHO,2026-10-01,88.25,2.78,False,90.55,-0.038,-0.09,True,81.4,0.12,81.3,True,3.15,2.31,19.0,0.3,D 趨勢弱,False,5:13,156.3,跌,37.0,5,False,,-0.5424,-0.4476,-0.5424,False,True,-2.6,-0.83,84.09,4.71,1.5,303.9,,OHLC,↑,HH/HL,自然回檔,False,255,3,universe
PLXS,2026-10-01,270.27,8.35,True,248.97,0.626,-0.0,True,81.4,0.23,81.1,True,3.09,2.39,64.9,-1.7,B 上升結構,False,2:49,84.6,升,147.0,18,False,,2.332,2.2024,,False,False,7.88,2.55,236.58,12.47,4.03,54.1,,OHLC,↑,HH/HL,UT,False,273,3,universe
MTN,2026-10-01,138.99,4.78,False,139.25,-0.242,-0.3,True,81.3,0.77,80.5,True,3.44,2.06,33.3,6.2,C 基底修復,False,2:49,84.6,升,170.0,13,False,,0.4046,0.3888,,False,True,-0.19,-0.05,137.0,1.43,0.42,148.4,,OHLC,—,HH/HL,自然回檔,True,273,3,universe
FUL,2026-10-01,50.23,1.87,False,51.87,-0.284,-1.18,True,80.9,0.56,80.4,True,3.73,1.83,8.3,3.3,D 趨勢弱,False,10:58,328.9,升,33.0,5,False,,0.1769,0.0995,,False,True,-3.27,-0.88,51.07,-1.67,-0.45,50.2,,OHLC,↓,LH/LL,DT,False,273,3,universe
NXPI,2026-10-01,239.19,7.3,True,228.25,0.276,0.1,True,80.9,0.38,80.6,True,3.05,2.51,32.4,8.5,C 基底修復,False,2:49,84.6,升,276.0,34,False,,1.7663,1.8105,,False,False,4.58,1.5,231.15,3.36,1.1,822.2,,OHLC,—,HH/HL,自然反彈,False,273,3,universe
UNFI,2026-10-01,44.78,1.59,False,45.52,-0.055,-0.17,True,80.1,0.51,79.6,True,3.56,2.16,40.0,-0.4,C 基底修復,False,2:45,82.4,升,96.0,13,False,,0.043,0.0849,,False,True,-1.66,-0.47,46.15,-3.06,-0.86,33.5,,OHLC,—,LH/LL,DT,True,273,3,universe
ARW,2026-10-01,231.63,7.36,True,215.76,0.685,0.33,True,80.0,0.31,79.7,True,3.18,2.55,75.9,0.1,E 延伸,False,2:49,84.6,升,151.0,20,False,,1.1115,1.1722,,False,False,6.85,2.16,227.0,2.0,0.63,118.8,,OHLC,↑,HH/HL,自然反彈,False,273,3,universe
AMPH,2026-10-01,25.35,0.95,True,24.0,0.125,1.04,True,79.4,0.78,78.6,True,3.73,2.12,41.4,1.9,C 基底修復,False,11:42,351.0,升,45.0,9,False,,0.056,0.1565,,False,False,5.32,1.42,23.45,7.5,2.01,13.6,,OHLC,↑,HH/HL,自然回檔,False,273,3,universe
UAL,2026-10-01,111.78,3.91,False,110.55,-0.16,-0.34,True,79.3,0.56,78.7,True,3.5,2.38,37.5,-4.0,C 基底修復,False,2:49,84.6,升,112.0,14,False,,0.6547,0.7305,,False,True,1.1,0.31,110.72,0.95,0.27,426.8,,OHLC,↑,HH/HL,次級回檔,False,273,3,universe
NTGR,2026-10-01,22.9,0.77,True,21.72,0.024,-0.17,True,78.8,0.4,78.4,True,3.35,2.61,25.3,4.9,D 趨勢弱,False,1:42,51.2,升,78.0,16,False,,0.114,0.0755,,False,False,5.16,1.54,21.71,5.2,1.55,7.4,,OHLC,↑,HH/HL,UT,False,273,3,universe
TPR,2026-10-01,119.24,3.53,False,120.09,-0.428,-0.85,True,78.7,0.08,78.6,True,2.96,3.03,13.2,4.6,C 基底修復,False,1:36,47.9,升,77.0,12,False,,1.2424,0.8596,,False,True,-0.71,-0.24,118.49,0.63,0.21,369.3,,OHLC,↓,LH/LL,自然反彈,False,273,3,universe
ASTE,2026-10-01,40.68,1.35,False,42.0,-0.038,-0.17,True,78.6,0.04,78.5,True,3.31,2.7,23.8,4.2,D 趨勢弱,False,2:49,84.6,升,207.0,28,False,,0.1433,0.1413,,False,True,-3.24,-0.98,42.28,-3.93,-1.19,8.7,,OHLC,↓,LH/LL,DT,False,273,3,universe
LYTS,2026-10-01,20.94,0.7,False,20.3,-0.06,-0.4,True,78.5,0.42,78.0,True,3.36,2.68,12.5,-5.4,C 基底修復,False,1:35,47.3,升,76.0,15,False,,0.2005,0.2119,,False,True,3.05,0.91,20.24,3.34,1.0,8.2,,OHLC,—,HH/HL,UT,True,273,3,universe
RVLV,2026-10-01,21.23,0.78,False,21.57,-0.087,-0.48,True,77.8,0.49,77.3,True,3.66,2.49,20.6,-0.4,D 趨勢弱,False,12:02,0.8,升,50.0,9,False,,0.1709,0.1754,,False,True,-1.62,-0.44,20.68,2.59,0.71,17.9,,OHLC,—,HH/HL,UT,True,273,3,universe
VSTS,2026-10-01,13.78,0.55,True,13.33,0.015,0.03,False,77.8,-0.37,78.2,True,3.96,2.19,56.5,4.7,B 上升結構,False,2:49,84.6,升,173.0,19,False,,0.0106,0.002,,False,True,3.29,0.83,13.85,-0.51,-0.13,22.1,,OHLC,—,HH/HL,自然反彈,False,273,3,universe
PRLB,2026-10-01,94.37,3.17,True,85.55,0.442,0.56,True,77.7,0.32,77.4,True,3.36,2.82,62.3,-0.5,E 延伸,False,2:49,84.6,升,139.0,12,False,,1.039,1.2955,,False,False,9.34,2.78,87.91,6.85,2.04,21.1,,OHLC,↑,HH/HL,自然回檔,False,273,3,universe
AIN,2026-10-01,59.05,1.87,False,59.66,-0.079,-0.32,True,77.4,0.36,77.1,True,3.16,3.06,30.7,-2.7,C 基底修復,False,2:49,84.6,升,141.0,20,False,,0.1353,0.2094,,False,True,-1.03,-0.33,58.98,0.12,0.04,15.0,,OHLC,—,HH/HL,DT,True,273,3,universe
BURL,2026-10-01,275.32,9.76,False,266.56,-0.893,-0.72,True,77.2,0.58,76.7,True,3.54,2.72,10.8,-1.7,C 基底修復,False,12:38,19.0,升,61.0,9,False,,6.9836,6.6522,,False,True,3.18,0.9,247.65,10.05,2.84,409.4,,OHLC,↑,HH/HL,UT,False,273,3,universe
NTAP,2026-10-01,215.05,7.75,True,192.43,0.429,0.07,True,77.2,0.51,76.7,True,3.6,2.66,63.2,-1.2,E 延伸,False,1:40,50.2,升,78.0,11,False,,1.9281,1.5919,,False,False,10.52,2.92,190.89,11.23,3.12,502.3,,OHLC,↑,HH/HL,UT,False,273,3,universe
AAL,2026-10-01,13.13,0.47,False,13.32,-0.032,-0.27,True,77.1,0.04,77.0,True,3.57,2.73,23.9,-7.3,C 基底修復,False,2:49,84.6,升,102.0,14,False,,0.0893,0.1241,,False,True,-1.44,-0.4,13.1,0.23,0.06,923.6,,OHLC,—,HH/HL,DT,True,273,3,universe
AVT,2026-10-01,102.24,3.83,True,94.51,0.391,0.34,True,76.9,0.01,76.9,True,3.75,2.58,64.7,-1.2,E 延伸,False,2:49,84.6,升,129.0,18,False,,0.5478,0.6144,,False,False,7.56,2.02,99.95,2.24,0.6,132.4,,OHLC,↑,HH/HL,自然反彈,False,273,3,universe
YETI,2026-10-01,41.37,1.59,False,41.78,-0.078,-0.48,True,76.9,0.77,76.1,True,3.83,2.5,23.9,-2.2,C 基底修復,False,2:49,84.6,升,115.0,15,False,,0.2572,0.3344,,False,True,-1.0,-0.26,43.33,-4.74,-1.24,74.3,,OHLC,—,LH/LL,自然回檔,True,273,3,universe
DCO,2026-10-01,171.94,6.31,False,172.19,-0.727,-0.57,True,76.8,0.64,76.1,True,3.67,2.68,53.0,-3.1,C 基底修復,False,2:25,72.3,升,90.0,8,False,,1.001,0.9852,,False,True,-0.15,-0.04,164.08,4.57,1.25,41.0,,OHLC,—,HH/HL,自然回檔,True,273,3,universe
QRVO,2026-10-01,112.21,4.21,True,110.31,0.467,0.8,False,76.7,-0.2,76.9,True,3.75,2.62,52.7,-1.9,E 延伸,False,4:39,139.7,跌,28.0,3,False,,-0.8973,-0.5328,-0.8973,False,True,1.69,0.45,120.52,-7.41,-1.98,197.2,,OHLC,—,LH/LL,DT,True,273,3,universe
FTNT,2026-10-01,178.72,6.46,True,165.81,0.619,0.32,True,76.6,0.37,76.2,True,3.61,2.78,79.6,-5.9,E 延伸,False,2:49,84.6,升,142.0,14,False,,0.5413,0.6371,,False,False,7.22,2.0,173.46,2.94,0.81,672.6,,OHLC,—,HH/HL,UT,True,273,3,universe
KE,2026-10-01,28.31,1.01,True,24.96,0.14,0.28,True,76.6,0.01,76.6,True,3.56,2.82,33.1,2.7,E 延伸,False,2:49,84.6,升,457.0,20,False,,0.2783,0.2665,,False,False,11.82,3.32,23.95,15.4,4.33,4.9,,OHLC,↑,HH/HL,UT,False,273,3,universe
NGVC,2026-10-01,30.48,1.05,True,28.93,0.103,0.39,True,76.5,0.49,76.0,True,3.44,2.96,32.9,0.6,C 基底修復,False,2:49,84.6,升,310.0,24,False,,0.1533,0.1805,,False,False,5.07,1.48,29.66,2.69,0.78,4.6,,OHLC,—,HH/HL,自然反彈,True,273,3,universe
UFPT,2026-10-01,294.99,8.05,False,291.86,-0.574,-0.52,True,76.5,0.76,75.7,True,2.73,3.67,77.3,-0.4,B 上升結構,False,12:16,8.2,升,55.0,6,False,,1.7895,2.047,,False,True,1.06,0.39,300.23,-1.78,-0.65,31.9,,OHLC,↓,LH/LL,自然反彈,False,273,3,universe
FLGT,2026-10-01,21.3,0.67,True,20.68,0.064,0.58,False,76.4,-1.13,77.5,True,3.13,3.29,37.2,3.2,D 趨勢弱,False,3:24,101.9,跌,7.0,1,False,,-0.0119,0.0593,-0.2717,False,True,2.9,0.93,21.27,0.14,0.04,7.0,,OHLC,—,HH/HL,自然回檔,True,273,3,universe
JILL,2026-10-01,24.4,0.97,True,22.84,0.123,0.56,True,76.3,0.74,75.6,True,3.96,2.48,58.7,0.2,E 延伸,False,5:00,150.0,跌,33.0,3,False,,-0.0852,-0.055,-0.1865,False,False,6.39,1.61,24.05,1.43,0.36,5.7,,OHLC,—,HH/HL,UT,True,273,3,universe
APTV,2026-10-01,43.97,1.45,False,45.01,-0.097,-0.43,True,76.1,0.07,76.0,True,3.31,3.17,23.0,11.9,D 趨勢弱,False,2:49,84.6,升,383.0,22,False,,0.2191,0.1844,,False,True,-2.36,-0.71,45.17,-2.73,-0.83,175.4,,OHLC,—,LH/LL,自然反彈,True,273,3,universe
BHE,2026-10-01,84.62,3.03,True,76.38,0.37,0.39,True,75.9,0.09,75.8,True,3.58,2.93,56.0,1.0,E 延伸,False,2:49,84.6,升,158.0,18,False,,1.0282,1.0795,,False,False,9.74,2.72,72.25,14.62,4.08,32.0,,OHLC,↑,HH/HL,UT,False,273,3,universe
META,2026-10-01,725.93,26.17,True,665.74,4.345,0.99,True,75.4,0.76,74.6,True,3.6,3.0,41.1,-0.2,E 延伸,False,2:49,84.6,升,371.0,26,False,,0.7619,2.8474,,False,False,8.29,2.3,715.62,1.42,0.39,16757.3,,OHLC,↑,HH/HL,自然反彈,False,273,3,universe
QCOM,2026-10-01,182.09,8.46,True,179.12,0.431,0.44,True,70.4,0.63,69.8,False,4.65,2.9,45.3,-1.5,C 基底修復,False,3:41,110.4,跌,11.0,2,False,,-1.0842,-0.5095,-1.0842,False,True,1.63,0.35,194.26,-6.68,-1.44,2735.5,,OHLC,—,HH/HL,DT,False,273,3,universe
AAON,2026-10-01,82.28,4.12,True,79.39,0.039,0.03,True,66.3,0.47,65.8,False,5.01,3.35,5.8,-0.3,D 趨勢弱,False,2:49,84.6,升,159.0,26,False,,1.2002,1.4928,,False,True,3.51,0.7,74.08,9.97,1.99,99.0,,OHLC,—,HH/HL,DT,False,273,3,universe
DBI,2026-10-01,6.06,0.32,True,5.87,0.001,0.1,True,61.8,0.68,61.1,False,5.28,3.99,23.0,-4.6,E 延伸,False,2:35,77.4,升,93.0,16,False,,0.0068,0.0226,,False,True,3.13,0.59,6.45,-6.44,-1.22,4.9,,OHLC,—,LH/LL,自然回檔,True,273,3,universe
STLN,2026-10-01,6.22,0.38,False,6.48,-0.009,0.03,True,54.5,0.28,54.2,False,6.11,4.76,66.1,1.0,B 上升結構,True,7:22,220.9,跌,73.0,4,False,,-0.0658,-0.0451,-0.0842,False,True,-4.29,-0.7,,,,8.7,,OHLC,—,HH/HL,DT,False,255,3,universe
RBLX,2026-10-01,43.0,2.44,True,43.99,0.156,0.3,True,53.8,0.95,52.8,False,5.67,5.36,19.3,6.9,D 趨勢弱,False,5:52,176.0,跌,48.0,4,False,,-0.8462,-0.8431,-1.9244,False,True,-2.3,-0.41,,,,550.3,,OHLC,—,HH/HL,自然反彈,False,273,3,universe
TTMI,2026-10-01,126.5,7.73,True,119.85,0.188,-0.27,True,52.6,0.74,51.9,False,6.11,5.19,56.4,14.5,D 趨勢弱,False,2:49,84.6,升,225.0,25,False,,0.9461,0.9148,,False,True,5.25,0.86,119.02,5.91,0.97,232.9,,OHLC,—,HH/HL,自然反彈,True,273,3,universe
LMB,2026-10-01,49.69,2.5,True,47.45,0.184,0.28,True,52.1,0.71,51.4,False,5.03,6.38,14.1,4.1,D 趨勢弱,False,2:49,84.6,升,170.0,26,False,,0.1048,0.1172,,False,True,4.5,0.89,50.05,-0.72,-0.14,18.0,,OHLC,↑,HH/HL,UT,False,273,3,universe
ARM,2026-10-01,292.34,18.48,True,276.85,1.014,0.32,True,51.2,1.17,50.0,False,6.32,5.32,50.0,0.0,E 延伸,False,2:49,84.6,升,135.0,19,False,,1.0303,1.9834,,False,True,5.3,0.84,283.33,3.08,0.49,1678.4,,OHLC,↑,HH/HL,自然反彈,False,273,3,universe
COHR,2026-10-01,319.19,21.37,True,292.84,0.959,-0.34,True,45.8,0.62,45.1,False,6.7,6.37,45.8,0.2,E 延伸,True,9:46,292.9,升,13.0,1,False,,1.5359,-0.2258,,False,False,8.26,1.23,282.45,11.51,1.72,1990.8,,OHLC,↑,HH/HL,自然反彈,False,273,3,universe
IREN,2026-10-01,40.65,2.69,False,42.35,-0.048,-0.16,True,45.5,0.83,44.7,False,6.62,6.52,23.4,-0.3,D 趨勢弱,True,6:06,182.9,跌,52.0,4,False,,-0.6256,-0.5272,-0.6256,False,True,-4.19,-0.63,,,,1587.9,,OHLC,—,HH/HL,DT,False,273,3,universe
MARA,2026-10-01,11.21,0.83,True,11.75,0.094,0.47,True,45.2,0.56,44.7,False,7.4,5.81,43.3,-4.3,D 趨勢弱,False,5:17,158.6,跌,38.0,3,False,,-0.1528,-0.0927,-0.1765,False,True,-4.78,-0.65,11.43,-1.96,-0.27,557.1,,OHLC,—,HH/HL,DT,False,273,3,universe
BLLN,2026-10-01,105.76,6.99,True,104.2,0.403,0.47,True,42.7,0.36,42.3,False,6.61,7.35,25.9,-1.0,C 基底修復,False,2:49,84.6,升,226.0,24,False,,0.2836,1.1764,,False,True,1.47,0.22,102.75,2.85,0.43,72.1,,OHLC,↑,HH/HL,自然回檔,False,226,3,universe
HUT,2026-10-01,86.36,7.33,True,90.38,0.228,0.17,True,40.1,1.21,38.9,False,8.49,6.27,53.7,-1.8,D 趨勢弱,False,4:30,135.0,跌,25.0,2,False,,-1.1202,-0.6922,-1.7555,False,True,-4.66,-0.55,85.71,0.75,0.09,433.5,,OHLC,—,HH/HL,DT,False,273,3,universe
FSLY,2026-10-01,26.39,2.37,True,24.95,0.028,-0.12,True,39.6,1.71,37.9,False,9.0,5.94,42.3,-1.1,E 延伸,False,2:49,84.6,升,99.0,14,False,,0.0867,0.0799,,False,True,5.45,0.61,27.42,-3.9,-0.43,213.8,,OHLC,—,LH/LL,UT,False,273,3,universe
EAF,2026-10-01,9.07,0.98,True,8.26,0.029,0.35,True,33.6,1.55,32.1,False,10.82,6.29,21.9,2.4,E 延伸,False,3:26,103.0,跌,7.0,1,False,,-0.0104,0.0403,-0.1358,False,True,8.91,0.82,11.09,-22.27,-2.06,6.8,,OHLC,↓,LH/LL,自然反彈,False,273,3,universe
RNST,2026-10-01,39.28,0.81,False,40.49,-0.121,-0.75,False,92.7,-0.12,92.8,True,2.07,1.04,28.5,3.7,D 趨勢弱,False,4:34,137.0,跌,26.0,3,True,0.0,-0.0669,-0.0734,-0.291,True,False,-3.07,-1.48,41.38,-5.35,-2.58,29.0,,OHLC,↓,LH/LL,DT,False,273,2,universe
GBCI,2026-10-01,43.41,0.91,False,45.53,-0.173,-0.87,False,91.6,-0.01,91.6,True,2.09,1.29,13.5,2.7,D 趨勢弱,False,4:14,127.1,跌,21.0,3,True,0.0,-0.0326,-0.0364,-0.2664,True,False,-4.89,-2.34,44.67,-2.9,-1.39,46.8,,OHLC,↓,LH/LL,DT,False,273,2,universe
CNA,2026-10-01,45.88,1.01,False,47.71,-0.128,-0.73,False,90.9,-0.12,91.0,True,2.21,1.33,19.1,3.0,D 趨勢弱,False,5:45,172.3,跌,46.0,6,True,0.0,-0.138,-0.1922,-0.5564,True,False,-3.98,-1.8,48.42,-5.54,-2.5,29.2,,OHLC,↓,LH/LL,自然反彈,False,273,2,universe
R,2026-10-01,230.92,5.7,False,241.33,-0.983,-0.92,False,89.8,-0.87,90.6,True,2.47,1.32,38.8,2.4,C 基底修復,False,4:39,139.7,跌,28.0,4,True,0.0,-0.3786,-0.4843,-1.8555,True,False,-4.51,-1.83,248.44,-7.59,-3.07,60.5,,OHLC,↓,LH/LL,DT,False,273,2,universe
ECVT,2026-10-01,9.96,0.29,False,10.26,-0.022,-0.18,False,83.4,-0.38,83.8,True,2.94,2.14,15.0,2.1,D 趨勢弱,False,4:28,134.1,跌,24.0,3,True,0.0,-0.0194,-0.0223,-0.2388,True,False,-3.01,-1.02,10.45,-4.92,-1.67,13.1,,OHLC,↓,LH/LL,DT,False,273,2,universe
BKD,2026-10-01,10.84,0.37,False,11.69,-0.056,-0.73,False,80.4,-0.02,80.4,True,3.4,2.26,23.9,-1.1,D 趨勢弱,False,5:24,162.0,跌,40.0,6,True,0.0,-0.0142,-0.0165,-0.2645,True,False,-7.86,-2.31,12.2,-12.55,-3.69,49.7,,OHLC,↓,LH/LL,DT,False,273,2,universe
BAH,2026-10-01,70.47,2.45,False,74.84,-0.405,-0.49,False,79.3,-0.43,79.7,True,3.47,2.4,18.5,1.7,D 趨勢弱,False,5:55,177.3,跌,49.0,7,True,0.0,-0.9306,-1.0001,-1.0001,True,False,-6.2,-1.79,75.65,-7.35,-2.12,127.4,,OHLC,↓,LH/LL,DT,False,273,2,universe
BJRI,2026-10-01,59.25,2.35,False,61.91,-0.197,-0.45,True,74.8,0.15,74.6,False,3.96,2.76,63.2,8.0,C 基底修復,False,3:59,119.4,跌,16.0,2,True,0.0,-0.0693,-0.0992,-1.0323,True,False,-4.49,-1.13,61.96,-4.57,-1.15,24.2,,OHLC,↓,LH/LL,自然反彈,False,273,2,universe
TEX,2026-10-01,54.94,2.33,False,59.5,-0.476,-1.16,False,74.7,-0.34,75.0,False,4.24,2.5,18.4,13.1,C 基底修復,True,8:49,264.6,跌,371.0,32,True,0.0,-0.3625,-0.4878,-0.556,True,False,-8.3,-1.96,59.04,-7.46,-1.76,68.5,,OHLC,↓,LH/LL,自然反彈,False,273,2,universe
BV,2026-10-01,10.16,0.36,False,10.84,-0.044,-0.7,False,73.5,-0.74,74.2,False,3.58,3.39,16.5,1.5,D 趨勢弱,True,7:09,214.4,跌,69.0,7,True,0.0,-0.0185,-0.0333,-0.3853,True,False,-6.74,-1.88,10.41,-2.46,-0.69,10.2,,OHLC,↓,LH/LL,DT,False,273,2,universe
MATV,2026-10-01,11.65,0.42,False,12.14,-0.022,-0.12,False,72.9,-0.17,73.1,False,3.62,3.46,60.1,-0.5,C 基底修復,True,8:49,264.6,跌,257.0,28,True,0.0,-0.1329,-0.1347,-0.1891,True,False,-4.24,-1.17,12.32,-5.75,-1.59,5.9,,OHLC,↓,LH/LL,DT,False,273,2,universe
IBM,2026-10-01,225.62,7.05,False,233.67,-0.376,-0.23,False,71.4,-1.01,72.4,False,3.12,4.25,12.5,-6.5,D 趨勢弱,True,6:47,203.5,跌,63.0,10,True,0.0,-1.4835,-1.9568,-1.9568,True,False,-3.57,-1.14,239.94,-6.35,-2.03,1342.7,,OHLC,↓,LH/LL,自然反彈,False,273,2,universe
MIR,2026-10-01,14.35,0.67,False,15.6,-0.041,-0.24,True,68.1,0.61,67.5,False,4.69,3.31,7.5,-1.2,D 趨勢弱,False,5:42,170.9,跌,45.0,5,True,0.0,-0.2225,-0.2232,-0.2232,True,False,-8.7,-1.85,,,,59.6,,OHLC,—,HH/HL,DT,False,273,2,universe
KALU,2026-10-01,148.39,6.56,False,155.13,-0.52,-0.66,True,67.3,0.01,67.3,False,4.42,3.74,28.3,-1.0,C 基底修復,False,4:00,120.0,跌,17.0,2,True,0.0,-0.2459,-0.286,-3.291,True,False,-4.54,-1.03,155.08,-4.51,-1.02,33.0,,OHLC,↓,LH/LL,自然反彈,False,273,2,universe
MAN,2026-10-01,56.28,2.3,False,58.59,-0.276,-0.21,False,66.1,-0.95,67.0,False,4.09,4.31,50.5,-5.4,C 基底修復,True,8:49,264.6,跌,612.0,42,True,0.0,-0.3748,-0.4161,-1.164,True,False,-4.11,-1.01,60.27,-7.09,-1.74,48.8,,OHLC,—,HH/HL,DT,False,273,2,universe
NIQ,2026-10-01,17.24,0.63,False,18.3,-0.022,0.12,False,65.0,-0.43,65.4,False,3.64,4.97,66.8,3.9,B 上升結構,True,8:49,264.6,跌,255.0,22,True,0.0,-0.2787,-0.2914,-0.398,True,False,-6.13,-1.68,18.59,-7.83,-2.15,20.1,,OHLC,↓,LH/LL,DT,False,273,2,universe
MTW,2026-10-01,22.4,0.96,True,21.02,0.092,0.46,False,64.9,-0.25,65.1,False,4.28,4.35,64.1,-2.0,E 延伸,False,5:36,167.8,跌,43.0,6,True,0.0,-0.1256,-0.1471,-0.2406,True,False,6.15,1.44,21.46,4.2,0.98,10.8,,OHLC,—,HH/HL,UT,True,273,2,universe
FTAI,2026-10-01,167.32,8.68,False,187.16,-1.143,-0.82,True,62.9,1.08,61.8,False,5.18,3.85,13.4,0.3,D 趨勢弱,False,5:21,160.6,跌,39.0,5,True,0.0,-1.192,-1.2459,-1.947,True,False,-11.86,-2.29,186.06,-11.2,-2.16,252.4,,OHLC,↓,LH/LL,DT,False,273,2,universe
HRI,2026-10-01,131.86,7.9,False,140.63,-0.873,-0.46,True,62.4,0.46,62.0,False,5.99,3.14,27.8,11.8,C 基底修復,False,5:39,169.3,跌,44.0,6,True,0.0,-0.5782,-0.9343,-3.5137,True,False,-6.65,-1.11,135.36,-2.65,-0.44,127.6,,OHLC,↓,LH/LL,自然反彈,False,273,2,universe
MWH,2026-10-01,24.63,1.32,False,26.12,-0.197,-1.09,True,61.1,0.44,60.7,False,5.34,4.07,24.4,5.3,D 趨勢弱,False,4:49,144.3,跌,30.0,4,True,0.0,-0.0321,-0.0647,-0.5321,True,False,-6.06,-1.14,23.53,4.47,0.84,35.0,,OHLC,—,HH/HL,自然反彈,False,160,2,universe
GOGO,2026-10-01,2.17,0.14,False,2.56,-0.016,-0.44,True,53.5,0.54,53.0,False,6.42,4.66,10.1,-0.2,D 趨勢弱,False,5:37,168.5,跌,44.0,6,True,0.0,-0.0084,-0.0098,-0.1642,True,False,-17.97,-2.8,2.51,-15.67,-2.44,3.9,,OHLC,↓,LH/LL,DT,False,273,2,universe
AMRC,2026-10-01,21.0,1.27,False,22.48,-0.147,-0.63,True,53.0,0.67,52.3,False,6.03,5.18,17.9,-0.7,D 趨勢弱,False,5:33,166.6,跌,43.0,5,True,0.0,-0.2168,-0.2405,-0.4806,True,False,-7.03,-1.17,23.78,-13.24,-2.2,14.1,,OHLC,↓,LH/LL,自然反彈,False,273,2,universe
AIRJ,2026-10-01,3.96,0.23,False,4.45,-0.063,-1.88,True,52.5,0.19,52.3,False,5.93,5.41,35.8,4.7,D 趨勢弱,False,5:01,150.5,跌,34.0,6,True,0.0,-0.0076,-0.0114,-0.1672,True,False,-12.49,-2.11,4.39,-10.86,-1.83,3.6,,OHLC,↓,LH/LL,DT,False,273,2,universe
FUBO,2026-10-01,8.88,0.61,False,10.49,-0.06,-0.12,False,52.2,-0.43,52.6,False,6.89,4.5,10.0,-0.1,D 趨勢弱,True,8:28,254.1,跌,91.0,12,True,0.0,-0.2167,-0.2209,-0.2209,True,False,-18.09,-2.62,10.3,-15.99,-2.32,13.1,,OHLC,↓,LH/LL,DT,False,273,2,universe
PCT,2026-10-01,4.29,0.35,False,5.58,-0.113,-1.66,False,48.0,-0.02,48.0,False,8.2,4.27,0.0,0.0,D 趨勢弱,True,8:49,264.6,跌,146.0,26,True,0.0,-0.1093,-0.1101,-0.1101,True,False,-30.14,-3.67,5.02,-17.02,-2.07,25.7,,OHLC,↓,LH/LL,DT,False,273,2,universe
CCB,2026-10-01,40.54,2.35,False,44.78,-0.337,-1.21,True,42.5,0.59,42.0,False,5.81,8.19,10.9,0.9,D 趨勢弱,False,4:08,123.9,跌,19.0,4,True,0.0,-0.3118,-0.3888,-3.7979,True,False,-10.46,-1.8,44.82,-10.56,-1.82,10.2,,OHLC,↓,LH/LL,自然反彈,False,273,2,universe
BW,2026-10-01,5.79,0.53,False,7.09,-0.112,-1.38,True,39.0,0.57,38.4,False,9.16,5.97,15.0,1.6,D 趨勢弱,False,4:47,143.3,跌,30.0,4,True,0.0,-0.0492,-0.0543,-0.0782,True,False,-22.5,-2.46,7.36,-27.12,-2.96,32.5,,OHLC,↓,LH/LL,DT,False,273,2,universe
EOSE,2026-10-01,3.14,0.29,False,3.63,-0.017,-0.4,True,37.1,1.03,36.1,False,9.32,6.46,11.7,1.5,D 趨勢弱,False,5:20,160.0,跌,39.0,6,True,0.0,-0.0809,-0.0901,-0.0901,True,False,-15.75,-1.69,3.01,4.14,0.44,101.4,,OHLC,—,HH/HL,自然反彈,False,273,2,universe
FRVO,2026-10-01,14.46,1.44,False,16.62,-0.122,-0.54,True,31.3,1.72,29.6,False,9.97,8.12,0.0,-3.4,D 趨勢弱,False,5:34,167.1,跌,43.0,3,True,0.0,-0.042,-0.0738,-0.3419,True,False,-14.92,-1.5,13.44,7.05,0.71,108.2,,OHLC,—,HH/HL,自然反彈,False,98,2,universe
QTTB,2026-10-01,8.25,0.88,False,10.76,-0.36,-1.88,False,26.5,-0.39,26.9,False,10.66,9.8,27.0,1.2,D 趨勢弱,True,8:49,264.6,跌,391.0,53,True,0.0,-0.1101,-0.1105,-0.5753,True,False,-30.46,-2.86,9.53,-15.52,-1.45,10.5,,OHLC,↓,LH/LL,DT,False,273,2,universe
YARW,2026-10-01,23.6,2.76,False,28.22,-0.149,-0.42,True,25.4,1.52,23.9,False,11.69,9.41,14.1,0.4,D 趨勢弱,False,5:58,178.9,跌,49.0,5,True,0.0,-0.2029,-0.2472,-1.4343,True,False,-19.59,-1.68,30.21,-28.01,-2.4,4.7,,OHLC,↓,LH/LL,自然反彈,False,255,2,universe
VEEA,2026-10-01,3.47,0.87,False,4.94,-0.427,-0.5,True,8.6,2.77,5.9,False,25.21,16.31,15.0,0.0,E 延伸,False,4:50,144.8,跌,30.0,4,True,0.0,-0.0817,-0.1377,-0.1377,True,False,-42.4,-1.68,1.53,55.91,2.22,84.6,,OHLC,—,HH/HL,自然反彈,False,255,2,universe
DEO,2026-10-01,84.42,1.62,False,88.87,-0.284,-0.71,False,90.4,-0.02,90.4,True,1.92,1.73,31.0,-10.5,D 趨勢弱,True,8:49,264.6,跌,434.0,32,False,1.0,-0.1612,-0.103,-1.1268,False,False,-5.27,-2.74,87.52,-3.67,-1.91,83.1,,OHLC,↓,LH/LL,DT,False,273,2,universe
SPGI,2026-10-01,388.16,9.85,False,418.6,-1.611,-0.57,False,88.0,-0.54,88.5,True,2.54,1.64,3.2,-3.1,D 趨勢弱,True,8:49,264.6,跌,132.0,17,False,1.0,-2.0209,-1.8959,-4.1561,False,False,-7.84,-3.09,422.67,-8.89,-3.5,789.9,,OHLC,↓,LH/LL,DT,False,273,2,universe
XYL,2026-10-01,100.88,2.55,False,107.36,-0.459,-0.84,False,87.6,-0.22,87.8,True,2.52,1.73,9.4,2.4,D 趨勢弱,False,4:57,148.5,跌,33.0,5,True,1.0,-0.327,-0.3484,-1.032,True,False,-6.43,-2.55,108.81,-7.86,-3.12,301.0,,OHLC,↓,LH/LL,DT,False,273,2,universe
FOXA,2026-10-01,61.28,1.64,False,65.92,-0.243,-0.53,False,85.7,-0.68,86.4,True,2.68,1.94,17.2,-1.6,C 基底修復,True,8:49,264.6,跌,180.0,24,False,1.0,-0.5377,-0.5013,-0.833,False,False,-7.58,-2.82,,,,317.3,,OHLC,—,HH/HL,DT,False,273,2,universe
FOX,2026-10-01,54.92,1.49,False,58.64,-0.224,-0.44,False,85.5,-0.96,86.5,True,2.71,1.96,17.4,-2.1,C 基底修復,True,8:49,264.6,跌,149.0,23,False,1.0,-0.4588,-0.4227,-0.7226,False,False,-6.78,-2.5,61.27,-11.56,-4.26,72.3,,OHLC,↓,LH/LL,DT,False,273,2,universe
REGN,2026-10-01,734.81,22.26,False,796.37,-3.749,-0.49,False,84.2,-2.08,86.3,True,3.03,1.9,24.0,-17.8,D 趨勢弱,True,8:49,264.6,跌,226.0,26,False,1.0,-7.8171,-6.6913,-10.1122,False,False,-8.38,-2.77,813.53,-10.71,-3.54,587.3,,OHLC,↓,LH/LL,DT,False,273,2,universe
ZD,2026-10-01,54.42,1.69,False,56.76,-0.029,0.07,False,83.9,-1.97,85.9,True,3.1,1.88,53.7,-17.5,C 基底修復,True,6:14,186.9,跌,54.0,7,False,1.0,-0.3814,-0.2626,-0.3814,False,False,-4.3,-1.39,60.48,-11.14,-3.59,41.7,,OHLC,↓,LH/LL,DT,False,273,2,universe
WYNN,2026-10-01,77.3,2.67,False,86.71,-0.832,-1.31,False,83.7,-0.76,84.5,True,3.45,1.58,0.3,-1.7,D 趨勢弱,True,8:49,264.6,跌,235.0,30,False,1.0,-0.2435,-0.2263,-1.2132,False,False,-12.17,-3.53,83.32,-7.79,-2.26,196.1,,OHLC,↓,LH/LL,DT,False,273,2,universe
OSIS,2026-10-01,196.62,6.39,False,203.2,-0.463,-0.42,False,83.6,-0.41,84.1,True,3.25,1.79,19.3,0.8,D 趨勢弱,True,9:33,286.6,升,9.0,1,False,1.0,0.0211,-0.1948,,False,False,-3.34,-1.03,203.0,-3.24,-1.0,46.7,,OHLC,—,LH/LL,自然反彈,True,273,2,universe
CWST,2026-10-01,78.07,2.71,False,88.68,-0.594,-0.76,False,83.1,-1.99,85.1,True,3.47,1.67,0.0,-2.4,D 趨勢弱,True,8:49,264.6,跌,164.0,17,False,1.0,-1.0192,-0.9703,-1.0192,False,False,-13.59,-3.91,92.52,-18.51,-5.33,47.3,,OHLC,↓,LH/LL,DT,False,273,2,universe
PGNY,2026-10-01,24.85,0.78,False,26.3,-0.03,-0.17,True,82.4,0.08,82.4,True,3.16,2.12,43.9,-2.6,C 基底修復,False,5:11,155.7,跌,37.0,6,False,1.0,-0.1645,-0.1568,-0.8191,False,False,-5.83,-1.85,26.61,-7.08,-2.24,31.5,,OHLC,↓,LH/LL,DT,False,273,2,universe
NXRT,2026-10-01,18.86,0.79,False,21.57,-0.182,-1.04,False,78.1,-1.22,79.4,True,4.2,1.89,0.0,0.0,D 趨勢弱,True,8:49,264.6,跌,97.0,16,False,1.0,-0.1716,-0.1643,-0.1897,False,False,-14.39,-3.42,21.72,-15.16,-3.61,19.8,,OHLC,↓,LH/LL,DT,False,273,2,universe
CMP,2026-10-01,21.81,0.81,False,24.21,-0.17,-0.73,False,75.3,-0.38,75.6,True,3.7,2.94,10.6,-14.4,D 趨勢弱,True,6:49,204.5,跌,64.0,7,False,1.0,-0.1114,-0.1112,-0.3377,False,False,-10.99,-2.97,24.43,-12.01,-3.25,9.3,,OHLC,↓,LH/LL,DT,False,273,2,universe
CWK,2026-10-01,12.06,0.5,False,13.01,-0.185,-1.06,False,74.0,-0.44,74.5,False,4.11,2.75,5.1,2.5,D 趨勢弱,True,8:49,264.6,跌,217.0,25,True,1.0,-0.0499,-0.077,-0.1876,True,False,-7.92,-1.92,12.9,-6.97,-1.69,25.8,,OHLC,↓,LH/LL,自然反彈,False,273,2,universe
ACI,2026-10-01,11.72,0.37,False,12.2,-0.015,-0.26,False,73.9,-0.25,74.1,False,3.14,3.76,19.1,0.1,D 趨勢弱,True,6:44,202.0,跌,62.0,7,True,1.0,-0.0512,-0.0641,-0.0871,True,False,-4.13,-1.32,11.95,-1.96,-0.63,97.4,,OHLC,↓,LH/LL,DT,False,273,2,universe
LAD,2026-10-01,306.07,13.87,False,336.28,-2.967,-0.92,False,69.0,-0.03,69.0,False,4.53,3.29,9.4,1.0,D 趨勢弱,True,8:49,264.6,跌,219.0,39,True,1.0,-3.3482,-4.8321,-7.0776,True,False,-9.87,-2.18,316.42,-3.38,-0.75,104.0,,OHLC,↓,LH/LL,自然反彈,False,273,2,universe
BMBL,2026-10-01,2.55,0.13,False,2.81,-0.007,-0.1,False,66.9,-0.72,67.7,False,5.1,3.13,20.1,-0.8,D 趨勢弱,True,6:42,200.8,跌,62.0,8,True,1.0,-0.0354,-0.0358,-0.0411,True,False,-10.3,-2.02,2.63,-3.14,-0.62,6.4,,OHLC,↓,LH/LL,自然回檔,False,273,2,universe
ALTO,2026-10-01,3.68,0.17,False,3.98,-0.018,-0.49,False,66.3,-0.36,66.7,False,4.51,3.83,31.5,-6.6,D 趨勢弱,True,6:00,180.0,跌,50.0,6,True,1.0,-0.0046,-0.0081,-0.0696,True,False,-8.29,-1.84,4.09,-11.14,-2.47,4.3,,OHLC,↓,LH/LL,DT,False,273,2,universe
LUMN,2026-10-01,5.59,0.31,False,6.31,-0.042,-0.46,False,64.2,-0.14,64.4,False,5.54,3.22,2.6,-2.0,D 趨勢弱,True,8:39,259.4,跌,94.0,10,True,1.0,-0.1125,-0.1243,-0.1324,True,False,-12.82,-2.31,6.72,-20.21,-3.65,84.8,,OHLC,↓,LH/LL,DT,False,273,2,universe
SYRE,2026-10-01,89.93,4.84,False,91.3,-0.534,-0.41,False,64.0,-0.57,64.5,False,5.38,3.44,57.9,-0.8,C 基底修復,True,9:38,289.2,升,11.0,1,False,1.0,0.2088,-0.0321,,False,True,-1.52,-0.28,90.79,-0.96,-0.18,114.7,,OHLC,↓,LH/LL,自然反彈,False,273,2,universe
PTRN,2026-10-01,17.4,1.0,False,19.55,-0.113,-0.76,True,62.7,0.75,62.0,False,5.77,3.3,33.0,3.0,D 趨勢弱,False,5:21,160.4,跌,39.0,6,True,1.0,-0.1688,-0.2174,-0.5026,True,False,-12.38,-2.15,20.05,-15.23,-2.64,33.2,,OHLC,↓,LH/LL,自然反彈,False,260,2,universe
TTD,2026-10-01,12.1,0.58,False,13.71,-0.027,-0.37,True,62.5,0.57,61.9,False,4.8,4.32,2.8,-0.9,D 趨勢弱,False,5:33,166.7,跌,43.0,7,True,1.0,-0.1265,-0.1383,-0.5387,True,False,-13.27,-2.76,11.85,2.07,0.43,356.7,,OHLC,—,HH/HL,DT,False,273,2,universe
QS,2026-10-01,4.59,0.25,False,5.36,-0.039,-0.88,False,61.7,-0.04,61.7,False,5.45,3.84,10.0,0.0,D 趨勢弱,True,8:49,264.6,跌,192.0,23,True,1.0,-0.0293,-0.032,-0.0428,True,False,-16.76,-3.08,5.17,-12.64,-2.32,55.7,,OHLC,↓,LH/LL,DT,False,273,2,universe
ACHV,2026-10-01,7.53,0.43,False,7.87,-0.035,0.07,False,61.6,-2.95,64.5,False,5.75,3.56,64.2,-10.8,B 上升結構,True,8:49,264.6,跌,124.0,18,False,1.0,-0.0377,-0.0179,-0.1893,False,True,-4.45,-0.77,7.35,2.39,0.42,13.2,,OHLC,—,HH/HL,自然回檔,True,273,2,universe
MP,2026-10-01,46.09,2.67,False,52.48,-0.405,-0.73,False,59.2,-0.6,59.8,False,5.79,4.02,0.8,-10.6,D 趨勢弱,True,8:49,264.6,跌,117.0,23,True,1.0,-0.4132,-0.4348,-1.0128,True,False,-13.87,-2.4,47.29,-2.6,-0.45,265.1,,OHLC,↓,LH/LL,自然回檔,False,273,2,universe
BCAX,2026-10-01,18.2,1.17,False,22.07,-0.282,-0.96,False,58.9,-0.29,59.2,False,6.4,3.48,11.5,-1.9,D 趨勢弱,True,6:12,186.0,跌,53.0,7,True,1.0,-0.3341,-0.3469,-0.4318,True,False,-21.25,-3.32,22.64,-24.4,-3.81,14.0,,OHLC,↓,LH/LL,DT,False,273,2,universe
LRMR,2026-10-01,3.06,0.21,False,3.71,-0.032,-1.07,False,52.4,-0.56,53.0,False,6.93,4.42,0.0,0.0,D 趨勢弱,True,8:49,264.6,跌,276.0,31,True,1.0,-0.0754,-0.0763,-0.0831,True,False,-21.38,-3.09,3.2,-4.41,-0.64,5.1,,OHLC,↓,LH/LL,DT,False,273,2,universe
AVLN,2026-10-01,27.42,2.22,False,33.09,-0.447,-0.89,False,50.7,-0.89,51.5,False,8.08,3.7,0.0,0.0,D 趨勢弱,True,8:49,264.6,跌,325.0,26,True,1.0,-0.6304,-0.6951,-0.8628,True,False,-20.68,-2.56,28.49,-3.9,-0.48,8.9,,OHLC,↓,LH/LL,自然回檔,False,107,2,universe
SGMT,2026-10-01,9.37,0.74,False,10.31,-0.057,-0.22,False,48.5,-1.41,49.9,False,7.88,4.46,43.2,-20.4,D 趨勢弱,True,8:49,264.6,跌,194.0,23,True,1.0,-0.2122,-0.2134,-0.2634,True,False,-10.04,-1.28,9.94,-6.08,-0.77,14.4,,OHLC,↓,LH/LL,次級回檔,False,273,2,universe
CTNM,2026-10-01,12.99,1.13,False,14.32,-0.1,-0.47,False,46.0,-0.14,46.1,False,8.73,4.28,11.1,-1.7,D 趨勢弱,True,8:49,264.6,跌,166.0,18,True,1.0,-0.0852,-0.1503,-0.4233,True,False,-10.23,-1.17,13.42,-3.31,-0.38,9.0,,OHLC,↓,LH/LL,自然回檔,False,273,2,universe
BYND,2026-10-01,8.26,0.86,False,11.25,-0.211,-1.02,True,35.8,1.04,34.8,False,10.35,5.89,0.0,0.0,D 趨勢弱,False,5:20,159.9,跌,39.0,5,True,1.0,-0.1156,-0.1339,-0.4159,True,False,-36.25,-3.5,8.52,-3.15,-0.3,13.8,,OHLC,↓,LH/LL,DT,False,273,2,universe
TRT,2026-10-01,6.23,0.91,False,8.67,-0.144,-1.56,True,23.7,0.11,23.6,False,14.53,7.63,21.6,-0.9,D 趨勢弱,False,5:19,159.7,跌,39.0,6,True,1.0,-0.4648,-0.4789,-0.4817,True,False,-39.13,-2.69,6.62,-6.26,-0.43,3.5,,OHLC,↓,LH/LL,自然回檔,False,273,2,universe
SWMR,2026-10-01,16.38,3.05,False,26.34,-0.543,-1.43,False,18.2,-1.03,19.2,False,18.63,7.8,0.0,0.0,D 趨勢弱,True,8:05,242.6,跌,85.0,13,True,1.0,-0.672,-0.7384,-1.143,True,False,-60.78,-3.26,17.83,-8.85,-0.48,27.3,,OHLC,↓,LH/LL,自然回檔,False,138,2,universe
JFR,2026-10-01,7.45,0.09,False,7.48,-0.007,-0.78,False,97.3,-0.09,97.4,True,1.18,0.63,22.7,1.4,D 趨勢弱,False,10:01,300.6,升,17.0,1,False,2.0,0.0009,-0.0079,,False,True,-0.39,-0.34,7.54,-1.21,-1.03,6.2,,OHLC,↓,LH/LL,自然反彈,False,273,2,universe
AOD,2026-10-01,10.06,0.14,False,10.52,-0.02,-0.57,False,95.9,-0.38,96.3,True,1.4,0.85,37.1,-0.9,D 趨勢弱,True,8:49,264.6,跌,230.0,31,False,2.0,-0.0393,-0.0353,-0.0453,False,False,-4.58,-3.26,10.56,-4.97,-3.54,4.0,,OHLC,↓,LH/LL,DT,False,273,2,universe
FPF,2026-10-01,15.72,0.26,False,16.79,-0.074,-1.35,False,95.9,-0.41,96.3,True,1.65,0.61,8.0,-1.4,D 趨勢弱,True,8:49,264.6,跌,169.0,21,False,2.0,-0.0751,-0.0662,-0.0917,False,False,-6.8,-4.12,17.09,-8.72,-5.28,3.6,,OHLC,↓,LH/LL,DT,False,273,2,universe
AFL,2026-10-01,111.18,1.76,False,115.84,-0.194,-0.57,True,94.5,0.07,94.4,True,1.58,1.08,22.6,-1.1,D 趨勢弱,False,5:16,157.9,跌,38.0,5,False,2.0,-0.2538,-0.171,-1.1141,False,False,-4.19,-2.65,117.55,-5.73,-3.62,239.8,,OHLC,↓,LH/LL,DT,False,273,2,universe
EFC,2026-10-01,11.69,0.23,False,12.77,-0.099,-1.46,False,93.4,-0.36,93.7,True,1.94,1.01,13.2,-0.9,D 趨勢弱,True,8:49,264.6,跌,176.0,26,False,2.0,-0.079,-0.066,-0.0943,False,False,-9.23,-4.76,12.7,-8.64,-4.46,18.7,,OHLC,↓,LH/LL,DT,False,273,2,universe
PLD,2026-10-01,128.18,2.25,False,136.19,-0.565,-0.79,False,93.1,-0.12,93.3,True,1.76,1.26,19.2,-11.9,D 趨勢弱,True,6:34,197.2,跌,60.0,7,False,2.0,-0.4449,-0.2763,-0.9361,False,False,-6.25,-3.56,136.49,-6.48,-3.69,481.8,,OHLC,↓,LH/LL,DT,False,273,2,universe
NJR,2026-10-01,51.15,1.02,False,52.78,-0.159,-0.92,False,92.7,-0.21,92.9,True,1.99,1.12,21.3,0.3,D 趨勢弱,False,5:46,173.1,跌,46.0,6,True,2.0,-0.1231,-0.1841,-0.6849,True,False,-3.19,-1.6,54.31,-6.18,-3.1,39.8,,OHLC,↓,LH/LL,DT,False,273,2,universe
WTRG,2026-10-01,38.67,0.78,False,40.83,-0.1,-0.29,False,92.2,-0.33,92.6,True,2.01,1.22,24.3,-11.9,D 趨勢弱,True,8:49,264.6,跌,169.0,15,False,2.0,-0.3002,-0.2959,-0.3255,False,False,-5.58,-2.78,40.18,-3.9,-1.95,105.5,,OHLC,—,HH/HL,DT,False,273,2,universe
APD,2026-10-01,273.33,5.8,False,292.61,-1.215,-0.65,False,92.0,-0.63,92.7,True,2.12,1.15,16.7,-1.6,D 趨勢弱,True,8:49,264.6,跌,205.0,20,False,2.0,-1.1204,-0.949,-2.3348,False,False,-7.05,-3.33,287.86,-5.32,-2.51,341.8,,OHLC,↓,LH/LL,DT,False,273,2,universe
HTO,2026-10-01,60.2,1.31,False,62.87,-0.109,-0.26,False,92.0,-0.69,92.7,True,2.18,1.1,42.5,-5.1,C 基底修復,True,8:49,264.6,跌,237.0,16,False,2.0,-0.2559,-0.1843,-0.4526,False,False,-4.44,-2.04,62.66,-4.09,-1.88,29.5,,OHLC,↓,LH/LL,DT,False,273,2,universe
LADR,2026-10-01,8.72,0.19,False,9.45,-0.054,-1.23,False,91.2,-0.04,91.3,True,2.16,1.31,5.8,0.9,D 趨勢弱,True,8:49,264.6,跌,427.0,24,False,2.0,-0.0712,-0.0687,-0.0712,False,False,-8.38,-3.88,9.86,-13.07,-6.05,13.4,,OHLC,↓,LH/LL,DT,False,273,2,universe
NLY,2026-10-01,18.7,0.47,False,21.33,-0.268,-1.89,False,89.2,-0.31,89.5,True,2.51,1.4,1.0,-0.5,D 趨勢弱,True,8:49,264.6,跌,210.0,27,False,2.0,-0.246,-0.2014,-0.246,False,False,-14.04,-5.58,23.2,-24.06,-9.57,249.4,,OHLC,↓,LH/LL,DT,False,273,2,universe
SMA,2026-10-01,32.24,0.78,False,32.61,-0.076,-0.43,False,89.2,-0.05,89.2,True,2.43,1.48,25.7,0.0,D 趨勢弱,False,10:05,302.4,升,18.0,2,False,2.0,0.0547,0.0279,,False,True,-1.13,-0.47,32.68,-1.36,-0.56,24.9,,OHLC,↓,LH/LL,自然反彈,False,273,2,universe
RITM,2026-10-01,8.75,0.22,False,9.58,-0.077,-1.26,False,88.3,-0.63,88.9,True,2.54,1.56,3.5,-0.6,D 趨勢弱,True,8:49,264.6,跌,264.0,30,False,2.0,-0.0741,-0.0653,-0.0809,False,False,-9.53,-3.76,9.43,-7.77,-3.06,61.1,,OHLC,↓,LH/LL,DT,False,273,2,universe
IVR,2026-10-01,5.82,0.17,False,6.78,-0.071,-1.43,False,87.8,-1.48,89.3,True,2.85,1.35,0.0,0.0,D 趨勢弱,True,8:49,264.6,跌,159.0,23,False,2.0,-0.0449,-0.0283,-0.0732,False,False,-16.53,-5.79,6.62,-13.75,-4.82,23.1,,OHLC,↓,LH/LL,DT,False,273,2,universe
ORC,2026-10-01,5.23,0.15,False,6.17,-0.075,-1.5,False,86.8,-1.5,88.3,True,2.96,1.45,0.0,0.0,D 趨勢弱,True,8:49,264.6,跌,207.0,22,False,2.0,-0.0724,-0.0568,-0.0724,False,False,-17.99,-6.08,6.62,-26.58,-8.99,33.2,,OHLC,↓,LH/LL,DT,False,273,2,universe
HXL,2026-10-01,86.74,2.42,False,89.85,-0.44,-1.1,False,86.6,-0.04,86.6,True,2.8,1.67,26.2,5.7,C 基底修復,True,9:28,284.0,升,8.0,1,False,2.0,0.0489,-0.1859,,False,False,-3.59,-1.28,92.74,-6.92,-2.47,78.9,,OHLC,↓,LH/LL,自然反彈,False,273,2,universe
BMRN,2026-10-01,58.44,1.6,False,64.18,-0.353,-0.9,False,85.9,-0.59,86.5,True,2.74,1.86,16.3,-14.3,D 趨勢弱,True,8:49,264.6,跌,431.0,28,False,2.0,-0.6531,-0.6305,-0.7111,False,False,-9.82,-3.59,66.41,-13.64,-4.98,125.6,,OHLC,↓,LH/LL,DT,False,273,2,universe
KHC,2026-10-01,22.46,0.63,False,24.67,-0.084,-0.33,False,85.9,-0.26,86.2,True,2.8,1.79,20.8,-2.3,D 趨勢弱,True,8:49,264.6,跌,230.0,19,False,2.0,-0.1745,-0.1457,-0.2905,False,False,-9.82,-3.51,22.59,-0.58,-0.21,543.3,,OHLC,↓,LH/LL,DT,False,273,2,universe
CRH,2026-10-01,81.7,2.48,False,88.87,-0.406,-0.98,False,84.5,-0.07,84.6,True,3.04,1.83,4.6,1.8,D 趨勢弱,True,8:49,264.6,跌,171.0,22,False,2.0,-0.1628,-0.1014,-0.4343,False,False,-8.77,-2.89,88.04,-7.76,-2.55,478.9,,OHLC,↓,LH/LL,DT,False,273,2,universe
MRP,2026-10-01,25.2,0.8,False,28.57,-0.283,-1.26,False,84.5,-1.05,85.6,True,3.16,1.71,0.0,-1.7,D 趨勢弱,True,8:49,264.6,跌,142.0,17,False,2.0,-0.3847,-0.3613,-0.3847,False,False,-13.35,-4.23,27.3,-8.33,-2.64,57.2,,OHLC,↓,LH/LL,DT,False,273,2,universe
NFLX,2026-10-01,67.85,2.04,False,75.67,-0.448,-0.73,False,82.6,-0.39,82.9,True,3.01,2.24,0.0,-0.8,D 趨勢弱,True,8:49,264.6,跌,185.0,19,False,2.0,-0.7383,-0.7226,-0.9755,False,False,-11.53,-3.83,73.36,-8.12,-2.7,2578.4,,OHLC,↓,LH/LL,DT,False,273,2,universe
APO,2026-10-01,114.34,3.98,False,127.31,-0.88,-0.97,False,81.0,-0.85,81.8,True,3.48,2.08,7.6,1.1,D 趨勢弱,True,8:49,264.6,跌,181.0,30,False,2.0,-1.2377,-1.1373,-1.2377,False,False,-11.34,-3.26,127.91,-11.87,-3.41,360.1,,OHLC,↓,LH/LL,DT,False,273,2,universe
GIS,2026-10-01,31.67,1.13,False,36.99,-0.384,-1.0,False,80.8,-0.16,81.0,True,3.58,2.0,0.0,0.0,D 趨勢弱,True,8:49,264.6,跌,212.0,20,False,2.0,-0.4563,-0.4176,-0.6443,False,False,-16.81,-4.7,36.81,-16.23,-4.54,381.7,,OHLC,↓,LH/LL,DT,False,273,2,universe
CALM,2026-10-01,65.84,2.49,False,74.26,-0.719,-1.26,False,79.1,-1.69,80.8,True,3.78,2.13,0.0,-1.2,D 趨勢弱,True,8:49,264.6,跌,188.0,25,False,2.0,-0.3626,-0.309,-1.0742,False,False,-12.8,-3.38,75.02,-13.94,-3.69,87.0,,OHLC,↓,LH/LL,DT,False,273,2,universe
MOH,2026-10-01,180.85,6.81,False,198.02,-0.953,-0.48,False,77.3,-1.97,79.3,True,3.77,2.48,30.7,-19.5,D 趨勢弱,True,7:14,217.1,跌,71.0,8,False,2.0,-1.5779,-1.188,-3.3875,False,False,-9.49,-2.52,193.31,-6.89,-1.83,119.0,,OHLC,↓,LH/LL,DT,False,273,2,universe
ORA,2026-10-01,89.66,3.27,False,98.38,-0.592,-0.76,False,76.5,-0.92,77.4,True,3.65,2.75,10.0,-4.7,D 趨勢弱,True,8:49,264.6,跌,127.0,17,False,2.0,-0.2605,-0.222,-1.4916,False,False,-9.73,-2.67,97.37,-8.6,-2.36,96.7,,OHLC,↓,LH/LL,DT,False,273,2,universe
ADBE,2026-10-01,241.28,9.33,False,258.5,-0.876,-0.44,False,73.9,-0.09,74.0,False,3.87,3.02,0.0,0.0,D 趨勢弱,True,8:49,264.6,跌,410.0,20,True,2.0,-1.4217,-2.2055,-5.1951,True,False,-7.14,-1.85,254.67,-5.55,-1.44,1410.3,,OHLC,↓,LH/LL,自然反彈,False,273,2,universe
MIRM,2026-10-01,83.92,3.86,False,94.42,-0.554,-0.64,True,71.5,0.2,71.3,False,4.6,2.74,11.8,-2.1,D 趨勢弱,True,7:19,219.7,跌,72.0,10,False,2.0,-0.7631,-0.6861,-2.3133,False,False,-12.51,-2.72,98.82,-17.76,-3.86,70.8,,OHLC,↓,LH/LL,DT,False,273,2,universe
RIVN,2026-10-01,14.76,0.64,False,15.71,-0.037,-0.06,True,71.5,0.16,71.4,False,4.32,3.02,10.1,2.0,D 趨勢弱,True,8:49,264.6,跌,109.0,13,False,2.0,-0.047,-0.0425,-0.2107,False,False,-6.41,-1.48,15.36,-4.07,-0.94,339.1,,OHLC,↓,LH/LL,DT,False,273,2,universe
STEP,2026-10-01,44.71,1.98,False,48.22,-0.254,-0.54,False,70.6,-0.05,70.6,False,4.42,3.11,5.0,-5.0,D 趨勢弱,True,8:49,264.6,跌,241.0,22,True,2.0,-0.4825,-0.6583,-0.7719,True,False,-7.86,-1.78,47.45,-6.13,-1.39,53.5,,OHLC,↓,LH/LL,自然反彈,False,273,2,universe
GT,2026-10-01,5.03,0.24,False,5.55,-0.035,-0.71,True,70.2,1.14,69.1,False,4.69,2.9,0.0,0.0,D 趨勢弱,True,9:18,279.1,升,5.0,1,False,2.0,0.0041,-0.0039,,False,False,-10.27,-2.19,5.49,-9.15,-1.95,53.5,,OHLC,↓,LH/LL,DT,False,273,2,universe
REAL,2026-10-01,8.95,0.45,False,9.93,-0.118,-0.91,True,69.3,0.83,68.5,False,5.08,2.69,4.4,3.1,D 趨勢弱,False,5:36,167.8,跌,43.0,6,True,2.0,-0.0045,-0.0236,-0.1667,True,False,-10.93,-2.15,9.83,-9.83,-1.94,23.7,,OHLC,↓,LH/LL,DT,False,273,2,universe
ARVN,2026-10-01,7.43,0.36,False,8.51,-0.056,-0.62,False,69.2,-1.39,70.6,False,4.82,2.96,0.0,0.0,D 趨勢弱,True,8:49,264.6,跌,325.0,24,True,2.0,-0.0885,-0.0928,-0.1595,True,False,-14.57,-3.03,7.74,-4.17,-0.87,7.4,,OHLC,↓,LH/LL,DT,False,273,2,universe
ACN,2026-10-01,212.3,9.58,True,189.9,5.414,0.59,False,69.0,-6.48,75.4,False,4.51,3.32,28.7,2.0,C 基底修復,True,9:28,284.0,升,8.0,1,False,2.0,0.771,-1.4976,,False,False,10.55,2.34,181.29,14.61,3.24,1258.5,,OHLC,↑,HH/HL,UT,False,273,2,universe
YELP,2026-10-01,18.11,0.91,False,20.48,-0.193,-1.03,False,68.9,-0.96,69.8,False,5.02,2.83,0.0,0.0,D 趨勢弱,True,8:49,264.6,跌,253.0,42,True,2.0,-0.0408,-0.0789,-0.3891,True,False,-13.07,-2.61,18.37,-1.44,-0.29,29.3,,OHLC,↓,LH/LL,自然回檔,False,273,2,universe
AFRM,2026-10-01,70.43,3.43,False,73.97,-0.164,-0.2,True,68.0,0.53,67.5,False,4.87,3.14,48.6,7.2,C 基底修復,True,9:25,282.4,升,7.0,1,False,2.0,0.0176,-0.0914,,False,False,-5.02,-1.03,71.57,-1.62,-0.33,290.3,,OHLC,—,LH/LL,自然反彈,True,273,2,universe
SOUN,2026-10-01,6.05,0.27,False,6.57,-0.039,-0.67,True,67.5,0.63,66.9,False,4.44,3.67,13.3,3.3,D 趨勢弱,True,9:25,282.3,升,7.0,1,False,2.0,0.0036,-0.0105,,False,False,-8.67,-1.95,6.17,-1.98,-0.45,120.1,,OHLC,—,LH/LL,自然反彈,True,273,2,universe
PCG,2026-10-01,12.17,0.54,False,14.07,-0.082,-0.98,True,67.4,0.48,66.9,False,4.46,3.67,1.6,-5.8,D 趨勢弱,True,9:20,280.1,升,6.0,1,False,2.0,0.0238,-0.0004,,False,False,-15.63,-3.51,14.06,-15.53,-3.48,563.7,,OHLC,↓,LH/LL,自然反彈,False,273,2,universe
KURA,2026-10-01,10.65,0.53,False,12.03,-0.084,-0.1,False,65.4,-0.13,65.6,False,5.0,3.52,29.6,-1.0,D 趨勢弱,True,8:49,264.6,跌,124.0,17,True,2.0,-0.1473,-0.1631,-0.2717,True,False,-13.0,-2.6,12.2,-14.55,-2.91,21.2,,OHLC,↓,LH/LL,DT,False,273,2,universe
CVNA,2026-10-01,63.04,3.32,False,68.51,-0.365,-0.47,False,63.7,-0.4,64.1,False,5.27,3.61,2.5,2.4,D 趨勢弱,True,8:49,264.6,跌,567.0,17,True,2.0,-0.4983,-0.6289,-1.1369,True,False,-8.68,-1.65,67.18,-6.57,-1.25,506.4,,OHLC,↓,LH/LL,自然反彈,False,273,2,universe
IMNM,2026-10-01,20.89,1.18,False,25.05,-0.433,-1.0,False,63.7,-0.2,63.9,False,5.67,3.2,17.8,-1.1,D 趨勢弱,True,8:49,264.6,跌,192.0,24,True,2.0,-0.385,-0.3853,-0.6148,True,False,-19.91,-3.51,21.89,-4.79,-0.84,31.4,,OHLC,↓,LH/LL,DT,False,273,2,universe
OMDA,2026-10-01,20.41,1.04,False,21.36,-0.162,-0.67,False,63.0,-0.35,63.3,False,5.1,3.92,35.1,3.5,D 趨勢弱,True,9:22,281.2,升,6.0,1,False,2.0,0.0293,-0.0196,,False,True,-4.63,-0.91,20.5,-0.44,-0.09,31.3,,OHLC,↓,LH/LL,自然反彈,False,273,2,universe
EFOR,2026-10-01,36.19,1.8,True,32.51,0.25,0.21,False,62.6,-1.48,64.1,False,4.97,4.12,35.0,-3.5,E 延伸,True,9:31,285.5,升,9.0,1,False,2.0,0.0628,-0.147,,False,False,10.17,2.05,32.28,10.8,2.17,23.9,,OHLC,↑,HH/HL,UT,False,273,2,universe
NTLA,2026-10-01,12.12,0.67,False,12.33,-0.036,-0.1,False,60.5,-0.32,60.9,False,5.49,4.04,25.5,0.8,D 趨勢弱,True,9:24,282.0,升,7.0,1,False,2.0,0.0004,-0.0152,,False,True,-1.7,-0.31,11.33,6.52,1.19,53.6,,OHLC,—,HH/HL,自然反彈,True,273,2,universe
BRBR,2026-10-01,7.4,0.48,False,9.25,-0.107,-1.27,False,59.7,-1.34,61.1,False,6.43,3.27,0.0,0.0,D 趨勢弱,True,8:49,264.6,跌,145.0,18,True,2.0,-0.0834,-0.084,-0.3066,True,False,-25.03,-3.89,7.91,-6.89,-1.07,29.4,,OHLC,↓,LH/LL,DT,False,273,2,universe
AGNT,2026-10-01,3.56,0.22,False,3.91,-0.029,-0.54,False,58.9,-1.16,60.1,False,6.07,3.79,5.8,1.7,D 趨勢弱,True,8:49,264.6,跌,107.0,23,True,2.0,-0.0078,-0.0107,-0.0553,True,False,-9.83,-1.62,3.63,-1.97,-0.32,6.9,,OHLC,↓,LH/LL,自然回檔,False,255,2,universe
VRRM,2026-10-01,2.99,0.19,False,3.62,-0.031,-1.02,False,56.7,-0.94,57.6,False,6.29,4.07,0.0,0.0,D 趨勢弱,True,8:49,264.6,跌,147.0,33,True,2.0,-0.0172,-0.0194,-0.0787,True,False,-21.17,-3.37,3.1,-3.68,-0.58,26.2,,OHLC,↓,LH/LL,自然回檔,False,273,2,universe
SLDB,2026-10-01,6.98,0.48,False,8.69,-0.106,-0.87,False,55.7,-0.41,56.1,False,6.81,3.78,11.3,-0.9,D 趨勢弱,True,8:49,264.6,跌,156.0,17,True,2.0,-0.1944,-0.2048,-0.2272,True,False,-24.43,-3.59,7.24,-3.72,-0.55,11.3,,OHLC,↓,LH/LL,DT,False,273,2,universe
FOUR,2026-10-01,35.58,2.24,False,42.12,-0.59,-0.73,True,54.2,0.07,54.1,False,6.3,4.63,1.6,1.1,D 趨勢弱,True,8:49,264.6,跌,132.0,12,False,2.0,-0.3661,-0.3596,-1.5872,False,False,-18.37,-2.92,43.16,-21.3,-3.38,89.8,,OHLC,↓,LH/LL,DT,False,273,2,universe
DFH,2026-10-01,10.89,0.72,False,12.34,-0.141,-0.85,False,54.0,-0.01,54.0,False,6.62,4.35,0.0,0.0,D 趨勢弱,True,8:49,264.6,跌,259.0,23,True,2.0,-0.0441,-0.0676,-0.2185,True,False,-13.31,-2.01,12.26,-12.58,-1.9,12.5,,OHLC,↓,LH/LL,DT,False,273,2,universe
VOR,2026-10-01,18.06,1.32,False,21.62,-0.153,-0.52,False,51.5,-1.75,53.3,False,7.33,4.24,20.8,-0.6,D 趨勢弱,True,8:49,264.6,跌,131.0,17,True,2.0,-0.429,-0.457,-0.5907,True,False,-19.69,-2.69,19.08,-5.65,-0.77,28.0,,OHLC,↓,LH/LL,DT,False,273,2,universe
EDIT,2026-10-01,2.52,0.19,False,2.88,-0.036,-0.32,True,50.3,0.48,49.8,False,7.51,4.37,10.0,-0.8,D 趨勢弱,True,8:49,264.6,跌,140.0,18,False,2.0,-0.023,-0.0229,-0.0598,False,False,-14.09,-1.88,2.59,-2.78,-0.37,8.5,,OHLC,↓,LH/LL,自然回檔,False,273,2,universe
CGEM,2026-10-01,14.53,1.2,False,19.46,-0.191,-0.85,False,46.6,-1.24,47.8,False,8.26,4.59,20.8,-10.8,D 趨勢弱,True,8:49,264.6,跌,183.0,21,True,2.0,-0.7035,-0.7441,-0.8558,True,False,-33.9,-4.11,15.35,-5.64,-0.68,23.7,,OHLC,↓,LH/LL,DT,False,273,2,universe
KLRA,2026-10-01,11.03,1.0,False,13.76,-0.452,-1.3,False,45.5,-1.6,47.1,False,9.1,4.02,0.0,0.0,D 趨勢弱,True,8:49,264.6,跌,288.0,24,True,2.0,-0.0763,-0.103,-0.3133,True,False,-24.76,-2.72,11.42,-3.54,-0.39,16.1,,OHLC,↓,LH/LL,自然回檔,False,116,2,universe
ZNTL,2026-10-01,2.6,0.22,False,3.27,-0.062,-1.42,False,45.4,-1.75,47.1,False,8.31,4.86,17.5,-4.7,D 趨勢弱,True,7:38,229.0,跌,77.0,15,True,2.0,-0.0269,-0.031,-0.1328,True,False,-25.35,-3.05,2.77,-6.33,-0.76,3.9,,OHLC,↓,LH/LL,自然回檔,False,273,2,universe
FTH,2026-10-01,28.27,2.84,False,34.09,-0.102,-0.16,False,36.1,-1.76,37.9,False,10.06,6.08,30.0,-5.8,D 趨勢弱,True,7:22,221.2,跌,73.0,13,True,2.0,-0.9492,-1.0399,-1.3001,True,False,-20.59,-2.05,29.74,-5.2,-0.52,14.9,,OHLC,↓,LH/LL,自然回檔,False,255,2,universe
ELS,2026-10-01,57.62,0.97,False,61.51,-0.19,-1.06,False,94.0,-0.1,94.1,True,1.68,1.12,11.8,-1.3,D 趨勢弱,True,8:49,264.6,跌,301.0,26,False,3.0,-0.1667,-0.132,-0.4422,False,False,-6.76,-4.03,61.58,-6.87,-4.1,100.2,,OHLC,↓,LH/LL,DT,False,273,2,universe
EXC,2026-10-01,40.47,0.72,False,42.56,-0.185,-1.41,False,93.6,-0.03,93.6,True,1.77,1.12,10.6,0.0,D 趨勢弱,True,8:49,264.6,跌,270.0,45,False,3.0,-0.0866,-0.1268,-0.2233,True,False,-5.16,-2.92,44.59,-10.18,-5.76,362.5,,OHLC,↓,LH/LL,DT,False,273,2,universe
DX,2026-10-01,11.08,0.25,False,12.22,-0.101,-1.4,False,91.5,-0.12,91.6,True,2.29,1.12,2.1,0.3,D 趨勢弱,True,8:49,264.6,跌,202.0,26,False,3.0,-0.0983,-0.1029,-0.1171,True,False,-10.33,-4.5,12.69,-14.53,-6.33,84.0,,OHLC,↓,LH/LL,DT,False,273,2,universe
AIZ,2026-10-01,266.24,5.55,False,278.28,-0.505,-0.49,False,91.3,-0.05,91.3,True,2.09,1.37,39.7,2.3,C 基底修復,True,8:49,264.6,跌,324.0,37,False,3.0,-1.537,-1.9918,-2.4174,True,False,-4.52,-2.17,287.44,-7.96,-3.82,109.9,,OHLC,↓,LH/LL,DT,False,273,2,universe
ARR,2026-10-01,13.81,0.33,False,15.26,-0.097,-1.47,False,90.9,-0.13,91.1,True,2.4,1.13,0.7,0.4,D 趨勢弱,True,8:49,264.6,跌,381.0,30,False,3.0,-0.0941,-0.1075,-0.1499,True,False,-10.51,-4.38,14.99,-8.54,-3.56,67.2,,OHLC,↓,LH/LL,DT,False,273,2,universe
TSN,2026-10-01,50.47,1.11,False,53.11,-0.246,-0.94,True,89.4,0.31,89.1,True,2.2,1.67,6.7,0.0,D 趨勢弱,False,10:14,307.2,升,21.0,3,False,3.0,0.0182,0.0134,,False,False,-5.23,-2.38,53.16,-5.33,-2.43,206.0,,OHLC,↓,LH/LL,DT,False,273,2,universe
CSR,2026-10-01,54.35,1.2,False,56.18,-0.012,-0.11,True,89.3,0.38,88.9,True,2.22,1.67,13.6,-0.1,D 趨勢弱,False,5:02,151.0,跌,34.0,6,False,3.0,-0.215,-0.1808,-0.215,False,False,-3.37,-1.52,54.6,-0.46,-0.21,23.8,,OHLC,↓,LH/LL,DT,False,273,2,universe
STWD,2026-10-01,13.18,0.34,False,15.16,-0.17,-1.52,False,88.9,-0.63,89.5,True,2.56,1.42,0.0,-1.0,D 趨勢弱,True,8:49,264.6,跌,301.0,26,False,3.0,-0.155,-0.1192,-0.155,False,False,-15.01,-5.85,16.08,-22.0,-8.58,72.6,,OHLC,↓,LH/LL,DT,False,273,2,universe
SHC,2026-10-01,18.12,0.43,False,18.87,-0.021,-0.08,False,88.7,-0.02,88.7,True,2.4,1.63,58.4,-3.6,C 基底修復,True,8:49,264.6,跌,178.0,24,False,3.0,-0.0608,-0.0437,-0.1622,False,False,-4.12,-1.72,19.64,-8.39,-3.5,37.4,,OHLC,↓,LH/LL,DT,False,273,2,universe
KBR,2026-10-01,35.05,1.02,False,36.36,-0.11,-0.6,False,85.0,-0.09,85.1,True,2.9,1.88,9.8,1.1,D 趨勢弱,True,8:49,264.6,跌,376.0,31,False,3.0,-0.0914,-0.1244,-0.2484,True,False,-3.73,-1.29,36.18,-3.22,-1.11,52.4,,OHLC,↓,LH/LL,DT,False,273,2,universe
INCY,2026-10-01,117.14,3.41,False,124.93,-0.456,-0.09,False,84.5,-1.06,85.5,True,2.91,1.97,46.5,-8.3,C 基底修復,True,8:49,264.6,跌,178.0,24,False,3.0,-0.8133,-0.4693,-0.952,False,False,-6.65,-2.28,128.72,-9.89,-3.4,192.9,,OHLC,↓,LH/LL,DT,False,273,2,universe
SEB,2026-10-01,3951.31,136.62,False,4181.2,-20.684,-0.49,True,83.1,0.48,82.6,True,3.46,1.68,21.7,-3.1,D 趨勢弱,False,5:45,172.4,跌,46.0,7,False,3.0,-18.804,-18.3496,-33.9876,False,False,-5.82,-1.68,4110.76,-4.04,-1.17,47.4,,OHLC,↓,LH/LL,自然回檔,False,273,2,universe
IDT,2026-10-01,79.98,2.86,True,70.96,0.681,0.79,False,82.2,-0.7,82.9,True,3.58,1.74,60.3,2.8,E 延伸,False,10:34,317.0,升,26.0,3,False,3.0,1.0317,0.726,,False,False,11.28,3.16,,,,25.8,,OHLC,—,LH/LL,UT,False,273,2,universe
PR,2026-10-01,21.93,0.68,False,22.93,-0.038,-0.17,False,81.8,-0.29,82.1,True,3.08,2.31,44.3,5.7,C 基底修復,True,8:49,264.6,跌,128.0,19,False,3.0,-0.2139,-0.2952,-0.3579,True,False,-4.55,-1.48,21.85,0.36,0.12,234.3,,OHLC,↓,LH/LL,自然反彈,False,273,2,universe
TTWO,2026-10-01,203.62,6.76,False,217.21,-1.184,-0.72,False,81.5,-0.4,81.9,True,3.32,2.13,16.1,-1.8,D 趨勢弱,True,9:47,293.3,升,13.0,2,False,3.0,0.4021,0.2891,,False,False,-6.68,-2.01,209.92,-3.09,-0.93,525.3,,OHLC,—,LH/LL,自然反彈,True,273,2,universe
UTHR,2026-10-01,571.38,19.97,True,508.01,4.391,0.3,False,80.2,-1.29,81.5,True,3.5,2.2,44.7,-1.4,C 基底修復,False,10:45,322.4,升,29.0,2,False,3.0,7.4444,3.091,,False,False,11.09,3.17,,,,463.8,,OHLC,—,LH/LL,UT,False,273,2,universe
CNC,2026-10-01,60.99,2.18,False,64.93,-0.157,-0.28,False,79.8,-0.77,80.6,True,3.57,2.2,53.3,-4.6,C 基底修復,True,7:27,223.3,跌,74.0,10,False,3.0,-0.4553,-0.4427,-0.5923,False,False,-6.45,-1.81,68.02,-11.53,-3.23,305.6,,OHLC,↓,LH/LL,DT,False,273,2,universe
CPB,2026-10-01,19.49,0.7,False,21.61,-0.164,-0.74,False,79.8,-0.13,79.9,True,3.62,2.17,0.0,0.0,D 趨勢弱,True,8:49,264.6,跌,195.0,20,False,3.0,-0.0726,-0.0737,-0.3182,True,False,-10.88,-3.01,20.23,-3.8,-1.05,196.2,,OHLC,↓,LH/LL,自然回檔,False,273,2,universe
RDNT,2026-10-01,67.7,2.61,False,74.44,-0.293,-0.35,False,77.2,-0.06,77.3,True,3.85,2.41,32.2,-2.4,D 趨勢弱,True,8:49,264.6,跌,217.0,28,False,3.0,-0.9103,-0.8168,-1.0105,False,False,-9.95,-2.58,,,,58.9,,OHLC,—,HH/HL,DT,False,273,2,universe
EL,2026-10-01,90.19,3.29,False,98.81,-0.053,0.22,False,76.5,-0.85,77.4,True,3.65,2.75,21.2,-12.3,C 基底修復,True,8:49,264.6,跌,173.0,18,False,3.0,-0.9992,-0.8208,-1.46,False,False,-9.55,-2.62,100.29,-11.2,-3.07,289.1,,OHLC,↓,LH/LL,DT,False,273,2,universe
NRIX,2026-10-01,23.34,0.98,False,25.24,-0.158,-0.71,False,75.9,-0.04,76.0,True,4.2,2.31,50.0,-3.1,D 趨勢弱,True,8:49,264.6,跌,177.0,28,False,3.0,-0.2168,-0.2316,-0.3228,True,False,-8.15,-1.94,25.67,-9.98,-2.38,38.0,,OHLC,↓,LH/LL,自然反彈,False,273,2,universe
AGIO,2026-10-01,32.48,1.34,False,33.53,-0.131,-0.15,False,74.7,-0.43,75.2,False,4.11,2.62,29.9,-3.8,C 基底修復,True,6:49,204.3,跌,63.0,5,False,3.0,-0.0597,-0.0113,-0.9995,False,True,-3.25,-0.79,33.42,-2.89,-0.7,33.1,,OHLC,↓,LH/LL,DT,False,273,2,universe
ZYME,2026-10-01,25.96,1.22,False,27.64,-0.006,0.01,True,70.3,0.27,70.1,False,4.72,2.85,32.9,-14.9,D 趨勢弱,True,8:49,264.6,跌,128.0,17,False,3.0,-0.1772,-0.1379,-0.4911,False,False,-6.48,-1.37,28.27,-8.9,-1.89,21.6,,OHLC,—,HH/HL,DT,True,273,2,universe
STOK,2026-10-01,26.01,1.26,False,28.97,-0.275,-1.07,True,69.0,1.03,68.0,False,4.85,2.96,1.1,0.6,D 趨勢弱,True,8:49,264.6,跌,226.0,24,False,3.0,-0.1786,-0.2541,-0.44,True,False,-11.38,-2.34,28.93,-11.23,-2.31,25.3,,OHLC,↓,LH/LL,自然反彈,False,273,2,universe
AVAH,2026-10-01,12.43,0.52,False,13.43,-0.011,0.53,True,68.5,0.32,68.2,False,4.17,3.76,58.2,-0.0,B 上升結構,True,8:49,264.6,跌,126.0,21,False,3.0,-0.2544,-0.2706,-0.3249,True,False,-8.04,-1.93,12.09,2.74,0.66,44.7,,OHLC,↑,HH/HL,自然回檔,False,273,2,universe
AQST,2026-10-01,4.44,0.23,True,4.91,0.025,0.54,False,66.2,-0.97,67.1,False,5.29,3.09,31.5,-16.4,D 趨勢弱,True,8:49,264.6,跌,120.0,16,False,3.0,-0.0619,-0.0523,-0.0982,False,False,-10.64,-2.01,4.88,-9.91,-1.87,11.3,,OHLC,↓,LH/LL,DT,False,273,2,universe
CLDX,2026-10-01,32.18,1.83,False,35.08,-0.305,-0.88,True,65.0,1.08,63.9,False,5.68,2.93,13.0,-9.8,D 趨勢弱,True,8:49,264.6,跌,215.0,31,False,3.0,-0.4648,-0.597,-0.9079,True,False,-9.02,-1.59,39.18,-21.75,-3.83,68.3,,OHLC,↓,LH/LL,自然反彈,False,273,2,universe
VG,2026-10-01,12.77,0.65,False,14.26,-0.026,-0.21,True,63.0,1.07,62.0,False,5.11,3.9,20.0,-1.3,D 趨勢弱,True,8:49,264.6,跌,128.0,12,False,3.0,-0.2185,-0.2567,-0.3012,True,False,-11.64,-2.28,12.89,-0.94,-0.18,206.2,,OHLC,↓,LH/LL,DT,False,273,2,universe
CELH,2026-10-01,27.41,1.26,False,30.12,-0.143,-0.14,True,62.9,0.95,62.0,False,4.61,4.42,14.2,2.3,D 趨勢弱,True,8:49,264.6,跌,173.0,21,False,3.0,-0.0803,-0.0798,-0.7418,False,False,-9.89,-2.15,29.39,-7.22,-1.57,202.3,,OHLC,↓,LH/LL,自然回檔,False,273,2,universe
OSCR,2026-10-01,29.9,1.66,False,31.32,-0.036,-0.14,False,62.9,-0.51,63.4,False,5.56,3.48,58.6,-9.3,C 基底修復,True,8:24,251.8,跌,90.0,10,False,3.0,-0.2384,-0.2599,-0.445,True,True,-4.74,-0.85,28.3,5.35,0.96,173.5,,OHLC,—,HH/HL,自然回檔,False,273,2,universe
PESI,2026-10-01,15.41,0.89,False,17.23,-0.078,-0.47,True,60.1,0.21,59.9,False,5.77,3.85,36.7,-2.8,D 趨勢弱,True,8:49,264.6,跌,250.0,35,False,3.0,-0.2826,-0.3146,-0.3939,True,False,-11.83,-2.05,18.77,-21.8,-3.78,5.6,,OHLC,↓,LH/LL,DT,False,273,2,universe
PAY,2026-10-01,30.81,1.55,False,34.7,-0.299,-0.91,True,58.5,0.58,58.0,False,5.04,4.92,27.6,2.4,D 趨勢弱,True,8:49,264.6,跌,240.0,32,False,3.0,-0.4463,-0.5744,-1.0298,True,False,-12.64,-2.51,29.28,4.97,0.99,38.1,,OHLC,—,HH/HL,自然反彈,False,273,2,universe
BULL,2026-10-01,7.03,0.43,False,8.72,-0.003,-0.14,True,58.4,0.98,57.4,False,6.14,3.84,29.7,0.6,D 趨勢弱,True,8:49,264.6,跌,107.0,16,False,3.0,-0.1843,-0.2091,-0.25,True,False,-24.06,-3.92,8.25,-17.35,-2.83,115.1,,OHLC,↓,LH/LL,DT,False,273,2,universe
ANRO,2026-10-01,25.31,1.85,False,31.52,-0.271,-0.64,True,54.5,0.37,54.2,False,7.32,3.53,31.6,-1.1,D 趨勢弱,True,8:49,264.6,跌,111.0,22,False,3.0,-0.6819,-0.7278,-0.947,True,False,-24.54,-3.35,30.98,-22.4,-3.06,18.3,,OHLC,↓,LH/LL,DT,False,273,2,universe
RAPP,2026-10-01,32.83,2.36,False,41.19,-0.345,-1.11,True,53.9,0.42,53.4,False,7.19,3.82,11.8,-1.7,D 趨勢弱,True,8:49,264.6,跌,335.0,23,False,3.0,-0.8306,-0.9573,-1.241,True,False,-25.45,-3.54,41.47,-26.32,-3.66,19.6,,OHLC,↓,LH/LL,DT,False,273,2,universe
BLMN,2026-10-01,8.38,0.51,False,9.05,-0.129,-1.0,True,52.7,0.85,51.8,False,6.12,5.16,32.7,3.5,D 趨勢弱,True,9:45,292.5,升,12.0,1,False,3.0,0.0017,-0.0457,,False,False,-7.96,-1.3,8.06,3.82,0.62,21.1,,OHLC,—,LH/LL,自然反彈,True,273,2,universe
EQPT,2026-10-01,17.48,1.19,False,17.96,-0.054,-0.4,True,51.1,0.17,50.9,False,6.8,4.88,11.3,-2.4,D 趨勢弱,False,10:40,319.8,升,28.0,3,False,3.0,0.0057,0.0192,,False,True,-2.76,-0.41,18.02,-3.09,-0.45,63.2,,OHLC,—,LH/LL,自然回檔,True,174,2,universe
SFIX,2026-10-01,2.6,0.18,False,2.71,-0.012,-0.96,True,49.6,1.08,48.5,False,7.08,4.96,1.4,1.4,D 趨勢弱,False,5:25,162.7,跌,40.0,6,False,3.0,-0.0013,-0.0151,-0.0903,True,True,-4.09,-0.58,2.99,-15.0,-2.12,9.6,,OHLC,↓,LH/LL,自然反彈,False,273,2,universe
IMMX,2026-10-01,10.23,0.89,False,12.56,-0.086,-0.39,True,44.3,0.62,43.6,False,8.67,4.82,33.7,0.9,D 趨勢弱,True,8:49,264.6,跌,158.0,19,False,3.0,-0.3172,-0.3116,-0.3508,False,False,-22.75,-2.62,11.47,-12.12,-1.4,20.2,,OHLC,↓,LH/LL,DT,False,273,2,universe
CBIO,2026-10-01,14.26,1.31,False,17.22,-0.064,-0.28,True,42.4,0.48,41.9,False,9.2,4.86,12.0,-2.8,D 趨勢弱,True,8:39,259.4,跌,94.0,12,False,3.0,-0.3688,-0.4183,-0.6295,True,False,-20.77,-2.26,14.76,-3.51,-0.38,9.5,,OHLC,↓,LH/LL,自然回檔,False,273,2,universe
CTEV,2026-10-01,21.31,2.26,False,31.88,-0.583,-1.49,True,35.2,1.26,33.9,False,10.59,5.91,15.3,-0.6,D 趨勢弱,True,8:49,264.6,跌,192.0,19,False,3.0,-1.3373,-1.5103,-1.6968,True,False,-49.62,-4.69,31.62,-48.38,-4.57,4.5,,OHLC,↓,LH/LL,DT,False,273,2,universe
HYT,2026-10-01,7.8,0.08,False,8.05,-0.021,-1.31,False,98.2,-0.13,98.3,True,0.97,0.48,13.8,-0.3,D 趨勢弱,True,8:49,264.6,跌,135.0,16,False,4.0,-0.0094,-0.0137,-0.0314,True,False,-3.16,-3.26,8.32,-6.67,-6.88,9.0,,OHLC,↓,LH/LL,DT,False,273,2,universe
JQC,2026-10-01,4.74,0.05,False,4.72,-0.0,-0.39,False,97.6,-0.09,97.7,True,1.06,0.62,22.3,-10.5,D 趨勢弱,False,11:24,342.0,升,40.0,3,False,4.0,0.0099,0.0073,,False,True,0.48,0.46,4.9,-3.38,-3.19,3.6,,OHLC,↓,LH/LL,自然反彈,False,273,2,universe
BHK,2026-10-01,8.21,0.11,False,8.63,-0.031,-1.1,False,96.3,-0.06,96.4,True,1.34,0.79,11.0,1.6,D 趨勢弱,True,8:49,264.6,跌,181.0,22,False,4.0,-0.0256,-0.0299,-0.0476,True,False,-5.08,-3.79,9.13,-11.21,-8.36,3.5,,OHLC,↓,LH/LL,DT,False,273,2,universe
EXG,2026-10-01,9.35,0.13,False,9.7,-0.021,-0.99,False,96.1,-0.11,96.2,True,1.43,0.76,26.8,-0.4,D 趨勢弱,True,8:49,264.6,跌,261.0,32,False,4.0,-0.0266,-0.0241,-0.0544,False,False,-3.78,-2.64,9.73,-4.06,-2.84,4.1,,OHLC,↓,LH/LL,DT,False,273,2,universe
PFN,2026-10-01,6.28,0.09,False,6.57,-0.023,-1.36,False,96.1,-0.17,96.2,True,1.47,0.74,10.5,1.8,D 趨勢弱,True,8:49,264.6,跌,340.0,34,False,4.0,-0.0087,-0.018,-0.0457,True,False,-4.62,-3.15,6.79,-8.12,-5.54,4.1,,OHLC,↓,LH/LL,DT,False,273,2,universe
CMS,2026-10-01,63.64,1.04,False,66.12,-0.281,-1.6,False,94.9,-0.02,94.9,True,1.63,0.93,11.4,1.4,D 趨勢弱,True,8:04,242.2,跌,85.0,13,False,4.0,-0.0367,-0.1318,-0.3994,True,False,-3.89,-2.39,69.36,-8.99,-5.52,248.5,,OHLC,↓,LH/LL,DT,False,273,2,universe
GAB,2026-10-01,5.2,0.09,False,5.46,-0.014,-0.88,False,94.4,-0.05,94.5,True,1.71,0.96,12.1,-0.3,D 趨勢弱,True,8:49,264.6,跌,320.0,30,False,4.0,-0.0189,-0.019,-0.0364,True,False,-5.01,-2.92,5.44,-4.62,-2.69,6.2,,OHLC,↓,LH/LL,DT,False,273,2,universe
PPL,2026-10-01,32.76,0.54,False,33.84,-0.115,-1.28,False,94.4,-0.01,94.4,True,1.65,1.03,14.4,-11.5,D 趨勢弱,True,9:29,284.7,升,8.0,1,False,4.0,0.0044,-0.0368,,False,False,-3.31,-2.0,35.11,-7.17,-4.34,241.0,,OHLC,↓,LH/LL,自然反彈,False,273,2,universe
D,2026-10-01,60.76,1.1,False,64.23,-0.238,-0.97,False,94.3,-0.15,94.5,True,1.8,0.9,17.4,0.1,D 趨勢弱,True,8:49,264.6,跌,650.0,52,False,4.0,-0.1489,-0.2246,-0.5079,True,False,-5.71,-3.16,66.92,-10.14,-5.62,318.4,,OHLC,↓,LH/LL,DT,False,273,2,universe
PEG,2026-10-01,67.89,1.17,False,70.86,-0.262,-1.22,False,94.3,-0.03,94.4,True,1.72,0.98,9.2,0.9,D 趨勢弱,True,8:49,264.6,跌,113.0,14,False,4.0,-0.0634,-0.1724,-0.4025,True,False,-4.38,-2.54,74.24,-9.35,-5.43,239.5,,OHLC,↓,LH/LL,DT,False,273,2,universe
DNP,2026-10-01,9.3,0.18,False,10.26,-0.101,-1.48,False,94.0,-0.93,94.9,True,1.91,0.88,11.3,-3.9,D 趨勢弱,True,8:49,264.6,跌,194.0,23,False,4.0,-0.0655,-0.0503,-0.0732,False,False,-10.3,-5.38,11.01,-18.39,-9.61,9.7,,OHLC,↓,LH/LL,DT,False,273,2,universe
LNT,2026-10-01,63.71,1.13,False,66.13,-0.241,-1.29,False,94.0,-0.04,94.1,True,1.78,1.01,12.8,1.0,D 趨勢弱,True,8:49,264.6,跌,122.0,13,False,4.0,-0.0543,-0.1101,-0.5196,True,False,-3.8,-2.14,69.04,-8.37,-4.71,171.4,,OHLC,↓,LH/LL,DT,False,273,2,universe
HR,2026-10-01,17.43,0.32,False,18.61,-0.062,-0.73,False,93.9,-0.47,94.3,True,1.83,1.0,13.2,-4.6,D 趨勢弱,True,8:46,262.8,跌,96.0,12,False,4.0,-0.0426,-0.0268,-0.2626,False,False,-6.77,-3.7,17.57,-0.8,-0.44,74.3,,OHLC,↓,LH/LL,DT,False,273,2,universe
RSG,2026-10-01,206.98,3.46,False,219.3,-0.374,-0.19,False,93.9,-0.33,94.2,True,1.67,1.15,21.2,-3.0,D 趨勢弱,True,8:49,264.6,跌,146.0,13,False,4.0,-1.2744,-1.1542,-1.6299,False,False,-5.95,-3.57,217.34,-5.01,-3.0,346.6,,OHLC,—,HH/HL,DT,False,273,2,universe
DTE,2026-10-01,123.27,2.27,False,129.58,-0.529,-1.54,False,93.8,-0.09,93.9,True,1.84,1.0,8.5,1.4,D 趨勢弱,True,8:49,264.6,跌,135.0,14,False,4.0,-0.2849,-0.5469,-0.981,True,False,-5.12,-2.77,138.01,-11.96,-6.49,249.4,,OHLC,↓,LH/LL,自然反彈,False,273,2,universe
CL,2026-10-01,84.53,1.51,False,88.15,-0.21,-0.54,True,93.2,0.21,93.0,True,1.79,1.19,21.0,-1.2,D 趨勢弱,False,3:47,113.3,跌,13.0,2,False,4.0,-0.0811,-0.0259,-0.3788,False,False,-4.29,-2.39,90.54,-7.11,-3.97,471.5,,OHLC,↓,LH/LL,DT,False,273,2,universe
HWC,2026-10-01,71.93,1.42,False,74.32,-0.189,-0.67,False,93.0,-0.11,93.1,True,1.98,1.07,46.2,1.2,C 基底修復,True,7:22,220.9,跌,73.0,8,False,4.0,-0.2154,-0.2128,-0.599,False,False,-3.32,-1.68,73.85,-2.67,-1.35,65.4,,OHLC,↓,LH/LL,DT,False,273,2,universe
UMH,2026-10-01,15.33,0.28,False,15.96,-0.036,-0.51,False,93.0,-0.16,93.1,True,1.8,1.25,26.1,0.2,D 趨勢弱,True,8:49,264.6,跌,227.0,23,False,4.0,-0.0282,-0.0277,-0.1367,False,False,-4.12,-2.28,15.87,-3.52,-1.95,10.2,,OHLC,↓,LH/LL,DT,False,273,2,universe
ETR,2026-10-01,100.4,2.02,False,103.53,-0.309,-0.79,False,92.6,-0.2,92.8,True,2.01,1.13,15.7,1.2,D 趨勢弱,True,8:49,264.6,跌,118.0,14,False,4.0,-0.0922,-0.2663,-0.7859,True,False,-3.11,-1.55,106.17,-5.75,-2.85,328.1,,OHLC,↓,LH/LL,自然反彈,False,273,2,universe
FHN,2026-10-01,23.05,0.45,False,24.07,-0.097,-0.96,False,92.5,-0.12,92.6,True,1.94,1.23,23.9,1.2,D 趨勢弱,True,8:26,253.0,跌,91.0,12,False,4.0,-0.0569,-0.0704,-0.1754,True,False,-4.41,-2.27,24.96,-8.29,-4.27,121.9,,OHLC,↓,LH/LL,DT,False,273,2,universe
OGS,2026-10-01,71.71,1.42,False,76.44,-0.32,-1.15,False,92.5,-0.05,92.6,True,1.98,1.17,6.7,-1.5,D 趨勢弱,True,8:49,264.6,跌,211.0,25,False,4.0,-0.3265,-0.4086,-0.6811,True,False,-6.6,-3.33,77.78,-8.46,-4.27,46.6,,OHLC,↓,LH/LL,DT,False,273,2,universe
PNC,2026-10-01,220.75,4.63,False,235.44,-1.023,-1.0,False,92.5,-0.15,92.6,True,2.1,1.08,21.6,-0.4,C 基底修復,True,6:39,199.3,跌,61.0,13,False,4.0,-0.9979,-1.1176,-1.7313,True,False,-6.66,-3.17,221.12,-0.17,-0.08,415.1,,OHLC,↓,LH/LL,DT,False,273,2,universe
ATR,2026-10-01,120.87,2.35,False,126.74,-0.396,-0.73,True,92.3,0.17,92.1,True,1.94,1.28,17.1,0.2,D 趨勢弱,False,4:00,120.0,跌,17.0,2,False,4.0,-0.1427,-0.0647,-1.3597,False,False,-4.86,-2.5,125.5,-3.83,-1.97,55.2,,OHLC,↓,LH/LL,DT,False,273,2,universe
ECAT,2026-10-01,13.67,0.28,False,14.61,-0.072,-1.11,False,92.3,-0.37,92.7,True,2.03,1.17,9.4,-11.3,D 趨勢弱,True,8:49,264.6,跌,278.0,32,False,4.0,-0.0434,-0.0356,-0.1597,False,False,-6.87,-3.38,13.94,-1.98,-0.97,9.5,,OHLC,↓,LH/LL,DT,False,273,2,universe
MTB,2026-10-01,217.35,4.29,False,231.77,-1.119,-1.1,False,92.3,-0.13,92.4,True,1.97,1.25,21.8,0.4,C 基底修復,True,8:49,264.6,跌,104.0,13,False,4.0,-0.7866,-0.9528,-2.0155,True,False,-6.64,-3.36,240.06,-10.45,-5.29,246.0,,OHLC,↓,LH/LL,DT,False,273,2,universe
USB,2026-10-01,57.36,1.16,False,60.83,-0.268,-0.88,False,92.3,-0.13,92.4,True,2.02,1.2,24.9,-10.8,C 基底修復,True,8:49,264.6,跌,626.0,54,False,4.0,-0.2793,-0.2763,-0.43,False,False,-6.06,-2.99,60.75,-5.91,-2.92,482.9,,OHLC,↓,LH/LL,DT,False,273,2,universe
CWT,2026-10-01,45.05,0.92,False,48.67,-0.158,-0.68,False,92.0,-0.61,92.7,True,2.05,1.23,27.1,-4.0,D 趨勢弱,True,8:49,264.6,跌,727.0,50,False,4.0,-0.1907,-0.1727,-0.3644,False,False,-8.04,-3.92,50.85,-12.87,-6.28,21.1,,OHLC,↓,LH/LL,DT,False,273,2,universe
HSBC,2026-10-01,95.82,1.84,False,102.27,-0.58,-0.59,False,92.0,-1.46,93.5,True,1.92,1.36,41.9,-7.8,C 基底修復,True,8:49,264.6,跌,133.0,16,False,4.0,-0.609,-0.3847,-0.609,False,False,-6.73,-3.51,101.85,-6.29,-3.28,154.5,,OHLC,↓,LH/LL,DT,False,273,2,universe
YORW,2026-10-01,29.96,0.64,False,32.65,-0.102,-1.01,False,91.7,-0.44,92.1,True,2.14,1.22,14.8,-3.4,D 趨勢弱,True,8:49,264.6,跌,303.0,22,False,4.0,-0.2946,-0.2924,-0.3856,False,False,-8.98,-4.2,30.28,-1.07,-0.5,5.0,,OHLC,↓,LH/LL,DT,False,273,2,universe
RF,2026-10-01,26.96,0.58,False,28.96,-0.165,-1.48,False,91.1,-0.18,91.3,True,2.15,1.34,17.7,2.2,D 趨勢弱,True,8:49,264.6,跌,290.0,40,False,4.0,-0.1445,-0.1757,-0.2377,True,False,-7.4,-3.44,28.03,-3.97,-1.84,258.7,,OHLC,↓,LH/LL,DT,False,273,2,universe
ZION,2026-10-01,62.65,1.41,False,66.25,-0.331,-0.9,False,90.5,-0.11,90.6,True,2.25,1.37,28.3,0.3,C 基底修復,True,8:32,256.2,跌,92.0,12,False,4.0,-0.2474,-0.305,-0.5172,True,False,-5.75,-2.55,70.13,-11.94,-5.3,102.3,,OHLC,↓,LH/LL,DT,False,273,2,universe
XRN,2026-10-01,34.39,0.79,False,36.28,-0.116,-0.4,False,90.4,-0.04,90.4,True,2.31,1.35,23.3,-3.2,D 趨勢弱,True,8:49,264.6,跌,162.0,16,False,4.0,-0.1707,-0.134,-0.3093,False,False,-5.5,-2.38,36.54,-6.25,-2.71,3.8,,OHLC,↓,LH/LL,DT,False,273,2,universe
CUBI,2026-10-01,74.03,1.78,False,77.72,-0.403,-0.71,False,89.8,-0.29,90.1,True,2.4,1.39,27.2,1.8,C 基底修復,True,8:49,264.6,跌,229.0,32,False,4.0,-0.4197,-0.4026,-0.5837,False,False,-4.99,-2.07,79.61,-7.54,-3.13,23.0,,OHLC,↓,LH/LL,DT,False,273,2,universe
BBT,2026-10-01,28.1,0.67,False,29.98,-0.13,-1.34,False,89.5,-0.01,89.5,True,2.38,1.46,21.0,2.6,C 基底修復,True,8:49,264.6,跌,262.0,30,False,4.0,-0.216,-0.2793,-0.4035,True,False,-6.69,-2.81,29.22,-3.99,-1.67,35.2,,OHLC,↓,LH/LL,DT,False,273,2,universe
HD,2026-10-01,282.46,6.69,False,307.96,-2.955,-1.57,False,89.5,-0.02,89.5,True,2.37,1.49,3.3,1.6,D 趨勢弱,True,8:49,264.6,跌,232.0,34,False,4.0,-1.043,-0.9937,-2.6522,False,False,-9.03,-3.81,305.35,-8.1,-3.42,1513.7,,OHLC,↓,LH/LL,DT,False,273,2,universe
PSTL,2026-10-01,22.53,0.58,False,23.57,-0.013,0.04,False,89.3,-0.13,89.4,True,2.59,1.3,47.5,-4.2,C 基底修復,True,6:28,193.9,跌,58.0,7,False,4.0,-0.1263,-0.0899,-0.1263,False,False,-4.63,-1.79,23.2,-2.97,-1.15,9.5,,OHLC,↓,LH/LL,DT,False,273,2,universe
HBAN,2026-10-01,15.19,0.36,False,16.2,-0.068,-0.98,False,89.1,-0.04,89.1,True,2.4,1.54,9.8,0.9,D 趨勢弱,True,8:20,250.0,跌,89.0,12,False,4.0,-0.0582,-0.0684,-0.1147,True,False,-6.67,-2.78,15.64,-2.96,-1.24,495.0,,OHLC,↓,LH/LL,DT,False,273,2,universe
INVA,2026-10-01,20.55,0.52,False,20.94,-0.016,-0.03,False,89.0,-0.98,90.0,True,2.53,1.42,19.6,-11.9,C 基底修復,False,10:22,310.9,升,23.0,4,False,4.0,0.0062,0.0395,,False,True,-1.91,-0.75,21.35,-3.89,-1.54,21.7,,OHLC,—,LH/LL,次級回檔,True,273,2,universe
ABT,2026-10-01,96.69,2.28,False,106.1,-0.537,-0.83,False,87.5,-0.57,88.0,True,2.36,1.92,8.8,-0.8,D 趨勢弱,True,8:49,264.6,跌,205.0,25,False,4.0,-0.5418,-0.3955,-1.6482,False,False,-9.73,-4.13,104.54,-8.12,-3.44,888.3,,OHLC,↓,LH/LL,DT,False,273,2,universe
C,2026-10-01,127.0,3.39,False,133.28,-0.364,-0.34,False,87.0,-0.93,87.9,True,2.67,1.7,42.7,-4.4,C 基底修復,True,8:06,242.9,跌,85.0,12,False,4.0,-0.701,-0.5166,-0.701,False,False,-4.95,-1.85,,,,1340.5,,OHLC,—,HH/HL,DT,False,273,2,universe
LVS,2026-10-01,36.69,1.04,False,42.13,-0.308,-1.03,False,86.8,-0.99,87.8,True,2.83,1.57,0.0,-1.3,D 趨勢弱,True,8:49,264.6,跌,200.0,25,False,4.0,-0.2425,-0.2016,-0.3659,False,False,-14.81,-5.23,46.48,-26.68,-9.41,236.4,,OHLC,↓,LH/LL,DT,False,273,2,universe
CI,2026-10-01,267.96,7.49,False,277.05,-0.387,-0.23,False,86.1,-0.99,87.1,True,2.79,1.76,16.4,-4.9,D 趨勢弱,True,8:49,264.6,跌,108.0,10,False,4.0,-0.6734,-0.5428,-2.2878,False,False,-3.39,-1.21,275.26,-2.72,-0.98,456.0,,OHLC,—,LH/LL,自然回檔,True,273,2,universe
KDP,2026-10-01,30.69,0.86,False,31.63,-0.034,0.01,False,86.0,-0.11,86.1,True,2.79,1.78,42.1,2.7,C 基底修復,True,8:49,264.6,跌,149.0,16,False,4.0,-0.1255,-0.1215,-0.1929,False,False,-3.06,-1.1,31.44,-2.44,-0.88,340.9,,OHLC,—,LH/LL,DT,True,273,2,universe
ZTS,2026-10-01,69.1,1.92,False,73.84,-0.258,-0.32,False,85.6,-0.13,85.7,True,2.78,1.88,14.4,-1.1,D 趨勢弱,True,8:49,264.6,跌,117.0,18,False,4.0,-0.2556,-0.2214,-0.4071,False,False,-6.85,-2.47,72.86,-5.44,-1.96,331.7,,OHLC,↓,LH/LL,DT,False,273,2,universe
USLM,2026-10-01,111.36,3.3,False,115.49,-0.368,-0.29,False,85.5,-0.14,85.6,True,2.96,1.72,14.7,0.3,D 趨勢弱,True,8:49,264.6,跌,294.0,29,False,4.0,-0.3181,-0.3879,-0.906,True,False,-3.7,-1.25,117.61,-5.61,-1.9,17.1,,OHLC,↓,LH/LL,自然反彈,False,273,2,universe
HE,2026-10-01,8.93,0.29,False,10.27,-0.092,-1.53,False,85.1,-0.01,85.1,True,3.2,1.56,0.0,0.0,D 趨勢弱,True,8:49,264.6,跌,125.0,17,False,4.0,-0.0307,-0.0454,-0.1429,True,False,-15.01,-4.69,11.6,-29.9,-9.33,30.0,,OHLC,↓,LH/LL,DT,False,273,2,universe
MKC,2026-10-01,44.14,1.45,False,50.55,-0.694,-1.14,False,83.6,-2.64,86.3,True,3.28,1.77,0.0,-0.6,D 趨勢弱,True,8:49,264.6,跌,227.0,25,False,4.0,-0.4206,-0.259,-0.5621,False,False,-14.52,-4.43,49.77,-12.75,-3.89,181.2,,OHLC,↓,LH/LL,DT,False,273,2,universe
NBIX,2026-10-01,140.71,4.12,False,148.93,-0.633,-0.69,False,83.3,-0.11,83.4,True,2.93,2.18,11.5,-3.1,D 趨勢弱,True,8:49,264.6,跌,166.0,12,False,4.0,-0.362,-0.6006,-2.4817,True,False,-5.84,-1.99,158.35,-12.54,-4.28,189.5,,OHLC,↓,LH/LL,自然反彈,False,273,2,universe
VEL,2026-10-01,14.61,0.54,False,16.6,-0.187,-1.22,False,83.3,-1.8,85.1,True,3.69,1.42,0.0,0.0,D 趨勢弱,True,8:49,264.6,跌,146.0,17,False,4.0,-0.1807,-0.181,-0.2545,True,False,-13.6,-3.69,17.74,-21.42,-5.81,3.2,,OHLC,↓,LH/LL,DT,False,273,2,universe
CACC,2026-10-01,511.95,18.14,False,579.69,-4.099,-0.47,False,83.0,-1.28,84.3,True,3.54,1.62,13.3,-15.6,D 趨勢弱,True,8:49,264.6,跌,117.0,11,False,4.0,-7.0579,-6.0902,-7.0579,False,False,-13.23,-3.73,,,,71.8,,OHLC,—,HH/HL,DT,False,273,2,universe
ALSN,2026-10-01,116.28,3.9,False,122.66,-0.352,-0.44,False,81.8,-0.14,82.0,True,3.36,2.03,29.8,6.3,C 基底修復,True,8:49,264.6,跌,271.0,23,False,4.0,-0.6126,-0.9948,-1.6261,True,False,-5.48,-1.63,115.98,0.26,0.08,96.5,,OHLC,↓,LH/LL,自然反彈,False,273,2,universe
SBGI,2026-10-01,12.51,0.43,False,13.6,-0.067,-0.72,False,80.5,-0.18,80.7,True,3.44,2.2,5.3,0.3,D 趨勢弱,True,8:49,264.6,跌,121.0,11,False,4.0,-0.0847,-0.0868,-0.1232,True,False,-8.7,-2.53,14.52,-16.07,-4.67,6.3,,OHLC,↓,LH/LL,DT,False,273,2,universe
CSL,2026-10-01,325.21,10.58,False,337.12,-0.837,-0.49,True,80.2,0.97,79.3,True,3.25,2.44,13.7,4.6,D 趨勢弱,False,11:11,335.5,升,36.0,4,False,4.0,1.2362,0.9738,,False,False,-3.66,-1.13,328.55,-1.03,-0.32,179.2,,OHLC,—,LH/LL,自然反彈,True,273,2,universe
NPKI,2026-10-01,11.83,0.4,False,12.75,-0.077,-0.91,False,80.1,-0.22,80.3,True,3.39,2.33,4.8,3.7,D 趨勢弱,True,8:49,264.6,跌,130.0,14,False,4.0,-0.0714,-0.1157,-0.1433,True,False,-7.77,-2.29,13.5,-14.12,-4.17,9.7,,OHLC,↓,LH/LL,自然反彈,False,273,2,universe
PTGX,2026-10-01,139.19,5.17,False,144.91,-0.69,-0.46,False,78.2,-0.3,78.5,True,3.71,2.37,54.5,-0.9,C 基底修復,True,8:49,264.6,跌,231.0,28,False,4.0,-0.5365,-0.5178,-1.7184,False,False,-4.11,-1.11,142.44,-2.33,-0.63,102.4,,OHLC,↓,LH/LL,自然回檔,False,273,2,universe
UPBD,2026-10-01,15.68,0.59,False,17.59,-0.14,-1.15,False,78.0,-0.33,78.4,True,3.78,2.33,0.1,-0.7,D 趨勢弱,True,8:49,264.6,跌,142.0,18,False,4.0,-0.1128,-0.1421,-0.2559,True,False,-12.17,-3.22,18.98,-21.05,-5.57,16.1,,OHLC,↓,LH/LL,DT,False,273,2,universe
KREF,2026-10-01,6.2,0.24,False,6.86,-0.038,-1.19,False,77.9,-0.24,78.1,True,3.85,2.29,5.6,0.3,D 趨勢弱,True,8:49,264.6,跌,281.0,32,False,4.0,-0.0559,-0.0661,-0.118,True,False,-10.62,-2.76,6.38,-2.9,-0.75,6.0,,OHLC,↓,LH/LL,DT,False,273,2,universe
THC,2026-10-01,253.97,7.99,False,264.42,-0.38,-0.17,False,77.5,-0.14,77.6,True,3.14,3.07,59.0,-1.5,C 基底修復,True,8:49,264.6,跌,246.0,33,False,4.0,-1.4289,-1.4373,-3.6651,True,False,-4.12,-1.31,259.71,-2.26,-0.72,198.9,,OHLC,—,LH/LL,自然回檔,True,273,2,universe
WLK,2026-10-01,62.47,2.35,False,70.42,-1.173,-1.56,False,77.2,-0.76,77.9,True,3.77,2.5,0.0,-10.0,D 趨勢弱,True,8:49,264.6,跌,296.0,27,False,4.0,-0.6002,-0.5771,-0.6483,False,False,-12.73,-3.38,70.66,-13.11,-3.48,53.7,,OHLC,↓,LH/LL,DT,False,273,2,universe
STRT,2026-10-01,65.77,2.7,False,71.85,-0.299,-0.9,True,75.1,0.61,74.5,True,4.11,2.55,20.1,2.5,D 趨勢弱,False,10:45,322.4,升,29.0,4,False,4.0,0.1117,0.0558,,False,False,-9.25,-2.25,67.5,-2.63,-0.64,5.2,,OHLC,—,LH/LL,DT,True,273,2,universe
AEM,2026-10-01,180.59,6.82,False,203.1,-0.558,0.06,True,74.1,0.58,73.6,False,3.78,3.07,24.1,2.8,C 基底修復,True,8:49,264.6,跌,226.0,22,False,4.0,-3.0001,-2.878,-3.0001,False,False,-12.47,-3.3,203.6,-12.74,-3.37,356.2,,OHLC,↓,LH/LL,DT,False,273,2,universe
ELVN,2026-10-01,46.21,2.09,False,52.74,-0.327,-0.74,True,73.3,0.67,72.6,False,4.51,2.49,34.8,1.4,D 趨勢弱,True,8:49,264.6,跌,280.0,35,False,4.0,-0.4146,-0.5909,-1.2377,True,False,-14.13,-3.13,50.24,-8.72,-1.93,75.6,,OHLC,↓,LH/LL,自然反彈,False,273,2,universe
ALB,2026-10-01,105.03,4.67,False,122.13,-0.723,-0.76,True,72.8,0.25,72.5,False,4.44,2.66,3.0,-4.2,D 趨勢弱,True,8:49,264.6,跌,190.0,20,False,4.0,-0.7189,-0.7929,-2.7856,True,False,-16.28,-3.66,115.05,-9.54,-2.15,309.2,,OHLC,↓,LH/LL,DT,False,273,2,universe
EXPE,2026-10-01,262.67,11.72,False,286.25,-1.317,-0.72,True,72.0,0.71,71.3,False,4.46,2.79,28.2,1.8,D 趨勢弱,True,8:49,264.6,跌,282.0,30,False,4.0,-1.3548,-1.709,-7.9078,True,False,-8.98,-2.01,293.08,-11.58,-2.6,679.3,,OHLC,↓,LH/LL,自然反彈,False,273,2,universe
SMPL,2026-10-01,9.88,0.4,False,10.35,-0.062,-0.63,True,71.9,0.58,71.3,False,4.0,3.27,1.8,1.8,D 趨勢弱,True,9:20,280.1,升,6.0,1,False,4.0,0.0002,-0.0334,,False,False,-4.76,-1.19,10.19,-3.14,-0.78,23.2,,OHLC,—,LH/LL,自然反彈,True,273,2,universe
IBP,2026-10-01,192.7,9.07,False,213.14,-1.959,-0.69,True,71.6,0.65,71.0,False,4.71,2.61,0.0,0.0,D 趨勢弱,True,8:49,264.6,跌,267.0,26,False,4.0,-0.4117,-0.581,-5.2998,True,False,-10.61,-2.25,200.23,-3.91,-0.83,94.4,,OHLC,↓,LH/LL,DT,False,273,2,universe
TWFG,2026-10-01,24.75,1.15,False,27.31,-0.13,-0.23,True,71.3,0.77,70.5,False,4.63,2.76,31.2,3.9,D 趨勢弱,True,8:49,264.6,跌,232.0,22,False,4.0,-0.2315,-0.3354,-0.5126,True,False,-10.34,-2.23,28.13,-13.66,-2.95,4.7,,OHLC,↓,LH/LL,自然反彈,False,273,2,universe
PAAS,2026-10-01,44.98,1.9,False,50.83,-0.091,0.02,True,71.0,0.88,70.1,False,4.22,3.22,21.6,2.2,D 趨勢弱,True,8:49,264.6,跌,179.0,22,False,4.0,-0.5681,-0.5536,-0.7141,False,False,-13.01,-3.08,50.85,-13.05,-3.09,162.7,,OHLC,↓,LH/LL,DT,False,273,2,universe
RHI,2026-10-01,37.79,1.48,False,40.54,-0.185,-0.64,True,70.0,0.22,69.8,False,3.93,3.7,47.9,4.6,D 趨勢弱,True,9:35,287.3,升,10.0,1,False,4.0,0.0109,-0.1092,,False,False,-7.27,-1.85,37.99,-0.53,-0.13,68.4,,OHLC,—,LH/LL,自然反彈,True,273,2,universe
KGS,2026-10-01,53.56,2.41,False,58.2,-0.164,-0.64,True,69.8,1.28,68.5,False,4.51,3.17,19.4,0.1,D 趨勢弱,True,8:49,264.6,跌,98.0,13,False,4.0,-0.3997,-0.5732,-0.7894,True,False,-8.66,-1.92,58.73,-9.65,-2.14,111.9,,OHLC,↓,LH/LL,自然反彈,False,273,2,universe
IMXI,2026-10-01,11.49,0.48,False,12.66,-0.187,-1.82,True,67.6,0.51,67.1,False,4.21,3.89,0.0,0.0,D 趨勢弱,True,8:49,264.6,跌,158.0,16,False,4.0,-0.1365,-0.1748,-0.38,True,False,-10.22,-2.43,12.3,-7.05,-1.67,7.8,,OHLC,↓,LH/LL,自然反彈,False,273,2,universe
ROCK,2026-10-01,39.73,1.85,False,43.37,-0.253,-0.58,True,67.6,0.29,67.4,False,4.66,3.43,12.8,4.8,D 趨勢弱,True,8:49,264.6,跌,290.0,34,False,4.0,-0.3252,-0.3845,-0.6355,True,False,-9.16,-1.97,40.56,-2.09,-0.45,15.6,,OHLC,↓,LH/LL,DT,False,273,2,universe
TRUP,2026-10-01,23.7,1.1,False,26.52,-0.205,-1.13,True,67.0,0.82,66.1,False,4.62,3.6,0.0,0.0,D 趨勢弱,True,8:49,264.6,跌,155.0,25,False,4.0,-0.0808,-0.1611,-0.7611,True,False,-11.89,-2.57,26.32,-11.05,-2.39,11.0,,OHLC,↓,LH/LL,自然反彈,False,273,2,universe
TIC,2026-10-01,8.28,0.39,False,9.2,-0.026,-0.56,True,66.7,0.09,66.7,False,4.71,3.56,23.3,0.3,D 趨勢弱,True,8:49,264.6,跌,241.0,30,False,4.0,-0.1242,-0.1199,-0.1242,False,False,-11.12,-2.36,9.38,-13.22,-2.81,13.4,,OHLC,↓,LH/LL,DT,False,273,2,universe
STAA,2026-10-01,22.38,1.12,False,22.1,-0.085,-0.56,True,66.0,0.47,65.5,False,4.99,3.43,18.3,-5.8,D 趨勢弱,False,11:05,332.6,升,35.0,3,False,4.0,0.2298,0.1663,,False,True,1.23,0.25,24.16,-7.95,-1.59,26.2,,OHLC,↓,LH/LL,自然反彈,False,273,2,universe
HUBG,2026-10-01,30.15,1.45,False,34.74,-0.289,-1.42,True,65.3,1.02,64.3,False,4.8,3.74,0.0,0.0,D 趨勢弱,True,9:30,284.8,升,8.0,1,False,4.0,0.0019,-0.0767,,False,False,-15.24,-3.17,36.68,-21.66,-4.51,46.4,,OHLC,↓,LH/LL,DT,False,273,2,universe
MAX,2026-10-01,9.68,0.56,False,11.11,-0.151,-1.1,True,65.1,0.41,64.7,False,5.73,2.86,11.3,0.7,D 趨勢弱,True,8:49,264.6,跌,302.0,52,False,4.0,-0.0664,-0.1176,-0.3086,True,False,-14.75,-2.57,10.79,-11.47,-2.0,8.9,,OHLC,↓,LH/LL,自然反彈,False,273,2,universe
CHYM,2026-10-01,26.84,1.29,False,31.46,-0.183,-0.46,True,64.3,0.64,63.6,False,4.82,3.94,43.7,1.2,D 趨勢弱,True,8:49,264.6,跌,160.0,26,False,4.0,-0.6296,-0.7469,-0.9881,True,False,-17.19,-3.57,25.92,3.45,0.72,236.9,,OHLC,—,HH/HL,自然回檔,False,273,2,universe
PAR,2026-10-01,14.39,0.83,False,16.84,-0.152,-1.12,True,63.9,1.48,62.4,False,5.76,3.08,2.4,1.8,D 趨勢弱,True,8:49,264.6,跌,226.0,23,False,4.0,-0.2093,-0.3128,-0.4517,True,False,-16.99,-2.95,18.09,-25.71,-4.46,15.7,,OHLC,↓,LH/LL,自然反彈,False,273,2,universe
RSI,2026-10-01,19.95,1.17,False,23.37,-0.158,-0.73,True,62.0,0.22,61.8,False,5.84,3.38,5.0,0.0,D 趨勢弱,True,8:10,244.8,跌,86.0,10,False,4.0,-0.3253,-0.4148,-0.822,True,False,-17.13,-2.93,19.1,4.26,0.73,86.5,,OHLC,—,HH/HL,自然反彈,False,273,2,universe
MNKD,2026-10-01,3.95,0.22,False,3.75,-0.003,-0.33,False,61.4,-1.32,62.7,False,5.62,3.74,39.2,2.0,D 趨勢弱,True,9:41,290.3,升,11.0,2,False,4.0,0.0419,0.0107,,False,True,5.03,0.9,4.16,-5.32,-0.95,19.0,,OHLC,↓,LH/LL,自然反彈,False,273,2,universe
WING,2026-10-01,104.36,5.86,False,107.7,-0.396,-0.44,True,61.4,0.94,60.5,False,5.62,3.72,10.2,-1.0,D 趨勢弱,False,10:05,302.3,升,18.0,3,False,4.0,0.8861,0.8183,,False,True,-3.2,-0.57,107.33,-2.85,-0.51,144.7,,OHLC,—,LH/LL,DT,True,273,2,universe
KRO,2026-10-01,7.63,0.37,False,8.34,-0.015,-0.13,True,59.3,0.25,59.1,False,4.85,4.93,49.2,14.3,C 基底修復,True,8:49,264.6,跌,207.0,22,False,4.0,-0.0997,-0.0882,-0.1344,False,False,-9.35,-1.93,8.44,-10.62,-2.19,3.4,,OHLC,↓,LH/LL,DT,False,273,2,universe
CWH,2026-10-01,5.01,0.32,False,5.93,-0.067,-0.65,True,57.5,0.7,56.8,False,6.46,3.73,0.0,0.0,D 趨勢弱,True,8:49,264.6,跌,105.0,17,False,4.0,-0.0663,-0.0738,-0.1031,True,False,-18.42,-2.85,5.39,-7.58,-1.17,11.0,,OHLC,↓,LH/LL,DT,False,273,2,universe
EVER,2026-10-01,19.98,1.26,False,22.0,-0.126,-0.64,True,57.5,0.14,57.4,False,6.32,3.86,17.1,1.1,D 趨勢弱,True,8:49,264.6,跌,140.0,22,False,4.0,-0.2046,-0.3379,-0.7115,True,False,-10.09,-1.6,24.47,-22.47,-3.55,20.5,,OHLC,↓,LH/LL,自然反彈,False,273,2,universe
UEC,2026-10-01,9.36,0.59,False,10.95,-0.067,-0.64,True,57.5,0.43,57.1,False,6.33,3.84,0.0,0.0,D 趨勢弱,True,8:49,264.6,跌,195.0,21,False,4.0,-0.093,-0.1177,-0.2877,True,False,-17.02,-2.69,9.94,-6.2,-0.98,95.0,,OHLC,—,LH/LL,自然反彈,True,273,2,universe
TNDM,2026-10-01,16.5,1.07,False,18.21,-0.244,-1.19,True,55.9,1.44,54.4,False,6.47,4.07,13.6,-0.2,D 趨勢弱,True,8:49,264.6,跌,178.0,29,False,4.0,-0.016,-0.0719,-0.697,True,False,-10.34,-1.6,17.53,-6.24,-0.96,38.5,,OHLC,↓,LH/LL,自然反彈,False,273,2,universe
RGNX,2026-10-01,7.42,0.54,False,8.43,-0.126,-0.91,True,46.0,0.02,46.0,False,7.23,5.76,5.0,0.0,D 趨勢弱,True,9:31,285.7,升,9.0,1,False,4.0,0.0061,-0.0075,,False,False,-13.65,-1.89,8.15,-9.84,-1.36,11.3,,OHLC,—,LH/LL,自然反彈,True,273,2,universe
REG,2026-10-01,71.8,1.04,False,74.39,-0.156,-0.55,True,95.8,0.04,95.7,True,1.45,0.85,16.5,-6.8,D 趨勢弱,False,4:09,124.7,跌,19.0,2,False,5.0,-0.0422,-0.0197,-0.6799,False,False,-3.6,-2.49,73.58,-2.48,-1.71,101.1,,OHLC,↓,LH/LL,DT,False,273,2,universe
FRT,2026-10-01,108.03,1.73,False,113.13,-0.346,-1.03,False,95.4,-0.19,95.6,True,1.6,0.82,19.3,-1.3,D 趨勢弱,True,8:49,264.6,跌,142.0,16,False,5.0,-0.1941,-0.1937,-1.0732,False,False,-4.72,-2.96,110.99,-2.74,-1.71,107.7,,OHLC,↓,LH/LL,DT,False,273,2,universe
BRX,2026-10-01,27.57,0.45,False,28.49,-0.079,-0.76,True,95.0,0.06,94.9,True,1.62,0.91,19.8,-1.4,D 趨勢弱,False,10:55,327.6,升,32.0,4,False,5.0,0.0149,0.018,,False,False,-3.35,-2.06,28.15,-2.1,-1.3,100.1,,OHLC,—,LH/LL,DT,True,273,2,universe
O,2026-10-01,53.53,0.86,False,58.16,-0.43,-1.75,False,94.9,-0.16,95.1,True,1.61,0.93,4.8,-2.1,D 趨勢弱,True,8:49,264.6,跌,226.0,26,False,5.0,-0.2451,-0.2229,-0.4354,False,False,-8.65,-5.36,61.97,-15.77,-9.77,501.7,,OHLC,↓,LH/LL,DT,False,273,2,universe
PECO,2026-10-01,37.49,0.62,False,38.11,-0.082,-0.7,False,94.7,-0.06,94.8,True,1.65,0.94,23.5,0.1,D 趨勢弱,False,11:16,337.8,升,38.0,4,False,5.0,0.1011,0.083,,False,True,-1.66,-1.01,37.88,-1.04,-0.63,42.3,,OHLC,—,LH/LL,自然反彈,True,273,2,universe
IVT,2026-10-01,30.37,0.57,False,31.56,-0.119,-0.97,False,93.8,-0.05,93.9,True,1.89,0.94,18.6,0.5,D 趨勢弱,True,9:32,285.8,升,9.0,1,False,5.0,0.0133,-0.0029,,False,False,-3.91,-2.07,31.0,-2.07,-1.1,21.9,,OHLC,—,LH/LL,DT,True,273,2,universe
FCF,2026-10-01,20.28,0.38,False,20.94,-0.051,-0.43,False,93.6,-0.08,93.7,True,1.89,1.0,48.9,1.1,C 基底修復,True,7:24,222.2,跌,73.0,9,False,5.0,-0.0944,-0.0934,-0.1389,False,False,-3.25,-1.72,21.64,-6.71,-3.55,22.3,,OHLC,↓,LH/LL,DT,False,273,2,universe
FBK,2026-10-01,52.09,1.03,False,54.5,-0.179,-0.92,False,92.7,-0.0,92.7,True,1.97,1.15,19.2,3.5,D 趨勢弱,True,8:49,264.6,跌,345.0,38,False,5.0,-0.0571,-0.1049,-0.621,True,False,-4.63,-2.34,54.68,-4.96,-2.51,35.1,,OHLC,↓,LH/LL,DT,False,273,2,universe
OZK,2026-10-01,46.34,0.9,False,48.2,-0.162,-1.0,False,92.7,-0.22,92.9,True,1.94,1.18,23.2,2.6,D 趨勢弱,True,8:49,264.6,跌,178.0,12,False,5.0,-0.1093,-0.1504,-0.3368,True,False,-4.01,-2.07,49.24,-6.26,-3.22,54.7,,OHLC,↓,LH/LL,DT,False,273,2,universe
CDP,2026-10-01,33.27,0.73,False,35.02,-0.155,-0.78,False,92.6,-0.2,92.8,True,2.21,0.93,33.9,0.6,C 基底修復,True,8:49,264.6,跌,434.0,59,False,5.0,-0.0485,-0.0369,-0.3,False,False,-5.26,-2.38,34.4,-3.4,-1.54,33.5,,OHLC,↓,LH/LL,DT,False,273,2,universe
FIBK,2026-10-01,35.77,0.72,False,36.94,-0.085,-0.53,False,92.6,-0.14,92.7,True,2.02,1.13,29.4,1.5,C 基底修復,True,7:19,219.4,跌,72.0,8,False,5.0,-0.0926,-0.0851,-0.1794,False,False,-3.28,-1.62,36.91,-3.19,-1.58,47.1,,OHLC,↓,LH/LL,DT,False,273,2,universe
FRME,2026-10-01,39.58,0.75,False,41.02,-0.116,-0.61,False,92.6,-0.3,93.0,True,1.9,1.23,24.9,0.0,D 趨勢弱,True,7:08,213.8,跌,69.0,11,False,5.0,-0.0786,-0.0601,-0.1969,False,False,-3.64,-1.92,41.73,-5.43,-2.86,20.9,,OHLC,↓,LH/LL,DT,False,273,2,universe
CTRE,2026-10-01,35.91,0.74,False,38.44,-0.221,-0.61,False,91.4,-0.19,91.6,True,2.07,1.36,14.9,-5.2,D 趨勢弱,True,8:49,264.6,跌,162.0,16,False,5.0,-0.1147,-0.0656,-0.451,False,False,-7.05,-3.41,39.93,-11.19,-5.41,81.5,,OHLC,↓,LH/LL,DT,False,273,2,universe
BNY,2026-10-01,143.92,3.03,False,155.4,-0.803,-0.91,False,91.3,-0.13,91.4,True,2.1,1.34,39.1,-0.8,D 趨勢弱,True,8:49,264.6,跌,285.0,31,False,5.0,-1.1721,-1.1691,-1.4223,False,False,-7.98,-3.8,160.39,-11.44,-5.44,608.4,,OHLC,↓,LH/LL,DT,False,273,2,universe
GTY,2026-10-01,27.84,0.62,False,30.85,-0.352,-1.49,False,91.3,-0.17,91.5,True,2.23,1.21,7.0,-2.1,D 趨勢弱,True,8:49,264.6,跌,130.0,15,False,5.0,-0.1699,-0.1812,-0.3266,True,False,-10.81,-4.84,32.93,-18.28,-8.2,22.2,,OHLC,↓,LH/LL,DT,False,273,2,universe
BAC,2026-10-01,53.73,1.18,False,59.45,-0.421,-1.17,False,91.0,-0.21,91.2,True,2.21,1.31,13.6,-2.3,D 趨勢弱,True,8:49,264.6,跌,290.0,33,False,5.0,-0.4405,-0.4396,-0.6324,False,False,-10.64,-4.83,63.83,-18.8,-8.52,2252.4,,OHLC,↓,LH/LL,DT,False,273,2,universe
NTRS,2026-10-01,169.2,3.88,False,180.47,-0.645,-0.76,False,90.3,-0.01,90.3,True,2.3,1.39,42.1,0.9,C 基底修復,True,8:49,264.6,跌,282.0,30,False,5.0,-0.9296,-0.8968,-1.2287,False,False,-6.66,-2.9,179.85,-6.29,-2.74,182.8,,OHLC,↓,LH/LL,DT,False,273,2,universe
RPRX,2026-10-01,57.63,1.28,False,59.89,-0.119,-0.19,False,90.1,-0.08,90.2,True,2.22,1.5,46.6,-4.0,C 基底修復,True,8:49,264.6,跌,231.0,17,False,5.0,-0.1398,-0.1339,-0.5731,False,False,-3.92,-1.77,64.38,-11.71,-5.29,196.9,,OHLC,—,LH/LL,自然回檔,True,273,2,universe
STT,2026-10-01,174.62,4.05,False,184.94,-0.532,-0.54,False,90.1,-0.06,90.2,True,2.32,1.4,49.2,1.6,C 基底修復,True,8:49,264.6,跌,263.0,23,False,5.0,-1.23,-1.222,-1.4808,False,False,-5.91,-2.55,195.4,-11.9,-5.14,392.6,,OHLC,↓,LH/LL,DT,False,273,2,universe
UHT,2026-10-01,36.43,0.91,False,39.79,-0.333,-1.05,False,90.0,-0.8,90.7,True,2.5,1.25,6.3,-3.9,D 趨勢弱,True,8:16,248.2,跌,88.0,10,False,5.0,-0.2754,-0.2114,-0.3804,False,False,-9.22,-3.69,39.09,-7.3,-2.92,5.5,,OHLC,↓,LH/LL,DT,False,273,2,universe
WASH,2026-10-01,37.78,0.82,False,39.27,-0.065,-0.33,False,89.9,-0.45,90.4,True,2.16,1.6,60.0,0.4,C 基底修復,True,8:49,264.6,跌,427.0,39,False,5.0,-0.2015,-0.1967,-0.2227,False,False,-3.94,-1.83,39.66,-4.98,-2.3,4.9,,OHLC,↓,LH/LL,DT,False,273,2,universe
DIS,2026-10-01,101.33,2.17,False,106.26,-0.132,-0.04,False,89.8,-1.13,90.9,True,2.14,1.65,23.5,-24.8,D 趨勢弱,True,8:49,264.6,跌,166.0,22,False,5.0,-0.3897,-0.1703,-0.7072,False,False,-4.86,-2.27,106.58,-5.18,-2.42,907.0,,OHLC,—,LH/LL,自然回檔,False,273,2,universe
SFBS,2026-10-01,39.75,1.01,False,41.93,-0.142,-0.61,False,89.8,-0.12,90.0,True,2.54,1.23,24.6,2.3,D 趨勢弱,True,8:49,264.6,跌,323.0,40,False,5.0,-0.142,-0.1201,-0.3357,False,False,-5.49,-2.16,41.92,-5.46,-2.15,29.2,,OHLC,↓,LH/LL,DT,False,273,2,universe
SBRA,2026-10-01,19.2,0.39,False,20.29,-0.054,-0.3,False,89.6,-0.72,90.3,True,2.03,1.8,18.4,-7.2,D 趨勢弱,True,8:49,264.6,跌,124.0,15,False,5.0,-0.0671,-0.0429,-0.2226,False,False,-5.66,-2.8,21.08,-9.79,-4.84,50.3,,OHLC,↓,LH/LL,DT,False,273,2,universe
PINE,2026-10-01,17.36,0.45,False,18.24,-0.092,-1.06,False,89.5,-0.32,89.8,True,2.56,1.28,19.0,-0.4,D 趨勢弱,True,9:56,298.2,升,16.0,1,False,5.0,0.0075,-0.0264,,False,False,-5.08,-1.98,19.84,-14.31,-5.58,3.1,,OHLC,↓,LH/LL,自然反彈,False,273,2,universe
BMY,2026-10-01,61.46,1.42,False,64.07,-0.235,-0.38,False,89.3,-0.17,89.5,True,2.31,1.58,39.6,-3.5,C 基底修復,True,8:49,264.6,跌,310.0,24,False,5.0,-0.1545,-0.1171,-0.6275,False,False,-4.24,-1.83,65.29,-6.23,-2.69,744.8,,OHLC,—,LH/LL,DT,True,273,2,universe
WAFD,2026-10-01,29.98,0.76,False,33.07,-0.203,-1.1,False,89.2,-0.12,89.3,True,2.53,1.38,5.7,0.1,D 趨勢弱,True,8:49,264.6,跌,168.0,31,False,5.0,-0.1595,-0.1848,-0.2951,True,False,-10.3,-4.07,31.35,-4.57,-1.81,47.6,,OHLC,↓,LH/LL,DT,False,273,2,universe
PNFP,2026-10-01,94.63,2.36,False,97.85,-0.39,-0.84,False,88.8,-0.19,89.0,True,2.5,1.49,26.2,4.3,D 趨勢弱,True,8:49,264.6,跌,298.0,32,False,5.0,-0.1235,-0.2629,-0.8874,True,False,-3.4,-1.36,98.52,-4.11,-1.65,99.3,,OHLC,↓,LH/LL,DT,False,273,2,universe
LMT,2026-10-01,505.5,11.8,False,537.28,-2.441,-1.07,True,87.6,0.21,87.4,True,2.33,1.92,8.0,1.7,D 趨勢弱,False,5:41,170.7,跌,45.0,8,False,5.0,-1.3473,-1.0944,-7.4496,False,False,-6.29,-2.69,536.15,-6.06,-2.6,635.8,,OHLC,↓,LH/LL,DT,False,273,2,universe
PDM,2026-10-01,8.81,0.25,False,9.39,-0.02,-0.35,False,87.0,-0.11,87.2,True,2.79,1.58,42.7,-1.1,C 基底修復,True,8:49,264.6,跌,211.0,23,False,5.0,-0.0522,-0.0472,-0.0815,False,False,-6.55,-2.35,9.21,-4.54,-1.63,19.9,,OHLC,↓,LH/LL,DT,False,273,2,universe
HVT,2026-10-01,27.42,0.69,False,27.56,-0.023,-0.15,False,86.4,-0.17,86.5,True,2.52,1.99,53.9,-15.4,C 基底修復,False,4:08,123.8,跌,19.0,3,False,5.0,-0.0369,-0.0197,-0.2533,False,True,-0.51,-0.2,26.99,1.57,0.62,3.4,,OHLC,—,HH/HL,DT,False,273,2,universe
VNO,2026-10-01,33.56,0.99,False,35.78,-0.165,-0.74,True,85.6,0.32,85.3,True,2.96,1.69,36.6,0.6,C 基底修復,False,3:25,102.5,跌,7.0,1,False,5.0,-0.0098,0.0029,-0.4075,False,False,-6.62,-2.24,35.44,-5.6,-1.89,49.4,,OHLC,↓,LH/LL,DT,False,273,2,universe
PSEC,2026-10-01,2.05,0.06,False,2.21,-0.009,-0.63,False,85.2,-0.29,85.4,True,2.71,2.03,7.8,1.5,D 趨勢弱,True,8:49,264.6,跌,231.0,24,False,5.0,-0.0137,-0.0104,-0.0137,False,False,-7.8,-2.87,,,,10.3,,OHLC,—,HH/HL,DT,False,273,2,universe
PRVA,2026-10-01,20.03,0.64,False,20.33,-0.047,-0.46,False,84.2,-0.34,84.5,True,3.18,1.76,12.0,0.9,D 趨勢弱,False,11:06,333.0,升,35.0,5,False,5.0,0.1066,0.0746,,False,True,-1.51,-0.47,20.12,-0.45,-0.14,26.8,,OHLC,—,LH/LL,自然反彈,True,273,2,universe
LNC,2026-10-01,39.73,1.17,False,42.62,-0.18,-0.57,False,83.1,-0.41,83.5,True,2.94,2.2,31.2,-2.4,C 基底修復,True,8:49,264.6,跌,244.0,18,False,5.0,-0.2746,-0.2495,-0.6391,False,False,-7.28,-2.47,45.9,-15.53,-5.28,85.2,,OHLC,↓,LH/LL,DT,False,273,2,universe
EPC,2026-10-01,26.67,0.98,False,27.66,-0.069,-0.15,True,79.8,0.34,79.4,True,3.68,2.1,47.5,0.2,C 基底修復,False,3:26,103.0,跌,7.0,1,False,5.0,-0.0237,0.0249,-0.2756,False,False,-3.69,-1.0,27.51,-3.15,-0.85,17.0,,OHLC,—,LH/LL,DT,True,273,2,universe
PACS,2026-10-01,41.03,1.61,False,42.9,-0.115,-0.28,True,78.5,0.09,78.4,True,3.93,2.09,54.1,-1.4,C 基底修復,False,5:53,176.4,跌,48.0,12,False,5.0,-0.0575,-0.0229,-0.5245,False,False,-4.55,-1.16,43.06,-4.95,-1.26,33.8,,OHLC,—,LH/LL,DT,True,273,2,universe
RCL,2026-10-01,269.99,10.32,False,256.55,-0.488,-0.48,True,78.2,0.68,77.5,True,3.82,2.26,14.9,0.2,D 趨勢弱,False,10:47,323.3,升,30.0,4,False,5.0,4.1168,3.0369,,False,False,4.98,1.3,222.22,17.69,4.63,813.8,,OHLC,—,HH/HL,自然反彈,False,273,2,universe
VSNT,2026-10-01,30.84,1.21,False,36.68,-0.379,-0.99,False,77.9,-1.39,79.3,True,3.93,2.2,0.0,0.0,D 趨勢弱,True,8:49,264.6,跌,170.0,19,False,5.0,-0.4982,-0.5002,-0.6563,True,False,-18.93,-4.82,37.24,-20.75,-5.28,61.6,,OHLC,↓,LH/LL,DT,False,200,2,universe
QUAD,2026-10-01,9.29,0.35,False,9.88,-0.029,-0.28,False,77.3,-0.49,77.8,True,3.72,2.53,56.1,10.9,C 基底修復,True,8:49,264.6,跌,389.0,36,False,5.0,-0.0602,-0.0719,-0.1325,True,False,-6.39,-1.72,9.49,-2.15,-0.58,3.5,,OHLC,↓,LH/LL,DT,False,273,2,universe
PKE,2026-10-01,29.72,1.1,False,31.22,-0.151,-1.0,True,77.0,0.43,76.6,True,3.69,2.61,26.1,1.8,C 基底修復,False,11:01,330.6,升,34.0,4,False,5.0,0.0674,0.046,,False,False,-5.05,-1.37,30.28,-1.88,-0.51,8.0,,OHLC,—,LH/LL,DT,True,273,2,universe
WU,2026-10-01,6.02,0.21,False,6.67,-0.042,-1.04,True,73.4,0.6,72.8,False,3.46,3.51,0.3,0.3,D 趨勢弱,True,8:49,264.6,跌,98.0,17,False,5.0,-0.0299,-0.0442,-0.1516,True,False,-10.88,-3.14,6.18,-2.66,-0.77,58.3,,OHLC,↓,LH/LL,自然反彈,False,273,2,universe
RELY,2026-10-01,21.48,0.99,False,23.46,-0.07,-0.52,True,68.9,1.01,67.9,False,4.6,3.24,33.3,0.6,D 趨勢弱,True,8:49,264.6,跌,188.0,19,False,5.0,-0.0052,-0.0492,-0.6104,True,False,-9.23,-2.0,21.1,1.77,0.38,92.8,,OHLC,—,LH/LL,自然回檔,False,273,2,universe
TRVI,2026-10-01,14.18,0.65,False,15.87,-0.228,-1.25,True,67.8,0.17,67.7,False,4.55,3.5,20.6,-10.7,D 趨勢弱,True,8:49,264.6,跌,195.0,30,False,5.0,-0.0358,-0.0476,-0.2396,True,False,-11.95,-2.62,15.24,-7.48,-1.64,26.0,,OHLC,—,LH/LL,DT,True,273,2,universe
YSWY,2026-10-01,19.81,0.99,False,22.3,-0.22,-1.11,True,67.8,0.07,67.8,False,4.99,3.07,0.0,0.0,D 趨勢弱,True,8:49,264.6,跌,256.0,23,False,5.0,-0.1627,-0.2164,-0.5003,True,False,-12.57,-2.52,22.95,-15.85,-3.18,7.4,,OHLC,↓,LH/LL,自然反彈,False,113,2,universe
HMH,2026-10-01,17.36,0.94,False,19.21,-0.137,-0.49,True,65.9,0.05,65.9,False,5.39,3.04,5.6,-0.4,D 趨勢弱,True,8:49,264.6,跌,125.0,11,False,5.0,-0.1809,-0.1506,-0.1965,False,False,-10.68,-1.98,19.28,-11.06,-2.05,4.1,,OHLC,↓,LH/LL,DT,False,127,2,universe
ROOT,2026-10-01,46.21,2.13,False,52.03,-0.334,-0.33,True,64.6,0.89,63.7,False,4.62,4.08,1.4,0.5,D 趨勢弱,True,8:49,264.6,跌,113.0,17,False,5.0,-0.4207,-0.509,-1.0652,True,False,-12.6,-2.73,47.81,-3.46,-0.75,10.7,,OHLC,↓,LH/LL,DT,False,273,2,universe
GLOB,2026-10-01,36.98,1.91,False,37.92,-0.12,-0.17,False,64.4,-0.74,65.1,False,5.17,3.57,23.2,13.0,D 趨勢弱,True,8:49,264.6,跌,202.0,22,False,5.0,-0.1629,-0.4019,-0.5942,True,True,-2.55,-0.49,40.49,-9.49,-1.84,37.7,,OHLC,↓,LH/LL,自然反彈,False,273,2,universe
PRAX,2026-10-01,286.91,15.22,False,321.97,-3.058,-1.0,True,64.2,0.32,63.9,False,5.3,3.46,20.0,-0.2,D 趨勢弱,True,8:49,264.6,跌,218.0,27,False,5.0,-1.8677,-2.7757,-6.968,True,False,-12.22,-2.3,377.37,-31.53,-5.95,134.9,,OHLC,↓,LH/LL,自然反彈,False,273,2,universe
CHTR,2026-10-01,111.37,6.0,False,135.06,-2.892,-1.17,True,64.0,0.92,63.1,False,5.39,3.41,0.0,0.0,D 趨勢弱,True,8:49,264.6,跌,267.0,32,False,5.0,-1.9516,-2.408,-3.355,True,False,-21.27,-3.95,148.34,-33.2,-6.16,396.8,,OHLC,↓,LH/LL,DT,False,273,2,universe
OXM,2026-10-01,25.38,1.43,False,30.43,-0.324,-1.09,True,62.9,1.17,61.7,False,5.65,3.39,0.0,0.0,D 趨勢弱,True,8:49,264.6,跌,137.0,19,False,5.0,-0.2025,-0.3138,-0.7105,True,False,-19.9,-3.52,31.53,-24.23,-4.29,19.4,,OHLC,↓,LH/LL,自然反彈,False,273,2,universe
HNST,2026-10-01,5.02,0.22,True,5.45,0.006,0.27,False,60.9,-0.73,61.6,False,4.43,5.01,53.4,-11.8,D 趨勢弱,True,8:49,264.6,跌,206.0,17,False,5.0,-0.0723,-0.0668,-0.0917,False,False,-8.63,-1.95,5.3,-5.58,-1.26,10.2,,OHLC,↓,LH/LL,DT,False,273,2,universe
NAVN,2026-10-01,21.5,1.23,False,23.06,-0.123,-0.72,True,56.4,1.34,55.0,False,5.72,4.71,30.0,0.0,D 趨勢弱,True,9:24,282.1,升,7.0,1,False,5.0,0.0954,-0.0379,,False,False,-7.25,-1.27,22.53,-4.79,-0.84,109.8,,OHLC,↓,LH/LL,自然反彈,False,231,2,universe
ERAS,2026-10-01,14.58,1.01,False,16.11,-0.092,-0.45,True,55.2,0.68,54.5,False,6.93,3.77,32.0,2.0,D 趨勢弱,True,8:49,264.6,跌,189.0,23,False,5.0,-0.0039,-0.0431,-0.2687,True,False,-10.48,-1.51,14.52,0.41,0.06,71.0,,OHLC,—,LH/LL,自然反彈,True,273,2,universe
GSHD,2026-10-01,47.15,3.16,False,54.85,-0.657,-1.11,True,52.8,1.47,51.3,False,6.71,4.55,12.6,1.3,D 趨勢弱,True,8:49,264.6,跌,199.0,25,False,5.0,-0.6115,-1.0345,-2.0855,True,False,-16.32,-2.43,45.23,4.07,0.61,27.8,,OHLC,—,LH/LL,UT,False,273,2,universe
LENZ,2026-10-01,3.79,0.26,False,4.53,-0.036,-0.65,True,52.5,0.98,51.5,False,6.95,4.37,0.0,0.0,D 趨勢弱,True,8:49,264.6,跌,174.0,15,False,5.0,-0.0243,-0.0331,-0.115,True,False,-19.59,-2.82,3.6,5.15,0.74,3.2,,OHLC,—,HH/HL,DT,True,273,2,universe
SUJA,2026-10-01,9.05,0.7,True,9.08,0.147,0.97,False,33.7,-2.03,35.7,False,7.76,9.32,26.8,-9.7,D 趨勢弱,False,10:08,303.8,升,19.0,3,False,5.0,0.0694,0.083,,False,True,-0.38,-0.05,9.12,-0.77,-0.1,3.4,,OHLC,—,LH/LL,自然回檔,False,102,2,universe
WM,2026-10-01,201.9,3.32,False,215.06,-0.808,-0.89,False,93.8,-0.05,93.9,True,1.65,1.19,11.0,-1.8,D 趨勢弱,True,8:49,264.6,跌,600.0,48,False,6.0,-0.5226,-0.4187,-2.0666,False,False,-6.52,-3.96,218.09,-8.02,-4.87,468.5,,OHLC,↓,LH/LL,DT,False,273,2,universe
WELL,2026-10-01,226.94,4.75,False,235.08,-0.268,-0.11,False,91.8,-0.01,91.8,True,2.09,1.25,44.0,-4.6,C 基底修復,True,8:49,264.6,跌,154.0,19,False,6.0,-0.4148,-0.1804,-2.181,False,False,-3.59,-1.71,233.61,-2.94,-1.4,610.7,,OHLC,↓,LH/LL,DT,False,273,2,universe
AHR,2026-10-01,50.69,1.03,False,53.83,-0.123,-0.37,False,90.8,-0.03,90.8,True,2.04,1.52,20.7,-14.4,D 趨勢弱,True,8:49,264.6,跌,154.0,20,False,6.0,-0.1538,-0.1255,-0.6238,False,False,-6.18,-3.03,56.54,-11.54,-5.65,172.7,,OHLC,↓,LH/LL,DT,False,273,2,universe
DNOW,2026-10-01,15.28,0.45,False,15.78,-0.02,-0.2,False,83.3,-0.47,83.8,True,2.94,2.17,56.4,-1.6,C 基底修復,True,8:49,264.6,跌,217.0,30,False,6.0,-0.0702,-0.0447,-0.1131,False,False,-3.28,-1.11,16.1,-5.37,-1.83,36.0,,OHLC,—,LH/LL,自然回檔,False,273,2,universe
AVO,2026-10-01,12.82,0.43,False,12.9,-0.008,0.03,False,82.1,-0.39,82.5,True,3.39,1.94,20.8,-18.4,C 基底修復,False,11:15,337.5,升,38.0,6,False,6.0,0.0241,0.0433,,False,True,-0.62,-0.18,13.28,-3.59,-1.06,12.2,,OHLC,—,LH/LL,自然回檔,True,273,2,universe
DORM,2026-10-01,122.89,3.61,False,125.76,-0.422,-0.49,False,80.4,-0.02,80.5,True,2.93,2.72,21.6,-8.5,C 基底修復,False,10:33,316.5,升,26.0,4,False,6.0,0.268,0.234,,False,True,-2.34,-0.8,125.01,-1.73,-0.59,26.0,,OHLC,—,LH/LL,自然反彈,True,273,2,universe
CRAI,2026-10-01,175.77,6.08,True,167.94,0.078,-0.12,False,80.2,-1.07,81.3,True,3.46,2.24,41.8,27.4,C 基底修復,False,10:20,310.0,升,22.0,3,False,6.0,0.9728,0.182,,False,False,4.45,1.29,170.69,2.89,0.84,20.6,,OHLC,↑,HH/HL,UT,False,273,2,universe
VAC,2026-10-01,103.12,4.01,False,105.03,-0.343,-0.42,True,69.4,1.27,68.1,False,3.89,3.86,61.0,-1.0,C 基底修復,False,10:37,318.5,升,27.0,4,False,6.0,0.3262,0.3127,,False,True,-1.85,-0.48,103.59,-0.46,-0.12,44.2,,OHLC,↓,LH/LL,次級回檔,False,273,2,universe
RXST,2026-10-01,4.75,0.3,False,5.85,-0.033,-1.01,True,58.6,0.26,58.4,False,6.23,3.71,0.0,0.0,D 趨勢弱,True,8:49,264.6,跌,172.0,20,False,6.0,-0.0593,-0.0786,-0.1793,True,False,-23.24,-3.73,4.61,2.95,0.47,4.3,,OHLC,—,HH/HL,自然回檔,False,273,2,universe
WRBY,2026-10-01,27.49,1.67,True,25.12,0.038,0.16,True,57.6,0.13,57.5,False,6.07,4.08,46.4,-2.0,C 基底修復,False,1:34,47.1,升,76.0,6,False,6.0,0.5062,0.4896,,False,False,8.64,1.42,24.66,10.29,1.7,89.8,,OHLC,↑,HH/HL,UT,False,273,2,universe
ADC,2026-10-01,65.03,1.14,False,70.08,-0.988,-1.63,False,94.2,-0.73,95.0,True,1.75,0.98,7.3,-4.1,D 趨勢弱,True,8:49,264.6,跌,127.0,16,False,7.0,-0.1092,-0.0261,-0.7792,False,False,-7.77,-4.44,67.79,-4.24,-2.42,113.0,,OHLC,↓,LH/LL,DT,False,273,2,universe
MTX,2026-10-01,65.18,1.62,False,69.16,-0.221,-0.53,False,89.4,-0.17,89.5,True,2.49,1.38,19.8,-0.4,D 趨勢弱,True,8:49,264.6,跌,178.0,18,False,7.0,-0.106,-0.091,-0.382,False,False,-6.1,-2.45,67.59,-3.7,-1.48,12.3,,OHLC,↓,LH/LL,DT,False,273,2,universe
AMT,2026-10-01,161.06,3.86,False,173.59,-0.427,-0.38,False,89.1,-0.18,89.2,True,2.4,1.55,11.3,-2.5,D 趨勢弱,True,8:49,264.6,跌,133.0,12,False,7.0,-1.4779,-1.2665,-1.4779,False,False,-7.78,-3.25,,,,455.0,,OHLC,—,HH/HL,DT,False,273,2,universe
SJM,2026-10-01,115.95,2.93,False,125.0,-0.149,-0.05,False,87.7,-0.71,88.4,True,2.52,1.7,30.8,-9.5,D 趨勢弱,True,8:49,264.6,跌,203.0,19,False,7.0,-0.7379,-0.5466,-1.3388,False,False,-7.81,-3.09,122.41,-5.57,-2.21,159.9,,OHLC,↓,LH/LL,DT,False,273,2,universe
TKR,2026-10-01,118.99,3.11,False,119.29,-0.395,-0.76,False,86.0,-0.19,86.1,True,2.61,1.97,48.2,4.3,C 基底修復,False,1:06,32.9,升,68.0,7,False,7.0,0.6388,0.4936,,False,True,-0.25,-0.1,119.12,-0.11,-0.04,111.7,,OHLC,—,LH/LL,自然反彈,True,273,2,universe
CBT,2026-10-01,76.35,2.04,False,80.0,-0.419,-0.74,True,85.9,0.18,85.7,True,2.67,1.92,24.0,1.1,C 基底修復,False,1:18,39.2,升,72.0,7,False,7.0,0.0482,0.112,,False,False,-4.78,-1.79,79.47,-4.09,-1.53,32.6,,OHLC,↓,LH/LL,DT,False,273,2,universe
WY,2026-10-01,18.59,0.54,False,21.79,-0.282,-1.78,False,85.0,-0.31,85.3,True,2.9,1.87,0.0,0.0,D 趨勢弱,True,8:49,264.6,跌,227.0,34,False,7.0,-0.2307,-0.2095,-0.2307,False,False,-17.2,-5.93,21.54,-15.87,-5.47,152.6,,OHLC,↓,LH/LL,DT,False,273,2,universe
ROP,2026-10-01,362.59,9.84,False,385.93,-1.727,-0.72,False,84.8,-0.15,84.9,True,2.71,2.11,7.1,2.1,D 趨勢弱,True,8:49,264.6,跌,152.0,21,False,7.0,-2.3875,-3.698,-5.5494,True,False,-6.44,-2.37,364.21,-0.45,-0.16,332.7,,OHLC,↓,LH/LL,自然反彈,False,273,2,universe
KOP,2026-10-01,45.19,1.35,False,46.08,-0.026,-0.06,False,84.0,-0.03,84.0,True,2.98,1.99,60.3,-1.3,C 基底修復,False,3:28,104.0,跌,8.0,1,False,7.0,-0.0198,0.0245,-0.7708,False,True,-1.96,-0.66,46.27,-2.39,-0.8,7.7,,OHLC,—,LH/LL,DT,True,273,2,universe
OMC,2026-10-01,74.7,2.15,False,79.88,-0.328,-0.73,False,83.7,-0.14,83.9,True,2.88,2.14,12.2,2.5,D 趨勢弱,True,8:49,264.6,跌,237.0,24,False,7.0,-0.2665,-0.3935,-1.2123,True,False,-6.93,-2.41,81.07,-8.53,-2.96,259.1,,OHLC,—,LH/LL,DT,True,273,2,universe
MQ,2026-10-01,17.0,0.5,True,16.36,0.053,0.46,False,81.6,-0.48,82.1,True,2.94,2.49,36.4,0.8,C 基底修復,False,12:28,14.1,升,58.0,6,False,7.0,0.1285,0.1309,,False,False,3.76,1.28,17.11,-0.65,-0.22,14.3,,OHLC,—,LH/LL,UT,False,273,2,universe
KRYS,2026-10-01,325.31,10.67,False,345.93,-0.409,-0.01,False,78.9,-0.21,79.1,True,3.28,2.68,54.6,-5.3,D 趨勢弱,True,8:49,264.6,跌,129.0,16,False,7.0,-1.8102,-1.2572,-4.0837,False,False,-6.34,-1.93,350.88,-7.86,-2.4,95.8,,OHLC,↓,LH/LL,DT,False,273,2,universe
BGS,2026-10-01,2.93,0.12,False,3.2,-0.016,-0.73,True,75.8,0.47,75.3,True,4.09,2.44,0.0,0.0,D 趨勢弱,False,11:52,356.0,升,48.0,4,False,7.0,0.0011,0.0018,,False,False,-9.24,-2.26,3.1,-5.8,-1.42,7.0,,OHLC,↓,LH/LL,自然反彈,False,273,2,universe
XRAY,2026-10-01,8.74,0.42,False,10.12,-0.094,-1.01,True,69.1,0.34,68.7,False,4.75,3.05,0.0,0.0,D 趨勢弱,True,8:49,264.6,跌,130.0,15,False,7.0,-0.0621,-0.0572,-0.3597,False,False,-15.79,-3.32,9.95,-13.84,-2.91,47.6,,OHLC,↓,LH/LL,DT,False,273,2,universe
LOVE,2026-10-01,14.97,0.73,False,15.03,-0.053,-0.21,True,66.8,1.58,65.3,False,4.87,3.38,25.9,0.7,C 基底修復,False,1:30,45.0,升,75.0,6,False,7.0,0.1516,0.1682,,False,True,-0.42,-0.09,15.05,-0.53,-0.11,4.9,,OHLC,↓,LH/LL,DT,False,273,2,universe
WNC,2026-10-01,12.46,0.71,False,12.65,-0.016,-0.01,False,62.4,-0.7,63.1,False,5.68,3.46,51.5,-2.7,C 基底修復,True,9:56,298.2,升,16.0,3,False,7.0,0.024,0.0181,,False,True,-1.52,-0.27,12.77,-2.49,-0.44,10.7,,OHLC,—,HH/HL,DT,True,273,2,universe
AMR,2026-10-01,170.29,10.09,False,201.19,-0.215,0.15,True,59.9,0.92,59.0,False,5.92,3.73,0.4,-9.7,D 趨勢弱,True,8:20,250.0,跌,89.0,16,False,7.0,-3.7605,-4.4232,-7.6699,True,False,-18.15,-3.06,175.54,-3.08,-0.52,61.1,,OHLC,↓,LH/LL,自然反彈,False,273,2,universe
ALHC,2026-10-01,7.74,0.71,False,9.87,-0.188,-0.99,True,40.7,0.07,40.6,False,9.23,5.35,0.0,0.0,D 趨勢弱,True,6:56,208.0,跌,66.0,13,False,7.0,-0.0011,-0.0395,-0.7977,True,False,-27.57,-2.99,7.37,4.78,0.52,112.7,,OHLC,—,HH/HL,DT,True,273,2,universe
CTO,2026-10-01,20.35,0.35,False,20.97,-0.054,-0.58,True,94.2,0.14,94.0,True,1.72,1.03,43.3,-2.3,C 基底修復,False,11:05,332.6,升,35.0,3,False,8.0,0.0171,0.0217,,False,False,-3.06,-1.78,20.94,-2.9,-1.69,8.8,,OHLC,—,LH/LL,自然反彈,True,273,2,universe
NNN,2026-10-01,40.2,0.71,False,42.91,-0.194,-1.34,False,94.0,-0.5,94.5,True,1.77,1.01,12.5,-3.1,D 趨勢弱,True,8:49,264.6,跌,621.0,45,False,8.0,-0.0506,-0.0209,-0.4301,False,False,-6.74,-3.81,46.34,-15.27,-8.63,89.4,,OHLC,↓,LH/LL,DT,False,273,2,universe
UDR,2026-10-01,33.68,0.58,False,35.29,-0.128,-0.97,True,94.0,0.38,93.6,True,1.72,1.08,10.3,0.7,D 趨勢弱,False,10:16,308.2,升,21.0,3,False,8.0,0.0392,0.0178,,False,False,-4.79,-2.78,38.39,-13.98,-8.13,149.1,,OHLC,—,LH/LL,DT,True,273,2,universe
WPC,2026-10-01,63.83,1.13,False,68.15,-0.218,-0.85,False,94.0,-0.6,94.6,True,1.77,1.01,10.9,-2.0,D 趨勢弱,True,8:49,264.6,跌,160.0,17,False,8.0,-0.1925,-0.1366,-0.5269,False,False,-6.76,-3.82,67.24,-5.34,-3.01,112.2,,OHLC,↓,LH/LL,DT,False,273,2,universe
WCN,2026-10-01,150.66,2.87,False,159.89,-0.717,-0.8,False,93.3,-0.77,94.1,True,1.9,1.06,12.6,-2.3,D 趨勢弱,True,8:49,264.6,跌,230.0,25,False,8.0,-0.2907,-0.0996,-1.0223,False,False,-6.13,-3.22,157.87,-4.79,-2.51,197.0,,OHLC,↓,LH/LL,DT,False,273,2,universe
INGR,2026-10-01,94.91,1.76,False,100.29,-0.405,-0.9,False,93.1,-0.1,93.2,True,1.86,1.16,7.9,-1.8,D 趨勢弱,True,8:49,264.6,跌,167.0,26,False,8.0,-0.2254,-0.2079,-0.6673,False,False,-5.66,-3.05,100.0,-5.36,-2.89,64.1,,OHLC,↓,LH/LL,DT,False,273,2,universe
EPR,2026-10-01,55.49,1.07,False,58.55,-0.145,-0.58,False,92.7,-0.15,92.9,True,1.93,1.18,22.3,-3.1,D 趨勢弱,True,8:49,264.6,跌,485.0,43,False,8.0,-0.1234,-0.0783,-0.4336,False,False,-5.51,-2.85,57.46,-3.55,-1.84,53.9,,OHLC,↓,LH/LL,DT,False,273,2,universe
FCPT,2026-10-01,21.42,0.43,False,23.4,-0.129,-1.25,False,92.7,-0.23,92.9,True,1.99,1.14,4.7,-2.0,D 趨勢弱,True,8:49,264.6,跌,283.0,23,False,8.0,-0.1048,-0.1017,-0.2245,False,False,-9.24,-4.65,23.57,-10.04,-5.05,27.6,,OHLC,↓,LH/LL,DT,False,273,2,universe
BNL,2026-10-01,18.25,0.36,False,20.01,-0.122,-1.17,False,92.6,-0.01,92.6,True,1.98,1.17,10.8,-2.1,D 趨勢弱,True,8:49,264.6,跌,224.0,23,False,8.0,-0.0826,-0.0752,-0.2268,False,False,-9.64,-4.88,21.37,-17.1,-8.65,38.3,,OHLC,↓,LH/LL,DT,False,273,2,universe
ECL,2026-10-01,271.26,5.23,False,278.67,-0.524,-0.07,False,92.6,-0.07,92.7,True,1.93,1.22,24.7,-21.4,D 趨勢弱,False,10:53,326.7,升,31.0,5,False,8.0,0.0438,0.4082,,False,True,-2.73,-1.42,275.71,-1.64,-0.85,331.0,,OHLC,↓,LH/LL,DT,False,273,2,universe
MFA,2026-10-01,7.74,0.18,False,8.51,-0.057,-1.11,False,91.2,-0.33,91.5,True,2.34,1.13,4.2,-0.2,D 趨勢弱,True,8:49,264.6,跌,132.0,16,False,8.0,-0.0547,-0.047,-0.0547,False,False,-9.94,-4.24,8.56,-10.59,-4.52,15.1,,OHLC,↓,LH/LL,DT,False,273,2,universe
VTR,2026-10-01,83.73,1.68,False,89.18,-0.274,-0.42,False,90.8,-0.12,90.9,True,2.01,1.56,18.3,-3.8,C 基底修復,True,8:49,264.6,跌,141.0,23,False,8.0,-0.2632,-0.1602,-1.0942,False,False,-6.51,-3.24,88.49,-5.68,-2.83,330.8,,OHLC,↓,LH/LL,DT,False,273,2,universe
NTST,2026-10-01,17.39,0.4,False,18.99,-0.546,-2.17,False,90.2,-0.12,90.3,True,2.31,1.39,7.0,-2.5,D 趨勢弱,True,8:49,264.6,跌,117.0,19,False,8.0,-0.0722,-0.0598,-0.2458,False,False,-9.18,-3.97,18.55,-6.67,-2.89,30.3,,OHLC,↓,LH/LL,DT,False,273,2,universe
MWA,2026-10-01,21.5,0.49,False,22.96,-0.111,-1.12,False,89.5,-0.13,89.7,True,2.28,1.56,6.2,3.2,D 趨勢弱,True,8:49,264.6,跌,243.0,34,False,8.0,-0.0231,-0.0554,-0.1922,True,False,-6.81,-2.99,25.4,-18.14,-7.96,33.0,,OHLC,↓,LH/LL,DT,False,273,2,universe
NVR,2026-10-01,6126.38,140.57,False,6255.18,-12.466,-0.13,False,89.4,-0.01,89.4,True,2.29,1.58,12.6,0.0,D 趨勢弱,False,3:27,103.6,跌,8.0,1,False,8.0,-3.8452,2.0736,-24.609,False,True,-2.1,-0.92,6338.92,-3.47,-1.51,255.5,,OHLC,↓,LH/LL,自然回檔,False,273,2,universe
XMAX,2026-10-01,8.49,0.18,False,8.74,-0.018,-0.29,False,89.3,-0.38,89.7,True,2.18,1.72,50.0,-11.2,C 基底修復,False,4:02,121.0,跌,17.0,3,False,8.0,-0.0167,-0.0052,-0.0641,False,True,-2.94,-1.35,8.88,-4.59,-2.11,5.3,,OHLC,↓,LH/LL,DT,False,255,2,universe
VMC,2026-10-01,243.98,6.8,False,253.84,-1.284,-0.8,True,86.4,0.16,86.3,True,2.79,1.7,9.0,3.2,D 趨勢弱,False,11:24,342.0,升,40.0,5,False,8.0,0.8097,0.6951,,False,False,-4.04,-1.45,247.87,-1.59,-0.57,317.2,,OHLC,—,LH/LL,自然回檔,True,273,2,universe
TNL,2026-10-01,62.96,1.82,False,66.07,-0.416,-0.93,True,85.5,0.32,85.1,True,2.89,1.79,13.7,6.4,D 趨勢弱,False,11:28,344.2,升,41.0,5,False,8.0,0.1993,0.165,,False,False,-4.94,-1.71,64.98,-3.21,-1.11,47.8,,OHLC,—,LH/LL,DT,True,273,2,universe
CIM,2026-10-01,9.37,0.29,False,10.86,-0.13,-1.46,False,85.3,-0.73,86.1,True,3.05,1.66,0.0,0.0,D 趨勢弱,True,6:22,190.8,跌,56.0,7,False,8.0,-0.1277,-0.1021,-0.1277,False,False,-15.86,-5.21,11.15,-19.0,-6.24,15.4,,OHLC,↓,LH/LL,DT,False,273,2,universe
PMT,2026-10-01,7.76,0.24,False,8.89,-0.081,-1.25,False,85.3,-0.25,85.6,True,3.07,1.64,0.0,0.0,D 趨勢弱,True,8:49,264.6,跌,130.0,14,False,8.0,-0.1107,-0.1064,-0.1107,False,False,-14.6,-4.75,9.01,-16.11,-5.24,16.8,,OHLC,↓,LH/LL,DT,False,273,2,universe
UFPI,2026-10-01,77.08,2.32,False,82.2,-0.374,-0.65,True,83.8,0.25,83.6,True,3.01,1.99,8.5,2.1,D 趨勢弱,False,4:31,135.5,跌,25.0,3,False,8.0,-0.1617,-0.1151,-0.8668,False,False,-6.65,-2.21,82.41,-6.91,-2.3,37.1,,OHLC,↓,LH/LL,DT,False,273,2,universe
SARO,2026-10-01,21.17,0.73,False,23.43,-0.146,-1.31,True,82.0,0.65,81.3,True,3.47,1.9,2.4,0.3,D 趨勢弱,False,3:43,111.5,跌,12.0,2,False,8.0,-0.0419,-0.0222,-0.4956,False,False,-10.69,-3.08,22.74,-7.42,-2.14,92.3,,OHLC,↓,LH/LL,DT,False,273,2,universe
SIBN,2026-10-01,18.41,0.64,False,18.88,-0.031,-0.07,False,81.7,-0.54,82.2,True,3.46,1.96,49.7,-14.9,C 基底修復,False,10:26,313.2,升,24.0,3,False,8.0,0.007,0.0344,,False,True,-2.55,-0.74,18.7,-1.58,-0.45,10.7,,OHLC,—,LH/LL,自然回檔,False,273,2,universe
PBH,2026-10-01,44.77,1.5,False,48.26,-0.219,-0.56,False,81.4,-0.16,81.6,True,3.35,2.12,0.0,-3.5,D 趨勢弱,True,8:49,264.6,跌,143.0,18,False,8.0,-0.0693,-0.0084,-0.6483,False,False,-7.78,-2.32,46.93,-4.82,-1.44,29.3,,OHLC,↓,LH/LL,DT,False,273,2,universe
KBH,2026-10-01,46.54,1.58,False,49.54,-0.257,-0.58,True,81.2,0.18,81.0,True,3.41,2.11,4.1,1.9,D 趨勢弱,False,10:45,322.5,升,29.0,4,False,8.0,0.041,0.0435,,False,False,-6.44,-1.89,48.59,-4.4,-1.29,87.9,,OHLC,↓,LH/LL,DT,False,273,2,universe
LEN,2026-10-01,82.11,2.73,False,81.42,-0.175,-0.15,False,81.2,-0.31,81.6,True,3.33,2.17,14.2,2.2,D 趨勢弱,False,12:14,6.9,升,54.0,7,False,8.0,0.4608,0.4757,,False,True,0.84,0.25,83.37,-1.53,-0.46,432.9,,OHLC,—,LH/LL,UT,False,273,2,universe
ULS,2026-10-01,66.5,2.0,False,68.4,-0.261,-0.91,False,81.1,-0.02,81.1,True,3.01,2.53,5.5,2.5,D 趨勢弱,False,12:50,25.2,升,64.0,6,False,8.0,0.4193,0.289,,False,True,-2.86,-0.95,66.65,-0.23,-0.07,65.9,,OHLC,—,LH/LL,次級反彈,True,273,2,universe
CSV,2026-10-01,31.79,1.01,False,32.41,-0.07,-0.84,False,80.7,-1.13,81.8,True,3.18,2.43,11.0,3.4,D 趨勢弱,False,11:54,356.9,升,48.0,7,False,8.0,0.1446,0.101,,False,True,-1.95,-0.61,31.98,-0.6,-0.19,5.7,,OHLC,↓,LH/LL,次級反彈,False,273,2,universe
VVV,2026-10-01,30.78,1.03,False,29.9,-0.073,-0.57,False,80.5,-0.1,80.6,True,3.36,2.28,12.5,3.5,D 趨勢弱,False,11:34,347.1,升,43.0,6,False,8.0,0.4921,0.399,,False,True,2.87,0.86,30.96,-0.58,-0.17,87.4,,OHLC,↓,LH/LL,自然反彈,False,273,2,universe
THO,2026-10-01,69.05,2.49,False,72.67,-0.3,-0.49,True,80.3,0.15,80.1,True,3.61,2.08,7.8,1.9,D 趨勢弱,False,3:36,107.8,跌,10.0,1,False,8.0,-0.0431,0.0023,-0.7605,False,False,-5.24,-1.45,73.48,-6.42,-1.78,64.0,,OHLC,↓,LH/LL,DT,False,273,2,universe
APH,2026-10-01,85.67,2.8,True,80.81,0.209,0.17,False,79.9,-0.07,80.0,True,3.27,2.48,69.0,2.3,A 待突破,False,12:24,11.9,升,57.0,8,False,8.0,0.5599,0.5216,,False,False,5.67,1.73,80.25,6.33,1.93,1000.2,,OHLC,↑,HH/HL,UT,False,273,2,universe
ELAN,2026-10-01,21.77,0.74,False,23.32,-0.077,-0.27,False,79.8,-0.87,80.7,True,3.42,2.36,25.5,-4.5,D 趨勢弱,True,8:49,264.6,跌,209.0,17,False,8.0,-0.0451,-0.0164,-0.4809,False,False,-7.14,-2.09,22.93,-5.33,-1.56,128.4,,OHLC,—,LH/LL,DT,True,273,2,universe
TREX,2026-10-01,43.5,1.54,False,44.52,-0.178,-0.58,False,79.3,-0.17,79.5,True,3.54,2.33,52.1,3.9,C 基底修復,False,10:11,305.6,升,20.0,5,False,8.0,0.0942,0.1156,,False,True,-2.35,-0.66,44.02,-1.2,-0.34,71.0,,OHLC,—,LH/LL,次級回檔,True,273,2,universe
FLXS,2026-10-01,86.46,3.45,True,82.51,0.418,0.52,False,78.5,-0.29,78.8,True,3.99,2.04,67.6,-0.5,E 延伸,False,12:42,20.8,升,62.0,6,False,8.0,0.1186,0.1708,,False,False,4.57,1.15,90.65,-4.85,-1.22,8.3,,OHLC,—,LH/LL,自然反彈,False,273,2,universe
PPLI,2026-10-01,40.95,1.47,True,38.5,0.075,0.29,False,77.8,-0.88,78.6,True,3.59,2.58,37.8,-3.3,C 基底修復,False,10:40,320.0,升,28.0,5,False,8.0,0.6351,0.6316,,False,False,5.99,1.67,,,,53.2,,OHLC,—,LH/LL,自然回檔,False,255,2,universe
ESRT,2026-10-01,4.13,0.14,False,4.24,-0.012,-0.47,False,77.6,-0.33,77.9,True,3.46,2.74,9.1,5.1,D 趨勢弱,False,12:47,23.3,升,63.0,7,False,8.0,0.0215,0.014,,False,True,-2.78,-0.8,4.16,-0.73,-0.21,20.6,,OHLC,—,LH/LL,自然反彈,True,273,2,universe
GCO,2026-10-01,34.81,1.34,False,34.18,-0.018,-0.09,False,77.0,-0.03,77.0,True,3.86,2.46,48.2,-3.1,C 基底修復,False,12:12,6.0,升,53.0,8,False,8.0,0.1427,0.1274,,False,True,1.82,0.47,35.08,-0.78,-0.2,7.1,,OHLC,—,LH/LL,次級回檔,True,273,2,universe
HLNE,2026-10-01,88.57,3.59,False,95.11,-0.498,-0.85,False,76.0,-0.2,76.2,True,4.05,2.43,1.0,1.0,D 趨勢弱,True,8:49,264.6,跌,237.0,28,False,8.0,-0.3141,-0.6731,-2.1798,True,False,-7.38,-1.82,82.65,6.68,1.65,58.1,,OHLC,—,HH/HL,UT,True,273,2,universe
HGV,2026-10-01,34.83,1.39,False,38.97,-0.432,-1.29,True,75.6,0.74,74.9,True,3.99,2.58,0.0,0.0,D 趨勢弱,False,11:26,343.2,升,41.0,3,False,8.0,0.0702,0.0421,,False,False,-11.88,-2.98,35.94,-3.19,-0.8,43.4,,OHLC,—,LH/LL,DT,True,273,2,universe
YOU,2026-10-01,41.74,1.68,False,41.65,-0.08,-0.4,True,74.9,0.27,74.7,False,4.03,2.66,19.6,3.1,D 趨勢弱,False,1:48,54.0,升,80.0,5,False,8.0,0.5131,0.4418,,False,True,0.21,0.05,44.59,-6.83,-1.69,88.1,,OHLC,↓,LH/LL,自然反彈,False,273,2,universe
LAZ,2026-10-01,36.44,1.62,False,38.95,-0.272,-0.76,True,74.0,0.4,73.6,False,4.45,2.43,1.1,1.1,D 趨勢弱,True,8:49,264.6,跌,131.0,17,False,8.0,-0.0472,-0.1439,-0.8631,True,False,-6.9,-1.55,35.35,2.99,0.67,72.5,,OHLC,—,HH/HL,自然回檔,True,273,2,universe
HCC,2026-10-01,89.08,3.89,False,97.09,-0.499,-0.41,True,73.9,0.78,73.1,False,4.37,2.53,17.5,0.6,D 趨勢弱,True,8:49,264.6,跌,155.0,20,False,8.0,-0.7126,-0.9089,-2.523,True,False,-8.99,-2.06,91.75,-3.0,-0.69,61.8,,OHLC,—,LH/LL,DT,True,273,2,universe
EAT,2026-10-01,194.33,9.0,False,212.3,-0.891,-0.62,True,70.4,0.81,69.6,False,4.63,2.93,33.4,1.0,D 趨勢弱,True,8:49,264.6,跌,289.0,26,False,8.0,-1.4601,-1.4441,-4.6715,False,False,-9.25,-2.0,210.61,-8.38,-1.81,316.0,,OHLC,↓,LH/LL,DT,False,273,2,universe
COTY,2026-10-01,2.65,0.12,False,2.7,-0.025,-0.3,True,68.2,0.91,67.3,False,4.58,3.4,44.3,1.7,D 趨勢弱,False,10:05,302.6,升,18.0,3,False,8.0,0.0033,0.0018,,False,True,-1.8,-0.39,2.69,-1.51,-0.33,13.9,,OHLC,↓,LH/LL,自然回檔,False,273,2,universe
GTN,2026-10-01,4.51,0.19,False,4.75,-0.019,-0.46,True,67.7,0.68,67.0,False,4.13,3.96,15.6,2.7,C 基底修復,True,8:49,264.6,跌,167.0,28,False,8.0,-0.0299,-0.0335,-0.0635,True,False,-5.23,-1.27,4.79,-6.21,-1.5,4.5,,OHLC,—,LH/LL,DT,True,273,2,universe
CAL,2026-10-01,12.3,0.61,False,12.44,-0.032,-0.19,True,66.1,1.02,65.1,False,4.94,3.45,27.6,-5.2,C 基底修復,False,12:58,28.8,升,66.0,8,False,8.0,0.0427,0.0503,,False,True,-1.11,-0.22,12.43,-1.06,-0.21,7.3,,OHLC,—,LH/LL,DT,True,273,2,universe
MAMA,2026-10-01,12.81,0.68,False,14.51,-0.084,-0.78,True,65.7,0.42,65.3,False,5.29,3.17,7.2,-0.0,D 趨勢弱,True,8:49,264.6,跌,371.0,39,False,8.0,-0.0063,-0.0168,-0.2526,True,False,-13.25,-2.5,13.8,-7.73,-1.46,13.0,,OHLC,↓,LH/LL,DT,False,273,2,universe
ENVA,2026-10-01,171.49,7.81,False,196.75,-2.039,-1.46,True,64.2,0.94,63.3,False,4.56,4.21,20.0,1.6,D 趨勢弱,True,8:49,264.6,跌,245.0,38,False,8.0,-0.2164,-1.0607,-6.2981,True,False,-14.73,-3.23,173.48,-1.16,-0.25,75.7,,OHLC,—,LH/LL,自然反彈,True,273,2,universe
TLS,2026-10-01,4.23,0.2,False,4.35,-0.005,-0.26,False,63.6,-0.33,63.9,False,4.71,4.19,4.6,4.6,D 趨勢弱,True,9:36,288.0,升,10.0,1,False,8.0,0.0037,-0.0132,,False,True,-2.84,-0.6,4.29,-1.42,-0.3,3.1,,OHLC,—,LH/LL,自然反彈,True,273,2,universe
ARWR,2026-10-01,64.79,3.34,False,74.67,-0.589,-0.83,True,62.8,0.95,61.8,False,5.15,3.91,19.4,-0.9,D 趨勢弱,True,8:49,264.6,跌,198.0,35,False,8.0,-0.4357,-0.5792,-2.2728,True,False,-15.25,-2.96,71.86,-10.91,-2.12,166.5,,OHLC,↓,LH/LL,DT,False,273,2,universe
RCAT,2026-10-01,6.33,0.44,False,7.69,-0.086,-1.64,True,50.3,0.39,49.9,False,6.92,4.94,0.0,0.0,D 趨勢弱,True,8:49,264.6,跌,118.0,28,False,8.0,-0.0442,-0.0551,-0.1785,True,False,-21.48,-3.11,6.8,-7.42,-1.07,62.9,,OHLC,↓,LH/LL,DT,False,273,2,universe
IMSR,2026-10-01,3.83,0.31,False,4.71,-0.061,-0.88,True,44.4,0.15,44.2,False,8.18,5.28,0.0,0.0,D 趨勢弱,True,8:49,264.6,跌,121.0,15,False,8.0,-0.0449,-0.0418,-0.1002,False,False,-23.04,-2.82,4.38,-14.49,-1.77,6.7,,OHLC,↓,LH/LL,DT,False,273,2,universe
METC,2026-10-01,8.33,0.74,False,11.33,-0.129,-0.59,True,41.9,0.89,41.0,False,8.92,5.28,10.0,0.0,D 趨勢弱,True,8:49,264.6,跌,132.0,17,False,8.0,-0.1866,-0.2153,-0.4427,True,False,-35.97,-4.03,9.7,-16.45,-1.84,21.5,,OHLC,↓,LH/LL,DT,False,273,2,universe
LIN,2026-10-01,469.45,7.84,False,473.28,-0.555,-0.17,False,93.8,-0.28,94.1,True,1.67,1.18,18.0,-1.1,C 基底修復,False,1:56,58.2,升,82.0,7,False,9.0,1.9673,2.224,,False,True,-0.81,-0.49,472.59,-0.67,-0.4,975.7,,OHLC,—,LH/LL,UT,False,273,2,universe
AKR,2026-10-01,18.68,0.36,False,20.01,-0.175,-1.01,True,92.6,0.07,92.6,True,1.95,1.18,20.7,-0.4,D 趨勢弱,False,3:53,116.4,跌,15.0,2,False,9.0,-0.0224,-0.0116,-0.2426,False,False,-7.1,-3.63,19.37,-3.69,-1.89,25.5,,OHLC,↓,LH/LL,DT,False,273,2,universe
DCI,2026-10-01,87.76,1.74,False,89.36,-0.238,-0.54,False,92.6,-0.03,92.6,True,1.98,1.17,21.5,2.3,D 趨勢弱,False,10:37,318.4,升,27.0,4,False,9.0,0.2406,0.1724,,False,True,-1.82,-0.92,91.79,-4.59,-2.32,60.7,,OHLC,—,LH/LL,DT,True,273,2,universe
OUT,2026-10-01,28.05,0.63,False,28.71,-0.105,-0.58,False,91.4,-0.2,91.6,True,2.25,1.16,30.1,0.4,C 基底修復,False,1:40,50.0,升,78.0,7,False,9.0,0.0673,0.0447,,False,True,-2.34,-1.04,30.66,-9.3,-4.13,48.9,,OHLC,—,LH/LL,DT,True,273,2,universe
UMBF,2026-10-01,129.79,2.88,False,137.78,-0.648,-0.95,False,91.1,-0.01,91.2,True,2.22,1.27,23.9,-8.2,C 基底修復,True,8:49,264.6,跌,326.0,31,False,9.0,-0.4298,-0.3877,-1.1188,False,False,-6.16,-2.78,137.32,-5.8,-2.62,93.6,,OHLC,↓,LH/LL,DT,False,273,2,universe
TROW,2026-10-01,105.83,2.12,False,107.05,-0.232,-0.5,False,91.0,-0.06,91.1,True,2.0,1.51,38.2,5.2,C 基底修復,False,12:45,22.5,升,62.0,5,False,9.0,0.3061,0.1705,,False,True,-1.15,-0.58,102.91,2.76,1.38,162.0,,OHLC,—,HH/HL,自然反彈,False,273,2,universe
TDG,2026-10-01,1097.24,25.89,False,1133.91,-3.446,-0.77,True,89.3,0.34,89.0,True,2.36,1.53,10.3,2.9,D 趨勢弱,False,1:56,58.2,升,82.0,7,False,9.0,3.2395,2.9309,,False,False,-3.34,-1.42,1116.2,-1.73,-0.73,444.1,,OHLC,—,LH/LL,自然回檔,True,273,2,universe
MCO,2026-10-01,447.36,11.01,False,479.49,-2.896,-0.61,False,89.0,-0.57,89.6,True,2.46,1.49,15.6,-0.7,D 趨勢弱,True,8:49,264.6,跌,202.0,21,False,9.0,-2.0077,-1.6265,-4.5125,False,False,-7.18,-2.92,473.85,-5.92,-2.4,359.3,,OHLC,↓,LH/LL,DT,False,273,2,universe
TFIN,2026-10-01,61.13,1.78,False,65.96,-0.614,-1.42,False,85.5,-0.01,85.5,True,2.91,1.77,15.7,8.8,D 趨勢弱,True,9:48,294.0,升,13.0,1,False,9.0,0.0421,-0.0957,,False,False,-7.91,-2.71,77.08,-26.09,-8.95,15.0,,OHLC,↓,LH/LL,DT,False,273,2,universe
JEF,2026-10-01,45.25,1.74,False,49.57,-0.369,-0.94,False,80.2,-0.31,80.5,True,3.85,1.85,3.9,-0.1,D 趨勢弱,True,7:28,224.0,跌,74.0,14,False,9.0,-0.2317,-0.2318,-0.6385,True,False,-9.54,-2.48,47.68,-5.37,-1.39,124.8,,OHLC,↓,LH/LL,DT,False,273,2,universe
CRS,2026-10-01,383.69,15.32,False,440.22,-3.408,-1.16,True,76.2,0.38,75.8,True,3.99,2.46,15.6,-0.5,D 趨勢弱,False,10:31,315.5,升,25.0,3,False,9.0,0.8249,0.5886,,False,False,-14.73,-3.69,475.33,-23.88,-5.98,290.7,,OHLC,—,LH/LL,DT,True,273,2,universe
SE,2026-10-01,95.27,3.46,False,108.34,-0.933,-1.22,False,75.2,-0.54,75.7,True,3.64,3.01,18.2,-1.1,D 趨勢弱,True,8:49,264.6,跌,370.0,31,False,9.0,-0.7059,-0.6508,-1.6953,False,False,-13.72,-3.77,103.67,-8.82,-2.43,382.5,,OHLC,↓,LH/LL,DT,False,273,2,universe
BVS,2026-10-01,13.45,0.49,False,13.68,-0.034,-0.14,True,74.6,0.33,74.2,False,3.66,3.1,70.7,-12.6,C 基底修復,False,1:08,34.1,升,69.0,5,False,9.0,0.0255,0.0503,,False,True,-1.73,-0.47,13.67,-1.64,-0.45,6.5,,OHLC,↓,LH/LL,DT,False,273,2,universe
HROW,2026-10-01,30.61,1.45,False,35.42,-0.411,-1.01,True,70.6,0.71,69.9,False,4.75,2.77,0.0,0.0,D 趨勢弱,True,8:49,264.6,跌,188.0,25,False,9.0,-0.2236,-0.2202,-0.4762,False,False,-15.7,-3.31,34.45,-12.54,-2.64,19.6,,OHLC,↓,LH/LL,DT,False,273,2,universe
FWRG,2026-10-01,10.23,0.49,False,11.16,-0.083,-0.84,True,70.3,0.39,69.9,False,4.82,2.76,0.0,0.0,D 趨勢弱,True,9:33,286.7,升,9.0,1,False,9.0,0.0183,-0.0004,,False,False,-9.1,-1.89,10.38,-1.47,-0.3,14.1,,OHLC,—,LH/LL,自然回檔,True,273,2,universe
AMAT,2026-10-01,529.3,19.65,True,463.76,0.761,-0.41,True,69.8,0.41,69.4,False,3.71,3.96,49.9,-3.4,E 延伸,False,1:36,47.9,升,77.0,9,False,9.0,11.3665,10.3896,,False,False,12.38,3.34,,,,2926.4,,OHLC,—,LH/LL,UT,False,273,2,universe
BOOT,2026-10-01,120.98,5.65,False,138.73,-1.431,-1.11,True,69.5,0.68,68.8,False,4.67,3.06,10.0,10.0,D 趨勢弱,True,8:49,264.6,跌,199.0,27,False,9.0,-0.146,-0.3135,-3.0631,True,False,-14.67,-3.14,126.16,-4.28,-0.92,91.8,,OHLC,—,LH/LL,DT,True,273,2,universe
JBL,2026-10-01,299.79,14.44,False,305.44,-1.32,-0.51,True,68.0,0.85,67.2,False,4.82,3.2,32.3,8.3,C 基底修復,False,2:49,84.6,升,144.0,9,False,9.0,0.4412,0.9163,,False,True,-1.88,-0.39,293.6,2.06,0.43,446.7,,OHLC,—,HH/HL,自然反彈,False,273,2,universe
CBRL,2026-10-01,51.72,2.56,False,50.73,-0.103,-0.22,True,67.8,0.36,67.5,False,4.96,3.1,49.7,-0.7,C 基底修復,False,11:33,346.5,升,42.0,6,False,9.0,0.828,0.8874,,False,True,1.92,0.39,50.53,2.3,0.46,57.0,,OHLC,↓,LH/LL,DT,False,273,2,universe
KRUS,2026-10-01,41.39,1.98,False,40.82,-0.177,-0.78,True,67.7,1.3,66.4,False,4.79,3.29,8.7,4.3,D 趨勢弱,False,11:25,342.7,升,40.0,5,False,9.0,0.7557,0.6143,,False,True,1.38,0.29,45.88,-10.85,-2.27,10.2,,OHLC,↓,LH/LL,自然反彈,False,273,2,universe
LRCX,2026-10-01,340.1,13.94,True,300.71,0.678,-0.1,True,66.3,0.75,65.5,False,4.1,4.25,52.1,-4.4,E 延伸,False,2:11,65.7,升,86.0,8,False,9.0,5.7529,4.9672,,False,False,11.58,2.82,320.42,5.79,1.41,2866.7,,OHLC,—,LH/LL,UT,False,273,2,universe
MBC,2026-10-01,7.01,0.4,False,7.36,-0.072,-0.67,True,63.9,0.17,63.7,False,5.7,3.14,3.1,3.1,D 趨勢弱,False,11:06,333.2,升,35.0,5,False,9.0,0.0509,0.0439,,False,True,-5.0,-0.88,7.24,-3.28,-0.58,23.8,,OHLC,↓,LH/LL,自然回檔,False,273,2,universe
VSEC,2026-10-01,160.76,8.93,False,190.47,-2.915,-1.2,True,63.5,0.07,63.5,False,5.56,3.35,5.0,-0.0,D 趨勢弱,True,8:49,264.6,跌,205.0,29,False,9.0,-1.3426,-0.9886,-4.0858,False,False,-18.48,-3.33,183.42,-14.1,-2.54,72.5,,OHLC,↓,LH/LL,DT,False,273,2,universe
ASMB,2026-10-01,22.98,1.38,False,29.44,-0.36,-0.65,True,58.9,0.08,58.8,False,6.02,3.87,5.0,0.0,D 趨勢弱,True,8:49,264.6,跌,112.0,17,False,9.0,-0.4268,-0.5131,-1.3935,True,False,-28.11,-4.67,26.47,-15.19,-2.52,10.5,,OHLC,↓,LH/LL,DT,False,273,2,universe
SBET,2026-10-01,9.58,0.56,True,8.81,0.138,0.78,True,55.8,1.3,54.5,False,5.83,4.72,39.7,-6.6,E 延伸,False,4:49,144.7,跌,30.0,3,False,9.0,-0.0581,-0.0529,-0.1193,False,False,8.0,1.37,9.28,3.13,0.54,81.6,,OHLC,↑,HH/HL,自然反彈,False,273,2,universe
CMCO,2026-10-01,15.94,0.82,False,17.01,-0.057,-0.47,True,54.6,0.06,54.5,False,5.17,5.67,30.7,2.5,D 趨勢弱,True,8:49,264.6,跌,333.0,35,False,9.0,-0.0243,-0.0237,-0.4343,False,False,-6.77,-1.31,16.51,-3.61,-0.7,7.2,,OHLC,—,LH/LL,自然回檔,True,273,2,universe
BMNR,2026-10-01,26.73,1.6,True,25.1,0.327,0.64,True,54.0,0.89,53.1,False,5.98,4.99,37.8,-9.6,D 趨勢弱,False,4:52,146.1,跌,31.0,3,False,9.0,-0.1802,-0.1415,-0.3707,False,False,6.1,1.02,27.46,-2.73,-0.46,1060.8,,OHLC,—,HH/HL,DT,False,273,2,universe
PLAY,2026-10-01,6.43,0.46,False,7.74,-0.051,-0.71,True,50.3,1.3,49.0,False,7.13,4.75,0.0,0.0,D 趨勢弱,True,9:51,295.3,升,14.0,1,False,9.0,0.0097,-0.0103,,False,False,-20.35,-2.86,7.12,-10.73,-1.51,24.3,,OHLC,—,LH/LL,DT,True,273,2,universe
CRWV,2026-10-01,88.57,5.23,False,86.54,-0.144,-0.65,True,49.8,0.96,48.9,False,5.91,6.08,24.4,-5.5,D 趨勢弱,False,1:39,49.4,升,77.0,6,False,9.0,0.3513,0.2328,,False,True,2.29,0.39,83.35,5.89,1.0,2636.8,,OHLC,—,LH/LL,UT,True,273,2,universe
FWDI,2026-10-01,7.83,0.57,True,6.85,0.071,0.72,True,45.3,0.84,44.5,False,7.31,5.88,40.0,0.0,E 延伸,False,4:22,131.1,跌,23.0,1,False,9.0,-0.0252,0.0093,-0.0905,False,False,12.57,1.72,8.06,-2.94,-0.4,16.9,,OHLC,—,HH/HL,DT,False,273,2,universe
UAMY,2026-10-01,4.13,0.29,False,4.9,-0.064,-0.61,True,44.6,0.28,44.3,False,7.01,6.38,13.2,2.6,D 趨勢弱,True,6:22,191.1,跌,56.0,4,False,9.0,-0.0338,-0.0324,-0.0475,False,False,-18.65,-2.66,4.91,-18.89,-2.69,23.5,,OHLC,↓,LH/LL,DT,False,273,2,universe
CSQ,2026-10-01,20.32,0.33,False,20.7,-0.018,-0.21,False,94.8,-0.12,95.0,True,1.61,0.95,49.7,-0.1,C 基底修復,False,4:39,139.7,跌,28.0,4,False,10.0,-0.0411,-0.0339,-0.0974,False,True,-1.87,-1.17,21.1,-3.84,-2.39,3.8,,OHLC,—,LH/LL,自然回檔,False,273,2,universe
COST,2026-10-01,914.94,15.96,False,918.15,-1.246,-0.35,False,93.2,-0.08,93.3,True,1.74,1.25,17.5,1.1,D 趨勢弱,False,1:48,54.0,升,80.0,5,False,10.0,3.2035,3.3137,,False,True,-0.35,-0.2,931.09,-1.77,-1.01,2187.7,,OHLC,↓,LH/LL,自然反彈,False,273,2,universe
BCAT,2026-10-01,13.59,0.28,False,14.62,-0.061,-1.26,False,91.7,-0.09,91.8,True,2.04,1.32,11.4,-0.1,D 趨勢弱,True,8:49,264.6,跌,164.0,15,False,10.0,-0.0639,-0.081,-0.2095,True,False,-7.57,-3.71,14.54,-6.99,-3.43,19.6,,OHLC,↓,LH/LL,DT,False,273,2,universe
GOF,2026-10-01,8.58,0.18,False,9.12,-0.034,-1.07,True,91.5,0.16,91.3,True,2.05,1.36,6.9,0.8,D 趨勢弱,False,10:17,308.7,升,22.0,4,False,10.0,0.0345,0.0229,,False,False,-6.28,-3.07,8.7,-1.4,-0.68,25.7,,OHLC,—,LH/LL,DT,True,273,2,universe
IRT,2026-10-01,14.5,0.32,False,15.31,-0.052,-1.07,True,91.3,0.43,90.8,True,2.18,1.28,8.1,-0.8,D 趨勢弱,False,11:05,332.6,升,35.0,3,False,10.0,0.0064,0.0029,,False,False,-5.61,-2.58,15.08,-4.0,-1.84,63.3,,OHLC,—,LH/LL,DT,True,273,2,universe
BCSF,2026-10-01,11.09,0.25,False,11.48,-0.03,-0.77,True,90.7,0.18,90.5,True,2.24,1.34,8.8,1.6,D 趨勢弱,False,12:07,3.5,升,52.0,5,False,10.0,0.0255,0.022,,False,False,-3.52,-1.57,10.96,1.17,0.52,6.1,,OHLC,—,HH/HL,DT,True,273,2,universe
NDAQ,2026-10-01,91.67,2.08,False,94.65,-0.164,-0.32,True,89.9,0.28,89.6,True,2.27,1.48,35.3,0.3,C 基底修復,False,5:17,158.6,跌,38.0,3,False,10.0,-0.1346,-0.0986,-1.2119,False,False,-3.25,-1.43,95.44,-4.11,-1.81,299.2,,OHLC,↓,LH/LL,DT,False,273,2,universe
AGNC,2026-10-01,8.95,0.22,False,10.02,-0.076,-1.25,False,89.7,-0.06,89.7,True,2.44,1.37,0.0,0.0,D 趨勢弱,True,8:49,264.6,跌,159.0,26,False,10.0,-0.0874,-0.0741,-0.0925,False,False,-11.94,-4.88,10.09,-12.74,-5.21,410.5,,OHLC,↓,LH/LL,DT,False,273,2,universe
RHP,2026-10-01,120.94,2.95,False,123.61,-0.335,-0.28,False,89.7,-0.15,89.9,True,2.44,1.36,61.0,5.1,C 基底修復,False,11:25,342.7,升,40.0,6,False,10.0,0.1047,0.0888,,False,True,-2.21,-0.91,123.41,-2.04,-0.84,73.0,,OHLC,—,LH/LL,DT,True,273,2,universe
BLK,2026-10-01,1064.36,22.63,False,1104.34,-3.337,-0.59,True,89.6,0.24,89.4,True,2.13,1.69,44.7,23.3,C 基底修復,False,10:47,323.4,升,30.0,5,False,10.0,0.3733,0.143,,False,False,-3.76,-1.77,1086.31,-2.06,-0.97,562.3,,OHLC,—,LH/LL,DT,True,273,2,universe
BRC,2026-10-01,84.14,2.24,False,87.27,-0.218,-0.66,True,89.3,0.49,88.8,True,2.66,1.24,20.6,1.1,D 趨勢弱,False,10:19,309.3,升,22.0,3,False,10.0,0.165,0.0936,,False,False,-3.71,-1.4,85.27,-1.34,-0.51,25.0,,OHLC,—,LH/LL,自然反彈,True,273,2,universe
EMR,2026-10-01,158.57,3.76,True,153.1,0.09,-0.11,False,88.1,-0.1,88.2,True,2.37,1.77,51.5,-4.0,C 基底修復,False,12:07,3.3,升,52.0,8,False,10.0,0.8476,0.8209,,False,False,3.45,1.45,160.29,-1.08,-0.46,366.0,,OHLC,—,LH/LL,自然反彈,False,273,2,universe
PSMT,2026-10-01,167.64,4.22,False,171.3,-0.177,-0.26,False,87.4,-0.16,87.5,True,2.51,1.78,44.2,-2.8,C 基底修復,False,12:56,27.8,升,65.0,10,False,10.0,0.2106,0.4667,,False,True,-2.18,-0.87,174.1,-3.85,-1.53,36.1,,OHLC,—,LH/LL,DT,True,273,2,universe
GRBK,2026-10-01,66.44,1.81,False,69.41,-0.208,-0.25,True,87.0,0.04,86.9,True,2.73,1.65,18.5,2.2,D 趨勢弱,False,3:27,103.3,跌,7.0,1,False,10.0,-0.0133,0.0155,-0.4913,False,False,-4.46,-1.64,68.8,-3.55,-1.3,25.5,,OHLC,↓,LH/LL,DT,False,273,2,universe
FERG,2026-10-01,221.49,5.72,False,224.08,-0.877,-0.73,False,86.9,-0.14,87.0,True,2.58,1.82,28.5,-0.6,D 趨勢弱,False,12:18,8.8,升,55.0,7,False,10.0,1.1841,1.3407,,False,True,-1.17,-0.45,227.3,-2.62,-1.02,313.0,,OHLC,↓,LH/LL,DT,False,255,2,universe
LEVI,2026-10-01,19.92,0.52,False,20.35,-0.073,-0.86,False,86.9,-0.39,87.3,True,2.63,1.76,15.6,-1.9,D 趨勢弱,False,2:49,84.6,升,100.0,10,False,10.0,0.108,0.0916,,False,True,-2.13,-0.81,20.06,-0.7,-0.27,50.3,,OHLC,—,LH/LL,DT,True,273,2,universe
PLOW,2026-10-01,39.7,1.04,False,40.55,-0.093,-0.43,False,86.6,-0.04,86.7,True,2.61,1.84,30.2,2.1,C 基底修復,False,1:03,31.3,升,67.0,8,False,10.0,0.0864,0.0656,,False,True,-2.13,-0.82,40.4,-1.76,-0.68,7.7,,OHLC,—,LH/LL,DT,True,273,2,universe
TCEHY,2026-10-01,54.09,1.24,False,55.92,-0.076,-0.18,True,86.4,0.3,86.1,True,2.3,2.2,11.4,1.6,D 趨勢弱,False,3:22,101.0,跌,6.0,1,False,10.0,-0.0244,0.0333,-0.6014,False,False,-3.38,-1.47,55.79,-3.14,-1.37,173.4,,OHLC,↓,LH/LL,DT,False,273,2,universe
APAM,2026-10-01,36.2,0.96,False,38.95,-0.243,-1.15,False,86.2,-0.03,86.3,True,2.66,1.87,8.8,1.9,D 趨勢弱,True,8:49,264.6,跌,486.0,34,False,10.0,-0.0067,-0.067,-0.756,True,False,-7.59,-2.86,37.2,-2.76,-1.04,32.1,,OHLC,—,LH/LL,自然反彈,True,273,2,universe
CNS,2026-10-01,73.12,2.2,False,76.46,-0.327,-0.75,True,86.1,0.46,85.6,True,3.01,1.56,35.3,4.1,C 基底修復,False,12:47,23.7,升,63.0,6,False,10.0,0.0703,0.0562,,False,False,-4.56,-1.52,76.79,-5.02,-1.67,23.5,,OHLC,—,LH/LL,DT,True,273,2,universe
HUBB,2026-10-01,466.98,13.01,False,457.73,-0.776,-0.41,False,85.5,-0.44,86.0,True,2.79,1.88,25.7,6.4,D 趨勢弱,False,12:51,25.7,升,64.0,9,False,10.0,2.4782,2.1767,,False,True,1.98,0.71,464.75,0.48,0.17,224.6,,OHLC,—,LH/LL,自然反彈,True,273,2,universe
TEL,2026-10-01,217.76,6.02,True,206.77,0.272,0.07,False,85.0,-0.62,85.7,True,2.76,2.01,48.4,10.1,C 基底修復,False,2:35,77.4,升,93.0,10,False,10.0,0.8279,0.6645,,False,False,5.05,1.83,211.96,2.66,0.96,393.3,,OHLC,—,LH/LL,自然反彈,False,273,2,universe
ODFL,2026-10-01,178.1,5.29,False,183.97,-0.874,-0.95,True,84.2,0.18,84.0,True,2.97,1.96,17.9,8.6,C 基底修復,False,12:26,12.9,升,57.0,8,False,10.0,1.2305,0.9744,,False,False,-3.29,-1.11,177.72,0.21,0.07,347.0,,OHLC,—,LH/LL,自然反彈,True,273,2,universe
VTOL,2026-10-01,40.3,1.25,False,43.19,-0.162,-0.44,True,84.2,0.19,84.0,True,3.09,1.84,13.4,-1.4,D 趨勢弱,False,4:32,136.0,跌,26.0,3,False,10.0,-0.1159,-0.0663,-0.3689,False,False,-7.18,-2.32,42.81,-6.23,-2.01,12.6,,OHLC,↓,LH/LL,DT,False,273,2,universe
LGND,2026-10-01,302.74,9.73,True,291.9,0.816,0.52,False,83.6,-0.83,84.5,True,3.21,1.83,66.9,0.7,C 基底修復,False,1:22,40.9,升,73.0,9,False,10.0,2.4797,3.282,,False,False,3.58,1.11,280.49,7.35,2.29,79.1,,OHLC,↑,HH/HL,自然回檔,False,273,2,universe
CNK,2026-10-01,36.18,1.23,False,36.14,-0.021,0.07,False,81.8,-1.29,83.1,True,3.41,1.98,50.8,-12.5,C 基底修復,False,10:52,325.8,升,31.0,8,False,10.0,0.184,0.313,,False,True,0.12,0.04,39.07,-7.99,-2.34,77.0,,OHLC,↓,LH/LL,DT,False,273,2,universe
DLTR,2026-10-01,114.43,3.85,False,120.85,-0.392,-0.51,True,81.3,0.58,80.7,True,3.37,2.12,18.7,-2.8,D 趨勢弱,False,11:08,334.0,升,36.0,2,False,10.0,0.2027,0.0653,,False,False,-5.61,-1.67,112.5,1.69,0.5,333.8,,OHLC,—,LH/LL,自然回檔,True,273,2,universe
PHIN,2026-10-01,60.03,1.96,False,64.08,-0.481,-1.23,True,80.3,0.16,80.2,True,3.26,2.42,5.3,3.0,D 趨勢弱,False,11:27,343.5,升,41.0,5,False,10.0,0.1798,0.127,,False,False,-6.75,-2.07,62.04,-3.35,-1.03,26.9,,OHLC,—,LH/LL,DT,True,273,2,universe
PATK,2026-10-01,66.56,2.5,False,74.7,-0.704,-1.1,True,80.1,0.52,79.5,True,3.75,1.98,0.0,0.0,D 趨勢弱,False,3:32,106.2,跌,9.0,1,False,10.0,-0.0046,0.0053,-1.2002,False,False,-12.22,-3.26,69.12,-3.85,-1.03,43.6,,OHLC,↓,LH/LL,DT,False,273,2,universe
ETN,2026-10-01,437.28,13.64,True,416.15,0.165,-0.09,False,79.4,-0.02,79.4,True,3.12,2.74,50.7,-4.1,B 上升結構,False,2:49,84.6,升,140.0,10,False,10.0,1.928,2.0899,,False,False,4.83,1.55,423.83,3.08,0.99,874.8,,OHLC,↑,HH/HL,自然回檔,False,273,2,universe
LFUS,2026-10-01,435.55,14.25,False,413.3,-0.172,-0.36,True,79.2,0.28,78.9,True,3.27,2.63,68.9,8.4,B 上升結構,False,2:49,84.6,升,112.0,8,False,10.0,3.1738,2.8263,,False,False,5.11,1.56,405.42,6.92,2.11,78.5,,OHLC,—,HH/HL,自然反彈,False,273,2,universe
WCC,2026-10-01,371.28,12.14,True,348.87,0.844,0.1,False,78.0,-0.49,78.5,True,3.27,2.84,71.5,-8.8,E 延伸,False,1:48,54.0,升,80.0,9,False,10.0,2.0219,1.7914,,False,False,6.04,1.85,359.59,3.15,0.96,172.5,,OHLC,↑,HH/HL,UT,False,273,2,universe
ARES,2026-10-01,116.57,4.5,False,130.63,-0.961,-0.95,False,77.8,-0.41,78.2,True,3.86,2.29,7.0,0.7,D 趨勢弱,True,8:49,264.6,跌,259.0,30,False,10.0,-1.0495,-1.1724,-2.1017,True,False,-12.06,-3.13,126.67,-8.66,-2.25,290.8,,OHLC,↓,LH/LL,DT,False,273,2,universe
ESI,2026-10-01,36.33,1.33,False,34.69,-0.05,-0.17,True,77.4,0.23,77.2,True,3.65,2.58,44.7,-4.0,C 基底修復,False,12:03,1.4,升,51.0,8,False,10.0,0.4432,0.4368,,False,False,4.51,1.24,35.47,2.37,0.65,155.0,,OHLC,—,LH/LL,UT,False,273,2,universe
ADMA,2026-10-01,9.93,0.37,True,9.44,0.012,0.2,False,77.0,-0.12,77.1,True,3.75,2.56,25.4,-0.1,D 趨勢弱,False,12:24,11.9,升,57.0,8,False,10.0,0.0766,0.0836,,False,False,4.92,1.31,9.38,5.54,1.48,29.8,,OHLC,↑,HH/HL,UT,False,273,2,universe
Q,2026-10-01,128.45,4.8,False,122.49,-0.147,-0.35,True,76.0,0.29,75.7,True,3.74,2.76,45.4,3.9,C 基底修復,False,2:49,84.6,升,104.0,10,False,10.0,1.3674,1.2513,,False,False,4.64,1.24,122.31,4.78,1.28,183.3,,OHLC,↑,HH/HL,UT,False,234,2,universe
RYTM,2026-10-01,93.41,3.84,False,101.66,-0.826,-0.9,False,75.9,-0.31,76.2,True,4.11,2.4,13.0,-2.1,D 趨勢弱,True,8:49,264.6,跌,296.0,30,False,10.0,-0.2895,-0.1702,-1.3752,False,False,-8.83,-2.15,99.27,-6.27,-1.53,67.4,,OHLC,—,LH/LL,DT,True,273,2,universe
PKOH,2026-10-01,46.54,1.68,False,45.94,-0.017,-0.35,False,75.3,-0.49,75.8,True,3.62,3.01,77.9,-2.6,B 上升結構,False,4:08,123.9,跌,19.0,2,False,10.0,-0.0715,-0.0329,-0.6375,False,True,1.28,0.35,47.69,-2.47,-0.68,3.2,,OHLC,—,HH/HL,自然回檔,True,273,2,universe
MCHP,2026-10-01,78.5,2.7,False,74.08,-0.024,-0.07,True,75.2,0.33,74.8,True,3.44,3.21,37.1,6.4,C 基底修復,False,2:20,70.0,升,89.0,10,False,10.0,0.8565,0.9049,,False,False,5.63,1.64,71.58,8.82,2.56,616.0,,OHLC,↑,HH/HL,UT,False,273,2,universe
WLDN,2026-10-01,73.68,2.82,False,82.79,-0.337,-0.44,True,74.0,0.5,73.5,False,3.83,3.05,10.0,0.0,D 趨勢弱,True,8:49,264.6,跌,154.0,19,False,10.0,-0.8624,-0.8126,-1.2692,False,False,-12.37,-3.23,81.36,-10.42,-2.72,15.1,,OHLC,↓,LH/LL,DT,False,273,2,universe
MBUU,2026-10-01,22.83,0.98,False,25.69,-0.205,-0.74,True,73.6,0.32,73.3,False,4.31,2.64,1.5,1.5,D 趨勢弱,True,8:49,264.6,跌,329.0,28,False,10.0,-0.0013,-0.0088,-0.4154,True,False,-12.53,-2.91,24.03,-5.26,-1.22,6.1,,OHLC,—,LH/LL,DT,True,273,2,universe
BNED,2026-10-01,11.68,0.45,False,11.56,-0.009,-0.14,True,73.3,0.62,72.7,False,3.86,3.14,58.3,3.8,C 基底修復,False,12:39,19.4,升,61.0,6,False,10.0,0.114,0.0952,,False,True,1.05,0.27,11.23,3.85,1.0,3.1,,OHLC,—,LH/LL,UT,False,273,2,universe
JANX,2026-10-01,16.96,0.74,False,17.82,-0.01,0.04,True,72.3,0.0,72.3,False,4.34,2.85,28.2,-16.5,D 趨勢弱,True,8:49,264.6,跌,164.0,16,False,10.0,-0.0612,-0.0866,-0.4266,True,False,-5.05,-1.16,17.47,-3.01,-0.69,16.8,,OHLC,—,LH/LL,UT,True,273,2,universe
KLAC,2026-10-01,200.33,7.58,True,180.84,0.252,-0.22,True,72.3,0.62,71.7,False,3.79,3.41,54.9,-3.8,E 延伸,False,2:00,60.0,升,83.0,10,False,10.0,3.1696,2.968,,False,False,9.73,2.57,,,,1736.5,,OHLC,—,LH/LL,UT,False,273,2,universe
AEO,2026-10-01,17.97,0.74,True,16.19,0.04,0.26,True,70.4,0.74,69.6,False,4.12,3.44,17.9,-1.8,D 趨勢弱,False,10:55,327.7,升,32.0,7,False,10.0,0.3399,0.3292,,False,False,9.93,2.41,,,,131.5,,OHLC,—,LH/LL,UT,False,273,2,universe
PCOR,2026-10-01,51.66,2.27,False,55.93,-0.312,-0.82,True,70.3,0.41,69.9,False,4.39,3.18,20.6,0.6,D 趨勢弱,True,8:49,264.6,跌,223.0,27,False,10.0,-0.1267,-0.3177,-1.5357,True,False,-8.26,-1.88,56.74,-9.83,-2.24,140.7,,OHLC,↓,LH/LL,自然反彈,False,273,2,universe
MAT,2026-10-01,15.04,0.73,True,14.05,0.225,-0.09,False,68.9,-13.41,82.3,False,4.88,2.96,22.6,22.6,D 趨勢弱,True,9:32,286.0,升,9.0,1,False,10.0,0.1066,-0.0361,,False,False,6.6,1.35,14.65,2.59,0.53,88.2,,OHLC,—,HH/HL,自然反彈,False,273,2,universe
PTLO,2026-10-01,3.53,0.18,False,4.05,-0.06,-1.8,True,68.1,0.28,67.8,False,5.04,2.97,0.0,0.0,D 趨勢弱,True,8:49,264.6,跌,257.0,25,False,10.0,-0.0109,-0.0196,-0.0859,True,False,-14.69,-2.91,3.88,-9.83,-1.95,5.9,,OHLC,↓,LH/LL,DT,False,273,2,universe
LSCC,2026-10-01,128.86,5.36,True,116.4,0.233,-0.03,True,67.7,0.63,67.1,False,4.16,3.92,49.3,-4.9,E 延伸,False,2:49,84.6,升,106.0,9,False,10.0,1.9915,1.9599,,False,False,9.67,2.32,124.03,3.75,0.9,200.5,,OHLC,↑,HH/HL,UT,False,273,2,universe
DJT,2026-10-01,8.79,0.4,True,9.11,0.02,0.39,False,66.8,-1.42,68.2,False,4.6,3.66,22.0,4.3,D 趨勢弱,False,12:20,10.2,升,56.0,8,False,10.0,0.0042,0.0264,,False,True,-3.64,-0.79,8.85,-0.68,-0.15,28.1,,OHLC,↓,LH/LL,DT,False,273,2,universe
ACLS,2026-10-01,136.71,5.86,True,116.87,0.166,-0.13,True,66.5,0.6,65.9,False,4.28,4.02,42.6,-0.4,E 延伸,False,1:14,37.1,升,71.0,9,False,10.0,3.5883,3.2009,,False,False,14.52,3.39,,,,41.4,,OHLC,—,LH/LL,UT,False,273,2,universe
HBM,2026-10-01,26.18,1.27,False,27.58,-0.048,-0.06,True,66.4,0.2,66.2,False,4.86,3.47,47.2,-9.1,C 基底修復,True,8:49,264.6,跌,150.0,22,False,10.0,-0.0719,-0.0442,-0.5571,False,False,-5.35,-1.1,27.01,-3.17,-0.65,110.8,,OHLC,—,LH/LL,DT,True,273,2,universe
KSS,2026-10-01,18.92,0.95,True,17.75,0.006,-0.09,True,66.3,0.55,65.8,False,5.02,3.33,51.5,-0.6,C 基底修復,False,11:28,343.8,升,41.0,6,False,10.0,0.2128,0.1742,,False,False,6.21,1.24,16.36,13.53,2.7,68.1,,OHLC,↑,HH/HL,次級反彈,False,273,2,universe
PRGO,2026-10-01,14.02,0.64,True,14.3,0.018,0.45,False,65.5,-1.57,67.1,False,4.59,3.92,47.6,-4.0,D 趨勢弱,False,3:41,110.6,跌,11.0,1,False,10.0,-0.0211,0.0435,-0.2349,False,True,-2.02,-0.44,14.27,-1.78,-0.39,40.9,,OHLC,↑,HH/HL,自然回檔,False,273,2,universe
ENTG,2026-10-01,158.48,6.59,True,140.17,0.209,-0.14,True,65.0,0.67,64.3,False,4.16,4.45,60.5,1.4,E 延伸,False,2:39,79.4,升,94.0,10,False,10.0,2.0585,1.9599,,False,False,11.55,2.78,128.52,18.9,4.54,284.1,,OHLC,↑,HH/HL,UT,False,273,2,universe
DC,2026-10-01,5.98,0.31,False,6.2,-0.007,0.03,True,64.8,0.29,64.5,False,5.1,3.54,54.0,-5.1,B 上升結構,False,4:16,127.9,跌,21.0,3,False,10.0,-0.0462,-0.024,-0.0853,False,True,-3.68,-0.72,6.39,-6.86,-1.34,9.6,,OHLC,—,LH/LL,自然回檔,False,273,2,universe
QXO,2026-10-01,12.05,0.6,False,12.48,-0.073,-0.79,True,64.7,0.1,64.6,False,4.98,3.69,8.6,5.5,D 趨勢弱,False,2:29,74.6,升,91.0,8,False,10.0,0.0602,0.0447,,False,True,-3.54,-0.71,11.64,3.4,0.68,241.9,,OHLC,—,LH/LL,自然反彈,True,273,2,universe
IIIV,2026-10-01,14.46,0.72,False,15.32,-0.064,-0.39,True,64.6,1.01,63.6,False,5.01,3.67,5.3,4.2,D 趨勢弱,True,9:29,284.3,升,8.0,1,False,10.0,0.0208,-0.0082,,False,False,-6.02,-1.2,15.15,-4.81,-0.96,9.5,,OHLC,—,LH/LL,自然反彈,True,273,2,universe
PAYS,2026-10-01,14.36,0.67,True,13.06,0.118,0.15,False,63.1,-0.96,64.0,False,4.69,4.3,65.0,-4.0,E 延伸,True,9:29,284.7,升,8.0,1,False,10.0,0.0787,-0.0083,,False,False,9.06,1.93,12.67,11.77,2.51,11.3,,OHLC,↑,HH/HL,UT,False,273,2,universe
ARHS,2026-10-01,9.87,0.48,True,8.79,0.002,-0.04,True,63.0,0.18,62.8,False,4.83,4.19,44.9,-2.2,E 延伸,False,11:37,348.5,升,44.0,8,False,10.0,0.1748,0.1705,,False,False,10.92,2.26,9.46,4.15,0.86,12.3,,OHLC,↑,HH/HL,UT,False,273,2,universe
PRCH,2026-10-01,16.75,0.88,False,16.76,-0.007,-0.05,False,62.9,-0.51,63.5,False,5.23,3.8,62.2,-1.2,B 上升結構,True,8:49,264.6,跌,176.0,25,False,10.0,-0.0237,-0.036,-0.2865,True,True,-0.03,-0.01,15.92,4.99,0.95,26.2,,OHLC,—,HH/HL,自然反彈,True,273,2,universe
VECO,2026-10-01,53.19,2.58,True,45.56,0.051,0.04,True,62.7,0.07,62.6,False,4.85,4.22,47.5,0.4,E 延伸,False,2:47,83.5,升,96.0,10,False,10.0,1.4106,1.3376,,False,False,14.34,2.95,,,,30.0,,OHLC,—,LH/LL,UT,False,273,2,universe
VRT,2026-10-01,246.12,12.15,False,254.09,-0.637,-0.37,True,62.3,0.75,61.5,False,4.94,4.23,32.5,2.4,D 趨勢弱,False,1:05,32.6,升,68.0,8,False,10.0,0.5428,0.4039,,False,True,-3.24,-0.66,253.46,-2.98,-0.6,1346.5,,OHLC,—,LH/LL,DT,True,273,2,universe
TER,2026-10-01,415.79,19.27,True,366.8,0.327,-0.19,True,61.8,0.84,61.0,False,4.63,4.63,63.2,1.0,E 延伸,False,2:47,83.5,升,96.0,10,False,10.0,5.3632,5.0179,,False,False,11.78,2.54,387.7,6.76,1.46,913.0,,OHLC,↑,HH/HL,UT,False,273,2,universe
IDR,2026-10-01,28.25,1.53,False,30.67,-0.118,-0.22,True,61.6,1.06,60.6,False,5.42,3.87,6.1,5.1,D 趨勢弱,True,6:15,187.6,跌,54.0,4,False,10.0,-0.1123,-0.101,-0.4389,False,False,-8.56,-1.58,31.04,-9.88,-1.82,6.2,,OHLC,↓,LH/LL,DT,False,273,2,universe
PDFS,2026-10-01,53.39,2.57,True,45.82,0.178,0.11,True,61.1,0.32,60.7,False,4.81,4.61,50.3,0.5,E 延伸,False,2:49,84.6,升,98.0,10,False,10.0,0.9391,0.8112,,False,False,14.17,2.95,47.63,10.79,2.24,28.4,,OHLC,↑,HH/HL,UT,False,273,2,universe
ATEX,2026-10-01,82.48,4.73,False,84.28,-0.231,-0.32,True,60.2,0.08,60.1,False,5.74,3.86,47.8,-3.5,C 基底修復,False,12:01,0.7,升,50.0,8,False,10.0,0.4112,0.2214,,False,True,-2.19,-0.38,85.24,-3.35,-0.58,24.6,,OHLC,—,LH/LL,自然反彈,True,273,2,universe
STX,2026-10-01,945.57,48.24,True,853.26,1.392,-0.15,True,60.1,0.5,59.6,False,5.1,4.52,66.9,-2.4,E 延伸,False,1:36,47.9,升,77.0,9,False,10.0,9.7614,9.3946,,False,False,9.76,1.91,870.38,7.95,1.56,3261.7,,OHLC,↑,HH/HL,UT,False,273,2,universe
PLPC,2026-10-01,407.03,18.87,False,411.64,-1.349,-0.43,True,59.9,0.39,59.5,False,4.63,5.03,64.0,-15.2,C 基底修復,False,4:05,122.7,跌,18.0,2,False,10.0,-1.0831,-0.5095,-8.7255,False,True,-1.13,-0.24,390.65,4.02,0.87,29.1,,OHLC,—,HH/HL,DT,True,273,2,universe
OMER,2026-10-01,18.47,0.89,True,18.89,0.046,0.7,False,59.3,-0.47,59.7,False,4.79,5.0,81.2,-1.8,B 上升結構,False,4:37,138.5,跌,27.0,4,False,10.0,-0.1976,-0.1293,-0.476,False,True,-2.29,-0.48,18.22,1.35,0.28,28.1,,OHLC,↑,HH/HL,自然回檔,False,273,2,universe
AMBA,2026-10-01,70.3,4.02,False,67.13,-0.097,-0.16,True,59.0,1.22,57.7,False,5.72,4.13,48.9,-2.9,C 基底修復,False,1:34,47.1,升,76.0,10,False,10.0,0.712,0.7134,,False,True,4.51,0.79,68.68,2.3,0.4,134.4,,OHLC,↑,HH/HL,自然反彈,False,273,2,universe
UUUU,2026-10-01,10.71,0.64,False,13.18,-0.126,-0.88,True,58.1,0.01,58.1,False,5.96,4.09,0.0,0.0,D 趨勢弱,True,8:49,264.6,跌,163.0,22,False,10.0,-0.1355,-0.1465,-0.3957,True,False,-23.02,-3.86,11.98,-11.86,-1.99,86.0,,OHLC,↓,LH/LL,DT,False,273,2,universe
VCYT,2026-10-01,44.19,2.45,True,43.28,0.131,0.29,False,57.3,-1.52,58.8,False,5.54,4.68,43.4,-8.0,C 基底修復,False,12:43,21.7,升,62.0,9,False,10.0,0.6002,0.7808,,False,True,2.05,0.37,38.24,13.45,2.43,63.6,,OHLC,—,HH/HL,DT,False,273,2,universe
DDD,2026-10-01,3.54,0.2,True,3.41,0.005,-0.01,False,56.9,-0.04,56.9,False,5.67,4.65,69.4,11.3,B 上升結構,False,11:58,359.1,升,50.0,10,False,10.0,0.0094,0.013,,False,True,3.7,0.65,3.48,1.69,0.3,7.7,,OHLC,—,HH/HL,自然反彈,True,273,2,universe
WDC,2026-10-01,462.56,26.13,False,449.32,-0.711,-0.4,True,55.9,0.71,55.2,False,5.65,4.89,52.3,-1.8,D 趨勢弱,False,1:30,45.0,升,75.0,9,False,10.0,3.5839,3.3203,,False,True,2.86,0.51,468.88,-1.37,-0.24,3043.7,,OHLC,—,LH/LL,次級反彈,True,273,2,universe
NESR,2026-10-01,24.94,1.63,False,31.73,-0.474,-1.27,True,55.3,0.1,55.2,False,6.53,4.14,22.6,-11.1,D 趨勢弱,True,8:49,264.6,跌,350.0,28,False,10.0,-0.9859,-0.8712,-0.9859,False,False,-27.26,-4.18,25.13,-0.78,-0.12,64.2,,OHLC,↓,LH/LL,DT,False,273,2,universe
SMCI,2026-10-01,41.92,2.26,True,39.01,0.128,0.18,True,55.3,1.05,54.3,False,5.39,5.28,50.8,-4.0,C 基底修復,False,3:42,110.9,跌,12.0,1,False,10.0,-0.011,0.0019,-0.4679,False,False,6.93,1.29,41.02,2.15,0.4,1519.9,,OHLC,—,HH/HL,自然反彈,True,273,2,universe
VIAV,2026-10-01,44.78,2.54,True,37.54,0.199,0.01,True,54.8,0.19,54.6,False,5.66,5.13,48.9,3.3,E 延伸,False,2:49,84.6,升,118.0,9,False,10.0,1.0563,0.8886,,False,False,16.18,2.86,36.95,17.49,3.09,219.5,,OHLC,↑,HH/HL,UT,False,273,2,universe
SITM,2026-10-01,678.87,38.7,True,605.76,0.675,-0.16,True,52.0,0.22,51.8,False,5.7,5.74,50.2,0.2,E 延伸,False,2:43,81.4,升,95.0,10,False,10.0,8.328,7.5868,,False,False,10.77,1.89,608.91,10.31,1.81,290.1,,OHLC,↑,HH/HL,UT,False,273,2,universe
ACMR,2026-10-01,83.58,5.0,True,74.5,0.212,-0.11,True,51.7,1.08,50.6,False,5.98,5.54,50.0,-3.9,E 延伸,False,12:29,14.5,升,58.0,9,False,10.0,1.6191,1.3823,,False,False,10.86,1.82,79.41,4.99,0.83,83.1,,OHLC,↑,HH/HL,UT,False,273,2,universe
POET,2026-10-01,7.64,0.46,False,7.82,-0.026,-0.73,True,51.2,0.77,50.5,False,6.06,5.58,33.5,-5.1,D 趨勢弱,False,2:49,84.6,升,101.0,10,False,10.0,0.0043,0.0016,,False,True,-2.3,-0.38,7.48,2.09,0.35,64.7,,OHLC,—,HH/HL,次級反彈,False,273,2,universe
USAR,2026-10-01,13.8,0.95,False,16.77,-0.134,-0.73,True,50.8,0.04,50.8,False,6.91,4.83,0.0,0.0,D 趨勢弱,True,8:49,264.6,跌,122.0,23,False,10.0,-0.1873,-0.1763,-0.3301,False,False,-21.49,-3.11,16.99,-23.12,-3.35,214.7,,OHLC,↓,LH/LL,DT,False,273,2,universe
SIMO,2026-10-01,275.24,15.82,True,258.7,1.064,0.13,True,50.0,0.58,49.5,False,5.75,6.19,64.0,-2.4,E 延伸,False,1:42,51.2,升,78.0,10,False,10.0,1.528,2.0731,,False,False,6.01,1.05,236.81,13.96,2.43,197.5,,OHLC,—,HH/HL,自然回檔,True,273,2,universe
NVTS,2026-10-01,12.12,0.82,False,11.85,-0.027,-0.43,True,49.3,1.06,48.2,False,6.75,5.38,34.4,1.9,D 趨勢弱,False,2:49,84.6,升,100.0,10,False,10.0,0.1166,0.1034,,False,True,2.2,0.33,11.84,2.31,0.34,157.7,,OHLC,—,HH/HL,自然反彈,True,273,2,universe
LODE,2026-10-01,2.25,0.19,False,2.84,-0.033,-1.0,True,45.6,0.39,45.2,False,8.35,4.76,0.0,0.0,D 趨勢弱,True,8:49,264.6,跌,213.0,21,False,10.0,-0.0244,-0.0218,-0.0789,False,False,-26.01,-3.12,2.76,-22.67,-2.72,3.7,,OHLC,↓,LH/LL,DT,False,273,2,universe
SRZN,2026-10-01,30.0,2.97,True,30.09,0.046,0.29,False,26.6,-1.09,27.7,False,9.88,10.53,43.8,-4.8,E 延伸,False,11:21,340.7,升,39.0,6,False,10.0,1.5533,1.751,,False,True,-0.29,-0.03,33.68,-12.27,-1.24,29.4,,OHLC,—,LH/LL,自然回檔,False,273,2,universe
BIAF,2026-10-01,6.14,1.68,True,9.87,0.001,0.08,False,8.4,-0.24,8.7,False,27.35,14.82,23.2,18.2,D 趨勢弱,True,7:16,218.1,跌,71.0,6,False,10.0,-0.2,-0.1528,-0.2,False,False,-60.56,-2.21,8.93,-45.32,-1.66,52.5,,OHLC,—,HH/HL,DT,False,255,2,universe
RVT,2026-10-01,17.09,0.33,False,17.88,-0.057,-1.04,False,93.9,-0.12,94.0,True,1.92,0.9,23.6,1.0,D 趨勢弱,True,8:49,264.6,跌,229.0,30,False,11.0,-0.0257,-0.032,-0.1445,True,False,-4.61,-2.4,17.73,-3.74,-1.95,3.5,,OHLC,↓,LH/LL,DT,False,273,2,universe
PFGC,2026-10-01,91.84,2.22,False,95.9,-0.399,-1.17,True,88.8,0.44,88.4,True,2.42,1.58,16.6,0.9,D 趨勢弱,False,12:37,18.4,升,60.0,7,False,11.0,0.5392,0.4834,,False,False,-4.42,-1.83,92.41,-0.62,-0.26,139.9,,OHLC,—,LH/LL,自然回檔,True,273,2,universe
HEI,2026-10-01,306.39,7.88,False,321.87,-1.409,-1.13,True,88.6,0.41,88.1,True,2.57,1.48,20.5,3.3,D 趨勢弱,False,12:30,15.0,升,58.0,7,False,11.0,1.7446,1.5787,,False,False,-5.05,-1.97,310.57,-1.36,-0.53,148.7,,OHLC,—,LH/LL,自然回檔,True,273,2,universe
GE,2026-10-01,312.39,8.37,False,326.3,-1.796,-0.98,True,86.4,0.48,85.9,True,2.68,1.81,20.3,0.4,D 趨勢弱,False,11:50,354.8,升,47.0,7,False,11.0,0.7327,0.9467,,False,False,-4.45,-1.66,327.09,-4.71,-1.76,1386.8,,OHLC,—,LH/LL,DT,True,273,2,universe
JBSS,2026-10-01,66.62,1.91,False,71.2,-0.495,-1.44,True,84.9,0.36,84.5,True,2.86,1.93,15.5,9.8,D 趨勢弱,False,11:34,347.1,升,43.0,6,False,11.0,0.2838,0.2672,,False,False,-6.87,-2.4,72.43,-8.72,-3.04,8.4,,OHLC,—,LH/LL,DT,True,273,2,universe
DECK,2026-10-01,79.57,2.24,False,82.28,-0.298,-0.82,True,83.6,0.56,83.1,True,2.82,2.23,9.1,4.3,D 趨勢弱,False,1:01,30.6,升,67.0,9,False,11.0,0.5335,0.413,,False,False,-3.4,-1.21,80.23,-0.83,-0.29,276.7,,OHLC,↓,LH/LL,自然反彈,False,273,2,universe
GFF,2026-10-01,93.15,2.62,False,96.27,-0.359,-0.54,True,83.2,0.01,83.2,True,2.82,2.31,48.4,2.9,C 基底修復,False,3:58,119.1,跌,16.0,2,False,11.0,-0.1571,-0.0652,-1.1917,False,False,-3.35,-1.19,94.44,-1.38,-0.49,33.8,,OHLC,—,HH/HL,DT,False,273,2,universe
FLS,2026-10-01,73.06,2.28,False,76.18,-0.13,-0.4,True,82.9,0.35,82.5,True,3.12,2.07,36.7,2.9,C 基底修復,False,3:37,108.6,跌,10.0,2,False,11.0,-0.0737,-0.0386,-1.0637,False,False,-4.27,-1.37,74.46,-1.92,-0.61,118.3,,OHLC,↓,LH/LL,DT,False,273,2,universe
ATMU,2026-10-01,44.59,1.39,False,45.73,-0.177,-0.82,False,82.7,-0.46,83.2,True,3.11,2.1,11.5,4.6,D 趨勢弱,False,12:57,28.6,升,66.0,7,False,11.0,0.1196,0.0559,,False,True,-2.56,-0.82,45.4,-1.82,-0.58,34.7,,OHLC,—,LH/LL,自然反彈,True,273,2,universe
ALGN,2026-10-01,145.34,4.64,False,152.71,-0.652,-0.94,True,82.3,1.15,81.2,True,3.19,2.1,10.4,2.9,D 趨勢弱,False,2:29,74.6,升,91.0,8,False,11.0,0.1934,0.098,,False,False,-5.07,-1.59,150.45,-3.51,-1.1,136.8,,OHLC,↓,LH/LL,DT,False,273,2,universe
KAI,2026-10-01,263.52,9.36,False,283.7,-1.452,-0.69,True,80.2,0.61,79.6,True,3.55,2.14,5.6,3.0,D 趨勢弱,False,12:23,11.6,升,56.0,6,False,11.0,0.3633,0.3885,,False,False,-7.66,-2.16,263.41,0.04,0.01,46.3,,OHLC,—,HH/HL,DT,True,273,2,universe
SBH,2026-10-01,16.07,0.57,False,16.31,-0.022,0.04,False,79.7,-0.85,80.5,True,3.56,2.25,47.0,-18.9,C 基底修復,False,3:34,107.1,跌,10.0,1,False,11.0,-0.018,0.0262,-0.1359,False,True,-1.48,-0.42,16.73,-4.11,-1.16,21.5,,OHLC,—,LH/LL,自然回檔,False,273,2,universe
SSYS,2026-10-01,8.53,0.3,False,7.93,-0.024,-0.39,True,77.8,0.44,77.3,True,3.5,2.66,14.2,-4.9,D 趨勢弱,False,1:32,45.9,升,75.0,11,False,11.0,0.0949,0.0925,,False,False,7.02,2.0,8.31,2.58,0.74,5.6,,OHLC,↑,HH/HL,UT,False,273,2,universe
CDNS,2026-10-01,350.73,12.19,True,307.97,1.526,0.18,False,77.5,-1.03,78.5,True,3.48,2.74,38.5,-0.3,C 基底修復,False,2:28,74.1,升,91.0,9,False,11.0,7.3915,6.3393,,False,False,12.19,3.51,332.76,5.12,1.47,845.2,,OHLC,—,HH/HL,自然反彈,False,273,2,universe
LOAR,2026-10-01,61.92,2.59,False,67.22,-0.469,-0.71,True,76.8,0.99,75.8,True,4.18,2.17,11.4,2.2,D 趨勢弱,False,3:45,112.7,跌,13.0,2,False,11.0,-0.0678,-0.0417,-0.8911,False,False,-8.56,-2.05,65.43,-5.67,-1.36,47.3,,OHLC,—,LH/LL,DT,True,273,2,universe
TRNS,2026-10-01,90.18,3.53,False,86.99,-0.055,-0.34,False,76.7,-0.18,76.8,True,3.92,2.45,55.6,-2.6,B 上升結構,False,1:07,33.5,升,69.0,10,False,11.0,0.5697,0.4617,,False,True,3.54,0.9,90.85,-0.74,-0.19,10.5,,OHLC,↑,HH/HL,UT,False,273,2,universe
IRON,2026-10-01,63.61,2.74,False,72.64,-0.631,-0.89,False,76.5,-0.57,77.0,True,4.31,2.1,5.0,-0.5,D 趨勢弱,True,8:49,264.6,跌,206.0,24,False,11.0,-0.3602,-0.3658,-1.5619,True,False,-14.2,-3.3,69.53,-9.31,-2.16,39.5,,OHLC,↓,LH/LL,DT,False,273,2,universe
CASY,2026-10-01,619.5,22.88,False,651.75,-4.061,-1.04,True,75.8,0.88,74.9,True,3.69,2.85,6.0,0.1,D 趨勢弱,False,11:32,345.8,升,42.0,5,False,11.0,8.0998,6.1497,,False,False,-5.21,-1.41,575.1,7.17,1.94,500.7,,OHLC,↑,HH/HL,UT,False,273,2,universe
WS,2026-10-01,36.33,1.51,False,34.58,-0.007,-0.02,True,75.4,0.08,75.3,True,4.15,2.46,23.5,6.0,C 基底修復,False,12:07,3.3,升,52.0,8,False,11.0,0.3134,0.3001,,False,False,4.82,1.16,34.93,3.85,0.93,10.7,,OHLC,↓,LH/LL,自然反彈,False,273,2,universe
CRMD,2026-10-01,7.42,0.26,False,8.07,-0.039,-0.15,False,75.1,-1.05,76.2,True,3.52,3.13,14.7,-6.2,D 趨勢弱,True,8:49,264.6,跌,146.0,17,False,11.0,-0.0311,-0.0106,-0.0774,False,False,-8.75,-2.48,7.93,-6.87,-1.95,6.7,,OHLC,↓,LH/LL,DT,False,273,2,universe
SCCO,2026-10-01,199.22,7.67,True,203.66,0.271,0.24,False,74.1,-0.01,74.1,False,3.85,3.0,73.2,-0.7,A 待突破,False,11:37,348.3,升,43.0,5,False,11.0,0.0161,0.2671,,False,True,-2.23,-0.58,192.04,3.6,0.94,213.1,,OHLC,—,LH/LL,自然回檔,True,273,2,universe
MPWR,2026-10-01,1360.97,51.61,True,1260.46,0.797,-0.08,True,73.3,0.75,72.5,False,3.79,3.21,46.4,-5.0,B 上升結構,False,1:07,33.3,升,68.0,9,False,11.0,18.0832,19.9595,,False,False,7.39,1.95,1387.46,-1.95,-0.51,910.7,,OHLC,—,LH/LL,自然反彈,False,273,2,universe
DIN,2026-10-01,28.41,1.34,False,29.51,-0.157,-0.88,True,72.6,0.51,72.1,False,4.71,2.42,9.9,2.4,D 趨勢弱,False,11:41,350.4,升,45.0,6,False,11.0,0.1893,0.1565,,False,True,-3.87,-0.82,29.01,-2.11,-0.45,15.0,,OHLC,—,LH/LL,自然反彈,True,273,2,universe
TGTX,2026-10-01,53.62,2.3,True,55.4,0.05,0.37,False,72.4,-1.25,73.7,False,4.3,2.87,54.9,-14.2,C 基底修復,False,4:52,146.1,跌,31.0,3,False,11.0,-0.3217,-0.1351,-1.0746,False,True,-3.32,-0.77,57.52,-7.27,-1.69,100.0,,OHLC,↓,LH/LL,DT,False,273,2,universe
BELFA,2026-10-01,203.75,8.31,False,204.07,-0.827,-0.76,True,71.8,0.23,71.6,False,4.08,3.21,38.7,-1.8,D 趨勢弱,False,2:49,84.6,升,104.0,9,False,11.0,1.3503,1.1121,,False,True,-0.16,-0.04,204.16,-0.2,-0.05,15.7,,OHLC,—,LH/LL,自然反彈,True,273,2,universe
BELFB,2026-10-01,252.09,10.17,False,246.55,-0.888,-0.64,True,71.8,0.31,71.5,False,4.04,3.24,54.6,-0.4,C 基底修復,False,2:35,77.4,升,93.0,10,False,11.0,1.8802,1.6719,,False,True,2.2,0.54,227.58,9.72,2.41,36.1,,OHLC,—,HH/HL,自然反彈,True,273,2,universe
EYE,2026-10-01,16.4,0.73,False,17.08,-0.078,-0.52,True,71.5,0.93,70.6,False,4.47,2.87,13.3,2.4,D 趨勢弱,False,2:49,84.6,升,102.0,11,False,11.0,0.0885,0.0802,,False,True,-4.15,-0.93,16.88,-2.9,-0.65,38.6,,OHLC,—,LH/LL,DT,True,273,2,universe
VIA,2026-10-01,30.22,1.33,True,27.94,0.118,0.43,True,71.5,0.49,71.0,False,4.39,2.95,45.1,-1.6,D 趨勢弱,False,11:43,351.5,升,45.0,6,False,11.0,0.0944,0.0868,,False,False,7.56,1.72,30.74,-1.72,-0.39,26.1,,OHLC,—,LH/LL,UT,False,265,2,universe
ECG,2026-10-01,119.63,4.81,False,117.11,-0.444,-0.75,True,70.5,0.72,69.8,False,4.02,3.51,28.7,-8.3,C 基底修復,False,2:49,84.6,升,107.0,11,False,11.0,1.1468,1.0461,,False,True,2.11,0.52,112.36,6.08,1.51,45.9,,OHLC,—,HH/HL,自然反彈,True,273,2,universe
DFTX,2026-10-01,37.6,2.07,False,39.51,-0.225,-0.57,True,62.5,0.14,62.3,False,5.5,3.62,54.2,1.3,C 基底修復,False,10:41,320.4,升,28.0,4,False,11.0,0.0962,0.1002,,False,True,-5.09,-0.93,38.41,-2.15,-0.39,92.7,,OHLC,—,LH/LL,自然回檔,True,273,2,universe
MTSI,2026-10-01,301.63,14.02,True,269.84,0.331,-0.27,True,61.9,0.16,61.7,False,4.65,4.59,56.3,3.6,E 延伸,False,2:31,75.5,升,92.0,10,False,11.0,3.7975,2.9672,,False,False,10.54,2.27,278.56,7.65,1.65,363.2,,OHLC,↑,HH/HL,UT,False,273,2,universe
EMBC,2026-10-01,5.79,0.27,True,5.32,0.014,0.37,True,61.7,0.64,61.1,False,4.62,4.65,29.7,-0.2,D 趨勢弱,False,10:40,320.0,升,28.0,5,False,11.0,0.0093,0.0123,,False,False,8.03,1.74,5.66,2.25,0.49,6.0,,OHLC,↑,HH/HL,自然反彈,False,273,2,universe
AXON,2026-10-01,422.21,22.62,False,490.05,-5.97,-1.17,True,59.8,0.74,59.1,False,5.36,4.32,5.0,0.0,D 趨勢弱,True,8:49,264.6,跌,169.0,28,False,11.0,-1.4465,-2.3185,-15.117,True,False,-16.07,-3.0,459.32,-8.79,-1.64,486.8,,OHLC,—,LH/LL,DT,True,273,2,universe
TSEM,2026-10-01,241.3,13.81,True,219.08,0.53,-0.18,True,52.8,0.33,52.5,False,5.72,5.53,46.5,-3.5,E 延伸,False,2:49,84.6,升,142.0,11,False,11.0,2.9217,2.4626,,False,False,9.21,1.61,227.43,5.75,1.0,434.0,,OHLC,↑,HH/HL,UT,False,273,2,universe
ALAB,2026-10-01,356.42,21.95,True,307.49,2.367,0.29,True,49.2,0.83,48.4,False,6.16,5.98,48.2,0.3,E 延伸,False,2:49,84.6,升,210.0,11,False,11.0,6.0061,7.2522,,False,False,13.73,2.23,342.0,4.05,0.66,1316.5,,OHLC,↑,HH/HL,自然回檔,False,273,2,universe
LITE,2026-10-01,1045.78,67.15,True,922.8,8.687,0.19,True,48.0,0.28,47.7,False,6.42,6.04,61.9,-4.9,E 延伸,False,12:16,8.2,升,55.0,3,False,11.0,7.6958,2.5731,,False,False,11.76,1.83,921.32,11.9,1.85,4519.5,,OHLC,↑,HH/HL,UT,False,273,2,universe
ABSI,2026-10-01,10.75,0.76,True,9.42,0.045,0.23,True,47.8,0.08,47.7,False,7.05,5.47,60.5,-0.1,E 延伸,False,12:58,29.0,升,66.0,10,False,11.0,0.1615,0.1514,,False,False,12.36,1.75,9.74,9.35,1.33,38.2,,OHLC,↑,HH/HL,UT,False,273,2,universe
LWLG,2026-10-01,5.44,0.37,False,5.33,-0.042,-1.06,True,47.6,0.57,47.0,False,6.72,5.85,18.6,3.1,D 趨勢弱,False,2:30,75.0,升,92.0,11,False,11.0,0.0814,0.0626,,False,True,2.02,0.3,5.17,4.96,0.74,14.7,,OHLC,—,LH/LL,自然反彈,True,273,2,universe
AAOI,2026-10-01,107.32,8.29,False,106.49,-1.291,-1.24,True,38.4,1.1,37.3,False,7.72,7.61,46.1,5.4,D 趨勢弱,False,2:49,84.6,升,126.0,9,False,11.0,0.9258,0.408,,False,True,0.77,0.1,105.36,1.83,0.24,748.1,,OHLC,—,LH/LL,UT,True,273,2,universe
GOSS,2026-10-01,10.93,1.35,False,12.24,-0.034,-0.17,False,25.5,-1.75,27.2,False,12.38,8.68,10.0,-2.1,D 趨勢弱,True,9:45,292.3,升,12.0,3,False,11.0,0.066,0.0936,,False,True,-12.01,-0.97,11.94,-9.24,-0.75,3.4,,OHLC,—,LH/LL,次級回檔,True,255,2,universe
JNJ,2026-10-01,258.66,5.21,False,269.3,-0.552,0.01,False,92.0,-0.43,92.4,True,2.01,1.28,46.3,-11.6,C 基底修復,True,8:49,264.6,跌,148.0,18,False,12.0,-1.1819,-0.6195,-1.1986,False,False,-4.11,-2.04,,,,1699.8,,OHLC,—,HH/HL,DT,False,273,2,universe
FELE,2026-10-01,96.47,1.94,False,97.68,-0.292,-0.59,False,91.6,-0.07,91.7,True,2.01,1.37,26.3,2.3,D 趨勢弱,False,1:12,36.0,升,70.0,7,False,12.0,0.2963,0.2882,,False,True,-1.26,-0.62,98.4,-2.0,-0.99,30.7,,OHLC,—,LH/LL,自然反彈,True,273,2,universe
AMCR,2026-10-01,41.81,0.95,False,44.35,-0.166,-0.61,True,89.2,0.74,88.5,True,2.28,1.63,26.6,-0.6,D 趨勢弱,False,10:34,317.2,升,26.0,4,False,12.0,0.0071,0.0142,,False,False,-6.07,-2.67,43.24,-3.42,-1.5,141.4,,OHLC,—,LH/LL,DT,True,273,2,universe
PPG,2026-10-01,104.67,2.45,False,108.08,-0.29,-0.49,True,88.5,0.28,88.2,True,2.34,1.71,13.2,2.5,D 趨勢弱,False,11:22,341.1,升,40.0,7,False,12.0,0.1544,0.207,,False,False,-3.26,-1.39,107.77,-2.96,-1.26,189.2,,OHLC,↓,LH/LL,DT,False,273,2,universe
MLI,2026-10-01,61.32,1.47,False,61.21,-0.059,-0.34,False,87.4,-0.05,87.5,True,2.4,1.89,30.7,3.0,C 基底修復,False,10:46,322.9,升,29.0,5,False,12.0,0.2011,0.1443,,False,True,0.17,0.07,61.04,0.46,0.19,114.2,,OHLC,—,HH/HL,自然反彈,True,273,2,universe
SPB,2026-10-01,79.45,2.29,False,85.84,-0.544,-0.71,True,86.2,0.16,86.0,True,2.88,1.67,41.2,-10.0,C 基底修復,False,5:40,170.0,跌,44.0,6,False,12.0,-0.7407,-0.6698,-0.7407,False,False,-8.05,-2.8,87.8,-10.51,-3.65,25.0,,OHLC,↓,LH/LL,DT,False,273,2,universe
SCL,2026-10-01,61.53,1.61,False,62.42,-0.078,-0.09,False,85.2,-0.17,85.3,True,2.62,2.12,52.3,-1.2,C 基底修復,False,4:09,124.5,跌,19.0,2,False,12.0,-0.1149,-0.0054,-0.6002,False,True,-1.44,-0.55,63.42,-3.07,-1.17,10.1,,OHLC,↓,LH/LL,DT,False,273,2,universe
MYE,2026-10-01,31.29,1.0,False,31.62,-0.105,-0.29,False,82.6,-0.09,82.7,True,3.2,2.05,68.6,5.0,C 基底修復,False,12:03,1.5,升,51.0,9,False,12.0,0.0705,0.0673,,False,True,-1.06,-0.33,29.14,6.87,2.15,10.3,,OHLC,—,HH/HL,自然回檔,True,273,2,universe
WMS,2026-10-01,126.86,4.01,False,131.42,-0.577,-0.79,True,82.5,0.34,82.1,True,3.16,2.1,12.0,3.7,D 趨勢弱,False,1:59,59.6,升,83.0,8,False,12.0,0.4249,0.5399,,False,False,-3.6,-1.14,124.75,1.66,0.53,100.5,,OHLC,—,HH/HL,DT,True,273,2,universe
FSS,2026-10-01,112.17,3.46,False,115.75,-0.346,-0.5,True,82.3,0.09,82.3,True,3.09,2.21,24.5,4.6,D 趨勢弱,False,11:44,351.8,升,45.0,5,False,12.0,0.0029,0.0288,,False,False,-3.19,-1.03,115.69,-3.14,-1.02,48.9,,OHLC,—,LH/LL,DT,True,273,2,universe
SXI,2026-10-01,285.12,9.53,False,278.59,-0.776,-0.75,False,80.5,-0.87,81.4,True,3.34,2.3,43.2,23.6,C 基底修復,False,1:22,40.9,升,73.0,8,False,12.0,3.2964,2.7699,,False,True,2.29,0.68,253.62,11.05,3.3,37.3,,OHLC,—,HH/HL,自然反彈,False,273,2,universe
HHH,2026-10-01,72.06,2.53,True,66.07,0.232,0.78,False,79.7,-0.97,80.7,True,3.5,2.29,26.8,-0.8,C 基底修復,False,1:42,50.9,升,78.0,9,False,12.0,1.3418,1.5002,,False,False,8.31,2.37,63.75,11.53,3.29,58.8,,OHLC,↑,HH/HL,自然回檔,False,273,2,universe
CRL,2026-10-01,286.83,9.87,False,286.11,-0.003,0.13,False,78.8,-0.92,79.8,True,3.44,2.52,79.4,-2.6,A 待突破,False,11:35,347.4,升,43.0,5,False,12.0,0.3274,0.8984,,False,True,0.25,0.07,298.4,-4.03,-1.17,272.0,,OHLC,—,LH/LL,自然回檔,True,273,2,universe
MAGN,2026-10-01,11.32,0.44,False,12.0,-0.03,-0.19,True,76.4,0.34,76.1,True,3.85,2.56,20.8,-8.4,C 基底修復,False,3:25,102.7,跌,7.0,1,False,12.0,-0.0123,0.0069,-0.2056,False,False,-5.98,-1.55,11.97,-5.74,-1.49,4.4,,OHLC,↓,LH/LL,DT,False,273,2,universe
ITRI,2026-10-01,86.24,2.62,False,93.26,-0.61,-0.94,False,76.1,-0.12,76.2,True,3.04,3.43,20.7,1.7,D 趨勢弱,True,8:49,264.6,跌,233.0,34,False,12.0,-0.6092,-0.5971,-1.0808,False,False,-8.14,-2.68,93.33,-8.22,-2.71,55.8,,OHLC,↓,LH/LL,DT,False,273,2,universe
GHM,2026-10-01,86.9,3.61,False,88.63,-0.607,-1.06,True,70.6,0.71,69.9,False,4.16,3.36,28.0,-4.4,C 基底修復,False,2:41,80.3,升,95.0,11,False,12.0,0.819,0.8297,,False,True,-1.99,-0.48,88.74,-2.12,-0.51,13.9,,OHLC,—,LH/LL,自然反彈,True,273,2,universe
IMRX,2026-10-01,4.03,0.19,False,4.66,-0.04,-0.8,True,68.7,0.87,67.9,False,4.75,3.12,10.0,0.0,D 趨勢弱,True,8:49,264.6,跌,209.0,23,False,12.0,-0.0405,-0.0391,-0.102,False,False,-15.54,-3.27,4.23,-4.96,-1.04,3.2,,OHLC,↓,LH/LL,DT,False,273,2,universe
XMTR,2026-10-01,104.23,5.08,True,94.83,0.399,0.35,True,64.8,0.66,64.2,False,4.88,3.76,64.3,-1.9,E 延伸,False,2:49,84.6,升,104.0,11,False,12.0,0.8825,0.9855,,False,False,9.02,1.85,97.38,6.57,1.35,82.0,,OHLC,↑,HH/HL,UT,False,273,2,universe
VGZ,2026-10-01,2.68,0.13,True,2.51,0.009,0.47,True,63.5,1.38,62.1,False,4.87,4.04,46.3,-2.0,E 延伸,False,12:31,15.4,升,59.0,9,False,12.0,0.0201,0.0287,,False,False,6.44,1.32,2.6,2.99,0.61,5.8,,OHLC,↑,HH/HL,自然回檔,False,273,2,universe
XERS,2026-10-01,9.25,0.54,True,8.99,0.019,1.2,False,63.0,-0.85,63.8,False,5.82,3.2,57.2,1.2,B 上升結構,False,11:01,330.6,升,34.0,9,False,12.0,0.1489,0.1915,,False,True,2.78,0.48,8.6,7.03,1.21,28.6,,OHLC,↑,HH/HL,自然回檔,False,273,2,universe
P,2026-10-01,134.13,6.5,True,107.79,0.47,0.29,True,62.0,0.85,61.2,False,4.84,4.37,61.0,0.2,E 延伸,False,1:05,32.3,升,68.0,9,False,12.0,2.8834,2.9186,,False,False,19.63,4.05,109.65,18.25,3.77,828.9,,OHLC,↑,HH/HL,UT,False,273,2,universe
BRKR,2026-10-01,61.94,2.98,True,59.22,0.132,0.33,False,61.2,-1.24,62.4,False,4.82,4.57,65.9,-2.5,B 上升結構,False,2:49,84.6,升,120.0,12,False,12.0,0.4219,0.6658,,False,True,4.39,0.91,59.67,3.66,0.76,137.7,,OHLC,↑,HH/HL,自然回檔,False,273,2,universe
BBNX,2026-10-01,18.87,1.4,False,20.03,-0.025,0.2,True,48.9,0.55,48.3,False,7.41,4.83,64.0,13.8,D 趨勢弱,False,4:29,134.5,跌,25.0,3,False,12.0,-0.3288,-0.2433,-0.4779,False,True,-6.17,-0.83,21.43,-13.57,-1.83,32.5,,OHLC,—,HH/HL,DT,False,273,2,universe
CHD,2026-10-01,94.11,1.65,False,96.99,-0.217,-0.49,True,93.2,0.38,92.8,True,1.75,1.25,24.3,-10.0,D 趨勢弱,False,2:49,84.6,升,122.0,7,False,13.0,0.0074,0.0463,,False,False,-3.06,-1.75,93.04,1.14,0.65,179.0,,OHLC,—,HH/HL,DT,True,273,2,universe
KBDC,2026-10-01,12.76,0.26,False,13.21,-0.022,-0.44,True,92.2,0.14,92.1,True,2.07,1.17,13.3,3.0,D 趨勢弱,False,4:30,135.0,跌,25.0,2,False,13.0,-0.0227,-0.0193,-0.049,False,False,-3.52,-1.7,13.24,-3.76,-1.82,4.9,,OHLC,↓,LH/LL,DT,False,255,2,universe
STE,2026-10-01,209.34,4.17,False,218.3,-0.964,-0.9,True,90.8,0.47,90.3,True,1.99,1.57,7.9,0.7,D 趨勢弱,False,10:49,324.7,升,30.0,3,False,13.0,0.4747,0.3921,,False,False,-4.28,-2.15,221.13,-5.63,-2.83,139.7,,OHLC,—,LH/LL,自然反彈,True,273,2,universe
GIC,2026-10-01,43.07,1.0,True,40.35,0.13,0.62,False,90.3,-0.03,90.3,True,2.32,1.35,57.5,-2.8,E 延伸,False,12:18,8.9,升,55.0,9,False,13.0,0.153,0.1175,,False,False,6.31,2.72,40.9,5.04,2.17,6.2,,OHLC,↑,HH/HL,UT,False,273,2,universe
BATRK,2026-10-01,52.25,1.23,False,51.83,-0.058,0.06,False,89.6,-0.38,90.0,True,2.34,1.48,65.9,1.6,A 待突破,False,1:56,58.0,升,82.0,11,False,13.0,0.1814,0.3222,,False,True,0.8,0.34,54.86,-5.0,-2.13,25.3,,OHLC,—,LH/LL,自然回檔,False,273,2,universe
IRMD,2026-10-01,85.3,2.25,False,85.03,-0.054,-0.03,False,87.2,-0.0,87.2,True,2.64,1.69,19.4,-1.9,C 基底修復,False,1:40,50.0,升,78.0,9,False,13.0,0.5308,0.6379,,False,True,0.32,0.12,81.51,4.44,1.68,11.9,,OHLC,—,HH/HL,自然反彈,False,273,2,universe
AMGN,2026-10-01,407.27,10.5,False,408.77,-0.757,-0.05,False,85.1,-1.16,86.2,True,2.58,2.18,45.5,-18.9,C 基底修復,False,11:18,339.1,升,38.0,6,False,13.0,2.5927,3.5299,,False,True,-0.37,-0.14,415.76,-2.08,-0.81,1292.9,,OHLC,—,LH/LL,自然回檔,False,273,2,universe
CAG,2026-10-01,13.2,0.45,False,14.97,-0.183,-1.14,False,82.0,-0.64,82.6,True,3.4,1.96,0.0,0.0,D 趨勢弱,True,8:49,264.6,跌,236.0,23,False,13.0,-0.1839,-0.1545,-0.2251,False,False,-13.44,-3.95,13.74,-4.09,-1.2,198.0,,OHLC,↓,LH/LL,DT,False,273,2,universe
BSX,2026-10-01,43.23,1.36,False,45.8,-0.223,-0.75,True,81.9,0.17,81.8,True,3.16,2.21,14.9,9.5,D 趨勢弱,False,11:29,344.5,升,41.0,6,False,13.0,0.0353,0.059,,False,False,-5.94,-1.88,44.92,-3.91,-1.24,947.0,,OHLC,—,LH/LL,DT,True,273,2,universe
RVTY,2026-10-01,149.06,4.92,True,137.18,1.032,1.02,False,80.4,-1.04,81.5,True,3.3,2.36,60.5,-2.7,E 延伸,False,2:49,84.6,升,130.0,13,False,13.0,0.5072,0.9561,,False,False,7.97,2.41,142.11,4.66,1.41,324.1,,OHLC,↑,HH/HL,自然回檔,False,273,2,universe
AMN,2026-10-01,35.86,1.21,True,34.3,0.026,0.12,True,75.0,0.17,74.8,False,3.39,3.3,75.4,-3.2,A 待突破,False,2:49,84.6,升,128.0,12,False,13.0,0.1616,0.1229,,False,False,4.36,1.29,33.91,5.44,1.61,21.4,,OHLC,—,HH/HL,UT,True,273,2,universe
STC,2026-10-01,50.66,2.19,False,63.11,-1.163,-1.63,True,73.4,0.14,73.2,False,4.32,2.67,0.0,0.0,D 趨勢弱,True,8:49,264.6,跌,124.0,19,False,13.0,-1.4425,-1.3282,-1.4425,False,False,-24.57,-5.69,69.63,-37.45,-8.67,19.3,,OHLC,↓,LH/LL,DT,False,273,2,universe
GH,2026-10-01,174.75,7.4,True,170.17,0.493,0.42,False,73.3,-0.12,73.5,False,4.23,2.76,71.0,4.7,B 上升結構,False,3:33,106.6,跌,9.0,1,False,13.0,-0.1121,0.2304,-1.1888,False,True,2.62,0.62,173.87,0.5,0.12,313.3,,OHLC,—,HH/HL,自然回檔,True,273,2,universe
PODD,2026-10-01,130.79,4.62,False,140.86,-0.802,-0.43,True,73.1,0.58,72.5,False,3.53,3.52,13.1,0.4,D 趨勢弱,True,6:54,206.8,跌,65.0,6,False,13.0,-0.5096,-0.4797,-3.3056,False,False,-7.7,-2.18,141.55,-8.23,-2.33,218.1,,OHLC,↓,LH/LL,DT,False,273,2,universe
PLTR,2026-10-01,190.04,6.25,True,178.86,0.452,0.28,True,69.4,0.53,68.9,False,3.29,4.45,65.8,-4.1,B 上升結構,False,12:26,12.9,升,57.0,7,False,13.0,0.2214,0.2468,,False,False,5.88,1.79,184.81,2.75,0.84,4319.0,,OHLC,↑,HH/HL,自然回檔,False,273,2,universe
NEOG,2026-10-01,12.24,0.54,True,12.75,0.005,0.59,False,68.4,-1.47,69.9,False,4.44,3.5,63.4,1.7,B 上升結構,False,3:59,119.4,跌,16.0,2,False,13.0,-0.1057,-0.0315,-0.1057,False,True,-4.21,-0.95,11.37,7.11,1.6,57.1,,OHLC,↑,HH/HL,自然回檔,False,273,2,universe
NEO,2026-10-01,17.78,0.85,True,18.39,0.037,0.34,False,67.4,-1.24,68.6,False,4.8,3.33,71.7,-1.1,B 上升結構,False,5:15,157.3,跌,37.0,5,False,13.0,-0.205,-0.1317,-0.205,False,True,-3.44,-0.72,19.56,-10.01,-2.09,39.6,,OHLC,—,LH/LL,自然回檔,False,273,2,universe
TWLO,2026-10-01,301.27,14.13,True,257.06,2.529,0.84,True,63.4,0.1,63.3,False,4.69,4.24,65.0,1.4,E 延伸,False,2:49,84.6,升,113.0,11,False,13.0,3.7583,3.8201,,False,False,14.67,3.13,275.8,8.45,1.8,689.8,,OHLC,↑,HH/HL,UT,False,273,2,universe
RBRK,2026-10-01,115.4,5.32,True,100.61,0.328,0.24,True,62.3,0.89,61.4,False,4.61,4.54,68.9,0.8,E 延伸,False,2:01,60.3,升,83.0,13,False,13.0,0.6437,0.7906,,False,False,12.82,2.78,109.55,5.07,1.1,323.5,,OHLC,↑,HH/HL,UT,False,273,2,universe
SPCE,2026-10-01,2.99,0.17,False,3.05,-0.007,-0.17,True,60.4,0.38,60.0,False,5.84,3.71,57.2,5.0,D 趨勢弱,False,4:21,130.6,跌,23.0,2,False,13.0,-0.0165,-0.0098,-0.0299,False,True,-2.15,-0.37,,,,17.8,,OHLC,—,HH/HL,DT,False,273,2,universe
DYN,2026-10-01,15.82,1.02,False,19.47,-0.302,-1.2,True,59.3,0.03,59.3,False,6.45,3.34,7.5,-0.5,D 趨勢弱,True,9:41,290.6,升,11.0,1,False,13.0,0.0017,-0.0403,,False,False,-23.06,-3.58,18.06,-14.16,-2.2,69.5,,OHLC,↓,LH/LL,DT,False,273,2,universe
MRVI,2026-10-01,7.5,0.39,True,7.76,0.062,0.46,False,59.3,-0.55,59.8,False,5.19,4.61,77.3,-3.5,B 上升結構,False,12:10,4.9,升,53.0,6,False,13.0,0.033,0.0471,,False,True,-3.42,-0.66,8.43,-12.4,-2.39,17.7,,OHLC,—,HH/HL,自然回檔,True,273,2,universe
IBRX,2026-10-01,9.28,0.56,True,8.44,0.045,0.4,True,58.8,0.2,58.6,False,5.98,3.9,49.2,0.5,E 延伸,False,1:56,58.0,升,82.0,11,False,13.0,0.077,0.067,,False,False,9.05,1.51,8.44,9.05,1.51,100.4,,OHLC,↑,HH/HL,UT,False,273,2,universe
CAI,2026-10-01,28.35,1.54,True,27.8,0.248,0.68,False,58.0,-3.85,61.8,False,5.43,4.64,46.9,-4.1,B 上升結構,False,3:22,101.0,跌,6.0,1,False,13.0,-0.2417,0.0202,-0.4388,False,True,1.95,0.36,29.98,-5.75,-1.06,149.1,,OHLC,—,HH/HL,DT,False,273,2,universe
PATH,2026-10-01,13.32,0.76,False,15.16,-0.075,-0.6,True,57.3,1.32,55.9,False,5.73,4.5,34.2,0.8,D 趨勢弱,True,8:49,264.6,跌,110.0,19,False,13.0,-0.0964,-0.1885,-0.6325,True,False,-13.8,-2.41,14.94,-12.16,-2.12,754.4,,OHLC,—,LH/LL,UT,False,273,2,universe
TTAN,2026-10-01,67.34,4.38,False,64.51,-0.431,-0.4,True,47.8,1.47,46.3,False,6.5,6.01,6.6,0.8,D 趨勢弱,False,10:06,303.2,升,18.0,3,False,13.0,1.4574,1.0276,,False,True,4.2,0.65,55.04,18.27,2.81,273.3,,OHLC,↑,HH/HL,UT,False,273,2,universe
AGEN,2026-10-01,8.33,0.66,True,8.15,0.038,0.65,False,31.9,-5.91,37.8,False,7.93,9.92,66.1,1.1,B 上升結構,False,12:07,3.3,升,52.0,8,False,13.0,0.1128,0.2156,,False,True,2.17,0.27,8.4,-0.84,-0.11,9.4,,OHLC,↑,HH/HL,自然回檔,False,273,2,universe
VNCE,2026-10-01,10.15,1.11,True,8.38,0.051,0.41,True,29.3,0.65,28.7,False,10.92,8.09,58.0,0.4,E 延伸,False,2:41,80.6,升,95.0,13,False,13.0,0.0609,0.1345,,False,False,17.44,1.6,9.13,10.05,0.92,5.3,,OHLC,↑,HH/HL,自然回檔,False,255,2,universe
SPG,2026-10-01,200.81,3.02,False,208.63,-0.617,-0.86,True,95.0,0.32,94.7,True,1.51,1.01,22.7,-0.0,D 趨勢弱,False,1:19,39.4,升,72.0,8,False,14.0,0.1703,0.2722,,False,False,-3.89,-2.58,206.2,-2.68,-1.78,257.5,,OHLC,↓,LH/LL,DT,False,273,2,universe
IEX,2026-10-01,229.85,4.64,False,227.58,-0.206,-0.22,False,92.5,-0.15,92.7,True,2.02,1.14,67.3,12.6,A 待突破,False,11:33,346.5,升,42.0,8,False,14.0,0.8475,0.8921,,False,True,0.99,0.49,233.04,-1.39,-0.69,135.5,,OHLC,↓,LH/LL,自然反彈,False,273,2,universe
ZWS,2026-10-01,47.2,0.95,False,47.01,-0.078,-0.52,False,91.7,-0.27,92.0,True,2.01,1.34,28.0,2.6,D 趨勢弱,False,1:28,44.0,升,74.0,8,False,14.0,0.191,0.1568,,False,True,0.4,0.2,45.43,3.75,1.87,41.2,,OHLC,—,HH/HL,自然反彈,False,273,2,universe
CUZ,2026-10-01,27.63,0.61,False,28.64,-0.058,-0.39,True,91.3,0.19,91.1,True,2.21,1.23,37.8,1.7,C 基底修復,False,3:58,119.1,跌,16.0,2,False,14.0,-0.0216,-0.0086,-0.402,False,False,-3.66,-1.65,,,,42.5,,OHLC,—,HH/HL,DT,False,273,2,universe
WTS,2026-10-01,359.49,7.53,False,358.62,-0.507,-0.39,False,91.0,-0.1,91.1,True,2.09,1.42,51.3,3.1,C 基底修復,False,11:18,339.1,升,38.0,6,False,14.0,0.8944,0.6698,,False,True,0.24,0.12,360.91,-0.4,-0.19,69.4,,OHLC,—,LH/LL,自然反彈,True,273,2,universe
MMM,2026-10-01,163.02,3.47,False,169.11,-0.604,-0.72,True,90.2,0.26,90.0,True,2.13,1.56,36.9,-0.4,C 基底修復,False,12:35,17.7,升,60.0,8,False,14.0,0.1106,0.3867,,False,False,-3.74,-1.76,170.75,-4.74,-2.23,507.2,,OHLC,—,LH/LL,DT,True,273,2,universe
AOS,2026-10-01,56.67,1.36,False,58.79,-0.282,-0.53,True,88.1,0.16,88.0,True,2.39,1.75,11.9,1.6,D 趨勢弱,False,11:45,352.6,升,46.0,7,False,14.0,0.0566,0.1013,,False,False,-3.74,-1.56,,,,87.3,,OHLC,—,HH/HL,DT,False,273,2,universe
GMED,2026-10-01,74.41,1.81,False,76.95,-0.365,-0.94,True,86.9,0.52,86.4,True,2.44,1.95,16.6,-0.2,C 基底修復,False,12:00,0.0,升,50.0,5,False,14.0,0.2509,0.2586,,False,False,-3.42,-1.4,75.77,-1.83,-0.75,121.0,,OHLC,—,LH/LL,自然反彈,True,273,2,universe
RPM,2026-10-01,99.22,2.55,False,103.14,-0.328,-0.54,True,86.9,0.32,86.6,True,2.57,1.83,32.0,2.9,D 趨勢弱,False,11:27,343.5,升,41.0,7,False,14.0,0.2563,0.2498,,False,False,-3.95,-1.53,100.87,-1.66,-0.65,95.8,,OHLC,—,LH/LL,DT,True,273,2,universe
MTD,2026-10-01,1481.17,41.88,True,1406.53,1.702,0.3,False,86.4,-0.1,86.5,True,2.83,1.66,55.2,-2.6,B 上升結構,False,2:33,76.7,升,93.0,11,False,14.0,11.5551,16.8941,,False,False,5.04,1.78,,,,300.3,,OHLC,—,LH/LL,自然回檔,False,273,2,universe
PHM,2026-10-01,116.35,3.1,False,120.94,-0.667,-0.62,True,86.4,0.42,86.0,True,2.66,1.83,18.5,2.7,D 趨勢弱,False,11:58,359.2,升,50.0,8,False,14.0,0.0391,0.1035,,False,False,-3.94,-1.48,121.09,-4.07,-1.53,203.2,,OHLC,↓,LH/LL,DT,False,273,2,universe
NGVT,2026-10-01,71.09,2.11,False,69.47,-0.047,-0.15,False,85.4,-0.41,85.8,True,2.97,1.72,43.9,-1.5,C 基底修復,False,1:19,39.5,升,72.0,11,False,14.0,0.3664,0.4433,,False,True,2.28,0.77,73.49,-3.38,-1.14,19.3,,OHLC,—,LH/LL,自然回檔,False,273,2,universe
SON,2026-10-01,48.5,1.34,False,51.53,-0.259,-0.71,True,85.4,0.17,85.2,True,2.77,1.93,14.0,0.7,D 趨勢弱,False,11:03,331.3,升,34.0,8,False,14.0,0.1896,0.2428,,False,False,-6.25,-2.26,50.69,-4.52,-1.63,61.6,,OHLC,↓,LH/LL,DT,False,273,2,universe
GOOG,2026-10-01,334.93,8.88,False,339.83,-0.057,-0.03,False,85.1,-1.21,86.3,True,2.65,2.11,36.0,-11.4,C 基底修復,False,3:23,101.5,跌,6.0,1,False,14.0,-0.205,0.1337,-1.0016,False,True,-1.46,-0.55,332.81,0.63,0.24,5988.3,,OHLC,—,HH/HL,DT,False,273,2,universe
MIDD,2026-10-01,102.69,2.97,False,110.6,-0.348,-0.59,True,85.1,0.73,84.4,True,2.89,1.86,7.0,-1.4,D 趨勢弱,False,4:00,120.0,跌,17.0,2,False,14.0,-0.2647,-0.1015,-2.2352,False,False,-7.7,-2.67,112.79,-9.84,-3.4,66.0,,OHLC,↓,LH/LL,DT,False,273,2,universe
A,2026-10-01,166.68,4.96,True,157.86,0.511,0.62,False,84.6,-1.05,85.7,True,2.98,1.87,58.0,-2.7,B 上升結構,False,2:31,75.5,升,92.0,10,False,14.0,1.0636,1.8095,,False,False,5.29,1.78,153.43,7.95,2.67,395.5,,OHLC,↑,HH/HL,自然回檔,False,273,2,universe
TILE,2026-10-01,34.45,0.96,False,35.89,-0.15,-0.58,True,84.6,0.85,83.7,True,2.79,2.06,44.5,1.7,C 基底修復,False,10:51,325.4,升,31.0,5,False,14.0,0.0087,0.0201,,False,False,-4.19,-1.5,35.23,-2.26,-0.81,18.1,,OHLC,—,LH/LL,自然回檔,True,273,2,universe
GOOGL,2026-10-01,338.24,9.12,False,343.14,-0.058,-0.02,False,84.5,-1.22,85.7,True,2.7,2.17,36.1,-21.8,C 基底修復,False,3:23,101.7,跌,7.0,1,False,14.0,-0.2882,0.0548,-0.829,False,True,-1.45,-0.54,336.02,0.66,0.24,9330.6,,OHLC,↑,HH/HL,自然回檔,False,273,2,universe
VCEL,2026-10-01,39.44,1.29,False,40.38,-0.169,-0.49,False,83.3,-0.44,83.8,True,3.28,1.82,43.1,-3.7,C 基底修復,False,2:49,84.6,升,123.0,12,False,14.0,0.2092,0.2625,,False,True,-2.39,-0.73,40.22,-1.98,-0.6,19.9,,OHLC,—,LH/LL,次級回檔,True,273,2,universe
MZTI,2026-10-01,99.69,3.22,False,105.89,-0.429,-0.6,False,82.4,-0.1,82.5,True,3.23,2.05,4.1,1.1,D 趨勢弱,True,9:34,287.1,升,10.0,1,False,14.0,0.0122,-0.0292,,False,False,-6.22,-1.93,103.56,-3.88,-1.2,46.9,,OHLC,—,LH/LL,DT,True,273,2,universe
KRT,2026-10-01,53.37,1.72,True,50.04,0.137,0.5,False,82.0,-0.14,82.1,True,3.23,2.14,66.6,-1.3,E 延伸,False,11:40,350.0,升,44.0,8,False,14.0,0.0681,0.0923,,False,False,6.24,1.93,54.66,-2.43,-0.75,9.1,,OHLC,—,LH/LL,自然回檔,False,273,2,universe
URI,2026-10-01,1034.11,32.64,False,1026.15,-2.766,-0.58,False,81.6,-0.15,81.7,True,3.16,2.29,47.9,1.9,C 基底修復,False,12:49,24.5,升,64.0,10,False,14.0,4.2453,3.6354,,False,True,0.77,0.24,1028.77,0.52,0.16,489.9,,OHLC,↓,LH/LL,自然反彈,False,273,2,universe
HWM,2026-10-01,228.38,7.08,False,240.62,-1.502,-0.85,True,81.1,0.57,80.6,True,3.1,2.42,23.1,-2.4,D 趨勢弱,False,12:39,19.4,升,61.0,6,False,14.0,1.5739,1.4765,,False,False,-5.36,-1.73,223.28,2.23,0.72,814.1,,OHLC,—,HH/HL,自然回檔,True,273,2,universe
MTH,2026-10-01,64.37,2.15,False,65.92,-0.361,-0.53,False,80.8,-0.18,81.0,True,3.34,2.24,11.5,5.6,D 趨勢弱,False,12:29,14.7,升,58.0,8,False,14.0,0.2154,0.1671,,False,True,-2.41,-0.72,62.83,2.39,0.72,58.5,,OHLC,—,HH/HL,自然反彈,False,273,2,universe
NIO,2026-10-01,3.4,0.12,False,3.87,-0.03,-1.11,True,80.7,0.21,80.5,True,3.52,2.1,10.0,0.0,D 趨勢弱,False,1:55,57.3,升,82.0,9,False,14.0,0.0072,0.0099,,False,False,-13.8,-3.92,3.69,-8.53,-2.43,128.3,,OHLC,↓,LH/LL,DT,False,273,2,universe
SKY,2026-10-01,87.48,2.95,False,86.94,-0.506,-0.5,False,80.0,-0.1,80.1,True,3.37,2.37,66.8,13.5,B 上升結構,False,12:10,5.1,升,53.0,8,False,14.0,0.2491,0.192,,False,True,0.62,0.18,87.76,-0.32,-0.1,45.4,,OHLC,—,LH/LL,次級反彈,True,273,2,universe
FBIN,2026-10-01,38.52,1.44,False,41.39,-0.49,-1.09,True,78.5,0.34,78.1,True,3.73,2.3,5.2,4.4,D 趨勢弱,False,10:50,325.1,升,31.0,5,False,14.0,0.1108,0.0666,,False,False,-7.45,-2.0,39.38,-2.23,-0.6,93.6,,OHLC,↓,LH/LL,DT,False,273,2,universe
PTC,2026-10-01,146.47,5.06,True,140.67,0.026,-0.21,False,77.6,-0.55,78.2,True,3.46,2.73,36.4,31.3,C 基底修復,False,11:09,334.6,升,36.0,6,False,14.0,0.9734,0.4896,,False,False,3.96,1.14,137.41,6.19,1.79,239.9,,OHLC,↑,HH/HL,UT,False,273,2,universe
CSW,2026-10-01,292.38,9.41,False,302.29,-1.157,-0.71,True,77.3,0.51,76.7,True,3.22,3.04,46.6,15.1,C 基底修復,False,12:39,19.6,升,61.0,7,False,14.0,0.471,0.3854,,False,False,-3.39,-1.05,300.71,-2.85,-0.89,38.1,,OHLC,—,LH/LL,DT,True,273,2,universe
KTB,2026-10-01,63.52,2.35,False,70.11,-0.494,-1.35,True,77.1,0.45,76.6,True,3.71,2.58,5.1,0.1,D 趨勢弱,False,11:25,342.7,升,40.0,5,False,14.0,0.0973,0.0657,,False,False,-10.37,-2.8,67.82,-6.77,-1.83,51.7,,OHLC,↓,LH/LL,DT,False,273,2,universe
NTRA,2026-10-01,408.47,13.24,True,361.8,3.81,1.44,False,75.9,-0.38,76.3,True,3.24,3.27,64.1,-0.7,E 延伸,False,2:44,82.2,升,96.0,11,False,14.0,3.2425,4.501,,False,False,11.42,3.52,320.76,21.47,6.62,601.8,,OHLC,↑,HH/HL,UT,False,273,2,universe
CERT,2026-10-01,9.34,0.36,True,8.46,0.052,0.68,True,74.9,1.98,72.9,False,3.9,2.8,40.0,-4.0,E 延伸,False,12:07,3.5,升,52.0,11,False,14.0,0.0891,0.0922,,False,False,9.42,2.42,,,,22.7,,OHLC,—,LH/LL,UT,False,273,2,universe
GPK,2026-10-01,8.96,0.38,False,9.98,-0.09,-0.77,True,74.5,0.09,74.4,False,4.25,2.54,0.0,0.0,D 趨勢弱,True,8:49,264.6,跌,344.0,34,False,14.0,-0.0097,-0.0059,-0.2395,False,False,-11.36,-2.68,9.66,-7.81,-1.84,66.8,,OHLC,↓,LH/LL,DT,False,273,2,universe
COCO,2026-10-01,57.01,2.41,False,56.86,-0.224,-0.31,True,73.9,0.82,73.1,False,4.22,2.66,25.1,0.3,D 趨勢弱,False,2:49,84.6,升,141.0,12,False,14.0,0.502,0.5805,,False,True,0.26,0.06,59.6,-4.54,-1.08,86.0,,OHLC,↓,LH/LL,DT,False,273,2,universe
NCLH,2026-10-01,14.64,0.6,False,15.18,-0.08,-0.95,True,73.6,0.47,73.1,False,4.12,2.82,9.9,4.0,D 趨勢弱,False,12:37,18.7,升,60.0,8,False,14.0,0.1817,0.1736,,False,True,-3.7,-0.9,14.61,0.2,0.05,285.1,,OHLC,↓,LH/LL,自然反彈,False,273,2,universe
PINS,2026-10-01,19.46,0.77,False,19.87,-0.087,-0.66,True,73.5,0.22,73.3,False,3.95,3.02,12.9,5.2,D 趨勢弱,False,10:13,306.6,升,20.0,5,False,14.0,0.1764,0.1113,,False,True,-2.1,-0.53,19.36,0.51,0.13,290.1,,OHLC,↓,LH/LL,自然反彈,False,273,2,universe
RGEN,2026-10-01,177.23,7.38,True,179.24,0.406,0.49,False,72.9,-4.5,77.4,False,4.16,2.91,63.6,-4.9,B 上升結構,False,1:42,50.9,升,78.0,9,False,14.0,0.1655,1.4062,,False,True,-1.14,-0.27,176.27,0.54,0.13,197.4,,OHLC,↑,HH/HL,自然回檔,False,273,2,universe
SHOE,2026-10-01,12.69,0.61,False,13.15,-0.041,-0.31,True,69.4,0.33,69.1,False,4.8,2.96,13.8,5.5,D 趨勢弱,False,2:31,75.5,升,92.0,10,False,14.0,0.0448,0.0636,,False,True,-3.63,-0.76,13.27,-4.57,-0.95,19.2,,OHLC,—,LH/LL,DT,True,255,2,universe
PUBM,2026-10-01,19.18,0.7,True,17.35,0.075,0.39,True,69.0,0.72,68.3,False,3.63,4.2,65.0,-2.1,E 延伸,False,1:30,45.0,升,75.0,9,False,14.0,0.1206,0.1084,,False,False,9.55,2.63,19.19,-0.05,-0.01,12.8,,OHLC,—,LH/LL,UT,False,273,2,universe
HURN,2026-10-01,168.42,5.42,True,158.02,0.791,0.26,False,66.9,-0.83,67.7,False,3.22,5.01,55.2,1.0,B 上升結構,True,9:25,282.7,升,7.0,1,False,14.0,0.2156,-0.501,,False,False,6.17,1.92,156.36,7.16,2.22,39.3,,OHLC,↑,HH/HL,UT,False,273,2,universe
SHOP,2026-10-01,149.09,6.63,True,140.44,0.012,-0.11,True,66.3,0.71,65.6,False,4.45,3.9,48.5,-5.5,B 上升結構,False,1:22,40.9,升,73.0,8,False,14.0,1.5866,1.5591,,False,False,5.8,1.3,126.39,15.23,3.42,1447.9,,OHLC,↑,HH/HL,UT,False,273,2,universe
RXO,2026-10-01,21.36,1.07,False,20.44,-0.013,-0.34,True,65.7,0.43,65.3,False,5.03,3.44,51.0,8.2,C 基底修復,False,2:41,80.3,升,95.0,11,False,14.0,0.2758,0.2188,,False,True,4.29,0.85,19.72,7.68,1.53,36.2,,OHLC,—,HH/HL,UT,True,273,2,universe
FTRE,2026-10-01,19.4,1.0,True,18.97,0.043,0.34,False,65.3,-0.54,65.8,False,5.18,3.38,66.8,-2.5,B 上升結構,False,2:40,80.2,升,95.0,13,False,14.0,0.0144,0.0725,,False,True,2.21,0.43,19.52,-0.62,-0.12,28.9,,OHLC,—,HH/HL,自然回檔,True,273,2,universe
ZS,2026-10-01,198.78,9.61,True,185.3,0.22,0.21,True,64.1,1.01,63.1,False,4.84,3.95,42.6,-4.9,D 趨勢弱,False,4:27,133.6,跌,24.0,2,False,14.0,-0.5336,-0.1419,-3.1423,False,False,6.78,1.4,193.05,2.88,0.6,730.0,,OHLC,↑,HH/HL,UT,False,273,2,universe
ULCC,2026-10-01,5.97,0.31,False,5.84,-0.003,-0.18,True,61.7,0.56,61.2,False,5.15,4.13,50.4,-2.3,C 基底修復,False,2:48,83.8,升,97.0,14,False,14.0,0.0498,0.0604,,False,True,2.13,0.41,5.84,2.18,0.42,14.3,,OHLC,↑,HH/HL,次級回檔,False,273,2,universe
CDNA,2026-10-01,66.23,2.86,True,54.5,0.933,1.16,True,60.8,0.36,60.5,False,4.31,5.15,65.0,0.0,E 延伸,False,1:25,42.4,升,74.0,8,False,14.0,0.9436,0.9519,,False,False,17.71,4.11,54.31,18.0,4.17,74.8,,OHLC,↑,HH/HL,UT,False,273,2,universe
DUOT,2026-10-01,8.9,0.49,False,9.19,-0.17,-1.49,True,59.2,0.93,58.3,False,5.47,4.34,36.1,3.6,D 趨勢弱,False,1:16,38.0,升,71.0,8,False,14.0,0.0525,0.0635,,False,True,-3.26,-0.6,8.76,1.57,0.29,5.3,,OHLC,—,HH/HL,DT,False,273,2,universe
MAZE,2026-10-01,26.65,1.79,False,26.4,-0.042,-0.06,True,54.3,0.26,54.0,False,6.73,4.17,14.8,-8.7,D 趨勢弱,False,12:31,15.7,升,59.0,8,False,14.0,0.3462,0.3898,,False,True,0.95,0.14,28.38,-6.49,-0.96,22.8,,OHLC,↓,LH/LL,自然反彈,False,273,2,universe
HIMS,2026-10-01,29.3,1.71,False,29.54,-0.03,0.05,True,53.3,0.09,53.2,False,5.84,5.3,51.5,-11.5,D 趨勢弱,False,1:12,36.0,升,70.0,10,False,14.0,0.1851,0.198,,False,True,-0.81,-0.14,28.7,2.05,0.35,277.6,,OHLC,↑,HH/HL,UT,False,273,2,universe
BLZE,2026-10-01,14.18,0.88,False,14.34,-0.234,-1.05,True,49.2,1.2,48.0,False,6.22,5.93,55.5,-3.0,D 趨勢弱,False,12:09,4.6,升,53.0,9,False,14.0,0.1635,0.1342,,False,True,-1.14,-0.18,13.16,7.19,1.16,23.7,,OHLC,—,HH/HL,次級反彈,True,273,2,universe
PACB,2026-10-01,2.51,0.16,True,1.77,0.103,2.64,True,48.4,0.48,47.9,False,6.23,6.12,56.0,3.8,E 延伸,False,2:49,84.6,升,109.0,13,False,14.0,0.1152,0.0873,,False,False,29.55,4.74,1.41,43.82,7.04,24.0,,OHLC,↑,HH/HL,UT,False,255,2,universe
AMC,2026-10-01,2.76,0.21,True,2.77,0.009,0.52,False,46.4,-3.11,49.5,False,7.64,5.25,53.4,2.3,B 上升結構,False,1:12,36.0,升,70.0,11,False,14.0,0.0126,0.0382,,False,True,-0.19,-0.02,2.87,-3.99,-0.52,90.0,,OHLC,—,HH/HL,DT,False,273,2,universe
KOD,2026-10-01,98.46,7.24,True,71.25,1.746,4.91,True,25.8,0.11,25.7,False,7.35,13.5,65.0,0.0,E 延伸,False,11:44,352.2,升,46.0,6,False,14.0,7.9263,7.2831,,False,False,27.64,3.76,,,,267.1,,OHLC,—,LH/LL,UT,False,273,2,universe
AEMD,2026-10-01,6.63,0.69,True,5.46,0.001,0.01,True,14.0,0.38,13.6,False,10.36,20.85,25.0,10.0,E 延伸,False,1:02,31.1,升,67.0,12,False,14.0,0.2366,0.2941,,False,False,17.63,1.7,6.28,5.28,0.51,33.1,,OHLC,—,HH/HL,次級反彈,True,255,2,universe
TBB,2026-10-01,18.93,0.18,False,19.36,-0.021,-0.52,False,98.2,-0.06,98.2,True,0.95,0.51,16.2,1.2,D 趨勢弱,False,5:06,152.9,跌,35.0,6,False,,-0.0417,-0.0417,-0.0417,False,True,-2.29,-2.4,19.7,-4.07,-4.27,3.0,,OHLC,↓,LH/LL,DT,False,273,2,universe
TRNO,2026-10-01,63.98,1.05,False,66.22,-0.151,-0.42,True,94.1,0.17,94.0,True,1.64,1.11,24.4,-2.1,D 趨勢弱,False,3:24,101.8,跌,7.0,1,False,,-0.0234,0.0904,-0.7515,False,False,-3.5,-2.13,66.93,-4.61,-2.81,52.1,,OHLC,↓,LH/LL,DT,False,273,2,universe
STAG,2026-10-01,35.72,0.6,False,37.09,-0.028,-0.14,True,93.4,0.17,93.2,True,1.67,1.27,16.0,-1.5,D 趨勢弱,False,4:04,121.8,跌,18.0,3,False,,-0.1277,-0.0819,-0.4892,False,False,-3.83,-2.29,37.7,-5.54,-3.32,61.7,,OHLC,↓,LH/LL,DT,False,273,2,universe
TDY,2026-10-01,612.7,11.15,False,612.82,-1.373,-0.73,False,93.0,-0.04,93.0,True,1.82,1.23,28.3,1.1,C 基底修復,False,12:43,21.5,升,62.0,10,False,,2.2715,2.1443,,False,True,-0.02,-0.01,601.93,1.76,0.97,168.8,,OHLC,—,HH/HL,自然回檔,True,273,2,universe
HAFC,2026-10-01,31.21,0.6,False,31.61,-0.021,-0.2,False,92.9,-0.33,93.2,True,1.92,1.14,51.2,-0.1,C 基底修復,False,4:37,138.4,跌,27.0,4,False,,-0.1082,-0.1065,-0.1418,False,True,-1.3,-0.67,,,,7.7,,OHLC,—,HH/HL,DT,False,273,2,universe
GNL,2026-10-01,8.24,0.15,False,8.84,-0.034,-0.84,False,91.9,-0.14,92.0,True,1.85,1.46,10.0,0.0,D 趨勢弱,True,8:49,264.6,跌,162.0,17,False,,-0.0677,-0.0672,-0.0677,False,False,-7.28,-3.93,,,,22.5,,OHLC,—,HH/HL,DT,False,273,2,universe
MGRC,2026-10-01,114.99,2.54,False,112.48,-0.095,-0.33,False,91.5,-0.11,91.6,True,2.21,1.19,37.7,-1.9,C 基底修復,False,1:56,58.2,升,82.0,12,False,,0.6333,0.6246,,False,True,2.19,0.99,108.77,5.41,2.45,17.0,,OHLC,—,HH/HL,UT,True,273,2,universe
ITW,2026-10-01,260.84,5.32,False,270.59,-0.846,-0.72,True,91.4,0.12,91.3,True,2.04,1.39,23.9,4.0,D 趨勢弱,False,3:50,115.2,跌,14.0,2,False,,-0.4655,-0.1651,-2.5487,False,False,-3.74,-1.83,276.39,-5.96,-2.92,371.7,,OHLC,↓,LH/LL,DT,False,273,2,universe
PFBC,2026-10-01,105.99,2.39,False,105.39,-0.009,0.18,False,91.1,-0.2,91.3,True,2.26,1.22,58.8,8.9,C 基底修復,False,2:49,84.6,升,106.0,14,False,,0.0131,0.0997,,False,True,0.56,0.25,101.91,3.85,1.71,19.5,,OHLC,↑,HH/HL,自然回檔,False,273,2,universe
ENSG,2026-10-01,169.63,3.87,False,174.5,-0.337,-0.3,False,90.7,-0.55,91.2,True,2.28,1.31,15.1,-2.6,D 趨勢弱,False,3:26,103.0,跌,7.0,1,False,,-0.2728,0.0289,-1.5015,False,True,-2.87,-1.26,178.38,-5.16,-2.26,64.2,,OHLC,↓,LH/LL,DT,False,273,2,universe
IMKTA,2026-10-01,84.72,1.84,False,83.27,-0.026,-0.25,False,90.5,-0.17,90.6,True,2.18,1.46,25.4,-11.5,C 基底修復,False,2:48,84.2,升,97.0,15,False,,0.4104,0.4468,,False,True,1.71,0.79,81.69,3.58,1.64,9.2,,OHLC,—,HH/HL,UT,True,273,2,universe
DRH,2026-10-01,12.51,0.28,False,12.38,-0.006,0.03,False,90.4,-0.03,90.5,True,2.2,1.44,54.3,-2.4,C 基底修復,False,2:49,84.6,升,116.0,12,False,,0.0346,0.0337,,False,True,1.08,0.49,11.85,5.28,2.4,38.5,,OHLC,—,HH/HL,自然回檔,True,273,2,universe
JOE,2026-10-01,65.16,1.54,False,65.54,-0.118,-0.2,False,89.6,-0.21,89.8,True,2.36,1.46,37.0,-21.0,C 基底修復,False,12:37,18.4,升,60.0,7,False,,0.1037,0.147,,False,True,-0.59,-0.25,65.86,-1.07,-0.46,19.3,,OHLC,—,LH/LL,次級回檔,True,273,2,universe
WAB,2026-10-01,287.84,5.96,False,286.3,-0.294,-0.34,False,89.5,-0.09,89.6,True,2.07,1.78,50.4,-13.0,C 基底修復,False,2:11,65.7,升,86.0,8,False,,0.8256,1.0424,,False,True,0.54,0.26,293.56,-1.99,-0.96,220.0,,OHLC,↓,LH/LL,自然反彈,False,273,2,universe
BMRC,2026-10-01,27.26,0.66,False,27.46,-0.014,-0.19,False,89.4,-0.13,89.5,True,2.43,1.45,38.3,-0.7,C 基底修復,False,4:25,132.4,跌,24.0,3,False,,-0.0671,-0.0612,-0.262,False,True,-0.74,-0.31,,,,4.5,,OHLC,—,HH/HL,DT,False,273,2,universe
REXR,2026-10-01,36.02,0.76,False,37.71,-0.048,0.03,True,89.3,0.2,89.1,True,2.1,1.79,23.0,-1.3,D 趨勢弱,False,5:47,173.7,跌,47.0,5,False,,-0.2733,-0.2165,-0.2833,False,False,-4.7,-2.24,36.63,-1.69,-0.81,108.6,,OHLC,—,HH/HL,DT,False,273,2,universe
MSM,2026-10-01,128.5,3.13,True,120.99,0.382,0.12,False,89.2,-0.7,89.9,True,2.43,1.47,62.9,-6.8,E 延伸,False,2:49,84.6,升,177.0,17,False,,0.6817,0.3927,,False,False,5.85,2.4,120.97,5.86,2.41,92.0,,OHLC,↑,HH/HL,UT,False,273,2,universe
PKG,2026-10-01,229.71,5.27,False,236.72,-0.741,-0.53,True,88.8,0.09,88.7,True,2.29,1.71,40.6,1.9,C 基底修復,False,3:34,107.1,跌,10.0,1,False,,-0.175,0.0453,-3.1818,False,False,-3.05,-1.33,228.84,0.38,0.17,144.6,,OHLC,—,HH/HL,DT,False,273,2,universe
CNXN,2026-10-01,92.57,2.35,True,84.59,0.56,0.75,False,88.7,-0.17,88.8,True,2.54,1.49,59.9,-1.7,E 延伸,False,2:49,84.6,升,140.0,20,False,,0.4065,0.3055,,False,False,8.62,3.4,84.11,9.14,3.6,12.7,,OHLC,↑,HH/HL,UT,False,273,2,universe
FWONA,2026-10-01,83.69,2.12,False,88.21,-0.332,-0.67,False,88.6,-0.11,88.7,True,2.53,1.51,20.2,-9.5,D 趨勢弱,True,8:49,264.6,跌,202.0,25,False,,-0.1525,-0.0799,-1.0569,False,False,-5.4,-2.13,88.15,-5.33,-2.11,17.9,,OHLC,↓,LH/LL,DT,False,273,2,universe
RGR,2026-10-01,43.71,0.97,True,40.07,0.247,0.96,False,88.3,-0.11,88.4,True,2.22,1.88,42.1,-1.3,E 延伸,False,2:49,84.6,升,187.0,11,False,,0.3476,0.3235,,False,False,8.34,3.76,37.71,13.73,6.19,9.2,,OHLC,↑,HH/HL,UT,False,273,2,universe
HRL,2026-10-01,19.96,0.47,False,21.42,-0.136,-1.34,True,88.1,0.2,87.9,True,2.36,1.78,5.9,-0.4,D 趨勢弱,False,10:47,323.3,升,30.0,4,False,,0.0631,0.0423,,False,False,-7.33,-3.11,21.11,-5.76,-2.45,96.5,,OHLC,↓,LH/LL,DT,False,273,2,universe
MSGS,2026-10-01,399.19,11.38,False,396.85,-0.303,-0.1,False,87.4,-1.56,89.0,True,2.85,1.43,70.6,-0.3,A 待突破,False,2:49,84.6,升,149.0,13,False,,0.9937,1.7967,,False,True,0.59,0.21,398.52,0.17,0.06,124.1,,OHLC,↑,HH/HL,自然回檔,False,273,2,universe
AMSF,2026-10-01,23.68,0.62,False,24.8,-0.084,-1.19,True,85.9,0.25,85.7,True,2.63,1.96,6.3,0.5,D 趨勢弱,False,2:49,84.6,升,163.0,25,False,,0.0544,0.0449,,False,False,-4.74,-1.8,25.13,-6.12,-2.32,15.6,,OHLC,↓,LH/LL,DT,False,273,2,universe
INN,2026-10-01,5.99,0.17,False,5.83,-0.001,-0.12,False,85.9,-0.11,86.0,True,2.92,1.69,45.2,-1.1,C 基底修復,False,2:49,84.6,升,113.0,13,False,,0.0618,0.0572,,False,True,2.73,0.94,,,,6.4,,OHLC,—,LH/LL,UT,False,273,2,universe
CTS,2026-10-01,59.81,1.59,True,57.73,0.017,-0.12,False,85.8,-0.06,85.8,True,2.66,1.96,45.9,-1.5,C 基底修復,False,2:15,67.3,升,87.0,15,False,,0.3331,0.3291,,False,False,3.48,1.31,59.07,1.24,0.46,13.6,,OHLC,↑,HH/HL,UT,False,273,2,universe
ELV,2026-10-01,381.67,10.06,False,404.62,-0.579,-0.14,False,85.7,-0.74,86.4,True,2.64,2.0,45.7,-6.7,C 基底修復,True,8:01,240.7,跌,84.0,9,False,,-3.3992,-2.9617,-3.3992,False,False,-6.01,-2.28,,,,514.6,,OHLC,—,HH/HL,DT,False,273,2,universe
DAL,2026-10-01,84.13,2.32,False,80.95,-0.007,-0.11,True,85.5,0.44,85.1,True,2.76,1.92,53.5,7.4,C 基底修復,False,2:49,84.6,升,113.0,14,False,,0.6727,0.7437,,False,False,3.77,1.37,81.75,2.83,1.03,582.8,,OHLC,↑,HH/HL,UT,False,273,2,universe
RL,2026-10-01,362.66,10.24,False,348.05,-0.132,-0.3,True,85.1,0.28,84.8,True,2.82,1.93,18.2,-3.0,D 趨勢弱,False,2:24,72.0,升,90.0,9,False,,3.8592,3.5918,,False,False,4.03,1.43,,,,238.7,,OHLC,—,LH/LL,UT,False,273,2,universe
CAT,2026-10-01,826.35,22.6,False,807.12,-0.545,-0.25,False,84.5,-0.21,84.8,True,2.73,2.13,60.5,6.4,C 基底修復,False,2:49,84.6,升,149.0,19,False,,4.3364,4.0848,,False,True,2.33,0.85,822.48,0.47,0.17,1879.3,,OHLC,—,LH/LL,自然反彈,True,273,2,universe
LINE,2026-10-01,33.97,1.05,False,37.67,-0.36,-1.27,False,84.3,-0.06,84.3,True,3.09,1.83,8.5,0.3,D 趨勢弱,True,6:52,205.9,跌,64.0,7,False,,-0.2327,-0.2049,-0.2839,False,False,-10.88,-3.52,38.71,-13.95,-4.52,37.1,,OHLC,↓,LH/LL,DT,False,273,2,universe
DLX,2026-10-01,22.94,0.68,False,23.68,-0.018,-0.06,True,84.0,0.12,83.9,True,2.97,1.99,16.4,0.0,C 基底修復,False,3:32,106.2,跌,9.0,1,False,,-0.0383,0.001,-0.3891,False,False,-3.24,-1.09,23.92,-4.27,-1.44,10.7,,OHLC,—,LH/LL,DT,True,273,2,universe
CRUS,2026-10-01,120.17,3.42,False,115.47,-0.007,-0.03,True,83.8,0.27,83.5,True,2.85,2.16,14.8,-0.6,D 趨勢弱,False,2:49,84.6,升,220.0,22,False,,0.6497,0.7512,,False,False,3.91,1.37,118.0,1.81,0.63,102.7,,OHLC,—,HH/HL,UT,True,273,2,universe
BABA,2026-10-01,107.45,2.84,False,115.44,-0.623,-0.76,True,83.7,1.8,81.9,True,2.64,2.39,20.2,0.9,D 趨勢弱,False,3:57,118.5,跌,16.0,2,False,,-0.1063,-0.072,-1.8376,False,False,-7.43,-2.81,111.25,-3.54,-1.34,906.5,,OHLC,↓,LH/LL,DT,False,273,2,universe
GRMN,2026-10-01,282.46,7.21,False,283.27,-0.745,-0.32,False,83.6,-0.16,83.7,True,2.55,2.5,46.7,-13.7,C 基底修復,False,11:26,343.2,升,41.0,8,False,,0.6246,1.2749,,False,True,-0.29,-0.11,272.18,3.64,1.43,230.9,,OHLC,↑,HH/HL,自然回檔,False,273,2,universe
TKO,2026-10-01,176.04,5.74,False,188.27,-0.782,-0.48,False,83.6,-1.05,84.6,True,3.26,1.8,13.5,-2.8,D 趨勢弱,True,7:25,222.4,跌,74.0,8,False,,-1.4369,-1.275,-1.487,False,False,-6.95,-2.13,193.72,-10.04,-3.08,228.7,,OHLC,↓,LH/LL,DT,False,273,2,universe
OSPN,2026-10-01,18.04,0.57,True,17.13,0.057,0.44,False,83.0,-0.04,83.1,True,3.14,2.02,57.8,-4.7,E 延伸,False,2:18,68.8,升,88.0,15,False,,0.0012,0.003,,False,False,5.04,1.61,17.43,3.38,1.08,10.2,,OHLC,—,HH/HL,UT,True,273,2,universe
CW,2026-10-01,544.94,16.58,False,575.55,-4.983,-1.24,True,82.7,0.33,82.4,True,3.04,2.18,9.3,0.7,D 趨勢弱,False,2:49,84.6,升,135.0,13,False,,3.3376,2.7051,,False,False,-5.62,-1.85,570.04,-4.61,-1.51,243.8,,OHLC,↓,LH/LL,自然反彈,False,273,2,universe
DHC,2026-10-01,7.74,0.25,False,7.86,-0.011,-0.18,False,82.5,-0.9,83.4,True,3.27,2.0,47.1,-0.2,C 基底修復,False,2:49,84.6,升,141.0,15,False,,0.0132,0.0325,,False,True,-1.6,-0.49,8.17,-5.56,-1.7,16.3,,OHLC,↓,LH/LL,DT,False,273,2,universe
GIII,2026-10-01,27.57,0.85,False,28.8,-0.112,-0.83,True,82.4,0.23,82.1,True,3.07,2.22,6.1,0.9,D 趨勢弱,False,12:49,24.5,升,64.0,9,False,,0.2091,0.1661,,False,False,-4.48,-1.46,28.22,-2.36,-0.77,24.2,,OHLC,—,LH/LL,自然反彈,True,273,2,universe
JBTM,2026-10-01,106.86,3.38,False,113.36,-0.312,-0.51,True,82.1,0.23,81.9,True,3.16,2.18,6.8,1.5,D 趨勢弱,False,3:29,104.5,跌,8.0,1,False,,-0.0527,0.0309,-2.2016,False,False,-6.09,-1.93,113.35,-6.07,-1.92,65.1,,OHLC,↓,LH/LL,DT,False,273,2,universe
BIDU,2026-10-01,85.59,2.4,False,91.9,-0.162,-0.73,True,81.8,0.09,81.7,True,2.8,2.6,15.2,-0.9,D 趨勢弱,False,3:29,104.3,跌,8.0,1,False,,-0.0278,0.0195,-1.5993,False,False,-7.38,-2.63,92.43,-7.99,-2.85,233.0,,OHLC,↓,LH/LL,DT,False,273,2,universe
TRN,2026-10-01,25.8,0.82,False,28.09,-0.179,-0.7,True,81.8,0.08,81.7,True,3.17,2.23,7.6,4.0,D 趨勢弱,False,3:58,118.8,跌,16.0,2,False,,-0.1147,-0.0713,-0.7937,False,False,-8.86,-2.8,28.46,-10.31,-3.25,19.9,,OHLC,↓,LH/LL,DT,False,273,2,universe
KMT,2026-10-01,31.67,1.05,True,30.01,0.018,-0.01,False,80.8,-0.6,81.4,True,3.31,2.28,26.6,6.6,C 基底修復,False,2:49,84.6,升,221.0,21,False,,0.3034,0.2802,,False,False,5.26,1.59,29.2,7.8,2.36,44.1,,OHLC,—,HH/HL,自然反彈,False,273,2,universe
WSO,2026-10-01,301.15,9.16,False,311.48,-0.449,-0.08,True,80.7,0.32,80.4,True,3.04,2.57,10.6,-2.1,D 趨勢弱,False,3:33,106.6,跌,9.0,2,False,,-0.5439,-0.0599,-3.4388,False,False,-3.43,-1.13,316.02,-4.94,-1.62,143.3,,OHLC,↓,LH/LL,DT,False,273,2,universe
MSGE,2026-10-01,80.05,2.75,False,79.17,-0.077,-0.24,False,80.4,-0.96,81.4,True,3.43,2.23,65.8,-0.4,A 待突破,False,2:49,84.6,升,149.0,13,False,,0.1582,0.2204,,False,True,1.1,0.32,78.49,1.95,0.57,41.7,,OHLC,↑,HH/HL,自然回檔,False,273,2,universe
PVH,2026-10-01,75.85,2.56,False,74.0,-0.105,-0.28,False,80.2,-0.11,80.3,True,3.38,2.33,27.0,-4.1,C 基底修復,False,2:49,84.6,升,102.0,12,False,,0.5653,0.5772,,False,True,2.44,0.72,74.33,2.0,0.59,76.3,,OHLC,—,LH/LL,自然反彈,True,273,2,universe
COLD,2026-10-01,13.81,0.49,False,14.63,-0.042,-0.18,True,80.0,0.06,79.9,True,3.58,2.17,50.6,9.8,C 基底修復,False,3:51,115.3,跌,14.0,2,False,,-0.0552,-0.0231,-0.1441,False,False,-5.96,-1.67,14.95,-8.25,-2.31,52.5,,OHLC,↓,LH/LL,DT,False,273,2,universe
PNTG,2026-10-01,38.79,1.45,False,39.62,-0.014,0.11,False,79.9,-0.41,80.3,True,3.74,2.02,52.9,2.9,C 基底修復,False,3:55,117.7,跌,15.0,2,False,,-0.0918,-0.0066,-0.5167,False,True,-2.14,-0.57,39.81,-2.63,-0.7,15.9,,OHLC,—,HH/HL,DT,True,273,2,universe
KN,2026-10-01,38.23,1.17,True,35.16,0.083,-0.05,False,79.5,-0.16,79.6,True,3.05,2.79,67.8,-0.5,B 上升結構,False,2:49,84.6,升,133.0,19,False,,0.2795,0.2482,,False,False,8.02,2.63,34.61,9.47,3.1,23.5,,OHLC,↑,HH/HL,UT,False,273,2,universe
TNC,2026-10-01,66.7,2.18,False,68.77,-0.021,0.01,False,79.4,-0.21,79.6,True,3.27,2.59,21.4,-0.5,D 趨勢弱,False,2:49,84.6,升,284.0,27,False,,0.2694,0.2976,,False,True,-3.1,-0.95,68.21,-2.26,-0.69,12.6,,OHLC,—,LH/LL,自然回檔,True,273,2,universe
OMCL,2026-10-01,33.44,1.1,False,33.75,-0.11,-0.52,False,78.1,-0.25,78.4,True,3.3,2.8,22.9,-0.6,D 趨勢弱,False,2:49,84.6,升,179.0,22,False,,0.3085,0.3548,,False,True,-0.93,-0.28,33.51,-0.21,-0.06,18.4,,OHLC,—,LH/LL,自然回檔,True,273,2,universe
PYPL,2026-10-01,53.06,1.63,False,54.8,-0.205,-0.61,True,77.2,0.67,76.5,True,3.08,3.2,37.5,-0.5,D 趨勢弱,False,10:47,323.4,升,30.0,5,False,,0.1182,0.1264,,False,False,-3.29,-1.07,51.81,2.35,0.77,658.5,,OHLC,—,HH/HL,DT,True,273,2,universe
CCL,2026-10-01,25.07,0.92,False,23.62,-0.027,-0.34,True,77.0,1.05,75.9,True,3.68,2.62,7.1,-5.2,D 趨勢弱,False,12:16,7.9,升,54.0,8,False,,0.4884,0.4133,,False,False,5.8,1.57,24.54,2.11,0.57,607.3,,OHLC,↑,HH/HL,自然反彈,False,273,2,universe
GME,2026-10-01,24.11,0.88,True,21.39,0.178,1.08,False,77.0,-0.11,77.1,True,3.64,2.66,33.4,-1.4,E 延伸,False,2:49,84.6,升,200.0,26,False,,0.1539,0.2196,,False,False,11.3,3.11,23.39,2.99,0.82,227.8,,OHLC,↑,HH/HL,自然回檔,False,273,2,universe
PWR,2026-10-01,662.6,21.57,False,629.63,-1.231,-0.44,True,76.9,0.17,76.7,True,3.25,3.07,61.9,-0.5,B 上升結構,False,2:49,84.6,升,145.0,17,False,,3.9967,3.2965,,False,False,4.98,1.53,626.41,5.46,1.68,524.5,,OHLC,↑,HH/HL,UT,False,273,2,universe
AZTA,2026-10-01,34.48,1.17,False,33.04,-0.02,0.1,True,76.7,0.39,76.3,True,3.38,2.99,53.2,-3.3,B 上升結構,False,1:26,43.1,升,74.0,11,False,,0.105,0.1338,,False,False,4.18,1.24,33.28,3.48,1.03,28.0,,OHLC,—,HH/HL,UT,True,273,2,universe
LII,2026-10-01,360.46,10.72,False,376.03,-1.793,-0.83,True,76.4,0.31,76.0,True,2.98,3.45,20.5,2.8,D 趨勢弱,False,2:49,84.6,升,219.0,26,False,,2.3977,2.5135,,False,False,-4.32,-1.45,372.0,-3.2,-1.08,186.9,,OHLC,—,LH/LL,DT,True,273,2,universe
VVX,2026-10-01,70.71,2.8,False,75.63,-0.257,-0.34,True,75.3,0.61,74.6,True,3.96,2.67,20.6,-1.1,C 基底修復,False,3:40,109.8,跌,11.0,2,False,,-0.2451,-0.1265,-0.8602,False,False,-6.95,-1.76,77.27,-9.28,-2.34,54.5,,OHLC,↓,LH/LL,DT,False,273,2,universe
LMAT,2026-10-01,80.19,2.11,False,80.54,-0.061,-0.09,False,75.1,-0.84,75.9,True,2.63,4.04,23.9,1.8,D 趨勢弱,False,2:49,84.6,升,183.0,24,False,,0.5333,0.7196,,False,True,-0.43,-0.16,80.77,-0.72,-0.28,21.1,,OHLC,—,LH/LL,自然回檔,True,273,2,universe
ALK,2026-10-01,39.49,1.57,False,40.77,-0.086,-0.55,True,74.7,0.89,73.8,False,3.97,2.77,13.0,3.3,D 趨勢弱,False,2:49,84.6,升,156.0,15,False,,0.055,0.0543,,False,True,-3.24,-0.82,41.16,-4.23,-1.06,115.3,,OHLC,↓,LH/LL,自然反彈,False,273,2,universe
MYRG,2026-10-01,297.92,12.2,False,291.32,-1.215,-0.49,True,74.7,0.21,74.5,False,4.09,2.64,30.9,6.4,D 趨勢弱,False,2:49,84.6,升,169.0,19,False,,3.9152,3.6698,,False,True,2.22,0.54,285.93,4.02,0.98,71.6,,OHLC,—,HH/HL,UT,True,273,2,universe
VFC,2026-10-01,14.41,0.5,True,13.57,0.026,0.09,True,74.1,0.63,73.5,False,3.49,3.35,14.9,4.5,D 趨勢弱,False,2:49,84.6,升,174.0,15,False,,0.2286,0.2342,,False,False,5.81,1.66,14.06,2.43,0.7,111.5,,OHLC,↑,HH/HL,自然反彈,False,273,2,universe
ATEN,2026-10-01,27.6,1.06,True,25.84,0.038,-0.08,True,73.9,0.78,73.1,False,3.83,3.05,42.5,5.8,C 基底修復,False,2:30,75.1,升,92.0,25,False,,0.2734,0.2115,,False,False,6.37,1.66,26.15,5.25,1.37,30.2,,OHLC,↑,HH/HL,UT,False,273,2,universe
RRX,2026-10-01,156.57,5.64,False,157.44,-0.655,-0.52,True,73.6,0.13,73.5,False,3.6,3.34,25.6,2.0,D 趨勢弱,False,2:49,84.6,升,147.0,21,False,,1.6995,1.6388,,False,True,-0.56,-0.15,158.67,-1.34,-0.37,180.4,,OHLC,—,LH/LL,自然反彈,True,273,2,universe
ATRC,2026-10-01,53.59,2.34,True,55.43,0.142,0.56,False,73.3,-3.05,76.4,False,4.36,2.63,58.6,2.0,B 上升結構,False,5:10,155.1,跌,36.0,5,False,,-0.8556,-0.5461,-0.8556,False,True,-3.44,-0.79,51.52,3.86,0.89,92.5,,OHLC,↑,HH/HL,自然回檔,False,273,2,universe
EXTR,2026-10-01,21.97,0.76,False,22.04,-0.05,-0.72,True,72.4,0.48,71.9,False,3.45,3.72,43.7,4.3,D 趨勢弱,False,2:49,84.6,升,190.0,25,False,,0.1352,0.096,,False,True,-0.34,-0.1,22.2,-1.05,-0.3,30.9,,OHLC,↓,LH/LL,自然反彈,False,273,2,universe
NXDR,2026-10-01,2.48,0.11,True,2.38,0.0,-0.04,False,71.9,-0.22,72.1,False,4.44,2.83,52.9,-3.2,B 上升結構,False,2:49,84.6,升,156.0,14,False,,0.0037,0.0032,,False,True,4.23,0.95,2.38,4.03,0.91,5.8,,OHLC,↑,HH/HL,次級反彈,False,273,2,universe
ROG,2026-10-01,155.8,6.71,True,134.98,0.912,0.56,True,71.4,0.35,71.0,False,4.31,3.07,59.7,2.2,E 延伸,False,2:49,84.6,升,135.0,18,False,,2.4077,1.7944,,False,False,13.36,3.1,136.2,12.58,2.92,37.0,,OHLC,↑,HH/HL,UT,False,273,2,universe
GPRE,2026-10-01,14.93,0.58,False,14.97,-0.026,-0.18,True,71.1,0.81,70.3,False,3.89,3.53,52.3,3.1,C 基底修復,False,2:49,84.6,升,149.0,19,False,,0.022,0.02,,False,True,-0.3,-0.08,15.15,-1.47,-0.38,22.4,,OHLC,—,LH/LL,自然反彈,True,273,2,universe
TDC,2026-10-01,29.92,0.99,True,28.5,0.047,0.23,True,70.0,0.19,69.8,False,3.32,4.31,55.6,9.9,C 基底修復,False,2:49,84.6,升,264.0,32,False,,0.0686,0.0088,,False,False,4.76,1.44,30.08,-0.53,-0.16,45.9,,OHLC,—,LH/LL,UT,True,273,2,universe
SYNA,2026-10-01,106.15,4.46,True,96.4,0.182,-0.14,True,69.9,0.2,69.7,False,4.2,3.45,58.2,4.3,C 基底修復,False,2:49,84.6,升,159.0,21,False,,1.5371,1.295,,False,False,9.18,2.19,100.36,5.45,1.3,56.4,,OHLC,↑,HH/HL,UT,False,273,2,universe
ON,2026-10-01,80.08,3.4,True,72.72,0.06,-0.1,True,69.8,0.32,69.5,False,4.25,3.43,31.8,5.2,D 趨勢弱,False,2:49,84.6,升,282.0,25,False,,1.2706,1.0983,,False,False,9.19,2.16,66.6,16.83,3.96,843.7,,OHLC,—,HH/HL,自然反彈,False,273,2,universe
IA,2026-10-01,18.61,0.8,False,19.17,-0.106,-1.16,True,69.7,0.77,68.9,False,4.28,3.41,34.4,1.4,D 趨勢弱,False,11:01,330.7,升,34.0,5,False,,0.0831,0.0831,,False,True,-3.01,-0.7,18.69,-0.43,-0.1,4.9,,OHLC,—,LH/LL,UT,True,255,2,universe
ASX,2026-10-01,44.73,1.69,True,40.06,0.289,0.68,True,69.6,0.5,69.1,False,3.78,3.94,64.2,0.4,E 延伸,False,1:40,50.2,升,78.0,11,False,,0.34,0.4141,,False,False,10.44,2.77,43.5,2.75,0.73,286.3,,OHLC,↑,HH/HL,UT,False,273,2,universe
UMC,2026-10-01,25.21,0.93,True,22.06,0.204,0.83,True,69.6,0.74,68.9,False,3.68,4.03,69.0,1.5,E 延伸,False,2:49,84.6,升,255.0,37,False,,0.0348,0.0284,,False,False,12.51,3.4,23.85,5.39,1.47,254.1,,OHLC,↑,HH/HL,UT,False,273,2,universe
PRIM,2026-10-01,76.25,3.41,False,75.16,-0.113,-0.36,True,69.1,0.36,68.7,False,4.47,3.33,9.5,-2.2,D 趨勢弱,False,10:19,309.6,升,22.0,3,False,,0.3459,0.1719,,False,True,1.43,0.32,75.45,1.05,0.23,99.0,,OHLC,—,LH/LL,UT,True,273,2,universe
ADPT,2026-10-01,27.37,1.27,True,26.86,0.133,0.54,False,69.0,-2.39,71.3,False,4.65,3.18,61.4,-2.3,B 上升結構,False,3:56,118.2,跌,16.0,1,False,,-0.0105,0.1319,-0.3108,False,True,1.87,0.4,27.86,-1.79,-0.39,68.2,,OHLC,—,HH/HL,DT,False,273,2,universe
ALGT,2026-10-01,75.46,3.6,False,78.19,-0.13,-0.3,True,69.0,0.38,68.6,False,4.77,3.07,18.2,-13.5,D 趨勢弱,False,2:49,84.6,升,155.0,19,False,,0.2482,0.357,,False,True,-3.61,-0.76,76.84,-1.83,-0.38,39.2,,OHLC,—,HH/HL,DT,False,273,2,universe
ACVA,2026-10-01,10.45,0.25,True,9.87,0.039,1.02,True,68.9,0.99,67.9,False,2.36,5.48,55.4,0.0,E 延伸,False,3:24,102.1,跌,7.0,1,False,,-0.0123,0.0159,-0.117,False,False,5.58,2.36,10.42,0.24,0.1,158.4,,OHLC,—,HH/HL,UT,True,273,2,universe
CTRI,2026-10-01,20.54,0.77,False,20.25,-0.063,-0.57,True,68.9,0.66,68.3,False,3.73,4.11,14.8,1.6,D 趨勢弱,False,2:49,84.6,升,198.0,20,False,,0.2428,0.2299,,False,True,1.4,0.37,20.51,0.15,0.04,35.4,,OHLC,—,LH/LL,自然反彈,True,273,2,universe
AMD,2026-10-01,615.73,23.78,True,535.28,4.137,0.8,True,68.6,0.52,68.1,False,3.86,4.04,63.6,0.4,E 延伸,False,2:49,84.6,升,148.0,19,False,,4.8069,6.4784,,False,False,13.07,3.38,596.07,3.19,0.83,12580.8,,OHLC,↑,HH/HL,自然回檔,False,273,2,universe
POWL,2026-10-01,190.6,8.35,False,183.31,-0.455,-0.4,True,68.0,0.7,67.3,False,4.38,3.64,28.7,-7.4,D 趨勢弱,False,2:49,84.6,升,167.0,18,False,,2.0503,2.0563,,False,True,3.82,0.87,184.47,3.22,0.73,96.2,,OHLC,—,HH/HL,自然反彈,True,273,2,universe
WBTN,2026-10-01,10.86,0.48,True,10.31,0.062,0.69,True,67.7,0.83,66.9,False,4.42,3.65,37.0,-4.2,D 趨勢弱,False,4:11,125.6,跌,20.0,2,False,,-0.0226,-0.0117,-0.0226,False,False,5.06,1.14,10.74,1.1,0.25,4.0,,OHLC,—,HH/HL,次級回檔,True,273,2,universe
PANW,2026-10-01,396.25,17.55,True,362.29,0.84,0.09,True,67.6,0.86,66.7,False,4.43,3.67,69.9,-5.6,E 延伸,False,2:37,78.6,升,94.0,13,False,,2.7769,2.9553,,False,False,8.57,1.93,374.74,5.43,1.23,2341.9,,OHLC,↑,HH/HL,UT,False,273,2,universe
PRTH,2026-10-01,7.78,0.22,True,7.42,0.031,0.78,True,67.5,1.05,66.5,False,2.85,5.26,56.2,-0.2,E 延伸,False,2:49,84.6,升,163.0,29,False,,0.1326,0.1666,,False,False,4.63,1.62,7.76,0.26,0.09,16.3,,OHLC,↑,HH/HL,UT,False,273,2,universe
MRCY,2026-10-01,84.07,3.72,False,85.84,-1.28,-1.46,True,67.2,0.51,66.7,False,4.42,3.75,21.8,3.0,D 趨勢弱,False,2:49,84.6,升,116.0,13,False,,0.6555,0.5445,,False,True,-2.11,-0.48,78.61,6.49,1.47,57.7,,OHLC,—,HH/HL,自然反彈,True,273,2,universe
GNRC,2026-10-01,207.91,9.87,False,199.76,-0.044,-0.07,True,67.1,0.61,66.5,False,4.75,3.44,18.7,-3.3,C 基底修復,False,1:53,56.7,升,81.0,11,False,,2.5977,2.9151,,False,True,3.92,0.83,198.05,4.74,1.0,290.2,,OHLC,—,HH/HL,自然回檔,True,273,2,universe
NET,2026-10-01,351.0,16.47,True,316.3,1.754,0.34,True,66.8,0.8,66.0,False,4.69,3.55,70.0,-0.1,E 延伸,False,2:49,84.6,升,138.0,16,False,,0.6865,1.3181,,False,False,9.89,2.11,338.67,3.51,0.75,1030.2,,OHLC,↑,HH/HL,自然回檔,False,273,2,universe
POWI,2026-10-01,51.5,2.38,False,51.25,-0.153,-0.42,True,66.6,0.42,66.2,False,4.63,3.67,19.4,-3.2,D 趨勢弱,False,2:49,84.6,升,129.0,16,False,,0.6961,0.7432,,False,True,0.48,0.1,49.08,4.7,1.02,38.6,,OHLC,—,HH/HL,自然回檔,True,273,2,universe
ALGM,2026-10-01,36.38,1.7,False,35.8,-0.085,-0.45,True,66.2,0.57,65.7,False,4.67,3.7,21.7,-3.5,D 趨勢弱,False,2:49,84.6,升,162.0,20,False,,0.5534,0.59,,False,True,1.59,0.34,36.38,0.01,0.0,86.5,,OHLC,—,LH/LL,UT,False,273,2,universe
FLEX,2026-10-01,112.78,5.35,False,110.57,-0.134,-0.27,True,65.9,0.52,65.4,False,4.74,3.69,58.9,5.5,D 趨勢弱,False,2:49,84.6,升,185.0,18,False,,0.6051,0.6337,,False,True,1.96,0.41,108.01,4.23,0.89,367.8,,OHLC,—,HH/HL,次級反彈,True,273,2,universe
NXT,2026-10-01,79.48,3.82,False,82.73,-0.464,-0.7,True,65.8,0.25,65.5,False,4.81,3.65,21.4,1.2,D 趨勢弱,False,2:49,84.6,升,169.0,18,False,,0.3518,0.3091,,False,True,-4.09,-0.85,83.36,-4.88,-1.02,168.2,,OHLC,—,LH/LL,DT,True,273,2,universe
ORN,2026-10-01,9.19,0.38,False,9.0,-0.017,-0.6,False,65.5,-0.48,66.0,False,4.12,4.4,14.5,8.4,D 趨勢弱,True,9:34,287.1,升,10.0,2,False,,0.0524,0.0036,,False,True,2.03,0.49,9.28,-0.98,-0.24,4.5,,OHLC,↓,LH/LL,自然反彈,False,273,2,universe
S,2026-10-01,24.67,1.13,True,21.97,0.093,0.13,True,65.5,0.61,64.9,False,4.57,3.94,59.0,-5.8,E 延伸,False,2:49,84.6,升,98.0,13,False,,0.1065,0.0535,,False,False,10.95,2.39,22.38,9.28,2.03,200.3,,OHLC,↑,HH/HL,UT,False,273,2,universe
ADTN,2026-10-01,7.07,0.33,False,7.34,-0.028,-0.77,True,64.9,0.46,64.4,False,4.65,3.98,19.6,6.4,D 趨勢弱,False,2:49,84.6,升,243.0,36,False,,0.0585,0.046,,False,True,-3.8,-0.82,7.13,-0.85,-0.18,11.7,,OHLC,—,LH/LL,自然反彈,True,273,2,universe
DDOG,2026-10-01,276.46,12.19,True,235.78,1.022,0.28,True,64.4,0.68,63.7,False,4.41,4.33,72.0,1.1,E 延伸,False,2:49,84.6,升,122.0,14,False,,5.1526,5.3386,,False,False,14.72,3.34,229.92,16.83,3.82,832.8,,OHLC,↑,HH/HL,UT,False,273,2,universe
CRWD,2026-10-01,266.09,11.75,True,227.63,1.447,0.44,True,63.8,0.41,63.4,False,4.42,4.44,65.0,-0.4,E 延伸,False,2:49,84.6,升,126.0,14,False,,1.7828,2.0602,,False,False,14.45,3.27,252.13,5.25,1.19,2617.4,,OHLC,↑,HH/HL,UT,False,273,2,universe
RMBS,2026-10-01,107.29,5.16,True,91.29,0.196,0.15,True,63.7,0.98,62.7,False,4.81,4.07,19.2,-0.9,E 延伸,False,2:49,84.6,升,206.0,18,False,,2.1456,2.2925,,False,False,14.91,3.1,102.12,4.82,1.0,249.3,,OHLC,↑,HH/HL,UT,False,273,2,universe
SWKS,2026-10-01,83.16,4.46,True,79.62,0.397,0.45,False,62.5,-0.5,63.0,False,5.36,3.75,50.4,-1.8,E 延伸,False,4:25,132.4,跌,24.0,3,False,,-0.9295,-0.5468,-0.9295,False,True,4.26,0.79,92.05,-10.69,-1.99,619.0,,OHLC,—,LH/LL,DT,True,273,2,universe
OKTA,2026-10-01,212.63,9.72,True,176.19,1.613,0.72,True,61.8,0.58,61.2,False,4.57,4.7,65.0,0.0,E 延伸,False,2:49,84.6,升,198.0,25,False,,1.0767,1.0145,,False,False,17.14,3.75,195.19,8.2,1.79,753.5,,OHLC,↑,HH/HL,UT,False,273,2,universe
AKAM,2026-10-01,106.93,6.37,False,111.24,-0.248,0.07,True,61.6,2.15,59.5,False,5.96,3.34,28.7,1.8,D 趨勢弱,False,3:31,105.7,跌,9.0,1,False,,-0.043,0.1568,-1.3152,False,True,-4.03,-0.68,110.41,-3.25,-0.55,640.4,,OHLC,—,HH/HL,DT,False,273,2,universe
VSAT,2026-10-01,70.35,3.97,False,72.76,-0.203,-0.39,True,61.4,0.02,61.4,False,5.65,3.69,50.9,-1.5,C 基底修復,False,5:43,171.5,跌,45.0,3,False,,-0.2949,-0.2678,-1.6121,False,True,-3.42,-0.61,71.48,-1.61,-0.28,121.9,,OHLC,↓,LH/LL,DT,False,273,2,universe
SANM,2026-10-01,221.96,11.04,True,203.42,0.813,0.26,True,60.8,0.37,60.4,False,4.97,4.5,51.4,-3.9,E 延伸,False,2:49,84.6,升,190.0,20,False,,1.657,1.8347,,False,False,8.35,1.68,214.91,3.18,0.64,122.5,,OHLC,↑,HH/HL,自然反彈,False,273,2,universe
INTC,2026-10-01,120.0,6.07,True,104.85,0.891,0.51,True,60.7,0.34,60.3,False,5.06,4.43,56.1,-0.1,E 延伸,False,2:49,84.6,升,167.0,20,False,,0.7549,1.0528,,False,False,12.63,2.49,115.93,3.39,0.67,12342.3,,OHLC,↑,HH/HL,自然反彈,False,273,2,universe
DKS,2026-10-01,132.85,5.68,False,134.56,-0.619,-0.54,True,60.2,0.62,59.6,False,4.28,5.31,24.9,0.5,D 趨勢弱,False,2:49,84.6,升,148.0,15,False,,3.1643,3.3849,,False,True,-1.28,-0.3,135.67,-2.12,-0.5,402.7,,OHLC,↓,LH/LL,次級回檔,False,273,2,universe
VSH,2026-10-01,34.27,1.64,True,31.54,0.04,-0.11,True,59.7,0.46,59.2,False,4.79,4.92,60.0,2.0,E 延伸,False,2:49,84.6,升,171.0,42,False,,0.3505,0.262,,False,False,7.96,1.66,31.8,7.21,1.5,102.5,,OHLC,↑,HH/HL,UT,False,273,2,universe
MNRO,2026-10-01,14.02,0.67,True,12.88,0.049,0.48,True,59.3,0.55,58.7,False,4.75,5.04,12.2,-0.5,D 趨勢弱,False,2:49,84.6,升,194.0,31,False,,0.1542,0.163,,False,False,8.12,1.71,13.4,4.42,0.93,13.0,,OHLC,↑,HH/HL,UT,False,273,2,universe
RKLB,2026-10-01,70.46,3.93,False,67.47,-0.104,-0.26,True,59.2,0.64,58.6,False,5.58,4.23,23.6,-4.0,D 趨勢弱,False,1:56,57.8,升,82.0,13,False,,0.7676,0.9183,,False,True,4.25,0.76,75.46,-7.1,-1.27,1408.2,,OHLC,—,LH/LL,自然回檔,False,273,2,universe
MRVL,2026-10-01,268.08,13.09,True,236.37,0.754,0.33,True,58.9,0.37,58.5,False,4.88,5.0,65.8,0.7,E 延伸,False,2:20,70.0,升,89.0,12,False,,2.1495,2.2242,,False,False,11.83,2.42,251.9,6.04,1.24,4296.7,,OHLC,↑,HH/HL,UT,False,273,2,universe
MOD,2026-10-01,189.21,10.92,False,187.71,-0.265,-0.3,True,58.0,0.71,57.3,False,5.77,4.3,18.7,0.4,D 趨勢弱,False,2:49,84.6,升,186.0,20,False,,0.7097,0.6327,,False,True,0.79,0.14,195.92,-3.55,-0.61,252.0,,OHLC,↑,HH/HL,次級反彈,False,273,2,universe
STRL,2026-10-01,505.12,26.02,False,493.12,-1.673,-0.44,True,57.9,0.87,57.0,False,5.15,4.95,28.1,-5.8,D 趨勢弱,False,2:49,84.6,升,150.0,19,False,,3.9241,4.1535,,False,True,2.38,0.46,491.78,2.64,0.51,263.7,,OHLC,—,HH/HL,次級反彈,True,273,2,universe
CEVA,2026-10-01,35.52,1.75,True,29.81,0.127,0.34,True,57.8,0.78,57.0,False,4.92,5.2,53.4,-0.1,E 延伸,False,2:49,84.6,升,285.0,21,False,,0.7543,0.8391,,False,False,16.07,3.26,34.48,2.93,0.59,20.6,,OHLC,↑,HH/HL,UT,False,273,2,universe
GRPN,2026-10-01,19.53,1.12,False,19.53,-0.022,-0.13,True,57.5,0.86,56.7,False,5.75,4.43,39.2,-2.8,D 趨勢弱,False,2:49,84.6,升,131.0,18,False,,0.1351,0.1992,,False,True,0.02,0.0,20.04,-2.61,-0.45,23.4,,OHLC,—,HH/HL,DT,False,273,2,universe
AMBQ,2026-10-01,69.15,3.92,True,63.07,0.24,0.12,True,57.1,1.53,55.6,False,5.67,4.59,50.9,0.6,E 延伸,False,2:49,84.6,升,155.0,21,False,,0.5435,0.5849,,False,False,8.8,1.55,64.81,6.28,1.11,37.6,,OHLC,↑,HH/HL,UT,False,273,2,universe
AOUT,2026-10-01,16.04,0.79,True,14.33,0.046,0.33,True,56.9,0.12,56.7,False,4.94,5.38,68.3,-0.7,E 延伸,False,3:29,104.4,跌,8.0,1,False,,-0.0626,0.0264,-0.219,False,False,10.68,2.16,15.23,5.05,1.02,5.7,,OHLC,—,HH/HL,自然回檔,True,255,2,universe
CLS,2026-10-01,373.09,20.0,True,330.06,2.778,0.32,True,56.7,0.54,56.2,False,5.36,5.0,48.4,2.1,E 延伸,False,2:49,84.6,升,267.0,19,False,,3.5382,3.6072,,False,False,11.53,2.15,356.53,4.44,0.83,813.2,,OHLC,↑,HH/HL,UT,False,273,2,universe
IESC,2026-10-01,330.16,16.24,False,321.96,-0.954,-0.61,True,56.5,0.73,55.8,False,4.92,5.48,54.0,-2.0,C 基底修復,False,2:49,84.6,升,110.0,12,False,,1.4937,1.0102,,False,True,2.48,0.51,325.02,1.56,0.32,83.4,,OHLC,—,LH/LL,自然反彈,True,273,2,universe
COHU,2026-10-01,70.34,3.52,True,55.2,0.393,0.33,True,56.0,0.8,55.2,False,5.0,5.51,72.1,1.8,E 延伸,False,2:49,84.6,升,111.0,17,False,,1.3239,1.3132,,False,False,21.52,4.31,54.73,22.19,4.44,57.1,,OHLC,↑,HH/HL,UT,False,273,2,universe
PSIX,2026-10-01,45.4,2.27,True,41.86,0.266,0.4,True,55.6,0.28,55.3,False,5.0,5.62,25.0,10.0,E 延伸,False,2:49,84.6,升,122.0,19,False,,0.0048,0.1558,,False,False,7.8,1.56,45.54,-0.31,-0.06,17.3,,OHLC,—,HH/HL,自然回檔,True,273,2,universe
MSTR,2026-10-01,160.5,8.94,True,137.9,2.628,0.91,True,55.4,1.25,54.2,False,5.57,5.08,31.1,1.6,E 延伸,False,3:45,112.5,跌,12.0,2,False,,-0.2695,-0.2299,-1.1675,False,False,14.08,2.53,153.09,4.62,0.83,3507.2,,OHLC,↑,HH/HL,自然反彈,False,273,2,universe
TSSI,2026-10-01,9.84,0.56,True,8.95,0.012,-0.49,True,55.3,0.67,54.6,False,5.7,4.97,15.0,0.0,E 延伸,False,2:49,84.6,升,138.0,18,False,,0.1807,0.1999,,False,False,9.07,1.59,8.33,15.35,2.69,9.0,,OHLC,↑,HH/HL,自然回檔,False,273,2,universe
RGTI,2026-10-01,15.62,0.92,False,15.98,-0.052,-0.36,True,55.2,0.79,54.4,False,5.87,4.84,23.9,7.0,D 趨勢弱,False,2:27,73.3,升,91.0,11,False,,0.0358,0.0674,,False,True,-2.29,-0.39,15.6,0.13,0.02,267.9,,OHLC,—,HH/HL,DT,False,273,2,universe
SHLS,2026-10-01,8.13,0.47,True,7.31,0.007,-0.09,True,54.9,0.09,54.8,False,5.73,5.03,29.5,-0.9,E 延伸,False,2:03,61.3,升,84.0,19,False,,0.1253,0.1159,,False,False,10.1,1.76,7.42,8.73,1.53,31.8,,OHLC,—,HH/HL,UT,True,273,2,universe
EBS,2026-10-01,6.37,0.33,True,6.17,0.065,0.87,False,54.4,-0.73,55.2,False,5.21,5.67,37.6,5.8,D 趨勢弱,False,3:29,104.7,跌,8.0,1,False,,-0.0101,0.0251,-0.3197,False,True,3.15,0.6,5.5,13.66,2.62,7.3,,OHLC,—,HH/HL,DT,True,273,2,universe
FORM,2026-10-01,148.44,7.43,True,116.15,1.024,0.39,True,54.4,0.61,53.8,False,5.01,5.87,60.1,-0.9,E 延伸,False,2:49,84.6,升,143.0,17,False,,3.8364,3.6729,,False,False,21.75,4.34,112.47,24.23,4.84,148.9,,OHLC,↑,HH/HL,UT,False,273,2,universe
ASPN,2026-10-01,5.56,0.3,True,5.16,0.004,-0.27,True,54.1,0.04,54.1,False,5.33,5.61,40.1,-3.7,D 趨勢弱,False,1:59,59.4,升,83.0,11,False,,0.0559,0.0479,,False,False,7.28,1.37,5.02,9.71,1.82,4.9,,OHLC,↑,HH/HL,UT,False,273,2,universe
ANGI,2026-10-01,5.86,0.34,True,5.06,0.024,0.46,True,52.9,0.11,52.8,False,5.87,5.35,15.0,0.0,E 延伸,False,2:49,84.6,升,249.0,28,False,,0.0858,0.0815,,False,False,13.72,2.34,5.05,13.82,2.35,4.5,,OHLC,↑,HH/HL,UT,False,273,2,universe
SEI,2026-10-01,71.38,4.1,True,62.17,0.342,0.28,True,52.7,0.9,51.8,False,5.74,5.53,55.3,1.3,E 延伸,False,2:49,84.6,升,192.0,19,False,,0.3936,0.4351,,False,False,12.9,2.25,68.34,4.26,0.74,185.6,,OHLC,—,HH/HL,UT,True,273,2,universe
UCTT,2026-10-01,78.64,4.44,True,73.11,0.086,-0.37,True,52.1,0.09,52.0,False,5.65,5.77,54.8,-1.3,E 延伸,False,2:49,84.6,升,215.0,18,False,,1.5518,1.7799,,False,False,7.03,1.24,71.13,9.55,1.69,64.4,,OHLC,↑,HH/HL,自然回檔,False,273,2,universe
QBTS,2026-10-01,16.56,1.01,False,17.49,-0.07,-0.44,True,51.6,0.98,50.6,False,6.11,5.45,19.1,4.8,D 趨勢弱,False,12:53,26.5,升,65.0,11,False,,0.0358,0.0485,,False,True,-5.6,-0.92,16.47,0.54,0.09,273.5,,OHLC,—,HH/HL,DT,False,273,2,universe
HYLN,2026-10-01,4.21,0.29,True,3.82,0.013,-0.11,True,51.5,0.53,50.9,False,6.91,4.67,60.0,0.0,E 延伸,False,2:49,84.6,升,204.0,23,False,,0.0074,0.0066,,False,False,9.15,1.32,3.96,5.94,0.86,7.7,,OHLC,↑,HH/HL,UT,False,273,2,universe
VPG,2026-10-01,75.09,4.03,True,65.15,0.279,-0.11,True,50.9,0.32,50.5,False,5.37,6.36,60.0,0.0,E 延伸,False,2:49,84.6,升,183.0,29,False,,1.9207,1.8861,,False,False,13.24,2.47,68.13,9.27,1.73,21.5,,OHLC,↑,HH/HL,UT,False,273,2,universe
BETA,2026-10-01,21.73,1.56,False,21.75,-0.073,-0.23,True,50.8,0.44,50.4,False,7.19,4.55,33.2,-11.9,D 趨勢弱,False,12:46,23.0,升,63.0,9,False,,0.0216,0.1071,,False,True,-0.09,-0.01,23.85,-9.76,-1.36,84.9,,OHLC,↓,LH/LL,DT,False,228,2,universe
DOCN,2026-10-01,139.8,8.97,True,126.18,0.486,0.11,True,50.8,1.2,49.6,False,6.42,5.32,51.3,1.3,E 延伸,False,2:49,84.6,升,148.0,18,False,,0.491,0.5099,,False,False,9.75,1.52,133.39,4.59,0.71,365.8,,OHLC,↑,HH/HL,自然反彈,False,273,2,universe
AHCO,2026-10-01,5.68,0.27,False,5.79,-0.002,-0.07,True,50.6,0.36,50.3,False,4.8,6.98,21.9,-2.2,D 趨勢弱,False,2:49,84.6,升,208.0,27,False,,0.0594,0.0587,,False,True,-2.0,-0.42,5.63,0.88,0.18,15.8,,OHLC,—,LH/LL,DT,True,273,2,universe
OCC,2026-10-01,17.35,1.09,True,13.92,0.002,-0.32,True,50.3,1.45,48.8,False,6.26,5.62,60.0,0.0,E 延伸,False,2:49,84.6,升,101.0,17,False,,0.3904,0.3128,,False,False,19.8,3.16,14.16,18.39,2.94,3.9,,OHLC,↑,HH/HL,UT,False,273,2,universe
LASR,2026-10-01,39.93,2.17,False,41.41,-0.247,-0.81,True,49.8,0.64,49.2,False,5.44,6.54,32.5,7.0,D 趨勢弱,False,2:49,84.6,升,313.0,18,False,,0.7033,0.6963,,False,True,-3.71,-0.68,40.37,-1.1,-0.2,36.4,,OHLC,—,LH/LL,自然反彈,True,273,2,universe
SMTC,2026-10-01,186.59,11.35,True,155.51,1.661,0.47,True,49.8,0.72,49.1,False,6.08,5.9,65.0,2.2,E 延伸,False,2:49,84.6,升,210.0,26,False,,0.5537,0.3583,,False,False,16.66,2.74,174.78,6.33,1.04,569.0,,OHLC,↑,HH/HL,UT,False,273,2,universe
RDW,2026-10-01,10.57,0.74,False,11.11,-0.062,-0.56,True,49.7,0.89,48.8,False,7.02,4.99,27.0,-1.8,D 趨勢弱,False,3:44,112.2,跌,12.0,2,False,,-0.0519,-0.0287,-0.2722,False,True,-5.1,-0.73,11.27,-6.62,-0.94,146.0,,OHLC,—,HH/HL,DT,True,273,2,universe
MDB,2026-10-01,351.73,27.16,False,371.21,-1.616,-1.26,True,47.5,1.35,46.1,False,7.72,4.87,29.5,0.1,D 趨勢弱,False,4:31,135.4,跌,25.0,4,False,,-6.1048,-5.9938,-11.9742,False,True,-5.54,-0.72,373.87,-6.29,-0.82,1121.8,,OHLC,↓,LH/LL,自然反彈,False,273,2,universe
ALMU,2026-10-01,12.58,0.93,False,13.12,-0.081,-0.53,True,47.3,1.25,46.0,False,7.37,5.29,14.0,4.7,D 趨勢弱,False,2:49,84.6,升,129.0,16,False,,0.0741,0.0866,,False,True,-4.33,-0.59,12.54,0.32,0.04,8.2,,OHLC,—,HH/HL,DT,False,273,2,universe
CLSK,2026-10-01,12.52,0.89,True,13.04,0.048,0.28,False,46.7,-0.71,47.4,False,7.08,5.74,30.8,-13.3,D 趨勢弱,False,4:47,143.3,跌,30.0,3,False,,-0.1396,-0.0732,-0.2287,False,True,-4.19,-0.59,12.8,-2.24,-0.32,238.3,,OHLC,—,HH/HL,DT,False,273,2,universe
NABL,2026-10-01,4.34,0.24,True,3.93,0.022,0.39,True,46.6,0.88,45.7,False,5.63,7.22,16.4,-10.6,D 趨勢弱,False,2:49,84.6,升,200.0,25,False,,0.033,0.0209,,False,False,9.38,1.67,4.1,5.53,0.98,12.8,,OHLC,↑,HH/HL,UT,False,273,2,universe
FEIM,2026-10-01,85.97,5.0,True,77.48,0.394,0.32,True,45.7,0.46,45.3,False,5.82,7.25,63.0,1.0,E 延伸,False,3:25,102.4,跌,7.0,1,False,,-0.0124,0.0868,-2.008,False,False,9.88,1.7,88.43,-2.86,-0.49,33.0,,OHLC,—,LH/LL,次級反彈,True,273,2,universe
LPTH,2026-10-01,10.85,0.74,False,10.53,-0.078,-0.92,True,44.0,0.69,43.3,False,6.79,6.78,20.3,-10.4,D 趨勢弱,False,2:49,84.6,升,131.0,9,False,,0.193,0.1465,,False,True,2.97,0.44,9.81,9.59,1.41,28.9,,OHLC,—,HH/HL,UT,True,273,2,universe
NRGV,2026-10-01,3.89,0.3,True,4.07,0.008,0.18,False,42.9,-0.23,43.1,False,7.8,6.1,21.0,-1.2,E 延伸,False,5:11,155.5,跌,36.0,4,False,,-0.075,-0.0616,-0.075,False,True,-4.68,-0.6,4.3,-10.54,-1.35,18.0,,OHLC,—,HH/HL,DT,False,273,2,universe
BAND,2026-10-01,62.44,4.38,True,52.87,0.253,0.32,True,42.1,0.54,41.5,False,7.02,7.12,52.8,1.3,E 延伸,False,2:49,84.6,升,135.0,17,False,,1.0925,1.2071,,False,False,15.33,2.18,60.71,2.77,0.39,52.8,,OHLC,↑,HH/HL,UT,False,273,2,universe
BE,2026-10-01,277.58,20.99,True,255.66,1.645,0.42,True,41.8,0.75,41.1,False,7.56,6.65,53.2,0.1,E 延伸,False,3:23,101.4,跌,6.0,1,False,,-0.3056,0.145,-0.345,False,False,7.9,1.04,270.89,2.41,0.32,4831.0,,OHLC,—,HH/HL,自然回檔,True,273,2,universe
MXL,2026-10-01,92.12,6.42,True,74.83,0.681,0.42,True,41.1,0.76,40.3,False,6.97,7.49,50.0,0.0,E 延伸,False,2:49,84.6,升,162.0,18,False,,1.7712,2.0482,,False,False,18.76,2.69,90.0,2.3,0.33,233.7,,OHLC,↑,HH/HL,次級反彈,False,273,2,universe
GLOO,2026-10-01,4.27,0.38,False,4.51,-0.004,0.08,True,39.5,0.17,39.3,False,8.87,6.1,15.0,0.0,E 延伸,False,3:29,104.4,跌,8.0,1,False,,-0.0082,0.0241,-0.0143,False,True,-5.62,-0.63,5.58,-30.68,-3.46,6.6,,OHLC,—,LH/LL,自然回檔,False,218,2,universe
BNC,2026-10-01,5.98,0.47,True,5.16,0.01,0.09,True,37.4,1.35,36.0,False,7.81,7.88,50.0,5.0,E 延伸,False,3:59,119.6,跌,16.0,2,False,,-0.0449,-0.027,-0.0612,False,False,13.71,1.76,6.11,-2.17,-0.28,29.6,,OHLC,—,HH/HL,自然反彈,False,255,2,universe
FCEL,2026-10-01,16.57,1.41,False,16.98,-0.199,-0.74,True,36.3,1.1,35.2,False,8.49,7.57,62.0,1.7,D 趨勢弱,False,2:49,84.6,升,119.0,11,False,,0.1373,0.1466,,False,True,-2.46,-0.29,15.75,4.95,0.58,100.0,,OHLC,—,HH/HL,自然回檔,True,273,2,universe
RXT,2026-10-01,3.86,0.31,True,3.49,0.006,-0.11,True,36.1,1.2,34.9,False,7.97,8.17,60.0,10.0,E 延伸,False,2:49,84.6,升,114.0,19,False,,0.0409,0.0521,,False,False,9.51,1.19,3.8,1.55,0.2,25.2,,OHLC,—,HH/HL,次級反彈,True,273,2,universe
CIFR,2026-10-01,15.46,1.43,False,16.82,-0.006,-0.03,True,33.9,0.14,33.8,False,9.22,7.76,25.9,-9.1,D 趨勢弱,False,4:39,139.7,跌,28.0,2,False,,-0.1285,-0.0394,-0.5013,False,True,-8.77,-0.95,16.62,-7.5,-0.81,608.9,,OHLC,—,HH/HL,DT,False,273,2,universe
IGR,2026-10-01,11.56,0.36,True,8.78,0.195,2.97,True,33.4,0.11,33.3,False,3.09,14.09,66.7,-0.9,E 延伸,False,5:51,175.7,跌,48.0,5,False,,-0.2776,-0.2354,-0.2776,False,False,24.06,7.79,5.02,56.57,18.31,4.6,單日 +199%（09-08）且量未放大，疑似未調整分割/重組,OHLC,—,HH/HL,次級回檔,True,273,2,universe
NUAI,2026-10-01,6.37,0.61,True,6.18,0.037,0.42,False,32.8,-0.93,33.7,False,9.53,7.93,52.0,-3.0,E 延伸,False,3:37,108.5,跌,10.0,1,False,,-0.0085,0.0399,-0.059,False,True,2.95,0.31,7.33,-15.07,-1.58,57.1,,OHLC,—,LH/LL,自然回檔,False,273,2,universe
CHGA,2026-10-01,2.47,0.4,False,2.76,-0.004,-1.23,True,21.4,1.04,20.3,False,16.39,7.39,18.8,18.8,D 趨勢弱,False,2:49,84.6,升,106.0,11,False,,0.1159,0.0959,,False,True,-11.71,-0.71,1.8,27.33,1.67,4.1,,OHLC,↑,HH/HL,UT,False,255,2,universe
NXL,2026-10-01,7.55,1.07,True,8.42,2.699,2.21,False,20.8,-3.42,24.3,False,14.16,10.03,9.0,9.0,D 趨勢弱,False,1:10,35.1,升,69.0,11,False,,0.3712,0.1552,,False,True,-11.54,-0.82,4.85,35.76,2.53,23.3,,OHLC,—,HH/HL,自然反彈,False,255,2,universe
CYPH,2026-10-01,2.92,0.46,True,2.74,0.043,0.5,False,19.0,-2.43,21.4,False,15.89,9.81,50.0,-3.5,E 延伸,False,3:46,113.2,跌,13.0,2,False,,-0.0728,-0.0224,-0.0728,False,True,6.21,0.39,3.61,-23.63,-1.49,61.5,,OHLC,—,HH/HL,DT,False,273,2,universe
CAPR,2026-10-01,8.94,0.89,True,8.74,0.057,1.15,False,17.8,-0.37,18.2,False,9.96,16.8,31.7,-6.6,D 趨勢弱,False,2:49,84.6,升,457.0,36,False,,0.0853,0.0911,,False,True,2.27,0.23,9.47,-5.93,-0.59,33.1,,OHLC,↓,LH/LL,次級回檔,False,273,2,universe
GLND,2026-10-01,4.4,0.71,True,3.92,0.014,0.85,False,12.7,-1.82,14.5,False,16.19,16.93,15.0,0.0,E 延伸,False,2:49,84.6,升,226.0,26,False,,0.3145,0.3987,,False,True,10.84,0.67,4.49,-2.05,-0.13,139.1,,OHLC,↑,HH/HL,自然回檔,False,134,2,universe
INDP,2026-10-01,2.12,0.49,True,2.13,0.02,0.2,False,11.2,-0.69,11.9,False,23.15,12.48,29.9,-10.3,E 延伸,False,4:40,140.2,跌,28.0,3,False,,-0.1684,-0.1026,-0.1684,False,True,-0.58,-0.02,3.21,-51.42,-2.22,4.2,,OHLC,—,HH/HL,DT,False,255,2,universe
DBGI,2026-10-01,5.11,1.33,False,5.71,-0.028,-0.09,True,8.9,0.77,8.1,False,25.95,14.84,25.5,10.5,D 趨勢弱,False,12:35,17.5,升,60.0,16,False,,0.4922,0.4891,,False,True,-11.75,-0.45,3.77,26.22,1.01,13.2,,OHLC,—,LH/LL,次級反彈,True,273,2,universe
TNON,2026-10-01,4.04,1.04,False,5.54,-0.966,-1.3,True,7.7,0.2,7.5,False,25.69,18.56,19.4,-0.9,D 趨勢弱,True,9:56,298.2,升,16.0,2,False,,0.1086,0.0496,,False,False,-37.18,-1.45,3.13,22.52,0.88,84.6,,OHLC,—,LH/LL,自然反彈,True,273,2,universe
OLN,2026-10-01,15.96,0.63,False,17.02,-0.139,-0.84,False,72.6,-0.57,73.2,False,3.94,3.19,8.2,-5.9,D 趨勢弱,False,4:20,130.0,跌,22.0,3,True,0.0,-0.0288,-0.0555,-0.3531,True,False,-6.65,-1.69,17.19,-7.71,-1.96,45.7,,OHLC,↓,LH/LL,自然反彈,False,273,1,universe
HUN,2026-10-01,8.67,0.34,False,9.26,-0.071,-0.8,False,69.7,-0.39,70.1,False,3.95,3.74,17.3,4.6,D 趨勢弱,False,5:19,159.4,跌,39.0,4,True,0.0,-0.0149,-0.033,-0.1781,True,False,-6.85,-1.73,9.1,-4.96,-1.25,23.2,,OHLC,↓,LH/LL,自然反彈,False,273,1,universe
LGIH,2026-10-01,47.71,2.36,False,51.9,-0.476,-0.71,False,67.6,-0.38,68.0,False,4.94,3.15,18.8,5.2,D 趨勢弱,False,3:31,105.3,跌,8.0,2,True,0.0,-0.0505,-0.0836,-0.8041,True,False,-8.78,-1.78,50.94,-6.77,-1.37,15.0,,OHLC,↓,LH/LL,自然反彈,False,273,1,universe
BBAI,2026-10-01,2.74,0.13,False,2.93,-0.018,-0.6,False,66.0,-0.56,66.6,False,4.93,3.48,17.9,7.9,D 趨勢弱,False,4:40,139.9,跌,28.0,4,True,0.0,-0.0067,-0.0126,-0.0258,True,False,-6.76,-1.37,2.88,-5.11,-1.04,41.1,,OHLC,—,LH/LL,自然反彈,True,273,1,universe
PPC,2026-10-01,25.2,1.08,False,29.76,-0.361,-0.36,False,74.4,-3.39,77.8,False,4.28,2.52,0.0,-1.1,D 趨勢弱,True,8:49,264.6,跌,117.0,19,False,1.0,-0.4243,-0.3293,-0.4243,False,False,-18.11,-4.24,27.55,-9.33,-2.18,41.9,,OHLC,↓,LH/LL,DT,False,273,1,universe
BCRX,2026-10-01,8.12,0.34,False,8.78,-0.051,-0.73,False,72.9,-0.45,73.4,False,4.23,2.84,10.7,-1.2,D 趨勢弱,True,8:49,264.6,跌,150.0,18,False,1.0,-0.0181,-0.0084,-0.2119,False,False,-8.17,-1.93,8.78,-8.13,-1.92,48.8,,OHLC,↓,LH/LL,DT,False,273,1,universe
BLTE,2026-10-01,162.98,6.8,False,172.51,-0.078,0.08,False,72.0,-1.1,73.1,False,4.17,3.07,56.5,-8.4,C 基底修復,True,8:20,250.0,跌,89.0,12,False,1.0,-1.3318,-1.0822,-1.8683,False,False,-5.85,-1.4,168.55,-3.42,-0.82,37.6,,OHLC,↓,LH/LL,DT,False,273,1,universe
UA,2026-10-01,4.53,0.2,False,4.77,-0.032,-0.87,False,71.9,-0.33,72.3,False,4.34,2.93,9.4,6.1,D 趨勢弱,True,9:22,280.9,升,6.0,1,False,1.0,0.0038,-0.0169,,False,False,-5.2,-1.2,4.99,-10.15,-2.34,12.4,,OHLC,↓,LH/LL,自然反彈,False,273,1,universe
UAA,2026-10-01,4.64,0.21,False,4.87,-0.031,-0.8,False,70.3,-0.07,70.3,False,4.61,2.97,9.3,5.8,D 趨勢弱,True,9:23,281.3,升,6.0,1,False,1.0,0.0044,-0.0193,,False,False,-4.97,-1.08,5.11,-10.13,-2.2,47.8,,OHLC,↓,LH/LL,自然反彈,False,273,1,universe
VRDN,2026-10-01,18.99,0.95,False,22.01,-0.291,-0.64,False,68.6,-4.16,72.8,False,4.98,2.91,5.0,-5.0,D 趨勢弱,True,8:49,264.6,跌,211.0,25,False,1.0,-0.3,-0.2399,-0.3759,False,False,-15.92,-3.19,20.59,-8.43,-1.69,38.8,,OHLC,↓,LH/LL,DT,False,273,1,universe
ARXS,2026-10-01,47.52,2.39,False,51.06,-0.309,-0.63,False,65.6,-0.98,66.6,False,5.04,3.45,15.1,-4.7,C 基底修復,True,8:49,264.6,跌,465.0,31,False,1.0,-0.3186,-0.2304,-0.9813,False,False,-7.44,-1.48,52.02,-9.47,-1.88,58.4,,OHLC,↓,LH/LL,DT,False,117,1,universe
ANAB,2026-10-01,48.63,2.41,False,54.49,-0.253,-0.57,False,64.7,-0.77,65.4,False,4.95,3.73,28.7,-11.6,D 趨勢弱,True,8:49,264.6,跌,236.0,23,False,1.0,-0.4776,-0.4214,-0.4776,False,False,-12.05,-2.43,55.2,-13.51,-2.73,31.6,,OHLC,↓,LH/LL,DT,False,273,1,universe
UNCY,2026-10-01,4.55,0.24,False,5.02,-0.038,-0.74,False,64.7,-0.7,65.4,False,5.33,3.34,5.5,-1.1,D 趨勢弱,True,8:49,264.6,跌,113.0,13,False,1.0,-0.0188,-0.0173,-0.0449,False,False,-10.32,-1.94,4.7,-3.19,-0.6,4.4,,OHLC,↓,LH/LL,自然回檔,False,273,1,universe
EVC,2026-10-01,7.38,0.37,False,7.99,-0.046,-0.81,False,62.7,-0.06,62.8,False,5.07,4.0,56.9,-0.1,D 趨勢弱,False,4:48,143.8,跌,30.0,4,True,1.0,-0.0077,-0.0147,-0.3327,True,False,-8.3,-1.64,8.1,-9.76,-1.93,9.2,,OHLC,↓,LH/LL,DT,False,273,1,universe
MLYS,2026-10-01,23.72,1.49,False,27.42,-0.127,-0.27,False,60.4,-2.45,62.8,False,6.29,3.27,7.8,-5.1,D 趨勢弱,True,7:48,234.0,跌,80.0,7,False,1.0,-0.5336,-0.4719,-0.5336,False,False,-15.6,-2.48,,,,42.4,,OHLC,—,HH/HL,DT,False,273,1,universe
RUN,2026-10-01,7.64,0.46,False,8.57,-0.083,-0.76,False,59.6,-0.56,60.1,False,5.96,3.77,6.3,0.6,D 趨勢弱,True,6:26,192.9,跌,57.0,4,False,1.0,-0.0301,-0.0279,-0.0301,False,False,-12.2,-2.05,8.11,-6.15,-1.03,63.4,,OHLC,↓,LH/LL,DT,False,273,1,universe
CELC,2026-10-01,75.13,4.41,False,86.04,-0.531,-0.54,False,58.6,-1.52,60.2,False,5.87,4.06,10.2,-4.4,D 趨勢弱,True,8:49,264.6,跌,166.0,16,False,1.0,-0.5539,-0.4306,-1.1437,False,False,-14.52,-2.47,79.52,-5.84,-1.0,80.8,,OHLC,↓,LH/LL,DT,False,273,1,universe
NN,2026-10-01,13.76,0.95,False,15.17,-0.156,-0.83,False,52.6,-0.98,53.6,False,6.9,4.39,5.4,-10.2,D 趨勢弱,True,8:49,264.6,跌,172.0,27,False,1.0,-0.0735,-0.0567,-0.3006,False,False,-10.28,-1.49,13.93,-1.24,-0.18,35.5,,OHLC,—,HH/HL,DT,True,273,1,universe
ANGX,2026-10-01,4.23,0.31,False,4.91,-0.019,0.08,False,49.7,-4.43,54.1,False,7.42,4.6,40.7,-3.4,D 趨勢弱,True,7:12,216.0,跌,70.0,7,False,1.0,-0.1143,-0.0898,-0.1143,False,False,-16.12,-2.17,,,,11.0,,OHLC,—,HH/HL,DT,False,266,1,universe
RPD,2026-10-01,12.06,0.88,False,12.01,-0.002,-0.15,False,44.9,-0.12,45.0,False,7.3,6.0,64.6,8.8,D 趨勢弱,False,4:26,132.8,跌,24.0,4,False,1.0,-0.0475,-0.0447,-0.3274,False,True,0.44,0.06,12.79,-6.05,-0.83,22.9,,OHLC,—,LH/LL,次級反彈,True,273,1,universe
CRBP,2026-10-01,6.34,0.59,False,8.49,-0.064,-0.55,False,43.9,-2.5,46.4,False,9.24,4.35,15.0,0.0,D 趨勢弱,True,8:49,264.6,跌,145.0,18,False,1.0,-0.1161,-0.1134,-0.4871,False,False,-33.87,-3.67,6.82,-7.57,-0.82,10.7,,OHLC,↓,LH/LL,DT,False,273,1,universe
SPTX,2026-10-01,18.95,1.95,False,22.28,-0.219,-0.41,False,40.5,-1.29,41.8,False,10.31,4.32,0.0,-5.2,D 趨勢弱,True,8:49,264.6,跌,363.0,23,False,1.0,-0.3769,-0.3667,-0.4403,False,False,-17.57,-1.7,20.17,-6.44,-0.62,6.6,,OHLC,—,LH/LL,自然回檔,True,106,1,universe
SOC,2026-10-01,3.29,0.34,False,4.49,-0.043,-0.33,False,36.0,-0.72,36.7,False,10.46,5.72,0.0,0.0,D 趨勢弱,True,8:05,242.3,跌,85.0,11,False,1.0,-0.1244,-0.1224,-0.1244,False,False,-36.53,-3.49,,,,34.7,,OHLC,—,HH/HL,DT,False,273,1,universe
CPK,2026-10-01,124.33,2.95,False,131.2,-0.434,-0.46,False,90.6,-0.96,91.5,True,2.38,1.24,22.6,-4.3,D 趨勢弱,False,5:42,170.9,跌,45.0,7,False,2.0,-0.4142,-0.2022,-0.6678,False,False,-5.52,-2.33,125.0,-0.54,-0.23,24.9,,OHLC,↓,LH/LL,DT,False,273,1,universe
ARI,2026-10-01,6.28,0.12,False,6.56,-0.035,-1.25,False,72.3,-0.25,72.6,False,1.87,5.32,7.2,2.5,D 趨勢弱,True,9:20,279.9,升,6.0,1,False,2.0,0.0059,-0.003,,False,False,-4.53,-2.43,6.81,-8.44,-4.52,17.4,,OHLC,↓,LH/LL,DT,False,273,1,universe
ASIX,2026-10-01,15.98,0.61,False,16.53,-0.051,-0.27,False,72.3,-0.1,72.4,False,3.79,3.4,10.3,0.6,D 趨勢弱,False,10:14,306.9,升,21.0,2,False,2.0,0.0122,0.0008,,False,True,-3.45,-0.91,16.72,-4.63,-1.22,4.8,,OHLC,↓,LH/LL,DT,False,273,1,universe
CARS,2026-10-01,10.0,0.48,False,11.26,-0.13,-0.7,False,70.3,-2.44,72.8,False,4.78,2.78,15.5,-3.2,D 趨勢弱,True,8:49,264.6,跌,268.0,44,False,2.0,-0.1108,-0.0999,-0.1178,False,False,-12.64,-2.64,10.9,-9.0,-1.88,7.1,,OHLC,↓,LH/LL,DT,False,273,1,universe
TMDX,2026-10-01,78.64,4.1,False,86.64,-0.488,-0.26,False,67.6,-3.12,70.7,False,5.22,2.89,20.6,-7.7,D 趨勢弱,True,8:49,264.6,跌,211.0,24,False,2.0,-0.8355,-0.5551,-1.4641,False,False,-10.18,-1.95,89.8,-14.19,-2.72,61.1,,OHLC,↓,LH/LL,DT,False,273,1,universe
WDAY,2026-10-01,186.75,8.0,False,194.83,-0.227,-0.23,False,67.0,-1.23,68.3,False,4.28,3.93,58.7,-3.6,C 基底修復,True,8:49,264.6,跌,217.0,27,False,2.0,-1.256,-1.1681,-3.4876,False,False,-4.33,-1.01,187.76,-0.54,-0.13,489.5,,OHLC,—,HH/HL,自然回檔,True,273,1,universe
OVID,2026-10-01,2.43,0.13,False,2.7,-0.018,-0.42,False,64.4,-0.34,64.8,False,5.53,3.2,38.5,-5.5,D 趨勢弱,True,8:49,264.6,跌,182.0,23,False,2.0,-0.0286,-0.0283,-0.0379,False,False,-10.97,-1.98,2.8,-15.02,-2.72,4.6,,OHLC,—,LH/LL,自然回檔,False,273,1,universe
OLMA,2026-10-01,8.27,0.53,False,9.86,-0.111,-0.74,False,59.6,-1.16,60.8,False,6.36,3.36,0.0,0.0,D 趨勢弱,True,8:49,264.6,跌,158.0,14,False,2.0,-0.1144,-0.1126,-0.133,False,False,-19.19,-3.02,9.04,-9.31,-1.46,12.3,,OHLC,↓,LH/LL,DT,False,273,1,universe
FMC,2026-10-01,8.56,0.55,False,10.72,-0.167,-0.66,False,55.6,-0.83,56.4,False,6.46,4.15,0.0,0.0,D 趨勢弱,True,8:49,264.6,跌,127.0,14,False,2.0,-0.2442,-0.2413,-0.2537,False,False,-25.27,-3.91,10.57,-23.48,-3.63,41.9,,OHLC,↓,LH/LL,DT,False,273,1,universe
SPRB,2026-10-01,44.77,3.19,False,55.14,-0.183,-0.15,False,54.3,-4.11,58.4,False,7.13,3.76,15.0,0.0,D 趨勢弱,True,8:49,264.6,跌,127.0,19,False,2.0,-1.0214,-0.9412,-1.1604,False,False,-23.15,-3.25,48.58,-8.51,-1.19,5.4,,OHLC,↓,LH/LL,DT,False,273,1,universe
SSTK,2026-10-01,4.12,0.31,False,5.02,-0.043,-0.76,False,46.9,-1.53,48.5,False,7.59,5.15,10.0,0.0,D 趨勢弱,False,5:10,154.8,跌,36.0,9,True,2.0,-0.0036,-0.0151,-0.0385,True,False,-21.74,-2.86,4.22,-2.43,-0.32,4.4,,OHLC,↓,LH/LL,自然回檔,False,273,1,universe
TYRA,2026-10-01,21.01,1.7,False,23.81,-0.092,-0.26,False,43.9,-0.79,44.7,False,8.1,5.5,10.0,-3.8,D 趨勢弱,True,6:12,186.0,跌,53.0,6,False,2.0,-0.2259,-0.1992,-0.722,False,False,-13.33,-1.64,21.0,0.05,0.01,35.4,,OHLC,—,HH/HL,DT,False,273,1,universe
PYXS,2026-10-01,2.19,0.29,False,3.04,-0.074,-1.18,False,25.5,-0.29,25.8,False,13.1,7.93,29.8,-0.8,D 趨勢弱,True,8:49,264.6,跌,120.0,16,False,2.0,-0.131,-0.1087,-0.131,False,False,-38.7,-2.95,,,,4.2,,OHLC,—,HH/HL,DT,False,273,1,universe
CTVA,2026-10-01,12.57,6.79,False,55.94,-26.969,-3.96,False,2.8,-80.34,83.2,False,54.05,23.4,5.0,-24.7,D 趨勢弱,True,8:49,264.6,跌,142.0,14,False,2.0,-4.6929,-0.6066,-4.6929,False,False,-345.02,-6.38,78.67,-525.86,-9.73,410.9,,OHLC,↓,LH/LL,DT,False,273,1,universe
OHI,2026-10-01,45.23,0.81,False,46.72,-0.037,-0.04,False,93.1,-0.53,93.7,True,1.78,1.23,25.3,-4.5,D 趨勢弱,False,4:08,123.9,跌,19.0,2,False,3.0,-0.0766,-0.0048,-0.6424,False,False,-3.3,-1.85,48.0,-6.12,-3.44,97.1,,OHLC,↓,LH/LL,DT,False,273,1,universe
EW,2026-10-01,85.19,2.11,False,88.1,-0.228,-0.43,False,89.0,-0.26,89.2,True,2.48,1.48,34.5,-2.8,C 基底修復,False,3:43,111.5,跌,12.0,2,False,3.0,-0.1099,-0.0196,-0.7388,False,False,-3.41,-1.38,88.19,-3.52,-1.42,302.2,,OHLC,—,LH/LL,自然回檔,True,273,1,universe
DCTH,2026-10-01,15.41,0.48,False,16.28,-0.06,-0.48,False,74.8,-1.02,75.8,False,3.13,3.59,61.6,-15.3,C 基底修復,True,8:49,264.6,跌,267.0,26,False,3.0,-0.1189,-0.0986,-0.2429,False,False,-5.65,-1.8,15.97,-3.63,-1.16,5.6,,OHLC,—,LH/LL,DT,True,273,1,universe
TVTX,2026-10-01,56.85,2.49,False,63.5,-0.383,-0.29,False,74.0,-1.59,75.6,False,4.37,2.49,47.0,-4.1,D 趨勢弱,True,8:49,264.6,跌,298.0,22,False,3.0,-0.7723,-0.6795,-0.9391,False,False,-11.7,-2.67,61.57,-8.3,-1.9,101.2,,OHLC,↓,LH/LL,DT,False,273,1,universe
AORT,2026-10-01,21.93,0.97,False,25.21,-0.219,-0.96,False,73.6,-1.45,75.0,False,4.44,2.51,0.0,0.0,D 趨勢弱,True,8:49,264.6,跌,209.0,30,False,3.0,-0.1543,-0.1319,-0.376,False,False,-14.95,-3.37,24.13,-10.03,-2.26,15.1,,OHLC,↓,LH/LL,DT,False,273,1,universe
ABR,2026-10-01,3.71,0.18,False,4.55,-0.07,-1.41,False,72.2,-1.75,73.9,False,4.9,2.32,0.0,0.0,D 趨勢弱,True,8:49,264.6,跌,200.0,17,False,3.0,-0.0602,-0.0555,-0.0725,False,False,-22.53,-4.6,4.39,-18.33,-3.74,22.7,,OHLC,↓,LH/LL,DT,False,273,1,universe
SFM,2026-10-01,64.48,2.91,False,73.18,-0.594,-1.14,False,71.5,-0.33,71.9,False,4.51,2.83,0.0,0.0,D 趨勢弱,True,8:49,264.6,跌,196.0,24,False,3.0,-0.2969,-0.4236,-1.1525,True,False,-13.49,-2.99,66.35,-2.9,-0.64,148.6,,OHLC,↓,LH/LL,自然回檔,False,273,1,universe
SVRA,2026-10-01,5.04,0.23,False,5.29,-0.014,-0.39,False,71.4,-0.28,71.7,False,4.6,2.77,18.4,-2.0,C 基底修復,True,8:42,260.8,跌,95.0,7,False,3.0,-0.0139,-0.0142,-0.0301,True,False,-4.79,-1.04,5.16,-2.28,-0.5,10.5,,OHLC,↓,LH/LL,自然回檔,False,273,1,universe
HY,2026-10-01,30.42,1.37,False,32.87,-0.271,-0.64,False,69.2,-2.35,71.6,False,4.49,3.29,7.8,-1.8,D 趨勢弱,True,8:49,264.6,跌,164.0,15,False,3.0,-0.2308,-0.1874,-0.2988,False,False,-8.06,-1.79,32.0,-5.19,-1.16,4.4,,OHLC,↓,LH/LL,DT,False,273,1,universe
PRGS,2026-10-01,36.58,1.96,False,41.75,-0.496,-0.56,False,67.1,-6.76,73.9,False,5.36,2.83,21.0,-16.6,D 趨勢弱,True,8:49,264.6,跌,440.0,33,False,3.0,-0.4033,-0.2501,-0.7326,False,False,-14.12,-2.64,41.03,-12.17,-2.27,24.1,,OHLC,↓,LH/LL,DT,False,273,1,universe
PSKY,2026-10-01,9.34,0.54,False,10.38,-0.059,-0.15,False,64.7,-6.16,70.9,False,5.81,2.86,3.7,-23.9,D 趨勢弱,True,8:49,264.6,跌,135.0,17,False,3.0,-0.1206,-0.0788,-0.1494,False,False,-11.16,-1.92,11.28,-20.77,-3.58,261.5,,OHLC,—,LH/LL,自然回檔,False,273,1,universe
MGTX,2026-10-01,10.66,0.63,False,12.82,-0.154,-0.9,False,64.2,-0.84,65.1,False,5.94,2.83,26.4,-2.3,D 趨勢弱,True,8:49,264.6,跌,164.0,23,False,3.0,-0.2206,-0.2286,-0.2816,True,False,-20.27,-3.41,11.13,-4.41,-0.74,11.9,,OHLC,↓,LH/LL,DT,False,273,1,universe
ZVRA,2026-10-01,10.18,0.45,False,11.76,-0.061,-0.25,False,62.8,-3.24,66.0,False,4.45,4.61,17.3,-26.1,D 趨勢弱,True,8:49,264.6,跌,170.0,13,False,3.0,-0.144,-0.0942,-0.144,False,False,-15.49,-3.48,11.34,-11.39,-2.56,11.0,,OHLC,↓,LH/LL,DT,False,273,1,universe
LBRX,2026-10-01,37.28,2.03,False,43.39,-0.267,-1.06,False,62.4,-0.3,62.7,False,5.46,3.69,40.2,-1.3,D 趨勢弱,True,8:49,264.6,跌,327.0,29,False,3.0,-0.7237,-0.8149,-1.1247,True,False,-16.39,-3.0,38.38,-2.95,-0.54,14.1,,OHLC,↓,LH/LL,自然回檔,False,266,1,universe
NMAX,2026-10-01,9.87,0.58,False,10.78,-0.039,0.05,False,60.4,-5.43,65.8,False,5.89,3.67,40.4,-18.9,C 基底修復,True,8:49,264.6,跌,159.0,22,False,3.0,-0.1248,-0.0638,-0.1503,False,False,-9.25,-1.57,11.0,-11.45,-1.95,13.1,,OHLC,↓,LH/LL,DT,False,273,1,universe
MBX,2026-10-01,56.55,3.38,False,61.37,-0.348,-0.53,False,59.7,-1.52,61.2,False,5.98,3.73,50.8,-4.1,C 基底修復,True,8:49,264.6,跌,255.0,56,False,3.0,-0.3127,-0.3248,-1.2497,True,False,-8.52,-1.42,58.62,-3.66,-0.61,31.9,,OHLC,↓,LH/LL,自然回檔,False,273,1,universe
CRVS,2026-10-01,10.93,0.73,False,12.99,-0.143,-0.71,False,58.7,-2.04,60.7,False,6.71,3.22,9.8,-1.0,D 趨勢弱,True,8:49,264.6,跌,157.0,28,False,3.0,-0.1392,-0.1131,-0.2163,False,False,-18.84,-2.81,11.87,-8.6,-1.28,15.6,,OHLC,↓,LH/LL,DT,False,273,1,universe
AKTS,2026-10-01,18.52,1.25,False,23.03,-0.131,-0.45,False,58.4,-2.48,60.9,False,6.73,3.25,1.7,-0.1,D 趨勢弱,True,8:49,264.6,跌,113.0,17,False,3.0,-0.3388,-0.3454,-0.5086,True,False,-24.34,-3.61,22.11,-19.38,-2.88,10.8,,OHLC,↓,LH/LL,DT,False,183,1,universe
CCCC,2026-10-01,3.14,0.21,False,3.56,-0.041,-0.99,False,57.9,-2.25,60.1,False,6.61,3.48,27.4,-7.6,D 趨勢弱,True,8:49,264.6,跌,183.0,24,False,3.0,-0.002,-0.0061,-0.075,True,False,-13.42,-2.03,3.33,-6.05,-0.92,6.8,,OHLC,↓,LH/LL,自然回檔,False,273,1,universe
PRCT,2026-10-01,17.02,1.1,False,19.69,-0.138,-0.76,False,57.5,-3.3,60.8,False,6.46,3.73,0.0,-0.9,D 趨勢弱,True,8:49,264.6,跌,209.0,17,False,3.0,-0.1793,-0.1668,-0.3597,False,False,-15.71,-2.43,18.22,-7.05,-1.09,27.3,,OHLC,↓,LH/LL,DT,False,273,1,universe
SRPT,2026-10-01,17.57,1.14,False,20.4,-0.036,-0.02,False,56.3,-0.32,56.6,False,6.5,3.94,10.0,-1.6,D 趨勢弱,True,8:49,264.6,跌,108.0,15,False,3.0,-0.3934,-0.3724,-0.4128,False,False,-16.12,-2.48,18.8,-7.0,-1.08,57.9,,OHLC,↓,LH/LL,DT,False,273,1,universe
ANNX,2026-10-01,4.12,0.26,False,4.37,-0.05,-0.93,False,56.0,-0.32,56.3,False,6.38,4.13,8.5,-0.7,D 趨勢弱,False,10:28,314.1,升,24.0,3,False,3.0,0.0475,0.0392,,False,True,-6.01,-0.94,4.23,-2.67,-0.42,14.3,,OHLC,↓,LH/LL,自然回檔,False,273,1,universe
PRPO,2026-10-01,22.73,1.51,False,27.28,-0.003,0.28,False,55.8,-1.14,57.0,False,6.64,3.91,22.8,-0.6,D 趨勢弱,True,8:49,264.6,跌,198.0,21,False,3.0,-0.4415,-0.4278,-0.4894,False,False,-20.01,-3.01,27.04,-18.94,-2.85,3.6,,OHLC,↓,LH/LL,DT,False,273,1,universe
KYTX,2026-10-01,6.52,0.44,False,7.54,-0.069,-0.68,False,54.9,-1.06,55.9,False,6.68,4.09,0.9,-0.6,D 趨勢弱,True,8:49,264.6,跌,174.0,20,False,3.0,-0.0452,-0.037,-0.177,False,False,-15.69,-2.35,7.51,-15.18,-2.27,6.7,,OHLC,↓,LH/LL,DT,False,273,1,universe
CADL,2026-10-01,10.16,0.74,False,11.81,-0.131,-0.24,False,52.4,-0.33,52.7,False,7.26,4.1,39.9,0.0,D 趨勢弱,True,8:49,264.6,跌,207.0,21,False,3.0,-0.1445,-0.1176,-0.3942,False,False,-16.26,-2.24,11.85,-16.63,-2.29,13.6,,OHLC,↓,LH/LL,DT,False,273,1,universe
JBIO,2026-10-01,13.77,1.1,False,18.01,-0.312,-1.35,False,51.5,-0.4,51.9,False,7.95,3.63,16.0,-0.3,D 趨勢弱,True,8:49,264.6,跌,258.0,29,False,3.0,-0.2328,-0.2693,-0.4442,True,False,-30.78,-3.87,17.14,-24.47,-3.08,18.1,,OHLC,↓,LH/LL,DT,False,273,1,universe
NVCT,2026-10-01,20.72,1.53,False,22.84,-0.037,0.01,False,51.0,-0.31,51.3,False,7.4,4.28,44.9,-3.1,D 趨勢弱,True,8:49,264.6,跌,147.0,18,False,3.0,-0.2644,-0.294,-0.4313,True,False,-10.23,-1.38,21.63,-4.39,-0.59,4.6,,OHLC,—,LH/LL,自然反彈,True,273,1,universe
TECX,2026-10-01,22.67,1.72,False,28.9,-0.517,-1.69,False,50.0,-0.17,50.2,False,7.57,4.37,14.4,-0.2,D 趨勢弱,True,8:49,264.6,跌,214.0,23,False,3.0,-0.3565,-0.3989,-0.8163,True,False,-27.48,-3.63,37.71,-66.34,-8.76,6.2,,OHLC,↓,LH/LL,DT,False,273,1,universe
BHVN,2026-10-01,13.14,0.95,False,14.39,-0.011,-0.09,True,49.4,0.71,48.7,False,7.22,4.87,37.3,4.9,D 趨勢弱,False,5:09,154.6,跌,36.0,6,False,3.0,-0.0268,-0.0263,-0.4009,False,False,-9.5,-1.32,14.14,-7.61,-1.05,41.1,,OHLC,↓,LH/LL,自然反彈,False,273,1,universe
ARTV,2026-10-01,6.79,0.55,False,9.16,-0.168,-1.26,False,48.1,-0.85,49.0,False,8.16,4.27,20.1,-2.0,D 趨勢弱,True,8:49,264.6,跌,304.0,30,False,3.0,-0.171,-0.1978,-0.3583,True,False,-34.9,-4.28,6.75,0.59,0.07,4.2,,OHLC,—,HH/HL,DT,False,273,1,universe
LIFE,2026-10-01,32.57,2.69,False,36.85,-0.228,-0.07,False,46.7,-1.45,48.1,False,8.26,4.56,24.6,-25.8,C 基底修復,True,8:49,264.6,跌,135.0,23,False,3.0,-0.8927,-0.8945,-1.0392,True,False,-13.13,-1.59,35.31,-8.41,-1.02,63.7,,OHLC,↓,LH/LL,DT,False,170,1,universe
ACRS,2026-10-01,4.41,0.38,False,5.61,-0.089,-0.41,False,46.3,-11.56,57.8,False,8.71,4.21,21.3,-22.0,D 趨勢弱,True,8:49,264.6,跌,217.0,25,False,3.0,-0.078,-0.0286,-0.1199,False,False,-27.32,-3.14,5.64,-27.89,-3.2,16.0,,OHLC,↓,LH/LL,DT,False,273,1,universe
AMLX,2026-10-01,28.08,1.64,False,34.86,-0.474,0.26,False,45.3,-0.87,46.2,False,5.85,7.35,50.0,-10.8,D 趨勢弱,True,8:49,264.6,跌,159.0,22,False,3.0,-0.7882,-0.7781,-0.9837,False,False,-24.16,-4.13,33.94,-20.87,-3.57,46.1,,OHLC,↓,LH/LL,DT,False,273,1,universe
CLYM,2026-10-01,11.07,0.96,False,14.29,-0.139,-0.67,False,44.7,-0.36,45.0,False,8.65,4.73,40.0,0.0,D 趨勢弱,True,8:49,264.6,跌,215.0,25,False,3.0,-0.3154,-0.3277,-0.3623,True,False,-29.13,-3.37,14.21,-28.36,-3.28,24.1,,OHLC,↓,LH/LL,DT,False,273,1,universe
NKTR,2026-10-01,46.99,4.36,False,63.22,-2.771,-1.19,False,44.3,-20.29,64.6,False,9.27,4.2,10.0,-0.3,D 趨勢弱,True,8:49,264.6,跌,172.0,33,False,3.0,-1.3842,-0.7544,-1.4689,False,False,-34.54,-3.73,59.38,-26.37,-2.84,103.8,,OHLC,—,LH/LL,自然回檔,False,273,1,universe
VOYG,2026-10-01,29.91,2.51,False,33.35,-0.261,-0.68,True,42.1,0.72,41.4,False,8.38,5.76,21.0,-0.2,D 趨勢弱,False,5:38,168.8,跌,44.0,6,False,3.0,-0.5188,-0.4833,-1.0368,False,False,-11.5,-1.37,33.18,-10.93,-1.3,85.6,,OHLC,↓,LH/LL,DT,False,273,1,universe
EIKN,2026-10-01,7.41,0.74,False,9.58,-0.308,-0.8,False,38.5,-2.25,40.8,False,10.03,5.27,0.0,0.0,D 趨勢弱,True,8:49,264.6,跌,168.0,23,False,3.0,-0.1225,-0.115,-0.2977,False,False,-29.26,-2.92,8.98,-21.19,-2.11,6.1,,OHLC,↓,LH/LL,DT,False,165,1,universe
IRD,2026-10-01,4.51,0.44,False,5.48,-0.004,0.0,False,37.9,-2.01,39.9,False,9.74,5.77,50.0,-4.1,E 延伸,True,7:16,218.0,跌,71.0,8,False,3.0,-0.1262,-0.1058,-0.1262,False,False,-21.6,-2.22,5.05,-11.97,-1.23,28.8,,OHLC,—,LH/LL,自然回檔,False,273,1,universe
TRAX,2026-10-01,33.92,2.89,False,40.09,-0.359,-0.46,False,36.3,-0.66,37.0,False,8.51,7.55,5.0,0.0,D 趨勢弱,True,8:49,264.6,跌,325.0,39,False,3.0,-0.4233,-0.3712,-1.132,False,False,-18.18,-2.14,36.65,-8.05,-0.95,27.0,,OHLC,↓,LH/LL,DT,False,125,1,universe
WW,2026-10-01,13.72,1.56,False,16.0,-0.099,0.07,False,33.3,-4.64,37.9,False,11.4,5.85,5.0,-10.1,D 趨勢弱,True,8:35,257.4,跌,93.0,16,False,3.0,-0.1279,-0.0179,-0.2443,False,False,-16.65,-1.46,16.44,-19.83,-1.74,5.1,,OHLC,↓,LH/LL,DT,False,273,1,universe
FHTX,2026-10-01,2.92,0.38,False,3.83,-1.234,-3.96,False,31.2,-18.14,49.4,False,13.15,4.97,5.0,0.0,D 趨勢弱,True,8:49,264.6,跌,184.0,25,False,3.0,-0.0687,-0.0466,-0.2641,False,False,-31.26,-2.38,3.57,-22.26,-1.69,3.6,,OHLC,↓,LH/LL,DT,False,273,1,universe
LAMR,2026-10-01,143.34,2.6,False,148.05,-0.423,-0.7,False,93.2,-0.43,93.6,True,1.81,1.19,36.7,-2.3,C 基底修復,False,3:30,105.2,跌,8.0,1,False,4.0,-0.0252,0.0024,-1.0164,False,False,-3.28,-1.81,152.61,-6.47,-3.57,73.6,,OHLC,—,LH/LL,DT,True,273,1,universe
CM,2026-10-01,109.95,2.2,False,114.28,-0.318,-0.83,False,91.5,-0.05,91.6,True,2.0,1.4,47.7,0.1,C 基底修復,False,5:54,176.9,跌,48.0,7,False,4.0,-0.3176,-0.2681,-0.8661,False,False,-3.94,-1.97,116.26,-5.74,-2.87,177.1,,OHLC,↓,LH/LL,DT,False,273,1,universe
NXST,2026-10-01,158.61,5.93,False,170.14,-0.871,-0.61,False,79.8,-0.16,80.0,True,3.74,2.03,4.2,0.5,D 趨勢弱,False,3:27,103.7,跌,8.0,1,False,4.0,-0.001,0.0757,-2.0735,False,False,-7.27,-1.94,167.53,-5.62,-1.5,65.4,,OHLC,↓,LH/LL,DT,False,273,1,universe
PTCT,2026-10-01,64.13,2.15,False,67.07,-0.385,-0.64,False,79.8,-0.19,79.9,True,3.35,2.44,6.3,-2.5,D 趨勢弱,False,10:13,306.7,升,20.0,3,False,4.0,0.1168,0.0944,,False,False,-4.58,-1.37,65.95,-2.84,-0.85,83.0,,OHLC,↓,LH/LL,自然回檔,False,273,1,universe
VNDA,2026-10-01,4.81,0.19,False,5.16,-0.027,-0.41,False,76.3,-0.04,76.3,True,3.99,2.45,3.7,-2.2,D 趨勢弱,False,5:40,170.0,跌,44.0,3,False,4.0,-0.0194,-0.0091,-0.0351,False,False,-7.38,-1.85,5.15,-7.07,-1.77,5.2,,OHLC,↓,LH/LL,DT,False,273,1,universe
NRDS,2026-10-01,8.57,0.34,False,9.25,-0.05,-0.67,False,74.9,-1.49,76.4,False,3.98,2.72,2.6,-1.2,D 趨勢弱,True,8:49,264.6,跌,213.0,25,False,4.0,-0.0393,-0.0549,-0.1663,True,False,-7.91,-1.99,8.78,-2.45,-0.62,7.1,,OHLC,↓,LH/LL,自然回檔,False,273,1,universe
CARG,2026-10-01,29.73,1.3,False,33.24,-0.313,-0.85,False,74.5,-3.37,77.8,False,4.36,2.42,6.2,-4.1,D 趨勢弱,True,8:49,264.6,跌,293.0,36,False,4.0,-0.2417,-0.2039,-0.5308,False,False,-11.81,-2.71,31.3,-5.28,-1.21,41.6,,OHLC,↓,LH/LL,DT,False,273,1,universe
RYZ,2026-10-01,24.51,0.96,False,24.62,-0.108,-0.74,False,74.0,-0.28,74.3,False,3.9,2.97,16.5,0.6,C 基底修復,False,10:51,325.4,升,31.0,4,False,4.0,0.0713,0.0094,,False,True,-0.45,-0.12,24.29,0.9,0.23,11.7,,OHLC,—,LH/LL,自然反彈,True,273,1,universe
VIRT,2026-10-01,55.62,2.24,False,59.97,-0.236,-0.56,False,73.9,-0.37,74.3,False,4.03,2.86,35.0,0.8,D 趨勢弱,True,8:49,264.6,跌,167.0,19,False,4.0,-0.2705,-0.5103,-1.1003,True,False,-7.82,-1.94,59.08,-6.22,-1.54,66.2,,OHLC,↓,LH/LL,自然反彈,False,273,1,universe
OWL,2026-10-01,8.95,0.39,False,10.71,-0.111,-1.15,False,73.5,-0.9,74.4,False,4.34,2.62,10.6,0.6,D 趨勢弱,True,8:49,264.6,跌,214.0,31,False,4.0,-0.1109,-0.1212,-0.2417,True,False,-19.67,-4.53,11.84,-32.29,-7.44,188.5,,OHLC,↓,LH/LL,DT,False,273,1,universe
WD,2026-10-01,34.53,1.46,False,39.21,-0.243,-0.63,False,72.9,-0.72,73.6,False,4.22,2.86,0.7,-0.9,D 趨勢弱,True,7:20,219.9,跌,72.0,10,False,4.0,-0.2307,-0.1662,-0.7689,False,False,-13.55,-3.21,37.98,-9.99,-2.37,19.5,,OHLC,↓,LH/LL,DT,False,273,1,universe
MGPI,2026-10-01,12.88,0.59,False,14.78,-0.103,-1.22,False,71.6,-0.47,72.1,False,4.61,2.71,0.0,0.0,D 趨勢弱,True,8:49,264.6,跌,237.0,34,False,4.0,-0.014,-0.0345,-0.2503,True,False,-14.72,-3.19,13.34,-3.57,-0.77,4.2,,OHLC,↓,LH/LL,自然回檔,False,273,1,universe
AVR,2026-10-01,7.61,0.36,False,8.35,-0.118,-0.9,False,69.7,-0.39,70.1,False,4.77,2.92,40.6,-0.5,C 基底修復,True,8:49,264.6,跌,162.0,25,False,4.0,-0.0474,-0.0543,-0.0898,True,False,-9.78,-2.05,7.77,-2.1,-0.44,6.3,,OHLC,↓,LH/LL,自然回檔,False,273,1,universe
LMRI,2026-10-01,10.1,0.53,False,11.16,-0.072,-0.72,False,68.7,-0.46,69.2,False,5.22,2.66,8.3,-3.4,D 趨勢弱,True,8:49,264.6,跌,212.0,26,False,4.0,-0.0984,-0.1138,-0.1989,True,False,-10.51,-2.01,11.05,-9.41,-1.8,4.5,,OHLC,↓,LH/LL,自然反彈,False,202,1,universe
SPHR,2026-10-01,128.55,6.38,False,144.08,-1.32,-1.14,False,67.5,-2.41,70.0,False,4.96,3.15,42.9,-14.4,C 基底修復,True,6:02,180.8,跌,50.0,7,False,4.0,-0.9228,-0.5327,-3.7997,False,False,-12.08,-2.43,141.13,-9.79,-1.97,71.9,,OHLC,↓,LH/LL,DT,False,273,1,universe
CHWY,2026-10-01,17.72,0.93,False,21.2,-0.138,-0.68,False,66.8,-0.74,67.5,False,5.26,2.99,0.0,0.0,D 趨勢弱,True,8:49,264.6,跌,230.0,25,False,4.0,-0.2495,-0.2674,-0.4337,True,False,-19.65,-3.74,21.35,-20.49,-3.89,222.1,,OHLC,↓,LH/LL,DT,False,273,1,universe
CAR,2026-10-01,106.12,5.83,False,124.16,-1.121,-0.78,False,65.9,-0.62,66.5,False,5.49,2.94,0.0,0.0,D 趨勢弱,True,8:49,264.6,跌,182.0,18,False,4.0,-0.1923,-0.4876,-1.982,True,False,-17.0,-3.09,108.29,-2.04,-0.37,50.7,,OHLC,↓,LH/LL,自然回檔,False,273,1,universe
RWT,2026-10-01,3.65,0.19,False,3.81,-0.008,-0.24,False,64.8,-2.81,67.6,False,5.25,3.4,0.0,0.0,D 趨勢弱,False,10:55,327.6,升,32.0,3,False,4.0,0.0079,0.0137,,False,True,-4.42,-0.84,3.88,-6.3,-1.2,33.0,,OHLC,↓,LH/LL,DT,False,273,1,universe
RMIX,2026-10-01,12.72,0.86,False,14.64,-0.22,-1.25,True,58.3,0.7,57.6,False,6.77,3.24,0.0,0.0,D 趨勢弱,False,10:48,324.0,升,30.0,3,False,4.0,0.0766,0.0497,,False,False,-15.06,-2.22,13.05,-2.59,-0.38,6.0,,OHLC,—,LH/LL,自然反彈,True,126,1,universe
QNST,2026-10-01,14.92,0.79,False,17.45,-0.18,-1.09,False,56.4,-0.25,56.6,False,5.3,5.13,24.9,-0.1,D 趨勢弱,True,8:49,264.6,跌,322.0,27,False,4.0,-0.2458,-0.329,-0.5197,True,False,-16.98,-3.2,18.48,-23.86,-4.5,18.2,,OHLC,↓,LH/LL,自然反彈,False,273,1,universe
TNXP,2026-10-01,9.23,0.61,False,11.92,-0.126,-0.66,False,55.7,-1.55,57.2,False,6.57,4.02,0.0,0.0,D 趨勢弱,True,8:49,264.6,跌,148.0,19,False,4.0,-0.2073,-0.2146,-0.3261,True,False,-29.16,-4.44,,,,4.7,,OHLC,—,HH/HL,DT,False,273,1,universe
SANA,2026-10-01,2.89,0.21,False,3.33,-0.049,-0.56,False,51.6,-0.11,51.7,False,7.18,4.36,0.0,-0.2,D 趨勢弱,True,8:49,264.6,跌,205.0,22,False,4.0,-0.0196,-0.0241,-0.1153,True,False,-15.12,-2.11,3.06,-5.71,-0.8,12.8,,OHLC,—,LH/LL,DT,True,273,1,universe
EVH,2026-10-01,3.39,0.22,False,4.08,-0.035,-0.87,False,50.9,-0.22,51.1,False,6.58,5.14,30.0,0.0,D 趨勢弱,True,8:49,264.6,跌,152.0,21,False,4.0,-0.0258,-0.0243,-0.2446,False,False,-20.43,-3.1,3.65,-7.67,-1.16,9.1,,OHLC,↓,LH/LL,DT,False,273,1,universe
ODTX,2026-10-01,20.42,2.04,False,23.86,-0.086,-0.08,False,39.4,-2.91,42.3,False,9.98,5.02,5.0,-7.0,D 趨勢弱,True,8:49,264.6,跌,283.0,17,False,4.0,-0.3514,-0.3198,-0.6743,False,False,-16.84,-1.69,22.44,-9.89,-0.99,9.6,,OHLC,↓,LH/LL,自然回檔,False,101,1,universe
KIM,2026-10-01,22.21,0.34,False,23.2,-0.059,-0.74,False,95.2,-0.01,95.2,True,1.53,0.94,17.8,-1.7,D 趨勢弱,False,10:24,311.9,升,23.0,3,False,5.0,0.0075,0.0023,,False,False,-4.45,-2.9,22.63,-1.89,-1.24,129.3,,OHLC,—,LH/LL,DT,True,273,1,universe
FWONK,2026-10-01,91.6,2.39,False,96.85,-0.443,-0.6,False,88.1,-0.16,88.2,True,2.61,1.54,21.7,-8.7,D 趨勢弱,False,4:11,125.4,跌,20.0,3,False,5.0,-0.1805,-0.1082,-1.1927,False,False,-5.73,-2.19,96.43,-5.27,-2.02,218.0,,OHLC,↓,LH/LL,DT,False,273,1,universe
TTAM,2026-10-01,13.67,0.48,False,14.45,-0.048,-0.64,False,80.4,-0.16,80.6,True,3.53,2.13,18.3,2.0,D 趨勢弱,False,11:30,344.8,升,42.0,4,False,5.0,0.0338,0.0248,,False,False,-5.71,-1.62,14.08,-3.0,-0.85,3.9,,OHLC,—,LH/LL,次級反彈,True,255,1,universe
PHR,2026-10-01,10.36,0.4,False,10.77,-0.077,-0.77,True,74.7,0.26,74.4,False,3.86,2.89,7.2,2.5,D 趨勢弱,False,10:08,303.9,升,19.0,2,False,5.0,0.0469,0.0231,,False,False,-3.94,-1.02,10.42,-0.58,-0.15,7.8,,OHLC,—,LH/LL,自然反彈,True,273,1,universe
COGT,2026-10-01,31.59,1.35,False,33.56,-0.133,-0.62,True,72.5,0.06,72.5,False,4.27,2.88,21.1,-0.4,C 基底修復,False,11:55,357.3,升,48.0,4,False,5.0,0.093,0.084,,False,False,-6.23,-1.46,32.31,-2.28,-0.53,67.9,,OHLC,—,LH/LL,DT,True,273,1,universe
AN,2026-10-01,164.99,7.55,False,185.32,-1.392,-0.93,False,72.2,-0.11,72.3,False,4.58,2.64,0.0,0.0,D 趨勢弱,True,7:02,211.1,跌,67.0,12,False,5.0,-2.0473,-3.0037,-4.4475,True,False,-12.32,-2.69,166.98,-1.21,-0.26,120.6,,OHLC,↓,LH/LL,自然反彈,False,273,1,universe
ENTA,2026-10-01,12.84,0.59,False,13.07,-0.01,-0.19,False,72.0,-0.75,72.8,False,4.57,2.67,11.5,-15.2,C 基底修復,False,10:03,301.6,升,18.0,2,False,5.0,0.0707,0.0509,,False,True,-1.76,-0.39,12.42,3.27,0.72,3.4,,OHLC,—,LH/LL,自然回檔,False,273,1,universe
KNF,2026-10-01,50.62,2.39,False,57.87,-0.463,-0.86,True,69.9,0.83,69.1,False,4.72,2.93,0.0,0.0,D 趨勢弱,False,1:13,36.3,升,70.0,5,False,5.0,0.0052,0.0301,,False,False,-14.33,-3.03,54.58,-7.82,-1.66,62.8,,OHLC,↓,LH/LL,DT,False,273,1,universe
AURA,2026-10-01,6.04,0.31,False,6.86,-0.074,-1.09,False,69.4,-0.9,70.3,False,5.12,2.62,5.0,-2.6,D 趨勢弱,True,8:49,264.6,跌,460.0,27,False,5.0,-0.0353,-0.0415,-0.1169,True,False,-13.53,-2.64,6.15,-1.82,-0.36,6.0,,OHLC,—,LH/LL,自然回檔,False,273,1,universe
HNRG,2026-10-01,13.52,0.66,False,15.38,-0.122,-0.46,False,68.7,-0.6,69.3,False,4.85,3.04,10.0,10.0,D 趨勢弱,True,8:49,264.6,跌,164.0,16,False,5.0,-0.1418,-0.1205,-0.2289,False,False,-13.75,-2.83,15.17,-12.2,-2.52,10.8,,OHLC,↓,LH/LL,DT,False,273,1,universe
ABX,2026-10-01,7.89,0.4,False,8.83,-0.053,-0.45,False,67.1,-0.36,67.5,False,5.13,3.06,14.8,0.7,D 趨勢弱,True,6:54,206.8,跌,65.0,12,False,5.0,-0.0662,-0.0714,-0.2469,True,False,-11.96,-2.33,8.29,-5.07,-0.99,5.6,,OHLC,↓,LH/LL,DT,False,273,1,universe
AXGN,2026-10-01,39.92,2.14,False,45.24,-0.321,-0.46,False,65.0,-1.72,66.7,False,5.36,3.25,35.1,-3.9,D 趨勢弱,True,8:49,264.6,跌,169.0,22,False,5.0,-0.4362,-0.3208,-1.1182,False,False,-13.34,-2.49,45.44,-13.83,-2.58,59.3,,OHLC,↓,LH/LL,DT,False,273,1,universe
CTRN,2026-10-01,49.4,2.91,False,61.34,-0.541,-0.94,False,64.1,-1.44,65.5,False,5.9,2.9,18.3,-2.1,D 趨勢弱,True,8:49,264.6,跌,367.0,33,False,5.0,-0.5296,-0.6428,-1.541,True,False,-24.17,-4.1,51.56,-4.37,-0.74,11.5,,OHLC,↓,LH/LL,自然回檔,False,273,1,universe
INSM,2026-10-01,108.59,4.93,False,122.01,-0.673,-0.43,False,63.5,-2.16,65.7,False,4.54,4.37,14.4,-4.3,D 趨勢弱,True,8:49,264.6,跌,236.0,28,False,5.0,-1.5643,-1.2203,-1.5643,False,False,-12.36,-2.72,121.55,-11.93,-2.63,265.5,,OHLC,↓,LH/LL,DT,False,273,1,universe
AVTX,2026-10-01,14.95,0.96,False,17.26,-0.17,-0.74,False,58.9,-0.39,59.3,False,6.44,3.44,6.8,-0.5,D 趨勢弱,True,8:49,264.6,跌,179.0,24,False,5.0,-0.0925,-0.0998,-0.4529,True,False,-15.47,-2.4,16.69,-11.64,-1.81,19.3,,OHLC,—,LH/LL,自然回檔,True,273,1,universe
PHAT,2026-10-01,7.08,0.44,False,8.23,-0.057,-0.71,False,52.5,-0.4,52.9,False,6.28,5.06,10.0,0.0,D 趨勢弱,True,8:49,264.6,跌,136.0,15,False,5.0,-0.0195,-0.0235,-0.378,True,False,-16.2,-2.58,7.36,-3.95,-0.63,10.2,,OHLC,—,LH/LL,自然回檔,True,273,1,universe
IMUX,2026-10-01,8.64,0.84,False,11.69,-0.223,-1.27,False,43.2,-2.64,45.8,False,9.71,4.09,10.0,0.0,D 趨勢弱,True,8:49,264.6,跌,166.0,24,False,5.0,-0.0796,-0.0851,-0.5165,True,False,-35.35,-3.64,9.3,-7.64,-0.79,4.7,,OHLC,↓,LH/LL,DT,False,273,1,universe
EVMN,2026-10-01,7.21,0.71,False,10.53,-0.288,-1.25,False,40.2,-7.14,47.4,False,9.87,4.86,0.0,0.0,D 趨勢弱,True,8:49,264.6,跌,170.0,23,False,5.0,-0.1229,-0.0869,-0.3266,False,False,-46.02,-4.66,9.65,-33.84,-3.43,8.7,,OHLC,↓,LH/LL,DT,False,226,1,universe
CABO,2026-10-01,10.36,2.21,False,19.31,-0.567,-1.82,False,15.6,-0.53,16.1,False,21.38,7.83,0.0,0.0,D 趨勢弱,True,8:49,264.6,跌,106.0,13,False,5.0,-0.3218,-0.3215,-1.3731,False,False,-86.42,-4.04,18.01,-73.84,-3.45,6.3,,OHLC,↓,LH/LL,DT,False,273,1,universe
TTI,2026-10-01,5.83,0.27,False,6.52,-0.097,-1.33,True,68.9,0.14,68.8,False,4.63,3.21,4.4,4.3,D 趨勢弱,False,11:21,340.6,升,39.0,5,False,6.0,0.016,0.0111,,False,False,-11.85,-2.56,6.15,-5.49,-1.19,12.2,,OHLC,↓,LH/LL,DT,False,273,1,universe
TPB,2026-10-01,55.32,3.15,False,68.74,-0.997,-1.3,False,64.4,-3.22,67.6,False,5.69,3.05,0.0,0.0,D 趨勢弱,True,8:49,264.6,跌,216.0,25,False,6.0,-0.6357,-0.5565,-1.3882,False,False,-24.26,-4.27,62.07,-12.2,-2.15,27.3,,OHLC,↓,LH/LL,DT,False,273,1,universe
CNI,2026-10-01,117.16,2.07,False,122.35,-0.318,-0.5,False,93.7,-0.26,93.9,True,1.76,1.11,51.2,-4.5,C 基底修復,False,3:26,103.2,跌,7.0,1,False,7.0,-0.0325,0.1162,-0.8509,False,False,-4.43,-2.51,121.54,-3.74,-2.12,172.5,,OHLC,—,LH/LL,自然回檔,True,273,1,universe
GNTX,2026-10-01,21.95,0.47,False,22.7,-0.064,-0.54,False,90.0,-0.05,90.1,True,2.16,1.57,16.6,-6.7,D 趨勢弱,False,3:54,116.9,跌,15.0,2,False,7.0,-0.0052,-0.0047,-0.1463,False,False,-3.42,-1.59,22.58,-2.87,-1.33,48.8,,OHLC,—,LH/LL,DT,True,273,1,universe
AZO,2026-10-01,2819.03,83.89,False,2908.95,-7.136,-0.32,False,85.7,-0.1,85.8,True,2.98,1.66,10.1,0.4,D 趨勢弱,False,11:28,344.2,升,41.0,5,False,7.0,1.2472,3.4022,,False,False,-3.19,-1.07,2913.28,-3.34,-1.12,1194.3,,OHLC,↓,LH/LL,DT,False,273,1,universe
LOCO,2026-10-01,14.19,0.4,False,14.95,-0.045,-0.53,False,85.1,-0.05,85.2,True,2.8,1.96,39.2,-0.2,C 基底修復,False,10:02,301.0,升,17.0,2,False,7.0,0.0088,0.0052,,False,False,-5.35,-1.91,15.35,-8.17,-2.92,3.2,,OHLC,—,LH/LL,自然反彈,True,273,1,universe
UNIT,2026-10-01,7.94,0.36,False,9.44,-0.16,-1.05,False,72.8,-3.61,76.4,False,4.58,2.51,13.0,-0.9,D 趨勢弱,True,8:49,264.6,跌,102.0,13,False,7.0,-0.1472,-0.1221,-0.1472,False,False,-18.88,-4.12,10.05,-26.57,-5.81,21.8,,OHLC,↓,LH/LL,DT,False,273,1,universe
FOXF,2026-10-01,18.37,0.81,False,19.58,-0.123,-0.73,False,71.5,-0.14,71.6,False,4.41,2.94,28.2,1.0,C 基底修復,True,8:49,264.6,跌,378.0,26,False,7.0,-0.0779,-0.0899,-0.2615,True,False,-6.58,-1.49,18.89,-2.83,-0.64,10.2,,OHLC,—,LH/LL,DT,True,273,1,universe
MOS,2026-10-01,21.55,1.07,False,24.31,-0.073,0.03,False,71.3,-0.41,71.7,False,4.95,2.44,2.0,-2.8,D 趨勢弱,True,8:49,264.6,跌,209.0,12,False,7.0,-0.4616,-0.4532,-0.4616,False,False,-12.8,-2.58,24.73,-14.76,-2.98,203.9,,OHLC,↓,LH/LL,DT,False,273,1,universe
BROS,2026-10-01,38.61,1.62,False,43.67,-0.384,-1.27,True,70.0,0.34,69.7,False,4.2,3.43,0.0,0.0,D 趨勢弱,False,10:10,305.0,升,19.0,3,False,7.0,0.2868,0.1845,,False,False,-13.1,-3.12,48.13,-24.66,-5.88,178.0,,OHLC,—,LH/LL,自然反彈,True,273,1,universe
TARA,2026-10-01,2.76,0.21,False,3.42,-0.1,-1.49,False,56.9,-6.38,63.3,False,7.71,2.6,0.0,0.0,D 趨勢弱,True,8:49,264.6,跌,141.0,13,False,7.0,-0.0766,-0.0577,-0.0766,False,False,-24.02,-3.12,3.68,-33.33,-4.32,5.1,,OHLC,↓,LH/LL,DT,False,273,1,universe
FLNC,2026-10-01,7.57,0.62,False,8.98,-0.107,-1.03,True,45.2,0.47,44.7,False,8.22,5.0,0.0,0.0,D 趨勢弱,False,10:26,313.2,升,24.0,3,False,7.0,0.1012,0.0814,,False,False,-18.69,-2.27,7.85,-3.7,-0.45,73.6,,OHLC,—,LH/LL,次級回檔,True,273,1,universe
STIM,2026-10-01,2.22,0.19,False,2.86,-0.033,-0.69,False,37.0,-1.26,38.2,False,8.6,7.23,39.8,-0.2,D 趨勢弱,True,8:49,264.6,跌,230.0,28,False,7.0,-0.0916,-0.082,-0.0916,False,False,-28.89,-3.36,2.91,-31.08,-3.61,3.6,,OHLC,↓,LH/LL,DT,False,273,1,universe
CRF,2026-10-01,6.06,0.1,False,6.29,-0.018,-1.66,False,94.0,-0.3,94.3,True,1.61,1.19,20.6,-0.5,D 趨勢弱,False,12:16,7.9,升,54.0,7,False,8.0,0.018,0.0221,,False,False,-3.77,-2.34,6.19,-2.15,-1.33,9.2,,OHLC,—,LH/LL,自然回檔,True,273,1,universe
CLM,2026-10-01,6.32,0.1,False,6.53,-0.021,-1.73,False,93.7,-0.13,93.8,True,1.6,1.28,21.2,-0.0,D 趨勢弱,False,12:39,19.6,升,61.0,7,False,8.0,0.0239,0.0273,,False,False,-3.39,-2.12,6.45,-2.06,-1.29,13.2,,OHLC,—,LH/LL,自然反彈,True,273,1,universe
LLYVK,2026-10-01,96.1,2.64,False,100.23,-0.304,-0.5,False,86.4,-0.45,86.9,True,2.75,1.75,33.3,0.0,C 基底修復,False,1:26,42.9,升,74.0,6,False,8.0,0.0448,0.1962,,False,False,-4.29,-1.56,98.86,-2.87,-1.05,30.1,,OHLC,↓,LH/LL,DT,False,273,1,universe
LLYVA,2026-10-01,93.61,2.63,False,96.93,-0.385,-0.56,False,85.7,-0.67,86.4,True,2.81,1.82,44.9,-0.0,C 基底修復,False,12:57,28.6,升,66.0,7,False,8.0,0.1162,0.2601,,False,False,-3.55,-1.26,95.39,-1.9,-0.68,13.6,,OHLC,—,LH/LL,DT,True,273,1,universe
NKE,2026-10-01,35.15,0.99,False,37.11,-0.256,-0.92,False,85.7,-0.34,86.1,True,2.81,1.82,7.2,1.6,D 趨勢弱,False,11:39,349.3,升,44.0,6,False,8.0,0.0664,0.0887,,False,False,-5.57,-1.98,36.39,-3.53,-1.25,1360.6,,OHLC,↓,LH/LL,DT,False,273,1,universe
FVR,2026-10-01,16.35,0.6,False,18.13,-0.514,-1.56,False,83.0,-0.46,83.4,True,3.65,1.53,8.1,-2.6,D 趨勢弱,False,4:08,123.8,跌,19.0,3,False,8.0,-0.1099,-0.0729,-0.2477,False,False,-10.87,-2.98,18.22,-11.44,-3.14,3.6,,OHLC,↓,LH/LL,DT,False,273,1,universe
KIDS,2026-10-01,21.69,0.85,False,23.15,-0.221,-0.54,False,76.1,-1.23,77.3,True,3.9,2.57,51.7,-4.4,C 基底修復,False,4:03,121.6,跌,18.0,2,False,8.0,-0.0485,-0.0016,-0.4762,False,False,-6.74,-1.73,23.51,-8.39,-2.15,4.0,,OHLC,—,LH/LL,自然回檔,True,273,1,universe
PRKS,2026-10-01,31.18,1.55,False,37.39,-0.435,-1.13,False,72.4,-0.96,73.4,False,4.97,2.2,5.0,0.0,D 趨勢弱,True,8:49,264.6,跌,148.0,27,False,8.0,-0.117,-0.1227,-0.5907,True,False,-19.91,-4.01,34.59,-10.94,-2.2,26.6,,OHLC,↓,LH/LL,DT,False,273,1,universe
HOV,2026-10-01,115.01,4.98,False,120.07,-0.608,-0.53,False,71.0,-0.34,71.4,False,4.33,3.1,28.7,8.9,C 基底修復,True,9:32,285.8,升,9.0,1,False,8.0,0.1579,-0.0691,,False,False,-4.4,-1.02,114.18,0.72,0.17,12.0,,OHLC,—,HH/HL,自然反彈,False,273,1,universe
SVV,2026-10-01,9.25,0.38,False,9.8,-0.128,-1.01,True,71.0,0.47,70.5,False,4.15,3.29,21.2,-2.7,D 趨勢弱,False,10:05,302.3,升,18.0,3,False,8.0,0.0202,0.0134,,False,False,-5.97,-1.44,9.26,-0.11,-0.03,11.9,,OHLC,—,LH/LL,UT,True,273,1,universe
AMCX,2026-10-01,11.22,0.49,False,12.06,-0.044,-0.13,False,70.4,-2.54,72.9,False,4.41,3.15,46.8,-4.3,C 基底修復,True,8:49,264.6,跌,223.0,24,False,8.0,-0.1033,-0.0754,-0.1489,False,False,-7.45,-1.69,12.16,-8.38,-1.9,7.8,,OHLC,↓,LH/LL,DT,False,273,1,universe
IART,2026-10-01,16.09,0.67,False,16.07,-0.039,-0.31,False,69.7,-0.01,69.7,False,4.17,3.52,46.7,-0.7,C 基底修復,False,1:16,38.0,升,71.0,8,False,8.0,0.1298,0.1472,,False,True,0.11,0.03,16.38,-1.8,-0.43,14.8,,OHLC,—,LH/LL,自然回檔,False,273,1,universe
CC,2026-10-01,13.48,0.55,False,14.89,-0.092,-0.53,True,68.9,0.16,68.7,False,4.06,3.79,14.3,2.1,D 趨勢弱,False,4:48,144.0,跌,30.0,3,False,8.0,-0.0603,-0.0428,-0.1178,False,False,-10.49,-2.59,14.98,-11.13,-2.74,26.5,,OHLC,↓,LH/LL,DT,False,273,1,universe
ALT,2026-10-01,2.76,0.14,False,3.18,-0.005,-0.02,False,68.3,-0.54,68.9,False,5.02,2.93,4.3,-2.6,D 趨勢弱,True,8:49,264.6,跌,114.0,13,False,8.0,-0.0621,-0.054,-0.0621,False,False,-15.08,-3.0,3.41,-23.55,-4.69,12.1,,OHLC,↓,LH/LL,DT,False,273,1,universe
ADEA,2026-10-01,25.34,1.11,False,25.52,-0.067,-0.65,False,67.9,-0.19,68.1,False,4.38,3.66,36.5,-4.3,C 基底修復,False,12:17,8.5,升,55.0,8,False,8.0,0.0784,0.0634,,False,True,-0.72,-0.16,25.83,-1.93,-0.44,26.2,,OHLC,↓,LH/LL,自然反彈,False,273,1,universe
SRRK,2026-10-01,46.16,2.51,False,51.9,-0.185,-0.25,False,65.5,-1.67,67.2,False,5.43,3.08,13.5,-2.4,D 趨勢弱,True,8:49,264.6,跌,215.0,21,False,8.0,-0.3961,-0.339,-1.2282,False,False,-12.44,-2.29,51.19,-10.9,-2.01,112.8,,OHLC,—,LH/LL,DT,True,273,1,universe
WEN,2026-10-01,6.25,0.3,False,7.56,-0.104,-1.27,False,65.0,-0.15,65.2,False,4.74,3.87,15.0,0.0,D 趨勢弱,True,8:49,264.6,跌,256.0,25,False,8.0,-0.0621,-0.0673,-0.1595,True,False,-21.01,-4.43,6.54,-4.64,-0.98,42.5,,OHLC,↓,LH/LL,DT,False,273,1,universe
DSGN,2026-10-01,12.24,0.7,False,13.83,-0.087,-0.48,False,63.2,-0.3,63.5,False,5.7,3.28,29.6,-4.7,D 趨勢弱,True,8:49,264.6,跌,200.0,23,False,8.0,-0.0672,-0.0819,-0.3977,True,False,-12.98,-2.28,12.62,-3.1,-0.54,9.8,,OHLC,—,LH/LL,自然回檔,True,273,1,universe
IONS,2026-10-01,44.0,2.19,False,51.04,-0.371,-0.82,False,60.8,-0.17,61.0,False,4.98,4.49,0.0,0.0,D 趨勢弱,True,8:49,264.6,跌,197.0,19,False,8.0,-0.0429,-0.1149,-1.5244,True,False,-15.99,-3.21,45.75,-3.98,-0.8,227.8,,OHLC,—,LH/LL,DT,True,273,1,universe
RZLT,2026-10-01,4.07,0.27,False,4.38,-0.015,-0.29,True,56.0,0.63,55.3,False,6.63,3.9,31.5,1.0,D 趨勢弱,False,10:49,324.3,升,30.0,4,False,8.0,0.029,0.0268,,False,False,-7.64,-1.15,3.76,7.62,1.15,6.4,,OHLC,—,HH/HL,DT,False,273,1,universe
CTMX,2026-10-01,2.63,0.18,False,3.11,-0.026,-0.51,False,55.3,-0.76,56.1,False,6.85,3.82,0.0,0.0,D 趨勢弱,True,8:49,264.6,跌,117.0,15,False,8.0,-0.021,-0.023,-0.0906,True,False,-18.17,-2.65,2.75,-4.56,-0.67,12.0,,OHLC,—,LH/LL,DT,True,273,1,universe
NNBR,2026-10-01,3.63,0.24,False,3.63,-0.005,-0.16,False,53.9,-0.06,53.9,False,6.55,4.45,61.6,-2.4,B 上升結構,False,11:58,359.2,升,50.0,7,False,8.0,0.0288,0.0382,,False,True,0.12,0.02,3.74,-3.03,-0.46,7.4,,OHLC,—,LH/LL,自然回檔,False,273,1,universe
NNE,2026-10-01,15.73,1.01,False,17.26,-0.098,-0.55,True,52.6,0.56,52.1,False,6.4,4.89,5.0,3.4,D 趨勢弱,False,5:29,164.5,跌,41.0,3,False,8.0,-0.0557,-0.0422,-0.2845,False,False,-9.7,-1.51,16.97,-7.88,-1.23,32.1,,OHLC,—,LH/LL,自然回檔,True,273,1,universe
OCUL,2026-10-01,7.29,0.64,False,9.66,-0.184,-1.55,False,45.2,-1.0,46.2,False,8.76,4.47,5.0,0.0,D 趨勢弱,True,8:49,264.6,跌,168.0,16,False,8.0,-0.362,-0.3398,-0.362,False,False,-32.53,-3.72,7.87,-7.96,-0.91,31.0,,OHLC,↓,LH/LL,DT,False,273,1,universe
ARTL,2026-10-01,3.83,1.16,False,8.44,-0.013,-0.03,True,8.7,0.05,8.6,False,30.4,11.03,0.0,0.0,D 趨勢弱,False,3:28,103.8,跌,8.0,1,False,8.0,-0.0146,0.0064,-0.1427,False,False,-120.34,-3.96,6.04,-57.7,-1.9,9.9,,OHLC,—,HH/HL,DT,False,255,1,universe
UNH,2026-10-01,365.2,8.64,False,385.18,-0.705,-0.4,False,90.3,-0.11,90.4,True,2.37,1.32,39.6,-2.9,C 基底修復,False,4:23,131.7,跌,23.0,2,False,9.0,-0.3838,-0.1013,-3.1185,False,False,-5.47,-2.31,380.98,-4.32,-1.83,1980.8,,OHLC,↓,LH/LL,DT,False,273,1,universe
CMI,2026-10-01,517.0,14.35,False,545.34,-3.16,-0.93,False,86.5,-0.21,86.7,True,2.78,1.71,11.0,2.2,C 基底修復,False,2:09,64.3,升,86.0,9,False,9.0,1.5599,1.4081,,False,False,-5.48,-1.97,534.78,-3.44,-1.24,623.4,,OHLC,—,LH/LL,DT,True,273,1,universe
SHEN,2026-10-01,11.15,0.5,False,11.78,-0.026,-0.28,True,72.1,0.1,72.0,False,4.47,2.75,6.4,0.7,D 趨勢弱,False,4:45,142.4,跌,29.0,4,False,9.0,-0.054,-0.0432,-0.0701,False,False,-5.68,-1.27,12.31,-10.4,-2.33,13.8,,OHLC,↓,LH/LL,DT,False,273,1,universe
BLDR,2026-10-01,57.35,2.51,False,60.97,-0.332,-0.49,True,71.0,0.37,70.6,False,4.38,3.05,6.3,5.5,D 趨勢弱,False,12:24,11.8,升,57.0,8,False,9.0,0.1802,0.1581,,False,False,-6.31,-1.44,60.37,-5.27,-1.2,220.8,,OHLC,↓,LH/LL,DT,False,273,1,universe
ASYS,2026-10-01,17.25,0.77,False,14.89,-0.034,-0.33,True,62.9,0.72,62.2,False,4.44,4.59,52.5,0.4,E 延伸,False,2:24,72.0,升,90.0,9,False,9.0,0.341,0.3093,,False,False,13.71,3.08,,,,4.1,,OHLC,—,LH/LL,UT,False,273,1,universe
AIR,2026-10-01,99.9,5.84,False,116.94,-2.256,-2.1,True,62.8,0.11,62.7,False,5.85,3.21,6.1,-5.4,D 趨勢弱,False,4:26,133.2,跌,24.0,3,False,9.0,-1.3102,-0.937,-2.2135,False,False,-17.06,-2.92,120.56,-20.68,-3.54,70.2,,OHLC,↓,LH/LL,DT,False,273,1,universe
STRO,2026-10-01,15.97,1.11,False,17.36,-0.102,-0.94,True,54.6,0.59,54.0,False,6.95,3.88,13.4,0.0,D 趨勢弱,False,11:00,330.0,升,33.0,5,False,9.0,0.2148,0.1946,,False,False,-8.71,-1.25,16.35,-2.38,-0.34,5.5,,OHLC,—,LH/LL,自然反彈,True,273,1,universe
XRPN,2026-10-01,23.43,1.47,True,14.17,1.308,2.47,False,48.8,-11.19,60.0,False,6.28,5.97,65.0,4.3,E 延伸,False,1:25,42.6,升,74.0,7,False,9.0,1.0728,0.4567,,False,False,39.5,6.29,10.55,54.97,8.75,9.5,,OHLC,↑,HH/HL,UT,False,255,1,universe
WOLF,2026-10-01,31.17,2.22,False,26.54,-0.172,-0.44,True,42.7,1.05,41.7,False,7.13,6.81,45.9,-4.2,E 延伸,False,11:58,359.2,升,50.0,9,False,9.0,0.6208,0.4442,,False,False,14.84,2.08,26.3,15.62,2.19,62.6,,OHLC,↑,HH/HL,UT,False,254,1,universe
CLRO,2026-10-01,5.0,0.76,False,5.03,-0.001,-0.04,False,13.9,-0.15,14.0,False,15.16,16.19,40.8,-13.2,D 趨勢弱,False,10:53,326.5,升,31.0,4,False,9.0,0.1297,0.1059,,False,True,-0.6,-0.04,4.77,4.6,0.3,7.9,,OHLC,↓,LH/LL,次級回檔,False,255,1,universe
MDU,2026-10-01,18.47,0.38,False,19.15,-0.058,-0.75,False,92.5,-0.0,92.5,True,2.08,1.1,11.6,-0.7,D 趨勢弱,False,11:11,335.5,升,36.0,4,False,10.0,0.0292,0.028,,False,False,-3.66,-1.76,18.87,-2.17,-1.04,41.0,,OHLC,—,LH/LL,自然反彈,True,273,1,universe
BFS,2026-10-01,29.98,0.69,False,31.32,-0.1,-1.03,False,92.0,-0.53,92.5,True,2.29,1.0,9.0,-0.9,D 趨勢弱,False,10:38,319.1,升,27.0,3,False,10.0,0.0756,0.0607,,False,False,-4.47,-1.95,30.47,-1.63,-0.71,4.5,,OHLC,—,LH/LL,DT,True,273,1,universe
TT,2026-10-01,458.94,10.9,False,443.32,-0.031,-0.07,False,89.3,-0.27,89.6,True,2.38,1.51,47.7,8.0,C 基底修復,False,12:00,0.0,升,50.0,8,False,10.0,4.0207,3.7744,,False,False,3.4,1.43,,,,504.9,,OHLC,—,LH/LL,UT,False,273,1,universe
EMN,2026-10-01,64.05,1.66,False,68.26,-0.505,-0.84,False,88.1,-0.38,88.5,True,2.59,1.56,8.7,1.0,D 趨勢弱,False,3:55,117.7,跌,15.0,2,False,10.0,-0.104,-0.0405,-0.7761,False,False,-6.57,-2.54,67.07,-4.72,-1.82,81.1,,OHLC,↓,LH/LL,DT,False,273,1,universe
AYI,2026-10-01,299.28,10.37,False,314.09,-2.035,-0.86,False,82.0,-1.89,83.9,True,3.47,1.89,15.3,-4.5,D 趨勢弱,False,11:47,353.7,升,47.0,5,False,10.0,0.5781,1.1312,,False,False,-4.95,-1.43,319.42,-6.73,-1.94,113.7,,OHLC,↓,LH/LL,DT,False,273,1,universe
AVGO,2026-10-01,343.64,10.66,False,357.74,-0.631,-0.5,False,81.4,-0.05,81.5,True,3.1,2.37,15.3,-2.9,D 趨勢弱,False,2:49,84.6,升,97.0,9,False,10.0,0.5019,1.0405,,False,False,-4.1,-1.32,361.86,-5.3,-1.71,9471.2,,OHLC,↓,LH/LL,DT,False,273,1,universe
MCHPP,2026-10-01,66.9,1.87,False,63.55,-0.014,0.15,False,80.7,-0.15,80.8,True,2.8,2.81,37.6,-4.6,C 基底修復,False,2:31,75.5,升,92.0,10,False,10.0,0.6644,0.7118,,False,False,5.0,1.79,63.0,5.83,2.08,13.1,,OHLC,↑,HH/HL,UT,False,273,1,universe
IBKR,2026-10-01,85.81,2.79,False,91.09,-0.251,-0.3,False,80.3,-0.31,80.6,True,3.25,2.43,45.1,-2.8,C 基底修復,False,5:25,162.7,跌,40.0,5,False,10.0,-0.5431,-0.5279,-0.6969,False,False,-6.16,-1.89,93.21,-8.62,-2.65,340.9,,OHLC,↓,LH/LL,DT,False,273,1,universe
SITE,2026-10-01,89.47,2.98,False,93.35,-0.268,-0.35,False,80.0,-0.76,80.8,True,3.33,2.41,6.8,0.1,D 趨勢弱,False,12:14,6.9,升,54.0,7,False,10.0,0.0122,0.0556,,False,False,-4.34,-1.3,94.39,-5.5,-1.65,98.8,,OHLC,↓,LH/LL,DT,False,273,1,universe
SNDX,2026-10-01,18.22,0.81,False,18.76,-0.055,-0.27,False,72.8,-0.28,73.1,False,4.47,2.63,12.5,-7.1,C 基底修復,False,10:13,306.3,升,20.0,3,False,10.0,0.0949,0.0917,,False,True,-2.94,-0.66,18.56,-1.87,-0.42,33.5,,OHLC,—,LH/LL,自然回檔,True,273,1,universe
DNLI,2026-10-01,20.53,0.83,False,21.59,-0.137,-0.74,True,72.4,0.65,71.7,False,4.05,3.13,18.5,0.2,D 趨勢弱,False,12:03,1.4,升,51.0,4,False,10.0,0.1045,0.1018,,False,False,-5.16,-1.27,20.98,-2.19,-0.54,37.5,,OHLC,↓,LH/LL,自然回檔,False,273,1,universe
MCFT,2026-10-01,19.86,0.95,False,21.31,-0.223,-0.67,True,71.8,0.66,71.1,False,4.76,2.53,6.3,1.3,D 趨勢弱,False,12:20,10.0,升,56.0,5,False,10.0,0.0914,0.0777,,False,False,-7.32,-1.54,19.6,1.31,0.28,6.2,,OHLC,—,HH/HL,次級回檔,True,273,1,universe
ESAB,2026-10-01,67.11,3.05,False,71.39,-0.523,-0.78,True,70.6,0.8,69.8,False,4.54,2.97,5.6,3.2,D 趨勢弱,False,1:09,34.4,升,69.0,7,False,10.0,0.4784,0.4589,,False,False,-6.38,-1.41,70.0,-4.31,-0.95,66.9,,OHLC,—,LH/LL,DT,True,273,1,universe
CAVA,2026-10-01,54.4,2.42,False,56.83,-0.457,-1.29,True,68.1,0.84,67.3,False,4.44,3.56,4.1,4.1,D 趨勢弱,False,11:34,347.1,升,43.0,6,False,10.0,0.638,0.4953,,False,False,-4.47,-1.01,53.51,1.64,0.37,204.7,,OHLC,—,LH/LL,UT,True,273,1,universe
MKSI,2026-10-01,271.24,11.51,False,258.84,-0.782,-0.57,True,65.7,0.23,65.4,False,4.24,4.24,37.9,-6.6,D 趨勢弱,False,2:49,84.6,升,131.0,10,False,10.0,4.1055,3.8269,,False,False,4.57,1.08,261.84,3.47,0.82,327.9,,OHLC,↑,HH/HL,UT,False,273,1,universe
NVAX,2026-10-01,10.6,0.57,True,9.84,0.095,0.51,False,65.7,-0.08,65.8,False,5.37,3.11,60.8,8.6,B 上升結構,False,11:37,348.4,升,44.0,9,False,10.0,0.0125,0.0379,,False,False,7.17,1.34,10.55,0.47,0.09,53.8,,OHLC,—,HH/HL,自然回檔,True,273,1,universe
AVBP,2026-10-01,28.93,1.47,False,29.65,-0.017,-0.04,False,65.3,-1.55,66.9,False,5.07,3.48,45.5,-19.0,C 基底修復,False,11:52,356.2,升,48.0,8,False,10.0,0.0749,0.1328,,False,True,-2.49,-0.49,28.45,1.66,0.33,19.4,,OHLC,—,HH/HL,次級回檔,True,273,1,universe
LEGN,2026-10-01,19.32,0.91,False,19.42,-0.132,-0.4,False,65.3,-0.31,65.6,False,4.72,3.82,16.7,-6.0,D 趨勢弱,False,10:56,327.9,升,32.0,6,False,10.0,0.2291,0.2205,,False,True,-0.52,-0.11,19.69,-1.92,-0.41,43.0,,OHLC,↓,LH/LL,次級回檔,False,273,1,universe
ZUMZ,2026-10-01,13.48,0.72,False,15.08,-0.122,-0.83,True,65.3,1.12,64.2,False,5.38,3.18,0.0,0.0,D 趨勢弱,False,10:24,311.9,升,23.0,3,False,10.0,0.0535,0.0303,,False,False,-11.89,-2.21,14.14,-4.9,-0.91,5.9,,OHLC,—,LH/LL,DT,True,273,1,universe
MU,2026-10-01,1097.39,47.29,True,994.35,6.795,0.42,False,62.9,-0.44,63.4,False,4.31,4.72,69.3,-2.3,E 延伸,False,1:24,42.1,升,73.0,10,False,10.0,5.8023,5.3699,,False,False,9.39,2.18,1053.98,3.96,0.92,26769.2,,OHLC,↑,HH/HL,UT,False,273,1,universe
AEIS,2026-10-01,294.11,13.71,False,273.77,-0.362,-0.45,True,62.7,0.32,62.4,False,4.66,4.42,37.5,2.4,C 基底修復,False,1:44,52.2,升,79.0,8,False,10.0,4.0445,3.384,,False,False,6.92,1.48,273.74,6.93,1.49,140.7,,OHLC,↑,HH/HL,UT,False,273,1,universe
NSLR,2026-10-01,7.47,0.41,False,8.48,-0.113,-0.7,False,60.8,-2.11,62.9,False,5.45,4.03,0.0,0.0,D 趨勢弱,True,8:49,264.6,跌,144.0,16,False,10.0,-0.0272,-0.0247,-0.2147,False,False,-13.53,-2.48,8.2,-9.77,-1.79,4.3,,OHLC,↓,LH/LL,DT,False,255,1,universe
UPB,2026-10-01,5.04,0.33,False,5.92,-0.081,-1.02,False,58.7,-1.69,60.4,False,6.49,3.43,0.0,0.0,D 趨勢弱,True,9:59,299.4,升,16.0,2,False,10.0,0.0056,0.0099,,False,False,-17.37,-2.67,5.36,-6.35,-0.98,3.6,,OHLC,—,LH/LL,DT,True,273,1,universe
LTBR,2026-10-01,6.28,0.37,False,7.08,-0.039,-0.65,True,58.3,0.74,57.6,False,5.94,4.06,0.0,0.0,D 趨勢弱,False,4:27,133.6,跌,24.0,3,False,10.0,-0.0112,-0.011,-0.1098,False,False,-12.79,-2.15,6.82,-8.6,-1.45,5.6,,OHLC,—,LH/LL,DT,True,273,1,universe
ONTO,2026-10-01,314.88,14.9,False,274.18,-0.364,-0.58,True,57.8,1.23,56.6,False,4.73,5.39,64.7,0.9,E 延伸,False,1:48,54.0,升,80.0,9,False,10.0,6.3472,5.8095,,False,False,12.92,2.73,,,,226.2,,OHLC,—,LH/LL,UT,False,273,1,universe
RXRX,2026-10-01,4.07,0.24,True,3.63,0.025,0.47,False,55.9,-0.07,56.0,False,5.89,4.65,31.6,-0.3,E 延伸,False,1:04,32.0,升,68.0,10,False,10.0,0.0462,0.0478,,False,False,10.83,1.84,3.7,9.09,1.54,79.0,,OHLC,↑,HH/HL,UT,False,273,1,universe
ACHR,2026-10-01,5.03,0.29,False,5.64,-0.043,-0.93,True,55.0,0.95,54.1,False,5.85,4.88,15.5,4.5,D 趨勢弱,False,5:14,157.0,跌,37.0,4,False,10.0,-0.0568,-0.0528,-0.1098,False,False,-12.15,-2.08,5.4,-7.36,-1.26,129.1,,OHLC,↓,LH/LL,DT,False,273,1,universe
AMPX,2026-10-01,9.61,0.61,False,9.81,-0.026,-0.68,False,55.0,-0.27,55.3,False,6.33,4.41,13.6,0.7,D 趨勢弱,False,2:10,64.8,升,86.0,10,False,10.0,0.0684,0.0735,,False,True,-2.03,-0.32,9.37,2.5,0.39,51.3,,OHLC,—,HH/HL,DT,False,273,1,universe
RNA,2026-10-01,8.14,0.55,False,10.55,-0.19,-1.06,False,54.8,-0.09,54.9,False,6.75,4.04,0.0,0.0,D 趨勢弱,True,8:49,264.6,跌,142.0,18,False,10.0,-0.0879,-0.1221,-0.4689,True,False,-29.6,-4.39,8.42,-3.44,-0.51,4.4,,OHLC,↓,LH/LL,DT,False,150,1,universe
GPCR,2026-10-01,28.98,2.21,False,39.61,-0.816,-1.4,False,52.5,-3.04,55.6,False,7.64,3.68,0.3,-2.0,D 趨勢弱,True,8:49,264.6,跌,180.0,30,False,10.0,-0.4165,-0.2523,-1.1738,False,False,-36.7,-4.8,36.91,-27.36,-3.58,53.2,,OHLC,↓,LH/LL,DT,False,273,1,universe
MRAM,2026-10-01,18.65,1.1,False,16.74,-0.019,-0.2,True,52.3,0.77,51.5,False,5.9,5.48,60.0,-1.5,E 延伸,False,11:30,345.0,升,42.0,9,False,10.0,0.3385,0.3583,,False,False,10.25,1.74,19.3,-3.49,-0.59,14.4,,OHLC,—,LH/LL,UT,False,273,1,universe
OKLO,2026-10-01,36.14,2.27,False,39.65,-0.152,-0.38,True,52.0,0.03,52.0,False,6.27,5.17,18.8,12.5,D 趨勢弱,False,3:42,110.9,跌,12.0,1,False,10.0,-0.038,0.0245,-0.4418,False,False,-9.72,-1.55,39.65,-9.71,-1.55,386.4,,OHLC,—,LH/LL,DT,True,273,1,universe
GRAL,2026-10-01,132.56,8.32,True,98.01,1.905,1.22,False,49.0,-1.84,50.8,False,6.28,5.92,61.8,-3.2,E 延伸,False,12:51,25.7,升,64.0,9,False,10.0,4.677,5.5703,,False,False,26.07,4.15,,,,148.0,,OHLC,—,LH/LL,自然回檔,False,273,1,universe
XE,2026-10-01,13.95,1.18,False,16.76,-0.134,-0.77,True,42.0,0.73,41.3,False,8.48,5.69,0.0,0.0,D 趨勢弱,False,5:09,154.3,跌,36.0,5,False,10.0,-0.1436,-0.1341,-0.4126,False,False,-20.13,-2.37,15.64,-12.11,-1.43,113.1,,OHLC,↓,LH/LL,DT,False,111,1,universe
MRNA,2026-10-01,188.94,13.65,True,154.43,0.492,0.43,False,24.7,-0.24,24.9,False,7.22,14.32,70.7,-1.1,E 延伸,False,11:57,358.4,升,49.0,8,False,10.0,0.7399,1.8745,,False,False,18.26,2.53,158.83,15.94,2.21,2490.2,,OHLC,—,LH/LL,自然回檔,False,273,1,universe
DOC,2026-10-01,19.44,0.39,False,20.62,-0.043,-0.3,False,92.3,-0.73,93.1,True,2.0,1.2,33.4,-4.9,C 基底修復,False,5:49,174.7,跌,47.0,4,False,11.0,-0.0563,-0.0184,-0.2453,False,False,-6.09,-3.04,20.72,-6.58,-3.29,106.0,,OHLC,↓,LH/LL,DT,False,273,1,universe
ALX,2026-10-01,243.83,5.32,False,256.53,-0.776,-0.61,False,90.5,-0.26,90.8,True,2.18,1.45,19.2,0.3,D 趨勢弱,False,12:09,4.4,升,52.0,4,False,11.0,0.2207,0.3019,,False,False,-5.21,-2.39,243.27,0.23,0.11,9.8,,OHLC,—,HH/HL,DT,True,273,1,universe
AIT,2026-10-01,339.39,7.59,False,326.43,-0.711,-0.69,False,90.2,-0.08,90.3,True,2.24,1.46,58.1,7.7,A 待突破,False,12:18,8.9,升,55.0,9,False,11.0,2.436,2.2974,,False,False,3.82,1.71,340.66,-0.37,-0.17,93.2,,OHLC,—,LH/LL,UT,False,273,1,universe
VRTX,2026-10-01,506.74,12.14,False,529.6,-1.477,-0.01,False,88.8,-0.43,89.2,True,2.4,1.61,37.6,-21.3,C 基底修復,False,3:36,107.8,跌,10.0,1,False,11.0,-0.9742,0.0271,-5.9548,False,False,-4.51,-1.88,529.89,-4.57,-1.91,520.7,,OHLC,—,LH/LL,自然回檔,True,273,1,universe
ENS,2026-10-01,189.59,5.52,False,181.17,-0.228,-0.76,False,83.0,-0.3,83.3,True,2.91,2.25,45.2,17.4,C 基底修復,False,12:02,0.8,升,50.0,9,False,11.0,1.819,1.3344,,False,False,4.44,1.53,187.49,1.11,0.38,98.1,,OHLC,—,HH/HL,自然反彈,False,273,1,universe
SHOO,2026-10-01,45.69,1.42,False,43.41,-0.058,-0.17,False,81.4,-0.02,81.4,True,3.1,2.37,56.1,5.4,B 上升結構,False,12:44,21.8,升,62.0,8,False,11.0,0.4222,0.4014,,False,False,4.99,1.61,43.4,5.01,1.61,52.0,,OHLC,↑,HH/HL,UT,False,273,1,universe
NPO,2026-10-01,315.91,10.38,False,299.93,-0.606,-0.38,False,80.5,-0.16,80.7,True,3.29,2.36,48.0,5.7,C 基底修復,False,1:54,56.9,升,82.0,10,False,11.0,3.1582,2.8751,,False,False,5.06,1.54,316.38,-0.15,-0.05,47.9,,OHLC,—,LH/LL,UT,False,273,1,universe
LPX,2026-10-01,64.55,2.29,False,67.85,-0.455,-0.59,False,79.1,-0.05,79.2,True,3.54,2.36,8.8,-7.7,D 趨勢弱,False,2:39,79.4,升,94.0,8,False,11.0,0.0803,0.1329,,False,False,-5.11,-1.44,67.29,-4.24,-1.2,74.3,,OHLC,↓,LH/LL,DT,False,273,1,universe
GEV,2026-10-01,987.45,36.28,True,935.57,0.359,-0.31,False,74.6,-0.56,75.2,False,3.67,3.08,48.7,-1.7,C 基底修復,False,2:14,66.8,升,87.0,11,False,11.0,7.4289,5.8624,,False,False,5.25,1.43,985.03,0.25,0.07,1989.6,,OHLC,↑,HH/HL,UT,False,273,1,universe
SNPS,2026-10-01,490.54,19.22,True,416.14,7.249,0.52,False,71.7,-3.31,75.1,False,3.92,3.38,39.8,10.1,E 延伸,False,11:51,355.4,升,47.0,8,False,11.0,8.2979,4.4802,,False,False,15.17,3.87,415.09,15.38,3.92,936.2,,OHLC,↑,HH/HL,UT,False,273,1,universe
PTON,2026-10-01,4.97,0.19,False,5.08,-0.014,-0.41,False,71.3,-0.09,71.4,False,3.91,3.47,25.8,4.4,D 趨勢弱,False,1:14,37.1,升,71.0,9,False,11.0,0.0368,0.0341,,False,True,-2.22,-0.57,4.92,1.01,0.26,48.2,,OHLC,↓,LH/LL,自然反彈,False,273,1,universe
WOOF,2026-10-01,2.2,0.1,False,2.54,-0.018,-0.64,False,71.1,-0.48,71.6,False,4.64,2.78,0.3,-10.1,D 趨勢弱,True,8:49,264.6,跌,237.0,27,False,11.0,-0.0067,-0.0052,-0.0336,False,False,-15.57,-3.36,2.4,-9.09,-1.96,7.1,,OHLC,↓,LH/LL,DT,False,273,1,universe
JOBY,2026-10-01,5.96,0.28,False,6.61,-0.06,-0.96,True,66.7,0.44,66.3,False,4.76,3.52,14.1,0.6,D 趨勢弱,False,12:05,2.5,升,51.0,8,False,11.0,0.0179,0.0229,,False,False,-10.87,-2.29,6.44,-8.05,-1.69,160.6,,OHLC,—,LH/LL,DT,True,273,1,universe
EOLS,2026-10-01,7.69,0.35,False,8.47,-0.026,-0.05,False,66.3,-0.89,67.2,False,4.5,3.85,47.1,-15.5,D 趨勢弱,True,8:49,264.6,跌,145.0,18,False,11.0,-0.0668,-0.0577,-0.2127,False,False,-10.2,-2.27,8.51,-10.66,-2.37,6.0,,OHLC,↓,LH/LL,DT,False,273,1,universe
ALNT,2026-10-01,115.95,5.6,True,100.21,0.221,0.1,False,63.4,-0.43,63.9,False,4.83,4.1,75.0,2.2,E 延伸,False,2:49,84.6,升,102.0,11,False,11.0,1.4156,1.493,,False,False,13.58,2.81,111.6,3.75,0.78,23.1,,OHLC,↑,HH/HL,自然反彈,False,273,1,universe
RH,2026-10-01,120.51,6.46,False,136.27,-1.269,-0.92,True,63.4,0.28,63.1,False,5.36,3.57,1.4,-8.6,D 趨勢弱,False,10:52,326.2,升,31.0,5,False,11.0,0.483,0.4147,,False,False,-13.08,-2.44,124.17,-3.04,-0.57,114.0,,OHLC,↓,LH/LL,DT,False,273,1,universe
BEAM,2026-10-01,24.39,1.38,False,26.33,-0.179,-0.29,True,60.5,0.52,60.0,False,5.68,3.86,0.2,-0.6,D 趨勢弱,False,10:40,320.2,升,28.0,3,False,11.0,0.0584,0.0388,,False,False,-7.97,-1.4,25.93,-6.31,-1.11,50.9,,OHLC,—,LH/LL,DT,True,273,1,universe
FN,2026-10-01,451.44,22.33,False,412.34,-2.415,-1.23,True,58.5,0.21,58.2,False,4.95,5.02,25.1,1.2,D 趨勢弱,False,2:49,84.6,升,145.0,10,False,11.0,8.9752,7.2006,,False,False,8.66,1.75,,,,311.5,,OHLC,—,LH/LL,UT,False,273,1,universe
BBW,2026-10-01,25.41,1.4,False,29.46,-0.192,-0.74,True,56.0,1.09,54.9,False,5.52,4.99,10.0,10.0,D 趨勢弱,False,10:03,301.5,升,17.0,5,False,11.0,0.2138,0.1654,,False,False,-15.93,-2.89,26.37,-3.78,-0.69,16.0,,OHLC,—,LH/LL,自然回檔,True,273,1,universe
XPOF,2026-10-01,4.66,0.29,False,4.36,-0.009,-0.37,True,52.4,0.81,51.5,False,6.31,5.05,17.6,7.6,D 趨勢弱,False,10:59,329.4,升,33.0,5,False,11.0,0.1412,0.1124,,False,False,6.51,1.03,,,,3.3,,OHLC,—,LH/LL,UT,False,273,1,universe
LUNR,2026-10-01,14.05,1.03,False,15.33,-0.187,-1.1,True,49.2,0.62,48.5,False,7.31,4.85,18.8,2.2,D 趨勢弱,False,3:25,102.7,跌,7.0,1,False,11.0,-0.012,0.0392,-0.2753,False,False,-9.14,-1.25,15.7,-11.74,-1.61,113.0,,OHLC,—,LH/LL,DT,True,273,1,universe
OUST,2026-10-01,40.87,2.62,False,37.36,-0.071,-0.5,True,47.8,0.19,47.6,False,6.42,6.09,45.1,0.5,E 延伸,False,1:34,47.1,升,76.0,10,False,11.0,0.6503,0.736,,False,False,8.58,1.34,40.0,2.13,0.33,83.6,,OHLC,↑,HH/HL,自然反彈,False,273,1,universe
ETON,2026-10-01,51.98,3.59,False,58.16,-0.627,-0.17,False,46.1,-0.05,46.1,False,6.9,6.08,44.4,1.3,D 趨勢弱,True,8:49,264.6,跌,329.0,23,False,11.0,-0.8251,-0.6169,-1.3132,False,False,-11.9,-1.72,57.07,-9.79,-1.42,32.4,,OHLC,↓,LH/LL,自然回檔,False,273,1,universe
MEI,2026-10-01,14.29,1.02,False,15.32,-0.023,-0.26,True,46.0,0.82,45.2,False,7.13,5.86,38.9,-9.5,D 趨勢弱,False,11:19,339.7,升,39.0,6,False,11.0,0.0793,0.0595,,False,False,-7.18,-1.01,14.65,-2.52,-0.35,10.5,,OHLC,—,LH/LL,自然反彈,True,273,1,universe
SLS,2026-10-01,11.33,0.94,False,12.95,-0.071,-0.16,False,42.4,-2.92,45.3,False,8.28,5.78,50.7,-9.4,D 趨勢弱,True,8:49,264.6,跌,144.0,22,False,11.0,-0.0382,-0.0225,-0.3703,False,False,-14.33,-1.73,11.37,-0.35,-0.04,77.5,,OHLC,—,HH/HL,自然回檔,True,273,1,universe
AEVA,2026-10-01,14.29,1.12,False,15.49,-0.199,-1.23,True,40.8,0.83,40.0,False,7.82,6.72,33.3,17.3,D 趨勢弱,False,2:49,84.6,升,110.0,11,False,11.0,0.0734,0.0718,,False,False,-8.38,-1.07,13.74,3.85,0.49,22.0,,OHLC,—,HH/HL,自然反彈,True,273,1,universe
QMCO,2026-10-01,31.88,2.48,True,26.53,0.449,0.76,False,37.0,-0.13,37.1,False,7.79,8.05,63.2,0.3,E 延伸,False,11:28,343.8,升,41.0,6,False,11.0,0.4866,0.5582,,False,False,16.8,2.16,23.03,27.77,3.57,47.2,,OHLC,↑,HH/HL,自然回檔,False,273,1,universe
ALIT,2026-10-01,9.06,0.92,False,12.45,-0.228,-0.98,True,36.6,1.46,35.1,False,10.11,5.88,0.0,0.0,D 趨勢弱,False,5:23,161.3,跌,40.0,5,False,11.0,-0.2553,-0.2527,-0.7783,False,False,-37.43,-3.7,12.91,-42.49,-4.2,5.7,,OHLC,↓,LH/LL,DT,False,273,1,universe
BBOT,2026-10-01,3.94,0.41,False,5.68,-0.22,-1.74,False,36.5,-0.08,36.6,False,10.48,5.53,0.0,0.0,D 趨勢弱,True,8:49,264.6,跌,336.0,29,False,11.0,-0.0136,-0.0508,-0.4988,True,False,-44.15,-4.21,4.1,-4.06,-0.39,4.0,,OHLC,↓,LH/LL,自然回檔,False,273,1,universe
AEHR,2026-10-01,101.6,8.54,False,91.26,-0.645,-0.67,True,34.3,1.02,33.3,False,8.41,8.43,60.0,0.0,E 延伸,False,2:49,84.6,升,118.0,10,False,11.0,1.3211,1.4074,,False,False,10.18,1.21,123.3,-21.36,-2.54,250.6,,OHLC,—,HH/HL,UT,True,273,1,universe
BRUN,2026-10-01,15.89,1.49,False,17.03,-0.147,-0.9,False,33.7,-0.97,34.7,False,9.35,7.73,42.9,-0.8,D 趨勢弱,False,12:08,3.9,升,52.0,10,False,11.0,0.1769,0.2276,,False,True,-7.16,-0.77,16.65,-4.78,-0.51,34.3,,OHLC,—,LH/LL,DT,True,255,1,universe
AXTI,2026-10-01,81.81,7.11,False,68.38,-0.106,-0.3,True,30.7,1.25,29.5,False,8.7,9.66,60.0,2.8,E 延伸,False,1:18,38.8,升,72.0,11,False,11.0,1.298,1.1935,,False,False,16.41,1.89,73.78,9.82,1.13,625.8,,OHLC,↑,HH/HL,UT,False,273,1,universe
APG,2026-10-01,40.01,1.14,False,38.67,-0.067,-0.49,False,86.4,-0.53,86.9,True,2.84,1.67,28.0,11.5,D 趨勢弱,False,1:03,31.4,升,67.0,7,False,12.0,0.3411,0.2457,,False,False,3.35,1.18,39.93,0.2,0.07,143.3,,OHLC,↓,LH/LL,自然反彈,False,273,1,universe
SVC,2026-10-01,6.37,0.24,False,7.11,-0.059,-1.0,False,79.6,-0.35,80.0,True,3.77,2.04,1.6,1.6,D 趨勢弱,False,10:50,324.9,升,30.0,4,False,12.0,0.013,0.0111,,False,False,-11.65,-3.09,6.74,-5.81,-1.54,10.2,,OHLC,↓,LH/LL,DT,False,273,1,universe
DGII,2026-10-01,73.39,2.79,False,72.89,-0.183,-0.32,False,74.6,-2.37,77.0,False,3.8,2.95,58.4,-13.5,C 基底修復,False,1:05,32.3,升,68.0,10,False,12.0,0.4471,0.7618,,False,True,0.67,0.18,67.69,7.77,2.04,27.5,,OHLC,—,LH/LL,自然回檔,False,273,1,universe
TBBK,2026-10-01,48.94,1.88,False,53.38,-0.587,-1.17,True,70.4,0.22,70.2,False,3.84,3.71,5.0,0.0,D 趨勢弱,False,10:55,327.6,升,32.0,3,False,12.0,0.1779,0.0645,,False,False,-9.08,-2.36,50.58,-3.35,-0.87,36.6,,OHLC,—,LH/LL,DT,True,273,1,universe
CIEN,2026-10-01,379.14,22.26,False,352.68,-0.593,-0.54,True,55.6,0.98,54.6,False,5.87,4.74,34.8,12.9,D 趨勢弱,False,2:49,84.6,升,147.0,11,False,12.0,4.5132,3.0411,,False,False,6.98,1.19,344.19,9.22,1.57,985.6,,OHLC,↑,HH/HL,UT,False,273,1,universe
OSS,2026-10-01,8.97,0.54,False,9.76,-0.143,-1.52,True,55.6,0.52,55.1,False,6.07,4.52,31.4,7.7,D 趨勢弱,False,1:20,39.9,升,72.0,10,False,12.0,0.1071,0.0974,,False,False,-8.84,-1.46,9.19,-2.45,-0.4,6.0,,OHLC,—,LH/LL,自然反彈,True,273,1,universe
CCXI,2026-10-01,11.62,0.75,False,12.89,-0.277,-1.62,True,55.3,1.33,54.0,False,6.45,4.22,16.9,2.2,D 趨勢弱,False,4:03,121.6,跌,18.0,2,False,12.0,-0.0322,-0.0144,-0.3133,False,False,-10.95,-1.7,12.33,-6.11,-0.95,27.9,,OHLC,↓,LH/LL,DT,False,163,1,universe
HYMC,2026-10-01,18.93,1.48,False,22.43,-0.313,-0.7,True,45.1,1.07,44.0,False,7.84,5.42,17.5,2.5,D 趨勢弱,False,4:20,130.0,跌,22.0,4,False,12.0,-0.1845,-0.1671,-0.5368,False,False,-18.48,-2.36,21.51,-13.63,-1.74,45.7,,OHLC,↓,LH/LL,DT,False,273,1,universe
KVUE,2026-10-01,17.22,0.34,False,18.23,-0.067,-0.57,False,92.3,-0.45,92.7,True,1.95,1.27,29.6,-3.7,C 基底修復,False,3:27,103.6,跌,8.0,1,False,13.0,-0.0058,0.0227,-0.1566,False,False,-5.85,-3.0,19.13,-11.09,-5.69,476.6,,OHLC,↓,LH/LL,DT,False,273,1,universe
BCPC,2026-10-01,163.69,3.32,False,170.28,-0.421,-0.48,False,92.1,-0.15,92.3,True,2.03,1.23,24.0,0.1,D 趨勢弱,False,4:03,121.3,跌,17.0,2,False,13.0,-0.1718,-0.0204,-1.7965,False,False,-4.02,-1.98,166.23,-1.55,-0.76,36.5,,OHLC,↓,LH/LL,DT,False,273,1,universe
KMB,2026-10-01,94.34,2.2,False,101.63,-0.545,-0.68,False,89.3,-0.7,90.0,True,2.33,1.57,9.0,-3.4,D 趨勢弱,False,10:34,316.8,升,26.0,4,False,13.0,0.0202,0.2101,,False,False,-7.73,-3.32,99.92,-5.91,-2.54,476.3,,OHLC,↓,LH/LL,DT,False,273,1,universe
GEHC,2026-10-01,63.98,1.5,False,67.36,-0.309,-0.71,False,85.5,-0.44,85.9,True,2.35,2.33,5.9,-0.9,D 趨勢弱,False,12:08,3.9,升,52.0,6,False,13.0,0.0908,0.2149,,False,False,-5.28,-2.25,65.76,-2.78,-1.19,241.3,,OHLC,—,LH/LL,DT,True,273,1,universe
CVCO,2026-10-01,577.2,17.95,False,553.38,-1.161,-0.31,False,83.9,-0.14,84.0,True,3.11,1.89,44.0,7.9,C 基底修復,False,12:29,14.7,升,58.0,8,False,13.0,4.7034,3.5651,,False,False,4.13,1.33,541.84,6.13,1.97,57.6,,OHLC,↑,HH/HL,UT,False,273,1,universe
HLMN,2026-10-01,6.94,0.25,False,7.34,-0.048,-1.0,False,76.7,-0.59,77.3,True,3.65,2.72,9.8,4.0,D 趨勢弱,False,11:58,359.2,升,50.0,8,False,13.0,0.0179,0.0212,,False,False,-5.73,-1.57,7.32,-5.48,-1.5,14.4,,OHLC,↓,LH/LL,DT,False,273,1,universe
CTKB,2026-10-01,5.81,0.25,True,5.14,0.043,0.68,False,73.1,-0.17,73.3,False,4.25,2.79,56.2,-3.7,E 延伸,False,2:49,84.6,升,104.0,13,False,13.0,0.0599,0.0752,,False,False,11.58,2.72,4.49,22.81,5.36,7.5,,OHLC,↑,HH/HL,自然回檔,False,273,1,universe
ILMN,2026-10-01,265.72,11.32,True,237.53,1.329,0.75,False,72.4,-0.43,72.8,False,4.26,2.91,63.2,-1.7,E 延伸,False,2:49,84.6,升,110.0,12,False,13.0,2.8404,3.9914,,False,False,10.61,2.49,238.82,10.12,2.38,995.9,,OHLC,↑,HH/HL,自然回檔,False,273,1,universe
MASS,2026-10-01,12.51,0.58,True,10.76,0.112,0.54,False,66.6,-0.18,66.7,False,4.67,3.63,59.3,-0.9,E 延伸,False,2:49,84.6,升,109.0,9,False,13.0,0.1686,0.1521,,False,False,13.96,2.99,,,,4.0,,OHLC,—,LH/LL,UT,False,273,1,universe
KMTS,2026-10-01,27.12,1.47,True,25.6,0.023,0.16,False,64.0,-2.83,66.8,False,5.43,3.39,57.7,-2.6,B 上升結構,False,2:49,84.6,升,100.0,8,False,13.0,0.367,0.4583,,False,False,5.6,1.03,24.08,11.19,2.06,10.9,,OHLC,↑,HH/HL,自然回檔,False,273,1,universe
GWRE,2026-10-01,155.32,8.3,False,164.34,-0.71,-0.48,False,58.0,-0.02,58.0,False,5.34,4.73,30.9,10.9,D 趨勢弱,True,9:22,280.9,升,6.0,1,False,13.0,0.2535,-0.733,,False,False,-5.81,-1.09,140.11,9.79,1.83,251.9,,OHLC,—,HH/HL,自然反彈,True,273,1,universe
ORIC,2026-10-01,12.52,0.74,False,13.06,-0.056,-0.1,False,56.5,-3.37,59.9,False,5.93,4.48,48.8,-5.5,C 基底修復,False,2:07,63.6,升,85.0,8,False,13.0,0.0021,0.0625,,False,True,-4.34,-0.73,13.47,-7.59,-1.28,19.6,,OHLC,—,LH/LL,自然回檔,False,273,1,universe
SDGR,2026-10-01,30.46,1.8,True,26.38,0.614,1.05,False,55.7,-0.6,56.3,False,5.92,4.66,59.0,-1.4,E 延伸,False,1:44,51.8,升,79.0,13,False,13.0,0.2454,0.3558,,False,False,13.4,2.26,29.02,4.73,0.8,73.1,,OHLC,↑,HH/HL,UT,False,273,1,universe
FDMT,2026-10-01,13.84,0.96,False,14.77,-0.106,0.09,False,52.7,-0.57,53.3,False,6.93,4.33,60.0,-7.0,B 上升結構,False,5:19,159.7,跌,39.0,6,False,13.0,-0.1498,-0.1087,-0.3226,False,True,-6.7,-0.97,15.39,-11.2,-1.62,13.7,,OHLC,—,HH/HL,DT,False,273,1,universe
ALMR,2026-10-01,32.46,2.2,False,32.42,-0.095,-0.02,False,49.7,-1.55,51.3,False,6.77,5.24,42.7,-1.6,B 上升結構,False,12:32,15.9,升,59.0,10,False,13.0,0.0977,0.1883,,False,True,0.14,0.02,32.7,-0.74,-0.11,16.2,,OHLC,↑,HH/HL,自然回檔,False,116,1,universe
TEM,2026-10-01,76.5,5.03,True,71.14,1.271,0.73,False,48.7,-2.51,51.2,False,6.58,5.7,40.0,-3.0,E 延伸,False,2:44,82.2,升,96.0,11,False,13.0,0.1417,0.7801,,False,False,7.01,1.06,76.59,-0.12,-0.02,513.3,,OHLC,↑,HH/HL,自然回檔,False,273,1,universe
RUM,2026-10-01,7.64,0.61,False,8.59,-0.021,0.03,True,47.1,0.45,46.7,False,7.93,4.77,35.1,5.1,D 趨勢弱,False,5:48,174.0,跌,47.0,7,False,13.0,-0.1552,-0.1492,-0.2918,False,False,-12.45,-1.57,8.6,-12.57,-1.59,49.6,,OHLC,↓,LH/LL,DT,False,273,1,universe
WGS,2026-10-01,70.96,6.13,False,87.67,-0.384,-0.12,False,46.3,-0.05,46.3,False,8.64,4.29,11.7,-1.1,D 趨勢弱,True,6:52,205.9,跌,64.0,7,False,13.0,-3.1769,-2.8288,-3.1769,False,False,-23.54,-2.73,,,,68.2,,OHLC,—,HH/HL,DT,False,273,1,universe
ALOY,2026-10-01,8.11,0.69,False,9.56,-0.16,-1.58,True,37.7,0.78,36.9,False,8.49,7.1,18.7,0.3,D 趨勢弱,False,11:01,330.6,升,34.0,6,False,13.0,0.0134,0.0116,,False,False,-17.85,-2.1,8.9,-9.74,-1.15,17.8,,OHLC,↓,LH/LL,自然反彈,False,273,1,universe
GRML,2026-10-01,9.11,2.43,False,11.53,-0.017,0.07,False,6.7,-0.92,7.7,False,26.71,21.17,15.0,0.0,E 延伸,False,1:22,40.9,升,73.0,9,False,13.0,0.5027,0.7842,,False,True,-26.62,-1.0,11.19,-22.83,-0.85,267.7,,OHLC,—,HH/HL,DT,False,273,1,universe
FR,2026-10-01,58.87,0.99,False,61.61,-0.151,-0.42,False,94.4,-0.14,94.5,True,1.68,1.01,22.1,-3.1,D 趨勢弱,False,3:52,115.9,跌,14.0,2,False,14.0,-0.1625,-0.0606,-0.5355,False,False,-4.65,-2.77,61.13,-3.84,-2.29,67.1,,OHLC,↓,LH/LL,DT,False,273,1,universe
SHW,2026-10-01,320.78,8.14,False,330.45,-1.091,-0.54,False,86.7,-0.08,86.7,True,2.54,1.91,23.9,1.2,D 趨勢弱,False,11:55,357.3,升,49.0,7,False,14.0,0.7569,1.1761,,False,False,-3.02,-1.19,320.4,0.12,0.05,559.6,,OHLC,↑,HH/HL,自然回檔,False,273,1,universe
ALH,2026-10-01,21.23,0.68,False,22.52,-0.385,-1.04,False,83.2,-0.14,83.3,True,3.2,1.93,25.8,1.7,D 趨勢弱,False,12:25,12.3,升,57.0,10,False,14.0,0.1223,0.1422,,False,False,-6.06,-1.89,21.61,-1.79,-0.56,22.4,,OHLC,—,LH/LL,DT,True,246,1,universe
ICUI,2026-10-01,157.18,4.65,False,165.76,-0.926,-0.74,False,83.0,-0.27,83.3,True,2.96,2.21,40.6,-2.2,C 基底修復,False,11:49,354.7,升,47.0,6,False,14.0,0.4722,0.8272,,False,False,-5.46,-1.84,167.67,-6.67,-2.25,41.0,,OHLC,↓,LH/LL,DT,False,273,1,universe
SYK,2026-10-01,272.96,7.99,False,291.57,-1.688,-1.15,False,81.9,-0.01,81.9,True,2.93,2.45,1.0,0.9,D 趨勢弱,False,10:51,325.4,升,31.0,4,False,14.0,1.4356,1.3799,,False,False,-6.82,-2.33,278.77,-2.13,-0.73,893.6,,OHLC,—,LH/LL,自然回檔,True,273,1,universe
CCS,2026-10-01,60.16,1.98,False,63.59,-0.316,-0.57,False,81.3,-0.5,81.8,True,3.28,2.21,26.9,3.4,C 基底修復,False,1:52,55.8,升,81.0,8,False,14.0,0.0817,0.1157,,False,False,-5.7,-1.73,61.4,-2.06,-0.63,16.8,,OHLC,—,HH/HL,DT,False,273,1,universe
SW,2026-10-01,43.04,1.42,False,45.88,-0.21,-0.47,False,79.0,-0.4,79.4,True,3.31,2.62,26.1,-11.5,C 基底修復,False,3:33,106.6,跌,9.0,1,False,14.0,-0.0725,0.0469,-0.7619,False,False,-6.61,-2.0,45.48,-5.67,-1.72,192.6,,OHLC,↓,LH/LL,DT,False,273,1,universe
SLVM,2026-10-01,33.17,1.23,False,35.4,-0.247,-0.72,False,78.2,-0.66,78.8,True,3.7,2.38,11.1,5.1,D 趨勢弱,False,4:38,139.1,跌,27.0,3,False,14.0,-0.2432,-0.1926,-0.2489,False,False,-6.71,-1.81,35.97,-8.44,-2.28,12.2,,OHLC,↓,LH/LL,DT,False,273,1,universe
IP,2026-10-01,32.52,1.18,False,35.99,-0.266,-0.89,False,77.2,-0.39,77.6,True,3.62,2.65,9.2,1.7,D 趨勢弱,False,3:48,114.0,跌,13.0,2,False,14.0,-0.0806,-0.0239,-0.6563,False,False,-10.67,-2.95,35.55,-9.32,-2.57,187.2,,OHLC,↓,LH/LL,DT,False,273,1,universe
ARE,2026-10-01,47.03,1.8,False,51.98,-0.146,0.05,False,75.8,-0.13,75.9,True,3.82,2.71,12.8,-0.2,D 趨勢弱,False,5:19,159.4,跌,39.0,6,False,14.0,-0.7168,-0.6633,-0.7168,False,False,-10.53,-2.75,53.03,-12.76,-3.34,96.9,,OHLC,↓,LH/LL,DT,False,273,1,universe
CRCT,2026-10-01,6.52,0.22,True,5.78,0.039,0.55,False,74.3,-0.29,74.6,False,3.33,3.47,59.0,-12.7,E 延伸,False,11:36,347.8,升,43.0,6,False,14.0,0.0728,0.067,,False,False,11.21,3.36,5.68,12.82,3.85,4.0,,OHLC,↑,HH/HL,UT,False,273,1,universe
LULU,2026-10-01,95.86,4.13,False,105.89,-0.385,-0.45,True,70.0,0.38,69.6,False,4.31,3.32,0.0,0.0,D 趨勢弱,False,12:14,6.9,升,54.0,7,False,14.0,0.1075,0.1876,,False,False,-10.47,-2.43,100.3,-4.63,-1.08,811.7,,OHLC,—,LH/LL,DT,True,273,1,universe
PRAA,2026-10-01,18.86,0.92,False,19.65,-0.025,-0.1,False,69.6,-0.65,70.2,False,4.9,2.82,41.5,-12.0,C 基底修復,False,3:50,115.2,跌,14.0,3,False,14.0,-0.1518,-0.086,-0.1855,False,True,-4.2,-0.86,20.65,-9.49,-1.94,9.7,,OHLC,↓,LH/LL,DT,False,273,1,universe
VSXY,2026-10-01,88.51,3.91,False,80.35,-0.056,-0.02,True,69.0,0.84,68.2,False,4.42,3.41,78.0,8.4,B 上升結構,False,2:49,84.6,升,100.0,9,False,14.0,1.5196,1.599,,False,False,9.22,2.09,,,,166.2,,OHLC,—,LH/LL,UT,False,255,1,universe
ARQT,2026-10-01,25.29,1.27,False,25.37,-0.011,0.1,False,68.6,-1.17,69.8,False,5.02,2.88,31.6,-15.6,C 基底修復,False,2:49,84.6,升,117.0,14,False,14.0,0.0897,0.2209,,False,True,-0.3,-0.06,27.64,-9.27,-1.85,89.7,,OHLC,—,LH/LL,DT,True,273,1,universe
SONO,2026-10-01,17.75,0.67,True,16.1,0.051,0.59,False,68.3,-0.13,68.4,False,3.75,4.21,47.7,-1.9,E 延伸,False,2:36,78.0,升,93.0,12,False,14.0,0.1916,0.2371,,False,False,9.3,2.48,18.24,-2.76,-0.74,34.7,,OHLC,—,LH/LL,自然回檔,False,273,1,universe
PGEN,2026-10-01,8.21,0.44,True,7.52,0.052,0.79,False,63.7,-1.42,65.1,False,5.33,3.55,62.5,-2.5,E 延伸,False,2:49,84.6,升,135.0,11,False,14.0,0.0637,0.0707,,False,False,8.38,1.57,7.44,9.38,1.76,37.3,,OHLC,↑,HH/HL,自然回檔,False,273,1,universe
FNKO,2026-10-01,5.6,0.31,False,5.86,-0.021,-0.32,False,62.6,-0.78,63.4,False,5.46,3.64,53.9,8.2,C 基底修復,False,10:55,327.6,升,32.0,4,False,14.0,0.0228,0.0063,,False,True,-4.56,-0.84,5.32,5.0,0.92,6.1,,OHLC,—,HH/HL,自然反彈,True,273,1,universe
PDEX,2026-10-01,65.36,3.66,False,67.43,-0.013,0.13,False,59.5,-2.11,61.6,False,5.6,4.15,61.9,-11.5,C 基底修復,False,3:59,119.4,跌,16.0,2,False,14.0,-0.458,-0.061,-0.794,False,True,-3.17,-0.57,67.98,-4.01,-0.72,5.5,,OHLC,↓,LH/LL,DT,False,273,1,universe
PL,2026-10-01,16.14,1.0,False,17.93,-0.114,-0.66,True,59.3,0.69,58.6,False,6.21,3.58,7.4,-0.4,D 趨勢弱,False,2:37,78.3,升,94.0,9,False,14.0,0.1854,0.2118,,False,False,-11.06,-1.78,16.38,-1.49,-0.24,228.8,,OHLC,—,HH/HL,自然回檔,True,273,1,universe
FOSL,2026-10-01,6.8,0.39,True,5.55,0.072,0.37,False,57.3,-0.76,58.1,False,5.74,4.48,65.0,0.0,E 延伸,False,2:49,84.6,升,113.0,11,False,14.0,0.1183,0.1016,,False,False,18.42,3.21,5.85,13.97,2.43,4.5,,OHLC,↑,HH/HL,UT,False,273,1,universe
STTK,2026-10-01,6.84,0.43,False,6.58,-0.004,-0.12,False,57.1,-0.58,57.7,False,6.34,3.92,52.4,3.1,C 基底修復,False,1:26,42.9,升,74.0,6,False,14.0,0.1035,0.0854,,False,True,3.79,0.6,5.85,14.47,2.28,9.3,,OHLC,↑,HH/HL,UT,False,273,1,universe
SPIR,2026-10-01,10.97,0.77,False,12.2,-0.078,-0.47,True,52.1,0.16,51.9,False,7.01,4.42,11.3,6.3,D 趨勢弱,False,3:25,102.7,跌,7.0,1,False,14.0,-0.0195,0.0102,-0.1959,False,False,-11.18,-1.59,11.66,-6.29,-0.9,7.6,,OHLC,↓,LH/LL,DT,False,273,1,universe
FLY,2026-10-01,22.85,1.69,False,22.37,-0.034,-0.19,False,49.4,-0.27,49.6,False,7.41,4.7,19.5,-0.9,D 趨勢弱,False,11:37,348.6,升,44.0,11,False,14.0,0.2374,0.3005,,False,True,2.09,0.28,21.9,4.16,0.56,70.1,,OHLC,↑,HH/HL,自然回檔,False,273,1,universe
IOVA,2026-10-01,14.23,0.85,True,10.42,0.242,1.96,False,44.2,-0.9,45.1,False,5.98,7.54,62.6,-2.4,E 延伸,False,2:49,84.6,升,120.0,12,False,14.0,0.414,0.4015,,False,False,26.81,4.49,10.19,28.39,4.75,210.2,,OHLC,↑,HH/HL,自然回檔,False,273,1,universe
EBF,2026-10-01,22.55,0.43,False,21.67,-0.014,0.04,False,93.8,-0.16,94.0,True,1.88,0.95,61.3,-1.6,A 待突破,False,2:49,84.6,升,131.0,11,False,,0.1254,0.1323,,False,False,3.91,2.07,21.09,6.47,3.43,3.8,,OHLC,↑,HH/HL,UT,False,273,1,universe
GATX,2026-10-01,168.88,4.55,False,178.01,-0.539,-0.11,False,89.2,-0.04,89.2,True,2.7,1.22,17.8,-0.2,D 趨勢弱,False,4:07,123.5,跌,19.0,2,False,,-1.1381,-0.6465,-1.1381,False,False,-5.41,-2.01,,,,46.5,,OHLC,—,HH/HL,DT,False,273,1,universe
LYV,2026-10-01,166.85,4.04,False,173.7,-0.556,-0.58,False,89.2,-0.79,90.0,True,2.42,1.48,39.4,-1.2,C 基底修復,False,1:00,30.0,升,67.0,6,False,,0.1833,0.3771,,False,False,-4.1,-1.69,171.68,-2.89,-1.19,347.7,,OHLC,—,LH/LL,自然回檔,True,273,1,universe
IIPR,2026-10-01,51.0,1.28,False,55.66,-0.242,-0.59,False,89.1,-1.07,90.2,True,2.5,1.43,13.8,-3.7,D 趨勢弱,False,4:56,148.2,跌,32.0,4,False,,-0.38,-0.2,-0.5632,False,False,-9.13,-3.65,56.74,-11.25,-4.5,23.4,,OHLC,↓,LH/LL,DT,False,273,1,universe
CHCT,2026-10-01,14.09,0.29,False,14.6,-0.03,-0.39,False,87.1,-0.06,87.1,True,2.08,2.27,9.6,-1.8,D 趨勢弱,False,2:49,84.6,升,242.0,26,False,,0.0372,0.0481,,False,False,-3.61,-1.73,14.48,-2.77,-1.33,5.1,,OHLC,↓,LH/LL,DT,False,273,1,universe
GBX,2026-10-01,40.09,1.13,False,42.91,-0.173,-0.64,False,85.3,-0.1,85.4,True,2.81,1.91,10.5,6.5,D 趨勢弱,False,4:01,120.6,跌,17.0,2,False,,-0.1009,-0.0455,-0.5899,False,False,-7.03,-2.5,43.04,-7.36,-2.62,17.4,,OHLC,↓,LH/LL,DT,False,273,1,universe
BXMT,2026-10-01,11.3,0.37,False,13.2,-0.139,-1.33,False,82.5,-0.12,82.6,True,3.25,2.01,0.0,0.0,D 趨勢弱,False,5:53,176.5,跌,48.0,7,False,,-0.1328,-0.1031,-0.2562,False,False,-16.81,-5.17,13.5,-19.47,-5.99,34.2,,OHLC,↓,LH/LL,DT,False,273,1,universe
TME,2026-10-01,7.77,0.24,False,8.34,-0.035,-0.51,False,80.6,-0.41,81.0,True,3.08,2.55,18.7,-2.2,D 趨勢弱,False,11:42,351.0,升,45.0,9,False,,0.0139,0.0369,,False,False,-7.34,-2.39,8.11,-4.38,-1.42,58.2,,OHLC,↓,LH/LL,DT,False,273,1,universe
ISRG,2026-10-01,401.24,10.97,False,380.71,-0.061,0.12,False,79.9,-0.13,80.1,True,2.73,3.02,26.3,-0.8,D 趨勢弱,False,2:49,84.6,升,147.0,14,False,,2.28,3.3146,,False,False,5.12,1.87,391.92,2.32,0.85,927.4,,OHLC,↑,HH/HL,自然回檔,False,273,1,universe
MCS,2026-10-01,27.11,0.86,False,28.3,-0.126,-0.39,False,78.4,-1.42,79.9,True,3.17,2.87,67.4,-2.6,C 基底修復,False,3:26,103.2,跌,7.0,1,False,,-0.0112,0.067,-0.5335,False,False,-4.39,-1.39,31.15,-14.9,-4.7,6.3,,OHLC,↓,LH/LL,DT,False,273,1,universe
LZB,2026-10-01,29.44,0.93,False,31.17,-0.413,-1.46,False,78.1,-0.2,78.3,True,3.15,2.94,9.1,0.4,D 趨勢弱,False,2:49,84.6,升,153.0,13,False,,0.2202,0.2292,,False,False,-5.89,-1.87,30.66,-4.14,-1.31,24.5,,OHLC,—,LH/LL,DT,True,273,1,universe
MATW,2026-10-01,18.58,0.67,False,20.26,-0.089,-0.77,False,77.3,-0.6,77.9,True,3.63,2.62,6.2,-1.2,D 趨勢弱,False,2:49,84.6,升,118.0,20,False,,0.0553,0.0938,,False,False,-9.04,-2.49,19.52,-5.06,-1.39,23.0,,OHLC,↓,LH/LL,DT,False,273,1,universe
TCMD,2026-10-01,21.71,0.74,False,22.65,-0.074,-0.47,False,76.0,-0.1,76.0,True,3.41,3.1,33.3,0.1,D 趨勢弱,False,2:49,84.6,升,144.0,16,False,,0.1063,0.1695,,False,False,-4.31,-1.26,22.89,-5.44,-1.59,6.2,,OHLC,↓,LH/LL,DT,False,273,1,universe
CE,2026-10-01,44.2,1.86,False,45.92,-0.065,0.03,False,74.8,-0.26,75.1,False,4.21,2.5,15.3,1.9,D 趨勢弱,False,5:19,159.7,跌,39.0,3,False,,-0.2441,-0.1616,-0.2441,False,True,-3.89,-0.92,47.22,-6.83,-1.62,91.3,,OHLC,—,LH/LL,自然回檔,False,273,1,universe
MPTI,2026-10-01,76.96,3.13,False,76.91,-0.292,-0.63,False,74.3,-0.15,74.5,False,4.07,2.74,48.3,-3.7,C 基底修復,False,2:49,84.6,升,118.0,16,False,,0.5833,0.5467,,False,True,0.06,0.01,78.47,-1.96,-0.48,6.2,,OHLC,—,LH/LL,自然反彈,True,273,1,universe
AXSM,2026-10-01,182.07,7.72,False,203.3,-1.146,-0.76,True,74.0,0.57,73.4,False,4.24,2.63,21.0,-4.4,D 趨勢弱,False,5:32,166.0,跌,42.0,7,False,,-2.2323,-2.0626,-2.8779,False,False,-11.66,-2.75,218.2,-19.84,-4.68,141.5,,OHLC,↓,LH/LL,DT,False,273,1,universe
ARDX,2026-10-01,3.38,0.13,False,3.61,-0.017,-0.69,True,73.6,0.11,73.5,False,3.88,3.06,4.9,-0.6,D 趨勢弱,False,2:49,84.6,升,256.0,25,False,,0.0252,0.0265,,False,False,-6.89,-1.78,3.62,-7.1,-1.83,14.7,,OHLC,—,LH/LL,DT,True,273,1,universe
FND,2026-10-01,46.03,1.94,False,48.86,-0.38,-0.81,True,73.2,0.39,72.8,False,4.22,2.81,11.4,5.3,D 趨勢弱,False,12:26,13.1,升,57.0,9,False,,0.1837,0.1952,,False,False,-6.15,-1.46,48.13,-4.56,-1.08,121.4,,OHLC,↓,LH/LL,DT,False,273,1,universe
SITC,2026-10-01,3.5,0.11,True,3.07,0.063,1.01,False,72.8,-0.92,73.7,False,3.14,3.96,10.0,-0.8,E 延伸,False,2:49,84.6,升,121.0,30,False,,0.0806,0.0656,,False,False,12.4,3.95,2.97,15.14,4.83,4.1,,OHLC,↑,HH/HL,UT,False,273,1,universe
TDAY,2026-10-01,7.06,0.3,True,6.46,0.039,-0.18,False,72.2,-3.68,75.9,False,4.23,2.98,39.8,-0.4,C 基底修復,False,2:49,84.6,升,286.0,20,False,,0.0826,0.0385,,False,False,8.56,2.02,6.22,11.9,2.81,15.0,,OHLC,—,HH/HL,自然反彈,False,273,1,universe
FIX,2026-10-01,1685.29,68.94,False,1614.49,-1.877,-0.32,True,71.2,0.48,70.7,False,4.09,3.31,64.1,9.1,B 上升結構,False,2:49,84.6,升,131.0,18,False,,11.0241,10.1594,,False,False,4.2,1.03,1570.0,6.84,1.67,507.8,,OHLC,—,HH/HL,UT,True,273,1,universe
ONON,2026-10-01,30.2,1.12,False,28.8,-0.009,-0.22,True,71.2,0.78,70.5,False,3.72,3.67,6.1,-5.0,D 趨勢弱,False,2:49,84.6,升,126.0,15,False,,0.479,0.4968,,False,False,4.62,1.24,27.47,9.04,2.43,340.3,,OHLC,—,LH/LL,自然反彈,False,273,1,universe
PZZA,2026-10-01,19.6,0.81,False,21.41,-0.126,-0.83,True,71.2,0.56,70.7,False,4.12,3.28,1.3,1.3,D 趨勢弱,False,2:05,62.5,升,85.0,9,False,,0.1588,0.1676,,False,False,-9.24,-2.24,20.33,-3.72,-0.9,31.9,,OHLC,—,LH/LL,DT,True,273,1,universe
FINV,2026-10-01,3.02,0.13,False,3.5,-0.018,-0.77,True,71.0,0.94,70.0,False,4.18,3.27,6.0,6.0,D 趨勢弱,False,2:14,67.1,升,87.0,12,False,,0.0163,0.015,,False,False,-15.95,-3.82,3.38,-11.92,-2.85,3.7,,OHLC,↓,LH/LL,DT,False,273,1,universe
LIND,2026-10-01,33.63,1.42,True,28.25,0.235,-0.12,False,71.0,-0.77,71.8,False,4.22,3.22,63.5,3.8,E 延伸,False,2:49,84.6,升,110.0,11,False,,0.7985,0.6375,,False,False,15.98,3.78,32.84,2.35,0.56,25.7,,OHLC,↑,HH/HL,UT,False,273,1,universe
IPGP,2026-10-01,83.66,3.37,True,76.27,0.055,-0.32,False,70.5,-0.2,70.7,False,4.03,3.51,24.3,2.2,D 趨勢弱,False,2:49,84.6,升,216.0,24,False,,0.9287,0.6133,,False,False,8.83,2.19,74.9,10.47,2.6,31.5,,OHLC,↑,HH/HL,UT,False,273,1,universe
GFS,2026-10-01,48.68,1.98,False,46.13,-0.043,-0.34,True,70.4,1.04,69.3,False,4.06,3.5,34.8,17.5,D 趨勢弱,False,2:49,84.6,升,729.0,41,False,,0.6039,0.6176,,False,False,5.23,1.29,46.42,4.64,1.14,179.8,,OHLC,—,HH/HL,自然回檔,True,273,1,universe
CVLT,2026-10-01,147.77,5.79,True,140.21,0.373,0.18,False,68.8,-0.1,68.8,False,3.92,3.95,43.3,-5.3,C 基底修復,False,1:23,41.6,升,73.0,14,False,,0.4281,0.6238,,False,False,5.12,1.31,145.54,1.51,0.39,85.0,,OHLC,—,HH/HL,自然反彈,True,273,1,universe
JBLU,2026-10-01,4.15,0.19,False,4.56,-0.026,-0.92,True,68.6,0.22,68.4,False,4.52,3.37,17.8,0.9,D 趨勢弱,False,2:17,68.4,升,88.0,11,False,,0.0134,0.0201,,False,False,-9.96,-2.2,4.57,-10.12,-2.24,78.8,,OHLC,↓,LH/LL,DT,False,273,1,universe
CLFD,2026-10-01,32.17,1.22,True,29.57,0.122,0.26,False,68.0,-0.05,68.1,False,3.79,4.23,25.9,-5.3,D 趨勢弱,False,2:49,84.6,升,236.0,37,False,,0.2087,0.1571,,False,False,8.07,2.13,30.46,5.32,1.4,4.2,,OHLC,↑,HH/HL,UT,False,273,1,universe
EIX,2026-10-01,53.8,2.09,False,57.72,-0.275,-0.97,True,67.8,0.69,67.1,False,3.89,4.18,6.5,-8.0,D 趨勢弱,False,12:01,0.7,升,50.0,8,False,,0.4699,0.369,,False,False,-7.28,-1.87,58.8,-9.29,-2.39,291.8,,OHLC,—,LH/LL,自然反彈,True,273,1,universe
COLL,2026-10-01,21.84,1.01,False,23.76,-0.224,-1.01,True,67.5,0.31,67.2,False,4.62,3.49,6.0,2.3,D 趨勢弱,False,2:49,84.6,升,112.0,12,False,,0.2276,0.2486,,False,False,-8.81,-1.91,23.04,-5.49,-1.19,20.9,,OHLC,—,LH/LL,DT,True,273,1,universe
DY,2026-10-01,269.96,12.75,False,304.17,-2.726,-1.12,True,67.0,0.71,66.3,False,4.72,3.49,9.0,1.6,D 趨勢弱,False,2:49,84.6,升,153.0,14,False,,2.3403,2.0732,,False,False,-12.67,-2.68,291.8,-8.09,-1.71,186.3,,OHLC,↓,LH/LL,DT,False,273,1,universe
AMSC,2026-10-01,29.5,1.37,False,29.39,-0.04,-0.19,False,66.8,-0.37,67.1,False,4.64,3.62,11.7,-1.9,D 趨勢弱,False,2:49,84.6,升,105.0,20,False,,0.0945,0.1092,,False,True,0.37,0.08,28.83,2.27,0.49,20.6,,OHLC,—,HH/HL,DT,False,273,1,universe
DIOD,2026-10-01,97.49,4.16,False,91.84,-0.067,-0.57,True,65.0,0.78,64.2,False,4.27,4.34,62.4,-5.0,C 基底修復,False,2:49,84.6,升,114.0,15,False,,0.7031,0.7271,,False,False,5.8,1.36,97.19,0.31,0.07,44.8,,OHLC,—,HH/HL,UT,True,273,1,universe
CLOV,2026-10-01,4.23,0.21,False,4.45,-0.002,-0.01,True,64.9,0.13,64.8,False,4.98,3.64,59.1,1.3,C 基底修復,False,5:17,158.5,跌,38.0,5,False,,-0.0426,-0.0355,-0.0482,False,False,-5.19,-1.04,,,,18.8,,OHLC,—,HH/HL,DT,False,273,1,universe
KTOS,2026-10-01,42.82,2.28,False,48.2,-0.553,-1.47,True,64.2,0.62,63.6,False,5.33,3.43,1.8,1.8,D 趨勢弱,False,5:01,150.6,跌,34.0,4,False,,-0.2748,-0.2739,-1.4353,False,False,-12.57,-2.36,48.59,-13.48,-2.53,190.9,,OHLC,↓,LH/LL,DT,False,273,1,universe
MTRN,2026-10-01,285.14,11.11,True,248.08,1.093,-0.15,False,62.3,-1.01,63.3,False,3.9,5.27,72.5,2.3,E 延伸,False,2:49,84.6,升,121.0,18,False,,3.3109,2.3743,,False,False,13.0,3.34,278.26,2.41,0.62,63.0,,OHLC,↑,HH/HL,UT,False,273,1,universe
SEPN,2026-10-01,38.05,1.9,False,38.96,-0.221,-0.81,False,62.3,-0.53,62.8,False,5.0,4.16,56.4,-9.8,C 基底修復,False,3:22,101.2,跌,6.0,1,False,,-0.0117,0.0531,-0.892,False,True,-2.4,-0.48,38.44,-1.02,-0.2,13.5,,OHLC,—,HH/HL,自然回檔,True,273,1,universe
ARKO,2026-10-01,4.11,0.18,False,4.46,-0.016,-0.5,True,62.2,0.6,61.6,False,4.43,4.75,16.3,1.0,D 趨勢弱,False,2:49,84.6,升,170.0,26,False,,0.0413,0.0439,,False,False,-8.45,-1.91,4.34,-5.47,-1.24,3.9,,OHLC,—,LH/LL,DT,True,273,1,universe
TRIP,2026-10-01,8.38,0.39,False,9.01,-0.059,-0.74,True,62.2,0.67,61.5,False,4.67,4.51,3.5,0.6,D 趨勢弱,False,2:49,84.6,升,133.0,21,False,,0.0704,0.0646,,False,False,-7.61,-1.63,9.23,-10.21,-2.19,40.3,,OHLC,↓,LH/LL,自然反彈,False,273,1,universe
AAP,2026-10-01,38.74,1.85,False,42.66,-0.539,-1.18,True,61.3,0.84,60.5,False,4.78,4.59,5.6,-1.6,D 趨勢弱,False,2:49,84.6,升,118.0,17,False,,0.0123,0.0513,,False,False,-10.11,-2.12,42.66,-10.12,-2.12,74.6,,OHLC,↓,LH/LL,DT,False,273,1,universe
AVAV,2026-10-01,140.31,8.17,False,150.46,-0.569,-0.45,True,60.2,0.47,59.7,False,5.83,3.77,22.3,1.5,D 趨勢弱,False,5:00,150.0,跌,33.0,3,False,,-1.2524,-0.9106,-4.6195,False,False,-7.23,-1.24,152.28,-8.53,-1.46,350.5,,OHLC,↓,LH/LL,DT,False,273,1,universe
LTRX,2026-10-01,7.06,0.39,True,5.93,0.017,0.38,False,60.1,-0.06,60.1,False,5.53,4.1,42.4,-2.4,E 延伸,False,2:49,84.6,升,119.0,11,False,,0.1685,0.1981,,False,False,15.94,2.89,7.54,-6.8,-1.23,7.5,,OHLC,—,LH/LL,自然回檔,False,273,1,universe
HPE,2026-10-01,64.58,3.61,True,56.78,0.251,0.22,False,59.9,-0.09,60.0,False,5.6,4.07,75.0,10.0,E 延伸,False,2:49,84.6,升,98.0,17,False,,0.2544,0.2377,,False,False,12.07,2.16,61.49,4.78,0.86,1516.5,,OHLC,—,HH/HL,UT,True,273,1,universe
LIF,2026-10-01,40.3,1.86,False,42.37,-0.164,-1.04,True,59.4,0.04,59.4,False,4.63,5.14,21.3,2.3,D 趨勢弱,False,2:49,84.6,升,110.0,15,False,,0.2485,0.2335,,False,False,-5.14,-1.11,41.26,-2.38,-0.51,23.4,,OHLC,—,LH/LL,自然回檔,True,273,1,universe
AIP,2026-10-01,24.01,1.29,False,22.61,-0.027,-0.33,True,59.3,1.87,57.4,False,5.39,4.4,27.4,-8.4,E 延伸,False,2:49,84.6,升,162.0,18,False,,0.3952,0.4092,,False,False,5.84,1.08,22.54,6.12,1.14,15.7,,OHLC,—,HH/HL,UT,True,273,1,universe
STUB,2026-10-01,5.59,0.32,False,6.05,-0.046,-1.41,True,59.2,0.88,58.4,False,5.71,4.09,5.7,3.3,D 趨勢弱,False,2:49,84.6,升,103.0,20,False,,0.0637,0.0473,,False,False,-8.23,-1.44,5.44,2.68,0.47,41.4,,OHLC,—,LH/LL,UT,False,262,1,universe
NTSK,2026-10-01,17.85,0.95,True,16.18,0.072,0.3,False,58.9,-0.16,59.0,False,5.35,4.53,40.0,-1.1,E 延伸,False,3:53,116.7,跌,15.0,2,False,,-0.0603,-0.0434,-0.2554,False,False,9.34,1.75,17.27,3.25,0.61,127.7,,OHLC,—,HH/HL,自然反彈,True,261,1,universe
MTZ,2026-10-01,213.66,11.59,False,231.24,-1.873,-1.21,True,58.7,0.81,57.9,False,5.42,4.49,4.9,0.6,D 趨勢弱,False,1:55,57.3,升,82.0,9,False,,1.6859,1.3166,,False,False,-8.23,-1.52,222.9,-4.32,-0.8,338.7,,OHLC,—,LH/LL,自然反彈,True,273,1,universe
AGX,2026-10-01,379.58,21.12,False,407.68,-5.244,-1.19,True,58.1,0.9,57.2,False,5.56,4.47,17.8,5.0,D 趨勢弱,False,2:49,84.6,升,160.0,15,False,,5.834,4.9692,,False,False,-7.4,-1.33,386.4,-1.8,-0.32,171.6,,OHLC,—,LH/LL,自然反彈,True,273,1,universe
SG,2026-10-01,8.68,0.46,True,7.34,0.102,1.07,False,57.2,-0.27,57.5,False,5.3,4.95,41.9,-1.3,E 延伸,False,2:49,84.6,升,225.0,36,False,,0.1564,0.1738,,False,False,15.48,2.92,6.64,23.44,4.43,40.0,,OHLC,↑,HH/HL,自然回檔,False,273,1,universe
ENOV,2026-10-01,18.05,1.03,False,19.5,-0.13,-0.71,True,57.1,0.59,56.5,False,5.68,4.59,2.9,2.9,D 趨勢弱,False,12:00,0.0,升,50.0,7,False,,0.2504,0.2528,,False,False,-8.04,-1.42,18.46,-2.27,-0.4,38.5,,OHLC,—,LH/LL,自然回檔,True,273,1,universe
HAWK,2026-10-01,14.73,0.9,False,17.24,-0.221,-1.25,True,57.1,0.27,56.8,False,6.12,4.14,0.0,0.0,D 趨勢弱,False,10:10,305.0,升,19.0,7,False,,0.0291,0.0519,,False,False,-17.04,-2.78,17.28,-17.31,-2.83,23.8,,OHLC,↓,LH/LL,DT,False,102,1,universe
TNGX,2026-10-01,24.45,1.54,False,23.94,-0.012,-0.05,False,57.1,-0.45,57.5,False,6.29,3.99,38.6,-1.5,C 基底修復,False,2:49,84.6,升,209.0,17,False,,0.2368,0.2752,,False,True,2.07,0.33,24.3,0.61,0.1,74.4,,OHLC,↑,HH/HL,次級回檔,False,273,1,universe
TXG,2026-10-01,88.76,5.09,True,72.83,1.117,1.06,False,57.1,-0.92,58.0,False,5.74,4.53,63.9,-1.1,E 延伸,False,1:54,56.8,升,82.0,14,False,,0.9418,1.1894,,False,False,17.94,3.13,75.62,14.8,2.58,238.8,,OHLC,↑,HH/HL,UT,False,273,1,universe
NVEC,2026-10-01,110.8,4.28,False,103.6,-0.19,-0.58,True,56.9,0.67,56.3,False,3.86,6.44,63.2,-3.0,B 上升結構,False,2:35,77.4,升,93.0,10,False,,1.3883,1.4855,,False,False,6.49,1.68,,,,10.8,,OHLC,—,LH/LL,UT,False,273,1,universe
INOD,2026-10-01,71.85,4.52,True,62.97,0.488,0.25,False,55.8,-0.95,56.7,False,6.28,4.28,35.0,0.0,E 延伸,False,2:27,73.3,升,91.0,14,False,,1.2604,1.172,,False,False,12.35,1.97,74.93,-4.29,-0.68,101.8,,OHLC,—,LH/LL,自然反彈,False,273,1,universe
VRA,2026-10-01,4.98,0.29,True,3.93,0.044,0.28,False,54.7,-0.67,55.4,False,5.75,5.06,75.0,0.8,E 延伸,False,2:49,84.6,升,120.0,13,False,,0.0939,0.0659,,False,False,21.13,3.67,4.16,16.47,2.86,4.1,,OHLC,↑,HH/HL,UT,False,255,1,universe
AMKR,2026-10-01,52.9,2.64,False,49.76,-0.064,-0.25,True,54.5,0.64,53.8,False,4.99,5.87,36.4,-4.5,E 延伸,False,2:49,84.6,升,267.0,19,False,,0.6151,0.7226,,False,False,5.93,1.19,52.69,0.4,0.08,194.8,,OHLC,↑,HH/HL,自然回檔,False,273,1,universe
LINC,2026-10-01,22.17,1.34,False,24.64,-0.172,-1.08,True,54.3,1.15,53.1,False,6.03,4.88,16.2,4.3,D 趨勢弱,False,2:49,84.6,升,216.0,24,False,,0.124,0.1018,,False,False,-11.16,-1.85,25.42,-14.66,-2.43,18.1,,OHLC,↓,LH/LL,自然反彈,False,273,1,universe
PENG,2026-10-01,54.98,3.08,False,51.58,-0.046,-0.38,True,53.6,3.67,50.0,False,5.6,5.46,60.0,-3.6,E 延伸,False,2:49,84.6,升,141.0,18,False,,0.602,0.7023,,False,False,6.19,1.11,53.08,3.46,0.62,71.4,,OHLC,—,HH/HL,次級回檔,True,273,1,universe
MEC,2026-10-01,15.68,1.23,False,18.45,-0.39,-1.05,True,53.1,0.49,52.7,False,7.86,3.32,1.4,0.4,D 趨勢弱,False,2:49,84.6,升,148.0,20,False,,0.0547,0.0564,,False,False,-17.66,-2.25,17.16,-9.44,-1.2,9.9,,OHLC,↓,LH/LL,自然反彈,False,273,1,universe
ICHR,2026-10-01,62.48,3.35,False,56.25,-0.076,-0.38,True,52.5,0.49,52.0,False,5.36,5.98,36.1,-0.4,E 延伸,False,2:49,84.6,升,139.0,19,False,,1.5038,1.4536,,False,False,9.97,1.86,55.77,10.74,2.0,39.7,,OHLC,↑,HH/HL,UT,False,273,1,universe
SVCO,2026-10-01,9.02,0.55,True,7.36,0.149,0.63,False,52.5,-0.19,52.7,False,6.12,5.2,36.8,1.4,E 延伸,False,2:49,84.6,升,238.0,42,False,,0.247,0.2444,,False,False,18.4,3.0,8.15,9.65,1.58,3.2,,OHLC,↑,HH/HL,UT,False,273,1,universe
FPS,2026-10-01,37.33,2.33,True,34.46,0.056,0.09,False,52.1,-0.11,52.2,False,6.24,5.18,20.6,0.0,E 延伸,False,1:04,32.1,升,68.0,19,False,,0.3502,0.4731,,False,False,7.69,1.23,37.0,0.88,0.14,392.8,,OHLC,—,HH/HL,自然反彈,True,165,1,universe
BKSY,2026-10-01,21.15,1.47,False,22.63,-0.215,-0.87,True,51.9,0.38,51.6,False,6.95,4.51,19.1,6.2,D 趨勢弱,False,12:12,5.8,升,53.0,11,False,,0.0929,0.1667,,False,False,-7.01,-1.01,,,,21.4,,OHLC,—,HH/HL,DT,True,273,1,universe
CORZ,2026-10-01,16.35,1.05,False,17.41,-0.089,-0.47,True,51.8,1.28,50.5,False,6.44,5.07,24.6,0.2,D 趨勢弱,False,4:17,128.4,跌,21.0,2,False,,-0.0493,-0.0376,-0.2078,False,False,-6.48,-1.01,16.01,2.08,0.32,196.5,,OHLC,—,HH/HL,自然反彈,False,273,1,universe
TWST,2026-10-01,188.05,11.25,True,156.34,2.564,1.07,False,51.7,-0.95,52.7,False,5.98,5.53,63.4,-1.6,E 延伸,False,1:13,36.7,升,70.0,11,False,,3.0614,3.5966,,False,False,16.86,2.82,179.6,4.49,0.75,362.8,,OHLC,↑,HH/HL,自然回檔,False,273,1,universe
SEZL,2026-10-01,109.72,5.77,False,115.92,-0.276,-0.51,True,50.2,0.53,49.6,False,5.26,6.64,54.6,16.7,D 趨勢弱,False,2:49,84.6,升,282.0,25,False,,0.2955,0.1156,,False,False,-5.65,-1.08,111.38,-1.52,-0.29,53.7,,OHLC,↓,LH/LL,DT,False,273,1,universe
KRMN,2026-10-01,31.89,2.49,False,38.11,-0.471,-1.12,True,49.8,0.57,49.2,False,7.81,4.19,0.0,0.0,D 趨勢弱,False,10:59,329.5,升,33.0,6,False,,0.2458,0.2704,,False,False,-19.51,-2.5,35.69,-11.92,-1.52,147.9,,OHLC,↓,LH/LL,DT,False,273,1,universe
KOPN,2026-10-01,4.61,0.28,False,4.63,-0.014,-0.3,False,49.6,-0.14,49.8,False,5.99,6.05,54.5,-5.7,C 基底修復,False,3:46,113.2,跌,13.0,1,False,,-0.0093,0.003,-0.1023,False,True,-0.34,-0.06,4.89,-6.07,-1.01,16.1,,OHLC,—,HH/HL,自然回檔,True,273,1,universe
VICR,2026-10-01,308.59,18.78,True,225.37,5.208,0.48,False,49.5,-1.02,50.5,False,6.08,5.99,53.8,3.1,E 延伸,False,2:49,84.6,升,164.0,18,False,,9.9731,10.0874,,False,False,26.97,4.43,276.06,10.54,1.73,220.0,,OHLC,↑,HH/HL,UT,False,273,1,universe
APLD,2026-10-01,24.16,1.64,False,26.35,-0.14,-0.51,True,48.7,0.41,48.2,False,6.8,5.49,25.0,12.6,D 趨勢弱,False,4:08,123.9,跌,19.0,2,False,,-0.1316,-0.0643,-0.3049,False,False,-9.07,-1.33,25.41,-5.17,-0.76,412.0,,OHLC,↓,LH/LL,DT,False,273,1,universe
WULF,2026-10-01,14.91,1.05,False,16.02,-0.019,-0.19,True,48.4,1.54,46.8,False,7.02,5.34,31.9,0.8,D 趨勢弱,False,5:15,157.5,跌,38.0,3,False,,-0.1081,-0.0925,-0.1081,False,False,-7.44,-1.06,16.14,-8.25,-1.18,454.3,,OHLC,—,HH/HL,DT,False,273,1,universe
FTK,2026-10-01,29.79,1.87,True,26.93,0.209,-0.44,False,47.9,-0.6,48.5,False,6.29,6.2,61.0,0.7,E 延伸,False,2:49,84.6,升,177.0,17,False,,0.0618,0.0595,,False,False,9.61,1.53,28.95,2.82,0.45,13.8,,OHLC,—,HH/HL,自然反彈,True,273,1,universe
CRDO,2026-10-01,210.17,13.71,False,184.18,-0.269,-0.4,True,46.9,1.33,45.5,False,6.52,6.24,57.7,23.3,D 趨勢弱,False,2:41,80.5,升,95.0,9,False,,5.4437,4.8994,,False,False,12.36,1.9,170.57,18.84,2.89,1600.7,,OHLC,↓,LH/LL,自然反彈,False,273,1,universe
UTI,2026-10-01,19.03,1.27,False,20.94,-0.143,-0.74,True,46.0,0.71,45.3,False,6.69,6.31,6.3,2.9,D 趨勢弱,False,2:49,84.6,升,497.0,23,False,,0.2226,0.2183,,False,False,-10.05,-1.5,21.47,-12.82,-1.92,39.4,,OHLC,↓,LH/LL,自然反彈,False,273,1,universe
BFLY,2026-10-01,8.53,0.64,False,8.53,-0.013,0.03,False,44.8,-0.86,45.7,False,7.51,5.82,67.3,6.7,B 上升結構,False,12:43,21.7,升,62.0,9,False,,0.0722,0.1323,,False,True,0.04,0.0,9.41,-10.32,-1.37,46.7,,OHLC,↓,LH/LL,DT,False,273,1,universe
DNA,2026-10-01,12.5,0.88,True,9.01,0.271,1.57,False,44.8,-1.0,45.8,False,7.03,6.3,36.5,-1.2,E 延伸,False,2:49,84.6,升,338.0,27,False,,0.5553,0.5654,,False,False,27.91,3.97,8.58,31.36,4.46,19.5,,OHLC,↑,HH/HL,自然回檔,False,273,1,universe
RIOT,2026-10-01,19.61,1.5,True,21.4,0.032,0.25,False,44.3,-0.73,45.0,False,7.66,5.82,45.1,-4.0,D 趨勢弱,False,4:49,144.7,跌,30.0,3,False,,-0.3384,-0.2027,-0.3384,False,False,-9.12,-1.19,20.95,-6.83,-0.89,362.4,,OHLC,—,HH/HL,DT,False,273,1,universe
LCID,2026-10-01,4.19,0.3,False,4.58,-0.038,-0.72,True,43.2,0.81,42.4,False,7.19,6.61,17.1,17.1,D 趨勢弱,False,12:17,8.4,升,55.0,10,False,,0.0673,0.0557,,False,False,-9.28,-1.29,4.28,-2.15,-0.3,46.7,,OHLC,—,LH/LL,自然反彈,True,273,1,universe
VISN,2026-10-01,6.16,0.32,False,7.25,-0.204,-2.29,True,41.7,0.64,41.1,False,5.21,9.04,14.0,4.3,D 趨勢弱,False,2:49,84.6,升,116.0,12,False,,0.1416,0.13,,False,False,-17.77,-3.41,6.58,-6.82,-1.31,47.7,,OHLC,—,LH/LL,自然反彈,True,273,1,universe
MYGN,2026-10-01,4.06,0.24,True,3.63,0.034,0.67,False,40.0,-1.24,41.2,False,5.94,8.88,25.0,0.0,E 延伸,False,2:49,84.6,升,250.0,30,False,,0.0512,0.076,,False,False,10.57,1.78,3.89,4.19,0.71,8.0,,OHLC,↑,HH/HL,自然回檔,False,273,1,universe
RARE,2026-10-01,14.75,1.16,False,16.38,-0.202,-0.65,True,37.0,0.35,36.6,False,7.85,7.99,0.0,0.0,D 趨勢弱,False,12:00,0.0,升,50.0,8,False,,0.4688,0.4618,,False,False,-11.06,-1.41,15.3,-3.73,-0.48,105.8,,OHLC,—,LH/LL,自然回檔,True,273,1,universe
ONT,2026-10-01,12.73,1.17,False,16.1,-0.305,-0.68,False,36.0,-0.85,36.8,False,9.16,7.03,0.0,0.0,D 趨勢弱,True,6:47,203.3,跌,63.0,7,False,,-0.4984,-0.446,-0.636,False,False,-26.51,-2.89,14.64,-15.0,-1.64,11.1,,OHLC,↓,LH/LL,DT,False,255,1,universe
TDUP,2026-10-01,2.13,0.15,False,2.55,-0.02,-0.81,True,35.0,0.64,34.4,False,7.04,9.52,10.0,0.0,D 趨勢弱,False,2:49,84.6,升,121.0,25,False,,0.0352,0.0364,,False,False,-19.51,-2.77,2.48,-16.43,-2.33,5.3,,OHLC,↓,LH/LL,DT,False,273,1,universe
ALMS,2026-10-01,7.21,0.92,False,10.06,-0.172,-0.91,True,20.8,0.4,20.4,False,12.82,11.42,13.1,-0.6,D 趨勢弱,False,11:16,337.8,升,38.0,8,False,,0.4919,0.4529,,False,False,-39.51,-3.08,7.39,-2.5,-0.19,30.7,,OHLC,—,LH/LL,自然回檔,True,273,1,universe
CUE,2026-10-01,25.25,4.15,False,30.23,-0.022,-0.03,True,20.7,0.57,20.1,False,16.42,7.87,35.5,-10.1,D 趨勢弱,False,5:24,162.0,跌,40.0,4,False,,-0.8782,-0.7725,-0.8782,False,False,-19.73,-1.2,28.27,-11.96,-0.73,13.2,,OHLC,—,HH/HL,DT,False,273,1,universe
EYPT,2026-10-01,3.23,0.44,False,4.35,-0.147,-1.13,True,16.0,0.3,15.7,False,13.5,15.25,10.0,0.0,D 趨勢弱,False,2:49,84.6,升,143.0,18,False,,0.1786,0.1886,,False,False,-34.57,-2.56,3.42,-5.88,-0.44,13.5,,OHLC,—,LH/LL,DT,True,273,1,universe
VBIO,2026-10-01,2.51,0.88,False,3.23,-0.006,-0.65,False,7.1,-0.61,7.7,False,35.17,11.46,0.0,-5.0,D 趨勢弱,False,2:49,84.6,升,191.0,27,False,,0.2145,0.2512,,False,True,-28.74,-0.82,2.23,11.16,0.32,10.0,,OHLC,—,LH/LL,自然回檔,False,273,1,universe
MEDS,2026-10-01,4.06,1.08,False,5.39,-0.14,-0.3,True,6.6,1.42,5.2,False,26.61,21.75,15.0,0.0,E 延伸,False,2:49,84.6,升,237.0,21,False,,0.053,0.0442,,False,False,-32.84,-1.23,3.76,7.39,0.28,82.2,,OHLC,—,HH/HL,自然反彈,False,255,1,universe
SION,2026-10-01,5.1,0.91,False,6.31,-0.02,-0.11,True,6.3,0.08,6.2,False,17.91,31.82,10.0,-2.2,D 趨勢弱,False,2:49,84.6,升,216.0,24,False,,0.6358,0.6646,,False,False,-23.66,-1.32,,,,9.4,,OHLC,—,HH/HL,DT,True,273,1,universe
DFNS,2026-10-01,6.86,2.05,False,12.19,-0.186,-0.51,True,4.4,0.4,4.0,False,29.92,30.78,15.0,0.0,D 趨勢弱,False,12:36,18.0,升,60.0,12,False,,0.5376,0.524,,False,False,-77.65,-2.6,7.88,-14.87,-0.5,4.0,,OHLC,—,LH/LL,自然反彈,True,273,1,universe
IPDN,2026-10-01,3.19,0.69,True,0.53,0.0,0.05,False,3.8,-0.2,4.0,False,21.48,44.86,50.0,0.0,E 延伸,False,3:25,102.3,跌,7.0,1,False,,-0.037,0.0435,-0.037,False,False,83.37,3.88,4.17,-30.72,-1.43,14.8,單日 +2808%（09-14）且量未放大，疑似未調整分割/重組,OHLC,—,HH/HL,DT,False,255,1,universe
NFE,2026-10-01,5.91,1.95,True,2.55,0.111,0.3,False,1.2,-0.0,1.2,False,32.95,87.78,60.0,0.0,E 延伸,False,5:44,172.2,跌,46.0,6,False,,-0.6354,-0.6041,-0.6354,False,False,56.89,1.73,5.81,1.69,0.05,5.0,單日 +5937%（09-10）且量未放大，疑似未調整分割/重組,OHLC,↑,HH/HL,次級回檔,False,273,1,universe
KYMR,2026-10-01,110.12,5.17,False,117.25,-0.586,-0.27,False,72.2,-0.67,72.9,False,4.69,2.52,49.8,-2.9,C 基底修復,False,5:07,153.5,跌,35.0,7,False,1.0,-0.9289,-0.8867,-1.7221,False,False,-6.47,-1.38,120.66,-9.58,-2.04,88.6,,OHLC,↓,LH/LL,DT,False,273,0,universe
ABEO,2026-10-01,5.01,0.25,False,5.65,-0.04,-0.82,False,65.8,-1.27,67.1,False,4.98,3.46,16.9,3.7,D 趨勢弱,False,5:12,156.2,跌,37.0,4,False,1.0,-0.0259,-0.0134,-0.1262,False,False,-12.72,-2.55,5.82,-16.17,-3.25,8.1,,OHLC,↓,LH/LL,DT,False,273,0,universe
RLMD,2026-10-01,3.66,0.22,False,4.23,-0.032,-0.68,False,59.6,-0.2,59.8,False,5.96,3.77,23.2,-3.3,D 趨勢弱,False,5:43,171.3,跌,45.0,7,False,1.0,-0.0186,-0.0175,-0.0359,False,False,-15.7,-2.63,3.89,-6.28,-1.05,5.4,,OHLC,↓,LH/LL,DT,False,273,0,universe
CGON,2026-10-01,68.35,3.38,False,73.82,-0.345,-0.47,False,68.5,-0.86,69.4,False,4.95,2.97,38.4,-7.8,C 基底修復,False,5:11,155.7,跌,37.0,6,False,2.0,-0.5768,-0.5178,-0.8538,False,False,-8.0,-1.62,70.89,-3.72,-0.75,72.4,,OHLC,↓,LH/LL,自然回檔,False,273,0,universe
RCUS,2026-10-01,25.23,1.27,False,26.85,-0.183,-0.51,False,68.5,-0.42,68.9,False,5.05,2.88,34.6,-6.0,D 趨勢弱,False,10:19,309.5,升,22.0,2,False,3.0,0.0433,0.0382,,False,False,-6.43,-1.27,25.83,-2.38,-0.47,45.3,,OHLC,↓,LH/LL,自然回檔,False,273,0,universe
TSHA,2026-10-01,4.74,0.27,False,5.22,-0.061,-0.85,False,60.0,-0.27,60.2,False,5.73,3.92,16.5,-1.3,D 趨勢弱,False,10:26,313.2,升,24.0,3,False,3.0,0.0038,0.0077,,False,False,-10.14,-1.77,4.99,-5.27,-0.92,20.6,,OHLC,↓,LH/LL,DT,False,273,0,universe
GLUE,2026-10-01,11.26,0.73,False,13.26,-0.226,-0.76,False,51.1,-2.89,54.0,False,6.52,5.14,20.2,-1.7,D 趨勢弱,False,10:47,323.3,升,30.0,3,False,4.0,0.0328,0.048,,False,False,-17.75,-2.72,12.6,-11.9,-1.82,15.4,,OHLC,↓,LH/LL,DT,False,273,0,universe
ARRY,2026-10-01,3.89,0.23,False,4.33,-0.026,-0.72,False,61.3,-0.81,62.1,False,5.85,3.52,4.2,-2.0,D 趨勢弱,False,10:03,301.5,升,18.0,3,False,5.0,0.017,0.0167,,False,False,-11.24,-1.92,4.03,-3.6,-0.62,27.0,,OHLC,—,LH/LL,自然回檔,True,273,0,universe
NB,2026-10-01,3.43,0.2,False,3.95,-0.035,-1.15,False,56.3,-0.97,57.3,False,5.78,4.65,10.8,-0.2,D 趨勢弱,False,11:34,346.8,升,43.0,4,False,5.0,0.0132,0.0156,,False,False,-15.13,-2.62,3.6,-4.96,-0.86,8.8,,OHLC,—,LH/LL,DT,True,273,0,universe
UMAC,2026-10-01,21.78,1.92,False,24.29,-0.325,-1.27,False,35.8,-4.42,40.2,False,8.8,7.48,55.6,-13.7,D 趨勢弱,False,3:22,100.8,跌,6.0,1,False,5.0,-0.0232,0.1457,-0.7621,False,False,-11.51,-1.31,24.94,-14.51,-1.65,61.1,,OHLC,↓,LH/LL,DT,False,273,0,universe
DRVN,2026-10-01,11.61,0.47,False,12.5,-0.051,-0.32,False,73.6,-0.76,74.3,False,4.05,2.9,5.7,-4.4,D 趨勢弱,False,5:14,157.0,跌,37.0,4,False,7.0,-0.0319,-0.0225,-0.2825,False,False,-7.71,-1.9,12.31,-6.03,-1.49,15.1,,OHLC,↓,LH/LL,DT,False,273,0,universe
IRTC,2026-10-01,111.05,4.39,False,116.83,-0.316,-0.33,False,74.1,-0.6,74.7,False,3.96,2.89,15.8,-4.8,D 趨勢弱,False,10:43,321.4,升,29.0,3,False,8.0,0.2233,0.2796,,False,False,-5.2,-1.32,114.22,-2.85,-0.72,61.6,,OHLC,—,LH/LL,自然回檔,True,273,0,universe
MPT,2026-10-01,3.37,0.14,False,3.73,-0.026,-0.69,False,74.1,-0.53,74.7,False,4.06,2.79,0.0,-2.2,D 趨勢弱,False,12:44,22.0,升,62.0,7,False,8.0,0.0055,0.0114,,False,False,-10.72,-2.64,3.6,-6.82,-1.68,41.1,,OHLC,↓,LH/LL,DT,False,273,0,universe
SGRY,2026-10-01,13.23,0.78,False,14.16,-0.008,-0.08,False,60.0,-2.32,62.3,False,5.87,3.78,12.2,-10.9,D 趨勢弱,False,3:21,100.4,跌,6.0,1,False,8.0,-0.0153,0.0585,-0.2007,False,False,-7.01,-1.19,14.69,-11.04,-1.88,33.8,,OHLC,↓,LH/LL,DT,False,273,0,universe
ALNY,2026-10-01,231.18,10.39,False,246.38,-0.122,0.29,False,59.8,-3.32,63.1,False,4.5,5.18,18.9,-13.6,D 趨勢弱,False,3:36,107.8,跌,10.0,1,False,8.0,-0.9232,0.414,-5.7363,False,False,-6.58,-1.46,255.96,-10.72,-2.38,347.8,,OHLC,—,LH/LL,自然回檔,False,273,0,universe
PVLA,2026-10-01,132.73,6.79,False,148.43,-0.781,-0.39,False,59.8,-1.12,60.9,False,5.11,4.57,40.6,-4.3,D 趨勢弱,False,5:57,178.4,跌,49.0,7,False,8.0,-2.1591,-1.8875,-2.1591,False,False,-11.83,-2.31,,,,33.8,,OHLC,—,HH/HL,DT,False,273,0,universe
VKTX,2026-10-01,30.51,2.7,False,35.76,-0.176,-0.18,False,42.5,-1.57,44.0,False,8.85,5.17,12.2,-11.3,D 趨勢弱,False,3:27,103.7,跌,8.0,1,False,8.0,-0.1769,0.0461,-0.5326,False,False,-17.21,-1.95,32.6,-6.85,-0.77,286.2,,OHLC,↓,LH/LL,DT,False,273,0,universe
OPEN,2026-10-01,2.4,0.16,False,2.89,-0.053,-1.69,False,54.9,-0.03,54.9,False,6.47,4.29,10.0,0.0,D 趨勢弱,False,1:31,45.5,升,75.0,8,False,9.0,0.0042,0.0001,,False,False,-20.31,-3.14,2.76,-15.0,-2.32,84.4,,OHLC,↓,LH/LL,DT,False,273,0,universe
FIP,2026-10-01,2.6,0.22,False,3.19,-0.048,-0.94,False,47.2,-1.51,48.7,False,8.27,4.4,0.0,0.0,D 趨勢弱,False,3:27,103.3,跌,7.0,1,False,9.0,-0.0107,0.003,-0.0827,False,False,-22.86,-2.76,3.26,-25.38,-3.07,4.3,,OHLC,↓,LH/LL,DT,False,273,0,universe
TLN,2026-10-01,323.09,13.64,False,305.0,-0.285,-0.37,False,71.0,-0.05,71.0,False,4.22,3.23,15.0,5.7,D 趨勢弱,False,2:24,72.0,升,90.0,9,False,10.0,4.2606,3.5329,,False,False,5.6,1.33,325.77,-0.83,-0.2,258.0,,OHLC,↓,LH/LL,自然反彈,False,273,0,universe
TLRY,2026-10-01,3.57,0.18,False,4.25,-0.064,-0.87,False,67.4,-2.03,69.4,False,5.11,3.03,10.0,0.0,D 趨勢弱,False,4:51,145.4,跌,31.0,3,False,10.0,-0.0346,-0.0161,-0.0704,False,False,-19.11,-3.74,4.14,-15.97,-3.13,15.7,,OHLC,↓,LH/LL,DT,False,273,0,universe
RYAM,2026-10-01,7.34,0.37,False,8.41,-0.089,-0.29,False,65.6,-5.01,70.6,False,5.0,3.5,8.3,-5.9,D 趨勢弱,False,4:23,131.7,跌,23.0,4,False,10.0,-0.1117,-0.0602,-0.1117,False,False,-14.54,-2.91,8.73,-18.94,-3.79,7.0,,OHLC,↓,LH/LL,DT,False,273,0,universe
JACK,2026-10-01,12.67,0.77,False,14.85,-0.173,-1.7,False,59.4,-0.63,60.0,False,6.06,3.72,26.1,-1.2,D 趨勢弱,False,3:25,102.6,跌,7.0,1,False,10.0,-0.0085,0.0164,-0.3113,False,False,-17.24,-2.85,13.7,-8.13,-1.34,7.6,,OHLC,↓,LH/LL,DT,False,273,0,universe
VERA,2026-10-01,30.99,1.9,False,34.05,-0.01,0.15,False,59.2,-0.91,60.1,False,6.13,3.68,16.2,-9.7,D 趨勢弱,False,5:27,163.4,跌,41.0,6,False,10.0,-0.2979,-0.2212,-0.8272,False,False,-9.87,-1.61,35.05,-13.1,-2.14,81.6,,OHLC,↓,LH/LL,DT,False,273,0,universe
SPRY,2026-10-01,4.12,0.29,False,4.95,-0.075,-1.15,False,51.7,-1.34,53.0,False,7.09,4.44,10.0,0.0,D 趨勢弱,False,10:08,303.8,升,19.0,3,False,10.0,0.035,0.0342,,False,False,-20.09,-2.83,4.4,-6.8,-0.96,6.5,,OHLC,—,LH/LL,DT,True,273,0,universe
NXH,2026-10-01,2.83,0.21,False,3.58,-0.047,-0.94,False,51.5,-0.8,52.3,False,7.59,3.99,0.0,0.0,D 趨勢弱,False,5:28,163.8,跌,41.0,4,False,10.0,-0.0256,-0.0177,-0.073,False,False,-26.55,-3.5,3.54,-25.09,-3.31,9.0,,OHLC,↓,LH/LL,DT,False,255,0,universe
GENB,2026-10-01,13.8,1.05,False,16.63,-0.083,-0.15,False,47.2,-3.21,50.5,False,7.61,5.05,3.1,-19.3,D 趨勢弱,False,5:43,171.5,跌,45.0,6,False,10.0,-0.2969,-0.2156,-0.2969,False,False,-20.54,-2.7,15.42,-11.74,-1.54,19.2,,OHLC,↓,LH/LL,DT,False,150,0,universe
SHAZ,2026-10-01,49.85,4.88,False,56.01,-0.753,-0.84,False,32.9,-2.76,35.6,False,9.79,7.63,34.7,-4.8,D 趨勢弱,False,4:35,137.4,跌,26.0,3,False,10.0,-0.3343,-0.03,-0.9759,False,False,-12.36,-1.26,54.86,-10.05,-1.03,82.7,,OHLC,—,LH/LL,自然回檔,False,157,0,universe
WSC,2026-10-01,17.22,0.74,False,19.37,-0.149,-1.13,False,74.1,-0.06,74.2,False,4.31,2.54,2.4,2.4,D 趨勢弱,False,1:46,53.2,升,80.0,10,False,11.0,0.0884,0.0933,,False,False,-12.51,-2.9,18.17,-5.52,-1.28,53.7,,OHLC,↓,LH/LL,DT,False,273,0,universe
HPP,2026-10-01,11.42,0.63,False,12.4,-0.137,-0.82,False,63.6,-0.2,63.8,False,5.48,3.42,34.3,-12.5,D 趨勢弱,False,12:03,1.6,升,51.0,8,False,11.0,0.0485,0.0527,,False,False,-8.56,-1.56,12.23,-7.09,-1.29,7.5,,OHLC,—,LH/LL,DT,True,273,0,universe
IRWD,2026-10-01,3.76,0.2,False,4.23,-0.023,-0.19,False,63.0,-1.51,64.5,False,5.27,3.75,23.1,-8.0,D 趨勢弱,False,4:20,130.2,跌,22.0,5,False,11.0,-0.0468,-0.0266,-0.0468,False,False,-12.42,-2.36,4.17,-10.9,-2.07,8.6,,OHLC,↓,LH/LL,DT,False,273,0,universe
CAMT,2026-10-01,153.79,7.51,False,142.98,-0.048,-0.36,False,62.1,-0.02,62.2,False,4.88,4.31,29.6,-10.8,E 延伸,False,2:49,84.6,升,138.0,11,False,11.0,1.4454,1.3907,,False,False,7.03,1.44,142.61,7.27,1.49,54.5,,OHLC,↑,HH/HL,UT,False,273,0,universe
MLTX,2026-10-01,11.47,0.68,False,13.35,-0.151,-1.11,False,62.1,-0.14,62.3,False,5.9,3.3,11.0,-2.7,D 趨勢弱,False,11:00,330.0,升,33.0,2,False,11.0,0.017,0.012,,False,False,-16.39,-2.78,13.69,-19.35,-3.28,22.8,,OHLC,—,LH/LL,次級反彈,False,273,0,universe
QDEL,2026-10-01,10.38,0.69,False,12.25,-0.184,-0.87,False,50.4,-0.42,50.9,False,6.69,5.14,0.0,-10.0,D 趨勢弱,False,10:47,323.3,升,30.0,4,False,11.0,0.0583,0.0516,,False,False,-18.02,-2.69,10.94,-5.39,-0.81,16.6,,OHLC,—,LH/LL,DT,True,273,0,universe
IPX,2026-10-01,15.82,1.28,False,20.08,-0.207,-0.59,False,46.4,-1.95,48.3,False,8.07,4.82,0.0,0.0,D 趨勢弱,False,5:15,157.5,跌,38.0,3,False,11.0,-0.2951,-0.1674,-0.2951,False,False,-26.9,-3.33,21.47,-35.71,-4.42,6.8,,OHLC,↓,LH/LL,DT,False,273,0,universe
VELO,2026-10-01,10.47,0.79,False,11.44,-0.155,-1.34,False,42.0,-0.65,42.6,False,7.53,6.64,34.9,0.2,D 趨勢弱,False,1:05,32.3,升,68.0,9,False,11.0,0.0786,0.111,,False,False,-9.24,-1.23,11.52,-10.03,-1.33,10.2,,OHLC,↓,LH/LL,DT,False,273,0,universe
CLPT,2026-10-01,11.45,1.03,False,14.09,-0.136,-0.67,False,41.4,-1.61,43.0,False,9.0,5.35,15.1,-1.8,D 趨勢弱,False,4:31,135.5,跌,25.0,3,False,11.0,-0.238,-0.133,-0.238,False,False,-23.03,-2.56,12.21,-6.64,-0.74,9.7,,OHLC,↓,LH/LL,DT,False,273,0,universe
JAGX,2026-10-01,3.95,4.36,False,15.43,-0.068,-1.23,False,0.8,-0.08,0.9,False,110.38,39.14,5.0,0.0,D 趨勢弱,False,11:55,357.3,升,48.0,8,False,11.0,0.0002,0.1597,,False,False,-290.65,-2.63,13.18,-233.8,-2.12,66.9,,OHLC,—,HH/HL,DT,False,255,0,universe
TROX,2026-10-01,3.82,0.24,False,4.67,-0.076,-1.31,False,58.5,-1.12,59.6,False,6.28,3.68,5.0,-10.0,D 趨勢弱,False,2:49,84.6,升,103.0,8,False,12.0,0.0051,0.0081,,False,False,-22.15,-3.53,4.4,-15.18,-2.42,10.2,,OHLC,↓,LH/LL,DT,False,273,0,universe
LQDA,2026-10-01,27.99,6.49,False,49.73,-9.28,-3.14,False,11.7,-1.3,13.0,False,23.2,11.52,7.3,-6.0,D 趨勢弱,False,4:12,126.0,跌,20.0,2,False,12.0,-3.3957,-1.7083,-3.3957,False,False,-77.68,-3.35,68.45,-144.55,-6.23,140.8,,OHLC,↓,LH/LL,DT,False,273,0,universe
FATE,2026-10-01,2.3,0.15,False,2.46,-0.008,-0.32,False,57.8,-0.24,58.1,False,6.36,3.75,47.9,-7.0,C 基底修復,False,5:28,164.2,跌,41.0,5,False,13.0,-0.0086,-0.0042,-0.0292,False,False,-7.0,-1.1,2.38,-3.48,-0.55,3.7,,OHLC,—,LH/LL,DT,True,273,0,universe
SRTA,2026-10-01,4.83,0.22,False,5.48,-0.051,-0.62,False,70.8,-2.54,73.3,False,4.56,2.92,23.1,-4.1,D 趨勢弱,False,4:42,140.9,跌,28.0,4,False,14.0,-0.0345,-0.0153,-0.1059,False,False,-13.51,-2.96,5.36,-10.97,-2.41,4.2,,OHLC,↓,LH/LL,DT,False,273,0,universe
CERS,2026-10-01,2.32,0.11,False,2.6,-0.019,-0.82,False,60.2,-0.24,60.4,False,4.82,4.78,23.3,-3.7,D 趨勢弱,False,4:27,133.6,跌,24.0,3,False,14.0,-0.0203,-0.0119,-0.1136,False,False,-12.21,-2.53,2.66,-14.66,-3.04,4.4,,OHLC,↓,LH/LL,DT,False,273,0,universe
WLFC,2026-10-01,47.8,2.12,False,54.3,-0.321,-0.52,False,72.3,-1.76,74.1,False,4.44,2.75,13.9,-9.2,D 趨勢弱,False,4:29,134.5,跌,25.0,3,False,,-0.4056,-0.2101,-1.6781,False,False,-13.59,-3.06,54.33,-13.66,-3.07,8.3,,OHLC,↓,LH/LL,DT,False,273,0,universe
CYH,2026-10-01,2.75,0.12,False,2.92,-0.008,-0.12,False,71.4,-0.93,72.3,False,4.28,3.1,18.9,-4.1,D 趨勢弱,False,4:13,126.5,跌,20.0,2,False,,-0.0124,-0.0033,-0.015,False,False,-6.1,-1.43,2.95,-7.27,-1.7,3.4,,OHLC,↓,LH/LL,DT,False,273,0,universe
REZI,2026-10-01,18.17,0.73,False,19.1,-0.145,-0.88,False,67.4,-0.32,67.8,False,4.01,4.12,19.4,0.7,D 趨勢弱,False,2:49,84.6,升,121.0,18,False,,0.079,0.0733,,False,False,-5.14,-1.28,18.88,-3.91,-0.97,39.5,,OHLC,—,LH/LL,DT,True,273,0,universe
ACHC,2026-10-01,26.93,1.26,False,28.42,-0.008,-0.18,False,66.2,-0.04,66.3,False,4.69,3.68,44.3,-6.5,C 基底修復,False,3:27,103.5,跌,8.0,1,False,,-0.0512,0.0065,-0.6036,False,False,-5.54,-1.18,28.53,-5.94,-1.27,40.0,,OHLC,↓,LH/LL,DT,False,273,0,universe
TREE,2026-10-01,24.55,1.21,False,27.33,-0.22,-0.88,False,64.3,-0.09,64.4,False,4.94,3.82,14.7,2.6,D 趨勢弱,False,2:00,60.0,升,83.0,20,False,,0.1207,0.0804,,False,False,-11.32,-2.29,26.96,-9.82,-1.99,9.8,,OHLC,↓,LH/LL,自然反彈,False,273,0,universe
TDOC,2026-10-01,5.67,0.25,False,6.25,-0.029,-0.6,False,61.2,-0.57,61.8,False,4.33,5.05,22.1,-0.7,D 趨勢弱,False,4:16,127.9,跌,21.0,3,False,,-0.0254,-0.0159,-0.3507,False,False,-10.18,-2.35,,,,20.3,,OHLC,—,HH/HL,DT,False,273,0,universe
APP,2026-10-01,281.31,15.73,False,313.11,-1.601,-0.17,False,59.5,-0.93,60.4,False,5.59,4.16,5.2,-12.8,D 趨勢弱,False,3:53,116.7,跌,15.0,2,False,,-1.768,-0.4797,-7.798,False,False,-11.3,-2.02,315.44,-12.13,-2.17,1582.8,,OHLC,↓,LH/LL,DT,False,273,0,universe
LGN,2026-10-01,51.67,2.8,False,54.71,-0.561,-1.1,False,58.6,-1.39,60.0,False,5.43,4.51,36.6,-0.4,D 趨勢弱,False,2:49,84.6,升,157.0,18,False,,0.288,0.4048,,False,False,-5.89,-1.09,53.7,-3.93,-0.72,50.2,,OHLC,—,LH/LL,DT,True,265,0,universe
VITL,2026-10-01,8.92,0.61,False,10.58,-0.062,-0.49,False,55.4,-0.47,55.8,False,6.81,3.85,2.4,0.5,D 趨勢弱,False,4:19,129.3,跌,22.0,4,False,,-0.1453,-0.1094,-0.2566,False,False,-18.59,-2.73,10.79,-20.96,-3.08,19.3,,OHLC,↓,LH/LL,DT,False,273,0,universe
ONDS,2026-10-01,7.12,0.42,False,7.67,-0.054,-0.75,False,54.8,-0.22,55.0,False,5.93,4.85,28.9,3.1,D 趨勢弱,False,2:12,66.1,升,87.0,9,False,,0.0198,0.0442,,False,False,-7.72,-1.3,7.68,-7.87,-1.33,462.7,,OHLC,↓,LH/LL,DT,False,273,0,universe
ASTS,2026-10-01,57.04,4.1,False,61.44,-0.254,-0.36,False,47.9,-0.41,48.3,False,7.19,5.29,14.4,-2.2,D 趨勢弱,False,3:32,106.0,跌,9.0,1,False,,-0.0998,0.0835,-1.0083,False,False,-7.71,-1.07,62.71,-9.94,-1.38,602.8,,OHLC,↓,LH/LL,DT,False,273,0,universe
QNT,2026-10-01,46.68,3.31,False,50.79,-0.41,-0.86,False,47.8,-0.82,48.6,False,7.1,5.42,12.9,2.0,D 趨勢弱,False,3:21,100.6,跌,6.0,1,False,,-0.0592,0.0686,-1.0469,False,False,-8.81,-1.24,50.47,-8.12,-1.14,98.9,,OHLC,↓,LH/LL,DT,False,83,0,universe
ENVX,2026-10-01,2.78,0.22,False,3.08,-0.03,-1.4,False,43.8,-1.59,45.4,False,7.93,5.71,0.0,-0.8,D 趨勢弱,False,2:49,84.6,升,259.0,24,False,,0.0228,0.0214,,False,False,-10.72,-1.35,2.9,-4.32,-0.54,21.3,,OHLC,↓,LH/LL,自然回檔,False,273,0,universe
CBRS,2026-10-01,169.52,14.2,False,192.61,-2.199,-0.85,False,39.1,-1.5,40.6,False,8.37,6.71,13.2,1.8,D 趨勢弱,False,5:24,162.0,跌,40.0,2,False,,-2.0638,-0.5692,-5.7913,False,False,-13.62,-1.63,184.24,-8.68,-1.04,1302.1,,OHLC,↓,LH/LL,DT,False,97,0,universe
FRMI,2026-10-01,4.05,0.35,False,5.02,-0.076,-1.15,False,38.5,-0.69,39.2,False,8.53,6.75,2.5,2.5,D 趨勢弱,False,5:32,165.9,跌,42.0,5,False,,-0.0509,-0.0429,-0.1219,False,False,-24.03,-2.82,5.14,-26.91,-3.15,85.6,,OHLC,↓,LH/LL,DT,False,252,0,universe
WYFI,2026-10-01,17.48,1.57,False,19.27,-0.464,-1.12,False,35.2,-0.36,35.6,False,9.01,7.48,44.9,4.7,D 趨勢弱,False,2:27,73.6,升,91.0,18,False,,0.1576,0.2499,,False,False,-10.24,-1.14,18.92,-8.24,-0.91,25.3,,OHLC,—,LH/LL,DT,True,273,0,universe
CDNL,2026-10-01,29.74,2.71,False,33.94,-0.642,-1.06,False,34.8,-0.8,35.6,False,9.13,7.52,5.0,0.0,D 趨勢弱,False,2:49,84.6,升,183.0,27,False,,0.5905,0.4672,,False,False,-14.12,-1.55,30.6,-2.89,-0.32,19.6,,OHLC,—,LH/LL,自然回檔,True,203,0,universe
BIOA,2026-10-01,6.81,0.58,False,8.54,-0.094,-0.87,False,23.7,-0.34,24.0,False,8.45,13.7,16.6,-1.4,D 趨勢弱,False,2:49,84.6,升,315.0,28,False,,0.0923,0.1033,,False,False,-25.4,-3.01,8.46,-24.23,-2.87,5.5,,OHLC,↓,LH/LL,DT,False,273,0,universe
MPLT,2026-10-01,9.63,0.88,False,12.01,-0.058,-0.14,False,17.9,-0.31,18.2,False,9.14,17.56,10.0,0.0,D 趨勢弱,False,2:49,84.6,升,246.0,33,False,,0.0364,0.0605,,False,False,-24.68,-2.7,11.75,-22.01,-2.41,6.2,,OHLC,↓,LH/LL,DT,False,234,0,universe
EMAT,2026-10-01,2.15,0.49,False,3.5,-0.034,-0.04,False,13.5,-2.95,16.5,False,22.73,9.14,0.0,0.0,D 趨勢弱,False,4:31,135.7,跌,25.0,4,False,,-0.1121,-0.0682,-0.1951,False,False,-62.47,-2.75,3.72,-72.62,-3.19,5.1,,OHLC,↓,LH/LL,DT,False,185,0,universe
VEEE,2026-10-01,11.26,1.95,False,17.54,-0.006,0.0,False,7.9,-0.36,8.3,False,17.33,26.36,19.2,-1.3,E 延伸,False,2:49,84.6,升,132.0,19,False,,0.1283,0.3105,,False,False,-55.75,-3.22,17.24,-53.11,-3.06,26.9,,OHLC,↓,LH/LL,次級回檔,False,255,0,universe
