ticker,date,close,atr,c1,grav,grav_slope,grav_shift5atr,c2,volidx,volidx_slope,volidx_prev,c3,atr_pct,sd60_pct,vcp,vcp_slope,vcp_grade,c4,clock,theta,cycle,cyc_prog,cyc_days,c5,c5_days,hist,hist_prev,hist_trough,still_light,c6,dist_grav_pct,dist_grav_atr,lr_line,dist_lr_pct,dist_lr_atr,turnover20_m,data_warn,bar_src,lr_dir,struct,mk,inBox,bars,score,symbol_used,lists
DIS,2026-09-24,105.56,2.27,True,106.35,0.052,-0.01,True,89.6,0.26,89.3,True,2.15,1.68,41.2,3.0,C 基底修復,True,8:49,264.6,跌,128.0,17,True,0.0,-0.4498,-0.6097,-0.7072,True,True,-0.75,-0.35,109.2,-3.45,-1.6,860.1,,OHLC,↓,LH/LL,自然反彈,False,268,6,DIS,SubSector_R12
TGT,2026-09-24,156.15,4.01,True,159.56,0.183,0.27,True,86.9,0.31,86.6,True,2.57,1.82,75.4,3.3,A 待突破,True,8:49,264.6,跌,218.0,18,True,0.0,-0.8962,-0.9082,-1.7752,True,True,-2.18,-0.85,159.83,-2.36,-0.92,536.5,,OHLC,—,LH/LL,DT,True,268,6,TGT,Combined_R22
TRGP,2026-09-24,283.15,7.26,True,291.05,0.296,0.51,True,86.0,0.43,85.6,True,2.57,2.01,64.6,2.1,A 待突破,True,8:49,264.6,跌,104.0,14,True,0.0,-1.5061,-1.5097,-2.2924,True,True,-2.79,-1.09,296.06,-4.56,-1.78,330.4,,OHLC,—,LH/LL,自然回檔,True,268,6,TRGP,Combined_R22
CVX,2026-09-24,205.65,4.51,True,207.53,0.257,0.59,True,90.1,0.32,89.8,True,2.19,1.53,56.9,-1.7,A 待突破,True,7:32,226.2,跌,76.0,7,True,0.0,-1.5815,-1.6293,-1.6293,True,True,-0.92,-0.42,202.41,1.58,0.72,2124.4,,OHLC,↑,HH/HL,自然回檔,False,268,6,CVX,SubSector_R12+Combined_R22+RateHike_R2_迴避
EQNR,2026-09-24,43.17,1.17,True,43.1,0.065,0.39,True,82.6,0.06,82.6,True,2.71,2.53,60.5,-3.6,A 待突破,True,6:57,208.4,跌,66.0,6,True,0.0,-0.3519,-0.3771,-0.3771,True,True,0.17,0.06,41.98,2.76,1.02,142.7,,OHLC,↑,HH/HL,UT,False,268,6,EQNR,Combined_R22
CLH,2026-09-24,316.07,6.52,True,317.61,0.043,0.03,True,91.1,0.17,90.9,True,2.06,1.43,76.0,8.4,A 待突破,True,6:16,188.2,跌,55.0,6,True,0.0,-0.7833,-0.998,-1.5098,True,True,-0.49,-0.24,309.81,1.98,0.96,124.2,,OHLC,—,HH/HL,自然回檔,True,268,6,CLH,SubSector_R12
APA,2026-09-24,43.68,1.55,True,43.67,0.152,0.67,True,77.2,0.39,76.8,True,3.54,2.72,59.0,-4.5,B 上升結構,True,6:11,185.7,跌,53.0,7,True,0.0,-0.416,-0.4173,-0.4173,True,True,0.02,0.0,42.77,2.08,0.59,249.7,,OHLC,—,HH/HL,自然反彈,False,268,6,APA,MP_R21
ICE,2026-09-24,156.93,3.46,True,158.01,0.107,0.26,True,90.1,0.29,89.8,True,2.21,1.51,50.8,1.2,C 基底修復,True,8:49,264.6,跌,162.0,17,True,1.0,-0.5999,-0.8221,-1.2654,True,True,-0.69,-0.31,160.53,-2.29,-1.04,511.1,,OHLC,—,LH/LL,UT,False,268,6,ICE,SubSector_R12+Combined_R22
MA,2026-09-24,566.08,8.93,True,575.84,0.31,-0.11,True,93.6,0.08,93.5,True,1.58,1.31,38.6,1.8,C 基底修復,True,8:49,264.6,跌,243.0,17,True,1.0,-2.337,-2.9803,-4.315,True,True,-1.72,-1.09,578.9,-2.26,-1.44,1498.4,,OHLC,—,LH/LL,自然回檔,False,268,6,MA,SubSector_R12+Combined_R22
SPOT,2026-09-24,511.38,19.43,True,530.47,0.737,0.15,True,77.2,0.86,76.4,True,3.8,2.46,34.2,-1.8,C 基底修復,True,8:49,264.6,跌,179.0,13,True,1.0,-5.4119,-5.7741,-5.8401,True,True,-3.73,-0.98,564.89,-10.46,-2.75,799.5,,OHLC,↓,LH/LL,自然反彈,False,268,6,SPOT,Combined_R22
T,2026-09-24,25.45,0.6,True,25.57,0.039,0.45,True,89.2,0.94,88.3,True,2.36,1.55,51.2,0.6,C 基底修復,True,8:49,264.6,跌,118.0,14,True,1.0,-0.1584,-0.174,-0.1743,True,True,-0.47,-0.2,25.52,-0.28,-0.12,982.3,,OHLC,—,HH/HL,DT,False,268,6,T,SubSector_R12+RateHike_R2_迴避
COP,2026-09-24,129.34,3.53,True,132.36,0.102,0.4,True,85.3,0.33,85.0,True,2.73,1.98,57.0,2.6,B 上升結構,True,8:36,258.0,跌,93.0,7,True,1.0,-1.5336,-1.6939,-1.714,True,True,-2.34,-0.86,125.27,3.15,1.15,922.2,,OHLC,↑,HH/HL,UT,False,268,6,COP,SubSector_R12
RNR,2026-09-24,330.42,6.41,True,326.96,0.461,0.17,True,91.5,0.29,91.2,True,1.94,1.45,69.3,0.2,A 待突破,True,8:26,252.8,跌,90.0,13,True,1.0,-0.2223,-0.4352,-1.5356,True,True,1.05,0.54,324.33,1.84,0.95,96.6,,OHLC,—,HH/HL,自然反彈,True,268,6,RNR,SubSector_R12+RateHike_R2_受惠
EOG,2026-09-24,142.86,3.74,True,146.23,0.002,0.15,True,85.0,0.44,84.5,True,2.62,2.16,45.4,3.3,C 基底修復,True,6:43,201.6,跌,62.0,7,True,1.0,-0.8647,-0.9941,-1.1968,True,True,-2.36,-0.9,139.52,2.34,0.89,496.6,,OHLC,—,HH/HL,自然反彈,False,268,6,EOG,SubSector_R12+Combined_R22
DVN,2026-09-24,48.9,1.43,True,48.38,0.107,0.45,True,83.3,0.09,83.2,True,2.93,2.17,56.3,-2.9,A 待突破,True,6:30,195.0,跌,58.0,7,True,1.0,-0.2859,-0.3639,-0.3818,True,True,1.06,0.36,48.06,1.72,0.59,637.6,,OHLC,↑,HH/HL,UT,False,268,6,DVN,SubSector_R12
MET,2026-09-24,97.25,1.77,True,96.48,0.035,-0.12,True,92.6,0.3,92.3,True,1.82,1.32,81.7,-0.5,A 待突破,True,6:20,190.0,跌,56.0,5,True,1.0,-0.0948,-0.1216,-0.7013,True,True,0.8,0.44,95.5,1.8,0.99,291.5,,OHLC,—,HH/HL,自然回檔,True,268,6,MET,SubSector_R12+Combined_R22
KO,2026-09-24,88.1,1.31,True,88.86,0.055,0.14,True,93.9,0.09,93.8,True,1.48,1.35,65.2,0.1,A 待突破,True,8:49,264.6,跌,253.0,19,True,2.0,-0.1557,-0.1765,-0.4411,True,True,-0.86,-0.58,89.35,-1.42,-0.96,1393.9,,OHLC,—,LH/LL,自然回檔,True,268,6,KO,SubSector_R12+Combined_R22
AMAL,2026-09-24,47.21,1.05,False,48.27,-0.1,-0.39,True,90.8,0.34,90.5,True,2.23,1.33,54.5,3.6,C 基底修復,True,8:49,264.6,跌,309.0,34,True,0.0,-0.0825,-0.1114,-0.3844,True,True,-2.25,-1.01,48.02,-1.72,-0.77,12.1,,OHLC,↓,LH/LL,DT,False,268,5,AMAL,Combined_R22
ANF,2026-09-24,134.3,6.26,True,137.35,0.337,0.27,True,60.2,0.5,59.7,False,4.66,4.94,63.4,1.4,E 延伸,True,8:49,264.6,跌,133.0,9,True,0.0,-2.5575,-2.606,-2.606,True,True,-2.27,-0.49,139.89,-4.16,-0.89,241.4,,OHLC,↓,LH/LL,DT,False,268,5,ANF,MP_R21_差一項
CCBG,2026-09-24,49.31,1.04,False,50.75,-0.089,-0.45,True,91.9,0.2,91.7,True,2.12,1.2,41.8,3.0,C 基底修復,True,8:49,264.6,跌,280.0,36,True,0.0,-0.1682,-0.1755,-0.2574,True,True,-2.92,-1.38,51.56,-4.56,-2.16,3.8,,OHLC,↓,LH/LL,DT,False,268,5,CCBG,Combined_R22
CNQ,2026-09-24,47.93,1.29,True,50.02,0.02,0.24,True,85.8,0.32,85.5,True,2.69,1.92,47.1,3.1,C 基底修復,True,8:49,264.6,跌,121.0,14,True,0.0,-0.5379,-0.5504,-0.5504,True,False,-4.36,-1.62,51.55,-7.55,-2.8,357.7,,OHLC,↓,LH/LL,DT,False,268,5,CNQ,Combined_R22
CORT,2026-09-24,118.51,5.38,True,114.09,0.084,-0.13,True,65.1,0.24,64.8,False,4.54,4.05,72.7,12.1,A 待突破,True,8:49,264.6,跌,171.0,21,True,0.0,-0.0583,-0.4019,-1.9139,True,True,3.73,0.82,112.94,4.7,1.03,193.1,,OHLC,↑,HH/HL,UT,False,268,5,CORT,Combined_R22+MP_R21_差一項
HNST,2026-09-24,5.28,0.24,True,5.39,0.007,0.03,True,59.9,0.82,59.1,False,4.64,5.02,72.9,-2.2,B 上升結構,True,8:49,264.6,跌,145.0,12,True,0.0,-0.0805,-0.0857,-0.0917,True,True,-2.15,-0.46,5.55,-5.11,-1.1,11.5,,OHLC,—,LH/LL,DT,True,268,5,HNST,MP_R21_差一項
LIFE,2026-09-24,35.31,2.86,True,37.02,0.06,0.27,True,47.2,0.11,47.1,False,8.11,4.58,52.0,1.2,B 上升結構,True,8:49,264.6,跌,106.0,18,True,0.0,-0.9995,-1.0392,-1.0392,True,True,-4.83,-0.6,34.83,1.36,0.17,60.5,,OHLC,—,HH/HL,自然反彈,False,165,5,LIFE,MP_R21_差一項
PBF,2026-09-24,71.9,4.57,True,73.75,0.027,0.33,True,55.4,0.58,54.8,False,6.35,4.3,66.1,-4.6,B 上升結構,True,8:49,264.6,跌,107.0,9,True,0.0,-0.9349,-0.9352,-1.0895,True,True,-2.58,-0.41,71.85,0.07,0.01,293.1,,OHLC,↑,HH/HL,次級反彈,False,268,5,PBF,Combined_R22+MP_R21_差一項
RPRX,2026-09-24,58.29,1.41,True,60.13,0.019,0.07,True,88.8,0.3,88.5,True,2.42,1.59,49.5,0.0,C 基底修復,True,8:49,264.6,跌,163.0,12,True,0.0,-0.3385,-0.4003,-0.5731,True,False,-3.16,-1.3,64.38,-10.45,-4.32,199.3,,OHLC,—,LH/LL,自然回檔,True,268,5,RPRX,Combined_R22
V,2026-09-24,367.98,5.78,True,370.55,0.094,-0.0,False,93.8,-0.03,93.8,True,1.57,1.27,58.3,18.0,C 基底修復,True,8:49,264.6,跌,225.0,16,True,0.0,-1.4798,-1.8402,-1.8904,True,True,-0.7,-0.45,377.17,-2.5,-1.59,2281.7,,OHLC,↓,LH/LL,DT,False,268,5,V,SubSector_R12+Combined_R22
OKE,2026-09-24,91.18,2.42,True,94.57,0.0,0.15,True,87.4,0.45,87.0,True,2.65,1.63,48.1,2.4,C 基底修復,True,8:16,247.8,跌,88.0,8,True,0.0,-0.7283,-0.7867,-0.7867,True,False,-3.72,-1.4,90.81,0.41,0.15,355.2,,OHLC,↓,LH/LL,DT,False,268,5,OKE,SubSector_R12
LRN,2026-09-24,80.04,2.37,True,82.74,0.101,-0.02,True,78.6,0.52,78.1,True,2.96,3.04,23.5,6.2,D 趨勢弱,True,8:09,244.3,跌,86.0,12,True,0.0,-0.3664,-0.4969,-0.8072,True,False,-3.37,-1.14,83.56,-4.4,-1.49,59.0,,OHLC,↓,LH/LL,DT,False,268,5,LRN,SubSector_R12
TARS,2026-09-24,75.96,3.19,True,77.62,0.331,0.78,True,69.3,0.29,69.0,False,4.2,3.56,60.2,-3.7,B 上升結構,True,7:39,229.4,跌,77.0,9,True,0.0,-1.1893,-1.2094,-1.2094,True,True,-2.18,-0.52,74.29,2.2,0.52,63.2,,OHLC,↑,HH/HL,自然反彈,False,268,5,TARS,MP_R21_差一項
REG,2026-09-24,72.92,1.04,False,74.96,-0.101,-0.82,True,95.6,0.24,95.3,True,1.43,0.92,23.2,0.3,D 趨勢弱,True,7:28,224.0,跌,74.0,8,True,0.0,-0.0668,-0.0925,-0.6799,True,True,-2.8,-1.95,76.54,-4.96,-3.47,103.2,,OHLC,↓,LH/LL,DT,False,268,5,REG,SubSector_R12
CHRD,2026-09-24,140.02,4.83,True,145.48,0.081,0.31,True,78.5,0.54,77.9,True,3.45,2.57,47.0,5.3,C 基底修復,True,7:03,211.4,跌,67.0,7,True,0.0,-1.9142,-2.0727,-2.0727,True,False,-3.9,-1.13,135.89,2.95,0.86,104.3,,OHLC,—,HH/HL,自然反彈,False,268,5,CHRD,Combined_R22
TRST,2026-09-24,56.3,1.26,False,57.14,-0.007,-0.01,True,91.4,0.35,91.0,True,2.23,1.2,61.7,8.3,C 基底修復,True,6:44,202.2,跌,62.0,6,True,0.0,-0.2793,-0.3128,-0.3262,True,True,-1.49,-0.67,59.28,-5.29,-2.37,9.0,,OHLC,↓,LH/LL,DT,False,268,5,TRST,Combined_R22
HUM,2026-09-24,380.32,12.34,False,389.42,-0.064,0.04,True,82.1,0.53,81.6,True,3.24,2.1,68.0,1.7,C 基底修復,True,6:33,196.3,跌,59.0,7,True,0.0,-3.1527,-3.6094,-6.6213,True,True,-2.39,-0.74,383.23,-0.77,-0.24,359.5,,OHLC,—,HH/HL,自然反彈,False,268,5,HUM,SubSector_R12
SU,2026-09-24,68.65,1.82,True,67.81,0.247,0.75,True,85.9,0.08,85.8,True,2.65,1.94,74.7,1.4,A 待突破,False,5:56,177.8,跌,49.0,5,True,0.0,-0.2818,-0.3258,-0.5478,True,True,1.22,0.46,67.33,1.92,0.72,330.9,,OHLC,↑,HH/HL,自然反彈,False,268,5,SU,Combined_R22
MEOH,2026-09-24,59.77,2.17,True,60.16,0.108,0.35,True,77.3,0.81,76.5,True,3.63,2.61,55.6,-3.4,B 上升結構,False,5:13,156.3,跌,37.0,5,True,0.0,-0.5214,-0.5623,-0.5623,True,True,-0.66,-0.18,58.72,1.76,0.48,52.8,,OHLC,↑,HH/HL,UT,False,268,5,MEOH,Combined_R22
REPX,2026-09-24,41.69,1.49,True,41.35,0.101,0.79,True,79.7,0.75,79.0,True,3.58,2.21,52.1,-1.5,B 上升結構,False,4:50,144.9,跌,30.0,4,True,0.0,-0.4388,-0.449,-0.449,True,True,0.82,0.23,40.2,3.57,1.0,17.4,,OHLC,↑,HH/HL,UT,False,268,5,REPX,MP_R21
APPN,2026-09-24,37.61,1.97,True,37.79,0.1,0.49,True,60.0,0.2,59.8,False,5.23,4.4,55.7,-2.3,B 上升結構,True,8:49,264.6,跌,123.0,16,True,1.0,-0.3055,-0.3263,-1.1783,True,True,-0.48,-0.09,39.89,-6.06,-1.16,34.8,,OHLC,—,HH/HL,次級反彈,False,268,5,APPN,MP_R21_差一項
CHEF,2026-09-24,110.36,3.63,False,111.25,-0.001,-0.02,True,80.6,0.65,80.0,True,3.29,2.33,88.9,8.3,A 待突破,True,8:49,264.6,跌,242.0,29,True,1.0,-0.4632,-0.5878,-0.9269,True,True,-0.8,-0.24,110.85,-0.44,-0.13,76.7,,OHLC,↓,LH/LL,自然回檔,False,268,5,CHEF,SubSector_R12
CME,2026-09-24,268.91,5.54,True,275.77,0.224,0.21,True,90.5,0.16,90.3,True,2.06,1.57,36.7,-0.5,C 基底修復,True,8:49,264.6,跌,124.0,14,False,1.0,-1.6979,-1.6851,-1.8126,False,True,-2.55,-1.24,277.74,-3.28,-1.59,534.5,,OHLC,↓,LH/LL,DT,False,268,5,CME,SubSector_R12+Combined_R22
FET,2026-09-24,83.64,3.17,True,81.19,0.016,0.22,True,69.9,0.75,69.1,False,3.79,3.87,76.0,-0.1,E 延伸,True,8:49,264.6,跌,287.0,24,True,1.0,-0.4261,-0.56,-1.3724,True,True,2.93,0.77,80.69,3.53,0.93,15.9,,OHLC,—,HH/HL,UT,True,268,5,FET,MP_R21_差一項
FROG,2026-09-24,94.2,5.17,True,92.88,0.218,0.22,True,61.3,0.94,60.4,False,5.49,3.87,77.8,-1.4,B 上升結構,True,8:49,264.6,跌,135.0,16,True,1.0,-0.0069,-0.1606,-2.3224,True,True,1.41,0.26,92.13,2.2,0.4,183.6,,OHLC,—,LH/LL,UT,True,268,5,FROG,MP_R21_差一項
MANH,2026-09-24,209.63,6.98,True,209.19,0.635,0.37,True,74.2,0.34,73.8,False,3.33,3.51,74.6,-0.5,A 待突破,True,8:49,264.6,跌,225.0,16,True,1.0,-1.5472,-1.6878,-3.4951,True,True,0.21,0.06,212.03,-1.14,-0.34,136.1,,OHLC,—,LH/LL,自然回檔,True,268,5,MANH,MP_R21_差一項
MNDY,2026-09-24,86.0,5.08,True,90.72,0.147,0.07,True,57.3,0.72,56.6,False,5.91,4.32,27.1,1.4,D 趨勢弱,True,8:49,264.6,跌,129.0,14,True,1.0,-0.8561,-0.8931,-1.8335,True,True,-5.49,-0.93,87.96,-2.28,-0.39,102.6,,OHLC,↓,LH/LL,DT,False,268,5,MNDY,Combined_R22
NSIT,2026-09-24,159.73,6.23,True,155.75,0.196,0.26,False,76.6,-0.03,76.6,True,3.9,2.49,70.5,8.8,A 待突破,True,8:49,264.6,跌,289.0,26,True,1.0,-1.0407,-1.219,-1.3199,True,True,2.49,0.64,160.72,-0.62,-0.16,57.6,,OHLC,↑,HH/HL,次級反彈,False,268,5,NSIT,MP_R21_差一項
PRU,2026-09-24,118.75,2.37,False,120.0,-0.113,-0.28,True,92.0,0.2,91.8,True,1.99,1.29,57.2,3.7,C 基底修復,True,8:49,264.6,跌,417.0,36,True,1.0,-0.1214,-0.2173,-0.9553,True,True,-1.05,-0.53,119.77,-0.86,-0.43,188.6,,OHLC,—,LH/LL,DT,True,268,5,PRU,SubSector_R12
WDAY,2026-09-24,190.99,8.31,True,196.59,0.708,0.3,True,66.0,0.31,65.7,False,4.35,4.07,64.5,1.5,C 基底修復,True,8:49,264.6,跌,177.0,22,True,1.0,-1.3905,-1.4718,-3.4876,True,True,-2.93,-0.67,187.76,1.69,0.39,675.9,,OHLC,—,HH/HL,次級反彈,True,268,5,WDAY,SubSector_R12
WELL,2026-09-24,233.61,5.0,True,235.6,0.255,-0.12,False,91.2,-0.22,91.4,True,2.14,1.33,49.8,2.2,C 基底修復,True,8:49,264.6,跌,113.0,14,True,1.0,-0.5034,-0.8001,-2.4457,True,True,-0.85,-0.4,240.31,-2.87,-1.34,652.2,,OHLC,—,LH/LL,自然反彈,True,268,5,WELL,SubSector_R12
CRM,2026-09-24,238.22,8.95,True,236.6,1.23,0.65,True,71.2,0.73,70.4,False,3.76,3.65,54.9,-1.0,E 延伸,True,8:22,251.2,跌,90.0,11,True,1.0,-4.1402,-4.3354,-4.3913,True,True,0.68,0.18,259.43,-8.9,-2.37,4239.2,,OHLC,↓,LH/LL,自然反彈,False,268,5,CRM,AI_R13+SubSector_R12+Combined_R22+MP_R21_差一項
NHC,2026-09-24,221.6,6.42,True,224.51,0.107,0.12,True,84.4,0.02,84.4,True,2.9,1.99,60.3,-11.3,C 基底修復,True,7:42,231.2,跌,78.0,5,False,1.0,-0.3105,-0.1626,-1.9736,False,True,-1.31,-0.45,220.54,0.48,0.17,24.0,,OHLC,—,HH/HL,自然回檔,True,268,5,NHC,Combined_R22
OXY,2026-09-24,58.05,1.59,False,59.76,-0.03,0.03,True,84.4,0.32,84.1,True,2.74,2.16,44.5,4.6,C 基底修復,True,7:18,219.2,跌,72.0,7,True,1.0,-0.5777,-0.6551,-0.661,True,True,-2.94,-1.08,58.41,-0.62,-0.23,503.1,,OHLC,—,HH/HL,自然反彈,False,268,5,OXY,SubSector_R12+Combined_R22
XOM,2026-09-24,162.14,3.8,True,162.49,0.109,0.21,True,88.9,0.08,88.9,True,2.34,1.62,60.0,0.9,A 待突破,False,5:49,174.7,跌,47.0,6,True,1.0,-0.7124,-0.8356,-1.0846,True,True,-0.22,-0.09,159.47,1.65,0.7,2382.5,,OHLC,↑,HH/HL,自然反彈,False,268,5,XOM,SubSector_R12+Combined_R22+RateHike_R2_迴避
CNI,2026-09-24,119.92,2.12,False,123.41,-0.211,-0.52,True,93.7,0.05,93.6,True,1.77,1.1,56.0,0.6,C 基底修復,True,8:49,264.6,跌,438.0,40,True,2.0,-0.1549,-0.2771,-0.8509,True,True,-2.91,-1.65,123.09,-2.64,-1.5,175.3,,OHLC,↓,LH/LL,自然反彈,False,268,5,CNI,Combined_R22
FCFS,2026-09-24,216.4,6.97,True,221.75,0.217,0.21,True,80.2,0.69,79.6,True,3.22,2.47,66.5,13.2,A 待突破,True,7:38,228.8,跌,77.0,8,False,2.0,-1.0797,-1.0482,-1.1607,False,True,-2.47,-0.77,215.54,0.4,0.12,87.9,,OHLC,↑,HH/HL,次級回檔,False,268,5,FCFS,Combined_R22
ROKU,2026-09-24,153.33,1.99,True,155.99,0.069,0.32,True,96.0,0.13,95.9,True,1.3,0.93,84.0,-1.1,A 待突破,True,8:49,264.6,跌,170.0,20,False,3.0,-0.6345,-0.6506,-1.0296,True,True,-1.73,-1.34,157.45,-2.69,-2.07,352.2,,OHLC,—,LH/LL,次級回檔,False,268,5,ROKU,SubSector_R12
AII,2026-09-24,25.33,0.94,True,25.8,0.156,0.62,True,77.6,0.7,76.9,True,3.7,2.49,61.0,2.5,A 待突破,True,8:49,264.6,跌,138.0,17,False,5.0,-0.3112,-0.2984,-0.3112,False,True,-1.86,-0.5,26.2,-3.43,-0.93,5.9,,OHLC,—,LH/LL,DT,True,268,5,AII,MP_R21_差一項
GAP,2026-09-24,21.69,0.79,True,21.47,0.029,0.07,True,76.6,0.61,76.0,True,3.66,2.72,27.4,-3.1,D 趨勢弱,True,8:49,264.6,跌,111.0,11,False,5.0,-0.0166,-0.0604,-0.2131,True,True,1.03,0.28,21.51,0.83,0.23,187.6,,OHLC,↓,LH/LL,自然反彈,False,268,5,GAP,Combined_R22
LNG,2026-09-24,276.28,7.65,True,278.58,0.212,0.14,True,85.4,0.38,85.0,True,2.77,1.94,56.7,2.1,A 待突破,True,8:49,264.6,跌,155.0,13,False,5.0,-1.1436,-1.5947,-2.9031,True,True,-0.83,-0.3,283.55,-2.63,-0.95,638.5,,OHLC,—,LH/LL,UT,False,268,5,LNG,SubSector_R12
MSFT,2026-09-24,497.93,10.98,True,495.79,0.034,-0.06,True,85.9,0.06,85.8,True,2.21,2.4,70.7,1.1,A 待突破,True,8:49,264.6,跌,193.0,27,False,5.0,-2.0113,-2.0794,-3.9416,True,True,0.43,0.2,505.41,-1.5,-0.68,10676.2,,OHLC,—,LH/LL,自然反彈,True,268,5,MSFT,AI_R13+SubSector_R12+Combined_R22
REGN,2026-09-24,796.02,19.27,True,807.35,0.068,0.0,True,87.3,0.02,87.2,True,2.42,1.9,56.8,-1.5,A 待突破,True,8:49,264.6,跌,183.0,21,False,5.0,-3.1072,-3.55,-10.1122,True,True,-1.42,-0.59,794.19,0.23,0.09,565.3,,OHLC,—,HH/HL,UT,True,268,5,REGN,SubSector_R12+Combined_R22+MP_R21_差一項
RGLD,2026-09-24,252.49,7.38,True,252.85,0.65,0.63,True,82.9,0.39,82.5,True,2.92,2.26,43.9,-2.2,C 基底修復,True,8:49,264.6,跌,152.0,16,False,5.0,-1.886,-2.0365,-3.6054,True,True,-0.14,-0.05,258.29,-2.3,-0.79,173.9,,OHLC,—,LH/LL,自然回檔,True,268,5,RGLD,SubSector_R12
MRK,2026-09-24,147.98,3.55,True,147.66,0.534,0.65,True,86.0,0.0,86.0,True,2.4,2.17,64.6,-4.3,A 待突破,True,8:49,264.6,跌,133.0,14,False,6.0,-0.495,-0.4941,-1.5538,False,True,0.22,0.09,152.8,-3.26,-1.36,1461.3,,OHLC,—,LH/LL,UT,False,268,5,MRK,SubSector_R12+Combined_R22
NDSN,2026-09-24,323.26,6.26,True,318.24,0.285,0.08,True,91.1,0.1,91.0,True,1.94,1.57,68.1,1.1,A 待突破,True,9:24,282.2,升,7.0,1,False,7.0,0.4448,-0.0158,,False,True,1.55,0.8,311.56,3.62,1.87,114.2,,OHLC,↑,HH/HL,UT,False,268,5,NDSN,SubSector_R12
JNJ,2026-09-24,270.68,5.34,True,269.26,0.326,0.36,True,91.7,0.02,91.7,True,1.97,1.38,80.3,0.4,A 待突破,True,8:49,264.6,跌,107.0,13,False,7.0,-0.3325,-0.4637,-1.1986,True,True,0.52,0.27,271.55,-0.32,-0.16,1752.1,,OHLC,—,LH/LL,自然回檔,False,268,5,JNJ,SubSector_R12+Combined_R22
CVE,2026-09-24,31.28,0.98,True,32.26,0.057,0.4,True,81.7,0.3,81.4,True,3.14,2.27,65.8,1.6,A 待突破,True,7:42,231.2,跌,78.0,10,False,7.0,-0.368,-0.3646,-0.368,False,True,-3.13,-1.0,,,,210.8,,OHLC,—,HH/HL,DT,False,268,5,CVE,Combined_R22
CBLL,2026-09-24,23.82,0.9,True,24.24,0.072,1.16,True,75.9,0.63,75.3,True,3.77,2.74,76.6,7.0,A 待突破,True,8:49,264.6,跌,114.0,19,False,8.0,-0.2399,-0.2287,-0.2477,False,True,-1.77,-0.47,24.5,-2.85,-0.76,8.6,,OHLC,—,HH/HL,DT,False,268,5,CBLL,MP_R21
HZO,2026-09-24,52.41,0.4,True,52.23,0.006,1.04,True,79.1,0.28,78.8,True,0.77,5.14,84.4,0.1,A 待突破,True,8:49,264.6,跌,232.0,20,False,8.0,-0.4611,-0.4802,-0.6256,True,True,0.33,0.43,52.08,0.63,0.82,42.5,,OHLC,—,HH/HL,UT,True,268,5,HZO,MP_R21_差一項
KELYA,2026-09-24,16.41,0.46,True,16.5,0.036,0.29,True,83.1,0.49,82.6,True,2.79,2.36,75.5,-6.5,A 待突破,True,8:49,264.6,跌,110.0,17,False,8.0,-0.0429,-0.0493,-0.2148,True,True,-0.53,-0.19,16.48,-0.43,-0.15,5.0,,OHLC,—,HH/HL,自然反彈,True,268,5,KELYA,MP_R21_差一項
DV,2026-09-24,13.37,0.1,True,13.41,0.005,1.1,True,92.7,0.15,92.5,True,0.75,2.37,72.2,0.6,A 待突破,True,8:49,264.6,跌,223.0,22,False,10.0,-0.0621,-0.0605,-0.0793,False,True,-0.3,-0.4,13.34,0.22,0.3,48.1,,OHLC,↑,HH/HL,UT,False,268,5,DV,MP_R21_差一項
GNK,2026-09-24,26.44,0.87,True,26.85,0.016,0.29,True,81.1,0.35,80.7,True,3.27,2.26,60.2,-1.5,A 待突破,True,6:26,192.9,跌,57.0,3,False,,-0.1412,-0.0942,-0.1412,False,True,-1.56,-0.48,27.42,-3.71,-1.13,18.4,,OHLC,—,HH/HL,DT,False,268,5,GNK,Combined_R22
ALRS,2026-09-24,32.21,0.69,False,32.97,-0.063,-0.37,False,92.1,-0.0,92.1,True,2.14,1.13,54.7,1.9,C 基底修復,True,8:49,264.6,跌,446.0,34,True,0.0,-0.1522,-0.1651,-0.2241,True,True,-2.37,-1.11,33.6,-4.32,-2.02,5.2,,OHLC,↓,LH/LL,DT,False,268,4,ALRS,Combined_R22
AXP,2026-09-24,305.66,6.0,False,323.78,-1.448,-1.24,True,90.9,0.07,90.9,True,1.96,1.57,9.0,2.4,D 趨勢弱,True,8:49,264.6,跌,324.0,48,True,0.0,-1.6422,-1.8631,-3.5046,True,False,-5.93,-3.02,327.78,-7.24,-3.69,948.9,,OHLC,↓,LH/LL,DT,False,268,4,AXP,SubSector_R12+Combined_R22
BAC,2026-09-24,56.03,1.24,False,60.84,-0.287,-0.97,True,90.8,0.4,90.4,True,2.21,1.36,30.4,-0.3,D 趨勢弱,True,8:49,264.6,跌,246.0,28,True,0.0,-0.597,-0.6324,-0.6324,True,False,-8.58,-3.89,63.83,-13.92,-6.31,2306.4,,OHLC,↓,LH/LL,DT,False,268,4,BAC,SubSector_R12+Combined_R22
BMY,2026-09-24,61.5,1.35,False,64.6,-0.148,-0.58,True,89.6,0.33,89.2,True,2.19,1.64,39.3,-0.4,C 基底修復,True,8:49,264.6,跌,245.0,19,True,0.0,-0.5022,-0.5336,-0.6275,True,False,-5.04,-2.3,65.29,-6.16,-2.81,660.2,,OHLC,↓,LH/LL,DT,False,268,4,BMY,SubSector_R12
BNY,2026-09-24,150.19,2.97,False,158.12,-0.402,-0.73,True,91.6,0.36,91.3,True,1.98,1.39,45.7,0.1,C 基底修復,True,8:49,264.6,跌,239.0,26,True,0.0,-1.3183,-1.4223,-1.4223,True,False,-5.28,-2.67,160.39,-6.79,-3.44,593.0,,OHLC,↓,LH/LL,DT,False,268,4,BNY,Combined_R22
CAH,2026-09-24,222.62,5.05,False,232.8,-0.768,-0.75,True,90.3,0.21,90.1,True,2.27,1.4,42.8,-2.2,C 基底修復,True,8:49,264.6,跌,102.0,11,True,0.0,-1.9577,-2.1365,-2.1365,True,False,-4.57,-2.02,249.29,-11.98,-5.28,409.8,,OHLC,↓,LH/LL,DT,False,268,4,CAH,SubSector_R12+Combined_R22
CDP,2026-09-24,33.81,0.71,False,35.59,-0.085,-0.76,True,93.0,0.31,92.7,True,2.09,0.95,30.8,0.3,C 基底修復,True,8:49,264.6,跌,397.0,54,True,0.0,-0.0982,-0.1,-0.3,True,False,-5.27,-2.52,35.0,-3.52,-1.69,31.8,,OHLC,↓,LH/LL,DT,False,268,4,CDP,Combined_R22
COF,2026-09-24,196.61,4.65,False,211.51,-0.797,-0.83,True,88.2,0.3,87.9,True,2.37,1.76,12.9,0.4,D 趨勢弱,True,8:49,264.6,跌,190.0,26,True,0.0,-1.5273,-1.5408,-1.7423,True,False,-7.58,-3.2,220.5,-12.15,-5.13,733.4,,OHLC,↓,LH/LL,DT,False,268,4,COF,SubSector_R12
CTAS,2026-09-24,197.68,4.27,False,200.11,-0.32,-0.35,False,89.1,-0.51,89.6,True,2.16,1.77,38.7,6.4,C 基底修復,True,8:49,264.6,跌,374.0,38,True,0.0,-0.5992,-0.808,-1.8832,True,True,-1.23,-0.57,201.38,-1.87,-0.87,398.9,,OHLC,↓,LH/LL,自然反彈,False,268,4,CTAS,SubSector_R12
DUOL,2026-09-24,147.75,7.64,True,146.73,0.415,0.53,False,62.5,-0.34,62.8,False,5.17,3.95,63.6,-0.7,D 趨勢弱,True,8:49,264.6,跌,384.0,12,True,0.0,-0.8316,-0.9422,-1.2955,True,True,0.69,0.13,149.42,-1.13,-0.22,175.7,,OHLC,—,LH/LL,次級回檔,True,268,4,DUOL,AI_R13+Combined_R22
EBC,2026-09-24,21.31,0.44,False,22.05,-0.042,-0.75,True,91.5,0.24,91.3,True,2.08,1.31,38.2,2.4,C 基底修復,True,8:49,264.6,跌,506.0,47,True,0.0,-0.0321,-0.0402,-0.1998,True,False,-3.47,-1.66,22.1,-3.71,-1.78,52.0,,OHLC,—,LH/LL,DT,True,268,4,EBC,Combined_R22
FRT,2026-09-24,110.35,1.67,False,114.9,-0.276,-1.21,True,95.3,0.18,95.1,True,1.51,0.91,23.2,1.3,D 趨勢弱,True,8:49,264.6,跌,98.0,11,True,0.0,-0.3554,-0.4401,-1.0732,True,False,-4.12,-2.72,118.33,-7.23,-4.78,95.4,,OHLC,↓,LH/LL,DT,False,268,4,FRT,SubSector_R12
FWONK,2026-09-24,95.08,2.41,False,98.21,-0.336,-0.78,True,88.2,0.1,88.1,True,2.53,1.6,31.5,5.0,C 基底修復,True,8:49,264.6,跌,147.0,21,True,0.0,-0.1182,-0.2337,-1.1927,True,False,-3.29,-1.3,96.43,-1.42,-0.56,214.4,,OHLC,—,LH/LL,DT,True,268,4,FWONK,SubSector_R12
IQV,2026-09-24,275.02,7.35,True,261.47,0.894,0.74,False,83.3,-0.19,83.5,True,2.67,2.44,73.7,-1.8,A 待突破,True,8:49,264.6,跌,179.0,17,True,0.0,-0.5862,-0.9332,-1.8687,True,False,4.93,1.84,256.98,6.56,2.46,435.5,,OHLC,↑,HH/HL,UT,False,268,4,IQV,MP_R21_差一項
JLL,2026-09-24,324.4,10.11,False,358.55,-1.278,-0.63,True,83.0,0.61,82.4,True,3.12,2.05,11.5,-0.2,D 趨勢弱,True,8:49,264.6,跌,184.0,20,True,0.0,-3.0388,-3.0415,-5.4642,True,False,-10.53,-3.38,367.78,-13.37,-4.29,115.3,,OHLC,↓,LH/LL,DT,False,268,4,JLL,SubSector_R12
KHC,2026-09-24,23.86,0.65,False,24.87,-0.011,-0.17,True,85.5,0.69,84.9,True,2.72,1.95,23.3,1.6,D 趨勢弱,True,8:49,264.6,跌,170.0,14,True,0.0,-0.1021,-0.1022,-0.2905,True,False,-4.22,-1.55,24.99,-4.74,-1.74,586.3,,OHLC,↓,LH/LL,DT,False,268,4,KHC,SubSector_R12
KIM,2026-09-24,22.25,0.35,False,23.45,-0.049,-0.9,True,94.9,0.2,94.7,True,1.58,0.97,18.2,0.8,D 趨勢弱,True,8:49,264.6,跌,114.0,12,True,0.0,-0.0649,-0.0721,-0.2436,True,False,-5.39,-3.4,24.26,-9.03,-5.71,139.4,,OHLC,↓,LH/LL,DT,False,268,4,KIM,SubSector_R12
LH,2026-09-24,308.95,7.65,False,322.8,-0.523,-0.3,True,88.4,0.29,88.2,True,2.48,1.6,35.4,3.3,C 基底修復,True,8:49,264.6,跌,286.0,20,True,0.0,-2.531,-2.5629,-4.2,True,False,-4.48,-1.81,327.95,-6.15,-2.48,261.3,,OHLC,—,LH/LL,自然回檔,False,268,4,LH,Combined_R22
LNC,2026-09-24,41.39,1.2,False,43.28,-0.087,-0.59,True,83.0,0.79,82.2,True,2.9,2.27,38.2,0.4,C 基底修復,True,8:49,264.6,跌,176.0,13,True,0.0,-0.3139,-0.3465,-0.6391,True,False,-4.56,-1.57,,,,85.3,,OHLC,—,HH/HL,DT,False,268,4,LNC,SubSector_R12
LYB,2026-09-24,60.18,2.07,False,63.98,-0.05,-0.05,True,80.7,0.45,80.2,True,3.45,2.16,23.2,4.4,C 基底修復,True,8:49,264.6,跌,158.0,21,True,0.0,-0.6512,-0.6868,-0.6868,True,False,-6.31,-1.83,65.43,-8.72,-2.53,224.6,,OHLC,↓,LH/LL,DT,False,268,4,LYB,SubSector_R12
MHK,2026-09-24,119.47,4.22,False,129.15,-0.555,-0.66,True,78.3,0.19,78.1,True,3.53,2.54,28.9,-0.0,D 趨勢弱,True,8:49,264.6,跌,190.0,26,True,0.0,-1.2957,-1.325,-1.9008,True,False,-8.1,-2.29,129.42,-8.33,-2.36,137.7,,OHLC,↓,LH/LL,自然反彈,False,268,4,MHK,SubSector_R12
NFLX,2026-09-24,71.72,2.21,False,77.16,-0.099,-0.54,True,81.8,1.05,80.7,True,3.08,2.33,2.2,-2.0,D 趨勢弱,True,8:49,264.6,跌,137.0,14,True,0.0,-0.9144,-0.9755,-0.9755,True,False,-7.59,-2.47,73.36,-2.29,-0.74,2488.9,,OHLC,↓,LH/LL,DT,False,268,4,NFLX,SubSector_R12+Combined_R22
O,2026-09-24,55.41,0.94,False,59.67,-0.362,-1.63,True,94.2,0.18,94.0,True,1.71,1.04,7.4,-5.0,D 趨勢弱,True,8:49,264.6,跌,183.0,21,True,0.0,-0.3649,-0.3783,-0.4354,True,False,-7.68,-4.5,61.97,-11.84,-6.94,440.8,,OHLC,↓,LH/LL,DT,False,268,4,O,SubSector_R12
SENEA,2026-09-24,184.0,6.78,False,191.26,-0.059,0.2,True,78.8,0.31,78.5,True,3.68,2.29,72.7,14.7,B 上升結構,True,8:49,264.6,跌,115.0,13,True,0.0,-1.6931,-2.0923,-2.7711,True,False,-3.95,-1.07,186.31,-1.26,-0.34,18.3,,OHLC,↓,LH/LL,自然反彈,False,268,4,SENEA,Combined_R22
SOBO,2026-09-24,34.32,0.79,False,36.76,-0.081,-0.2,True,90.1,0.4,89.7,True,2.31,1.41,38.8,0.7,C 基底修復,True,8:49,264.6,跌,101.0,12,True,0.0,-0.2557,-0.2571,-0.3059,True,False,-7.12,-3.08,37.85,-10.29,-4.46,21.6,,OHLC,↓,LH/LL,DT,False,268,4,SOBO,Combined_R22
STT,2026-09-24,181.09,4.07,False,187.1,-0.49,-0.53,True,90.1,0.25,89.9,True,2.25,1.46,54.4,0.1,C 基底修復,True,8:49,264.6,跌,206.0,18,True,0.0,-1.3249,-1.4667,-1.4808,True,False,-3.32,-1.48,195.4,-7.9,-3.52,359.9,,OHLC,↓,LH/LL,DT,False,268,4,STT,Combined_R22
SYF,2026-09-24,71.55,1.96,False,77.5,-0.201,-0.51,True,84.5,0.57,83.9,True,2.74,2.14,23.3,1.0,D 趨勢弱,True,8:49,264.6,跌,208.0,25,True,0.0,-0.6619,-0.6659,-0.6659,True,False,-8.32,-3.03,80.8,-12.92,-4.71,232.4,,OHLC,↓,LH/LL,DT,False,268,4,SYF,SubSector_R12
UNF,2026-09-24,257.86,6.77,False,274.33,-0.995,-0.65,True,89.9,0.04,89.8,True,2.62,1.14,36.3,1.7,D 趨勢弱,True,8:49,264.6,跌,302.0,38,True,0.0,-1.1329,-1.1546,-1.9871,True,False,-6.39,-2.43,263.13,-2.04,-0.78,98.7,,OHLC,↓,LH/LL,DT,False,268,4,UNF,Combined_R22
VZ,2026-09-24,47.32,1.08,False,49.25,-0.02,-0.12,True,90.0,0.44,89.6,True,2.28,1.46,35.3,2.5,C 基底修復,True,8:49,264.6,跌,107.0,14,True,0.0,-0.5435,-0.5974,-0.5974,True,False,-4.07,-1.79,46.73,1.25,0.55,1050.7,,OHLC,↓,LH/LL,DT,False,268,4,VZ,SubSector_R12+RateHike_R2_迴避
NVO,2026-09-24,38.62,1.32,False,43.72,-0.343,-1.52,True,78.8,0.73,78.1,True,3.42,2.54,6.3,0.6,D 趨勢弱,True,7:44,232.1,跌,79.0,12,True,0.0,-0.5684,-0.5763,-0.7798,True,False,-13.21,-3.86,43.24,-11.96,-3.49,564.3,,OHLC,↓,LH/LL,DT,False,268,4,NVO,SubSector_R12
OESX,2026-09-24,29.25,2.27,True,25.55,0.273,0.85,True,36.9,0.47,36.5,False,7.77,8.08,72.5,1.6,E 延伸,True,7:36,227.9,跌,77.0,9,True,0.0,-0.1699,-0.1994,-0.2438,True,False,12.64,1.63,27.6,5.64,0.73,2.7,,OHLC,—,HH/HL,自然反彈,True,268,4,OESX,MP_R21_差一項
FANG,2026-09-24,189.01,6.36,False,198.34,-0.295,-0.33,True,80.2,0.54,79.7,True,3.37,2.33,40.9,5.1,C 基底修復,True,7:18,219.2,跌,72.0,7,True,0.0,-2.0759,-2.3395,-2.3395,True,False,-4.93,-1.47,,,,656.4,,OHLC,—,HH/HL,自然反彈,False,268,4,FANG,SubSector_R12+Combined_R22
ATO,2026-09-24,156.42,2.35,False,165.41,-0.51,-1.01,True,95.1,0.17,94.9,True,1.51,1.0,12.2,0.3,D 趨勢弱,True,7:09,214.7,跌,69.0,11,True,0.0,-0.7055,-0.7345,-1.0166,True,False,-5.75,-3.82,169.58,-8.41,-5.59,162.6,,OHLC,↓,LH/LL,DT,False,268,4,ATO,SubSector_R12
RIVN,2026-09-24,15.29,0.69,False,15.74,-0.031,-0.21,True,64.7,0.25,64.5,False,4.48,4.18,6.3,0.9,D 趨勢弱,True,7:03,211.3,跌,67.0,8,True,0.0,-0.0574,-0.0787,-0.2459,True,True,-2.97,-0.66,15.36,-0.46,-0.1,337.2,,OHLC,↓,LH/LL,自然回檔,False,268,4,RIVN,SubSector_R12
UBSI,2026-09-24,46.53,0.76,False,47.41,-0.065,-0.44,True,94.6,0.11,94.5,True,1.62,1.01,50.0,2.1,C 基底修復,False,5:43,171.3,跌,45.0,6,True,0.0,-0.1007,-0.1085,-0.2587,True,True,-1.9,-1.17,48.25,-3.7,-2.28,49.8,,OHLC,↓,LH/LL,DT,False,268,4,UBSI,Combined_R22
NWBI,2026-09-24,15.18,0.25,False,15.41,-0.016,-0.27,True,94.6,0.04,94.6,True,1.63,1.0,52.6,2.1,C 基底修復,False,5:32,165.8,跌,42.0,4,True,0.0,-0.0394,-0.0398,-0.0804,True,True,-1.51,-0.93,15.74,-3.69,-2.26,17.2,,OHLC,—,LH/LL,自然回檔,False,268,4,NWBI,Combined_R22
NUE,2026-09-24,247.96,8.19,False,253.77,-0.479,-0.48,True,81.2,0.83,80.4,True,3.3,2.21,62.3,1.0,C 基底修復,False,5:28,164.2,跌,41.0,5,True,0.0,-1.4225,-1.5462,-4.3092,True,True,-2.34,-0.71,268.08,-8.11,-2.46,308.3,,OHLC,↓,LH/LL,自然反彈,False,268,4,NUE,SubSector_R12+RateHike_R2_受惠
RS,2026-09-24,385.77,10.83,False,394.91,-0.898,-0.5,True,86.6,0.63,85.9,True,2.81,1.65,62.9,0.5,C 基底修復,False,5:09,154.7,跌,36.0,4,True,0.0,-0.5719,-0.5786,-5.8201,True,True,-2.37,-0.84,381.87,1.01,0.36,120.4,,OHLC,—,HH/HL,DT,True,268,4,RS,SubSector_R12+RateHike_R2_受惠
PGC,2026-09-24,44.82,0.93,False,45.46,-0.059,-0.19,True,91.6,0.13,91.5,True,2.08,1.3,66.5,2.9,C 基底修復,False,4:52,146.2,跌,31.0,5,True,0.0,-0.0953,-0.1058,-0.1756,True,True,-1.43,-0.69,45.93,-2.48,-1.19,5.8,,OHLC,↓,LH/LL,DT,False,268,4,PGC,Combined_R22
BJ,2026-09-24,91.84,2.35,False,92.71,-0.037,-0.23,True,86.9,0.05,86.9,True,2.56,1.83,35.9,7.0,D 趨勢弱,False,4:09,124.3,跌,19.0,2,True,0.0,-0.0842,-0.128,-0.7487,True,True,-0.95,-0.37,90.49,1.47,0.57,141.6,,OHLC,↑,HH/HL,自然反彈,False,268,4,BJ,SubSector_R12
AMPL,2026-09-24,13.69,0.66,True,13.23,0.057,0.71,False,63.6,-0.36,63.9,False,4.86,4.04,74.7,0.4,B 上升結構,True,8:49,264.6,跌,154.0,16,True,1.0,-0.0681,-0.0845,-0.2954,True,True,3.37,0.69,13.81,-0.88,-0.18,22.5,,OHLC,↓,LH/LL,次級反彈,False,268,4,AMPL,MP_R21
DOW,2026-09-24,28.56,0.97,False,30.18,-0.056,-0.34,True,80.6,0.54,80.1,True,3.4,2.23,17.2,3.7,D 趨勢弱,True,8:49,264.6,跌,129.0,21,True,1.0,-0.1215,-0.144,-0.2147,True,False,-5.67,-1.67,30.08,-5.32,-1.57,257.2,,OHLC,↓,LH/LL,DT,False,268,4,DOW,SubSector_R12
GEO,2026-09-24,31.96,1.28,False,31.31,-0.001,-0.05,False,78.5,-0.08,78.6,True,4.02,2.01,77.9,22.4,A 待突破,True,8:49,264.6,跌,146.0,17,True,1.0,-0.0785,-0.1816,-0.2097,True,True,2.04,0.51,30.85,3.47,0.86,73.7,,OHLC,—,HH/HL,UT,True,268,4,GEO,Combined_R22
HRB,2026-09-24,42.61,1.52,False,48.54,-1.07,-0.9,True,75.1,0.38,74.7,True,3.57,3.09,29.9,0.3,D 趨勢弱,True,8:49,264.6,跌,173.0,20,True,1.0,-0.6299,-0.6894,-1.2778,True,False,-13.92,-3.9,45.84,-7.58,-2.12,88.0,,OHLC,↓,LH/LL,DT,False,268,4,HRB,SubSector_R12
NOW,2026-09-24,137.78,5.99,True,134.55,0.362,0.4,True,68.4,0.15,68.2,False,4.35,3.59,53.2,1.3,C 基底修復,True,8:49,264.6,跌,104.0,13,False,1.0,-0.847,-0.7996,-1.4944,False,True,2.35,0.54,142.1,-3.14,-0.72,2170.1,,OHLC,↓,LH/LL,次級回檔,False,268,4,NOW,AI_R13+SubSector_R12+Combined_R22+MP_R21
TMUS,2026-09-24,165.35,5.27,False,176.5,-0.393,-0.75,True,80.0,0.73,79.3,True,3.19,2.55,6.0,0.3,D 趨勢弱,True,8:49,264.6,跌,114.0,12,True,1.0,-1.7183,-1.9231,-2.0895,True,False,-6.74,-2.11,177.21,-7.17,-2.25,896.8,,OHLC,↓,LH/LL,自然反彈,False,268,4,TMUS,SubSector_R12
WM,2026-09-24,207.96,3.63,False,218.03,-0.466,-0.86,True,92.9,0.15,92.7,True,1.74,1.34,14.2,1.8,D 趨勢弱,True,8:49,264.6,跌,538.0,43,True,1.0,-0.6368,-0.7288,-2.0666,True,False,-4.84,-2.78,218.09,-4.87,-2.79,493.3,,OHLC,↓,LH/LL,DT,False,268,4,WM,SubSector_R12
FTI,2026-09-24,70.95,2.28,False,75.75,-0.1,-0.13,True,82.3,0.43,81.9,True,3.22,2.07,45.4,-0.6,C 基底修復,True,8:22,250.9,跌,89.0,12,True,1.0,-0.747,-0.8184,-0.8898,True,False,-6.76,-2.1,74.57,-5.1,-1.59,227.0,,OHLC,↓,LH/LL,DT,False,268,4,FTI,Combined_R22
AGCO,2026-09-24,116.21,4.55,True,117.3,0.367,0.5,False,75.2,-1.94,77.2,True,3.91,2.73,35.5,2.0,C 基底修復,True,6:57,208.6,跌,66.0,7,False,1.0,-1.0115,-0.6951,-1.6065,False,True,-0.94,-0.24,123.79,-6.52,-1.67,156.7,,OHLC,↓,LH/LL,DT,False,268,4,AGCO,MP_R21_差一項
HAL,2026-09-24,32.76,1.01,False,35.19,-0.01,0.01,True,83.2,0.21,82.9,True,3.08,2.05,21.2,0.2,C 基底修復,True,6:39,199.6,跌,61.0,10,True,1.0,-0.4478,-0.4611,-0.4703,True,False,-7.4,-2.4,,,,389.0,,OHLC,—,HH/HL,DT,False,268,4,HAL,SubSector_R12+RateHike_R2_迴避
IOT,2026-09-24,39.32,2.14,False,39.94,-0.018,-0.05,True,61.9,0.81,61.1,False,5.44,3.79,56.6,3.5,B 上升結構,True,6:05,182.3,跌,51.0,5,True,1.0,-0.214,-0.2518,-0.3744,True,True,-1.58,-0.29,39.14,0.46,0.08,317.4,,OHLC,—,HH/HL,自然反彈,False,268,4,IOT,Combined_R22
STLD,2026-09-24,235.2,8.19,False,237.52,-0.552,-0.51,True,79.6,0.8,78.8,True,3.48,2.34,62.4,0.5,C 基底修復,False,5:05,152.6,跌,35.0,4,True,1.0,-0.1667,-0.2602,-4.7695,True,True,-0.99,-0.28,245.35,-4.32,-1.24,235.0,,OHLC,—,LH/LL,自然反彈,True,268,4,STLD,SubSector_R12+RateHike_R2_受惠
RDVT,2026-09-24,79.06,2.87,True,73.47,0.336,0.74,True,75.7,0.36,75.3,True,3.63,2.92,71.3,-3.6,E 延伸,False,5:01,150.6,跌,34.0,4,True,1.0,-0.0739,-0.279,-0.5193,True,False,7.07,1.95,73.41,7.15,1.97,17.5,,OHLC,↑,HH/HL,UT,False,268,4,RDVT,MP_R21_差一項
PM,2026-09-24,191.5,4.43,True,189.59,0.167,0.09,True,88.8,0.17,88.7,True,2.31,1.68,66.0,-1.0,A 待突破,False,10:09,304.3,升,19.0,2,False,2.0,0.1073,0.0361,,False,True,1.0,0.43,190.39,0.58,0.25,836.5,,OHLC,—,LH/LL,自然反彈,True,268,4,PM,SubSector_R12
APD,2026-09-24,284.49,5.62,False,296.52,-0.506,-0.78,True,91.7,1.48,90.2,True,1.97,1.37,23.2,-10.3,C 基底修復,True,8:49,264.6,跌,154.0,15,True,2.0,-1.0711,-1.2772,-2.3348,True,False,-4.23,-2.14,300.2,-5.52,-2.8,347.7,,OHLC,↓,LH/LL,自然反彈,False,268,4,APD,AI_R13+SubSector_R12
CSX,2026-09-24,46.95,1.0,False,49.13,-0.099,-0.8,True,91.1,0.29,90.8,True,2.14,1.37,41.6,-1.8,C 基底修復,True,8:49,264.6,跌,145.0,18,True,2.0,-0.2007,-0.246,-0.3262,True,False,-4.65,-2.18,49.65,-5.75,-2.69,519.4,,OHLC,↓,LH/LL,自然反彈,False,268,4,CSX,SubSector_R12+Combined_R22
KDP,2026-09-24,30.88,0.73,True,31.62,0.112,0.47,False,88.0,-0.83,88.8,True,2.35,1.81,42.4,-13.7,C 基底修復,True,8:49,264.6,跌,102.0,11,False,2.0,-0.1209,-0.1003,-0.1929,False,True,-2.4,-1.02,31.44,-1.81,-0.77,318.0,,OHLC,—,LH/LL,自然回檔,True,268,4,KDP,SubSector_R12
MAA,2026-09-24,117.26,2.2,False,126.0,-0.532,-1.48,True,93.1,0.06,93.0,True,1.88,1.15,8.3,0.2,D 趨勢弱,True,8:49,264.6,跌,267.0,21,True,2.0,-0.689,-0.7252,-0.7945,True,False,-7.46,-3.97,130.02,-10.88,-5.8,141.0,,OHLC,↓,LH/LL,DT,False,268,4,MAA,SubSector_R12
MAN,2026-09-24,57.02,2.31,True,59.08,0.006,0.12,False,65.3,-0.84,66.1,False,4.05,4.5,61.5,-11.8,C 基底修復,True,8:49,264.6,跌,540.0,37,True,2.0,-0.5023,-0.545,-1.164,True,True,-3.61,-0.89,60.27,-5.7,-1.41,45.1,,OHLC,—,HH/HL,自然回檔,True,268,4,MAN,SubSector_R12
NSC,2026-09-24,313.17,5.72,False,332.05,-0.49,-0.67,True,92.6,0.15,92.5,True,1.83,1.31,30.3,-0.6,D 趨勢弱,True,8:49,264.6,跌,124.0,18,True,2.0,-1.1389,-1.4225,-3.056,True,False,-6.03,-3.3,355.99,-13.67,-7.48,379.9,,OHLC,↓,LH/LL,DT,False,268,4,NSC,SubSector_R12+Combined_R22
SCI,2026-09-24,77.75,1.68,False,81.29,-0.244,-0.82,True,90.8,0.25,90.5,True,2.17,1.39,20.2,-0.5,D 趨勢弱,True,8:49,264.6,跌,325.0,33,True,2.0,-0.3838,-0.4263,-0.5366,True,False,-4.56,-2.1,82.21,-5.74,-2.65,71.5,,OHLC,↓,LH/LL,DT,False,268,4,SCI,SubSector_R12
TMCI,2026-09-24,4.54,0.25,False,4.59,-0.007,-0.15,True,61.0,0.92,60.1,False,5.42,4.02,59.4,-2.4,D 趨勢弱,True,8:49,264.6,跌,99.0,13,True,2.0,-0.0158,-0.0189,-0.079,True,True,-1.06,-0.2,4.6,-1.32,-0.24,1.1,,OHLC,—,HH/HL,自然反彈,True,268,4,TMCI,MP_R21_差一項
UNP,2026-09-24,274.07,5.62,False,291.66,-0.52,-0.85,True,91.4,0.16,91.2,True,2.05,1.38,31.2,-1.1,D 趨勢弱,True,8:49,264.6,跌,115.0,18,True,2.0,-1.4754,-1.6974,-2.7173,True,False,-6.42,-3.13,314.15,-14.62,-7.14,706.9,,OHLC,↓,LH/LL,自然反彈,False,268,4,UNP,SubSector_R12+Combined_R22
URBN,2026-09-24,74.78,2.61,False,77.57,-0.065,-0.17,True,78.8,0.32,78.5,True,3.49,2.48,52.5,0.3,C 基底修復,True,8:49,264.6,跌,137.0,12,True,2.0,-0.4934,-0.5459,-0.6306,True,False,-3.73,-1.07,78.58,-5.08,-1.46,90.7,,OHLC,—,LH/LL,DT,True,268,4,URBN,Combined_R22
CTVA,2026-09-24,79.45,2.41,True,82.87,0.192,0.25,False,82.3,-0.19,82.5,True,3.04,2.26,39.8,-2.2,C 基底修復,True,8:28,254.1,跌,91.0,9,True,2.0,-0.643,-0.6546,-1.5408,True,False,-4.31,-1.42,83.86,-5.55,-1.83,414.5,,OHLC,—,HH/HL,DT,False,268,4,CTVA,SubSector_R12
CNXC,2026-09-24,29.39,1.88,True,28.28,0.127,0.3,False,54.3,-0.29,54.6,False,6.38,4.53,24.4,6.6,D 趨勢弱,True,7:40,230.0,跌,78.0,11,True,2.0,-0.0939,-0.0962,-0.3575,True,True,3.79,0.59,27.53,6.33,0.99,50.1,,OHLC,↑,HH/HL,自然回檔,False,268,4,CNXC,MP_R21_差一項
LEN,2026-09-24,81.47,2.58,False,81.89,-0.095,-0.5,True,81.6,0.35,81.3,True,3.17,2.26,7.9,0.4,D 趨勢弱,True,9:55,297.7,升,15.0,2,False,3.0,0.2713,0.1591,,False,True,-0.51,-0.16,,,,364.7,,OHLC,—,LH/LL,UT,False,268,4,LEN,SubSector_R12+RateHike_R2_迴避
AMCX,2026-09-24,12.03,0.48,True,12.12,0.007,-0.11,True,72.5,0.82,71.7,False,4.02,3.14,65.0,-2.9,A 待突破,True,8:49,264.6,跌,177.0,19,False,3.0,-0.0698,-0.084,-0.1489,True,True,-0.77,-0.19,12.27,-2.0,-0.5,7.4,,OHLC,—,LH/LL,自然反彈,True,268,4,AMCX,MP_R21_差一項
ECL,2026-09-24,275.37,5.09,False,279.08,-0.097,-0.31,True,92.7,0.04,92.7,True,1.85,1.27,44.6,-2.0,C 基底修復,True,8:49,264.6,跌,134.0,17,False,3.0,-0.072,-0.2599,-1.736,True,True,-1.35,-0.73,275.71,-0.12,-0.07,335.2,,OHLC,—,LH/LL,自然反彈,True,268,4,ECL,SubSector_R12
EL,2026-09-24,95.37,3.17,True,98.1,0.253,0.33,False,78.0,-1.05,79.1,True,3.33,2.79,45.8,-12.7,C 基底修復,True,8:49,264.6,跌,125.0,13,False,3.0,-0.691,-0.6163,-1.46,False,True,-2.86,-0.86,100.29,-5.16,-1.55,310.9,,OHLC,—,LH/LL,自然回檔,True,268,4,EL,SubSector_R12
FRSH,2026-09-24,12.81,0.48,True,12.73,0.039,0.38,True,74.8,0.44,74.3,False,3.74,2.98,74.8,1.8,B 上升結構,True,8:49,264.6,跌,162.0,16,False,3.0,-0.0343,-0.0561,-0.2657,True,True,0.59,0.16,12.25,4.37,1.17,56.1,,OHLC,↑,HH/HL,UT,False,268,4,FRSH,MP_R21_差一項
HTO,2026-09-24,62.18,1.26,False,63.22,-0.007,-0.01,True,92.5,0.26,92.3,True,2.02,1.14,54.0,0.7,C 基底修復,True,8:49,264.6,跌,163.0,11,False,3.0,-0.1713,-0.1661,-0.4954,False,True,-1.67,-0.83,63.1,-1.48,-0.73,29.3,,OHLC,—,HH/HL,DT,True,268,4,HTO,SubSector_R12+Combined_R22
LILA,2026-09-24,8.6,0.26,False,8.55,-0.005,-0.02,True,82.8,0.41,82.3,True,2.99,2.22,88.0,1.5,A 待突破,True,8:49,264.6,跌,441.0,32,False,3.0,-0.0427,-0.0419,-0.0912,False,True,0.6,0.2,8.52,0.93,0.31,3.2,,OHLC,↑,HH/HL,自然回檔,False,268,4,LILA,MP_R21_差一項
LILAK,2026-09-24,8.55,0.29,False,8.48,-0.0,0.05,True,81.5,0.25,81.3,True,3.34,2.11,77.7,2.0,A 待突破,True,8:49,264.6,跌,428.0,31,False,3.0,-0.0457,-0.0442,-0.0754,False,True,0.81,0.24,8.8,-2.92,-0.88,11.2,,OHLC,—,LH/LL,次級回檔,True,268,4,LILAK,MP_R21_差一項
NMAX,2026-09-24,10.98,0.61,True,10.75,0.023,0.17,True,60.9,1.25,59.7,False,5.54,3.89,59.9,3.1,B 上升結構,True,8:49,264.6,跌,123.0,17,False,3.0,-0.0611,-0.0715,-0.1503,True,True,2.07,0.37,11.0,-0.18,-0.03,13.6,,OHLC,—,LH/LL,自然回檔,False,268,4,NMAX,MP_R21_差一項
RCMT,2026-09-24,40.59,1.41,True,39.89,0.115,0.47,True,73.9,0.79,73.1,False,3.48,3.41,74.8,-0.7,A 待突破,True,8:49,264.6,跌,176.0,15,False,3.0,-0.3728,-0.4184,-0.6783,True,True,1.72,0.5,40.62,-0.07,-0.02,3.5,,OHLC,—,LH/LL,自然反彈,True,268,4,RCMT,MP_R21_差一項
SPSC,2026-09-24,82.69,3.13,True,81.1,0.334,0.43,True,74.8,0.89,73.9,False,3.79,2.93,52.4,-1.4,C 基底修復,True,8:49,264.6,跌,145.0,16,False,3.0,-0.4028,-0.5347,-1.1829,True,True,1.93,0.51,79.74,3.57,0.94,44.2,,OHLC,↑,HH/HL,UT,False,268,4,SPSC,MP_R21_差一項
VEEV,2026-09-24,274.84,8.82,True,265.04,1.104,0.73,True,78.1,0.74,77.3,True,3.21,2.9,52.5,-1.6,B 上升結構,True,8:49,264.6,跌,193.0,13,False,3.0,-1.7955,-2.5918,-3.4728,True,False,3.57,1.11,260.21,5.32,1.66,533.9,,OHLC,↑,HH/HL,UT,False,268,4,VEEV,MP_R21
ZETA,2026-09-24,29.57,1.42,True,30.13,0.035,0.53,True,66.3,0.15,66.2,False,4.8,3.55,71.9,-1.6,B 上升結構,True,8:49,264.6,跌,114.0,13,False,3.0,-0.382,-0.3521,-0.382,False,True,-1.89,-0.39,31.89,-7.85,-1.63,210.4,,OHLC,—,LH/LL,DT,True,268,4,ZETA,MP_R21
LAND,2026-09-24,9.49,0.24,True,9.19,0.05,0.77,True,89.1,0.03,89.1,True,2.48,1.45,27.6,-0.5,D 趨勢弱,True,7:40,230.0,跌,78.0,7,False,3.0,-0.0289,-0.0201,-0.0439,False,False,3.17,1.28,9.38,1.21,0.49,7.2,,OHLC,—,HH/HL,自然回檔,True,268,4,LAND,MP_R21_差一項
AI,2026-09-24,10.76,0.49,True,10.46,0.011,0.14,True,71.2,0.28,70.9,False,4.53,2.87,46.1,-2.7,D 趨勢弱,True,7:06,212.9,跌,68.0,7,False,3.0,-0.0175,-0.011,-0.0474,False,True,2.8,0.62,10.56,1.86,0.41,58.8,,OHLC,—,HH/HL,自然反彈,True,268,4,AI,AI_R13+Combined_R22
SST,2026-09-24,3.08,0.52,True,3.19,0.006,0.07,True,17.6,0.3,17.3,False,16.74,10.28,35.0,0.0,E 延伸,True,6:23,191.6,跌,56.0,7,False,3.0,-0.0825,-0.0594,-0.0825,False,True,-3.57,-0.21,3.1,-0.65,-0.04,4.8,,OHLC,↑,HH/HL,自然回檔,False,187,4,SST,MP_R21_差一項
PLSE,2026-09-24,51.83,3.95,True,51.23,0.189,0.4,True,50.9,1.38,49.5,False,7.62,4.09,70.6,-0.1,B 上升結構,True,8:49,264.6,跌,160.0,13,False,4.0,-0.6784,-0.6415,-0.7161,False,True,1.16,0.15,53.11,-2.47,-0.32,36.2,,OHLC,—,HH/HL,自然回檔,True,268,4,PLSE,MP_R21
WT,2026-09-24,23.99,0.96,True,23.54,0.027,0.15,True,75.0,0.79,74.2,False,3.98,2.71,73.3,0.8,B 上升結構,True,8:49,264.6,跌,116.0,16,False,4.0,-0.0843,-0.1365,-0.4138,True,True,1.86,0.47,23.74,1.04,0.26,72.9,,OHLC,↑,HH/HL,UT,False,268,4,WT,Combined_R22+MP_R21_差一項
EXPD,2026-09-24,183.66,3.79,True,188.83,0.051,0.45,False,90.4,-0.7,91.1,True,2.06,1.58,54.8,-20.5,C 基底修復,True,7:48,234.0,跌,80.0,7,False,4.0,-1.0374,-0.6967,-1.6209,False,True,-2.81,-1.36,194.59,-5.95,-2.88,188.7,,OHLC,↓,LH/LL,DT,False,268,4,EXPD,Combined_R22
CRCL,2026-09-24,93.0,6.63,True,88.98,0.438,0.51,True,47.9,2.96,45.0,False,7.13,5.34,38.9,3.5,D 趨勢弱,True,6:37,198.5,跌,60.0,11,False,4.0,-0.6838,-0.7841,-1.9703,True,True,4.32,0.61,94.59,-1.71,-0.24,1447.2,,OHLC,↓,LH/LL,次級回檔,False,268,4,CRCL,SubSector_R12+MP_R21_差一項
AMG,2026-09-24,370.71,10.94,True,361.28,0.269,-0.07,True,84.4,0.25,84.2,True,2.95,1.94,73.3,1.4,A 待突破,False,11:11,335.5,升,36.0,3,False,5.0,1.5741,0.9148,,False,True,2.54,0.86,356.47,3.84,1.3,104.0,,OHLC,↑,HH/HL,UT,False,268,4,AMG,SubSector_R12
GWW,2026-09-24,1279.47,25.0,False,1292.72,-0.673,-0.17,True,92.0,0.0,92.0,True,1.95,1.33,49.9,2.6,C 基底修復,True,9:44,291.8,升,12.0,1,False,5.0,0.8191,-0.2476,,False,True,-1.04,-0.53,1250.6,2.26,1.15,327.4,,OHLC,—,HH/HL,DT,False,268,4,GWW,Combined_R22
ELF,2026-09-24,100.57,4.34,True,100.37,0.283,0.36,True,70.3,0.25,70.0,False,4.31,3.26,59.0,-1.0,D 趨勢弱,True,8:49,264.6,跌,179.0,15,False,5.0,-0.5497,-0.7533,-2.2803,True,True,0.2,0.05,,,,153.5,,OHLC,—,LH/LL,UT,False,268,4,ELF,MP_R21_差一項
FCX,2026-09-24,72.08,2.81,True,73.3,0.05,0.14,True,74.2,0.5,73.7,False,3.9,2.93,65.5,-4.1,B 上升結構,True,8:49,264.6,跌,164.0,16,False,5.0,-0.2576,-0.2773,-1.0898,True,True,-1.7,-0.44,74.35,-3.15,-0.81,888.9,,OHLC,—,LH/LL,自然回檔,False,268,4,FCX,SubSector_R12+Combined_R22
HTFL,2026-09-24,48.66,2.54,True,46.66,0.283,0.65,True,56.1,3.17,53.0,False,5.23,5.26,73.6,8.1,A 待突破,True,8:49,264.6,跌,99.0,14,False,5.0,-0.7253,-0.708,-0.9079,False,True,4.1,0.78,49.88,-2.51,-0.48,101.2,,OHLC,—,LH/LL,次級反彈,False,268,4,HTFL,MP_R21_差一項
PAYS,2026-09-24,12.96,0.66,True,12.96,0.001,0.22,True,61.5,1.12,60.4,False,5.06,4.26,66.6,0.1,B 上升結構,True,8:49,264.6,跌,175.0,21,False,5.0,-0.0901,-0.1248,-0.288,True,True,0.01,0.0,12.88,0.62,0.12,9.8,,OHLC,—,HH/HL,自然反彈,False,268,4,PAYS,MP_R21_差一項
PFE,2026-09-24,28.41,0.5,True,27.9,0.071,0.56,False,93.1,-0.08,93.2,True,1.78,1.25,70.8,0.6,C 基底修復,True,8:49,264.6,跌,106.0,13,False,5.0,-0.047,-0.0877,-0.2063,True,True,1.8,1.01,27.96,1.58,0.89,946.7,,OHLC,↑,HH/HL,UT,False,268,4,PFE,SubSector_R12
PK,2026-09-24,15.21,0.39,True,15.36,0.013,0.26,False,87.8,-0.07,87.8,True,2.59,1.62,72.3,9.4,A 待突破,True,8:49,264.6,跌,166.0,18,False,5.0,-0.0313,-0.0448,-0.1174,True,True,-1.02,-0.39,15.56,-2.3,-0.89,51.1,,OHLC,↓,LH/LL,自然反彈,False,268,4,PK,Combined_R22
PSNL,2026-09-24,16.57,0.6,True,16.55,0.037,0.54,True,69.9,0.51,69.4,False,3.63,4.01,80.1,0.9,A 待突破,True,8:49,264.6,跌,114.0,15,False,5.0,-0.1211,-0.1485,-0.5054,True,True,0.13,0.04,15.92,3.95,1.09,43.0,,OHLC,—,HH/HL,自然反彈,False,268,4,PSNL,MP_R21_差一項
RWAY,2026-09-24,6.73,0.14,False,6.66,-0.003,0.24,True,84.6,0.28,84.4,True,2.09,2.75,32.4,-0.0,D 趨勢弱,True,8:49,264.6,跌,143.0,22,False,5.0,-0.0101,-0.0113,-0.0471,True,True,1.06,0.51,6.63,1.49,0.71,2.4,,OHLC,—,HH/HL,自然反彈,True,268,4,RWAY,MP_R21_差一項
RIGL,2026-09-24,47.89,1.68,True,45.85,0.176,0.7,True,78.1,0.35,77.8,True,3.5,2.6,68.0,-5.9,A 待突破,True,7:11,215.6,跌,70.0,12,False,5.0,-0.092,-0.1169,-0.6347,True,False,4.26,1.22,48.82,-1.94,-0.55,11.2,,OHLC,—,LH/LL,UT,False,268,4,RIGL,MP_R21_差一項
SND,2026-09-24,5.08,0.23,True,5.12,0.001,0.53,True,67.8,0.55,67.3,False,4.53,3.52,54.4,-1.3,B 上升結構,True,7:07,213.4,跌,69.0,9,False,5.0,-0.0371,-0.0314,-0.067,False,True,-0.81,-0.18,5.09,-0.2,-0.04,1.3,,OHLC,—,HH/HL,自然回檔,True,268,4,SND,MP_R21_差一項
MDGL,2026-09-24,513.21,18.05,False,527.89,-0.735,0.03,True,77.6,0.61,77.0,True,3.52,2.67,49.7,-0.9,C 基底修復,True,6:03,181.6,跌,51.0,8,False,5.0,-3.1105,-2.8961,-9.1609,False,True,-2.86,-0.81,534.4,-4.13,-1.17,116.8,,OHLC,—,LH/LL,DT,True,268,4,MDGL,SubSector_R12
BNS,2026-09-24,92.23,1.61,True,92.05,0.101,0.42,True,92.1,0.17,91.9,True,1.75,1.52,82.8,5.1,A 待突破,False,4:48,144.0,跌,30.0,3,False,5.0,-0.2615,-0.1609,-0.4198,False,True,0.2,0.11,92.11,0.13,0.07,162.6,,OHLC,↑,HH/HL,自然回檔,False,268,4,BNS,Combined_R22
SCCO,2026-09-24,201.58,7.97,True,201.86,0.138,0.09,True,73.3,0.64,72.7,False,3.95,3.05,70.7,-3.4,B 上升結構,True,8:49,264.6,跌,179.0,17,False,6.0,-0.0415,-0.2205,-2.9928,True,True,-0.14,-0.04,192.04,4.73,1.2,225.0,,OHLC,—,LH/LL,自然回檔,False,268,4,SCCO,SubSector_R12
VRTX,2026-09-24,522.38,12.43,False,529.6,-0.09,-0.05,True,87.8,0.03,87.7,True,2.38,1.84,67.4,1.1,A 待突破,True,8:49,264.6,跌,153.0,14,False,6.0,-2.2616,-3.2873,-5.9548,True,True,-1.38,-0.58,501.01,4.09,1.72,549.7,,OHLC,—,HH/HL,自然反彈,True,268,4,VRTX,SubSector_R12+Combined_R22
BIO,2026-09-24,387.54,10.06,True,377.08,0.905,0.5,False,87.6,-0.08,87.7,True,2.59,1.65,75.9,2.2,A 待突破,True,8:49,264.6,跌,125.0,17,False,7.0,-1.3334,-2.0437,-4.4374,True,True,2.7,1.04,373.47,3.63,1.4,102.4,,OHLC,↑,HH/HL,UT,False,268,4,BIO,MP_R21_差一項
CRL,2026-09-24,294.44,10.22,True,284.87,0.317,0.18,False,78.7,-1.08,79.8,True,3.47,2.51,82.7,16.1,A 待突破,True,8:49,264.6,跌,225.0,20,False,7.0,-0.5651,-1.7262,-4.4173,True,True,3.25,0.94,277.33,5.81,1.67,273.2,,OHLC,↑,HH/HL,UT,False,268,4,CRL,MP_R21_差一項
ESTC,2026-09-24,91.28,4.15,True,89.33,0.23,0.39,True,66.2,0.86,65.4,False,4.54,3.83,61.8,-3.6,B 上升結構,True,8:49,264.6,跌,170.0,13,False,7.0,-0.3086,-0.4531,-1.6023,True,True,2.14,0.47,86.96,4.73,1.04,268.4,,OHLC,—,HH/HL,UT,True,268,4,ESTC,MP_R21
PSX,2026-09-24,255.87,8.63,True,253.71,0.93,1.17,True,82.3,0.35,81.9,True,3.37,1.94,65.6,-2.2,B 上升結構,False,5:45,172.3,跌,46.0,4,False,7.0,-2.2513,-1.8333,-2.2513,False,True,0.85,0.25,253.41,0.96,0.29,872.7,,OHLC,↑,HH/HL,自然回檔,False,268,4,PSX,SubSector_R12+RateHike_R2_受惠+MP_R21
MRVI,2026-09-24,7.65,0.42,True,7.58,0.026,0.3,True,57.6,0.78,56.8,False,5.53,4.64,66.0,-0.6,B 上升結構,True,9:32,285.8,升,9.0,1,False,8.0,0.0244,-0.0045,,False,True,0.95,0.17,8.43,-10.2,-1.84,21.0,,OHLC,↑,HH/HL,UT,False,268,4,MRVI,MP_R21_差一項
AMGN,2026-09-24,406.04,9.98,False,409.47,-0.205,-0.41,True,85.7,0.37,85.4,True,2.46,2.17,53.8,-0.1,B 上升結構,True,9:23,281.5,升,6.0,1,False,8.0,0.4399,-0.4955,,False,True,-0.85,-0.34,445.82,-9.8,-3.99,1218.8,,OHLC,—,LH/LL,UT,False,268,4,AMGN,SubSector_R12
GILD,2026-09-24,149.69,3.57,True,147.22,0.495,1.08,False,88.1,-0.13,88.2,True,2.38,1.77,66.8,1.3,A 待突破,True,8:49,264.6,跌,113.0,13,False,8.0,-0.1277,-0.002,-0.9237,False,True,1.65,0.69,145.68,2.68,1.12,875.4,,OHLC,↑,HH/HL,UT,False,268,4,GILD,SubSector_R12+Combined_R22
NTNX,2026-09-24,68.59,2.05,True,67.96,0.087,0.49,False,84.1,-0.14,84.2,True,2.99,1.97,60.1,0.4,B 上升結構,True,8:49,264.6,跌,256.0,23,False,8.0,-0.1628,-0.0815,-0.6365,False,True,0.92,0.31,70.59,-2.92,-0.98,186.6,,OHLC,—,LH/LL,自然回檔,False,268,4,NTNX,MP_R21_差一項
PAYC,2026-09-24,220.81,7.57,True,226.06,0.424,0.45,True,72.6,0.12,72.5,False,3.43,3.7,60.4,-1.5,A 待突破,True,8:49,264.6,跌,175.0,19,False,8.0,-2.5447,-2.5199,-4.9629,False,True,-2.38,-0.69,215.58,2.37,0.69,179.7,,OHLC,—,HH/HL,自然回檔,True,268,4,PAYC,MP_R21_差一項
MEDP,2026-09-24,620.59,16.15,True,605.26,0.989,0.35,True,84.0,0.11,83.9,True,2.6,2.38,72.1,-10.4,A 待突破,False,11:25,342.3,升,40.0,7,False,9.0,1.3947,1.6922,,False,True,2.47,0.95,583.16,6.03,2.32,142.0,,OHLC,↑,HH/HL,自然回檔,False,268,4,MEDP,Combined_R22
MTCH,2026-09-24,40.8,1.28,True,41.49,0.114,0.7,True,82.3,0.4,81.9,True,3.15,2.15,59.8,0.3,A 待突破,False,5:22,160.8,跌,39.0,3,False,9.0,-0.3532,-0.2748,-0.4133,False,True,-1.68,-0.54,41.15,-0.86,-0.27,153.6,,OHLC,—,HH/HL,DT,False,268,4,MTCH,SubSector_R12
ZD,2026-09-24,56.47,1.67,True,56.67,0.109,0.54,True,84.8,0.35,84.5,True,2.95,1.85,71.7,0.0,A 待突破,False,3:55,117.7,跌,15.0,2,False,9.0,-0.1419,-0.0464,-0.3122,False,True,-0.35,-0.12,55.29,2.09,0.71,40.3,,OHLC,↑,HH/HL,自然回檔,False,268,4,ZD,Combined_R22
OFG,2026-09-24,51.74,0.87,False,52.43,-0.028,-0.13,True,93.6,0.18,93.4,True,1.68,1.21,59.2,1.0,C 基底修復,True,8:49,264.6,跌,346.0,35,False,10.0,-0.147,-0.146,-0.2786,False,True,-1.33,-0.79,51.7,0.08,0.05,14.5,,OHLC,—,HH/HL,自然回檔,True,268,4,OFG,Combined_R22
ABBV,2026-09-24,265.12,5.41,True,259.4,0.486,0.56,True,91.1,0.17,90.9,True,2.04,1.46,82.1,-0.3,A 待突破,False,12:30,15.0,升,58.0,7,False,10.0,0.4487,0.512,,False,True,2.16,1.06,248.78,6.16,3.02,1086.2,,OHLC,↑,HH/HL,UT,False,268,4,ABBV,SubSector_R12+Combined_R22
MATX,2026-09-24,224.82,6.28,True,226.21,0.391,0.62,True,84.9,0.03,84.9,True,2.79,2.0,73.0,0.3,A 待突破,False,4:35,137.5,跌,26.0,3,False,11.0,-1.3513,-1.0704,-2.199,False,True,-0.62,-0.22,220.03,2.13,0.76,70.0,,OHLC,↑,HH/HL,自然回檔,False,268,4,MATX,Combined_R22
PEB,2026-09-24,18.6,0.51,True,18.1,0.016,-0.01,True,87.2,0.09,87.1,True,2.72,1.62,70.5,10.8,A 待突破,False,1:25,42.4,升,74.0,8,False,11.0,0.0766,0.052,,False,True,2.71,1.0,17.49,5.97,2.2,39.3,,OHLC,↑,HH/HL,UT,False,268,4,PEB,Combined_R22
EGP,2026-09-24,202.5,3.27,True,200.95,0.134,0.13,True,94.3,0.18,94.2,True,1.61,1.08,43.4,-0.1,C 基底修復,False,2:43,81.4,升,95.0,10,False,14.0,0.7971,0.849,,False,True,0.76,0.47,195.71,3.35,2.08,101.2,,OHLC,—,HH/HL,自然反彈,False,268,4,EGP,SubSector_R12
RSG,2026-09-24,212.72,3.73,True,219.94,0.005,0.02,True,93.1,0.06,93.1,True,1.75,1.25,26.2,0.6,D 趨勢弱,True,8:25,252.3,跌,90.0,8,False,,-1.3855,-1.3605,-1.6299,False,False,-3.39,-1.93,217.34,-2.17,-1.24,383.4,,OHLC,—,HH/HL,DT,False,268,4,RSG,SubSector_R12
RRBI,2026-09-24,100.1,1.98,False,101.86,-0.097,-0.0,True,92.2,0.07,92.2,True,1.98,1.25,59.6,-0.3,C 基底修復,True,7:16,218.0,跌,71.0,8,False,,-0.3731,-0.3151,-0.3989,False,True,-1.75,-0.88,104.87,-4.77,-2.4,6.6,,OHLC,—,LH/LL,自然回檔,False,268,4,RRBI,Combined_R22
NTR,2026-09-24,73.96,2.19,True,75.56,0.389,0.89,False,84.5,-0.14,84.7,True,2.97,1.9,54.4,-1.3,B 上升結構,True,6:07,183.5,跌,52.0,9,False,,-0.8797,-0.7953,-0.8797,False,True,-2.16,-0.73,73.06,1.22,0.41,209.5,,OHLC,—,HH/HL,DT,False,268,4,NTR,SubSector_R12
TDS,2026-09-24,36.33,1.08,True,36.03,0.082,0.53,True,82.7,0.06,82.7,True,2.98,2.24,18.4,2.5,D 趨勢弱,False,5:35,167.4,跌,43.0,5,False,,-0.1224,-0.0959,-0.1224,False,True,0.83,0.28,38.04,-4.71,-1.58,54.4,,OHLC,—,LH/LL,自然反彈,True,268,4,TDS,MP_R21_差一項
MPC,2026-09-24,390.95,14.54,True,387.26,1.649,1.35,True,79.0,0.34,78.7,True,3.72,2.2,65.0,-2.7,B 上升結構,False,5:09,154.7,跌,36.0,4,False,,-4.0492,-3.36,-4.0492,False,True,0.94,0.25,388.16,0.71,0.19,1259.5,,OHLC,↑,HH/HL,自然回檔,False,268,4,MPC,SubSector_R12+RateHike_R2_受惠+MP_R21
ADM,2026-09-24,81.88,2.58,True,83.38,0.119,0.41,True,84.1,0.49,83.6,True,3.15,1.8,48.7,1.1,C 基底修復,False,4:59,149.4,跌,33.0,4,False,,-0.5801,-0.4847,-0.949,False,True,-1.83,-0.58,85.0,-3.81,-1.21,327.4,,OHLC,—,HH/HL,DT,False,268,4,ADM,SubSector_R12
LPG,2026-09-24,54.05,1.97,True,52.69,0.22,0.97,True,77.1,0.04,77.0,True,3.65,2.65,66.0,-1.9,B 上升結構,False,4:45,142.5,跌,29.0,3,False,,-0.5031,-0.4047,-0.5031,False,True,2.51,0.69,53.49,1.04,0.28,33.2,,OHLC,↑,HH/HL,自然回檔,False,268,4,LPG,MP_R21
SLDE,2026-09-24,23.55,0.84,True,24.2,0.047,0.48,True,77.3,0.33,76.9,True,3.57,2.69,63.8,3.3,B 上升結構,False,4:43,141.4,跌,29.0,5,False,,-0.3356,-0.3136,-0.3356,False,True,-2.77,-0.78,23.06,2.08,0.58,37.5,,OHLC,↑,HH/HL,自然反彈,False,268,4,SLDE,Combined_R22
DJCO,2026-09-24,655.01,25.04,True,630.75,2.887,0.66,True,80.0,0.19,79.8,True,3.82,1.92,67.7,7.0,A 待突破,False,4:27,133.6,跌,24.0,3,False,,-1.7439,-0.8526,-5.5517,False,True,3.7,0.97,651.53,0.53,0.14,42.5,,OHLC,—,HH/HL,自然反彈,True,268,4,DJCO,MP_R21
INSW,2026-09-24,104.85,4.03,True,103.38,0.453,0.79,True,77.0,0.08,77.0,True,3.84,2.46,70.6,-0.3,B 上升結構,False,4:26,133.0,跌,24.0,3,False,,-0.5786,-0.4685,-0.6627,False,True,1.4,0.36,102.14,2.58,0.67,83.7,,OHLC,↑,HH/HL,自然反彈,False,268,4,INSW,Combined_R22
EQH,2026-09-24,52.61,1.22,True,52.16,0.026,0.4,True,87.4,0.27,87.2,True,2.32,1.96,58.4,-5.9,B 上升結構,False,4:20,130.0,跌,22.0,3,False,,-0.1704,-0.1289,-0.5039,False,True,0.86,0.37,52.04,1.08,0.47,169.5,,OHLC,↑,HH/HL,自然回檔,False,268,4,EQH,SubSector_R12
MO,2026-09-24,68.88,1.44,True,68.05,0.137,0.32,True,88.8,0.14,88.7,True,2.09,1.91,41.2,-0.6,C 基底修復,False,4:09,124.7,跌,19.0,2,False,,-0.0283,-0.007,-0.7315,False,True,1.21,0.58,67.89,1.44,0.69,572.1,,OHLC,—,HH/HL,自然回檔,True,268,4,MO,SubSector_R12
HSHP,2026-09-24,18.03,0.63,True,17.7,0.145,0.97,True,77.7,0.2,77.5,True,3.47,2.7,66.1,1.6,B 上升結構,False,4:03,121.6,跌,18.0,2,False,,-0.09,-0.0444,-0.09,False,True,1.82,0.52,17.95,0.44,0.13,9.0,,OHLC,↑,HH/HL,自然回檔,False,268,4,HSHP,Combined_R22
OHI,2026-09-24,46.33,0.89,True,46.75,0.023,-0.12,True,92.5,0.15,92.3,True,1.91,1.26,29.3,-0.3,D 趨勢弱,False,3:56,118.0,跌,16.0,2,False,,-0.0178,-0.0032,-0.6424,False,True,-0.9,-0.47,,,,95.9,,OHLC,—,HH/HL,自然回檔,True,268,4,OHI,SubSector_R12
BBY,2026-09-24,91.0,3.27,True,87.86,0.173,0.49,True,79.4,0.36,79.0,True,3.59,2.27,63.3,-2.3,B 上升結構,False,3:43,111.5,跌,12.0,1,False,,-0.0368,0.1698,-1.1105,False,True,3.45,0.96,92.45,-1.59,-0.44,383.5,,OHLC,↑,HH/HL,自然回檔,False,268,4,BBY,SubSector_R12
STAG,2026-09-24,37.29,0.57,True,37.17,0.009,0.15,True,94.0,0.17,93.9,True,1.53,1.25,24.0,-8.8,D 趨勢弱,False,2:49,84.6,升,159.0,22,False,,0.0356,0.033,,False,True,0.33,0.21,37.7,-1.1,-0.72,57.7,,OHLC,—,LH/LL,DT,True,268,4,STAG,SubSector_R12
AXGN,2026-09-24,43.32,2.24,False,46.2,-0.134,-0.19,True,65.5,0.88,64.6,False,5.17,3.35,43.0,-1.8,D 趨勢弱,True,8:49,264.6,跌,131.0,17,True,0.0,-0.3548,-0.3558,-1.1182,True,False,-6.64,-1.28,45.44,-4.89,-0.95,56.4,,OHLC,↓,LH/LL,自然回檔,False,268,3,AXGN,Combined_R22
CHTR,2026-09-24,117.55,6.77,False,141.92,-1.195,-1.03,True,62.2,1.31,60.9,False,5.76,3.42,0.0,0.0,D 趨勢弱,True,8:49,264.6,跌,225.0,27,True,0.0,-3.1783,-3.355,-3.355,True,False,-20.73,-3.6,148.34,-26.19,-4.55,409.3,,OHLC,↓,LH/LL,DT,False,268,3,CHTR,SubSector_R12
NB,2026-09-24,3.54,0.23,False,4.18,-0.07,-1.58,True,53.6,1.39,52.2,False,6.37,4.7,10.0,0.0,D 趨勢弱,True,8:49,264.6,跌,245.0,26,True,0.0,-0.0047,-0.008,-0.0777,True,False,-17.99,-2.83,3.73,-5.37,-0.84,9.2,,OHLC,—,LH/LL,自然回檔,True,268,3,NB,SubSector_R12
PKE,2026-09-24,29.66,1.26,False,32.31,-0.32,-1.12,True,74.0,0.41,73.6,False,4.26,2.62,23.6,1.4,C 基底修復,True,8:49,264.6,跌,209.0,26,True,0.0,-0.0466,-0.0554,-0.5983,True,False,-8.93,-2.1,31.76,-7.08,-1.66,8.1,,OHLC,↓,LH/LL,DT,False,268,3,PKE,Combined_R22
RCL,2026-09-24,238.98,9.88,False,261.5,-2.795,-1.9,False,77.3,-0.07,77.4,True,4.13,2.11,0.0,0.0,D 趨勢弱,True,8:49,264.6,跌,294.0,32,True,0.0,-1.305,-1.783,-4.1654,True,False,-9.42,-2.28,258.2,-8.04,-1.95,710.8,,OHLC,↓,LH/LL,自然反彈,False,268,3,RCL,SubSector_R12
SLG,2026-09-24,50.88,1.75,False,54.68,-0.22,-0.48,False,80.9,-0.0,80.9,True,3.43,2.15,32.5,2.1,D 趨勢弱,True,8:49,264.6,跌,241.0,19,True,0.0,-0.2957,-0.3163,-0.8307,True,False,-7.47,-2.18,52.94,-4.05,-1.18,43.3,,OHLC,—,LH/LL,DT,True,268,3,SLG,SubSector_R12
SOFI,2026-09-24,16.8,0.72,False,17.79,-0.049,-0.35,True,69.9,0.45,69.4,False,4.31,3.35,13.7,-2.0,D 趨勢弱,True,8:49,264.6,跌,164.0,18,True,0.0,-0.0866,-0.1025,-0.2562,True,False,-5.87,-1.36,17.16,-2.14,-0.5,775.4,,OHLC,—,LH/LL,DT,True,268,3,SOFI,SubSector_R12
TRVI,2026-09-24,14.68,0.73,False,16.68,-0.113,-0.81,True,64.3,0.35,64.0,False,4.96,3.79,33.3,-0.8,D 趨勢弱,True,8:49,264.6,跌,163.0,25,True,0.0,-0.1153,-0.1377,-0.2396,True,False,-13.69,-2.76,15.24,-3.85,-0.78,24.5,,OHLC,↓,LH/LL,DT,False,268,3,TRVI,Combined_R22
UPST,2026-09-24,24.64,1.29,False,27.65,-0.192,-0.75,True,66.9,0.58,66.3,False,5.22,3.02,0.0,0.0,D 趨勢弱,True,8:49,264.6,跌,158.0,18,True,0.0,-0.0688,-0.0831,-0.4948,True,False,-12.23,-2.34,25.97,-5.4,-1.03,113.6,,OHLC,—,LH/LL,DT,True,268,3,UPST,AI_R13
CXW,2026-09-24,34.36,1.57,False,33.75,-0.003,0.06,False,72.4,-0.33,72.7,False,4.58,2.6,70.5,15.4,B 上升結構,True,6:33,196.7,跌,59.0,4,True,0.0,-0.2764,-0.3934,-0.4532,True,True,1.78,0.39,34.23,0.38,0.08,68.0,,OHLC,↑,HH/HL,UT,False,268,3,CXW,Combined_R22
AVTR,2026-09-24,15.38,0.49,True,14.81,0.04,0.63,False,77.6,-0.17,77.8,True,3.16,3.03,69.1,4.9,A 待突破,False,5:56,177.8,跌,49.0,5,True,0.0,-0.0984,-0.1166,-0.117,True,False,3.71,1.18,14.81,3.71,1.17,131.7,,OHLC,↑,HH/HL,自然反彈,False,268,3,AVTR,MP_R21_差一項
SYY,2026-09-24,78.19,1.72,False,80.83,-0.316,-0.72,True,91.2,0.12,91.1,True,2.2,1.26,20.1,2.4,D 趨勢弱,False,5:49,174.7,跌,47.0,8,True,0.0,-0.3262,-0.3801,-0.4065,True,False,-3.37,-1.53,83.54,-6.84,-3.11,345.7,,OHLC,↓,LH/LL,DT,False,268,3,SYY,SubSector_R12
TLYS,2026-09-24,4.24,0.34,False,4.51,-0.002,-0.07,True,47.8,2.48,45.3,False,7.99,4.51,43.7,-1.3,C 基底修復,False,4:06,123.2,跌,18.0,4,True,0.0,-0.0264,-0.0276,-0.0276,True,True,-6.27,-0.78,3.93,7.31,0.91,6.4,,OHLC,↑,HH/HL,次級反彈,False,187,3,TLYS,MP_R21_差一項
LMT,2026-09-24,523.7,12.5,False,549.83,-2.181,-0.92,True,86.8,0.36,86.4,True,2.39,2.04,11.3,0.8,D 趨勢弱,False,4:01,120.3,跌,17.0,3,True,0.0,-0.2703,-0.2778,-7.4496,True,False,-4.99,-2.09,536.15,-2.38,-1.0,617.7,,OHLC,—,LH/LL,DT,True,268,3,LMT,SubSector_R12+Combined_R22
AFRM,2026-09-24,71.57,3.71,False,74.63,-0.177,-0.23,True,66.7,0.64,66.1,False,5.19,3.08,41.9,5.7,C 基底修復,False,3:59,119.7,跌,16.0,2,True,0.0,-0.0224,-0.1583,-1.4851,True,True,-4.28,-0.82,71.77,-0.28,-0.05,476.1,,OHLC,—,LH/LL,自然反彈,True,268,3,AFRM,SubSector_R12
VNO,2026-09-24,34.38,1.04,False,36.5,-0.155,-0.83,True,84.7,0.25,84.5,True,3.03,1.79,32.6,-0.6,D 趨勢弱,False,3:44,111.8,跌,12.0,2,True,0.0,-0.0007,-0.0021,-0.4075,True,False,-6.17,-2.04,35.44,-3.08,-1.02,46.6,,OHLC,—,LH/LL,DT,True,268,3,VNO,SubSector_R12
ADBE,2026-09-24,238.93,9.78,False,262.59,-0.439,-0.37,True,72.6,0.25,72.3,False,4.09,3.05,2.4,0.1,D 趨勢弱,True,8:49,264.6,跌,308.0,15,True,1.0,-3.4698,-3.6442,-5.1951,True,False,-9.9,-2.42,254.67,-6.59,-1.61,1498.3,,OHLC,↓,LH/LL,DT,False,268,3,ADBE,AI_R13+SubSector_R12
MORN,2026-09-24,196.41,7.12,True,206.65,0.03,-0.0,False,78.3,-0.69,79.0,True,3.63,2.44,35.8,-11.4,C 基底修復,True,8:49,264.6,跌,161.0,19,False,1.0,-1.3054,-1.2732,-3.9737,False,False,-5.22,-1.44,203.83,-3.78,-1.04,65.8,,OHLC,↓,LH/LL,次級反彈,False,268,3,MORN,MP_R21_差一項
PEGA,2026-09-24,34.23,1.44,True,35.48,0.062,0.18,False,69.0,-0.96,70.0,False,4.21,3.61,39.3,1.9,D 趨勢弱,True,8:49,264.6,跌,108.0,7,False,1.0,-0.4336,-0.3869,-0.4336,False,True,-3.64,-0.86,38.83,-13.44,-3.19,88.8,,OHLC,↓,LH/LL,DT,False,268,3,PEGA,MP_R21_差一項
TEAM,2026-09-24,192.61,8.5,True,180.44,1.108,1.62,True,58.4,0.17,58.3,False,4.41,5.56,65.7,-1.7,E 延伸,True,8:49,264.6,跌,126.0,14,False,1.0,-1.8578,-1.7989,-3.2948,False,False,6.32,1.43,198.47,-3.04,-0.69,679.9,,OHLC,—,LH/LL,自然反彈,False,268,3,TEAM,SubSector_R12
TPB,2026-09-24,60.12,3.31,False,72.81,-0.994,-2.62,True,65.6,0.17,65.4,False,5.51,2.98,0.0,0.0,D 趨勢弱,True,8:49,264.6,跌,173.0,20,True,1.0,-1.281,-1.3738,-1.3882,True,False,-21.11,-3.83,88.26,-46.81,-8.5,25.7,,OHLC,↓,LH/LL,DT,False,268,3,TPB,SubSector_R12
RIG,2026-09-24,5.43,0.23,False,5.76,-0.008,-0.02,True,72.4,0.52,71.9,False,4.31,2.86,19.8,-1.2,C 基底修復,True,8:34,257.1,跌,93.0,13,True,1.0,-0.0501,-0.0504,-0.0562,True,False,-6.02,-1.4,5.94,-9.39,-2.18,252.8,,OHLC,↓,LH/LL,DT,False,268,3,RIG,SubSector_R12
WMB,2026-09-24,70.58,1.85,False,73.14,-0.048,-0.07,True,87.6,0.27,87.4,True,2.62,1.62,29.1,-11.2,C 基底修復,True,7:11,215.6,跌,70.0,10,False,1.0,-0.3007,-0.2953,-0.5386,False,False,-3.63,-1.39,73.36,-3.94,-1.51,593.1,,OHLC,—,HH/HL,DT,True,268,3,WMB,SubSector_R12
DE,2026-09-24,694.94,17.2,True,659.9,1.969,0.73,False,86.1,-0.4,86.5,True,2.47,2.07,57.4,-2.7,E 延伸,True,9:56,298.0,升,16.0,2,False,2.0,0.1462,0.7411,,False,False,5.04,2.04,669.47,3.67,1.48,925.3,,OHLC,↑,HH/HL,自然回檔,False,268,3,DE,SubSector_R12
EHC,2026-09-24,122.01,2.74,False,121.85,-0.074,-0.23,False,88.0,-0.15,88.1,True,2.24,1.93,65.7,-1.0,A 待突破,True,8:49,264.6,跌,175.0,26,False,2.0,-0.24,-0.2212,-0.7783,False,True,0.13,0.06,120.07,1.59,0.71,100.9,,OHLC,—,HH/HL,UT,True,268,3,EHC,SubSector_R12
HL,2026-09-24,17.94,1.01,True,19.39,0.003,0.2,True,60.0,0.31,59.7,False,5.62,4.02,11.8,-14.4,D 趨勢弱,True,8:49,264.6,跌,170.0,17,False,2.0,-0.3181,-0.311,-0.4361,False,False,-8.1,-1.44,18.96,-5.69,-1.01,694.7,,OHLC,↓,LH/LL,DT,False,268,3,HL,SubSector_R12
MOS,2026-09-24,23.69,1.09,True,24.28,0.02,0.15,False,73.7,-0.47,74.2,False,4.59,2.34,22.6,-0.8,D 趨勢弱,True,8:49,264.6,跌,122.0,7,False,2.0,-0.258,-0.212,-0.258,False,True,-2.47,-0.54,24.73,-4.39,-0.96,203.7,,OHLC,↓,LH/LL,DT,False,268,3,MOS,SubSector_R12
TDW,2026-09-24,86.82,3.37,False,92.17,-0.086,0.04,True,70.8,0.7,70.1,False,3.88,3.59,53.8,12.1,B 上升結構,True,8:49,264.6,跌,195.0,21,True,2.0,-1.1076,-1.2613,-1.4465,True,False,-6.16,-1.59,84.87,2.25,0.58,55.7,,OHLC,—,HH/HL,DT,False,268,3,TDW,SubSector_R12
VAL,2026-09-24,81.79,3.44,False,85.67,-0.125,-0.05,True,73.7,0.45,73.2,False,4.21,2.73,36.6,-1.1,C 基底修復,True,8:49,264.6,跌,98.0,13,True,2.0,-0.5978,-0.6058,-0.844,True,False,-4.74,-1.13,88.23,-7.87,-1.87,111.9,,OHLC,—,LH/LL,DT,True,268,3,VAL,SubSector_R12
BTU,2026-09-24,25.68,1.26,True,27.29,0.015,0.15,False,67.2,-1.31,68.5,False,4.91,3.26,19.3,-1.8,D 趨勢弱,True,8:21,250.5,跌,89.0,11,True,2.0,-0.4232,-0.4281,-0.5713,True,False,-6.26,-1.28,26.79,-4.32,-0.88,74.0,,OHLC,↓,LH/LL,自然回檔,False,268,3,BTU,SubSector_R12
BIIB,2026-09-24,226.36,5.73,True,218.11,0.717,0.6,True,84.6,0.16,84.4,True,2.53,2.33,72.3,0.7,A 待突破,False,11:15,337.5,升,38.0,3,False,3.0,0.6878,0.5281,,False,False,3.64,1.44,216.04,4.56,1.8,200.3,,OHLC,↑,HH/HL,UT,False,268,3,BIIB,SubSector_R12
APH,2026-09-24,83.08,2.81,False,80.38,-0.08,-0.25,True,78.5,0.4,78.1,True,3.39,2.64,61.0,1.7,A 待突破,False,10:16,308.2,升,21.0,3,False,3.0,0.3186,0.1879,,False,True,3.25,0.96,80.25,3.41,1.01,970.7,,OHLC,↑,HH/HL,UT,False,268,3,APH,AI_R13+SubSector_R12
NVR,2026-09-24,6235.49,138.61,False,6274.67,-2.547,-0.17,True,89.2,0.21,89.0,True,2.22,1.69,12.7,-0.7,D 趨勢弱,False,10:10,304.8,升,19.0,3,False,3.0,7.0135,7.0352,,False,True,-0.63,-0.28,6150.47,1.36,0.61,261.5,,OHLC,—,HH/HL,自然反彈,True,268,3,NVR,SubSector_R12
AMS,2026-09-24,1.46,0.06,False,1.49,-0.004,-0.14,True,75.7,0.73,75.0,True,3.84,2.71,24.3,0.7,D 趨勢弱,False,10:07,303.5,升,19.0,3,False,3.0,0.0028,0.002,,False,True,-2.29,-0.6,1.5,-2.74,-0.71,0.0,,OHLC,—,LH/LL,次級反彈,True,268,3,AMS,AI_R13
H,2026-09-24,159.03,4.55,False,166.9,-0.763,-0.8,True,85.5,0.21,85.3,True,2.86,1.81,15.1,3.2,D 趨勢弱,True,9:42,290.9,升,12.0,1,False,3.0,0.2632,-0.0083,,False,False,-4.95,-1.73,163.71,-2.94,-1.03,127.4,,OHLC,—,LH/LL,自然反彈,True,268,3,H,Combined_R22
XHLD,2026-09-24,12.7,1.37,True,9.54,0.887,3.14,True,14.1,0.74,13.3,False,10.78,20.32,75.0,2.2,E 延伸,True,9:37,288.5,升,10.0,1,False,3.0,0.0342,-0.0431,,False,False,24.91,2.31,9.23,27.32,2.53,39.0,,OHLC,↑,HH/HL,UT,False,268,3,XHLD,MP_R21_差一項
CARR,2026-09-24,54.87,1.71,False,57.5,-0.233,-1.07,True,83.2,0.58,82.6,True,3.11,2.02,8.8,1.9,D 趨勢弱,True,9:35,287.6,升,10.0,2,False,3.0,0.0566,0.0076,,False,False,-4.8,-1.54,59.71,-8.82,-2.84,390.3,,OHLC,↓,LH/LL,自然反彈,False,268,3,CARR,SubSector_R12
NKE,2026-09-24,35.99,0.98,False,38.02,-0.173,-0.97,True,85.5,0.38,85.2,True,2.73,1.94,6.2,2.7,D 趨勢弱,True,9:26,283.2,升,7.0,1,False,3.0,0.0282,-0.0037,,False,False,-5.63,-2.06,37.04,-2.92,-1.07,1197.8,,OHLC,—,LH/LL,DT,True,268,3,NKE,SubSector_R12+Combined_R22
ACM,2026-09-24,58.52,2.16,True,64.83,0.03,-0.55,False,76.3,-1.96,78.2,True,3.69,2.75,18.2,-1.3,D 趨勢弱,True,8:49,264.6,跌,100.0,11,False,3.0,-0.3644,-0.1749,-1.3742,False,False,-10.78,-2.92,64.6,-10.39,-2.81,133.5,,OHLC,↓,LH/LL,DT,False,268,3,ACM,SubSector_R12
CWT,2026-09-24,46.0,0.93,False,49.29,-0.115,-0.5,True,92.1,0.07,92.0,True,2.03,1.23,29.5,0.3,D 趨勢弱,True,8:49,264.6,跌,655.0,45,False,3.0,-0.3014,-0.2868,-0.3644,False,False,-7.16,-3.53,50.85,-10.54,-5.2,24.4,,OHLC,↓,LH/LL,DT,False,268,3,CWT,SubSector_R12
GPN,2026-09-24,85.31,2.61,False,90.05,-0.047,-0.1,True,81.2,0.42,80.8,True,3.06,2.44,49.0,3.1,C 基底修復,True,8:49,264.6,跌,170.0,21,False,3.0,-0.7687,-0.9145,-1.0125,True,False,-5.56,-1.81,90.19,-5.72,-1.87,217.7,,OHLC,↓,LH/LL,DT,False,268,3,GPN,SubSector_R12
INGR,2026-09-24,96.49,1.94,False,101.88,-0.213,-0.63,True,92.2,0.15,92.1,True,2.01,1.21,9.3,0.5,D 趨勢弱,True,8:49,264.6,跌,135.0,21,False,3.0,-0.4159,-0.4443,-0.6673,True,False,-5.58,-2.77,102.24,-5.96,-2.96,62.0,,OHLC,↓,LH/LL,DT,False,268,3,INGR,SubSector_R12
JAZZ,2026-09-24,236.28,6.46,False,247.2,-0.272,-0.38,True,86.6,0.43,86.2,True,2.73,1.72,58.2,-1.4,C 基底修復,True,8:49,264.6,跌,275.0,21,False,3.0,-0.7455,-0.685,-2.0631,False,False,-4.62,-1.69,245.87,-4.06,-1.48,238.0,,OHLC,↓,LH/LL,DT,False,268,3,JAZZ,Combined_R22
KRO,2026-09-24,8.1,0.38,True,8.4,0.008,0.16,False,60.1,-0.99,61.1,False,4.68,4.95,54.7,-10.1,B 上升結構,True,8:49,264.6,跌,160.0,17,False,3.0,-0.0559,-0.0473,-0.1344,False,True,-3.72,-0.8,8.44,-4.2,-0.9,3.5,,OHLC,—,LH/LL,自然回檔,True,268,3,KRO,MP_R21_差一項
MCK,2026-09-24,869.36,22.81,False,884.18,-0.158,0.0,False,85.8,-0.51,86.3,True,2.62,1.99,35.2,-14.8,C 基底修復,True,8:49,264.6,跌,152.0,12,False,3.0,-4.2806,-3.5943,-5.4753,False,True,-1.7,-0.65,910.95,-4.78,-1.82,846.4,,OHLC,—,LH/LL,DT,True,268,3,MCK,SubSector_R12
RVMD,2026-09-24,199.86,7.91,False,204.51,-0.569,-0.41,False,77.5,-0.01,77.5,True,3.96,2.26,68.8,16.9,B 上升結構,True,8:49,264.6,跌,119.0,19,False,3.0,-1.6511,-2.4168,-2.6649,True,True,-2.33,-0.59,213.0,-6.57,-1.66,422.9,,OHLC,—,LH/LL,自然反彈,True,268,3,RVMD,SubSector_R12+Combined_R22
TOST,2026-09-24,30.11,1.13,False,33.41,-0.151,-0.86,True,78.4,0.58,77.9,True,3.74,2.3,33.8,10.5,D 趨勢弱,True,8:49,264.6,跌,267.0,20,False,3.0,-0.3767,-0.4618,-0.5718,True,False,-10.96,-2.93,33.29,-10.56,-2.82,281.7,,OHLC,↓,LH/LL,DT,False,268,3,TOST,SubSector_R12
USB,2026-09-24,58.4,1.15,False,61.84,-0.174,-0.74,True,92.1,0.21,91.9,True,1.97,1.29,36.5,-0.1,C 基底修復,True,8:49,264.6,跌,568.0,49,False,3.0,-0.3839,-0.364,-0.43,False,False,-5.89,-2.98,63.36,-8.49,-4.3,474.3,,OHLC,↓,LH/LL,DT,False,268,3,USB,SubSector_R12+RateHike_R2_迴避
VMC,2026-09-24,241.7,6.52,False,259.29,-1.236,-1.2,True,86.3,0.39,85.9,True,2.7,1.81,3.2,-0.4,D 趨勢弱,True,8:49,264.6,跌,208.0,27,False,3.0,-0.2142,-0.2568,-1.8973,True,False,-7.28,-2.7,247.87,-2.55,-0.95,293.9,,OHLC,—,LH/LL,自然回檔,True,268,3,VMC,SubSector_R12
WCN,2026-09-24,155.93,2.9,False,162.19,-0.431,-0.87,True,93.1,0.02,93.1,True,1.86,1.16,21.3,2.0,D 趨勢弱,True,8:49,264.6,跌,184.0,20,False,3.0,-0.4543,-0.6167,-1.0223,True,False,-4.01,-2.16,167.24,-7.25,-3.91,178.8,,OHLC,↓,LH/LL,DT,False,268,3,WCN,SubSector_R12
HSBC,2026-09-24,100.17,1.69,False,103.35,-0.149,-0.26,True,93.1,0.19,93.0,True,1.69,1.32,50.6,-1.1,C 基底修復,True,8:30,255.0,跌,92.0,11,False,3.0,-0.5211,-0.4899,-0.5414,False,False,-3.17,-1.88,103.21,-3.03,-1.8,136.2,,OHLC,↓,LH/LL,DT,False,268,3,HSBC,Combined_R22
CEG,2026-09-24,261.62,9.65,False,274.61,-0.487,-0.28,True,78.4,0.83,77.6,True,3.69,2.35,9.0,-2.5,D 趨勢弱,True,8:20,250.0,跌,89.0,9,False,3.0,-2.3213,-2.6622,-4.1561,True,False,-4.96,-1.35,250.55,4.23,1.15,787.4,,OHLC,↑,HH/HL,UT,False,268,3,CEG,AI_R13+SubSector_R12+Combined_R22
VIR,2026-09-24,10.72,0.55,True,10.67,0.03,0.53,False,67.0,-1.9,68.9,False,5.13,3.07,69.1,7.9,A 待突破,True,7:24,222.0,跌,73.0,11,False,3.0,-0.0519,-0.0302,-0.1324,False,True,0.46,0.09,10.83,-1.03,-0.2,25.0,,OHLC,—,HH/HL,次級回檔,True,268,3,VIR,MP_R21
ALT,2026-09-24,3.04,0.15,True,3.18,0.005,0.29,False,68.7,-2.28,71.0,False,4.97,2.92,10.0,-12.4,D 趨勢弱,True,7:13,216.6,跌,70.0,8,False,3.0,-0.0263,-0.0112,-0.0263,False,True,-4.55,-0.92,3.41,-12.17,-2.45,12.4,,OHLC,↓,LH/LL,DT,False,268,3,ALT,SubSector_R12
TFC,2026-09-24,47.18,1.04,False,50.05,-0.165,-0.84,True,90.7,0.34,90.3,True,2.21,1.38,20.6,1.5,D 趨勢弱,True,7:12,215.8,跌,70.0,12,False,3.0,-0.2802,-0.2673,-0.321,False,False,-6.07,-2.75,48.68,-3.18,-1.44,370.4,,OHLC,↓,LH/LL,DT,False,268,3,TFC,SubSector_R12
MS,2026-09-24,196.32,4.93,False,209.9,-0.753,-0.62,True,87.6,0.13,87.4,True,2.51,1.75,33.0,-8.0,C 基底修復,True,7:00,210.0,跌,67.0,9,False,3.0,-1.4398,-1.3261,-1.932,False,False,-6.92,-2.75,218.51,-11.3,-4.5,1017.9,,OHLC,↓,LH/LL,DT,False,268,3,MS,SubSector_R12+Combined_R22+RateHike_R2_迴避
MTB,2026-09-24,218.66,4.43,False,236.44,-0.956,-0.96,True,91.9,0.1,91.8,True,2.02,1.28,19.8,-0.4,C 基底修復,True,6:50,205.2,跌,64.0,8,False,3.0,-1.5523,-1.4593,-2.0155,False,False,-8.13,-4.01,240.06,-9.79,-4.83,257.7,,OHLC,↓,LH/LL,DT,False,268,3,MTB,SubSector_R12
SLB,2026-09-24,51.43,1.8,False,54.9,-0.033,-0.15,True,79.0,0.26,78.7,True,3.49,2.44,42.8,-0.9,C 基底修復,True,6:31,195.3,跌,59.0,11,False,3.0,-0.6403,-0.688,-0.8541,True,False,-6.75,-1.93,52.06,-1.22,-0.35,825.0,,OHLC,—,HH/HL,DT,False,268,3,SLB,SubSector_R12+RateHike_R2_迴避
EVR,2026-09-24,256.93,8.91,False,284.14,-1.555,-0.95,True,79.7,0.33,79.3,True,3.47,2.34,3.7,-0.8,D 趨勢弱,True,6:17,188.5,跌,55.0,8,False,3.0,-1.0938,-1.0712,-2.8618,False,False,-10.59,-3.05,269.01,-4.7,-1.36,134.1,,OHLC,↓,LH/LL,DT,False,268,3,EVR,SubSector_R12
C,2026-09-24,132.1,3.42,False,134.44,-0.148,-0.17,True,87.3,0.45,86.8,True,2.59,1.73,49.5,-0.7,C 基底修復,False,5:58,179.2,跌,50.0,7,False,3.0,-0.4582,-0.4521,-0.7676,False,True,-1.77,-0.68,133.82,-1.3,-0.5,1333.7,,OHLC,—,HH/HL,自然回檔,False,268,3,C,SubSector_R12
SNAP,2026-09-24,5.43,0.28,True,5.5,0.002,0.11,True,63.1,1.22,61.9,False,5.24,3.75,35.9,-4.0,D 趨勢弱,False,5:53,176.7,跌,48.0,5,False,3.0,-0.044,-0.0383,-0.044,False,True,-1.36,-0.26,5.29,2.58,0.49,184.0,,OHLC,↑,HH/HL,次級反彈,False,268,3,SNAP,SubSector_R12
CLDT,2026-09-24,13.4,0.34,True,13.12,0.024,0.21,False,88.2,-0.02,88.2,True,2.51,1.61,79.4,19.2,A 待突破,False,10:44,322.0,升,29.0,3,False,4.0,0.0354,0.0143,,False,True,2.1,0.84,13.35,0.37,0.15,3.5,,OHLC,—,HH/HL,自然反彈,False,268,3,CLDT,Combined_R22
EME,2026-09-24,751.96,25.84,False,764.15,-2.888,-0.48,True,75.4,0.08,75.3,True,3.44,3.17,32.8,0.3,C 基底修復,False,10:38,319.2,升,27.0,4,False,4.0,2.0201,1.9118,,False,True,-1.62,-0.47,723.87,3.74,1.09,275.9,,OHLC,—,HH/HL,自然反彈,True,268,3,EME,SubSector_R12
LIN,2026-09-24,468.14,7.54,False,474.72,-0.516,-0.66,True,93.5,0.16,93.4,True,1.61,1.3,22.5,0.1,C 基底修復,False,10:25,312.4,升,24.0,2,False,4.0,0.8804,0.4256,,False,True,-1.41,-0.87,494.5,-5.63,-3.5,932.2,,OHLC,—,LH/LL,自然反彈,True,268,3,LIN,AI_R13+SubSector_R12
CRWV,2026-09-24,90.13,5.58,False,89.92,-1.815,-0.55,True,47.1,0.99,46.1,False,6.19,6.51,28.2,-2.0,D 趨勢弱,True,9:46,293.2,升,13.0,1,False,4.0,0.2858,-0.0826,,False,True,0.23,0.04,83.35,7.52,1.22,2493.2,,OHLC,—,LH/LL,UT,True,268,3,CRWV,AI_R13+SubSector_R12+Combined_R22
CBOE,2026-09-24,267.57,9.42,False,289.77,-0.311,-0.34,True,79.8,0.99,78.8,True,3.52,2.26,7.8,-0.9,D 趨勢弱,True,8:49,264.6,跌,171.0,16,False,4.0,-2.3499,-2.7256,-4.2771,True,False,-8.3,-2.36,264.91,0.99,0.28,291.1,,OHLC,—,HH/HL,自然回檔,False,268,3,CBOE,SubSector_R12
CWST,2026-09-24,83.83,2.6,False,90.73,-0.189,-0.31,True,84.8,0.15,84.7,True,3.1,1.71,8.5,-0.6,D 趨勢弱,True,8:49,264.6,跌,116.0,12,False,4.0,-0.8253,-0.7515,-0.9778,False,False,-8.23,-2.65,92.52,-10.37,-3.34,44.4,,OHLC,↓,LH/LL,DT,False,268,3,CWST,SubSector_R12
FBP,2026-09-24,26.79,0.48,False,27.99,-0.075,-0.79,True,93.0,0.12,92.9,True,1.81,1.24,47.4,1.5,C 基底修復,True,8:49,264.6,跌,254.0,36,False,4.0,-0.1347,-0.1325,-0.2538,False,False,-4.49,-2.48,28.43,-6.12,-3.38,39.6,,OHLC,↓,LH/LL,DT,False,268,3,FBP,Combined_R22
GLNG,2026-09-24,50.11,1.31,False,51.71,-0.038,-0.1,True,88.9,0.18,88.7,True,2.61,1.37,41.1,-0.7,C 基底修復,True,8:49,264.6,跌,107.0,9,False,4.0,-0.2357,-0.2279,-0.2357,False,False,-3.2,-1.23,49.85,0.52,0.2,70.8,,OHLC,—,HH/HL,DT,False,268,3,GLNG,SubSector_R12
HSY,2026-09-24,166.88,3.68,False,176.17,-0.374,-0.79,True,90.5,0.2,90.3,True,2.2,1.43,4.2,0.5,D 趨勢弱,True,8:49,264.6,跌,151.0,20,False,4.0,-0.5135,-0.5477,-1.5522,True,False,-5.56,-2.52,174.72,-4.7,-2.13,246.4,,OHLC,↓,LH/LL,DT,False,268,3,HSY,SubSector_R12
JPM,2026-09-24,338.56,6.8,False,352.8,-0.762,-0.47,True,92.4,0.3,92.1,True,2.01,1.19,39.3,0.2,C 基底修復,True,8:49,264.6,跌,291.0,28,False,4.0,-2.02,-1.9255,-2.02,False,False,-4.21,-2.09,360.05,-6.35,-3.16,2594.1,,OHLC,↓,LH/LL,DT,False,268,3,JPM,SubSector_R12+Combined_R22
LOB,2026-09-24,37.27,0.92,False,39.85,-0.175,-0.85,True,88.8,0.04,88.8,True,2.47,1.53,22.4,1.7,C 基底修復,True,8:49,264.6,跌,378.0,35,False,4.0,-0.1124,-0.1119,-0.4245,False,False,-6.93,-2.81,39.61,-6.28,-2.55,7.9,,OHLC,↓,LH/LL,DT,False,268,3,LOB,Combined_R22
TROW,2026-09-24,104.27,2.16,False,108.11,-0.281,-0.89,True,90.5,0.06,90.5,True,2.08,1.55,32.1,-1.2,C 基底修復,True,8:49,264.6,跌,163.0,19,False,4.0,-0.0759,-0.1649,-0.864,True,False,-3.69,-1.78,111.7,-7.13,-3.43,159.8,,OHLC,↓,LH/LL,自然反彈,False,268,3,TROW,SubSector_R12
UNH,2026-09-24,375.01,8.96,False,388.57,-0.878,-0.6,True,89.8,0.3,89.5,True,2.39,1.39,44.6,2.3,C 基底修復,True,8:49,264.6,跌,121.0,10,False,4.0,-0.7306,-1.0958,-3.1185,True,False,-3.61,-1.51,400.94,-6.91,-2.89,1965.9,,OHLC,↓,LH/LL,DT,False,268,3,UNH,SubSector_R12+Combined_R22
WFRD,2026-09-24,84.13,3.4,False,89.72,-0.261,-0.56,True,75.6,0.41,75.2,True,4.04,2.53,18.2,-1.0,C 基底修復,True,8:37,258.5,跌,94.0,11,False,4.0,-0.696,-0.8946,-1.5621,True,False,-6.64,-1.64,80.45,4.37,1.08,98.2,,OHLC,—,HH/HL,自然反彈,False,268,3,WFRD,SubSector_R12
BWXT,2026-09-24,138.68,4.91,False,154.09,-0.91,-0.78,True,78.6,0.17,78.5,True,3.54,2.46,7.6,-2.2,D 趨勢弱,True,7:03,211.3,跌,67.0,8,False,4.0,-0.5636,-0.335,-1.4849,False,False,-11.11,-3.14,150.0,-8.16,-2.31,163.9,,OHLC,↓,LH/LL,DT,False,268,3,BWXT,AI_R13
ROK,2026-09-24,432.93,10.99,False,427.48,-0.712,-0.39,True,87.3,0.4,86.9,True,2.54,1.77,43.3,0.1,C 基底修復,False,12:37,18.7,升,60.0,4,False,4.0,2.3715,1.9011,,False,True,1.26,0.5,433.81,-0.2,-0.08,308.0,,OHLC,↓,LH/LL,自然反彈,False,268,3,ROK,SubSector_R12
KMI,2026-09-24,31.25,0.71,False,31.59,-0.006,0.04,True,90.6,0.27,90.3,True,2.28,1.33,30.0,-10.2,C 基底修復,False,11:30,345.0,升,42.0,5,False,5.0,0.0256,0.0331,,False,True,-1.09,-0.48,32.19,-3.01,-1.32,397.6,,OHLC,—,LH/LL,自然反彈,True,268,3,KMI,SubSector_R12
SIMO,2026-09-24,275.1,18.41,True,256.81,1.522,0.45,True,45.6,0.33,45.3,False,6.69,6.42,65.2,-0.3,C 基底修復,False,11:21,340.6,升,39.0,5,False,5.0,2.9943,3.1507,,False,True,6.65,0.99,236.81,13.92,2.08,202.5,,OHLC,↑,HH/HL,自然回檔,False,268,3,SIMO,AI_R13
TCEHY,2026-09-24,55.49,1.32,False,56.09,-0.049,-0.57,True,85.4,0.62,84.8,True,2.38,2.31,23.1,0.2,D 趨勢弱,False,11:19,339.4,升,39.0,4,False,5.0,0.2124,0.2441,,False,True,-1.08,-0.45,55.79,-0.54,-0.23,161.2,,OHLC,↓,LH/LL,DT,False,268,3,TCEHY,AI_R13
ROST,2026-09-24,235.4,5.27,False,233.09,-0.505,-0.55,True,89.8,0.33,89.5,True,2.24,1.53,60.9,1.1,C 基底修復,False,11:16,337.8,升,38.0,4,False,5.0,1.1164,0.8693,,False,True,0.98,0.44,,,,471.2,,OHLC,—,LH/LL,UT,False,268,3,ROST,SubSector_R12+Combined_R22
ASML,2026-09-24,1722.5,53.5,False,1712.79,-3.754,-0.21,True,79.1,0.5,78.6,True,3.11,2.81,63.3,-2.2,C 基底修復,False,11:12,336.2,升,37.0,4,False,5.0,10.6792,10.2241,,False,True,0.56,0.18,1747.9,-1.47,-0.47,2207.8,,OHLC,↓,LH/LL,自然反彈,False,268,3,ASML,AI_R13+SubSector_R12+Combined_R22
STX,2026-09-24,905.92,49.86,True,861.32,0.795,0.24,True,56.5,0.34,56.2,False,5.5,4.89,69.4,3.8,C 基底修復,False,11:03,331.3,升,34.0,4,False,5.0,11.4149,11.148,,False,True,4.92,0.89,856.13,5.5,1.0,3273.0,,OHLC,—,LH/LL,UT,False,268,3,STX,AI_R13+SubSector_R12
NVDA,2026-09-24,224.58,6.03,False,220.86,-0.011,0.09,True,83.2,0.32,82.8,True,2.69,2.45,74.5,7.2,A 待突破,False,10:37,318.5,升,27.0,3,False,5.0,0.4118,0.475,,False,True,1.66,0.62,229.98,-2.4,-0.9,28133.8,,OHLC,—,LH/LL,UT,False,268,3,NVDA,AI_R13+SubSector_R12+Combined_R22
BJRI,2026-09-24,61.96,2.27,False,62.96,-0.227,-0.62,True,76.7,0.17,76.5,True,3.66,2.7,64.9,3.7,C 基底修復,False,10:30,315.0,升,25.0,3,False,5.0,0.2505,0.1675,,False,True,-1.61,-0.44,62.14,-0.29,-0.08,26.5,,OHLC,—,LH/LL,自然反彈,True,268,3,BJRI,Combined_R22
NDAQ,2026-09-24,94.55,2.15,False,95.33,-0.014,-0.11,True,89.1,0.25,88.9,True,2.27,1.66,40.2,-11.4,C 基底修復,False,10:10,305.1,升,20.0,2,False,5.0,0.1216,0.0468,,False,True,-0.82,-0.36,98.71,-4.4,-1.94,304.7,,OHLC,↓,LH/LL,自然反彈,False,268,3,NDAQ,SubSector_R12
EMR,2026-09-24,156.14,3.69,False,153.51,-0.355,-0.47,True,87.9,0.07,87.9,True,2.36,1.82,67.0,2.0,C 基底修復,False,10:10,305.0,升,19.0,3,False,5.0,0.6705,0.4146,,False,True,1.69,0.71,,,,336.0,,OHLC,—,LH/LL,UT,False,268,3,EMR,SubSector_R12
TT,2026-09-24,438.54,10.8,False,444.13,-1.318,-0.78,True,89.0,0.13,88.9,True,2.46,1.48,24.6,-0.0,D 趨勢弱,False,10:08,303.8,升,19.0,3,False,5.0,1.4307,0.9405,,False,True,-1.27,-0.52,447.9,-2.13,-0.87,446.4,,OHLC,↓,LH/LL,自然反彈,False,268,3,TT,AI_R13+SubSector_R12
AEO,2026-09-24,16.08,0.69,False,15.99,-0.025,-0.34,True,70.0,0.51,69.5,False,4.26,3.37,11.1,1.7,D 趨勢弱,True,9:33,286.5,升,9.0,2,False,5.0,0.0696,0.0242,,False,True,0.54,0.13,15.43,4.04,0.95,122.3,,OHLC,—,LH/LL,UT,False,268,3,AEO,Combined_R22
LEGN,2026-09-24,19.06,0.97,False,19.79,-0.091,-0.51,True,63.4,0.67,62.7,False,5.1,3.83,6.1,1.4,D 趨勢弱,True,9:19,279.6,升,5.0,1,False,5.0,0.053,-0.0301,,False,True,-3.81,-0.75,21.89,-14.85,-2.91,40.9,,OHLC,↓,LH/LL,自然反彈,False,268,3,LEGN,SubSector_R12
AEM,2026-09-24,193.88,7.36,True,202.75,0.504,0.63,True,74.2,0.26,73.9,False,3.79,3.04,39.8,-5.0,D 趨勢弱,True,8:49,264.6,跌,174.0,17,False,5.0,-2.0162,-1.8644,-2.9441,False,False,-4.57,-1.21,203.6,-5.01,-1.32,438.0,,OHLC,—,LH/LL,次級回檔,True,268,3,AEM,SubSector_R12
AMZN,2026-09-24,249.38,5.97,False,256.92,-0.638,-0.61,True,84.3,0.2,84.1,True,2.39,2.52,48.1,0.3,C 基底修復,True,8:49,264.6,跌,187.0,28,False,5.0,-0.3988,-0.2884,-1.9863,False,False,-3.02,-1.26,258.45,-3.64,-1.52,9030.0,,OHLC,↓,LH/LL,自然回檔,False,268,3,AMZN,AI_R13+SubSector_R12+Combined_R22
AUGO,2026-09-24,83.07,4.8,True,85.66,0.111,0.54,False,55.6,-0.77,56.4,False,5.77,4.82,50.7,-9.6,C 基底修復,True,8:49,264.6,跌,142.0,17,False,5.0,-0.8915,-0.5395,-0.8915,False,True,-3.12,-0.54,84.91,-2.21,-0.38,99.1,,OHLC,—,HH/HL,DT,False,268,3,AUGO,MP_R21_差一項
BC,2026-09-24,66.16,2.39,False,73.72,-0.475,-1.14,True,81.6,0.2,81.4,True,3.62,1.82,0.6,0.2,D 趨勢弱,True,8:49,264.6,跌,229.0,24,False,5.0,-0.2611,-0.3552,-0.8949,True,False,-11.42,-3.16,74.43,-12.5,-3.45,57.5,,OHLC,↓,LH/LL,DT,False,268,3,BC,SubSector_R12
BEN,2026-09-24,32.55,0.76,False,33.72,-0.054,-0.34,True,89.6,0.07,89.5,True,2.33,1.5,48.3,-2.2,C 基底修復,True,8:49,264.6,跌,147.0,18,False,5.0,-0.1256,-0.1122,-0.1716,False,False,-3.6,-1.55,33.33,-2.4,-1.03,123.2,,OHLC,↓,LH/LL,DT,False,268,3,BEN,SubSector_R12
BF.B,2026-09-24,26.0,0.77,False,26.96,-0.033,-0.46,True,83.3,0.32,82.9,True,2.97,2.14,19.9,-0.7,D 趨勢弱,True,8:49,264.6,跌,168.0,31,False,5.0,-0.0065,-0.0021,-0.2612,False,False,-3.69,-1.24,25.96,0.15,0.05,70.7,,OHLC,—,LH/LL,次級回檔,True,268,3,BF/B,SubSector_R12
BKR,2026-09-24,57.29,1.76,False,60.59,-0.218,-0.72,True,83.5,0.13,83.4,True,3.08,1.99,18.7,-7.0,C 基底修復,True,8:49,264.6,跌,169.0,24,False,5.0,-0.3212,-0.3966,-0.9547,True,False,-5.77,-1.87,57.78,-0.86,-0.28,513.4,,OHLC,↓,LH/LL,自然反彈,False,268,3,BKR,SubSector_R12
BLK,2026-09-24,1073.45,24.03,False,1117.51,-2.414,-0.54,True,89.0,0.25,88.7,True,2.24,1.72,41.7,11.5,C 基底修復,True,8:49,264.6,跌,238.0,25,False,5.0,-1.9523,-3.4416,-14.0844,True,False,-4.1,-1.83,1091.18,-1.65,-0.74,636.6,,OHLC,↓,LH/LL,DT,False,268,3,BLK,SubSector_R12
CRH,2026-09-24,83.96,2.49,False,91.3,-0.701,-1.06,True,84.7,0.13,84.6,True,2.97,1.86,2.3,-1.7,D 趨勢弱,True,8:49,264.6,跌,132.0,17,False,5.0,-0.1717,-0.0909,-0.5246,False,False,-8.74,-2.95,88.04,-4.86,-1.64,440.8,,OHLC,—,LH/LL,DT,True,268,3,CRH,SubSector_R12
HBM,2026-09-24,26.48,1.33,False,27.67,-0.059,-0.09,True,64.4,0.5,63.9,False,5.0,3.74,62.0,3.9,B 上升結構,True,8:49,264.6,跌,116.0,17,False,5.0,-0.1302,-0.1331,-0.5571,True,True,-4.48,-0.89,27.44,-3.63,-0.72,106.3,,OHLC,—,LH/LL,DT,True,268,3,HBM,SubSector_R12
NEM,2026-09-24,121.3,4.32,True,125.7,0.113,0.41,False,77.1,-0.12,77.2,True,3.56,2.73,61.8,-6.4,B 上升結構,True,8:49,264.6,跌,166.0,17,False,5.0,-1.2373,-1.1348,-1.7257,False,False,-3.63,-1.02,127.26,-4.91,-1.38,978.4,,OHLC,—,LH/LL,自然回檔,True,268,3,NEM,SubSector_R12+Combined_R22+MP_R21_差一項
PRCH,2026-09-24,16.47,0.8,True,16.8,0.008,0.07,False,64.0,-0.13,64.1,False,4.88,3.94,59.1,-2.7,B 上升結構,True,8:49,264.6,跌,141.0,20,False,5.0,-0.0913,-0.1005,-0.2921,True,True,-2.0,-0.41,18.37,-11.54,-2.36,24.2,,OHLC,—,LH/LL,DT,True,268,3,PRCH,MP_R21_差一項
SGP,2026-09-24,27.65,1.58,True,27.86,0.049,0.41,False,60.9,-0.48,61.4,False,5.73,3.72,53.9,0.5,B 上升結構,True,8:49,264.6,跌,133.0,12,False,5.0,-0.2331,-0.1733,-0.2331,False,True,-0.75,-0.13,28.69,-3.76,-0.66,4.1,,OHLC,—,LH/LL,自然回檔,True,159,3,SGP,MP_R21
TECK,2026-09-24,66.51,2.4,False,67.59,-0.066,-0.01,False,76.3,-0.16,76.5,True,3.61,2.82,71.9,-3.6,B 上升結構,True,8:49,264.6,跌,145.0,17,False,5.0,-0.239,-0.2536,-0.8188,True,True,-1.62,-0.45,68.88,-3.56,-0.99,193.6,,OHLC,—,LH/LL,自然回檔,True,268,3,TECK,SubSector_R12
WTRG,2026-09-24,39.74,0.78,True,41.05,0.007,0.08,False,92.0,-0.22,92.3,True,1.97,1.31,39.9,-5.8,C 基底修復,True,8:49,264.6,跌,113.0,10,False,5.0,-0.2619,-0.2246,-0.2619,False,False,-3.29,-1.67,40.18,-1.11,-0.56,108.5,,OHLC,—,HH/HL,DT,False,268,3,WTRG,SubSector_R12
SO,2026-09-24,82.89,1.34,False,88.25,-0.221,-1.02,True,94.6,0.04,94.5,True,1.62,1.02,12.0,-0.9,D 趨勢弱,True,6:52,206.1,跌,65.0,10,False,5.0,-0.2532,-0.1822,-0.4703,False,False,-6.47,-3.99,87.22,-5.22,-3.22,538.7,,OHLC,↓,LH/LL,DT,False,268,3,SO,SubSector_R12
TSM,2026-09-24,451.15,10.85,True,425.9,0.455,0.36,True,84.9,0.42,84.5,True,2.41,2.39,70.5,0.9,B 上升結構,False,12:07,3.5,升,52.0,5,False,5.0,2.8261,2.6371,,False,False,5.6,2.33,434.16,3.77,1.57,4318.1,,OHLC,↑,HH/HL,UT,False,268,3,TSM,AI_R13+SubSector_R12+Combined_R22+RateHike_R2_受惠
LITE,2026-09-24,929.04,62.51,True,909.92,0.416,0.24,True,46.4,0.39,46.0,False,6.73,6.16,61.9,8.0,B 上升結構,False,11:46,353.1,升,46.0,3,False,6.0,0.3447,1.0434,,False,True,2.06,0.31,895.0,3.66,0.54,4039.8,,OHLC,↑,HH/HL,自然回檔,False,268,3,LITE,AI_R13+SubSector_R12+Combined_R22+MP_R21_差一項
JCI,2026-09-24,145.36,3.53,False,143.72,-0.243,-0.43,True,88.2,0.47,87.7,True,2.43,1.69,58.4,-0.8,A 待突破,False,11:35,347.4,升,43.0,5,False,6.0,0.6205,0.6189,,False,True,1.13,0.46,145.41,-0.03,-0.01,468.0,,OHLC,↓,LH/LL,自然反彈,False,268,3,JCI,SubSector_R12
SBGSY,2026-09-24,66.29,1.61,False,67.51,-0.133,-0.28,True,84.7,0.21,84.5,True,2.42,2.42,51.8,-2.6,C 基底修復,False,10:33,316.5,升,26.0,3,False,6.0,0.0237,0.0277,,False,True,-1.84,-0.76,68.04,-2.64,-1.09,16.9,,OHLC,↓,LH/LL,DT,False,268,3,SBGSY,AI_R13
EQIX,2026-09-24,1034.76,27.33,False,1048.88,-0.823,-0.04,True,86.8,0.63,86.2,True,2.64,1.77,56.3,-2.3,C 基底修復,False,10:20,310.0,升,22.0,4,False,6.0,2.1251,2.4906,,False,True,-1.36,-0.52,1043.06,-0.8,-0.3,532.0,,OHLC,↓,LH/LL,DT,False,268,3,EQIX,AI_R13+SubSector_R12
SNPS,2026-09-24,424.91,14.91,True,406.12,0.273,-0.09,True,76.0,0.01,75.9,True,3.51,2.99,24.5,2.8,D 趨勢弱,False,10:04,302.0,升,18.0,3,False,6.0,3.3943,1.8351,,False,False,4.42,1.26,388.99,8.45,2.41,816.4,,OHLC,—,LH/LL,UT,False,268,3,SNPS,AI_R13+SubSector_R12+Combined_R22+RateHike_R2_受惠
AWR,2026-09-24,82.5,1.6,False,87.62,-0.164,-0.38,True,92.7,0.01,92.7,True,1.94,1.17,34.7,-0.7,C 基底修復,True,8:49,264.6,跌,172.0,20,False,6.0,-0.6472,-0.5916,-0.6472,False,False,-6.21,-3.2,88.06,-6.74,-3.48,19.6,,OHLC,↓,LH/LL,DT,False,268,3,AWR,SubSector_R12+Combined_R22
DLR,2026-09-24,181.0,5.07,False,187.6,-0.44,-0.35,True,84.3,0.79,83.5,True,2.8,2.11,43.3,-2.5,C 基底修復,True,8:49,264.6,跌,125.0,26,False,6.0,-0.2405,-0.1641,-1.5739,False,False,-3.65,-1.3,186.33,-2.94,-1.05,390.0,,OHLC,↓,LH/LL,DT,False,268,3,DLR,AI_R13+SubSector_R12
SBUX,2026-09-24,93.65,2.36,False,101.87,-0.433,-0.98,True,89.5,0.25,89.3,True,2.52,1.32,16.4,0.3,D 趨勢弱,True,8:49,264.6,跌,185.0,18,False,6.0,-0.6712,-0.7337,-1.0737,True,False,-8.78,-3.49,105.85,-13.03,-5.18,669.1,,OHLC,↓,LH/LL,DT,False,268,3,SBUX,SubSector_R12+Combined_R22
SNOW,2026-09-24,334.0,15.14,False,334.03,-0.025,0.08,True,70.8,0.63,70.2,False,4.53,2.95,75.8,-1.4,B 上升結構,True,8:49,264.6,跌,296.0,27,False,6.0,-1.0007,-0.8873,-4.0714,False,True,-0.01,-0.0,321.29,3.81,0.84,1865.1,,OHLC,—,HH/HL,UT,True,268,3,SNOW,AI_R13+SubSector_R12+Combined_R22+MP_R21
USFD,2026-09-24,93.82,2.68,False,100.12,-0.669,-1.21,True,85.7,0.41,85.3,True,2.85,1.78,29.3,-0.2,D 趨勢弱,True,8:49,264.6,跌,170.0,25,False,6.0,-0.4116,-0.5913,-1.8196,True,False,-6.72,-2.35,109.62,-16.84,-5.9,248.5,,OHLC,↓,LH/LL,自然反彈,False,268,3,USFD,SubSector_R12
DOC,2026-09-24,20.27,0.39,False,20.74,-0.018,-0.34,True,92.8,0.17,92.6,True,1.91,1.18,36.7,-2.4,C 基底修復,False,1:22,40.9,升,73.0,4,False,6.0,0.016,0.0275,,False,True,-2.31,-1.21,20.72,-2.22,-1.16,103.7,,OHLC,—,LH/LL,自然回檔,True,268,3,DOC,SubSector_R12
AMRX,2026-09-24,19.8,0.82,True,18.22,0.073,0.62,True,75.3,0.76,74.5,True,4.13,2.5,68.4,0.3,E 延伸,False,12:16,8.2,升,55.0,6,False,6.0,0.2728,0.2625,,False,False,8.02,1.94,21.18,-6.92,-1.68,45.4,,OHLC,—,LH/LL,自然反彈,False,268,3,AMRX,Combined_R22
DD,2026-09-24,130.22,2.97,False,133.68,-0.477,-0.86,True,90.1,0.07,90.1,True,2.28,1.43,34.7,-0.2,C 基底修復,False,11:36,347.8,升,43.0,4,False,7.0,0.5559,0.5179,,False,True,-2.65,-1.16,138.8,-6.59,-2.89,157.5,,OHLC,↓,LH/LL,自然反彈,False,268,3,DD,Combined_R22
ACHV,2026-09-24,7.83,0.4,True,7.83,0.034,0.39,False,65.2,-0.34,65.6,False,5.17,3.39,70.9,-2.8,B 上升結構,True,8:21,250.6,跌,89.0,13,False,7.0,-0.0233,-0.0208,-0.1893,False,True,-0.03,-0.01,8.11,-3.58,-0.69,12.7,,OHLC,—,LH/LL,自然回檔,False,268,3,ACHV,MP_R21_差一項
WKC,2026-09-24,35.97,0.93,False,35.7,-0.031,-0.26,True,88.4,0.28,88.1,True,2.6,1.49,55.5,-0.8,C 基底修復,False,12:07,3.3,升,52.0,7,False,7.0,0.1046,0.102,,False,True,0.75,0.29,36.19,-0.61,-0.24,41.5,,OHLC,—,LH/LL,自然反彈,True,268,3,WKC,Combined_R22
WBD,2026-09-24,30.84,0.51,True,29.48,0.113,2.74,True,91.6,0.48,91.1,True,1.66,1.71,66.7,10.8,A 待突破,False,11:05,332.6,升,35.0,4,False,8.0,0.2623,0.2393,,False,False,4.4,2.65,30.92,-0.26,-0.16,1195.9,,OHLC,—,LH/LL,UT,False,268,3,WBD,SubSector_R12
PLTR,2026-09-24,192.59,7.04,True,177.13,0.613,0.43,True,67.1,0.2,66.9,False,3.65,4.54,59.7,-2.3,B 上升結構,True,9:59,299.4,升,16.0,2,False,8.0,1.0448,0.6233,,False,False,8.03,2.2,172.73,10.31,2.82,4915.2,,OHLC,↑,HH/HL,UT,False,268,3,PLTR,AI_R13+SubSector_R12+Combined_R22
BSX,2026-09-24,44.68,1.53,False,46.83,-0.193,-0.64,True,80.1,0.85,79.3,True,3.42,2.3,4.6,-1.4,D 趨勢弱,True,9:25,282.4,升,7.0,1,False,8.0,0.0261,-0.0489,,False,False,-4.8,-1.4,45.05,-0.83,-0.24,950.0,,OHLC,—,LH/LL,自然反彈,True,268,3,BSX,SubSector_R12
CAG,2026-09-24,14.67,0.4,False,15.49,-0.011,-0.08,True,84.8,0.28,84.5,True,2.76,2.05,5.2,1.5,D 趨勢弱,True,8:49,264.6,跌,185.0,18,False,8.0,-0.0825,-0.0842,-0.2251,True,False,-5.56,-2.02,15.35,-4.64,-1.68,167.1,,OHLC,—,LH/LL,自然回檔,False,268,3,CAG,SubSector_R12
EXFY,2026-09-24,2.26,0.13,True,2.39,0.004,-0.23,False,52.9,-0.68,53.6,False,5.88,5.35,57.6,-2.6,B 上升結構,True,8:49,264.6,跌,150.0,18,False,8.0,-0.0191,-0.0175,-0.0668,False,True,-5.56,-0.95,2.24,0.88,0.15,1.2,,OHLC,↑,HH/HL,自然回檔,False,268,3,EXFY,MP_R21_差一項
HG,2026-09-24,33.43,0.82,False,34.91,-0.079,-0.35,True,89.4,0.49,89.0,True,2.44,1.42,45.8,0.4,C 基底修復,True,8:49,264.6,跌,104.0,13,False,8.0,-0.2028,-0.1862,-0.2028,False,False,-4.44,-1.82,36.11,-8.02,-3.28,14.1,,OHLC,↓,LH/LL,DT,False,268,3,HG,Combined_R22
IMO,2026-09-24,124.57,3.21,False,131.49,-0.116,-0.14,True,87.5,0.29,87.2,True,2.58,1.69,42.1,3.4,C 基底修復,True,8:49,264.6,跌,137.0,21,False,8.0,-1.0517,-1.0476,-1.0517,False,False,-5.55,-2.15,,,,84.0,,OHLC,—,HH/HL,DT,False,268,3,IMO,Combined_R22
KMB,2026-09-24,97.22,2.2,False,103.12,-0.268,-0.75,True,89.3,0.1,89.2,True,2.26,1.64,9.5,-0.4,D 趨勢弱,True,8:49,264.6,跌,185.0,19,False,8.0,-0.2125,-0.2831,-1.3186,True,False,-6.07,-2.69,109.29,-12.42,-5.49,478.6,,OHLC,—,LH/LL,DT,True,268,3,KMB,SubSector_R12
MDT,2026-09-24,88.51,2.08,False,91.96,-0.078,0.08,True,88.8,0.28,88.5,True,2.35,1.64,22.7,-19.9,C 基底修復,True,8:49,264.6,跌,218.0,21,False,8.0,-0.6545,-0.536,-0.6545,False,False,-3.9,-1.66,93.8,-5.98,-2.54,889.1,,OHLC,↓,LH/LL,DT,False,268,3,MDT,SubSector_R12
NWSA,2026-09-24,28.44,0.69,False,29.91,-0.016,-0.06,True,87.8,0.27,87.5,True,2.42,1.79,35.1,1.2,C 基底修復,True,8:49,264.6,跌,203.0,15,False,8.0,-0.2879,-0.267,-0.2879,False,False,-5.18,-2.14,30.56,-7.45,-3.08,140.5,,OHLC,↓,LH/LL,DT,False,268,3,NWSA,SubSector_R12
OABI,2026-09-24,4.79,0.28,True,4.29,0.018,0.62,True,50.4,0.46,49.9,False,5.89,5.95,84.2,-1.1,B 上升結構,True,8:02,240.8,跌,84.0,14,False,8.0,-0.012,-0.0164,-0.1392,True,False,10.35,1.76,,,,6.8,,OHLC,—,LH/LL,自然回檔,False,268,3,OABI,MP_R21_差一項
AMN,2026-09-24,34.56,1.31,True,34.15,0.101,0.13,True,71.7,0.31,71.4,False,3.79,3.52,73.5,2.0,A 待突破,False,1:29,44.4,升,75.0,7,False,8.0,0.0228,0.005,,False,True,1.18,0.31,33.91,1.88,0.5,20.0,,OHLC,—,HH/HL,自然回檔,True,268,3,AMN,Combined_R22
DHI,2026-09-24,140.35,3.76,False,142.55,-0.232,-0.44,True,84.9,0.48,84.4,True,2.68,2.12,11.6,-0.8,D 趨勢弱,False,10:14,306.9,升,21.0,3,False,9.0,0.3948,0.3788,,False,True,-1.56,-0.58,136.32,2.87,1.07,366.4,,OHLC,—,HH/HL,自然回檔,True,268,3,DHI,SubSector_R12+RateHike_R2_迴避
ACN,2026-09-24,177.41,7.33,True,184.19,0.104,0.21,False,73.0,-1.43,74.4,False,4.13,2.94,34.9,-3.5,D 趨勢弱,True,8:49,264.6,跌,194.0,17,False,9.0,-1.7056,-1.2882,-2.2022,False,True,-3.82,-0.92,186.11,-4.9,-1.19,897.6,,OHLC,—,LH/LL,自然回檔,False,268,3,ACN,AI_R13+SubSector_R12+MP_R21_差一項
BXP,2026-09-24,62.27,1.49,False,66.19,-0.16,-0.78,True,88.4,0.35,88.1,True,2.39,1.69,13.9,-2.8,D 趨勢弱,True,8:49,264.6,跌,194.0,17,False,9.0,-0.2329,-0.2206,-0.5728,False,False,-6.3,-2.64,69.18,-11.1,-4.65,90.0,,OHLC,↓,LH/LL,DT,False,268,3,BXP,SubSector_R12
CBRE,2026-09-24,136.53,4.26,False,144.27,-0.423,-0.46,True,82.3,0.33,82.0,True,3.12,2.18,8.0,-0.0,D 趨勢弱,True,8:49,264.6,跌,251.0,22,False,9.0,-0.4954,-0.4249,-1.4979,False,False,-5.67,-1.82,143.21,-4.89,-1.57,273.6,,OHLC,—,LH/LL,DT,True,268,3,CBRE,SubSector_R12
DEO,2026-09-24,86.83,1.72,False,90.02,-0.231,-1.12,True,89.6,0.5,89.1,True,1.98,1.85,41.1,2.1,C 基底修復,True,8:49,264.6,跌,366.0,27,False,9.0,-0.1862,-0.275,-1.1268,True,False,-3.67,-1.85,88.38,-1.79,-0.9,81.7,,OHLC,↓,LH/LL,自然反彈,False,268,3,DEO,SubSector_R12
DOCS,2026-09-24,26.04,1.13,True,25.77,0.041,-1.21,False,63.1,-0.19,63.3,False,4.35,4.64,36.3,-0.5,D 趨勢弱,True,8:49,264.6,跌,204.0,14,False,9.0,-0.051,-0.0145,-0.3038,False,True,1.05,0.24,25.81,0.88,0.2,71.2,,OHLC,—,HH/HL,自然回檔,True,268,3,DOCS,SubSector_R12+MP_R21_差一項
SYK,2026-09-24,269.75,8.96,False,300.7,-1.856,-1.07,True,79.6,0.55,79.0,True,3.32,2.5,0.0,0.0,D 趨勢弱,True,8:49,264.6,跌,346.0,29,False,9.0,-0.5578,-0.7121,-6.5941,True,False,-11.47,-3.45,284.76,-5.56,-1.68,887.6,,OHLC,↓,LH/LL,DT,False,268,3,SYK,SubSector_R12
TAP,2026-09-24,36.35,1.08,False,39.17,-0.091,-1.58,True,84.5,0.02,84.5,True,2.96,1.92,1.5,1.3,D 趨勢弱,True,8:49,264.6,跌,255.0,22,False,9.0,-0.2754,-0.2658,-0.3896,False,False,-7.75,-2.62,39.27,-8.03,-2.71,211.3,,OHLC,↓,LH/LL,DT,False,268,3,TAP,SubSector_R12
PGR,2026-09-24,202.17,4.38,False,213.96,-0.636,-0.43,True,87.6,0.0,87.6,True,2.17,2.08,15.2,0.1,D 趨勢弱,True,8:12,246.0,跌,87.0,13,False,9.0,-2.0008,-1.747,-2.0008,False,False,-5.83,-2.69,222.08,-9.85,-4.55,542.1,,OHLC,↓,LH/LL,DT,False,268,3,PGR,SubSector_R12
NUTX,2026-09-24,204.59,10.7,True,196.48,1.164,0.73,True,58.0,0.85,57.1,False,5.23,4.85,67.5,-0.7,B 上升結構,False,4:26,133.2,跌,24.0,3,False,9.0,-1.1474,-0.8815,-4.9423,False,True,3.97,0.76,201.48,1.52,0.29,30.8,,OHLC,↑,HH/HL,次級回檔,False,268,3,NUTX,MP_R21
TD,2026-09-24,119.26,2.08,False,120.52,-0.075,-0.04,True,93.0,0.1,92.9,True,1.75,1.29,72.6,2.1,C 基底修復,False,3:38,108.9,跌,11.0,1,False,9.0,-0.1327,0.0285,-0.7384,False,True,-1.06,-0.61,119.14,0.1,0.06,213.6,,OHLC,↑,HH/HL,自然回檔,False,268,3,TD,Combined_R22
SABR,2026-09-24,2.25,0.14,True,2.2,0.004,0.24,True,58.1,0.34,57.8,False,6.08,3.97,69.5,4.5,B 上升結構,False,3:35,107.3,跌,10.0,1,False,9.0,-0.0005,0.0009,-0.0226,False,True,2.28,0.38,2.07,8.0,1.32,12.8,,OHLC,↑,HH/HL,次級反彈,False,268,3,SABR,MP_R21
RUSHB,2026-09-24,55.01,1.99,True,53.96,0.042,0.63,False,80.3,-0.03,80.3,True,3.62,2.06,62.0,-1.5,B 上升結構,False,1:44,52.2,升,79.0,8,False,9.0,0.3525,0.3875,,False,True,1.91,0.53,53.61,2.54,0.7,12.4,,OHLC,↑,HH/HL,UT,False,268,3,RUSHB,Combined_R22
GOOGL,2026-09-24,342.36,9.01,False,343.33,-0.101,-0.01,True,84.8,0.39,84.4,True,2.63,2.18,46.8,12.8,C 基底修復,False,1:33,46.6,升,76.0,9,False,9.0,0.6093,0.9772,,False,True,-0.28,-0.11,327.74,4.27,1.62,9238.3,,OHLC,↑,HH/HL,自然回檔,False,268,3,GOOGL,AI_R13+SubSector_R12+Combined_R22
PG,2026-09-24,145.68,2.33,True,145.16,0.072,0.09,False,94.3,-0.3,94.6,True,1.6,1.12,32.3,-0.6,D 趨勢弱,False,1:17,38.3,升,71.0,9,False,9.0,0.1514,0.2868,,False,True,0.36,0.22,148.23,-1.75,-1.1,1187.8,,OHLC,—,LH/LL,次級反彈,True,268,3,PG,SubSector_R12
FR,2026-09-24,61.36,1.01,False,62.02,-0.072,-0.31,True,94.4,0.2,94.2,True,1.65,1.02,28.0,0.6,C 基底修復,False,1:03,31.4,升,67.0,7,False,9.0,0.0814,0.0956,,False,True,-1.08,-0.65,61.13,0.37,0.23,60.7,,OHLC,—,LH/LL,次級回檔,True,268,3,FR,SubSector_R12
HON,2026-09-24,211.79,4.69,False,212.68,-0.733,-1.37,True,88.9,0.17,88.8,True,2.21,1.76,17.3,-1.0,D 趨勢弱,False,12:08,4.2,升,52.0,7,False,9.0,1.7411,1.6121,,False,True,-0.42,-0.19,220.67,-4.19,-1.89,670.7,,OHLC,↓,LH/LL,自然反彈,False,268,3,HON,SubSector_R12
TJX,2026-09-24,131.63,2.91,False,133.95,-0.393,-1.21,True,90.5,0.18,90.3,True,2.21,1.41,11.3,0.9,D 趨勢弱,False,10:43,321.4,升,29.0,5,False,10.0,1.4309,1.2928,,False,True,-1.77,-0.8,154.26,-17.19,-7.78,1196.3,,OHLC,↓,LH/LL,自然反彈,False,268,3,TJX,SubSector_R12+Combined_R22
LYV,2026-09-24,171.06,4.14,False,176.06,-0.459,-0.68,False,89.2,-0.15,89.3,True,2.42,1.5,38.6,0.8,C 基底修復,True,9:40,290.0,升,11.0,1,False,10.0,0.0022,-0.2527,,False,True,-2.93,-1.21,174.37,-1.93,-0.8,344.0,,OHLC,—,LH/LL,自然反彈,True,268,3,LYV,SubSector_R12
PSA,2026-09-24,284.56,5.9,False,305.37,-1.216,-1.15,True,91.4,0.23,91.2,True,2.07,1.35,26.2,-0.7,D 趨勢弱,True,8:49,264.6,跌,380.0,29,False,10.0,-0.7669,-0.5411,-2.6991,False,False,-7.31,-3.53,300.76,-5.69,-2.75,268.5,,OHLC,↓,LH/LL,DT,False,268,3,PSA,SubSector_R12
PYPL,2026-09-24,52.6,1.58,False,55.8,-0.124,-0.72,True,77.6,0.74,76.9,True,3.01,3.18,23.5,-10.4,D 趨勢弱,True,8:49,264.6,跌,292.0,36,False,10.0,-0.1264,-0.1817,-1.4183,True,False,-6.08,-2.02,54.6,-3.8,-1.26,747.0,,OHLC,—,LH/LL,DT,True,268,3,PYPL,SubSector_R12
HIW,2026-09-24,30.01,0.69,False,30.87,-0.046,-0.25,True,89.6,0.28,89.4,True,2.3,1.52,44.8,1.4,C 基底修復,False,4:29,134.3,跌,25.0,2,False,10.0,-0.0436,-0.026,-0.4684,False,True,-2.87,-1.25,,,,36.3,,OHLC,—,HH/HL,DT,True,268,3,HIW,SubSector_R12
CB,2026-09-24,334.84,5.23,False,341.35,-0.205,-0.34,True,93.3,0.09,93.3,True,1.56,1.4,50.7,0.6,C 基底修復,False,4:23,131.5,跌,23.0,3,False,10.0,-0.3738,-0.2724,-1.8985,False,True,-1.94,-1.25,344.52,-2.89,-1.85,545.4,,OHLC,—,LH/LL,DT,True,268,3,CB,SubSector_R12
APLE,2026-09-24,16.11,0.32,True,15.86,0.012,-0.27,False,92.0,-0.14,92.2,True,1.98,1.3,52.8,2.0,C 基底修復,False,10:56,328.2,升,32.0,4,False,11.0,0.0714,0.0447,,False,True,1.53,0.77,16.07,0.25,0.13,40.7,,OHLC,↑,HH/HL,UT,False,268,3,APLE,Combined_R22
ANGO,2026-09-24,15.28,0.5,False,15.55,-0.015,-0.11,False,81.8,-0.62,82.4,True,3.27,2.12,64.0,-10.6,A 待突破,True,8:49,264.6,跌,465.0,25,False,11.0,-0.0472,-0.0364,-0.1622,False,True,-1.74,-0.53,15.92,-4.19,-1.28,6.6,,OHLC,—,LH/LL,自然回檔,True,268,3,ANGO,Combined_R22
ET,2026-09-24,20.33,0.34,False,21.21,-0.019,0.14,True,94.1,0.0,94.1,True,1.68,1.1,41.0,-1.1,C 基底修復,True,8:49,264.6,跌,138.0,15,False,11.0,-0.1683,-0.1584,-0.1683,False,False,-4.33,-2.58,20.13,0.98,0.59,164.0,,OHLC,↑,HH/HL,自然回檔,False,268,3,ET,SubSector_R12
TRV,2026-09-24,362.39,6.79,False,369.46,-0.304,-0.26,True,90.6,0.12,90.5,True,1.87,1.73,60.8,1.5,C 基底修復,False,4:18,129.0,跌,22.0,3,False,11.0,-1.618,-1.3953,-4.0307,False,True,-1.95,-1.04,373.82,-3.15,-1.68,551.2,,OHLC,—,HH/HL,DT,False,268,3,TRV,SubSector_R12+RateHike_R2_受惠
INSP,2026-09-24,68.81,3.3,True,67.55,0.301,0.92,True,64.5,0.68,63.8,False,4.8,3.92,34.1,-0.1,D 趨勢弱,False,4:08,123.9,跌,19.0,2,False,11.0,-0.436,-0.1019,-0.436,False,True,1.83,0.38,72.74,-5.71,-1.19,57.4,,OHLC,—,HH/HL,DT,False,268,3,INSP,MP_R21_差一項
HCA,2026-09-24,423.48,13.07,True,420.71,0.43,0.34,False,81.8,-1.18,83.0,True,3.09,2.31,25.7,-1.4,D 趨勢弱,False,2:39,79.4,升,94.0,10,False,11.0,0.4507,1.3215,,False,True,0.65,0.21,409.74,3.24,1.05,651.3,,OHLC,↑,HH/HL,自然回檔,False,268,3,HCA,SubSector_R12+RateHike_R2_受惠
MAR,2026-09-24,351.51,7.33,False,344.44,-0.082,-0.28,True,89.9,0.26,89.6,True,2.09,1.68,45.6,0.5,C 基底修復,False,1:44,52.2,升,79.0,8,False,11.0,2.8585,2.5831,,False,True,2.01,0.96,332.35,5.45,2.61,547.7,,OHLC,—,HH/HL,自然反彈,False,268,3,MAR,SubSector_R12+Combined_R22
DRH,2026-09-24,12.42,0.28,True,12.37,0.005,-0.12,False,90.0,-0.0,90.0,True,2.27,1.48,53.4,1.5,C 基底修復,False,1:03,31.4,升,67.0,7,False,11.0,0.0236,0.0131,,False,True,0.44,0.19,12.29,1.05,0.46,35.8,,OHLC,—,LH/LL,UT,True,268,3,DRH,Combined_R22
UHS,2026-09-24,176.99,5.84,True,175.14,0.311,0.28,False,82.2,-1.09,83.3,True,3.3,2.02,24.3,2.1,C 基底修復,False,12:26,12.9,升,57.0,7,False,13.0,0.072,0.2872,,False,True,1.05,0.32,174.74,1.27,0.39,137.2,,OHLC,↑,HH/HL,自然回檔,False,268,3,UHS,SubSector_R12
AWK,2026-09-24,131.53,2.67,True,137.48,0.006,-0.04,False,91.4,-0.29,91.7,True,2.03,1.4,34.9,-10.1,D 趨勢弱,True,8:49,264.6,跌,116.0,10,False,,-0.9742,-0.8691,-0.9742,False,False,-4.52,-2.23,,,,270.8,,OHLC,—,HH/HL,DT,False,268,3,AWK,SubSector_R12
WFC,2026-09-24,82.18,1.95,False,86.86,-0.213,-0.35,True,89.1,0.22,88.9,True,2.37,1.57,23.6,0.3,D 趨勢弱,True,6:39,199.4,跌,61.0,6,False,,-0.8143,-0.7416,-0.8143,False,False,-5.69,-2.4,91.99,-11.94,-5.03,1257.8,,OHLC,↓,LH/LL,DT,False,268,3,WFC,SubSector_R12
CVS,2026-09-24,85.05,2.18,False,92.78,-0.329,-0.95,True,87.9,0.17,87.8,True,2.57,1.61,17.4,-0.5,C 基底修復,True,6:26,192.9,跌,57.0,6,False,,-0.8363,-0.7845,-1.7679,False,False,-9.09,-3.54,,,,644.5,,OHLC,—,HH/HL,DT,False,268,3,CVS,SubSector_R12
CI,2026-09-24,265.5,6.46,False,278.72,-0.387,-0.13,True,87.6,0.0,87.6,True,2.43,1.81,31.3,-1.3,D 趨勢弱,True,6:15,187.3,跌,54.0,5,False,,-1.6174,-1.2416,-2.2878,False,False,-4.98,-2.05,282.56,-6.43,-2.64,410.5,,OHLC,↓,LH/LL,DT,False,268,3,CI,SubSector_R12
ZION,2026-09-24,62.82,1.43,False,67.51,-0.288,-0.88,True,90.0,0.37,89.6,True,2.28,1.46,27.3,0.5,C 基底修復,True,6:14,186.9,跌,54.0,7,False,,-0.5172,-0.5041,-0.5172,False,False,-7.47,-3.27,70.13,-11.64,-5.1,99.5,,OHLC,↓,LH/LL,DT,False,268,3,ZION,SubSector_R12+RateHike_R2_迴避
UNM,2026-09-24,91.11,2.41,True,93.39,0.018,0.28,False,86.9,-1.34,88.2,True,2.64,1.76,56.4,-9.8,C 基底修復,False,5:30,164.8,跌,42.0,4,False,,-0.4283,-0.2137,-0.549,False,True,-2.5,-0.95,95.88,-5.24,-1.98,190.2,,OHLC,—,LH/LL,自然回檔,False,268,3,UNM,Combined_R22
TIGO,2026-09-24,91.0,2.78,False,93.56,-0.129,-0.6,True,79.9,0.13,79.8,True,3.05,2.71,59.7,-5.4,C 基底修復,False,5:26,162.9,跌,41.0,4,False,,-0.4493,-0.2796,-1.048,False,True,-2.81,-0.92,,,,72.6,,OHLC,—,HH/HL,DT,False,268,3,TIGO,Combined_R22
VLO,2026-09-24,382.86,15.03,True,375.76,1.635,1.19,False,78.0,-0.0,78.0,True,3.93,2.19,63.1,-2.8,B 上升結構,False,5:22,160.8,跌,39.0,3,False,,-3.4378,-2.8985,-3.4378,False,True,1.85,0.47,375.1,2.03,0.52,1482.7,,OHLC,↑,HH/HL,自然回檔,False,268,3,VLO,SubSector_R12+RateHike_R2_受惠+MP_R21
ELV,2026-09-24,398.25,9.8,False,405.95,-0.02,0.16,True,85.3,0.3,85.0,True,2.46,2.25,65.0,0.0,A 待突破,False,5:14,157.0,跌,37.0,4,False,,-2.0896,-1.6583,-2.6551,False,True,-1.93,-0.79,396.9,0.34,0.14,483.9,,OHLC,↑,HH/HL,自然回檔,False,268,3,ELV,SubSector_R12
WSFS,2026-09-24,77.27,1.35,False,79.11,-0.142,-0.53,True,93.9,0.01,93.9,True,1.75,1.07,52.6,1.8,C 基底修復,False,4:38,138.9,跌,27.0,4,False,,-0.2673,-0.2645,-0.5511,False,True,-2.38,-1.36,,,,29.6,,OHLC,—,HH/HL,DT,False,268,3,WSFS,Combined_R22
PARR,2026-09-24,76.77,4.55,True,80.56,0.049,0.48,True,58.1,0.21,57.9,False,5.92,4.13,54.2,-0.6,C 基底修復,False,4:22,131.1,跌,23.0,4,False,,-0.9689,-0.7525,-2.1783,False,True,-4.94,-0.83,,,,80.4,,OHLC,—,HH/HL,DT,False,268,3,PARR,Combined_R22
DINO,2026-09-24,105.79,4.78,True,103.93,0.595,1.1,True,73.4,0.36,73.1,False,4.52,2.46,61.0,-2.1,B 上升結構,False,4:18,129.0,跌,22.0,3,False,,-1.094,-0.812,-1.5866,False,True,1.76,0.39,105.23,0.53,0.12,312.5,,OHLC,↑,HH/HL,自然回檔,False,268,3,DINO,SubSector_R12+Combined_R22+RateHike_R2_受惠+MP_R21
KR,2026-09-24,58.92,1.55,True,58.44,0.091,0.32,False,87.1,-0.11,87.2,True,2.64,1.72,26.0,12.6,D 趨勢弱,False,4:17,128.4,跌,21.0,2,False,,-0.0984,-0.0773,-0.0984,False,True,0.81,0.31,62.55,-6.16,-2.34,436.6,,OHLC,—,LH/LL,自然反彈,False,268,3,KR,SubSector_R12
DHX,2026-09-24,4.73,0.27,True,4.48,0.025,0.59,True,62.1,1.83,60.3,False,5.68,3.51,65.7,3.8,B 上升結構,False,4:16,127.9,跌,21.0,2,False,,-0.0158,-0.0111,-0.0469,False,True,5.21,0.92,4.6,2.75,0.48,1.4,,OHLC,↑,HH/HL,自然反彈,False,268,3,DHX,MP_R21
SMMT,2026-09-24,16.38,0.97,True,15.47,0.028,0.4,True,57.0,0.49,56.5,False,5.92,4.38,15.0,-11.2,E 延伸,False,4:15,127.4,跌,21.0,2,False,,-0.1475,-0.083,-0.1874,False,True,5.56,0.94,17.3,-5.62,-0.95,102.8,,OHLC,—,HH/HL,DT,False,268,3,SMMT,MP_R21_差一項
AMWL,2026-09-24,13.47,0.71,True,12.79,0.024,-0.01,True,56.5,0.74,55.8,False,5.3,5.09,73.3,-3.1,E 延伸,False,3:48,114.0,跌,13.0,2,False,,-0.028,-0.025,-0.1979,False,True,5.06,0.95,13.33,1.04,0.2,1.4,,OHLC,—,HH/HL,自然回檔,True,268,3,AMWL,MP_R21
DELL,2026-09-24,536.02,31.12,True,509.91,1.662,0.5,True,54.4,0.11,54.3,False,5.81,5.08,59.7,-1.4,E 延伸,False,3:36,108.2,跌,10.0,1,False,,-1.7059,0.7624,-6.7082,False,True,4.87,0.84,534.28,0.32,0.06,5787.7,,OHLC,↑,HH/HL,自然回檔,False,268,3,DELL,AI_R13+SubSector_R12+Combined_R22+MP_R21_差一項
AAPL,2026-09-24,335.92,6.96,True,321.94,0.907,0.72,True,89.5,0.33,89.1,True,2.07,1.78,70.7,9.9,E 延伸,False,2:49,84.6,升,134.0,21,False,,0.8104,1.203,,False,False,4.16,2.01,315.34,6.13,2.96,14105.0,,OHLC,↑,HH/HL,UT,False,268,3,AAPL,AI_R13+SubSector_R12
APP,2026-09-24,312.47,17.43,True,315.72,0.362,-0.24,True,58.3,0.5,57.8,False,5.58,4.42,24.4,5.0,D 趨勢弱,False,2:49,84.6,升,198.0,22,False,,2.7571,3.6641,,False,True,-1.04,-0.19,315.44,-0.95,-0.17,1575.0,,OHLC,—,LH/LL,DT,True,268,3,APP,Combined_R22
CAT,2026-09-24,805.25,23.83,False,812.74,-2.337,-0.35,True,82.5,0.39,82.1,True,2.96,2.31,54.1,-1.4,C 基底修復,False,2:49,84.6,升,110.0,14,False,,3.6315,3.9607,,False,True,-0.93,-0.31,822.48,-2.14,-0.72,1929.4,,OHLC,—,LH/LL,自然反彈,True,268,3,CAT,SubSector_R12+Combined_R22
EBAY,2026-09-24,107.83,3.54,True,106.5,0.138,0.22,False,82.3,-0.11,82.4,True,3.28,2.02,48.6,-11.1,C 基底修復,False,2:49,84.6,升,126.0,22,False,,0.3134,0.5084,,False,True,1.24,0.38,103.41,4.1,1.25,582.6,,OHLC,—,HH/HL,自然回檔,True,268,3,EBAY,SubSector_R12
META,2026-09-24,777.59,26.9,True,639.91,8.881,1.37,True,75.4,0.07,75.3,True,3.46,3.15,46.4,2.6,E 延伸,False,2:49,84.6,升,300.0,21,False,,13.3941,11.9747,,False,False,17.71,5.12,665.75,14.38,4.16,14997.4,,OHLC,↑,HH/HL,UT,False,268,3,META,AI_R13+SubSector_R12+Combined_R22
REX,2026-09-24,43.28,1.38,True,42.82,0.02,0.08,False,83.7,-0.07,83.8,True,3.19,1.85,41.6,-12.3,C 基底修復,False,2:49,84.6,升,97.0,13,False,,0.2666,0.315,,False,True,1.05,0.33,41.62,3.84,1.2,9.9,,OHLC,—,HH/HL,自然回檔,True,268,3,REX,Combined_R22
TXN,2026-09-24,270.65,8.56,False,265.0,-0.425,-0.24,True,82.5,0.67,81.9,True,3.16,2.09,47.2,-10.0,C 基底修復,False,2:49,84.6,升,105.0,13,False,,2.1666,2.2886,,False,True,2.09,0.66,266.54,1.52,0.48,1622.7,,OHLC,—,LH/LL,UT,True,268,3,TXN,SubSector_R12
HST,2026-09-24,22.21,0.43,False,22.39,-0.019,-0.56,True,91.3,0.73,90.6,True,1.93,1.52,44.3,0.5,C 基底修復,False,2:37,78.5,升,94.0,11,False,,0.0805,0.0767,,False,True,-0.83,-0.43,21.83,1.71,0.89,178.7,,OHLC,—,HH/HL,自然反彈,True,268,3,HST,Combined_R22
TSLA,2026-09-24,377.94,12.24,True,359.06,1.217,0.53,True,75.1,0.46,74.7,True,3.24,3.42,28.4,0.8,C 基底修復,False,12:47,23.7,升,63.0,6,False,,1.6257,1.697,,False,False,5.0,1.54,356.09,5.78,1.79,14182.8,,OHLC,↑,HH/HL,UT,False,268,3,TSLA,AI_R13+SubSector_R12+Combined_R22
VG,2026-09-24,13.23,0.7,False,14.39,-0.007,-0.04,False,61.6,-0.08,61.7,False,5.28,4.02,29.3,1.7,C 基底修復,True,7:29,224.4,跌,75.0,7,True,0.0,-0.2765,-0.2779,-0.2779,True,False,-8.79,-1.66,12.87,2.72,0.52,214.2,,OHLC,—,HH/HL,自然反彈,False,268,2,VG,SubSector_R12
DKNG,2026-09-24,21.27,1.13,False,23.84,-0.191,-0.39,True,66.4,0.54,65.8,False,5.33,3.01,0.0,0.0,D 趨勢弱,False,5:51,175.5,跌,48.0,6,True,0.0,-0.3144,-0.3161,-0.3161,True,False,-12.1,-2.27,24.21,-13.82,-2.6,282.4,,OHLC,↓,LH/LL,DT,False,268,2,DKNG,SubSector_R12
APO,2026-09-24,120.69,3.93,False,131.09,-0.857,-0.48,False,82.1,-1.14,83.2,True,3.26,2.08,25.0,-4.8,C 基底修復,True,8:49,264.6,跌,151.0,25,False,1.0,-0.9637,-0.803,-1.1994,False,False,-8.61,-2.65,127.91,-5.98,-1.84,343.0,,OHLC,↓,LH/LL,DT,False,268,2,APO,SubSector_R12
GM,2026-09-24,80.57,2.62,False,85.3,-0.218,-0.37,False,82.4,-1.51,83.9,True,3.25,2.02,32.2,-15.9,C 基底修復,True,8:49,264.6,跌,221.0,31,False,1.0,-0.5184,-0.3527,-0.6992,False,False,-5.87,-1.81,83.95,-4.2,-1.29,626.4,,OHLC,↓,LH/LL,DT,False,268,2,GM,SubSector_R12
HII,2026-09-24,266.0,7.28,False,290.03,-1.509,-1.49,False,82.9,-0.09,83.0,True,2.74,2.45,6.4,-0.2,D 趨勢弱,True,8:49,264.6,跌,198.0,27,False,1.0,-1.0693,-0.9518,-4.6194,False,False,-9.03,-3.3,283.25,-6.48,-2.37,126.2,,OHLC,↓,LH/LL,DT,False,268,2,HII,Combined_R22
INFY,2026-09-24,10.5,0.32,False,11.53,-0.056,-0.9,False,80.4,-0.24,80.6,True,3.09,2.57,12.3,-3.7,D 趨勢弱,True,8:49,264.6,跌,245.0,29,False,1.0,-0.0739,-0.0665,-0.1364,False,False,-9.81,-3.17,11.6,-10.48,-3.39,176.3,,OHLC,↓,LH/LL,DT,False,268,2,INFY,SubSector_R12
KMX,2026-09-24,56.36,2.14,False,59.8,-0.094,-0.31,False,79.9,-1.26,81.2,True,3.81,1.95,37.3,-5.1,D 趨勢弱,True,8:49,264.6,跌,137.0,17,False,1.0,-0.6405,-0.6385,-0.6951,False,False,-6.11,-1.6,61.69,-9.46,-2.49,120.6,,OHLC,↓,LH/LL,DT,False,268,2,KMX,Combined_R22
RTX,2026-09-24,188.61,3.99,False,205.25,-0.941,-1.47,False,90.2,-0.37,90.5,True,2.12,1.59,16.6,-13.4,D 趨勢弱,True,8:49,264.6,跌,217.0,30,False,1.0,-0.6993,-0.6369,-2.6008,False,False,-8.82,-4.17,213.5,-13.2,-6.24,773.3,,OHLC,↓,LH/LL,DT,False,268,2,RTX,SubSector_R12+Combined_R22
TTWO,2026-09-24,202.98,7.45,False,222.02,-1.046,-1.03,False,79.7,-0.22,79.9,True,3.67,2.14,9.6,-2.5,D 趨勢弱,True,8:49,264.6,跌,233.0,28,False,1.0,-0.4626,-0.4004,-2.869,False,False,-9.38,-2.56,209.92,-3.42,-0.93,636.4,,OHLC,↓,LH/LL,DT,False,268,2,TTWO,SubSector_R12
CTSH,2026-09-24,57.17,2.19,True,61.11,0.095,0.3,False,74.2,-1.35,75.6,False,3.83,2.99,20.7,-14.4,D 趨勢弱,True,8:02,241.1,跌,84.0,17,False,1.0,-0.8231,-0.7285,-1.0182,False,False,-6.88,-1.8,64.61,-13.01,-3.4,378.7,,OHLC,↓,LH/LL,DT,False,268,2,CTSH,SubSector_R12
CMG,2026-09-24,32.01,1.17,False,35.3,-0.001,0.04,False,74.6,-0.49,75.1,False,3.66,3.1,10.9,-1.5,D 趨勢弱,True,7:45,232.6,跌,79.0,12,True,1.0,-0.5459,-0.5482,-0.5756,True,False,-10.28,-2.81,37.22,-16.28,-4.45,441.2,,OHLC,—,HH/HL,DT,False,268,2,CMG,SubSector_R12
DOCU,2026-09-24,68.99,2.73,True,65.64,0.208,0.55,True,72.1,0.36,71.7,False,3.95,3.29,45.1,-3.0,B 上升結構,False,5:55,177.3,跌,48.0,4,False,1.0,-0.2967,-0.2624,-0.3793,False,False,4.85,1.23,66.76,3.23,0.82,262.5,,OHLC,↑,HH/HL,自然反彈,False,268,2,DOCU,MP_R21_差一項
PBR,2026-09-24,20.84,0.6,True,19.89,0.076,0.67,False,83.9,-0.23,84.1,True,2.88,2.12,48.6,-3.3,E 延伸,False,4:31,135.4,跌,25.0,4,False,1.0,-0.0761,-0.0561,-0.1269,False,False,4.57,1.59,20.63,1.01,0.35,463.8,,OHLC,—,HH/HL,自然反彈,True,268,2,PBR,Combined_R22
CBL,2026-09-24,52.31,1.44,False,54.77,-0.175,-0.38,False,86.2,-0.35,86.5,True,2.75,1.79,51.3,-3.3,C 基底修復,True,8:49,264.6,跌,673.0,37,False,2.0,-0.1601,-0.1057,-0.498,False,False,-4.71,-1.71,54.34,-3.88,-1.41,14.6,,OHLC,↓,LH/LL,DT,False,268,2,CBL,Combined_R22
CL,2026-09-24,85.32,1.65,False,88.96,-0.177,-0.72,False,92.2,-0.17,92.4,True,1.93,1.3,20.7,-0.3,D 趨勢弱,True,8:49,264.6,跌,226.0,29,False,2.0,-0.1729,-0.1364,-0.3788,False,False,-4.27,-2.21,90.54,-6.12,-3.16,470.7,,OHLC,↓,LH/LL,DT,False,268,2,CL,SubSector_R12
CNR,2026-09-24,88.76,3.2,False,95.74,-0.22,0.02,False,78.8,-1.64,80.4,True,3.61,2.36,15.0,-26.9,D 趨勢弱,True,8:49,264.6,跌,100.0,14,False,2.0,-1.2614,-1.1492,-1.4588,False,False,-7.86,-2.18,93.93,-5.82,-1.61,48.9,,OHLC,↓,LH/LL,DT,False,268,2,CNR,SubSector_R12
FDX,2026-09-24,279.54,7.71,False,317.07,-2.128,-0.79,False,87.6,-1.17,88.8,True,2.76,1.49,19.3,-5.4,D 趨勢弱,True,8:49,264.6,跌,176.0,18,False,2.0,-3.248,-2.5888,-3.248,False,False,-13.42,-4.87,321.02,-14.84,-5.38,499.3,,OHLC,↓,LH/LL,DT,False,268,2,FDX,SubSector_R12+RateHike_R2_迴避
GIS,2026-09-24,34.83,1.11,False,38.12,-0.129,-0.38,False,81.8,-0.31,82.1,True,3.17,2.23,2.6,0.0,D 趨勢弱,True,8:49,264.6,跌,159.0,15,False,2.0,-0.3164,-0.3095,-0.6443,False,False,-9.45,-2.98,36.81,-5.68,-1.79,373.3,,OHLC,↓,LH/LL,DT,False,268,2,GIS,SubSector_R12
HMY,2026-09-24,18.55,0.87,False,20.4,-0.023,-0.13,True,66.0,0.52,65.4,False,4.68,3.74,25.8,-1.9,D 趨勢弱,True,8:49,264.6,跌,287.0,19,False,2.0,-0.2713,-0.2503,-0.3958,False,False,-9.96,-2.13,20.22,-9.0,-1.92,90.5,,OHLC,↓,LH/LL,DT,False,268,2,HMY,Combined_R22
MGA,2026-09-24,62.22,1.87,False,66.39,-0.229,-0.55,False,82.3,-0.55,82.8,True,3.01,2.3,50.8,-2.5,C 基底修復,True,8:49,264.6,跌,200.0,23,False,2.0,-0.2078,-0.1662,-0.8239,False,False,-6.7,-2.23,64.82,-4.18,-1.39,73.9,,OHLC,↓,LH/LL,DT,False,268,2,MGA,SubSector_R12
PEP,2026-09-24,128.15,2.35,False,136.94,-0.336,-0.91,False,92.3,-0.22,92.5,True,1.83,1.38,5.2,-0.6,D 趨勢弱,True,8:49,264.6,跌,148.0,18,False,2.0,-0.8452,-0.8115,-0.9753,False,False,-6.86,-3.74,138.8,-8.31,-4.54,1203.4,,OHLC,↓,LH/LL,DT,False,268,2,PEP,SubSector_R12
RLAY,2026-09-24,17.73,0.91,False,19.09,-0.071,-0.27,True,67.8,0.44,67.3,False,5.16,2.9,47.5,-5.9,D 趨勢弱,True,8:49,264.6,跌,194.0,25,False,2.0,-0.1016,-0.0547,-0.3147,False,False,-7.69,-1.49,,,,66.7,,OHLC,—,HH/HL,DT,False,268,2,RLAY,Combined_R22
XEL,2026-09-24,69.56,1.35,False,75.46,-0.285,-0.74,False,92.8,-0.08,92.9,True,1.95,1.15,9.9,-2.0,D 趨勢弱,True,8:49,264.6,跌,270.0,24,False,2.0,-0.4164,-0.3479,-0.4164,False,False,-8.49,-4.36,77.06,-10.78,-5.54,437.7,,OHLC,↓,LH/LL,DT,False,268,2,XEL,SubSector_R12
PYXS,2026-09-24,2.92,0.3,True,3.38,0.013,0.39,False,30.6,-2.87,33.4,False,10.21,8.23,53.8,-7.3,D 趨勢弱,True,7:58,239.0,跌,83.0,11,False,2.0,-0.0651,-0.0454,-0.0651,False,False,-15.67,-1.53,3.36,-14.9,-1.46,3.2,,OHLC,↓,LH/LL,DT,False,268,2,PYXS,MP_R21_差一項
AMT,2026-09-24,167.26,4.04,False,175.05,-0.204,0.04,False,88.9,-0.21,89.1,True,2.42,1.56,15.3,-3.2,D 趨勢弱,True,7:40,230.0,跌,78.0,7,False,2.0,-0.9274,-0.5599,-0.9274,False,False,-4.66,-1.93,,,,444.5,,OHLC,—,HH/HL,DT,False,268,2,AMT,SubSector_R12
AMR,2026-09-24,172.01,10.98,False,199.85,-0.044,0.24,False,57.8,-2.3,60.1,False,6.39,3.74,0.5,-16.5,D 趨勢弱,True,6:40,200.0,跌,61.0,11,True,2.0,-6.0424,-6.0832,-7.6699,True,False,-16.18,-2.53,188.57,-9.63,-1.51,70.0,,OHLC,↓,LH/LL,DT,False,268,2,AMR,SubSector_R12
LEA,2026-09-24,118.25,3.68,False,124.94,-0.086,-0.1,False,81.0,-1.06,82.1,True,3.11,2.43,19.8,-5.3,C 基底修復,True,6:12,186.0,跌,53.0,6,False,2.0,-0.6967,-0.5421,-2.6767,False,False,-5.66,-1.82,130.82,-10.63,-3.42,83.9,,OHLC,↓,LH/LL,DT,False,268,2,LEA,SubSector_R12
JBHT,2026-09-24,229.15,8.63,False,256.67,-1.493,-0.74,False,76.2,-0.11,76.3,True,3.77,2.7,22.8,-5.5,D 趨勢弱,True,6:08,184.2,跌,52.0,7,False,2.0,-3.2519,-3.2175,-3.5232,False,False,-12.01,-3.19,265.47,-15.85,-4.21,291.4,,OHLC,↓,LH/LL,DT,False,268,2,JBHT,SubSector_R12
AEP,2026-09-24,117.57,2.01,False,122.51,-0.186,-0.6,True,93.8,0.11,93.7,True,1.71,1.12,17.5,-1.8,D 趨勢弱,False,5:40,170.2,跌,45.0,7,False,2.0,-0.3101,-0.2262,-0.9056,False,False,-4.2,-2.46,125.42,-6.68,-3.91,476.3,,OHLC,↓,LH/LL,DT,False,268,2,AEP,SubSector_R12
NKTX,2026-09-24,2.85,0.21,True,2.77,0.015,0.41,False,50.4,-0.23,50.6,False,7.23,4.62,52.2,-6.5,C 基底修復,False,5:31,165.6,跌,42.0,6,False,2.0,-0.018,-0.0175,-0.0705,False,True,2.87,0.4,2.81,1.4,0.19,1.8,,OHLC,—,HH/HL,自然反彈,True,268,2,NKTX,SubSector_R12
AIG,2026-09-24,74.82,1.36,False,75.87,-0.036,-0.36,False,92.9,-0.1,93.0,True,1.81,1.26,19.8,-0.6,D 趨勢弱,False,3:58,118.8,跌,16.0,1,False,2.0,-0.0006,0.0227,-0.4915,False,True,-1.41,-0.78,76.29,-1.96,-1.08,332.1,,OHLC,—,LH/LL,DT,True,268,2,AIG,SubSector_R12
VKTX,2026-09-24,36.75,2.76,True,36.25,0.056,1.17,False,47.1,-7.37,54.4,False,7.52,5.19,51.6,-4.4,B 上升結構,False,10:49,324.7,升,30.0,3,False,3.0,0.8975,0.9304,,False,True,1.36,0.18,,,,229.3,,OHLC,—,LH/LL,自然回檔,False,268,2,VKTX,SubSector_R12
NNE,2026-09-24,17.02,1.15,False,17.81,-0.098,-0.39,True,51.0,0.74,50.2,False,6.76,4.94,3.5,-4.6,D 趨勢弱,False,10:26,313.0,升,24.0,2,False,3.0,0.0472,0.0186,,False,True,-4.66,-0.69,16.97,0.29,0.04,32.9,,OHLC,—,LH/LL,UT,True,268,2,NNE,AI_R13+SubSector_R12
ARWR,2026-09-24,66.07,3.99,False,77.51,-0.565,-0.97,True,58.3,0.7,57.6,False,6.04,3.98,21.7,-2.1,D 趨勢弱,True,8:49,264.6,跌,170.0,30,False,3.0,-1.3388,-1.4474,-2.2728,True,False,-17.31,-2.87,71.86,-8.76,-1.45,163.6,,OHLC,↓,LH/LL,DT,False,268,2,ARWR,Combined_R22
CCI,2026-09-24,67.63,2.03,False,74.29,-0.29,-0.34,False,84.8,-1.02,85.9,True,3.0,1.81,3.6,-3.3,D 趨勢弱,True,8:49,264.6,跌,120.0,9,False,3.0,-0.5833,-0.3553,-0.5833,False,False,-9.85,-3.29,75.62,-11.81,-3.94,252.0,,OHLC,↓,LH/LL,DT,False,268,2,CCI,SubSector_R12
CMCSA,2026-09-24,22.13,0.74,False,24.95,-0.133,-1.05,False,80.8,-0.43,81.2,True,3.34,2.26,0.0,0.0,D 趨勢弱,True,8:49,264.6,跌,197.0,18,False,3.0,-0.3797,-0.401,-0.4638,True,False,-12.73,-3.81,25.2,-13.87,-4.16,724.9,,OHLC,↓,LH/LL,DT,False,268,2,CMCSA,SubSector_R12
COMP,2026-09-24,9.29,0.53,False,10.77,-0.129,-1.09,True,62.4,0.95,61.5,False,5.7,3.43,15.2,1.0,D 趨勢弱,True,8:49,264.6,跌,203.0,27,False,3.0,-0.1099,-0.1027,-0.2689,False,False,-15.96,-2.8,10.65,-14.64,-2.57,150.7,,OHLC,↓,LH/LL,DT,False,268,2,COMP,SubSector_R12
COR,2026-09-24,309.87,7.65,False,320.0,-0.012,-0.29,False,87.8,-0.08,87.9,True,2.47,1.74,24.3,-2.9,C 基底修復,True,8:49,264.6,跌,166.0,12,False,3.0,-2.0524,-2.0541,-2.6931,True,False,-3.27,-1.33,316.49,-2.14,-0.87,402.6,,OHLC,↓,LH/LL,自然回檔,False,268,2,COR,SubSector_R12
ENVA,2026-09-24,171.9,9.06,False,208.09,-2.392,-1.46,True,60.6,1.39,59.2,False,5.27,4.24,18.9,1.1,D 趨勢弱,True,8:49,264.6,跌,213.0,33,False,3.0,-4.0754,-5.0846,-6.2981,True,False,-21.05,-3.99,179.06,-4.17,-0.79,79.1,,OHLC,↓,LH/LL,自然反彈,False,268,2,ENVA,Combined_R22
GLPI,2026-09-24,38.53,0.76,False,41.66,-0.133,-0.72,False,92.1,-0.09,92.2,True,1.97,1.3,5.9,-0.7,D 趨勢弱,True,8:49,264.6,跌,184.0,20,False,3.0,-0.154,-0.117,-0.1937,False,False,-8.12,-4.12,41.05,-6.54,-3.32,188.1,,OHLC,↓,LH/LL,DT,False,268,2,GLPI,SubSector_R12
GS,2026-09-24,923.29,26.89,False,1000.42,-4.199,-0.69,False,82.9,-0.01,83.0,True,2.91,2.26,13.7,-4.5,D 趨勢弱,True,8:49,264.6,跌,136.0,9,False,3.0,-7.2158,-7.004,-10.7254,False,False,-8.35,-2.87,959.39,-3.91,-1.34,2014.1,,OHLC,↓,LH/LL,DT,False,268,2,GS,SubSector_R12+Combined_R22+RateHike_R2_迴避
HCC,2026-09-24,88.95,4.07,False,98.72,-0.347,-0.27,True,72.4,0.5,71.9,False,4.58,2.59,17.7,-11.0,D 趨勢弱,True,8:49,264.6,跌,117.0,15,False,3.0,-1.6851,-1.8462,-2.523,True,False,-10.98,-2.4,92.1,-3.54,-0.77,60.5,,OHLC,↓,LH/LL,DT,False,268,2,HCC,SubSector_R12
IONS,2026-09-24,43.81,2.39,False,52.85,-0.628,-1.11,True,58.4,0.77,57.6,False,5.45,4.54,0.0,0.0,D 趨勢弱,True,8:49,264.6,跌,145.0,14,False,3.0,-0.9659,-1.1082,-1.5244,True,False,-20.64,-3.78,45.75,-4.43,-0.81,214.3,,OHLC,↓,LH/LL,DT,False,268,2,IONS,SubSector_R12
LVS,2026-09-24,38.65,1.07,False,43.18,-0.263,-1.24,False,87.3,-0.31,87.6,True,2.76,1.55,0.0,0.0,D 趨勢弱,True,8:49,264.6,跌,160.0,20,False,3.0,-0.3291,-0.3248,-0.3659,False,False,-11.72,-4.24,46.48,-20.26,-7.34,258.9,,OHLC,↓,LH/LL,DT,False,268,2,LVS,SubSector_R12
MAX,2026-09-24,9.45,0.58,False,11.7,-0.116,-1.2,True,62.6,1.32,61.3,False,6.11,2.98,10.0,0.0,D 趨勢弱,True,8:49,264.6,跌,273.0,47,False,3.0,-0.2185,-0.2124,-0.3086,False,False,-23.77,-3.89,10.79,-14.18,-2.32,8.0,,OHLC,↓,LH/LL,DT,False,268,2,MAX,Combined_R22
MGM,2026-09-24,33.69,1.18,False,39.23,-1.67,-2.52,False,82.0,-8.11,90.1,True,3.49,1.86,5.0,-3.0,D 趨勢弱,True,8:49,264.6,跌,198.0,20,False,3.0,-0.3488,-0.0992,-0.3488,False,False,-16.44,-4.71,38.9,-15.46,-4.43,129.4,,OHLC,↓,LH/LL,DT,False,268,2,MGM,SubSector_R12
NE,2026-09-24,43.74,1.59,False,45.49,-0.011,0.18,False,76.9,-0.4,77.3,True,3.64,2.68,49.1,-13.1,C 基底修復,True,8:49,264.6,跌,105.0,14,False,3.0,-0.2788,-0.2523,-0.3606,False,False,-4.0,-1.1,47.2,-7.91,-2.17,53.5,,OHLC,—,LH/LL,自然回檔,True,268,2,NE,SubSector_R12
SR,2026-09-24,76.79,1.77,False,81.39,-0.177,-0.41,False,90.8,-0.05,90.9,True,2.31,1.25,10.7,-2.1,D 趨勢弱,True,8:49,264.6,跌,116.0,12,False,3.0,-0.5114,-0.4557,-0.5114,False,False,-5.99,-2.6,80.86,-5.3,-2.3,46.2,,OHLC,↓,LH/LL,DT,False,268,2,SR,SubSector_R12
VICI,2026-09-24,23.27,0.43,False,25.26,-0.102,-1.14,False,92.9,-0.21,93.1,True,1.83,1.25,3.5,0.0,D 趨勢弱,True,8:49,264.6,跌,242.0,20,False,3.0,-0.1273,-0.1111,-0.1406,False,False,-8.56,-4.66,25.93,-11.43,-6.23,262.5,,OHLC,↓,LH/LL,DT,False,268,2,VICI,SubSector_R12
VTR,2026-09-24,86.83,1.77,False,89.9,-0.039,-0.61,False,90.3,-0.01,90.3,True,2.04,1.62,33.0,-0.4,C 基底修復,True,8:49,264.6,跌,110.0,18,False,3.0,-0.2879,-0.3487,-1.0942,True,False,-3.53,-1.73,92.09,-6.06,-2.97,340.0,,OHLC,—,LH/LL,自然回檔,False,268,2,VTR,SubSector_R12
RCAT,2026-09-24,6.8,0.53,False,8.41,-0.137,-1.39,True,46.6,1.19,45.4,False,7.78,5.06,0.0,0.0,D 趨勢弱,True,8:49,264.3,跌,97.0,23,False,3.0,-0.1137,-0.1394,-0.1785,True,False,-23.63,-3.04,6.95,-2.21,-0.28,65.2,,OHLC,↓,LH/LL,自然反彈,False,268,2,RCAT,SubSector_R12
METC,2026-09-24,9.14,0.83,False,11.76,-0.043,-0.16,True,41.4,0.65,40.8,False,9.09,5.25,0.0,0.0,D 趨勢弱,True,8:36,257.8,跌,93.0,12,False,3.0,-0.2969,-0.3287,-0.4427,True,False,-28.7,-3.16,9.7,-6.13,-0.67,26.7,,OHLC,↓,LH/LL,DT,False,268,2,METC,SubSector_R12
LAZ,2026-09-24,36.12,1.81,False,40.19,-0.213,-1.24,True,70.6,0.33,70.3,False,5.0,2.51,0.0,0.0,D 趨勢弱,True,8:32,256.2,跌,92.0,12,False,3.0,-0.4799,-0.5563,-0.8631,True,False,-11.28,-2.26,45.21,-25.17,-5.03,69.1,,OHLC,↓,LH/LL,自然反彈,False,268,2,LAZ,SubSector_R12
MP,2026-09-24,49.3,2.74,False,54.44,-0.158,-0.12,True,60.2,0.6,59.6,False,5.56,4.04,10.0,-0.1,D 趨勢弱,True,8:29,254.7,跌,92.0,18,False,3.0,-0.4113,-0.4995,-1.0128,True,False,-10.42,-1.88,51.04,-3.53,-0.64,254.9,,OHLC,—,LH/LL,自然回檔,True,268,2,MP,SubSector_R12+RateHike_R2_迴避
SMR,2026-09-24,8.47,0.67,False,9.22,-0.033,-0.24,True,43.8,0.26,43.5,False,7.95,5.68,1.3,-9.6,D 趨勢弱,True,7:30,225.0,跌,75.0,9,False,3.0,-0.0964,-0.0973,-0.1829,True,False,-8.89,-1.12,8.89,-4.96,-0.62,343.4,,OHLC,↓,LH/LL,DT,False,268,2,SMR,AI_R13+SubSector_R12+Combined_R22+RateHike_R2_迴避
CENX,2026-09-24,38.12,2.16,False,43.9,-0.473,-1.06,True,63.1,0.4,62.7,False,5.67,3.32,20.4,-2.7,D 趨勢弱,True,7:06,213.1,跌,68.0,10,False,3.0,-0.5484,-0.582,-0.7347,True,False,-15.16,-2.68,40.75,-6.9,-1.22,68.9,,OHLC,↓,LH/LL,DT,False,268,2,CENX,SubSector_R12
ASPI,2026-09-24,2.95,0.24,False,3.66,-0.037,-0.9,True,45.2,0.44,44.7,False,8.23,5.01,0.0,0.0,D 趨勢弱,True,6:28,193.8,跌,58.0,10,False,3.0,-0.036,-0.0374,-0.0703,True,False,-24.07,-2.92,3.18,-7.8,-0.95,13.9,,OHLC,↓,LH/LL,DT,False,268,2,ASPI,SubSector_R12
CMI,2026-09-24,521.07,16.06,False,558.61,-3.586,-1.13,True,84.1,0.69,83.4,True,3.08,1.87,8.3,-0.9,C 基底修復,False,11:17,338.6,升,38.0,4,False,4.0,0.6948,0.6818,,False,False,-7.2,-2.34,534.78,-2.63,-0.85,639.6,,OHLC,↓,LH/LL,DT,False,268,2,CMI,AI_R13+SubSector_R12
GLW,2026-09-24,154.15,8.47,False,154.0,-0.503,-0.16,True,55.1,0.32,54.8,False,5.49,5.23,60.3,0.2,D 趨勢弱,False,11:08,334.0,升,36.0,4,False,4.0,0.6567,0.7432,,False,True,0.1,0.02,142.35,7.65,1.39,1343.8,,OHLC,—,HH/HL,DT,False,268,2,GLW,AI_R13+Combined_R22
AMAT,2026-09-24,474.25,20.58,False,471.75,-2.733,-0.62,True,65.0,0.71,64.3,False,4.34,4.27,49.5,1.1,D 趨勢弱,False,11:03,331.3,升,34.0,4,False,4.0,6.965,6.1946,,False,True,0.53,0.12,,,,2892.7,,OHLC,↓,LH/LL,自然反彈,False,268,2,AMAT,AI_R13+SubSector_R12+Combined_R22
LRCX,2026-09-24,307.16,15.13,False,302.13,-0.682,-0.2,True,60.2,1.06,59.1,False,4.93,4.68,58.9,-0.9,C 基底修復,False,10:57,328.4,升,32.0,3,False,4.0,2.8978,2.3885,,False,True,1.64,0.33,311.39,-1.38,-0.28,2713.6,,OHLC,↓,LH/LL,自然反彈,False,268,2,LRCX,AI_R13+SubSector_R12+Combined_R22
HOOD,2026-09-24,120.82,6.36,True,110.58,0.549,0.59,True,59.3,0.18,59.1,False,5.26,4.52,49.8,6.5,C 基底修復,False,10:43,321.4,升,29.0,4,False,4.0,0.5775,0.7333,,False,False,8.47,1.61,104.42,13.57,2.58,2655.4,,OHLC,↑,HH/HL,自然回檔,False,268,2,HOOD,SubSector_R12+Combined_R22+RateHike_R2_迴避
HLT,2026-09-24,312.13,6.21,False,316.87,-0.422,-0.32,False,91.5,-0.03,91.5,True,1.99,1.42,35.7,3.0,C 基底修復,False,10:22,311.1,升,23.0,3,False,4.0,0.6449,0.1868,,False,True,-1.52,-0.76,302.11,3.21,1.61,524.6,,OHLC,—,HH/HL,自然反彈,False,268,2,HLT,SubSector_R12+Combined_R22
HUBB,2026-09-23,463.7,12.58,False,464.61,-1.609,-0.85,False,84.9,-0.32,85.2,True,2.71,2.08,19.8,2.4,D 趨勢弱,False,10:17,308.6,升,21.0,3,False,4.0,2.4173,1.5574,,False,True,-0.2,-0.07,464.75,-0.23,-0.08,219.8,,OHLC,↓,LH/LL,自然反彈,False,267,2,HUBB,SubSector_R12+Combined_R22
ATI,2026-09-24,186.21,8.36,False,203.41,-1.133,-0.85,True,72.3,0.69,71.6,False,4.49,2.71,39.7,-0.4,D 趨勢弱,True,8:49,264.6,跌,182.0,25,False,4.0,-1.3823,-1.7065,-3.0525,True,False,-9.24,-2.06,191.63,-2.91,-0.65,403.9,,OHLC,↓,LH/LL,DT,False,268,2,ATI,Combined_R22
BOOT,2026-09-24,126.0,5.98,False,145.02,-1.158,-1.11,True,69.3,0.91,68.4,False,4.74,3.02,0.0,0.0,D 趨勢弱,True,8:49,264.6,跌,162.0,22,False,4.0,-1.1832,-1.6277,-3.0631,True,False,-15.1,-3.18,129.28,-2.6,-0.55,91.0,,OHLC,↓,LH/LL,自然回檔,False,268,2,BOOT,Combined_R22
BRO,2026-09-24,60.33,1.86,False,68.32,-0.295,-1.05,False,82.6,-0.7,83.3,True,3.08,2.17,5.0,0.0,D 趨勢弱,True,8:49,264.6,跌,219.0,20,False,4.0,-0.8474,-0.7865,-0.9092,False,False,-13.24,-4.3,68.33,-13.26,-4.31,143.8,,OHLC,↓,LH/LL,DT,False,268,2,BRO,SubSector_R12
DRI,2026-09-24,207.24,5.35,False,215.32,-0.79,-0.28,False,86.6,-0.96,87.6,True,2.58,1.88,35.3,-13.6,C 基底修復,True,8:49,264.6,跌,200.0,21,False,4.0,-0.415,-0.1931,-1.7262,False,False,-3.9,-1.51,213.69,-3.11,-1.21,259.0,,OHLC,↓,LH/LL,自然回檔,False,268,2,DRI,SubSector_R12
MCD,2026-09-24,237.02,5.13,False,256.5,-1.345,-1.37,False,90.7,-0.07,90.7,True,2.16,1.43,3.4,1.0,D 趨勢弱,True,8:49,264.6,跌,217.0,22,False,4.0,-1.2765,-0.966,-1.2782,False,False,-8.22,-3.8,252.06,-6.35,-2.93,1452.7,,OHLC,↓,LH/LL,DT,False,268,2,MCD,SubSector_R12
TXRH,2026-09-24,161.55,4.88,False,183.47,-1.953,-2.21,False,84.6,-0.5,85.1,True,3.02,1.83,5.4,-1.1,D 趨勢弱,True,8:49,264.6,跌,276.0,30,False,4.0,-1.5371,-1.6603,-2.7495,True,False,-13.57,-4.49,205.29,-27.08,-8.97,180.8,,OHLC,↓,LH/LL,DT,False,268,2,TXRH,Combined_R22
WTW,2026-09-24,293.63,7.61,False,325.81,-1.378,-1.06,False,86.2,-0.68,86.8,True,2.59,1.95,10.5,-1.3,D 趨勢弱,True,8:49,264.6,跌,362.0,30,False,4.0,-3.6993,-3.5506,-4.663,False,False,-10.96,-4.23,323.71,-10.24,-3.95,160.1,,OHLC,↓,LH/LL,DT,False,268,2,WTW,SubSector_R12
YUM,2026-09-24,137.34,3.99,False,146.51,-0.358,-0.54,False,84.9,-0.24,85.1,True,2.9,1.9,6.9,-2.7,D 趨勢弱,True,8:49,264.6,跌,135.0,13,False,4.0,-0.5711,-0.6011,-1.518,True,False,-6.68,-2.3,134.26,2.24,0.77,326.2,,OHLC,—,HH/HL,自然回檔,False,268,2,YUM,SubSector_R12
SPGI,2026-09-24,403.25,10.37,False,424.17,-0.091,-0.07,False,85.7,-0.01,85.7,True,2.57,2.07,20.8,-0.6,D 趨勢弱,True,8:37,258.3,跌,94.0,12,False,4.0,-2.1948,-2.5157,-4.2916,True,False,-5.19,-2.02,422.67,-4.82,-1.87,770.1,,OHLC,—,LH/LL,DT,True,268,2,SPGI,SubSector_R12
EPD,2026-09-24,37.27,0.61,False,38.63,-0.019,0.06,False,94.3,-0.2,94.5,True,1.63,1.08,50.4,-1.1,C 基底修復,True,7:57,238.5,跌,82.0,10,False,4.0,-0.2005,-0.1631,-0.2005,False,False,-3.64,-2.23,38.89,-4.35,-2.66,95.2,,OHLC,↓,LH/LL,DT,False,268,2,EPD,SubSector_R12
JBL,2026-09-24,310.69,11.93,False,312.97,-2.596,-0.9,True,73.3,0.22,73.1,False,3.84,3.16,42.9,0.6,C 基底修復,False,12:50,25.2,升,64.0,4,False,4.0,1.7683,1.3754,,False,True,-0.74,-0.19,302.8,2.54,0.66,336.6,,OHLC,—,HH/HL,自然反彈,True,268,2,JBL,SubSector_R12+Combined_R22
TER,2026-09-24,387.7,20.51,False,370.71,-0.952,-0.04,True,55.3,0.7,54.6,False,5.29,5.39,66.3,10.3,C 基底修復,False,11:53,356.7,升,48.0,5,False,5.0,4.9328,4.9053,,False,True,4.38,0.83,370.19,4.52,0.85,918.4,,OHLC,↑,HH/HL,自然回檔,False,268,2,TER,AI_R13+SubSector_R12+Combined_R22
VECO,2026-09-24,45.45,2.5,False,45.46,-0.374,-0.84,True,56.6,0.63,56.0,False,5.51,4.88,50.5,-5.2,D 趨勢弱,False,11:53,356.7,升,48.0,5,False,5.0,0.6693,0.5968,,False,True,-0.01,-0.0,45.59,-0.31,-0.06,24.6,,OHLC,↓,LH/LL,自然反彈,False,268,2,VECO,AI_R13
MCHP,2026-09-24,74.69,2.75,False,74.26,-0.245,-0.57,True,73.6,0.06,73.5,False,3.68,3.27,32.8,0.1,C 基底修復,False,11:40,350.0,升,44.0,5,False,5.0,0.6631,0.6812,,False,True,0.57,0.15,71.58,4.16,1.13,614.7,,OHLC,↑,HH/HL,UT,False,268,2,MCHP,Combined_R22
NBIS,2026-09-24,243.48,17.01,False,230.46,-1.124,0.25,True,38.2,0.89,37.3,False,6.99,8.41,71.3,1.3,C 基底修復,False,11:40,350.0,升,44.0,4,False,5.0,1.9179,1.0179,,False,True,5.35,0.77,226.61,6.93,0.99,3440.6,,OHLC,↑,HH/HL,UT,False,268,2,NBIS,AI_R13+SubSector_R12+Combined_R22
AVGO,2026-09-24,350.36,11.4,False,363.03,-1.532,-0.61,True,79.9,0.17,79.7,True,3.25,2.51,20.5,-1.2,D 趨勢弱,False,11:36,347.8,升,43.0,4,False,5.0,1.2002,1.5486,,False,False,-3.62,-1.11,364.54,-4.05,-1.24,9916.3,,OHLC,↓,LH/LL,DT,False,268,2,AVGO,AI_R13+SubSector_R12+Combined_R22
KLAC,2026-09-24,187.11,8.21,False,182.59,-0.969,-0.4,True,65.7,1.22,64.4,False,4.39,4.09,54.7,11.6,D 趨勢弱,False,11:30,345.0,升,42.0,5,False,5.0,2.5484,2.407,,False,True,2.42,0.55,186.78,0.18,0.04,1717.4,,OHLC,↓,LH/LL,自然反彈,False,268,2,KLAC,AI_R13+SubSector_R12+Combined_R22
TLN,2026-09-24,300.01,13.93,False,309.95,-2.281,-0.65,True,68.4,0.52,67.9,False,4.64,3.3,12.5,-0.8,D 趨勢弱,False,11:24,342.0,升,40.0,4,False,5.0,1.6685,1.3137,,False,True,-3.31,-0.71,325.77,-8.59,-1.85,228.4,,OHLC,↓,LH/LL,自然反彈,False,268,2,TLN,AI_R13+SubSector_R12+Combined_R22
MU,2026-09-24,1080.53,48.93,True,974.29,5.295,0.64,True,60.5,0.58,59.9,False,4.53,5.01,68.4,0.4,E 延伸,False,11:12,336.1,升,37.0,5,False,5.0,12.0341,11.4296,,False,False,9.83,2.17,924.03,14.48,3.2,25116.9,,OHLC,↑,HH/HL,自然回檔,False,268,2,MU,AI_R13+SubSector_R12+Combined_R22
ONTO,2026-09-24,279.73,16.48,False,282.85,-2.713,-0.43,True,51.1,0.84,50.3,False,5.89,5.78,56.2,-14.3,C 基底修復,False,11:08,334.0,升,36.0,4,False,5.0,3.3122,2.995,,False,True,-1.12,-0.19,281.11,-0.49,-0.08,239.5,,OHLC,↓,LH/LL,自然反彈,False,268,2,ONTO,AI_R13
COIN,2026-09-24,199.21,11.75,True,179.34,1.005,0.58,True,54.9,0.71,54.1,False,5.9,4.88,35.6,4.1,D 趨勢弱,False,11:01,330.6,升,34.0,4,False,5.0,1.7342,1.7132,,False,False,9.97,1.69,208.33,-4.58,-0.78,1888.6,,OHLC,—,LH/LL,UT,False,268,2,COIN,SubSector_R12+Combined_R22+RateHike_R2_迴避
SMCI,2026-09-24,41.51,2.34,True,38.6,0.301,0.67,True,53.8,0.05,53.7,False,5.63,5.39,57.1,7.1,C 基底修復,False,10:51,325.4,升,31.0,3,False,5.0,0.1535,0.138,,False,False,7.02,1.25,39.09,5.83,1.03,1466.3,,OHLC,↑,HH/HL,UT,False,268,2,SMCI,AI_R13+SubSector_R12+Combined_R22
IBKR,2026-09-24,89.82,2.95,False,91.94,-0.062,0.21,False,78.8,-0.14,79.0,True,3.29,2.67,46.2,-30.1,C 基底修復,False,10:38,319.1,升,27.0,3,False,5.0,0.0053,0.0798,,False,True,-2.36,-0.72,93.21,-3.77,-1.15,353.0,,OHLC,↓,LH/LL,次級回檔,False,268,2,IBKR,Combined_R22
VRT,2026-09-24,245.3,13.45,False,258.63,-1.281,-0.33,True,58.9,0.87,58.0,False,5.48,4.4,28.1,-0.8,D 趨勢弱,False,10:32,316.0,升,26.0,3,False,5.0,0.2669,0.3019,,False,True,-5.44,-0.99,253.46,-3.33,-0.61,1365.8,,OHLC,—,LH/LL,自然回檔,True,268,2,VRT,AI_R13+SubSector_R12+Combined_R22
ODFL,2026-09-24,174.93,5.7,False,189.0,-1.202,-1.2,True,83.0,0.09,82.9,True,3.26,1.91,15.8,-0.2,D 趨勢弱,False,10:17,308.6,升,21.0,3,False,5.0,0.4831,0.382,,False,False,-8.04,-2.47,203.44,-16.3,-5.0,345.3,,OHLC,—,LH/LL,自然反彈,True,268,2,ODFL,SubSector_R12
MRNA,2026-09-24,194.82,13.05,True,148.61,1.516,0.55,True,25.5,0.6,24.9,False,6.7,14.38,75.0,0.1,E 延伸,False,10:06,303.2,升,18.0,3,False,5.0,2.2952,1.3363,,False,False,23.72,3.54,158.83,18.47,2.76,2550.9,,OHLC,—,LH/LL,UT,False,268,2,MRNA,Combined_R22
XPO,2026-09-24,176.12,6.58,False,187.58,-1.033,-0.69,False,80.0,-0.45,80.4,True,3.73,2.01,21.2,-3.4,C 基底修復,True,9:54,296.9,升,15.0,2,False,5.0,0.1495,0.0493,,False,False,-6.51,-1.74,179.92,-2.16,-0.58,197.1,,OHLC,↓,LH/LL,自然回檔,False,268,2,XPO,SubSector_R12+Combined_R22
AG,2026-09-24,18.76,1.05,False,20.15,-0.015,0.14,True,60.7,0.29,60.4,False,5.58,3.92,34.2,-2.9,D 趨勢弱,True,8:49,264.6,跌,206.0,17,False,5.0,-0.2036,-0.1823,-0.4293,False,False,-7.43,-1.33,19.84,-5.76,-1.03,190.9,,OHLC,↓,LH/LL,DT,False,268,2,AG,SubSector_R12
ARES,2026-09-24,120.11,4.47,False,134.84,-1.02,-0.95,False,78.2,-0.3,78.5,True,3.73,2.35,7.6,-2.1,D 趨勢弱,True,8:49,264.6,跌,216.0,25,False,5.0,-1.5608,-1.5755,-2.1017,True,False,-12.26,-3.29,126.67,-5.46,-1.47,284.7,,OHLC,↓,LH/LL,DT,False,268,2,ARES,SubSector_R12
AU,2026-09-24,98.49,4.11,False,108.69,-0.006,0.14,True,70.3,0.74,69.6,False,4.18,3.39,37.3,-1.2,D 趨勢弱,True,8:49,264.6,跌,212.0,17,False,5.0,-1.453,-1.4386,-2.4275,False,False,-10.36,-2.48,104.01,-5.6,-1.34,268.5,,OHLC,—,LH/LL,DT,True,268,2,AU,SubSector_R12
BX,2026-09-24,117.21,4.03,False,133.96,-1.343,-1.07,False,80.6,-0.3,80.9,True,3.44,2.19,16.6,-0.5,D 趨勢弱,True,8:49,264.6,跌,197.0,25,False,5.0,-1.3992,-1.2731,-2.334,False,False,-14.29,-4.15,126.41,-7.85,-2.28,472.5,,OHLC,↓,LH/LL,DT,False,268,2,BX,SubSector_R12+Combined_R22
CDE,2026-09-24,18.94,1.02,False,20.29,-0.003,0.45,True,59.9,0.28,59.6,False,5.4,4.27,19.5,-15.0,D 趨勢弱,True,8:49,264.6,跌,189.0,17,False,5.0,-0.2815,-0.2563,-0.3799,False,False,-7.11,-1.32,19.98,-5.49,-1.02,699.3,,OHLC,↓,LH/LL,DT,False,268,2,CDE,SubSector_R12
COST,2026-09-24,896.48,14.12,False,923.69,-1.607,-0.7,False,93.9,-0.04,93.9,True,1.58,1.25,12.5,-0.2,D 趨勢弱,True,8:49,264.6,跌,364.0,20,False,5.0,-0.1924,-0.4174,-5.2789,True,False,-3.04,-1.93,921.99,-2.85,-1.81,2006.7,,OHLC,↓,LH/LL,DT,False,268,2,COST,SubSector_R12+Combined_R22
D,2026-09-24,60.4,1.14,False,65.28,-0.221,-0.97,False,93.7,-0.04,93.7,True,1.89,0.98,15.8,-2.8,D 趨勢弱,True,8:49,264.6,跌,588.0,47,False,5.0,-0.3433,-0.2707,-0.5079,False,False,-8.08,-4.28,66.92,-10.79,-5.72,329.6,,OHLC,↓,LH/LL,DT,False,268,2,D,SubSector_R12
DTIL,2026-09-24,6.33,0.41,False,7.56,-0.06,-0.41,True,56.7,0.56,56.1,False,6.52,3.84,23.0,-0.1,D 趨勢弱,True,8:49,264.6,跌,152.0,18,False,5.0,-0.0724,-0.068,-0.1949,False,False,-19.39,-2.97,7.19,-13.59,-2.08,1.8,,OHLC,↓,LH/LL,DT,False,268,2,DTIL,SubSector_R12
F,2026-09-24,12.6,0.42,False,13.78,-0.044,-0.43,False,82.3,-0.59,82.9,True,3.31,2.0,12.7,-3.2,D 趨勢弱,True,8:49,264.6,跌,126.0,12,False,5.0,-0.1125,-0.0927,-0.1125,False,False,-9.4,-2.84,14.26,-13.17,-3.98,668.1,,OHLC,↓,LH/LL,DT,False,268,2,F,SubSector_R12
KKR,2026-09-24,95.64,3.29,False,105.82,-0.622,-0.4,False,80.1,-0.32,80.4,True,3.44,2.29,15.4,-1.6,D 趨勢弱,True,8:49,264.6,跌,216.0,25,False,5.0,-0.8185,-0.7876,-1.3745,False,False,-10.65,-3.1,100.83,-5.43,-1.58,377.4,,OHLC,↓,LH/LL,DT,False,268,2,KKR,SubSector_R12+Combined_R22
LEU,2026-09-24,147.32,10.77,False,167.58,-0.855,-0.57,True,49.1,0.22,48.9,False,7.31,4.86,0.0,-0.4,D 趨勢弱,True,8:49,264.6,跌,253.0,19,False,5.0,-0.8723,-0.9685,-4.643,True,False,-13.75,-1.88,149.85,-1.72,-0.23,124.2,,OHLC,—,LH/LL,自然回檔,False,268,2,LEU,AI_R13+SubSector_R12
PAAS,2026-09-24,47.51,2.11,False,50.81,-0.14,-0.12,True,69.6,0.2,69.5,False,4.44,3.26,20.2,-2.4,D 趨勢弱,True,8:49,264.6,跌,138.0,17,False,5.0,-0.4216,-0.3643,-0.7141,False,False,-6.94,-1.56,50.85,-7.03,-1.58,192.8,,OHLC,↓,LH/LL,DT,False,268,2,PAAS,SubSector_R12
PRGO,2026-09-24,14.68,0.63,True,14.02,0.1,0.39,False,66.7,-0.68,67.4,False,4.3,3.97,53.6,-7.1,D 趨勢弱,True,8:49,264.6,跌,194.0,16,False,5.0,-0.0545,-0.1135,-0.2349,True,False,4.52,1.05,14.27,2.79,0.65,40.0,,OHLC,↑,HH/HL,UT,False,268,2,PRGO,MP_R21_差一項
SOUN,2026-09-24,6.1,0.29,False,6.75,-0.031,-0.97,True,65.2,0.67,64.5,False,4.77,3.8,11.5,0.7,D 趨勢弱,True,8:49,264.6,跌,185.0,22,False,5.0,-0.032,-0.0473,-0.1053,True,False,-10.73,-2.25,6.17,-1.15,-0.24,142.5,,OHLC,↓,LH/LL,自然回檔,False,268,2,SOUN,AI_R13+Combined_R22
TMC,2026-09-24,4.0,0.28,False,4.34,-0.009,-0.17,True,49.9,0.89,49.0,False,7.03,4.93,10.0,-0.9,D 趨勢弱,True,8:49,264.6,跌,162.0,15,False,5.0,-0.006,-0.0076,-0.1197,True,False,-8.59,-1.22,4.41,-10.25,-1.46,22.4,,OHLC,↓,LH/LL,DT,False,268,2,TMC,SubSector_R12
UUUU,2026-09-24,11.32,0.73,False,13.74,-0.104,-0.57,True,55.5,0.18,55.3,False,6.45,4.18,0.0,0.0,D 趨勢弱,True,8:49,264.6,跌,126.0,17,False,5.0,-0.2232,-0.2294,-0.3957,True,False,-21.36,-3.31,11.98,-5.83,-0.9,87.7,,OHLC,↓,LH/LL,DT,False,268,2,UUUU,SubSector_R12
WHR,2026-09-24,32.98,1.6,False,36.89,-0.233,-1.0,True,67.4,0.96,66.5,False,4.85,3.28,0.0,0.0,D 趨勢弱,True,8:49,264.6,跌,286.0,27,False,5.0,-0.2081,-0.3047,-0.749,True,False,-11.86,-2.44,39.3,-19.16,-3.95,99.4,,OHLC,↓,LH/LL,自然反彈,False,268,2,WHR,SubSector_R12
ETR,2026-09-24,98.16,2.01,False,105.12,-0.284,-0.62,False,92.4,-0.14,92.5,True,2.04,1.16,18.1,-2.3,D 趨勢弱,True,7:33,226.4,跌,76.0,9,False,5.0,-0.581,-0.4898,-0.882,False,False,-7.09,-3.47,106.17,-8.16,-3.99,304.8,,OHLC,↓,LH/LL,DT,False,268,2,ETR,Combined_R22
NEE,2026-09-24,75.62,1.4,False,82.59,-0.368,-0.86,False,93.9,-0.37,94.2,True,1.84,0.98,6.6,-2.8,D 趨勢弱,True,7:17,218.6,跌,71.0,10,False,5.0,-0.4983,-0.3514,-0.4983,False,False,-9.22,-4.99,84.06,-11.16,-6.05,943.5,,OHLC,↓,LH/LL,DT,False,268,2,NEE,SubSector_R12+Combined_R22+RateHike_R2_迴避
UPS,2026-09-24,92.05,2.34,False,101.03,-0.618,-0.9,False,86.6,-1.51,88.1,True,2.54,1.91,4.5,-8.1,D 趨勢弱,True,6:28,193.9,跌,58.0,7,False,5.0,-0.6793,-0.4741,-1.4973,False,False,-9.76,-3.84,102.46,-11.31,-4.45,451.0,,OHLC,↓,LH/LL,DT,False,268,2,UPS,SubSector_R12+RateHike_R2_迴避
DUK,2026-09-24,113.23,1.75,False,120.11,-0.305,-0.83,False,94.4,-0.05,94.5,True,1.54,1.13,14.0,-0.9,D 趨勢弱,True,6:23,191.6,跌,56.0,10,False,5.0,-0.4501,-0.3383,-0.6368,False,False,-6.07,-3.93,121.98,-7.73,-5.0,454.4,,OHLC,↓,LH/LL,DT,False,268,2,DUK,SubSector_R12
PLD,2026-09-24,133.82,2.18,False,137.98,-0.181,-0.43,True,93.4,0.38,93.0,True,1.63,1.31,34.1,-0.2,C 基底修復,False,4:01,120.6,跌,17.0,2,False,5.0,-0.0457,-0.0293,-0.9361,False,False,-3.11,-1.91,136.49,-2.0,-1.23,448.6,,OHLC,—,LH/LL,DT,True,268,2,PLD,SubSector_R12
CM,2026-09-24,111.42,2.32,False,116.1,-0.341,-0.38,True,91.1,0.21,90.9,True,2.08,1.41,44.7,-3.1,C 基底修復,False,3:50,114.8,跌,14.0,2,False,5.0,-0.2196,-0.1094,-0.8661,False,False,-4.2,-2.02,116.26,-4.34,-2.09,148.5,,OHLC,↓,LH/LL,DT,False,268,2,CM,Combined_R22
ETN,2026-09-24,440.0,14.75,False,417.4,-0.924,-0.18,True,77.3,0.44,76.9,True,3.35,2.89,55.3,0.3,B 上升結構,False,1:13,36.3,升,70.0,5,False,5.0,4.6032,4.4828,,False,False,5.14,1.53,408.67,7.12,2.12,860.4,,OHLC,↑,HH/HL,UT,False,268,2,ETN,AI_R13+SubSector_R12+Combined_R22+RateHike_R2_受惠
OKLO,2026-09-24,38.29,2.62,False,40.51,-0.22,-0.5,True,49.5,0.68,48.8,False,6.84,5.24,1.5,-11.3,D 趨勢弱,False,12:26,12.9,升,57.0,4,False,5.0,0.2186,0.2581,,False,True,-5.8,-0.85,39.65,-3.55,-0.52,401.4,,OHLC,—,LH/LL,自然回檔,False,268,2,OKLO,AI_R13+SubSector_R12+Combined_R22+RateHike_R2_迴避
VIAV,2026-09-24,37.23,2.24,False,37.51,-0.241,-0.4,True,52.9,0.45,52.4,False,6.03,5.21,43.7,-0.1,D 趨勢弱,False,12:09,4.4,升,52.0,4,False,5.0,0.2828,0.1949,,False,True,-0.75,-0.12,36.95,0.75,0.12,174.5,,OHLC,—,HH/HL,自然反彈,False,268,2,VIAV,AI_R13
POET,2026-09-24,7.75,0.49,False,8.15,-0.038,-0.31,True,49.2,0.81,48.4,False,6.34,5.8,34.2,-7.4,D 趨勢弱,False,12:02,1.1,升,51.0,5,False,5.0,0.0586,0.074,,False,True,-5.18,-0.82,7.18,7.35,1.16,65.4,,OHLC,—,HH/HL,DT,False,268,2,POET,AI_R13+SubSector_R12
GEV,2026-09-24,955.04,39.01,False,946.82,-2.156,-0.23,True,71.8,0.69,71.1,False,4.09,3.21,41.5,-1.8,C 基底修復,False,11:51,355.5,升,48.0,6,False,6.0,6.885,6.3777,,False,True,0.86,0.21,953.83,0.13,0.03,2093.2,,OHLC,↓,LH/LL,自然反彈,False,268,2,GEV,AI_R13+SubSector_R12+Combined_R22+RateHike_R2_受惠
MTSI,2026-09-24,284.94,15.29,False,273.68,-1.285,-0.34,True,57.4,0.27,57.1,False,5.36,4.83,51.2,0.1,D 趨勢弱,False,11:46,352.8,升,46.0,5,False,6.0,3.3944,2.8455,,False,True,3.95,0.74,273.31,4.08,0.76,355.7,,OHLC,—,LH/LL,UT,False,268,2,MTSI,AI_R13
TGTX,2026-09-24,57.52,2.46,True,54.56,0.205,0.56,True,72.1,0.54,71.6,False,4.28,2.94,75.8,2.9,A 待突破,False,11:37,348.3,升,43.0,5,False,6.0,0.1131,0.0896,,False,False,5.15,1.2,56.0,2.64,0.62,103.0,,OHLC,↑,HH/HL,自然反彈,False,268,2,TGTX,Combined_R22
CLF,2026-09-24,12.5,0.59,True,11.95,0.011,0.1,False,66.1,-0.39,66.4,False,4.74,3.67,58.0,3.2,C 基底修復,False,11:29,344.5,升,41.0,6,False,6.0,0.0407,0.0523,,False,True,4.38,0.92,12.23,2.16,0.46,158.6,,OHLC,↑,HH/HL,自然回檔,False,268,2,CLF,SubSector_R12
AXTI,2026-09-24,75.9,7.06,False,70.54,-0.208,-0.2,True,28.7,0.29,28.4,False,9.3,10.0,55.0,0.3,D 趨勢弱,False,11:20,340.2,升,39.0,6,False,6.0,1.6676,1.6844,,False,True,7.06,0.76,73.78,2.79,0.3,577.1,,OHLC,—,HH/HL,自然反彈,False,268,2,AXTI,AI_R13+Combined_R22
DECK,2026-09-24,78.68,2.53,False,84.06,-0.43,-1.0,True,81.0,0.59,80.4,True,3.22,2.34,3.7,3.3,D 趨勢弱,False,10:47,323.6,升,30.0,4,False,6.0,0.3338,0.2913,,False,False,-6.84,-2.13,80.23,-1.97,-0.61,273.3,,OHLC,—,LH/LL,自然回檔,True,268,2,DECK,SubSector_R12
LUNR,2026-09-24,15.7,1.09,False,16.46,-0.049,-0.15,True,50.1,0.54,49.5,False,6.96,4.96,39.7,3.2,D 趨勢弱,False,10:14,306.9,升,21.0,4,False,6.0,0.1912,0.1625,,False,True,-4.86,-0.7,16.03,-2.1,-0.3,103.4,,OHLC,—,LH/LL,自然反彈,False,268,2,LUNR,SubSector_R12
PFGC,2026-09-24,90.32,2.39,False,98.48,-1.024,-1.68,True,87.4,0.21,87.2,True,2.65,1.64,8.6,-0.6,D 趨勢弱,False,10:02,301.0,升,17.0,2,False,6.0,0.0633,0.0234,,False,False,-9.04,-3.41,92.41,-2.31,-0.87,142.5,,OHLC,↓,LH/LL,自然回檔,False,268,2,PFGC,SubSector_R12
AXON,2026-09-24,445.0,25.98,False,516.54,-7.711,-1.06,True,56.8,0.91,55.8,False,5.84,4.51,5.0,-5.0,D 趨勢弱,True,8:49,264.6,跌,139.0,23,False,6.0,-3.5746,-4.5299,-15.117,True,False,-16.08,-2.75,459.32,-3.22,-0.55,513.8,,OHLC,↓,LH/LL,DT,False,268,2,AXON,Combined_R22
BEAM,2026-09-24,24.66,1.56,False,26.74,-0.105,-0.25,True,56.7,0.19,56.5,False,6.31,4.04,1.7,0.4,D 趨勢弱,True,8:49,264.6,跌,122.0,13,False,6.0,-0.0466,-0.0818,-0.6601,True,False,-8.44,-1.34,25.52,-3.49,-0.55,50.9,,OHLC,—,HH/HL,自然回檔,True,268,2,BEAM,SubSector_R12
POOL,2026-09-24,161.71,5.52,False,178.17,-1.556,-1.33,False,80.7,-1.04,81.7,True,3.41,2.2,1.8,-1.7,D 趨勢弱,True,8:49,264.6,跌,205.0,28,False,6.0,-0.5805,-0.437,-2.1358,False,False,-10.18,-2.98,195.99,-21.2,-6.21,144.6,,OHLC,↓,LH/LL,DT,False,268,2,POOL,SubSector_R12
THC,2026-09-24,249.54,8.3,False,265.76,-0.268,-0.07,False,76.1,-0.91,77.0,True,3.33,3.14,53.0,-12.8,C 基底修復,True,8:49,264.6,跌,209.0,28,False,6.0,-2.4035,-1.9093,-3.6651,False,False,-6.5,-1.95,269.08,-7.83,-2.35,221.8,,OHLC,↓,LH/LL,DT,False,268,2,THC,SubSector_R12
EE,2026-09-24,33.57,1.51,False,37.56,-0.071,-0.35,True,74.4,0.6,73.8,False,4.5,2.29,15.4,-2.3,D 趨勢弱,True,8:33,256.7,跌,93.0,11,False,6.0,-0.5866,-0.5856,-0.5866,False,False,-11.88,-2.64,36.04,-7.36,-1.63,16.8,,OHLC,↓,LH/LL,DT,False,268,2,EE,SubSector_R12
BFH,2026-09-24,101.56,3.5,False,106.56,-0.388,-0.36,True,80.2,0.02,80.2,True,3.45,2.25,51.8,2.5,C 基底修復,False,4:31,135.5,跌,25.0,3,False,6.0,-0.8439,-0.7643,-1.0195,False,False,-4.92,-1.43,109.23,-7.55,-2.19,63.4,,OHLC,↓,LH/LL,自然反彈,False,268,2,BFH,Combined_R22
ALAB,2026-09-24,360.51,23.21,True,301.12,0.794,0.15,True,46.5,0.48,46.0,False,6.44,6.42,45.7,0.5,E 延伸,False,2:49,84.6,升,114.0,6,False,6.0,11.1425,10.7069,,False,False,16.47,2.56,284.53,21.08,3.27,1215.4,,OHLC,↑,HH/HL,UT,False,268,2,ALAB,AI_R13+Combined_R22
CAMT,2026-09-24,145.12,7.59,False,145.71,-1.935,-0.47,True,59.6,0.55,59.0,False,5.23,4.5,32.8,1.7,D 趨勢弱,False,1:30,45.0,升,75.0,6,False,6.0,1.1451,1.4194,,False,True,-0.41,-0.08,133.84,7.77,1.49,53.0,,OHLC,↑,HH/HL,自然回檔,False,268,2,CAMT,AI_R13
AEHR,2026-09-24,97.42,8.75,False,97.05,-1.168,-0.26,True,31.7,0.36,31.4,False,8.98,8.93,73.1,-0.9,D 趨勢弱,False,12:32,15.9,升,59.0,5,False,6.0,1.599,1.6167,,False,True,0.38,0.04,123.3,-26.57,-2.96,246.8,,OHLC,—,HH/HL,自然回檔,True,268,2,AEHR,AI_R13
QUBT,2026-09-24,9.16,0.43,True,8.51,0.01,0.08,True,64.2,0.15,64.1,False,4.7,4.06,26.8,-7.1,D 趨勢弱,False,12:02,0.9,升,51.0,6,False,6.0,0.1537,0.1501,,False,False,7.08,1.51,,,,59.1,,OHLC,—,LH/LL,UT,False,268,2,QUBT,SubSector_R12
KFY,2026-09-24,72.0,2.16,False,80.32,-0.613,-0.95,False,85.2,-0.67,85.9,True,2.99,1.74,23.2,-4.2,D 趨勢弱,True,8:49,264.6,跌,440.0,33,False,7.0,-0.9086,-0.8095,-1.0873,False,False,-11.55,-3.86,85.59,-18.88,-6.3,46.1,,OHLC,↓,LH/LL,DT,False,268,2,KFY,Combined_R22
AGPU,2026-09-24,11.35,1.07,True,10.68,0.036,0.43,False,32.4,-0.06,32.4,False,9.4,8.23,55.3,2.3,D 趨勢弱,False,3:49,114.4,跌,14.0,1,False,7.0,-0.0149,0.0533,-0.1166,False,True,5.9,0.63,12.13,-6.87,-0.73,3.6,,OHLC,—,HH/HL,DT,False,268,2,AGPU,MP_R21_差一項
CIEN,2026-09-24,358.43,24.57,False,364.73,-3.444,-0.33,True,50.9,0.9,50.0,False,6.86,4.86,22.5,-3.2,D 趨勢弱,False,1:48,54.0,升,80.0,6,False,7.0,4.7116,4.6992,,False,True,-1.76,-0.26,319.64,10.82,1.58,966.1,,OHLC,—,HH/HL,自然回檔,True,268,2,CIEN,AI_R13+SubSector_R12+Combined_R22
LQDA,2026-09-24,70.95,3.22,False,70.15,-1.025,-1.16,True,67.1,0.47,66.6,False,4.53,3.67,56.1,-4.9,C 基底修復,False,12:47,23.3,升,63.0,7,False,7.0,0.6944,0.4654,,False,True,1.13,0.25,67.68,4.61,1.02,80.6,,OHLC,↑,HH/HL,UT,False,268,2,LQDA,Combined_R22
IONQ,2026-09-24,44.98,2.81,True,41.19,0.075,0.02,True,53.4,0.06,53.3,False,6.24,4.89,41.2,8.8,D 趨勢弱,False,11:18,339.2,升,38.0,5,False,8.0,0.7697,0.5278,,False,False,8.43,1.35,,,,937.3,,OHLC,—,LH/LL,UT,False,268,2,IONQ,SubSector_R12+RateHike_R2_迴避
CRSP,2026-09-24,55.7,2.9,True,56.5,0.006,0.2,False,64.9,-0.23,65.1,False,5.2,3.43,35.1,-6.6,C 基底修復,False,11:09,334.7,升,36.0,4,False,8.0,0.1352,0.2174,,False,True,-1.43,-0.28,59.34,-6.54,-1.26,90.5,,OHLC,—,LH/LL,自然回檔,False,268,2,CRSP,SubSector_R12
DHR,2026-09-24,223.77,5.8,True,211.3,0.857,0.5,False,83.9,-0.17,84.1,True,2.59,2.39,57.6,-9.3,A 待突破,False,11:08,334.0,升,36.0,4,False,8.0,1.4919,1.2227,,False,False,5.57,2.15,,,,830.6,,OHLC,—,LH/LL,UT,False,268,2,DHR,SubSector_R12+RateHike_R2_受惠
CHD,2026-09-24,95.33,1.77,False,97.79,-0.135,-0.63,False,92.4,-0.04,92.5,True,1.86,1.33,23.4,-11.5,D 趨勢弱,False,11:05,332.6,升,35.0,2,False,8.0,0.0332,0.0056,,False,True,-2.58,-1.39,96.28,-1.0,-0.54,176.7,,OHLC,—,LH/LL,自然反彈,True,268,2,CHD,SubSector_R12
NEO,2026-09-24,19.56,0.85,True,18.09,0.095,0.82,False,69.8,-0.08,69.9,False,4.33,3.34,63.9,-9.5,E 延伸,True,9:28,284.1,升,8.0,1,False,8.0,0.0036,-0.0147,,False,False,7.54,1.74,18.36,6.13,1.42,39.8,,OHLC,↑,HH/HL,自然反彈,False,268,2,NEO,Combined_R22+MP_R21
ALOY,2026-09-24,8.52,0.76,False,10.65,-0.117,-0.92,True,35.9,0.13,35.8,False,8.95,7.27,19.0,0.4,D 趨勢弱,True,9:20,280.1,升,6.0,1,False,8.0,0.0021,-0.009,,False,False,-24.96,-2.79,9.33,-9.51,-1.06,18.2,,OHLC,—,LH/LL,DT,True,268,2,ALOY,SubSector_R12
ABT,2026-09-24,101.07,2.44,False,107.98,-0.195,-0.56,False,87.1,-0.57,87.7,True,2.41,1.94,7.1,-2.3,D 趨勢弱,True,8:49,264.6,跌,164.0,20,False,8.0,-0.4519,-0.4335,-1.6482,False,False,-6.84,-2.84,113.91,-12.7,-5.27,929.0,,OHLC,—,LH/LL,DT,True,268,2,ABT,SubSector_R12
AJG,2026-09-24,227.13,6.68,False,252.51,-1.058,-0.57,False,83.0,-0.21,83.2,True,2.94,2.22,6.3,0.0,D 趨勢弱,True,8:49,264.6,跌,115.0,17,False,8.0,-2.841,-2.8129,-3.2277,False,False,-11.18,-3.8,253.3,-11.52,-3.92,349.2,,OHLC,↓,LH/LL,DT,False,268,2,AJG,SubSector_R12
AMH,2026-09-24,30.67,0.54,False,32.35,-0.171,-1.46,False,94.0,-0.07,94.0,True,1.75,1.05,18.9,-0.7,D 趨勢弱,True,8:49,264.6,跌,182.0,20,False,8.0,-0.0896,-0.0899,-0.2609,True,False,-5.49,-3.15,31.96,-4.21,-2.41,91.8,,OHLC,↓,LH/LL,DT,False,268,2,AMH,SubSector_R12
AON,2026-09-24,276.09,8.32,False,313.42,-2.478,-1.38,False,83.1,-0.22,83.3,True,3.01,2.14,5.0,0.0,D 趨勢弱,True,8:49,264.6,跌,466.0,39,False,8.0,-2.5544,-2.4239,-4.3365,False,False,-13.52,-4.49,311.54,-12.84,-4.26,666.0,,OHLC,↓,LH/LL,DT,False,268,2,AON,SubSector_R12
CELH,2026-09-24,28.43,1.36,True,30.29,0.06,0.98,False,61.1,-0.78,61.9,False,4.78,4.63,10.0,0.0,D 趨勢弱,True,8:49,264.6,跌,132.0,16,False,8.0,-0.0349,-0.0501,-0.7418,True,False,-6.55,-1.37,27.85,2.04,0.43,214.7,,OHLC,—,HH/HL,次級回檔,True,268,2,CELH,SubSector_R12
CLDX,2026-09-24,31.48,2.14,False,36.69,-0.628,-1.86,True,59.0,1.55,57.5,False,6.8,3.05,13.0,0.5,D 趨勢弱,True,8:49,264.6,跌,180.0,26,False,8.0,-0.8599,-0.7394,-0.8599,False,False,-16.55,-2.43,39.18,-24.46,-3.6,57.8,,OHLC,↓,LH/LL,DT,False,268,2,CLDX,Combined_R22
INVH,2026-09-24,26.5,0.45,False,28.3,-0.105,-1.49,False,94.1,-0.21,94.3,True,1.72,1.05,16.0,-1.8,D 趨勢弱,True,8:49,264.6,跌,160.0,21,False,8.0,-0.0814,-0.0746,-0.2123,False,False,-6.81,-3.97,27.9,-5.28,-3.08,153.7,,OHLC,↓,LH/LL,DT,False,268,2,INVH,SubSector_R12
TBI,2026-09-24,9.53,0.46,False,9.73,-0.013,-0.58,False,57.9,-0.72,58.6,False,4.8,5.3,56.4,-5.0,B 上升結構,True,8:49,264.6,跌,280.0,21,False,8.0,-0.0049,-0.0147,-0.2847,True,True,-2.12,-0.44,9.94,-4.3,-0.9,3.0,,OHLC,—,LH/LL,自然回檔,False,268,2,TBI,MP_R21_差一項
LHX,2026-09-24,238.04,5.64,False,259.78,-1.621,-1.19,True,87.5,0.17,87.3,True,2.37,1.9,5.8,-0.2,D 趨勢弱,False,4:17,128.6,跌,21.0,3,False,8.0,-0.4026,-0.3179,-2.3914,False,False,-9.13,-3.86,250.74,-5.34,-2.25,421.1,,OHLC,↓,LH/LL,DT,False,268,2,LHX,SubSector_R12
RVTY,2026-09-24,150.68,4.98,True,132.19,1.054,1.04,False,80.4,-1.06,81.4,True,3.31,2.37,62.6,3.0,E 延伸,False,1:48,54.0,升,80.0,8,False,8.0,1.1764,0.9294,,False,False,12.27,3.71,142.11,5.69,1.72,299.6,,OHLC,↑,HH/HL,UT,False,268,2,RVTY,MP_R21_差一項
GH,2026-09-24,176.45,8.04,True,167.12,0.471,0.31,True,68.8,0.06,68.8,False,4.56,3.3,70.8,-8.9,B 上升結構,False,1:28,44.0,升,74.0,8,False,8.0,0.7924,1.0102,,False,False,5.29,1.16,172.86,2.03,0.45,318.3,,OHLC,↑,HH/HL,自然回檔,False,268,2,GH,MP_R21_差一項
TEM,2026-09-24,82.24,4.8,True,67.45,0.818,0.7,True,51.7,0.34,51.3,False,5.84,5.69,42.8,2.8,E 延伸,False,12:08,3.9,升,52.0,6,False,8.0,1.2171,1.0633,,False,False,17.99,3.08,76.59,6.87,1.18,489.8,,OHLC,↑,HH/HL,UT,False,268,2,TEM,Combined_R22+MP_R21_差一項
TMO,2026-09-24,678.39,16.19,True,628.52,2.275,0.83,False,88.0,-0.37,88.4,True,2.39,1.77,64.1,-6.2,B 上升結構,False,11:55,357.7,升,49.0,7,False,9.0,3.7161,3.0697,,False,False,7.35,3.08,600.5,11.48,4.81,1359.2,,OHLC,↑,HH/HL,UT,False,268,2,TMO,SubSector_R12+RateHike_R2_受惠
A,2026-09-24,172.84,4.87,True,154.87,0.771,0.68,False,85.6,-1.19,86.8,True,2.82,1.83,62.0,-1.5,E 延伸,False,11:46,352.8,升,46.0,5,False,9.0,2.0192,1.5361,,False,False,10.4,3.69,153.43,11.23,3.99,404.4,,OHLC,↑,HH/HL,UT,False,268,2,A,SubSector_R12
PL,2026-09-24,17.62,1.11,False,18.59,-0.18,-0.73,True,58.5,0.91,57.6,False,6.27,3.69,9.6,-0.1,D 趨勢弱,False,11:30,344.8,升,42.0,4,False,9.0,0.2197,0.1219,,False,True,-5.49,-0.87,16.38,7.04,1.12,219.6,,OHLC,—,HH/HL,自然反彈,False,268,2,PL,SubSector_R12
HIMS,2026-09-24,29.28,1.81,False,29.46,-0.068,-0.17,True,51.2,0.24,50.9,False,6.2,5.45,45.3,2.4,D 趨勢弱,False,11:06,333.0,升,35.0,5,False,9.0,0.2195,0.2002,,False,True,-0.6,-0.1,28.81,1.61,0.26,284.0,,OHLC,—,LH/LL,自然反彈,False,268,2,HIMS,SubSector_R12
SHOP,2026-09-24,145.16,7.11,False,141.15,-0.119,-0.3,True,63.7,0.84,62.9,False,4.9,3.97,47.5,0.3,B 上升結構,False,10:38,319.1,升,27.0,3,False,9.0,1.0617,0.6254,,False,True,2.76,0.56,133.89,7.76,1.58,1443.6,,OHLC,—,LH/LL,自然回檔,False,268,2,SHOP,SubSector_R12
SPG,2026-09-24,204.7,3.21,False,211.25,-0.547,-1.02,True,94.4,0.22,94.2,True,1.57,1.12,34.0,0.6,C 基底修復,False,10:37,318.5,升,27.0,3,False,9.0,0.3011,0.206,,False,False,-3.2,-2.04,206.38,-0.82,-0.52,271.5,,OHLC,—,LH/LL,DT,True,268,2,SPG,SubSector_R12
BLFS,2026-09-24,38.58,0.97,True,36.38,0.112,0.44,False,85.8,-0.06,85.9,True,2.52,2.09,86.9,-1.0,A 待突破,False,10:23,311.5,升,23.0,3,False,9.0,0.1385,0.0797,,False,False,5.72,2.27,34.92,9.49,3.76,33.9,,OHLC,↑,HH/HL,UT,False,268,2,BLFS,Combined_R22
TOL,2026-09-24,135.92,3.79,False,140.37,-0.439,-0.81,True,84.8,0.4,84.4,True,2.79,2.02,14.2,-1.4,D 趨勢弱,False,10:16,308.2,升,21.0,3,False,9.0,0.4023,0.2828,,False,False,-3.27,-1.17,131.4,3.33,1.19,138.4,,OHLC,—,HH/HL,自然反彈,True,268,2,TOL,SubSector_R12
PHM,2026-09-24,118.18,3.13,False,122.87,-0.417,-0.81,True,85.7,0.41,85.3,True,2.65,1.99,15.0,-1.6,D 趨勢弱,False,10:07,303.5,升,19.0,3,False,9.0,0.1109,0.1159,,False,False,-3.97,-1.5,116.51,1.41,0.53,194.4,,OHLC,—,HH/HL,DT,True,268,2,PHM,SubSector_R12
LULU,2026-09-24,101.64,4.47,False,107.75,-0.347,-0.49,True,69.5,0.17,69.3,False,4.4,3.33,0.9,0.9,D 趨勢弱,True,9:55,297.7,升,15.0,2,False,9.0,0.3639,0.1822,,False,False,-6.01,-1.37,102.18,-0.53,-0.12,862.6,,OHLC,—,LH/LL,自然回檔,True,268,2,LULU,SubSector_R12+Combined_R22
IP,2026-09-24,34.88,1.29,False,37.04,-0.225,-0.76,False,76.7,-0.63,77.3,True,3.71,2.65,5.1,-1.9,D 趨勢弱,True,9:54,297.2,升,15.0,3,False,9.0,0.1258,0.1231,,False,False,-6.19,-1.67,35.55,-1.92,-0.52,185.2,,OHLC,—,LH/LL,次級回檔,True,268,2,IP,SubSector_R12
SHW,2026-09-24,320.4,7.52,False,334.91,-1.694,-1.05,False,87.5,-0.54,88.0,True,2.35,1.93,18.0,-4.5,D 趨勢弱,True,9:50,295.0,升,14.0,2,False,9.0,0.2703,0.3724,,False,False,-4.53,-1.93,328.35,-2.48,-1.06,552.8,,OHLC,—,LH/LL,自然回檔,True,268,2,SHW,SubSector_R12
ADP,2026-09-24,263.11,5.66,False,274.74,-0.123,-0.16,False,88.7,-0.15,88.9,True,2.15,1.86,42.9,0.1,C 基底修復,True,8:49,264.6,跌,227.0,17,False,9.0,-1.8527,-1.7178,-3.0643,False,False,-4.42,-2.05,276.63,-5.14,-2.39,618.1,,OHLC,—,LH/LL,自然回檔,False,268,2,ADP,SubSector_R12
DASH,2026-09-24,187.53,7.44,False,211.1,-1.128,-0.69,False,76.6,-0.85,77.5,True,3.97,2.41,9.5,-9.9,D 趨勢弱,True,8:49,264.6,跌,123.0,17,False,9.0,-2.5701,-2.7489,-4.9417,True,False,-12.57,-3.17,203.54,-8.54,-2.15,805.6,,OHLC,↓,LH/LL,DT,False,268,2,DASH,Combined_R22
HD,2026-09-24,292.18,6.93,False,318.53,-2.278,-1.42,False,89.1,-0.32,89.4,True,2.37,1.56,1.5,-1.5,D 趨勢弱,True,8:49,264.6,跌,198.0,29,False,9.0,-0.9553,-0.787,-2.6522,False,False,-9.02,-3.8,305.35,-4.51,-1.9,1352.3,,OHLC,↓,LH/LL,DT,False,268,2,HD,SubSector_R12
J,2026-09-24,135.33,3.5,False,145.71,-0.264,-0.23,False,88.0,-2.11,90.1,True,2.59,1.58,24.9,-21.6,D 趨勢弱,True,8:49,264.6,跌,171.0,18,False,9.0,-1.0542,-0.6726,-1.5828,False,False,-7.67,-2.97,145.71,-7.67,-2.97,117.6,,OHLC,↓,LH/LL,DT,False,268,2,J,SubSector_R12
LOW,2026-09-24,188.49,4.58,False,204.29,-0.859,-0.98,False,88.3,-0.32,88.7,True,2.43,1.66,2.8,-0.4,D 趨勢弱,True,8:49,264.6,跌,152.0,24,False,9.0,-0.4073,-0.2977,-1.9819,False,False,-8.38,-3.45,196.08,-4.03,-1.66,639.9,,OHLC,↓,LH/LL,DT,False,268,2,LOW,SubSector_R12
PAYX,2026-09-24,101.59,3.46,False,117.91,-0.804,-0.95,False,80.3,-1.63,81.9,True,3.41,2.27,9.2,-12.4,D 趨勢弱,True,8:49,264.6,跌,216.0,17,False,9.0,-1.9073,-1.4506,-1.9073,False,False,-16.06,-4.71,118.51,-16.66,-4.89,375.8,,OHLC,↓,LH/LL,DT,False,268,2,PAYX,SubSector_R12
PINS,2026-09-24,18.72,0.8,False,20.35,-0.126,-1.26,True,71.9,1.24,70.6,False,4.26,3.02,5.0,-0.0,D 趨勢弱,True,8:49,264.6,跌,273.0,35,False,9.0,-0.01,-0.0578,-0.4851,True,False,-8.72,-2.05,19.36,-3.42,-0.8,302.7,,OHLC,—,LH/LL,自然回檔,True,268,2,PINS,SubSector_R12
SPT,2026-09-24,9.72,0.53,True,10.62,0.01,0.27,False,58.1,-0.48,58.6,False,5.47,4.57,35.9,-15.4,D 趨勢弱,True,8:49,264.6,跌,100.0,13,False,9.0,-0.228,-0.2139,-0.228,False,False,-9.22,-1.68,9.97,-2.57,-0.47,13.7,,OHLC,↓,LH/LL,DT,False,268,2,SPT,MP_R21_差一項
AVAH,2026-09-24,12.38,0.55,True,13.15,0.105,0.71,False,67.0,-1.27,68.3,False,4.42,3.79,57.5,-4.4,B 上升結構,True,8:46,262.8,跌,96.0,16,False,9.0,-0.3071,-0.2588,-0.3071,False,False,-6.24,-1.41,,,,45.2,,OHLC,—,HH/HL,DT,False,268,2,AVAH,MP_R21_差一項
LAMR,2026-09-24,143.71,2.5,False,149.85,-0.407,-1.11,False,93.5,-0.05,93.5,True,1.74,1.19,36.4,-9.9,C 基底修復,True,6:37,198.7,跌,60.0,8,False,9.0,-0.3077,-0.2679,-1.0164,False,False,-4.27,-2.46,152.61,-6.19,-3.57,71.3,,OHLC,↓,LH/LL,DT,False,268,2,LAMR,SubSector_R12
CNC,2026-09-24,61.92,2.28,False,65.51,-0.142,-0.15,True,78.4,0.4,78.0,True,3.67,2.37,57.7,0.5,C 基底修復,False,5:13,156.7,跌,37.0,5,False,9.0,-0.5557,-0.4617,-0.8436,False,False,-5.79,-1.58,63.89,-3.18,-0.87,317.0,,OHLC,—,HH/HL,DT,False,268,2,CNC,SubSector_R12+Combined_R22
ACI,2026-09-24,11.95,0.39,False,12.29,-0.003,0.02,True,73.1,0.66,72.4,False,3.27,3.78,11.5,3.7,D 趨勢弱,False,4:04,122.0,跌,18.0,2,False,9.0,-0.0367,-0.0321,-0.2876,False,True,-2.89,-0.88,12.06,-0.92,-0.28,99.1,,OHLC,↓,LH/LL,自然反彈,False,268,2,ACI,SubSector_R12
MGNI,2026-09-24,24.07,1.0,False,24.31,-0.01,0.06,True,70.7,0.58,70.1,False,4.14,3.36,75.9,1.7,A 待突破,False,3:50,115.0,跌,14.0,2,False,9.0,-0.0856,-0.0419,-0.2757,False,True,-1.0,-0.24,24.21,-0.58,-0.14,57.5,,OHLC,—,HH/HL,自然回檔,False,268,2,MGNI,MP_R21
IOVA,2026-09-24,10.8,0.59,True,8.75,0.109,1.58,True,48.5,0.93,47.5,False,5.45,6.88,65.0,2.5,E 延伸,False,1:12,36.0,升,70.0,7,False,9.0,0.068,0.0578,,False,False,19.02,3.49,10.19,5.65,1.04,126.2,,OHLC,↑,HH/HL,UT,False,268,2,IOVA,SubSector_R12+Combined_R22
AFL,2026-09-24,114.01,1.92,False,116.84,-0.141,-0.77,False,94.0,-0.04,94.0,True,1.68,1.11,27.7,-10.5,D 趨勢弱,False,1:02,31.1,升,67.0,9,False,9.0,0.0234,0.1009,,False,True,-2.49,-1.48,117.55,-3.1,-1.84,275.3,,OHLC,—,LH/LL,DT,True,268,2,AFL,SubSector_R12
ZS,2026-09-24,214.64,9.51,True,183.3,0.907,0.54,True,67.2,0.62,66.6,False,4.43,3.74,40.0,0.0,E 延伸,False,12:17,8.5,升,55.0,8,False,9.0,3.4217,3.4421,,False,False,14.6,3.3,,,,696.0,,OHLC,—,LH/LL,UT,False,268,2,ZS,SubSector_R12+Combined_R22
CYRX,2026-09-24,17.4,0.64,True,16.3,0.092,0.78,False,78.3,-0.05,78.4,True,3.7,2.36,72.9,3.1,B 上升結構,False,12:03,1.6,升,51.0,7,False,9.0,0.1659,0.1858,,False,False,6.3,1.7,16.72,3.91,1.06,8.9,,OHLC,—,LH/LL,UT,False,268,2,CYRX,Combined_R22
ELMT,2026-09-24,19.73,1.99,True,20.8,0.015,0.11,False,34.9,-0.59,35.4,False,10.11,6.52,40.4,1.6,B 上升結構,False,12:00,0.0,升,50.0,9,False,9.0,0.1847,0.3411,,False,True,-5.44,-0.54,17.66,10.49,1.04,26.3,,OHLC,↑,HH/HL,自然回檔,False,107,2,ELMT,MP_R21_差一項
TPR,2026-09-24,112.12,3.71,False,123.1,-1.276,-1.82,True,76.9,0.66,76.2,True,3.31,3.02,1.2,1.2,D 趨勢弱,False,11:41,350.4,升,45.0,7,False,10.0,0.1641,0.0715,,False,False,-9.79,-2.96,118.49,-5.68,-1.72,396.2,,OHLC,↓,LH/LL,DT,False,268,2,TPR,Combined_R22
RL,2026-09-24,351.86,10.46,False,351.15,-1.547,-1.06,False,84.2,-0.53,84.7,True,2.97,1.96,24.7,8.8,D 趨勢弱,False,11:24,342.0,升,40.0,4,False,10.0,2.2772,1.3482,,False,True,0.2,0.07,337.47,4.09,1.38,250.3,,OHLC,—,HH/HL,自然反彈,False,268,2,RL,SubSector_R12
LLY,2026-09-24,1181.89,32.06,False,1180.2,-0.983,-0.26,False,85.9,-0.16,86.0,True,2.71,1.89,72.8,15.8,A 待突破,False,11:08,334.0,升,36.0,4,False,10.0,4.7999,3.065,,False,True,0.14,0.05,1180.16,0.15,0.05,2747.0,,OHLC,—,HH/HL,自然反彈,False,268,2,LLY,SubSector_R12+Combined_R22
BABA,2026-09-24,110.63,3.33,False,117.61,-0.334,-0.54,True,79.8,0.51,79.3,True,3.01,2.76,17.6,-0.9,D 趨勢弱,False,10:55,327.6,升,32.0,4,False,10.0,0.4159,0.5253,,False,False,-6.31,-2.1,111.25,-0.56,-0.19,1026.7,,OHLC,↓,LH/LL,DT,False,268,2,BABA,AI_R13
PKG,2026-09-24,238.11,5.82,False,239.46,-0.457,-0.47,False,87.8,-0.23,88.0,True,2.44,1.76,40.5,-1.4,C 基底修復,False,10:28,314.0,升,24.0,4,False,10.0,1.0588,1.0459,,False,True,-0.57,-0.23,228.84,3.89,1.59,143.5,,OHLC,—,HH/HL,UT,True,268,2,PKG,SubSector_R12
MDB,2026-09-24,421.4,20.57,False,405.48,-0.469,0.04,True,63.0,0.34,62.6,False,4.88,4.14,72.7,1.4,B 上升結構,False,10:03,301.5,升,18.0,3,False,10.0,4.4188,4.0498,,False,True,3.78,0.77,373.87,11.28,2.31,810.3,,OHLC,—,LH/LL,UT,False,268,2,MDB,AI_R13+SubSector_R12+Combined_R22
UFPT,2026-09-24,298.48,8.95,False,296.06,-1.024,-0.74,False,74.6,-0.26,74.9,False,3.0,3.75,76.6,6.3,B 上升結構,True,9:33,286.4,升,9.0,1,False,10.0,0.9919,-0.201,,False,True,0.81,0.27,325.0,-8.89,-2.96,33.5,,OHLC,↓,LH/LL,自然反彈,False,268,2,UFPT,Combined_R22
GD,2026-09-24,336.29,6.61,False,365.02,-1.978,-1.27,False,92.5,-0.37,92.9,True,1.97,1.19,15.7,-1.5,D 趨勢弱,True,8:49,264.6,跌,605.0,28,False,10.0,-1.7156,-1.2903,-3.7351,False,False,-8.54,-4.35,360.0,-7.05,-3.59,427.9,,OHLC,↓,LH/LL,DT,False,268,2,GD,SubSector_R12+Combined_R22
KFRC,2026-09-24,51.35,1.99,False,54.71,-0.161,-0.55,False,76.8,-0.89,77.6,True,3.87,2.48,47.2,-1.8,D 趨勢弱,True,8:49,264.6,跌,652.0,44,False,10.0,-0.0225,-0.0372,-0.8565,True,False,-6.54,-1.69,50.36,1.93,0.5,14.9,,OHLC,—,HH/HL,自然反彈,True,268,2,KFRC,Combined_R22
STZ,2026-09-24,114.21,3.2,False,126.7,-0.421,-0.92,False,85.7,-0.56,86.2,True,2.8,1.84,0.0,0.0,D 趨勢弱,True,8:49,264.6,跌,177.0,19,False,10.0,-0.8197,-0.7228,-1.2279,False,False,-10.93,-3.91,125.0,-9.45,-3.38,301.4,,OHLC,↓,LH/LL,DT,False,268,2,STZ,SubSector_R12
UHAL,2026-09-24,60.79,1.46,False,67.11,-0.382,-1.57,False,89.3,-0.12,89.4,True,2.41,1.49,43.1,-1.2,D 趨勢弱,True,8:49,264.6,跌,354.0,44,False,10.0,-0.2166,-0.1757,-0.8864,False,False,-10.4,-4.31,64.49,-6.09,-2.53,9.6,,OHLC,↓,LH/LL,DT,False,268,2,UHAL,Combined_R22
LFST,2026-09-24,11.8,0.49,True,12.6,0.007,0.51,False,74.9,-0.11,75.0,False,4.11,2.59,59.0,-14.5,C 基底修復,True,6:31,195.7,跌,59.0,8,False,10.0,-0.1676,-0.1324,-0.1874,False,False,-6.76,-1.64,13.56,-14.92,-3.63,72.1,,OHLC,↓,LH/LL,DT,False,268,2,LFST,MP_R21_差一項
ISRG,2026-09-24,399.52,11.48,False,379.44,-0.515,0.07,True,78.7,0.36,78.3,True,2.87,3.11,27.6,-0.8,D 趨勢弱,False,2:41,80.5,升,95.0,9,False,10.0,3.9497,4.2394,,False,False,5.03,1.75,,,,895.5,,OHLC,—,LH/LL,UT,False,268,2,ISRG,AI_R13+SubSector_R12+Combined_R22
FTNT,2026-09-24,178.67,6.93,True,163.78,0.482,0.33,True,74.8,0.55,74.3,False,3.88,2.84,65.0,-0.0,E 延伸,False,2:28,74.1,升,91.0,9,False,10.0,1.5471,1.566,,False,False,8.33,2.15,166.09,7.04,1.82,792.5,,OHLC,↑,HH/HL,UT,False,268,2,FTNT,AI_R13+SubSector_R12+Combined_R22
WST,2026-09-24,373.6,8.33,True,354.07,0.997,0.54,False,89.6,-0.39,90.0,True,2.23,1.59,67.3,-6.2,B 上升結構,False,1:14,37.1,升,71.0,9,False,10.0,2.8702,3.0009,,False,False,5.23,2.34,346.16,7.34,3.29,215.6,,OHLC,↑,HH/HL,UT,False,268,2,WST,Combined_R22
GSAT,2026-09-24,82.46,0.71,False,82.23,-0.038,-0.25,False,97.8,-0.01,97.9,True,0.86,0.74,87.6,-2.6,A 待突破,False,12:36,18.0,升,60.0,6,False,10.0,0.0371,0.0531,,False,True,0.28,0.32,81.55,1.1,1.29,49.1,,OHLC,—,HH/HL,自然反彈,True,268,2,GSAT,Combined_R22
S,2026-09-24,23.98,1.12,True,21.82,0.044,0.24,True,65.4,0.77,64.6,False,4.68,3.84,57.7,0.1,E 延伸,False,12:37,18.7,升,60.0,8,False,11.0,0.2861,0.3122,,False,False,9.01,1.92,22.71,5.3,1.13,217.9,,OHLC,—,LH/LL,UT,False,268,2,S,SubSector_R12
CRDO,2026-09-24,195.97,13.17,False,189.71,-1.687,-0.52,True,46.0,1.3,44.7,False,6.72,6.28,33.6,-0.3,D 趨勢弱,False,11:32,345.8,升,42.0,4,False,12.0,5.2116,4.4557,,False,True,3.2,0.48,170.57,12.96,1.93,1650.5,,OHLC,—,LH/LL,UT,False,268,2,CRDO,AI_R13+SubSector_R12+Combined_R22
NOC,2026-09-24,508.98,11.65,False,537.66,-1.605,-0.76,True,89.1,0.11,89.0,True,2.29,1.63,8.8,0.2,D 趨勢弱,False,4:23,131.5,跌,23.0,3,False,12.0,-0.8923,-0.5374,-5.7269,False,False,-5.64,-2.46,531.25,-4.38,-1.91,431.7,,OHLC,↓,LH/LL,DT,False,268,2,NOC,SubSector_R12
TSN,2026-09-24,51.14,1.29,False,54.14,-0.108,-0.68,True,87.7,0.38,87.3,True,2.52,1.7,4.5,0.7,D 趨勢弱,False,3:26,103.1,跌,7.0,1,False,12.0,-0.0029,0.0082,-0.5639,False,False,-5.87,-2.33,53.16,-3.95,-1.57,204.2,,OHLC,↓,LH/LL,DT,False,268,2,TSN,SubSector_R12
NET,2026-09-24,358.82,18.14,True,310.79,1.474,0.43,True,64.4,0.29,64.1,False,5.06,3.67,61.1,0.8,E 延伸,False,2:41,80.3,升,95.0,11,False,12.0,4.7365,4.7133,,False,False,13.38,2.65,323.6,9.82,1.94,1034.4,,OHLC,↑,HH/HL,UT,False,268,2,NET,AI_R13+Combined_R22
GOLD,2026-09-24,43.48,2.32,False,45.1,-0.014,0.03,True,64.2,1.06,63.2,False,5.33,3.43,19.0,-1.9,D 趨勢弱,False,5:32,165.8,跌,42.0,5,False,13.0,-0.5145,-0.4693,-0.5145,False,True,-3.73,-0.7,45.88,-5.52,-1.04,35.2,,OHLC,—,HH/HL,DT,False,268,2,GOLD,SubSector_R12
CSCO,2026-09-24,106.97,2.89,False,110.27,-1.05,-1.03,True,84.4,0.39,84.0,True,2.7,2.19,47.6,-0.1,C 基底修復,False,3:46,113.2,跌,13.0,2,False,13.0,-0.0938,-0.0521,-1.1267,False,False,-3.09,-1.14,111.5,-4.23,-1.57,1944.3,,OHLC,↓,LH/LL,DT,False,268,2,CSCO,AI_R13
OBIO,2026-09-24,5.95,0.37,True,5.54,0.029,0.63,True,58.7,1.49,57.2,False,6.18,3.75,52.2,-1.2,B 上升結構,False,3:41,110.4,跌,11.0,1,False,13.0,-0.0061,0.0127,-0.0775,False,False,6.85,1.11,5.9,0.84,0.14,2.1,,OHLC,—,HH/HL,自然回檔,True,187,2,OBIO,MP_R21_差一項
COHR,2026-09-24,290.61,20.84,False,300.12,-3.261,-0.43,True,43.9,0.04,43.9,False,7.17,6.41,45.5,-2.5,D 趨勢弱,False,2:49,84.6,升,165.0,13,False,13.0,2.4001,3.7819,,False,True,-3.27,-0.46,266.5,8.3,1.16,1830.5,,OHLC,↑,HH/HL,自然回檔,False,268,2,COHR,AI_R13+SubSector_R12+Combined_R22
MRVL,2026-09-24,258.95,13.77,True,232.08,0.942,0.4,True,55.4,0.68,54.7,False,5.32,5.34,71.4,5.7,C 基底修復,False,12:07,3.3,升,52.0,7,False,13.0,3.7549,3.9871,,False,False,10.37,1.95,218.82,15.5,2.91,4967.6,,OHLC,↑,HH/HL,UT,False,268,2,MRVL,AI_R13+SubSector_R12+Combined_R22
RGTI,2026-09-24,16.5,1.0,False,16.31,-0.069,-0.25,True,53.8,0.71,53.1,False,6.05,4.96,34.2,0.9,D 趨勢弱,False,11:58,359.1,升,49.0,6,False,14.0,0.1805,0.1629,,False,True,1.18,0.19,15.81,4.18,0.69,261.7,,OHLC,—,LH/LL,自然反彈,False,268,2,RGTI,SubSector_R12
GNRC,2026-09-24,198.05,10.9,False,200.48,-0.606,-0.06,True,61.9,0.96,61.0,False,5.5,3.73,20.0,1.3,D 趨勢弱,False,11:40,350.0,升,44.0,6,False,14.0,3.0542,3.5195,,False,True,-1.22,-0.22,231.89,-17.09,-3.1,306.9,,OHLC,—,LH/LL,自然回檔,False,268,2,GNRC,AI_R13
NTAP,2026-09-24,197.24,8.1,True,191.8,0.0,0.03,False,74.2,-0.48,74.6,False,4.11,2.73,72.9,5.3,A 待突破,False,11:33,346.5,升,42.0,6,False,14.0,0.4755,0.4614,,False,True,2.76,0.67,199.28,-1.03,-0.25,491.0,,OHLC,—,LH/LL,次級反彈,True,268,2,NTAP,AI_R13
QBTS,2026-09-24,17.48,1.14,False,17.93,-0.105,-0.42,True,49.7,0.94,48.8,False,6.5,5.51,11.9,-4.2,D 趨勢弱,False,11:07,333.5,升,35.0,6,False,14.0,0.1577,0.1389,,False,True,-2.57,-0.4,17.67,-1.09,-0.17,279.6,,OHLC,↓,LH/LL,次級反彈,False,268,2,QBTS,SubSector_R12
RDW,2026-09-24,11.6,0.75,False,11.52,-0.085,-0.59,True,51.0,0.6,50.4,False,6.51,5.19,56.9,-1.0,D 趨勢弱,False,10:30,315.0,升,25.0,6,False,14.0,0.1059,0.0964,,False,True,0.66,0.1,11.27,2.84,0.44,136.4,,OHLC,—,HH/HL,自然反彈,True,268,2,RDW,SubSector_R12+Combined_R22
PCAR,2026-09-24,110.67,2.87,False,121.76,-0.728,-1.75,False,87.9,-0.1,88.0,True,2.59,1.59,10.0,-1.5,D 趨勢弱,True,8:49,264.6,跌,276.0,35,False,14.0,-1.0415,-0.9757,-1.1366,False,False,-10.02,-3.87,124.7,-12.68,-4.89,395.5,,OHLC,↓,LH/LL,DT,False,268,2,PCAR,SubSector_R12+Combined_R22
CLS,2026-09-24,373.56,19.6,True,323.72,1.506,0.31,True,56.8,0.34,56.4,False,5.25,5.1,46.7,2.5,E 延伸,False,2:49,84.6,升,196.0,14,False,14.0,6.3404,5.4549,,False,False,13.34,2.54,316.08,15.39,2.93,735.6,,OHLC,↑,HH/HL,UT,False,268,2,CLS,Combined_R22
FLEX,2026-09-24,112.4,5.42,False,112.06,-0.545,-0.43,True,63.9,0.12,63.8,False,4.82,4.02,61.1,12.3,D 趨勢弱,False,2:49,84.6,升,133.0,13,False,14.0,0.9036,0.9041,,False,True,0.3,0.06,108.01,3.91,0.81,366.9,,OHLC,—,HH/HL,次級反彈,True,268,2,FLEX,SubSector_R12
TTRX,2026-09-24,13.26,1.32,True,12.99,0.049,1.04,False,34.9,-1.19,36.1,False,9.99,6.62,46.9,-1.0,E 延伸,False,1:14,37.2,升,71.0,13,False,14.0,0.0329,0.163,,False,True,2.06,0.21,12.69,4.3,0.43,2.3,,OHLC,↑,HH/HL,自然回檔,False,187,2,TTRX,MP_R21_差一項
ADI,2026-09-24,382.61,11.29,False,370.95,-0.206,-0.04,True,83.9,0.28,83.6,True,2.95,2.05,58.4,0.8,C 基底修復,False,1:07,33.5,升,69.0,10,False,14.0,3.1973,3.4455,,False,False,3.05,1.03,361.02,5.64,1.91,1269.6,,OHLC,↑,HH/HL,UT,False,268,2,ADI,SubSector_R12
ASX,2026-09-24,43.5,1.77,True,38.93,0.087,0.53,True,67.0,0.63,66.4,False,4.06,4.15,62.7,-0.6,E 延伸,False,11:33,346.5,升,42.0,6,False,,0.6268,0.6929,,False,False,10.51,2.59,37.08,14.76,3.63,271.0,,OHLC,↑,HH/HL,自然回檔,False,268,2,ASX,AI_R13
ONDS,2026-09-24,7.6,0.45,False,7.99,-0.107,-0.75,True,53.9,0.25,53.7,False,5.95,5.04,22.2,2.2,D 趨勢弱,False,11:19,339.4,升,39.0,4,False,,0.0504,0.036,,False,True,-5.1,-0.86,7.63,-0.39,-0.07,490.9,,OHLC,—,LH/LL,次級反彈,True,268,2,ONDS,SubSector_R12
CCL,2026-09-24,21.79,0.76,False,23.93,-0.17,-1.42,True,81.0,0.13,80.8,True,3.47,2.08,0.0,0.0,D 趨勢弱,False,10:13,306.7,升,20.0,3,False,,0.046,0.0352,,False,False,-9.83,-2.83,22.31,-2.39,-0.69,513.1,,OHLC,↓,LH/LL,DT,False,268,2,CCL,SubSector_R12
MMED,2026-09-24,20.44,1.01,False,21.6,-0.026,0.07,True,67.9,0.38,67.5,False,4.95,3.08,48.9,-4.9,B 上升結構,True,8:49,264.6,跌,150.0,9,False,,-0.3847,-0.3561,-0.3847,False,False,-5.67,-1.14,23.74,-16.14,-3.26,60.6,,OHLC,—,LH/LL,自然回檔,False,140,2,MMED,MP_R21_差一項
SBAC,2026-09-24,166.12,5.16,False,183.07,-0.716,-0.32,False,83.6,-0.67,84.2,True,3.11,1.95,3.7,-4.7,D 趨勢弱,True,8:49,264.6,跌,101.0,11,False,,-1.9955,-1.6114,-1.9955,False,False,-10.2,-3.28,191.52,-15.29,-4.92,173.1,,OHLC,↓,LH/LL,DT,False,268,2,SBAC,SubSector_R12
CF,2026-09-24,118.44,5.16,True,128.9,0.188,0.22,False,74.1,-0.13,74.2,False,4.36,2.49,37.7,-1.7,C 基底修復,True,8:24,252.0,跌,90.0,9,False,,-2.2591,-2.0763,-2.2591,False,False,-8.83,-2.03,,,,360.6,,OHLC,—,HH/HL,DT,False,268,2,CF,SubSector_R12+Combined_R22
CBIO,2026-09-24,14.24,1.51,False,17.6,-0.147,-0.48,True,37.9,0.83,37.1,False,10.63,4.86,15.2,-2.8,D 趨勢弱,True,6:18,188.8,跌,55.0,7,False,,-0.6122,-0.5594,-0.6122,False,False,-23.56,-2.22,,,,9.4,,OHLC,—,HH/HL,DT,False,268,2,CBIO,Combined_R22
VST,2026-09-24,137.94,4.53,False,142.51,-0.235,-0.08,True,79.3,0.48,78.8,True,3.28,2.58,14.2,0.9,D 趨勢弱,False,5:56,177.8,跌,49.0,5,False,,-0.4692,-0.3796,-1.9035,False,False,-3.31,-1.01,143.56,-4.07,-1.24,628.6,,OHLC,↓,LH/LL,DT,False,268,2,VST,AI_R13+SubSector_R12+Combined_R22
BG,2026-09-24,110.21,4.32,False,116.85,-0.096,0.02,True,77.7,0.42,77.3,True,3.92,2.25,28.0,-1.1,C 基底修復,False,5:47,173.3,跌,46.0,7,False,,-1.4643,-1.3911,-1.4643,False,False,-6.03,-1.54,109.82,0.35,0.09,238.7,,OHLC,—,HH/HL,DT,False,268,2,BG,SubSector_R12
CDW,2026-09-24,139.46,6.12,True,144.66,0.088,0.24,False,70.9,-1.8,72.7,False,4.39,3.07,52.1,-4.9,C 基底修復,False,5:32,165.8,跌,42.0,5,False,,-1.1619,-0.6754,-1.1619,False,True,-3.73,-0.85,153.79,-10.28,-2.34,244.8,,OHLC,—,LH/LL,自然回檔,False,268,2,CDW,MP_R21_差一項
HPQ,2026-09-24,31.14,1.62,True,31.66,0.06,0.41,False,66.1,-0.64,66.7,False,5.2,3.19,58.1,4.8,B 上升結構,False,4:45,142.7,跌,29.0,4,False,,-0.3683,-0.2504,-0.3683,False,True,-1.67,-0.32,34.66,-11.3,-2.17,585.9,,OHLC,↓,LH/LL,DT,False,268,2,HPQ,MP_R21
CLMT,2026-09-24,53.85,2.48,True,53.25,0.268,1.3,False,70.1,-0.17,70.2,False,4.6,3.02,60.2,-0.1,B 上升結構,False,4:39,139.7,跌,28.0,3,False,,-0.5648,-0.3293,-0.5648,False,True,1.12,0.24,47.72,11.38,2.47,80.3,,OHLC,↑,HH/HL,自然回檔,False,268,2,CLMT,MP_R21
WTTR,2026-09-24,19.53,0.83,False,20.15,-0.064,-0.21,True,68.9,0.26,68.6,False,4.26,3.59,53.9,-2.7,C 基底修復,False,4:20,130.0,跌,22.0,2,False,,-0.101,-0.0674,-0.3041,False,True,-3.18,-0.75,20.93,-7.16,-1.68,32.1,,OHLC,—,LH/LL,DT,True,268,2,WTTR,Combined_R22
ANGX,2026-09-24,4.86,0.34,True,4.89,0.04,0.48,False,51.8,-0.2,52.0,False,7.04,4.46,48.3,0.1,D 趨勢弱,False,4:12,126.0,跌,20.0,2,False,,-0.0469,-0.0288,-0.0821,False,True,-0.54,-0.08,4.9,-0.82,-0.12,10.1,,OHLC,↑,HH/HL,自然回檔,False,261,2,ANGX,MP_R21
NI,2026-09-24,39.12,0.68,False,41.03,-0.113,-0.88,True,93.6,0.07,93.6,True,1.74,1.15,14.1,-0.1,D 趨勢弱,False,3:50,115.0,跌,14.0,2,False,,-0.0931,-0.0524,-0.3459,False,False,-4.88,-2.8,41.9,-7.11,-4.09,224.0,,OHLC,↓,LH/LL,DT,False,268,2,NI,SubSector_R12
CHPT,2026-09-24,8.98,0.71,True,8.71,0.019,0.26,False,35.9,-0.13,36.0,False,7.86,8.36,50.0,0.0,E 延伸,False,3:38,108.9,跌,11.0,1,False,,-0.0114,0.0606,-0.0779,False,True,3.02,0.38,9.41,-4.79,-0.61,39.4,,OHLC,—,HH/HL,DT,False,268,2,CHPT,MP_R21_差一項
ASST,2026-09-24,29.94,1.95,True,24.36,0.257,0.94,True,51.2,1.09,50.1,False,6.53,5.13,40.0,0.0,E 延伸,False,3:34,106.9,跌,9.0,3,False,,-0.1825,-0.152,-0.1825,False,False,18.65,2.86,28.99,3.17,0.49,291.2,,OHLC,↑,HH/HL,自然反彈,False,268,2,ASST,MP_R21_差一項
XRX,2026-09-24,3.33,0.19,True,3.24,0.006,0.21,False,52.9,-0.78,53.6,False,5.79,5.46,58.6,0.5,B 上升結構,False,3:31,105.3,跌,9.0,1,False,,-0.0009,0.0117,-0.0384,False,True,2.83,0.49,3.33,0.0,0.0,9.0,,OHLC,—,HH/HL,自然回檔,True,268,2,XRX,MP_R21_差一項
GRDN,2026-09-24,41.79,1.9,True,42.36,0.072,0.44,False,72.2,-1.22,73.4,False,4.54,2.67,49.4,-0.0,B 上升結構,False,3:23,101.7,跌,7.0,1,False,,-0.1725,0.0606,-0.3306,False,True,-1.37,-0.3,43.83,-4.88,-1.07,30.4,,OHLC,—,LH/LL,自然回檔,False,268,2,GRDN,MP_R21_差一項
CVI,2026-09-24,51.3,2.48,True,45.51,0.501,1.43,True,66.4,0.24,66.2,False,4.84,3.49,56.4,-0.7,E 延伸,False,3:20,100.0,跌,6.0,1,False,,-0.0838,0.1313,-0.5238,False,False,11.28,2.33,48.63,5.2,1.08,59.1,,OHLC,↑,HH/HL,自然回檔,False,268,2,CVI,MP_R21_差一項
AMD,2026-09-24,629.26,25.58,True,516.14,5.224,1.08,True,66.1,0.57,65.5,False,4.06,4.33,65.0,0.9,E 延伸,False,2:49,84.6,升,109.0,14,False,,15.0514,15.0191,,False,False,17.98,4.42,493.41,21.59,5.31,11512.9,,OHLC,↑,HH/HL,UT,False,268,2,AMD,AI_R13+SubSector_R12+Combined_R22
AMKR,2026-09-24,52.69,2.86,False,50.47,-0.145,-0.1,True,51.2,0.53,50.7,False,5.42,6.22,30.7,2.8,D 趨勢弱,False,2:49,84.6,升,196.0,14,False,,1.0066,1.0516,,False,True,4.22,0.78,49.53,6.0,1.11,204.2,,OHLC,↑,HH/HL,自然回檔,False,268,2,AMKR,AI_R13
AVAV,2026-09-24,158.55,9.13,False,154.12,-0.676,-0.3,True,58.3,2.93,55.4,False,5.76,4.24,7.5,-2.3,D 趨勢弱,False,2:49,84.6,升,103.0,9,False,,1.4131,1.496,,False,True,2.79,0.49,168.0,-5.96,-1.04,345.1,,OHLC,—,LH/LL,自然回檔,False,268,2,AVAV,SubSector_R12
BNC,2026-09-24,6.26,0.53,True,5.12,0.011,0.34,True,36.0,1.22,34.7,False,8.39,7.81,51.3,1.3,E 延伸,False,2:49,84.6,升,144.0,28,False,,0.1511,0.18,,False,False,18.26,2.18,6.11,2.4,0.29,28.6,,OHLC,↑,HH/HL,自然反彈,False,187,2,BNC,MP_R21_差一項
GFS,2026-09-24,47.05,2.17,False,46.8,-0.237,-0.42,True,66.2,0.73,65.5,False,4.6,3.76,21.9,-1.2,D 趨勢弱,False,2:49,84.6,升,640.0,36,False,,0.7278,0.7725,,False,True,0.54,0.12,42.15,10.41,2.26,186.7,,OHLC,↑,HH/HL,自然回檔,False,268,2,GFS,AI_R13+SubSector_R12
INTC,2026-09-24,127.39,6.4,True,101.73,0.894,0.68,True,59.5,0.64,58.8,False,5.02,4.73,59.2,2.0,E 延伸,False,2:49,84.6,升,125.0,15,False,,3.3107,3.1512,,False,False,20.14,4.01,100.32,21.25,4.23,11134.5,,OHLC,↑,HH/HL,UT,False,268,2,INTC,AI_R13+SubSector_R12+Combined_R22
IPGP,2026-09-24,77.42,3.57,False,77.36,-0.288,-0.4,True,66.3,0.72,65.5,False,4.61,3.75,17.1,1.2,D 趨勢弱,False,2:49,84.6,升,171.0,19,False,,0.658,0.6882,,False,True,0.07,0.02,74.9,3.25,0.71,34.7,,OHLC,—,HH/HL,次級反彈,True,268,2,IPGP,AI_R13
LII,2026-09-24,367.78,11.32,False,385.04,-1.451,-1.03,True,75.9,0.34,75.5,True,3.08,3.44,19.5,1.2,D 趨勢弱,False,2:49,84.6,升,177.0,21,False,,3.5786,3.4561,,False,False,-4.69,-1.52,372.0,-1.15,-0.37,183.7,,OHLC,—,LH/LL,自然反彈,True,268,2,LII,SubSector_R12
LUV,2026-09-24,41.55,1.24,False,40.45,-0.058,-0.45,False,83.1,-0.02,83.1,True,2.99,2.16,21.8,-0.7,C 基底修復,False,2:49,84.6,升,102.0,12,False,,0.5397,0.558,,False,True,2.65,0.89,38.67,6.93,2.32,231.4,,OHLC,↑,HH/HL,自然回檔,False,268,2,LUV,SubSector_R12
MOD,2026-09-24,196.95,10.56,False,190.96,-0.35,-0.04,True,60.5,0.45,60.1,False,5.36,4.17,28.7,-1.5,D 趨勢弱,False,2:49,84.6,升,140.0,15,False,,2.6684,2.5545,,False,True,3.04,0.57,195.92,0.52,0.1,226.8,,OHLC,↑,HH/HL,自然回檔,False,268,2,MOD,AI_R13+SubSector_R12+Combined_R22
NXPI,2026-09-24,230.16,7.67,False,227.59,-0.179,-0.04,False,79.1,-0.16,79.3,True,3.33,2.57,16.1,2.5,D 趨勢弱,False,2:49,84.6,升,235.0,29,False,,1.9297,2.3078,,False,True,1.12,0.34,237.57,-3.22,-0.97,822.1,,OHLC,↓,LH/LL,自然回檔,False,268,2,NXPI,SubSector_R12
ON,2026-09-24,73.15,3.56,False,73.1,-0.376,-0.46,True,66.7,0.91,65.8,False,4.86,3.41,26.8,1.7,D 趨勢弱,False,2:49,84.6,升,225.0,20,False,,0.7843,0.7488,,False,True,0.06,0.01,76.14,-4.09,-0.84,781.7,,OHLC,↓,LH/LL,次級反彈,False,268,2,ON,SubSector_R12
PWR,2026-09-24,643.5,23.48,False,639.04,-1.505,-0.23,True,74.5,0.19,74.3,False,3.65,3.13,61.6,8.0,C 基底修復,False,2:49,84.6,升,102.0,12,False,,3.6445,3.362,,False,True,0.69,0.19,621.83,3.37,0.92,545.4,,OHLC,—,LH/LL,UT,True,268,2,PWR,AI_R13+SubSector_R12+Combined_R22
QCOM,2026-09-24,194.26,8.43,True,175.39,0.692,0.64,True,72.4,0.29,72.1,False,4.34,2.83,42.7,-1.1,E 延伸,False,2:49,84.6,升,231.0,35,False,,2.029,2.3795,,False,False,9.71,2.24,177.72,8.51,1.96,2588.4,,OHLC,↑,HH/HL,自然回檔,False,268,2,QCOM,AI_R13+Combined_R22
RDDT,2026-09-24,152.72,7.84,False,159.65,-0.035,-0.11,True,56.7,1.04,55.7,False,5.13,5.22,20.9,-6.0,D 趨勢弱,False,2:49,84.6,升,158.0,16,False,,0.3297,0.4845,,False,True,-4.54,-0.88,149.21,2.3,0.45,728.5,,OHLC,—,HH/HL,自然回檔,True,268,2,RDDT,SubSector_R12+Combined_R22
SMTC,2026-09-24,174.5,11.74,True,150.18,0.759,0.63,True,46.3,0.69,45.6,False,6.73,6.19,61.6,1.7,E 延伸,False,2:49,84.6,升,170.0,21,False,,1.4186,1.8514,,False,False,13.94,2.07,169.33,2.96,0.44,535.2,,OHLC,↑,HH/HL,自然反彈,False,268,2,SMTC,AI_R13+MP_R21_差一項
SYM,2026-09-24,44.04,1.9,True,42.05,0.055,0.31,True,67.6,0.97,66.6,False,4.32,3.77,16.0,0.2,D 趨勢弱,False,2:49,84.6,升,118.0,14,False,,0.2726,0.3075,,False,False,4.53,1.05,41.89,4.88,1.13,74.6,,OHLC,↑,HH/HL,自然回檔,False,268,2,SYM,AI_R13+SubSector_R12
TDOC,2026-09-24,6.14,0.26,False,6.39,-0.019,-0.48,True,61.2,0.61,60.6,False,4.2,5.17,36.2,-0.3,D 趨勢弱,False,2:49,84.6,升,160.0,20,False,,0.0359,0.0453,,False,True,-4.13,-0.98,,,,21.0,,OHLC,—,HH/HL,DT,False,268,2,TDOC,SubSector_R12
WMT,2026-09-24,107.59,2.17,False,107.28,-0.162,-0.26,False,89.4,-0.84,90.2,True,2.02,1.85,26.5,-9.9,D 趨勢弱,False,2:49,84.6,升,107.0,15,False,,0.4858,0.6313,,False,True,0.29,0.14,106.08,1.4,0.69,2478.1,,OHLC,↑,HH/HL,自然回檔,False,268,2,WMT,SubSector_R12
MSGS,2026-09-24,402.5,9.48,False,397.94,-0.4,-0.0,False,90.0,-0.05,90.1,True,2.35,1.38,76.3,12.6,A 待突破,False,2:29,74.6,升,91.0,8,False,,0.8824,0.5509,,False,True,1.13,0.48,401.88,0.15,0.07,114.4,,OHLC,—,LH/LL,自然反彈,True,268,2,MSGS,Combined_R22
FEIM,2026-09-24,84.54,5.11,True,75.82,0.404,0.45,True,45.0,0.45,44.5,False,6.05,7.25,62.0,0.2,E 延伸,False,2:01,60.7,升,84.0,11,False,,1.282,1.6807,,False,False,10.31,1.71,89.6,-5.99,-0.99,29.3,,OHLC,—,LH/LL,自然回檔,True,268,2,FEIM,MP_R21_差一項
CRWD,2026-09-24,259.67,12.84,True,222.47,0.956,0.46,True,61.2,0.81,60.4,False,4.95,4.44,64.4,-0.6,E 延伸,False,1:51,55.6,升,81.0,9,False,,3.6524,3.7767,,False,False,14.33,2.9,237.65,8.48,1.71,3011.5,,OHLC,↑,HH/HL,UT,False,268,2,CRWD,AI_R13+SubSector_R12+Combined_R22
VSAT,2026-09-24,73.72,4.18,False,74.27,-0.361,-0.34,True,60.0,1.94,58.1,False,5.68,3.96,57.0,-0.3,C 基底修復,False,1:39,49.4,升,77.0,6,False,,0.3442,0.4271,,False,True,-0.75,-0.13,71.48,3.04,0.54,127.3,,OHLC,—,LH/LL,自然回檔,True,268,2,VSAT,Combined_R22
DAL,2026-09-24,82.76,2.34,False,81.22,-0.113,-0.51,False,85.1,-0.11,85.2,True,2.83,1.92,50.4,0.5,C 基底修復,False,1:22,40.9,升,73.0,9,False,,0.7461,0.7179,,False,True,1.86,0.66,83.92,-1.4,-0.49,544.9,,OHLC,—,LH/LL,自然回檔,False,268,2,DAL,SubSector_R12
UAL,2026-09-24,111.19,4.04,False,111.86,-0.344,-0.48,False,78.6,-0.25,78.8,True,3.64,2.37,38.3,2.7,C 基底修復,False,1:19,39.6,升,72.0,9,False,,0.955,1.0226,,False,True,-0.6,-0.17,110.77,0.38,0.1,414.0,,OHLC,—,LH/LL,自然回檔,False,268,2,UAL,SubSector_R12
AAL,2026-09-24,13.35,0.46,False,13.44,-0.038,-0.56,False,77.7,-0.18,77.9,True,3.46,2.71,26.5,-2.2,C 基底修復,False,12:56,28.1,升,66.0,9,False,,0.1363,0.1388,,False,True,-0.71,-0.2,13.95,-4.49,-1.3,924.4,,OHLC,↓,LH/LL,自然反彈,False,268,2,AAL,SubSector_R12
CBRS,2026-09-24,206.41,13.64,False,204.68,-2.542,-0.29,True,44.7,0.42,44.3,False,6.61,6.77,22.8,-1.5,D 趨勢弱,False,12:14,6.9,升,54.0,7,False,,2.8374,2.9401,,False,True,0.84,0.13,184.24,10.74,1.63,1141.6,,OHLC,—,LH/LL,自然回檔,False,92,2,CBRS,Combined_R22
APLD,2026-09-24,27.06,1.76,False,27.19,-0.174,-0.18,True,49.5,0.03,49.4,False,6.49,5.59,24.8,-5.4,D 趨勢弱,False,12:08,3.9,升,52.0,6,False,,0.3716,0.4247,,False,True,-0.49,-0.08,26.42,2.37,0.36,417.1,,OHLC,↓,LH/LL,DT,False,268,2,APLD,AI_R13+Combined_R22
ASTS,2026-09-24,61.06,4.26,False,62.92,-0.482,-0.5,True,48.3,0.19,48.1,False,6.97,5.41,24.6,1.1,D 趨勢弱,False,12:02,0.9,升,51.0,6,False,,0.3235,0.3282,,False,True,-3.04,-0.44,57.27,6.21,0.89,599.7,,OHLC,—,HH/HL,自然回檔,True,268,2,ASTS,SubSector_R12+RateHike_R2_受惠
BA,2026-09-24,196.8,5.57,False,208.33,-1.08,-1.07,False,84.3,-0.24,84.5,True,2.83,2.08,10.1,-2.9,D 趨勢弱,False,5:25,162.3,跌,40.0,7,False,1.0,-0.5615,-0.5505,-2.5802,False,False,-5.86,-2.07,201.15,-2.21,-0.78,1317.0,,OHLC,↓,LH/LL,DT,False,268,1,BA,SubSector_R12+Combined_R22
DNTH,2026-09-24,90.71,5.46,False,105.13,-0.606,-0.69,False,61.6,-0.56,62.2,False,6.02,3.28,34.7,-2.4,D 趨勢弱,True,8:49,264.6,跌,188.0,26,False,2.0,-1.6267,-1.4358,-1.6267,False,False,-15.9,-2.64,107.69,-18.72,-3.11,84.5,,OHLC,↓,LH/LL,DT,False,268,1,DNTH,Combined_R22
MBX,2026-09-24,55.39,3.28,False,63.17,-0.419,-0.37,False,60.0,-1.5,61.5,False,5.92,3.71,42.0,-4.3,D 趨勢弱,True,8:49,264.6,跌,232.0,51,False,2.0,-0.5423,-0.262,-1.2497,False,False,-14.05,-2.37,62.99,-13.72,-2.32,31.1,,OHLC,↓,LH/LL,DT,False,268,1,MBX,Combined_R22
RAPP,2026-09-24,33.83,2.62,False,43.89,-0.972,-1.16,False,50.9,-0.18,51.1,False,7.76,3.95,16.1,-1.1,D 趨勢弱,True,8:49,264.6,跌,262.0,18,False,2.0,-1.2255,-1.0713,-1.2255,False,False,-29.73,-3.83,41.47,-22.58,-2.91,18.3,,OHLC,↓,LH/LL,DT,False,268,1,RAPP,Combined_R22
SGMT,2026-09-24,9.11,0.68,False,10.47,-0.106,0.28,False,51.0,-9.27,60.3,False,7.46,4.23,41.0,-38.2,D 趨勢弱,True,8:49,264.6,跌,152.0,18,False,2.0,-0.2145,-0.111,-0.2145,False,False,-14.96,-2.01,11.09,-21.73,-2.91,11.5,,OHLC,↓,LH/LL,DT,False,268,1,SGMT,MP_R21_差一項
AA,2026-09-24,42.68,1.89,False,48.82,-0.461,-0.82,False,71.0,-0.61,71.6,False,4.43,3.01,18.5,-4.1,D 趨勢弱,True,8:14,246.8,跌,87.0,11,False,2.0,-0.6154,-0.5765,-0.6209,False,False,-14.39,-3.25,51.28,-20.15,-4.55,180.1,,OHLC,↓,LH/LL,DT,False,268,1,AA,SubSector_R12
ELVN,2026-09-24,45.17,2.3,False,54.27,-0.303,-1.36,False,70.1,-0.07,70.2,False,5.08,2.53,35.4,-4.4,D 趨勢弱,True,8:49,264.6,跌,240.0,30,False,3.0,-1.2077,-1.2023,-1.2377,False,False,-20.14,-3.96,50.24,-11.22,-2.21,74.6,,OHLC,↓,LH/LL,DT,False,268,1,ELVN,Combined_R22
Z,2026-09-24,28.14,1.54,False,33.0,-0.305,-0.56,False,63.9,-0.54,64.5,False,5.48,3.34,0.0,0.0,D 趨勢弱,True,8:49,264.6,跌,173.0,18,False,3.0,-0.455,-0.4064,-0.5012,False,False,-17.29,-3.16,30.95,-9.99,-1.82,123.6,,OHLC,↓,LH/LL,DT,False,268,1,Z,SubSector_R12
PNC,2026-09-24,223.34,4.58,False,239.97,-0.865,-1.03,False,92.2,-0.01,92.2,True,2.05,1.18,21.3,-0.7,C 基底修復,False,5:15,157.3,跌,37.0,8,False,3.0,-1.6299,-1.5008,-1.7313,False,False,-7.45,-3.63,246.96,-10.58,-5.16,398.7,,OHLC,↓,LH/LL,DT,False,268,1,PNC,SubSector_R12+Combined_R22+RateHike_R2_迴避
PVLA,2026-09-24,146.07,6.77,False,151.11,-0.266,-0.05,False,61.0,-0.48,61.5,False,4.64,4.79,58.2,-1.6,C 基底修復,False,3:51,115.3,跌,14.0,2,False,3.0,-0.6023,-0.1689,-1.7653,False,True,-3.45,-0.74,152.22,-4.21,-0.91,32.5,,OHLC,—,HH/HL,DT,True,268,1,PVLA,Combined_R22
MLM,2026-09-24,480.1,13.16,False,511.97,-2.585,-0.71,False,85.9,-0.35,86.2,True,2.74,1.86,5.3,-1.7,D 趨勢弱,False,3:31,105.5,跌,9.0,1,False,3.0,-0.6008,0.0688,-2.5192,False,False,-6.64,-2.42,517.07,-7.7,-2.81,428.8,,OHLC,↓,LH/LL,DT,False,268,1,MLM,SubSector_R12
OPEN,2026-09-24,2.53,0.17,False,3.15,-0.02,-0.75,True,53.5,0.32,53.2,False,6.65,4.44,10.0,0.0,D 趨勢弱,False,10:42,320.8,升,28.0,3,False,4.0,0.0041,0.0041,,False,False,-24.51,-3.69,2.76,-9.09,-1.37,87.4,,OHLC,—,LH/LL,DT,True,268,1,OPEN,SubSector_R12
ALEC,2026-09-24,1.92,0.18,False,2.2,-0.003,0.32,False,38.0,-1.03,39.0,False,9.2,6.29,5.0,-22.8,D 趨勢弱,True,7:11,215.6,跌,70.0,12,False,4.0,-0.0492,-0.0528,-0.0851,True,False,-14.81,-1.61,2.02,-5.21,-0.57,3.2,,OHLC,—,LH/LL,自然回檔,True,268,1,ALEC,SubSector_R12
JEF,2026-09-24,46.24,1.74,False,51.2,-0.291,-0.95,False,79.7,-0.35,80.0,True,3.77,2.03,11.5,-7.2,D 趨勢弱,False,5:52,176.2,跌,48.0,9,False,4.0,-0.5082,-0.5231,-0.6385,True,False,-10.72,-2.84,53.13,-14.9,-3.95,106.1,,OHLC,↓,LH/LL,DT,False,268,1,JEF,SubSector_R12
VOYA,2026-09-24,96.09,2.38,False,100.9,-0.051,-0.14,False,90.1,-0.18,90.3,True,2.48,1.24,51.3,-4.0,C 基底修復,False,5:40,170.0,跌,44.0,8,False,4.0,-0.8172,-0.691,-0.8172,False,False,-5.01,-2.02,104.19,-8.43,-3.4,123.4,,OHLC,↓,LH/LL,DT,False,268,1,VOYA,Combined_R22
TEL,2026-09-24,213.67,6.14,False,206.37,-0.101,-0.14,False,84.7,-0.16,84.9,True,2.87,1.96,35.7,-0.8,D 趨勢弱,False,11:47,353.7,升,47.0,5,False,5.0,1.1425,1.062,,False,False,3.41,1.19,,,,413.5,,OHLC,—,LH/LL,UT,False,268,1,TEL,AI_R13+SubSector_R12
WDC,2026-09-24,450.31,28.63,False,459.89,-0.079,0.07,False,51.1,-1.13,52.2,False,6.36,5.31,54.9,8.7,D 趨勢弱,False,11:00,330.0,升,33.0,4,False,5.0,4.1833,4.6224,,False,True,-2.13,-0.33,407.12,9.59,1.51,2922.0,,OHLC,—,HH/HL,自然回檔,True,268,1,WDC,AI_R13+SubSector_R12+Combined_R22
VCYT,2026-09-24,48.54,2.37,True,42.58,0.256,-0.1,False,60.5,-1.01,61.5,False,4.89,4.64,51.7,12.9,C 基底修復,False,10:39,319.7,升,28.0,4,False,5.0,0.8498,0.4567,,False,False,12.27,2.51,38.24,21.21,4.34,61.1,,OHLC,↑,HH/HL,UT,False,268,1,VCYT,Combined_R22
NTLA,2026-09-24,12.16,0.67,False,12.39,-0.012,0.12,False,60.5,-0.42,60.9,False,5.54,3.99,20.0,-8.2,D 趨勢弱,False,10:13,306.3,升,20.0,3,False,5.0,0.0191,0.0248,,False,True,-1.93,-0.35,12.69,-4.36,-0.79,48.4,,OHLC,—,LH/LL,DT,True,268,1,NTLA,SubSector_R12
ALB,2026-09-24,108.25,5.33,False,125.73,-0.688,-0.65,False,70.2,-1.17,71.4,False,4.92,2.67,8.5,-0.6,D 趨勢弱,True,8:49,264.6,跌,143.0,15,False,5.0,-1.1621,-1.0881,-2.7856,False,False,-16.14,-3.28,115.05,-6.28,-1.28,313.1,,OHLC,↓,LH/LL,DT,False,268,1,ALB,SubSector_R12
ARVN,2026-09-24,7.79,0.37,False,8.74,-0.06,-0.34,False,69.8,-0.48,70.3,False,4.77,2.9,0.3,-0.1,D 趨勢弱,True,8:49,264.6,跌,258.0,19,False,5.0,-0.1102,-0.1021,-0.1595,False,False,-12.14,-2.54,8.51,-9.24,-1.94,7.3,,OHLC,↓,LH/LL,DT,False,268,1,ARVN,SubSector_R12
CCJ,2026-09-24,88.12,3.61,False,97.6,-0.398,-0.37,False,74.5,-0.36,74.9,False,4.1,2.67,0.1,-4.2,D 趨勢弱,True,8:49,264.6,跌,107.0,17,False,5.0,-0.8924,-0.7488,-1.3342,False,False,-10.76,-2.62,94.59,-7.34,-1.79,277.5,,OHLC,↓,LH/LL,DT,False,268,1,CCJ,AI_R13+SubSector_R12+Combined_R22+RateHike_R2_迴避
CRVS,2026-09-24,11.8,0.71,False,13.52,-0.115,-0.6,False,61.7,-2.99,64.7,False,6.05,3.23,14.3,-4.7,D 趨勢弱,True,8:49,264.6,跌,129.0,23,False,5.0,-0.1102,-0.0728,-0.2826,False,False,-14.56,-2.41,13.44,-13.9,-2.3,14.7,,OHLC,↓,LH/LL,DT,False,268,1,CRVS,SubSector_R12
DNLI,2026-09-24,20.47,0.86,False,22.22,-0.2,-1.29,False,71.6,-0.1,71.7,False,4.21,3.13,15.8,0.3,D 趨勢弱,True,8:49,264.6,跌,256.0,23,False,5.0,-0.0294,-0.0591,-0.3491,True,False,-8.54,-2.03,21.6,-5.52,-1.31,34.4,,OHLC,↓,LH/LL,自然回檔,False,268,1,DNLI,SubSector_R12
DNN,2026-09-24,2.63,0.16,False,3.23,-0.029,-0.44,False,58.8,-2.9,61.7,False,6.12,3.78,0.0,-10.1,D 趨勢弱,True,8:49,264.6,跌,143.0,17,False,5.0,-0.0508,-0.0437,-0.0783,False,False,-22.64,-3.7,2.93,-11.41,-1.86,73.5,,OHLC,↓,LH/LL,DT,False,268,1,DNN,SubSector_R12
FLR,2026-09-24,50.63,2.03,False,53.96,-0.061,0.04,False,70.8,-1.48,72.3,False,4.01,3.47,49.2,-16.9,C 基底修復,True,8:49,264.6,跌,140.0,11,False,5.0,-0.4494,-0.2562,-0.4494,False,False,-6.57,-1.64,56.0,-10.61,-2.65,125.8,,OHLC,—,LH/LL,自然回檔,False,268,1,FLR,SubSector_R12+Combined_R22
KGC,2026-09-24,24.42,1.33,False,29.63,-0.328,-0.04,False,63.2,-8.41,71.7,False,5.46,3.51,0.0,-21.4,D 趨勢弱,True,8:49,264.6,跌,179.0,17,False,5.0,-0.563,-0.3813,-0.5926,False,False,-21.32,-3.91,28.49,-16.67,-3.05,225.3,,OHLC,↓,LH/LL,DT,False,268,1,KGC,SubSector_R12
ORCL,2026-09-24,139.54,7.34,False,149.29,-0.899,-0.1,False,64.5,-2.06,66.6,False,5.26,3.45,11.4,-12.1,D 趨勢弱,True,8:49,264.6,跌,106.0,9,False,5.0,-1.2075,-0.8099,-1.3515,False,False,-6.99,-1.33,146.47,-4.97,-0.94,5024.1,,OHLC,↓,LH/LL,DT,False,268,1,ORCL,AI_R13+Combined_R22
SANA,2026-09-24,2.96,0.23,False,3.45,-0.022,-0.43,False,48.4,-0.98,49.4,False,7.66,4.7,0.0,-1.1,D 趨勢弱,True,8:49,264.6,跌,158.0,17,False,5.0,-0.0364,-0.0344,-0.1153,False,False,-16.48,-2.15,3.2,-8.11,-1.06,12.6,,OHLC,—,LH/LL,DT,True,268,1,SANA,SubSector_R12
UEC,2026-09-24,9.47,0.61,False,11.33,-0.094,-0.49,False,56.6,-1.65,58.3,False,6.44,3.93,0.0,0.0,D 趨勢弱,True,8:49,264.6,跌,149.0,16,False,5.0,-0.1706,-0.1625,-0.2877,False,False,-19.65,-3.05,10.33,-9.08,-1.41,96.7,,OHLC,↓,LH/LL,DT,False,268,1,UEC,SubSector_R12+RateHike_R2_迴避
USAR,2026-09-24,15.38,1.08,False,17.46,-0.107,-0.46,False,49.6,-0.17,49.8,False,7.0,5.04,0.0,-6.6,D 趨勢弱,True,8:45,262.3,跌,96.0,18,False,5.0,-0.0434,-0.0182,-0.3301,False,False,-13.51,-1.93,16.99,-10.47,-1.5,218.4,,OHLC,—,LH/LL,DT,True,268,1,USAR,SubSector_R12
SNDK,2026-09-24,1753.62,114.62,True,1624.14,12.19,0.77,False,42.1,-0.03,42.2,False,6.54,7.58,60.1,-1.6,E 延伸,False,12:05,2.3,升,51.0,5,False,5.0,16.6123,21.8396,,False,False,7.38,1.13,1568.87,10.54,1.61,17801.9,,OHLC,↑,HH/HL,自然回檔,False,268,1,SNDK,AI_R13+SubSector_R12
CDNS,2026-09-24,322.0,11.02,False,305.92,-0.204,-0.47,False,78.4,-0.38,78.8,True,3.42,2.61,26.3,11.7,C 基底修復,False,11:26,342.9,升,41.0,4,False,6.0,4.7094,3.0705,,False,False,4.99,1.46,347.55,-7.93,-2.32,799.4,,OHLC,↓,LH/LL,自然反彈,False,268,1,CDNS,AI_R13+SubSector_R12+Combined_R22+RateHike_R2_受惠
OUST,2026-09-24,41.37,2.6,False,38.71,-0.201,-0.52,True,46.3,1.48,44.8,False,6.29,6.63,53.3,-2.8,D 趨勢弱,False,11:17,338.6,升,38.0,5,False,6.0,0.9198,0.7532,,False,False,6.44,1.02,39.38,4.81,0.76,73.5,,OHLC,↑,HH/HL,UT,False,268,1,OUST,Combined_R22
BIRK,2026-09-24,31.79,1.26,False,35.25,-0.119,-0.61,True,74.3,0.99,73.3,False,3.96,2.85,15.1,1.1,D 趨勢弱,False,11:03,331.3,升,34.0,4,False,6.0,0.28,0.2152,,False,False,-10.89,-2.75,29.93,5.85,1.48,71.4,,OHLC,—,HH/HL,自然反彈,False,268,1,BIRK,Combined_R22
MPWR,2026-09-24,1335.55,53.53,False,1267.36,-3.549,-0.2,True,71.1,0.33,70.8,False,4.01,3.41,53.5,1.6,C 基底修復,False,10:50,324.8,升,30.0,4,False,6.0,24.1452,23.3327,,False,False,5.11,1.27,1380.62,-3.37,-0.84,924.1,,OHLC,—,LH/LL,自然回檔,False,268,1,MPWR,SubSector_R12+Combined_R22
ALLO,2026-09-24,1.67,0.1,False,1.9,-0.017,-0.75,False,59.8,-0.02,59.8,False,6.04,3.64,9.3,0.0,D 趨勢弱,True,8:49,264.6,跌,205.0,19,False,6.0,-0.0135,-0.0164,-0.0389,True,False,-13.62,-2.26,1.73,-3.59,-0.59,10.2,,OHLC,—,LH/LL,DT,True,268,1,ALLO,SubSector_R12
KNSA,2026-09-24,75.34,2.66,False,78.19,-0.077,-0.03,False,72.3,-0.06,72.4,False,3.53,3.66,59.8,-12.5,C 基底修復,True,8:49,264.6,跌,247.0,30,False,6.0,-0.4766,-0.3939,-0.8782,False,False,-3.78,-1.07,79.33,-5.3,-1.5,42.0,,OHLC,—,LH/LL,DT,True,268,1,KNSA,Combined_R22
OWL,2026-09-24,9.25,0.41,False,11.15,-0.174,-1.03,False,72.5,-1.72,74.3,False,4.41,2.74,10.5,-0.9,D 趨勢弱,True,8:49,264.6,跌,179.0,26,False,6.0,-0.1814,-0.1743,-0.2417,False,False,-20.58,-4.67,11.84,-28.0,-6.35,220.2,,OHLC,↓,LH/LL,DT,False,268,1,OWL,SubSector_R12
RCUS,2026-09-24,25.06,1.38,False,27.51,-0.129,-0.36,False,65.5,-2.77,68.2,False,5.49,3.02,36.0,-7.9,D 趨勢弱,True,8:49,264.6,跌,133.0,18,False,6.0,-0.0934,-0.0771,-0.7392,False,False,-9.76,-1.78,26.87,-7.22,-1.32,45.0,,OHLC,↓,LH/LL,自然回檔,False,268,1,RCUS,Combined_R22
TSEM,2026-09-24,217.28,13.7,False,221.63,-1.71,-0.28,False,49.9,-1.56,51.5,False,6.31,5.65,45.9,-5.4,D 趨勢弱,False,1:39,49.4,升,77.0,6,False,6.0,3.0458,4.0394,,False,True,-2.0,-0.32,222.34,-2.33,-0.37,409.0,,OHLC,↓,LH/LL,DT,False,268,1,TSEM,AI_R13
FN,2026-09-24,398.36,22.77,False,439.9,-4.466,-0.83,True,54.7,1.0,53.7,False,5.72,5.1,17.8,-2.7,D 趨勢弱,False,1:22,40.9,升,73.0,5,False,6.0,4.15,3.8888,,False,False,-10.43,-1.82,392.68,1.43,0.25,318.9,,OHLC,—,LH/LL,UT,True,268,1,FN,AI_R13+Combined_R22
AAOI,2026-09-24,101.03,8.42,False,116.8,-1.372,-0.78,True,36.2,0.49,35.7,False,8.33,7.8,34.3,-4.6,D 趨勢弱,False,12:22,11.1,升,56.0,4,False,6.0,0.6796,0.7721,,False,False,-15.61,-1.87,105.36,-4.29,-0.51,691.5,,OHLC,—,LH/LL,DT,True,268,1,AAOI,SubSector_R12+Combined_R22
LWLG,2026-09-24,5.28,0.37,False,5.72,-0.117,-1.33,True,45.0,0.7,44.3,False,7.09,6.18,20.1,-2.1,D 趨勢弱,False,12:00,0.0,升,50.0,6,False,6.0,0.1016,0.1015,,False,False,-8.28,-1.17,5.52,-4.55,-0.64,13.4,,OHLC,↓,LH/LL,自然回檔,False,268,1,LWLG,AI_R13
BRKR,2026-09-24,64.0,3.14,True,58.23,0.154,0.37,False,60.7,-0.38,61.1,False,4.9,4.59,66.3,-2.8,E 延伸,False,1:12,36.0,升,70.0,7,False,7.0,0.6879,0.5311,,False,False,9.02,1.84,59.67,6.77,1.38,130.8,,OHLC,↑,HH/HL,UT,False,268,1,BRKR,Combined_R22
ANET,2026-09-24,205.7,7.97,False,195.8,-0.606,0.1,True,71.9,0.38,71.5,False,3.88,3.4,75.2,1.3,B 上升結構,False,12:42,20.8,升,62.0,5,False,7.0,0.8952,0.8443,,False,False,4.81,1.24,187.81,8.7,2.24,941.1,,OHLC,↑,HH/HL,UT,False,268,1,ANET,AI_R13+SubSector_R12+Combined_R22
CHWY,2026-09-24,18.32,1.03,False,21.83,-0.179,-0.7,False,64.7,-0.24,65.0,False,5.6,3.06,0.0,0.0,D 趨勢弱,True,8:49,264.6,跌,184.0,20,False,8.0,-0.3968,-0.3649,-0.4337,False,False,-19.18,-3.42,21.35,-16.54,-2.95,223.9,,OHLC,↓,LH/LL,DT,False,268,1,CHWY,SubSector_R12
RHI,2026-09-24,35.79,1.61,False,41.49,-0.171,-0.44,False,66.2,-1.81,68.0,False,4.49,3.88,42.1,-3.0,D 趨勢弱,True,8:49,264.6,跌,267.0,21,False,8.0,-0.4186,-0.4081,-1.0764,False,False,-15.91,-3.55,37.99,-6.15,-1.37,70.7,,OHLC,↓,LH/LL,DT,False,268,1,RHI,SubSector_R12
CSTL,2026-09-24,35.19,1.54,True,33.48,0.127,0.49,False,70.6,-0.17,70.8,False,4.37,3.14,61.3,-5.1,B 上升結構,False,4:16,128.2,跌,21.0,3,False,8.0,-0.0792,-0.0646,-0.4239,False,False,4.86,1.11,36.85,-4.72,-1.08,11.3,,OHLC,—,LH/LL,自然回檔,False,268,1,CSTL,MP_R21_差一項
ILMN,2026-09-24,273.9,11.45,True,229.2,1.975,1.57,False,72.6,-1.29,73.9,False,4.18,2.96,65.0,-0.6,E 延伸,False,12:52,25.9,升,64.0,7,False,8.0,4.7497,3.4566,,False,False,16.32,3.91,238.82,12.81,3.06,888.3,,OHLC,↑,HH/HL,UT,False,268,1,ILMN,SubSector_R12
NCLH,2026-09-24,14.19,0.6,False,15.75,-0.121,-1.35,True,73.2,0.21,73.0,False,4.21,2.81,0.0,0.0,D 趨勢弱,False,10:22,310.8,升,23.0,3,False,9.0,0.056,0.0354,,False,False,-11.02,-2.62,15.03,-5.92,-1.4,260.0,,OHLC,—,LH/LL,DT,True,268,1,NCLH,SubSector_R12
BDSX,2026-09-24,29.4,1.94,True,26.79,0.179,0.47,False,52.0,-0.3,52.3,False,6.61,4.84,82.9,10.5,B 上升結構,False,10:03,301.3,升,17.0,2,False,9.0,0.0353,0.0197,,False,False,8.89,1.34,28.15,4.25,0.64,2.3,,OHLC,↑,HH/HL,UT,False,268,1,BDSX,MP_R21_差一項
EPAM,2026-09-24,106.99,4.99,True,112.42,0.319,0.76,False,66.8,-1.31,68.1,False,4.66,3.59,35.7,-3.3,D 趨勢弱,False,5:52,175.9,跌,48.0,7,False,9.0,-1.8551,-1.5627,-1.8551,False,False,-5.07,-1.09,,,,130.4,,OHLC,—,HH/HL,DT,False,268,1,EPAM,SubSector_R12
KARO,2026-09-24,62.01,2.35,False,64.52,-0.065,0.13,False,77.3,-2.52,79.8,True,3.79,2.45,57.7,-7.5,C 基底修復,False,5:00,150.0,跌,33.0,4,False,9.0,-0.5334,-0.3469,-0.73,False,False,-4.05,-1.07,64.12,-3.4,-0.9,4.6,,OHLC,↓,LH/LL,DT,False,268,1,KARO,Combined_R22
W,2026-09-24,97.67,5.04,False,101.61,-0.205,-0.12,False,58.5,-0.16,58.6,False,5.16,4.81,48.9,-15.7,C 基底修復,False,3:24,102.2,跌,7.0,1,False,9.0,-0.3237,0.0555,-1.6216,False,True,-4.04,-0.78,97.45,0.23,0.04,244.7,,OHLC,—,HH/HL,自然回檔,True,268,1,W,SubSector_R12
TWST,2026-09-24,184.03,11.32,True,144.26,2.689,0.92,False,50.4,-0.46,50.9,False,6.15,5.68,65.0,0.6,E 延伸,False,11:18,339.1,升,38.0,6,False,10.0,3.3416,2.2125,,False,False,21.61,3.51,158.5,13.87,2.25,281.2,,OHLC,↑,HH/HL,UT,False,268,1,TWST,MP_R21_差一項
LCID,2026-09-24,4.15,0.33,False,4.79,-0.046,-0.95,True,39.6,0.84,38.7,False,8.07,6.87,10.0,0.0,D 趨勢弱,False,10:38,319.2,升,27.0,5,False,10.0,0.0579,0.0547,,False,False,-15.54,-1.93,4.28,-3.13,-0.39,54.8,,OHLC,—,LH/LL,次級回檔,True,268,1,LCID,SubSector_R12
EXR,2026-09-24,132.23,2.62,False,139.68,-0.412,-0.94,False,92.1,-0.09,92.2,True,1.99,1.27,18.5,-1.2,D 趨勢弱,False,4:27,133.6,跌,24.0,3,False,10.0,-0.3129,-0.177,-0.8188,False,False,-5.63,-2.84,139.4,-5.42,-2.73,208.4,,OHLC,↓,LH/LL,DT,False,268,1,EXR,SubSector_R12
GL,2026-09-24,167.32,3.48,False,173.43,-0.497,-0.75,False,90.9,-0.03,90.9,True,2.08,1.46,51.9,-1.0,C 基底修復,False,3:47,113.4,跌,13.0,2,False,10.0,-0.2879,-0.1198,-1.6899,False,False,-3.65,-1.75,176.22,-5.32,-2.55,69.6,,OHLC,↓,LH/LL,DT,False,268,1,GL,Combined_R22
MNST,2026-09-24,42.67,0.99,False,45.39,-0.083,-0.36,False,89.3,-0.89,90.2,True,2.33,1.55,45.3,-4.9,D 趨勢弱,False,3:30,105.0,跌,8.0,1,False,10.0,-0.0051,0.0784,-0.4621,False,False,-6.38,-2.74,44.71,-4.78,-2.05,425.8,,OHLC,—,LH/LL,DT,True,268,1,MNST,SubSector_R12
ONON,2026-09-24,30.46,1.25,False,29.05,-0.073,-0.76,True,69.2,0.46,68.8,False,4.1,3.68,9.3,-3.5,D 趨勢弱,False,2:03,61.6,升,84.0,10,False,10.0,0.6341,0.5446,,False,False,4.62,1.13,27.47,9.82,2.4,308.0,,OHLC,—,LH/LL,UT,False,268,1,ONON,SubSector_R12
DDOG,2026-09-24,256.92,12.11,False,232.35,-0.046,-0.11,True,63.0,0.8,62.2,False,4.71,4.31,67.2,-2.0,E 延伸,False,1:42,50.9,升,78.0,9,False,11.0,4.5395,4.0964,,False,False,9.56,2.03,229.92,10.51,2.23,833.9,,OHLC,↑,HH/HL,UT,False,268,1,DDOG,SubSector_R12+Combined_R22
PPHC,2026-09-24,11.44,0.89,False,11.99,-0.023,0.91,False,48.8,-0.92,49.7,False,7.81,4.44,42.6,0.2,C 基底修復,False,3:45,112.5,跌,12.0,1,False,12.0,-0.046,0.0043,-0.1189,False,True,-4.77,-0.61,11.78,-2.97,-0.38,3.6,,OHLC,—,HH/HL,DT,False,166,1,PPHC,MP_R21_差一項
ADPT,2026-09-24,29.57,1.23,True,26.19,0.187,0.57,False,71.1,-0.3,71.4,False,4.17,3.26,67.4,-2.0,E 延伸,False,1:48,54.0,升,80.0,7,False,12.0,0.311,0.2535,,False,False,11.42,2.74,27.86,5.78,1.39,59.4,,OHLC,↑,HH/HL,UT,False,268,1,ADPT,Combined_R22
HPE,2026-09-24,63.52,3.57,True,55.98,0.169,0.3,False,59.2,-0.29,59.5,False,5.61,4.19,65.0,0.0,E 延伸,False,1:08,33.9,升,69.0,12,False,12.0,0.5605,0.5148,,False,False,11.86,2.11,55.41,12.77,2.27,1588.1,,OHLC,↑,HH/HL,UT,False,268,1,HPE,AI_R13+Combined_R22
PANW,2026-09-24,389.92,18.19,False,360.74,-0.037,0.04,True,65.9,0.8,65.1,False,4.66,3.76,63.5,-2.9,E 延伸,False,12:28,13.8,升,58.0,8,False,12.0,3.8828,3.6374,,False,False,7.48,1.6,363.58,6.76,1.45,2609.7,,OHLC,↑,HH/HL,UT,False,268,1,PANW,AI_R13+SubSector_R12+Combined_R22
LPTH,2026-09-24,10.06,0.85,False,11.21,-0.112,-0.43,True,38.3,1.65,36.6,False,8.44,6.93,9.1,-0.0,D 趨勢弱,False,12:29,14.7,升,58.0,4,False,13.0,0.1088,0.087,,False,False,-11.4,-1.35,10.11,-0.5,-0.06,37.5,,OHLC,—,LH/LL,次級反彈,True,268,1,LPTH,AI_R13
KTOS,2026-09-24,47.02,2.5,False,51.57,-0.613,-1.08,True,63.4,0.81,62.6,False,5.31,3.63,4.3,2.3,D 趨勢弱,False,11:05,332.6,升,35.0,4,False,14.0,0.0593,0.0076,,False,False,-9.67,-1.82,48.59,-3.34,-0.63,176.4,,OHLC,—,LH/LL,DT,True,268,1,KTOS,SubSector_R12
ENPH,2026-09-24,32.82,1.89,False,36.66,-0.353,-0.7,True,61.4,0.26,61.1,False,5.76,3.59,2.9,-1.1,D 趨勢弱,False,4:52,146.2,跌,31.0,5,False,14.0,-0.2305,-0.1764,-0.4107,False,False,-11.7,-2.03,,,,163.3,,OHLC,—,HH/HL,DT,False,268,1,ENPH,SubSector_R12
ARM,2026-09-24,306.34,18.95,True,270.96,2.817,0.76,False,51.6,-3.4,55.0,False,6.19,5.35,50.0,-0.4,E 延伸,False,2:49,84.6,升,99.0,14,False,14.0,9.2876,10.8626,,False,False,11.55,1.87,239.01,21.98,3.55,1441.6,,OHLC,↑,HH/HL,自然回檔,False,268,1,ARM,AI_R13+SubSector_R12+Combined_R22
FORM,2026-09-24,129.04,7.29,False,113.29,-0.116,0.13,True,49.3,0.27,49.0,False,5.65,6.47,47.3,-1.8,E 延伸,False,2:49,84.6,升,101.0,12,False,14.0,3.0738,2.9848,,False,False,12.2,2.16,112.47,12.84,2.27,127.4,,OHLC,↑,HH/HL,UT,False,268,1,FORM,AI_R13
RMBS,2026-09-24,104.55,5.12,True,90.71,0.042,0.1,False,61.7,-0.15,61.9,False,4.89,4.38,17.0,4.7,E 延伸,False,2:49,84.6,升,149.0,13,False,14.0,2.9804,2.7892,,False,False,13.24,2.71,,,,249.9,,OHLC,—,LH/LL,UT,False,268,1,RMBS,AI_R13
BIDU,2026-09-24,88.08,2.85,False,93.64,-0.41,-0.66,False,78.6,-0.39,79.0,True,3.24,2.77,19.3,-3.1,D 趨勢弱,False,11:34,347.1,升,43.0,6,False,,0.244,0.3839,,False,False,-6.32,-1.95,92.43,-4.94,-1.53,245.2,,OHLC,↓,LH/LL,DT,False,268,1,BIDU,AI_R13
MTZ,2026-09-24,211.95,13.05,False,245.21,-2.048,-0.69,True,54.6,0.36,54.3,False,6.16,4.66,1.1,0.5,D 趨勢弱,False,11:11,335.5,升,36.0,4,False,,1.0099,1.1915,,False,False,-15.69,-2.55,222.9,-5.17,-0.84,343.8,,OHLC,↓,LH/LL,DT,False,268,1,MTZ,SubSector_R12
NRG,2026-09-24,97.85,4.4,False,111.61,-0.717,-0.74,False,67.8,-0.23,68.1,False,4.49,3.56,1.1,-4.0,D 趨勢弱,True,6:28,193.9,跌,58.0,7,False,,-0.7552,-0.5874,-1.8245,False,False,-14.06,-3.13,116.14,-18.69,-4.16,299.7,,OHLC,↓,LH/LL,DT,False,268,1,NRG,AI_R13+SubSector_R12
DK,2026-09-24,66.91,4.44,False,73.23,-0.342,0.49,False,57.1,-3.59,60.6,False,6.63,3.65,58.2,-8.8,C 基底修復,True,6:19,189.3,跌,55.0,4,False,,-1.2205,-0.7121,-1.3322,False,False,-9.45,-1.42,71.47,-6.82,-1.03,197.6,,OHLC,↓,LH/LL,DT,False,268,1,DK,MP_R21_差一項
FLUT,2026-09-24,81.89,4.34,False,96.6,-0.503,-0.31,False,65.4,-1.96,67.4,False,5.3,3.23,0.0,0.0,D 趨勢弱,True,6:06,182.8,跌,52.0,7,False,,-1.6946,-1.4495,-1.6946,False,False,-17.96,-3.39,88.62,-8.22,-1.55,287.1,,OHLC,↓,LH/LL,DT,False,268,1,FLUT,SubSector_R12
OSCR,2026-09-24,28.87,1.85,True,31.56,0.018,0.51,False,57.6,-2.48,60.1,False,6.42,3.72,50.8,-5.8,C 基底修復,False,5:42,170.9,跌,45.0,5,False,,-0.3907,-0.2562,-0.445,False,False,-9.31,-1.45,,,,176.2,,OHLC,—,HH/HL,DT,False,268,1,OSCR,SubSector_R12
IRD,2026-09-24,4.87,0.47,False,5.48,-0.004,0.01,True,38.5,0.74,37.8,False,9.65,5.65,43.6,-0.5,E 延伸,False,4:36,138.0,跌,27.0,3,False,,-0.0912,-0.0674,-0.0912,False,False,-12.58,-1.3,4.34,10.88,1.13,28.4,,OHLC,↑,HH/HL,自然回檔,False,268,1,IRD,MP_R21
TITN,2026-09-24,23.48,1.27,True,21.73,0.103,0.38,False,58.3,-0.75,59.1,False,5.41,4.59,60.6,-3.0,E 延伸,False,4:31,135.5,跌,25.0,3,False,,-0.1136,-0.0429,-0.1241,False,False,7.44,1.37,23.72,-1.02,-0.19,7.7,,OHLC,—,HH/HL,自然回檔,True,268,1,TITN,MP_R21_差一項
CGNX,2026-09-24,57.7,2.17,False,61.2,-0.144,-0.63,True,73.8,1.03,72.8,False,3.76,3.15,49.0,-3.9,C 基底修復,False,4:05,122.4,跌,18.0,2,False,,-0.2421,-0.1369,-0.7098,False,False,-6.07,-1.61,61.99,-7.44,-1.98,89.8,,OHLC,↓,LH/LL,DT,False,268,1,CGNX,Combined_R22
NJR,2026-09-24,51.06,1.04,False,53.71,-0.164,-0.45,False,92.2,-0.42,92.6,True,2.03,1.21,21.7,-3.9,D 趨勢弱,False,3:28,103.8,跌,8.0,1,False,,-0.088,0.0083,-0.6849,False,False,-5.2,-2.55,54.31,-6.37,-3.13,35.1,,OHLC,↓,LH/LL,DT,False,268,1,NJR,SubSector_R12
AAON,2026-09-24,84.27,3.95,False,79.3,-0.121,-0.57,True,67.1,0.1,67.0,False,4.69,3.51,4.4,-2.4,D 趨勢弱,False,2:49,84.6,升,128.0,21,False,,1.573,1.307,,False,False,5.9,1.26,74.08,12.09,2.58,87.6,,OHLC,↑,HH/HL,UT,False,268,1,AAON,SubSector_R12
APTV,2026-09-24,43.58,1.53,False,45.64,-0.131,-0.56,False,75.2,-0.96,76.2,True,3.51,3.13,8.5,-2.0,D 趨勢弱,False,2:49,84.6,升,296.0,17,False,,0.2632,0.3048,,False,False,-4.73,-1.35,45.17,-3.65,-1.04,235.4,,OHLC,—,LH/LL,自然回檔,True,268,1,APTV,SubSector_R12
BE,2026-09-24,266.65,18.47,True,246.84,0.892,0.6,False,44.1,-0.91,45.0,False,6.92,6.61,51.3,-1.5,E 延伸,False,2:49,84.6,升,192.0,22,False,,0.8907,1.9938,,False,False,7.43,1.07,270.89,-1.59,-0.23,4226.8,,OHLC,—,HH/HL,次級回檔,True,268,1,BE,AI_R13+Combined_R22
IREN,2026-09-24,46.15,2.95,True,42.8,0.055,0.32,False,44.5,-0.0,44.5,False,6.39,7.01,44.0,4.9,D 趨勢弱,False,2:49,84.6,升,160.0,14,False,,0.4336,0.5615,,False,False,7.27,1.14,42.0,8.99,1.41,1720.9,,OHLC,↑,HH/HL,自然回檔,False,268,1,IREN,AI_R13+SubSector_R12+Combined_R22
LASR,2026-09-24,40.62,2.48,False,43.18,-0.478,-1.75,True,46.7,0.87,45.9,False,6.1,6.7,27.1,1.2,D 趨勢弱,False,2:49,84.6,升,226.0,13,False,,0.9856,0.9773,,False,False,-6.29,-1.03,40.37,0.62,0.1,46.0,,OHLC,—,LH/LL,UT,True,268,1,LASR,AI_R13
MARA,2026-09-24,12.92,0.89,True,11.35,0.088,0.58,False,46.7,-0.68,47.4,False,6.87,5.94,45.8,5.8,D 趨勢弱,False,2:49,84.6,升,323.0,25,False,,0.2055,0.2518,,False,False,12.14,1.77,11.43,11.53,1.68,562.7,,OHLC,↑,HH/HL,自然回檔,False,268,1,MARA,SubSector_R12
NXT,2026-09-24,79.97,4.43,False,85.38,-0.82,-0.83,True,61.9,0.1,61.8,False,5.53,3.71,20.6,-2.1,D 趨勢弱,False,2:49,84.6,升,122.0,13,False,,0.5977,0.7081,,False,False,-6.77,-1.22,83.36,-4.24,-0.77,173.2,,OHLC,—,LH/LL,自然回檔,True,268,1,NXT,SubSector_R12
PLTK,2026-09-24,2.17,0.13,False,2.31,-0.016,-1.28,True,55.2,0.24,54.9,False,6.02,4.68,13.6,-2.3,D 趨勢弱,False,2:49,84.6,升,177.0,19,False,,0.0333,0.0412,,False,False,-6.62,-1.1,2.32,-6.91,-1.15,2.9,,OHLC,↓,LH/LL,DT,False,268,1,PLTK,SubSector_R12
PRIM,2026-09-24,72.25,3.28,False,76.39,-0.222,-0.31,True,68.1,0.13,68.0,False,4.53,3.46,11.6,-2.1,D 趨勢弱,False,2:49,84.6,升,101.0,14,False,,0.2883,0.5502,,False,False,-5.73,-1.26,71.41,1.16,0.26,91.4,,OHLC,—,HH/HL,DT,False,268,1,PRIM,SubSector_R12
RBLX,2026-09-24,48.83,2.42,True,43.25,0.635,1.12,False,57.3,-0.67,57.9,False,4.97,5.27,25.0,0.0,E 延伸,False,2:49,84.6,升,237.0,27,False,,0.4264,0.5934,,False,False,11.43,2.3,47.43,2.87,0.58,499.4,,OHLC,↑,HH/HL,次級回檔,False,268,1,RBLX,SubSector_R12
RIOT,2026-09-24,23.48,1.55,True,21.02,0.129,0.4,False,47.0,-1.23,48.2,False,6.59,6.13,62.6,1.9,C 基底修復,False,2:49,84.6,升,135.0,15,False,,0.4077,0.5053,,False,False,10.46,1.59,20.95,10.78,1.64,353.7,,OHLC,↑,HH/HL,自然回檔,False,268,1,RIOT,SubSector_R12
SNX,2026-09-24,259.47,11.47,False,263.63,-1.102,0.52,False,73.5,-9.03,82.5,False,4.42,2.55,67.5,4.0,C 基底修復,False,2:49,84.6,升,133.0,15,False,,1.2268,2.8664,,False,True,-1.6,-0.36,260.5,-0.4,-0.09,254.5,,OHLC,↑,HH/HL,自然回檔,False,268,1,SNX,Combined_R22
UMC,2026-09-24,24.1,1.01,True,21.29,0.11,1.06,False,65.7,-0.32,66.0,False,4.18,4.29,56.6,-1.2,E 延伸,False,2:49,84.6,升,221.0,32,False,,0.2916,0.4147,,False,False,11.67,2.79,22.12,8.22,1.96,270.7,,OHLC,↑,HH/HL,自然回檔,False,268,1,UMC,SubSector_R12
RXT,2026-09-24,4.2,0.33,False,3.53,-0.032,-0.48,True,35.9,0.81,35.1,False,7.82,8.41,50.0,0.0,E 延伸,False,2:02,61.2,升,84.0,14,False,,0.1472,0.1475,,False,False,16.0,2.05,3.8,9.52,1.22,25.8,,OHLC,↑,HH/HL,UT,False,268,1,RXT,AI_R13
NFE,2026-09-24,6.1,0.7,True,1.44,0.083,1.04,False,4.5,-0.09,4.6,False,11.42,48.56,60.0,10.0,E 延伸,False,1:40,50.0,升,78.0,12,False,,0.0328,0.3533,,False,False,76.41,6.69,0.33,94.59,8.28,4.5,單日 +4106%（09-14）且量未放大，疑似未調整分割/重組,OHLC,↑,HH/HL,自然回檔,False,268,1,NFE,RateHike_R2_索引
FSLR,2026-09-24,172.16,10.78,False,204.63,-4.179,-1.26,False,60.7,-6.67,67.4,False,6.26,3.23,0.0,-7.2,D 趨勢弱,False,4:03,121.3,跌,17.0,2,False,3.0,-1.7349,-0.3054,-2.2569,False,False,-18.86,-3.01,201.16,-16.84,-2.69,463.8,,OHLC,↓,LH/LL,DT,False,268,0,FSLR,SubSector_R12+RateHike_R2_迴避
KALU,2026-09-24,151.67,6.82,False,159.47,-1.39,-0.95,False,66.4,-0.13,66.5,False,4.49,3.84,60.8,-2.1,C 基底修復,False,3:28,104.0,跌,8.0,1,False,3.0,-0.0033,0.0212,-3.291,False,False,-5.15,-1.15,155.08,-2.25,-0.5,34.5,,OHLC,—,LH/LL,次級回檔,True,268,0,KALU,SubSector_R12
BBAI,2026-09-24,2.8,0.14,False,3.01,-0.017,-0.46,False,66.5,-0.36,66.9,False,4.83,3.48,15.6,-1.9,D 趨勢弱,False,10:13,306.3,升,20.0,3,False,5.0,0.0035,0.0049,,False,False,-7.38,-1.53,2.88,-2.86,-0.59,46.3,,OHLC,—,LH/LL,DT,True,268,0,BBAI,Combined_R22
FATE,2026-09-24,2.33,0.15,False,2.51,-0.011,-0.28,False,55.9,-0.37,56.3,False,6.48,4.06,46.4,-10.1,C 基底修復,False,11:45,352.3,升,46.0,6,False,8.0,0.0044,0.016,,False,False,-7.66,-1.18,2.5,-7.3,-1.13,3.4,,OHLC,↓,LH/LL,DT,False,268,0,FATE,SubSector_R12
SYRE,2026-09-24,87.09,4.6,False,93.3,-0.596,-0.45,False,64.2,-0.59,64.8,False,5.29,3.49,43.0,-0.6,D 趨勢弱,False,12:26,12.9,升,57.0,6,False,14.0,0.0738,0.2558,,False,False,-7.13,-1.35,90.79,-4.25,-0.8,118.5,,OHLC,↓,LH/LL,DT,False,268,0,SYRE,Combined_R22
LUMN,2026-09-24,5.86,0.36,False,6.45,-0.016,0.01,False,59.8,-1.06,60.9,False,6.09,3.58,14.6,7.7,D 趨勢弱,False,5:49,174.7,跌,47.0,5,False,,-0.0823,-0.0528,-0.0823,False,False,-10.01,-1.64,6.72,-14.68,-2.41,88.1,,OHLC,↓,LH/LL,DT,False,268,0,LUMN,Combined_R22
IBM,2026-09-24,227.06,7.35,False,235.22,-0.164,-0.12,False,70.6,-0.34,70.9,False,3.24,4.28,22.0,-12.3,D 趨勢弱,False,4:54,146.8,跌,32.0,5,False,,-1.0778,-0.7199,-1.3507,False,False,-3.59,-1.11,239.94,-5.67,-1.75,1320.7,,OHLC,—,LH/LL,自然回檔,False,268,0,IBM,SubSector_R12
OLN,2026-09-24,16.26,0.64,False,17.55,-0.064,-0.53,False,72.4,-0.59,73.0,False,3.96,3.22,18.6,-1.8,D 趨勢弱,False,2:49,84.6,升,149.0,16,False,,0.037,0.065,,False,False,-7.91,-2.0,17.66,-8.61,-2.18,45.5,,OHLC,↓,LH/LL,DT,False,268,0,OLN,Combined_R22
PARA,2026-09-24,0.82,0.16,False,1.11,-0.164,-1.51,False,18.5,-12.31,30.8,False,19.58,6.57,0.0,-10.0,D 趨勢弱,False,2:49,84.6,升,227.0,39,False,,0.0238,0.0281,,False,False,-36.0,-1.84,1.01,-23.32,-1.19,0.6,,OHLC,↓,LH/LL,DT,False,268,0,PARA,SubSector_R12
RUN,2026-09-24,7.78,0.48,False,8.92,-0.091,-0.64,False,58.8,-2.92,61.7,False,6.15,3.75,0.0,-18.6,D 趨勢弱,False,2:49,84.6,升,132.0,16,False,,0.0178,0.0668,,False,False,-14.66,-2.38,8.72,-12.15,-1.98,64.5,,OHLC,↓,LH/LL,DT,False,268,0,RUN,SubSector_R12
RKLB,2026-09-24,73.61,4.07,False,68.5,-0.183,-0.59,False,58.1,-0.12,58.3,False,5.53,4.51,24.1,-8.3,D 趨勢弱,False,12:02,0.9,升,51.0,8,False,,1.5344,1.3401,,False,False,6.94,1.26,,,,1300.4,,OHLC,—,LH/LL,UT,False,268,0,RKLB,SubSector_R12+RateHike_R2_受惠
